# Blender 5.2.1 LTS
# www.blender.org
mtllib Untitled.mtl
o blade
v -199.337555 -3.581722 -5.193521
v -198.637207 -4.592175 -5.184361
v -199.054291 -3.599674 -5.140241
v -200.272400 -4.652082 -5.112654
v -199.297913 -5.412055 -5.819042
v -199.014893 -5.419491 -5.762168
v -198.697021 -3.197666 -9.268605
v -199.387787 -2.410041 -8.625150
v -199.106201 -2.389128 -8.685690
v -200.334000 -3.215860 -9.319067
v -199.348175 -4.240370 -9.250671
v -199.066803 -4.208945 -9.307619
v -223.366394 -4.122334 -5.224338
v -224.167877 -4.320187 -4.681026
v -224.118942 -5.311769 -4.693019
v -223.127380 -5.055428 -5.380280
v -223.327972 -5.897161 -5.830891
v -224.129242 -6.104442 -5.290801
v -225.104141 -3.628407 -6.748359
v -227.411407 -3.688431 -6.735065
v -224.167877 -4.320187 -4.681026
v -223.366394 -4.122334 -5.224338
v -224.228638 -2.903290 -8.830837
v -223.411438 -3.071782 -8.301205
v -220.040695 -0.623260 -5.796439
v -219.967117 -2.744728 -2.262159
v -213.419510 -2.587390 -4.617242
v -213.450119 -1.757496 -6.280216
v -220.658966 -0.808030 -5.850471
v -220.588776 -2.825323 -2.458465
v -219.899384 -5.789985 -3.026402
v -213.729416 -5.122240 -4.589429
v -220.523819 -5.746800 -3.192325
v -209.755798 -2.601347 -4.920039
v -209.783325 -1.840138 -6.362128
v -206.548004 -2.491854 -4.995257
v -206.575546 -1.710048 -6.364683
v -204.368744 -1.553419 -6.343519
v -203.634232 -2.499578 -5.084777
v -224.950424 -2.860857 -6.488539
v -223.366394 -4.122334 -5.224338
v -225.104141 -3.628407 -6.748359
v -206.532410 -3.052259 -4.654539
v -209.745071 -3.039681 -4.879706
v -212.810349 -3.130294 -4.663172
v -203.166977 -3.256238 -4.542035
v -202.862808 -2.982038 -5.002602
v -202.408783 -4.740232 -4.990052
v -202.632065 -4.903496 -4.526472
v -203.621231 -4.955862 -4.435912
v -204.291046 -4.028408 -4.407533
v -204.213531 -4.923008 -4.569561
v -203.102890 -6.216187 -5.553607
v -202.794449 -6.139122 -6.081544
v -204.254166 -5.731955 -4.989726
v -203.547623 -6.500086 -6.451962
v -206.459076 -6.438946 -5.811951
v -206.457458 -6.673726 -6.424426
v -204.261520 -6.506043 -8.036095
v -206.472824 -6.454874 -7.986241
v -209.682922 -6.477817 -7.947070
v -209.665802 -6.757708 -6.340488
v -213.342346 -6.735326 -7.981407
v -213.321899 -7.095809 -6.158010
v -219.877029 -8.183008 -8.380006
v -219.838913 -8.666171 -4.285831
v -220.502655 -8.027932 -8.317896
v -220.465790 -8.506340 -4.399971
v -224.878525 -6.181984 -7.623547
v -223.327972 -5.897161 -5.830891
v -225.065292 -5.422405 -7.361464
v -223.127380 -5.055428 -5.380280
v -212.734909 -6.615315 -5.854188
v -209.671555 -6.435642 -6.040287
v -213.372955 -5.905435 -9.644382
v -219.950607 -6.061541 -11.914287
v -220.572845 -6.010483 -11.709851
v -220.018341 -3.016281 -11.150040
v -213.803787 -3.388424 -9.667437
v -220.078812 -0.140097 -9.890613
v -220.695831 -0.329466 -9.768344
v -213.470566 -1.397017 -8.103615
v -220.637802 -3.089157 -10.976044
v -209.800446 -1.560404 -7.968761
v -206.590912 -1.491041 -7.926447
v -203.675980 -1.525801 -7.936786
v -223.411438 -3.071782 -8.301205
v -225.104141 -3.628407 -6.748359
v -223.176788 -3.903280 -8.754692
v -206.589294 -1.725973 -8.538976
v -209.794693 -1.882467 -8.268963
v -212.865280 -1.849206 -8.415230
v -203.229935 -1.788441 -8.840927
v -202.911331 -1.850382 -8.317007
v -202.473572 -3.229771 -9.413900
v -202.710373 -3.077488 -9.874493
v -203.702011 -3.072403 -9.952190
v -204.364014 -2.327223 -9.389968
v -204.290283 -3.133434 -9.810875
v -203.165848 -4.748388 -9.852499
v -202.842972 -5.007463 -9.395951
v -204.327133 -4.030769 -9.972161
v -203.589371 -5.526307 -9.303973
v -206.515961 -5.112660 -9.696387
v -206.500366 -5.672909 -9.355616
v -209.710449 -5.716763 -9.389212
v -209.721176 -5.278429 -9.429544
v -212.789841 -5.334228 -9.606248
v -209.734009 -4.085166 -4.759637
v -209.715134 -4.920918 -4.924201
v -206.503525 -4.907794 -4.759152
v -206.521896 -4.098662 -4.613706
v -211.942337 -4.250751 -4.363461
v -212.463272 -5.126110 -4.497893
v -205.750046 -4.483110 -4.556964
v -205.723083 -4.938109 -4.621005
v -209.699432 -5.682645 -5.305583
v -206.488602 -5.636619 -5.139306
v -211.907059 -5.879773 -4.920187
v -205.731552 -5.337821 -4.849064
v -203.878937 -1.172161 -6.220516
v -204.368744 -1.553419 -6.343519
v -203.634232 -2.499578 -5.084777
v -203.430862 -1.975649 -5.325614
v -202.862808 -2.982038 -5.002602
v -202.681229 -2.572445 -5.066961
v -201.997635 -3.305965 -5.054368
v -201.845245 -2.867183 -5.098319
v -201.167297 -3.778332 -4.848886
v -201.269485 -4.010384 -5.099849
v -200.800217 -4.463828 -4.738060
v -200.895386 -4.666688 -5.109382
v -200.210068 -4.493711 -4.724437
v -200.272400 -4.652082 -5.112654
v -199.337555 -3.581722 -5.193521
v -199.370087 -3.391649 -4.874261
v -199.054291 -3.599674 -5.140241
v -198.843887 -3.404996 -4.952499
v -198.637207 -4.592175 -5.184361
v -198.265961 -4.694944 -4.860126
v -198.794632 -5.680000 -5.729990
v -199.014893 -5.419491 -5.762168
v -199.318848 -5.758804 -5.683247
v -199.297913 -5.412055 -5.819042
v -200.198853 -5.012136 -4.901608
v -200.272400 -4.652082 -5.112654
v -200.895386 -4.666688 -5.109382
v -200.787506 -5.050436 -4.938537
v -201.243622 -5.205555 -5.508303
v -201.129196 -5.538466 -5.450418
v -201.943253 -5.818150 -5.912916
v -201.774567 -6.131876 -6.214037
v -202.598007 -6.416482 -6.380673
v -202.794449 -6.139122 -6.081544
v -203.327316 -6.758820 -6.960279
v -203.547623 -6.500086 -6.451962
v -203.755722 -6.863382 -8.165509
v -204.261520 -6.506043 -8.036095
v -203.589371 -5.526307 -9.303973
v -203.358139 -6.039864 -9.065959
v -202.842972 -5.007463 -9.395951
v -202.641251 -5.408063 -9.334133
v -201.993668 -4.642769 -9.355371
v -201.819946 -5.073614 -9.313485
v -201.189545 -4.131393 -9.571466
v -201.299423 -3.904402 -9.319128
v -200.857056 -3.429195 -9.686834
v -200.956955 -3.230995 -9.314248
v -200.269226 -3.371040 -9.708055
v -200.334000 -3.215860 -9.319067
v -199.348175 -4.240370 -9.250671
v -199.375763 -4.431884 -9.569539
v -199.066803 -4.208945 -9.307619
v -198.849808 -4.393421 -9.498134
v -198.697021 -3.197666 -9.268605
v -198.335327 -3.077400 -9.597601
v -198.899063 -2.118417 -8.720643
v -199.106201 -2.389128 -8.685690
v -199.427002 -2.064728 -8.760555
v -199.387787 -2.410041 -8.625150
v -200.280457 -2.852617 -9.530882
v -200.334000 -3.215860 -9.319067
v -200.956955 -3.230995 -9.314248
v -200.869751 -2.842586 -9.486359
v -201.325302 -2.709230 -8.910673
v -201.227646 -2.371256 -8.969934
v -202.048050 -2.130589 -8.496823
v -201.890625 -1.808921 -8.197764
v -202.724472 -1.564028 -8.020420
v -202.911331 -1.850382 -8.317007
v -203.461685 -1.256695 -7.431294
v -203.675980 -1.525801 -7.936786
v -226.700027 -4.804165 -6.341816
v -224.118942 -5.311769 -4.693019
v -224.167877 -4.320187 -4.681026
v -227.411407 -3.688431 -6.735065
v -227.449341 -3.779213 -6.765507
v -224.129242 -6.104442 -5.290801
v -227.372772 -5.472687 -7.344841
v -227.414612 -5.383811 -7.313881
v -212.079620 -4.256011 -4.049438
v -212.586700 -3.616407 -3.958514
v -213.432861 -5.207291 -4.321780
v -212.598511 -5.225378 -4.215994
v -213.729416 -5.122240 -4.589429
v -212.810349 -3.130294 -4.663172
v -209.745071 -3.039681 -4.879706
v -209.742905 -3.470247 -4.344028
v -206.532410 -3.052259 -4.654539
v -206.531433 -3.456739 -4.202855
v -204.291046 -4.028408 -4.407533
v -204.765076 -4.220268 -4.118783
v -204.213531 -4.923008 -4.569561
v -204.774216 -5.044168 -4.250564
v -205.662064 -4.563129 -4.271760
v -206.516708 -4.100577 -4.300447
v -209.728851 -4.087023 -4.446537
v -205.634827 -5.032043 -4.340557
v -204.731415 -5.775230 -4.650196
v -204.254166 -5.731955 -4.989726
v -206.467804 -6.395660 -5.207241
v -206.459076 -6.438946 -5.811951
v -209.678970 -6.423084 -5.353170
v -209.671555 -6.435642 -6.040287
v -212.520935 -6.653666 -4.996507
v -212.734909 -6.615315 -5.854188
v -212.040283 -6.073044 -4.670413
v -205.642960 -5.445517 -4.573318
v -206.479340 -5.826698 -4.890357
v -209.690186 -5.872520 -5.056736
v -212.463272 -5.126110 -4.497893
v -211.942337 -4.250751 -4.363461
v -212.079620 -4.256011 -4.049438
v -212.598511 -5.225378 -4.215994
v -209.728851 -4.087023 -4.446537
v -209.734009 -4.085166 -4.759637
v -206.516708 -4.100577 -4.300447
v -206.521896 -4.098662 -4.613706
v -205.662064 -4.563129 -4.271760
v -205.750046 -4.483110 -4.556964
v -205.634827 -5.032043 -4.340557
v -205.723083 -4.938109 -4.621005
v -212.040283 -6.073044 -4.670413
v -211.907059 -5.879773 -4.920187
v -205.731552 -5.337821 -4.849064
v -205.642960 -5.445517 -4.573318
v -206.488602 -5.636619 -5.139306
v -206.479340 -5.826698 -4.890357
v -209.699432 -5.682645 -5.305583
v -209.690186 -5.872520 -5.056736
v -202.408783 -4.740232 -4.990052
v -201.997635 -3.305965 -5.054368
v -202.862808 -2.982038 -5.002602
v -201.269485 -4.010384 -5.099849
v -200.895386 -4.666688 -5.109382
v -201.243622 -5.205555 -5.508303
v -201.943253 -5.818150 -5.912916
v -202.794449 -6.139122 -6.081544
v -198.843887 -3.404996 -4.952499
v -198.265961 -4.694944 -4.860126
v -197.890793 -4.569283 -5.204059
v -198.771591 -2.953369 -5.302460
v -198.794632 -5.680000 -5.729990
v -198.709534 -5.819931 -6.282115
v -199.415405 -2.956826 -5.293694
v -199.370087 -3.391649 -4.874261
v -200.252151 -4.190269 -4.800694
v -200.210068 -4.493711 -4.724437
v -200.800217 -4.463828 -4.738060
v -200.740921 -4.155632 -4.870831
v -200.332352 -3.980206 -5.203094
v -200.755341 -3.966012 -5.184971
v -201.103210 -3.403421 -5.004197
v -201.118393 -3.274647 -5.410778
v -201.826172 -2.783439 -5.553937
v -201.769592 -2.829906 -5.720197
v -202.583557 -2.808611 -5.844182
v -202.598602 -2.435155 -5.505401
v -201.845245 -2.867183 -5.098319
v -202.681229 -2.572445 -5.066961
v -203.277786 -1.921353 -5.545064
v -203.430862 -1.975649 -5.325614
v -203.633820 -1.244274 -6.248729
v -203.878937 -1.172161 -6.220516
v -201.167297 -3.778332 -4.848886
v -203.213562 -2.508528 -5.919543
v -203.555527 -1.984633 -6.502660
v -203.461685 -1.256695 -7.431294
v -203.302444 -1.346548 -7.228557
v -202.724472 -1.564028 -8.020420
v -202.629150 -1.722748 -7.591905
v -201.890625 -1.808921 -8.197764
v -201.858856 -2.021080 -7.786738
v -202.608582 -2.225251 -7.552728
v -201.798370 -2.159000 -7.685148
v -201.159515 -2.315863 -8.218868
v -201.156158 -2.169011 -8.619547
v -201.227646 -2.371256 -8.969934
v -200.808716 -2.721568 -8.829706
v -200.804230 -2.679388 -9.194466
v -200.385544 -2.740090 -8.835145
v -200.317795 -2.659531 -9.283927
v -203.233673 -2.039537 -7.293122
v -200.869751 -2.842586 -9.486359
v -200.280457 -2.852617 -9.530882
v -199.427002 -2.064728 -8.760555
v -199.457397 -1.977557 -8.161787
v -198.899063 -2.118417 -8.720643
v -198.813583 -1.974416 -8.169624
v -198.813583 -1.974416 -8.169624
v -197.950165 -3.184914 -9.258607
v -198.335327 -3.077400 -9.597601
v -198.849808 -4.393421 -9.498134
v -198.751526 -4.840974 -9.149282
v -199.394821 -4.868237 -9.149689
v -199.375763 -4.431884 -9.569539
v -200.295776 -3.676279 -9.631405
v -200.269226 -3.371040 -9.708055
v -200.857056 -3.429195 -9.686834
v -200.781403 -3.734171 -9.554943
v -200.360657 -3.889805 -9.228065
v -200.782684 -3.924166 -9.240698
v -201.105637 -4.502769 -9.417117
v -201.109375 -4.631993 -9.010414
v -201.790985 -5.156209 -8.858179
v -201.734543 -5.107201 -8.692706
v -202.544891 -5.167266 -8.558172
v -202.546478 -5.541119 -8.896847
v -201.819946 -5.073614 -9.313485
v -202.641251 -5.408063 -9.334133
v -203.199814 -6.086730 -8.848532
v -203.358139 -6.039864 -9.065959
v -203.513977 -6.779646 -8.140459
v -203.755722 -6.863382 -8.165509
v -203.327316 -6.758820 -6.960279
v -203.175156 -6.661535 -7.165038
v -202.598007 -6.416482 -6.380673
v -202.515930 -6.253528 -6.810340
v -201.774567 -6.131876 -6.214037
v -201.758301 -5.918570 -6.625378
v -202.519867 -5.750628 -6.849627
v -201.705765 -5.778105 -6.727755
v -201.068253 -5.590778 -6.202322
v -201.052689 -5.737179 -5.801765
v -201.129196 -5.538466 -5.450418
v -200.729309 -5.168611 -5.595963
v -200.718079 -5.210417 -5.231307
v -200.307465 -5.129920 -5.596013
v -200.230133 -5.207016 -5.148170
v -203.138702 -5.966030 -7.101156
v -203.467804 -6.036473 -7.887391
v -200.787506 -5.050436 -4.938537
v -200.198853 -5.012136 -4.901608
v -199.318848 -5.758804 -5.683247
v -199.352829 -5.847508 -6.281596
v -198.709534 -5.819931 -6.282115
v -203.158813 -5.497038 -8.474735
v -223.411438 -3.071782 -8.301205
v -223.176788 -3.903280 -8.754692
v -224.188278 -3.694751 -9.428946
v -224.228638 -2.903290 -8.830837
v -223.373016 -4.846606 -8.907758
v -224.190002 -4.687543 -9.440613
v -209.796143 -2.636166 -9.003477
v -206.589218 -2.529004 -9.211429
v -206.574295 -3.257828 -9.591580
v -209.780441 -3.397890 -9.384857
v -212.015518 -2.544707 -9.360126
v -212.540543 -3.324179 -9.775396
v -205.822586 -2.791432 -9.511563
v -205.798035 -3.190355 -9.739838
v -209.761566 -4.233646 -9.549421
v -206.555923 -4.066806 -9.736978
v -211.980240 -4.173730 -9.916849
v -205.804092 -3.646143 -9.803663
v -226.720596 -4.324404 -7.746943
v -227.411407 -3.688431 -6.735065
v -224.228638 -2.903290 -8.830837
v -224.188278 -3.694751 -9.428946
v -227.449341 -3.779213 -6.765507
v -224.190002 -4.687543 -9.440613
v -227.372772 -5.472687 -7.344841
v -227.414612 -5.383811 -7.313881
v -212.161011 -2.358087 -9.608088
v -212.684021 -3.231564 -10.055487
v -213.515106 -3.289404 -9.938888
v -212.664551 -1.800960 -9.275605
v -213.803787 -3.388424 -9.667437
v -212.865280 -1.849206 -8.415230
v -209.794693 -1.882467 -8.268963
v -209.810440 -1.895578 -8.955928
v -206.589294 -1.725973 -8.538976
v -206.603790 -1.769813 -9.143534
v -204.364014 -2.327223 -9.389968
v -204.847137 -2.306715 -9.723209
v -204.290283 -3.133434 -9.810875
v -204.860214 -3.039264 -10.122530
v -205.742844 -2.679567 -9.788349
v -206.592270 -2.338778 -9.460419
v -209.799225 -2.446140 -9.252363
v -205.718018 -3.092404 -10.021379
v -204.813477 -3.861676 -10.254622
v -204.327133 -4.030769 -9.972161
v -206.540161 -4.708734 -10.147921
v -206.515961 -5.112660 -9.696387
v -209.746506 -4.848415 -9.965071
v -209.721176 -5.278429 -9.429544
v -212.598785 -4.838216 -10.313599
v -212.789841 -5.334228 -9.606248
v -212.121674 -4.175120 -10.229065
v -205.723740 -3.561953 -10.089908
v -206.554901 -4.064899 -10.050326
v -209.760559 -4.231638 -9.862563
v -212.540543 -3.324179 -9.775396
v -212.684021 -3.231564 -10.055487
v -212.161011 -2.358087 -9.608088
v -212.015518 -2.544707 -9.360126
v -209.799225 -2.446140 -9.252363
v -209.796143 -2.636166 -9.003477
v -206.592270 -2.338778 -9.460419
v -206.589218 -2.529004 -9.211429
v -205.742844 -2.679567 -9.788349
v -205.822586 -2.791432 -9.511563
v -205.718018 -3.092404 -10.021379
v -205.798035 -3.190355 -9.739838
v -212.121674 -4.175120 -10.229065
v -211.980240 -4.173730 -9.916849
v -205.804092 -3.646143 -9.803663
v -205.723740 -3.561953 -10.089908
v -206.555923 -4.066806 -9.736978
v -206.554901 -4.064899 -10.050326
v -209.761566 -4.233646 -9.549421
v -209.760559 -4.231638 -9.862563
v -202.048050 -2.130589 -8.496823
v -202.473572 -3.229771 -9.413900
v -202.911331 -1.850382 -8.317007
v -201.325302 -2.709230 -8.910673
v -200.956955 -3.230995 -9.314248
v -201.299423 -3.904402 -9.319128
v -201.993668 -4.642769 -9.355371
v -202.842972 -5.007463 -9.395951
v -225.065292 -5.422405 -7.361464
v -223.327972 -5.897161 -5.830891
v -224.129242 -6.104442 -5.290801
v -227.372772 -5.472687 -7.344841
v -224.190002 -4.687543 -9.440613
v -223.373016 -4.846606 -8.907758
v -225.065292 -5.422405 -7.361464
v -223.373016 -4.846606 -8.907758
v -201.189545 -4.131393 -9.571466
v -200.332352 -3.980206 -5.203094
v -200.713486 -2.882458 -5.532883
v -200.755341 -3.966012 -5.184971
v -199.415405 -2.956826 -5.293694
v -200.934448 -1.920987 -6.519310
v -201.769592 -2.829906 -5.720197
v -201.118393 -3.274647 -5.410778
v -202.583557 -2.808611 -5.844182
v -198.771591 -2.953369 -5.302460
v -41.379768 1.887369 -7.555429
v -41.348305 0.804193 -6.324711
v -197.890793 -4.569283 -5.204059
v -41.309532 -0.831819 -6.220841
v -203.213562 -2.508528 -5.919543
v -203.555527 -1.984633 -6.502660
v -41.286247 -2.062367 -7.304368
v -198.709534 -5.819931 -6.282115
v -41.292000 -2.166401 -8.940819
v -200.846680 -5.974836 -7.904727
v -203.138702 -5.966030 -7.101156
v -203.467804 -6.036473 -7.887391
v -202.519867 -5.750628 -6.849627
v -200.846680 -5.974836 -7.904727
v -199.352829 -5.847508 -6.281596
v -200.650101 -5.810247 -6.533463
v -200.307465 -5.129920 -5.596013
v -200.729309 -5.168611 -5.595963
v -201.705765 -5.778105 -6.727755
v -201.068253 -5.590778 -6.202322
v -201.734543 -5.107201 -8.692706
v -202.544891 -5.167266 -8.558172
v -200.684662 -5.004378 -8.893696
v -199.394821 -4.868237 -9.149689
v -200.360657 -3.889805 -9.228065
v -200.782684 -3.924166 -9.240698
v -201.109375 -4.631993 -9.010414
v -203.158813 -5.497038 -8.474735
v -41.292000 -2.166401 -8.940819
v -198.751526 -4.840974 -9.149282
v -41.328232 -1.083414 -10.171533
v -197.950165 -3.184914 -9.258607
v -41.368904 0.552551 -10.275391
v -41.390289 1.783146 -9.191875
v -198.813583 -1.974416 -8.169624
v -200.934448 -1.920987 -6.519310
v -203.233673 -2.039537 -7.293122
v -202.608582 -2.225251 -7.552728
v -199.457397 -1.977557 -8.161787
v -200.748047 -2.076591 -7.893113
v -200.385544 -2.740090 -8.835145
v -200.808716 -2.721568 -8.829706
v -201.798370 -2.159000 -7.685148
v -201.159515 -2.315863 -8.218868
v -203.555527 -1.984633 -6.502660
v -30.999039 1.051220 -6.391915
v -30.955235 -0.584669 -6.288078
v -14.707500 -0.196850 -6.393586
v -14.747223 1.438984 -6.497502
v -14.781067 2.522182 -7.728177
v -31.043175 2.134022 -7.622577
v -14.747223 1.438984 -6.497502
v -31.041023 2.030174 -9.259080
v -14.789207 2.417936 -9.364667
v -31.014606 0.799700 -10.342627
v -14.766872 1.187519 -10.448134
v -31.014606 0.799700 -10.342627
v -14.727150 -0.448469 -10.344271
v -30.978962 -0.836386 -10.238737
v -14.693306 -1.531514 -9.113543
v -30.955414 -1.919677 -9.007942
v -30.936977 -1.815340 -7.371572
v -14.685165 -1.427425 -7.477106
v -14.685165 -1.427425 -7.477106
v -30.999039 1.051220 -6.391915
v -41.348305 0.804193 -6.324711
v -41.309532 -0.831819 -6.220841
v -30.936977 -1.815340 -7.371572
v -41.286247 -2.062367 -7.304368
v -30.955414 -1.919677 -9.007942
v -31.043175 2.134022 -7.622577
v -31.041023 2.030174 -9.259080
v -41.390289 1.783146 -9.191875
v -41.379768 1.887369 -7.555429
v -41.368904 0.552551 -10.275391
v -41.328232 -1.083414 -10.171533
v -30.978962 -0.836386 -10.238737
v 28.457230 5.524559 -20.400465
v 25.356606 4.844007 -21.630762
v 25.393272 5.812384 -21.436756
v 22.333893 5.959453 -22.060904
v 22.281349 4.570804 -22.267086
v 19.336540 6.002024 -22.375357
v 19.084694 4.182102 -22.433132
v 25.254738 3.910503 -21.414852
v 22.117058 3.130272 -21.693157
v 21.880966 3.711354 -20.189074
v 25.140404 4.330614 -20.560244
v 28.049194 4.762917 -20.380798
v 25.047577 5.285559 -19.917120
v 28.111374 5.351763 -19.916754
v 28.457230 5.524559 -20.400465
v 21.800316 5.023315 -19.355490
v 16.875404 5.912517 -22.269360
v 16.340706 3.751247 -22.226768
v 18.785049 2.596319 -21.236528
v 18.808319 3.181210 -19.306105
v 16.046204 2.151359 -20.318314
v 16.032463 2.763342 -17.664804
v 18.827156 4.566923 -18.208385
v 16.627968 4.070702 -16.895714
v 14.229042 3.226055 -21.392576
v 14.014221 3.975330 -21.516495
v 16.875404 5.912517 -22.269360
v 12.696083 2.918791 -20.429058
v 13.458771 2.056097 -19.416437
v 10.145363 2.394875 -19.933720
v 11.667358 3.133978 -20.567146
v 9.868515 3.312328 -20.519421
v 10.775383 3.621795 -20.916557
v 9.605797 3.241121 -21.493347
v 13.347763 4.067428 -22.884098
v 13.658249 4.402650 -21.994801
v 16.306740 5.354000 -22.907974
v 15.986221 4.888737 -23.584293
v 18.331749 6.496828 -23.886841
v 16.222878 5.740043 -23.948208
v 16.051498 6.418880 -23.803207
v 13.924507 5.183609 -23.504372
v 13.623711 6.196440 -23.306133
v 9.147636 5.550624 -21.699978
v 9.283531 4.300276 -21.887951
v 6.107483 3.733328 -20.216908
v 5.932953 4.895648 -19.987108
v 3.568993 3.142795 -18.396030
v 3.292686 4.204849 -18.133030
v 17.383804 6.171818 -22.995888
v 16.875404 5.912517 -22.269360
v 16.306740 5.354000 -22.907974
v 6.686752 2.687941 -19.945374
v 4.381294 2.162161 -18.244612
v 1.605652 2.987170 -17.637913
v 1.527924 4.081483 -17.883854
v -0.006493 4.158026 -18.205021
v -0.171387 3.354712 -18.178446
v 1.605598 2.155392 -17.130905
v -0.900642 4.456674 -19.135540
v -1.222076 3.874799 -18.987888
v -0.665451 2.979830 -17.875553
v -1.233963 4.384550 -18.945618
v -1.388840 4.213034 -18.453558
v -0.975555 3.808664 -17.244156
v -0.674530 2.331528 -15.866924
v -0.737061 3.239439 -15.563442
v -1.615410 2.745991 -14.175213
v -1.581696 1.290586 -14.332743
v -3.611870 2.274374 -12.921702
v -3.474113 0.979013 -13.085006
v -3.224960 -0.357020 -12.832611
v -5.068840 -0.363163 -12.453271
v -5.167740 0.842831 -12.423809
v -6.822166 -0.009804 -12.364456
v -6.815727 0.945734 -12.292004
v -6.838516 1.939842 -12.147234
v -5.249870 1.986431 -12.182915
v -7.539368 2.135595 -12.764425
v -7.543991 1.164993 -12.738595
v -7.501717 0.335712 -12.499569
v -7.830917 0.685606 -12.539873
v -8.217697 2.057985 -12.580303
v -8.197647 1.230194 -12.534570
v -1.510971 -0.087593 -13.441632
v -0.494576 0.329054 -14.093440
v -0.090515 1.670803 -16.143904
v 0.878082 1.595304 -16.400961
v 0.514633 0.625364 -14.724728
v 1.042763 0.408935 -14.576224
v 1.531700 0.476583 -14.917399
v 1.499321 -0.160244 -13.552233
v 1.993713 -0.158669 -13.952824
v 1.993492 -0.628473 -12.722206
v 2.725021 -0.584137 -13.014862
v 3.201355 -0.295293 -13.620096
v 2.766075 0.020094 -14.339014
v 2.659164 0.707849 -15.462021
v 3.060997 1.298279 -16.412582
v 6.913116 2.498268 -19.558983
v -8.489426 -0.318888 -12.029690
v -9.227077 0.076059 -12.447071
v -8.873634 0.025850 -12.908092
v -8.219048 -0.387531 -12.460729
v -7.464981 -0.343868 -12.159091
v -7.424240 -0.300647 -11.843725
v -6.827614 -0.106310 -11.921167
v -9.396393 0.894998 -12.600204
v -9.017654 1.028723 -13.173727
v -9.045265 2.210966 -13.080366
v -9.422749 2.016802 -12.536133
v 2.766075 0.020094 -14.339014
v 2.659164 0.707849 -15.462021
v 2.840935 0.909664 -15.302166
v 2.914055 0.389511 -14.260645
v 3.201355 -0.295293 -13.620096
v 3.405472 0.005793 -13.480389
v 3.312843 1.476114 -16.299938
v 3.060997 1.298279 -16.412582
v 4.617973 2.265393 -17.791679
v 4.381294 2.162161 -18.244612
v 7.110207 2.526632 -19.147942
v 6.913116 2.498268 -19.558983
v 10.200401 2.424555 -19.531151
v 10.145363 2.394875 -19.933720
v 13.301964 2.182431 -19.131956
v 13.458771 2.056097 -19.416437
v 16.032463 2.763342 -17.664804
v -9.017654 1.028723 -13.173727
v -9.045265 2.210966 -13.080366
v -8.520325 2.151031 -12.871733
v -8.497070 1.164711 -12.915924
v -8.197647 1.230194 -12.534570
v -8.217697 2.057985 -12.580303
v -8.479965 0.457735 -12.803852
v -8.171951 0.083143 -12.515198
v -8.873634 0.025850 -12.908092
v -7.955986 0.552315 -12.376647
v -7.516403 0.124267 -12.214559
v -8.219048 -0.387531 -12.460729
v -7.464981 -0.343868 -12.159091
v -6.827614 -0.106310 -11.921167
v 2.792709 -0.193142 -12.732268
v 2.725021 -0.584137 -13.014862
v 3.201355 -0.295293 -13.620096
v 3.405472 0.005793 -13.480389
v 1.921516 -0.349883 -12.328819
v 1.993492 -0.628473 -12.722206
v -3.224960 -0.357020 -12.832611
v -1.510971 -0.087593 -13.441632
v -1.504715 0.016268 -12.827715
v -3.127281 -0.193010 -12.268855
v -5.044731 -0.337279 -11.967933
v -5.068840 -0.363163 -12.453271
v -6.827614 -0.106310 -11.921167
v -6.822166 -0.009804 -12.364456
v -7.516403 0.124267 -12.214559
v -7.501717 0.335712 -12.499569
v -7.955986 0.552315 -12.376647
v -7.830917 0.685606 -12.539873
v -8.197647 1.230194 -12.534570
v -0.439514 0.328794 -13.445232
v -0.494576 0.329054 -14.093440
v 0.514633 0.625364 -14.724728
v 0.589081 0.415188 -13.632866
v 1.042763 0.408935 -14.576224
v 1.230881 0.126840 -13.159550
v 1.499321 -0.160244 -13.552233
v 1.993492 -0.628473 -12.722206
v 1.921516 -0.349883 -12.328819
v 14.014221 3.975330 -21.516495
v 13.658249 4.402650 -21.994801
v 16.875404 5.912517 -22.269360
v 11.667358 3.133978 -20.567146
v 10.775383 3.621795 -20.916557
v 12.696083 2.918791 -20.429058
v 25.316536 6.694754 -20.998264
v 28.457230 5.524559 -20.400465
v 25.393272 5.812384 -21.436756
v 22.333893 5.959453 -22.060904
v 22.224846 7.180706 -21.375145
v 19.336540 6.002024 -22.375357
v 19.013603 7.465507 -21.311016
v 25.181435 7.296263 -20.257757
v 22.012459 7.961370 -20.042114
v 21.819016 6.572967 -19.211107
v 25.094795 6.437088 -19.840349
v 28.020279 6.098484 -19.924366
v 25.047577 5.285559 -19.917120
v 28.111374 5.351763 -19.916754
v 28.457230 5.524559 -20.400465
v 21.800316 5.023315 -19.355490
v 16.875404 5.912517 -22.269360
v 16.257957 7.573331 -20.920557
v 18.668610 7.974758 -19.398430
v 18.740097 6.332571 -18.229115
v 15.926971 7.658438 -18.436251
v 15.972115 5.551050 -16.712095
v 18.827156 4.566923 -18.208385
v 16.627968 4.070702 -16.895714
v 14.138756 7.396104 -19.967447
v 13.951523 6.871599 -20.526686
v 16.875404 5.912517 -22.269360
v 12.607941 6.990015 -19.037704
v 13.349960 7.081685 -17.698925
v 10.045616 7.002066 -18.359196
v 11.586594 6.864609 -19.292191
v 9.796799 6.624783 -19.387375
v 10.709641 6.658377 -19.878796
v 9.518639 7.266675 -20.117601
v 13.271072 7.609659 -21.673531
v 13.606064 6.812794 -21.171124
v 16.277107 6.722437 -22.440306
v 15.929871 7.491367 -22.694836
v 18.331749 6.496828 -23.886841
v 16.194504 7.050560 -23.500332
v 16.051498 6.418880 -23.803207
v 13.882378 7.129593 -22.839325
v 13.623711 6.196440 -23.306133
v 9.147636 5.550624 -21.699978
v 9.232475 6.658771 -21.081924
v 6.059250 5.961329 -19.455481
v 5.932953 4.895648 -19.987108
v 3.524117 5.215562 -17.687654
v 3.292686 4.204849 -18.133030
v 17.383804 6.171818 -22.995888
v 16.875404 5.912517 -22.269360
v 16.277107 6.722437 -22.440306
v 6.601112 6.643609 -18.593510
v 4.299736 5.929201 -16.957212
v 1.566437 4.798638 -17.018837
v 1.527924 4.081483 -17.883854
v -0.006493 4.158026 -18.205021
v -0.202026 4.770059 -17.694746
v 1.540855 5.145643 -16.108976
v -0.900642 4.456674 -19.135540
v -1.242401 4.813620 -18.667042
v -0.706192 4.861804 -17.232382
v -1.233963 4.384550 -18.945618
v -1.388840 4.213034 -18.453558
v -0.975555 3.808664 -17.244156
v -0.713791 4.144850 -15.247215
v -0.737061 3.239439 -15.563442
v -1.615410 2.745991 -14.175213
v -1.640213 3.993565 -13.408991
v -3.611870 2.274374 -12.921702
v -3.526588 3.403067 -12.256577
v -3.326080 4.313896 -11.236309
v -5.163628 4.015222 -10.956943
v -5.215317 3.040527 -11.672739
v -6.900612 3.613754 -11.126092
v -6.856194 2.814720 -11.653272
v -6.838516 1.939842 -12.147234
v -5.249870 1.986431 -12.182915
v -7.539368 2.135595 -12.764425
v -7.581261 2.886475 -12.150272
v -7.568001 3.397089 -11.453333
v -7.883896 3.132542 -11.703625
v -8.217697 2.057985 -12.580303
v -8.229141 2.684811 -12.037449
v -1.611160 4.540033 -11.860125
v -0.588097 4.648992 -12.617085
v -0.159538 4.858961 -15.054338
v 0.801910 5.113413 -15.198635
v 0.423386 4.840197 -13.284294
v 0.944649 4.940809 -13.027441
v 1.431282 5.115032 -13.332193
v 1.392326 4.781763 -11.863285
v 1.881058 5.044744 -12.174539
v 1.878929 4.663069 -10.913803
v 2.607681 4.835426 -11.162706
v 3.086800 4.995939 -11.811800
v 2.654587 5.169699 -12.579119
v 2.559540 5.309189 -13.889496
v 2.971336 5.439794 -14.997204
v 6.825058 6.565858 -18.168869
v -8.574020 3.588541 -10.694312
v -8.312241 3.916952 -10.989656
v -8.956184 3.838659 -11.605053
v -9.301277 3.503254 -11.275815
v -7.553116 3.727144 -10.767808
v -7.506561 3.501644 -10.544278
v -6.903923 3.418602 -10.716516
v -9.440739 2.943340 -11.900176
v -9.064732 3.203228 -12.430582
v -9.045265 2.210966 -13.080366
v -9.422749 2.016802 -12.536133
v 2.654587 5.169699 -12.579119
v 2.817795 4.835619 -12.741171
v 2.751106 5.058950 -13.884132
v 2.559540 5.309189 -13.889496
v 3.086800 4.995939 -11.811800
v 3.304260 4.680460 -11.882805
v 3.231346 5.240099 -15.013583
v 2.971336 5.439794 -14.997204
v 4.546219 5.579718 -16.658997
v 4.299736 5.929201 -16.957212
v 7.028526 6.299583 -17.858521
v 6.825058 6.565858 -18.168869
v 10.107094 6.734468 -18.058222
v 10.045616 7.002066 -18.359196
v 13.201958 6.801757 -17.553286
v 13.349960 7.081685 -17.698925
v 15.972115 5.551050 -16.712095
v -9.064732 3.203228 -12.430582
v -8.535904 2.958244 -12.302978
v -8.520325 2.151031 -12.871733
v -9.045265 2.210966 -13.080366
v -8.229141 2.684811 -12.037449
v -8.217697 2.057985 -12.580303
v -8.544724 3.448919 -11.781606
v -8.247665 3.580223 -11.320058
v -8.956184 3.838659 -11.605053
v -8.011864 3.133148 -11.494638
v -7.587090 3.389217 -11.098750
v -8.312241 3.916952 -10.989656
v -7.553116 3.727144 -10.767808
v -6.903923 3.418602 -10.716516
v 2.694214 4.356251 -11.177498
v 3.304260 4.680460 -11.882805
v 3.086800 4.995939 -11.811800
v 2.607681 4.835426 -11.162706
v 1.823021 4.199509 -10.774049
v 1.878929 4.663069 -10.913803
v -3.326080 4.313896 -11.236309
v -3.214668 3.843136 -10.889488
v -1.592758 4.082643 -11.438017
v -1.611160 4.540033 -11.860125
v -5.132118 3.698791 -10.588592
v -5.163628 4.015222 -10.956943
v -6.903923 3.418602 -10.716516
v -6.900612 3.613754 -11.126092
v -7.587090 3.389217 -11.098750
v -7.568001 3.397089 -11.453333
v -8.011864 3.133148 -11.494638
v -7.883896 3.132542 -11.703625
v -8.229141 2.684811 -12.037449
v -0.524513 4.254778 -12.103514
v -0.588097 4.648992 -12.617085
v 0.423386 4.840197 -13.284294
v 0.504082 4.341173 -12.291147
v 0.944649 4.940809 -13.027441
v 1.140442 4.304266 -11.731899
v 1.392326 4.781763 -11.863285
v 1.878929 4.663069 -10.913803
v 1.823021 4.199509 -10.774049
v 13.606064 6.812794 -21.171124
v 13.951523 6.871599 -20.526686
v 16.875404 5.912517 -22.269360
v 11.586594 6.864609 -19.292191
v 10.709641 6.658377 -19.878796
v 12.607941 6.990015 -19.037704
v 25.726570 -3.782196 3.633695
v 28.799835 -2.463687 2.995542
v 25.766808 -2.897039 4.071424
v 22.726273 -3.189707 4.735187
v 22.666725 -4.414984 4.050519
v 19.738701 -3.375134 5.088500
v 19.472176 -4.852684 4.027987
v 25.610710 -4.389699 2.894814
v 22.474556 -5.205307 2.720115
v 22.204315 -3.827969 1.892118
v 25.477776 -3.535767 2.478833
v 28.384613 -3.057946 2.524976
v 25.376663 -2.387776 2.556568
v 28.439880 -2.307736 2.516414
v 28.799835 -2.463687 2.995542
v 22.113579 -2.280931 2.037212
v 17.274940 -3.403177 5.014485
v 16.719978 -5.091976 3.673295
v 19.127075 -5.378408 2.119884
v 19.104935 -3.735046 0.950248
v 16.361206 -5.193545 1.193466
v 16.283363 -3.086940 -0.530477
v 19.107399 -1.967255 0.928937
v 16.870186 -1.576927 -0.354924
v 14.582542 -5.016356 2.747828
v 14.377762 -4.501204 3.309609
v 17.274940 -3.403177 5.014485
v 13.022148 -4.684047 1.838157
v 13.750275 -4.740626 0.489830
v 10.454735 -4.818541 1.192960
v 11.999374 -4.607430 2.105918
v 10.201569 -4.453239 2.224399
v 11.121269 -4.443092 2.703918
v 9.963844 -5.107449 2.957973
v 13.748245 -5.270534 4.464961
v 14.038300 -4.458747 3.958495
v 16.718239 -4.240667 5.192929
v 16.411407 -5.025209 5.451707
v 18.778374 -3.916840 6.612746
v 16.665138 -4.572031 6.253839
v 16.496109 -3.947793 6.558742
v 14.351036 -4.761489 5.622872
v 14.054222 -3.841592 6.093287
v 9.531960 -3.410559 4.545566
v 9.661537 -4.513588 3.926120
v 6.437805 -3.968837 2.341212
v 6.267731 -2.910228 2.874764
v 3.847252 -3.345419 0.606672
v 3.573677 -2.346755 1.055326
v 17.804520 -3.637702 5.734273
v 17.274940 -3.403177 5.014485
v 16.718239 -4.240667 5.192929
v 7.000381 -4.624755 1.472072
v 4.646492 -4.021463 -0.133997
v 1.863403 -3.022574 -0.036551
v 1.801941 -2.307804 0.829115
v 0.277229 -2.457363 1.170148
v 0.104507 -3.078191 0.662264
v 1.842598 -3.370686 -0.946111
v -0.589500 -2.798044 2.112102
v -0.919891 -3.171033 1.647968
v -0.400665 -3.194025 0.206454
v -0.928329 -2.741964 1.926541
v -1.097580 -2.578185 1.436588
v -0.719788 -2.154932 0.222047
v -0.468216 -2.478867 -1.778226
v -0.530563 -1.575497 -1.461444
v -1.449394 -1.124946 -2.838002
v -1.424591 -2.372519 -3.604224
v -3.482185 -0.749506 -4.065348
v -3.351799 -1.873050 -4.731874
v -3.121323 -2.773594 -5.754941
v -4.974495 -2.563015 -6.010340
v -5.063324 -1.591671 -5.293631
v -6.726311 -2.244819 -5.818535
v -6.713219 -1.444412 -5.291729
v -6.730896 -0.569532 -4.797766
v -5.141502 -0.540263 -4.782722
v -7.413544 -0.798309 -4.171590
v -7.427536 -1.550523 -4.785381
v -7.398964 -2.060138 -5.482592
v -7.723846 -1.810886 -5.228140
v -8.097137 -0.753207 -4.346869
v -8.085693 -1.380033 -4.889724
v -1.389603 -2.917460 -5.153505
v -0.352776 -2.977252 -4.409922
v 0.116913 -3.165781 -1.978500
v 1.091202 -3.374024 -1.846772
v 0.675247 -3.119774 -3.755956
v 1.197350 -3.195485 -4.019586
v 1.695656 -3.346197 -3.721228
v 1.621788 -3.015617 -5.189403
v 2.126511 -3.254889 -4.884601
v 2.089806 -2.874141 -6.145084
v 2.829117 -3.011458 -5.905715
v 3.323730 -3.148728 -5.262944
v 2.910301 -3.342671 -4.490130
v 2.839035 -3.486132 -3.178676
v 3.270927 -3.596600 -2.076447
v 7.214828 -4.536539 1.044583
v -8.404480 -2.299608 -6.228552
v -8.123512 -2.615062 -5.936730
v -8.762413 -2.567389 -5.313005
v -9.127361 -2.248931 -5.637631
v -7.377258 -2.389323 -6.168355
v -7.344421 -2.161927 -6.392400
v -6.744240 -2.050174 -6.227973
v -9.285263 -1.696115 -5.011339
v -8.890442 -1.937604 -4.485939
v -8.909904 -0.945342 -3.836155
v -9.303246 -0.769575 -4.375382
v 2.910301 -3.342671 -4.490130
v 3.059471 -3.001135 -4.330109
v 3.018349 -3.227078 -3.186460
v 2.839035 -3.486132 -3.178676
v 3.323730 -3.148728 -5.262944
v 3.526810 -2.823248 -5.194683
v 3.521309 -3.384759 -2.063396
v 3.270927 -3.596600 -2.076447
v 4.872124 -3.660714 -0.435279
v 4.646492 -4.021463 -0.133997
v 7.401314 -4.260998 0.731690
v 7.214828 -4.536539 1.044583
v 10.499458 -4.548411 0.891294
v 10.454735 -4.818541 1.192960
v 13.587196 -4.468122 0.346211
v 13.750275 -4.740626 0.489830
v 16.283363 -3.086940 -0.530477
v -8.890442 -1.937604 -4.485939
v -8.375595 -1.667708 -4.620320
v -8.391174 -0.860495 -4.051566
v -8.909904 -0.945342 -3.836155
v -8.085693 -1.380033 -4.889724
v -8.097137 -0.753207 -4.346869
v -8.367767 -2.158406 -5.141686
v -8.070786 -2.275534 -5.607091
v -8.762413 -2.567389 -5.313005
v -7.854347 -1.817661 -5.435448
v -7.423019 -2.053298 -5.836895
v -8.123512 -2.615062 -5.936730
v -7.377258 -2.389323 -6.168355
v -6.744240 -2.050174 -6.227973
v 2.892883 -2.528692 -5.891899
v 3.526810 -2.823248 -5.194683
v 3.323730 -3.148728 -5.262944
v 2.829117 -3.011458 -5.905715
v 2.010033 -2.413818 -6.283957
v 2.089806 -2.874141 -6.145084
v -3.121323 -2.773594 -5.754941
v -3.036995 -2.298239 -6.103058
v -1.398514 -2.459842 -5.575675
v -1.389603 -2.917460 -5.153505
v -4.962883 -2.245630 -6.378998
v -4.974495 -2.563015 -6.010340
v -6.744240 -2.050174 -6.227973
v -6.726311 -2.244819 -5.818535
v -7.423019 -2.053298 -5.836895
v -7.398964 -2.060138 -5.482592
v -7.854347 -1.817661 -5.435448
v -7.723846 -1.810886 -5.228140
v -8.085693 -1.380033 -4.889724
v -0.314743 -2.580611 -4.924152
v -0.352776 -2.977252 -4.409922
v 0.675247 -3.119774 -3.755956
v 0.719162 -2.617775 -4.749911
v 1.197350 -3.195485 -4.019586
v 1.345718 -2.550762 -5.317373
v 1.621788 -3.015617 -5.189403
v 2.089806 -2.874141 -6.145084
v 2.010033 -2.413818 -6.283957
v 14.038300 -4.458747 3.958495
v 14.377762 -4.501204 3.309609
v 17.274940 -3.403177 5.014485
v 11.999374 -4.607430 2.105918
v 11.121269 -4.443092 2.703918
v 13.022148 -4.684047 1.838157
v 28.799835 -2.463687 2.995542
v 25.686501 -1.931453 4.266191
v 25.766808 -2.897039 4.071424
v 22.726273 -3.189707 4.735187
v 22.610222 -1.805084 4.942462
v 19.738701 -3.375134 5.088500
v 19.401085 -1.569283 5.150102
v 25.537407 -1.003942 4.051909
v 22.369957 -0.374208 4.371160
v 22.142365 -0.966356 2.870084
v 25.432167 -1.429290 3.198730
v 28.355698 -1.722382 2.981410
v 25.376663 -2.387776 2.556568
v 28.439880 -2.307736 2.516414
v 28.799835 -2.463687 2.995542
v 22.113579 -2.280931 2.037212
v 17.274940 -3.403177 5.014485
v 16.637230 -1.269895 4.979505
v 19.010635 0.000029 3.957982
v 19.036713 -0.583685 2.027236
v 16.241974 0.313532 3.075530
v 16.223015 -0.299232 0.422233
v 19.107399 -1.967255 0.928937
v 16.870186 -1.576927 -0.354924
v 14.492256 -0.846307 4.172956
v 14.315063 -1.604939 4.299418
v 17.274940 -3.403177 5.014485
v 12.934006 -0.612824 3.229512
v 13.641464 0.284962 2.207341
v 10.354988 -0.211351 2.767482
v 11.918610 -0.876801 3.380874
v 10.129852 -1.140783 3.356442
v 11.055527 -1.406515 3.741677
v 9.876686 -1.081896 4.333720
v 13.671555 -1.728305 5.675529
v 13.986115 -2.048607 4.782170
v 16.688606 -2.872234 5.660596
v 16.355057 -2.422579 6.341166
v 18.778374 -3.916840 6.612746
v 16.636765 -3.261516 6.701713
v 16.496109 -3.947793 6.558742
v 14.308907 -2.815506 6.287919
v 14.054222 -3.841592 6.093287
v 9.531960 -3.410559 4.545566
v 9.610481 -2.155093 4.732144
v 6.389572 -1.740833 3.102641
v 6.267731 -2.910228 2.874764
v 3.802376 -1.272652 1.315047
v 3.573677 -2.346755 1.055326
v 17.804520 -3.637702 5.734273
v 17.274940 -3.403177 5.014485
v 16.688606 -2.872234 5.660596
v 6.914742 -0.669086 2.823936
v 4.564934 -0.254423 1.153402
v 1.824188 -1.211105 0.582525
v 1.801941 -2.307804 0.829115
v 0.277229 -2.457363 1.170148
v 0.073868 -1.662846 1.145963
v 1.777855 -0.380433 0.075818
v -0.589500 -2.798044 2.112102
v -0.940216 -2.232212 1.968814
v -0.441406 -1.312051 0.849626
v -0.928329 -2.741964 1.926541
v -1.097580 -2.578185 1.436588
v -0.719788 -2.154932 0.222047
v -0.507477 -0.665544 -1.158516
v -0.530563 -1.575497 -1.461444
v -1.449394 -1.124946 -2.838002
v -1.483109 0.330458 -2.680472
v -3.482185 -0.749506 -4.065348
v -3.404274 0.551004 -3.903444
v -3.222443 1.897324 -4.158638
v -5.069283 1.815372 -4.514010
v -5.110901 0.606026 -4.542560
v -6.804756 1.378740 -4.580172
v -6.753685 0.424572 -4.652997
v -6.730896 -0.569532 -4.797766
v -5.141502 -0.540263 -4.782722
v -7.413544 -0.798309 -4.171590
v -7.464806 0.170958 -4.197059
v -7.465248 1.001240 -4.436357
v -7.776825 0.636051 -4.391891
v -8.097137 -0.753207 -4.346869
v -8.117188 0.074583 -4.392604
v -1.489792 1.710167 -3.571998
v -0.446297 1.342686 -2.933567
v 0.047890 0.022377 -0.888936
v 1.015030 0.144083 -0.644446
v 0.584000 1.095060 -2.315522
v 1.099236 1.336388 -2.470801
v 1.595238 1.292253 -2.136022
v 1.514793 1.926388 -3.500455
v 2.013855 1.948524 -3.106317
v 1.975243 2.417400 -4.336680
v 2.711777 2.408106 -4.053559
v 3.209175 2.142504 -3.454647
v 2.798813 1.806932 -2.730237
v 2.739410 1.115210 -1.606151
v 3.181267 0.544918 -0.661069
v 7.126770 -0.468949 2.434697
v -8.489075 1.607822 -4.893173
v -9.201561 1.178265 -4.466375
v -8.844963 1.245420 -4.009965
v -8.216705 1.689423 -4.465658
v -7.465393 1.681690 -4.777072
v -7.426743 1.640366 -5.092953
v -6.820549 1.474739 -5.023322
v -9.329609 0.352226 -4.311312
v -8.937515 0.236902 -3.742794
v -8.909904 -0.945342 -3.836155
v -9.303246 -0.769575 -4.375382
v 2.798813 1.806932 -2.730237
v 2.739410 1.115210 -1.606151
v 2.928520 0.922209 -1.768428
v 2.963211 1.444973 -2.810636
v 3.209175 2.142504 -3.454647
v 3.425598 1.851419 -3.597098
v 3.439812 0.379225 -0.777040
v 3.181267 0.544918 -0.661069
v 4.800369 -0.346389 0.697404
v 4.564934 -0.254423 1.153402
v 7.319633 -0.488046 2.021110
v 7.126770 -0.468949 2.434697
v 10.406151 -0.238495 2.364223
v 10.354988 -0.211351 2.767482
v 13.487190 0.151201 1.924882
v 13.641464 0.284962 2.207341
v 16.223015 -0.299232 0.422233
v -8.937515 0.236902 -3.742794
v -8.909904 -0.945342 -3.836155
v -8.391174 -0.860495 -4.051566
v -8.414429 0.125824 -4.007375
v -8.117188 0.074583 -4.392604
v -8.097137 -0.753207 -4.346869
v -8.432526 0.832777 -4.119439
v -8.146500 1.221546 -4.411952
v -8.844963 1.245420 -4.009965
v -7.910225 0.763170 -4.553439
v -7.493706 1.211653 -4.721086
v -8.216705 1.689423 -4.465658
v -7.465393 1.681690 -4.777072
v -6.820549 1.474739 -5.023322
v 2.794388 2.020700 -4.337128
v 2.711777 2.408106 -4.053559
v 3.209175 2.142504 -3.454647
v 3.425598 1.851419 -3.597098
v 1.911537 2.135574 -4.729186
v 1.975243 2.417400 -4.336680
v -3.222443 1.897324 -4.158638
v -1.489792 1.710167 -3.571998
v -1.486557 1.606533 -4.185977
v -3.124382 1.737909 -4.723691
v -5.050270 1.790518 -4.999631
v -5.069283 1.815372 -4.514010
v -6.820549 1.474739 -5.023322
v -6.804756 1.378740 -4.580172
v -7.493706 1.211653 -4.721086
v -7.465248 1.001240 -4.436357
v -7.910225 0.763170 -4.553439
v -7.776825 0.636051 -4.391891
v -8.117188 0.074583 -4.392604
v -0.399742 1.345373 -3.582434
v -0.446297 1.342686 -2.933567
v 0.584000 1.095060 -2.315522
v 0.634163 1.308210 -3.408193
v 1.099236 1.336388 -2.470801
v 1.255280 1.626663 -3.889724
v 1.514793 1.926388 -3.500455
v 1.975243 2.417400 -4.336680
v 1.255280 1.626663 -3.889724
v 1.911537 2.135574 -4.729186
v 14.315063 -1.604939 4.299418
v 13.986115 -2.048607 4.782170
v 17.274940 -3.403177 5.014485
v 11.918610 -0.876801 3.380874
v 11.055527 -1.406515 3.741677
v 12.934006 -0.612824 3.229512
v -230.070023 -5.777930 -3.705986
v -230.165131 -2.496027 -6.287612
v -245.018097 -5.001276 -6.925497
v -227.449341 -3.779213 -6.765507
v -230.165131 -2.496027 -6.287612
v -230.070023 -5.777930 -3.705986
v -226.700027 -4.804165 -6.341816
v -14.580444 3.281881 -7.471726
v -14.781067 2.522182 -7.728177
v -14.747223 1.438984 -6.497502
v -14.533997 1.795519 -5.782870
v -14.789207 2.417936 -9.364667
v -14.591614 3.138914 -9.717413
v -14.707500 -0.196850 -6.393586
v -14.479485 -0.449399 -5.640160
v -14.448833 -2.138041 -7.127178
v -14.685165 -1.427425 -7.477106
v -12.790672 1.999821 -5.462998
v -12.843105 3.672655 -7.363743
v -13.602772 4.060131 -7.220322
v -13.543728 2.170655 -5.073438
v -14.580444 3.281881 -7.471726
v -14.533997 1.795519 -5.782870
v -12.855515 3.511761 -9.891175
v -13.616970 3.878385 -10.075048
v -14.591614 3.138914 -9.717413
v -12.729317 -0.526920 -5.302452
v -13.543728 2.170655 -5.073438
v -13.474426 -0.683349 -4.891934
v -14.533997 1.795519 -5.782870
v -14.479485 -0.449399 -5.640160
v -13.435467 -2.829906 -6.782397
v -12.694824 -2.427428 -6.976025
v -14.448833 -2.138041 -7.127178
v -12.821022 1.611254 -11.564749
v -13.616970 3.878385 -10.075048
v -13.578011 1.731829 -11.965513
v -14.591614 3.138914 -9.717413
v -14.560966 1.450426 -11.204378
v -13.508709 -1.122173 -11.784008
v -12.759666 -0.915486 -11.404202
v -14.506451 -0.794647 -11.061721
v -13.435467 -2.829906 -6.782397
v -13.449665 -3.011807 -9.637178
v -12.707554 -2.588327 -9.503454
v -14.460007 -2.281010 -9.372864
v -14.448833 -2.138041 -7.127178
v -13.508709 -1.122173 -11.784008
v -14.506451 -0.794647 -11.061721
v -230.165131 -2.496027 -6.287612
v -230.167160 -3.513347 -10.338511
v -245.018097 -5.001276 -6.925497
v -227.449341 -3.779213 -6.765507
v -226.720596 -4.324404 -7.746943
v -230.167160 -3.513347 -10.338511
v -230.165131 -2.496027 -6.287612
v -14.560966 1.450426 -11.204378
v -14.766872 1.187519 -10.448134
v -14.506451 -0.794647 -11.061721
v -14.727150 -0.448469 -10.344271
v -230.072052 -6.795250 -7.756886
v -230.070023 -5.777930 -3.705986
v -245.018097 -5.001276 -6.925497
v -227.414612 -5.383811 -7.313881
v -226.700027 -4.804165 -6.341816
v -230.070023 -5.777930 -3.705986
v -230.072052 -6.795250 -7.756886
v -14.460007 -2.281010 -9.372864
v -14.693306 -1.531514 -9.113543
v -230.167160 -3.513347 -10.338511
v -230.072052 -6.795250 -7.756886
v -245.018097 -5.001276 -6.925497
v -227.414612 -5.383811 -7.313881
v -230.072052 -6.795250 -7.756886
v -230.167160 -3.513347 -10.338511
v -226.720596 -4.324404 -7.746943
v 12.342926 10.230993 -32.530422
v 14.261047 9.502438 -32.939392
v 11.651512 12.282394 -41.239098
v 15.447380 8.778927 -30.747177
v 12.434486 10.005411 -31.345932
v 12.831116 9.370619 -30.326187
v 15.447380 8.778927 -30.747177
v 14.303864 8.123064 -28.900513
v 14.261047 9.502438 -32.939392
v 12.378189 8.602280 -33.087040
v 11.651512 12.282394 -41.239098
v 15.447380 8.778927 -30.747177
v 12.476616 8.059271 -32.011032
v 12.861816 7.952337 -30.810890
v 15.447380 8.778927 -30.747177
v 14.303864 8.123064 -28.900513
v 14.303864 8.123064 -28.900513
v 12.564919 9.884361 -29.527714
v 12.882278 7.307701 -26.604752
v 12.831116 9.370619 -30.326187
v 12.434486 10.005411 -31.345932
v 12.626335 7.047642 -30.497173
v 14.303864 8.123064 -28.900513
v 12.882278 7.307701 -26.604752
v 12.861816 7.952337 -30.810890
v 12.476616 8.059271 -32.011032
v 10.460068 9.330839 -32.678070
v 12.342926 10.230993 -32.530422
v 11.651512 12.282394 -41.239098
v 9.653854 8.517376 -30.348885
v 12.434486 10.005411 -31.345932
v 12.239410 9.343863 -30.285378
v 9.653854 8.517376 -30.348885
v 11.093124 7.978134 -28.679836
v 12.378189 8.602280 -33.087040
v 10.460068 9.330839 -32.678070
v 11.651512 12.282394 -41.239098
v 9.653854 8.517376 -30.348885
v 12.476616 8.059271 -32.011032
v 12.270111 7.925580 -30.770081
v 11.093124 7.978134 -28.679836
v 9.653854 8.517376 -30.348885
v 12.564919 9.884361 -29.527714
v 11.093124 7.978134 -28.679836
v 12.882278 7.307701 -26.604752
v 12.239410 9.343863 -30.285378
v 12.434486 10.005411 -31.345932
v 11.093124 7.978134 -28.679836
v 12.626335 7.047642 -30.497173
v 12.882278 7.307701 -26.604752
v 12.270111 7.925580 -30.770081
v 12.476616 8.059271 -32.011032
v -5.592232 6.695007 -24.211151
v -4.545311 6.455759 -25.215927
v -9.411053 7.548021 -28.720221
v -2.950317 6.278070 -24.594955
v -5.080978 6.613598 -23.595318
v -4.412621 6.295093 -23.195210
v -2.950317 6.278070 -24.594955
v -2.794205 5.738590 -23.006504
v -4.545311 6.455759 -25.215927
v -5.568779 5.611465 -24.581455
v -9.411053 7.548021 -28.720221
v -2.950317 6.278070 -24.594955
v -5.052948 5.318855 -24.037800
v -4.392189 5.351476 -23.517693
v -2.950317 6.278070 -24.594955
v -2.794205 5.738590 -23.006504
v -2.794205 5.738590 -23.006504
v -4.330452 6.634239 -22.639687
v -2.761597 5.126820 -21.214333
v -4.412621 6.295093 -23.195210
v -5.080978 6.613598 -23.595318
v -4.289589 4.747009 -23.284657
v -2.794205 5.738590 -23.006504
v -2.761597 5.126820 -21.214333
v -4.392189 5.351476 -23.517693
v -5.052948 5.318855 -24.037800
v -6.615868 5.850765 -23.576826
v -5.592232 6.695007 -24.211151
v -9.411053 7.548021 -28.720221
v -6.249084 5.314203 -21.983559
v -5.080978 6.613598 -23.595318
v -4.714493 6.206859 -22.956150
v -6.249084 5.314203 -21.983559
v -4.622322 5.204399 -21.559214
v -5.568779 5.611465 -24.581455
v -6.615868 5.850765 -23.576826
v -9.411053 7.548021 -28.720221
v -6.249084 5.314203 -21.983559
v -5.052948 5.318855 -24.037800
v -4.694061 5.263241 -23.278635
v -4.622322 5.204399 -21.559214
v -6.249084 5.314203 -21.983559
v -4.330452 6.634239 -22.639687
v -4.622322 5.204399 -21.559214
v -2.761597 5.126820 -21.214333
v -4.714493 6.206859 -22.956150
v -5.080978 6.613598 -23.595318
v -4.622322 5.204399 -21.559214
v -4.289589 4.747009 -23.284657
v -2.761597 5.126820 -21.214333
v -4.694061 5.263241 -23.278635
v -5.052948 5.318855 -24.037800
v 30.090912 9.883819 -29.797318
v 32.018150 8.490703 -28.854069
v 36.402946 11.897405 -38.544601
v 31.330315 7.475406 -25.926800
v 29.243439 9.674419 -28.603920
v 28.703697 8.886345 -27.387047
v 31.330315 7.475406 -25.926800
v 28.723671 7.117931 -25.045929
v 32.018150 8.490703 -28.854069
v 30.134033 7.892225 -30.477955
v 36.402946 11.897405 -38.544601
v 31.330315 7.475406 -25.926800
v 29.294960 7.294742 -29.417183
v 28.741249 7.152027 -27.979755
v 31.330315 7.475406 -25.926800
v 28.723671 7.117931 -25.045929
v 28.723671 7.117931 -25.045929
v 27.988518 9.624321 -26.756561
v 25.483261 6.673551 -23.950912
v 28.703697 8.886345 -27.387047
v 29.243439 9.674419 -28.603920
v 28.063622 6.155533 -27.942030
v 28.723671 7.117931 -25.045929
v 25.483261 6.673551 -23.950912
v 28.741249 7.152027 -27.979755
v 29.294960 7.294742 -29.417183
v 28.206810 9.285549 -31.421310
v 30.090912 9.883819 -29.797318
v 36.402946 11.897405 -38.544601
v 25.521202 8.686962 -29.839924
v 29.243439 9.674419 -28.603920
v 28.110275 9.010136 -27.786861
v 25.521202 8.686962 -29.839924
v 25.504227 7.789371 -27.214573
v 30.134033 7.892225 -30.477955
v 28.206810 9.285549 -31.421310
v 36.402946 11.897405 -38.544601
v 25.521202 8.686962 -29.839924
v 29.294960 7.294742 -29.417183
v 28.147827 7.275818 -28.379572
v 25.504227 7.789371 -27.214573
v 25.521202 8.686962 -29.839924
v 27.988518 9.624321 -26.756561
v 25.504227 7.789371 -27.214573
v 25.483261 6.673551 -23.950912
v 28.110275 9.010136 -27.786861
v 29.243439 9.674419 -28.603920
v 25.504227 7.789371 -27.214573
v 28.063622 6.155533 -27.942030
v 25.483261 6.673551 -23.950912
v 28.147827 7.275818 -28.379572
v 29.294960 7.294742 -29.417183
v 14.973541 -7.110432 15.716441
v 13.051956 -6.301085 15.888791
v 12.607552 -10.009150 24.048454
v 16.095451 -6.331822 13.509235
v 13.110390 -5.754490 14.811713
v 13.474442 -5.629667 13.606702
v 16.095451 -6.331822 13.509235
v 14.898071 -5.731836 11.677770
v 13.087219 -7.929800 15.332175
v 14.973541 -7.110432 15.716441
v 12.607552 -10.009150 24.048454
v 16.095451 -6.331822 13.509235
v 13.152519 -7.700628 14.146615
v 13.505142 -7.047949 13.122001
v 14.898071 -5.731836 11.677770
v 16.095451 -6.331822 13.509235
v 13.192009 -4.737334 13.296351
v 14.898071 -5.731836 11.677770
v 13.409531 -4.985940 9.400907
v 13.474442 -5.629667 13.606702
v 13.110390 -5.754490 14.811713
v 14.898071 -5.731836 11.677770
v 13.253426 -7.574054 12.326894
v 13.409531 -4.985940 9.400907
v 13.505142 -7.047949 13.122001
v 13.152519 -7.700628 14.146615
v 13.051956 -6.301085 15.888791
v 11.165634 -7.120453 15.504529
v 12.607552 -10.009150 24.048454
v 10.291351 -6.347101 13.186252
v 13.110390 -5.754490 14.811713
v 12.881653 -5.631184 13.573588
v 10.291351 -6.347101 13.186252
v 11.681473 -5.740324 11.498830
v 11.165634 -7.120453 15.504529
v 13.087219 -7.929800 15.332175
v 12.607552 -10.009150 24.048454
v 10.291351 -6.347101 13.186252
v 13.152519 -7.700628 14.146615
v 12.912354 -7.049466 13.088887
v 10.291351 -6.347101 13.186252
v 11.681473 -5.740324 11.498830
v 11.681473 -5.740324 11.498830
v 13.192009 -4.737334 13.296351
v 13.409531 -4.985940 9.400907
v 12.881653 -5.631184 13.573588
v 13.110390 -5.754490 14.811713
v 13.253426 -7.574054 12.326894
v 11.681473 -5.740324 11.498830
v 13.409531 -4.985940 9.400907
v 12.912354 -7.049466 13.088887
v 13.152519 -7.700628 14.146615
v -4.055428 -4.966856 8.238662
v -5.126144 -4.172602 7.617942
v -8.817619 -6.288925 11.805474
v -2.478912 -4.713466 7.597095
v -4.631973 -3.855829 7.067576
v -3.977211 -3.857203 6.538871
v -2.478912 -4.713466 7.597095
v -2.369354 -4.167645 6.006917
v -5.102692 -5.256144 7.247640
v -4.055428 -4.966856 8.238662
v -8.817619 -6.288925 11.805474
v -2.478912 -4.713466 7.597095
v -4.603943 -5.150571 6.625093
v -3.956779 -4.800819 6.216386
v -2.369354 -4.167645 6.006917
v -2.478912 -4.713466 7.597095
v -3.906609 -3.248449 6.304763
v -2.369354 -4.167645 6.006917
v -2.389221 -3.555568 4.214665
v -3.977211 -3.857203 6.538871
v -4.631973 -3.855829 7.067576
v -2.369354 -4.167645 6.006917
v -3.865746 -5.135677 5.659795
v -2.389221 -3.555568 4.214665
v -3.956779 -4.800819 6.216386
v -4.603943 -5.150571 6.625093
v -5.126144 -4.172602 7.617942
v -6.173576 -4.461839 6.626760
v -8.817619 -6.288925 11.805474
v -5.853531 -3.908880 5.029037
v -4.631973 -3.855829 7.067576
v -4.286026 -3.783545 6.303781
v -5.853531 -3.908880 5.029037
v -4.239494 -3.721725 4.583642
v -6.173576 -4.461839 6.626760
v -5.102692 -5.256144 7.247640
v -8.817619 -6.288925 11.805474
v -5.853531 -3.908880 5.029037
v -4.603943 -5.150571 6.625093
v -4.265594 -4.727160 5.981296
v -5.853531 -3.908880 5.029037
v -4.239494 -3.721725 4.583642
v -4.239494 -3.721725 4.583642
v -3.906609 -3.248449 6.304763
v -2.389221 -3.555568 4.214665
v -4.286026 -3.783545 6.303781
v -4.631973 -3.855829 7.067576
v -3.865746 -5.135677 5.659795
v -4.239494 -3.721725 4.583642
v -2.389221 -3.555568 4.214665
v -4.265594 -4.727160 5.981296
v -4.603943 -5.150571 6.625093
v 32.607628 -5.253943 11.401298
v 30.718338 -4.745687 13.049632
v 37.275368 -8.444567 21.033047
v 31.834206 -4.273527 8.483514
v 29.838020 -4.189087 12.000081
v 29.259514 -4.073553 10.569951
v 31.834206 -4.273527 8.483514
v 29.202263 -4.041092 7.636662
v 30.761459 -6.737283 12.368999
v 32.607628 -5.253943 11.401298
v 37.275368 -8.444567 21.033047
v 31.834206 -4.273527 8.483514
v 29.889549 -6.568922 11.186767
v 29.297066 -5.807871 9.977242
v 29.202263 -4.041092 7.636662
v 31.834206 -4.273527 8.483514
v 28.534691 -3.110536 10.541329
v 29.202263 -4.041092 7.636662
v 25.930389 -3.752156 6.583934
v 29.259514 -4.073553 10.569951
v 29.838020 -4.189087 12.000081
v 29.202263 -4.041092 7.636662
v 28.609795 -6.579325 9.355861
v 25.930389 -3.752156 6.583934
v 29.297066 -5.807871 9.977242
v 29.889549 -6.568922 11.186767
v 30.718338 -4.745687 13.049632
v 28.872185 -6.228926 14.017541
v 37.275368 -8.444567 21.033047
v 26.140785 -5.759639 12.471330
v 29.838020 -4.189087 12.000081
v 28.677917 -4.225390 10.977397
v 26.140785 -5.759639 12.471330
v 26.046936 -4.864695 9.846702
v 28.872185 -6.228926 14.017541
v 30.761459 -6.737283 12.368999
v 37.275368 -8.444567 21.033047
v 26.140785 -5.759639 12.471330
v 29.889549 -6.568922 11.186767
v 28.715469 -5.959708 10.384686
v 26.140785 -5.759639 12.471330
v 26.046936 -4.864695 9.846702
v 26.046936 -4.864695 9.846702
v 28.534691 -3.110536 10.541329
v 25.930389 -3.752156 6.583934
v 28.677917 -4.225390 10.977397
v 29.838020 -4.189087 12.000081
v 28.609795 -6.579325 9.355861
v 26.046936 -4.864695 9.846702
v 25.930389 -3.752156 6.583934
v 28.715469 -5.959708 10.384686
v 29.889549 -6.568922 11.186767
v 29.121452 -0.513433 -2.690694
v 28.706352 3.194031 -1.729283
v 26.105545 1.731127 -0.237345
v 26.633995 -1.170982 -0.924230
v 27.931023 3.652861 -1.395812
v 27.018700 3.449196 -0.876870
v 26.145981 3.520935 -0.951512
v 24.929024 2.521509 -1.002051
v 28.489265 3.915604 -2.171433
v 30.783768 3.419022 -2.728639
v 32.265297 2.757635 -3.182370
v 28.489990 4.151888 -3.005092
v 28.891014 4.581116 -5.832420
v 27.779510 4.287567 -4.018295
v 27.914948 5.006393 -7.505196
v 26.587364 4.320536 -4.356072
v 25.598648 3.861301 -1.538327
v 24.806885 3.805090 -1.700500
v 25.535530 4.149218 -2.320088
v 25.099762 4.292662 -2.337269
v 25.918686 5.033939 -2.699952
v 25.659294 4.328217 -4.330186
v 23.819435 5.162384 -7.391963
v 23.977203 4.006950 -3.631146
v 20.503807 4.015203 -4.776587
v 19.012451 4.295610 -6.178331
v 19.732758 4.902082 -7.420994
v 23.261467 3.496883 -2.184997
v 18.974716 5.175613 -8.755687
v 20.426216 5.824209 -10.074812
v 25.570824 6.390991 -10.371649
v 23.868179 6.549169 -11.076809
v 23.110222 7.023443 -12.513597
v 26.499153 6.377394 -10.380214
v 27.681686 6.568521 -10.698761
v 28.842964 5.701475 -9.113731
v 28.364105 7.087061 -11.601641
v 30.643188 6.696775 -12.328541
v 28.339409 7.409847 -12.405390
v 28.538353 7.111221 -13.201965
v 32.130135 5.909298 -12.412971
v 27.758690 7.671221 -13.164801
v 25.886322 6.842705 -15.208155
v 28.945305 3.593634 -14.719487
v 26.406593 4.131212 -16.453314
v 26.831276 7.819218 -13.675810
v 25.961502 7.822527 -13.550030
v 24.737389 6.989954 -14.089254
v 25.432816 7.728119 -12.863476
v 24.645096 7.577391 -12.748831
v 25.392799 7.477346 -12.067524
v 24.958923 7.576435 -11.954800
v 25.793686 7.948519 -11.236189
v 26.525284 -1.026295 1.145564
v 26.816551 -1.667756 0.540938
v 26.544846 -1.449126 -0.116004
v 25.887306 -0.020611 0.373857
v 26.633995 -1.170982 -0.924230
v 26.105545 1.731127 -0.237345
v 28.189270 -2.027819 1.681474
v 24.929024 2.521509 -1.002051
v 24.019501 1.543360 -0.534808
v 23.218735 0.353075 0.143036
v 21.514114 1.251883 -1.212486
v 21.377548 -1.112463 -1.428451
v 23.071976 -1.564209 0.000737
v 19.436539 -0.478383 -3.406785
v 19.564537 2.230474 -3.242077
v 17.289078 -0.011179 -4.909896
v 21.752174 2.567242 -2.212092
v 24.743225 -0.534090 1.069427
v 23.261467 3.496883 -2.184997
v 19.702309 3.171665 -4.068595
v 24.632401 -1.897062 1.073549
v 26.348701 -1.292066 1.473808
v 26.272484 -2.046667 1.615199
v 28.189270 -2.027819 1.681474
v 18.122383 2.878193 -4.502862
v 20.503807 4.015203 -4.776587
v 19.676643 3.694772 -4.741068
v 19.012451 4.295610 -6.178331
v 24.743225 -0.534090 1.069427
v 24.152977 3.944927 -1.688085
v 23.261467 3.496883 -2.184997
v 24.929024 2.521509 -1.002051
v 24.638435 4.646248 -2.648468
v 23.977203 4.006950 -3.631146
v 24.806885 3.805090 -1.700500
v 25.099762 4.292662 -2.337269
v 25.918686 5.033939 -2.699952
v 25.776505 4.951151 -3.425092
v 26.612579 5.173426 -2.751261
v 26.680290 4.997656 -1.805026
v 25.912842 4.649849 -2.065734
v 25.535530 4.149218 -2.320088
v 25.922783 4.370724 -1.535975
v 25.598648 3.861301 -1.538327
v 26.307457 4.253895 -1.107583
v 26.914520 4.288036 -1.022433
v 27.587494 4.432692 -1.409144
v 26.145981 3.520935 -0.951512
v 27.018700 3.449196 -0.876870
v 27.874580 4.672413 -2.186927
v 27.931023 3.652861 -1.395812
v 28.489265 3.915604 -2.171433
v 27.553925 4.911032 -2.879679
v 28.489990 4.151888 -3.005092
v 27.779510 4.287567 -4.018295
v 26.543793 5.013048 -3.512604
v 26.587364 4.320536 -4.356072
v 25.598648 3.861301 -1.538327
v 25.659294 4.328217 -4.330186
v 38.067490 4.347620 -6.274840
v 38.137085 3.978575 -5.325541
v 42.899544 3.899094 -6.098403
v 42.904251 4.017658 -6.445032
v 34.522507 4.080555 -4.202570
v 34.118561 4.790932 -5.969625
v 31.090813 4.235025 -2.996655
v 29.823395 5.215075 -5.455872
v 47.740517 3.599298 -6.363186
v 38.041679 4.356936 -7.875235
v 34.061005 4.584461 -7.739257
v 34.130470 4.185421 -6.361516
v 38.075050 3.943058 -6.597882
v 42.865448 4.177691 -8.007071
v 42.888924 3.789715 -6.650958
v 47.740517 3.599298 -6.363186
v 50.029518 4.195236 -8.105987
v 27.914948 5.006393 -7.505196
v 52.085365 3.619123 -6.456310
v 50.194214 -0.058966 -2.685554
v 42.896156 3.487520 -5.914359
v 43.711472 -0.491515 -1.830551
v 38.099266 3.272720 -4.957366
v 38.422112 -0.904832 -0.956233
v 57.481537 0.222435 -3.047302
v 57.339966 3.711256 -6.614407
v 64.445053 0.496475 -3.408031
v 64.301453 3.823574 -6.821001
v 72.421753 0.899090 -4.080798
v 72.273453 3.960207 -7.033226
v 81.667358 1.448700 -5.103299
v 77.655548 4.116827 -7.258214
v 79.602097 4.264149 -7.725702
v 81.544678 4.503500 -8.462224
v 89.242142 2.132168 -6.623325
v 89.160645 4.418128 -8.602898
v 98.048477 3.187433 -9.153250
v 34.523018 2.977757 -3.945271
v 32.265297 2.757635 -3.182370
v 32.197708 -1.698357 0.971374
v 34.522507 4.080555 -4.202570
v 34.523018 2.977757 -3.945271
v 38.099266 3.272720 -4.957366
v 38.137085 3.978575 -5.325541
v 42.896156 3.487520 -5.914359
v 42.899544 3.899094 -6.098403
v 47.740517 3.599298 -6.363186
v 32.265297 2.757635 -3.182370
v 31.090813 4.235025 -2.996655
v 30.783768 3.419022 -2.728639
v 42.888924 3.789715 -6.650958
v 42.904251 4.017658 -6.445032
v 47.740517 3.599298 -6.363186
v 38.067490 4.347620 -6.274840
v 38.075050 3.943058 -6.597882
v 34.118561 4.790932 -5.969625
v 34.130470 4.185421 -6.361516
v 29.823395 5.215075 -5.455872
v 28.891014 4.581116 -5.832420
v 31.090813 4.235025 -2.996655
v 29.823395 5.215075 -5.455872
v 28.891014 4.581116 -5.832420
v 30.783768 3.419022 -2.728639
v 79.640152 2.506328 -8.326443
v 79.602097 4.264149 -7.725702
v 81.544678 4.503500 -8.462224
v 81.581680 2.794384 -9.046320
v 77.694656 2.310153 -7.875651
v 77.655548 4.116827 -7.258214
v 72.313278 2.120600 -7.661917
v 72.273453 3.960207 -7.033226
v 64.343384 1.886866 -7.482876
v 64.301453 3.823574 -6.821001
v 57.384003 1.676985 -7.309624
v 57.339966 3.711256 -6.614407
v 52.130875 1.517134 -7.174673
v 52.085365 3.619123 -6.456310
v 81.618683 1.085272 -9.630416
v 79.678207 0.748358 -8.927236
v 57.428055 -0.357439 -8.004895
v 52.176384 -0.585011 -7.893087
v 72.353104 0.280991 -8.290609
v 64.385315 -0.049997 -8.144805
v 77.733780 0.503321 -8.493141
v 50.076126 2.042372 -8.841735
v 50.029518 4.195236 -8.105987
v 52.085365 3.619123 -6.456310
v 52.130875 1.517134 -7.174673
v 52.176384 -0.585011 -7.893087
v 50.122742 -0.110640 -9.577534
v 30.755608 -0.959332 -1.282434
v 32.265297 2.757635 -3.182370
v 29.121452 -0.513433 -2.690694
v 32.197708 -1.698357 0.971374
v 26.244949 5.510313 -17.998871
v 25.636452 5.828455 -16.756908
v 26.293793 4.404534 -17.260227
v 26.546211 4.635674 -17.920574
v 26.406593 4.131212 -16.453314
v 25.886322 6.842705 -15.208155
v 27.885269 5.060467 -19.078718
v 24.737389 6.989954 -14.089254
v 23.807190 6.493574 -15.033016
v 22.978302 5.959094 -16.275892
v 21.317932 5.826145 -14.609602
v 21.165909 3.822138 -15.880927
v 22.818161 4.353764 -17.331848
v 19.283203 3.096788 -13.877764
v 19.431099 5.341967 -12.355023
v 21.593895 6.257805 -13.021028
v 24.469971 5.837247 -17.590963
v 23.110222 7.023443 -12.513597
v 19.598915 5.582512 -11.129492
v 24.346878 4.760354 -18.424719
v 26.057442 5.499155 -18.416338
v 25.970787 4.987865 -18.987564
v 24.469971 5.837247 -17.590963
v 18.028358 5.070625 -10.924068
v 17.180176 2.528135 -12.347050
v 20.426216 5.824209 -10.074812
v 19.595573 5.584988 -10.277141
v 18.974716 5.175613 -8.755687
v 23.110222 7.023443 -12.513597
v 23.992363 7.689770 -12.655998
v 24.737389 6.989954 -14.089254
v 24.509102 7.661785 -11.480390
v 23.868179 6.549169 -11.076809
v 24.645096 7.577391 -12.748831
v 24.958923 7.576435 -11.954800
v 25.793686 7.948519 -11.236189
v 25.669830 7.438352 -10.709610
v 26.489914 8.033726 -11.128519
v 26.531212 8.473841 -11.986094
v 25.767776 8.032364 -11.972456
v 25.392799 7.477346 -12.067524
v 25.761314 8.135527 -12.562346
v 25.432816 7.728119 -12.863476
v 26.133568 8.308477 -12.982660
v 26.738464 8.392992 -13.045044
v 27.422623 8.277016 -12.668414
v 25.961502 7.822527 -13.550030
v 26.831276 7.819218 -13.675810
v 27.732140 7.993677 -11.914259
v 27.758690 7.671221 -13.164801
v 28.339409 7.409847 -12.405390
v 27.431915 7.756018 -11.212090
v 28.364105 7.087061 -11.601641
v 27.681686 6.568521 -10.698761
v 26.439682 7.440685 -10.622679
v 26.499153 6.377394 -10.380214
v 25.570824 6.390991 -10.371649
v 38.025421 5.328371 -9.147264
v 42.861847 5.006536 -9.341269
v 42.846977 5.124634 -9.687771
v 38.066803 5.617453 -10.125489
v 34.425064 6.352428 -10.856436
v 34.073975 5.830399 -9.014017
v 30.964455 7.181286 -11.625681
v 29.770782 6.441671 -9.048334
v 47.690361 4.768869 -9.788630
v 38.037834 4.810812 -9.139359
v 34.090736 5.111784 -9.074652
v 42.849876 4.700130 -9.317389
v 47.690361 4.768869 -9.788630
v 52.036156 4.766518 -9.816801
v 50.013916 4.145048 -14.998280
v 42.835091 4.911491 -10.084891
v 43.507370 4.267555 -15.768932
v 38.013023 5.283747 -10.847270
v 38.193413 4.427778 -16.574398
v 57.310455 4.211754 -14.731233
v 57.293701 4.789793 -9.773235
v 64.283188 4.270361 -14.460999
v 64.258942 4.814672 -9.723733
v 72.278076 4.248972 -13.891947
v 72.234665 4.864395 -9.681408
v 81.551880 4.141405 -12.989704
v 77.622009 4.898935 -9.548853
v 79.581375 4.747077 -9.140108
v 81.544678 4.503500 -8.462224
v 89.169724 3.820574 -11.568335
v 89.160645 4.418128 -8.602898
v 98.048477 3.187433 -9.153250
v 34.408958 5.637195 -11.734249
v 32.130135 5.909298 -12.412971
v 31.913742 4.922840 -18.420807
v 34.425064 6.352428 -10.856436
v 38.066803 5.617453 -10.125489
v 38.013023 5.283747 -10.847270
v 34.408958 5.637195 -11.734249
v 42.835091 4.911491 -10.084891
v 42.846977 5.124634 -9.687771
v 47.690361 4.768869 -9.788630
v 32.130135 5.909298 -12.412971
v 30.964455 7.181286 -11.625681
v 30.643188 6.696775 -12.328541
v 42.861847 5.006536 -9.341269
v 42.849876 4.700130 -9.317389
v 47.690361 4.768869 -9.788630
v 38.025421 5.328371 -9.147264
v 38.037834 4.810812 -9.139359
v 34.073975 5.830399 -9.014017
v 34.090736 5.111784 -9.074652
v 29.770782 6.441671 -9.048334
v 28.842964 5.701475 -9.113731
v 30.964455 7.181286 -11.625681
v 30.643188 6.696775 -12.328541
v 28.842964 5.701475 -9.113731
v 29.770782 6.441671 -9.048334
v 79.619431 2.989260 -9.740849
v 81.581680 2.794384 -9.046320
v 81.544678 4.503500 -8.462224
v 79.581375 4.747077 -9.140108
v 77.661118 3.092258 -10.166290
v 77.622009 4.898935 -9.548853
v 72.274490 3.024786 -10.310101
v 72.234665 4.864395 -9.681408
v 64.300873 2.877964 -10.385610
v 64.258942 4.814672 -9.723733
v 57.337738 2.755525 -10.468454
v 57.293701 4.789793 -9.773235
v 52.081665 2.664528 -10.535164
v 52.036156 4.766518 -9.816801
v 81.618683 1.085272 -9.630416
v 79.657486 1.231287 -10.341642
v 57.381790 0.721102 -11.163726
v 52.127174 0.562384 -11.253578
v 72.314316 1.185177 -10.938793
v 64.342804 0.941103 -11.047539
v 77.700241 1.285429 -10.783781
v 50.076126 2.042372 -8.841735
v 52.081665 2.664528 -10.535164
v 52.036156 4.766518 -9.816801
v 50.029518 4.195236 -8.105987
v 52.127174 0.562384 -11.253578
v 50.122742 -0.110640 -9.577534
v 32.130135 5.909298 -12.412971
v 30.537910 4.116550 -16.148701
v 28.945305 3.593634 -14.719487
v 31.913742 4.922840 -18.420807
v 1.823021 4.199509 -10.774049
v 2.694214 4.356251 -11.177498
v 2.607681 4.835426 -11.162706
v 1.851974 4.638859 -10.844667
v -11.917904 2.139275 -6.065979
v -11.957882 3.208662 -7.535131
v -12.843105 3.672655 -7.363743
v -12.790672 1.999821 -5.462998
v -10.859459 2.149508 -6.039988
v -10.820099 0.639244 -5.530158
v -11.879086 0.642338 -5.590622
v -10.794445 -0.422912 -5.484217
v -11.853367 -0.423820 -5.548640
v -12.729317 -0.526920 -5.302452
v -9.748737 0.375771 -4.522004
v -9.723370 -0.705445 -4.589646
v -9.329609 0.352226 -4.311312
v -9.303246 -0.769575 -4.375382
v -9.201561 1.178265 -4.466375
v -9.773251 1.290121 -4.936040
v -9.788765 2.144943 -6.021475
v -9.196117 3.274580 -7.553064
v -8.489075 1.607822 -4.893173
v -8.493774 2.107815 -5.994567
v -7.426743 1.640366 -5.092953
v -7.111748 2.119373 -5.931239
v -6.820549 1.474739 -5.023322
v -5.253372 2.152645 -5.767819
v -5.050270 1.790518 -4.999631
v -3.012115 2.154932 -5.613332
v -3.124382 1.737909 -4.723691
v -1.448265 2.237869 -5.459212
v -1.486557 1.606533 -4.185977
v -0.399742 1.345373 -3.582434
v -1.496712 3.458363 -7.603063
v 1.911537 2.135574 -4.729186
v 1.857948 3.538429 -7.624846
v 6.338127 3.014713 -5.818690
v 2.794388 2.020700 -4.337128
v 3.425598 1.851419 -3.597098
v 8.332146 1.824127 -3.412812
v 10.493385 2.744380 -5.109674
v 8.717323 4.182020 -7.505548
v 11.470406 3.947010 -7.626102
v 9.671516 -0.619645 -3.612077
v 11.076897 -0.143631 -4.915877
v 13.136024 2.966671 -5.625661
v 13.205223 0.102106 -5.500092
v 15.409554 3.097063 -5.495090
v 14.228928 4.132277 -7.603240
v 15.481186 0.119907 -5.408000
v 18.122383 2.878193 -4.502862
v 17.289078 -0.011179 -4.909896
v 8.952072 -1.161098 -2.073310
v 7.824219 0.981396 -1.325269
v 9.684181 -1.555579 -0.872624
v 9.029350 0.340393 0.619197
v 11.323662 -1.771583 -0.136716
v 11.104668 0.184296 1.346378
v 19.012451 4.295610 -6.178331
v 19.732758 4.902082 -7.420994
v 13.371063 -1.568213 -0.602088
v 13.311295 0.267088 0.717299
v 15.177086 -0.080109 -0.381750
v 15.409050 -1.149733 -1.697495
v 7.319633 -0.488046 2.021110
v 4.800369 -0.346389 0.697404
v 3.439812 0.379225 -0.777040
v 2.928520 0.922209 -1.768428
v 2.963211 1.444973 -2.810636
v 16.870186 -1.576927 -0.354924
v 16.223015 -0.299232 0.422233
v 13.487190 0.151201 1.924882
v 10.406151 -0.238495 2.364223
v 6.065788 4.929333 -7.211558
v 6.338127 3.014713 -5.818690
v 8.717323 4.182020 -7.505548
v 1.857948 3.538429 -7.624846
v 6.338127 3.014713 -5.818690
v 6.065788 4.929333 -7.211558
v -7.017632 3.326581 -7.567213
v 1.823021 4.199509 -10.774049
v 6.284355 4.268555 -9.490950
v 2.694214 4.356251 -11.177498
v 3.304260 4.680460 -11.882805
v 8.203850 4.815481 -12.173904
v 10.417000 4.525400 -10.325935
v 9.526054 2.772058 -13.545707
v 10.969353 2.364056 -12.260398
v 13.074768 4.381176 -9.860910
v 13.114372 2.220322 -11.703933
v 15.344551 4.612804 -9.934402
v 15.387207 2.311096 -11.825563
v 18.028358 5.070625 -10.924068
v 17.180176 2.528135 -12.347050
v 8.761688 3.278095 -15.074837
v 7.633835 5.420589 -14.326796
v 9.458488 3.706697 -16.284798
v 8.781776 6.113162 -16.288111
v 7.028526 6.299583 -17.858521
v 10.107094 6.734468 -18.058222
v 4.546219 5.579718 -16.658997
v 3.231346 5.240099 -15.013583
v 2.751106 5.058950 -13.884132
v 11.076118 4.000448 -17.041855
v 10.835823 6.452878 -17.013067
v 13.201958 6.801757 -17.553286
v 13.136749 3.895134 -16.603159
v 13.058838 6.153488 -16.522808
v 14.949623 5.223459 -15.914858
v 15.206429 3.574699 -15.534427
v 16.627968 4.070702 -16.895714
v 15.972115 5.551050 -16.712095
v 2.817795 4.835619 -12.741171
v -11.966022 3.261215 -9.351930
v -12.855515 3.511761 -9.891175
v -10.908569 3.294683 -9.393984
v -10.896118 2.411816 -10.721675
v -11.953091 2.367809 -10.644195
v -10.881191 1.599731 -11.408145
v -11.938023 1.550138 -11.329983
v -12.821022 1.611254 -11.564749
v -9.853970 2.829386 -11.708165
v -9.836514 1.932768 -12.316455
v -9.440739 2.943340 -11.900176
v -9.422749 2.016802 -12.536133
v -9.301277 3.503254 -11.275815
v -9.859425 3.299457 -10.820997
v -9.838814 3.311977 -9.439495
v -8.574020 3.588541 -10.694312
v -8.545364 3.310650 -9.517437
v -7.506561 3.501644 -10.544278
v -7.165428 3.370891 -9.596695
v -6.903923 3.418602 -10.716516
v -5.311752 3.513781 -9.754323
v -5.132118 3.698791 -10.588592
v -3.075378 3.630121 -9.933874
v -3.214668 3.843136 -10.889488
v -1.515434 3.803984 -10.046057
v -1.592758 4.082643 -11.438017
v -0.524513 4.254778 -12.103514
v 0.504082 4.341173 -12.291147
v 1.140442 4.304266 -11.731899
v 6.284355 4.268555 -9.490950
v 6.065788 4.929333 -7.211558
v 8.717323 4.182020 -7.505548
v 6.284355 4.268555 -9.490950
v 1.857948 3.538429 -7.624846
v 6.065788 4.929333 -7.211558
v 18.974716 5.175613 -8.755687
v 14.228928 4.132277 -7.603240
v 29.121452 -0.513433 -2.690694
v 26.633995 -1.170982 -0.924230
v 26.227562 -3.904745 -2.163424
v 28.863121 -4.047052 -4.203948
v 28.110641 -4.643623 -4.231164
v 27.198067 -4.835539 -3.708205
v 26.327866 -4.880226 -3.822638
v 25.072533 -4.106834 -3.267311
v 28.668327 -4.354927 -4.997916
v 30.934280 -3.532929 -5.104493
v 32.382919 -2.675226 -5.039070
v 28.667168 -4.031731 -5.801869
v 29.047035 -2.625490 -8.295301
v 27.949120 -3.546618 -6.695654
v 28.066116 -1.976130 -9.891496
v 26.754784 -3.412225 -6.998770
v 25.786407 -4.811360 -4.502240
v 24.990990 -4.698578 -4.606658
v 25.724159 -4.563182 -5.297582
v 25.294083 -4.682738 -5.404643
v 26.136246 -5.014955 -6.134194
v 25.828133 -3.470098 -6.995286
v 23.981590 -2.327216 -9.951557
v 24.144257 -3.709110 -6.268137
v 20.658928 -3.149498 -7.225150
v 19.161118 -2.571303 -8.525124
v 19.887863 -2.262328 -9.869456
v 23.428505 -4.218558 -4.821774
v 19.123383 -1.691300 -11.102478
v 20.581337 -1.340492 -12.523375
v 25.739662 -1.407324 -13.036749
v 24.035233 -1.166890 -13.713798
v 23.277260 -0.692000 -15.150377
v 26.666573 -1.355365 -13.022909
v 27.851295 -1.265664 -13.376120
v 28.998985 -1.505131 -11.576613
v 28.541283 -1.096556 -14.398418
v 30.793701 -0.255175 -14.704392
v 28.518471 -0.860682 -15.231871
v 28.695122 -0.129862 -15.676630
v 32.247757 0.476435 -14.269670
v 27.938309 -0.625263 -16.000153
v 26.008339 1.206835 -17.134232
v 28.945305 3.593634 -14.719487
v 26.406593 4.131212 -16.453314
v 27.010643 -0.465515 -16.507145
v 26.143387 -0.578632 -16.421152
v 24.880898 0.361612 -16.354511
v 25.620575 -0.944544 -15.827388
v 24.829201 -0.926276 -15.654987
v 25.581429 -1.235054 -15.045015
v 25.153244 -1.398964 -15.022172
v 26.011246 -2.100372 -14.670431
v 26.558395 -2.555744 0.622869
v 25.949715 -2.903019 -0.611217
v 26.544846 -1.449126 -0.116004
v 26.816551 -1.667756 0.540938
v 26.633995 -1.170982 -0.924230
v 26.227562 -3.904745 -2.163424
v 28.189270 -2.027819 1.681474
v 25.072533 -4.106834 -3.267311
v 24.132050 -3.655260 -2.311455
v 23.294800 -3.160396 -1.057705
v 21.608490 -3.107330 -2.702264
v 21.377548 -1.112463 -1.428451
v 23.071976 -1.564209 0.000737
v 19.436539 -0.478383 -3.406785
v 19.671593 -2.714576 -4.932065
v 17.289078 -0.011179 -4.909896
v 21.884094 -3.525978 -4.294472
v 24.795898 -2.967112 0.237932
v 23.428505 -4.218558 -4.821774
v 19.834785 -2.947067 -6.159693
v 24.632401 -1.897062 1.073549
v 26.376015 -2.553412 1.042738
v 26.272484 -2.046667 1.615199
v 24.795898 -2.967112 0.237932
v 18.239059 -2.510911 -6.344607
v 20.658928 -3.149498 -7.225150
v 19.820503 -2.950115 -7.011982
v 19.161118 -2.571303 -8.525124
v 23.428505 -4.218558 -4.821774
v 24.343216 -4.841998 -4.691046
v 25.072533 -4.106834 -3.267311
v 24.842728 -4.789752 -5.873252
v 24.144257 -3.709110 -6.268137
v 24.990990 -4.698578 -4.606658
v 25.294083 -4.682738 -5.404643
v 26.136246 -5.014955 -6.134194
v 25.981369 -4.511436 -6.658964
v 26.834282 -5.066877 -6.250918
v 26.907661 -5.504259 -5.394091
v 26.123917 -5.099709 -5.397678
v 25.724159 -4.563182 -5.297582
v 26.130043 -5.202725 -4.807734
v 25.786407 -4.811360 -4.502240
v 26.515541 -5.357589 -4.392343
v 27.124557 -5.413281 -4.337893
v 27.797447 -5.264915 -4.723336
v 26.327866 -4.880226 -3.822638
v 27.198067 -4.835539 -3.708205
v 28.083275 -4.967210 -5.481303
v 28.110641 -4.643623 -4.231164
v 28.668327 -4.354927 -4.997916
v 27.762970 -4.744518 -6.179495
v 28.667168 -4.031731 -5.801869
v 28.668327 -4.354927 -4.997916
v 27.949120 -3.546618 -6.695654
v 26.749252 -4.476912 -6.755827
v 26.754784 -3.412225 -6.998770
v 25.786407 -4.811360 -4.502240
v 25.828133 -3.470098 -6.995286
v 38.200912 -1.814869 -8.380892
v 43.018570 -1.262446 -8.249523
v 43.013863 -1.381010 -7.902895
v 38.268715 -2.101346 -7.403375
v 34.675995 -3.009001 -6.625452
v 34.276520 -2.504886 -8.462996
v 31.269142 -4.001780 -5.811613
v 30.008194 -3.320600 -8.372967
v 47.835640 -0.794549 -7.864799
v 38.154282 -0.844158 -9.652725
v 38.188507 -1.297310 -8.388796
v 34.259758 -1.786118 -8.402309
v 34.187569 -1.261379 -9.737093
v 42.965317 -0.434939 -9.583452
v 42.991692 -0.956966 -8.273151
v 47.835640 -0.794549 -7.864799
v 50.122742 -0.110640 -9.577534
v 29.047035 -2.625490 -8.295301
v 28.066116 -1.976130 -9.891496
v 52.176384 -0.585011 -7.893087
v 50.194214 -0.058966 -2.685554
v 42.996956 -1.168556 -7.505587
v 43.711472 -0.491515 -1.830551
v 38.208450 -1.770360 -6.680853
v 38.422112 -0.904832 -0.956233
v 57.481537 0.222435 -3.047302
v 57.428055 -0.357439 -8.004895
v 64.445053 0.496475 -3.408031
v 64.385315 -0.049997 -8.144805
v 72.421753 0.899090 -4.080798
v 72.353104 0.280991 -8.290609
v 81.667358 1.448700 -5.103299
v 77.733780 0.503321 -8.493141
v 79.678207 0.748358 -8.927236
v 81.618683 1.085272 -9.630416
v 89.242142 2.132168 -6.623325
v 89.223083 1.533785 -9.588632
v 98.048477 3.187433 -9.153250
v 34.637177 -2.295079 -5.747281
v 32.382919 -2.675226 -5.039070
v 32.197708 -1.698357 0.971374
v 34.675995 -3.009001 -6.625452
v 38.268715 -2.101346 -7.403375
v 38.208450 -1.770360 -6.680853
v 34.637177 -2.295079 -5.747281
v 42.996956 -1.168556 -7.505587
v 43.013863 -1.381010 -7.902895
v 47.835640 -0.794549 -7.864799
v 32.382919 -2.675226 -5.039070
v 31.269142 -4.001780 -5.811613
v 30.934280 -3.532929 -5.104493
v 43.018570 -1.262446 -8.249523
v 42.991692 -0.956966 -8.273151
v 47.835640 -0.794549 -7.864799
v 38.200912 -1.814869 -8.380892
v 38.188507 -1.297310 -8.388796
v 34.276520 -2.504886 -8.462996
v 34.259758 -1.786118 -8.402309
v 30.008194 -3.320600 -8.372967
v 29.047035 -2.625490 -8.295301
v 31.269142 -4.001780 -5.811613
v 30.934280 -3.532929 -5.104493
v 29.047035 -2.625490 -8.295301
v 30.008194 -3.320600 -8.372967
v 32.382919 -2.675226 -5.039070
v 30.755608 -0.959332 -1.282434
v 29.121452 -0.513433 -2.690694
v 32.197708 -1.698357 0.971374
v 26.278061 3.980863 -18.521566
v 26.546211 4.635674 -17.920574
v 26.293793 4.404534 -17.260227
v 25.698860 2.946048 -17.741982
v 26.406593 4.131212 -16.453314
v 26.008339 1.206835 -17.134232
v 27.885269 5.060467 -19.078718
v 24.880898 0.361612 -16.354511
v 23.919739 1.294954 -16.809662
v 23.054367 2.445471 -17.476686
v 21.412308 1.466932 -16.099379
v 21.165909 3.822138 -15.880927
v 22.818161 4.353764 -17.331848
v 19.283203 3.096788 -13.877764
v 19.538155 0.396917 -14.045012
v 21.725815 0.164585 -15.103407
v 24.522644 3.404224 -18.422457
v 23.277260 -0.692000 -15.150377
v 19.731392 -0.536220 -13.220591
v 24.346878 4.760354 -18.424719
v 26.084755 4.237808 -18.847408
v 25.970787 4.987865 -18.987564
v 24.522644 3.404224 -18.422457
v 18.145035 -0.318478 -12.765814
v 17.180176 2.528135 -12.347050
v 20.581337 -1.340492 -12.523375
v 19.739433 -1.059900 -12.548055
v 19.123383 -1.691300 -11.102478
v 24.182602 -1.097153 -15.658958
v 23.277260 -0.692000 -15.150377
v 24.880898 0.361612 -16.354511
v 24.713394 -1.774214 -14.705173
v 24.035233 -1.166890 -13.713798
v 24.829201 -0.926276 -15.654987
v 25.153244 -1.398964 -15.022172
v 26.011246 -2.100372 -14.670431
v 25.874695 -2.024238 -13.943481
v 26.711617 -2.206578 -14.628177
v 26.758583 -2.028071 -15.575157
v 25.978851 -1.717193 -15.304399
v 25.581429 -1.235054 -15.045015
v 25.968575 -1.437923 -15.834105
v 25.620575 -0.944544 -15.827388
v 26.341652 -1.303006 -16.267416
v 26.948502 -1.308326 -16.360502
v 27.632576 -1.420591 -15.982603
v 26.143387 -0.578632 -16.421152
v 27.010643 -0.465515 -16.507145
v 27.940834 -1.645947 -15.208633
v 27.938309 -0.625263 -16.000153
v 28.518471 -0.860682 -15.231871
v 27.640961 -1.899532 -14.511906
v 28.541283 -1.096556 -14.398418
v 28.518471 -0.860682 -15.231871
v 27.851295 -1.265664 -13.376120
v 26.645142 -2.049273 -13.865904
v 26.666573 -1.355365 -13.022909
v 25.620575 -0.944544 -15.827388
v 25.739662 -1.407324 -13.036749
v 38.158844 -0.834119 -11.253315
v 38.198433 -0.462470 -12.203324
v 42.961296 -0.155468 -11.492264
v 42.976166 -0.273565 -11.145762
v 34.578552 -0.737129 -13.279316
v 34.231934 -1.465420 -11.507387
v 31.142784 -1.055517 -14.440636
v 29.955582 -2.094002 -11.965429
v 47.785484 0.375023 -11.290241
v 34.220024 -0.859754 -11.115445
v 38.151291 -0.429557 -10.930273
v 42.952644 -0.046549 -10.939584
v 47.785484 0.375023 -11.290241
v 28.998985 -1.505131 -11.576613
v 52.127174 0.562384 -11.253578
v 50.013916 4.145048 -14.998280
v 42.935890 0.255415 -11.676122
v 43.507370 4.267555 -15.768932
v 38.122208 0.240667 -12.570759
v 38.193413 4.427778 -16.574398
v 57.310455 4.211754 -14.731233
v 57.381790 0.721102 -11.163726
v 64.283188 4.270361 -14.460999
v 64.342804 0.941103 -11.047539
v 72.278076 4.248972 -13.891947
v 72.314316 1.185177 -10.938793
v 81.551880 4.141405 -12.989704
v 77.700241 1.285429 -10.783781
v 79.657486 1.231287 -10.341642
v 81.618683 1.085272 -9.630416
v 89.169724 3.820574 -11.568335
v 89.223083 1.533785 -9.588632
v 98.048477 3.187433 -9.153250
v 34.523117 0.364363 -13.536258
v 32.247757 0.476435 -14.269670
v 31.913742 4.922840 -18.420807
v 34.578552 -0.737129 -13.279316
v 34.523117 0.364363 -13.536258
v 38.122208 0.240667 -12.570759
v 38.198433 -0.462470 -12.203324
v 42.935890 0.255415 -11.676122
v 42.961296 -0.155468 -11.492264
v 47.785484 0.375023 -11.290241
v 32.247757 0.476435 -14.269670
v 31.142784 -1.055517 -14.440636
v 30.793701 -0.255175 -14.704392
v 42.952644 -0.046549 -10.939584
v 42.976166 -0.273565 -11.145762
v 47.785484 0.375023 -11.290241
v 38.158844 -0.834119 -11.253315
v 38.151291 -0.429557 -10.930273
v 34.231934 -1.465420 -11.507387
v 34.220024 -0.859754 -11.115445
v 29.955582 -2.094002 -11.965429
v 28.998985 -1.505131 -11.576613
v 31.142784 -1.055517 -14.440636
v 29.955582 -2.094002 -11.965429
v 28.998985 -1.505131 -11.576613
v 30.793701 -0.255175 -14.704392
v 30.537910 4.116550 -16.148701
v 32.247757 0.476435 -14.269670
v 28.945305 3.593634 -14.719487
v 31.913742 4.922840 -18.420807
v -11.843327 -2.082577 -9.343429
v -11.825363 -2.135056 -7.526746
v -12.707554 -2.588327 -9.503454
v -12.694824 -2.427428 -6.976025
v -10.767067 -2.118021 -7.498431
v -10.779522 -1.234998 -6.170687
v -11.838299 -1.241493 -6.234428
v -9.705917 -1.602063 -5.197935
v -9.285263 -1.696115 -5.011339
v -9.127361 -2.248931 -5.637631
v -9.700459 -2.072139 -6.085104
v -9.697205 -2.084087 -7.466761
v -9.081562 -2.016655 -9.361362
v -8.404480 -2.299762 -6.228604
v -8.404381 -2.021179 -7.405665
v -7.344421 -2.161927 -6.392400
v -7.022224 -2.015496 -7.344345
v -6.744232 -2.050328 -6.228026
v -5.161957 -2.069579 -7.210780
v -4.962883 -2.245630 -6.378998
v -2.920448 -2.079041 -7.060308
v -3.036995 -2.298239 -6.103058
v -1.352654 -2.178243 -6.968434
v -1.398514 -2.459842 -5.575675
v -0.314743 -2.580611 -4.924152
v 0.719162 -2.617775 -4.749911
v 1.345718 -2.550762 -5.317373
v 2.010033 -2.413818 -6.283957
v -1.382156 -1.832876 -9.411359
v 1.972504 -1.752804 -9.433144
v 6.452553 -2.270491 -7.624927
v 2.892883 -2.528692 -5.891899
v 3.526810 -2.823248 -5.194683
v 8.430626 -2.724388 -4.967283
v 10.603233 -2.329623 -6.843731
v 8.852654 -2.068598 -9.641716
v 11.592720 -1.702314 -9.556778
v 9.671516 -0.619645 -3.612077
v 11.076897 -0.143631 -4.915877
v 13.244827 -2.058748 -7.343116
v 13.205223 0.102106 -5.500092
v 15.523842 -2.181957 -7.299214
v 14.356400 -1.755772 -9.615499
v 15.481186 0.119907 -5.408000
v 18.239059 -2.510911 -6.344607
v 17.289078 -0.011179 -4.909896
v 8.952072 -1.161098 -2.073310
v 7.918106 -3.355197 -2.807315
v 9.684181 -1.555579 -0.872624
v 9.123146 -3.991744 -0.861327
v 7.401314 -4.260998 0.731690
v 10.499458 -4.548411 0.891294
v 4.872124 -3.660714 -0.435279
v 3.521309 -3.384759 -2.063396
v 3.018349 -3.227078 -3.186460
v 11.323662 -1.771583 -0.136716
v 11.200294 -4.232849 -0.163196
v 13.587196 -4.468122 0.346211
v 13.371063 -1.568213 -0.602088
v 13.399948 -3.827895 -0.682176
v 15.236160 -2.808751 -1.314273
v 15.409050 -1.149733 -1.697495
v 16.870186 -1.576927 -0.354924
v 16.283363 -3.086940 -0.530477
v 3.059471 -3.001135 -4.330109
v 6.452553 -2.270491 -7.624927
v 6.236198 -2.941652 -9.901495
v 8.852654 -2.068598 -9.641716
v 6.452553 -2.270491 -7.624927
v 1.972504 -1.752804 -9.433144
v 6.236198 -2.941652 -9.901495
v 19.161118 -2.571303 -8.525124
v 19.887863 -2.262328 -9.869456
v 10.526848 -0.548601 -12.059993
v 6.398781 -1.016649 -11.297188
v 8.302330 0.266966 -13.728374
v 3.405472 0.005793 -13.480389
v 2.792709 -0.193142 -12.732268
v 1.921516 -0.349883 -12.328819
v 9.526054 2.772058 -13.545707
v 10.969353 2.364056 -12.260398
v 13.182953 -0.615980 -11.568705
v 13.114372 2.220322 -11.703933
v 15.458839 -0.666216 -11.738526
v 15.387207 2.311096 -11.825563
v 18.145035 -0.318478 -12.765814
v 17.180176 2.528135 -12.347050
v 8.761688 3.278095 -15.074837
v 7.727722 1.083998 -15.808842
v 9.458488 3.706697 -16.284798
v 8.875572 1.781025 -17.768633
v 7.110207 2.526632 -19.147942
v 10.200401 2.424555 -19.531151
v 4.617973 2.265393 -17.791679
v 3.312843 1.476114 -16.299938
v 2.840935 0.909664 -15.302166
v 11.076118 4.000448 -17.041855
v 10.931450 2.035733 -18.522642
v 13.301964 2.182431 -19.131956
v 13.136749 3.895134 -16.603159
v 13.147491 2.058504 -17.922283
v 15.008698 2.494818 -16.847382
v 15.206429 3.574699 -15.534427
v 16.627968 4.070702 -16.895714
v 16.032463 2.763342 -17.664804
v 2.914055 0.389511 -14.260645
v -6.903076 -1.964656 -9.375508
v -1.419823 -0.612128 -11.555279
v 1.230881 0.126840 -13.159550
v 0.589081 0.415188 -13.632866
v -0.439514 0.328794 -13.445232
v -1.504715 0.016268 -12.827715
v -3.127281 -0.193010 -12.268855
v -2.983711 -0.603851 -11.380850
v -5.044731 -0.337434 -11.967985
v -5.220337 -0.708444 -11.197284
v -6.827606 -0.106466 -11.921221
v -7.075905 -0.763977 -11.009800
v -7.424240 -0.300647 -11.843725
v -8.455971 -0.818345 -10.928535
v -8.489426 -0.319042 -12.029743
v -9.747253 -0.917052 -10.884781
v -9.227077 0.076059 -12.447071
v -10.816177 -0.972844 -10.852427
v -9.786633 -0.062800 -11.970060
v -9.811150 0.851553 -12.384096
v -9.396393 0.894998 -12.600204
v -10.855541 0.537573 -11.362205
v -11.912304 0.483980 -11.288000
v -11.873482 -1.013113 -10.812696
v -12.759666 -0.915486 -11.404202
v 6.236198 -2.941652 -9.901495
v 6.398781 -1.016649 -11.297188
v 8.852654 -2.068598 -9.641716
v 1.972504 -1.752804 -9.433144
v 6.398781 -1.016649 -11.297188
v 6.236198 -2.941652 -9.901495
v 19.123383 -1.691300 -11.102478
v 1.255280 1.626663 -3.889724
v 0.634163 1.308210 -3.408193
v -41.379768 1.887369 -7.555429
v -200.934448 -1.920987 -6.519310
v -30.955235 -0.584669 -6.288078
v -41.379768 1.887369 -7.555429
v -31.043175 2.134022 -7.622577
v -41.292000 -2.166401 -8.940819
v -31.014606 0.799700 -10.342627
v -30.955414 -1.919677 -9.007942
v 28.891014 4.581116 -5.832420
v 28.842964 5.701475 -9.113731
vn 0.0445 -0.3222 0.9456
vn -0.1910 -0.1235 0.9738
vn 0.0185 0.0219 0.9996
vn 0.0532 -0.3219 0.9453
vn 0.0326 -0.6281 0.7774
vn -0.1827 -0.5055 0.8432
vn -0.0075 0.6287 -0.7776
vn -0.2176 0.4960 -0.8406
vn 0.0169 0.3237 -0.9460
vn 0.0256 0.3238 -0.9458
vn -0.2093 0.1140 -0.9712
vn 0.0065 -0.0213 -0.9998
vn 0.5637 0.0123 0.8259
vn 0.5906 -0.2495 0.7675
vn 0.5639 0.0121 0.8257
vn 0.5906 -0.2495 0.7674
vn 0.5749 -0.4929 0.6532
vn 0.5746 -0.4931 0.6532
vn -0.0203 0.9461 0.3233
vn -0.0202 0.9454 0.3254
vn -0.0202 0.9461 0.3233
vn -0.0201 0.9454 0.3254
vn -0.0202 0.9468 0.3212
vn 0.1762 0.5680 0.8039
vn 0.1995 0.7281 0.6558
vn 0.1182 0.9402 0.3193
vn 0.1367 0.9381 0.3183
vn -0.4111 0.8608 0.2999
vn -0.5514 0.3638 0.7507
vn 0.1810 -0.3145 0.9318
vn 0.3275 -0.2992 0.8962
vn -0.5697 -0.2768 0.7738
vn 0.0129 0.7831 0.6218
vn 0.0057 0.9464 0.3230
vn -0.0166 0.7644 0.6445
vn -0.0259 0.9459 0.3233
vn -0.0210 0.9461 0.3233
vn 0.0065 0.7068 0.7074
vn -0.6409 0.7236 0.2563
vn -0.6590 -0.1769 0.7311
vn -0.6731 -0.1126 0.7310
vn -0.0022 0.4659 0.8848
vn 0.0238 0.2054 0.9784
vn 0.0764 0.0308 0.9966
vn 0.2524 0.3342 0.9081
vn 0.7112 0.3582 0.6049
vn 0.8682 -0.1435 0.4750
vn 0.4518 -0.2798 0.8471
vn 0.0819 -0.3207 0.9436
vn 0.0230 0.1194 0.9926
vn -0.2254 -0.3194 0.9204
vn 0.2771 -0.8099 0.5170
vn 0.7325 -0.6255 0.2687
vn 0.0408 -0.7007 0.7123
vn 0.0432 -0.9909 0.1272
vn 0.0276 -0.9095 0.4147
vn 0.0216 -0.9989 0.0419
vn 0.0199 -0.9461 -0.3233
vn 0.0150 -0.9462 -0.3233
vn 0.0466 -0.9451 -0.3234
vn 0.0514 -0.9986 0.0129
vn 0.1771 -0.9306 -0.3203
vn 0.2358 -0.9688 0.0758
vn 0.1589 -0.9336 -0.3211
vn 0.2087 -0.9338 0.2906
vn -0.3734 -0.8796 -0.2948
vn -0.5269 -0.7681 0.3639
vn -0.6089 -0.7534 -0.2483
vn -0.6556 -0.3330 0.6777
vn -0.6672 -0.3842 0.6381
vn -0.6470 -0.2591 0.7171
vn 0.0908 -0.6311 0.7704
vn 0.0447 -0.7599 0.6485
vn 0.2251 -0.7180 -0.6586
vn 0.1926 -0.5592 -0.8064
vn -0.5431 -0.3900 -0.7436
vn 0.1537 0.3225 -0.9340
vn 0.3012 0.3142 -0.9003
vn 0.1601 0.9426 -0.2931
vn -0.5676 0.7420 -0.3569
vn 0.1887 0.9789 -0.0787
vn -0.5924 0.2490 -0.7662
vn 0.0036 0.9999 -0.0135
vn -0.0266 0.9988 -0.0419
vn -0.0057 0.9918 -0.1274
vn -0.6795 0.3011 -0.6691
vn -0.6930 0.3518 -0.6293
vn -0.6679 0.2277 -0.7086
vn -0.0212 0.9096 -0.4149
vn -0.0000 0.7610 -0.6488
vn 0.0506 0.6344 -0.7713
vn 0.2314 0.8220 -0.5204
vn 0.6982 0.6597 -0.2781
vn 0.8541 0.1847 -0.4862
vn 0.4268 0.3007 -0.8529
vn 0.0543 0.3240 -0.9445
vn -0.0019 0.7016 -0.7126
vn -0.2523 0.3080 -0.9173
vn 0.2562 -0.3221 -0.9114
vn 0.7196 -0.3240 -0.6141
vn 0.0158 -0.1185 -0.9928
vn 0.0310 -0.7059 -0.7076
vn 0.0085 -0.4658 -0.8848
vn 0.0115 -0.7645 -0.6445
vn 0.0422 -0.7818 -0.6221
vn 0.0209 -0.2043 -0.9787
vn 0.0649 -0.0275 -0.9975
vn 0.0556 -0.3218 0.9452
vn -0.0643 -0.3240 0.9439
vn 0.0522 -0.2021 0.9780
vn -0.0612 -0.1840 0.9810
vn 0.1756 -0.2193 0.9597
vn 0.1785 -0.3147 0.9323
vn -0.1666 -0.1670 0.9718
vn -0.1655 -0.3221 0.9321
vn 0.0573 -0.4366 0.8978
vn -0.0553 -0.4571 0.8877
vn 0.1797 -0.4071 0.8955
vn -0.1601 -0.4690 0.8686
vn -0.6119 0.7457 0.2636
vn -0.2563 0.4158 0.8726
vn -0.6118 0.7458 0.2636
vn -0.4196 0.4677 0.7779
vn 0.0428 0.2075 0.9773
vn 0.0395 0.2168 0.9754
vn -0.0352 0.0812 0.9961
vn 0.0236 0.1091 0.9938
vn -0.6181 -0.3963 0.6789
vn -0.6965 -0.4344 0.5711
vn -0.4608 -0.7094 0.5333
vn -0.4506 -0.7166 0.5324
vn 0.4843 -0.8185 0.3091
vn 0.3610 -0.8704 0.3349
vn 0.5773 -0.6747 0.4599
vn 0.5347 -0.6753 0.5080
vn -0.4973 -0.4164 0.7611
vn -0.5376 -0.3660 0.7596
vn -0.6162 -0.2666 0.7411
vn -0.5414 -0.1964 0.8175
vn -0.5031 -0.1559 0.8501
vn 0.5149 0.2435 0.8219
vn 0.5568 0.2741 0.7841
vn 0.4563 0.4764 0.7515
vn 0.3313 0.4969 0.8021
vn -0.4710 0.2231 0.8534
vn -0.4809 0.2163 0.8497
vn -0.7052 -0.0332 0.7082
vn -0.6239 -0.1262 0.7712
vn -0.0188 -0.6749 0.7377
vn 0.0410 -0.6932 0.7196
vn 0.0608 -0.7664 0.6394
vn 0.0638 -0.7601 0.6466
vn -0.3907 -0.8617 0.3236
vn -0.2284 -0.8723 0.4324
vn -0.5789 -0.7742 -0.2559
vn -0.2474 -0.4278 -0.8694
vn -0.4068 -0.4875 -0.7726
vn 0.0400 -0.2055 -0.9778
vn 0.0371 -0.2149 -0.9759
vn -0.0442 -0.0831 -0.9956
vn 0.0160 -0.1081 -0.9940
vn -0.6450 0.3662 -0.6707
vn -0.7238 0.4005 -0.5619
vn -0.5011 0.6864 -0.5271
vn -0.4912 0.6941 -0.5262
vn 0.4406 0.8406 -0.3150
vn 0.3146 0.8866 -0.3391
vn 0.5384 0.7013 -0.4672
vn 0.4953 0.6999 -0.5146
vn -0.5265 0.3919 -0.7544
vn -0.5644 0.3397 -0.7524
vn -0.6377 0.2367 -0.7330
vn -0.5607 0.1700 -0.8104
vn -0.5209 0.1315 -0.8434
vn 0.5152 -0.2189 -0.8286
vn 0.5588 -0.2474 -0.7915
vn 0.4687 -0.4542 -0.7576
vn 0.3442 -0.4807 -0.8065
vn -0.4708 -0.2455 -0.8474
vn -0.4810 -0.2393 -0.8435
vn -0.7151 -0.0007 -0.6991
vn -0.6391 0.0961 -0.7631
vn -0.0606 0.6730 -0.7372
vn -0.0015 0.6941 -0.7198
vn 0.0159 0.7683 -0.6399
vn 0.0190 0.7621 -0.6471
vn -0.4357 0.8420 -0.3182
vn -0.2753 0.8603 -0.4291
vn -0.5535 -0.2800 0.7844
vn -0.5420 -0.0437 0.8392
vn -0.5531 -0.2801 0.7846
vn -0.5421 -0.0441 0.8391
vn -0.5452 -0.0529 0.8366
vn -0.5322 -0.4999 0.6833
vn -0.5323 -0.4995 0.6835
vn -0.5357 -0.4913 0.6868
vn -0.1850 0.4718 0.8621
vn -0.6265 -0.2642 0.7333
vn 0.0643 -0.1143 0.9914
vn -0.0855 -0.3239 0.9422
vn -0.8518 -0.1858 0.4898
vn -0.2266 0.7261 0.6492
vn -0.0029 0.7867 0.6174
vn 0.0223 0.4372 0.8991
vn 0.0439 0.7444 0.6663
vn 0.0152 0.3814 0.9243
vn 0.3906 0.3944 0.8318
vn 0.2235 0.3210 0.9203
vn 0.5385 -0.2620 0.8008
vn 0.2028 -0.3127 0.9279
vn -0.1104 -0.1506 0.9824
vn -0.0699 -0.1545 0.9855
vn 0.0457 -0.1267 0.9909
vn -0.1050 -0.3236 0.9403
vn 0.2480 -0.8079 0.5346
vn 0.4164 -0.8054 0.4218
vn 0.0422 -0.8662 0.4979
vn 0.0816 -0.9940 0.0723
vn 0.0511 -0.8946 0.4440
vn 0.0358 -0.9993 0.0071
vn -0.1551 -0.9073 0.3908
vn -0.1896 -0.9796 0.0663
vn 0.0729 -0.5137 0.8549
vn -0.1031 -0.4863 0.8677
vn -0.0628 -0.4835 0.8731
vn 0.0539 -0.5043 0.8618
vn 0.2880 -0.9540 0.0828
vn 0.4622 -0.8744 0.1478
vn 0.8813 -0.1356 0.4527
vn 0.0288 -0.9996 -0.0017
vn 0.0265 -0.9996 -0.0020
vn -0.1085 -0.9940 -0.0162
vn -0.0958 -0.9953 -0.0150
vn -0.7765 -0.6217 0.1023
vn -0.6613 -0.7490 0.0404
vn -0.9581 -0.1110 0.2641
vn -0.9580 -0.1111 0.2643
vn 0.4300 0.6183 0.6579
vn 0.2519 0.7142 0.6530
vn -0.6891 0.5416 0.4815
vn -0.7981 0.3974 0.4529
vn -0.1344 0.7917 0.5960
vn -0.1472 0.7909 0.5940
vn -0.0123 0.7920 0.6104
vn -0.0100 0.7918 0.6107
vn 0.0744 0.0234 0.9970
vn 0.0690 0.0249 0.9973
vn 0.0894 -0.3204 0.9431
vn 0.0797 0.0255 0.9965
vn 0.0899 -0.3203 0.9430
vn 0.0940 -0.6264 0.7738
vn 0.0884 -0.6255 0.7752
vn 0.0831 -0.6272 0.7744
vn 0.7575 -0.1964 0.6226
vn 0.4993 0.4493 0.7408
vn 0.4007 0.5105 0.7608
vn 0.5263 -0.7888 0.3176
vn 0.4302 -0.8533 0.2947
vn -0.2406 0.6315 0.7371
vn -0.1693 0.6616 0.7305
vn -0.2578 0.5368 0.8034
vn -0.0775 0.2916 0.9534
vn 0.0782 0.3272 0.9417
vn 0.2240 0.5385 0.8123
vn -0.4309 0.7559 0.4930
vn 0.5144 0.7626 0.3922
vn 0.5421 0.5797 0.6084
vn 0.6385 0.7425 0.2024
vn 0.3958 0.9147 -0.0823
vn 0.3142 0.8163 -0.4846
vn 0.3300 0.6579 -0.6770
vn 0.4677 0.8613 -0.1984
vn 0.4361 0.8577 0.2723
vn 0.4302 0.8427 0.3237
vn 0.7841 0.6195 -0.0365
vn 0.4559 0.7669 0.4517
vn 0.8347 0.5248 0.1669
vn 0.3719 0.8801 0.2951
vn 0.2860 0.3269 0.9008
vn 0.7392 0.4209 -0.5258
vn 0.9904 0.1349 0.0316
vn 0.4507 0.8871 0.0998
vn 0.7903 0.4749 0.3871
vn 0.4291 0.8686 0.2480
vn 0.4805 0.5644 0.6713
vn 0.4365 0.8491 0.2976
vn 0.4060 0.6769 0.6140
vn 0.3535 0.1095 0.9290
vn 0.3342 0.3524 0.8741
vn 0.6396 0.7170 0.2772
vn 0.5311 0.8355 -0.1409
vn 0.2652 0.8120 -0.5200
vn 0.5108 0.8478 0.1426
vn 0.2075 0.9248 -0.3189
vn -0.4369 0.8956 0.0836
vn -0.2739 0.9137 -0.3003
vn 0.7564 0.0182 0.6538
vn 0.0564 0.8354 -0.5468
vn -0.0999 0.8130 -0.5737
vn -0.2542 0.9482 -0.1906
vn -0.1824 0.9686 -0.1688
vn 0.4838 0.8129 -0.3242
vn 0.3852 0.8727 -0.3000
vn 0.7391 0.2321 -0.6323
vn 0.4839 0.8129 -0.3242
vn 0.5106 -0.4252 -0.7473
vn 0.4147 -0.4910 -0.7661
vn -0.2197 -0.6424 -0.7342
vn -0.1470 -0.6691 -0.7285
vn -0.2422 -0.5487 -0.8002
vn -0.0758 -0.2951 -0.9525
vn 0.0815 -0.3233 -0.9428
vn 0.2389 -0.5274 -0.8153
vn -0.4007 -0.7757 -0.4876
vn 0.5451 -0.7373 -0.3991
vn 0.5611 -0.5534 -0.6156
vn 0.6705 -0.7113 -0.2109
vn 0.4401 -0.8947 0.0767
vn 0.3591 -0.8004 0.4800
vn 0.3698 -0.6412 0.6724
vn 0.5109 -0.8379 0.1920
vn 0.4730 -0.8360 -0.2783
vn 0.4657 -0.8213 -0.3296
vn 0.8132 -0.5814 0.0261
vn 0.4860 -0.7444 -0.4578
vn 0.8565 -0.4844 -0.1780
vn 0.4095 -0.8615 -0.3002
vn 0.4912 -0.8646 -0.1059
vn 0.8069 -0.4369 -0.3974
vn 0.4669 -0.8471 -0.2538
vn 0.4982 -0.5410 -0.6776
vn 0.4726 -0.8274 -0.3035
vn 0.4299 -0.6571 -0.6192
vn 0.3463 -0.0929 -0.9335
vn 0.3393 -0.3366 -0.8784
vn 0.6694 -0.6858 -0.2857
vn 0.5721 -0.8092 0.1338
vn 0.3103 -0.7983 0.5162
vn 0.5488 -0.8225 -0.1495
vn 0.2555 -0.9137 0.3160
vn -0.3947 -0.9155 -0.0782
vn -0.2261 -0.9256 0.3037
vn 0.7479 0.0177 -0.6636
vn 0.9952 -0.0875 -0.0445
vn 0.1033 -0.8315 0.5458
vn -0.0534 -0.8165 0.5748
vn -0.2061 -0.9592 0.1936
vn -0.1338 -0.9762 0.1708
vn 0.5262 -0.7888 0.3177
vn 0.7652 -0.3850 0.5160
vn 0.5680 0.2771 -0.7749
vn 0.5682 0.2771 -0.7749
vn 0.5421 0.5195 -0.6604
vn 0.5419 0.5198 -0.6604
vn 0.5531 0.0145 -0.8330
vn 0.5529 0.0144 -0.8331
vn -0.0885 0.4537 -0.8867
vn -0.0919 0.3202 -0.9429
vn 0.0248 0.4385 -0.8984
vn 0.0279 0.3238 -0.9457
vn 0.1484 0.4149 -0.8977
vn 0.1512 0.3226 -0.9344
vn -0.1936 0.4606 -0.8663
vn -0.1928 0.3136 -0.9298
vn 0.0299 0.2041 -0.9785
vn -0.0826 0.1806 -0.9801
vn 0.1525 0.2271 -0.9618
vn -0.1870 0.1585 -0.9695
vn -0.5643 0.4733 -0.6764
vn -0.5642 0.4737 -0.6762
vn -0.5763 0.2531 -0.7771
vn -0.5764 0.2531 -0.7770
vn -0.5674 0.4648 -0.6797
vn -0.5544 0.0176 -0.8321
vn -0.5544 0.0180 -0.8320
vn -0.5578 0.0264 -0.8295
vn -0.1130 0.3191 -0.9410
vn -0.6478 0.2337 -0.7251
vn 0.0372 0.5163 -0.8556
vn -0.2033 0.8987 -0.3885
vn -0.8660 0.1448 -0.4786
vn -0.2369 0.9694 -0.0635
vn -0.0120 0.9999 -0.0073
vn 0.0026 0.8959 -0.4443
vn 0.0331 0.9968 -0.0730
vn -0.0056 0.8671 -0.4981
vn 0.3721 0.8242 -0.4269
vn 0.2022 0.8187 -0.5375
vn 0.5149 0.2872 -0.8077
vn 0.1755 0.3218 -0.9304
vn -0.1373 0.4803 -0.8663
vn -0.0971 0.4797 -0.8720
vn 0.0186 0.5061 -0.8623
vn -0.1332 0.3179 -0.9387
vn 0.2266 -0.3102 -0.9233
vn 0.3980 -0.3757 -0.8369
vn 0.0214 -0.3805 -0.9245
vn 0.0707 -0.7416 -0.6671
vn 0.0314 -0.4358 -0.8995
vn 0.0266 -0.7861 -0.6176
vn -0.1735 -0.4803 -0.8598
vn -0.2000 -0.7363 -0.6465
vn 0.0459 0.1169 -0.9921
vn -0.1301 0.1452 -0.9808
vn -0.0900 0.1507 -0.9845
vn 0.0268 0.1284 -0.9914
vn 0.8679 0.1774 -0.4641
vn 0.4504 -0.5973 -0.6636
vn 0.2772 -0.7016 -0.6564
vn 0.0198 -0.7916 -0.6107
vn 0.0176 -0.7918 -0.6105
vn -0.1169 -0.7972 -0.5923
vn -0.1042 -0.7973 -0.5945
vn -0.7840 -0.4351 -0.4427
vn -0.6687 -0.5738 -0.4728
vn -0.9657 0.0650 -0.2515
vn -0.9656 0.0651 -0.2518
vn 0.4180 0.8954 -0.1535
vn 0.2412 0.9666 -0.0863
vn -0.6966 0.7168 -0.0315
vn -0.8066 0.5839 -0.0920
vn -0.1429 0.9896 0.0163
vn -0.1556 0.9877 0.0177
vn -0.0212 0.9998 0.0018
vn -0.0189 0.9998 0.0015
vn 0.0618 0.3240 -0.9441
vn 0.0431 0.6302 -0.7753
vn 0.0484 0.6288 -0.7761
vn 0.0540 0.6299 -0.7748
vn 0.0623 0.3240 -0.9440
vn 0.0679 -0.0220 -0.9975
vn 0.0624 -0.0201 -0.9978
vn 0.0571 -0.0219 -0.9981
vn 0.0209 -0.9467 -0.3213
vn 0.0206 -0.9461 -0.3233
vn 0.0208 -0.9454 -0.3253
vn -0.6871 0.0802 -0.7221
vn -0.6761 0.1451 -0.7224
vn 0.2895 -0.3132 -0.9045
vn -0.1050 0.5756 0.8109
vn 0.0372 0.3042 0.9519
vn -0.1047 0.2526 0.9619
vn -0.0659 0.6291 0.7745
vn -0.0932 0.6864 0.7212
vn -0.0728 0.3643 0.9284
vn 0.0671 0.5220 0.8503
vn -0.0085 0.5786 0.8156
vn -0.0205 0.9461 0.3233
vn -0.0047 0.4421 0.8969
vn 0.0139 -0.3231 0.9463
vn 0.0139 0.6873 0.7262
vn -0.0209 0.9461 0.3233
vn 0.0243 -0.8983 0.4388
vn 0.0247 -0.9564 0.2911
vn 0.0202 -0.9461 -0.3233
vn 0.0716 -0.9436 -0.3232
vn 0.0685 -0.9761 0.2062
vn 0.0563 -0.9785 0.1984
vn 0.0247 -0.9564 0.2909
vn -0.0312 -0.9734 0.2269
vn 0.0201 -0.9461 -0.3233
vn -0.0312 -0.9734 0.2270
vn -0.0719 -0.9550 0.2877
vn -0.0821 -0.7921 0.6049
vn 0.0611 -0.8212 0.5673
vn -0.0569 -0.9872 0.1492
vn -0.0463 -0.8586 0.5105
vn 0.0424 -0.6524 -0.7567
vn -0.0697 -0.6904 -0.7201
vn -0.0697 -0.6903 -0.7201
vn -0.0879 -0.5803 -0.8096
vn -0.0459 -0.6318 -0.7738
vn -0.1050 -0.2576 -0.9605
vn 0.0393 -0.3024 -0.9524
vn -0.0674 -0.3676 -0.9275
vn 0.0204 -0.9461 -0.3233
vn 0.0544 -0.6456 -0.7617
vn 0.0085 -0.5785 -0.8157
vn 0.0205 -0.9461 -0.3233
vn 0.0047 -0.4422 -0.8969
vn -0.0139 0.3231 -0.9463
vn -0.0459 -0.6318 -0.7737
vn 0.0085 -0.5786 -0.8155
vn -0.0243 0.8982 -0.4388
vn -0.0247 0.9564 -0.2912
vn -0.0210 0.9460 0.3233
vn 0.0495 0.9335 -0.3550
vn 0.0010 0.9880 -0.1544
vn -0.0247 0.9565 -0.2908
vn -0.0806 0.9707 -0.2262
vn -0.0806 0.9707 -0.2263
vn -0.1211 0.9504 -0.2866
vn -0.1276 0.7871 -0.6035
vn 0.0149 0.8230 -0.5678
vn -0.1059 0.9833 -0.1482
vn -0.1059 0.9833 -0.1483
vn 0.0495 0.9336 -0.3550
vn -0.0210 0.9460 0.3234
vn -0.0939 0.8553 -0.5096
vn -0.0047 0.4406 0.8977
vn -0.0047 0.4407 0.8976
vn -0.0243 0.8977 -0.4399
vn -0.0243 0.8974 -0.4405
vn -0.0138 0.3231 -0.9463
vn -0.0139 0.3231 -0.9462
vn 0.0047 -0.4405 -0.8977
vn 0.0047 -0.4409 -0.8976
vn 0.0243 -0.8975 0.4403
vn 0.0243 -0.8975 0.4404
vn -0.0047 0.4423 0.8969
vn -0.0047 0.4405 0.8977
vn 0.0243 -0.8974 0.4406
vn 0.0243 -0.8983 0.4387
vn 0.0205 -0.9461 -0.3234
vn -0.0243 0.8974 -0.4406
vn -0.0243 0.8983 -0.4388
vn 0.0047 -0.4406 -0.8977
vn 0.2497 -0.0677 -0.9659
vn 0.2373 0.1624 -0.9578
vn 0.5051 -0.1784 -0.8444
vn 0.1270 0.1111 -0.9857
vn 0.1398 -0.0846 -0.9866
vn 0.0115 0.0480 -0.9988
vn 0.0028 -0.1862 -0.9825
vn 0.3043 -0.8669 -0.3947
vn 0.2377 -0.9484 -0.2099
vn 0.2536 -0.7696 0.5860
vn 0.1679 -0.7405 0.6507
vn 0.4966 -0.8356 -0.2350
vn 0.1440 -0.5357 0.8320
vn 0.1503 -0.6025 0.7838
vn 0.5050 -0.1784 -0.8445
vn 0.2803 -0.5363 0.7961
vn -0.1018 0.0225 -0.9946
vn -0.1291 -0.3262 -0.9364
vn 0.1755 -0.9805 -0.0881
vn 0.3291 -0.8132 0.4801
vn 0.1226 -0.9907 -0.0594
vn 0.3397 -0.8408 0.4215
vn 0.4247 -0.5577 0.7132
vn 0.4947 -0.5685 0.6573
vn -0.2040 -0.6834 -0.7009
vn -0.3382 -0.1103 -0.9346
vn -0.1020 0.0225 -0.9945
vn -0.0736 -0.7571 -0.6491
vn -0.0263 -0.9514 -0.3069
vn -0.0741 -0.6002 -0.7964
vn -0.0440 -0.6113 -0.7902
vn 0.0809 -0.8535 -0.5148
vn 0.2232 -0.9743 -0.0294
vn -0.2013 -0.6085 -0.7676
vn -0.0435 -0.7417 -0.6693
vn 0.3688 -0.8879 0.2750
vn 0.4531 -0.8382 0.3035
vn 0.3515 -0.9253 -0.1423
vn 0.5217 -0.7115 -0.4706
vn -0.0713 -0.0748 -0.9946
vn -0.1774 0.1504 -0.9726
vn -0.2674 -0.0936 -0.9590
vn -0.3169 0.1026 -0.9429
vn -0.4059 0.0915 -0.9093
vn -0.3658 -0.1466 -0.9191
vn -0.4880 -0.1786 -0.8544
vn -0.5306 0.0759 -0.8442
vn -0.4962 -0.1764 -0.8501
vn -0.5164 0.0537 -0.8547
vn 0.5908 -0.7448 0.3102
vn 0.5007 -0.8216 0.2726
vn 0.5007 -0.8216 0.2727
vn 0.3688 -0.8879 0.2749
vn 0.4530 -0.8382 0.3036
vn -0.3606 -0.5286 -0.7685
vn -0.3981 -0.5285 -0.7498
vn -0.0579 -0.3360 -0.9401
vn 0.1052 -0.1792 -0.9782
vn 0.3497 -0.1564 -0.9237
vn 0.1407 -0.5208 -0.8420
vn -0.1276 -0.6978 -0.7049
vn 0.4411 -0.3196 -0.8386
vn -0.6471 -0.6658 -0.3714
vn -0.4806 -0.7310 -0.4844
vn -0.7905 0.0323 -0.6116
vn -0.8894 -0.4484 0.0893
vn -0.9361 -0.3512 0.0218
vn -0.8913 -0.2612 -0.3706
vn -0.9789 0.0009 -0.2043
vn -0.6643 0.0597 -0.7451
vn -0.5801 -0.2188 -0.7846
vn -0.4898 0.0843 -0.8678
vn -0.4450 -0.0270 -0.8951
vn -0.3311 -0.2232 -0.9168
vn -0.1958 -0.0595 -0.9788
vn -0.2180 0.0433 -0.9750
vn -0.0286 0.0476 -0.9985
vn 0.0907 0.0892 -0.9919
vn 0.1927 0.1403 -0.9712
vn -0.2462 0.1441 -0.9584
vn 0.2507 0.0145 -0.9680
vn 0.2868 -0.0344 -0.9574
vn 0.2871 -0.0961 -0.9531
vn -0.2408 -0.2452 -0.9391
vn -0.2792 -0.0406 -0.9594
vn -0.2838 -0.0622 -0.9569
vn -0.2283 -0.5369 -0.8122
vn -0.3685 -0.6845 -0.6291
vn -0.4263 -0.7300 -0.5343
vn -0.1167 -0.7777 -0.6177
vn -0.1447 -0.8444 -0.5158
vn -0.2307 -0.8454 -0.4818
vn -0.1500 -0.8421 -0.5181
vn -0.2010 -0.9035 -0.3786
vn -0.1152 -0.8912 -0.4387
vn -0.1644 -0.9215 -0.3518
vn -0.0765 -0.9197 -0.3851
vn 0.0114 -0.9099 -0.4148
vn -0.0426 -0.8736 -0.4848
vn -0.0976 -0.8304 -0.5486
vn -0.1740 -0.8103 -0.5596
vn -0.0282 -0.8946 -0.4460
vn -0.5964 -0.7253 -0.3439
vn -0.5937 -0.7280 -0.3428
vn -0.2808 -0.9577 -0.0621
vn -0.2353 -0.9716 -0.0263
vn 0.0345 -0.9895 0.1402
vn 0.0787 -0.9880 0.1329
vn 0.3188 -0.9437 0.0881
vn -0.8202 -0.0762 -0.5670
vn -0.8235 -0.0512 -0.5651
vn -0.8306 0.0186 -0.5565
vn 0.8073 -0.5519 -0.2091
vn 0.8111 -0.5448 -0.2129
vn 0.8411 -0.3061 -0.4460
vn 0.8487 -0.3199 -0.4211
vn 0.7807 -0.2197 -0.5850
vn 0.7807 -0.2196 -0.5850
vn 0.5561 -0.8302 -0.0391
vn 0.5886 -0.8065 -0.0554
vn 0.3814 -0.9234 0.0439
vn 0.3477 -0.9362 0.0521
vn 0.0254 -0.9978 0.0612
vn 0.0365 -0.9981 0.0504
vn -0.0705 -0.9874 0.1417
vn -0.0620 -0.9895 0.1303
vn -0.0895 -0.9615 0.2597
vn -0.0825 -0.9582 0.2739
vn -0.0183 -0.9175 0.3974
vn 0.4024 0.0674 -0.9130
vn 0.5330 0.0509 -0.8446
vn 0.4249 -0.0364 -0.9045
vn 0.5419 -0.0150 -0.8403
vn 0.7372 -0.0013 -0.6757
vn 0.7454 0.0172 -0.6664
vn 0.5278 -0.1247 -0.8402
vn 0.4886 -0.0670 -0.8699
vn 0.4506 -0.1773 -0.8749
vn 0.4941 0.0292 -0.8689
vn 0.3940 -0.0716 -0.9163
vn 0.4222 -0.1316 -0.8969
vn 0.3887 -0.0941 -0.9165
vn 0.3713 -0.0689 -0.9259
vn 0.5707 -0.6151 0.5440
vn 0.7412 -0.5369 0.4029
vn 0.5525 -0.6209 0.5561
vn 0.7412 -0.5370 0.4029
vn 0.3675 -0.6596 0.6557
vn 0.3675 -0.6596 0.6556
vn 0.2896 -0.9487 0.1268
vn 0.2538 -0.9541 0.1590
vn 0.1433 -0.9720 0.1861
vn 0.1381 -0.9730 0.1850
vn -0.0395 -0.9975 0.0590
vn -0.0302 -0.9972 0.0684
vn -0.1734 -0.9808 -0.0887
vn -0.1794 -0.9775 -0.1107
vn -0.3365 -0.7815 -0.5254
vn -0.4057 -0.6757 -0.6155
vn -0.4949 -0.5671 -0.6584
vn -0.5097 -0.5328 -0.6755
vn -0.5642 -0.3728 -0.7367
vn 0.2535 -0.9668 -0.0327
vn 0.2035 -0.9763 -0.0731
vn 0.0063 -0.9903 -0.1391
vn -0.1863 -0.9746 -0.1241
vn -0.4577 -0.8809 -0.1205
vn -0.6236 -0.7817 0.0046
vn -0.6194 -0.7851 -0.0004
vn -0.7383 -0.6569 0.1530
vn -0.7384 -0.6568 0.1530
vn 0.0383 -0.6911 -0.7217
vn 0.2337 -0.6322 -0.7387
vn 0.0399 -0.6896 -0.7231
vn -0.0522 -0.7061 -0.7062
vn -0.0530 -0.7086 -0.7036
vn -0.0466 -0.6876 -0.7246
vn 0.4866 0.6771 -0.5521
vn 0.2307 0.4669 -0.8537
vn 0.2341 0.6541 -0.7193
vn 0.1182 0.5201 -0.8459
vn 0.1233 0.6758 -0.7267
vn 0.0002 0.5735 -0.8192
vn -0.0174 0.7483 -0.6631
vn 0.2652 0.9382 0.2222
vn 0.1980 0.8869 0.4173
vn 0.2313 0.2594 0.9377
vn 0.1477 0.1935 0.9699
vn 0.4607 0.8232 0.3319
vn 0.1342 -0.0802 0.9877
vn 0.1372 0.0023 0.9905
vn 0.4865 0.6771 -0.5521
vn 0.2698 -0.0525 0.9615
vn -0.1140 0.5867 -0.8017
vn -0.1540 0.8256 -0.5428
vn 0.1362 0.8354 0.5325
vn 0.3037 0.3615 0.8815
vn 0.0833 0.8238 0.5607
vn 0.3124 0.4196 0.8523
vn 0.4122 0.0207 0.9109
vn 0.4810 0.0662 0.8742
vn -0.2396 0.9609 -0.1390
vn -0.3546 0.6458 -0.6762
vn -0.1115 0.9924 -0.0512
vn -0.0672 0.9384 0.3389
vn -0.1078 0.9586 -0.2637
vn -0.0781 0.9647 -0.2516
vn 0.0409 0.9924 0.1161
vn 0.1849 0.7964 0.5758
vn -0.2348 0.9426 -0.2376
vn -0.0811 0.9938 -0.0762
vn 0.3377 0.5477 0.7655
vn 0.4242 0.4941 0.7589
vn 0.3134 0.8318 0.4581
vn 0.4875 0.8703 0.0700
vn -0.0873 0.6648 -0.7419
vn -0.1843 0.4693 -0.8636
vn -0.2835 0.6503 -0.7048
vn -0.3252 0.4835 -0.8127
vn -0.4141 0.4682 -0.7806
vn -0.3833 0.6639 -0.6421
vn -0.5058 0.6449 -0.5730
vn -0.5384 0.4360 -0.7212
vn -0.5139 0.6402 -0.5710
vn -0.5252 0.4604 -0.7157
vn 0.5656 0.4216 0.7088
vn 0.4720 0.5017 0.7249
vn 0.4241 0.4941 0.7589
vn 0.3377 0.5476 0.7655
vn -0.3909 0.8738 -0.2892
vn -0.4281 0.8609 -0.2750
vn -0.0833 0.8383 -0.5387
vn 0.0852 0.7441 -0.6626
vn 0.3311 0.7022 -0.6303
vn 0.1092 0.9320 -0.3456
vn -0.1639 0.9776 -0.1323
vn 0.4173 0.7827 -0.4619
vn -0.6773 0.7282 0.1049
vn -0.5149 0.8553 0.0577
vn -0.7967 0.3180 -0.5139
vn -0.9048 0.2652 0.3332
vn -0.9486 0.2279 0.2197
vn -0.9056 0.3986 -0.1452
vn -0.9808 0.0864 -0.1751
vn -0.6712 0.3829 -0.6347
vn -0.5984 0.6304 -0.4945
vn -0.4976 0.4453 -0.7444
vn -0.4573 0.5517 -0.6974
vn -0.3516 0.7244 -0.5930
vn -0.2109 0.6382 -0.7404
vn -0.2290 0.5537 -0.8006
vn -0.0399 0.5721 -0.8192
vn 0.0811 0.5398 -0.8379
vn 0.1852 0.4907 -0.8514
vn -0.2531 0.4630 -0.8494
vn 0.2382 0.5904 -0.7712
vn 0.2727 0.6239 -0.7324
vn 0.2705 0.6701 -0.6913
vn -0.2625 0.7589 -0.5960
vn -0.2932 0.6082 -0.7377
vn -0.2986 0.6235 -0.7225
vn -0.2596 0.9122 -0.3170
vn -0.4030 0.9114 -0.0837
vn -0.4613 0.8871 0.0183
vn -0.1550 0.9878 -0.0143
vn -0.1841 0.9771 0.1067
vn -0.2697 0.9537 0.1330
vn -0.1893 0.9765 0.1033
vn -0.2409 0.9376 0.2506
vn -0.1555 0.9680 0.1968
vn -0.2046 0.9369 0.2833
vn -0.1172 0.9593 0.2570
vn -0.0294 0.9731 0.2285
vn -0.0828 0.9851 0.1505
vn -0.1370 0.9879 0.0728
vn -0.2127 0.9758 0.0508
vn -0.0687 0.9786 0.1941
vn -0.2731 0.7746 0.5704
vn -0.6260 0.7619 0.1663
vn -0.3186 0.7838 0.5330
vn -0.6285 0.7603 0.1638
vn -0.0021 0.6974 0.7167
vn 0.0421 0.7024 0.7106
vn 0.2832 0.7040 0.6513
vn -0.8300 0.3752 -0.4127
vn -0.8322 0.3542 -0.4265
vn -0.8366 0.2936 -0.4625
vn 0.8301 0.5432 -0.1261
vn 0.7865 0.5921 0.1756
vn 0.8226 0.5473 -0.1543
vn 0.7825 0.5952 0.1829
vn 0.7638 0.5617 -0.3180
vn 0.5230 0.7014 0.4843
vn 0.5561 0.6939 0.4574
vn 0.3459 0.7175 0.6047
vn 0.3118 0.7212 0.6185
vn -0.0125 0.7519 0.6591
vn -0.0015 0.7591 0.6510
vn -0.1069 0.6907 0.7152
vn -0.0986 0.6997 0.7076
vn -0.1233 0.5973 0.7925
vn -0.1159 0.5864 0.8017
vn -0.0486 0.4811 0.8753
vn 0.5298 0.5469 -0.6483
vn 0.5234 0.4971 -0.6921
vn 0.4112 0.5986 -0.6875
vn 0.3926 0.5209 -0.7580
vn 0.7275 0.4430 -0.5239
vn 0.7366 0.4230 -0.5277
vn 0.5114 0.6329 -0.5812
vn 0.4741 0.6041 -0.6406
vn 0.4318 0.6927 -0.5776
vn 0.4833 0.5277 -0.6985
vn 0.3788 0.6324 -0.6757
vn 0.4048 0.6691 -0.6233
vn 0.3726 0.6502 -0.6621
vn 0.3561 0.6353 -0.6853
vn 0.7251 0.2065 0.6570
vn 0.5353 0.1718 0.8270
vn 0.5536 0.1753 0.8141
vn 0.3503 0.1343 0.9270
vn 0.1028 0.6609 0.7434
vn 0.2187 0.6664 0.7128
vn 0.1079 0.6596 0.7438
vn 0.2543 0.6833 0.6845
vn -0.0773 0.7505 0.6563
vn -0.0679 0.7449 0.6637
vn -0.2124 0.8225 0.5276
vn -0.2186 0.8331 0.5081
vn -0.3734 0.9258 0.0581
vn -0.4397 0.8947 -0.0788
vn -0.5252 0.8317 -0.1803
vn -0.5389 0.8145 -0.2150
vn -0.5879 0.7233 -0.3621
vn 0.2154 0.7937 0.5690
vn 0.1645 0.8240 0.5421
vn -0.0338 0.8678 0.4958
vn -0.2256 0.8387 0.4956
vn -0.4931 0.7519 0.4376
vn -0.6533 0.5907 0.4736
vn -0.6492 0.5966 0.4719
vn -0.7611 0.3968 0.5131
vn 0.0035 0.9888 -0.1495
vn 0.1992 0.9605 -0.1944
vn 0.0019 0.9891 -0.1475
vn -0.0889 0.9879 -0.1273
vn -0.0897 0.9883 -0.1237
vn -0.0828 0.9847 -0.1530
vn 0.5254 -0.6530 0.5455
vn 0.2638 -0.4551 0.8505
vn 0.2744 -0.6419 0.7160
vn 0.1538 -0.5136 0.8441
vn 0.1648 -0.6690 0.7248
vn 0.0380 -0.5726 0.8190
vn 0.0269 -0.7481 0.6630
vn 0.3068 -0.9246 -0.2259
vn 0.2346 -0.8766 -0.4202
vn 0.2312 -0.2484 -0.9407
vn 0.1442 -0.1866 -0.9718
vn 0.4951 -0.8003 -0.3381
vn 0.1174 0.0862 -0.9893
vn 0.1244 0.0039 -0.9922
vn 0.2545 0.0650 -0.9649
vn -0.0755 -0.5913 0.8029
vn -0.1074 -0.8319 0.5445
vn 0.1690 -0.8281 -0.5345
vn 0.3091 -0.3469 -0.8855
vn 0.1152 -0.8190 -0.5621
vn 0.3209 -0.4045 -0.8564
vn 0.4009 -0.0013 -0.9161
vn 0.4722 -0.0434 -0.8804
vn -0.1916 -0.9712 0.1418
vn -0.3146 -0.6617 0.6806
vn -0.0756 -0.5913 0.8029
vn -0.0633 -0.9966 0.0524
vn -0.0268 -0.9407 -0.3383
vn -0.0585 -0.9625 0.2648
vn -0.0288 -0.9672 0.2523
vn 0.0867 -0.9894 -0.1169
vn 0.2152 -0.7869 -0.5784
vn -0.1865 -0.9526 0.2403
vn -0.0326 -0.9965 0.0769
vn 0.3535 -0.5311 -0.7700
vn 0.4374 -0.4736 -0.7645
vn 0.3468 -0.8160 -0.4624
vn 0.5275 -0.8461 -0.0766
vn -0.0459 -0.6680 0.7427
vn -0.1505 -0.4773 0.8658
vn -0.2429 -0.6629 0.7082
vn -0.2912 -0.4982 0.8167
vn -0.3811 -0.4872 0.7857
vn -0.3428 -0.6812 0.6468
vn -0.4670 -0.6681 0.5792
vn -0.5076 -0.4609 0.7280
vn -0.4753 -0.6638 0.5774
vn -0.4933 -0.4847 0.7223
vn 0.5758 -0.3943 -0.7162
vn 0.4860 -0.4789 -0.7311
vn 0.4373 -0.4736 -0.7645
vn 0.4860 -0.4788 -0.7312
vn -0.3450 -0.8914 0.2940
vn -0.3830 -0.8802 0.2803
vn -0.0363 -0.8412 0.5395
vn 0.1292 -0.7390 0.6612
vn 0.3724 -0.6854 0.6257
vn 0.1580 -0.9256 0.3438
vn -0.1153 -0.9842 0.1341
vn 0.4600 -0.7618 0.4562
vn -0.6431 -0.7597 -0.0964
vn -0.4742 -0.8789 -0.0513
vn -0.7739 -0.3555 0.5241
vn -0.8954 -0.3082 -0.3213
vn -0.9394 -0.2729 -0.2074
vn -0.8836 -0.4411 0.1568
vn -0.9732 -0.1330 0.1878
vn -0.6439 -0.4143 0.6432
vn -0.5612 -0.6581 0.5020
vn -0.4661 -0.4683 0.7506
vn -0.4214 -0.5727 0.7032
vn -0.3089 -0.7402 0.5973
vn -0.1706 -0.6473 0.7429
vn -0.1919 -0.5638 0.8033
vn -0.0019 -0.5731 0.8195
vn 0.1175 -0.5351 0.8366
vn 0.2194 -0.4811 0.8488
vn -0.2197 -0.4743 0.8525
vn 0.2761 -0.5781 0.7678
vn 0.3116 -0.6100 0.7286
vn 0.3111 -0.6562 0.6875
vn -0.2183 -0.7703 0.5991
vn -0.2543 -0.6212 0.7412
vn -0.2591 -0.6368 0.7262
vn -0.2117 -0.9235 0.3200
vn -0.3580 -0.9295 0.0887
vn -0.4187 -0.9080 -0.0126
vn -0.1075 -0.9941 0.0160
vn -0.1387 -0.9848 -0.1045
vn -0.2256 -0.9655 -0.1298
vn -0.1438 -0.9844 -0.1012
vn -0.1991 -0.9481 -0.2478
vn -0.1117 -0.9744 -0.1950
vn -0.1634 -0.9457 -0.2809
vn -0.0746 -0.9639 -0.2558
vn 0.0141 -0.9735 -0.2284
vn -0.0377 -0.9880 -0.1497
vn -0.0906 -0.9933 -0.0713
vn -0.1665 -0.9849 -0.0484
vn -0.0245 -0.9808 -0.1935
vn -0.2433 -0.7869 -0.5671
vn -0.5910 -0.7909 -0.1584
vn -0.2877 -0.7983 -0.5291
vn -0.5936 -0.7895 -0.1558
vn 0.0219 -0.6969 -0.7168
vn 0.0663 -0.6998 -0.7113
vn 0.3079 -0.6899 -0.6551
vn -0.8057 -0.4143 0.4233
vn -0.8088 -0.3934 0.4372
vn -0.8155 -0.3330 0.4733
vn -0.8156 -0.3330 0.4732
vn 0.8566 -0.5030 0.1151
vn 0.8115 -0.5540 -0.1860
vn 0.8497 -0.5074 0.1435
vn 0.8075 -0.5573 -0.1932
vn 0.7938 -0.5245 0.3079
vn 0.5495 -0.6758 -0.4913
vn 0.5826 -0.6667 -0.4648
vn 0.3718 -0.7003 -0.6093
vn 0.3378 -0.7057 -0.6228
vn 0.0148 -0.7519 -0.6591
vn 0.0263 -0.7585 -0.6511
vn -0.0831 -0.6952 -0.7140
vn -0.0742 -0.7038 -0.7065
vn -0.1049 -0.6028 -0.7910
vn -0.0982 -0.5915 -0.8003
vn -0.0369 -0.4831 -0.8748
vn 0.5636 -0.5208 0.6412
vn 0.5554 -0.4713 0.6851
vn 0.4482 -0.5780 0.6819
vn 0.4268 -0.5013 0.7527
vn 0.7546 -0.4076 0.5142
vn 0.7627 -0.3872 0.5180
vn 0.5485 -0.6076 0.5744
vn 0.5106 -0.5806 0.6342
vn 0.4718 -0.6712 0.5718
vn 0.5169 -0.5038 0.6921
vn 0.4173 -0.6134 0.6706
vn 0.4443 -0.6488 0.6178
vn 0.4118 -0.6314 0.6571
vn 0.3948 -0.6174 0.6804
vn 0.7255 -0.1719 -0.6664
vn 0.7255 -0.1718 -0.6664
vn 0.5321 -0.1463 -0.8339
vn 0.5508 -0.1490 -0.8213
vn 0.3443 -0.1177 -0.9315
vn 0.1245 -0.6555 -0.7449
vn 0.2410 -0.6554 -0.7158
vn 0.1296 -0.6540 -0.7453
vn 0.2777 -0.6706 -0.6879
vn -0.0500 -0.7535 -0.6555
vn -0.0410 -0.7475 -0.6630
vn -0.1798 -0.8319 -0.5251
vn -0.1852 -0.8428 -0.5054
vn -0.3296 -0.9426 -0.0535
vn -0.3955 -0.9146 0.0842
vn -0.4825 -0.8557 0.1869
vn -0.4966 -0.8392 0.2218
vn -0.5480 -0.7504 0.3695
vn 0.2456 -0.7827 -0.5720
vn 0.1966 -0.8154 -0.5445
vn 0.0012 -0.8685 -0.4956
vn -0.1917 -0.8487 -0.4929
vn -0.4623 -0.7747 -0.4314
vn -0.6305 -0.6213 -0.4653
vn -0.6261 -0.6270 -0.4636
vn -0.7479 -0.4328 -0.5033
vn 0.0526 -0.9874 0.1491
vn 0.2473 -0.9498 0.1915
vn 0.0510 -0.9878 0.1472
vn -0.0400 -0.9910 0.1281
vn -0.0408 -0.9914 0.1245
vn -0.0337 -0.9875 0.1538
vn 0.2587 0.0798 0.9627
vn 0.2572 -0.1505 0.9546
vn 0.5069 0.2025 0.8379
vn 0.1450 -0.1047 0.9839
vn 0.1484 0.0915 0.9847
vn 0.0268 -0.0471 0.9985
vn 0.0067 0.1864 0.9824
vn 0.2677 0.8806 0.3910
vn 0.1949 0.9587 0.2071
vn 0.2090 0.7806 -0.5890
vn 0.1239 0.7475 -0.6526
vn 0.4592 0.8584 0.2286
vn 0.1075 0.5417 -0.8337
vn 0.1112 0.6088 -0.7855
vn 0.5069 0.2026 0.8379
vn 0.2440 0.5488 -0.7995
vn -0.0877 -0.0270 0.9958
vn -0.1323 0.3200 0.9381
vn 0.1297 0.9878 0.0861
vn 0.2837 0.8277 -0.4841
vn 0.0759 0.9954 0.0581
vn 0.2937 0.8559 -0.4256
vn 0.3883 0.5771 -0.7185
vn 0.4585 0.5912 -0.6635
vn -0.2272 0.6732 0.7037
vn -0.3309 0.0943 0.9389
vn -0.0879 -0.0270 0.9958
vn -0.1012 0.7529 0.6503
vn -0.0677 0.9491 0.3075
vn -0.0923 0.5963 0.7975
vn -0.0629 0.6087 0.7909
vn 0.0468 0.8565 0.5140
vn 0.1769 0.9839 0.0269
vn -0.2201 0.5984 0.7704
vn -0.0702 0.7390 0.6700
vn 0.3224 0.9044 -0.2794
vn 0.4085 0.8588 -0.3091
vn 0.3087 0.9411 0.1380
vn 0.4933 0.7358 0.4640
vn -0.0619 0.0716 0.9955
vn -0.1574 -0.1584 0.9747
vn -0.2590 0.0810 0.9625
vn -0.2994 -0.1173 0.9469
vn -0.3893 -0.1105 0.9145
vn -0.3603 0.1292 0.9238
vn -0.4848 0.1554 0.8607
vn -0.5154 -0.1008 0.8510
vn -0.4930 0.1528 0.8565
vn -0.5021 -0.0780 0.8613
vn 0.5505 0.7720 -0.3176
vn 0.4574 0.8444 -0.2789
vn 0.4573 0.8444 -0.2789
vn 0.4085 0.8588 -0.3092
vn -0.3754 0.5112 0.7732
vn -0.4131 0.5091 0.7551
vn -0.0617 0.3332 0.9408
vn 0.1093 0.1843 0.9768
vn 0.3538 0.1732 0.9191
vn 0.1266 0.5271 0.8403
vn -0.1516 0.6911 0.7067
vn 0.4362 0.3406 0.8329
vn -0.6733 0.6343 0.3800
vn -0.5086 0.7074 0.4908
vn -0.7801 -0.0698 0.6218
vn -0.9108 0.4055 -0.0776
vn -0.9520 0.3061 -0.0095
vn -0.8978 0.2185 0.3823
vn -0.9750 -0.0475 0.2171
vn -0.6509 -0.0911 0.7537
vn -0.5796 0.1911 0.7922
vn -0.4739 -0.1073 0.8740
vn -0.4342 0.0060 0.9008
vn -0.3294 0.2074 0.9211
vn -0.1857 0.0504 0.9813
vn -0.2030 -0.0534 0.9777
vn -0.0133 -0.0486 0.9987
vn 0.1077 -0.0845 0.9906
vn 0.2119 -0.1306 0.9685
vn -0.2266 -0.1553 0.9615
vn 0.2636 -0.0022 0.9646
vn 0.2974 0.0483 0.9535
vn 0.2945 0.1099 0.9493
vn -0.2400 0.2337 0.9422
vn -0.2684 0.0275 0.9629
vn -0.2740 0.0489 0.9605
vn -0.2431 0.5256 0.8153
vn -0.3925 0.6663 0.6340
vn -0.4537 0.7090 0.5400
vn -0.1457 0.7715 0.6194
vn -0.1781 0.8367 0.5179
vn -0.2645 0.8335 0.4850
vn -0.1832 0.8341 0.5203
vn -0.2389 0.8930 0.3814
vn -0.1519 0.8849 0.4404
vn -0.2037 0.9127 0.3542
vn -0.1153 0.9151 0.3864
vn -0.0266 0.9094 0.4150
vn -0.0779 0.8708 0.4855
vn -0.1301 0.8249 0.5500
vn -0.2052 0.8013 0.5620
vn -0.0650 0.8924 0.4466
vn -0.6258 0.6961 0.3518
vn -0.6233 0.6989 0.3507
vn -0.3254 0.9433 0.0660
vn -0.2811 0.9592 0.0297
vn -0.0146 0.9900 -0.1403
vn 0.0297 0.9906 -0.1336
vn 0.2723 0.9578 -0.0920
vn -0.8155 0.0371 0.5776
vn -0.8176 0.0120 0.5757
vn -0.8215 -0.0580 0.5672
vn 0.7827 0.5898 0.1988
vn 0.7869 0.5829 0.2025
vn 0.8312 0.3460 0.4352
vn 0.8379 0.3602 0.4101
vn 0.7769 0.2568 0.5749
vn 0.5164 0.8558 0.0321
vn 0.5502 0.8337 0.0480
vn 0.3363 0.9405 -0.0485
vn 0.3020 0.9517 -0.0564
vn -0.0231 0.9979 -0.0611
vn -0.0118 0.9986 -0.0506
vn -0.1194 0.9829 -0.1405
vn -0.1108 0.9854 -0.1292
vn -0.1386 0.9561 -0.2582
vn -0.1316 0.9531 -0.2724
vn -0.0672 0.9154 -0.3968
vn 0.4170 -0.0478 0.9077
vn 0.5458 -0.0252 0.8376
vn 0.4344 0.0569 0.8989
vn 0.5514 0.0411 0.8332
vn 0.7450 0.0367 0.6661
vn 0.7540 0.0186 0.6566
vn 0.5321 0.1500 0.8333
vn 0.4961 0.0905 0.8635
vn 0.4530 0.1988 0.8691
vn 0.5060 -0.0054 0.8625
vn 0.4020 0.0906 0.9111
vn 0.4270 0.1519 0.8914
vn 0.3956 0.1129 0.9115
vn 0.3796 0.0868 0.9211
vn 0.5336 0.6415 -0.5511
vn 0.7094 0.5716 -0.4123
vn 0.5149 0.6464 -0.5630
vn 0.3271 0.6762 -0.6602
vn 0.3271 0.6762 -0.6601
vn 0.2423 0.9614 -0.1302
vn 0.2059 0.9651 -0.1620
vn 0.0943 0.9777 -0.1877
vn 0.0892 0.9784 -0.1865
vn -0.0878 0.9944 -0.0581
vn -0.0787 0.9946 -0.0677
vn -0.2188 0.9715 0.0912
vn -0.2244 0.9679 0.1133
vn -0.3665 0.7647 0.5300
vn -0.4295 0.6558 0.6209
vn -0.5128 0.5431 0.6649
vn -0.5257 0.5081 0.6822
vn -0.5717 0.3456 0.7441
vn 0.2075 0.9778 0.0297
vn 0.1576 0.9850 0.0708
vn -0.0390 0.9895 0.1394
vn -0.2309 0.9647 0.1268
vn -0.4976 0.8581 0.1267
vn -0.6602 0.7511 0.0038
vn -0.6559 0.7548 0.0087
vn -0.7708 0.6208 -0.1432
vn -0.6560 0.7547 0.0087
vn 0.0146 0.6924 0.7214
vn 0.2128 0.6429 0.7358
vn 0.0163 0.6910 0.7227
vn -0.0766 0.7030 0.7070
vn -0.0776 0.7055 0.7044
vn -0.0699 0.6849 0.7253
vn -0.1364 0.6100 0.7805
vn 0.3952 0.5766 0.7151
vn 0.3954 0.5764 0.7152
vn -0.9700 0.2254 0.0912
vn -0.9659 0.0926 0.2420
vn -0.9710 0.2126 -0.1094
vn -0.9610 -0.1078 0.2547
vn -0.9582 -0.2586 0.1219
vn 0.4776 0.8336 0.2776
vn -0.1977 0.9268 0.3193
vn 0.4913 0.3945 0.7765
vn -0.1821 0.4293 0.8846
vn -0.6415 0.7231 0.2563
vn -0.6291 0.3287 0.7044
vn 0.4743 0.7913 -0.3858
vn -0.2014 0.8790 -0.4322
vn -0.6444 0.6852 -0.3395
vn 0.4913 0.3944 0.7766
vn 0.5074 -0.2688 0.8187
vn -0.1638 -0.3222 0.9324
vn -0.6147 -0.2670 0.7422
vn -0.1535 -0.8874 0.4346
vn 0.5165 -0.7677 0.3794
vn -0.6065 -0.7150 0.3477
vn 0.4834 0.2925 -0.8251
vn -0.2014 0.8789 -0.4323
vn 0.4743 0.7913 -0.3859
vn -0.1910 0.3137 -0.9301
vn -0.6444 0.6851 -0.3396
vn -0.6363 0.2371 -0.7341
vn -0.1729 -0.4377 -0.8823
vn 0.4994 -0.3708 -0.7830
vn -0.6218 -0.3585 -0.6963
vn -0.1536 -0.8874 0.4347
vn -0.1572 -0.9353 -0.3170
vn 0.5133 -0.8098 -0.2840
vn 0.4994 -0.3709 -0.7830
vn -0.6095 -0.7529 -0.2482
vn -0.1728 -0.4378 -0.8823
vn -0.6218 -0.3586 -0.6963
vn -0.1514 0.9587 -0.2407
vn 0.3814 0.8970 -0.2234
vn 0.3816 0.8969 -0.2236
vn -0.9683 0.0618 -0.2422
vn -0.9634 -0.1387 -0.2294
vn -0.1023 -0.9648 0.2423
vn 0.4267 -0.8777 0.2182
vn 0.4269 -0.8776 0.2183
vn 0.4266 -0.8777 0.2181
vn 0.4265 -0.8778 0.2181
vn -0.9593 -0.2714 -0.0786
vn -0.1173 -0.6161 -0.7789
vn 0.4129 -0.5573 -0.7204
vn 0.4131 -0.5571 -0.7204
vn 0.4129 -0.5572 -0.7204
vn 0.4130 -0.5572 -0.7204
vn 0.3803 0.9107 0.1610
vn 0.3829 0.9055 0.1829
vn 0.3784 0.9095 0.1719
vn 0.3442 0.9183 0.1958
vn 0.3260 0.9157 0.2349
vn 0.2658 0.8447 0.4646
vn 0.4157 -0.8091 -0.4155
vn 0.4201 -0.8125 -0.4042
vn 0.4174 -0.8033 -0.4248
vn 0.3821 -0.8319 -0.4023
vn 0.3645 -0.8545 -0.3701
vn 0.3045 -0.9413 -0.1457
vn 0.6433 0.7064 0.2952
vn 0.4912 0.6792 0.5454
vn 0.5195 0.6916 0.5018
vn 0.7900 0.6006 -0.1231
vn 0.8682 0.4954 -0.0293
vn 0.5525 -0.8333 -0.0193
vn 0.5244 -0.8512 0.0224
vn 0.6741 -0.7138 -0.1900
vn 0.8110 -0.3686 -0.4543
vn 0.8863 -0.3398 -0.3147
vn -0.4315 0.8729 0.2276
vn -0.4340 0.8686 0.2391
vn -0.4348 0.8740 0.2170
vn -0.3952 0.8849 0.2466
vn -0.3717 0.8842 0.2829
vn -0.2745 0.8203 0.5018
vn -0.3977 -0.8401 -0.3688
vn -0.3968 -0.8493 -0.3481
vn -0.3943 -0.8456 -0.3598
vn -0.3573 -0.8653 -0.3516
vn -0.3334 -0.8860 -0.3221
vn -0.2359 -0.9657 -0.1086
vn -0.5060 0.6453 0.5723
vn -0.4711 0.6357 0.6115
vn -0.6578 0.6476 0.3846
vn -0.8501 0.5265 -0.0104
vn -0.9050 0.4153 0.0926
vn -0.6270 -0.7725 -0.1006
vn -0.4380 -0.8946 0.0886
vn -0.4731 -0.8795 0.0512
vn -0.8291 -0.4426 -0.3416
vn -0.8869 -0.4198 -0.1928
vn 0.1994 0.9796 -0.0255
vn 0.2206 0.9754 -0.0023
vn 0.2071 0.9783 -0.0089
vn 0.1816 0.9830 0.0262
vn 0.1960 0.9765 0.0900
vn 0.2821 0.9165 0.2836
vn 0.2446 -0.7594 -0.6028
vn 0.2582 -0.7606 -0.5956
vn 0.2368 -0.7506 -0.6168
vn 0.2199 -0.7856 -0.5783
vn 0.2348 -0.8189 -0.5237
vn 0.3212 -0.8866 -0.3327
vn 0.5179 0.8544 -0.0427
vn 0.5321 0.8042 0.2648
vn 0.5295 0.8213 0.2124
vn 0.4316 0.7401 -0.5157
vn 0.5949 0.6439 -0.4811
vn 0.5637 -0.7583 -0.3274
vn 0.5663 -0.7768 -0.2755
vn 0.5501 -0.6288 -0.5495
vn 0.4531 -0.2527 -0.8549
vn 0.6129 -0.1915 -0.7666
vn -0.3770 0.8076 0.4534
vn -0.3722 0.8021 0.4670
vn -0.3915 0.8069 0.4423
vn -0.3419 0.8300 0.4406
vn -0.2831 0.8365 0.4692
vn -0.0981 0.8055 0.5845
vn -0.3540 -0.9233 -0.1491
vn -0.3346 -0.9339 -0.1263
vn -0.3394 -0.9301 -0.1405
vn -0.3036 -0.9386 -0.1638
vn -0.2443 -0.9589 -0.1444
vn -0.0591 -0.9977 -0.0317
vn -0.0591 -0.9978 -0.0317
vn -0.1730 0.6160 0.7685
vn -0.1190 0.6140 0.7803
vn -0.4183 0.5808 0.6984
vn -0.8022 0.3795 0.4609
vn -0.7648 0.2464 0.5953
vn -0.3861 -0.9024 0.1915
vn -0.0848 -0.9671 0.2400
vn -0.1387 -0.9636 0.2287
vn -0.7806 -0.6130 0.1217
vn -0.7467 -0.5886 0.3099
vn 0.3790 0.8177 0.4333
vn 0.3667 0.8132 0.4518
vn 0.3708 0.8175 0.4407
vn 0.3317 0.8346 0.4397
vn 0.2935 0.8382 0.4597
vn 0.0936 0.7948 0.5996
vn 0.4080 -0.9011 -0.1466
vn 0.4040 -0.9047 -0.1353
vn 0.4162 -0.8964 -0.1525
vn 0.3697 -0.9156 -0.1584
vn 0.3319 -0.9321 -0.1453
vn 0.1323 -0.9912 -0.0107
vn 0.4587 0.5704 0.6814
vn 0.1846 0.5904 0.7857
vn 0.2352 0.5940 0.7693
vn 0.8037 0.4123 0.4291
vn 0.7857 0.2985 0.5418
vn 0.2682 -0.9308 0.2482
vn 0.2177 -0.9400 0.2627
vn 0.4895 -0.8497 0.1961
vn 0.8247 -0.5571 0.0978
vn 0.8038 -0.5369 0.2563
vn -0.2933 0.9560 -0.0066
vn -0.3031 0.9529 0.0006
vn -0.2893 0.9571 -0.0169
vn -0.2745 0.9611 0.0314
vn -0.2787 0.9575 0.0743
vn -0.3495 0.8873 0.3011
vn -0.3495 0.8872 0.3011
vn -0.2523 -0.7570 -0.6027
vn -0.2660 -0.7650 -0.5865
vn -0.2561 -0.7626 -0.5940
vn -0.2367 -0.7891 -0.5668
vn -0.2404 -0.8128 -0.5307
vn -0.3109 -0.8987 -0.3093
vn -0.6057 0.7694 0.2028
vn -0.6045 0.7550 0.2542
vn -0.6082 0.7929 -0.0375
vn -0.5411 0.6927 -0.4769
vn -0.6682 0.6016 -0.4376
vn -0.5775 -0.6271 -0.5227
vn -0.5714 -0.7754 -0.2688
vn -0.5727 -0.7554 -0.3183
vn -0.5202 -0.2765 -0.8081
vn -0.6501 -0.2335 -0.7230
vn 0.3819 0.8281 0.4103
vn 0.3861 0.8317 0.3990
vn 0.3841 0.8225 0.4196
vn 0.3471 0.8494 0.3976
vn 0.3280 0.8711 0.3656
vn 0.2611 0.9548 0.1421
vn 0.4212 -0.8916 -0.1662
vn 0.4233 -0.8862 -0.1881
vn 0.4191 -0.8905 -0.1770
vn 0.3851 -0.9008 -0.2005
vn 0.3664 -0.8992 -0.2393
vn 0.2998 -0.8312 -0.4683
vn 0.5123 0.8587 0.0124
vn 0.4828 0.8753 -0.0289
vn 0.6417 0.7451 0.1816
vn 0.7983 0.4070 0.4439
vn 0.8730 0.3818 0.3033
vn 0.6725 -0.6749 -0.3037
vn 0.5160 -0.6551 -0.5519
vn 0.5454 -0.6661 -0.5087
vn 0.8193 -0.5622 0.1126
vn 0.8911 -0.4534 0.0179
vn -0.4325 0.8203 0.3742
vn -0.4323 0.8296 0.3534
vn -0.4294 0.8260 0.3651
vn -0.3936 0.8474 0.3564
vn -0.3711 0.8693 0.3266
vn -0.2802 0.9534 0.1119
vn -0.2802 0.9534 0.1120
vn -0.3922 -0.8926 -0.2222
vn -0.3951 -0.8884 -0.2337
vn -0.3954 -0.8938 -0.2117
vn -0.3557 -0.9028 -0.2417
vn -0.3328 -0.9010 -0.2783
vn -0.2416 -0.8326 -0.4984
vn -0.6618 0.7417 0.1090
vn -0.4812 0.8727 -0.0826
vn -0.5151 0.8560 -0.0448
vn -0.8448 0.4027 0.3525
vn -0.9033 0.3771 0.2044
vn -0.4821 -0.6688 -0.5659
vn -0.4481 -0.6576 -0.6056
vn -0.6311 -0.6783 -0.3764
vn -0.8238 -0.5665 0.0212
vn -0.8853 -0.4580 -0.0809
vn 0.2160 0.7704 0.5998
vn 0.2294 0.7722 0.5925
vn 0.2088 0.7612 0.6139
vn 0.1897 0.7954 0.5756
vn 0.2023 0.8294 0.5208
vn 0.2827 0.9011 0.3287
vn 0.2828 0.9011 0.3288
vn 0.2462 -0.9690 0.0226
vn 0.2670 -0.9637 -0.0008
vn 0.2536 -0.9673 0.0060
vn 0.2280 -0.9732 -0.0288
vn 0.2411 -0.9660 -0.0928
vn 0.3219 -0.9021 -0.2875
vn 0.5311 0.7844 0.3203
vn 0.5321 0.8030 0.2683
vn 0.5265 0.6546 0.5425
vn 0.4516 0.2741 0.8491
vn 0.6130 0.2206 0.7586
vn 0.5586 -0.8287 0.0355
vn 0.5664 -0.7780 -0.2720
vn 0.5653 -0.7952 -0.2195
vn 0.4731 -0.7186 0.5097
vn 0.6310 -0.6148 0.4731
vn -0.3957 0.9054 0.1539
vn -0.3771 0.9169 0.1309
vn -0.3815 0.9129 0.1451
vn -0.3459 0.9231 0.1680
vn -0.2878 0.9462 0.1478
vn -0.1062 0.9938 0.0329
vn -0.1062 0.9938 0.0328
vn -0.3439 -0.8249 -0.4487
vn -0.3395 -0.8191 -0.4623
vn -0.3582 -0.8249 -0.4374
vn -0.3076 -0.8455 -0.4364
vn -0.2489 -0.8492 -0.4657
vn -0.0671 -0.8093 -0.5835
vn -0.0672 -0.8093 -0.5835
vn -0.4311 0.8829 -0.1862
vn -0.1340 0.9618 -0.2386
vn -0.1875 0.9558 -0.2265
vn -0.8106 0.5749 -0.1114
vn -0.7779 0.5521 -0.3001
vn -0.1533 -0.6238 -0.7664
vn -0.0997 -0.6192 -0.7789
vn -0.3989 -0.6004 -0.6931
vn -0.7890 -0.4176 -0.4506
vn -0.7598 -0.2830 -0.5854
vn 0.3664 0.9196 0.1416
vn 0.3620 0.9230 0.1303
vn 0.3748 0.9153 0.1474
vn 0.3275 0.9322 0.1539
vn 0.2889 0.9469 0.1413
vn 0.0850 0.9963 0.0094
vn 0.4120 -0.7988 -0.4384
vn 0.3993 -0.7949 -0.4568
vn 0.4036 -0.7990 -0.4458
vn 0.3655 -0.8180 -0.4443
vn 0.3272 -0.8233 -0.4637
vn 0.1237 -0.7896 -0.6010
vn 0.2203 0.9425 -0.2513
vn 0.1692 0.9492 -0.2652
vn 0.4457 0.8721 -0.2021
vn 0.7958 0.5958 -0.1084
vn 0.7738 0.5745 -0.2666
vn 0.4764 -0.5481 -0.6875
vn 0.2023 -0.5811 -0.7883
vn 0.2533 -0.5824 -0.7724
vn 0.8168 -0.3736 -0.4396
vn 0.7919 -0.2609 -0.5521
vn -0.2802 0.7443 0.6062
vn -0.2945 0.7517 0.5901
vn -0.2844 0.7497 0.5975
vn -0.2667 0.7771 0.5701
vn -0.2719 0.8004 0.5342
vn -0.3493 0.8830 0.3136
vn -0.2473 -0.9689 0.0102
vn -0.2573 -0.9663 0.0031
vn -0.2431 -0.9698 0.0204
vn -0.2288 -0.9731 -0.0281
vn -0.2336 -0.9697 -0.0708
vn -0.3107 -0.9030 -0.2968
vn -0.5998 0.5991 0.5304
vn -0.6042 0.7474 0.2764
vn -0.6039 0.7274 0.3259
vn -0.5223 0.2516 0.8148
vn -0.6511 0.2024 0.7315
vn -0.5709 -0.7975 -0.1952
vn -0.5711 -0.7830 -0.2466
vn -0.5692 -0.8210 0.0449
vn -0.5013 -0.7175 0.4836
vn -0.6330 -0.6327 0.4461
vn 0.4889 -0.0819 0.8685
vn 0.5249 -0.0797 0.8474
vn 0.5115 -0.1439 0.8471
vn 0.5706 -0.1211 0.8122
vn 0.4723 0.1251 0.8725
vn 0.3815 0.1463 0.9127
vn -0.2603 0.4133 0.8726
vn -0.3350 0.3981 0.8540
vn 0.3415 0.7679 0.5420
vn 0.3685 0.7348 0.5695
vn 0.3530 -0.1790 0.9183
vn 0.2433 0.9503 0.1941
vn 0.1004 0.9698 0.2222
vn -0.0105 0.9835 0.1805
vn 0.0612 0.9449 0.3217
vn 0.0271 0.9730 0.2292
vn -0.2537 0.6375 0.7274
vn -0.1261 0.6722 0.7295
vn 0.0206 0.7623 0.6469
vn 0.0141 0.7925 0.6097
vn 0.0828 0.3627 0.9282
vn 0.0158 0.9684 0.2489
vn -0.0359 0.9456 0.3234
vn -0.0861 0.9518 0.2943
vn -0.0881 0.9429 0.3212
vn -0.0835 0.9372 0.3386
vn -0.0837 0.9427 0.3231
vn -0.0933 0.9525 0.2898
vn -0.0839 0.9479 0.3074
vn -0.0881 0.9416 0.3249
vn 0.0179 0.9185 0.3949
vn -0.0853 0.9323 0.3515
vn -0.0923 0.9300 0.3557
vn 0.0297 0.9102 0.4130
vn -0.0064 0.8885 0.4589
vn 0.1032 0.9041 0.4146
vn 0.2466 0.8728 0.4212
vn 0.3600 0.9329 -0.0108
vn 0.3340 0.9420 0.0320
vn 0.4652 0.4704 -0.7499
vn 0.3272 0.4231 -0.8449
vn 0.4503 0.6368 -0.6259
vn 0.5017 0.4598 -0.7327
vn 0.4878 0.4087 -0.7714
vn 0.5480 0.4059 -0.7314
vn 0.3587 0.6773 -0.6424
vn -0.2794 0.8582 -0.4306
vn -0.3537 0.8342 -0.4232
vn -0.2670 0.9470 -0.1788
vn -0.1392 0.9768 -0.1626
vn 0.0105 0.9989 -0.0460
vn 0.0052 1.0000 0.0021
vn 0.0617 0.8553 -0.5145
vn 0.7782 0.5683 -0.2672
vn 0.9380 0.2734 0.2130
vn 0.5509 0.7613 0.3420
vn 0.4427 0.5114 0.7366
vn 0.9069 0.1404 0.3972
vn 0.0394 0.4180 0.9076
vn 0.5578 0.7889 -0.2578
vn -0.2372 0.4960 0.8353
vn -0.1989 0.5580 0.8056
vn -0.4189 0.3088 0.8539
vn -0.5935 0.2187 0.7745
vn -0.6860 -0.0178 0.7274
vn -0.5997 -0.0100 0.8002
vn -0.6802 -0.0169 0.7328
vn -0.6394 0.1557 0.7529
vn -0.6002 0.0143 0.7997
vn -0.3495 0.6494 0.6754
vn -0.2428 0.3454 0.9065
vn -0.3253 0.6167 0.7168
vn -0.3640 0.7021 0.6120
vn -0.4359 0.0394 0.8991
vn -0.0683 0.3565 0.9318
vn -0.1954 0.1171 0.9737
vn -0.0358 0.1875 0.9816
vn -0.5765 0.3116 0.7553
vn -0.3673 0.7272 0.5800
vn -0.3158 0.7926 0.5216
vn -0.3350 0.8042 0.4910
vn -0.6649 0.6876 0.2917
vn -0.3744 0.2290 0.8986
vn -0.5179 0.6839 0.5139
vn -0.4652 0.8776 0.1158
vn -0.5584 0.8250 -0.0868
vn 0.1464 0.6499 0.7458
vn 0.0712 0.7020 0.7086
vn -0.2923 0.9516 0.0952
vn -0.2368 0.8881 -0.3940
vn 0.0487 0.9988 -0.0098
vn 0.0297 0.9113 0.4106
vn -0.6916 0.6297 0.3537
vn -0.8242 0.4987 0.2685
vn -0.6710 0.5349 0.5135
vn -0.7326 0.4209 0.5349
vn -0.3308 0.4100 0.8500
vn 0.1834 0.3819 0.9058
vn 0.4864 0.5109 0.7088
vn -0.3192 0.2571 0.9121
vn 0.2259 0.2100 0.9512
vn 0.5756 0.8101 0.1116
vn 0.5566 0.2565 0.7902
vn 0.7511 0.5460 0.3711
vn 0.4761 0.8629 -0.1695
vn 0.6371 0.7591 -0.1339
vn 0.4453 0.8190 -0.3619
vn 0.0576 0.8898 -0.4527
vn 0.0402 0.7909 -0.6106
vn -0.7326 0.4208 0.5350
vn -0.2188 0.8040 -0.5529
vn 0.1131 0.9311 0.3468
vn 0.0744 0.9363 0.3433
vn 0.1117 0.9313 0.3468
vn 0.0745 0.9364 0.3429
vn 0.1380 0.9343 0.3286
vn 0.1383 0.9345 0.3280
vn 0.1411 0.9372 0.3190
vn 0.0761 0.9431 0.3236
vn 0.0807 0.9436 0.3210
vn 0.0796 0.9639 0.2540
vn 0.0536 0.9452 0.3220
vn 0.0529 0.9556 0.2900
vn 0.0211 0.9462 0.3228
vn 0.0203 0.9533 0.3015
vn 0.0317 0.7955 0.6051
vn 0.1003 0.9698 0.2222
vn 0.0083 0.7249 0.6888
vn 0.0256 0.7177 0.6959
vn 0.0636 0.7148 0.6965
vn 0.0635 0.7146 0.6966
vn 0.0971 0.7037 0.7038
vn 0.1124 0.6964 0.7088
vn 0.0080 0.7148 0.6993
vn 0.0085 0.7153 0.6988
vn 0.0120 0.7109 0.7032
vn 0.0121 0.7108 0.7033
vn 0.0216 0.6939 0.7197
vn 0.0220 0.6932 0.7204
vn 0.0473 0.6979 0.7146
vn 0.0342 0.6796 0.7328
vn 0.1328 0.7260 0.6748
vn 0.0618 0.7105 0.7010
vn 0.0724 0.6932 0.7171
vn 0.0759 0.6910 0.7189
vn 0.1364 0.6513 0.7465
vn 0.1456 0.6831 0.7156
vn 0.1460 0.6814 0.7172
vn 0.2967 0.2315 0.9265
vn 0.2209 0.3600 0.9064
vn 0.2933 0.2397 0.9255
vn 0.2093 0.3732 0.9038
vn 0.1353 0.4270 0.8941
vn 0.1331 0.4263 0.8948
vn 0.0750 0.4066 0.9105
vn 0.3220 0.1716 0.9311
vn 0.3275 0.1710 0.9292
vn 0.3564 0.1678 0.9191
vn 0.0294 0.6483 -0.7608
vn 0.0702 0.6661 -0.7425
vn 0.0290 0.6481 -0.7610
vn 0.0025 0.6044 -0.7966
vn 0.0037 0.6083 -0.7937
vn -0.0308 0.5596 -0.8282
vn -0.0276 0.5619 -0.8267
vn -0.0439 0.5498 -0.8342
vn -0.6476 0.5115 0.5648
vn -0.6477 0.5114 0.5648
vn -0.3069 0.3018 -0.9026
vn -0.3703 0.2932 -0.8814
vn -0.3079 0.3017 -0.9023
vn -0.1014 0.3198 -0.9420
vn -0.1006 0.3198 -0.9421
vn -0.0382 0.3224 -0.9458
vn -0.0380 0.3224 -0.9458
vn -0.0320 0.3226 -0.9460
vn -0.0337 0.3226 -0.9460
vn -0.0341 0.3225 -0.9459
vn -0.0378 0.3224 -0.9458
vn 0.6476 0.2589 -0.7166
vn -0.5405 0.5465 0.6397
vn -0.4571 0.5450 0.7029
vn -0.5595 0.5460 0.6236
vn -0.6156 0.5423 0.5717
vn 0.4278 0.8589 -0.2814
vn 0.9345 0.3549 -0.0258
vn 0.5485 0.8164 0.1806
vn 0.7900 0.2932 0.5384
vn 0.8974 0.3621 -0.2521
vn 0.0193 0.8861 -0.4632
vn 0.4736 0.8544 0.2136
vn -0.2547 0.9010 -0.3511
vn -0.2150 0.9324 -0.2907
vn -0.4383 0.7627 -0.4756
vn -0.6117 0.6413 -0.4633
vn -0.7049 0.4245 -0.5682
vn -0.6205 0.4760 -0.6232
vn -0.6993 0.4286 -0.5721
vn -0.6575 0.5778 -0.4836
vn -0.3612 0.9237 -0.1278
vn -0.2633 0.8254 -0.4993
vn -0.3385 0.9233 -0.1813
vn -0.3737 0.9265 -0.0451
vn -0.4589 0.5771 -0.6756
vn -0.0896 0.8512 -0.5172
vn -0.2198 0.6862 -0.6934
vn -0.2634 0.8254 -0.4993
vn -0.5933 0.7033 -0.3917
vn -0.6208 0.4949 -0.6079
vn -0.3758 0.9267 -0.0044
vn -0.3223 0.9432 0.0804
vn -0.3406 0.9335 0.1122
vn -0.5250 0.8507 0.0253
vn -0.3957 0.7273 -0.5608
vn -0.6662 0.7164 0.2073
vn -0.4602 0.7610 0.4573
vn -0.5485 0.5948 0.5876
vn 0.1326 0.9715 -0.1963
vn 0.0589 0.9894 -0.1330
vn -0.2862 0.8085 0.5142
vn -0.2184 0.4596 0.8608
vn 0.0578 0.7847 0.6172
vn 0.0271 0.9724 0.2318
vn -0.6950 0.7084 0.1234
vn -0.8265 0.5513 0.1141
vn -0.6794 0.7312 -0.0614
vn -0.7425 0.6536 -0.1466
vn -0.3492 0.8412 -0.4128
vn 0.1630 0.8577 -0.4876
vn 0.4722 0.8420 -0.2609
vn -0.3407 0.7583 -0.5558
vn 0.2027 0.7498 -0.6298
vn 0.5797 0.7144 0.3919
vn 0.5379 0.6912 -0.4826
vn 0.7460 0.6657 0.0206
vn 0.4882 0.5833 0.6492
vn 0.6472 0.5245 0.5533
vn 0.4620 0.4306 0.7753
vn 0.0775 0.4278 0.9005
vn 0.0632 0.2528 0.9654
vn -0.1970 0.2961 0.9346
vn 0.0738 0.9512 0.2995
vn 0.0738 0.9514 0.2990
vn 0.1109 0.9499 0.2922
vn 0.1123 0.9498 0.2921
vn 0.1377 0.9414 0.3078
vn 0.1380 0.9412 0.3084
vn 0.1411 0.9378 0.3171
vn 0.0760 0.9448 0.3187
vn 0.0538 0.9339 0.3536
vn 0.0815 0.9187 0.3865
vn 0.0210 0.9388 0.3439
vn 0.0229 0.9997 0.0070
vn -0.0033 0.9948 -0.1017
vn 0.0136 0.9936 -0.1122
vn 0.0517 0.9920 -0.1154
vn 0.0516 0.9920 -0.1154
vn 0.0849 0.9880 -0.1288
vn 0.1000 0.9854 -0.1376
vn -0.0040 0.9932 -0.1162
vn -0.0034 0.9933 -0.1155
vn -0.0001 0.9926 -0.1217
vn -0.0000 0.9925 -0.1220
vn 0.0090 0.9893 -0.1455
vn 0.0093 0.9892 -0.1464
vn 0.0348 0.9896 -0.1397
vn 0.0211 0.9861 -0.1649
vn 0.1213 0.9882 -0.0934
vn 0.0497 0.9913 -0.1215
vn 0.0597 0.9876 -0.1452
vn 0.0632 0.9870 -0.1480
vn 0.1226 0.9730 -0.1957
vn 0.1329 0.9794 -0.1520
vn 0.1333 0.9790 -0.1543
vn 0.1889 0.8498 -0.4921
vn 0.2003 0.8411 -0.5025
vn 0.2711 0.7582 -0.5930
vn 0.2744 0.7523 -0.5989
vn 0.1156 0.8857 -0.4496
vn 0.1134 0.8856 -0.4505
vn 0.0547 0.8791 -0.4735
vn 0.2990 0.7079 -0.6399
vn 0.3046 0.7064 -0.6389
vn 0.3337 0.6980 -0.6336
vn 0.0548 0.0478 0.9974
vn 0.0956 0.0736 0.9927
vn 0.0552 0.0480 0.9973
vn 0.0288 -0.0088 0.9995
vn 0.0300 -0.0040 0.9995
vn -0.0040 -0.0639 0.9979
vn -0.0009 -0.0611 0.9981
vn -0.0171 -0.0754 0.9970
vn -0.6576 0.7442 -0.1170
vn -0.6577 0.7442 -0.1170
vn -0.6577 0.7441 -0.1171
vn -0.3444 -0.3103 0.8861
vn -0.2814 -0.3158 0.9061
vn -0.2808 -0.3158 0.9063
vn -0.0738 -0.3239 0.9432
vn -0.0730 -0.3239 0.9433
vn -0.0106 -0.3236 0.9461
vn -0.0043 -0.3235 0.9462
vn -0.0060 -0.3235 0.9462
vn -0.0064 -0.3235 0.9462
vn -0.2804 -0.3158 0.9064
vn -0.0101 -0.3236 0.9462
vn 0.6685 -0.2275 0.7081
vn -0.5707 0.8083 -0.1447
vn -0.4704 0.8569 -0.2107
vn -0.5522 0.8187 -0.1575
vn -0.6255 0.7732 -0.1044
vn 0.3895 0.0802 0.9175
vn 0.1525 0.9360 0.3173
vn 0.4326 0.8551 0.2856
vn 0.1730 0.5727 0.8013
vn 0.3847 0.4418 0.8104
vn -0.0801 0.6500 0.7557
vn -0.3439 0.1671 0.9240
vn 0.0920 0.1667 0.9817
vn -0.4725 -0.2942 0.8308
vn 0.0534 -0.3219 0.9453
vn 0.2722 -0.3059 0.9123
vn -0.6150 0.0555 0.7866
vn -0.6223 -0.2652 0.7365
vn -0.4520 0.0164 0.8919
vn -0.4644 -0.2954 0.8349
vn -0.3048 0.6861 0.6606
vn -0.4793 0.4837 0.7323
vn -0.0177 0.8136 0.5811
vn -0.0215 0.9460 0.3233
vn -0.0476 0.8742 0.4832
vn -0.0101 0.8253 0.5646
vn 0.0470 0.8774 0.4774
vn -0.0474 0.8157 0.5766
vn -0.0812 0.8397 0.5370
vn -0.0365 0.8415 0.5390
vn -0.0636 0.8795 0.4717
vn -0.0364 0.8549 0.5175
vn -0.0582 0.9016 0.4287
vn -0.0811 0.8747 0.4778
vn -0.0602 0.8981 0.4356
vn -0.0415 0.8931 0.4479
vn -0.0415 0.9454 0.3234
vn -0.0638 0.8940 0.4435
vn -0.0493 0.9450 0.3234
vn -0.0303 0.8882 0.4585
vn -0.0778 0.9031 0.4224
vn -0.0357 0.9020 0.4302
vn 0.2332 0.7924 0.5637
vn 0.1954 0.6309 0.7508
vn 0.0065 0.9464 0.3230
vn 0.0080 0.9474 0.3200
vn 0.7041 0.2794 0.6528
vn 0.4091 0.1474 0.9005
vn 0.0352 0.4989 0.8659
vn 0.0920 0.0587 0.9940
vn -0.1925 0.5016 0.8434
vn -0.1022 0.9417 0.3207
vn -0.1923 0.0107 0.9813
vn -0.2571 0.5436 0.7990
vn -0.3138 -0.0111 0.9494
vn 0.8776 0.4729 0.0781
vn 0.2655 0.8968 0.3539
vn 0.5933 0.6011 -0.5354
vn 0.2090 0.9779 -0.0063
vn 0.0398 0.6200 -0.7836
vn 0.0348 0.8355 -0.5484
vn -0.1599 0.8614 0.4821
vn -0.1416 0.9362 0.3217
vn -0.3197 0.5808 -0.7486
vn -0.1491 0.8416 -0.5191
vn 0.0299 0.8673 -0.4969
vn 0.0126 0.7120 -0.7021
vn -0.1383 0.9137 0.3820
vn -0.1063 0.8985 0.4260
vn -0.0575 0.8678 0.4935
vn -0.0370 0.9098 0.4134
vn -0.0305 0.9151 0.4021
vn 0.5834 0.6512 -0.4853
vn 0.4453 0.8524 -0.2739
vn 0.1152 0.9894 0.0888
vn -0.0854 0.9257 0.3686
vn 0.2518 0.5925 0.7652
vn -0.2582 0.5440 0.7983
vn -0.0320 0.9457 0.3234
vn -0.0674 0.9780 0.1976
vn -0.0344 0.9828 0.1813
vn -0.0807 0.9721 0.2201
vn -0.0389 0.9764 0.2123
vn 0.2255 0.9737 0.0326
vn 0.1825 0.9601 -0.2120
vn 0.6892 0.6265 -0.3639
vn 0.3881 0.6714 -0.6314
vn 0.0183 0.9233 -0.3836
vn 0.0664 0.6566 -0.7513
vn -0.2118 0.9111 -0.3535
vn -0.2193 0.6071 -0.7637
vn -0.2731 0.9164 -0.2927
vn -0.3387 0.5690 -0.7494
vn 0.8795 0.4298 0.2044
vn 0.2642 0.9283 0.2616
vn 0.6125 0.1536 0.7754
vn 0.2133 0.7680 0.6039
vn -0.1441 0.9536 0.2645
vn -0.1187 0.9266 0.3569
vn -0.1094 0.9704 0.2153
vn -0.0626 0.9879 0.1418
vn -0.0396 0.9723 0.2304
vn 0.0659 0.0118 0.9978
vn 0.0345 0.2965 0.9544
vn 0.0781 0.7196 0.6900
vn -0.2947 -0.0010 0.9556
vn -0.1243 0.2998 0.9459
vn 0.0479 0.3439 0.9378
vn 0.0374 0.1341 0.9903
vn 0.6018 0.2237 0.7667
vn 0.4373 0.4651 0.7697
vn -0.0328 0.9696 0.2423
vn 0.1570 0.9447 -0.2880
vn 0.3673 0.8485 -0.3809
vn -0.0941 0.9757 -0.1980
vn -0.3666 0.6941 -0.6196
vn 0.0677 0.7330 -0.6768
vn -0.4967 0.2710 -0.8245
vn 0.0257 0.3238 -0.9458
vn 0.2454 0.3183 -0.9157
vn -0.6349 0.5194 -0.5719
vn -0.6438 0.2349 -0.7283
vn -0.4751 0.5543 -0.6834
vn -0.4887 0.2726 -0.8287
vn -0.3159 0.9440 -0.0948
vn -0.4940 0.8262 -0.2708
vn -0.0257 0.9989 0.0384
vn -0.0524 0.9867 0.1537
vn -0.0175 0.9981 0.0584
vn 0.0423 0.9866 0.1577
vn -0.0552 0.9975 0.0440
vn -0.0877 0.9920 0.0909
vn -0.0431 0.9951 0.0893
vn -0.0681 0.9837 0.1664
vn -0.0423 0.9925 0.1144
vn -0.0614 0.9750 0.2137
vn -0.0857 0.9835 0.1591
vn -0.0636 0.9764 0.2063
vn -0.0447 0.9801 0.1932
vn -0.0749 0.9830 0.1678
vn -0.0819 0.9833 0.1627
vn 0.2370 0.9389 -0.2495
vn -0.2742 0.9163 -0.2919
vn -0.1647 0.9749 0.1497
vn -0.1022 0.9417 0.3206
vn 0.5762 -0.3791 0.7241
vn 0.5327 -0.4351 0.7259
vn 0.5167 -0.3847 0.7649
vn 0.4968 -0.4474 0.7436
vn 0.4883 -0.6143 0.6199
vn 0.3988 -0.6592 0.6375
vn -0.2326 -0.8705 0.4338
vn -0.3080 -0.8500 0.4274
vn 0.3781 -0.9250 -0.0366
vn 0.4043 -0.9146 0.0058
vn 0.3579 -0.4067 0.8405
vn 0.2825 -0.8601 -0.4247
vn 0.1408 -0.8983 -0.4161
vn 0.0301 -0.8879 -0.4590
vn 0.1021 -0.9409 -0.3228
vn 0.0677 -0.9079 -0.4137
vn -0.2191 -0.9586 0.1820
vn -0.0902 -0.9823 0.1641
vn 0.0586 -0.9972 0.0456
vn 0.0527 -0.9986 -0.0025
vn 0.1089 -0.8513 0.5133
vn 0.0565 -0.9168 -0.3954
vn 0.0051 -0.9463 -0.3232
vn -0.0453 -0.9354 -0.3507
vn -0.0473 -0.9448 -0.3241
vn -0.0425 -0.9509 -0.3066
vn -0.0428 -0.9457 -0.3223
vn -0.0525 -0.9335 -0.3548
vn -0.0430 -0.9402 -0.3378
vn -0.0472 -0.9462 -0.3203
vn 0.0587 -0.9666 -0.2493
vn -0.0444 -0.9550 -0.2934
vn -0.0515 -0.9560 -0.2888
vn 0.0704 -0.9707 -0.2298
vn 0.0342 -0.9829 -0.1807
vn 0.1436 -0.9640 -0.2239
vn 0.2858 -0.9377 -0.1975
vn 0.3958 -0.7164 -0.5745
vn 0.3706 -0.7509 -0.5466
vn 0.4731 0.1051 -0.8747
vn 0.3321 0.1954 -0.9228
vn 0.4663 -0.1027 -0.8786
vn 0.5095 0.1044 -0.8541
vn 0.4930 0.1679 -0.8537
vn 0.5536 0.1479 -0.8195
vn 0.3762 -0.1282 -0.9176
vn -0.2517 -0.4255 -0.8692
vn -0.3267 -0.4139 -0.8497
vn -0.2324 -0.6491 -0.7243
vn -0.1033 -0.6777 -0.7281
vn 0.0485 -0.7606 -0.6474
vn 0.0439 -0.7912 -0.6100
vn 0.0877 -0.3587 -0.9293
vn 0.4719 -0.8375 0.2756
vn 0.9507 -0.3099 0.0137
vn 0.5845 -0.7893 -0.1880
vn 0.7961 -0.2553 -0.5487
vn 0.9169 -0.3188 0.2403
vn 0.0675 -0.8840 0.4626
vn 0.5111 -0.8309 -0.2200
vn -0.2068 -0.9121 0.3541
vn -0.1665 -0.9414 0.2932
vn -0.3952 -0.7826 0.4810
vn -0.5743 -0.6696 0.4710
vn -0.6765 -0.4575 0.5771
vn -0.5889 -0.5049 0.6311
vn -0.6706 -0.4613 0.5810
vn -0.6229 -0.6083 0.4919
vn -0.5886 -0.5238 0.6158
vn -0.3151 -0.9398 0.1323
vn -0.2172 -0.8369 0.5025
vn -0.2917 -0.9384 0.1854
vn -0.3284 -0.9432 0.0497
vn -0.4221 -0.5981 0.6813
vn -0.0421 -0.8543 0.5180
vn -0.1778 -0.6957 0.6959
vn -0.5539 -0.7307 0.3991
vn -0.3312 -0.9435 0.0090
vn -0.2779 -0.9576 -0.0765
vn -0.2971 -0.9487 -0.1081
vn -0.4841 -0.8748 -0.0187
vn -0.3533 -0.7451 0.5657
vn -0.6339 -0.7474 -0.1987
vn -0.4293 -0.7822 -0.4516
vn -0.5271 -0.6205 -0.5807
vn 0.1814 -0.9640 0.1943
vn 0.1079 -0.9854 0.1320
vn -0.2539 -0.8214 -0.5108
vn -0.2074 -0.4698 -0.8581
vn 0.0872 -0.7812 -0.6182
vn 0.0704 -0.9701 -0.2324
vn -0.6619 -0.7408 -0.1146
vn -0.8006 -0.5902 -0.1035
vn -0.6429 -0.7627 0.0701
vn -0.7085 -0.6882 0.1561
vn -0.3034 -0.8567 0.4171
vn 0.2100 -0.8488 0.4852
vn 0.5152 -0.8184 0.2545
vn -0.2970 -0.7735 0.5599
vn 0.2464 -0.7391 0.6269
vn 0.6080 -0.6860 -0.3996
vn 0.5766 -0.6645 0.4754
vn 0.7765 -0.6294 -0.0305
vn 0.5070 -0.5596 -0.6556
vn 0.6642 -0.4932 -0.5617
vn 0.7765 -0.6293 -0.0307
vn 0.4719 -0.4084 -0.7814
vn 0.0861 -0.4239 -0.9016
vn 0.0627 -0.2499 -0.9662
vn -0.7085 -0.6882 0.1562
vn -0.1947 -0.3055 -0.9321
vn 0.1153 -0.9467 -0.3007
vn 0.1152 -0.9469 -0.3002
vn 0.1523 -0.9436 -0.2939
vn 0.1537 -0.9434 -0.2939
vn 0.1785 -0.9339 -0.3099
vn 0.1787 -0.9336 -0.3105
vn 0.1815 -0.9301 -0.3192
vn 0.1816 -0.9301 -0.3192
vn 0.1169 -0.9402 -0.3200
vn 0.0937 -0.9304 -0.3544
vn 0.1203 -0.9139 -0.3877
vn 0.0944 -0.9417 -0.3229
vn 0.1215 -0.9388 -0.3223
vn 0.0621 -0.9443 -0.3233
vn 0.0613 -0.9368 -0.3444
vn 0.0705 -0.9975 -0.0076
vn 0.1020 -0.9410 -0.3228
vn 0.0455 -0.9938 0.1015
vn 0.0625 -0.9918 0.1117
vn 0.1005 -0.9883 0.1144
vn 0.1004 -0.9883 0.1144
vn 0.1337 -0.9828 0.1274
vn 0.1487 -0.9795 0.1360
vn 0.0449 -0.9922 0.1159
vn 0.0455 -0.9923 0.1153
vn 0.0488 -0.9914 0.1214
vn 0.0490 -0.9914 0.1215
vn 0.0580 -0.9877 0.1450
vn 0.0584 -0.9875 0.1461
vn 0.0838 -0.9868 0.1389
vn 0.0702 -0.9839 0.1643
vn 0.1695 -0.9813 0.0915
vn 0.0986 -0.9878 0.1206
vn 0.1087 -0.9836 0.1442
vn 0.1121 -0.9828 0.1469
vn 0.1714 -0.9659 0.1938
vn 0.1814 -0.9719 0.1501
vn 0.1818 -0.9715 0.1523
vn 0.2356 -0.8397 0.4893
vn 0.2468 -0.8304 0.4996
vn 0.3146 -0.7442 0.5892
vn 0.3177 -0.7382 0.5951
vn 0.1635 -0.8791 0.4478
vn 0.1614 -0.8790 0.4487
vn 0.1027 -0.8753 0.4725
vn 0.3407 -0.6927 0.6357
vn 0.3462 -0.6909 0.6347
vn 0.3748 -0.6810 0.6291
vn 0.0441 -0.0454 -0.9980
vn 0.0861 -0.0693 -0.9939
vn 0.0444 -0.0456 -0.9980
vn 0.0154 0.0099 -0.9998
vn 0.0168 0.0051 -0.9998
vn -0.0200 0.0634 -0.9978
vn -0.0167 0.0608 -0.9980
vn -0.0336 0.0742 -0.9967
vn -0.6198 -0.7747 0.1253
vn -0.6199 -0.7746 0.1253
vn -0.5296 -0.8346 0.1518
vn -0.4263 -0.8783 0.2165
vn -0.5104 -0.8441 0.1644
vn -0.5865 -0.8021 0.1123
vn 0.8079 -0.5304 0.2569
vn 0.9472 -0.2284 -0.2252
vn 0.5821 -0.7342 -0.3493
vn 0.4570 -0.4899 -0.7424
vn 0.9074 -0.0971 -0.4090
vn 0.0475 -0.4160 -0.9081
vn 0.5092 -0.7874 -0.3475
vn -0.2242 -0.5070 -0.8323
vn -0.1825 -0.5672 -0.8031
vn -0.4147 -0.3286 -0.8485
vn -0.5924 -0.2470 -0.7668
vn -0.6954 -0.0151 -0.7184
vn -0.6098 -0.0189 -0.7923
vn -0.6897 -0.0158 -0.7239
vn -0.6410 -0.1862 -0.7446
vn -0.3268 -0.6655 -0.6710
vn -0.2377 -0.3568 -0.9034
vn -0.3048 -0.6317 -0.7127
vn -0.3380 -0.7189 -0.6074
vn -0.4452 -0.0604 -0.8934
vn -0.0633 -0.3596 -0.9310
vn -0.2022 -0.1265 -0.9711
vn -0.2378 -0.3569 -0.9034
vn -0.5707 -0.3391 -0.7479
vn -0.6092 -0.0432 -0.7918
vn -0.3397 -0.7440 -0.5754
vn -0.2843 -0.8069 -0.5178
vn -0.3026 -0.8194 -0.4869
vn -0.6351 -0.7186 -0.2832
vn -0.3747 -0.2468 -0.8937
vn -0.4912 -0.7080 -0.5074
vn -0.4243 -0.8988 -0.1099
vn -0.5172 -0.8507 0.0936
vn 0.1676 -0.6423 -0.7479
vn 0.0956 -0.6980 -0.7097
vn -0.2477 -0.9645 -0.0917
vn -0.1890 -0.8982 0.3968
vn 0.0964 -0.9953 0.0089
vn 0.0678 -0.9090 -0.4113
vn -0.6653 -0.6621 -0.3450
vn -0.8029 -0.5374 -0.2581
vn -0.6513 -0.5665 -0.5049
vn -0.7185 -0.4554 -0.5257
vn -0.3219 -0.4255 -0.8458
vn 0.1896 -0.3730 -0.9083
vn 0.5010 -0.4874 -0.7152
vn -0.3185 -0.2723 -0.9080
vn 0.2233 -0.1993 -0.9542
vn 0.6121 -0.7817 -0.1193
vn 0.5579 -0.2299 -0.7974
vn 0.7714 -0.5097 -0.3810
vn 0.5190 -0.8391 0.1630
vn 0.6743 -0.7278 0.1253
vn 0.7714 -0.5096 -0.3810
vn 0.4885 -0.7967 0.3558
vn 0.1059 -0.8859 0.4516
vn 0.0858 -0.7880 0.6097
vn -0.1729 -0.8134 0.5554
vn 0.1529 -0.9248 -0.3485
vn 0.1146 -0.9317 -0.3446
vn 0.1515 -0.9250 -0.3485
vn 0.1146 -0.9319 -0.3441
vn 0.1782 -0.9268 -0.3307
vn 0.1784 -0.9269 -0.3301
vn 0.1815 -0.9295 -0.3210
vn 0.1815 -0.9295 -0.3211
vn 0.1168 -0.9385 -0.3249
vn 0.1222 -0.9591 -0.2553
vn 0.0946 -0.9520 -0.2910
vn 0.0619 -0.9513 -0.3021
vn 0.0617 -0.7933 -0.6057
vn 0.0339 -0.7239 -0.6891
vn 0.0506 -0.7158 -0.6964
vn 0.0886 -0.7112 -0.6974
vn 0.0885 -0.7111 -0.6975
vn 0.1215 -0.6985 -0.7052
vn 0.1363 -0.6905 -0.7104
vn 0.0330 -0.7138 -0.6996
vn 0.0335 -0.7142 -0.6991
vn 0.0368 -0.7097 -0.7035
vn 0.0369 -0.7096 -0.7037
vn 0.0454 -0.6923 -0.7202
vn 0.0457 -0.6915 -0.7209
vn 0.0713 -0.6951 -0.7154
vn 0.0570 -0.6774 -0.7334
vn 0.1586 -0.7190 -0.6767
vn 0.0865 -0.7070 -0.7019
vn 0.0960 -0.6891 -0.7183
vn 0.0994 -0.6868 -0.7200
vn 0.1576 -0.6442 -0.7484
vn 0.1687 -0.6756 -0.7177
vn 0.1690 -0.6739 -0.7192
vn 0.1691 -0.6739 -0.7192
vn 0.2954 -0.2174 -0.9303
vn 0.2261 -0.3493 -0.9093
vn 0.2924 -0.2257 -0.9293
vn 0.2152 -0.3631 -0.9066
vn 0.1439 -0.4203 -0.8959
vn 0.1417 -0.4197 -0.8965
vn 0.0825 -0.4028 -0.9116
vn 0.3177 -0.1563 -0.9352
vn 0.3232 -0.1554 -0.9335
vn 0.3521 -0.1509 -0.9237
vn 0.0702 -0.6459 0.7602
vn 0.1115 -0.6618 0.7414
vn 0.0698 -0.6458 0.7603
vn 0.0417 -0.6033 0.7964
vn 0.0430 -0.6072 0.7934
vn 0.0067 -0.5601 0.8284
vn 0.0100 -0.5623 0.8269
vn -0.0068 -0.5510 0.8345
vn -0.6298 -0.5418 -0.5565
vn -0.6298 -0.5419 -0.5565
vn -0.5221 -0.5719 -0.6328
vn -0.4396 -0.5664 -0.6971
vn -0.5408 -0.5723 -0.6165
vn -0.5964 -0.5712 -0.5639
vn 0.2056 -0.9360 0.2857
vn 0.4692 -0.8336 -0.2915
vn 0.1928 -0.9277 -0.3196
vn 0.4122 -0.8300 0.3759
vn -0.0448 -0.9790 0.1989
vn -0.3249 -0.7106 0.6241
vn 0.1114 -0.7287 0.6757
vn -0.6019 -0.5489 0.5800
vn -0.4392 -0.5762 0.6893
vn -0.2693 -0.9580 0.0986
vn -0.4505 -0.8488 0.2769
vn 0.0215 -0.9990 -0.0384
vn 0.0195 -0.9461 -0.3233
vn -0.0072 -0.9882 -0.1533
vn 0.0294 -0.9978 -0.0586
vn 0.0872 -0.9835 -0.1584
vn -0.0080 -0.9990 -0.0436
vn -0.0414 -0.9951 -0.0902
vn 0.0032 -0.9960 -0.0890
vn -0.0232 -0.9858 -0.1660
vn 0.0037 -0.9934 -0.1142
vn -0.0175 -0.9768 -0.2133
vn -0.0408 -0.9865 -0.1583
vn -0.0195 -0.9784 -0.2058
vn -0.0010 -0.9813 -0.1926
vn -0.0301 -0.9855 -0.1671
vn -0.0370 -0.9861 -0.1620
vn -0.0233 -0.9801 -0.1970
vn -0.0006 -0.9464 -0.3231
vn -0.0083 -0.9464 -0.3230
vn 0.0101 -0.9834 -0.1811
vn -0.0371 -0.9750 -0.2193
vn 0.0049 -0.9772 -0.2121
vn 0.2712 -0.9619 -0.0358
vn 0.2309 -0.9502 0.2094
vn 0.0476 -0.9451 -0.3234
vn 0.0513 -0.9449 -0.3234
vn 0.7230 -0.5928 0.3547
vn 0.4278 -0.6519 0.6261
vn 0.0673 -0.9213 0.3830
vn 0.1074 -0.6524 0.7502
vn -0.1635 -0.9201 0.3559
vn -0.0611 -0.9449 -0.3217
vn -0.1801 -0.6167 0.7664
vn -0.2252 -0.9283 0.2960
vn -0.3014 -0.5843 0.7535
vn 0.8963 -0.3874 -0.2159
vn 0.3047 -0.9147 -0.2653
vn 0.6090 -0.1244 -0.7834
vn 0.2419 -0.7571 -0.6069
vn -0.1020 -0.9594 -0.2630
vn -0.0789 -0.9313 -0.3555
vn -0.0657 -0.9746 -0.2142
vn -0.0172 -0.9898 -0.1413
vn 0.0038 -0.9731 -0.2302
vn 0.0534 -0.0090 -0.9985
vn 0.0362 -0.2948 -0.9549
vn 0.1034 -0.7153 -0.6911
vn -0.3069 -0.0133 -0.9517
vn -0.1221 -0.3056 -0.9443
vn 0.0521 -0.3415 -0.9384
vn 0.0309 -0.1326 -0.9907
vn 0.6017 -0.1950 -0.7745
vn 0.4489 -0.4439 -0.7755
vn 0.0103 -0.9702 -0.2421
vn 0.2847 -0.9265 0.2461
vn -0.2264 -0.9282 0.2952
vn -0.1199 -0.9817 -0.1478
vn -0.1010 -0.9420 -0.3201
vn 0.2168 -0.6217 -0.7526
vn 0.0061 -0.8888 -0.4583
vn 0.2634 -0.7805 -0.5669
vn 0.0017 -0.9028 -0.4300
vn -0.0401 -0.9059 -0.4217
vn -0.0269 -0.8962 -0.4429
vn 0.7081 -0.2457 -0.6620
vn 0.4054 -0.1291 -0.9050
vn 0.0490 -0.4941 -0.8680
vn 0.0819 -0.0566 -0.9950
vn -0.1811 -0.5118 -0.8398
vn -0.2057 -0.0209 -0.9784
vn -0.2412 -0.5555 -0.7958
vn -0.3263 -0.0042 -0.9453
vn 0.8981 -0.4305 -0.0897
vn 0.3033 -0.8833 -0.3575
vn 0.6282 -0.5720 0.5275
vn 0.2509 -0.9679 0.0107
vn -0.1036 -0.9208 -0.3760
vn -0.0779 -0.9550 -0.2863
vn -0.0688 -0.9027 -0.4248
vn -0.0224 -0.8698 -0.4929
vn 0.0011 -0.9107 -0.4131
vn 0.0795 -0.6172 0.7828
vn 0.0585 -0.8168 0.5739
vn 0.1151 -0.9876 0.1064
vn -0.2819 -0.5952 0.7525
vn -0.1000 -0.8203 0.5631
vn 0.0737 -0.8436 0.5320
vn 0.0557 -0.7103 0.7017
vn 0.6201 -0.6225 0.4775
vn 0.4651 -0.8214 0.3301
vn 0.0080 -0.9156 -0.4020
vn 0.0090 -0.9463 -0.3232
vn -0.0454 -0.8777 -0.4770
vn -0.0414 -0.8797 -0.4736
vn -0.0344 -0.8822 -0.4696
vn -0.0041 -0.8943 -0.4474
vn -0.0229 -0.9001 -0.4350
vn -0.0207 -0.9035 -0.4281
vn -0.0022 -0.8558 -0.5173
vn -0.0277 -0.8817 -0.4710
vn -0.0033 -0.8425 -0.5387
vn -0.0480 -0.8428 -0.5361
vn -0.0158 -0.8172 -0.5762
vn 0.0825 -0.8743 -0.4784
vn 0.0220 -0.8251 -0.5646
vn -0.0121 -0.8757 -0.4828
vn 0.0136 -0.8137 -0.5811
vn -0.2803 -0.7001 -0.6567
vn -0.0587 -0.6534 -0.7548
vn -0.4652 -0.5062 -0.7262
vn -0.6218 -0.0851 -0.7785
vn -0.4623 -0.0383 -0.8859
vn -0.3475 -0.1835 -0.9195
vn 0.0871 -0.1624 -0.9829
vn 0.1896 -0.5641 -0.8036
vn 0.3947 -0.4231 -0.8156
vn 0.2699 -0.5800 -0.7686
vn -0.2424 -0.5560 -0.7951
vn -0.1248 -0.8682 -0.4802
vn -0.0773 0.8768 0.4747
vn -0.0705 0.8797 0.4703
vt 0.026859 0.036987
vt 0.021738 0.034088
vt 0.021779 0.032501
vt 0.026859 0.027695
vt 0.031898 0.032501
vt 0.031940 0.034088
vt 0.060234 0.032715
vt 0.060234 0.034393
vt 0.054891 0.036987
vt 0.054891 0.027695
vt 0.049548 0.034393
vt 0.049548 0.032715
vt 0.437782 0.065918
vt 0.431138 0.059601
vt 0.438447 0.081482
vt 0.430473 0.078430
vt 0.456165 0.018600
vt 0.456165 0.057495
vt 0.428701 0.149780
vt 0.439554 0.260254
vt 0.456165 0.152466
vt 0.456165 0.260742
vt 0.456165 0.141113
vt 0.428701 0.139160
vt 0.407439 0.142578
vt 0.418292 0.257812
vt 0.411647 0.118530
vt 0.443319 0.321533
vt 0.456165 0.321289
vt 0.443762 0.375244
vt 0.456165 0.375244
vt 0.456165 0.411621
vt 0.443762 0.424316
vt 0.456165 0.068298
vt 0.438447 0.375977
vt 0.439776 0.322021
vt 0.435124 0.270752
vt 0.437118 0.431396
vt 0.439997 0.438477
vt 0.427151 0.449219
vt 0.425158 0.442139
vt 0.424493 0.426514
vt 0.430916 0.413818
vt 0.424272 0.417480
vt 0.420728 0.325440
vt 0.420506 0.377685
vt 0.427151 0.324463
vt 0.426708 0.376465
vt 0.424272 0.288818
vt 0.417406 0.281250
vt 0.424715 0.388672
vt 0.421392 0.390625
vt 0.456165 0.420654
vt 0.447749 0.428711
vt 0.443098 0.441162
vt 0.438004 0.453613
vt 0.441326 0.455322
vt 0.434460 0.468506
vt 0.432245 0.466309
vt 0.430695 0.478027
vt 0.427594 0.474854
vt 0.430473 0.486816
vt 0.426929 0.486572
vt 0.432467 0.507812
vt 0.436675 0.505859
vt 0.433131 0.512207
vt 0.436675 0.515137
vt 0.426929 0.523438
vt 0.429144 0.531738
vt 0.445977 0.019806
vt 0.456165 0.009598
vt 0.429809 0.277344
vt 0.418070 0.263184
vt 0.425379 0.285156
vt 0.417849 0.276367
vt 0.434238 0.322998
vt 0.433796 0.376221
vt 0.429144 0.406006
vt 0.422943 0.407959
vt 0.425822 0.392334
vt 0.428923 0.377197
vt 0.429366 0.323975
vt 0.422057 0.394775
vt 0.431802 0.538086
vt 0.441104 0.516113
vt 0.441326 0.505859
vt 0.433352 0.487305
vt 0.434017 0.478516
vt 0.436675 0.485840
vt 0.436675 0.479004
vt 0.438225 0.468506
vt 0.441326 0.470215
vt 0.444648 0.457764
vt 0.446199 0.461670
vt 0.448413 0.451172
vt 0.446420 0.444336
vt 0.449742 0.436523
vt 0.456165 0.429688
vt 0.451514 0.445801
vt 0.456165 0.442383
vt 0.446199 0.444336
vt 0.425601 0.392334
vt 0.018741 0.024506
vt 0.023593 0.023804
vt 0.023773 0.026093
vt 0.019786 0.031891
vt 0.012802 0.023407
vt 0.017924 0.018494
vt 0.020374 0.022003
vt 0.017426 0.013901
vt 0.019834 0.035614
vt 0.012802 0.931641
vt 0.019834 0.931641
vt 0.026859 0.040405
vt 0.026859 0.931641
vt 0.016069 0.010300
vt 0.012802 0.008499
vt 0.033850 0.931641
vt 0.033850 0.035614
vt 0.040882 0.931641
vt 0.040882 0.023407
vt 0.040882 0.008499
vt 0.037615 0.010300
vt 0.036259 0.013901
vt 0.033892 0.031891
vt 0.034944 0.024506
vt 0.029905 0.026093
vt 0.030126 0.023804
vt 0.035788 0.018494
vt 0.033352 0.022003
vt 0.045450 0.013901
vt 0.045949 0.018494
vt 0.046779 0.024506
vt 0.047859 0.031891
vt 0.051818 0.026093
vt 0.051624 0.023804
vt 0.048413 0.022003
vt 0.044094 0.010300
vt 0.047859 0.035614
vt 0.047859 0.931641
vt 0.054891 0.040405
vt 0.054891 0.931641
vt 0.061923 0.931641
vt 0.061923 0.035614
vt 0.068900 0.931641
vt 0.068900 0.023407
vt 0.064304 0.013901
vt 0.065688 0.010300
vt 0.061923 0.031891
vt 0.063003 0.024506
vt 0.057992 0.026093
vt 0.058158 0.023804
vt 0.063806 0.018494
vt 0.061369 0.022003
vt 0.068900 0.008499
vt 0.167128 0.314697
vt 0.167128 0.585449
vt 0.179974 0.314697
vt 0.179974 0.585449
vt 0.193706 0.314697
vt 0.193706 0.585449
vt 0.092710 0.876465
vt 0.106331 0.875977
vt 0.092710 0.989746
vt 0.106331 0.989746
vt 0.079144 0.876465
vt 0.079144 0.989746
vt 0.119841 0.989746
vt 0.119841 0.876465
vt 0.133463 0.989746
vt 0.133463 0.876465
vt 0.174216 0.989746
vt 0.174216 0.876465
vt 0.187726 0.989746
vt 0.187726 0.876465
vt 0.160594 0.875977
vt 0.160594 0.989746
vt 0.146973 0.876465
vt 0.146973 0.989746
vt 0.415634 0.770508
vt 0.409211 0.783691
vt 0.431802 0.828613
vt 0.391492 0.731934
vt 0.402123 0.716309
vt 0.378867 0.676758
vt 0.392599 0.656738
vt 0.420063 0.762207
vt 0.408103 0.699707
vt 0.427151 0.688477
vt 0.430695 0.755371
vt 0.433131 0.813477
vt 0.441326 0.754883
vt 0.438225 0.819336
vt 0.441104 0.686035
vt 0.371115 0.630371
vt 0.386398 0.604004
vt 0.401237 0.634766
vt 0.424936 0.623047
vt 0.399022 0.577637
vt 0.427815 0.557617
vt 0.440883 0.620117
vt 0.441990 0.567383
vt 0.385733 0.557617
vt 0.377981 0.558106
vt 0.386841 0.521484
vt 0.398358 0.527832
vt 0.382190 0.468994
vt 0.380418 0.504394
vt 0.374438 0.470947
vt 0.372666 0.491699
vt 0.365135 0.472412
vt 0.362920 0.552246
vt 0.370008 0.555176
vt 0.365135 0.618164
vt 0.358934 0.606934
vt 0.354504 0.661621
vt 0.351846 0.617188
vt 0.345645 0.618164
vt 0.352289 0.569824
vt 0.342765 0.567383
vt 0.342987 0.468018
vt 0.354504 0.471924
vt 0.357605 0.400879
vt 0.346974 0.392090
vt 0.360041 0.342041
vt 0.350296 0.335938
vt 0.364028 0.644531
vt 0.368236 0.406006
vt 0.370894 0.347168
vt 0.356276 0.296875
vt 0.346752 0.305420
vt 0.338557 0.283203
vt 0.343430 0.271240
vt 0.364028 0.287598
vt 0.328369 0.271729
vt 0.331913 0.262695
vt 0.345202 0.258301
vt 0.327926 0.262207
vt 0.330805 0.251221
vt 0.341436 0.239014
vt 0.359377 0.229370
vt 0.352289 0.217285
vt 0.359155 0.191040
vt 0.371780 0.197510
vt 0.363363 0.147339
vt 0.374881 0.151123
vt 0.389277 0.153442
vt 0.387505 0.115662
vt 0.375324 0.114502
vt 0.382633 0.080811
vt 0.373773 0.081421
vt 0.364692 0.081787
vt 0.364914 0.112671
vt 0.363142 0.063110
vt 0.371780 0.064575
vt 0.379532 0.066895
vt 0.376431 0.059692
vt 0.364249 0.048615
vt 0.371780 0.051208
vt 0.387727 0.190063
vt 0.384626 0.215332
vt 0.364914 0.244019
vt 0.368015 0.264404
vt 0.382411 0.239624
vt 0.386398 0.246704
vt 0.385733 0.258301
vt 0.397694 0.243408
vt 0.396808 0.255615
vt 0.406996 0.243286
vt 0.408103 0.257812
vt 0.405224 0.271729
vt 0.397251 0.273193
vt 0.386176 0.283691
vt 0.379310 0.301758
vt 0.372223 0.406250
vt 0.385733 0.027298
vt 0.382854 0.035950
vt 0.390828 0.045593
vt 0.387062 0.050049
vt 0.387062 0.065491
vt 0.389499 0.068298
vt 0.386619 0.079285
vt 0.377538 0.018097
vt 0.374438 0.030502
vt 0.364249 0.026306
vt 0.366686 0.012901
vt 0.388170 0.288330
vt 0.397915 0.281006
vt 0.407217 0.277588
vt 0.381304 0.306885
vt 0.375988 0.347900
vt 0.376652 0.406982
vt 0.386176 0.466797
vt 0.403452 0.519043
vt 0.363585 0.039093
vt 0.372444 0.041504
vt 0.378646 0.043793
vt 0.382190 0.051605
vt 0.378203 0.056885
vt 0.382854 0.065613
vt 0.412090 0.258301
vt 0.409875 0.236816
vt 0.391935 0.187134
vt 0.393042 0.152466
vt 0.390828 0.113708
vt 0.388834 0.210449
vt 0.391270 0.228394
vt 0.398579 0.231567
vt 0.343430 0.913574
vt 0.445091 0.913574
vt 0.343430 0.853516
vt 0.325047 0.913574
vt 0.318624 0.896973
vt 0.193706 0.596680
vt 0.177538 0.596680
vt 0.161813 0.596680
vt 0.193706 0.629883
vt 0.193706 0.615723
vt 0.172998 0.629883
vt 0.174548 0.615723
vt 0.154171 0.629883
vt 0.155279 0.615723
vt 0.343430 0.973633
vt 0.318624 0.930664
vt 0.191824 0.148682
vt 0.208657 0.322266
vt 0.208657 0.148682
vt 0.183075 0.102173
vt 0.208657 0.125488
vt 0.205999 0.102173
vt 0.194371 0.065979
vt 0.208657 0.091187
vt 0.208657 0.021103
vt 0.225379 0.148682
vt 0.234238 0.102173
vt 0.211204 0.102173
vt 0.222832 0.065979
vt 0.288945 0.222656
vt 0.274105 0.176148
vt 0.263031 0.246826
vt 0.254393 0.198852
vt 0.290274 0.208740
vt 0.286730 0.192749
vt 0.287837 0.179199
vt 0.283629 0.157349
vt 0.296032 0.219849
vt 0.296475 0.257812
vt 0.292488 0.284912
vt 0.303563 0.221924
vt 0.323718 0.235352
vt 0.312865 0.212891
vt 0.339000 0.218018
vt 0.316187 0.192627
vt 0.292931 0.170532
vt 0.294260 0.158813
vt 0.298911 0.168701
vt 0.300019 0.164062
vt 0.304227 0.179810
vt 0.315966 0.175903
vt 0.339000 0.146851
vt 0.310207 0.146851
vt 0.317959 0.091187
vt 0.328590 0.067200
vt 0.339000 0.079712
vt 0.297804 0.135010
vt 0.248192 0.181152
vt 0.251514 0.187256
vt 0.249742 0.166504
vt 0.261038 0.164062
vt 0.235567 0.177612
vt 0.277649 0.140381
vt 0.269676 0.122498
vt 0.283629 0.099670
vt 0.270119 0.075500
vt 0.258158 0.104187
vt 0.286065 0.042786
vt 0.300462 0.071411
vt 0.298690 0.013298
vt 0.294925 0.108215
vt 0.257937 0.141479
vt 0.310429 0.076477
vt 0.249520 0.129517
vt 0.247749 0.160156
vt 0.242876 0.152832
vt 0.315523 0.049500
vt 0.316852 0.077209
vt 0.296032 0.150269
vt 0.303563 0.159790
vt 0.308878 0.178833
vt 0.304227 0.190308
vt 0.298690 0.189575
vt 0.299133 0.177856
vt 0.294925 0.177368
vt 0.292267 0.183105
vt 0.292046 0.191406
vt 0.294260 0.201416
vt 0.299133 0.207886
vt 0.304449 0.205078
vt 0.309100 0.190308
vt 0.306663 0.385254
vt 0.311979 0.463379
vt 0.318402 0.385254
vt 0.318402 0.463379
vt 0.304006 0.322754
vt 0.318402 0.322754
vt 0.301791 0.264893
vt 0.318402 0.251709
vt 0.323718 0.541992
vt 0.126154 0.070496
vt 0.133130 0.070679
vt 0.126154 0.111084
vt 0.133130 0.110901
vt 0.126154 0.160156
vt 0.133130 0.159912
vt 0.135899 0.209106
vt 0.126154 0.232910
vt 0.133130 0.016998
vt 0.126154 0.007896
vt 0.132909 0.253418
vt 0.161148 0.233521
vt 0.137671 0.159668
vt 0.165135 0.167358
vt 0.141436 0.110596
vt 0.169343 0.113525
vt 0.159266 0.307617
vt 0.132909 0.306641
vt 0.157272 0.378662
vt 0.132909 0.377197
vt 0.153618 0.459961
vt 0.132909 0.458252
vt 0.148191 0.554199
vt 0.132909 0.513184
vt 0.130251 0.532715
vt 0.126154 0.553223
vt 0.140882 0.631348
vt 0.126154 0.630371
vt 0.126154 0.721680
vt 0.145755 0.073792
vt 0.148967 0.050415
vt 0.178313 0.049500
vt 0.295589 0.322754
vt 0.300905 0.385254
vt 0.308878 0.463379
vt 0.323718 0.463379
vt 0.323718 0.385254
vt 0.323718 0.322754
vt 0.091159 0.703125
vt 0.091159 0.720215
vt 0.077815 0.703125
vt 0.077815 0.720215
vt 0.077815 0.686523
vt 0.091159 0.686523
vt 0.077815 0.641602
vt 0.091159 0.641602
vt 0.077815 0.575684
vt 0.091159 0.575684
vt 0.077815 0.518066
vt 0.091159 0.518066
vt 0.077815 0.474854
vt 0.091159 0.474854
vt 0.091159 0.452637
vt 0.077815 0.452637
vt 0.161923 0.012901
vt 0.168346 0.030899
vt 0.119288 0.110901
vt 0.119288 0.070679
vt 0.119288 0.159912
vt 0.116519 0.209106
vt 0.119288 0.016998
vt 0.118568 0.253418
vt 0.091270 0.233521
vt 0.114747 0.159668
vt 0.087228 0.167358
vt 0.110982 0.110596
vt 0.083075 0.113525
vt 0.093097 0.307617
vt 0.118568 0.306641
vt 0.095146 0.378662
vt 0.118568 0.377197
vt 0.098745 0.459961
vt 0.118568 0.458252
vt 0.104171 0.554199
vt 0.118568 0.513184
vt 0.121613 0.532715
vt 0.111536 0.631348
vt 0.106718 0.073792
vt 0.103452 0.050415
vt 0.074049 0.049500
vt 0.084127 0.030899
vt 0.090439 0.012901
vt 0.407660 0.242554
vt 0.248635 0.362549
vt 0.248635 0.343262
vt 0.231580 0.362305
vt 0.228036 0.343262
vt 0.231248 0.384033
vt 0.216519 0.382080
vt 0.217184 0.361572
vt 0.206885 0.379150
vt 0.207660 0.360596
vt 0.206331 0.343262
vt 0.210318 0.407959
vt 0.201126 0.402588
vt 0.209100 0.416504
vt 0.199133 0.410889
vt 0.215966 0.420410
vt 0.219399 0.407959
vt 0.231580 0.405762
vt 0.248635 0.416992
vt 0.220949 0.432129
vt 0.231359 0.431152
vt 0.222278 0.451904
vt 0.230694 0.458252
vt 0.220728 0.463379
vt 0.229255 0.494385
vt 0.221724 0.498291
vt 0.227704 0.538086
vt 0.218956 0.536133
vt 0.226597 0.568848
vt 0.213972 0.567871
vt 0.207992 0.588867
vt 0.248635 0.569336
vt 0.220063 0.634277
vt 0.248635 0.635742
vt 0.229919 0.723144
vt 0.216962 0.650879
vt 0.211536 0.661621
vt 0.204559 0.755859
vt 0.222167 0.804199
vt 0.248635 0.770996
vt 0.248635 0.824707
vt 0.188391 0.802734
vt 0.198025 0.828125
vt 0.227594 0.858398
vt 0.202344 0.863281
vt 0.227815 0.904785
vt 0.248635 0.879883
vt 0.201348 0.903320
vt 0.224050 0.958496
vt 0.197915 0.938965
vt 0.176763 0.786621
vt 0.183629 0.734375
vt 0.165799 0.787598
vt 0.160373 0.734375
vt 0.152400 0.800293
vt 0.140993 0.752441
vt 0.238225 0.975586
vt 0.248635 0.988769
vt 0.138003 0.825195
vt 0.128701 0.793457
vt 0.117848 0.826172
vt 0.122831 0.857422
vt 0.157937 0.687012
vt 0.177095 0.658203
vt 0.192820 0.648438
vt 0.200905 0.645508
vt 0.207549 0.650391
vt 0.104504 0.857910
vt 0.106442 0.825684
vt 0.120007 0.770996
vt 0.137339 0.724609
vt 0.248635 0.719727
vt 0.248635 0.460693
vt 0.276985 0.634277
vt 0.267239 0.723144
vt 0.280085 0.650879
vt 0.285401 0.661621
vt 0.292488 0.755859
vt 0.274991 0.804199
vt 0.308657 0.802734
vt 0.298911 0.828125
vt 0.269454 0.858398
vt 0.294703 0.863281
vt 0.269233 0.904785
vt 0.295589 0.903320
vt 0.272998 0.958496
vt 0.299133 0.938965
vt 0.320174 0.786621
vt 0.313529 0.734375
vt 0.331248 0.787598
vt 0.336564 0.734375
vt 0.339222 0.687012
vt 0.357383 0.727539
vt 0.319952 0.658203
vt 0.304227 0.648438
vt 0.296032 0.645508
vt 0.344759 0.800293
vt 0.356054 0.752441
vt 0.376652 0.769531
vt 0.359155 0.825195
vt 0.368236 0.793457
vt 0.379089 0.826172
vt 0.374216 0.857422
vt 0.392599 0.857910
vt 0.390606 0.825684
vt 0.289388 0.650391
vt 0.265467 0.362305
vt 0.269011 0.343262
vt 0.265689 0.384033
vt 0.280528 0.382080
vt 0.279864 0.361572
vt 0.290274 0.379150
vt 0.289388 0.360596
vt 0.290717 0.343262
vt 0.286730 0.407959
vt 0.295811 0.402588
vt 0.288059 0.416504
vt 0.297804 0.410889
vt 0.280971 0.420410
vt 0.277649 0.407959
vt 0.265467 0.405762
vt 0.276099 0.432129
vt 0.265689 0.431152
vt 0.274770 0.451904
vt 0.266353 0.458252
vt 0.276320 0.463379
vt 0.267904 0.494385
vt 0.275434 0.498291
vt 0.269454 0.538086
vt 0.278092 0.536133
vt 0.270340 0.568848
vt 0.282965 0.567871
vt 0.288945 0.588867
vt 0.290717 0.609375
vt 0.285622 0.621582
vt 0.258823 0.975586
vt 0.206442 0.609375
vt 0.211425 0.621582
s 1
usemtl Primordial_Jade_Winged-Spear
f 2/1/1 3/2/2 1/3/3
f 2/1/1 1/3/3 4/4/4
f 5/5/5 6/6/6 2/1/1
f 4/4/4 5/5/5 2/1/1
f 8/7/7 9/8/8 7/9/9
f 10/10/10 8/7/7 7/9/9
f 7/9/9 12/11/11 11/12/12
f 7/9/9 11/12/12 10/10/10
f 14/13/13 15/14/14 13/15/15
f 13/15/15 15/14/14 16/16/16
f 16/16/16 15/14/14 17/15/17
f 17/15/17 15/14/14 18/13/18
f 20/17/19 21/13/20 19/18/21
f 19/18/21 21/13/20 22/15/22
f 19/18/21 23/13/23 20/17/19
f 24/15/23 23/13/23 19/18/21
f 26/19/24 27/20/25 25/21/26
f 25/21/26 27/20/25 28/22/27
f 29/23/28 26/19/24 25/21/26
f 30/24/29 26/19/24 29/23/28
f 30/24/29 31/25/30 26/19/24
f 26/19/24 31/25/30 32/26/31
f 33/27/32 31/25/30 30/24/29
f 27/20/25 34/28/33 28/22/27
f 28/22/27 34/28/33 35/29/34
f 34/28/33 36/30/35 35/29/34
f 35/29/34 36/30/35 37/31/36
f 37/31/36 36/30/35 38/32/37
f 38/32/37 36/30/35 39/33/38
f 29/23/28 40/34/39 30/24/29
f 40/34/39 41/15/40 30/24/29
f 41/15/40 33/27/32 30/24/29
f 42/18/41 41/15/40 40/34/39
f 34/28/33 43/35/42 36/30/35
f 36/30/35 43/35/42 39/33/38
f 44/36/43 43/35/42 34/28/33
f 44/36/43 34/28/33 45/37/44
f 45/37/44 34/28/33 27/20/25
f 27/20/25 32/26/31 45/37/44
f 26/19/24 32/26/31 27/20/25
f 39/33/38 43/35/42 46/38/45
f 47/39/46 39/33/38 46/38/45
f 46/38/45 48/40/47 47/39/46
f 49/41/48 48/40/47 46/38/45
f 46/38/45 50/42/49 49/41/48
f 51/43/50 50/42/49 46/38/45
f 46/38/45 43/35/42 51/43/50
f 51/43/50 52/44/51 50/42/49
f 53/38/52 48/40/47 49/41/48
f 49/41/48 50/42/49 53/38/52
f 54/39/53 48/40/47 53/38/52
f 50/42/49 52/44/51 55/43/54
f 53/38/52 50/42/49 55/43/54
f 53/38/52 56/33/55 54/39/53
f 53/38/52 57/35/56 56/33/55
f 55/43/54 57/35/56 53/38/52
f 56/33/55 57/35/56 58/30/57
f 56/33/55 58/30/57 59/32/58
f 59/32/58 58/30/57 60/31/59
f 60/31/59 58/30/57 61/29/60
f 61/29/60 58/30/57 62/28/61
f 58/30/57 57/35/56 62/28/61
f 61/29/60 62/28/61 63/22/62
f 63/22/62 62/28/61 64/20/63
f 63/22/62 64/20/63 65/21/64
f 65/21/64 64/20/63 66/19/65
f 65/21/64 66/19/65 67/23/66
f 67/23/66 66/19/65 68/24/67
f 66/19/65 31/25/30 68/24/67
f 32/26/31 31/25/30 66/19/65
f 68/24/67 31/25/30 33/27/32
f 68/24/67 69/34/68 67/23/66
f 33/27/32 70/15/69 68/24/67
f 68/24/67 70/15/69 69/34/68
f 69/34/68 70/15/69 71/18/70
f 72/16/71 70/15/69 33/27/32
f 64/20/63 62/28/61 73/37/72
f 73/37/72 32/26/31 64/20/63
f 64/20/63 32/26/31 66/19/65
f 73/37/72 62/28/61 74/36/73
f 65/21/64 75/20/74 63/22/62
f 76/19/75 75/20/74 65/21/64
f 67/23/66 76/19/75 65/21/64
f 77/24/76 76/19/75 67/23/66
f 67/23/66 69/34/68 77/24/76
f 77/24/76 78/25/77 76/19/75
f 76/19/75 78/25/77 79/26/78
f 79/26/78 78/25/77 80/19/79
f 80/19/79 78/25/77 81/24/80
f 29/23/28 80/19/79 81/24/80
f 25/21/26 80/19/79 29/23/28
f 25/21/26 82/20/81 80/19/79
f 28/22/27 82/20/81 25/21/26
f 81/24/80 78/25/77 83/27/82
f 83/27/82 78/25/77 77/24/76
f 28/22/27 84/28/83 82/20/81
f 35/29/34 84/28/83 28/22/27
f 35/29/34 85/30/84 84/28/83
f 37/31/36 85/30/84 35/29/34
f 38/32/37 85/30/84 37/31/36
f 86/33/85 85/30/84 38/32/37
f 81/24/80 40/34/39 29/23/28
f 83/27/82 87/15/86 81/24/80
f 81/24/80 87/15/86 40/34/39
f 40/34/39 87/15/86 88/18/87
f 89/16/88 87/15/86 83/27/82
f 85/30/84 90/35/89 84/28/83
f 86/33/85 90/35/89 85/30/84
f 84/28/83 90/35/89 91/36/90
f 82/20/81 84/28/83 92/37/91
f 92/37/91 84/28/83 91/36/90
f 92/37/91 79/26/78 82/20/81
f 82/20/81 79/26/78 80/19/79
f 93/38/92 90/35/89 86/33/85
f 93/38/92 86/33/85 94/39/93
f 94/39/93 95/40/94 93/38/92
f 93/38/92 95/40/94 96/41/95
f 96/41/95 97/42/96 93/38/92
f 93/38/92 97/42/96 98/43/97
f 98/43/97 90/35/89 93/38/92
f 97/42/96 99/44/98 98/43/97
f 96/41/95 95/40/94 100/38/99
f 100/38/99 97/42/96 96/41/95
f 100/38/99 95/40/94 101/39/100
f 102/43/101 99/44/98 97/42/96
f 102/43/101 97/42/96 100/38/99
f 101/39/100 103/33/102 100/38/99
f 103/33/102 104/35/103 100/38/99
f 100/38/99 104/35/103 102/43/101
f 105/30/104 104/35/103 103/33/102
f 59/32/58 105/30/104 103/33/102
f 60/31/59 105/30/104 59/32/58
f 61/29/60 105/30/104 60/31/59
f 106/28/105 105/30/104 61/29/60
f 106/28/105 104/35/103 105/30/104
f 63/22/62 106/28/105 61/29/60
f 75/20/74 106/28/105 63/22/62
f 107/36/106 104/35/103 106/28/105
f 107/36/106 106/28/105 108/37/107
f 108/37/107 106/28/105 75/20/74
f 75/20/74 79/26/78 108/37/107
f 76/19/75 79/26/78 75/20/74
f 110/45/108 111/46/109 109/47/110
f 109/47/110 111/46/109 112/48/111
f 113/49/112 110/45/108 109/47/110
f 114/50/113 110/45/108 113/49/112
f 111/46/109 115/51/114 112/48/111
f 116/52/115 115/51/114 111/46/109
f 117/47/116 111/46/109 110/45/108
f 118/48/117 111/46/109 117/47/116
f 117/47/116 110/45/108 119/49/118
f 119/49/118 110/45/108 114/50/113
f 118/48/117 120/51/119 111/46/109
f 111/46/109 120/51/119 116/52/115
f 122/32/120 123/33/121 121/53/122
f 121/53/122 123/33/121 124/54/123
f 123/33/121 125/39/124 124/54/123
f 124/54/123 125/39/124 126/55/125
f 127/56/126 126/55/125 125/39/124
f 128/57/127 126/55/125 127/56/126
f 128/57/127 127/56/126 129/58/128
f 129/58/128 127/56/126 130/59/129
f 130/59/129 131/60/130 129/58/128
f 132/61/131 131/60/130 130/59/129
f 131/60/130 132/61/131 133/62/132
f 133/62/132 132/61/131 134/63/133
f 134/63/133 135/64/134 133/62/132
f 135/64/134 136/65/135 133/62/132
f 137/66/136 136/65/135 135/64/134
f 138/67/137 136/65/135 137/66/136
f 137/66/136 139/68/138 138/67/137
f 138/67/137 139/68/138 140/69/138
f 140/69/138 139/68/138 141/67/139
f 141/67/139 139/68/138 142/66/140
f 142/66/140 143/65/141 141/67/139
f 144/64/142 143/65/141 142/66/140
f 145/62/143 143/65/141 144/64/142
f 145/62/143 144/64/142 146/63/144
f 146/63/144 147/61/145 145/62/143
f 145/62/143 147/61/145 148/60/146
f 149/59/147 148/60/146 147/61/145
f 150/58/148 148/60/146 149/59/147
f 149/59/147 151/56/149 150/58/148
f 150/58/148 151/56/149 152/57/150
f 151/56/149 153/55/151 152/57/150
f 154/39/152 153/55/151 151/56/149
f 153/55/151 154/39/152 155/54/153
f 155/54/153 154/39/152 156/33/154
f 155/54/153 156/33/154 157/53/155
f 157/53/155 156/33/154 158/32/155
f 158/32/155 159/33/156 157/53/155
f 157/53/155 159/33/156 160/54/157
f 159/33/156 161/39/158 160/54/157
f 160/54/157 161/39/158 162/55/159
f 163/56/160 162/55/159 161/39/158
f 164/57/161 162/55/159 163/56/160
f 164/57/161 163/56/160 165/58/162
f 165/58/162 163/56/160 166/59/163
f 166/59/163 167/60/164 165/58/162
f 168/61/165 167/60/164 166/59/163
f 167/60/164 168/61/165 169/62/166
f 169/62/166 168/61/165 170/63/167
f 170/63/167 171/64/168 169/62/166
f 171/64/168 172/65/169 169/62/166
f 173/66/170 172/65/169 171/64/168
f 174/67/171 172/65/169 173/66/170
f 173/66/170 175/68/172 174/67/171
f 174/67/171 175/68/172 176/69/172
f 176/69/172 175/68/172 177/67/173
f 177/67/173 175/68/172 178/66/174
f 178/66/174 179/65/175 177/67/173
f 180/64/176 179/65/175 178/66/174
f 181/62/177 179/65/175 180/64/176
f 181/62/177 180/64/176 182/63/178
f 182/63/178 183/61/179 181/62/177
f 181/62/177 183/61/179 184/60/180
f 185/59/181 184/60/180 183/61/179
f 186/58/182 184/60/180 185/59/181
f 185/59/181 187/56/183 186/58/182
f 186/58/182 187/56/183 188/57/184
f 187/56/183 189/55/185 188/57/184
f 190/39/186 189/55/185 187/56/183
f 189/55/185 190/39/186 191/54/187
f 191/54/187 190/39/186 192/33/188
f 191/54/187 192/33/188 121/53/122
f 121/53/122 192/33/188 122/32/120
f 194/14/189 195/13/190 193/70/191
f 193/70/191 195/13/190 196/17/192
f 193/70/191 196/17/192 197/71/193
f 193/70/191 198/13/194 194/14/189
f 199/17/195 198/13/194 193/70/191
f 200/71/196 199/17/195 193/70/191
f 202/72/197 203/73/198 201/74/199
f 201/74/199 203/73/198 204/75/200
f 202/72/197 205/26/201 203/73/198
f 206/37/202 205/26/201 202/72/197
f 202/72/197 207/36/203 206/37/202
f 208/76/204 207/36/203 202/72/197
f 208/76/204 209/35/205 207/36/203
f 210/77/206 209/35/205 208/76/204
f 210/77/206 211/43/207 209/35/205
f 212/78/208 211/43/207 210/77/206
f 212/78/208 213/44/209 211/43/207
f 214/79/210 213/44/209 212/78/208
f 210/77/206 215/80/211 212/78/208
f 216/81/212 215/80/211 210/77/206
f 216/81/212 210/77/206 217/82/213
f 217/82/213 210/77/206 208/76/204
f 201/74/199 217/82/213 202/72/197
f 202/72/197 217/82/213 208/76/204
f 215/80/211 218/83/214 212/78/208
f 212/78/208 218/83/214 214/79/210
f 219/78/215 213/44/209 214/79/210
f 214/79/210 218/83/214 219/78/215
f 220/43/216 213/44/209 219/78/215
f 221/77/217 220/43/216 219/78/215
f 222/35/218 220/43/216 221/77/217
f 223/76/219 222/35/218 221/77/217
f 224/36/220 222/35/218 223/76/219
f 225/72/221 224/36/220 223/76/219
f 226/37/222 224/36/220 225/72/221
f 225/72/221 205/26/201 226/37/222
f 203/73/198 205/26/201 225/72/221
f 227/74/223 203/73/198 225/72/221
f 204/75/200 203/73/198 227/74/223
f 219/78/215 228/80/224 221/77/217
f 219/78/215 218/83/214 228/80/224
f 221/77/217 228/80/224 229/81/225
f 223/76/219 221/77/217 230/82/226
f 230/82/226 221/77/217 229/81/225
f 223/76/219 230/82/226 225/72/221
f 225/72/221 230/82/226 227/74/223
f 232/49/227 233/74/228 231/50/229
f 231/50/229 233/74/228 234/75/229
f 232/49/227 235/82/230 233/74/228
f 236/47/231 235/82/230 232/49/227
f 236/47/231 237/81/232 235/82/230
f 238/48/233 237/81/232 236/47/231
f 238/48/233 239/80/234 237/81/232
f 240/51/235 239/80/234 238/48/233
f 240/51/235 241/83/236 239/80/234
f 242/52/237 241/83/236 240/51/235
f 234/75/229 243/74/238 231/50/229
f 231/50/229 243/74/238 244/49/239
f 245/51/240 241/83/236 242/52/237
f 246/80/241 241/83/236 245/51/240
f 247/48/242 246/80/241 245/51/240
f 248/81/243 246/80/241 247/48/242
f 249/47/244 248/81/243 247/48/242
f 250/82/245 248/81/243 249/47/244
f 243/74/238 250/82/245 244/49/239
f 244/49/239 250/82/245 249/47/244
f 252/56/246 253/39/247 251/40/248
f 254/59/249 252/56/246 251/40/248
f 254/59/249 251/40/248 255/61/250
f 255/61/250 251/40/248 256/59/251
f 251/40/248 257/56/252 256/59/251
f 251/40/248 258/39/253 257/56/252
f 260/69/254 261/84/254 259/67/255
f 259/67/255 261/84/254 262/85/256
f 263/67/257 261/84/254 260/69/254
f 264/85/258 261/84/254 263/67/257
f 266/65/259 259/67/255 265/86/260
f 265/86/260 259/67/255 262/85/256
f 266/65/259 265/86/260 267/87/261
f 266/65/259 267/87/261 268/62/262
f 267/87/261 269/60/263 268/62/262
f 270/88/264 269/60/263 267/87/261
f 267/87/261 271/89/265 270/88/264
f 267/87/261 265/86/260 271/89/265
f 270/88/264 271/89/265 272/90/266
f 273/91/267 270/88/264 272/90/266
f 274/92/268 273/91/267 272/90/266
f 274/92/268 275/93/269 273/91/267
f 275/93/269 274/92/268 276/94/270
f 277/95/271 275/93/269 276/94/270
f 278/96/272 275/93/269 277/95/271
f 275/93/269 278/96/272 279/57/273
f 273/91/267 275/93/269 279/57/273
f 279/57/273 278/96/272 280/55/274
f 281/97/275 280/55/274 278/96/272
f 282/54/276 280/55/274 281/97/275
f 283/98/277 282/54/276 281/97/275
f 284/53/278 282/54/276 283/98/277
f 285/58/279 273/91/267 279/57/273
f 273/91/267 285/58/279 270/88/264
f 281/97/275 278/96/272 286/99/280
f 286/99/280 278/96/272 277/95/271
f 283/98/277 281/97/275 287/100/281
f 287/100/281 281/97/275 286/99/280
f 283/98/277 288/54/282 284/53/278
f 289/97/283 288/54/282 283/98/277
f 287/100/281 289/97/283 283/98/277
f 289/97/283 290/55/284 288/54/282
f 291/101/285 290/55/284 289/97/283
f 290/55/284 291/101/285 292/57/286
f 292/57/286 291/101/285 293/93/287
f 294/95/288 293/93/287 291/101/285
f 295/94/289 293/93/287 294/95/288
f 295/94/289 296/92/290 293/93/287
f 297/91/291 293/93/287 296/92/290
f 292/57/286 293/93/287 297/91/291
f 292/57/286 297/91/291 298/58/292
f 299/90/293 297/91/291 296/92/290
f 299/90/293 300/88/294 297/91/291
f 300/88/294 298/58/292 297/91/291
f 299/90/293 301/89/295 300/88/294
f 300/88/294 301/89/295 302/87/296
f 294/95/288 291/101/285 303/99/297
f 303/99/297 291/101/285 289/97/283
f 303/99/297 289/97/283 287/100/281
f 304/60/298 298/58/292 300/88/294
f 302/87/296 304/60/298 300/88/294
f 305/62/299 304/60/298 302/87/296
f 305/62/299 302/87/296 306/65/300
f 302/87/296 307/86/301 306/65/300
f 301/89/295 307/86/301 302/87/296
f 307/86/301 308/67/302 306/65/300
f 309/85/303 308/67/302 307/86/301
f 310/85/303 311/84/304 308/67/305
f 308/67/305 311/84/304 312/69/304
f 312/69/304 311/84/304 313/67/306
f 313/67/306 311/84/304 314/85/307
f 316/65/308 313/67/306 315/86/309
f 315/86/309 313/67/306 314/85/307
f 316/65/308 315/86/309 317/87/310
f 316/65/308 317/87/310 318/62/311
f 317/87/310 319/60/312 318/62/311
f 320/88/313 319/60/312 317/87/310
f 317/87/310 321/89/314 320/88/313
f 317/87/310 315/86/309 321/89/314
f 320/88/313 321/89/314 322/90/315
f 323/91/316 320/88/313 322/90/315
f 324/92/317 323/91/316 322/90/315
f 324/92/317 325/93/318 323/91/316
f 325/93/318 324/92/317 326/94/319
f 327/95/320 325/93/318 326/94/319
f 328/101/321 325/93/318 327/95/320
f 325/93/318 328/101/321 329/57/322
f 323/91/316 325/93/318 329/57/322
f 329/57/322 328/101/321 330/55/323
f 331/97/324 330/55/323 328/101/321
f 332/54/325 330/55/323 331/97/324
f 333/98/326 332/54/325 331/97/324
f 334/53/327 332/54/325 333/98/326
f 333/98/326 335/54/328 334/53/327
f 336/97/329 335/54/328 333/98/326
f 336/97/329 337/55/330 335/54/328
f 338/96/331 337/55/330 336/97/329
f 337/55/330 338/96/331 339/57/332
f 339/57/332 338/96/331 340/93/333
f 341/95/334 340/93/333 338/96/331
f 342/94/335 340/93/333 341/95/334
f 342/94/335 343/92/336 340/93/333
f 344/91/337 340/93/333 343/92/336
f 339/57/332 340/93/333 344/91/337
f 339/57/332 344/91/337 345/58/338
f 346/90/339 344/91/337 343/92/336
f 346/90/339 347/88/340 344/91/337
f 347/88/340 345/58/338 344/91/337
f 346/90/339 348/89/341 347/88/340
f 347/88/340 348/89/341 349/87/342
f 341/95/334 338/96/331 350/99/343
f 350/99/343 338/96/331 336/97/329
f 350/99/343 336/97/329 351/100/344
f 351/100/344 336/97/329 333/98/326
f 352/60/345 345/58/338 347/88/340
f 349/87/342 352/60/345 347/88/340
f 353/62/346 352/60/345 349/87/342
f 353/62/346 349/87/342 354/65/347
f 349/87/342 355/86/348 354/65/347
f 348/89/341 355/86/348 349/87/342
f 355/86/348 263/67/349 354/65/347
f 356/85/258 263/67/349 355/86/348
f 333/98/326 331/97/324 351/100/344
f 351/100/344 331/97/324 357/99/350
f 331/97/324 328/101/321 357/99/350
f 357/99/350 328/101/321 327/95/320
f 270/88/264 285/58/279 269/60/263
f 359/16/351 360/14/352 358/15/353
f 358/15/353 360/14/352 361/13/354
f 362/15/355 360/14/352 359/16/351
f 363/13/356 360/14/352 362/15/355
f 365/48/357 366/46/358 364/47/359
f 364/47/359 366/46/358 367/45/360
f 364/47/359 367/45/360 368/49/361
f 368/49/361 367/45/360 369/50/362
f 365/48/357 370/51/363 366/46/358
f 366/46/358 370/51/363 371/52/364
f 367/45/360 366/46/358 372/47/365
f 372/47/365 366/46/358 373/48/366
f 369/50/362 367/45/360 374/49/367
f 374/49/367 367/45/360 372/47/365
f 371/52/364 375/51/368 366/46/358
f 366/46/358 375/51/368 373/48/366
f 377/17/369 378/13/370 376/70/371
f 376/70/371 378/13/370 379/14/372
f 380/71/373 377/17/369 376/70/371
f 379/14/372 381/13/374 376/70/371
f 376/70/371 381/13/374 382/17/375
f 376/70/371 382/17/375 383/71/376
f 385/75/377 386/73/378 384/74/379
f 384/74/379 386/73/378 387/72/380
f 386/73/378 388/26/381 387/72/380
f 387/72/380 388/26/381 389/37/382
f 389/37/382 390/36/383 387/72/380
f 387/72/380 390/36/383 391/76/384
f 390/36/383 392/35/385 391/76/384
f 391/76/384 392/35/385 393/77/386
f 392/35/385 394/43/387 393/77/386
f 393/77/386 394/43/387 395/78/388
f 394/43/387 396/44/389 395/78/388
f 395/78/388 396/44/389 397/79/390
f 395/78/388 398/102/391 393/77/386
f 393/77/386 398/102/391 399/81/392
f 391/76/384 393/77/386 400/82/393
f 400/82/393 393/77/386 399/81/392
f 391/76/384 400/82/393 387/72/380
f 387/72/380 400/82/393 384/74/379
f 397/79/390 401/83/394 395/78/388
f 395/78/388 401/83/394 398/102/391
f 397/79/390 396/44/389 402/78/395
f 402/78/395 401/83/394 397/79/390
f 402/78/395 396/44/389 403/43/396
f 402/78/395 403/43/396 404/77/397
f 404/77/397 403/43/396 405/35/398
f 404/77/397 405/35/398 406/76/399
f 406/76/399 405/35/398 407/36/400
f 406/76/399 407/36/400 408/72/401
f 408/72/401 407/36/400 409/37/402
f 409/37/402 388/26/381 408/72/401
f 408/72/401 388/26/381 386/73/378
f 408/72/401 386/73/378 410/74/403
f 410/74/403 386/73/378 385/75/377
f 404/77/397 411/102/404 402/78/395
f 411/102/404 401/83/394 402/78/395
f 412/81/405 411/102/404 404/77/397
f 412/81/405 404/77/397 413/82/406
f 413/82/406 404/77/397 406/76/399
f 410/74/403 413/82/406 408/72/401
f 408/72/401 413/82/406 406/76/399
f 415/75/407 416/74/408 414/50/407
f 414/50/407 416/74/408 417/49/409
f 416/74/408 418/82/410 417/49/409
f 417/49/409 418/82/410 419/47/411
f 418/82/410 420/81/412 419/47/411
f 419/47/411 420/81/412 421/48/413
f 420/81/412 422/102/414 421/48/413
f 421/48/413 422/102/414 423/51/415
f 422/102/414 424/83/416 423/51/415
f 423/51/415 424/83/416 425/52/417
f 414/50/407 426/74/418 415/75/407
f 427/49/419 426/74/418 414/50/407
f 425/52/417 424/83/416 428/51/420
f 428/51/420 424/83/416 429/102/421
f 428/51/420 429/102/421 430/48/422
f 430/48/422 429/102/421 431/81/423
f 430/48/422 431/81/423 432/47/424
f 432/47/424 431/81/423 433/82/425
f 432/47/424 433/82/425 427/49/419
f 427/49/419 433/82/425 426/74/418
f 435/40/426 436/39/427 434/56/428
f 435/40/426 434/56/428 437/59/429
f 438/61/430 435/40/426 437/59/429
f 439/59/431 435/40/426 438/61/430
f 439/59/431 440/56/432 435/40/426
f 440/56/432 441/39/433 435/40/426
f 443/15/434 444/13/434 442/18/435
f 442/18/435 444/13/434 445/17/435
f 445/17/435 446/13/436 442/18/435
f 442/18/435 446/13/436 447/15/436
f 62/28/61 57/35/56 74/36/73
f 448/18/437 449/15/438 69/34/68
f 69/34/68 449/15/438 77/24/76
f 449/15/438 83/27/82 77/24/76
f 89/16/88 83/27/82 449/15/438
f 450/58/439 323/91/316 329/57/322
f 323/91/316 450/58/439 320/88/313
f 320/88/313 450/58/439 319/60/312
f 72/16/71 33/27/32 41/15/40
f 452/103/440 453/104/441 451/105/442
f 452/103/440 451/105/442 454/106/443
f 452/103/440 454/106/443 455/107/37
f 456/108/444 452/103/440 455/107/37
f 452/103/440 456/108/444 457/109/445
f 452/103/440 457/109/445 453/104/441
f 455/107/37 458/110/446 456/108/444
f 455/107/37 454/106/443 459/111/447
f 455/107/37 459/111/447 460/112/448
f 460/112/448 459/111/447 461/113/449
f 459/111/447 462/114/450 461/113/449
f 461/113/449 462/114/450 463/115/450
f 464/116/451 458/110/446 455/107/37
f 465/117/452 464/116/451 455/107/37
f 463/115/450 462/114/450 466/118/453
f 466/118/453 462/114/450 467/119/454
f 466/118/453 467/119/454 468/120/435
f 468/120/435 467/119/454 469/121/455
f 471/122/456 469/121/455 470/123/457
f 470/123/457 469/121/455 472/124/458
f 467/119/459 474/125/460 473/121/461
f 469/121/461 474/125/462 475/126/463
f 474/125/462 476/127/464 475/126/463
f 476/127/464 477/128/465 475/126/463
f 469/121/461 475/126/463 478/129/466
f 478/129/466 472/124/458 473/121/455
f 479/130/467 478/129/466 475/126/463
f 477/128/465 479/130/467 475/126/463
f 469/121/455 481/131/468 480/132/469
f 480/132/470 482/133/471 473/121/461
f 482/133/471 483/134/472 473/121/461
f 482/133/471 484/135/473 483/134/472
f 482/133/471 485/136/474 484/135/473
f 482/133/471 480/132/470 486/137/475
f 482/133/471 486/137/475 485/136/474
f 473/121/476 487/138/477 481/131/468
f 471/122/456 487/138/477 473/121/476
f 473/121/461 489/139/478 488/120/479
f 488/120/479 489/139/478 490/140/480
f 489/139/478 491/141/481 490/140/480
f 490/140/480 491/141/481 492/142/481
f 469/121/461 483/134/482 489/139/483
f 492/142/481 491/141/481 493/143/484
f 493/143/484 491/141/481 494/144/485
f 493/143/484 494/144/485 2575/145/448
f 2575/145/448 494/144/485 495/146/37
f 495/146/486 497/147/487 496/148/488
f 494/144/489 498/149/490 2576/146/37
f 495/146/37 498/149/491 499/150/492
f 498/149/491 500/151/493 499/150/492
f 500/151/493 501/152/494 499/150/492
f 495/146/37 499/150/492 502/153/495
f 502/153/496 497/147/497 2576/146/498
f 503/154/499 502/153/495 499/150/492
f 501/152/494 503/154/499 499/150/492
f 504/155/452 2576/146/37 496/148/488
f 506/156/450 507/157/450 505/158/500
f 505/158/500 507/157/450 508/159/500
f 510/160/448 505/158/501 509/161/448
f 509/161/448 505/158/501 511/159/500
f 510/160/448 509/161/448 512/158/502
f 512/158/502 509/161/448 513/159/503
f 512/158/502 513/159/503 514/156/504
f 514/156/504 513/159/503 515/157/505
f 515/157/481 517/159/506 516/156/481
f 516/156/481 517/159/506 518/158/507
f 517/159/506 519/161/479 518/158/507
f 518/158/507 519/161/479 520/160/479
f 519/161/479 521/158/508 520/160/479
f 522/159/509 521/158/508 519/161/479
f 523/159/509 507/157/450 521/158/508
f 521/158/508 507/157/450 506/156/450
f 525/162/510 526/163/450 524/164/511
f 524/164/511 526/163/450 2577/165/450
f 524/164/511 2578/166/448 525/162/510
f 2579/167/448 2578/166/448 524/164/511
f 2577/165/450 526/163/450 527/168/512
f 527/168/512 526/163/450 528/169/513
f 527/168/512 528/169/513 529/170/479
f 529/170/479 528/169/513 2580/171/514
f 531/172/515 532/173/516 530/174/448
f 530/174/448 532/173/516 533/175/448
f 531/172/515 534/176/481 532/173/516
f 2581/177/481 534/176/481 531/172/515
f 2581/177/481 535/178/480 534/176/481
f 536/179/517 535/178/480 2581/177/481
f 536/179/517 2580/171/479 535/178/480
f 2582/170/479 2580/171/479 536/179/517
f 538/180/518 539/181/519 537/182/520
f 538/180/518 540/183/521 539/181/519
f 541/184/522 540/183/521 538/180/518
f 541/184/522 542/185/523 540/183/521
f 543/186/524 542/185/523 541/184/522
f 538/180/518 544/187/525 541/184/522
f 541/184/522 544/187/525 545/188/526
f 541/184/522 545/188/526 543/186/524
f 545/188/526 544/187/525 546/189/527
f 546/189/527 544/187/525 547/190/528
f 544/187/525 548/191/529 547/190/528
f 538/180/518 537/182/520 548/191/529
f 538/180/518 548/191/529 544/187/525
f 547/190/528 549/192/530 546/189/527
f 549/192/530 547/190/528 550/193/531
f 547/190/528 548/191/529 550/193/531
f 551/182/532 550/193/531 548/191/529
f 546/189/527 549/192/530 552/194/533
f 543/186/524 553/195/534 542/185/523
f 554/196/535 553/195/534 543/186/524
f 545/188/526 546/189/527 555/197/536
f 543/186/524 545/188/526 555/197/536
f 543/186/524 555/197/536 554/196/535
f 555/197/536 546/189/527 556/198/537
f 546/189/527 552/194/533 556/198/537
f 555/197/536 556/198/537 557/199/538
f 554/196/535 555/197/536 557/199/538
f 557/199/538 556/198/537 558/200/539
f 556/198/537 552/194/533 559/201/540
f 558/200/539 556/198/537 560/202/541
f 560/202/541 556/198/537 559/201/540
f 561/203/542 554/196/535 557/199/538
f 554/196/535 561/203/542 562/204/543
f 562/204/543 563/195/544 554/196/535
f 561/203/542 564/205/545 562/204/543
f 561/203/542 565/206/546 564/205/545
f 557/199/538 565/206/546 561/203/542
f 557/199/538 558/200/539 565/206/546
f 564/205/545 565/206/546 566/207/547
f 564/205/545 566/207/547 567/208/548
f 567/208/548 566/207/547 568/209/549
f 568/209/549 569/210/550 567/208/548
f 569/210/550 568/209/549 570/211/551
f 570/211/551 571/212/552 569/210/550
f 571/212/552 572/213/553 569/210/550
f 571/212/552 573/214/554 572/213/553
f 574/215/555 573/214/554 571/212/552
f 573/214/554 574/215/555 575/216/556
f 576/217/557 575/216/556 574/215/555
f 576/217/557 577/218/558 575/216/556
f 578/219/559 577/218/558 576/217/557
f 578/219/559 576/217/557 574/215/555
f 571/212/552 578/219/559 574/215/555
f 579/220/560 577/218/558 578/219/559
f 578/219/559 580/221/561 579/220/560
f 581/222/562 580/221/561 578/219/559
f 578/219/559 571/212/552 581/222/562
f 581/222/562 571/212/552 570/211/551
f 582/223/563 580/221/561 581/222/562
f 583/224/564 580/221/561 582/223/563
f 582/223/563 584/225/565 583/224/564
f 583/224/564 584/225/565 585/226/566
f 586/227/567 573/214/554 575/216/556
f 587/195/568 573/214/554 586/227/567
f 587/195/569 572/213/570 588/214/571
f 582/223/563 581/222/562 589/228/572
f 590/229/573 582/223/563 589/228/572
f 584/225/565 582/223/563 590/229/573
f 584/225/565 591/230/574 585/226/566
f 591/230/574 584/225/565 590/229/573
f 585/226/566 591/230/574 592/231/575
f 591/230/574 593/232/576 592/231/575
f 594/233/577 593/232/576 591/230/574
f 595/234/578 594/233/577 591/230/574
f 590/229/573 595/234/578 591/230/574
f 594/233/577 596/235/579 593/232/576
f 594/233/577 597/236/580 596/235/579
f 598/237/581 597/236/580 594/233/577
f 594/233/577 595/234/578 598/237/581
f 599/238/582 596/235/579 597/236/580
f 600/239/583 599/238/582 597/236/580
f 597/236/580 598/237/581 600/239/583
f 600/239/583 598/237/581 601/240/584
f 598/237/581 602/241/585 601/240/584
f 603/242/586 601/240/584 602/241/585
f 604/243/587 603/242/586 602/241/585
f 604/243/587 602/241/585 605/244/588
f 604/243/587 605/244/588 606/245/589
f 606/245/589 605/244/588 607/246/590
f 608/247/591 607/246/590 605/244/588
f 609/248/592 607/246/590 608/247/591
f 610/249/593 607/246/590 609/248/592
f 611/250/594 610/249/593 609/248/592
f 612/251/595 610/249/593 611/250/594
f 613/252/596 610/249/593 612/251/595
f 614/253/597 610/249/593 613/252/596
f 606/245/589 607/246/590 614/253/597
f 614/253/597 607/246/590 610/249/593
f 613/252/596 612/251/595 615/254/598
f 615/254/598 612/251/595 616/255/599
f 617/256/600 616/255/599 612/251/595
f 617/256/600 612/251/595 611/250/594
f 618/257/601 616/255/599 617/256/600
f 615/254/598 616/255/599 619/258/602
f 619/258/602 616/255/599 620/259/603
f 616/255/599 618/257/601 620/259/603
f 608/247/591 605/244/588 621/260/604
f 621/260/604 605/244/588 622/261/605
f 605/244/588 623/262/606 622/261/605
f 623/262/606 605/244/588 602/241/585
f 598/237/581 623/262/606 602/241/585
f 623/262/606 598/237/581 624/263/607
f 622/261/605 623/262/606 624/263/607
f 624/263/607 625/264/608 622/261/605
f 624/263/607 626/265/609 625/264/608
f 627/266/610 626/265/609 624/263/607
f 627/266/610 628/267/611 626/265/609
f 629/268/612 628/267/611 627/266/610
f 628/267/611 629/268/612 630/269/613
f 630/269/613 629/268/612 631/270/614
f 629/268/612 632/271/615 631/270/614
f 633/272/616 632/271/615 629/268/612
f 627/266/610 633/272/616 629/268/612
f 634/273/617 633/272/616 627/266/610
f 634/273/617 627/266/610 624/263/607
f 635/274/618 634/273/617 624/263/607
f 624/263/607 595/234/578 635/274/618
f 598/237/581 595/234/578 624/263/607
f 595/234/578 590/229/573 635/274/618
f 589/228/572 636/275/619 590/229/573
f 570/211/551 636/275/619 589/228/572
f 589/228/572 581/222/562 570/211/551
f 568/209/549 636/275/619 570/211/551
f 566/207/547 636/275/619 568/209/549
f 638/276/620 639/277/621 637/278/622
f 637/278/622 639/277/621 640/279/623
f 640/279/623 641/280/624 637/278/622
f 637/278/622 641/280/624 642/281/625
f 641/280/624 643/282/626 642/281/625
f 639/277/621 638/276/620 644/283/627
f 639/277/621 644/283/627 645/284/628
f 645/284/628 644/283/627 646/285/629
f 646/285/629 644/283/627 647/286/629
f 649/273/630 650/287/631 648/272/632
f 648/272/632 650/287/631 651/288/633
f 651/288/633 652/271/634 648/272/632
f 653/289/635 652/271/634 651/288/633
f 650/287/631 649/273/630 654/290/636
f 654/290/636 649/273/630 655/274/637
f 655/274/637 656/291/638 654/290/636
f 657/229/639 656/291/638 655/274/637
f 656/291/638 657/229/639 658/292/640
f 658/292/640 657/229/639 659/275/641
f 658/292/640 659/275/641 660/293/642
f 660/293/642 659/275/641 661/207/643
f 660/293/642 661/207/643 662/294/644
f 662/294/644 661/207/643 663/206/645
f 662/294/644 663/206/645 664/200/646
f 666/285/647 667/295/648 665/284/649
f 665/284/649 667/295/648 668/296/650
f 667/295/648 669/259/651 668/296/650
f 670/258/652 669/259/651 667/295/648
f 671/297/653 668/296/650 669/259/651
f 672/298/654 671/297/653 669/259/651
f 671/297/653 673/277/655 668/296/650
f 668/296/650 673/277/655 665/284/649
f 674/299/656 672/298/654 669/259/651
f 674/299/656 675/300/657 672/298/654
f 672/298/654 675/300/657 676/279/658
f 676/279/658 675/300/657 677/280/659
f 671/297/653 672/298/654 676/279/658
f 671/297/653 676/279/658 673/277/655
f 675/300/657 678/282/660 677/280/659
f 680/270/661 681/271/662 679/301/663
f 679/301/663 681/271/662 682/289/664
f 683/302/665 680/270/661 679/301/663
f 684/269/666 680/270/661 683/302/665
f 686/260/667 687/303/668 685/247/669
f 685/247/669 687/303/668 688/304/670
f 689/305/671 685/247/669 688/304/670
f 690/248/672 685/247/669 689/305/671
f 691/282/673 690/248/672 689/305/671
f 692/250/674 690/248/672 691/282/673
f 693/300/675 692/250/674 691/282/673
f 694/256/676 692/250/674 693/300/675
f 695/299/677 694/256/676 693/300/675
f 696/257/678 694/256/676 695/299/677
f 696/257/678 695/299/677 697/259/679
f 686/260/667 698/306/680 687/303/668
f 699/261/681 698/306/680 686/260/667
f 699/261/681 700/264/682 698/306/680
f 698/306/680 700/264/682 701/307/683
f 701/307/683 700/264/682 702/265/684
f 701/307/683 702/265/684 703/308/685
f 703/308/685 702/265/684 704/267/686
f 705/269/687 703/308/685 704/267/686
f 706/302/688 703/308/685 705/269/687
f 708/213/689 709/195/690 707/204/691
f 707/204/691 710/208/692 708/213/689
f 708/213/689 710/208/692 711/210/693
f 710/208/692 707/204/691 712/205/694
f 714/182/695 715/181/696 713/180/697
f 715/181/696 716/183/698 713/180/697
f 713/180/697 716/183/698 717/184/699
f 716/183/698 718/185/700 717/184/699
f 717/184/699 718/185/700 719/186/701
f 717/184/699 720/187/702 713/180/697
f 721/188/703 720/187/702 717/184/699
f 719/186/701 721/188/703 717/184/699
f 722/189/704 720/187/702 721/188/703
f 723/190/705 720/187/702 722/189/704
f 723/190/705 724/191/706 720/187/702
f 724/191/706 714/182/695 713/180/697
f 720/187/702 724/191/706 713/180/697
f 722/189/704 725/192/707 723/190/705
f 726/193/708 723/190/705 725/192/707
f 726/193/708 724/191/706 723/190/705
f 724/191/706 726/193/708 727/182/709
f 728/194/710 725/192/707 722/189/704
f 718/185/700 729/195/711 719/186/701
f 719/186/701 729/195/711 730/196/712
f 731/197/713 722/189/704 721/188/703
f 731/197/713 721/188/703 719/186/701
f 730/196/712 731/197/713 719/186/701
f 732/198/714 722/189/704 731/197/713
f 732/198/714 728/194/710 722/189/704
f 733/199/715 732/198/714 731/197/713
f 733/199/715 731/197/713 730/196/712
f 734/200/716 732/198/714 733/199/715
f 735/201/717 728/194/710 732/198/714
f 735/201/717 732/198/714 736/202/718
f 736/202/718 732/198/714 734/200/716
f 733/199/715 730/196/712 737/203/719
f 738/204/720 737/203/719 730/196/712
f 730/196/712 739/195/711 738/204/720
f 738/204/720 740/205/721 737/203/719
f 740/205/721 741/206/722 737/203/719
f 737/203/719 741/206/722 733/199/715
f 741/206/722 734/200/716 733/199/715
f 742/207/723 741/206/722 740/205/721
f 743/208/724 742/207/723 740/205/721
f 744/209/725 742/207/723 743/208/724
f 743/208/724 745/210/726 744/209/725
f 746/211/727 744/209/725 745/210/726
f 745/210/726 747/212/728 746/211/727
f 745/210/726 748/213/729 747/212/728
f 748/213/729 749/214/730 747/212/728
f 747/212/728 749/214/730 750/215/731
f 751/216/732 750/215/731 749/214/730
f 750/215/731 751/216/732 752/217/733
f 751/216/732 753/218/734 752/217/733
f 752/217/733 753/218/734 754/219/735
f 750/215/731 752/217/733 754/219/735
f 750/215/731 754/219/735 747/212/728
f 754/219/735 753/218/734 755/220/736
f 755/220/736 756/221/737 754/219/735
f 754/219/735 756/221/737 757/222/738
f 746/211/727 747/212/728 757/222/738
f 757/222/738 747/212/728 754/219/735
f 757/222/738 756/221/737 758/223/739
f 758/223/739 756/221/737 759/224/740
f 759/224/740 760/225/741 758/223/739
f 761/226/742 760/225/741 759/224/740
f 751/216/732 749/214/730 762/227/743
f 762/227/743 749/214/730 763/195/744
f 764/214/745 748/213/746 763/195/744
f 765/228/747 757/222/738 758/223/739
f 765/228/747 758/223/739 766/229/748
f 766/229/748 758/223/739 760/225/741
f 761/226/742 767/230/749 760/225/741
f 766/229/748 760/225/741 767/230/749
f 768/231/750 767/230/749 761/226/742
f 768/231/750 769/232/751 767/230/749
f 767/230/749 769/232/751 770/233/752
f 767/230/749 770/233/752 771/234/753
f 767/230/749 771/234/753 766/229/748
f 769/232/751 772/235/754 770/233/752
f 772/235/754 773/236/755 770/233/752
f 770/233/752 773/236/755 774/237/756
f 774/237/756 771/234/753 770/233/752
f 773/236/755 772/235/754 775/238/757
f 773/236/755 775/238/757 776/239/758
f 776/239/758 774/237/756 773/236/755
f 777/240/759 774/237/756 776/239/758
f 777/240/759 778/241/760 774/237/756
f 778/241/760 777/240/759 779/242/761
f 778/241/760 779/242/761 780/243/762
f 781/244/763 778/241/760 780/243/762
f 782/245/764 781/244/763 780/243/762
f 783/246/765 781/244/763 782/245/764
f 781/244/763 783/246/765 784/247/766
f 784/247/766 783/246/765 785/248/767
f 785/248/767 783/246/765 786/249/768
f 785/248/767 786/249/768 787/250/769
f 787/250/769 786/249/768 788/251/770
f 788/251/770 786/249/768 789/252/771
f 789/252/771 786/249/768 790/253/772
f 786/249/768 783/246/765 790/253/772
f 790/253/772 783/246/765 782/245/764
f 791/254/773 788/251/770 789/252/771
f 792/255/774 788/251/770 791/254/773
f 788/251/770 792/255/774 793/256/775
f 787/250/769 788/251/770 793/256/775
f 793/256/775 792/255/774 794/257/776
f 795/258/777 792/255/774 791/254/773
f 796/259/778 792/255/774 795/258/777
f 796/259/778 794/257/776 792/255/774
f 797/260/779 781/244/763 784/247/766
f 798/261/780 781/244/763 797/260/779
f 798/261/780 799/262/781 781/244/763
f 778/241/760 781/244/763 799/262/781
f 778/241/760 799/262/781 774/237/756
f 800/263/782 774/237/756 799/262/781
f 800/263/782 799/262/781 798/261/780
f 798/261/780 801/264/783 800/263/782
f 801/264/783 802/265/784 800/263/782
f 800/263/782 802/265/784 803/266/785
f 802/265/784 804/267/786 803/266/785
f 803/266/785 804/267/786 805/268/787
f 806/269/788 805/268/787 804/267/786
f 807/270/789 805/268/787 806/269/788
f 807/270/789 808/271/790 805/268/787
f 805/268/787 808/271/790 809/272/791
f 805/268/787 809/272/791 803/266/785
f 803/266/785 809/272/791 810/273/792
f 800/263/782 803/266/785 810/273/792
f 800/263/782 810/273/792 811/274/793
f 811/274/793 771/234/753 800/263/782
f 800/263/782 771/234/753 774/237/756
f 811/274/793 766/229/748 771/234/753
f 766/229/748 812/275/794 765/228/747
f 765/228/747 812/275/794 746/211/727
f 746/211/727 757/222/738 765/228/747
f 746/211/727 812/275/794 744/209/725
f 744/209/725 812/275/794 742/207/723
f 814/279/795 815/277/796 813/278/797
f 813/278/797 815/277/796 816/276/798
f 813/278/797 817/280/799 814/279/795
f 818/281/800 817/280/799 813/278/797
f 818/281/800 819/282/801 817/280/799
f 820/283/802 816/276/798 815/277/796
f 821/284/803 820/283/802 815/277/796
f 822/285/804 820/283/802 821/284/803
f 823/286/804 820/283/802 822/285/804
f 825/288/805 826/287/806 824/272/807
f 824/272/807 826/287/806 827/273/808
f 824/272/807 828/271/809 825/288/805
f 825/288/805 828/271/809 829/289/809
f 830/290/810 827/273/808 826/287/806
f 831/274/811 827/273/808 830/290/810
f 830/290/810 832/291/812 831/274/811
f 831/274/811 832/291/812 833/229/813
f 834/292/814 833/229/813 832/291/812
f 835/275/815 833/229/813 834/292/814
f 836/293/816 835/275/815 834/292/814
f 837/207/817 835/275/815 836/293/816
f 838/294/818 837/207/817 836/293/816
f 839/206/819 837/207/817 838/294/818
f 840/200/820 839/206/819 838/294/818
f 842/296/821 843/295/822 841/284/823
f 841/284/823 843/295/822 844/285/824
f 842/296/821 845/259/825 843/295/822
f 843/295/822 845/259/825 846/258/826
f 845/259/825 842/296/821 847/297/827
f 845/259/825 847/297/827 848/298/828
f 841/284/823 849/277/829 842/296/821
f 842/296/821 849/277/829 847/297/827
f 845/259/825 848/298/828 850/299/830
f 848/298/828 851/300/831 850/299/830
f 852/279/832 851/300/831 848/298/828
f 853/280/833 851/300/831 852/279/832
f 852/279/832 848/298/828 847/297/827
f 849/277/829 852/279/832 847/297/827
f 853/280/833 854/282/834 851/300/831
f 856/289/835 857/271/835 855/301/836
f 855/301/836 857/271/835 858/270/837
f 855/301/836 858/270/837 859/302/838
f 859/302/838 858/270/837 860/269/838
f 862/304/839 863/303/840 861/247/841
f 861/247/841 863/303/840 864/260/842
f 862/304/839 861/247/841 865/305/843
f 865/305/843 861/247/841 866/248/844
f 865/305/843 866/248/844 867/282/845
f 867/282/845 866/248/844 868/250/846
f 867/282/845 868/250/846 869/300/847
f 869/300/847 868/250/846 870/256/848
f 869/300/847 870/256/848 871/299/849
f 871/299/849 870/256/848 872/257/850
f 873/259/851 871/299/849 872/257/850
f 863/303/840 874/306/852 864/260/842
f 864/260/842 874/306/852 875/261/853
f 874/306/852 876/264/854 875/261/853
f 877/307/855 876/264/854 874/306/852
f 878/265/856 876/264/854 877/307/855
f 879/308/857 878/265/856 877/307/855
f 880/267/858 878/265/856 879/308/857
f 880/267/858 879/308/857 881/269/859
f 881/269/859 879/308/857 882/302/859
f 884/204/860 885/195/861 883/213/862
f 883/213/862 886/208/863 884/204/860
f 887/210/864 886/208/863 883/213/862
f 888/205/865 884/204/860 886/208/863
f 890/182/866 891/181/867 889/180/868
f 891/181/867 892/183/869 889/180/868
f 889/180/868 892/183/869 893/184/870
f 892/183/869 894/185/871 893/184/870
f 893/184/870 894/185/871 895/186/872
f 893/184/870 896/187/873 889/180/868
f 897/188/874 896/187/873 893/184/870
f 895/186/872 897/188/874 893/184/870
f 898/189/875 896/187/873 897/188/874
f 899/190/876 896/187/873 898/189/875
f 899/190/876 900/191/877 896/187/873
f 900/191/877 890/182/866 889/180/868
f 896/187/873 900/191/877 889/180/868
f 898/189/875 901/192/878 899/190/876
f 902/193/879 899/190/876 901/192/878
f 902/193/879 900/191/877 899/190/876
f 900/191/877 902/193/879 903/182/866
f 904/194/880 901/192/878 898/189/875
f 894/185/871 905/195/881 895/186/872
f 895/186/872 905/195/881 906/196/882
f 907/197/883 898/189/875 897/188/874
f 907/197/883 897/188/874 895/186/872
f 906/196/882 907/197/883 895/186/872
f 908/198/884 898/189/875 907/197/883
f 908/198/884 904/194/880 898/189/875
f 909/199/885 908/198/884 907/197/883
f 909/199/885 907/197/883 906/196/882
f 910/200/886 908/198/884 909/199/885
f 911/201/887 904/194/880 908/198/884
f 911/201/887 908/198/884 912/202/888
f 912/202/888 908/198/884 910/200/886
f 909/199/885 906/196/882 913/203/889
f 914/204/890 913/203/889 906/196/882
f 906/196/882 915/195/891 914/204/890
f 914/204/890 916/205/892 913/203/889
f 916/205/892 917/206/893 913/203/889
f 913/203/889 917/206/893 909/199/885
f 917/206/893 910/200/886 909/199/885
f 918/207/894 917/206/893 916/205/892
f 919/208/895 918/207/894 916/205/892
f 920/209/896 918/207/894 919/208/895
f 919/208/895 921/210/897 920/209/896
f 922/211/898 920/209/896 921/210/897
f 921/210/897 923/212/899 922/211/898
f 921/210/897 924/213/900 923/212/899
f 924/213/900 925/214/901 923/212/899
f 923/212/899 925/214/901 926/215/902
f 927/216/903 926/215/902 925/214/901
f 926/215/902 927/216/903 928/217/904
f 927/216/903 929/218/905 928/217/904
f 928/217/904 929/218/905 930/219/906
f 926/215/902 928/217/904 930/219/906
f 926/215/902 930/219/906 923/212/899
f 930/219/906 929/218/905 931/220/907
f 931/220/907 932/221/908 930/219/906
f 930/219/906 932/221/908 933/222/909
f 922/211/898 923/212/899 933/222/909
f 933/222/909 923/212/899 930/219/906
f 933/222/909 932/221/908 934/223/910
f 934/223/910 932/221/908 935/224/911
f 935/224/911 936/225/912 934/223/910
f 937/226/913 936/225/912 935/224/911
f 927/216/903 925/214/901 938/227/914
f 938/227/914 925/214/901 939/195/915
f 940/214/916 924/213/900 939/195/917
f 941/228/918 933/222/909 934/223/910
f 941/228/918 934/223/910 942/229/919
f 942/229/919 934/223/910 936/225/912
f 937/226/913 943/230/920 936/225/912
f 942/229/919 936/225/912 943/230/920
f 944/231/921 943/230/920 937/226/913
f 944/231/921 945/232/922 943/230/920
f 943/230/920 945/232/922 946/233/923
f 943/230/920 946/233/923 947/234/924
f 943/230/920 947/234/924 942/229/919
f 945/232/922 948/235/925 946/233/923
f 948/235/925 949/236/926 946/233/923
f 946/233/923 949/236/926 950/237/927
f 950/237/927 947/234/924 946/233/923
f 949/236/926 948/235/925 951/238/928
f 949/236/926 951/238/928 952/239/929
f 952/239/929 950/237/927 949/236/926
f 953/240/930 950/237/927 952/239/929
f 953/240/930 954/241/931 950/237/927
f 954/241/931 953/240/930 955/242/932
f 954/241/931 955/242/932 956/243/933
f 957/244/934 954/241/931 956/243/933
f 958/245/935 957/244/934 956/243/933
f 959/246/936 957/244/934 958/245/935
f 957/244/934 959/246/936 960/247/937
f 960/247/937 959/246/936 961/248/938
f 961/248/938 959/246/936 962/249/939
f 961/248/938 962/249/939 963/250/940
f 963/250/940 962/249/939 964/251/941
f 964/251/941 962/249/939 965/252/942
f 965/252/942 962/249/939 966/253/943
f 962/249/939 959/246/936 966/253/943
f 966/253/943 959/246/936 958/245/935
f 967/254/944 964/251/941 965/252/942
f 968/255/945 964/251/941 967/254/944
f 964/251/941 968/255/945 969/256/946
f 963/250/940 964/251/941 969/256/946
f 969/256/946 968/255/945 970/257/947
f 971/258/948 968/255/945 967/254/944
f 972/259/949 968/255/945 971/258/948
f 972/259/949 970/257/947 968/255/945
f 973/260/950 957/244/934 960/247/937
f 974/261/951 957/244/934 973/260/950
f 974/261/951 975/262/952 957/244/934
f 954/241/931 957/244/934 975/262/952
f 954/241/931 975/262/952 950/237/927
f 976/263/953 950/237/927 975/262/952
f 976/263/953 975/262/952 974/261/951
f 974/261/951 977/264/954 976/263/953
f 977/264/954 978/265/955 976/263/953
f 976/263/953 978/265/955 979/266/956
f 978/265/955 980/267/957 979/266/956
f 979/266/956 980/267/957 981/268/958
f 982/269/959 981/268/958 980/267/957
f 983/270/960 981/268/958 982/269/959
f 983/270/960 984/271/961 981/268/958
f 981/268/958 984/271/961 985/272/962
f 981/268/958 985/272/962 979/266/956
f 979/266/956 985/272/962 986/273/963
f 976/263/953 979/266/956 986/273/963
f 976/263/953 986/273/963 987/274/964
f 987/274/964 947/234/924 976/263/953
f 976/263/953 947/234/924 950/237/927
f 987/274/964 942/229/919 947/234/924
f 942/229/919 988/275/965 941/228/918
f 941/228/918 988/275/965 922/211/898
f 922/211/898 933/222/909 941/228/918
f 922/211/898 988/275/965 920/209/896
f 920/209/896 988/275/965 918/207/894
f 990/279/966 991/277/967 989/278/968
f 989/278/968 991/277/967 992/276/969
f 989/278/968 993/280/970 990/279/966
f 994/281/971 993/280/970 989/278/968
f 994/281/971 995/282/972 993/280/970
f 996/283/973 992/276/969 991/277/967
f 997/284/974 996/283/973 991/277/967
f 998/285/975 996/283/973 997/284/974
f 999/286/976 996/283/973 998/285/975
f 1001/288/977 1002/287/978 1000/272/979
f 1000/272/979 1002/287/978 1003/273/980
f 1000/272/979 1004/271/981 1001/288/977
f 1001/288/977 1004/271/981 1005/289/981
f 1006/290/982 1003/273/980 1002/287/978
f 1007/274/983 1003/273/980 1006/290/982
f 1006/290/982 1008/291/984 1007/274/983
f 1007/274/983 1008/291/984 1009/229/985
f 1010/292/986 1009/229/985 1008/291/984
f 1011/275/987 1009/229/985 1010/292/986
f 1012/293/988 1011/275/987 1010/292/986
f 1013/207/989 1011/275/987 1012/293/988
f 1014/294/990 1013/207/989 1012/293/988
f 1015/206/991 1013/207/989 1014/294/990
f 1016/200/992 1015/206/991 1014/294/990
f 1018/296/993 1019/295/994 1017/284/995
f 1017/284/995 1019/295/994 1020/285/996
f 1018/296/993 1021/259/997 1019/295/994
f 1019/295/994 1021/259/997 1022/258/998
f 1021/259/997 1018/296/993 1023/297/999
f 1021/259/997 1023/297/999 1024/298/1000
f 1017/284/995 1025/277/1001 1018/296/993
f 1018/296/993 1025/277/1001 1023/297/999
f 1021/259/997 1024/298/1000 1026/299/1002
f 1024/298/1000 1027/300/1003 1026/299/1002
f 1028/279/1004 1027/300/1003 1024/298/1000
f 1029/280/1005 1027/300/1003 1028/279/1004
f 1028/279/1004 1024/298/1000 1023/297/999
f 1025/277/1001 1028/279/1004 1023/297/999
f 1029/280/1005 1030/282/1006 1027/300/1003
f 1032/289/1007 1033/271/1008 1031/301/1009
f 1031/301/1009 1033/271/1008 1034/270/1010
f 1031/301/1009 1034/270/1010 1035/302/1011
f 1035/302/1011 1034/270/1010 1036/269/1011
f 1038/304/1012 1039/303/1013 1037/247/1014
f 1037/247/1014 1039/303/1013 1040/260/1015
f 1038/304/1012 1037/247/1014 1041/305/1016
f 1041/305/1016 1037/247/1014 1042/248/1017
f 1041/305/1016 1042/248/1017 1043/282/1018
f 1043/282/1018 1042/248/1017 1044/250/1019
f 1043/282/1018 1044/250/1019 1045/300/1020
f 1045/300/1020 1044/250/1019 1046/256/1021
f 1045/300/1020 1046/256/1021 1047/299/1022
f 1047/299/1022 1046/256/1021 1048/257/1023
f 1049/259/1024 1047/299/1022 1048/257/1023
f 1039/303/1013 1050/306/1025 1040/260/1015
f 1040/260/1015 1050/306/1025 1051/261/1026
f 1050/306/1025 1052/264/1027 1051/261/1026
f 1053/307/1028 1052/264/1027 1050/306/1025
f 1054/265/1029 1052/264/1027 1053/307/1028
f 1055/308/1030 1054/265/1029 1053/307/1028
f 1056/267/1031 1054/265/1029 1055/308/1030
f 1056/267/1031 1055/308/1030 1057/269/1032
f 1057/269/1032 1055/308/1030 1058/302/1032
f 1060/204/1033 1061/195/1034 1059/213/1035
f 1059/213/1035 1062/208/1036 1060/204/1033
f 1063/210/1037 1062/208/1036 1059/213/1035
f 1064/205/1038 1060/204/1033 1062/208/1036
f 1066/180/1039 1067/181/1040 1065/182/1041
f 1066/180/1039 1068/183/1042 1067/181/1040
f 1069/184/1043 1068/183/1042 1066/180/1039
f 1069/184/1043 1070/185/1044 1068/183/1042
f 1071/186/1045 1070/185/1044 1069/184/1043
f 1066/180/1039 1072/187/1046 1069/184/1043
f 1069/184/1043 1072/187/1046 1073/188/1047
f 1069/184/1043 1073/188/1047 1071/186/1045
f 1073/188/1047 1072/187/1046 1074/189/1048
f 1074/189/1048 1072/187/1046 1075/190/1049
f 1072/187/1046 1076/191/1050 1075/190/1049
f 1066/180/1039 1065/182/1041 1076/191/1050
f 1066/180/1039 1076/191/1050 1072/187/1046
f 1075/190/1049 1077/192/1051 1074/189/1048
f 1077/192/1051 1075/190/1049 1078/193/1052
f 1075/190/1049 1076/191/1050 1078/193/1052
f 1079/182/1053 1078/193/1052 1076/191/1050
f 1074/189/1048 1077/192/1051 1080/194/1054
f 1071/186/1045 1081/195/1055 1070/185/1044
f 1082/196/1056 1081/195/1055 1071/186/1045
f 1073/188/1047 1074/189/1048 1083/197/1057
f 1071/186/1045 1073/188/1047 1083/197/1057
f 1071/186/1045 1083/197/1057 1082/196/1056
f 1083/197/1057 1074/189/1048 1084/198/1058
f 1074/189/1048 1080/194/1054 1084/198/1058
f 1083/197/1057 1084/198/1058 1085/199/1059
f 1082/196/1056 1083/197/1057 1085/199/1059
f 1085/199/1059 1084/198/1058 1086/200/1060
f 1084/198/1058 1080/194/1054 1087/201/1061
f 1086/200/1060 1084/198/1058 1088/202/1062
f 1088/202/1062 1084/198/1058 1087/201/1061
f 1089/203/1063 1082/196/1056 1085/199/1059
f 1082/196/1056 1089/203/1063 1090/204/1064
f 1090/204/1064 1091/195/1065 1082/196/1056
f 1089/203/1063 1092/205/1066 1090/204/1064
f 1089/203/1063 1093/206/1067 1092/205/1066
f 1085/199/1059 1093/206/1067 1089/203/1063
f 1085/199/1059 1086/200/1060 1093/206/1067
f 1092/205/1066 1093/206/1067 1094/207/1068
f 1092/205/1066 1094/207/1068 1095/208/1069
f 1095/208/1069 1094/207/1068 1096/209/1070
f 1096/209/1070 1097/210/1071 1095/208/1069
f 1097/210/1071 1096/209/1070 1098/211/1072
f 1098/211/1072 1099/212/1073 1097/210/1071
f 1099/212/1073 1100/213/1074 1097/210/1071
f 1099/212/1073 1101/214/1075 1100/213/1074
f 1102/215/1076 1101/214/1075 1099/212/1073
f 1101/214/1075 1102/215/1076 1103/216/1077
f 1104/217/1078 1103/216/1077 1102/215/1076
f 1104/217/1078 1105/218/1079 1103/216/1077
f 1106/219/1080 1105/218/1079 1104/217/1078
f 1106/219/1080 1104/217/1078 1102/215/1076
f 1099/212/1073 1106/219/1080 1102/215/1076
f 1107/220/1081 1105/218/1079 1106/219/1080
f 1106/219/1080 1108/221/1082 1107/220/1081
f 1109/222/1083 1108/221/1082 1106/219/1080
f 1106/219/1080 1099/212/1073 1109/222/1083
f 1109/222/1083 1099/212/1073 1098/211/1072
f 1110/223/1084 1108/221/1082 1109/222/1083
f 1111/224/1085 1108/221/1082 1110/223/1084
f 1110/223/1084 1112/225/1086 1111/224/1085
f 1111/224/1085 1112/225/1086 1113/226/1087
f 1114/227/1088 1101/214/1075 1103/216/1077
f 1115/195/1089 1101/214/1075 1114/227/1088
f 1115/195/1090 1100/213/1074 1116/214/1091
f 1110/223/1084 1109/222/1083 1117/228/1092
f 1118/229/1093 1110/223/1084 1117/228/1092
f 1112/225/1086 1110/223/1084 1118/229/1093
f 1112/225/1086 1119/230/1094 1113/226/1087
f 1119/230/1094 1112/225/1086 1118/229/1093
f 1113/226/1087 1119/230/1094 1120/231/1095
f 1119/230/1094 1121/232/1096 1120/231/1095
f 1122/233/1097 1121/232/1096 1119/230/1094
f 1123/234/1098 1122/233/1097 1119/230/1094
f 1118/229/1093 1123/234/1098 1119/230/1094
f 1122/233/1097 1124/235/1099 1121/232/1096
f 1122/233/1097 1125/236/1100 1124/235/1099
f 1126/237/1101 1125/236/1100 1122/233/1097
f 1122/233/1097 1123/234/1098 1126/237/1101
f 1127/238/1102 1124/235/1099 1125/236/1100
f 1128/239/1103 1127/238/1102 1125/236/1100
f 1125/236/1100 1126/237/1101 1128/239/1103
f 1128/239/1103 1126/237/1101 1129/240/1104
f 1126/237/1101 1130/241/1105 1129/240/1104
f 1131/242/1106 1129/240/1104 1130/241/1105
f 1132/243/1107 1131/242/1106 1130/241/1105
f 1132/243/1107 1130/241/1105 1133/244/1108
f 1132/243/1107 1133/244/1108 1134/245/1109
f 1134/245/1109 1133/244/1108 1135/246/1110
f 1136/247/1111 1135/246/1110 1133/244/1108
f 1137/248/1112 1135/246/1110 1136/247/1111
f 1138/249/1113 1135/246/1110 1137/248/1112
f 1139/250/1114 1138/249/1113 1137/248/1112
f 1140/251/1115 1138/249/1113 1139/250/1114
f 1141/252/1116 1138/249/1113 1140/251/1115
f 1142/253/1117 1138/249/1113 1141/252/1116
f 1134/245/1109 1135/246/1110 1142/253/1117
f 1142/253/1117 1135/246/1110 1138/249/1113
f 1141/252/1116 1140/251/1115 1143/254/1118
f 1143/254/1118 1140/251/1115 1144/255/1119
f 1145/256/1120 1144/255/1119 1140/251/1115
f 1145/256/1120 1140/251/1115 1139/250/1114
f 1146/257/1121 1144/255/1119 1145/256/1120
f 1143/254/1118 1144/255/1119 1147/258/1122
f 1147/258/1122 1144/255/1119 1148/259/1123
f 1144/255/1119 1146/257/1121 1148/259/1123
f 1136/247/1111 1133/244/1108 1149/260/1124
f 1149/260/1124 1133/244/1108 1150/261/1125
f 1133/244/1108 1151/262/1126 1150/261/1125
f 1151/262/1126 1133/244/1108 1130/241/1105
f 1126/237/1101 1151/262/1126 1130/241/1105
f 1151/262/1126 1126/237/1101 1152/263/1127
f 1150/261/1125 1151/262/1126 1152/263/1127
f 1152/263/1127 1153/264/1128 1150/261/1125
f 1152/263/1127 1154/265/1129 1153/264/1128
f 1155/266/1130 1154/265/1129 1152/263/1127
f 1155/266/1130 1156/267/1131 1154/265/1129
f 1157/268/1132 1156/267/1131 1155/266/1130
f 1156/267/1131 1157/268/1132 1158/269/1133
f 1158/269/1133 1157/268/1132 1159/270/1134
f 1157/268/1132 1160/271/1135 1159/270/1134
f 1161/272/1136 1160/271/1135 1157/268/1132
f 1155/266/1130 1161/272/1136 1157/268/1132
f 1162/273/1137 1161/272/1136 1155/266/1130
f 1162/273/1137 1155/266/1130 1152/263/1127
f 1163/274/1138 1162/273/1137 1152/263/1127
f 1152/263/1127 1123/234/1098 1163/274/1138
f 1126/237/1101 1123/234/1098 1152/263/1127
f 1123/234/1098 1118/229/1093 1163/274/1138
f 1117/228/1092 1164/275/1139 1118/229/1093
f 1098/211/1072 1164/275/1139 1117/228/1092
f 1117/228/1092 1109/222/1083 1098/211/1072
f 1096/209/1070 1164/275/1139 1098/211/1072
f 1094/207/1068 1164/275/1139 1096/209/1070
f 1166/276/1140 1167/277/1141 1165/278/1142
f 1165/278/1142 1167/277/1141 1168/279/1143
f 1168/279/1143 1169/280/1144 1165/278/1142
f 1165/278/1142 1169/280/1144 1170/281/1145
f 1169/280/1144 1171/282/1146 1170/281/1145
f 1167/277/1141 1166/276/1140 1172/283/1147
f 1167/277/1141 1172/283/1147 1173/284/1148
f 1173/284/1148 1172/283/1147 1174/285/1149
f 1174/285/1149 1172/283/1147 1175/286/1149
f 1177/273/1150 1178/287/1151 1176/272/1152
f 1176/272/1152 1178/287/1151 1179/288/1153
f 1179/288/1153 1180/271/1154 1176/272/1152
f 1181/289/1154 1180/271/1154 1179/288/1153
f 1178/287/1151 1177/273/1150 1182/290/1155
f 1182/290/1155 1177/273/1150 1183/274/1156
f 1183/274/1156 1184/291/1157 1182/290/1155
f 1185/229/1158 1184/291/1157 1183/274/1156
f 1184/291/1157 1185/229/1158 1186/292/1159
f 1186/292/1159 1185/229/1158 1187/275/1160
f 1186/292/1159 1187/275/1160 1188/293/1161
f 1188/293/1161 1187/275/1160 1189/207/1162
f 1188/293/1161 1189/207/1162 1190/294/1163
f 1190/294/1163 1189/207/1162 1191/206/1164
f 1190/294/1163 1191/206/1164 1192/200/1165
f 1194/285/1166 1195/295/1167 1193/284/1168
f 1193/284/1168 1195/295/1167 1196/296/1169
f 1195/295/1167 1197/259/1170 1196/296/1169
f 1198/258/1171 1197/259/1170 1195/295/1167
f 1199/297/1172 1196/296/1169 1197/259/1170
f 1200/298/1173 1199/297/1172 1197/259/1170
f 1199/297/1172 1201/277/1174 1196/296/1169
f 1196/296/1169 1201/277/1174 1193/284/1168
f 1202/299/1175 1200/298/1173 1197/259/1170
f 1202/299/1175 1203/300/1176 1200/298/1173
f 1200/298/1173 1203/300/1176 1204/279/1177
f 1204/279/1177 1203/300/1176 1205/280/1178
f 1199/297/1172 1200/298/1173 1204/279/1177
f 1199/297/1172 1204/279/1177 1201/277/1174
f 1203/300/1176 1206/282/1179 1205/280/1178
f 1208/270/1180 1209/271/1181 1207/301/1182
f 1207/301/1182 1209/271/1181 1210/289/1181
f 1211/302/1183 1208/270/1180 1207/301/1182
f 1212/269/1184 1208/270/1180 1211/302/1183
f 1214/260/1185 1215/303/1186 1213/247/1187
f 1213/247/1187 1215/303/1186 1216/304/1188
f 1217/305/1189 1213/247/1187 1216/304/1188
f 1218/248/1190 1213/247/1187 1217/305/1189
f 1219/282/1191 1218/248/1190 1217/305/1189
f 1220/250/1192 1218/248/1190 1219/282/1191
f 1221/300/1193 1220/250/1192 1219/282/1191
f 1222/256/1194 1220/250/1192 1221/300/1193
f 1223/299/1195 1222/256/1194 1221/300/1193
f 1224/257/1196 1222/256/1194 1223/299/1195
f 1224/257/1196 1223/299/1195 1225/259/1197
f 1214/260/1185 1226/306/1198 1215/303/1186
f 1227/261/1199 1226/306/1198 1214/260/1185
f 1227/261/1199 1228/264/1200 1226/306/1198
f 1226/306/1198 1228/264/1200 1229/307/1201
f 1229/307/1201 1228/264/1200 1230/265/1202
f 1229/307/1201 1230/265/1202 1231/308/1203
f 1231/308/1203 1230/265/1202 1232/267/1204
f 1233/269/1205 1234/308/1203 1232/267/1206
f 1235/302/1205 1234/308/1203 1233/269/1205
f 1237/213/1207 1238/195/1208 1236/204/1209
f 1236/204/1209 1239/208/1210 1237/213/1207
f 1237/213/1207 1239/208/1210 1240/210/1211
f 1239/208/1210 1236/204/1209 1241/205/1212
f 1243/309/1213 1244/310/1213 1242/311/1213
f 1246/309/1214 1247/311/1215 1245/312/1214
f 1245/312/1214 1247/311/1215 1248/313/1214
f 1250/161/1216 1251/159/1217 1249/314/1216
f 1249/314/1216 1251/159/1217 1252/315/1217
f 1249/314/1216 1253/159/1218 1250/161/1216
f 1254/315/1218 1253/159/1218 1249/314/1216
f 1251/159/1217 1255/157/1219 1252/315/1217
f 1252/315/1217 1255/157/1219 1256/316/1219
f 1256/316/1219 1255/157/1219 1257/315/1220
f 1257/315/1220 1255/157/1219 1258/159/1220
f 1260/317/1221 1261/318/1222 1259/319/1223
f 1259/319/1223 1261/318/1222 1262/320/1224
f 1263/314/1225 1262/320/1224 1261/318/1222
f 1264/315/1226 1262/320/1224 1263/314/1225
f 1265/319/1227 1261/318/1222 1260/317/1221
f 1266/320/1228 1261/318/1222 1265/319/1227
f 1261/318/1222 1266/320/1228 1263/314/1225
f 1263/314/1225 1266/320/1228 1267/315/1229
f 1259/319/1230 1269/320/1224 1268/321/1231
f 1268/321/1231 1269/320/1224 1270/322/1232
f 1271/315/1226 1270/322/1232 1269/320/1224
f 1272/316/1233 1270/322/1232 1271/315/1226
f 1270/322/1232 1273/320/1234 1268/321/1231
f 1268/321/1231 1273/320/1234 1274/319/1235
f 1273/320/1234 1270/322/1232 1275/315/1236
f 1275/315/1236 1270/322/1232 1272/316/1233
f 1276/321/1237 1277/320/1238 1265/319/1239
f 1278/322/1240 1277/320/1238 1276/321/1237
f 1277/320/1238 1278/322/1240 1279/315/1241
f 1279/315/1241 1278/322/1240 1280/316/1242
f 1276/321/1237 1281/320/1243 1278/322/1240
f 1282/319/1244 1281/320/1243 1276/321/1237
f 1280/316/1242 1278/322/1240 1283/315/1245
f 1283/315/1245 1278/322/1240 1281/320/1243
f 1284/320/1246 1285/318/1247 1274/319/1235
f 1274/319/1235 1285/318/1247 1286/317/1248
f 1286/317/1248 1285/318/1247 1282/319/1249
f 1285/318/1247 1284/320/1246 1287/314/1250
f 1287/314/1250 1284/320/1246 1288/315/1236
f 1282/319/1249 1285/318/1247 1289/320/1251
f 1287/314/1250 1289/320/1251 1285/318/1247
f 1290/315/1252 1289/320/1251 1287/314/1250
f 1292/323/1253 1293/310/1253 1291/309/1253
f 1295/324/1254 1296/323/1255 1294/312/1254
f 1294/312/1254 1296/323/1255 1297/309/1254
f 1298/316/1256 1299/157/1256 1254/315/1218
f 1254/315/1218 1299/157/1256 1253/159/1218
f 1300/315/1257 1299/157/1256 1298/316/1256
f 1301/159/1257 1299/157/1256 1300/315/1257
f 1303/311/1258 1304/310/1258 1302/309/1258
f 1306/313/1259 1307/311/1260 1305/312/1261
f 1305/312/1261 1307/311/1260 1308/309/1262
f 1257/315/1220 1258/159/1220 1309/314/1263
f 1309/314/1263 1258/159/1220 1310/161/1263
f 1310/161/1263 1301/159/1257 1309/314/1263
f 1309/314/1263 1301/159/1257 1300/315/1257
f 1312/309/1264 1313/310/1264 1311/323/1264
f 1315/309/1265 1316/323/1266 1314/312/1267
f 1314/312/1267 1316/323/1266 1317/324/1268
f 1319/325/1269 1320/326/1270 1318/327/1271
f 1319/325/1269 1318/327/1271 1321/328/1272
f 1321/328/1272 1318/327/1271 1322/329/1273
f 1321/328/1272 1322/329/1273 1323/330/1274
f 1323/330/1274 1325/331/1274 1324/328/1274
f 1327/327/1275 1328/326/1276 1326/325/1277
f 1327/327/1275 1326/325/1277 1329/328/1278
f 1330/329/1279 1327/327/1275 1329/328/1278
f 1331/330/1280 1330/329/1279 1329/328/1278
f 1333/331/1280 1331/330/1280 1332/328/1280
f 1335/332/1281 1336/333/1282 1334/331/1283
f 1335/332/1281 1334/331/1283 1337/330/1284
f 1337/330/1284 1338/329/1285 1335/332/1281
f 1340/331/1286 1341/333/1287 1339/332/1288
f 1340/331/1286 1339/332/1288 1342/330/1289
f 1343/329/1290 1342/330/1289 1339/332/1288
f 1345/327/1291 1346/326/1292 1344/334/1293
f 1347/335/1294 1345/327/1291 1344/334/1293
f 1348/329/1295 1345/327/1291 1347/335/1294
f 1349/336/1296 1348/329/1295 1347/335/1294
f 1350/335/1296 1351/337/1296 1349/336/1296
f 1353/334/1297 1354/326/1298 1352/327/1299
f 1355/335/1300 1353/334/1297 1352/327/1299
f 1356/329/1301 1355/335/1300 1352/327/1299
f 1357/336/1302 1355/335/1300 1356/329/1301
f 1359/335/1302 1357/336/1302 1358/337/1302
f 1361/337/1303 1362/333/1304 1360/332/1305
f 1363/336/1306 1361/337/1303 1360/332/1305
f 1360/332/1305 1364/329/1307 1363/336/1306
f 1366/332/1308 1367/333/1309 1365/337/1310
f 1368/336/1311 1366/332/1308 1365/337/1310
f 1366/332/1308 1368/336/1311 1369/329/1312
f 1371/325/1313 1372/326/1314 1370/327/1315
f 1371/325/1313 1370/327/1315 1373/328/1316
f 1373/328/1316 1370/327/1315 1374/329/1317
f 1373/328/1316 1374/329/1317 1375/330/1318
f 1375/330/1318 1377/331/1318 1376/328/1318
f 1379/327/1319 1380/326/1320 1378/325/1321
f 1379/327/1319 1378/325/1321 1381/328/1322
f 1382/329/1323 1379/327/1319 1381/328/1322
f 1383/330/1324 1382/329/1323 1381/328/1322
f 1385/331/1324 1383/330/1324 1384/328/1324
f 1387/332/1325 1388/333/1326 1386/331/1327
f 1387/332/1325 1386/331/1327 1389/330/1328
f 1389/330/1328 1390/329/1329 1387/332/1325
f 1392/331/1330 1393/333/1331 1391/332/1332
f 1392/331/1330 1391/332/1332 1394/330/1333
f 1395/329/1334 1394/330/1333 1391/332/1332
f 1397/327/1335 1398/326/1336 1396/334/1337
f 1399/335/1338 1397/327/1335 1396/334/1337
f 1400/329/1339 1397/327/1335 1399/335/1338
f 1401/336/1340 1400/329/1339 1399/335/1338
f 1402/335/1340 1403/337/1340 1401/336/1340
f 1405/334/1341 1406/326/1342 1404/327/1343
f 1407/335/1344 1405/334/1341 1404/327/1343
f 1408/329/1345 1407/335/1344 1404/327/1343
f 1409/336/1346 1407/335/1344 1408/329/1345
f 1411/335/1347 1409/336/1347 1410/337/1347
f 1413/337/1348 1414/333/1349 1412/332/1350
f 1415/336/1351 1413/337/1348 1412/332/1350
f 1412/332/1350 1416/329/1352 1415/336/1351
f 1418/332/1353 1419/333/1354 1417/337/1355
f 1420/336/1356 1418/332/1353 1417/337/1355
f 1418/332/1353 1420/336/1356 1421/329/1357
f 1423/325/1358 1424/326/1359 1422/327/1360
f 1423/325/1358 1422/327/1360 1425/328/1361
f 1425/328/1361 1422/327/1360 1426/329/1362
f 1425/328/1361 1426/329/1362 1427/330/1363
f 1427/330/1363 1429/331/1363 1428/328/1363
f 1431/327/1364 1432/326/1365 1430/325/1366
f 1431/327/1364 1430/325/1366 1433/328/1367
f 1434/329/1368 1431/327/1364 1433/328/1367
f 1435/330/1369 1434/329/1368 1433/328/1367
f 1437/331/1369 1435/330/1369 1436/328/1369
f 1439/332/1370 1440/333/1371 1438/331/1372
f 1439/332/1370 1438/331/1372 1441/330/1373
f 1441/330/1373 1442/329/1374 1439/332/1370
f 1444/331/1375 1445/333/1376 1443/332/1377
f 1444/331/1375 1443/332/1377 1446/330/1378
f 1447/329/1379 1446/330/1378 1443/332/1377
f 1449/327/1380 1450/326/1381 1448/334/1382
f 1451/335/1383 1449/327/1380 1448/334/1382
f 1452/329/1384 1449/327/1380 1451/335/1383
f 1453/336/1385 1452/329/1384 1451/335/1383
f 1454/335/1386 1455/337/1386 1453/336/1386
f 1457/334/1387 1458/326/1388 1456/327/1389
f 1459/335/1390 1457/334/1387 1456/327/1389
f 1460/329/1391 1459/335/1390 1456/327/1389
f 1461/336/1392 1459/335/1390 1460/329/1391
f 1463/335/1392 1461/336/1392 1462/337/1392
f 1465/337/1393 1466/333/1394 1464/332/1395
f 1467/336/1396 1465/337/1393 1464/332/1395
f 1464/332/1395 1468/329/1397 1467/336/1396
f 1470/332/1398 1471/333/1399 1469/337/1400
f 1472/336/1401 1470/332/1398 1469/337/1400
f 1470/332/1398 1472/336/1401 1473/329/1402
f 1475/327/1403 1476/326/1404 1474/325/1405
f 1477/328/1406 1475/327/1403 1474/325/1405
f 1478/329/1407 1475/327/1403 1477/328/1406
f 1479/330/1408 1478/329/1407 1477/328/1406
f 1480/328/1408 1481/331/1408 1479/330/1408
f 1483/325/1409 1484/326/1410 1482/327/1411
f 1485/328/1412 1483/325/1409 1482/327/1411
f 1485/328/1412 1482/327/1411 1486/329/1413
f 1485/328/1412 1486/329/1413 1487/330/1414
f 1489/328/1414 1487/330/1414 1488/331/1414
f 1491/331/1415 1492/333/1416 1490/332/1417
f 1493/330/1418 1491/331/1415 1490/332/1417
f 1490/332/1417 1494/329/1419 1493/330/1418
f 1496/332/1420 1497/333/1421 1495/331/1422
f 1498/330/1423 1496/332/1420 1495/331/1422
f 1496/332/1420 1498/330/1423 1499/329/1424
f 1501/334/1425 1502/326/1426 1500/327/1427
f 1501/334/1425 1500/327/1427 1503/335/1428
f 1503/335/1428 1500/327/1427 1504/329/1429
f 1503/335/1428 1504/329/1429 1505/336/1430
f 1505/336/1431 1507/337/1431 1506/335/1431
f 1509/327/1432 1510/326/1433 1508/334/1434
f 1509/327/1432 1508/334/1434 1511/335/1435
f 1509/327/1432 1511/335/1435 1512/329/1436
f 1512/329/1436 1511/335/1435 1513/336/1437
f 1515/337/1437 1513/336/1437 1514/335/1437
f 1517/332/1438 1518/333/1439 1516/337/1440
f 1517/332/1438 1516/337/1440 1519/336/1441
f 1519/336/1441 1520/329/1442 1517/332/1438
f 1522/337/1443 1523/333/1444 1521/332/1445
f 1522/337/1443 1521/332/1445 1524/336/1446
f 1525/329/1447 1524/336/1446 1521/332/1445
f 1527/327/1448 1528/326/1449 1526/325/1450
f 1529/328/1451 1527/327/1448 1526/325/1450
f 1530/329/1452 1527/327/1448 1529/328/1451
f 1531/330/1453 1530/329/1452 1529/328/1451
f 1532/328/1454 1533/331/1454 1531/330/1454
f 1535/325/1455 1536/326/1456 1534/327/1457
f 1537/328/1458 1535/325/1455 1534/327/1457
f 1537/328/1458 1534/327/1457 1538/329/1459
f 1537/328/1458 1538/329/1459 1539/330/1460
f 1541/328/1460 1539/330/1460 1540/331/1460
f 1543/331/1461 1544/333/1462 1542/332/1463
f 1545/330/1464 1543/331/1461 1542/332/1463
f 1542/332/1463 1546/329/1465 1545/330/1464
f 1548/332/1466 1549/333/1467 1547/331/1468
f 1550/330/1469 1548/332/1466 1547/331/1468
f 1548/332/1466 1550/330/1469 1551/329/1470
f 1553/334/1471 1554/326/1472 1552/327/1473
f 1553/334/1471 1552/327/1473 1555/335/1474
f 1555/335/1474 1552/327/1473 1556/329/1475
f 1555/335/1474 1556/329/1475 1557/336/1476
f 1557/336/1477 1559/337/1477 1558/335/1477
f 1561/327/1478 1562/326/1479 1560/334/1480
f 1561/327/1478 1560/334/1480 1563/335/1481
f 1561/327/1478 1563/335/1481 1564/329/1482
f 1564/329/1482 1563/335/1481 1565/336/1483
f 1567/337/1484 1565/336/1484 1566/335/1484
f 1569/332/1485 1570/333/1486 1568/337/1487
f 1569/332/1485 1568/337/1487 1571/336/1488
f 1571/336/1488 1572/329/1489 1569/332/1485
f 1574/337/1490 1575/333/1491 1573/332/1492
f 1574/337/1490 1573/332/1492 1576/336/1493
f 1577/329/1494 1576/336/1493 1573/332/1492
f 1579/327/1495 1580/326/1496 1578/325/1497
f 1581/328/1498 1579/327/1495 1578/325/1497
f 1582/329/1499 1579/327/1495 1581/328/1498
f 1583/330/1500 1582/329/1499 1581/328/1498
f 1584/328/1500 1585/331/1500 1583/330/1500
f 1587/325/1501 1588/326/1502 1586/327/1503
f 1589/328/1504 1587/325/1501 1586/327/1503
f 1589/328/1504 1586/327/1503 1590/329/1505
f 1589/328/1504 1590/329/1505 1591/330/1506
f 1593/328/1506 1591/330/1506 1592/331/1506
f 1595/331/1507 1596/333/1508 1594/332/1509
f 1597/330/1510 1595/331/1507 1594/332/1509
f 1594/332/1509 1598/329/1511 1597/330/1510
f 1600/332/1512 1601/333/1513 1599/331/1514
f 1602/330/1515 1600/332/1512 1599/331/1514
f 1600/332/1512 1602/330/1515 1603/329/1516
f 1605/334/1517 1606/326/1518 1604/327/1519
f 1605/334/1517 1604/327/1519 1607/335/1520
f 1607/335/1520 1604/327/1519 1608/329/1521
f 1607/335/1520 1608/329/1521 1609/336/1522
f 1609/336/1522 1611/337/1522 1610/335/1522
f 1613/327/1523 1614/326/1524 1612/334/1525
f 1613/327/1523 1612/334/1525 1615/335/1526
f 1613/327/1523 1615/335/1526 1616/329/1527
f 1616/329/1527 1615/335/1526 1617/336/1528
f 1619/337/1528 1617/336/1528 1618/335/1528
f 1621/332/1529 1622/333/1530 1620/337/1531
f 1621/332/1529 1620/337/1531 1623/336/1532
f 1623/336/1532 1624/329/1533 1621/332/1529
f 1626/337/1534 1627/333/1535 1625/332/1536
f 1626/337/1534 1625/332/1536 1628/336/1537
f 1629/329/1538 1628/336/1537 1625/332/1536
f 1631/338/1539 1632/339/1540 1630/340/1541
f 1630/340/1541 1632/339/1540 1633/341/1542
f 1634/342/1543 1632/339/1540 1631/338/1539
f 1635/343/1544 1632/339/1540 1634/342/1543
f 1636/344/1545 1632/339/1540 1635/343/1544
f 1636/344/1545 1637/345/1546 1632/339/1540
f 1634/342/1543 1631/338/1539 1638/346/1547
f 1638/346/1547 1631/338/1539 1639/347/1548
f 1640/348/1549 1639/347/1548 1631/338/1539
f 1640/348/1549 1631/338/1539 1630/340/1541
f 1638/346/1547 1639/347/1548 1641/349/1550
f 1641/349/1550 1639/347/1548 1642/350/1551
f 1641/349/1550 1642/350/1551 1643/351/1552
f 1643/351/1552 1642/350/1551 1644/352/1553
f 1643/351/1552 1644/352/1553 1645/353/1554
f 1646/354/1555 1637/345/1546 1636/344/1545
f 1647/355/1556 1637/345/1546 1646/354/1555
f 1646/354/1555 1648/356/1557 1647/355/1556
f 1647/355/1556 1648/356/1557 1649/357/1558
f 1649/357/1558 1648/356/1557 1650/358/1559
f 1645/353/1554 1644/352/1553 1651/359/1560
f 1651/359/1560 1644/352/1553 1652/360/1561
f 1652/360/1561 1653/361/1562 1651/359/1560
f 1652/360/1561 1654/362/1563 1653/361/1562
f 1654/362/1563 1652/360/1561 1655/363/1564
f 1655/363/1564 1652/360/1561 1656/364/1565
f 1653/361/1562 1654/362/1563 1657/365/1566
f 1656/364/1565 1652/360/1561 1658/363/1567
f 1658/363/1567 1652/360/1561 1659/362/1568
f 1652/360/1561 1644/352/1553 1660/359/1569
f 1660/359/1569 1661/361/1570 1652/360/1561
f 1661/361/1570 1659/362/1568 1652/360/1561
f 1662/365/1571 1659/362/1568 1661/361/1570
f 1660/359/1569 1644/352/1553 1663/353/1572
f 1663/353/1572 1644/352/1553 1664/351/1573
f 1644/352/1553 1665/350/1574 1664/351/1573
f 1664/351/1573 1665/350/1574 1666/349/1575
f 1665/350/1574 1667/347/1576 1666/349/1575
f 1666/349/1575 1667/347/1576 1668/346/1577
f 1667/347/1576 1669/338/1578 1668/346/1577
f 1669/338/1578 1667/347/1576 1670/348/1579
f 1668/346/1577 1669/338/1578 1671/342/1580
f 1669/338/1578 1672/339/1581 1671/342/1580
f 1673/340/1582 1672/339/1581 1669/338/1578
f 1673/340/1582 1669/338/1578 1670/348/1579
f 1674/341/1583 1672/339/1581 1673/340/1582
f 1671/342/1580 1672/339/1581 1675/343/1584
f 1675/343/1584 1672/339/1581 1676/344/1585
f 1672/339/1581 1677/345/1586 1676/344/1585
f 1676/344/1585 1677/345/1586 1678/354/1587
f 1678/354/1587 1677/345/1586 1679/355/1588
f 1679/355/1588 1680/356/1589 1678/354/1587
f 1681/357/1590 1680/356/1589 1679/355/1588
f 1682/358/1591 1680/356/1589 1681/357/1590
f 1684/366/1592 1685/367/1593 1683/368/1594
f 1683/368/1594 1685/367/1593 1686/369/1595
f 1687/341/1596 1686/369/1595 1685/367/1593
f 1688/339/1597 1686/369/1595 1687/341/1596
f 1684/366/1592 1683/368/1594 1689/370/1598
f 1688/339/1597 1690/345/1599 1686/369/1595
f 1686/369/1595 1690/345/1599 1691/371/1600
f 1691/371/1600 1692/372/1601 1686/369/1595
f 1691/371/1600 1693/373/1602 1692/372/1601
f 1694/374/1603 1692/372/1601 1693/373/1602
f 1695/375/1604 1692/372/1601 1694/374/1603
f 1694/374/1603 1693/373/1602 1696/376/1605
f 1696/376/1605 1693/373/1602 1697/377/1606
f 1696/376/1605 1697/377/1606 1698/378/1607
f 1699/379/1608 1693/373/1602 1691/371/1600
f 1699/379/1608 1697/377/1606 1693/373/1602
f 1686/369/1595 1692/372/1601 1700/380/1609
f 1695/375/1604 1700/380/1609 1692/372/1601
f 1699/379/1608 1691/371/1600 1701/365/1610
f 1701/365/1610 1691/371/1600 1690/345/1599
f 1702/381/1611 1697/377/1606 1699/379/1608
f 1703/382/1612 1700/380/1609 1695/375/1604
f 1703/382/1612 1704/383/1613 1700/380/1609
f 1705/384/1614 1704/383/1613 1703/382/1612
f 1705/384/1614 1706/370/1615 1704/383/1613
f 1702/381/1611 1707/385/1616 1697/377/1606
f 1698/378/1607 1697/377/1606 1707/385/1616
f 1702/381/1611 1699/379/1608 1708/362/1617
f 1708/362/1617 1699/379/1608 1701/365/1610
f 1708/362/1617 1709/386/1618 1702/381/1611
f 1709/386/1618 1707/385/1616 1702/381/1611
f 1710/363/1619 1707/385/1616 1709/386/1618
f 1710/363/1619 1709/386/1618 1708/362/1617
f 1683/368/1594 1704/383/1613 1689/370/1598
f 1686/369/1595 1704/383/1613 1683/368/1594
f 1711/380/1609 1704/383/1613 1686/369/1595
f 1713/365/1620 1714/345/1621 1712/387/1622
f 1715/388/1623 1713/365/1620 1712/387/1622
f 1716/361/1624 1713/365/1620 1715/388/1623
f 1712/387/1622 1717/355/1625 1715/388/1623
f 1717/355/1625 1712/387/1622 1714/345/1621
f 1715/388/1623 1717/355/1625 1718/357/1626
f 1718/357/1626 1719/358/1627 1715/388/1623
f 1715/388/1623 1719/358/1627 1720/389/1628
f 1715/388/1623 1720/389/1628 1716/361/1624
f 1721/390/1629 1720/389/1628 1719/358/1627
f 1721/390/1629 1719/358/1627 1722/391/1630
f 1719/358/1627 1723/392/1631 1722/391/1630
f 1719/358/1627 1724/356/1632 1723/392/1631
f 1723/392/1631 1724/356/1632 1725/393/1633
f 1725/393/1633 1722/391/1630 1723/392/1631
f 1725/393/1633 1724/356/1632 1726/354/1634
f 1725/393/1633 1727/394/1635 1722/391/1630
f 1727/394/1635 1728/395/1636 1722/391/1630
f 1729/396/1637 1722/391/1630 1728/395/1636
f 1727/394/1635 1730/344/1638 1728/395/1636
f 1728/395/1636 1730/344/1638 1731/343/1639
f 1729/396/1637 1732/397/1640 1722/391/1630
f 1731/343/1639 1733/342/1641 1728/395/1636
f 1728/395/1636 1733/342/1641 1729/396/1637
f 1733/342/1641 1734/346/1642 1729/396/1637
f 1732/397/1640 1735/398/1643 1722/391/1630
f 1721/390/1629 1722/391/1630 1735/398/1643
f 1732/397/1640 1736/349/1644 1735/398/1643
f 1732/397/1640 1734/346/1642 1736/349/1644
f 1729/396/1637 1734/346/1642 1732/397/1640
f 1735/398/1643 1736/349/1644 1737/351/1645
f 1738/399/1646 1735/398/1643 1737/351/1645
f 1721/390/1629 1735/398/1643 1738/399/1646
f 1738/399/1646 1737/351/1645 1739/353/1647
f 1727/394/1635 1740/354/1648 1730/344/1638
f 1725/393/1633 1740/354/1648 1727/394/1635
f 1738/399/1646 1720/389/1628 1721/390/1629
f 1739/353/1647 1720/389/1628 1738/399/1646
f 1741/359/1649 1720/389/1628 1739/353/1647
f 1716/361/1624 1720/389/1628 1741/359/1649
f 1743/400/1650 1744/401/1651 1742/402/1652
f 1742/402/1652 1744/401/1651 1745/403/1653
f 1742/402/1652 1746/404/1654 1743/400/1650
f 1747/405/1655 1746/404/1654 1742/402/1652
f 1747/405/1655 1748/406/1656 1746/404/1654
f 1749/407/1656 1748/406/1656 1747/405/1655
f 1745/403/1653 1744/401/1651 1750/408/1657
f 1752/409/1658 1753/410/1659 1751/411/1660
f 1751/411/1660 1753/410/1659 1754/412/1661
f 1751/411/1660 1754/412/1661 1755/413/1662
f 1755/413/1662 1754/412/1661 1756/414/1663
f 1756/414/1663 1757/415/1664 1755/413/1662
f 1755/413/1662 1757/415/1664 1758/416/34
f 1752/409/1658 2583/417/1665 1753/410/1659
f 1759/418/1553 2583/417/1665 1752/409/1658
f 1758/416/34 1757/415/1664 1760/419/1666
f 1757/415/1664 1761/420/1667 1760/419/1666
f 1762/421/1668 1761/420/1667 1757/415/1664
f 1763/422/1669 1761/420/1667 1762/421/1668
f 1764/423/1670 1763/422/1669 1762/421/1668
f 1765/424/1671 1763/422/1669 1764/423/1670
f 1761/420/1667 1766/425/1672 1760/419/1666
f 1760/419/1666 1766/425/1672 1767/426/1673
f 1766/425/1672 1768/427/1674 1767/426/1673
f 1767/426/1673 1768/427/1674 1769/428/1675
f 1768/427/1674 1770/429/1676 1769/428/1675
f 1769/428/1675 1770/429/1676 1771/430/1677
f 1770/429/1676 1772/431/1678 1771/430/1677
f 1771/430/1677 1772/431/1678 1773/432/1679
f 1773/432/1679 1772/431/1678 1774/433/1680
f 1774/433/1680 1772/431/1678 1775/434/1681
f 1772/431/1678 1776/435/1682 1775/434/1681
f 1775/434/1681 1776/435/1682 1777/436/1683
f 1777/436/1683 1776/435/1682 1778/437/1684
f 1779/438/1685 1765/424/1671 1764/423/1670
f 1780/439/1686 1765/424/1671 1779/438/1685
f 1781/440/1686 1765/424/1671 1780/439/1686
f 1783/441/1687 1784/442/1688 1782/404/1689
f 1782/404/1689 1784/442/1688 1785/400/1690
f 1784/442/1688 1786/443/1691 1785/400/1690
f 1785/400/1690 1786/443/1691 1787/401/1692
f 1787/401/1692 1786/443/1691 1788/408/1693
f 1782/404/1689 1789/348/1694 1783/441/1687
f 1790/406/1695 1789/348/1694 1782/404/1689
f 1790/406/1695 1791/347/1696 1789/348/1694
f 1793/403/1697 1794/408/1698 1792/444/1699
f 1793/403/1697 1792/444/1699 1795/402/1700
f 1795/402/1700 1792/444/1699 1796/445/1701
f 1795/402/1700 1796/445/1701 1797/405/1702
f 1797/405/1702 1796/445/1701 1798/446/1703
f 1797/405/1702 1798/446/1703 1799/407/1704
f 1799/407/1704 1798/446/1703 1800/350/1704
f 1802/407/1705 1803/350/1706 1801/406/1706
f 1801/406/1706 1803/350/1706 1804/347/1706
f 1806/447/1707 1807/448/1708 1805/449/1709
f 1805/449/1709 1807/448/1708 1808/450/1708
f 1809/451/1710 1806/447/1707 1805/449/1709
f 1810/452/1711 1806/447/1707 1809/451/1710
f 1811/453/1712 1810/452/1711 1809/451/1710
f 1812/454/1713 1810/452/1711 1811/453/1712
f 1813/455/1714 1812/454/1713 1811/453/1712
f 1814/456/1714 1812/454/1713 1813/455/1714
f 1815/457/1715 1814/456/1714 1813/455/1714
f 1816/458/1715 1814/456/1714 1815/457/1715
f 1817/459/1716 1816/458/1715 1815/457/1715
f 1818/460/1716 1816/458/1715 1817/459/1716
f 1808/450/1708 1819/448/1708 1805/449/1709
f 1805/449/1709 1819/448/1708 1820/447/1707
f 1805/449/1709 1820/447/1707 1809/451/1710
f 1815/457/1715 1821/458/1715 1817/459/1716
f 1817/459/1716 1821/458/1715 1822/460/1716
f 1811/453/1712 1823/454/1717 1813/455/1714
f 1813/455/1714 1823/454/1717 1824/456/1714
f 1813/455/1714 1824/456/1714 1815/457/1715
f 1815/457/1715 1824/456/1714 1821/458/1715
f 1809/451/1710 1825/452/1711 1811/453/1712
f 1811/453/1712 1825/452/1711 1823/454/1717
f 1809/451/1710 1820/447/1707 1825/452/1711
f 1827/461/1718 1828/460/1718 1826/462/1718
f 1826/462/1718 1828/460/1718 1829/459/1718
f 1829/459/1718 1830/460/1718 1826/462/1718
f 1826/462/1718 1830/460/1718 1831/461/1718
f 1833/439/1719 1834/463/1720 1832/464/1721
f 1833/439/1719 1832/464/1721 1835/440/1722
f 1837/369/1723 1838/367/1724 1836/368/1725
f 1836/368/1725 1838/367/1724 1839/366/1726
f 1838/367/1724 1837/369/1723 1840/341/1727
f 1840/341/1727 1837/369/1723 1841/339/1728
f 1842/370/1729 1836/368/1725 1839/366/1726
f 1837/369/1723 1843/345/1730 1841/339/1728
f 1844/371/1731 1843/345/1730 1837/369/1723
f 1837/369/1723 1845/372/1732 1844/371/1731
f 1845/372/1732 1846/373/1733 1844/371/1731
f 1846/373/1733 1845/372/1732 1847/374/1734
f 1847/374/1734 1845/372/1732 1848/375/1735
f 1849/376/1736 1846/373/1733 1847/374/1734
f 1850/377/1737 1846/373/1733 1849/376/1736
f 1844/371/1731 1846/373/1733 1851/379/1738
f 1846/373/1733 1850/377/1737 1851/379/1738
f 1852/380/1739 1845/372/1732 1837/369/1723
f 1845/372/1732 1852/380/1739 1848/375/1735
f 1843/345/1730 1844/371/1731 1853/365/1740
f 1853/365/1740 1844/371/1731 1851/379/1738
f 1851/379/1738 1850/377/1737 1854/381/1741
f 1848/375/1735 1852/380/1739 1855/382/1742
f 1852/380/1739 1856/383/1743 1855/382/1742
f 1855/382/1742 1856/383/1743 1857/384/1744
f 1856/383/1743 1842/370/1729 1857/384/1744
f 1842/370/1729 1856/383/1743 1836/368/1725
f 1836/368/1725 1856/383/1743 1837/369/1723
f 1837/369/1723 1856/383/1743 1858/380/1745
f 1850/377/1737 1859/385/1746 1854/381/1741
f 1859/385/1746 1850/377/1737 1860/378/1747
f 1860/378/1747 1850/377/1737 1849/376/1736
f 1853/365/1740 1851/379/1738 1861/362/1748
f 1861/362/1748 1851/379/1738 1854/381/1741
f 1854/381/1741 1862/386/1749 1861/362/1748
f 1854/381/1741 1859/385/1746 1862/386/1749
f 1862/386/1749 1859/385/1746 1863/363/1750
f 1861/362/1748 1862/386/1749 1863/363/1750
f 1865/387/1751 1866/345/1752 1864/365/1753
f 1865/387/1751 1864/365/1753 1867/388/1754
f 1867/388/1754 1864/365/1753 1868/361/1755
f 1867/388/1754 1869/355/1756 1865/387/1751
f 1866/345/1752 1865/387/1751 1869/355/1756
f 1870/357/1757 1869/355/1756 1867/388/1754
f 1867/388/1754 1871/358/1758 1870/357/1757
f 1872/389/1759 1871/358/1758 1867/388/1754
f 1868/361/1755 1872/389/1759 1867/388/1754
f 1871/358/1758 1872/389/1759 1873/390/1760
f 1874/391/1761 1871/358/1758 1873/390/1760
f 1874/391/1761 1875/392/1762 1871/358/1758
f 1875/392/1762 1876/356/1763 1871/358/1758
f 1877/393/1764 1876/356/1763 1875/392/1762
f 1875/392/1762 1874/391/1761 1877/393/1764
f 1878/354/1765 1876/356/1763 1877/393/1764
f 1874/391/1761 1879/394/1766 1877/393/1764
f 1874/391/1761 1880/395/1767 1879/394/1766
f 1880/395/1767 1874/391/1761 1881/396/1768
f 1880/395/1767 1882/344/1769 1879/394/1766
f 1883/343/1770 1882/344/1769 1880/395/1767
f 1874/391/1761 1884/397/1771 1881/396/1768
f 1881/396/1768 1885/342/1772 1880/395/1767
f 1880/395/1767 1885/342/1772 1883/343/1770
f 1881/396/1768 1886/346/1773 1885/342/1772
f 1874/391/1761 1887/398/1774 1884/397/1771
f 1887/398/1774 1874/391/1761 1873/390/1760
f 1887/398/1774 1888/349/1775 1884/397/1771
f 1888/349/1775 1886/346/1773 1884/397/1771
f 1884/397/1771 1886/346/1773 1881/396/1768
f 1889/351/1776 1888/349/1775 1887/398/1774
f 1889/351/1776 1887/398/1774 1890/399/1777
f 1890/399/1777 1887/398/1774 1873/390/1760
f 1891/353/1778 1889/351/1776 1890/399/1777
f 1882/344/1769 1878/354/1765 1879/394/1766
f 1879/394/1766 1878/354/1765 1877/393/1764
f 1873/390/1760 1872/389/1759 1890/399/1777
f 1890/399/1777 1872/389/1759 1891/353/1778
f 1891/353/1778 1872/389/1759 1892/359/1779
f 1892/359/1779 1872/389/1759 1868/361/1755
f 1894/403/1780 1895/401/1781 1893/402/1782
f 1893/402/1782 1895/401/1781 1896/400/1783
f 1896/400/1783 1897/404/1784 1893/402/1782
f 1893/402/1782 1897/404/1784 1898/405/1785
f 1897/404/1784 1899/406/1786 1898/405/1785
f 1898/405/1785 1899/406/1786 1900/407/1786
f 1901/408/1787 1895/401/1781 1894/403/1780
f 1902/465/1788 1903/466/1789 1751/411/1660
f 1751/411/1660 1903/466/1789 1752/409/1658
f 1755/413/1662 1902/465/1788 1751/411/1660
f 1904/467/1790 1902/465/1788 1755/413/1662
f 1755/413/1662 1905/468/1791 1904/467/1790
f 1758/416/34 1905/468/1791 1755/413/1662
f 1903/466/1789 2584/469/1574 1752/409/1658
f 1752/409/1658 2584/469/1574 1759/418/1553
f 1906/470/1792 1905/468/1791 1758/416/34
f 1906/470/1792 1907/471/1793 1905/468/1791
f 1905/468/1791 1907/471/1793 1908/472/1794
f 1908/472/1794 1907/471/1793 1909/473/1795
f 1908/472/1794 1909/473/1795 1910/474/1796
f 1910/474/1796 1909/473/1795 1911/475/1797
f 1906/470/1792 1912/476/1798 1907/471/1793
f 1913/477/1799 1912/476/1798 1906/470/1792
f 1913/477/1799 1914/478/1800 1912/476/1798
f 1915/479/1801 1914/478/1800 1913/477/1799
f 1915/479/1801 1916/480/1802 1914/478/1800
f 1917/481/1803 1916/480/1802 1915/479/1801
f 1917/481/1803 1918/482/1804 1916/480/1802
f 1919/483/1805 1918/482/1804 1917/481/1803
f 1920/484/1806 1918/482/1804 1919/483/1805
f 1921/434/1807 1918/482/1804 1920/484/1806
f 1921/434/1807 1922/485/1808 1918/482/1804
f 1923/436/1809 1922/485/1808 1921/434/1807
f 1924/437/1810 1922/485/1808 1923/436/1809
f 1910/474/1796 1911/475/1797 1925/486/1811
f 1925/486/1811 1911/475/1797 1926/487/1812
f 1926/487/1812 1911/475/1797 1927/488/1812
f 1929/400/1813 1930/442/1814 1928/404/1815
f 1928/404/1815 1930/442/1814 1931/441/1816
f 1929/400/1813 1932/443/1817 1930/442/1814
f 1933/401/1818 1932/443/1817 1929/400/1813
f 1934/408/1819 1932/443/1817 1933/401/1818
f 1931/441/1816 1935/348/1820 1928/404/1815
f 1928/404/1815 1935/348/1820 1936/406/1821
f 1935/348/1820 1937/347/1822 1936/406/1821
f 1939/444/1823 1940/408/1824 1938/403/1825
f 1941/402/1826 1939/444/1823 1938/403/1825
f 1942/445/1827 1939/444/1823 1941/402/1826
f 1943/405/1828 1942/445/1827 1941/402/1826
f 1944/446/1829 1942/445/1827 1943/405/1828
f 1945/407/1830 1944/446/1829 1943/405/1828
f 1946/350/1830 1944/446/1829 1945/407/1830
f 1948/347/1831 1949/350/1832 1947/406/1833
f 1947/406/1833 1949/350/1832 1950/407/1831
f 1952/450/1834 1953/448/1834 1951/449/1835
f 1951/449/1835 1953/448/1834 1954/447/1836
f 1951/449/1835 1954/447/1836 1955/451/1837
f 1955/451/1837 1954/447/1836 1956/452/1838
f 1955/451/1837 1956/452/1838 1957/453/1839
f 1957/453/1839 1956/452/1838 1958/454/1839
f 1957/453/1839 1958/454/1839 1959/455/1840
f 1959/455/1840 1958/454/1839 1960/456/1840
f 1959/455/1840 1960/456/1840 1961/457/1841
f 1961/457/1841 1960/456/1840 1962/458/1841
f 1961/457/1841 1962/458/1841 1963/459/1842
f 1963/459/1842 1962/458/1841 1964/460/1842
f 1951/449/1835 1965/448/1834 1952/450/1834
f 1966/447/1843 1965/448/1834 1951/449/1835
f 1955/451/1837 1966/447/1843 1951/449/1835
f 1963/459/1842 1967/458/1841 1961/457/1841
f 1968/460/1842 1967/458/1841 1963/459/1842
f 1959/455/1840 1969/454/1844 1957/453/1839
f 1970/456/1840 1969/454/1844 1959/455/1840
f 1967/458/1841 1970/456/1840 1961/457/1841
f 1961/457/1841 1970/456/1840 1959/455/1840
f 1969/454/1844 1971/452/1838 1957/453/1839
f 1957/453/1839 1971/452/1838 1955/451/1837
f 1971/452/1838 1966/447/1843 1955/451/1837
f 1973/459/1845 1974/460/1845 1972/462/1845
f 1972/462/1845 1974/460/1845 1975/461/1845
f 1972/462/1845 1976/460/1845 1973/459/1845
f 1977/461/1845 1976/460/1845 1972/462/1845
f 1979/489/1846 1980/490/1847 1978/487/1848
f 1981/488/1849 1979/489/1846 1978/487/1848
f 1983/301/1850 1984/270/1850 1982/302/1850
f 1982/302/1850 1984/270/1850 1985/491/1850
f 1987/492/1851 1988/493/1852 1986/494/1853
f 1986/494/1853 1988/493/1852 1989/495/1854
f 1987/492/1851 1986/494/1853 1990/496/1855
f 1986/494/1853 1991/497/1856 1990/496/1855
f 1992/498/1857 1991/497/1856 1986/494/1853
f 1989/495/1854 1992/498/1857 1986/494/1853
f 1992/498/1857 1993/499/1858 1991/497/1856
f 1994/500/1859 1993/499/1858 1992/498/1857
f 1995/501/1860 1994/500/1859 1992/498/1857
f 1995/501/1860 1992/498/1857 1989/495/1854
f 1993/499/1858 1996/502/1861 1991/497/1856
f 1997/503/1862 1996/502/1861 1993/499/1858
f 1997/503/1862 1998/504/1863 1996/502/1861
f 1999/505/1864 1998/504/1863 1997/503/1862
f 1996/502/1861 1998/504/1863 2000/506/1865
f 1991/497/1856 1996/502/1861 2001/507/1866
f 1996/502/1861 2000/506/1865 2001/507/1866
f 1991/497/1856 2001/507/1866 1990/496/1855
f 2001/507/1866 2000/506/1865 2002/508/1867
f 1990/496/1855 2001/507/1866 2002/508/1867
f 2003/509/1868 1990/496/1855 2002/508/1867
f 2004/510/1869 2002/508/1867 2000/506/1865
f 2005/511/1870 2002/508/1867 2004/510/1869
f 2002/508/1867 2005/511/1870 2003/509/1868
f 2005/511/1870 2004/510/1869 2006/512/1871
f 2005/511/1870 2006/512/1871 2007/513/1872
f 2006/512/1871 2008/514/1873 2007/513/1872
f 2007/513/1872 2008/514/1873 2009/515/1874
f 2009/515/1874 2008/514/1873 2010/516/1875
f 2009/515/1874 2010/516/1875 2011/517/1876
f 2011/517/1876 2010/516/1875 2012/518/1877
f 2011/517/1876 2012/518/1877 2013/519/1878
f 2013/519/1878 2012/518/1877 2014/520/1879
f 2014/520/1879 2015/521/1880 2013/519/1878
f 2011/517/1876 2013/519/1878 2016/522/1881
f 2013/519/1878 2017/523/1882 2016/522/1881
f 2017/523/1882 2018/524/1883 2016/522/1881
f 2017/523/1882 2019/525/1884 2018/524/1883
f 2020/526/1885 2019/525/1884 2017/523/1882
f 2020/526/1885 2021/527/1886 2019/525/1884
f 2021/527/1886 2022/528/1887 2019/525/1884
f 2019/525/1884 2022/528/1887 2023/529/1888
f 2019/525/1884 2023/529/1888 2024/530/1889
f 2024/530/1889 2023/529/1888 2025/531/1890
f 2026/532/1891 2023/529/1888 2022/528/1887
f 2027/533/1892 2023/529/1888 2026/532/1891
f 2027/533/1892 2028/534/1893 2023/529/1888
f 2029/535/1894 2028/534/1893 2027/533/1892
f 2029/535/1894 2030/536/1895 2028/534/1893
f 2031/537/1896 2028/534/1893 2030/536/1895
f 2025/531/1890 2023/529/1888 2031/537/1896
f 2031/537/1896 2023/529/1888 2028/534/1893
f 2032/538/1897 2030/536/1895 2029/535/1894
f 2032/538/1897 2033/539/1898 2030/536/1895
f 2034/540/1899 2033/539/1898 2032/538/1897
f 2026/532/1891 2022/528/1887 2035/541/1900
f 2035/541/1900 2022/528/1887 2036/542/1901
f 2035/541/1900 2036/542/1901 2037/543/1902
f 2037/543/1902 2036/542/1901 2038/544/1903
f 2037/543/1902 2038/544/1903 2039/545/1904
f 2039/545/1904 2038/544/1903 2040/546/1905
f 2031/537/1896 2030/536/1895 2041/547/1906
f 2041/547/1906 2030/536/1895 2033/539/1898
f 2031/537/1896 2041/547/1906 2042/548/1907
f 2040/546/1905 2043/549/1908 2039/545/1904
f 2044/550/1909 2043/549/1908 2040/546/1905
f 2044/550/1909 2045/551/1910 2043/549/1908
f 2043/549/1908 2045/551/1910 2046/552/1911
f 2036/542/1901 2047/553/1912 2038/544/1903
f 2048/554/1913 2047/553/1912 2036/542/1901
f 2049/555/1914 2048/554/1913 2036/542/1901
f 2050/556/1915 2049/555/1914 2036/542/1901
f 2050/556/1915 2036/542/1901 2051/557/1916
f 2051/557/1916 2036/542/1901 2022/528/1887
f 2051/557/1916 2022/528/1887 2021/527/1886
f 2046/552/1911 2045/551/1910 2052/558/1917
f 2052/558/1917 2045/551/1910 2053/559/1918
f 2045/551/1910 2044/550/1909 2053/559/1918
f 2044/550/1909 2040/546/1905 2054/560/1919
f 2053/559/1918 2044/550/1909 2054/560/1919
f 2055/561/1920 2054/560/1919 2040/546/1905
f 2047/553/1912 2055/561/1920 2038/544/1903
f 2038/544/1903 2055/561/1920 2040/546/1905
f 2057/525/1921 2058/530/1921 2056/562/1921
f 2060/525/1922 2061/562/1922 2059/524/1922
f 2011/517/1876 2016/522/1881 2009/515/1874
f 2009/515/1874 2016/522/1881 2062/563/1923
f 2007/513/1872 2009/515/1874 2062/563/1923
f 2007/513/1872 2062/563/1923 2005/511/1870
f 2005/511/1870 2062/563/1923 2003/509/1868
f 1987/492/1851 1990/496/1855 2003/509/1868
f 2016/522/1881 2018/524/1883 2063/564/1924
f 2018/524/1883 2064/565/1925 2063/564/1924
f 2063/564/1924 2064/565/1925 2065/566/1926
f 2064/565/1925 2066/567/1927 2065/566/1926
f 2064/565/1925 2067/568/1928 2066/567/1927
f 2068/569/1929 2067/568/1928 2064/565/1925
f 2024/530/1889 2068/569/1929 2064/565/1925
f 2025/531/1890 2068/569/1929 2024/530/1889
f 2067/568/1928 2068/569/1929 2069/570/1930
f 2069/570/1930 2068/569/1929 2070/571/1931
f 2068/569/1929 2071/572/1932 2070/571/1931
f 2070/571/1931 2071/572/1932 2072/573/1933
f 2071/572/1932 2073/574/1934 2072/573/1933
f 2073/574/1934 2071/572/1932 2031/537/1896
f 2071/572/1932 2068/569/1929 2031/537/1896
f 2031/537/1896 2068/569/1929 2025/531/1890
f 2072/573/1933 2073/574/1934 2074/575/1935
f 2073/574/1934 2075/576/1936 2074/575/1935
f 2074/575/1935 2075/576/1936 2076/577/1937
f 2077/578/1938 2067/568/1928 2069/570/1930
f 2078/579/1939 2067/568/1928 2077/578/1938
f 2079/580/1940 2078/579/1939 2077/578/1938
f 2080/581/1941 2078/579/1939 2079/580/1940
f 2080/581/1941 2081/582/1942 2078/579/1939
f 2080/581/1941 2082/583/1943 2081/582/1942
f 2078/579/1939 2081/582/1942 2083/584/1944
f 2078/579/1939 2083/584/1944 2084/585/1945
f 2078/579/1939 2084/585/1945 2085/586/1946
f 2086/587/1947 2080/581/1941 2079/580/1940
f 2087/588/1948 2080/581/1941 2086/587/1947
f 2087/588/1948 2082/583/1943 2080/581/1941
f 2087/588/1948 2088/589/1949 2082/583/1943
f 2086/587/1947 2089/590/1950 2087/588/1948
f 2087/588/1948 2089/590/1950 2090/591/1951
f 2088/589/1949 2087/588/1948 2090/591/1951
f 2089/590/1950 2091/592/1952 2090/591/1951
f 2092/593/1953 2091/592/1952 2089/590/1950
f 2093/594/1954 2091/592/1952 2092/593/1953
f 2094/595/1955 2091/592/1952 2093/594/1954
f 2088/589/1949 2090/591/1951 2094/595/1955
f 2094/595/1955 2090/591/1951 2091/592/1952
f 2095/596/1956 2078/579/1939 2085/586/1946
f 2067/568/1928 2078/579/1939 2095/596/1956
f 2066/567/1927 2067/568/1928 2095/596/1956
f 2096/597/1957 1988/493/1852 1987/492/1851
f 2097/598/1958 1988/493/1852 2096/597/1957
f 2098/599/1959 2096/597/1957 1987/492/1851
f 2098/599/1959 2099/600/1960 2096/597/1957
f 2096/597/1957 2099/600/1960 2100/601/1961
f 2096/597/1957 2100/601/1961 2097/598/1958
f 2099/600/1960 2101/602/1962 2100/601/1961
f 2100/601/1961 2101/602/1962 2102/603/1963
f 2100/601/1961 2102/603/1963 2103/604/1964
f 2097/598/1958 2100/601/1961 2103/604/1964
f 2099/600/1960 2104/605/1965 2101/602/1962
f 2101/602/1962 2104/605/1965 2105/606/1966
f 2104/605/1965 2106/607/1967 2105/606/1966
f 2105/606/1966 2106/607/1967 2107/608/1968
f 2108/609/1969 2106/607/1967 2104/605/1965
f 2109/610/1970 2104/605/1965 2099/600/1960
f 2109/610/1970 2108/609/1969 2104/605/1965
f 2098/599/1959 2109/610/1970 2099/600/1960
f 2110/611/1971 2108/609/1969 2109/610/1970
f 2110/611/1971 2109/610/1970 2098/599/1959
f 2110/611/1971 2098/599/1959 2003/509/1868
f 2003/509/1868 2098/599/1959 1987/492/1851
f 2108/609/1969 2110/611/1971 2111/612/1972
f 2111/612/1972 2110/611/1971 2112/613/1973
f 2003/509/1868 2112/613/1973 2110/611/1971
f 2113/614/1974 2111/612/1972 2112/613/1973
f 2114/615/1975 2113/614/1974 2112/613/1973
f 2114/615/1975 2115/616/1976 2113/614/1974
f 2116/617/1977 2115/616/1976 2114/615/1975
f 2117/618/1978 2115/616/1976 2116/617/1977
f 2118/619/1979 2117/618/1978 2116/617/1977
f 2119/620/1980 2117/618/1978 2118/619/1979
f 2120/621/1981 2119/620/1980 2118/619/1979
f 2121/622/1982 2119/620/1980 2120/621/1981
f 2120/621/1981 2122/623/1983 2121/622/1982
f 2123/624/1984 2122/623/1983 2120/621/1981
f 2124/625/1985 2123/624/1984 2120/621/1981
f 2063/564/1924 2124/625/1985 2120/621/1981
f 2016/522/1881 2063/564/1924 2120/621/1981
f 2016/522/1881 2120/621/1981 2118/619/1979
f 2116/617/1977 2016/522/1881 2118/619/1979
f 2062/563/1923 2016/522/1881 2116/617/1977
f 2062/563/1923 2116/617/1977 2114/615/1975
f 2112/613/1973 2062/563/1923 2114/615/1975
f 2003/509/1868 2062/563/1923 2112/613/1973
f 2126/562/1986 2127/530/1986 2125/565/1986
f 2129/524/1987 2130/562/1987 2128/565/1987
f 2075/576/1936 2073/574/1934 2131/626/1988
f 2131/626/1988 2073/574/1934 2132/537/1989
f 2042/548/1907 2131/626/1988 2031/537/1896
f 2134/341/1990 2135/339/1991 2133/340/1992
f 2133/340/1992 2135/339/1991 2136/338/1993
f 2136/338/1993 2135/339/1991 2137/342/1994
f 2137/342/1994 2135/339/1991 2138/343/1995
f 2138/343/1995 2135/339/1991 2139/344/1996
f 2135/339/1991 2140/345/1997 2139/344/1996
f 2141/346/1998 2136/338/1993 2137/342/1994
f 2142/347/1999 2136/338/1993 2141/346/1998
f 2136/338/1993 2142/347/1999 2143/348/2000
f 2133/340/1992 2136/338/1993 2143/348/2000
f 2144/349/2001 2142/347/1999 2141/346/1998
f 2145/350/2002 2142/347/1999 2144/349/2001
f 2146/351/2003 2145/350/2002 2144/349/2001
f 2147/352/2004 2145/350/2002 2146/351/2003
f 2148/353/2005 2147/352/2004 2146/351/2003
f 2139/344/1996 2140/345/1997 2149/354/2006
f 2149/354/2006 2140/345/1997 2150/355/2007
f 2150/355/2007 2151/356/2008 2149/354/2006
f 2152/357/2009 2151/356/2008 2150/355/2007
f 2153/358/2010 2151/356/2008 2152/357/2009
f 2154/359/2011 2147/352/2004 2148/353/2005
f 2155/360/2012 2147/352/2004 2154/359/2011
f 2154/359/2011 2156/361/2013 2155/360/2012
f 2156/361/2013 2157/362/2014 2155/360/2012
f 2158/363/2015 2155/360/2012 2157/362/2014
f 2159/364/2016 2155/360/2012 2158/363/2015
f 2160/365/2017 2157/362/2014 2156/361/2013
f 2161/363/2018 2155/360/2012 2159/364/2016
f 2162/362/2019 2155/360/2012 2161/363/2018
f 2163/359/2020 2147/352/2004 2155/360/2012
f 2155/360/2012 2164/361/2021 2163/359/2020
f 2155/360/2012 2162/362/2019 2164/361/2021
f 2164/361/2021 2162/362/2019 2165/365/2022
f 2166/353/2023 2147/352/2004 2163/359/2020
f 2167/351/2024 2147/352/2004 2166/353/2023
f 2167/351/2024 2168/350/2025 2147/352/2004
f 2169/349/2026 2168/350/2025 2167/351/2024
f 2169/349/2026 2170/347/2027 2168/350/2025
f 2171/346/2028 2170/347/2027 2169/349/2026
f 2171/346/2028 2172/338/2029 2170/347/2027
f 2173/348/2030 2170/347/2027 2172/338/2029
f 2174/342/2031 2172/338/2029 2171/346/2028
f 2174/342/2031 2175/339/2032 2172/338/2029
f 2172/338/2029 2175/339/2032 2176/340/2033
f 2173/348/2030 2172/338/2029 2176/340/2033
f 2176/340/2033 2175/339/2032 2177/341/2034
f 2178/343/2035 2175/339/2032 2174/342/2031
f 2179/344/2036 2175/339/2032 2178/343/2035
f 2179/344/2036 2180/345/2037 2175/339/2032
f 2181/354/2038 2180/345/2037 2179/344/2036
f 2182/355/2039 2180/345/2037 2181/354/2038
f 2181/354/2038 2183/356/2040 2182/355/2039
f 2182/355/2039 2183/356/2040 2184/357/2041
f 2184/357/2041 2183/356/2040 2185/358/2042
f 2187/369/2043 2188/367/2044 2186/368/2045
f 2186/368/2045 2188/367/2044 2189/366/2046
f 2188/367/2044 2187/369/2043 2190/341/2047
f 2190/341/2047 2187/369/2043 2191/339/2048
f 2192/370/2049 2186/368/2045 2189/366/2046
f 2187/369/2043 2193/345/2050 2191/339/2048
f 2194/371/2051 2193/345/2050 2187/369/2043
f 2187/369/2043 2195/372/2052 2194/371/2051
f 2195/372/2052 2196/373/2053 2194/371/2051
f 2196/373/2053 2195/372/2052 2197/374/2054
f 2197/374/2054 2195/372/2052 2198/375/2055
f 2199/376/2056 2196/373/2053 2197/374/2054
f 2200/377/2057 2196/373/2053 2199/376/2056
f 2201/378/2058 2200/377/2057 2199/376/2056
f 2194/371/2051 2196/373/2053 2202/379/2059
f 2196/373/2053 2200/377/2057 2202/379/2059
f 2203/380/2060 2195/372/2052 2187/369/2043
f 2195/372/2052 2203/380/2060 2198/375/2055
f 2193/345/2050 2194/371/2051 2204/365/2061
f 2204/365/2061 2194/371/2051 2202/379/2059
f 2202/379/2059 2200/377/2057 2205/381/2062
f 2198/375/2055 2203/380/2060 2206/382/2063
f 2203/380/2060 2207/383/2064 2206/382/2063
f 2206/382/2063 2207/383/2064 2208/384/2065
f 2207/383/2064 2192/370/2049 2208/384/2065
f 2192/370/2049 2207/383/2064 2186/368/2045
f 2186/368/2045 2207/383/2064 2187/369/2043
f 2187/369/2043 2207/383/2064 2209/380/2060
f 2200/377/2057 2210/385/2066 2205/381/2062
f 2210/385/2066 2200/377/2057 2201/378/2058
f 2204/365/2061 2202/379/2059 2211/362/2067
f 2211/362/2067 2202/379/2059 2205/381/2062
f 2205/381/2062 2212/386/2068 2211/362/2067
f 2205/381/2062 2210/385/2066 2212/386/2068
f 2212/386/2068 2210/385/2066 2213/363/2069
f 2211/362/2067 2212/386/2068 2213/363/2069
f 2215/387/2070 2216/345/2071 2214/365/2072
f 2215/387/2070 2214/365/2072 2217/388/2073
f 2217/388/2073 2214/365/2072 2218/361/2074
f 2217/388/2073 2219/355/2075 2215/387/2070
f 2216/345/2071 2215/387/2070 2219/355/2075
f 2220/357/2076 2219/355/2075 2217/388/2073
f 2217/388/2073 2221/358/2077 2220/357/2076
f 2222/389/2078 2221/358/2077 2217/388/2073
f 2218/361/2074 2222/389/2078 2217/388/2073
f 2221/358/2077 2222/389/2078 2223/390/2079
f 2224/391/2080 2221/358/2077 2223/390/2079
f 2224/391/2080 2225/392/2081 2221/358/2077
f 2225/392/2081 2226/356/2082 2221/358/2077
f 2227/393/2083 2226/356/2082 2225/392/2081
f 2225/392/2081 2224/391/2080 2227/393/2083
f 2228/354/2084 2226/356/2082 2227/393/2083
f 2224/391/2080 2229/394/2085 2227/393/2083
f 2224/391/2080 2230/395/2086 2229/394/2085
f 2230/395/2086 2224/391/2080 2231/396/2087
f 2230/395/2086 2232/344/2088 2229/394/2085
f 2233/343/2089 2232/344/2088 2230/395/2086
f 2224/391/2080 2234/397/2090 2231/396/2087
f 2231/396/2087 2235/342/2091 2230/395/2086
f 2230/395/2086 2235/342/2091 2233/343/2089
f 2231/396/2087 2236/346/2092 2235/342/2091
f 2224/391/2080 2237/398/2093 2234/397/2090
f 2237/398/2093 2224/391/2080 2223/390/2079
f 2237/398/2093 2238/349/2094 2234/397/2090
f 2238/349/2094 2239/346/2095 2234/397/2090
f 2234/397/2090 2239/346/2095 2231/396/2087
f 2240/351/2096 2238/349/2094 2237/398/2093
f 2240/351/2096 2237/398/2093 2241/399/2097
f 2241/399/2097 2237/398/2093 2223/390/2079
f 2242/353/2098 2240/351/2096 2241/399/2097
f 2232/344/2088 2243/354/2099 2229/394/2085
f 2229/394/2085 2243/354/2099 2227/393/2083
f 2223/390/2079 2222/389/2078 2241/399/2097
f 2241/399/2097 2222/389/2078 2242/353/2098
f 2242/353/2098 2222/389/2078 2244/359/2100
f 2244/359/2100 2222/389/2078 2218/361/2074
f 2246/403/2101 2247/401/2102 2245/402/2103
f 2245/402/2103 2247/401/2102 2248/400/2104
f 2248/400/2104 2249/404/2105 2245/402/2103
f 2245/402/2103 2249/404/2105 2250/405/2106
f 2249/404/2105 2251/406/2107 2250/405/2106
f 2250/405/2106 2251/406/2107 2252/407/2108
f 2253/408/2109 2247/401/2102 2246/403/2101
f 2255/412/2110 2256/410/2111 2254/411/2112
f 2254/411/2112 2256/410/2111 2257/409/2113
f 2258/413/2114 2255/412/2110 2254/411/2112
f 2259/414/2115 2255/412/2110 2258/413/2114
f 2258/413/2114 2260/415/2116 2259/414/2115
f 2261/416/60 2260/415/2116 2258/413/2114
f 2256/410/2111 2262/417/2002 2257/409/2113
f 2257/409/2113 2262/417/2002 2263/418/2117
f 2264/419/2118 2260/415/2116 2261/416/60
f 2264/419/2118 2265/420/2119 2260/415/2116
f 2260/415/2116 2265/420/2119 2266/421/2120
f 2266/421/2120 2265/420/2119 2267/422/2121
f 2266/421/2120 2267/422/2121 2268/423/2122
f 2268/423/2122 2267/422/2121 2269/424/2123
f 2264/419/2118 2270/425/2124 2265/420/2119
f 2271/426/2125 2270/425/2124 2264/419/2118
f 2271/426/2125 2272/427/2126 2270/425/2124
f 2273/428/2127 2272/427/2126 2271/426/2125
f 2273/428/2127 2274/429/2128 2272/427/2126
f 2275/430/2129 2274/429/2128 2273/428/2127
f 2275/430/2129 2276/431/2130 2274/429/2128
f 2277/432/2131 2276/431/2130 2275/430/2129
f 2278/433/2132 2276/431/2130 2277/432/2131
f 2279/434/2133 2276/431/2130 2278/433/2132
f 2279/434/2133 2280/435/2134 2276/431/2130
f 2281/436/2135 2280/435/2134 2279/434/2133
f 2282/437/2136 2280/435/2134 2281/436/2135
f 2268/423/2122 2269/424/2123 2283/438/2137
f 2283/438/2137 2269/424/2123 2284/439/2138
f 2284/439/2138 2269/424/2123 2285/440/2138
f 2287/400/2139 2288/442/2140 2286/404/2141
f 2286/404/2141 2288/442/2140 2289/441/2142
f 2287/400/2139 2290/443/2143 2288/442/2140
f 2291/401/2144 2290/443/2143 2287/400/2139
f 2292/408/2145 2290/443/2143 2291/401/2144
f 2289/441/2142 2293/348/2146 2286/404/2141
f 2286/404/2141 2293/348/2146 2294/406/2147
f 2293/348/2146 2295/347/2148 2294/406/2147
f 2297/444/2149 2298/408/2150 2296/403/2151
f 2299/402/2152 2297/444/2149 2296/403/2151
f 2300/445/2153 2297/444/2149 2299/402/2152
f 2301/405/2154 2300/445/2153 2299/402/2152
f 2302/446/2155 2300/445/2153 2301/405/2154
f 2303/407/2156 2302/446/2155 2301/405/2154
f 2304/350/2156 2302/446/2155 2303/407/2156
f 2306/347/2157 2307/350/2157 2305/406/2158
f 2305/406/2158 2307/350/2157 2308/407/2158
f 2310/464/2159 2311/463/2160 2309/439/2161
f 2312/440/2162 2310/464/2159 2309/439/2161
f 2314/366/2163 2315/367/2164 2313/368/2165
f 2313/368/2165 2315/367/2164 2316/369/2166
f 2317/341/2167 2316/369/2166 2315/367/2164
f 2318/339/2168 2316/369/2166 2317/341/2167
f 2314/366/2163 2313/368/2165 2319/370/2169
f 2318/339/2168 2320/345/2170 2316/369/2166
f 2316/369/2166 2320/345/2170 2321/371/2171
f 2321/371/2171 2322/372/2172 2316/369/2166
f 2321/371/2171 2323/373/2173 2322/372/2172
f 2324/374/2174 2322/372/2172 2323/373/2173
f 2325/375/2175 2322/372/2172 2324/374/2174
f 2324/374/2174 2323/373/2173 2326/376/2176
f 2326/376/2176 2323/373/2173 2327/377/2177
f 2328/379/2178 2323/373/2173 2321/371/2171
f 2328/379/2178 2327/377/2177 2323/373/2173
f 2316/369/2166 2322/372/2172 2329/380/2179
f 2325/375/2175 2329/380/2179 2322/372/2172
f 2328/379/2178 2321/371/2171 2330/365/2180
f 2330/365/2180 2321/371/2171 2320/345/2170
f 2331/381/2181 2327/377/2177 2328/379/2178
f 2332/382/2182 2329/380/2179 2325/375/2175
f 2332/382/2182 2333/383/2183 2329/380/2179
f 2334/384/2184 2333/383/2183 2332/382/2182
f 2334/384/2184 2319/370/2169 2333/383/2183
f 2313/368/2165 2333/383/2183 2319/370/2169
f 2316/369/2166 2333/383/2183 2313/368/2165
f 2335/380/2185 2333/383/2183 2316/369/2166
f 2331/381/2181 2336/385/2186 2327/377/2177
f 2337/378/2187 2327/377/2177 2336/385/2186
f 2326/376/2176 2327/377/2177 2337/378/2187
f 2331/381/2181 2328/379/2178 2338/362/2188
f 2338/362/2188 2328/379/2178 2330/365/2180
f 2338/362/2188 2339/386/2189 2331/381/2181
f 2339/386/2189 2336/385/2186 2331/381/2181
f 2340/363/2190 2336/385/2186 2339/386/2189
f 2340/363/2190 2339/386/2189 2338/362/2188
f 2342/365/2191 2343/345/2192 2341/387/2193
f 2344/388/2194 2342/365/2191 2341/387/2193
f 2345/361/2195 2342/365/2191 2344/388/2194
f 2341/387/2193 2346/355/2196 2344/388/2194
f 2346/355/2196 2341/387/2193 2343/345/2192
f 2344/388/2194 2346/355/2196 2347/357/2197
f 2347/357/2197 2348/358/2198 2344/388/2194
f 2344/388/2194 2348/358/2198 2349/389/2199
f 2344/388/2194 2349/389/2199 2345/361/2195
f 2350/390/2200 2349/389/2199 2348/358/2198
f 2350/390/2200 2348/358/2198 2351/391/2201
f 2348/358/2198 2352/392/2202 2351/391/2201
f 2348/358/2198 2353/356/2203 2352/392/2202
f 2352/392/2202 2353/356/2203 2354/393/2204
f 2354/393/2204 2351/391/2201 2352/392/2202
f 2354/393/2204 2353/356/2203 2355/354/2205
f 2354/393/2204 2356/394/2206 2351/391/2201
f 2356/394/2206 2357/395/2207 2351/391/2201
f 2358/396/2208 2351/391/2201 2357/395/2207
f 2356/394/2206 2359/344/2209 2357/395/2207
f 2357/395/2207 2359/344/2209 2360/343/2210
f 2358/396/2208 2361/397/2211 2351/391/2201
f 2360/343/2210 2362/342/2212 2357/395/2207
f 2357/395/2207 2362/342/2212 2358/396/2208
f 2362/342/2212 2363/346/2213 2358/396/2208
f 2361/397/2211 2364/398/2214 2351/391/2201
f 2350/390/2200 2351/391/2201 2364/398/2214
f 2361/397/2211 2365/349/2215 2364/398/2214
f 2361/397/2211 2366/346/2216 2365/349/2215
f 2358/396/2208 2366/346/2216 2361/397/2211
f 2364/398/2214 2365/349/2215 2367/351/2217
f 2368/399/2218 2364/398/2214 2367/351/2217
f 2350/390/2200 2364/398/2214 2368/399/2218
f 2368/399/2218 2367/351/2217 2369/353/2219
f 2356/394/2206 2370/354/2205 2359/344/2209
f 2354/393/2204 2370/354/2205 2356/394/2206
f 2368/399/2218 2349/389/2199 2350/390/2200
f 2369/353/2219 2349/389/2199 2368/399/2218
f 2371/359/2220 2349/389/2199 2369/353/2219
f 2345/361/2195 2349/389/2199 2371/359/2220
f 2373/400/2221 2374/401/2222 2372/402/2223
f 2372/402/2223 2374/401/2222 2375/403/2224
f 2372/402/2223 2376/404/2225 2373/400/2221
f 2377/405/2226 2376/404/2225 2372/402/2223
f 2377/405/2226 2378/406/2227 2376/404/2225
f 2379/407/2228 2378/406/2227 2377/405/2226
f 2375/403/2224 2374/401/2222 2380/408/2229
f 2257/409/2113 2381/466/2230 2254/411/2112
f 2254/411/2112 2381/466/2230 2382/465/2231
f 2254/411/2112 2382/465/2231 2258/413/2114
f 2258/413/2114 2382/465/2231 2383/467/2232
f 2383/467/2232 2384/468/2233 2258/413/2114
f 2258/413/2114 2384/468/2233 2261/416/60
f 2257/409/2113 2385/469/2025 2381/466/2230
f 2263/418/2117 2385/469/2025 2257/409/2113
f 2261/416/60 2384/468/2233 2386/470/2234
f 2384/468/2233 2387/471/2235 2386/470/2234
f 2388/472/2236 2387/471/2235 2384/468/2233
f 2389/473/2237 2387/471/2235 2388/472/2236
f 2390/474/2238 2389/473/2237 2388/472/2236
f 2391/475/2239 2389/473/2237 2390/474/2238
f 2387/471/2235 2392/476/2240 2386/470/2234
f 2386/470/2234 2392/476/2240 2393/477/2241
f 2392/476/2240 2394/478/2242 2393/477/2241
f 2393/477/2241 2394/478/2242 2395/479/2243
f 2394/478/2242 2396/480/2244 2395/479/2243
f 2395/479/2243 2396/480/2244 2397/481/2245
f 2396/480/2244 2398/482/2246 2397/481/2245
f 2397/481/2245 2398/482/2246 2399/483/2247
f 2399/483/2247 2398/482/2246 2400/484/2248
f 2400/484/2248 2398/482/2246 2401/434/2249
f 2398/482/2246 2402/485/2250 2401/434/2249
f 2401/434/2249 2402/485/2250 2403/436/2251
f 2403/436/2251 2402/485/2250 2404/437/2252
f 2405/486/2253 2391/475/2239 2390/474/2238
f 2406/487/2254 2391/475/2239 2405/486/2253
f 2407/488/2255 2391/475/2239 2406/487/2254
f 2409/441/2256 2410/442/2257 2408/404/2258
f 2408/404/2258 2410/442/2257 2411/400/2259
f 2410/442/2257 2412/443/2260 2411/400/2259
f 2411/400/2259 2412/443/2260 2413/401/2261
f 2413/401/2261 2412/443/2260 2414/408/2262
f 2408/404/2258 2415/348/2263 2409/441/2256
f 2416/406/2264 2415/348/2263 2408/404/2258
f 2416/406/2264 2417/347/2265 2415/348/2263
f 2419/403/2266 2420/408/2267 2418/444/2268
f 2419/403/2266 2418/444/2268 2421/402/2269
f 2421/402/2269 2418/444/2268 2422/445/2270
f 2421/402/2269 2422/445/2270 2423/405/2271
f 2423/405/2271 2422/445/2270 2424/446/2272
f 2423/405/2271 2424/446/2272 2425/407/2273
f 2425/407/2273 2424/446/2272 2426/350/2273
f 2428/407/2274 2429/350/2275 2427/406/2275
f 2427/406/2275 2429/350/2275 2430/347/2275
f 2432/487/2276 2433/490/2277 2431/489/2278
f 2432/487/2276 2431/489/2278 2434/488/2279
f 2436/494/2280 2437/493/2281 2435/492/2282
f 2438/495/2283 2437/493/2281 2436/494/2280
f 2439/496/2284 2436/494/2280 2435/492/2282
f 2439/496/2284 2440/497/2285 2436/494/2280
f 2436/494/2280 2440/497/2285 2441/498/2286
f 2436/494/2280 2441/498/2286 2438/495/2283
f 2440/497/2285 1993/499/1858 2441/498/2286
f 2441/498/2286 1993/499/1858 1994/500/1859
f 2441/498/2286 1994/500/1859 1995/501/1860
f 2438/495/2283 2441/498/2286 1995/501/1860
f 2440/497/2285 2442/502/2287 1993/499/1858
f 1993/499/1858 2442/502/2287 1997/503/1862
f 2442/502/2287 2443/504/2288 1997/503/1862
f 1997/503/1862 2443/504/2288 1999/505/1864
f 2444/506/2289 2443/504/2288 2442/502/2287
f 2445/507/2290 2442/502/2287 2440/497/2285
f 2445/507/2290 2444/506/2289 2442/502/2287
f 2439/496/2284 2445/507/2290 2440/497/2285
f 2446/508/2291 2444/506/2289 2445/507/2290
f 2446/508/2291 2445/507/2290 2439/496/2284
f 2446/508/2291 2439/496/2284 2447/509/2292
f 2447/509/2292 2439/496/2284 2435/492/2282
f 2444/506/2289 2446/508/2291 2448/510/2293
f 2448/510/2293 2446/508/2291 2449/511/2294
f 2447/509/2292 2449/511/2294 2446/508/2291
f 2450/512/2295 2448/510/2293 2449/511/2294
f 2451/513/2296 2450/512/2295 2449/511/2294
f 2451/513/2296 2452/514/2297 2450/512/2295
f 2453/515/2298 2452/514/2297 2451/513/2296
f 2454/516/2299 2452/514/2297 2453/515/2298
f 2455/517/2300 2454/516/2299 2453/515/2298
f 2456/518/2301 2454/516/2299 2455/517/2300
f 2457/519/2302 2456/518/2301 2455/517/2300
f 2458/520/2303 2456/518/2301 2457/519/2302
f 2457/519/2302 2459/521/2304 2458/520/2303
f 2460/627/2305 2459/521/2304 2457/519/2302
f 2461/628/2306 2460/627/2305 2457/519/2302
f 2462/523/2307 2461/628/2306 2457/519/2302
f 2463/522/2308 2462/523/2307 2457/519/2302
f 2463/522/2308 2457/519/2302 2455/517/2300
f 2463/522/2308 2464/524/2309 2462/523/2307
f 2464/524/2309 2465/525/2310 2462/523/2307
f 2462/523/2307 2465/525/2310 2466/526/2311
f 2465/525/2310 2467/527/2312 2466/526/2311
f 2465/525/2310 2468/528/2313 2467/527/2312
f 2469/529/2314 2468/528/2313 2465/525/2310
f 2470/530/2315 2469/529/2314 2465/525/2310
f 2471/531/2316 2469/529/2314 2470/530/2315
f 2468/528/2313 2469/529/2314 2472/532/2317
f 2472/532/2317 2469/529/2314 2473/533/2318
f 2469/529/2314 2474/534/2319 2473/533/2318
f 2473/533/2318 2474/534/2319 2475/535/2320
f 2474/534/2319 2476/536/2321 2475/535/2320
f 2476/536/2321 2474/534/2319 2477/537/2322
f 2474/534/2319 2469/529/2314 2477/537/2322
f 2475/535/2320 2476/536/2321 2478/538/2323
f 2476/536/2321 2479/539/2324 2478/538/2323
f 2478/538/2323 2479/539/2324 2480/540/2325
f 2481/541/2326 2468/528/2313 2472/532/2317
f 2482/542/2327 2468/528/2313 2481/541/2326
f 2483/543/2328 2482/542/2327 2481/541/2326
f 2484/544/2329 2482/542/2327 2483/543/2328
f 2484/544/2329 2485/553/2330 2482/542/2327
f 2484/544/2329 2486/561/2331 2485/553/2330
f 2482/542/2327 2485/553/2330 2487/554/2332
f 2482/542/2327 2487/554/2332 2488/555/2333
f 2482/542/2327 2488/555/2333 2489/556/2334
f 2490/545/2335 2484/544/2329 2483/543/2328
f 2491/546/2336 2484/544/2329 2490/545/2335
f 2491/546/2336 2486/561/2331 2484/544/2329
f 2491/546/2336 2492/560/2337 2486/561/2331
f 2490/545/2335 2493/549/2338 2491/546/2336
f 2491/546/2336 2493/549/2338 2494/550/2339
f 2492/560/2337 2491/546/2336 2494/550/2339
f 2493/549/2338 2495/551/2340 2494/550/2339
f 2496/552/2341 2495/551/2340 2493/549/2338
f 2497/558/2342 2495/551/2340 2496/552/2341
f 2498/559/2343 2495/551/2340 2497/558/2342
f 2492/560/2337 2494/550/2339 2498/559/2343
f 2498/559/2343 2494/550/2339 2495/551/2340
f 2499/557/2344 2482/542/2327 2489/556/2334
f 2468/528/2313 2482/542/2327 2499/557/2344
f 2467/527/2312 2468/528/2313 2499/557/2344
f 2501/562/2345 2502/530/2345 2500/525/2345
f 2504/524/2346 2505/562/2346 2503/525/2346
f 2479/539/2324 2476/536/2321 2506/547/2347
f 2506/547/2347 2476/536/2321 2477/537/2322
f 2507/548/2348 2506/547/2347 2477/537/2322
f 2477/537/2322 2469/529/2314 2471/531/2316
f 2470/530/2315 2508/569/2349 2471/531/2316
f 2509/565/2350 2508/569/2349 2470/530/2315
f 2509/565/2350 2510/568/2351 2508/569/2349
f 2511/567/2352 2510/568/2351 2509/565/2350
f 2512/566/2353 2511/567/2352 2509/565/2350
f 2512/566/2353 2509/565/2350 2513/564/2354
f 2513/564/2354 2509/565/2350 2464/524/2309
f 2513/564/2354 2464/524/2309 2463/522/2308
f 2514/570/2355 2508/569/2349 2510/568/2351
f 2515/571/2356 2508/569/2349 2514/570/2355
f 2515/571/2356 2516/572/2357 2508/569/2349
f 2517/573/2358 2516/572/2357 2515/571/2356
f 2517/573/2358 2518/574/2359 2516/572/2357
f 2477/537/2322 2516/572/2357 2518/574/2359
f 2477/537/2322 2508/569/2349 2516/572/2357
f 2519/575/2360 2518/574/2359 2517/573/2358
f 2519/575/2360 2520/576/2361 2518/574/2359
f 2521/577/2362 2520/576/2361 2519/575/2360
f 2514/570/2355 2510/568/2351 2522/578/2363
f 2522/578/2363 2510/568/2351 2523/579/2364
f 2522/578/2363 2523/579/2364 2524/580/2365
f 2524/580/2365 2523/579/2364 2525/581/2366
f 2523/579/2364 2526/582/2367 2525/581/2366
f 2526/582/2367 2527/583/2368 2525/581/2366
f 2528/584/2369 2526/582/2367 2523/579/2364
f 2529/585/2370 2528/584/2369 2523/579/2364
f 2530/586/2371 2529/585/2370 2523/579/2364
f 2524/580/2365 2525/581/2366 2531/587/2372
f 2531/587/2372 2525/581/2366 2532/588/2373
f 2525/581/2366 2527/583/2368 2532/588/2373
f 2527/583/2368 2533/589/2374 2532/588/2373
f 2532/588/2373 2534/590/2375 2531/587/2372
f 2535/591/2376 2534/590/2375 2532/588/2373
f 2535/591/2376 2532/588/2373 2533/589/2374
f 2535/591/2376 2536/592/2377 2534/590/2375
f 2534/590/2375 2536/592/2377 2537/593/2378
f 2537/593/2378 2536/592/2377 2538/594/2379
f 2538/594/2379 2536/592/2377 2539/595/2380
f 2536/592/2377 2535/591/2376 2539/595/2380
f 2539/595/2380 2535/591/2376 2533/589/2374
f 2530/586/2371 2523/579/2364 2540/596/2381
f 2540/596/2381 2523/579/2364 2510/568/2351
f 2540/596/2381 2510/568/2351 2511/567/2352
f 2541/563/2382 2463/522/2308 2453/515/2298
f 2453/515/2298 2463/522/2308 2455/517/2300
f 2541/563/2382 2453/515/2298 2451/513/2296
f 2449/511/2294 2541/563/2382 2451/513/2296
f 2447/509/2292 2541/563/2382 2449/511/2294
f 2542/621/2383 2513/564/2354 2463/522/2308
f 2542/621/2383 2543/625/2384 2513/564/2354
f 2542/621/2383 2544/624/2385 2543/625/2384
f 2542/621/2383 2545/623/2386 2544/624/2385
f 2546/622/2387 2545/623/2386 2542/621/2383
f 2542/621/2383 2547/620/2388 2546/622/2387
f 2548/619/2389 2547/620/2388 2542/621/2383
f 2548/619/2389 2542/621/2383 2463/522/2308
f 2548/619/2389 2549/618/2390 2547/620/2388
f 2550/617/2391 2549/618/2390 2548/619/2389
f 2550/617/2391 2551/616/2392 2549/618/2390
f 2552/615/2393 2551/616/2392 2550/617/2391
f 2553/614/2394 2551/616/2392 2552/615/2393
f 2554/613/2395 2553/614/2394 2552/615/2393
f 2554/613/2395 2555/612/2396 2553/614/2394
f 2554/613/2395 2556/611/2397 2555/612/2396
f 2555/612/2396 2556/611/2397 2557/609/2398
f 2556/611/2397 2554/613/2395 2447/509/2292
f 2447/509/2292 2558/599/2399 2556/611/2397
f 2559/610/2400 2557/609/2398 2556/611/2397
f 2558/599/2399 2559/610/2400 2556/611/2397
f 2560/605/2401 2557/609/2398 2559/610/2400
f 2560/605/2401 2561/607/2402 2557/609/2398
f 2105/606/1966 2561/607/2402 2560/605/2401
f 2107/608/1968 2561/607/2402 2105/606/1966
f 2105/606/1966 2560/605/2401 2101/602/1962
f 2101/602/1962 2560/605/2401 2562/600/2403
f 2562/600/2403 2560/605/2401 2559/610/2400
f 2562/600/2403 2559/610/2400 2558/599/2399
f 2563/601/2404 2101/602/1962 2562/600/2403
f 2102/603/1963 2101/602/1962 2563/601/2404
f 2103/604/1964 2102/603/1963 2563/601/2404
f 2563/601/2404 2562/600/2403 2564/597/2405
f 2564/597/2405 2562/600/2403 2558/599/2399
f 2435/492/2282 2564/597/2405 2558/599/2399
f 2435/492/2282 2558/599/2399 2447/509/2292
f 2435/492/2282 2437/493/2281 2564/597/2405
f 2564/597/2405 2437/493/2281 2565/598/2406
f 2565/598/2406 2563/601/2404 2564/597/2405
f 2103/604/1964 2563/601/2404 2565/598/2406
f 2554/613/2395 2541/563/2382 2447/509/2292
f 2552/615/2393 2541/563/2382 2554/613/2395
f 2552/615/2393 2550/617/2391 2541/563/2382
f 2550/617/2391 2463/522/2308 2541/563/2382
f 2548/619/2389 2463/522/2308 2550/617/2391
f 2567/565/2407 2568/530/2407 2566/562/2407
f 2570/565/2408 2571/562/2408 2569/524/2408
f 2477/537/2322 2518/574/2359 2572/626/2409
f 2572/626/2409 2518/574/2359 2520/576/2361
f 2477/537/2322 2572/626/2409 2507/548/2348
f 2471/531/2316 2508/569/2349 2477/537/2322
f 2013/519/1878 2573/628/2410 2017/523/1882
f 2013/519/1878 2574/627/2411 2573/628/2410
f 2013/519/1878 2015/521/1880 2574/627/2411
o item_blade
v 0.000000 55.656200 3.999980
v 0.000000 70.710701 -0.000025
v 70.710701 0.000000 0.000000
v 55.656200 0.000000 4.000000
v 0.000000 -70.710602 0.000025
v 0.000000 -55.656101 4.000021
v -70.710701 0.000000 0.000000
v -55.656101 0.000000 4.000000
v 0.000000 55.656200 -4.000021
v 55.656200 -0.000000 -4.000000
v 0.000000 -55.656101 -3.999980
v -55.656101 -0.000000 -4.000000
v 1.951314 12.836128 -1.779450
v 3.654299 15.654266 -2.268627
v 3.313911 18.260567 -2.368168
v 1.963506 16.113426 -1.957051
v 4.867744 17.375198 -2.688561
v 4.234487 19.781368 -2.773659
v 6.299184 19.110409 -3.235554
v 5.295604 21.310535 -3.117306
v 7.696624 20.436674 -3.945500
v 4.728934 31.415304 -4.856824
v 2.414379 29.861229 -4.640480
v 4.331453 27.709059 -4.546614
v 6.476821 29.178358 -4.888813
v 2.466402 26.435305 -4.273983
v 0.688138 28.215538 -4.353161
v -0.825300 26.378208 -4.045042
v 1.015087 24.849804 -3.815060
v 3.103322 25.729824 -4.858513
v 1.015087 24.849804 -3.815060
v 1.592097 24.334879 -4.380324
v 4.892651 26.918482 -5.211454
v 6.476821 29.178358 -4.888813
v 6.964187 28.295200 -5.657095
v -1.868471 24.528326 -3.882654
v -0.160618 23.184519 -3.498733
v -1.134867 21.283619 -3.117306
v -2.811940 22.667019 -3.777077
v -3.872131 20.328682 -3.945500
v -0.160618 23.184519 -3.498733
v 0.390923 22.818661 -4.135050
v -1.134867 21.283619 -3.117306
v -0.399614 21.139780 -3.714191
v 1.847468 26.591696 -2.904425
v 3.448497 28.165363 -3.127207
v 1.740604 29.856077 -3.255993
v 0.022531 27.976419 -3.229964
v 3.304215 24.869440 -2.827376
v 4.930149 26.247444 -3.265736
v -0.686529 31.418322 -3.834534
v -2.192242 29.403837 -4.045043
v 4.362072 23.216185 -2.887161
v 5.935621 24.508167 -3.483927
v 6.914779 22.668266 -3.716604
v 5.295604 21.310535 -3.117306
v 7.696624 20.436674 -3.945500
v 3.654299 15.654266 -2.268627
v 1.951314 12.836128 -1.779450
v 1.951314 9.579674 -2.538204
v 3.807111 13.512680 -3.217247
v 5.123519 15.789776 -3.721112
v 4.867744 17.375198 -2.688561
v 6.776008 17.939171 -4.445019
v 6.299184 19.110409 -3.235554
v 8.476579 19.947899 -5.031723
v 7.696624 20.436674 -3.945500
v 5.935621 24.508167 -3.483927
v 6.914779 22.668266 -3.716604
v 7.180168 23.089403 -4.694073
v 6.200648 24.912971 -4.497206
v 5.187814 26.629999 -4.307135
v 4.930149 26.247444 -3.265736
v 7.696624 20.436674 -3.945500
v 8.476579 19.947899 -5.031723
v 3.705116 28.672163 -4.134528
v 3.448497 28.165363 -3.127207
v 1.951314 30.455135 -4.228638
v 1.740604 29.856077 -3.255993
v -0.686529 31.418322 -3.834534
v -0.255371 32.006233 -4.685786
v 3.304215 24.869440 -2.827376
v 1.847468 26.591696 -2.904425
v 1.068399 25.903477 -3.559969
v 2.597287 24.351814 -3.408327
v 0.022531 27.976419 -3.229964
v -0.622073 27.241489 -3.924618
v -2.192242 29.403837 -4.045043
v -2.754565 28.505110 -4.837433
v 3.686447 22.842081 -3.535627
v 4.362072 23.216185 -2.887161
v 5.295604 21.310535 -3.117306
v 4.483743 21.170237 -3.714191
v 4.234487 19.781368 -2.773659
v 5.295604 21.310535 -3.117306
v 4.483743 21.170237 -3.714191
v 3.829804 19.994129 -3.406034
v 3.127985 18.842964 -3.196368
v 3.313911 18.260567 -2.368168
v 1.988049 16.909077 -2.805804
v 1.963506 16.113426 -1.957051
v 0.815361 18.254211 -2.368168
v 0.330731 15.654266 -2.268627
v 1.951314 12.836128 -1.779450
v 1.963506 16.113426 -1.957051
v -0.788324 17.269135 -2.699665
v -0.023296 19.780922 -2.774667
v -2.028284 18.834438 -3.235554
v -1.134867 21.283619 -3.117306
v -3.872131 20.328682 -3.945500
v 0.330731 15.654266 -2.268627
v 0.095477 13.512680 -3.217247
v 1.951314 9.579674 -2.538204
v 1.951314 12.836128 -1.779450
v -1.163877 15.758232 -3.741146
v -0.788324 17.269135 -2.699665
v -2.709100 17.601074 -4.445019
v -2.028284 18.834438 -3.235554
v -4.715617 19.274971 -5.030797
v -3.872131 20.328682 -3.945500
v -1.868471 24.528326 -3.882654
v -2.198358 24.943190 -4.789995
v -3.159168 23.089403 -4.694073
v -2.811940 22.667019 -3.777077
v -0.825300 26.378208 -4.045042
v -1.138730 26.719563 -4.975313
v -3.872131 20.328682 -3.945500
v -4.715617 19.274971 -5.030797
v 0.688138 28.215538 -4.353161
v 0.270499 28.710789 -5.191176
v 2.414379 29.861229 -4.640480
v 1.951314 30.455135 -5.414443
v 4.203707 32.057213 -5.572766
v 4.728934 31.415304 -4.856824
v -0.023296 19.780922 -2.774667
v 0.346222 20.010303 -3.349900
v -0.399614 21.139780 -3.714191
v -1.134867 21.283619 -3.117306
v 1.033515 18.830452 -3.196368
v 0.815361 18.254211 -2.368168
v 1.988049 16.909077 -2.805804
v 1.963506 16.113426 -1.957051
v 4.892651 26.918482 -5.211454
v 1.951314 30.455135 -5.414443
v 4.203707 32.057213 -5.572766
v 6.964187 28.295200 -5.657095
v 0.270499 28.710789 -5.191176
v 3.103322 25.729824 -4.858513
v -1.138730 26.719563 -4.975313
v 1.592097 24.334879 -4.380324
v 0.390923 22.818661 -4.135050
v -2.198358 24.943190 -4.789995
v -0.399614 21.139780 -3.714191
v -3.159168 23.089403 -4.694073
v -2.255733 21.902231 -4.891264
v -3.159168 23.089403 -4.694073
v -3.184516 19.426815 -4.975071
v -4.715617 19.274971 -5.030797
v -2.709100 17.601074 -4.445019
v -0.255371 32.006233 -4.685786
v 1.951314 30.455135 -4.228638
v -0.622073 27.241489 -3.924618
v -2.754565 28.505110 -4.837433
v 1.068399 25.903477 -3.559969
v 3.705116 28.672163 -4.134528
v 2.597287 24.351814 -3.408327
v 5.187814 26.629999 -4.307135
v 3.686447 22.842081 -3.535627
v 6.200648 24.912971 -4.497206
v 7.180168 23.089403 -4.694073
v 4.483743 21.170237 -3.714191
v 6.158321 21.902231 -4.891264
v 8.476579 19.947899 -5.031723
v 7.087105 19.426815 -4.975071
v 7.087105 19.426815 -4.975071
v 6.776008 17.939171 -4.445019
v 1.988049 16.909077 -2.805804
v 3.127985 18.842964 -3.196368
v 3.807111 13.512680 -3.217247
v 1.951314 9.579674 -2.538204
v 5.123519 15.789776 -3.721112
v 3.829804 19.994129 -3.406034
v 6.776008 17.939171 -4.445019
v 4.483743 21.170237 -3.714191
v 1.988049 16.909077 -2.805804
v 1.951314 9.579674 -2.538204
v 0.095477 13.512680 -3.217247
v 1.033515 18.830452 -3.196368
v -1.163877 15.758232 -3.741146
v 0.346222 20.010303 -3.349900
v -2.709100 17.601074 -4.445019
v -0.399614 21.139780 -3.714191
v 32.296314 55.155399 -40.854073
v 31.711578 56.317112 -39.285553
v 32.780582 53.730080 -40.170521
v 4.728934 31.415304 -4.856824
v 7.204631 32.791138 -5.245978
v 6.660051 33.446602 -5.905026
v 4.203707 32.057213 -5.572766
v 9.157757 34.605171 -6.562870
v 9.706118 33.953888 -5.953028
v 12.470058 35.060547 -7.226021
v 11.888744 35.708572 -7.795265
v 14.578007 36.617043 -9.552204
v 15.182819 35.994606 -9.026012
v 17.050323 37.382263 -11.713101
v 17.641899 36.769691 -11.267944
v 19.485666 38.114059 -14.155443
v 20.039017 37.514236 -13.846076
v 21.852526 38.842194 -16.671017
v 22.362625 38.267838 -16.495312
v 24.208805 39.689499 -19.386995
v 24.832930 39.201889 -19.419266
v 26.692106 40.627823 -22.235508
v 27.182932 40.232994 -22.407352
v 28.857792 41.804523 -25.936121
v 29.828381 41.389946 -26.150856
v 32.771366 43.070759 -30.742065
v 31.341938 43.463535 -30.239491
v 33.099323 45.984417 -33.777229
v 34.578804 45.299252 -34.641636
v 33.404305 47.202927 -35.044628
v 35.267262 48.160763 -37.725685
v 33.774506 48.690052 -36.592827
v 33.567940 51.413074 -39.059235
v 35.021469 51.858639 -41.021049
v 32.780582 53.730080 -40.170521
v 33.995636 56.771725 -44.242096
v 32.296314 55.155399 -40.854073
v 7.204631 32.791138 -5.245978
v 4.728934 31.415304 -4.856824
v 6.476821 29.178358 -4.888813
v 8.714972 30.587669 -5.463006
v 9.706118 33.953888 -5.953028
v 10.946762 31.783293 -6.254668
v 12.470058 35.060547 -7.226021
v 13.566662 32.852936 -7.800492
v 15.182819 35.994606 -9.026012
v 16.162340 33.728653 -9.684214
v 17.641899 36.769691 -11.267944
v 18.526627 34.437790 -11.892632
v 20.039017 37.514236 -13.846076
v 20.923100 35.126091 -14.502389
v 23.234396 35.797977 -17.199699
v 22.362625 38.267838 -16.495312
v 25.829308 36.626816 -20.426262
v 24.832930 39.201889 -19.419266
v 27.182932 40.232994 -22.407352
v 28.243284 37.587910 -23.747936
v 29.828381 41.389946 -26.150856
v 31.106241 39.067177 -27.967018
v 32.771366 43.070759 -30.742065
v 34.089546 41.461601 -33.432896
v 34.578804 45.299252 -34.641636
v 36.023922 43.952305 -38.065430
v 36.696690 47.125351 -41.720490
v 35.267262 48.160763 -37.725685
v 35.021469 51.858639 -41.021049
v 36.091274 52.168522 -45.770340
v 33.995636 56.771725 -44.242096
v 35.155609 59.010155 -50.342079
v 6.476821 29.178358 -4.888813
v 6.964187 28.295200 -5.657095
v 9.115309 29.626858 -6.325884
v 8.714972 30.587669 -5.463006
v 10.946762 31.783293 -6.254668
v 11.243416 30.761768 -7.189003
v 13.566662 32.852936 -7.800492
v 13.755646 31.794718 -8.794985
v 16.162340 33.728653 -9.684214
v 16.259144 32.650879 -10.707791
v 18.526627 34.437790 -11.892632
v 18.497738 33.433853 -12.813732
v 20.923100 35.126091 -14.502389
v 20.822109 34.244583 -15.387278
v 23.234396 35.797977 -17.199699
v 23.042355 35.001083 -18.075413
v 25.829308 36.626816 -20.426262
v 25.575344 35.851768 -21.472328
v 27.939148 36.780594 -24.967461
v 28.243284 37.587910 -23.747936
v 31.106241 39.067177 -27.967018
v 30.915567 38.269318 -29.473978
v 34.089546 41.461601 -33.432896
v 33.846485 40.847214 -35.191044
v 36.023922 43.952305 -38.065430
v 35.744892 43.463131 -40.158813
v 36.409653 46.736160 -44.076931
v 36.696690 47.125351 -41.720490
v 36.091274 52.168522 -45.770340
v 35.591717 52.254223 -48.378090
v 35.155609 59.010155 -50.342079
v 34.619678 59.299683 -52.697594
v 6.964187 28.295200 -5.657095
v 4.203707 32.057213 -5.572766
v 6.660051 33.446602 -5.905026
v 9.115309 29.626858 -6.325884
v 9.157757 34.605171 -6.562870
v 11.243416 30.761768 -7.189003
v 11.888744 35.708572 -7.795265
v 13.755646 31.794718 -8.794985
v 14.578007 36.617043 -9.552204
v 16.259144 32.650879 -10.707791
v 17.050323 37.382263 -11.713101
v 18.497738 33.433853 -12.813732
v 19.485666 38.114059 -14.155443
v 20.822109 34.244583 -15.387278
v 21.852526 38.842194 -16.671017
v 23.042355 35.001083 -18.075413
v 24.208805 39.689499 -19.386995
v 25.575344 35.851768 -21.472328
v 26.692106 40.627823 -22.235508
v 27.939148 36.780594 -24.967461
v 30.915567 38.269318 -29.473978
v 23.840694 48.013351 -20.949478
v 24.141813 51.366894 -23.122450
v 33.846485 40.847214 -35.191044
v 35.744892 43.463131 -40.158813
v 36.409653 46.736160 -44.076931
v 24.358881 54.605553 -25.472292
v 35.591717 52.254223 -48.378090
v 28.378916 58.998241 -37.419174
v 31.499298 59.183815 -45.058384
v 34.619678 59.299683 -52.697594
v 24.574741 58.545799 -28.493010
v 9.898441 20.302088 -6.526132
v 7.087105 19.426815 -4.975071
v 7.272990 18.488255 -5.658705
v 10.107462 19.416473 -7.417576
v 12.785702 21.379900 -7.679627
v 10.107462 19.416473 -7.417576
v 13.000517 20.539959 -8.752012
v 15.703541 22.653057 -8.809343
v 15.961527 21.869318 -10.017479
v 18.298492 24.197956 -10.239134
v 18.597319 23.472681 -11.568134
v 20.510328 26.111372 -11.840445
v 20.835791 25.448938 -13.285320
v 7.272990 18.488255 -5.658705
v 6.776008 17.939171 -4.445019
v 23.569914 30.866455 -14.848853
v 22.243286 28.358366 -13.401119
v 22.591883 27.785582 -14.980865
v 23.928528 30.399162 -16.544191
v 20.510328 26.111372 -11.840445
v 20.835791 25.448938 -13.285320
v 22.591883 27.785582 -14.980865
v 22.243286 28.358366 -13.401119
v 18.298492 24.197956 -10.239134
v 20.510328 26.111372 -11.840445
v 18.567665 27.903759 -9.851875
v 16.544893 26.162630 -8.592398
v 18.567665 27.903759 -9.851875
v 20.510328 26.111372 -11.840445
v 22.243286 28.358366 -13.401119
v 20.130350 29.927376 -11.304075
v 16.544893 26.162630 -8.592398
v 18.567665 27.903759 -9.851875
v 17.704786 28.349558 -10.056469
v 15.801552 26.616722 -8.935118
v 17.704786 28.349558 -10.056469
v 18.567665 27.903759 -9.851875
v 20.130350 29.927376 -11.304075
v 19.089634 30.348997 -11.401762
v 23.569914 30.866455 -14.848853
v 24.715885 33.742451 -16.343578
v 22.391592 34.852699 -14.174072
v 21.322712 32.182907 -12.759251
v 21.322712 32.182907 -12.759251
v 22.391592 34.852699 -14.174072
v 21.230051 35.180450 -14.126799
v 20.131880 32.550491 -12.762190
v 10.889952 24.094915 -7.517078
v 13.000517 20.539959 -8.752012
v 10.107462 19.416473 -7.417576
v 8.354224 23.211840 -6.740305
v 7.272990 18.488255 -5.658705
v 5.800190 22.505875 -5.331555
v 13.503412 25.211473 -8.093363
v 15.961527 21.869318 -10.017479
v 15.801552 26.616722 -8.935118
v 18.597319 23.472681 -11.568134
v 13.503412 25.211473 -8.093363
v 17.704786 28.349558 -10.056469
v 20.835791 25.448938 -13.285320
v 18.597319 23.472681 -11.568134
v 15.801552 26.616722 -8.935118
v 19.089634 30.348997 -11.401762
v 22.591883 27.785582 -14.980865
v 20.835791 25.448938 -13.285320
v 17.704786 28.349558 -10.056469
v 27.471739 47.073376 -23.610136
v 27.037766 43.972870 -21.589579
v 27.352764 43.761436 -23.511681
v 27.762920 46.805161 -25.433064
v 26.468763 40.249931 -19.352999
v 26.643663 40.008606 -21.196281
v 27.037766 43.972870 -21.589579
v 26.468763 40.249931 -19.352999
v 25.939150 36.464348 -19.595451
v 25.615540 36.751987 -17.769911
v 27.749239 50.106243 -25.853077
v 27.471739 47.073376 -23.610136
v 27.954357 49.661686 -27.519608
v 27.905552 52.905025 -27.901236
v 28.082624 52.325920 -29.367638
v 27.932993 55.893276 -30.142561
v 28.031246 54.354694 -30.761337
v 28.058727 55.443893 -31.421875
v 28.031246 54.354694 -30.761337
v 29.307739 57.059525 -33.964844
v 27.932993 55.893276 -30.142561
v 28.280783 55.512730 -31.885902
v 28.058727 55.443893 -31.421875
v 25.615540 36.751987 -17.769911
v 26.468763 40.249931 -19.352999
v 24.001194 40.886528 -17.158180
v 23.236849 37.640251 -15.526973
v 27.037766 43.972870 -21.589579
v 24.591763 44.529327 -19.053167
v 24.907484 47.856911 -21.055458
v 27.471739 47.073376 -23.610136
v 25.214075 51.111877 -23.139227
v 27.749239 50.106243 -25.853077
v 25.447720 54.266335 -25.455151
v 27.905552 52.905025 -27.901236
v 27.932993 55.893276 -30.142561
v 24.715885 33.742451 -16.343578
v 25.615540 36.751987 -17.769911
v 22.391592 34.852699 -14.174072
v 29.307739 57.059525 -33.964844
v 29.623947 58.348408 -36.924126
v 30.507627 57.145302 -36.714783
v 25.710251 57.819645 -28.275900
v 32.183090 57.125389 -40.475742
v 31.711578 56.317112 -39.285553
v 32.389778 58.714066 -43.633141
v 33.995636 56.771725 -44.242096
v 35.155609 59.010155 -50.342079
v 32.296314 55.155399 -40.854073
v 33.995636 56.771725 -44.242096
v 25.447720 54.266335 -25.455151
v 23.236849 37.640251 -15.526973
v 24.001194 40.886528 -17.158180
v 22.932392 41.041676 -16.989433
v 22.154850 37.904797 -15.432264
v 24.001194 40.886528 -17.158180
v 24.591763 44.529327 -19.053167
v 23.507954 44.650951 -18.909367
v 24.591763 44.529327 -19.053167
v 23.840694 48.013351 -20.949478
v 24.907484 47.856911 -21.055458
v 24.141813 51.366894 -23.122450
v 25.214075 51.111877 -23.139227
v 24.358881 54.605553 -25.472292
v 25.447720 54.266335 -25.455151
v 25.710251 57.819645 -28.275900
v 24.574741 58.545799 -28.493010
v 31.499298 59.183815 -45.058384
v 32.389778 58.714066 -43.633141
v 35.155609 59.010155 -50.342079
v 34.619678 59.299683 -52.697594
v 28.378916 58.998241 -37.419174
v 29.623947 58.348408 -36.924126
v 25.710251 57.819645 -28.275900
v 24.574741 58.545799 -28.493010
v 25.615540 36.751987 -17.769911
v 24.715885 33.742451 -16.343578
v 25.052855 33.361710 -18.115164
v 25.939150 36.464348 -19.595451
v 22.391592 34.852699 -14.174072
v 23.236849 37.640251 -15.526973
v 22.154850 37.904797 -15.432264
v 21.230051 35.180450 -14.126799
v 25.318726 78.332954 -33.671497
v 24.054382 81.844986 -35.414677
v 23.626524 78.502510 -34.772366
v 24.115057 81.680145 -36.497116
v 24.053337 78.656807 -36.294979
v 25.170059 85.769058 -37.650814
v 25.437580 85.662766 -36.479012
v 26.160442 81.416924 -34.672222
v 27.052570 78.230919 -33.239899
v 26.647806 75.388237 -32.666462
v 27.756241 84.215630 -36.292000
v 28.129339 80.672218 -34.554935
v 28.934359 77.746048 -33.553772
v 30.062830 79.537674 -34.862896
v 30.574337 77.240250 -34.922321
v 31.731815 78.449753 -36.093399
v 28.369341 75.490517 -32.925938
v 30.275309 82.891785 -36.673870
v 30.020502 86.809616 -38.197124
v 27.420118 89.026802 -38.113075
v 32.219303 81.477158 -37.060043
v 32.620888 84.592232 -39.119110
v 31.896778 88.857613 -39.857742
v 34.722961 86.434860 -41.592590
v 34.147846 82.607040 -38.917572
v 31.731815 78.449753 -36.093399
v 31.364592 78.072433 -36.671253
v 30.231215 77.057312 -35.744282
v 29.588379 75.493980 -34.056175
v 28.240910 73.089493 -33.096855
v 29.244009 75.718773 -34.943317
v 33.276680 79.816101 -37.758404
v 34.833370 80.615280 -39.406586
v 36.824757 81.564590 -41.463276
v 36.258812 83.813965 -41.145180
v 34.894001 91.361923 -42.540329
v 31.867086 94.326355 -41.957241
v 29.019979 91.292953 -39.500134
v 35.691780 97.733887 -45.145580
v 38.716042 94.081436 -46.129890
v 37.880764 88.459091 -44.617378
v 41.722237 90.438164 -48.596451
v 42.505733 96.446648 -49.998878
v 45.448677 92.063034 -52.843651
v 46.262432 98.621094 -54.269901
v 49.475151 93.654816 -57.955666
v 49.695599 101.553337 -58.578743
v 51.901520 95.365234 -61.130402
v 46.398746 106.491692 -55.650726
v 43.049751 103.587372 -52.033401
v 39.562744 100.830368 -48.603413
v 48.939785 109.204620 -58.611214
v 52.343742 105.226227 -62.131649
v 53.965294 97.779259 -64.077774
v 55.747620 101.247910 -67.101395
v 54.399307 109.432220 -64.877640
v 57.432255 106.468361 -69.623001
v 58.203480 111.726822 -70.696991
v 55.825115 113.797073 -66.713005
v 58.387032 117.237640 -70.844208
v 56.829777 118.500298 -68.019028
v 55.266048 119.747742 -66.534683
v 53.462837 115.884460 -64.222824
v 51.366314 112.396179 -61.581516
v 58.534615 111.099678 -72.173447
v 58.716232 116.744972 -72.030014
v 52.944008 116.116463 -65.275482
v 54.755222 119.964363 -67.249214
v 57.786930 105.688522 -71.226074
v 50.892628 112.618309 -62.944195
v 55.900795 100.242363 -68.706848
v 48.473381 109.490685 -60.251873
v 54.060524 96.979141 -65.735336
v 45.981430 106.691986 -57.397686
v 51.994743 94.751938 -62.868229
v 42.717251 103.782471 -53.867714
v 39.300655 101.100784 -50.194824
v 35.424862 97.912415 -46.537228
v 31.521347 94.472000 -43.118664
v 28.719463 91.615120 -40.676041
v 27.006060 89.392136 -39.192295
v 29.083834 79.099472 -37.122330
v 31.364592 78.072433 -36.671253
v 30.231215 77.057312 -35.744282
v 28.324760 77.603539 -36.297310
v 33.299412 79.519165 -38.559803
v 26.945667 80.032722 -36.876774
v 26.226910 78.152710 -36.423447
v 24.053337 78.656807 -36.294979
v 24.115057 81.680145 -36.497116
v 29.133844 82.664047 -38.384377
v 25.170059 85.769058 -37.650814
v 31.717249 84.741455 -40.620880
v 27.006060 89.392136 -39.192295
v 28.719463 91.615120 -40.676041
v 34.856464 86.267052 -42.623894
v 31.521347 94.472000 -43.118664
v 38.022633 88.203918 -45.721138
v 35.424862 97.912415 -46.537228
v 41.749996 90.077217 -49.478119
v 39.300655 101.100784 -50.194824
v 45.506699 91.653854 -54.178123
v 42.717251 103.782471 -53.867714
v 49.656170 93.200356 -59.754650
v 45.981430 106.691986 -57.397686
v 51.994743 94.751938 -62.868229
v 34.700954 80.369171 -40.080925
v 36.481030 81.330223 -42.058552
v 38.025085 87.964241 -45.574886
v 39.187271 82.169998 -45.221020
v 41.760059 89.246323 -49.317421
v 42.657623 82.658936 -49.261856
v 45.576626 89.936302 -53.906902
v 46.776272 82.968086 -54.700134
v 49.505848 90.462128 -59.418930
v 50.774258 83.468857 -60.619019
v 53.115894 91.064163 -64.871811
v 54.752445 84.947739 -66.401749
v 56.699215 92.142014 -70.603363
v 58.166828 87.893570 -72.277496
v 59.968788 93.921494 -75.474648
v 60.805794 91.671600 -76.837601
v 63.268780 96.505501 -79.761238
v 24.919676 72.276871 -34.707176
v 23.724054 75.570419 -35.083778
v 24.292412 73.208755 -36.364899
v 24.457539 74.238930 -37.072994
v 24.231939 76.340202 -36.509872
v 25.294907 70.226784 -36.981136
v 26.833652 70.066566 -34.605141
v 25.003889 71.947868 -38.271793
v 25.916216 74.014946 -38.786480
v 26.689934 72.521988 -33.065834
v 24.968359 75.390053 -33.616688
v 27.278008 68.404015 -37.013367
v 28.515434 68.967506 -35.995380
v 26.022034 69.404579 -39.633507
v 27.956169 67.294174 -39.764187
v 26.303679 71.737518 -40.345581
v 27.442045 73.837784 -40.116364
v 29.003805 67.558594 -38.116608
v 27.504248 68.876663 -42.271954
v 29.136257 66.384995 -42.053719
v 29.845318 66.485771 -40.108360
v 28.993988 68.619431 -44.283138
v 28.003160 71.785202 -42.335644
v 29.069628 73.757767 -41.277786
v 29.918226 71.335617 -43.979401
v 30.990526 73.344673 -42.441017
v 28.062628 74.881439 -39.182110
v 26.645271 74.992249 -38.457195
v 30.846687 65.316513 -43.773197
v 31.187799 65.412148 -41.706974
v 31.086287 67.765282 -45.662514
v 31.899836 70.449318 -45.208340
v 32.845840 72.625427 -43.405895
v 29.458220 74.673546 -39.859947
v 30.948238 74.381927 -40.450878
v 32.995556 73.777275 -41.232563
v 35.039612 71.424576 -44.270542
v 34.094494 69.198578 -46.000927
v 33.096706 66.626114 -46.312508
v 36.123943 67.597992 -46.128792
v 34.805847 65.265335 -46.312988
v 33.610992 63.324509 -44.422874
v 32.463814 64.505455 -42.349930
v 32.385632 64.317268 -44.439171
v 31.086287 67.765282 -45.662514
v 33.513016 63.641998 -42.306351
v 35.571480 72.443237 -41.967133
v 37.167156 69.733345 -44.522053
v 37.458900 70.910248 -42.192608
v 37.631348 65.944977 -45.848316
v 38.796791 67.897224 -44.350449
v 38.940189 69.080322 -42.023380
v 36.019615 63.927788 -45.975136
v 34.432224 62.418053 -44.130966
v 34.212463 62.898216 -41.992237
v 34.983124 61.431694 -43.600388
v 36.876701 62.432457 -45.357933
v 38.733059 64.077911 -45.243103
v 34.693836 62.108849 -41.458401
v 35.123383 60.689445 -43.089203
v 34.827614 61.551155 -40.997589
v 37.200954 61.159710 -44.716427
v 39.237888 62.382290 -44.548122
v 35.184620 59.998726 -42.505035
v 37.202766 59.848488 -43.960815
v 39.364227 60.643208 -43.704357
v 36.977570 58.406425 -43.105297
v 39.254303 58.813774 -42.722748
v 34.807659 61.016434 -40.592785
v 40.637985 63.847286 -43.175228
v 40.007984 65.815422 -43.838661
v 40.028866 67.036636 -41.544907
v 40.609901 65.049667 -40.923840
v 40.865593 61.875004 -42.319794
v 40.801018 59.835976 -41.245079
v 34.690414 60.409691 -40.175350
v 35.281464 59.013695 -41.765755
v 35.428967 57.552364 -40.893543
v 36.645630 56.852150 -42.230831
v 38.945503 57.058239 -41.644691
v 35.805687 54.454918 -40.588684
v 38.192505 54.418579 -39.990028
v 35.755272 52.269676 -39.412334
v 40.443451 57.894001 -40.043297
v 40.256477 59.309143 -37.772800
v 40.695038 61.165985 -39.000610
v 39.470367 55.327206 -38.132339
v 39.346561 56.831676 -35.922112
v 38.208881 53.003639 -36.470718
v 38.210609 54.577427 -34.257469
v 36.512775 50.958138 -35.476753
v 36.851837 52.463768 -33.014412
v 35.241070 49.739338 -35.286037
v 35.263077 50.135174 -33.339794
v 35.510845 51.463482 -31.655680
v 37.083187 52.168964 -38.481499
v 35.642132 50.488274 -37.465927
v 40.807373 63.147713 -40.089809
v 40.609901 65.049667 -40.923840
v 28.205503 70.782707 -34.227699
v 29.043398 73.524757 -33.891495
v 28.683332 71.991486 -35.031673
v 28.515434 68.967506 -35.995380
v 28.770805 74.105713 -34.811951
v 30.574337 77.240250 -34.922321
v 24.959026 75.269104 -37.393185
v 24.231939 76.340202 -36.509872
v 26.012777 76.312439 -36.348328
v 26.289194 74.866676 -36.583214
v 27.822426 75.982071 -35.701550
v 27.857351 74.452415 -35.698849
v 27.257326 73.710205 -37.146503
v 29.244009 75.718773 -34.943317
v 27.857351 74.452415 -35.698849
v 28.770805 74.105713 -34.811951
v 28.455925 72.868324 -37.878777
v 28.062628 74.881439 -39.182110
v 29.458220 74.673546 -39.859947
v 29.603868 72.167351 -39.092468
v 28.663218 70.868042 -36.705086
v 30.948238 74.381927 -40.450878
v 28.272575 72.773415 -36.073517
v 28.683332 71.991486 -35.031673
v 28.515434 68.967506 -35.995380
v 29.584999 70.014221 -38.407867
v 30.679068 69.208717 -39.881996
v 29.003805 67.558594 -38.116608
v 30.842583 71.383980 -40.133022
v 28.515434 68.967506 -35.995380
v 32.605278 70.459702 -41.008011
v 32.034786 68.240860 -41.007648
v 34.203129 69.321609 -40.763302
v 35.195686 71.785484 -41.164486
v 33.019737 73.201996 -41.087597
v 36.685101 70.354004 -40.922474
v 35.571480 72.443237 -41.967133
v 29.845318 66.485771 -40.108360
v 30.948238 74.381927 -40.450878
v 32.995556 73.777275 -41.232563
v 33.464092 67.142052 -41.677883
v 31.187799 65.412148 -41.706974
v 35.327694 68.218376 -40.421349
v 37.622658 68.722641 -40.322247
v 37.458900 70.910248 -42.192608
v 32.463814 64.505455 -42.349930
v 34.448925 65.687874 -41.257347
v 33.513016 63.641998 -42.306351
v 34.212463 62.898216 -41.992237
v 36.077274 66.969398 -39.888355
v 36.536716 65.684578 -39.138733
v 34.953793 64.763962 -40.563820
v 35.142979 63.898865 -39.625137
v 34.693836 62.108849 -41.458401
v 34.977573 63.199581 -38.899136
v 34.827614 61.551155 -40.997589
v 34.807659 61.016434 -40.592785
v 34.710491 62.484566 -38.302933
v 36.713547 64.604797 -38.301487
v 38.374729 67.000778 -39.691967
v 34.690414 60.409691 -40.175350
v 34.222443 61.660347 -37.854759
v 36.759132 63.619831 -37.542412
v 38.942402 65.344315 -39.007568
v 34.222443 61.660347 -37.854759
v 39.271767 63.762947 -38.193214
v 40.609901 65.049667 -40.923840
v 36.750885 62.342697 -36.496990
v 40.028866 67.036636 -41.544907
v 38.942402 65.344315 -39.007568
v 38.940189 69.080322 -42.023380
v 40.807373 63.147713 -40.089809
v 39.306572 62.104702 -37.077301
v 36.594696 61.075459 -35.491035
v 34.510002 60.855648 -35.909882
v 34.903297 59.573364 -33.833397
v 38.954674 60.561897 -35.854397
v 40.256477 59.309143 -37.772800
v 40.695038 61.165985 -39.000610
v 37.999054 58.560608 -34.122807
v 36.111954 59.256355 -33.807243
v 35.425266 57.549984 -32.112385
v 36.888451 56.538158 -32.478283
v 38.210609 54.577427 -34.257469
v 39.346561 56.831676 -35.922112
v 35.801743 54.452377 -31.030788
v 36.851837 52.463768 -33.014412
v 35.510845 51.463482 -31.655680
v 57.996109 127.748108 -70.010696
v 57.419823 122.720253 -68.890396
v 58.244518 122.040489 -70.511383
v 56.595085 123.400108 -68.235657
v 56.261902 123.605721 -68.694412
v 58.468346 121.676041 -71.233521
v 53.343784 90.947357 -63.140503
v 49.709442 90.267029 -57.899178
v 51.185013 86.976898 -58.451965
v 54.865147 88.043121 -64.085815
v 51.541096 83.677505 -59.867146
v 47.413113 83.154137 -53.888878
v 47.161682 86.394577 -52.952770
v 43.505371 82.960464 -48.783142
v 43.247707 85.900826 -48.274490
v 39.715599 82.453331 -44.540607
v 39.428242 85.067322 -44.225529
v 55.258766 85.138855 -65.868790
v 58.423405 90.077202 -69.977631
v 58.651413 88.114655 -71.752838
v 61.208672 92.848663 -75.268364
v 61.292358 91.823883 -76.405609
v 63.268780 96.505501 -79.761238
v 60.306118 93.873245 -74.542404
v 57.067570 92.039703 -69.040070
v 38.121571 87.815094 -44.592712
v 41.843987 89.091980 -48.440258
v 45.767700 89.790604 -52.862198
v 34.962845 86.149155 -41.626793
v 60.805794 91.671600 -76.837601
v 58.166828 87.893570 -72.277496
v 54.752445 84.947739 -66.401749
v 50.774258 83.468857 -60.619019
v 46.776272 82.968086 -54.700134
v 42.657623 82.658936 -49.261856
v 39.187271 82.169998 -45.221020
v 36.481030 81.330223 -42.058552
v 34.700954 80.369171 -40.080925
v 33.299412 79.519165 -38.559803
v 34.856464 86.267052 -42.623894
v 38.022633 88.203918 -45.721138
v 41.749996 90.077217 -49.478119
v 45.506699 91.653854 -54.178123
v 49.656170 93.200356 -59.754650
v 34.722961 86.434860 -41.592590
v 52.944008 116.116463 -65.275482
v 54.755222 119.964363 -67.249214
v 58.716232 116.744972 -72.030014
v 58.534615 111.099678 -72.173447
v 50.892628 112.618309 -62.944195
v 57.786930 105.688522 -71.226074
v 55.900795 100.242363 -68.706848
v 48.473381 109.490685 -60.251873
v 54.060524 96.979141 -65.735336
v 58.468346 121.676041 -71.233521
v 56.261902 123.605721 -68.694412
v 57.996109 127.748108 -70.010696
v 63.268780 96.505501 -79.761238
v 59.968788 93.921494 -75.474648
v 60.306118 93.873245 -74.542404
v 56.699215 92.142014 -70.603363
v 57.067570 92.039703 -69.040070
v 53.115894 91.064163 -64.871811
v 53.343784 90.947357 -63.140503
v 49.505848 90.462128 -59.418930
v 49.709442 90.267029 -57.899178
v 45.576626 89.936302 -53.906902
v 45.767700 89.790604 -52.862198
v 41.760059 89.246323 -49.317421
v 41.843987 89.091980 -48.440258
v 38.025085 87.964241 -45.574886
v 38.121571 87.815094 -44.592712
v 34.962845 86.149155 -41.626793
v 34.856464 86.267052 -42.623894
v 32.620888 84.592232 -39.119110
v 7.087105 19.426815 -4.975071
v 9.898441 20.302088 -6.526132
v 8.788641 22.644001 -6.105034
v 6.158321 21.902231 -4.891264
v 8.354224 23.211840 -6.740305
v 5.800190 22.505875 -5.331555
v 11.449337 23.582121 -6.898106
v 12.785702 21.379900 -7.679627
v 10.889952 24.094915 -7.517078
v 11.449337 23.582121 -6.898106
v 14.148016 24.736057 -7.601452
v 15.703541 22.653057 -8.809343
v 13.503412 25.211473 -8.093363
v 14.148016 24.736057 -7.601452
v 4.483743 21.170237 -3.714191
v 6.158321 21.902231 -4.891264
v 15.703541 22.653057 -8.809343
v 18.298492 24.197956 -10.239134
v 16.544893 26.162630 -8.592398
v 14.148016 24.736057 -7.601452
v 14.148016 24.736057 -7.601452
v 16.544893 26.162630 -8.592398
v 15.801552 26.616722 -8.935118
v 13.503412 25.211473 -8.093363
v 24.715885 33.742451 -16.343578
v 23.569914 30.866455 -14.848853
v 23.928528 30.399162 -16.544191
v 25.052855 33.361710 -18.115164
v 22.243286 28.358366 -13.401119
v 23.569914 30.866455 -14.848853
v 21.322712 32.182907 -12.759251
v 20.130350 29.927376 -11.304075
v 20.130350 29.927376 -11.304075
v 21.322712 32.182907 -12.759251
v 20.131880 32.550491 -12.762190
v 19.089634 30.348997 -11.401762
v 20.131880 32.550491 -12.762190
v 23.928528 30.399162 -16.544191
v 22.591883 27.785582 -14.980865
v 19.089634 30.348997 -11.401762
v 23.928528 30.399162 -16.544191
v 20.131880 32.550491 -12.762190
v 21.230051 35.180450 -14.126799
v 25.052855 33.361710 -18.115164
v 25.052855 33.361710 -18.115164
v 21.230051 35.180450 -14.126799
v 22.154850 37.904797 -15.432264
v 25.939150 36.464348 -19.595451
v 22.932392 41.041676 -16.989433
v 26.643663 40.008606 -21.196281
v 25.939150 36.464348 -19.595451
v 22.154850 37.904797 -15.432264
v 23.507954 44.650951 -18.909367
v 26.643663 40.008606 -21.196281
v 26.692106 40.627823 -22.235508
v 23.840694 48.013351 -20.949478
v 27.762920 46.805161 -25.433064
v 27.352764 43.761436 -23.511681
v 28.857792 41.804523 -25.936121
v 31.341938 43.463535 -30.239491
v 26.692106 40.627823 -22.235508
v 27.954357 49.661686 -27.519608
v 33.099323 45.984417 -33.777229
v 32.275593 46.955521 -33.026081
v 33.404305 47.202927 -35.044628
v 31.005575 47.964573 -31.556461
v 29.786093 49.775311 -30.724041
v 28.874853 51.725739 -30.695190
v 28.082624 52.325920 -29.367638
v 28.031246 54.354694 -30.761337
v 26.643663 40.008606 -21.196281
v 26.692106 40.627823 -22.235508
v 27.352764 43.761436 -23.511681
v 33.774506 48.690052 -36.592827
v 33.916454 47.798119 -35.077621
v 33.404305 47.202927 -35.044628
v 32.275593 46.955521 -33.026081
v 33.182487 47.866035 -33.067966
v 31.818119 48.972466 -31.589451
v 31.005575 47.964573 -31.556461
v 35.438221 49.969803 -37.599426
v 35.035389 49.133278 -35.186539
v 33.567940 51.413074 -39.059235
v 35.544762 51.948521 -39.697479
v 35.058884 49.616619 -32.949955
v 33.457615 50.261387 -30.954828
v 35.299973 51.142086 -31.198608
v 33.690292 53.328018 -30.612549
v 35.577274 54.329060 -30.583055
v 32.780582 53.730080 -40.170521
v 35.581577 54.331795 -40.989826
v 33.034786 57.009270 -41.128113
v 35.169773 57.717724 -41.343170
v 32.628334 59.739895 -40.177441
v 34.362461 60.841202 -40.579510
v 33.573170 54.756516 -30.876608
v 33.165668 57.009193 -31.752485
v 35.165710 57.715191 -31.765440
v 32.647160 58.968880 -33.380875
v 34.609463 59.871662 -33.599709
v 32.240143 60.245491 -35.518879
v 34.160397 61.343422 -35.945129
v 29.809549 53.386955 -30.726894
v 28.058727 55.443893 -31.421875
v 28.031246 54.354694 -30.761337
v 31.925909 61.100082 -37.600433
v 33.850868 62.208469 -38.042694
v 34.362461 60.841202 -40.579510
v 32.628334 59.739895 -40.177441
v 28.874853 51.725739 -30.695190
v 29.893600 52.241955 -30.764114
v 29.786093 49.775311 -30.724041
v 30.590672 50.535545 -30.814365
v 32.994671 48.306084 -33.101521
v 33.276638 50.335903 -31.380795
v 31.971375 49.182045 -31.848644
v 30.838961 50.667362 -31.192493
v 33.580574 53.097706 -31.034452
v 30.201117 52.274502 -31.125546
v 30.149214 53.099480 -31.027935
v 33.338478 54.972977 -31.423401
v 33.006622 56.728672 -32.149845
v 28.280783 55.512730 -31.885902
v 32.573090 58.565800 -33.654228
v 29.307739 57.059525 -33.964844
v 32.217571 59.655239 -35.535374
v 31.947033 60.307163 -37.453938
v 30.507627 57.145302 -36.714783
v 32.505371 59.289783 -39.834236
v 31.711578 56.317112 -39.285553
v 32.827938 56.616341 -40.706409
v 32.780582 53.730080 -40.170521
v 35.755272 52.269676 -39.412334
v 35.642132 50.488274 -37.465927
v 35.438221 49.969803 -37.599426
v 35.544762 51.948521 -39.697479
v 35.035389 49.133278 -35.186539
v 35.241070 49.739338 -35.286037
v 35.058884 49.616619 -32.949955
v 35.263077 50.135174 -33.339794
v 35.299973 51.142086 -31.198608
v 35.510845 51.463482 -31.655680
v 35.805687 54.454918 -40.588684
v 35.581577 54.331795 -40.989826
v 35.428967 57.552364 -40.893543
v 35.169773 57.717724 -41.343170
v 34.690414 60.409691 -40.175350
v 34.362461 60.841202 -40.579510
v 35.801743 54.452377 -31.030788
v 35.577274 54.329060 -30.583055
v 35.299973 51.142086 -31.198608
v 34.222443 61.660347 -37.854759
v 34.690414 60.409691 -40.175350
v 34.362461 60.841202 -40.579510
v 33.850868 62.208469 -38.042694
v 34.160397 61.343422 -35.945129
v 34.510002 60.855648 -35.909882
v 34.609463 59.871662 -33.599709
v 34.903297 59.573364 -33.833397
v 34.903297 59.573364 -33.833397
v 35.165710 57.715191 -31.765440
v 35.425266 57.549984 -32.112385
v 35.801743 54.452377 -31.030788
v 35.577274 54.329060 -30.583055
v 33.338478 54.972977 -31.423401
v 28.280783 55.512730 -31.885902
v 28.058727 55.443893 -31.421875
v 33.573170 54.756516 -30.876608
v 33.006622 56.728672 -32.149845
v 33.338478 54.972977 -31.423401
v 33.573170 54.756516 -30.876608
v 33.165668 57.009193 -31.752485
v 32.647160 58.968880 -33.380875
v 32.573090 58.565800 -33.654228
v 32.240143 60.245491 -35.518879
v 32.217571 59.655239 -35.535374
v 31.947033 60.307163 -37.453938
v 31.925909 61.100082 -37.600433
v 32.505371 59.289783 -39.834236
v 32.628334 59.739895 -40.177441
v 32.505371 59.289783 -39.834236
v 32.628334 59.739895 -40.177441
v 33.034786 57.009270 -41.128113
v 32.827938 56.616341 -40.706409
v 32.780582 53.730080 -40.170521
v 31.971375 49.182045 -31.848644
v 30.838961 50.667362 -31.192493
v 30.590672 50.535545 -30.814365
v 31.818119 48.972466 -31.589451
v 32.994671 48.306084 -33.101521
v 31.971375 49.182045 -31.848644
v 33.182487 47.866035 -33.067966
v 33.276638 50.335903 -31.380795
v 32.994671 48.306084 -33.101521
v 33.182487 47.866035 -33.067966
v 33.457615 50.261387 -30.954828
v 33.580574 53.097706 -31.034452
v 33.690292 53.328018 -30.612549
v 30.149214 53.099480 -31.027935
v 33.580574 53.097706 -31.034452
v 33.690292 53.328018 -30.612549
v 29.809549 53.386955 -30.726894
v 30.201117 52.274502 -31.125546
v 30.149214 53.099480 -31.027935
v 29.809549 53.386955 -30.726894
v 29.893600 52.241955 -30.764114
v 30.838961 50.667362 -31.192493
v 30.590672 50.535545 -30.814365
v 7.272990 18.488255 -5.658705
v 6.776008 17.939171 -4.445019
v 4.483743 21.170237 -3.714191
v 5.800190 22.505875 -5.331555
v 24.959026 75.269104 -37.393185
v 24.959026 75.269104 -37.393185
v 26.645271 74.992249 -38.457195
v 28.455925 72.868324 -37.878777
v 27.257326 73.710205 -37.146503
v 27.857351 74.452415 -35.698849
v 28.272575 72.773415 -36.073517
v 27.257326 73.710205 -37.146503
v 28.770805 74.105713 -34.811951
v 28.683332 71.991486 -35.031673
v 27.857351 74.452415 -35.698849
v 7.400696 27.129519 -5.902290
v 7.157717 27.561317 -6.320007
v 5.450106 27.160976 -5.994387
v 5.591089 26.676107 -5.558161
v 10.860058 28.704351 -7.171744
v 10.364403 28.970709 -7.494067
v 8.822680 28.175182 -6.790638
v 9.201290 27.811300 -6.406717
v 13.909624 32.745186 -9.751728
v 13.059742 31.255167 -9.236115
v 13.755203 31.283173 -9.182928
v 14.515162 32.807274 -9.851593
v 16.308512 32.794235 -11.074455
v 15.308996 30.821795 -10.114971
v 13.758503 29.081596 -8.750319
v 15.308996 30.821795 -10.114971
v 12.450987 29.840668 -8.116219
v 11.825012 29.969580 -8.328617
v 12.450987 29.840668 -8.116219
v 13.059742 31.255167 -9.236115
v 14.412199 34.437027 -9.695400
v 13.909624 32.745186 -9.751728
v 14.827908 34.520836 -9.873158
v 16.308512 32.794235 -11.074455
v 16.908094 35.038177 -11.412829
v 14.578007 36.617043 -9.552204
v 14.412199 34.437027 -9.695400
v 16.908094 35.038177 -11.412829
v 17.050323 37.382263 -11.713101
v 15.308996 30.821795 -10.114971
v 13.758503 29.081596 -8.750319
v 14.177347 28.593502 -9.477930
v 15.776365 30.494486 -10.870016
v 13.758503 29.081596 -8.750319
v 12.263210 27.034281 -8.216682
v 11.924433 27.626417 -7.570673
v 7.978952 25.779312 -6.068216
v 5.956342 25.312183 -5.685946
v 6.079139 24.790415 -6.233946
v 8.177029 25.186932 -6.626961
v 4.027076 24.599945 -6.011807
v 6.079139 24.790415 -6.233946
v 3.968011 25.057093 -5.463610
v 1.951314 24.986803 -5.394724
v 1.951314 24.562082 -5.946426
v 11.924433 27.626417 -7.570673
v 10.042603 26.549166 -6.659510
v 10.314350 25.932926 -7.255388
v 12.263210 27.034281 -8.216682
v 7.978952 25.779312 -6.068216
v 8.177029 25.186932 -6.626961
v 10.314350 25.932926 -7.255388
v 16.308512 32.794235 -11.074455
v 15.308996 30.821795 -10.114971
v 15.776365 30.494486 -10.870016
v 16.803041 32.655991 -11.816948
v 16.908094 35.038177 -11.412829
v 16.308512 32.794235 -11.074455
v 17.283245 35.078133 -11.942402
v 17.050323 37.382263 -11.713101
v 16.908094 35.038177 -11.412829
v 7.400696 27.129519 -5.902290
v 5.591089 26.676107 -5.558161
v 5.956342 25.312183 -5.685946
v 7.978952 25.779312 -6.068216
v 10.860058 28.704351 -7.171744
v 9.201290 27.811300 -6.406717
v 10.042603 26.549166 -6.659510
v 11.924433 27.626417 -7.570673
v 8.822680 28.175182 -6.790638
v 10.314350 25.932926 -7.255388
v 8.177029 25.186932 -6.626961
v 7.157717 27.561317 -6.320007
v 6.079139 24.790415 -6.233946
v 5.450106 27.160976 -5.994387
v 4.027076 24.599945 -6.011807
v 3.713404 26.933130 -5.797840
v 1.951314 24.562082 -5.946426
v 2.002453 26.867990 -5.735075
v 10.364403 28.970709 -7.494067
v 12.263210 27.034281 -8.216682
v 11.825012 29.969580 -8.328617
v 14.177347 28.593502 -9.477930
v 13.059742 31.255167 -9.236115
v 15.776365 30.494486 -10.870016
v 13.909624 32.745186 -9.751728
v 16.803041 32.655991 -11.816948
v 14.412199 34.437027 -9.695400
v 17.283245 35.078133 -11.942402
v 14.578007 36.617043 -9.552204
v 17.050323 37.382263 -11.713101
v 5.591089 26.676107 -5.558161
v 5.450106 27.160976 -5.994387
v 3.713404 26.933130 -5.797840
v 3.785385 26.413576 -5.352358
v 3.785385 26.413576 -5.352358
v 3.713404 26.933130 -5.797840
v 2.002453 26.867990 -5.735075
v 1.951314 26.334677 -5.286978
v 5.591089 26.676107 -5.558161
v 3.785385 26.413576 -5.352358
v 3.968011 25.057093 -5.463610
v 5.956342 25.312183 -5.685946
v 7.157717 27.561317 -6.320007
v 7.400696 27.129519 -5.902290
v 9.201290 27.811300 -6.406717
v 8.822680 28.175182 -6.790638
v 9.201290 27.811300 -6.406717
v 7.400696 27.129519 -5.902290
v 7.978952 25.779312 -6.068216
v 10.042603 26.549166 -6.659510
v 10.364403 28.970709 -7.494067
v 10.860058 28.704351 -7.171744
v 12.450987 29.840668 -8.116219
v 11.825012 29.969580 -8.328617
v 12.450987 29.840668 -8.116219
v 10.860058 28.704351 -7.171744
v 11.924433 27.626417 -7.570673
v 13.758503 29.081596 -8.750319
v 3.785385 26.413576 -5.352358
v 1.951314 26.334677 -5.286978
v 1.951314 24.986803 -5.394724
v 3.968011 25.057093 -5.463610
v -0.686529 31.418322 -3.834534
v -0.255371 32.006233 -4.685786
v -2.795484 33.444073 -5.471974
v -3.292386 32.827469 -4.737126
v -5.373700 34.668739 -6.518608
v -5.917757 34.019707 -5.887686
v -8.567469 35.060547 -7.226021
v -7.986155 35.708572 -7.795265
v -10.675379 36.617081 -9.552204
v -11.280190 35.994606 -9.026012
v -13.147736 37.382263 -11.713101
v -13.739311 36.769691 -11.267944
v -15.583038 38.114059 -14.155443
v -16.136429 37.514236 -13.846076
v -17.949938 38.842194 -16.671055
v -18.460039 38.267838 -16.495312
v -20.306219 39.689499 -19.387039
v -20.930304 39.201889 -19.419266
v -22.789480 40.627823 -22.235550
v -23.280306 40.232994 -22.407352
v -24.860817 41.804523 -25.936121
v -25.842550 41.517929 -25.998201
v -28.868738 43.070759 -30.742104
v -27.513668 43.463535 -30.239491
v -29.196735 45.984417 -33.777229
v -30.676176 45.299252 -34.641674
v -29.501677 47.202927 -35.044628
v -31.364634 48.160717 -37.725685
v -29.871878 48.690052 -36.592827
v -29.665312 51.413074 -39.059235
v -31.087816 51.849659 -40.883244
v -28.877995 53.730042 -40.170563
v -30.093012 56.771725 -44.242096
v -28.393686 55.155399 -40.854073
v -3.292386 32.827469 -4.737126
v -4.680130 30.728933 -5.073247
v -2.192242 29.403837 -4.045043
v -0.686529 31.418322 -3.834534
v -5.917757 34.019707 -5.887686
v -7.167776 31.861506 -6.307494
v -8.567469 35.060547 -7.226021
v -9.664072 32.852936 -7.800492
v -11.280190 35.994606 -9.026012
v -12.259750 33.728653 -9.684214
v -13.739311 36.769691 -11.267944
v -14.623997 34.437790 -11.892632
v -16.136429 37.514236 -13.846076
v -17.020512 35.126133 -14.502389
v -19.331768 35.797977 -17.199699
v -18.460039 38.267838 -16.495312
v -21.926723 36.626816 -20.426262
v -20.930304 39.201889 -19.419266
v -23.280306 40.232994 -22.407352
v -24.340658 37.587910 -23.747980
v -25.842550 41.517929 -25.998201
v -27.108459 39.063599 -28.088568
v -28.868738 43.070759 -30.742104
v -30.186918 41.461639 -33.432896
v -30.676176 45.299252 -34.641674
v -32.121292 43.952305 -38.065430
v -32.794098 47.125351 -41.720490
v -31.364634 48.160717 -37.725685
v -31.087816 51.849659 -40.883244
v -32.219746 52.177578 -45.908146
v -30.093012 56.771725 -44.242096
v -31.252985 59.010155 -50.342079
v -2.192242 29.403837 -4.045043
v -4.680130 30.728933 -5.073247
v -5.162265 29.715414 -6.022393
v -2.754565 28.505110 -4.837433
v -7.167776 31.861506 -6.307494
v -7.492352 30.832218 -7.279171
v -9.664072 32.852936 -7.800492
v -9.853056 31.794718 -8.794985
v -12.259750 33.728653 -9.684214
v -12.356516 32.650879 -10.707791
v -14.623997 34.437790 -11.892632
v -14.595108 33.433853 -12.813770
v -17.020512 35.126133 -14.502389
v -16.919521 34.244583 -15.387316
v -19.331768 35.797977 -17.199699
v -19.139729 35.001083 -18.075413
v -21.926723 36.626816 -20.426262
v -21.672758 35.851768 -21.472328
v -24.036564 36.780594 -24.967461
v -24.340658 37.587910 -23.747980
v -27.108459 39.063599 -28.088568
v -26.918108 38.269279 -29.588123
v -30.186918 41.461639 -33.432896
v -29.943897 40.847214 -35.191044
v -32.121292 43.952305 -38.065430
v -31.842264 43.463131 -40.158813
v -32.507023 46.736160 -44.076931
v -32.794098 47.125351 -41.720490
v -32.219746 52.177578 -45.908146
v -31.689131 52.254261 -48.378128
v -31.252985 59.010155 -50.342079
v -30.717054 59.299683 -52.697632
v -2.754565 28.505110 -4.837433
v -5.162265 29.715414 -6.022393
v -2.795484 33.444073 -5.471974
v -0.255371 32.006233 -4.685786
v -5.373700 34.668739 -6.518608
v -7.492352 30.832218 -7.279171
v -7.986155 35.708572 -7.795265
v -9.853056 31.794718 -8.794985
v -10.675379 36.617081 -9.552204
v -12.356516 32.650879 -10.707791
v -13.147736 37.382263 -11.713101
v -14.595108 33.433853 -12.813770
v -15.583038 38.114059 -14.155443
v -16.919521 34.244583 -15.387316
v -17.949938 38.842194 -16.671055
v -19.139729 35.001083 -18.075413
v -20.306219 39.689499 -19.387039
v -21.672758 35.851768 -21.472328
v -22.789480 40.627823 -22.235550
v -24.036564 36.780594 -24.967461
v -26.918108 38.269279 -29.588123
v -19.938068 48.013351 -20.949478
v -20.239189 51.366894 -23.122450
v -29.943897 40.847214 -35.191044
v -31.842264 43.463131 -40.158813
v -32.507023 46.736160 -44.076931
v -20.456297 54.605553 -25.472292
v -31.689131 52.254261 -48.378128
v -24.476292 58.998241 -37.419174
v -27.596672 59.183815 -45.058384
v -30.717054 59.299683 -52.697632
v -20.672157 58.545799 -28.493010
v -5.995812 20.302088 -6.526132
v -6.204874 19.416473 -7.417576
v -3.370361 18.488255 -5.658705
v -3.184516 19.426815 -4.975071
v -8.883114 21.379900 -7.679627
v -6.204874 19.416473 -7.417576
v -9.097887 20.539959 -8.752012
v -11.800911 22.653057 -8.809343
v -12.058899 21.869318 -10.017479
v -14.395864 24.197956 -10.239134
v -14.694731 23.472681 -11.568134
v -16.607740 26.111372 -11.840445
v -16.933203 25.448938 -13.285320
v -3.370361 18.488255 -5.658705
v -2.709100 17.601074 -4.445019
v -19.667290 30.866455 -14.848892
v -20.025944 30.399162 -16.544191
v -18.689257 27.785582 -14.980865
v -18.340702 28.358366 -13.401119
v -16.607740 26.111372 -11.840445
v -18.340702 28.358366 -13.401119
v -18.689257 27.785582 -14.980865
v -16.933203 25.448938 -13.285320
v -14.395864 24.197956 -10.239134
v -12.642263 26.162630 -8.592398
v -14.665077 27.903759 -9.851913
v -16.607740 26.111372 -11.840445
v -14.665077 27.903759 -9.851913
v -16.227762 29.927376 -11.304075
v -18.340702 28.358366 -13.401119
v -16.607740 26.111372 -11.840445
v -12.642263 26.162630 -8.592398
v -11.898924 26.616722 -8.935118
v -13.802158 28.349558 -10.056469
v -14.665077 27.903759 -9.851913
v -13.802158 28.349558 -10.056469
v -15.187044 30.348997 -11.401762
v -16.227762 29.927376 -11.304075
v -14.665077 27.903759 -9.851913
v -19.667290 30.866455 -14.848892
v -17.420126 32.182907 -12.759251
v -18.489008 34.852654 -14.174072
v -20.813301 33.742451 -16.343578
v -17.420126 32.182907 -12.759251
v -16.229292 32.550491 -12.762190
v -17.327423 35.180450 -14.126799
v -18.489008 34.852654 -14.174072
v -6.987322 24.094915 -7.517078
v -4.451595 23.211840 -6.740305
v -6.204874 19.416473 -7.417576
v -9.097887 20.539959 -8.752012
v -3.370361 18.488255 -5.658705
v -1.897561 22.505875 -5.331555
v -9.600784 25.211473 -8.093363
v -12.058899 21.869318 -10.017479
v -11.898924 26.616722 -8.935118
v -9.600784 25.211473 -8.093363
v -14.694731 23.472681 -11.568134
v -13.802158 28.349558 -10.056469
v -11.898924 26.616722 -8.935118
v -14.694731 23.472681 -11.568134
v -16.933203 25.448938 -13.285320
v -15.187044 30.348997 -11.401762
v -13.802158 28.349558 -10.056469
v -16.933203 25.448938 -13.285320
v -18.689257 27.785582 -14.980865
v -23.569113 47.073376 -23.856012
v -23.860294 46.805161 -25.640755
v -23.450178 43.761436 -23.808735
v -23.135180 43.972870 -21.941313
v -23.846613 50.106243 -25.804432
v -24.051771 49.661686 -27.478489
v -22.566135 40.249931 -19.353037
v -23.135180 43.972870 -21.941313
v -22.741037 40.008606 -21.196281
v -24.002926 52.905025 -27.901236
v -24.180000 52.325920 -29.367638
v -24.051771 49.661686 -27.478489
v -23.846613 50.106243 -25.804432
v -24.002926 52.905025 -27.901236
v -24.030367 55.893276 -30.142561
v -24.128662 54.354694 -30.761337
v -24.156139 55.443893 -31.421875
v -24.128662 54.354694 -30.761337
v -24.030367 55.893276 -30.142561
v -25.405115 57.059525 -33.964886
v -24.378157 55.512730 -31.885944
v -24.156139 55.443893 -31.421875
v -21.712914 36.751987 -17.769911
v -19.334225 37.640251 -15.526973
v -20.098568 40.886528 -17.158222
v -22.566135 40.249931 -19.353037
v -20.098568 40.886528 -17.158222
v -23.135180 43.972870 -21.941313
v -20.689175 44.529327 -18.998646
v -20.813301 33.742451 -16.343578
v -18.489008 34.852654 -14.174072
v -21.712914 36.751987 -17.769911
v -23.135180 43.972870 -21.941313
v -21.004900 47.856911 -21.017237
v -23.569113 47.073376 -23.856012
v -21.004900 47.856911 -21.017237
v -21.311451 51.111877 -23.146791
v -23.846613 50.106243 -25.804432
v -21.545094 54.266335 -25.455193
v -21.807627 57.819645 -28.275900
v -24.030367 55.893276 -30.142561
v -25.721361 58.348408 -36.924126
v -25.405115 57.059525 -33.964886
v -26.605001 57.145302 -36.714783
v -28.280466 57.125389 -40.475742
v -27.808990 56.317112 -39.285553
v -28.487150 58.714066 -43.633141
v -30.093012 56.771725 -44.242096
v -31.252985 59.010155 -50.342079
v -28.393686 55.155399 -40.854073
v -30.093012 56.771725 -44.242096
v -24.002926 52.905025 -27.901236
v -21.545094 54.266335 -25.455193
v -23.846613 50.106243 -25.804432
v -21.311451 51.111877 -23.146791
v -19.334225 37.640251 -15.526973
v -18.252266 37.904758 -15.432264
v -19.029766 41.041676 -16.989433
v -20.098568 40.886528 -17.158222
v -19.605366 44.650951 -18.909367
v -20.689175 44.529327 -18.998646
v -20.098568 40.886528 -17.158222
v -20.689175 44.529327 -18.998646
v -19.938068 48.013351 -20.949478
v -21.004900 47.856911 -21.017237
v -20.239189 51.366894 -23.122450
v -21.311451 51.111877 -23.146791
v -21.311451 51.111877 -23.146791
v -20.456297 54.605553 -25.472292
v -21.545094 54.266335 -25.455193
v -21.807627 57.819645 -28.275900
v -20.672157 58.545799 -28.493010
v -27.596672 59.183815 -45.058384
v -30.717054 59.299683 -52.697632
v -31.252985 59.010155 -50.342079
v -28.487150 58.714066 -43.633141
v -24.476292 58.998241 -37.419174
v -25.721361 58.348408 -36.924126
v -21.807627 57.819645 -28.275900
v -20.672157 58.545799 -28.493010
v -21.712914 36.751987 -17.769911
v -22.036524 36.464348 -19.595451
v -21.150269 33.361748 -18.115164
v -20.813301 33.742451 -16.343578
v -18.489008 34.852654 -14.174072
v -17.327423 35.180450 -14.126799
v -18.252266 37.904758 -15.432264
v -19.334225 37.640251 -15.526973
v -22.566135 40.249931 -19.353037
v -22.741037 40.008606 -21.196281
v -22.036524 36.464348 -19.595451
v -21.712914 36.751987 -17.769911
v -20.151758 81.844986 -35.414677
v -21.416142 78.332954 -33.671497
v -19.723940 78.502510 -34.772366
v -20.212431 81.680145 -36.497158
v -20.150711 78.656807 -36.294979
v -21.267431 85.769058 -37.650814
v -21.534954 85.662766 -36.479012
v -22.257854 81.416924 -34.672222
v -23.149986 78.230919 -33.239899
v -22.745222 75.388237 -32.666462
v -23.853615 84.215630 -36.292000
v -24.226713 80.672218 -34.554935
v -25.031733 77.746048 -33.553772
v -26.160204 79.537674 -34.862934
v -26.671749 77.240250 -34.922321
v -27.829229 78.449753 -36.093399
v -24.466715 75.490517 -32.925938
v -26.372684 82.891785 -36.673870
v -26.117876 86.809616 -38.197124
v -23.517492 89.026840 -38.113113
v -28.316675 81.477158 -37.060043
v -28.718262 84.592232 -39.119110
v -27.994152 88.857574 -39.857742
v -30.820337 86.434860 -41.592590
v -30.245218 82.607079 -38.917572
v -27.829229 78.449753 -36.093399
v -27.461966 78.072433 -36.671253
v -26.328587 77.057274 -35.744282
v -25.685753 75.493980 -34.056175
v -24.338326 73.089493 -33.096855
v -25.341383 75.718773 -34.943317
v -29.374052 79.816101 -37.758404
v -30.930780 80.615280 -39.406586
v -32.922131 81.564545 -41.463276
v -32.356182 83.813965 -41.145180
v -30.991373 91.361923 -42.540329
v -27.964460 94.326355 -41.957241
v -25.117393 91.292953 -39.500134
v -31.789156 97.733887 -45.145580
v -34.813374 94.081436 -46.129890
v -33.978134 88.459091 -44.617378
v -37.819607 90.438164 -48.596451
v -38.603100 96.446648 -49.998924
v -41.546047 92.063034 -52.843651
v -42.359795 98.621094 -54.269901
v -45.572517 93.654816 -57.955666
v -45.792961 101.553337 -58.578743
v -47.998886 95.365234 -61.130444
v -42.496113 106.491692 -55.650726
v -39.147076 103.587418 -52.033401
v -35.660114 100.830368 -48.603413
v -45.037148 109.204582 -58.611214
v -48.441067 105.226227 -62.131691
v -50.062656 97.779259 -64.077774
v -51.844944 101.247910 -67.101433
v -50.496632 109.432220 -64.877686
v -53.529625 106.468361 -69.623001
v -54.300804 111.726784 -70.697021
v -51.922440 113.797119 -66.713043
v -54.484360 117.237679 -70.844208
v -52.927147 118.500298 -68.019028
v -51.363411 119.747742 -66.534683
v -49.560165 115.884460 -64.222824
v -47.463680 112.396179 -61.581516
v -54.631981 111.099678 -72.173447
v -54.813602 116.744972 -72.030014
v -49.041336 116.116463 -65.275482
v -50.852551 119.964363 -67.249214
v -53.884293 105.688492 -71.226074
v -46.989952 112.618309 -62.944237
v -51.998158 100.242363 -68.706886
v -44.570705 109.490723 -60.251873
v -42.078758 106.691986 -57.397686
v -38.814613 103.782471 -53.867714
v -35.397987 101.100784 -50.194824
v -31.522234 97.912415 -46.537228
v -27.618721 94.472000 -43.118664
v -24.816839 91.615120 -40.676041
v -23.103434 89.392136 -39.192337
v -25.181246 79.099472 -37.122368
v -24.422174 77.603539 -36.297310
v -26.328587 77.057274 -35.744282
v -27.461966 78.072433 -36.671253
v -29.396784 79.519165 -38.559803
v -23.043041 80.032722 -36.876774
v -22.324324 78.152710 -36.423489
v -20.150711 78.656807 -36.294979
v -20.212431 81.680145 -36.497158
v -25.231220 82.664047 -38.384377
v -21.267431 85.769058 -37.650814
v -27.814665 84.741455 -40.620880
v -23.103434 89.392136 -39.192337
v -24.816839 91.615120 -40.676041
v -30.953836 86.267052 -42.623936
v -27.618721 94.472000 -43.118664
v -34.120003 88.203918 -45.721138
v -31.522234 97.912415 -46.537228
v -37.847370 90.077217 -49.478157
v -35.397987 101.100784 -50.194824
v -41.604065 91.653854 -54.178123
v -38.814613 103.782471 -53.867714
v -45.753536 93.200356 -59.754688
v -42.078758 106.691986 -57.397686
v -48.092113 94.751938 -62.868271
v -30.798326 80.369171 -40.080925
v -32.578400 81.330177 -42.058552
v -34.122456 87.964241 -45.574886
v -35.284645 82.169998 -45.221020
v -37.857388 89.246323 -49.317459
v -38.754986 82.658936 -49.261898
v -41.673988 89.936302 -53.906944
v -42.873638 82.968086 -54.700134
v -45.603176 90.462097 -59.418930
v -46.871624 83.468857 -60.619019
v -49.213257 91.064163 -64.871849
v -50.849815 84.947739 -66.401749
v -52.796585 92.142014 -70.603401
v -54.264191 87.893539 -72.277542
v -56.066154 93.921494 -75.474686
v -56.903118 91.671600 -76.837601
v -59.366142 96.505501 -79.761238
v -19.821428 75.570419 -35.083778
v -21.017092 72.276871 -34.707176
v -20.389788 73.208755 -36.364899
v -20.554953 74.238930 -37.072994
v -20.329355 76.340202 -36.509872
v -21.392281 70.226784 -36.981136
v -22.931026 70.066566 -34.605141
v -21.101263 71.947868 -38.271793
v -22.013630 74.014946 -38.786522
v -22.787308 72.521988 -33.065834
v -21.065735 75.390053 -33.616688
v -23.375422 68.404015 -37.013367
v -24.612808 68.967545 -35.995380
v -22.119408 69.404579 -39.633507
v -24.053543 67.294174 -39.764187
v -22.401093 71.737518 -40.345581
v -23.539419 73.837784 -40.116364
v -25.101181 67.558594 -38.116608
v -23.601624 68.876663 -42.271954
v -25.233633 66.384995 -42.053719
v -25.942694 66.485771 -40.108398
v -25.091362 68.619431 -44.283138
v -24.100536 71.785202 -42.335686
v -25.167004 73.757767 -41.277786
v -26.015638 71.335617 -43.979401
v -27.087900 73.344673 -42.441017
v -24.160004 74.881439 -39.182110
v -22.742687 74.992249 -38.457195
v -26.944101 65.316513 -43.773197
v -27.285213 65.412148 -41.707016
v -27.183701 67.765282 -45.662514
v -27.997252 70.449318 -45.208340
v -28.943174 72.625427 -43.405895
v -25.555593 74.673546 -39.859989
v -27.045614 74.381927 -40.450878
v -29.092930 73.777275 -41.232563
v -31.136984 71.424576 -44.270584
v -30.191866 69.198578 -46.000927
v -29.194080 66.626114 -46.312508
v -28.483047 64.317268 -44.439171
v -28.561184 64.505455 -42.349930
v -29.610432 63.641998 -42.306351
v -32.221275 67.597992 -46.128792
v -30.903219 65.265335 -46.312988
v -29.708363 63.324509 -44.422913
v -31.668852 72.443237 -41.967171
v -33.264526 69.733345 -44.522053
v -33.556271 70.910248 -42.192608
v -33.728718 65.944977 -45.848316
v -34.894161 67.897224 -44.350449
v -35.037560 69.080322 -42.023422
v -32.116985 63.927788 -45.975178
v -30.529600 62.418053 -44.130966
v -30.309877 62.898216 -41.992237
v -31.080538 61.431694 -43.600388
v -32.974072 62.432457 -45.357933
v -34.830433 64.077911 -45.243103
v -30.791208 62.108810 -41.458443
v -31.220755 60.689445 -43.089203
v -30.924990 61.551155 -40.997589
v -33.298325 61.159710 -44.716427
v -35.335258 62.382290 -44.548164
v -31.281992 59.998764 -42.505035
v -33.300133 59.848488 -43.960854
v -35.461597 60.643257 -43.704357
v -33.074940 58.406425 -43.105297
v -35.351677 58.813774 -42.722748
v -30.905031 61.016434 -40.592785
v -36.735317 63.847286 -43.175228
v -36.105358 65.815422 -43.838661
v -36.126198 67.036591 -41.544907
v -36.707272 65.049667 -40.923840
v -36.962963 61.875004 -42.319794
v -36.898388 59.835976 -41.245079
v -30.787825 60.409691 -40.175388
v -31.378878 59.013695 -41.765797
v -31.526339 57.552364 -40.893543
v -32.743000 56.852150 -42.230831
v -35.042873 57.058239 -41.644691
v -31.903059 54.454918 -40.588722
v -34.289875 54.418579 -39.990067
v -31.852644 52.269630 -39.412334
v -36.540821 57.894001 -40.043297
v -36.353848 59.309143 -37.772800
v -36.792408 61.165985 -39.000610
v -35.567738 55.327206 -38.132339
v -35.443974 56.831676 -35.922112
v -34.306252 53.003639 -36.470718
v -34.307980 54.577427 -34.257469
v -32.610146 50.958138 -35.476753
v -32.949207 52.463768 -33.014412
v -31.338480 49.739300 -35.286079
v -31.360453 50.135174 -33.339794
v -31.608217 51.463482 -31.655718
v -33.180557 52.168964 -38.481537
v -31.739504 50.488274 -37.465927
v -36.904743 63.147713 -40.089809
v -36.707272 65.049667 -40.923840
v -24.302877 70.782707 -34.227699
v -25.140772 73.524757 -33.891495
v -24.780708 71.991447 -35.031673
v -24.868179 74.105713 -34.811951
v -26.671749 77.240250 -34.922321
v -20.329355 76.340202 -36.509872
v -21.056440 75.269104 -37.393185
v -22.110153 76.312439 -36.348328
v -22.386568 74.866676 -36.583252
v -23.919842 75.982071 -35.701550
v -23.954767 74.452415 -35.698849
v -23.354700 73.710205 -37.146503
v -25.341383 75.718773 -34.943317
v -23.954767 74.452415 -35.698849
v -24.868179 74.105713 -34.811951
v -24.553299 72.868324 -37.878777
v -24.160004 74.881439 -39.182110
v -25.555593 74.673546 -39.859989
v -25.701284 72.167351 -39.092468
v -24.760592 70.868042 -36.705086
v -27.045614 74.381927 -40.450878
v -24.369951 72.773415 -36.073517
v -24.780708 71.991447 -35.031673
v -24.612808 68.967545 -35.995380
v -25.682413 70.014221 -38.407867
v -26.776443 69.208717 -39.881996
v -25.101181 67.558594 -38.116608
v -26.939997 71.383980 -40.133022
v -28.702650 70.459702 -41.008011
v -28.132158 68.240860 -41.007648
v -30.300539 69.321609 -40.763302
v -31.293058 71.785484 -41.164528
v -29.117109 73.201996 -41.087597
v -32.782475 70.354042 -40.922474
v -31.668852 72.443237 -41.967171
v -25.942694 66.485771 -40.108398
v -27.045614 74.381927 -40.450878
v -29.092930 73.777275 -41.232563
v -29.561466 67.142052 -41.677925
v -27.285213 65.412148 -41.707016
v -31.425070 68.218376 -40.421349
v -33.720028 68.722641 -40.322247
v -33.556271 70.910248 -42.192608
v -28.561184 64.505455 -42.349930
v -30.546335 65.687874 -41.257347
v -29.610432 63.641998 -42.306351
v -32.174641 66.969398 -39.888355
v -32.634087 65.684578 -39.138733
v -31.051165 64.763962 -40.563858
v -31.240351 63.898865 -39.625137
v -30.309877 62.898216 -41.992237
v -30.791208 62.108810 -41.458443
v -31.074945 63.199581 -38.899178
v -30.924990 61.551155 -40.997589
v -30.905031 61.016434 -40.592785
v -30.807863 62.484566 -38.302933
v -32.810917 64.604836 -38.301487
v -34.472099 67.000778 -39.691967
v -30.787825 60.409691 -40.175388
v -30.319815 61.660347 -37.854759
v -32.856506 63.619831 -37.542454
v -35.039776 65.344315 -39.007610
v -36.126198 67.036591 -41.544907
v -30.319815 61.660347 -37.854759
v -35.037560 69.080322 -42.023422
v -36.707272 65.049667 -40.923840
v -35.369137 63.762909 -38.193214
v -32.848259 62.342651 -36.496990
v -36.904743 63.147713 -40.089809
v -35.403942 62.104702 -37.077301
v -32.692062 61.075459 -35.491035
v -30.607374 60.855648 -35.909924
v -31.000711 59.573364 -33.833435
v -35.052044 60.561897 -35.854439
v -36.353848 59.309143 -37.772800
v -36.792408 61.165985 -39.000610
v -34.096466 58.560608 -34.122807
v -32.209324 59.256355 -33.807243
v -31.522638 57.549984 -32.112385
v -32.985863 56.538158 -32.478283
v -34.307980 54.577427 -34.257469
v -35.443974 56.831676 -35.922112
v -31.899157 54.452377 -31.030788
v -32.949207 52.463768 -33.014412
v -31.608217 51.463482 -31.655718
v -53.517193 122.720253 -68.890442
v -54.093433 127.748108 -70.010696
v -54.341885 122.040489 -70.511383
v -52.692455 123.400108 -68.235657
v -52.359268 123.605721 -68.694458
v -54.565716 121.676041 -71.233521
v -49.441109 90.947357 -63.140541
v -50.962509 88.043121 -64.085861
v -47.282383 86.976898 -58.451965
v -45.806805 90.267029 -57.899216
v -47.638462 83.677467 -59.867188
v -43.510475 83.154137 -53.888878
v -43.259048 86.394547 -52.952812
v -39.602737 82.960419 -48.783184
v -39.345074 85.900826 -48.274532
v -35.812969 82.453331 -44.540649
v -35.525570 85.067322 -44.225529
v -51.356091 85.138855 -65.868790
v -54.520771 90.077202 -69.977631
v -54.748783 88.114624 -71.752838
v -57.305996 92.848663 -75.268402
v -57.389683 91.823883 -76.405640
v -59.366142 96.505501 -79.761238
v -56.403484 93.873245 -74.542404
v -53.164932 92.039703 -69.040070
v -34.218941 87.815094 -44.592751
v -37.941319 89.091980 -48.440300
v -41.865067 89.790604 -52.862244
v -31.060217 86.149155 -41.626793
v -56.903118 91.671600 -76.837601
v -54.264191 87.893539 -72.277542
v -50.849815 84.947739 -66.401749
v -46.871624 83.468857 -60.619019
v -42.873638 82.968086 -54.700134
v -38.754986 82.658936 -49.261898
v -35.284645 82.169998 -45.221020
v -32.578400 81.330177 -42.058552
v -30.798326 80.369171 -40.080925
v -29.396784 79.519165 -38.559803
v -30.953836 86.267052 -42.623936
v -34.120003 88.203918 -45.721138
v -37.847370 90.077217 -49.478157
v -41.604065 91.653854 -54.178123
v -45.753536 93.200356 -59.754688
v -48.092113 94.751938 -62.868271
v -50.157894 96.979141 -65.735336
v -30.820337 86.434860 -41.592590
v -28.718262 84.592232 -39.119110
v -49.041336 116.116463 -65.275482
v -54.631981 111.099678 -72.173447
v -54.813602 116.744972 -72.030014
v -50.852551 119.964363 -67.249214
v -46.989952 112.618309 -62.944237
v -53.884293 105.688492 -71.226074
v -51.998158 100.242363 -68.706886
v -44.570705 109.490723 -60.251873
v -50.157894 96.979141 -65.735336
v -54.565716 121.676041 -71.233521
v -52.359268 123.605721 -68.694458
v -54.093433 127.748108 -70.010696
v -56.066154 93.921494 -75.474686
v -59.366142 96.505501 -79.761238
v -56.403484 93.873245 -74.542404
v -52.796585 92.142014 -70.603401
v -53.164932 92.039703 -69.040070
v -49.213257 91.064163 -64.871849
v -49.441109 90.947357 -63.140541
v -45.603176 90.462097 -59.418930
v -45.806805 90.267029 -57.899216
v -41.673988 89.936302 -53.906944
v -41.865067 89.790604 -52.862244
v -37.857388 89.246323 -49.317459
v -37.941319 89.091980 -48.440300
v -34.122456 87.964241 -45.574886
v -34.218941 87.815094 -44.592751
v -31.060217 86.149155 -41.626793
v -30.953836 86.267052 -42.623936
v -28.718262 84.592232 -39.119110
v -3.184516 19.426815 -4.975071
v -2.255733 21.902231 -4.891264
v -4.886012 22.644001 -6.105034
v -5.995812 20.302088 -6.526132
v -4.451595 23.211840 -6.740305
v -1.897561 22.505875 -5.331555
v -7.546750 23.582081 -6.898106
v -8.883114 21.379900 -7.679627
v -6.987322 24.094915 -7.517078
v -7.546750 23.582081 -6.898106
v -10.245388 24.736057 -7.601452
v -11.800911 22.653057 -8.809343
v -9.600784 25.211473 -8.093363
v -10.245388 24.736057 -7.601452
v -0.399614 21.139780 -3.714191
v -11.800911 22.653057 -8.809343
v -10.245388 24.736057 -7.601452
v -12.642263 26.162630 -8.592398
v -14.395864 24.197956 -10.239134
v -10.245388 24.736057 -7.601452
v -9.600784 25.211473 -8.093363
v -11.898924 26.616722 -8.935118
v -12.642263 26.162630 -8.592398
v -20.813301 33.742451 -16.343578
v -21.150269 33.361748 -18.115164
v -20.025944 30.399162 -16.544191
v -19.667290 30.866455 -14.848892
v -18.340702 28.358366 -13.401119
v -16.227762 29.927376 -11.304075
v -17.420126 32.182907 -12.759251
v -19.667290 30.866455 -14.848892
v -16.227762 29.927376 -11.304075
v -15.187044 30.348997 -11.401762
v -16.229292 32.550491 -12.762190
v -17.420126 32.182907 -12.759251
v -16.229292 32.550491 -12.762190
v -15.187044 30.348997 -11.401762
v -18.689257 27.785582 -14.980865
v -20.025944 30.399162 -16.544191
v -20.025944 30.399162 -16.544191
v -21.150269 33.361748 -18.115164
v -17.327423 35.180450 -14.126799
v -16.229292 32.550491 -12.762190
v -21.150269 33.361748 -18.115164
v -22.036524 36.464348 -19.595451
v -18.252266 37.904758 -15.432264
v -17.327423 35.180450 -14.126799
v -19.029766 41.041676 -16.989433
v -18.252266 37.904758 -15.432264
v -22.036524 36.464348 -19.595451
v -22.741037 40.008606 -21.196281
v -19.605366 44.650951 -18.909367
v -22.741037 40.008606 -21.196281
v -22.789480 40.627823 -22.235550
v -19.938068 48.013351 -20.949478
v -23.860294 46.805161 -25.640755
v -27.513668 43.463535 -30.239491
v -24.860817 41.804523 -25.936121
v -23.450178 43.761436 -23.808735
v -22.789480 40.627823 -22.235550
v -24.051771 49.661686 -27.478489
v -29.196735 45.984417 -33.777229
v -28.372967 46.955521 -33.026081
v -29.501677 47.202927 -35.044628
v -27.102949 47.964573 -31.556461
v -25.883467 49.775311 -30.724041
v -24.972267 51.725739 -30.695190
v -24.180000 52.325920 -29.367638
v -24.128662 54.354694 -30.761337
v -22.789480 40.627823 -22.235550
v -22.741037 40.008606 -21.196281
v -23.450178 43.761436 -23.808735
v -30.013826 47.798119 -35.077621
v -29.871878 48.690052 -36.592827
v -29.501677 47.202927 -35.044628
v -28.372967 46.955521 -33.026081
v -29.279902 47.866035 -33.068008
v -27.915533 48.972466 -31.589495
v -27.102949 47.964573 -31.556461
v -31.535593 49.969803 -37.599468
v -31.132761 49.133278 -35.186539
v -29.665312 51.413074 -39.059235
v -31.642134 51.948475 -39.697517
v -31.156256 49.616619 -32.949955
v -29.554989 50.261387 -30.954828
v -31.397345 51.142086 -31.198608
v -29.787666 53.328018 -30.612549
v -31.674685 54.329060 -30.583094
v -28.877995 53.730042 -40.170563
v -31.678991 54.331795 -40.989826
v -29.132158 57.009232 -41.128113
v -31.267187 57.717724 -41.343170
v -28.725704 59.739895 -40.177441
v -30.459829 60.841251 -40.579510
v -29.670584 54.756516 -30.876608
v -29.263042 57.009193 -31.752485
v -31.263083 57.715191 -31.765440
v -28.744576 58.968880 -33.380875
v -30.706835 59.871662 -33.599751
v -28.337559 60.245491 -35.518921
v -30.257772 61.343422 -35.945129
v -25.906965 53.386955 -30.726894
v -24.156139 55.443893 -31.421875
v -24.128662 54.354694 -30.761337
v -28.023283 61.100082 -37.600471
v -29.948244 62.208469 -38.042736
v -30.459829 60.841251 -40.579510
v -28.725704 59.739895 -40.177441
v -24.972267 51.725739 -30.695190
v -25.990976 52.241955 -30.764114
v -25.883467 49.775311 -30.724041
v -26.688086 50.535545 -30.814365
v -29.374012 50.335903 -31.380795
v -29.092085 48.306084 -33.101521
v -28.068748 49.182045 -31.848644
v -26.936335 50.667362 -31.192493
v -29.677946 53.097706 -31.034491
v -26.298491 52.274502 -31.125584
v -26.246628 53.099480 -31.027935
v -29.104034 56.728672 -32.149845
v -29.435892 54.972977 -31.423401
v -24.378157 55.512730 -31.885944
v -28.670462 58.565800 -33.654228
v -25.405115 57.059525 -33.964886
v -28.314947 59.655239 -35.535416
v -28.044407 60.307213 -37.453938
v -26.605001 57.145302 -36.714783
v -28.602747 59.289833 -39.834278
v -27.808990 56.317112 -39.285553
v -28.925310 56.616341 -40.706451
v -28.877995 53.730042 -40.170563
v -31.852644 52.269630 -39.412334
v -31.642134 51.948475 -39.697517
v -31.535593 49.969803 -37.599468
v -31.739504 50.488274 -37.465927
v -31.132761 49.133278 -35.186539
v -31.338480 49.739300 -35.286079
v -31.156256 49.616619 -32.949955
v -31.360453 50.135174 -33.339794
v -31.397345 51.142086 -31.198608
v -31.608217 51.463482 -31.655718
v -31.903059 54.454918 -40.588722
v -31.678991 54.331795 -40.989826
v -31.526339 57.552364 -40.893543
v -31.267187 57.717724 -41.343170
v -30.787825 60.409691 -40.175388
v -30.459829 60.841251 -40.579510
v -31.397345 51.142086 -31.198608
v -31.674685 54.329060 -30.583094
v -31.899157 54.452377 -31.030788
v -30.319815 61.660347 -37.854759
v -29.948244 62.208469 -38.042736
v -30.459829 60.841251 -40.579510
v -30.787825 60.409691 -40.175388
v -30.257772 61.343422 -35.945129
v -30.607374 60.855648 -35.909924
v -30.706835 59.871662 -33.599751
v -31.000711 59.573364 -33.833435
v -31.000711 59.573364 -33.833435
v -31.263083 57.715191 -31.765440
v -31.522638 57.549984 -32.112385
v -31.899157 54.452377 -31.030788
v -31.674685 54.329060 -30.583094
v -29.435892 54.972977 -31.423401
v -29.670584 54.756516 -30.876608
v -24.156139 55.443893 -31.421875
v -24.378157 55.512730 -31.885944
v -29.104034 56.728672 -32.149845
v -29.263042 57.009193 -31.752485
v -29.670584 54.756516 -30.876608
v -29.435892 54.972977 -31.423401
v -28.744576 58.968880 -33.380875
v -28.670462 58.565800 -33.654228
v -28.337559 60.245491 -35.518921
v -28.314947 59.655239 -35.535416
v -28.044407 60.307213 -37.453938
v -28.023283 61.100082 -37.600471
v -28.602747 59.289833 -39.834278
v -28.725704 59.739895 -40.177441
v -28.602747 59.289833 -39.834278
v -28.925310 56.616341 -40.706451
v -29.132158 57.009232 -41.128113
v -28.725704 59.739895 -40.177441
v -28.877995 53.730042 -40.170563
v -28.068748 49.182045 -31.848644
v -27.915533 48.972466 -31.589495
v -26.688086 50.535545 -30.814365
v -26.936335 50.667362 -31.192493
v -29.092085 48.306084 -33.101521
v -29.279902 47.866035 -33.068008
v -28.068748 49.182045 -31.848644
v -29.374012 50.335903 -31.380795
v -29.554989 50.261387 -30.954828
v -29.279902 47.866035 -33.068008
v -29.092085 48.306084 -33.101521
v -29.677946 53.097706 -31.034491
v -29.787666 53.328018 -30.612549
v -26.246628 53.099480 -31.027935
v -25.906965 53.386955 -30.726894
v -29.787666 53.328018 -30.612549
v -29.677946 53.097706 -31.034491
v -26.298491 52.274502 -31.125584
v -25.990976 52.241955 -30.764114
v -25.906965 53.386955 -30.726894
v -26.246628 53.099480 -31.027935
v -26.936335 50.667362 -31.192493
v -26.688086 50.535545 -30.814365
v -3.370361 18.488255 -5.658705
v -1.897561 22.505875 -5.331555
v -0.399614 21.139780 -3.714191
v -2.709100 17.601074 -4.445019
v -21.056440 75.269104 -37.393185
v -21.056440 75.269104 -37.393185
v -22.742687 74.992249 -38.457195
v -24.553299 72.868324 -37.878777
v -23.354700 73.710205 -37.146503
v -24.369951 72.773415 -36.073517
v -23.954767 74.452415 -35.698849
v -23.354700 73.710205 -37.146503
v -24.780708 71.991447 -35.031673
v -24.868179 74.105713 -34.811951
v -23.954767 74.452415 -35.698849
v -3.498107 27.129519 -5.902290
v -1.688460 26.676107 -5.558161
v -1.547517 27.160976 -5.994387
v -3.255088 27.561317 -6.320007
v -6.957468 28.704351 -7.171744
v -5.298662 27.811300 -6.406717
v -4.920091 28.175182 -6.790638
v -6.461773 28.970709 -7.494067
v -10.006996 32.745186 -9.751728
v -10.612532 32.807274 -9.851593
v -9.852573 31.283173 -9.182928
v -9.157112 31.255167 -9.236115
v -12.405924 32.794235 -11.074455
v -11.406368 30.821795 -10.114971
v -9.855873 29.081596 -8.750319
v -8.548397 29.840668 -8.116219
v -11.406368 30.821795 -10.114971
v -7.922423 29.969580 -8.328617
v -9.157112 31.255167 -9.236115
v -8.548397 29.840668 -8.116219
v -11.406368 30.821795 -10.114971
v -11.873777 30.494486 -10.870016
v -10.274719 28.593502 -9.477930
v -9.855873 29.081596 -8.750319
v -9.855873 29.081596 -8.750319
v -8.360580 27.034281 -8.216682
v -8.021843 27.626417 -7.570673
v -4.076364 25.779312 -6.068216
v -4.274401 25.186932 -6.626961
v -2.176550 24.790415 -6.233946
v -2.053753 25.312183 -5.685946
v -0.124447 24.599945 -6.011807
v -0.065422 25.057093 -5.463610
v -2.176550 24.790415 -6.233946
v 1.951314 24.986803 -5.394724
v 1.951314 24.562082 -5.946426
v -8.021843 27.626417 -7.570673
v -8.360580 27.034281 -8.216682
v -6.411762 25.932926 -7.255388
v -6.140015 26.549166 -6.659510
v -6.411762 25.932926 -7.255388
v -4.274401 25.186932 -6.626961
v -4.076364 25.779312 -6.068216
v -12.405924 32.794235 -11.074455
v -12.900412 32.656029 -11.816948
v -11.873777 30.494486 -10.870016
v -11.406368 30.821795 -10.114971
v -13.005465 35.038177 -11.412829
v -13.380617 35.078133 -11.942402
v -12.405924 32.794235 -11.074455
v -13.005465 35.038177 -11.412829
v -13.147736 37.382263 -11.713101
v -3.498107 27.129519 -5.902290
v -4.076364 25.779312 -6.068216
v -2.053753 25.312183 -5.685946
v -1.688460 26.676107 -5.558161
v -6.957468 28.704351 -7.171744
v -8.021843 27.626417 -7.570673
v -6.140015 26.549166 -6.659510
v -5.298662 27.811300 -6.406717
v -4.920091 28.175182 -6.790638
v -3.255088 27.561317 -6.320007
v -4.274401 25.186932 -6.626961
v -6.411762 25.932926 -7.255388
v -2.176550 24.790415 -6.233946
v -1.547517 27.160976 -5.994387
v -0.124447 24.599945 -6.011807
v 0.138086 26.935059 -5.799610
v 1.951314 24.562082 -5.946426
v 2.002453 26.867990 -5.735075
v -6.461773 28.970709 -7.494067
v -8.360580 27.034281 -8.216682
v -7.922423 29.969580 -8.328617
v -10.274719 28.593502 -9.477930
v -9.157112 31.255167 -9.236115
v -11.873777 30.494486 -10.870016
v -10.006996 32.745186 -9.751728
v -12.900412 32.656029 -11.816948
v -10.509571 34.437027 -9.695400
v -13.380617 35.078133 -11.942402
v -10.675379 36.617081 -9.552204
v -13.147736 37.382263 -11.713101
v -1.688460 26.676107 -5.558161
v 0.117204 26.413576 -5.352358
v 0.138086 26.935059 -5.799610
v -1.547517 27.160976 -5.994387
v 0.117204 26.413576 -5.352358
v 1.951314 26.334677 -5.286978
v 2.002453 26.867990 -5.735075
v 0.138086 26.935059 -5.799610
v -1.688460 26.676107 -5.558161
v -2.053753 25.312183 -5.685946
v -0.065422 25.057093 -5.463610
v 0.117204 26.413576 -5.352358
v -3.255088 27.561317 -6.320007
v -4.920091 28.175182 -6.790638
v -5.298662 27.811300 -6.406717
v -3.498107 27.129519 -5.902290
v -5.298662 27.811300 -6.406717
v -6.140015 26.549166 -6.659510
v -4.076364 25.779312 -6.068216
v -3.498107 27.129519 -5.902290
v -6.461773 28.970709 -7.494067
v -7.922423 29.969580 -8.328617
v -8.548397 29.840668 -8.116219
v -6.957468 28.704351 -7.171744
v -8.548397 29.840668 -8.116219
v -9.855873 29.081596 -8.750319
v -8.021843 27.626417 -7.570673
v -6.957468 28.704351 -7.171744
v -10.509571 34.437027 -9.695400
v -10.925318 34.520836 -9.873158
v -10.612532 32.807274 -9.851593
v -10.006996 32.745186 -9.751728
v -12.405924 32.794235 -11.074455
v -13.005465 35.038177 -11.412829
v -10.509571 34.437027 -9.695400
v -10.675379 36.617081 -9.552204
v -13.005465 35.038177 -11.412829
v -13.147736 37.382263 -11.713101
v 0.117204 26.413576 -5.352358
v -0.065422 25.057093 -5.463610
v 1.951314 24.986803 -5.394724
v 1.951314 26.334677 -5.286978
v -29.117109 73.201996 -41.087597
v -31.051165 64.763962 -40.563858
v 46.331596 55.340042 -38.917160
v 47.494305 53.860447 -40.620789
v 47.885269 55.106640 -43.100067
v 47.183971 57.845596 -40.677402
v 44.982399 53.281906 -38.362041
v 46.807858 50.897903 -40.090496
v 47.904419 51.879837 -42.498272
v 47.153275 47.745934 -40.156116
v 49.023151 49.611111 -42.128517
v 43.984287 56.180233 -37.355564
v 41.384464 56.317112 -36.035374
v 42.444172 54.111710 -35.779598
v 40.100002 55.684212 -33.289139
v 40.032085 52.635815 -33.169762
v 38.943249 54.396576 -31.182598
v 38.826687 57.553207 -33.814445
v 37.122375 56.470848 -30.126589
v 37.233143 52.561817 -30.106190
v 36.186913 50.323952 -30.056177
v 38.757122 49.906876 -31.629606
v 36.488674 48.005898 -28.974945
v 39.143295 46.700428 -31.740091
v 37.528870 45.730572 -29.022299
v 34.219463 47.784565 -28.363132
v 35.177940 44.588017 -27.188633
v 38.157017 43.756527 -30.297911
v 39.348534 42.326408 -32.566479
v 40.832119 44.184143 -33.265038
v 41.587891 41.436737 -33.597256
v 43.536388 43.678307 -36.005962
v 38.245049 42.153278 -31.410646
v 35.348095 49.595417 -29.337383
v 35.551521 51.869900 -29.866995
v 32.204334 43.408653 -27.223436
v 36.260586 42.220512 -29.967579
v 42.591961 48.808544 -36.382160
v 46.063187 44.852077 -38.741295
v 46.505852 43.165154 -40.236668
v 45.466301 41.932869 -37.661911
v 44.148407 41.311440 -35.393265
v 41.587891 41.436737 -33.597256
v 40.547619 39.386360 -34.089733
v 44.079201 38.532818 -35.743671
v 47.877422 44.676491 -41.196510
v 49.441757 47.331554 -41.545830
v 48.947147 43.620289 -43.320477
v 51.056503 46.874008 -44.221577
v 47.527016 43.041145 -41.393745
v 46.463203 41.864353 -39.964317
v 42.802948 35.758980 -37.588402
v 45.644825 40.055912 -39.271111
v 42.802948 35.758980 -37.588402
v 51.217926 46.231812 -48.199123
v 49.622776 49.974312 -44.829487
v 48.618793 51.347851 -43.372578
v 47.494305 53.860447 -40.620789
v 48.227100 53.018528 -42.856205
v 46.782066 60.127193 -43.722622
v 43.417137 58.213341 -38.760487
v 41.929970 57.163128 -36.718925
v 43.984287 56.180233 -37.355564
v 40.665947 56.815620 -35.200863
v 34.586205 58.183403 -30.726414
v 35.153881 53.490482 -29.770674
v 39.584793 40.990250 -32.970596
v 47.885269 55.106640 -43.100067
v 44.679790 54.997524 -40.370369
v 45.999577 57.586685 -41.699249
v 46.782066 60.127193 -43.722622
v 43.417137 58.213341 -38.760487
v 48.227100 53.018528 -42.856205
v 47.904419 51.879837 -42.498272
v 40.413998 48.782593 -39.092468
v 47.676006 47.119038 -42.895554
v 41.384464 56.317112 -36.035374
v 37.527180 54.077473 -32.882202
v 36.186913 50.323952 -30.056177
v 36.163174 45.682648 -30.790508
v 39.348534 42.326408 -32.566479
v 42.467632 41.399399 -36.880146
v 46.505852 43.165154 -40.236668
v 39.584793 40.990250 -32.970596
v 47.527016 43.041145 -41.393745
v 40.665947 56.815620 -35.200863
v 35.348095 49.595417 -29.337383
v 40.547619 39.386360 -34.089733
v 42.949688 38.631271 -36.844780
v 42.802948 35.758980 -37.588402
v 45.644825 40.055912 -39.271111
v 46.463203 41.864353 -39.964317
v 38.245049 42.153278 -31.410646
v 36.260586 42.220512 -29.967579
v 34.138348 44.616787 -28.368845
v 34.219463 47.784565 -28.363132
v 32.204334 43.408653 -27.223436
v 48.947147 43.620289 -43.320477
v 49.792763 46.727192 -45.279797
v 51.217926 46.231812 -48.199123
v 49.622776 49.974312 -44.829487
v 48.618793 51.347851 -43.372578
v 47.676006 47.119038 -42.895554
v 38.826687 57.553207 -33.814445
v 36.058765 56.336460 -31.270670
v 34.586205 58.183403 -30.726414
v 35.153881 53.490482 -29.770674
v 35.551521 51.869900 -29.866995
v 41.929970 57.163128 -36.718925
v 43.417137 58.213341 -38.760487
v 41.929970 57.163128 -36.718925
v 38.245049 42.153278 -31.410646
v 47.527016 43.041145 -41.393745
v -42.428959 55.340042 -38.917202
v -43.281338 57.845596 -40.677444
v -43.982632 55.106678 -43.100109
v -43.591667 53.860447 -40.620789
v -41.079762 53.281906 -38.362041
v -42.905262 50.897903 -40.090496
v -44.001785 51.879837 -42.498272
v -43.250637 47.745934 -40.156116
v -45.120560 49.611111 -42.128555
v -40.081654 56.180187 -37.355564
v -37.481834 56.317112 -36.035374
v -38.541542 54.111710 -35.779598
v -36.197372 55.684212 -33.289177
v -36.129456 52.635815 -33.169762
v -35.040619 54.396576 -31.182598
v -34.924057 57.553207 -33.814445
v -33.219746 56.470848 -30.126633
v -33.330513 52.561817 -30.106190
v -32.284283 50.323952 -30.056177
v -34.854492 49.906837 -31.629606
v -32.586044 48.005898 -28.974945
v -35.240669 46.700390 -31.740135
v -33.626240 45.730522 -29.022299
v -30.316835 47.784565 -28.363171
v -31.275354 44.588017 -27.188633
v -34.254387 43.756527 -30.297911
v -35.445904 42.326408 -32.566479
v -36.929489 44.184143 -33.265076
v -37.685265 41.436737 -33.597298
v -39.633759 43.678307 -36.006004
v -40.245773 41.311440 -35.393265
v -36.644989 39.386360 -34.089733
v -40.176571 38.532818 -35.743671
v -41.563667 41.932869 -37.661911
v -42.603218 43.165154 -40.236710
v -42.160553 44.852077 -38.741295
v -43.974827 44.676491 -41.196510
v -45.539124 47.331516 -41.545830
v -45.044510 43.620289 -43.320518
v -47.153873 46.874008 -44.221619
v -35.682163 40.990292 -32.970596
v -43.624382 43.041145 -41.393745
v -42.560566 41.864353 -39.964355
v -38.900314 35.759018 -37.588402
v -41.742191 40.055950 -39.271149
v -38.900314 35.759018 -37.588402
v -47.315334 46.231812 -48.199165
v -45.720139 49.974312 -44.829487
v -44.716156 51.347851 -43.372620
v -34.342422 42.153278 -31.410646
v -32.357952 42.220512 -29.967623
v -28.301750 43.408653 -27.223478
v -34.342422 42.153278 -31.410646
v -31.445467 49.595417 -29.337421
v -31.648897 51.869900 -29.866995
v -31.251253 53.490482 -29.770674
v -30.683580 58.183403 -30.726452
v -36.763359 56.815620 -35.200863
v -38.027340 57.163128 -36.718925
v -39.514500 58.213341 -38.760487
v -42.879429 60.127193 -43.722622
v -40.081654 56.180187 -37.355564
v -44.324471 53.018528 -42.856205
v -38.689362 48.808544 -36.382160
v -40.777153 54.997524 -40.370369
v -43.982632 55.106678 -43.100109
v -42.096939 57.586639 -41.699249
v -42.879429 60.127193 -43.722622
v -39.514500 58.213341 -38.760487
v -44.324471 53.018528 -42.856205
v -44.001785 51.879837 -42.498272
v -36.511368 48.782593 -39.092468
v -43.773369 47.119038 -42.895592
v -37.481834 56.317112 -36.035374
v -33.624550 54.077473 -32.882202
v -32.284283 50.323952 -30.056177
v -32.260586 45.682648 -30.790508
v -35.445904 42.326408 -32.566479
v -38.564995 41.399399 -36.880146
v -42.603218 43.165154 -40.236710
v -35.682163 40.990292 -32.970596
v -43.624382 43.041145 -41.393745
v -36.763359 56.815620 -35.200863
v -31.445467 49.595417 -29.337421
v -36.644989 39.386360 -34.089733
v -39.047050 38.631310 -36.844780
v -38.900314 35.759018 -37.588402
v -41.742191 40.055950 -39.271149
v -42.560566 41.864353 -39.964355
v -34.342422 42.153278 -31.410646
v -32.357952 42.220512 -29.967623
v -30.235762 44.616787 -28.368845
v -30.316835 47.784565 -28.363171
v -28.301750 43.408653 -27.223478
v -45.044510 43.620289 -43.320518
v -43.773369 47.119038 -42.895592
v -45.890133 46.727192 -45.279797
v -47.315334 46.231812 -48.199165
v -45.720139 49.974312 -44.829487
v -44.716156 51.347851 -43.372620
v -34.924057 57.553207 -33.814445
v -32.156136 56.336460 -31.270670
v -30.683580 58.183403 -30.726452
v -31.251253 53.490482 -29.770674
v -31.648897 51.869900 -29.866995
v -38.027340 57.163128 -36.718925
v -39.514500 58.213341 -38.760487
v -38.027340 57.163128 -36.718925
v -43.624382 43.041145 -41.393745
vn 0.2568 -0.0000 0.9665
vn -0.0000 0.2568 0.9665
vn -0.0000 0.1916 0.9815
vn 0.1916 -0.0000 0.9815
vn -0.0000 -0.2568 0.9665
vn -0.0000 -0.1916 0.9815
vn -0.2568 -0.0000 0.9665
vn -0.1916 -0.0000 0.9815
vn -0.0000 0.1916 -0.9815
vn -0.0000 0.2568 -0.9665
vn 0.2568 -0.0000 -0.9665
vn 0.1916 -0.0000 -0.9815
vn -0.0000 -0.2568 -0.9665
vn -0.0000 -0.1916 -0.9815
vn -0.2568 -0.0000 -0.9665
vn -0.1916 -0.0000 -0.9815
vn -0.7677 0.6093 -0.1985
vn -0.3300 0.9293 0.1659
vn -0.4289 0.8808 0.2008
vn -0.3857 0.9036 0.1863
vn -0.2637 0.9564 0.1258
vn -0.1830 0.9774 0.1062
vn -0.1292 0.9880 0.0845
vn -0.0727 0.9941 0.0804
vn 0.0043 0.9924 0.1227
vn 0.0293 0.9919 0.1238
vn 0.0303 0.9908 0.1321
vn 0.0060 0.9903 0.1385
vn -0.0279 0.9843 0.1742
vn -0.1056 0.9778 0.1810
vn -0.2123 0.9629 0.1667
vn -0.2830 0.9437 0.1711
vn -0.4077 0.9005 0.1513
vn -0.3748 0.9152 0.1482
vn -0.4299 0.8901 0.1511
vn -0.6132 -0.7831 -0.1035
vn -0.5190 -0.6841 0.5125
vn 0.8109 0.3111 -0.4956
vn 0.8784 0.1116 -0.4648
vn 0.8203 0.2005 -0.5357
vn 0.9302 -0.0003 -0.3670
vn 0.7199 0.3159 -0.6180
vn -0.7677 -0.6093 0.1985
vn 0.3300 0.9293 0.1659
vn 0.3857 0.9036 0.1863
vn 0.4289 0.8808 0.2008
vn 0.2637 0.9564 0.1258
vn 0.1830 0.9774 0.1062
vn 0.1292 0.9880 0.0845
vn 0.0727 0.9941 0.0804
vn -0.0043 0.9924 0.1227
vn -0.0293 0.9919 0.1238
vn -0.0303 0.9908 0.1321
vn -0.0060 0.9903 0.1385
vn 0.0279 0.9843 0.1742
vn 0.1056 0.9778 0.1810
vn 0.2123 0.9629 0.1667
vn 0.2830 0.9437 0.1711
vn 0.4077 0.9005 0.1513
vn 0.3748 0.9152 0.1482
vn 0.4299 0.8901 0.1511
vn -0.6132 0.7831 0.1035
vn 0.5190 -0.6841 0.5125
vn -0.8109 0.3111 -0.4956
vn -0.8784 0.1116 -0.4648
vn -0.9302 -0.0003 -0.3670
vn -0.8203 0.2005 -0.5357
vn -0.7199 0.3159 -0.6180
vn 0.9506 0.0030 0.3105
vn 0.9552 0.0648 0.2887
vn 0.9218 -0.1486 0.3581
vn 0.9524 0.1843 0.2428
vn 0.4820 0.5851 0.6521
vn 0.7433 -0.0910 0.6627
vn 0.8038 0.0179 0.5947
vn -0.4821 0.5851 0.6521
vn -0.7594 0.0625 0.6476
vn -0.7861 0.1694 0.5945
vn -0.7589 0.2005 0.6196
vn -0.8499 0.0290 0.5262
vn -0.8991 0.0069 0.4377
vn -0.7943 -0.0691 0.6036
vn -0.7546 -0.0950 0.6492
vn -0.7433 -0.0910 0.6627
vn -0.8038 0.0179 0.5947
vn 0.0740 -0.5474 -0.8336
vn -0.1901 -0.4366 -0.8793
vn -0.1472 -0.6531 -0.7429
vn 0.0589 -0.3633 -0.9298
vn -0.3597 -0.5250 -0.7714
vn -0.1993 -0.2515 -0.9471
vn -0.0136 -0.1114 -0.9937
vn -0.1005 -0.0293 -0.9945
vn -0.2548 -0.1644 -0.9529
vn -0.3583 -0.3325 -0.8724
vn -0.3837 -0.2078 -0.8998
vn -0.4219 -0.2977 -0.8564
vn -0.4503 -0.1881 -0.8728
vn -0.4724 -0.2266 -0.8518
vn -0.5207 -0.2777 -0.8073
vn -0.5210 -0.2373 -0.8199
vn -0.5919 -0.2461 -0.7675
vn -0.5771 -0.2019 -0.7913
vn -0.6694 -0.2114 -0.7122
vn -0.6546 -0.1658 -0.7376
vn -0.7418 -0.1742 -0.6476
vn -0.7044 -0.1107 -0.7011
vn -0.7625 -0.1184 -0.6361
vn -0.7298 -0.0592 -0.6811
vn -0.7702 -0.0992 -0.6300
vn -0.4822 -0.4033 -0.7777
vn -0.6485 -0.2610 -0.7151
vn -0.6554 -0.2037 -0.7273
vn -0.7180 -0.1628 -0.6767
vn -0.7331 -0.1257 -0.6684
vn -0.7628 -0.0967 -0.6393
vn -0.7915 -0.0809 -0.6059
vn -0.8067 -0.0650 -0.5874
vn -0.8229 -0.0595 -0.5650
vn -0.8233 -0.0590 -0.5645
vn -0.8283 -0.0748 -0.5552
vn -0.8267 -0.0797 -0.5569
vn -0.8316 -0.0736 -0.5504
vn -0.8378 -0.0641 -0.5423
vn -0.8304 0.0065 -0.5571
vn -0.8383 0.0183 -0.5450
vn -0.8071 0.0558 -0.5877
vn 0.2403 0.1121 -0.9642
vn 0.3080 0.4997 -0.8096
vn 0.0461 0.3039 -0.9516
vn 0.4967 0.3105 -0.8105
vn 0.3547 -0.2079 -0.9116
vn 0.5277 0.3063 -0.7923
vn 0.4890 0.6772 -0.5499
vn 0.4209 -0.4053 -0.8115
vn 0.5591 -0.1231 -0.8199
vn 0.6263 -0.2440 -0.7404
vn 0.4680 0.6011 0.6478
vn 0.5332 0.6403 0.5530
vn 0.7820 0.3662 0.5044
vn 0.5019 0.3694 0.7821
vn 0.7428 0.1842 0.6437
vn 0.9667 0.1151 0.2284
vn 0.5029 0.2091 0.8387
vn 0.9769 0.2112 -0.0329
vn 0.9833 0.1455 -0.1095
vn 0.9640 0.0239 0.2647
vn 0.8697 0.0328 0.4926
vn 0.6689 -0.0950 0.7372
vn 0.8570 -0.2055 0.4725
vn 0.5448 0.0407 0.8376
vn 0.9258 -0.1797 0.3325
vn 0.2210 0.0231 0.9750
vn 0.3352 -0.2508 0.9081
vn -0.1179 0.0172 0.9929
vn 0.2611 0.3736 0.8901
vn 0.2645 0.1438 0.9536
vn 0.3063 0.4525 0.8375
vn 0.4858 0.5704 0.6623
vn 0.6696 -0.3072 0.6762
vn 0.3506 0.1139 0.9296
vn 0.3631 0.2849 0.8871
vn -0.1675 -0.2412 0.9559
vn 0.3645 -0.3349 0.8689
vn -0.3108 0.1030 0.9449
vn 0.2974 0.4692 0.8315
vn 0.5735 0.5673 0.5910
vn -0.1294 -0.2797 0.9513
vn -0.6060 -0.0512 0.7938
vn -0.4467 -0.2379 0.8625
vn -0.7470 -0.1258 0.6529
vn -0.4388 0.2633 0.8591
vn -0.3904 0.4417 0.8078
vn -0.8632 0.0979 0.4953
vn -0.9186 0.2771 0.2816
vn -0.9317 -0.0450 0.3605
vn -0.8870 0.4153 0.2020
vn -0.9935 0.0407 0.1063
vn -0.9928 0.1012 -0.0637
vn -0.8399 0.5040 0.2014
vn -0.2859 0.5538 0.7820
vn 0.3732 0.4721 0.7986
vn -0.9722 0.1621 -0.1692
vn -0.8766 0.3271 -0.3530
vn -0.2007 0.5987 0.7754
vn 0.4244 0.4701 0.7739
vn -0.4901 0.7059 0.5114
vn 0.5285 0.4700 0.7070
vn 0.7404 0.3768 0.5565
vn -0.0964 0.6528 0.7514
vn 0.7236 0.3897 0.5697
vn 0.6542 0.4693 0.5931
vn 0.6502 0.4790 0.5897
vn 0.6249 0.5143 0.5874
vn 0.7996 0.3005 0.5200
vn 0.5963 0.4117 0.6892
vn 0.0604 0.6544 0.7538
vn -0.2990 0.7898 0.5355
vn 0.0643 0.7120 0.6992
vn 0.6140 0.3642 0.7003
vn 0.8488 0.1252 0.5136
vn 0.8378 0.1922 0.5110
vn 0.6093 0.3149 0.7278
vn 0.2665 0.6001 0.7542
vn 0.4430 0.4770 0.7591
vn 0.6543 0.2078 0.7271
vn 0.7822 -0.0352 0.6221
vn 0.8265 0.0519 0.5605
vn 0.7754 -0.0247 0.6309
vn 0.7856 -0.1378 0.6031
vn 0.7673 -0.2019 0.6086
vn -0.7562 0.0472 -0.6526
vn -0.7650 0.0275 -0.6434
vn -0.7523 0.0396 -0.6577
vn -0.7672 0.0154 -0.6413
vn -0.7611 0.0063 -0.6486
vn -0.7744 -0.0146 -0.6325
vn -0.7847 -0.0553 -0.6175
vn -0.7482 -0.0220 -0.6631
vn -0.7792 -0.0895 -0.6204
vn -0.7367 0.0652 -0.6731
vn -0.7299 0.0612 -0.6808
vn -0.7203 0.0827 -0.6887
vn 0.8583 0.1066 0.5020
vn 0.8597 0.2038 0.4683
vn 0.8781 0.0943 0.4690
vn 0.8272 0.1934 0.5276
vn 0.8590 0.0271 0.5113
vn 0.8361 0.2819 0.4706
vn 0.8144 0.2733 0.5119
vn 0.8150 0.3158 0.4858
vn 0.8135 0.3089 0.4927
vn 0.8145 0.3311 0.4764
vn 0.8098 0.3443 0.4751
vn 0.8504 0.3059 0.4280
vn 0.8760 0.2650 0.4030
vn 0.8738 0.2902 0.3902
vn -0.1809 0.5384 -0.8230
vn -0.1108 0.3370 -0.9350
vn -0.3131 0.6391 -0.7025
vn -0.0162 0.1706 -0.9852
vn -0.0248 0.1010 -0.9946
vn 0.0069 0.0821 -0.9966
vn -0.0018 0.1174 -0.9931
vn -0.2342 0.6720 0.7026
vn -0.0447 0.3747 0.9261
vn -0.0817 0.5041 0.8598
vn -0.3092 0.7334 0.6054
vn -0.5497 0.7794 0.3006
vn -0.4800 0.7805 0.4006
vn -0.8549 0.4867 -0.1795
vn -0.8793 0.2755 -0.3884
vn -0.8661 0.2100 -0.4536
vn -0.8275 0.0552 -0.5587
vn -0.7868 0.0046 -0.6172
vn -0.7713 -0.1039 -0.6279
vn 0.3970 0.7419 0.5403
vn 0.4438 0.7354 0.5121
vn -0.0740 -0.5474 -0.8336
vn 0.1901 -0.4366 -0.8793
vn -0.0589 -0.3633 -0.9298
vn 0.1472 -0.6531 -0.7429
vn 0.3597 -0.5250 -0.7714
vn 0.1993 -0.2515 -0.9471
vn 0.0136 -0.1114 -0.9937
vn 0.1005 -0.0293 -0.9945
vn 0.2548 -0.1644 -0.9529
vn 0.3583 -0.3325 -0.8724
vn 0.3837 -0.2078 -0.8998
vn 0.4219 -0.2977 -0.8564
vn 0.4503 -0.1881 -0.8728
vn 0.4724 -0.2266 -0.8518
vn 0.5207 -0.2777 -0.8073
vn 0.5210 -0.2373 -0.8199
vn 0.5919 -0.2461 -0.7675
vn 0.5771 -0.2019 -0.7913
vn 0.6694 -0.2114 -0.7122
vn 0.6546 -0.1658 -0.7376
vn 0.7418 -0.1742 -0.6476
vn 0.7044 -0.1107 -0.7011
vn 0.7625 -0.1184 -0.6361
vn 0.7298 -0.0592 -0.6811
vn 0.7702 -0.0992 -0.6300
vn 0.4823 -0.4033 -0.7777
vn 0.6485 -0.2610 -0.7151
vn 0.6554 -0.2037 -0.7273
vn 0.7180 -0.1628 -0.6767
vn 0.7331 -0.1257 -0.6684
vn 0.7628 -0.0967 -0.6393
vn 0.7915 -0.0809 -0.6059
vn 0.8067 -0.0650 -0.5874
vn 0.8229 -0.0595 -0.5650
vn 0.8233 -0.0590 -0.5645
vn 0.8283 -0.0748 -0.5552
vn 0.8267 -0.0797 -0.5569
vn 0.8316 -0.0736 -0.5504
vn 0.8378 -0.0641 -0.5423
vn 0.8304 0.0065 -0.5571
vn 0.8383 0.0183 -0.5450
vn 0.8071 0.0558 -0.5877
vn -0.2403 0.1121 -0.9642
vn -0.0461 0.3039 -0.9516
vn -0.3080 0.4997 -0.8096
vn -0.4967 0.3106 -0.8105
vn -0.3547 -0.2079 -0.9116
vn -0.5277 0.3063 -0.7923
vn -0.4890 0.6772 -0.5499
vn -0.4209 -0.4053 -0.8115
vn -0.5591 -0.1231 -0.8199
vn -0.6263 -0.2440 -0.7404
vn -0.4680 0.6011 0.6478
vn -0.7820 0.3662 0.5044
vn -0.5332 0.6403 0.5530
vn -0.5019 0.3695 0.7821
vn -0.7428 0.1843 0.6437
vn -0.9667 0.1151 0.2284
vn -0.5029 0.2091 0.8387
vn -0.9769 0.2112 -0.0329
vn -0.9833 0.1455 -0.1095
vn -0.9543 -0.0575 0.2934
vn -0.8697 0.0328 0.4926
vn -0.6689 -0.0950 0.7372
vn -0.8570 -0.2055 0.4725
vn -0.5448 0.0407 0.8376
vn -0.2210 0.0231 0.9750
vn -0.3352 -0.2508 0.9081
vn 0.1179 0.0172 0.9929
vn -0.2611 0.3736 0.8901
vn -0.2996 0.0885 0.9500
vn -0.3063 0.4525 0.8375
vn -0.4858 0.5704 0.6623
vn -0.6696 -0.3072 0.6762
vn -0.3506 0.1139 0.9296
vn -0.2923 0.3532 0.8887
vn -0.4072 0.2392 0.8815
vn 0.1675 -0.2413 0.9559
vn -0.3645 -0.3349 0.8689
vn 0.3108 0.1030 0.9449
vn -0.2974 0.4692 0.8315
vn -0.5735 0.5674 0.5909
vn 0.1294 -0.2797 0.9513
vn 0.6060 -0.0512 0.7938
vn 0.4467 -0.2379 0.8625
vn 0.4388 0.2633 0.8591
vn 0.3904 0.4417 0.8078
vn 0.8258 0.1139 0.5523
vn 0.9186 0.2771 0.2816
vn 0.7470 -0.1258 0.6528
vn 0.8147 -0.1120 0.5690
vn 0.8870 0.4153 0.2020
vn 0.9935 0.0407 0.1063
vn 0.9688 -0.0104 0.2475
vn 0.9928 0.1012 -0.0637
vn 0.8399 0.5040 0.2014
vn 0.2859 0.5538 0.7821
vn -0.3732 0.4721 0.7986
vn 0.9722 0.1621 -0.1692
vn 0.8766 0.3271 -0.3530
vn 0.2007 0.5987 0.7754
vn -0.4602 0.4725 0.7517
vn -0.6738 0.4522 0.5844
vn 0.4900 0.7059 0.5114
vn -0.6249 0.5143 0.5874
vn -0.7404 0.3768 0.5565
vn -0.5285 0.4700 0.7070
vn 0.0964 0.6528 0.7514
vn -0.7996 0.3005 0.5200
vn -0.5962 0.4117 0.6892
vn -0.0604 0.6544 0.7538
vn 0.2990 0.7898 0.5355
vn -0.0643 0.7120 0.6992
vn -0.6140 0.3642 0.7003
vn -0.8488 0.1252 0.5136
vn -0.8378 0.1922 0.5110
vn -0.6093 0.3149 0.7278
vn -0.2665 0.6001 0.7542
vn -0.4430 0.4770 0.7591
vn -0.6543 0.2078 0.7271
vn -0.7822 -0.0352 0.6221
vn -0.8265 0.0519 0.5605
vn -0.7754 -0.0247 0.6309
vn -0.7856 -0.1378 0.6031
vn -0.7673 -0.2019 0.6086
vn 0.7562 0.0472 -0.6526
vn 0.7650 0.0275 -0.6434
vn 0.7672 0.0154 -0.6413
vn 0.7523 0.0396 -0.6577
vn 0.7611 0.0063 -0.6486
vn 0.7744 -0.0146 -0.6325
vn 0.7847 -0.0553 -0.6175
vn 0.7482 -0.0220 -0.6631
vn 0.7792 -0.0895 -0.6204
vn 0.7367 0.0652 -0.6731
vn 0.7299 0.0612 -0.6808
vn 0.7203 0.0827 -0.6888
vn -0.8492 0.1184 0.5147
vn -0.8451 0.1976 0.4968
vn -0.8210 0.1965 0.5361
vn -0.8733 0.1148 0.4735
vn -0.8604 0.0718 0.5045
vn -0.8318 0.2801 0.4793
vn -0.8151 0.2776 0.5085
vn -0.8158 0.3201 0.4816
vn -0.8135 0.3089 0.4927
vn -0.8146 0.3463 0.4654
vn -0.8116 0.3468 0.4702
vn -0.8509 0.3078 0.4256
vn -0.8758 0.2676 0.4017
vn -0.8738 0.2902 0.3903
vn 0.1809 0.5384 -0.8230
vn 0.3131 0.6391 -0.7025
vn 0.1108 0.3370 -0.9350
vn 0.0162 0.1706 -0.9852
vn 0.0248 0.1010 -0.9946
vn -0.0069 0.0821 -0.9966
vn 0.0018 0.1174 -0.9931
vn 0.2342 0.6720 0.7026
vn 0.0817 0.5041 0.8598
vn 0.0447 0.3747 0.9261
vn 0.3092 0.7334 0.6054
vn 0.5497 0.7794 0.3006
vn 0.4800 0.7805 0.4006
vn 0.8549 0.4867 -0.1795
vn 0.8793 0.2755 -0.3884
vn 0.8661 0.2100 -0.4536
vn 0.8275 0.0552 -0.5587
vn 0.7868 0.0046 -0.6172
vn 0.7713 -0.1039 -0.6279
vn -0.3970 0.7419 0.5403
vn -0.4438 0.7354 0.5121
vn -0.1946 0.2474 0.9492
vn 0.9759 0.0223 0.2173
vn 0.7386 0.1581 0.6554
vn 0.6462 -0.0936 0.7574
vn 0.6688 0.1684 0.7241
vn 0.7586 0.2466 0.6030
vn 0.7565 0.0673 0.6505
vn 0.6151 0.1247 0.7785
vn 0.5085 -0.0430 0.8600
vn 0.7040 0.0517 0.7083
vn 0.6525 0.1096 0.7499
vn 0.7264 -0.2399 0.6441
vn 0.7810 -0.0506 0.6225
vn 0.8305 0.0002 0.5569
vn 0.7754 0.1129 0.6212
vn 0.7680 0.2733 0.5793
vn 0.6959 0.2223 0.6828
vn 0.5824 0.2856 0.7611
vn 0.8050 -0.0027 0.5933
vn 0.7498 0.2044 0.6293
vn 0.6623 -0.1352 0.7369
vn 0.7145 -0.1079 0.6913
vn 0.7816 0.0356 0.6228
vn 0.7158 -0.0722 0.6946
vn 0.7104 -0.2102 0.6716
vn 0.6376 0.0056 0.7704
vn 0.5998 0.1060 0.7931
vn 0.6433 0.2525 0.7228
vn 0.6239 0.1504 0.7669
vn 0.6166 -0.0013 0.7873
vn 0.7177 -0.0585 0.6939
vn 0.5315 -0.0491 0.8456
vn 0.7861 0.1694 0.5945
vn 0.8499 0.0290 0.5262
vn 0.8991 0.0069 0.4377
vn 0.7943 -0.0691 0.6036
vn 0.7720 -0.1013 0.6275
vn 0.6542 0.1524 0.7408
vn 0.6283 0.0139 0.7778
vn 0.5863 0.2394 0.7739
vn 0.7482 0.1424 0.6480
vn 0.7491 0.1946 0.6333
vn 0.7931 -0.0195 0.6088
vn -0.7386 0.1581 0.6554
vn -0.6688 0.1684 0.7241
vn -0.6462 -0.0936 0.7574
vn -0.7586 0.2466 0.6030
vn -0.7565 0.0673 0.6505
vn -0.6151 0.1247 0.7785
vn -0.5085 -0.0430 0.8600
vn -0.7040 0.0517 0.7083
vn -0.5155 0.1450 0.8445
vn -0.7264 -0.2399 0.6440
vn -0.7810 -0.0506 0.6225
vn -0.8305 0.0002 0.5570
vn -0.7754 0.1129 0.6212
vn -0.7680 0.2733 0.5793
vn -0.6960 0.2223 0.6828
vn -0.5824 0.2856 0.7611
vn -0.8050 -0.0027 0.5933
vn -0.7445 0.2066 0.6349
vn -0.6623 -0.1352 0.7369
vn -0.7145 -0.1079 0.6913
vn -0.7816 0.0356 0.6228
vn -0.7158 -0.0722 0.6946
vn -0.7105 -0.2102 0.6716
vn -0.6376 0.0056 0.7704
vn -0.5998 0.1060 0.7931
vn -0.6433 0.2525 0.7228
vn -0.6239 0.1503 0.7669
vn -0.6166 -0.0013 0.7873
vn -0.7177 -0.0585 0.6939
vn -0.5315 -0.0492 0.8456
vn -0.6542 0.1524 0.7408
vn -0.6283 0.0139 0.7778
vn -0.5863 0.2394 0.7739
vn -0.7482 0.1424 0.6480
vn -0.7491 0.1946 0.6333
vn -0.7931 -0.0195 0.6088
vn -0.9229 0.0868 0.3751
vn -0.3796 0.2201 0.8986
vn -0.7979 0.3153 0.5137
vn -0.9819 0.1559 -0.1073
vn -0.9592 -0.0061 -0.2827
vn -0.8634 0.4569 0.2140
vn -0.4524 0.5235 0.7220
vn -0.0625 0.4000 0.9144
vn 0.0149 0.3037 0.9526
vn -0.1755 0.0156 0.9844
vn 0.2460 0.4218 0.8727
vn 0.2486 0.4253 0.8702
vn 0.4470 0.2123 0.8690
vn 0.5167 0.2823 0.8083
vn 0.6494 0.1060 0.7530
vn 0.6395 0.1228 0.7589
vn 0.4101 0.0224 0.9118
vn 0.4234 0.4041 0.8108
vn 0.3920 0.3193 0.8628
vn -0.2024 0.5601 0.8033
vn 0.5670 0.2850 0.7728
vn 0.5333 0.3622 0.7645
vn 0.4966 0.2664 0.8261
vn 0.7063 -0.0275 0.7074
vn 0.6056 0.2726 0.7477
vn 0.8048 -0.4406 0.3977
vn 0.7403 -0.6565 -0.1447
vn 0.6758 -0.7367 0.0244
vn 0.6951 -0.6978 -0.1728
vn 0.9194 -0.2811 0.2750
vn 0.4408 -0.2498 0.8622
vn 0.7315 -0.5370 -0.4200
vn 0.7881 -0.2668 0.5548
vn 0.7478 -0.4202 0.5140
vn 0.7276 -0.4747 0.4952
vn 0.6230 0.2658 0.7357
vn 0.5591 0.2107 0.8019
vn -0.0733 0.7068 0.7036
vn -0.1400 0.6514 0.7457
vn 0.0026 0.7262 0.6875
vn 0.6282 0.1623 0.7610
vn 0.7503 -0.3299 0.5729
vn 0.7557 -0.3346 0.5630
vn 0.6900 0.1192 0.7140
vn 0.7709 -0.3760 0.5142
vn 0.7397 0.0803 0.6682
vn 0.7873 -0.3958 0.4727
vn 0.7680 0.0549 0.6380
vn 0.8444 -0.3024 0.4423
vn 0.1562 0.6934 0.7034
vn 0.1408 0.7238 0.6755
vn 0.0930 0.7188 0.6890
vn 0.1493 0.6452 0.7492
vn 0.7877 0.0320 0.6153
vn 0.8861 -0.2009 0.4178
vn 0.9133 -0.1230 0.3883
vn 0.7986 0.0098 0.6018
vn 0.9131 -0.0802 0.3997
vn 0.9238 -0.0394 0.3808
vn 0.8022 0.0001 0.5970
vn 0.9235 -0.0161 0.3832
vn 0.7999 0.0075 0.6001
vn 0.0929 0.4169 0.9042
vn 0.1006 0.5134 0.8522
vn 0.1218 0.6000 0.7907
vn 0.9667 -0.0647 0.2477
vn 0.9608 -0.0231 0.2763
vn -0.6418 0.6120 0.4621
vn -0.6023 0.5318 0.5954
vn 0.9499 -0.1413 0.2787
vn -0.6385 0.6882 0.3445
vn 0.9420 -0.2366 0.2379
vn -0.5843 0.7539 0.3004
vn 0.8975 -0.3748 0.2325
vn -0.5504 0.8020 0.2319
vn 0.8253 -0.5135 0.2349
vn -0.5093 0.8404 0.1854
vn -0.4704 0.8551 0.2181
vn -0.5084 0.8360 0.2065
vn -0.5353 0.8048 0.2564
vn -0.5601 0.7544 0.3422
vn -0.6241 0.6550 0.4261
vn -0.9729 -0.2173 -0.0791
vn -0.7885 -0.3860 0.4789
vn -0.9762 -0.1209 0.1799
vn -0.8692 0.0432 -0.4925
vn -0.9139 -0.0064 -0.4058
vn -0.8384 -0.5341 0.1092
vn -0.3101 -0.6798 0.6646
vn -0.9165 -0.0683 -0.3942
vn -0.6247 0.3828 -0.6806
vn -0.2488 -0.3473 0.9041
vn -0.6296 -0.0872 0.7720
vn -0.4213 -0.8342 0.3558
vn -0.0285 -0.8070 0.5899
vn -0.8668 -0.4285 -0.2551
vn -0.5837 -0.8088 0.0721
vn -0.7885 0.1769 -0.5890
vn -0.4836 0.5911 -0.6456
vn -0.2331 -0.8987 0.3715
vn -0.8322 -0.2631 -0.4881
vn -0.6556 -0.7435 -0.1322
vn -0.3776 -0.8965 0.2319
vn -0.6890 -0.1099 -0.7164
vn -0.6282 0.3803 -0.6788
vn -0.2906 0.7372 -0.6100
vn -0.3910 0.4804 -0.7851
vn -0.0828 0.7933 -0.6031
vn -0.2657 0.7605 -0.5925
vn -0.3981 0.6048 -0.6897
vn -0.6325 -0.7094 -0.3110
vn -0.4771 -0.8670 0.1437
vn -0.4511 -0.0242 -0.8921
vn -0.1798 0.4599 -0.8696
vn 0.0815 0.7717 -0.6307
vn -0.1008 0.8579 -0.5039
vn 0.0259 0.8855 -0.4639
vn 0.1616 0.8693 -0.4672
vn 0.2935 0.6937 -0.6577
vn 0.0526 0.3677 -0.9285
vn -0.2568 -0.1569 -0.9537
vn 0.2671 0.2299 -0.9358
vn -0.1146 -0.2578 -0.9594
vn -0.5786 -0.6945 -0.4276
vn -0.5738 -0.8123 0.1040
vn -0.5800 -0.7031 -0.4115
vn -0.4953 -0.4502 -0.7429
vn -0.6913 -0.7181 0.0805
vn 0.4095 0.7967 -0.4445
vn 0.5246 0.5597 -0.6416
vn 0.6221 0.6694 -0.4061
vn 0.4191 0.0772 -0.9046
vn 0.7082 0.4036 -0.5793
vn 0.8045 0.5117 -0.3017
vn -0.0383 -0.3505 -0.9358
vn -0.6243 -0.6466 -0.4384
vn -0.8168 -0.5746 0.0520
vn -0.7052 -0.5432 -0.4557
vn -0.0207 -0.4307 -0.9022
vn 0.5189 -0.0907 -0.8500
vn -0.9338 -0.3578 -0.0044
vn -0.7702 -0.4541 -0.4479
vn -0.9823 -0.1632 -0.0925
vn -0.0536 -0.4883 -0.8710
vn 0.5581 -0.2529 -0.7903
vn -0.8342 -0.3445 -0.4307
vn -0.1271 -0.4903 -0.8622
vn 0.5459 -0.3778 -0.7478
vn -0.2232 -0.4882 -0.8437
vn 0.5284 -0.4641 -0.7109
vn -0.9823 -0.0130 -0.1867
vn 0.9148 0.0397 -0.4020
vn 0.8419 0.2244 -0.4908
vn 0.9198 0.3450 -0.1871
vn 0.9740 0.2045 -0.0971
vn 0.9387 -0.1158 -0.3248
vn 0.9410 -0.2399 -0.2386
vn -0.9771 -0.0853 -0.1950
vn -0.8462 -0.3517 -0.4003
vn -0.8055 -0.2494 -0.5375
vn -0.2967 -0.4504 -0.8421
vn 0.5277 -0.5380 -0.6573
vn 0.0384 -0.5016 -0.8642
vn 0.5579 -0.5865 -0.5872
vn 0.3467 -0.6203 -0.7035
vn 0.9313 -0.3347 -0.1437
vn 0.9712 -0.1665 0.1707
vn 0.9917 -0.0845 0.0969
vn 0.9083 -0.4180 -0.0152
vn 0.9405 -0.2597 0.2192
vn 0.8452 -0.5287 0.0785
vn 0.8881 -0.3935 0.2374
vn 0.7494 -0.6557 0.0914
vn 0.8170 -0.5340 0.2177
vn 0.7334 -0.6761 0.0710
vn 0.8009 -0.5714 0.1789
vn 0.7568 -0.5628 0.3326
vn 0.6121 -0.6785 -0.4062
vn 0.6541 -0.7160 -0.2442
vn 0.9992 0.0386 0.0096
vn 0.9954 0.0918 -0.0264
vn 0.5615 -0.4706 0.6806
vn 0.9510 -0.2028 0.2333
vn 0.9696 -0.2214 0.1039
vn 0.9338 -0.1546 0.3225
vn 0.9062 -0.1852 -0.3801
vn 0.6798 -0.0202 0.7331
vn 0.9256 0.0001 0.3785
vn 0.7461 0.1137 0.6561
vn 0.7947 0.0368 0.6059
vn 0.0542 0.3836 0.9219
vn -0.5975 0.4743 0.6465
vn 0.9573 0.0103 0.2890
vn 0.8185 0.0520 0.5722
vn 0.7936 0.2393 0.5594
vn 0.7687 0.2565 0.5859
vn 0.8471 0.0282 0.5307
vn 0.6524 -0.6842 0.3259
vn 0.6116 -0.6764 0.4103
vn 0.7809 0.0902 0.6180
vn 0.6323 -0.6065 0.4820
vn 0.7219 0.1492 0.6757
vn 0.6611 -0.5530 0.5071
vn 0.6601 0.2026 0.7234
vn 0.7325 -0.6453 0.2170
vn 0.8727 0.0140 0.4881
vn 0.8047 -0.5874 0.0862
vn 0.8962 0.0048 0.4435
vn 0.8361 -0.5409 -0.0911
vn 0.9510 -0.1083 0.2897
vn 0.7760 0.2808 0.5648
vn 0.7851 0.2680 0.5584
vn 0.5840 0.3601 0.7275
vn 0.6528 0.3228 0.6853
vn 0.7229 0.2929 0.6258
vn 0.5202 0.4221 0.7424
vn 0.5835 -0.7059 -0.4016
vn 0.5743 -0.7943 -0.1979
vn 0.4265 -0.9003 -0.0870
vn 0.2579 -0.9662 0.0052
vn 0.1972 -0.9775 0.0753
vn 0.2666 -0.9544 0.1344
vn 0.3434 -0.9313 0.1212
vn 0.4521 -0.8879 0.0848
vn 0.5821 -0.7941 0.1750
vn 0.7151 -0.6544 0.2459
vn 0.6600 -0.7220 0.2074
vn 0.6467 -0.7198 0.2525
vn 0.6506 -0.6969 0.3018
vn 0.6199 -0.7424 0.2542
vn 0.7173 -0.6537 0.2412
vn -0.6745 0.2038 -0.7096
vn 0.9229 0.0868 0.3751
vn 0.7979 0.3153 0.5137
vn 0.3795 0.2201 0.8986
vn 0.9819 0.1559 -0.1073
vn 0.9592 -0.0061 -0.2827
vn 0.8634 0.4569 0.2140
vn 0.4524 0.5235 0.7220
vn 0.0625 0.4000 0.9144
vn -0.0149 0.3037 0.9526
vn 0.1755 0.0156 0.9844
vn -0.2460 0.4218 0.8727
vn -0.2486 0.4253 0.8702
vn -0.4470 0.2123 0.8690
vn -0.5167 0.2823 0.8083
vn -0.6494 0.1060 0.7530
vn -0.6395 0.1228 0.7589
vn -0.4101 0.0224 0.9118
vn -0.4234 0.4041 0.8108
vn -0.3920 0.3193 0.8628
vn 0.2024 0.5602 0.8033
vn -0.5670 0.2850 0.7728
vn -0.5333 0.3622 0.7645
vn -0.4966 0.2664 0.8261
vn -0.7063 -0.0275 0.7074
vn -0.6056 0.2726 0.7477
vn -0.8048 -0.4406 0.3977
vn -0.7403 -0.6565 -0.1447
vn -0.6758 -0.7367 0.0244
vn -0.6951 -0.6978 -0.1728
vn -0.9194 -0.2811 0.2750
vn -0.4408 -0.2498 0.8622
vn -0.7315 -0.5370 -0.4200
vn -0.7881 -0.2668 0.5548
vn -0.7478 -0.4202 0.5140
vn -0.7276 -0.4747 0.4952
vn -0.6230 0.2658 0.7357
vn -0.5591 0.2107 0.8019
vn 0.0733 0.7068 0.7036
vn 0.1400 0.6514 0.7457
vn -0.0026 0.7262 0.6875
vn -0.6282 0.1623 0.7610
vn -0.7503 -0.3299 0.5729
vn -0.7557 -0.3346 0.5630
vn -0.6900 0.1192 0.7140
vn -0.7709 -0.3760 0.5142
vn -0.7397 0.0803 0.6682
vn -0.7873 -0.3958 0.4727
vn -0.7680 0.0549 0.6380
vn -0.8444 -0.3024 0.4423
vn -0.1562 0.6934 0.7034
vn -0.1408 0.7238 0.6755
vn -0.0930 0.7187 0.6890
vn -0.1493 0.6452 0.7493
vn -0.7877 0.0320 0.6153
vn -0.8861 -0.2009 0.4178
vn -0.9133 -0.1230 0.3883
vn -0.7986 0.0098 0.6018
vn -0.9131 -0.0802 0.3997
vn -0.9238 -0.0394 0.3808
vn -0.8022 0.0001 0.5970
vn -0.9235 -0.0161 0.3832
vn -0.7999 0.0074 0.6001
vn -0.0929 0.4169 0.9042
vn -0.1006 0.5134 0.8522
vn -0.1218 0.6000 0.7907
vn -0.9667 -0.0647 0.2477
vn -0.9608 -0.0231 0.2764
vn 0.6418 0.6120 0.4621
vn 0.6023 0.5318 0.5954
vn -0.9499 -0.1413 0.2787
vn 0.6385 0.6882 0.3445
vn -0.9420 -0.2365 0.2379
vn 0.5842 0.7539 0.3004
vn 0.5504 0.8020 0.2319
vn 0.5093 0.8404 0.1853
vn 0.4704 0.8551 0.2181
vn 0.5084 0.8360 0.2065
vn 0.5353 0.8048 0.2564
vn 0.5601 0.7544 0.3422
vn 0.6241 0.6550 0.4261
vn 0.9729 -0.2173 -0.0791
vn 0.9762 -0.1209 0.1799
vn 0.7885 -0.3860 0.4789
vn 0.8692 0.0432 -0.4926
vn 0.9139 -0.0064 -0.4058
vn 0.8384 -0.5341 0.1092
vn 0.3101 -0.6798 0.6646
vn 0.9165 -0.0683 -0.3942
vn 0.6247 0.3828 -0.6806
vn 0.2488 -0.3473 0.9041
vn 0.6295 -0.0872 0.7720
vn 0.4212 -0.8342 0.3558
vn -0.1103 -0.7875 0.6064
vn 0.8668 -0.4285 -0.2551
vn 0.5837 -0.8088 0.0721
vn 0.7885 0.1769 -0.5890
vn 0.4836 0.5911 -0.6456
vn 0.2330 -0.8987 0.3715
vn 0.8322 -0.2631 -0.4881
vn 0.6556 -0.7435 -0.1322
vn 0.3775 -0.8965 0.2319
vn 0.6890 -0.1099 -0.7164
vn 0.6282 0.3803 -0.6788
vn 0.2906 0.7372 -0.6100
vn 0.3910 0.4804 -0.7851
vn 0.0828 0.7933 -0.6031
vn 0.2657 0.7605 -0.5925
vn 0.3981 0.6048 -0.6897
vn 0.6325 -0.7094 -0.3110
vn 0.4771 -0.8670 0.1437
vn 0.4646 -0.0935 -0.8805
vn 0.1798 0.4599 -0.8696
vn -0.0815 0.7717 -0.6307
vn 0.1008 0.8579 -0.5039
vn -0.0259 0.8855 -0.4639
vn -0.1616 0.8693 -0.4672
vn -0.2935 0.6937 -0.6577
vn -0.0526 0.3677 -0.9285
vn 0.2568 -0.1569 -0.9537
vn 0.5800 -0.7031 -0.4115
vn 0.5738 -0.8123 0.1040
vn 0.6913 -0.7181 0.0805
vn -0.2671 0.2299 -0.9358
vn 0.1146 -0.2578 -0.9594
vn 0.5786 -0.6945 -0.4276
vn -0.4095 0.7967 -0.4445
vn -0.5246 0.5597 -0.6416
vn -0.6221 0.6694 -0.4061
vn -0.4191 0.0772 -0.9046
vn -0.7082 0.4036 -0.5793
vn -0.8045 0.5117 -0.3017
vn 0.0383 -0.3505 -0.9358
vn 0.6243 -0.6466 -0.4384
vn 0.8168 -0.5746 0.0520
vn 0.7052 -0.5432 -0.4557
vn 0.0207 -0.4307 -0.9022
vn -0.5189 -0.0907 -0.8500
vn 0.9338 -0.3578 -0.0044
vn 0.7702 -0.4541 -0.4479
vn 0.9823 -0.1632 -0.0925
vn 0.0536 -0.4883 -0.8711
vn -0.5581 -0.2529 -0.7903
vn 0.8342 -0.3445 -0.4306
vn 0.1271 -0.4903 -0.8622
vn -0.5459 -0.3778 -0.7478
vn 0.2232 -0.4882 -0.8437
vn -0.5284 -0.4641 -0.7109
vn 0.9823 -0.0130 -0.1867
vn -0.9148 0.0397 -0.4020
vn -0.8419 0.2244 -0.4908
vn -0.9198 0.3449 -0.1871
vn -0.9740 0.2045 -0.0971
vn -0.9387 -0.1158 -0.3248
vn -0.9410 -0.2399 -0.2386
vn 0.9771 -0.0854 -0.1950
vn 0.8462 -0.3517 -0.4003
vn 0.8055 -0.2494 -0.5375
vn 0.2967 -0.4504 -0.8421
vn -0.5277 -0.5380 -0.6573
vn -0.0384 -0.5016 -0.8642
vn -0.5579 -0.5865 -0.5872
vn -0.3467 -0.6203 -0.7035
vn -0.9313 -0.3347 -0.1437
vn -0.9712 -0.1665 0.1707
vn -0.9917 -0.0845 0.0969
vn -0.9083 -0.4180 -0.0152
vn -0.9405 -0.2597 0.2192
vn -0.8452 -0.5287 0.0786
vn -0.8881 -0.3935 0.2374
vn -0.7495 -0.6557 0.0914
vn -0.8170 -0.5340 0.2177
vn -0.7334 -0.6761 0.0710
vn -0.8009 -0.5714 0.1789
vn -0.7568 -0.5628 0.3326
vn -0.6121 -0.6785 -0.4062
vn -0.6541 -0.7159 -0.2442
vn -0.9992 0.0387 0.0096
vn -0.9954 0.0918 -0.0264
vn -0.5615 -0.4706 0.6806
vn -0.9510 -0.2028 0.2333
vn -0.9696 -0.2214 0.1039
vn -0.9062 -0.1852 -0.3801
vn -0.6798 -0.0202 0.7331
vn -0.9256 0.0001 0.3785
vn -0.7947 0.0368 0.6059
vn -0.7461 0.1137 0.6561
vn -0.0542 0.3836 0.9219
vn 0.5975 0.4743 0.6465
vn -0.9573 0.0103 0.2890
vn -0.8185 0.0520 0.5722
vn -0.7936 0.2393 0.5594
vn -0.8471 0.0282 0.5307
vn -0.7687 0.2565 0.5859
vn -0.6524 -0.6842 0.3259
vn -0.6116 -0.6764 0.4103
vn -0.7809 0.0902 0.6180
vn -0.6323 -0.6065 0.4820
vn -0.7219 0.1492 0.6757
vn -0.6611 -0.5530 0.5071
vn -0.6601 0.2026 0.7234
vn -0.7325 -0.6453 0.2170
vn -0.8727 0.0140 0.4881
vn -0.8047 -0.5874 0.0862
vn -0.8962 0.0048 0.4435
vn -0.8361 -0.5409 -0.0911
vn -0.9510 -0.1083 0.2897
vn -0.7760 0.2808 0.5648
vn -0.7851 0.2680 0.5584
vn -0.5840 0.3601 0.7275
vn -0.6528 0.3228 0.6853
vn -0.7229 0.2929 0.6258
vn -0.5202 0.4221 0.7424
vn -0.5835 -0.7059 -0.4016
vn -0.5743 -0.7943 -0.1979
vn -0.4265 -0.9003 -0.0870
vn -0.2579 -0.9662 0.0051
vn -0.1972 -0.9775 0.0753
vn -0.2666 -0.9544 0.1344
vn -0.3434 -0.9313 0.1212
vn -0.4521 -0.8879 0.0848
vn -0.5820 -0.7941 0.1750
vn -0.7151 -0.6544 0.2459
vn -0.6600 -0.7220 0.2074
vn -0.6467 -0.7198 0.2525
vn -0.6506 -0.6969 0.3017
vn -0.6199 -0.7424 0.2542
vn -0.7173 -0.6537 0.2412
vn -0.8253 -0.5135 0.2349
vn -0.8975 -0.3748 0.2325
vn 0.6745 0.2039 -0.7096
vn 0.9630 0.1488 0.2249
vn 0.7107 0.0852 0.6983
vn 0.8582 0.0612 0.5096
vn 0.7761 0.4121 0.4772
vn 0.6482 -0.0589 0.7592
vn 0.7879 0.0058 0.6158
vn 0.8483 0.1812 0.4976
vn 0.6574 0.0808 0.7492
vn 0.7636 0.3474 0.5444
vn 0.5415 0.1500 0.8272
vn 0.6869 0.3455 0.6394
vn 0.7531 0.1785 0.6333
vn 0.7207 0.3537 0.5962
vn 0.7586 -0.0472 0.6499
vn 0.7032 0.0666 0.7079
vn 0.6115 0.5889 0.5284
vn 0.3963 0.3846 0.8337
vn 0.4671 -0.0573 0.8824
vn 0.4888 0.1952 0.8503
vn 0.6772 0.1426 0.7218
vn 0.4524 0.2615 0.8526
vn 0.7784 0.0645 0.6244
vn 0.6848 0.0385 0.7277
vn 0.2068 0.3188 0.9250
vn 0.3250 -0.1139 0.9388
vn 0.6954 -0.2655 0.6677
vn 0.5787 -0.1412 0.8032
vn 0.6484 0.0474 0.7599
vn 0.5056 -0.1029 0.8566
vn 0.7157 0.2099 0.6661
vn 0.6961 -0.3832 0.6072
vn 0.2891 0.4052 0.8673
vn 0.1563 -0.0386 0.9870
vn 0.0866 -0.2467 0.9652
vn 0.4971 -0.4917 0.7149
vn 0.7181 0.0593 0.6934
vn 0.7501 -0.0837 0.6561
vn 0.8132 -0.1423 0.5643
vn 0.8737 0.0560 0.4832
vn 0.7181 0.0539 0.6938
vn 0.5518 -0.2269 0.8025
vn 0.3872 -0.4042 0.8286
vn 0.6670 -0.3980 0.6298
vn 0.7439 -0.2360 0.6253
vn 0.7461 0.0257 0.6654
vn 0.8101 -0.3793 0.4471
vn 0.9638 -0.0082 0.2666
vn 0.8146 -0.2383 0.5288
vn 0.9149 -0.0668 0.3981
vn 0.2120 -0.6069 0.7659
vn 0.8950 -0.2794 0.3477
vn 0.8511 -0.4994 0.1621
vn 0.9969 -0.0602 0.0502
vn 0.8956 0.3895 0.2148
vn 0.8460 0.4264 0.3202
vn 0.7757 0.5499 0.3096
vn 0.4787 0.5819 0.6575
vn 0.4347 0.3796 0.8167
vn 0.7500 0.4477 0.4870
vn 0.2014 0.5758 0.7924
vn 0.1804 0.0651 0.9814
vn 0.3526 -0.3839 0.8534
vn 0.3438 -0.2881 0.8938
vn 0.5079 -0.4722 0.7205
vn 0.7166 -0.2328 0.6574
vn -0.9597 0.1605 0.2308
vn -0.7107 0.0852 0.6983
vn -0.7761 0.4121 0.4772
vn -0.8833 0.0623 0.4646
vn -0.6482 -0.0589 0.7592
vn -0.7879 0.0058 0.6158
vn -0.8780 0.0992 0.4683
vn -0.6574 0.0808 0.7492
vn -0.7636 0.3474 0.5443
vn -0.5415 0.1500 0.8272
vn -0.6869 0.3455 0.6394
vn -0.7531 0.1785 0.6333
vn -0.7207 0.3537 0.5962
vn -0.7586 -0.0472 0.6499
vn -0.7032 0.0666 0.7079
vn -0.6115 0.5889 0.5284
vn -0.3963 0.3846 0.8337
vn -0.4671 -0.0573 0.8824
vn -0.4888 0.1952 0.8503
vn -0.6773 0.1426 0.7218
vn -0.4524 0.2615 0.8526
vn -0.7784 0.0645 0.6244
vn -0.6848 0.0385 0.7277
vn -0.2068 0.3188 0.9250
vn -0.3250 -0.1139 0.9388
vn -0.6954 -0.2655 0.6677
vn -0.5787 -0.1412 0.8032
vn -0.6484 0.0474 0.7598
vn -0.5251 -0.1523 0.8373
vn -0.7157 0.2099 0.6661
vn -0.7181 0.0539 0.6938
vn -0.3763 -0.3979 0.8367
vn -0.6670 -0.3980 0.6298
vn -0.8737 0.0560 0.4832
vn -0.8132 -0.1423 0.5643
vn -0.7501 -0.0837 0.6561
vn -0.7439 -0.2360 0.6253
vn -0.7461 0.0257 0.6654
vn -0.8101 -0.3793 0.4471
vn -0.9638 -0.0081 0.2666
vn -0.3438 -0.2881 0.8938
vn -0.8146 -0.2383 0.5288
vn -0.9149 -0.0668 0.3981
vn -0.2120 -0.6069 0.7659
vn -0.8950 -0.2794 0.3477
vn -0.8511 -0.4994 0.1621
vn -0.9969 -0.0602 0.0502
vn -0.8956 0.3895 0.2148
vn -0.8460 0.4264 0.3202
vn -0.6961 -0.3832 0.6072
vn -0.4971 -0.4917 0.7149
vn -0.0865 -0.2467 0.9652
vn -0.5079 -0.4722 0.7205
vn -0.2890 0.4052 0.8673
vn -0.1563 -0.0386 0.9870
vn -0.1804 0.0651 0.9814
vn -0.2014 0.5758 0.7924
vn -0.7500 0.4476 0.4870
vn -0.4347 0.3796 0.8167
vn -0.4787 0.5819 0.6575
vn -0.7758 0.5499 0.3096
vn -0.9506 0.0030 0.3105
vn -0.7181 0.0593 0.6934
vn -0.7166 -0.2329 0.6574
vn -0.9307 -0.3561 -0.0832
vn 0.9860 -0.0305 0.1642
vn 0.9862 -0.0306 0.1628
vn 0.9858 -0.0305 0.1649
vn 0.9863 -0.0306 0.1621
vn 0.9861 -0.0696 0.1508
vn 0.9871 -0.0997 0.1257
vn 0.9869 -0.1191 0.1092
vn 0.9847 -0.0502 0.1669
vn 0.9737 -0.1474 0.1738
vn 0.9831 -0.1447 0.1122
vn 0.9802 -0.1457 0.1338
vn 0.9695 -0.1481 0.1952
vn 0.9892 0.0226 0.1451
vn 0.9922 0.0234 0.1223
vn 0.9877 0.0237 0.1543
vn 0.9931 0.0247 0.1147
vn 0.9936 0.0423 0.1043
vn 0.9945 0.0460 0.0938
vn 0.9966 0.0550 0.0606
vn 0.9981 0.0495 0.0353
vn 0.9957 0.0282 0.0880
vn 0.9083 -0.3324 0.2538
vn 0.9267 -0.2836 0.2468
vn 0.8979 -0.3574 0.2571
vn 0.7641 -0.5815 0.2794
vn -0.9645 0.2443 0.1006
vn 0.9333 -0.3511 -0.0759
vn 0.8974 -0.2809 -0.3403
vn 0.9355 -0.3321 -0.1204
vn 0.8961 -0.2958 -0.3308
vn 0.9467 -0.3167 0.0583
vn 0.9478 -0.3126 0.0632
vn 0.9486 -0.3033 0.0909
vn 0.9448 -0.3158 0.0870
vn 0.9226 -0.3549 0.1510
vn 0.9141 -0.3728 0.1596
vn 0.8818 -0.0945 -0.4621
vn 0.8814 -0.0899 -0.4637
vn 0.8791 0.1638 -0.4475
vn 0.8783 0.2204 -0.4242
vn 0.8727 0.3167 -0.3717
vn 0.8732 0.3163 -0.3708
vn 0.9028 -0.1690 0.3955
vn 0.9306 -0.1471 0.3352
vn 0.8988 -0.1718 0.4033
vn 0.9332 -0.1447 0.3288
vn 0.8402 0.5298 -0.1161
vn 0.8250 0.5649 0.0168
vn 0.8401 0.5298 -0.1161
vn 0.8308 0.5562 -0.0202
vn 0.7980 0.5831 0.1522
vn 0.7922 0.5822 0.1829
vn 0.7768 0.5907 0.2182
vn 0.7754 0.5923 0.2189
vn 0.8162 0.3930 0.4235
vn 0.7898 0.5027 0.3515
vn 0.8169 0.3891 0.4258
vn 0.8282 0.2718 0.4901
vn 0.0871 0.9760 0.1995
vn 0.0840 0.9406 0.3290
vn 0.0873 0.9785 0.1870
vn 0.0838 0.9383 0.3355
vn 0.7419 0.2976 0.6009
vn 0.7299 0.2621 0.6314
vn 0.7440 0.3045 0.5947
vn 0.7275 0.2555 0.6368
vn 0.8122 0.1636 0.5599
vn 0.8065 0.3603 0.4688
vn 0.8086 0.1209 0.5759
vn 0.8040 0.3781 0.4589
vn 0.8283 0.2941 -0.4768
vn 0.8113 0.3084 -0.4967
vn 0.9194 0.1003 -0.3803
vn 0.9262 0.0524 -0.3734
vn 0.9696 -0.0488 -0.2397
vn 0.9728 -0.0485 -0.2265
vn 0.0023 0.8676 -0.4973
vn -0.0005 0.8778 -0.4791
vn 0.0292 0.7495 -0.6613
vn 0.0310 0.7401 -0.6718
vn -0.6921 0.0150 -0.7217
vn -0.6380 0.0508 -0.7683
vn -0.7343 -0.1491 -0.6622
vn -0.7504 -0.1431 -0.6453
vn -0.7468 -0.2848 -0.6010
vn -0.7508 -0.2892 -0.5938
vn -0.9957 0.0282 0.0880
vn 0.9084 0.3324 -0.2538
vn 0.9267 0.2836 -0.2468
vn 0.8979 0.3574 -0.2571
vn 0.7642 0.5814 -0.2794
vn -0.9604 -0.2568 -0.1083
vn -0.9333 -0.3511 -0.0759
vn -0.8974 -0.2809 -0.3403
vn -0.8962 -0.2958 -0.3308
vn -0.9355 -0.3321 -0.1204
vn -0.9467 -0.3168 0.0583
vn -0.9478 -0.3127 0.0632
vn -0.9486 -0.3033 0.0909
vn -0.9448 -0.3158 0.0870
vn -0.9226 -0.3549 0.1510
vn -0.9141 -0.3728 0.1596
vn -0.8818 -0.0945 -0.4620
vn -0.8815 -0.0899 -0.4636
vn -0.8792 0.1638 -0.4475
vn -0.8784 0.2204 -0.4241
vn -0.8726 0.3167 -0.3718
vn -0.8732 0.3164 -0.3708
vn -0.9028 -0.1690 0.3955
vn -0.9306 -0.1471 0.3352
vn -0.9333 -0.1447 0.3288
vn -0.8988 -0.1718 0.4033
vn -0.8401 0.5298 -0.1161
vn -0.8250 0.5649 0.0168
vn -0.8308 0.5562 -0.0202
vn -0.7980 0.5831 0.1522
vn -0.7922 0.5822 0.1829
vn -0.7768 0.5907 0.2182
vn -0.7754 0.5924 0.2189
vn -0.8162 0.3930 0.4235
vn -0.7898 0.5027 0.3515
vn -0.8169 0.3891 0.4258
vn -0.8282 0.2718 0.4901
vn -0.0871 0.9760 0.1995
vn -0.0840 0.9406 0.3290
vn -0.0838 0.9383 0.3355
vn -0.0873 0.9785 0.1869
vn -0.7419 0.2976 0.6008
vn -0.7299 0.2621 0.6313
vn -0.7275 0.2555 0.6368
vn -0.7441 0.3046 0.5947
vn -0.8122 0.1637 0.5599
vn -0.8065 0.3603 0.4688
vn -0.8040 0.3781 0.4590
vn -0.8086 0.1209 0.5759
vn -0.8283 0.2942 -0.4768
vn -0.9262 0.0524 -0.3734
vn -0.9194 0.1003 -0.3803
vn -0.8113 0.3084 -0.4967
vn -0.9696 -0.0488 -0.2396
vn -0.9728 -0.0485 -0.2265
vn -0.0023 0.8676 -0.4972
vn -0.0310 0.7401 -0.6718
vn -0.0292 0.7495 -0.6613
vn 0.0005 0.8778 -0.4790
vn 0.6921 0.0151 -0.7216
vn 0.7505 -0.1431 -0.6452
vn 0.7344 -0.1491 -0.6622
vn 0.6380 0.0508 -0.7684
vn 0.7468 -0.2849 -0.6010
vn 0.7508 -0.2893 -0.5938
vn 0.9214 0.0141 -0.3882
vn 0.9207 0.0126 -0.3902
vn 0.9324 -0.0085 -0.3614
vn 0.9311 -0.0113 -0.3647
vn 0.9697 -0.0205 -0.2433
vn 0.9705 -0.0146 -0.2406
vn 0.9850 -0.0295 -0.1699
vn 0.9825 -0.0325 -0.1832
vn 0.9996 0.0266 0.0133
vn 0.9981 0.0261 0.0552
vn 0.9616 -0.0289 0.2728
vn 0.9576 -0.0446 0.2846
vn 0.9010 0.0007 0.4337
vn 0.9347 0.0155 0.3552
vn 0.9322 0.0111 0.3618
vn 0.8805 0.0432 0.4721
vn 0.8644 0.0780 0.4967
vn -0.9215 0.0141 -0.3882
vn -0.9311 -0.0113 -0.3646
vn -0.9324 -0.0084 -0.3614
vn -0.9207 0.0126 -0.3902
vn -0.9697 -0.0205 -0.2433
vn -0.9705 -0.0146 -0.2407
vn -0.9850 -0.0296 -0.1699
vn -0.9825 -0.0325 -0.1832
vn -0.9996 0.0266 0.0132
vn -0.9981 0.0261 0.0552
vn -0.9616 -0.0289 0.2728
vn -0.9576 -0.0446 0.2846
vn -0.9010 0.0007 0.4338
vn -0.8804 0.0432 0.4722
vn -0.9322 0.0111 0.3618
vn -0.9347 0.0155 0.3552
vn -0.8644 0.0781 0.4968
vn 0.2376 0.0816 0.9679
vn 0.1960 0.0570 0.9790
vn 0.1944 0.0628 0.9789
vn 0.2142 0.0521 0.9754
vn 0.2458 0.0859 0.9655
vn 0.2449 0.0820 0.9661
vn 0.2894 0.0943 0.9526
vn 0.2909 0.0815 0.9533
vn 0.3611 0.1150 0.9254
vn -0.2522 0.1585 -0.9546
vn -0.0540 -0.0936 -0.9941
vn -0.0727 -0.0754 -0.9945
vn -0.1093 -0.0713 -0.9914
vn -0.2579 0.0684 -0.9638
vn -0.0650 -0.1090 -0.9919
vn -0.0187 -0.1370 -0.9904
vn -0.0101 -0.1938 -0.9810
vn -0.4468 0.3167 -0.8367
vn -0.5401 0.2572 -0.8013
vn -0.5450 0.2840 -0.7889
vn -0.4201 0.4007 -0.8142
vn -0.4405 0.4219 -0.7924
vn -0.4534 0.4293 -0.7811
vn 0.0861 -0.1751 -0.9808
vn 0.0468 -0.2190 -0.9746
vn 0.2134 -0.1455 -0.9661
vn 0.2678 -0.1306 -0.9546
vn 0.3122 -0.0733 -0.9472
vn -0.6362 0.2617 -0.7258
vn -0.6303 0.2732 -0.7267
vn -0.6373 0.1298 -0.7596
vn -0.6163 0.0942 -0.7819
vn -0.0856 0.1238 0.9886
vn 0.0075 0.0973 0.9952
vn 0.0757 0.0968 0.9924
vn -0.1557 0.1170 0.9809
vn 0.1602 0.0855 0.9834
vn 0.2228 0.0769 0.9718
vn -0.2155 0.1257 0.9684
vn -0.2802 0.1098 0.9536
vn 0.2861 0.0583 0.9564
vn 0.3139 0.0555 0.9478
vn 0.3238 0.0345 0.9455
vn 0.3233 0.0319 0.9457
vn 0.3324 0.0198 0.9429
vn -0.6329 0.2105 -0.7451
vn -0.5481 0.1898 -0.8146
vn -0.6815 0.2630 -0.6829
vn -0.7198 0.2376 -0.6523
vn -0.6885 0.2960 -0.6621
vn -0.6869 0.3279 -0.6486
vn -0.6810 0.3622 -0.6364
vn -0.6784 0.3729 -0.6331
vn -0.6716 0.3721 -0.6407
vn -0.6721 0.3625 -0.6457
vn 0.8527 0.3453 0.3921
vn 0.8247 0.4173 0.3817
vn 0.8661 0.3287 0.3767
vn 0.8214 0.4222 0.3835
vn 0.7920 0.4807 0.3765
vn 0.7924 0.4763 0.3811
vn 0.8453 0.2910 0.4480
vn 0.8341 0.2941 0.4666
vn 0.6706 0.5855 0.4555
vn 0.6734 0.5737 0.4663
vn 0.4575 0.7025 0.5452
vn 0.4958 0.6874 0.5308
vn 0.3489 0.7008 0.6222
vn 0.3452 0.6814 0.6454
vn 0.4264 0.3391 -0.8386
vn 0.4188 0.3313 -0.8455
vn 0.4413 0.3533 -0.8249
vn 0.4235 0.3563 -0.8329
vn 0.4698 0.3403 -0.8146
vn 0.4896 0.3416 -0.8022
vn 0.5265 0.3389 -0.7797
vn 0.5348 0.3454 -0.7712
vn 0.5145 0.3587 -0.7789
vn 0.5337 0.3614 -0.7646
vn 0.5262 0.3400 -0.7795
vn 0.5207 0.3323 -0.7864
vn -0.5792 0.5258 0.6230
vn -0.6311 0.5148 0.5803
vn -0.5595 0.5312 0.6362
vn -0.6412 0.5030 0.5796
vn -0.6663 0.5227 0.5319
vn -0.6812 0.5225 0.5128
vn -0.6976 0.5273 0.4850
vn -0.6994 0.5314 0.4779
vn 0.2041 -0.0634 -0.9769
vn 0.1936 -0.0735 -0.9783
vn 0.2482 -0.0922 -0.9643
vn 0.2470 -0.0534 -0.9676
vn 0.2607 -0.0982 -0.9604
vn 0.2573 -0.0799 -0.9630
vn 0.2799 -0.0785 -0.9568
vn 0.2747 -0.0539 -0.9600
vn 0.3104 -0.0675 -0.9482
vn 0.6350 0.2025 -0.7455
vn 0.7045 0.2213 -0.6744
vn 0.6795 0.2427 -0.6923
vn 0.5671 0.1869 -0.8021
vn 0.6802 0.2765 -0.6789
vn 0.6738 0.2975 -0.6764
vn 0.6145 0.3536 -0.7052
vn 0.6136 0.3408 -0.7123
vn 0.5579 0.3640 -0.7458
vn 0.5610 0.3320 -0.7583
vn -0.7989 0.3830 0.4637
vn -0.7600 0.4391 0.4792
vn -0.7574 0.4516 0.4716
vn -0.7981 0.3724 0.4737
vn -0.7100 0.5431 0.4482
vn -0.6951 0.5481 0.4652
vn -0.8659 0.3264 0.3791
vn -0.8732 0.3242 0.3639
vn -0.5689 0.5733 0.5897
vn -0.5457 0.5598 0.6235
vn -0.4251 0.5818 0.6933
vn -0.4246 0.5775 0.6972
vn -0.3334 0.5854 0.7390
vn -0.3179 0.5781 0.7515
vn 0.5810 0.5656 0.5853
vn 0.6232 0.5190 0.5850
vn 0.6094 0.5197 0.5987
vn 0.5839 0.5649 0.5831
vn 0.6869 0.4878 0.5387
vn 0.7093 0.4822 0.5141
vn 0.7316 0.4805 0.4835
vn 0.7338 0.4849 0.4758
vn -0.0612 -0.0782 -0.9951
vn -0.0863 -0.1145 -0.9897
vn -0.0287 -0.0810 -0.9963
vn -0.1522 -0.0896 -0.9843
vn -0.0256 -0.1122 -0.9934
vn -0.0505 -0.1996 -0.9786
vn 0.0336 -0.1689 -0.9851
vn 0.0022 -0.2398 -0.9708
vn 0.0479 -0.2251 -0.9732
vn 0.1338 -0.1803 -0.9745
vn 0.1036 -0.2251 -0.9688
vn 0.2239 -0.1658 -0.9604
vn 0.5965 0.5509 -0.5837
vn -0.0627 0.0768 -0.9951
vn -0.1153 0.0768 -0.9904
vn 0.0306 -0.0812 -0.9962
vn 0.0432 -0.0699 -0.9966
vn 0.0612 -0.2636 -0.9627
vn -0.1577 0.1663 0.9734
vn -0.0334 0.1527 0.9877
vn -0.1653 0.1680 0.9718
vn -0.2992 0.1729 0.9384
vn 0.0133 0.1513 0.9884
vn 0.1262 0.1245 0.9842
vn 0.1886 0.1153 0.9753
vn 0.2651 0.0907 0.9600
vn 0.2904 0.0700 0.9543
vn 0.3061 0.0692 0.9495
vn 0.2521 -0.1100 0.9614
vn 0.3928 -0.0843 0.9157
vn 0.3586 -0.4218 0.8328
vn 0.0180 -0.0504 0.9986
vn 0.0468 -0.0162 0.9988
vn -0.0938 0.3515 0.9315
vn -0.2844 -0.0337 -0.9581
vn -0.2767 -0.0318 -0.9604
vn -0.2763 -0.0190 -0.9609
vn -0.2798 -0.0336 -0.9595
vn -0.3172 -0.0344 -0.9477
vn -0.3345 -0.0341 -0.9418
vn -0.3575 -0.0407 -0.9330
vn -0.3596 -0.0443 -0.9321
vn 0.2835 -0.0408 -0.9581
vn 0.2900 -0.0458 -0.9559
vn 0.2743 -0.0365 -0.9609
vn 0.2556 -0.0129 -0.9667
vn 0.3204 -0.0438 -0.9463
vn 0.3316 -0.0336 -0.9428
vn 0.3695 -0.0468 -0.9281
vn 0.3732 -0.0523 -0.9263
vn -0.1676 0.6318 0.7568
vn -0.2424 0.6169 0.7488
vn -0.1562 0.6294 0.7612
vn -0.2513 0.6217 0.7418
vn -0.0231 0.6741 0.7383
vn -0.0177 0.6754 0.7372
vn 0.1160 0.7139 0.6906
vn 0.1147 0.7117 0.6931
vn 0.2293 0.7490 0.6216
vn 0.2329 0.7466 0.6232
vn 0.3262 0.7446 0.5823
vn 0.3350 0.7381 0.5857
vn 0.4121 0.6952 0.5890
vn 0.4234 0.6858 0.5920
vn 0.4837 0.6270 0.6107
vn 0.4900 0.6204 0.6123
vn 0.5003 0.6018 0.6226
vn 0.5058 0.5929 0.6266
vn 0.6097 0.5090 0.6077
vn 0.6125 0.5387 0.5785
vn 0.4367 0.7244 0.5334
vn 0.4291 0.7265 0.5368
vn 0.4311 0.6633 0.6118
vn 0.3975 0.7221 0.5661
vn 0.5796 0.5386 0.6115
vn 0.6024 0.5195 0.6061
vn 0.6120 0.4998 0.6129
vn 0.6189 0.5274 0.5820
vn 0.6274 0.5098 0.5886
vn 0.6196 0.5329 0.5763
vn 0.6303 0.5185 0.5777
vn 0.6451 0.5031 0.5750
vn 0.6479 0.5048 0.5704
vn 0.6584 0.4954 0.5666
vn 0.1639 0.0643 0.9844
vn 0.1994 0.0668 0.9776
vn 0.1141 0.0750 0.9906
vn 0.2472 0.0561 0.9673
vn 0.3267 0.0740 0.9422
vn 0.3786 0.0560 0.9239
vn 0.4922 0.0514 0.8690
vn 0.5334 0.0308 0.8453
vn 0.6077 0.0464 0.7928
vn 0.6315 0.0437 0.7742
vn 0.6893 0.0726 0.7208
vn 0.6998 0.0725 0.7107
vn 0.7305 0.0831 0.6779
vn 0.7357 0.0878 0.6716
vn 0.7552 0.0846 0.6500
vn 0.7498 0.0696 0.6580
vn 0.7772 0.0482 0.6274
vn 0.7652 0.0449 0.6423
vn 0.8015 0.0330 0.5971
vn 0.8123 0.0236 0.5828
vn 0.8264 0.0230 0.5627
vn 0.8418 0.0113 0.5397
vn 0.8832 -0.0137 0.4689
vn 0.9035 -0.0030 0.4286
vn 0.9252 0.0532 0.3757
vn 0.9308 0.1278 0.3426
vn 0.9322 0.2423 0.2688
vn 0.9409 0.1707 0.2924
vn 0.9222 0.3068 0.2355
vn 0.9149 0.3198 0.2462
vn 0.9076 0.3249 0.2659
vn 0.9040 0.3160 0.2879
vn 0.5004 -0.4545 0.7369
vn 0.4879 -0.4221 0.7640
vn 0.4897 -0.4026 0.7734
vn 0.4928 -0.4587 0.7394
vn 0.5524 -0.4617 0.6941
vn 0.5657 -0.4682 0.6788
vn 0.6059 -0.4776 0.6362
vn 0.6123 -0.4857 0.6238
vn 0.6433 -0.4910 0.5874
vn 0.6545 -0.4937 0.5726
vn 0.6868 -0.4971 0.5303
vn 0.6922 -0.5046 0.5160
vn 0.7004 -0.5380 0.4690
vn 0.6989 -0.5511 0.4558
vn 0.6906 -0.5982 0.4065
vn 0.6875 -0.6109 0.3926
vn 0.6808 -0.6558 0.3263
vn 0.6905 -0.6512 0.3148
vn 0.7000 -0.6619 0.2681
vn 0.6853 -0.6742 0.2754
vn 0.7455 -0.6234 0.2357
vn 0.7746 -0.5972 0.2082
vn 0.7977 -0.5937 0.1059
vn 0.8229 -0.5630 0.0763
vn 0.8786 -0.4776 -0.0005
vn 0.9335 -0.3562 -0.0412
vn 0.9905 -0.0737 -0.1163
vn 0.9782 -0.1881 -0.0881
vn 0.9835 0.0042 -0.1807
vn 0.9816 0.0050 -0.1910
vn 0.9761 -0.0002 -0.2174
vn 0.9750 -0.0016 -0.2220
vn 0.1924 0.0509 0.9800
vn 0.1038 0.0539 0.9931
vn 0.2070 0.0592 0.9765
vn 0.2890 0.0517 0.9559
vn 0.3282 0.0519 0.9432
vn 0.4209 0.0437 0.9060
vn 0.4860 0.0469 0.8727
vn 0.5554 0.0322 0.8310
vn 0.6002 0.0421 0.7987
vn 0.6384 0.0366 0.7689
vn 0.6763 0.0527 0.7347
vn 0.7010 0.0451 0.7118
vn 0.7185 0.0412 0.6943
vn 0.7441 0.0260 0.6676
vn 0.7495 0.0090 0.6619
vn 0.7785 -0.0102 0.6276
vn 0.7745 -0.0419 0.6312
vn 0.8067 -0.0724 0.5866
vn 0.8534 0.0688 0.5167
vn 0.8420 -0.1031 0.5295
vn 0.8525 0.1497 0.5007
vn 0.8618 0.2304 0.4519
vn 0.8550 0.2430 0.4581
vn 0.8470 0.2332 0.4778
vn 0.8465 0.3099 0.4328
vn 0.8403 0.3766 0.3899
vn 0.8638 0.2777 0.4203
vn 0.8574 0.3593 0.3686
vn 0.8728 0.2912 0.3916
vn 0.8682 0.3394 0.3619
vn 0.8686 0.3405 0.3600
vn 0.8859 0.2507 0.3903
vn -0.5427 0.4447 -0.7126
vn -0.5351 0.4256 -0.7298
vn -0.5620 0.4975 -0.6608
vn -0.5675 0.5137 -0.6434
vn -0.4879 0.5782 -0.6539
vn -0.4792 0.5639 -0.6726
vn -0.5055 0.6182 -0.6019
vn -0.5113 0.6299 -0.5846
vn -0.5684 0.6239 -0.5363
vn -0.5896 0.6186 -0.5193
vn -0.6866 0.5579 -0.4663
vn -0.7102 0.5424 -0.4488
vn -0.7570 0.5062 -0.4132
vn -0.7597 0.5091 -0.4045
vn -0.9339 0.0704 -0.3506
vn 0.9060 -0.3004 0.2983
vn 0.9099 -0.3011 0.2853
vn 0.9029 -0.2998 0.3080
vn 0.9126 -0.3015 0.2762
vn 0.8468 -0.4039 0.3460
vn 0.8498 -0.3886 0.3561
vn 0.8520 -0.3760 0.3643
vn 0.8441 -0.4167 0.3374
vn 0.6264 -0.1259 0.7693
vn 0.6271 -0.1259 0.7687
vn 0.6507 -0.1255 0.7489
vn 0.6003 -0.1261 0.7898
vn 0.6963 -0.0317 0.7170
vn 0.6963 -0.0309 0.7171
vn 0.6966 -0.0397 0.7163
vn 0.6959 -0.0223 0.7178
vn 0.0532 0.5359 0.8426
vn -0.0111 0.5603 0.8282
vn 0.0722 0.5281 0.8461
vn -0.0324 0.5678 0.8225
vn 0.1108 0.5060 0.8554
vn 0.0894 0.5296 0.8435
vn 0.0801 0.5396 0.8381
vn 0.1200 0.4956 0.8602
vn 0.7038 0.0887 0.7048
vn 0.7018 0.0878 0.7069
vn 0.7059 0.0897 0.7026
vn 0.1471 0.4143 0.8982
vn 0.1321 0.4148 0.9003
vn 0.1534 0.4141 0.8972
vn 0.1259 0.4150 0.9011
vn -0.4429 -0.0116 -0.8965
vn -0.3247 0.0934 -0.9412
vn -0.4104 0.1207 -0.9039
vn -0.4035 -0.0367 -0.9142
vn -0.4883 -0.0870 -0.8683
vn -0.4601 -0.0968 -0.8826
vn -0.3507 0.1677 -0.9214
vn -0.4514 0.1720 -0.8756
vn -0.5292 0.1716 -0.8310
vn -0.4895 0.1781 -0.8536
vn -0.5724 0.1639 -0.8034
vn -0.4362 0.1860 -0.8804
vn 0.6426 -0.1171 0.7572
vn 0.6634 -0.1081 0.7404
vn 0.6184 -0.1272 0.7755
vn 0.5927 -0.1375 0.7936
vn 0.7083 -0.0189 0.7057
vn 0.7077 -0.0193 0.7063
vn 0.7091 -0.0183 0.7049
vn 0.7098 -0.0178 0.7042
vn 0.6962 0.2087 0.6869
vn 0.6954 0.1681 0.6987
vn 0.6789 0.2424 0.6930
vn 0.7093 0.1760 0.6826
vn 0.7127 0.2876 0.6398
vn 0.7232 0.2567 0.6411
vn 0.7165 0.3161 0.6218
vn 0.7253 0.3264 0.6061
vn 0.7370 0.3476 0.5797
vn 0.7468 0.3563 0.5615
vn 0.7481 0.3702 0.5508
vn 0.7498 0.3790 0.5424
vn 0.7488 0.3933 0.5335
vn 0.7062 0.1219 0.6974
vn 0.7062 0.1218 0.6975
vn 0.7045 0.1208 0.6993
vn 0.7079 0.1229 0.6955
vn 0.7258 0.5972 0.3413
vn 0.7604 0.4863 0.4305
vn 0.4688 0.7904 0.3943
vn 0.7560 0.5592 0.3404
vn 0.7688 0.4193 0.4827
vn 0.8719 0.3033 0.3844
vn 0.9198 0.0383 0.3904
vn 0.7705 0.5437 0.3327
vn 0.7750 0.5357 0.3352
vn 0.7740 0.5325 0.3426
vn 0.9123 -0.0260 0.4086
vn 0.8994 -0.0320 0.4359
vn 0.7637 0.3658 0.5319
vn 0.1955 0.4021 0.8945
vn 0.1811 0.4021 0.8975
vn 0.1995 0.4021 0.8936
vn 0.1769 0.4021 0.8983
vn 0.1725 0.4395 0.8815
vn 0.1953 0.4290 0.8820
vn 0.2011 0.4262 0.8820
vn 0.1666 0.4422 0.8813
vn 0.1599 0.5124 0.8437
vn 0.1688 0.4990 0.8500
vn 0.1669 0.4989 0.8504
vn 0.1571 0.5123 0.8443
vn 0.1459 0.5517 0.8212
vn 0.1447 0.5480 0.8239
vn 0.1748 0.5900 0.7882
vn 0.1708 0.5881 0.7905
vn 0.2191 0.5874 0.7791
vn 0.2251 0.5850 0.7792
vn 0.1751 0.9805 0.0889
vn 0.2614 0.9548 0.1417
vn 0.2820 0.9482 0.1462
vn 0.1665 0.9826 0.0829
vn 0.3811 0.8994 0.2141
vn 0.3824 0.8981 0.2172
vn 0.4778 0.8427 0.2481
vn 0.4872 0.8367 0.2501
vn 0.9597 -0.1812 0.2148
vn 0.9619 -0.1806 0.2055
vn 0.9582 -0.1816 0.2213
vn 0.9633 -0.1802 0.1991
vn 0.1677 0.3868 0.9068
vn 0.1521 0.3868 0.9096
vn 0.1738 0.3868 0.9056
vn 0.1462 0.3867 0.9105
vn 0.2145 0.4329 0.8755
vn 0.4250 0.0915 0.9006
vn 0.3999 -0.0030 0.9166
vn 0.3028 0.4267 0.8522
vn 0.0277 0.7423 0.6695
vn 0.2173 0.6561 0.7227
vn 0.3346 -0.0980 0.9373
vn 0.3782 -0.1335 0.9160
vn -0.0954 0.7204 0.6870
vn -0.1007 0.7127 0.6942
vn 0.3762 -0.1739 0.9101
vn 0.4266 -0.1937 0.8835
vn -0.0962 0.6647 0.7409
vn -0.0861 0.6576 0.7484
vn -0.2200 -0.6567 -0.7214
vn -0.5119 0.1747 -0.8411
vn -0.5559 0.1834 -0.8108
vn -0.5082 0.1740 -0.8435
vn -0.4586 0.1639 -0.8734
vn -0.0319 0.5966 0.8019
vn -0.0930 0.6291 0.7718
vn -0.0147 0.5869 0.8095
vn -0.1110 0.6380 0.7620
vn 0.9381 -0.2361 0.2535
vn 0.9417 -0.2362 0.2395
vn 0.9355 -0.2361 0.2630
vn 0.9440 -0.2361 0.2303
vn 0.7108 0.0534 0.7013
vn 0.7089 0.0526 0.7034
vn 0.6948 0.0468 0.7177
vn 0.7251 0.0594 0.6861
vn 0.1389 0.4811 0.8656
vn 0.1224 0.4821 0.8675
vn 0.1462 0.4806 0.8647
vn 0.1140 0.4826 0.8684
vn 0.7236 0.0531 0.6882
vn 0.7184 0.0477 0.6940
vn 0.7310 0.0609 0.6796
vn 0.7367 0.0670 0.6729
vn 0.7262 0.0638 0.6845
vn 0.7207 0.0575 0.6908
vn 0.7321 0.0706 0.6776
vn 0.7370 0.0764 0.6716
vn 0.7419 0.0801 0.6657
vn 0.7363 0.0724 0.6727
vn 0.7478 0.0885 0.6579
vn 0.7528 0.0956 0.6512
vn 0.7580 0.1346 0.6382
vn 0.7593 0.1365 0.6363
vn 0.7570 0.1331 0.6397
vn 0.7558 0.1312 0.6416
vn 0.8375 0.3656 0.4061
vn 0.8078 0.2357 0.5402
vn 0.7583 0.2078 0.6179
vn 0.8533 0.3813 0.3557
vn 0.8267 0.2298 0.5135
vn 0.7561 -0.6443 0.1149
vn 0.2950 -0.7682 -0.5682
vn 0.7154 -0.6959 -0.0628
vn 0.5976 -0.5396 0.5930
vn 0.6161 -0.6307 0.4717
vn 0.4112 -0.3163 0.8549
vn 0.4378 -0.3252 0.8382
vn 0.1818 -0.7397 -0.6479
vn 0.7667 -0.6420 0.0064
vn -0.0646 -0.6103 -0.7895
vn -0.1077 -0.5716 -0.8134
vn 0.5817 -0.6752 0.4535
vn 0.3894 -0.4979 0.7749
vn 0.2731 -0.3916 0.8787
vn 0.0205 0.0210 0.9996
vn -0.0305 0.1168 0.9927
vn -0.1837 -0.3795 -0.9067
vn -0.1598 -0.3193 -0.9341
vn -0.1617 0.0239 -0.9865
vn -0.1622 0.0813 -0.9834
vn -0.2689 0.2047 -0.9412
vn -0.3120 0.1488 -0.9383
vn -0.0640 0.2558 0.9646
vn -0.1465 0.4574 0.8771
vn -0.1591 0.4777 0.8640
vn -0.2486 0.6950 0.6747
vn -0.2627 0.7139 0.6491
vn -0.3456 0.8047 0.4827
vn -0.3606 0.8100 0.4624
vn 0.0044 0.1722 0.9851
vn 0.0969 0.3917 0.9150
vn 0.1879 0.3776 0.9067
vn -0.5034 0.8640 0.0089
vn -0.5141 0.8514 -0.1040
vn -0.5328 0.6861 -0.4954
vn -0.5435 0.6721 -0.5029
vn 0.0462 0.0083 0.9989
vn 0.0771 -0.0094 0.9970
vn 0.2169 -0.1212 0.9686
vn 0.1944 -0.0900 0.9768
vn 0.7004 0.2414 0.6717
vn 0.7555 0.4227 0.5006
vn 0.7386 0.3506 0.5758
vn 0.6782 0.1908 0.7096
vn -0.0243 0.6696 0.7424
vn -0.0235 0.6829 0.7301
vn -0.0231 0.6884 0.7250
vn -0.0245 0.6647 0.7467
vn -0.0507 0.7049 0.7075
vn -0.0566 0.7178 0.6939
vn -0.0590 0.7230 0.6883
vn -0.0488 0.7005 0.7120
vn 0.1879 0.2835 0.9404
vn 0.0813 0.3539 0.9317
vn -0.0856 0.3691 0.9254
vn 0.4353 0.1708 0.8840
vn 0.5495 0.1084 0.8284
vn 0.5384 0.1320 0.8323
vn 0.5304 0.1642 0.8317
vn 0.5210 0.1653 0.8374
vn 0.5426 0.1627 0.8241
vn 0.5070 0.1669 0.8456
vn -0.0936 0.6358 0.7662
vn -0.1115 0.6518 0.7502
vn -0.1174 0.6569 0.7448
vn -0.0845 0.6275 0.7740
vn -0.3658 0.0871 -0.9266
vn -0.1705 0.0833 -0.9818
vn -0.3634 0.0661 -0.9293
vn -0.5142 0.0653 -0.8552
vn -0.5853 0.0606 -0.8085
vn -0.6009 0.0402 -0.7983
vn 0.5071 -0.0711 0.8590
vn 0.6002 -0.0124 0.7997
vn 0.4069 -0.0907 0.9089
vn 0.6317 0.0191 0.7750
vn 0.6467 0.0582 0.7605
vn -0.7742 0.2239 -0.5921
vn -0.7729 0.2226 -0.5942
vn -0.7786 0.2284 -0.5844
vn -0.7799 0.2296 -0.5823
vn -0.6838 0.3297 -0.6510
vn -0.6929 0.3404 -0.6357
vn -0.6956 0.3436 -0.6309
vn -0.6807 0.3262 -0.6559
vn -0.2778 0.6519 -0.7055
vn -0.2840 0.6618 -0.6938
vn -0.2619 0.6262 -0.7344
vn -0.2560 0.6166 -0.7445
vn -0.1463 0.7110 -0.6878
vn -0.1407 0.7011 -0.6991
vn -0.1075 0.7548 -0.6471
vn -0.1051 0.7581 -0.6436
vn -0.0368 0.7863 -0.6168
vn -0.0336 0.7919 -0.6097
vn -0.5796 0.4212 -0.6976
vn -0.5789 0.4203 -0.6987
vn -0.5813 0.4233 -0.6949
vn -0.5819 0.4241 -0.6939
vn -0.4111 0.5456 -0.7303
vn -0.4129 0.5481 -0.7274
vn -0.4066 0.5393 -0.7375
vn -0.4050 0.5370 -0.7400
vn 0.8138 -0.1381 0.5645
vn 0.8127 -0.1377 0.5661
vn 0.8142 -0.1383 0.5639
vn 0.8124 -0.1376 0.5667
vn 0.8135 -0.1320 0.5664
vn -0.8149 -0.0247 -0.5791
vn -0.1952 0.0385 -0.9800
vn -0.1962 0.0393 -0.9798
vn -0.1948 0.0381 -0.9801
vn -0.1939 0.0374 -0.9803
vn -0.3934 -0.0687 -0.9168
vn -0.3852 -0.0725 -0.9200
vn -0.3982 -0.0664 -0.9149
vn -0.4055 -0.0629 -0.9119
vn 0.2417 -0.0242 0.9701
vn 0.3526 0.0333 0.9352
vn 0.3261 0.0243 0.9450
vn 0.2316 -0.0277 0.9724
vn 0.1576 -0.0565 0.9859
vn 0.1558 -0.0602 0.9860
vn 0.0773 -0.0790 0.9939
vn 0.0779 -0.0824 0.9936
vn 0.0358 -0.0890 0.9954
vn 0.0400 -0.0921 0.9949
vn 0.4152 0.0793 0.9063
vn 0.4456 0.0875 0.8910
vn 0.4741 0.1125 0.8732
vn 0.5104 0.1300 0.8501
vn 0.5166 0.0908 0.8514
vn 0.5553 0.0888 0.8269
vn 0.5539 -0.0585 0.8306
vn 0.6017 -0.0434 0.7975
vn 0.6045 -0.1323 0.7856
vn 0.6389 -0.0593 0.7670
vn 0.6389 -0.0671 0.7663
vn 0.6595 -0.0081 0.7517
vn -0.0070 0.6542 0.7563
vn -0.0046 0.6640 0.7477
vn -0.0035 0.6683 0.7439
vn -0.0080 0.6503 0.7597
vn 0.0004 0.6450 0.7641
vn 0.0022 0.6492 0.7606
vn 0.0030 0.6512 0.7589
vn -0.0004 0.6433 0.7656
vn -0.1208 0.0632 -0.9907
vn -0.1223 0.0648 -0.9904
vn -0.1200 0.0625 -0.9908
vn -0.1187 0.0611 -0.9911
vn -0.0543 0.6930 0.7189
vn -0.0526 0.6826 0.7289
vn -0.0520 0.6791 0.7322
vn -0.0549 0.6971 0.7149
vn -0.2736 0.0043 -0.9618
vn -0.2706 0.0024 -0.9627
vn -0.2753 0.0054 -0.9614
vn -0.2779 0.0072 -0.9606
vn -0.0876 0.7099 0.6988
vn -0.0835 0.7043 0.7049
vn -0.0821 0.7025 0.7069
vn -0.0895 0.7124 0.6961
vn 0.4594 0.1080 0.8816
vn 0.4694 0.1044 0.8768
vn 0.4466 0.1125 0.8876
vn 0.4807 0.1003 0.8711
vn -0.0380 0.0785 -0.9962
vn -0.0389 0.0796 -0.9961
vn -0.0375 0.0778 -0.9963
vn -0.0367 0.0768 -0.9964
vn 0.1183 0.7282 0.6751
vn 0.2079 0.7366 0.6436
vn 0.2266 0.7440 0.6286
vn 0.1044 0.7187 0.6874
vn -0.0244 0.7120 0.7017
vn -0.0306 0.7098 0.7038
vn -0.1261 0.7191 0.6834
vn -0.1259 0.7161 0.6866
vn -0.2293 0.7490 0.6216
vn -0.2329 0.7466 0.6232
vn -0.3262 0.7446 0.5823
vn -0.3350 0.7381 0.5857
vn -0.4121 0.6952 0.5890
vn -0.4234 0.6858 0.5919
vn -0.4837 0.6270 0.6107
vn -0.4900 0.6204 0.6123
vn -0.5003 0.6018 0.6226
vn -0.5058 0.5930 0.6266
vn -0.6110 0.5124 0.6035
vn -0.6061 0.5531 0.5716
vn -0.2998 0.8204 0.4869
vn -0.2750 0.8409 0.4661
vn -0.4399 0.6589 0.6102
vn -0.4174 0.7024 0.5765
vn -0.5818 0.5373 0.6106
vn -0.6024 0.5195 0.6060
vn -0.6120 0.4998 0.6129
vn -0.6163 0.5271 0.5851
vn -0.6274 0.5098 0.5886
vn -0.6053 0.5330 0.5912
vn -0.6143 0.5231 0.5908
vn -0.6337 0.5097 0.5819
vn -0.6393 0.5123 0.5735
vn -0.6584 0.4954 0.5666
vn -0.3052 0.0935 0.9477
vn -0.3366 0.0912 0.9372
vn -0.3688 0.0799 0.9261
vn -0.2743 0.1051 0.9559
vn -0.4092 0.0753 0.9093
vn -0.4425 0.0588 0.8948
vn -0.5021 0.0478 0.8635
vn -0.5354 0.0321 0.8440
vn -0.6077 0.0464 0.7928
vn -0.6315 0.0437 0.7742
vn -0.6893 0.0726 0.7208
vn -0.6998 0.0725 0.7107
vn -0.7305 0.0831 0.6779
vn -0.7357 0.0878 0.6716
vn -0.7552 0.0846 0.6500
vn -0.7498 0.0696 0.6579
vn -0.7772 0.0482 0.6274
vn -0.7652 0.0449 0.6423
vn -0.8005 0.0317 0.5985
vn -0.8164 0.0153 0.5773
vn -0.8382 -0.0082 0.5454
vn -0.8518 -0.0275 0.5232
vn -0.8804 -0.0352 0.4728
vn -0.9018 -0.0100 0.4320
vn -0.9252 0.0532 0.3757
vn -0.9308 0.1278 0.3426
vn -0.9323 0.2424 0.2684
vn -0.9409 0.1712 0.2923
vn -0.9222 0.3064 0.2357
vn -0.9150 0.3193 0.2464
vn -0.9081 0.3244 0.2647
vn -0.9047 0.3145 0.2875
vn -0.5490 -0.4182 0.7237
vn -0.5421 -0.3657 0.7566
vn -0.5387 -0.4250 0.7274
vn -0.5463 -0.3351 0.7677
vn -0.5772 -0.4475 0.6831
vn -0.5858 -0.4584 0.6683
vn -0.6057 -0.4777 0.6363
vn -0.6124 -0.4857 0.6238
vn -0.6433 -0.4911 0.5874
vn -0.6545 -0.4937 0.5726
vn -0.6868 -0.4971 0.5303
vn -0.6922 -0.5046 0.5160
vn -0.7004 -0.5380 0.4690
vn -0.6989 -0.5511 0.4558
vn -0.6906 -0.5982 0.4065
vn -0.6875 -0.6109 0.3926
vn -0.6808 -0.6558 0.3263
vn -0.6905 -0.6512 0.3149
vn -0.7088 -0.6551 0.2617
vn -0.6902 -0.6706 0.2718
vn -0.7507 -0.6186 0.2320
vn -0.7717 -0.6004 0.2097
vn -0.7914 -0.6013 0.1098
vn -0.8201 -0.5668 0.0781
vn -0.8786 -0.4775 -0.0005
vn -0.9335 -0.3562 -0.0412
vn -0.9898 -0.0806 -0.1176
vn -0.9776 -0.1916 -0.0874
vn -0.9796 -0.0096 -0.2005
vn -0.9774 -0.0044 -0.2112
vn -0.9754 -0.0011 -0.2205
vn -0.9750 -0.0016 -0.2220
vn -0.3154 0.1010 0.9436
vn -0.4013 0.0920 0.9113
vn -0.3325 0.1175 0.9358
vn -0.2297 0.1221 0.9656
vn -0.3992 0.0658 0.9145
vn -0.4707 0.0551 0.8806
vn -0.4953 0.0443 0.8676
vn -0.5560 0.0326 0.8305
vn -0.6002 0.0421 0.7987
vn -0.6384 0.0366 0.7689
vn -0.6763 0.0527 0.7347
vn -0.7010 0.0451 0.7118
vn -0.7185 0.0412 0.6943
vn -0.7441 0.0260 0.6676
vn -0.7495 0.0090 0.6619
vn -0.7785 -0.0102 0.6276
vn -0.7745 -0.0419 0.6312
vn -0.8067 -0.0724 0.5866
vn -0.8586 0.0732 0.5074
vn -0.8500 -0.0927 0.5186
vn -0.8530 0.1421 0.5021
vn -0.8669 0.2281 0.4432
vn -0.8565 0.2391 0.4574
vn -0.8460 0.2270 0.4824
vn -0.8465 0.3099 0.4328
vn -0.8404 0.3766 0.3899
vn -0.8638 0.2777 0.4203
vn -0.8574 0.3593 0.3686
vn -0.8728 0.2912 0.3916
vn -0.8682 0.3394 0.3619
vn -0.8686 0.3405 0.3600
vn -0.8859 0.2507 0.3903
vn 0.5427 0.4447 -0.7126
vn 0.5675 0.5137 -0.6435
vn 0.5620 0.4975 -0.6608
vn 0.5351 0.4256 -0.7297
vn 0.4879 0.5782 -0.6539
vn 0.5055 0.6182 -0.6019
vn 0.4792 0.5639 -0.6726
vn 0.5113 0.6300 -0.5846
vn 0.5684 0.6239 -0.5363
vn 0.5896 0.6186 -0.5193
vn 0.6866 0.5579 -0.4663
vn 0.7102 0.5424 -0.4488
vn 0.7570 0.5062 -0.4132
vn 0.7597 0.5091 -0.4045
vn 0.9056 0.1175 -0.4075
vn -0.9060 -0.3004 0.2983
vn -0.9099 -0.3011 0.2853
vn -0.9126 -0.3015 0.2762
vn -0.9029 -0.2998 0.3079
vn 0.8468 0.4039 -0.3460
vn 0.8441 0.4167 -0.3373
vn 0.8498 0.3886 -0.3561
vn 0.8520 0.3760 -0.3643
vn 0.6264 0.1259 -0.7693
vn 0.6003 0.1261 -0.7898
vn 0.6271 0.1259 -0.7687
vn 0.6507 0.1255 -0.7489
vn -0.6963 -0.0317 0.7170
vn -0.6963 -0.0309 0.7171
vn -0.6959 -0.0223 0.7178
vn -0.6966 -0.0397 0.7163
vn -0.0532 0.5359 0.8426
vn 0.0111 0.5603 0.8282
vn 0.0324 0.5678 0.8225
vn -0.0723 0.5281 0.8461
vn -0.1108 0.5060 0.8554
vn -0.0894 0.5296 0.8435
vn -0.1200 0.4956 0.8602
vn -0.0801 0.5396 0.8381
vn -0.7038 0.0887 0.7048
vn -0.7059 0.0897 0.7026
vn -0.7018 0.0878 0.7070
vn -0.1471 0.4143 0.8982
vn -0.1321 0.4148 0.9003
vn -0.1259 0.4150 0.9011
vn -0.1534 0.4141 0.8972
vn 0.4429 -0.0116 -0.8965
vn 0.3247 0.0934 -0.9412
vn 0.4035 -0.0367 -0.9142
vn 0.4104 0.1207 -0.9039
vn 0.4883 -0.0870 -0.8683
vn 0.4601 -0.0968 -0.8826
vn 0.3507 0.1677 -0.9214
vn 0.4514 0.1720 -0.8756
vn 0.5292 0.1716 -0.8310
vn 0.4895 0.1781 -0.8536
vn 0.4362 0.1860 -0.8804
vn 0.5724 0.1639 -0.8035
vn 0.6426 0.1171 -0.7572
vn 0.6184 0.1272 -0.7755
vn 0.5927 0.1375 -0.7936
vn 0.6634 0.1081 -0.7404
vn -0.7083 -0.0189 0.7057
vn -0.7098 -0.0178 0.7042
vn -0.7091 -0.0183 0.7049
vn -0.7077 -0.0193 0.7063
vn -0.9851 -0.0330 0.1688
vn -0.9863 -0.0166 0.1641
vn -0.9879 -0.0049 0.1550
vn -0.9849 -0.0329 0.1699
vn -0.9914 0.0106 0.1303
vn -0.9928 0.0100 0.1190
vn -0.9867 -0.0542 0.1531
vn -0.9881 -0.0900 0.1251
vn -0.9849 -0.0325 0.1698
vn -0.9879 -0.1113 0.1083
vn -0.9932 0.0296 0.1124
vn -0.9935 0.0293 0.1100
vn -0.9937 0.0291 0.1085
vn -0.9931 0.0298 0.1138
vn -0.9966 0.0550 0.0606
vn -0.9948 0.0596 0.0824
vn -0.9935 0.0624 0.0953
vn -0.9981 0.0495 0.0354
vn -0.6927 0.1667 0.7017
vn -0.6954 0.1682 0.6987
vn -0.7093 0.1760 0.6826
vn -0.6787 0.1589 0.7170
vn -0.7316 0.2581 0.6310
vn -0.6712 0.3512 0.6528
vn -0.7207 0.2762 0.6358
vn -0.7728 0.1819 0.6080
vn -0.7062 0.1219 0.6974
vn -0.7062 0.1218 0.6975
vn -0.7079 0.1229 0.6955
vn -0.7045 0.1208 0.6993
vn -0.7573 0.2744 0.5926
vn -0.7571 0.2742 0.5930
vn -0.7636 0.2804 0.5817
vn -0.7506 0.2680 0.6040
vn -0.7449 0.3129 0.5892
vn -0.7449 0.3129 0.5893
vn -0.7460 0.3139 0.5872
vn -0.7437 0.3119 0.5914
vn -0.7604 0.4863 0.4305
vn -0.7637 0.3658 0.5319
vn -0.7688 0.4193 0.4827
vn -0.7258 0.5972 0.3413
vn -0.4689 0.7903 0.3943
vn -0.7560 0.5592 0.3404
vn -0.8719 0.3033 0.3844
vn -0.9198 0.0384 0.3904
vn -0.7705 0.5437 0.3327
vn -0.7750 0.5357 0.3352
vn -0.7740 0.5325 0.3426
vn -0.9123 -0.0260 0.4086
vn -0.8994 -0.0320 0.4359
vn -0.7488 0.3933 0.5335
vn -0.7496 0.3821 0.5405
vn -0.7459 0.3736 0.5514
vn -0.7447 0.3651 0.5587
vn -0.7392 0.3612 0.5684
vn -0.1955 0.4021 0.8945
vn -0.1811 0.4021 0.8975
vn -0.1769 0.4021 0.8983
vn -0.1995 0.4021 0.8936
vn -0.1365 0.4449 0.8851
vn -0.1874 0.4219 0.8871
vn -0.1234 0.4506 0.8841
vn -0.2004 0.4157 0.8871
vn -0.1296 0.5182 0.8454
vn -0.1272 0.5053 0.8535
vn -0.1270 0.5053 0.8535
vn -0.1309 0.5182 0.8452
vn -0.1429 0.5318 0.8347
vn -0.1455 0.5320 0.8341
vn -0.1751 0.5895 0.7885
vn -0.1568 0.5736 0.8040
vn -0.1546 0.5734 0.8046
vn -0.1706 0.5875 0.7911
vn -0.2191 0.5874 0.7790
vn -0.2251 0.5850 0.7792
vn -0.1751 0.9805 0.0889
vn -0.2614 0.9548 0.1417
vn -0.1665 0.9826 0.0829
vn -0.2820 0.9482 0.1462
vn -0.3811 0.8994 0.2141
vn -0.3824 0.8981 0.2172
vn -0.4778 0.8427 0.2481
vn -0.4873 0.8367 0.2501
vn -0.9597 -0.1811 0.2148
vn -0.9619 -0.1806 0.2055
vn -0.9633 -0.1801 0.1991
vn -0.9582 -0.1816 0.2213
vn -0.1677 0.3868 0.9068
vn -0.1521 0.3868 0.9096
vn -0.1462 0.3867 0.9105
vn -0.1738 0.3868 0.9056
vn -0.9737 -0.1474 0.1738
vn -0.9802 -0.1457 0.1338
vn -0.9831 -0.1447 0.1122
vn -0.9695 -0.1481 0.1952
vn -0.2145 0.4329 0.8755
vn -0.4250 0.0915 0.9006
vn -0.2655 0.5158 0.8146
vn -0.3999 -0.0030 0.9166
vn -0.0277 0.7423 0.6695
vn -0.2092 0.6542 0.7268
vn -0.3346 -0.0980 0.9373
vn -0.3782 -0.1335 0.9160
vn 0.0953 0.7203 0.6870
vn 0.1007 0.7127 0.6942
vn -0.3762 -0.1739 0.9101
vn -0.4266 -0.1937 0.8835
vn 0.0962 0.6647 0.7409
vn 0.0861 0.6576 0.7484
vn -0.1971 0.6514 0.7327
vn 0.5119 0.1747 -0.8411
vn 0.4586 0.1639 -0.8734
vn 0.5082 0.1740 -0.8435
vn 0.5559 0.1834 -0.8108
vn 0.0319 0.5967 0.8019
vn 0.0930 0.6291 0.7718
vn 0.1110 0.6380 0.7620
vn 0.0147 0.5869 0.8095
vn -0.9381 -0.2361 0.2535
vn -0.9417 -0.2362 0.2395
vn -0.9440 -0.2361 0.2303
vn -0.9355 -0.2361 0.2630
vn -0.7108 0.0534 0.7013
vn -0.7089 0.0526 0.7033
vn -0.7251 0.0594 0.6861
vn -0.6948 0.0468 0.7177
vn -0.1389 0.4811 0.8656
vn -0.1224 0.4821 0.8675
vn -0.1140 0.4826 0.8684
vn -0.1462 0.4806 0.8647
vn -0.7236 0.0531 0.6882
vn -0.7367 0.0670 0.6729
vn -0.7310 0.0609 0.6796
vn -0.7184 0.0477 0.6940
vn -0.7262 0.0638 0.6845
vn -0.7370 0.0764 0.6716
vn -0.7321 0.0706 0.6776
vn -0.7207 0.0575 0.6908
vn -0.7419 0.0801 0.6657
vn -0.7528 0.0957 0.6512
vn -0.7478 0.0885 0.6579
vn -0.7363 0.0724 0.6727
vn -0.7580 0.1346 0.6382
vn -0.7558 0.1312 0.6416
vn -0.7570 0.1331 0.6397
vn -0.7593 0.1365 0.6363
vn -0.8375 0.3656 0.4061
vn -0.7583 0.2078 0.6179
vn -0.8078 0.2357 0.5402
vn -0.8533 0.3813 0.3556
vn -0.8267 0.2298 0.5135
vn -0.7561 -0.6443 0.1149
vn -0.7154 -0.6959 -0.0628
vn -0.2950 -0.7682 -0.5682
vn -0.5976 -0.5396 0.5930
vn -0.6161 -0.6308 0.4717
vn -0.4112 -0.3163 0.8549
vn -0.4378 -0.3252 0.8382
vn -0.1817 -0.7397 -0.6479
vn -0.7667 -0.6420 0.0064
vn 0.0646 -0.6103 -0.7895
vn 0.1078 -0.5716 -0.8134
vn -0.5817 -0.6752 0.4535
vn -0.3894 -0.4979 0.7749
vn -0.2731 -0.3916 0.8787
vn -0.0205 0.0210 0.9996
vn 0.0305 0.1168 0.9927
vn 0.1837 -0.3795 -0.9067
vn 0.1597 -0.3193 -0.9341
vn 0.1617 0.0239 -0.9866
vn 0.1622 0.0813 -0.9834
vn 0.2689 0.2047 -0.9412
vn 0.3120 0.1488 -0.9384
vn 0.0640 0.2558 0.9646
vn 0.1465 0.4574 0.8771
vn 0.1591 0.4777 0.8640
vn 0.2486 0.6950 0.6747
vn 0.2627 0.7139 0.6491
vn 0.3456 0.8047 0.4828
vn 0.3606 0.8100 0.4624
vn -0.0044 0.1722 0.9851
vn -0.0969 0.3917 0.9150
vn -0.1879 0.3776 0.9067
vn 0.5034 0.8640 0.0089
vn 0.5141 0.8514 -0.1040
vn 0.5328 0.6861 -0.4954
vn 0.5435 0.6721 -0.5029
vn -0.0462 0.0083 0.9989
vn -0.0771 -0.0094 0.9970
vn -0.2169 -0.1212 0.9686
vn -0.1944 -0.0900 0.9768
vn -0.6611 0.2131 0.7194
vn -0.6440 0.1754 0.7446
vn -0.6892 0.2830 0.6670
vn -0.7056 0.3311 0.6265
vn 0.0243 0.6696 0.7424
vn 0.0235 0.6829 0.7301
vn 0.0245 0.6647 0.7467
vn 0.0231 0.6884 0.7250
vn 0.0507 0.7049 0.7075
vn 0.0566 0.7178 0.6939
vn 0.0488 0.7005 0.7120
vn 0.0590 0.7230 0.6883
vn -0.1879 0.2835 0.9404
vn -0.0813 0.3539 0.9317
vn -0.4353 0.1708 0.8840
vn 0.0856 0.3691 0.9254
vn -0.5495 0.1084 0.8284
vn -0.5384 0.1320 0.8323
vn -0.5304 0.1642 0.8317
vn -0.5210 0.1653 0.8374
vn -0.5070 0.1669 0.8456
vn -0.5426 0.1627 0.8241
vn 0.0936 0.6358 0.7662
vn 0.1115 0.6518 0.7502
vn 0.0845 0.6275 0.7740
vn 0.1174 0.6569 0.7448
vn 0.7742 0.2239 -0.5921
vn 0.7799 0.2296 -0.5823
vn 0.7786 0.2283 -0.5845
vn 0.7729 0.2226 -0.5942
vn 0.6838 0.3297 -0.6510
vn 0.6956 0.3436 -0.6309
vn 0.6929 0.3404 -0.6356
vn 0.6807 0.3262 -0.6559
vn 0.2778 0.6519 -0.7055
vn 0.2560 0.6166 -0.7445
vn 0.2619 0.6262 -0.7344
vn 0.2840 0.6618 -0.6938
vn 0.1463 0.7110 -0.6878
vn 0.1051 0.7581 -0.6436
vn 0.1075 0.7548 -0.6471
vn 0.1407 0.7011 -0.6991
vn 0.0368 0.7863 -0.6168
vn 0.0336 0.7919 -0.6097
vn 0.5796 0.4212 -0.6976
vn 0.5819 0.4241 -0.6939
vn 0.5813 0.4233 -0.6949
vn 0.5789 0.4203 -0.6987
vn 0.4111 0.5456 -0.7302
vn 0.4050 0.5370 -0.7400
vn 0.4066 0.5393 -0.7375
vn 0.4129 0.5481 -0.7274
vn 0.8138 0.1381 -0.5645
vn 0.8124 0.1376 -0.5667
vn 0.8127 0.1377 -0.5661
vn 0.8142 0.1383 -0.5639
vn 0.8135 0.1320 -0.5664
vn -0.8149 0.0247 0.5791
vn 0.1952 0.0385 -0.9800
vn 0.1939 0.0374 -0.9803
vn 0.1948 0.0381 -0.9801
vn 0.1962 0.0393 -0.9798
vn 0.3934 -0.0687 -0.9168
vn 0.4055 -0.0629 -0.9119
vn 0.3982 -0.0664 -0.9149
vn 0.3852 -0.0725 -0.9200
vn 0.2417 0.0242 -0.9701
vn 0.3261 -0.0243 -0.9450
vn 0.2316 0.0277 -0.9724
vn 0.3526 -0.0333 -0.9352
vn 0.1576 0.0565 -0.9859
vn 0.1566 0.0607 -0.9858
vn 0.0773 0.0793 -0.9939
vn 0.0791 0.0825 -0.9934
vn 0.0350 0.0883 -0.9955
vn 0.0377 0.0904 -0.9952
vn 0.4152 -0.0793 -0.9063
vn 0.4456 -0.0875 -0.8910
vn 0.4741 -0.1125 -0.8732
vn 0.5104 -0.1300 -0.8501
vn 0.5166 -0.0908 -0.8514
vn 0.5553 -0.0888 -0.8269
vn 0.5539 0.0585 -0.8306
vn 0.6017 0.0434 -0.7975
vn 0.6045 0.1323 -0.7856
vn 0.6389 0.0593 -0.7670
vn 0.6389 0.0671 -0.7663
vn 0.6595 0.0081 -0.7517
vn 0.0071 0.6546 0.7560
vn 0.0047 0.6641 0.7477
vn 0.0081 0.6508 0.7592
vn 0.0036 0.6683 0.7439
vn -0.0004 0.6451 0.7641
vn -0.0021 0.6493 0.7605
vn 0.0004 0.6433 0.7656
vn -0.0029 0.6511 0.7590
vn 0.1208 0.0632 -0.9907
vn 0.1187 0.0611 -0.9911
vn 0.1200 0.0625 -0.9908
vn 0.1223 0.0648 -0.9904
vn 0.0543 0.6930 0.7189
vn 0.0526 0.6826 0.7289
vn 0.0549 0.6971 0.7149
vn 0.0520 0.6791 0.7322
vn 0.2736 0.0043 -0.9618
vn 0.2779 0.0071 -0.9606
vn 0.2753 0.0054 -0.9614
vn 0.2706 0.0024 -0.9627
vn 0.0876 0.7099 0.6988
vn 0.0835 0.7043 0.7049
vn 0.0895 0.7124 0.6961
vn 0.0821 0.7025 0.7069
vn -0.4594 0.1080 0.8816
vn -0.4694 0.1044 0.8768
vn -0.4807 0.1003 0.8711
vn -0.4466 0.1125 0.8876
vn 0.3658 0.0871 -0.9266
vn 0.5142 0.0653 -0.8552
vn 0.3633 0.0661 -0.9293
vn 0.1705 0.0833 -0.9818
vn 0.5853 0.0606 -0.8085
vn 0.6009 0.0402 -0.7983
vn -0.5070 -0.0711 0.8590
vn -0.4069 -0.0907 0.9090
vn -0.6002 -0.0124 0.7997
vn -0.6317 0.0191 0.7750
vn -0.6467 0.0582 0.7605
vn 0.0380 0.0785 -0.9962
vn 0.0367 0.0768 -0.9964
vn 0.0375 0.0778 -0.9963
vn 0.0389 0.0796 -0.9961
vt 0.628350 0.693120
vt 0.622970 0.693120
vt 0.624770 0.689530
vt 0.626560 0.689530
vt 0.628350 0.682360
vt 0.626560 0.685940
vt 0.622970 0.682360
vt 0.624770 0.685940
vt 0.647010 0.496480
vt 0.756140 0.278220
vt 0.865270 0.496480
vt 0.756140 0.714730
vt 0.624770 0.674350
vt 0.622950 0.677910
vt 0.628400 0.677910
vt 0.626580 0.674350
vt 0.628400 0.667220
vt 0.626580 0.670790
vt 0.622950 0.667220
vt 0.624770 0.670790
vt 0.647590 0.496290
vt 0.756530 0.278400
vt 0.865470 0.496290
vt 0.756530 0.714150
vt 0.545033 0.143640
vt 0.547846 0.151581
vt 0.549722 0.152268
vt 0.615001 0.218611
vt 0.622755 0.230991
vt 0.614376 0.220737
vt 0.605497 0.210607
vt 0.605747 0.206980
vt 0.595055 0.199602
vt 0.594743 0.195725
vt 0.584550 0.189473
vt 0.584300 0.186096
vt 0.573420 0.179218
vt 0.573483 0.176842
vt 0.563666 0.169839
vt 0.563791 0.167838
vt 0.555162 0.161085
vt 0.555600 0.158834
vt 0.550097 0.150268
vt 0.558976 0.091741
vt 0.562791 0.093992
vt 0.560477 0.095055
vt 0.554850 0.100808
vt 0.556976 0.100433
vt 0.562040 0.098119
vt 0.564416 0.096806
vt 0.565042 0.092867
vt 0.709794 0.069763
vt 0.703541 0.070419
vt 0.707668 0.066073
vt 0.709044 0.073702
vt 0.686659 0.079329
vt 0.692911 0.075359
vt 0.694037 0.081080
vt 0.610249 0.101245
vt 0.614251 0.097494
vt 0.613126 0.095243
vt 0.609624 0.084082
vt 0.607373 0.083957
vt 0.610124 0.088709
vt 0.609874 0.106248
vt 0.607123 0.105622
vt 0.614626 0.103809
vt 0.620004 0.105685
vt 0.615502 0.099807
vt 0.567418 0.102621
vt 0.566105 0.109249
vt 0.570231 0.104997
vt 0.563478 0.105247
vt 0.575609 0.108811
vt 0.561227 0.110687
vt 0.558914 0.107186
vt 0.554537 0.108186
vt 0.555287 0.113438
vt 0.567230 0.116502
vt 0.558914 0.124068
vt 0.574608 0.121505
vt 0.564104 0.132072
vt 0.568856 0.137137
vt 0.582862 0.124944
vt 0.576922 0.143702
vt 0.592366 0.129758
vt 0.588115 0.151706
vt 0.603872 0.134573
vt 0.599557 0.159334
vt 0.616752 0.139075
vt 0.610249 0.165962
vt 0.631884 0.143702
vt 0.620504 0.173090
vt 0.640138 0.147766
vt 0.579986 0.111000
vt 0.585926 0.113626
vt 0.592116 0.129446
vt 0.594680 0.116377
vt 0.603496 0.133385
vt 0.606623 0.118816
vt 0.616377 0.136449
vt 0.621379 0.121317
vt 0.631134 0.139513
vt 0.637387 0.124568
vt 0.645390 0.142764
vt 0.652143 0.129821
vt 0.659897 0.147204
vt 0.666025 0.138387
vt 0.672277 0.152831
vt 0.676529 0.148329
vt 0.683407 0.159959
vt 0.557726 0.103559
vt 0.554099 0.103622
vt 0.562165 0.102121
vt 0.565292 0.099870
vt 0.553974 0.094242
vt 0.552348 0.091429
vt 0.557038 0.087958
vt 0.563103 0.089115
vt 0.550535 0.088521
vt 0.566855 0.086614
vt 0.560852 0.085019
vt 0.558914 0.080955
vt 0.565354 0.081580
vt 0.555225 0.084113
vt 0.553349 0.079392
vt 0.557351 0.076641
vt 0.551661 0.075140
vt 0.547096 0.077923
vt 0.548909 0.083706
vt 0.545971 0.073577
vt 0.544720 0.079079
vt 0.563791 0.076953
vt 0.547971 0.084613
vt 0.556600 0.072483
vt 0.562665 0.072451
vt 0.551161 0.071170
vt 0.546221 0.069231
vt 0.542594 0.074421
vt 0.562103 0.069262
vt 0.556663 0.068450
vt 0.561915 0.066855
vt 0.562040 0.065135
vt 0.551161 0.067418
vt 0.551598 0.063697
vt 0.556600 0.065573
vt 0.556725 0.062635
vt 0.562478 0.063447
vt 0.557413 0.060384
vt 0.562978 0.062384
vt 0.563666 0.061415
vt 0.558414 0.058414
vt 0.552286 0.060477
vt 0.546533 0.064823
vt 0.564542 0.060165
vt 0.560039 0.056710
vt 0.553036 0.057632
vt 0.546784 0.060665
vt 0.547409 0.056679
vt 0.541156 0.060227
vt 0.554287 0.053990
vt 0.540968 0.064667
vt 0.541406 0.069575
vt 0.541844 0.055913
vt 0.548722 0.052474
vt 0.555788 0.050614
vt 0.560165 0.052239
vt 0.560852 0.046909
vt 0.550785 0.048612
vt 0.545283 0.046659
vt 0.543219 0.051223
vt 0.554412 0.043642
vt 0.558414 0.045627
vt 0.561478 0.040968
vt 0.558163 0.038671
vt 0.552786 0.034966
vt 0.548972 0.040507
vt 0.561665 0.033629
vt 0.556225 0.029784
vt 0.560102 0.027006
vt 0.661898 0.198227
vt 0.642389 0.195475
vt 0.647641 0.204354
vt 0.662773 0.185721
vt 0.636011 0.187222
vt 0.660897 0.173590
vt 0.654770 0.161085
vt 0.628507 0.179843
vt 0.647641 0.153206
vt 0.659521 0.208981
vt 0.651768 0.212733
vt 0.655895 0.222362
vt 0.702666 0.192099
vt 0.708168 0.183845
vt 0.709794 0.189973
vt 0.692911 0.182219
vt 0.711795 0.197601
vt 0.707543 0.179968
vt 0.692036 0.170214
vt 0.695288 0.168463
vt 0.691161 0.164836
vt 0.698539 0.172465
vt 0.701540 0.172965
vt 0.704292 0.171089
vt 0.707793 0.171715
vt 0.707418 0.165837
vt 0.483919 0.090115
vt 0.493510 0.093367
vt 0.486397 0.080080
vt 0.481840 0.100995
vt 0.501654 0.106811
vt 0.482458 0.110750
vt 0.484193 0.115064
vt 0.671652 0.173590
vt 0.681531 0.168088
vt 0.682407 0.172215
vt 0.683282 0.177592
vt 0.675404 0.178468
vt 0.683782 0.182344
vt 0.684032 0.186971
vt 0.676404 0.185096
vt 0.682282 0.192474
vt 0.675404 0.191473
vt 0.676654 0.195350
vt 0.670151 0.195350
vt 0.554975 0.097056
vt 0.614251 0.086614
vt 0.615377 0.091241
vt 0.619128 0.084394
vt 0.614251 0.093117
vt 0.601433 0.094305
vt 0.604122 0.083831
vt 0.596431 0.083675
vt 0.590053 0.086708
vt 0.588240 0.092992
vt 0.590178 0.099682
vt 0.596681 0.103872
vt 0.604372 0.104997
vt 0.590866 0.102058
vt 0.602246 0.082331
vt 0.587989 0.087677
vt 0.591616 0.104372
vt 0.595555 0.107623
vt 0.594993 0.111688
vt 0.600620 0.107748
vt 0.602621 0.106373
vt 0.588052 0.098307
vt 0.585738 0.096869
vt 0.583738 0.092617
vt 0.585676 0.088771
vt 0.579986 0.092492
vt 0.595055 0.079767
vt 0.600182 0.080549
vt 0.594367 0.076109
vt 0.591303 0.082331
vt 0.590678 0.084582
vt 0.529369 0.121067
vt 0.533621 0.121630
vt 0.528369 0.128258
vt 0.525930 0.127195
vt 0.525993 0.121067
vt 0.526399 0.138762
vt 0.528525 0.137887
vt 0.533371 0.128820
vt 0.537467 0.122317
vt 0.538154 0.116440
vt 0.534559 0.136511
vt 0.538092 0.128508
vt 0.541844 0.122442
vt 0.543219 0.127632
vt 0.546658 0.123005
vt 0.548284 0.127507
vt 0.541781 0.117253
vt 0.541031 0.136136
vt 0.537060 0.144765
vt 0.529713 0.147016
vt 0.546408 0.135011
vt 0.538905 0.151768
vt 0.549972 0.140388
vt 0.549847 0.126819
vt 0.548659 0.122567
vt 0.545408 0.117815
vt 0.542219 0.112063
vt 0.547846 0.117878
vt 0.550910 0.133072
vt 0.553849 0.137762
vt 0.558226 0.143014
vt 0.554287 0.146328
vt 0.542782 0.161460
vt 0.533496 0.163586
vt 0.530808 0.153581
vt 0.538217 0.176092
vt 0.548534 0.173215
vt 0.553161 0.160960
vt 0.560289 0.171840
vt 0.554912 0.184595
vt 0.568043 0.182344
vt 0.561915 0.196101
vt 0.577235 0.193975
vt 0.567605 0.208731
vt 0.581924 0.202353
vt 0.553161 0.211608
vt 0.548409 0.199852
vt 0.543407 0.188347
vt 0.556475 0.221737
vt 0.570482 0.221237
vt 0.584988 0.211482
vt 0.586489 0.222237
vt 0.570919 0.233242
vt 0.584925 0.235493
vt 0.580298 0.246623
vt 0.569231 0.244247
vt 0.573420 0.256753
vt 0.565980 0.254752
vt 0.560477 0.254252
vt 0.560352 0.243372
vt 0.559039 0.232617
vt 0.583800 0.247499
vt 0.576297 0.257503
vt 0.558038 0.244622
vt 0.558601 0.254877
vt 0.588865 0.236244
vt 0.556475 0.234618
vt 0.590741 0.222362
vt 0.553912 0.224613
vt 0.589052 0.211858
vt 0.550723 0.214734
vt 0.585989 0.202979
vt 0.546096 0.203229
vt 0.541469 0.191473
vt 0.536216 0.178593
vt 0.531433 0.165337
vt 0.528963 0.155207
vt 0.527650 0.148329
vt 0.530245 0.109124
vt 0.534497 0.108937
vt 0.530120 0.115064
vt 0.527619 0.110124
vt 0.526399 0.115314
vt 0.533434 0.102871
vt 0.539155 0.104935
vt 0.528869 0.104247
vt 0.524273 0.106310
vt 0.539155 0.110812
vt 0.534121 0.115127
vt 0.537779 0.098807
vt 0.541531 0.100120
vt 0.530964 0.097807
vt 0.534716 0.092617
vt 0.525899 0.100245
vt 0.521147 0.102934
vt 0.539030 0.093367
vt 0.527619 0.093054
vt 0.531652 0.087052
vt 0.536154 0.087395
vt 0.524899 0.088615
vt 0.522304 0.096306
vt 0.517958 0.099807
vt 0.519552 0.091991
vt 0.514832 0.095805
vt 0.518896 0.105560
vt 0.521929 0.107873
vt 0.528932 0.081455
vt 0.533496 0.081518
vt 0.522679 0.083957
vt 0.517645 0.087489
vt 0.512549 0.091491
vt 0.515707 0.103184
vt 0.512831 0.100058
vt 0.509298 0.095556
vt 0.510611 0.085989
vt 0.516020 0.082581
vt 0.521147 0.079517
vt 0.514957 0.077641
vt 0.520334 0.075265
vt 0.526556 0.073296
vt 0.531902 0.076891
vt 0.527306 0.077078
vt 0.531308 0.073014
vt 0.505765 0.088740
vt 0.509267 0.080236
vt 0.503983 0.082487
vt 0.514613 0.073296
vt 0.508860 0.074921
vt 0.503295 0.076203
vt 0.520084 0.071607
vt 0.526274 0.070169
vt 0.531214 0.070044
vt 0.526524 0.067105
vt 0.520365 0.067855
vt 0.514925 0.068825
vt 0.531589 0.067355
vt 0.527087 0.064885
vt 0.532121 0.065542
vt 0.521084 0.064885
vt 0.515770 0.065167
vt 0.527806 0.062822
vt 0.522304 0.061915
vt 0.517083 0.061446
vt 0.523898 0.058601
vt 0.518740 0.057445
vt 0.532621 0.063885
vt 0.510361 0.065167
vt 0.509329 0.069669
vt 0.503624 0.070013
vt 0.504780 0.064479
vt 0.511799 0.060790
vt 0.513612 0.056163
vt 0.533152 0.062197
vt 0.528744 0.060071
vt 0.529713 0.056225
vt 0.525586 0.054990
vt 0.520522 0.053412
vt 0.528775 0.049003
vt 0.523585 0.047174
vt 0.529838 0.043344
vt 0.515613 0.051630
vt 0.510298 0.049003
vt 0.508204 0.054099
vt 0.518614 0.045017
vt 0.513394 0.042157
vt 0.521897 0.039069
vt 0.516707 0.036044
vt 0.525962 0.034372
vt 0.520491 0.030952
vt 0.529119 0.032101
vt 0.526368 0.028631
vt 0.522085 0.026437
vt 0.526712 0.041609
vt 0.529963 0.037318
vt 0.506297 0.059383
vt 0.542282 0.106310
vt 0.544595 0.112751
vt 0.545283 0.107561
vt 0.547096 0.113188
vt 0.566542 0.264881
vt 0.558038 0.274511
vt 0.562353 0.263756
vt 0.559602 0.263631
vt 0.558351 0.264131
vt 0.568356 0.265257
vt 0.591116 0.181844
vt 0.601621 0.192599
vt 0.597994 0.177717
vt 0.585801 0.167088
vt 0.579861 0.171715
vt 0.574483 0.158334
vt 0.569669 0.162836
vt 0.564792 0.150080
vt 0.560727 0.154332
vt 0.608624 0.189598
vt 0.611250 0.205355
vt 0.616877 0.203854
vt 0.618378 0.218110
vt 0.621754 0.217485
vt 0.622505 0.217360
vt 0.617878 0.203604
vt 0.609624 0.189348
vt 0.599370 0.177342
vt 0.586864 0.166712
vt 0.575171 0.157333
vt 0.565729 0.149330
vt 0.559414 0.142639
vt 0.555287 0.137449
vt 0.552661 0.133197
vt 0.555663 0.161210
vt 0.562416 0.171840
vt 0.571107 0.182594
vt 0.581299 0.194850
vt 0.525305 0.111375
vt 0.698789 0.073608
vt 0.702916 0.079361
vt 0.696038 0.068825
vt 0.702541 0.063697
vt 0.702666 0.056085
vt 0.708794 0.060196
vt 0.686033 0.076328
vt 0.687409 0.070919
vt 0.679656 0.073983
vt 0.679405 0.067199
vt 0.674403 0.071107
vt 0.678030 0.079423
vt 0.670026 0.075484
vt 0.670276 0.067136
vt 0.667150 0.062072
vt 0.674153 0.060946
vt 0.667275 0.056100
vt 0.675529 0.053521
vt 0.668776 0.051161
vt 0.661272 0.056382
vt 0.662523 0.048769
vt 0.672027 0.046924
vt 0.676779 0.042938
vt 0.680906 0.047565
vt 0.683282 0.041328
vt 0.689785 0.046690
vt 0.673778 0.041859
vt 0.664524 0.060946
vt 0.665524 0.064323
vt 0.655770 0.045768
vt 0.668025 0.042782
vt 0.689910 0.058695
vt 0.698289 0.049238
vt 0.701790 0.045345
vt 0.695663 0.042532
vt 0.689535 0.041140
vt 0.681531 0.036263
vt 0.690410 0.035333
vt 0.705792 0.049347
vt 0.708293 0.054943
vt 0.710920 0.046627
vt 0.715922 0.054943
vt 0.706042 0.044595
vt 0.702791 0.041781
vt 0.692536 0.027873
vt 0.698914 0.038014
vt 0.726051 0.054865
vt 0.715297 0.061822
vt 0.711545 0.064979
vt 0.708794 0.087052
vt 0.684032 0.079079
vt 0.665649 0.081518
vt 0.664899 0.069450
vt 0.677154 0.039390
vt 0.660897 0.031906
vt 0.655019 0.029194
vt 0.657395 0.033004
vt 0.638762 0.248874
vt 0.630008 0.244998
vt 0.638762 0.244998
vt 0.630008 0.248874
vt 0.648016 0.244998
vt 0.648016 0.248874
vt 0.656020 0.248874
vt 0.656020 0.244998
vt 0.621754 0.244998
vt 0.621754 0.248874
vt 0.613126 0.244998
vt 0.613126 0.248874
vt 0.604997 0.245123
vt 0.607748 0.248874
vt 0.604997 0.249750
vt 0.604122 0.250625
vt 0.598181 0.252376
vt 0.645390 0.029197
vt 0.637637 0.030503
vt 0.635761 0.031702
vt 0.634761 0.092992
vt 0.635511 0.101683
vt 0.633385 0.093930
vt 0.636761 0.101058
vt 0.632760 0.085801
vt 0.631384 0.087145
vt 0.628133 0.081111
vt 0.627257 0.082925
vt 0.621880 0.078579
vt 0.621254 0.080142
vt 0.637637 0.108937
vt 0.638887 0.108499
vt 0.641889 0.117440
vt 0.643389 0.117190
vt 0.647016 0.124881
vt 0.649017 0.124944
vt 0.612751 0.077078
vt 0.612000 0.078298
vt 0.577860 0.055725
vt 0.583237 0.062884
vt 0.576859 0.057570
vt 0.583925 0.061353
vt 0.588990 0.065135
vt 0.588802 0.066886
vt 0.595805 0.069481
vt 0.595305 0.070763
vt 0.603121 0.073327
vt 0.602621 0.074515
vt 0.614877 0.054865
vt 0.611875 0.069731
vt 0.613376 0.055162
vt 0.612876 0.071107
vt 0.691536 0.208106
vt 0.706543 0.213233
vt 0.692036 0.211357
vt 0.706418 0.210732
vt 0.719548 0.215484
vt 0.722300 0.215484
vt 0.720674 0.206730
vt 0.722050 0.204229
vt 0.725426 0.185346
vt 0.722550 0.184470
vt 0.722425 0.165587
vt 0.720674 0.162961
vt 0.698789 0.266632
vt 0.700540 0.269133
vt 0.723800 0.269258
vt 0.726677 0.267132
vt 0.670527 0.211983
vt 0.673903 0.213358
vt 0.679530 0.212483
vt 0.678405 0.209231
vt 0.607123 0.066855
vt 0.606498 0.068168
vt 0.599995 0.064667
vt 0.600808 0.063510
vt 0.593992 0.060758
vt 0.595430 0.059758
vt 0.590303 0.055819
vt 0.588740 0.057257
vt 0.584113 0.050535
vt 0.582549 0.051489
vt 0.648516 0.113126
vt 0.652893 0.120316
vt 0.653644 0.118753
vt 0.649392 0.111625
vt 0.646016 0.103559
vt 0.482380 0.207856
vt 0.486319 0.198352
vt 0.486319 0.204354
vt 0.482380 0.202228
vt 0.486319 0.208481
vt 0.482380 0.211733
vt 0.486319 0.213108
vt 0.482380 0.215734
vt 0.486319 0.217485
vt 0.529963 0.268008
vt 0.526024 0.268008
vt 0.526024 0.272885
vt 0.529963 0.272885
vt 0.529963 0.262130
vt 0.526024 0.262130
vt 0.526024 0.257003
vt 0.529963 0.257003
vt 0.533059 0.262130
vt 0.533059 0.257003
vt 0.533059 0.268008
vt 0.533059 0.272885
vt 0.526024 0.252126
vt 0.529963 0.252126
vt 0.529963 0.248124
vt 0.526024 0.248124
vt 0.525899 0.242371
vt 0.533059 0.252126
vt 0.533059 0.248124
vt 0.529932 0.224113
vt 0.525086 0.218861
vt 0.529932 0.219111
vt 0.525086 0.223988
vt 0.525086 0.213859
vt 0.529932 0.213984
vt 0.529932 0.230366
vt 0.525086 0.229991
vt 0.525086 0.209357
vt 0.529932 0.209732
vt 0.529932 0.205230
vt 0.525086 0.204604
vt 0.529932 0.200102
vt 0.490461 0.190473
vt 0.490461 0.200227
vt 0.490461 0.206105
vt 0.490461 0.212358
vt 0.490461 0.218486
vt 0.532965 0.205230
vt 0.532965 0.209732
vt 0.532965 0.213984
vt 0.532965 0.197851
vt 0.532965 0.219486
vt 0.532965 0.225114
vt 0.532965 0.231241
vt 0.522241 0.219111
vt 0.522241 0.213859
vt 0.522241 0.224238
vt 0.522241 0.229991
vt 0.522241 0.209482
vt 0.522241 0.205230
vt 0.480449 0.214859
vt 0.480449 0.211858
vt 0.480449 0.208981
vt 0.480449 0.203979
vt 0.486061 0.153456
vt 0.486061 0.158959
vt 0.489680 0.161835
vt 0.489680 0.156958
vt 0.486061 0.162961
vt 0.489680 0.165212
vt 0.486061 0.167088
vt 0.489680 0.168713
vt 0.486061 0.171715
vt 0.481145 0.145891
vt 0.481145 0.155457
vt 0.481145 0.161335
vt 0.481145 0.167213
vt 0.481145 0.172590
vt 0.522741 0.248124
vt 0.522741 0.252126
vt 0.522741 0.257003
vt 0.522773 0.238870
vt 0.522741 0.262130
vt 0.522741 0.268008
vt 0.522741 0.272885
vt 0.491305 0.168088
vt 0.491305 0.165462
vt 0.491305 0.162711
vt 0.491305 0.158584
vt 0.630008 0.037991
vt 0.619754 0.043079
vt 0.625256 0.034489
vt 0.624005 0.046330
vt 0.619628 0.031918
vt 0.615627 0.039905
vt 0.614877 0.030346
vt 0.611750 0.037733
vt 0.607623 0.036443
vt 0.609999 0.029166
vt 0.603872 0.036169
vt 0.606122 0.028539
vt 0.602871 0.031898
vt 0.598432 0.030984
vt 0.597181 0.027990
vt 0.595305 0.033059
vt 0.486968 0.040812
vt 0.496276 0.042641
vt 0.497136 0.036443
vt 0.487507 0.034974
vt 0.486162 0.045595
vt 0.494619 0.047909
vt 0.484802 0.050207
vt 0.492306 0.053021
vt 0.483067 0.053959
vt 0.490164 0.056944
vt 0.487780 0.060915
vt 0.480762 0.057382
vt 0.483841 0.060915
vt 0.483239 0.067011
vt 0.481168 0.064229
vt 0.477242 0.065667
vt 0.540405 0.255002
vt 0.548097 0.251250
vt 0.548347 0.246123
vt 0.539030 0.264631
vt 0.540781 0.249124
vt 0.548534 0.243122
vt 0.540218 0.242872
vt 0.548722 0.240120
vt 0.587989 0.042297
vt 0.596493 0.044235
vt 0.585613 0.044595
vt 0.599870 0.040851
vt 0.592054 0.037944
vt 0.601996 0.038624
vt 0.500200 0.127820
vt 0.502795 0.121692
vt 0.502795 0.127820
vt 0.500200 0.121692
vt 0.500200 0.134323
vt 0.502795 0.134323
vt 0.502795 0.141701
vt 0.500200 0.141701
vt 0.500200 0.149330
vt 0.502795 0.149330
vt 0.500200 0.156958
vt 0.502795 0.156958
vt 0.500200 0.165087
vt 0.502795 0.165087
vt 0.500200 0.173340
vt 0.502795 0.173340
vt 0.500200 0.182720
vt 0.502795 0.182720
vt 0.500200 0.192474
vt 0.502795 0.192474
vt 0.500200 0.204479
vt 0.502795 0.204479
vt 0.502795 0.219236
vt 0.500200 0.219236
vt 0.500075 0.227865
vt 0.502607 0.228990
vt 0.500075 0.231742
vt 0.502607 0.238370
vt 0.500075 0.236994
vt 0.500075 0.245748
vt 0.502607 0.249375
vt 0.500075 0.251751
vt 0.502607 0.262505
vt 0.500075 0.255252
vt 0.509235 0.121692
vt 0.509235 0.127820
vt 0.509235 0.134323
vt 0.509235 0.141701
vt 0.509235 0.149330
vt 0.509235 0.156958
vt 0.509235 0.165087
vt 0.509235 0.173340
vt 0.509235 0.182720
vt 0.509235 0.192474
vt 0.509235 0.204479
vt 0.509235 0.219236
vt 0.509329 0.231867
vt 0.509329 0.242496
vt 0.509329 0.256878
vt 0.509329 0.275136
vt 0.512893 0.127820
vt 0.512893 0.121692
vt 0.512893 0.134323
vt 0.512893 0.141701
vt 0.512893 0.149330
vt 0.512893 0.156958
vt 0.512893 0.165087
vt 0.512893 0.173340
vt 0.512893 0.182720
vt 0.512893 0.192474
vt 0.512893 0.204479
vt 0.512893 0.219236
vt 0.512893 0.233742
vt 0.512893 0.245123
vt 0.512893 0.260880
vt 0.512893 0.279263
vt 0.634260 0.042125
vt 0.628007 0.049754
vt 0.639012 0.047456
vt 0.632259 0.054615
vt 0.643264 0.053318
vt 0.636261 0.060227
vt 0.647266 0.059633
vt 0.640013 0.066355
vt 0.650768 0.066261
vt 0.643389 0.072514
vt 0.654144 0.073014
vt 0.646641 0.078516
vt 0.657771 0.080424
vt 0.650392 0.086364
vt 0.661397 0.087802
vt 0.654144 0.094305
vt 0.665399 0.095618
vt 0.658271 0.103872
vt 0.663898 0.115002
vt 0.681031 0.087177
vt 0.689285 0.090178
vt 0.672027 0.127882
vt 0.680031 0.138262
vt 0.689285 0.144953
vt 0.697539 0.093492
vt 0.704041 0.149892
vt 0.713296 0.118566
vt 0.717673 0.136324
vt 0.721925 0.154082
vt 0.707668 0.097744
vt 0.721424 0.248874
vt 0.721424 0.244998
vt 0.713671 0.244998
vt 0.713671 0.248874
vt 0.706292 0.244998
vt 0.706292 0.248874
vt 0.699039 0.244998
vt 0.699039 0.248874
vt 0.691786 0.244998
vt 0.691786 0.248874
vt 0.684658 0.244998
vt 0.684658 0.248874
vt 0.726927 0.247874
vt 0.677655 0.248874
vt 0.670777 0.244998
vt 0.677655 0.244998
vt 0.670777 0.248874
vt 0.684658 0.240370
vt 0.691786 0.240370
vt 0.677655 0.240370
vt 0.684658 0.236994
vt 0.691786 0.236994
vt 0.677655 0.236994
vt 0.663648 0.240370
vt 0.663648 0.244998
vt 0.670777 0.240370
vt 0.663648 0.236994
vt 0.670777 0.236994
vt 0.623631 0.270759
vt 0.629008 0.261130
vt 0.630383 0.270759
vt 0.622880 0.261130
vt 0.616627 0.270759
vt 0.616627 0.261130
vt 0.635135 0.261130
vt 0.636886 0.270759
vt 0.641138 0.261130
vt 0.643264 0.270759
vt 0.649517 0.270759
vt 0.647266 0.261130
vt 0.655645 0.270759
vt 0.653269 0.261130
vt 0.648016 0.240370
vt 0.656020 0.240370
vt 0.638762 0.240370
vt 0.630008 0.240370
vt 0.621754 0.240370
vt 0.613126 0.240370
vt 0.591491 0.254877
vt 0.593742 0.257378
vt 0.605497 0.240245
vt 0.587864 0.264381
vt 0.591053 0.263381
vt 0.580298 0.266507
vt 0.582424 0.271885
vt 0.569231 0.278263
vt 0.590616 0.267758
vt 0.648016 0.236994
vt 0.656020 0.236994
vt 0.638762 0.236994
vt 0.630008 0.236994
vt 0.621754 0.236994
vt 0.613126 0.236994
vt 0.603872 0.236869
vt 0.576484 0.266007
vt 0.563979 0.279263
vt 0.589052 0.252626
vt 0.663648 0.248874
vt 0.713671 0.240370
vt 0.721424 0.240370
vt 0.713671 0.236994
vt 0.721424 0.236994
vt 0.706292 0.240370
vt 0.706292 0.236994
vt 0.699039 0.240370
vt 0.699039 0.236994
vt 0.726802 0.239745
vt 0.661772 0.270759
vt 0.659271 0.261130
vt 0.665900 0.261130
vt 0.668525 0.270759
vt 0.672527 0.261130
vt 0.675404 0.270759
vt 0.683282 0.270759
vt 0.680031 0.261130
vt 0.688660 0.261130
vt 0.685783 0.270759
vt 0.697038 0.261130
vt 0.638512 0.081111
vt 0.638262 0.087302
vt 0.636761 0.082550
vt 0.637261 0.074609
vt 0.634260 0.076860
vt 0.630759 0.071013
vt 0.634135 0.069231
vt 0.641639 0.097244
vt 0.625631 0.073921
vt 0.616877 0.072514
vt 0.619628 0.061415
vt 0.618503 0.055678
vt 0.625006 0.060352
vt 0.622755 0.062791
vt 0.629758 0.064291
vt 0.627007 0.066073
vt 0.612125 0.261130
vt 0.614126 0.270759
vt 0.711045 0.220487
vt 0.706793 0.221737
vt 0.706793 0.220487
vt 0.711045 0.221737
vt 0.702416 0.220487
vt 0.697413 0.221737
vt 0.697789 0.220487
vt 0.702166 0.221737
vt 0.686909 0.221737
vt 0.682782 0.220487
vt 0.687534 0.220487
vt 0.682157 0.221737
vt 0.680656 0.225614
vt 0.685533 0.225614
vt 0.691036 0.225614
vt 0.692286 0.221737
vt 0.692786 0.220487
vt 0.677780 0.220487
vt 0.677530 0.221737
vt 0.676154 0.225614
vt 0.671527 0.220487
vt 0.672152 0.227240
vt 0.690535 0.227240
vt 0.685033 0.227240
vt 0.696038 0.227240
vt 0.696538 0.225614
vt 0.710795 0.227240
vt 0.710920 0.225614
vt 0.706418 0.225614
vt 0.706167 0.227240
vt 0.715297 0.227240
vt 0.715297 0.225614
vt 0.719674 0.225614
vt 0.719924 0.227240
vt 0.701165 0.227240
vt 0.701540 0.225614
vt 0.680406 0.227240
vt 0.675904 0.227240
vt 0.486850 0.264131
vt 0.486850 0.259254
vt 0.480586 0.259254
vt 0.480586 0.264131
vt 0.486850 0.268758
vt 0.480586 0.268758
vt 0.486850 0.273135
vt 0.480586 0.273135
vt 0.486850 0.277387
vt 0.480586 0.277387
vt 0.480586 0.254002
vt 0.486850 0.254002
vt 0.480586 0.248874
vt 0.486850 0.248874
vt 0.480586 0.243747
vt 0.486850 0.243747
vt 0.480586 0.239120
vt 0.486850 0.239120
vt 0.480586 0.234618
vt 0.486850 0.234618
vt 0.480586 0.229741
vt 0.486850 0.229741
vt 0.715046 0.220487
vt 0.715171 0.221737
vt 0.718923 0.220487
vt 0.719173 0.221737
s 1
usemtl material_0.002
f 2587/629/2412 2586/630/2413 2585/631/2414
f 2588/632/2415 2587/629/2412 2585/631/2414
f 2589/633/2416 2587/629/2412 2588/632/2415
f 2590/634/2417 2589/633/2416 2588/632/2415
f 2591/635/2418 2589/633/2416 2590/634/2417
f 2592/636/2419 2591/635/2418 2590/634/2417
f 2586/630/2413 2591/635/2418 2592/636/2419
f 2585/631/2414 2586/630/2413 2592/636/2419
f 2592/637/2419 2590/638/2417 2588/639/2415
f 2585/640/2414 2592/637/2419 2588/639/2415
f 2593/641/2420 2586/642/2421 2587/643/2422
f 2594/644/2423 2593/641/2420 2587/643/2422
f 2594/644/2423 2587/643/2422 2589/645/2424
f 2595/646/2425 2594/644/2423 2589/645/2424
f 2595/646/2425 2589/645/2424 2591/647/2426
f 2596/648/2427 2595/646/2425 2591/647/2426
f 2596/648/2427 2591/647/2426 2586/642/2421
f 2593/641/2420 2596/648/2427 2586/642/2421
f 2594/649/2423 2595/650/2425 2596/651/2427
f 2593/652/2420 2594/649/2423 2596/651/2427
usemtl non-metal
f 3080/653/2428 3413/654/2428 3408/655/2428
f 3428/656/2429 3426/657/2430 3427/658/2431
f 3428/656/2429 3427/658/2431 3429/659/2432
f 3428/656/2429 3429/659/2432 3430/660/2433
f 3430/660/2433 3429/659/2432 3431/661/2434
f 3430/660/2433 3431/661/2434 3432/662/2435
f 3432/662/2435 3431/661/2434 3433/663/2436
f 3432/662/2435 3433/663/2436 3434/664/2437
f 3434/664/2437 3433/663/2436 3435/665/2438
f 3434/664/2437 3435/665/2438 3436/666/2439
f 3436/666/2439 3435/665/2438 3437/667/2440
f 3436/666/2439 3437/667/2440 3438/668/2441
f 3438/668/2441 3437/667/2440 3439/669/2442
f 3438/668/2441 3439/669/2442 3440/670/2443
f 3441/671/2444 3440/670/2443 3439/669/2442
f 3441/671/2444 3439/669/2442 3442/655/2445
f 3443/653/2446 3441/671/2444 3442/655/2445
f 3659/672/2447 3303/673/2447 3293/674/2447
f 3657/675/2448 3660/674/2448 3290/676/2448
f 3663/674/2449 3661/677/2449 3662/673/2449
f 3662/673/2450 3664/678/2451 3665/679/2452
f 3662/673/2450 3666/677/2453 3664/678/2451
f 4429/653/2454 4428/654/2454 4421/655/2454
f 4444/656/2455 4442/658/2456 4443/657/2457
f 4444/656/2455 4445/659/2458 4442/658/2456
f 4444/656/2455 4446/660/2459 4445/659/2458
f 4446/660/2459 4447/661/2460 4445/659/2458
f 4446/660/2459 4448/662/2461 4447/661/2460
f 4448/662/2461 4449/663/2462 4447/661/2460
f 4448/662/2461 4450/664/2463 4449/663/2462
f 4450/664/2463 4451/665/2464 4449/663/2462
f 4450/664/2463 4452/666/2465 4451/665/2464
f 4452/666/2465 4453/667/2466 4451/665/2464
f 4452/666/2465 4454/668/2467 4453/667/2466
f 4454/668/2467 4455/669/2468 4453/667/2466
f 4454/668/2467 4456/670/2469 4455/669/2468
f 4457/671/2470 4455/669/2468 4456/670/2469
f 4457/671/2470 4458/655/2471 4455/669/2468
f 4459/653/2472 4458/655/2471 4457/671/2470
f 4674/672/2473 4318/673/2473 4308/674/2473
f 4672/675/2474 4305/676/2474 4675/674/2474
f 4678/674/2475 4676/673/2475 4677/677/2475
f 4676/673/2476 4679/679/2477 4680/678/2478
f 4676/673/2476 4680/678/2478 4681/677/2479
f 4864/680/2480 4863/681/2481 4814/682/2482
f 4810/683/2483 4863/681/2481 4864/680/2480
f 4867/684/2484 4868/685/2484 4866/686/2484
f 4908/687/2485 4907/688/2485 4879/689/2485
f 4915/690/2486 4914/691/2486 4874/692/2486
f 4977/684/2487 4978/686/2487 4980/685/2487
f 5014/687/2488 5013/693/2489 5000/694/2490
f 5015/695/2491 5013/693/2489 5014/687/2488
f 5015/695/2491 5016/696/2492 5013/693/2489
f 5015/695/2491 5017/697/2493 5016/696/2492
f 5014/687/2488 5017/697/2493 5015/695/2491
f 5017/697/2493 5014/687/2488 5018/688/2494
f 5014/687/2488 4989/689/2495 5018/688/2494
f 5025/690/2496 4983/692/2496 5024/691/2496
f 3142/698/2497 3140/699/2498 3141/700/2499
f 3142/698/2497 3143/701/2500 3140/699/2498
f 3141/700/2499 3140/699/2498 3144/702/2501
f 3143/701/2500 3145/703/2502 3140/699/2498
f 3143/701/2500 3146/704/2503 3145/703/2502
f 3145/703/2502 3146/704/2503 3147/705/2504
f 3145/703/2502 3147/705/2504 3148/706/2505
f 3148/706/2505 3149/707/2506 3145/703/2502
f 3140/699/2498 3145/703/2502 3149/707/2506
f 3140/699/2498 3149/707/2506 3144/702/2501
f 3148/706/2505 3150/708/2507 3149/707/2506
f 3151/709/2508 3149/707/2506 3150/708/2507
f 3151/709/2508 3150/708/2507 3152/710/2509
f 3153/711/2510 3151/709/2508 3152/710/2509
f 3153/711/2510 3154/712/2511 3151/709/2508
f 3155/713/2512 3154/712/2511 3153/711/2510
f 3155/713/2512 3156/714/2513 3154/712/2511
f 3157/715/2514 3156/714/2513 3155/713/2512
f 3157/715/2514 3158/716/2515 3156/714/2513
f 3159/717/2516 3158/716/2515 3157/715/2514
f 3159/717/2516 3160/718/2517 3158/716/2515
f 3161/719/2518 3160/718/2517 3159/717/2516
f 3161/719/2518 3162/720/2519 3160/718/2517
f 3163/721/2520 3162/720/2519 3161/719/2518
f 3163/721/2520 3164/722/2521 3162/720/2519
f 3154/712/2511 3165/723/2522 3151/709/2508
f 3154/712/2511 3166/724/2523 3165/723/2522
f 3167/725/2524 3166/724/2523 3154/712/2511
f 3167/725/2524 3168/726/2525 3166/724/2523
f 3169/727/2526 3168/726/2525 3167/725/2524
f 3169/727/2526 3170/728/2527 3168/726/2525
f 3171/729/2528 3170/728/2527 3169/727/2526
f 3171/729/2528 3172/730/2529 3170/728/2527
f 3173/731/2530 3172/730/2529 3171/729/2528
f 3173/731/2530 3174/732/2531 3172/730/2529
f 3175/733/2532 3174/732/2531 3173/731/2530
f 3175/733/2532 3176/734/2533 3174/732/2531
f 3177/735/2534 3176/734/2533 3175/733/2532
f 3177/735/2534 3178/736/2535 3176/734/2533
f 3179/737/2536 3178/736/2535 3177/735/2534
f 3179/737/2536 3180/738/2537 3178/736/2535
f 3181/739/2538 3180/738/2537 3179/737/2536
f 3289/740/2539 3287/675/2540 3288/741/2541
f 3289/740/2539 3288/741/2541 3146/704/2503
f 3289/740/2539 3290/676/2542 3287/675/2540
f 3291/742/2543 3290/676/2542 3289/740/2539
f 3291/742/2543 3289/740/2539 3143/701/2500
f 3289/740/2539 3146/704/2503 3143/701/2500
f 3291/742/2543 3292/677/2544 3290/676/2542
f 3292/677/2544 3293/674/2545 3290/676/2542
f 3288/741/2541 3147/705/2504 3146/704/2503
f 3291/742/2543 3143/701/2500 3142/698/2497
f 3294/743/2546 3291/742/2543 3142/698/2497
f 3294/743/2546 3295/677/2547 3291/742/2543
f 3294/743/2546 3296/678/2548 3295/677/2547
f 3298/744/2549 3293/674/2550 3297/672/2551
f 3299/745/2552 3298/744/2549 3297/672/2551
f 3300/746/2553 3299/745/2552 3297/672/2551
f 3301/747/2554 3300/746/2553 3297/672/2551
f 3300/746/2553 3302/748/2555 3299/745/2552
f 3297/672/2551 3303/673/2556 3301/747/2554
f 3301/747/2554 3303/673/2556 3304/679/2557
f 3305/749/2558 3301/747/2554 3304/679/2557
f 3305/749/2558 3306/750/2559 3301/747/2554
f 3301/747/2554 3306/750/2559 3300/746/2553
f 3307/751/2560 3300/746/2553 3306/750/2559
f 3308/752/2561 3307/751/2560 3306/750/2559
f 3307/751/2560 3309/753/2562 3300/746/2553
f 3300/746/2553 3309/753/2562 3302/748/2555
f 3310/749/2563 3308/752/2561 3306/750/2559
f 3311/754/2564 3309/753/2562 3307/751/2560
f 3312/755/2565 3311/754/2564 3307/751/2560
f 3312/755/2565 3313/756/2566 3311/754/2564
f 3311/754/2564 3313/756/2566 3314/757/2567
f 3311/754/2564 3314/757/2567 3315/758/2568
f 3309/753/2562 3311/754/2564 3315/758/2568
f 3313/756/2566 3316/759/2569 3314/757/2567
f 3314/757/2567 3316/759/2569 3317/760/2570
f 3318/761/2571 3312/755/2565 3307/751/2560
f 3308/752/2561 3318/761/2571 3307/751/2560
f 3319/748/2572 3309/753/2562 3315/758/2568
f 3314/757/2567 3317/760/2570 3320/762/2573
f 3314/757/2567 3320/762/2573 3315/758/2568
f 3315/758/2568 3320/762/2573 3319/748/2572
f 3312/755/2565 3321/763/2574 3313/756/2566
f 3322/764/2575 3321/763/2574 3312/755/2565
f 3318/761/2571 3322/764/2575 3312/755/2565
f 3321/763/2574 3323/765/2576 3313/756/2566
f 3313/756/2566 3323/765/2576 3316/759/2569
f 3323/765/2576 3324/766/2577 3316/759/2569
f 3324/766/2577 3325/767/2578 3316/759/2569
f 3316/759/2569 3325/767/2578 3317/760/2570
f 3322/764/2575 3326/768/2579 3321/763/2574
f 3326/768/2579 3327/769/2580 3321/763/2574
f 3321/763/2574 3327/769/2580 3323/765/2576
f 3326/768/2579 3328/770/2581 3327/769/2580
f 3328/770/2581 3329/771/2582 3327/769/2580
f 3327/769/2580 3330/772/2583 3323/765/2576
f 3323/765/2576 3330/772/2583 3324/766/2577
f 3330/772/2583 3331/773/2584 3324/766/2577
f 3327/769/2580 3332/774/2585 3330/772/2583
f 3327/769/2580 3329/771/2582 3332/774/2585
f 3332/774/2585 3333/775/2586 3330/772/2583
f 3333/775/2586 3331/773/2584 3330/772/2583
f 3332/774/2585 3334/776/2587 3333/775/2586
f 3329/771/2582 3334/776/2587 3332/774/2585
f 3333/775/2586 3335/777/2588 3331/773/2584
f 3336/778/2589 3333/775/2586 3334/776/2587
f 3336/778/2589 3335/777/2588 3333/775/2586
f 3337/779/2590 3335/777/2588 3336/778/2589
f 3337/779/2590 3338/780/2591 3335/777/2588
f 3335/777/2588 3338/780/2591 3339/781/2592
f 3335/777/2588 3339/781/2592 3331/773/2584
f 3331/773/2584 3339/781/2592 3340/782/2593
f 3341/783/2594 3338/780/2591 3337/779/2590
f 3341/783/2594 3342/784/2595 3338/780/2591
f 3338/780/2591 3343/785/2596 3339/781/2592
f 3339/781/2592 3343/785/2596 3344/786/2597
f 3339/781/2592 3344/786/2597 3340/782/2593
f 3338/780/2591 3345/784/2598 3343/785/2596
f 3343/785/2596 3346/787/2599 3344/786/2597
f 3344/786/2597 3346/787/2599 3347/788/2600
f 3343/785/2596 3348/789/2601 3346/787/2599
f 3345/784/2598 3348/789/2601 3343/785/2596
f 3344/786/2597 3347/788/2600 3349/790/2602
f 3350/786/2603 3349/790/2604 3340/782/2593
f 3340/782/2593 3349/790/2604 3351/791/2605
f 3324/766/2577 3340/782/2593 3351/791/2605
f 3324/766/2577 3351/791/2605 3325/767/2578
f 3331/773/2584 3340/782/2593 3324/766/2577
f 3346/787/2599 3352/792/2606 3347/788/2600
f 3346/787/2599 3353/793/2607 3352/792/2606
f 3348/789/2601 3353/793/2607 3346/787/2599
f 3348/789/2601 3354/794/2608 3353/793/2607
f 3348/789/2601 3355/795/2609 3354/794/2608
f 3348/789/2601 3345/784/2598 3355/795/2609
f 3356/796/2610 3354/794/2608 3355/795/2609
f 3354/794/2608 3357/797/2611 3353/793/2607
f 3353/793/2607 3357/797/2611 3358/798/2612
f 3353/793/2607 3358/798/2612 3359/799/2613
f 3353/793/2607 3359/799/2613 3352/792/2606
f 3354/794/2608 3360/800/2614 3357/797/2611
f 3354/794/2608 3361/801/2615 3360/800/2614
f 3356/796/2610 3361/801/2615 3354/794/2608
f 3362/802/2616 3361/801/2615 3356/796/2610
f 3363/803/2617 3361/801/2615 3362/802/2616
f 3363/803/2617 3360/800/2614 3361/801/2615
f 3360/800/2614 3363/803/2617 3364/804/2618
f 3360/800/2614 3364/804/2618 3365/805/2619
f 3357/797/2611 3365/805/2619 3358/798/2612
f 3357/797/2611 3360/800/2614 3365/805/2619
f 3366/806/2620 3363/803/2617 3362/802/2616
f 3363/803/2617 3367/807/2621 3364/804/2618
f 3363/803/2617 3366/806/2620 3367/807/2621
f 3367/807/2621 3366/806/2620 3368/808/2622
f 3416/809/2623 3414/810/2624 3415/811/2625
f 3416/809/2623 3417/812/2626 3414/810/2624
f 3417/812/2626 3418/813/2627 3414/810/2624
f 3417/812/2626 3419/814/2628 3418/813/2627
f 3418/813/2627 3419/814/2628 3420/815/2629
f 3418/813/2627 3420/815/2629 3421/816/2630
f 3421/816/2630 3420/815/2629 3422/817/2631
f 3421/816/2630 3422/817/2631 3163/721/2520
f 3423/818/2632 3416/809/2623 3415/811/2625
f 3423/818/2632 3415/811/2625 3424/819/2633
f 3423/818/2632 3424/819/2633 3425/820/2634
f 3163/721/2520 3422/817/2631 3164/722/2521
f 3165/723/2522 3149/707/2506 3151/709/2508
f 3165/723/2522 3144/702/2501 3149/707/2506
f 3502/821/2635 3500/822/2636 3501/823/2637
f 3502/821/2635 3503/824/2638 3500/822/2636
f 3501/823/2637 3504/825/2639 3502/821/2635
f 3503/824/2638 3505/826/2640 3500/822/2636
f 3503/824/2638 3506/827/2641 3505/826/2640
f 3505/826/2640 3506/827/2641 3507/828/2642
f 3506/827/2641 3508/829/2643 3507/828/2642
f 3505/826/2640 3507/828/2642 3509/830/2644
f 3505/826/2640 3509/830/2644 3510/831/2645
f 3505/826/2640 3510/831/2645 3511/832/2646
f 3511/832/2646 3512/833/2647 3505/826/2640
f 3512/833/2647 3511/832/2646 3513/834/2648
f 3559/835/2649 3558/836/2650 3557/837/2651
f 3560/838/2652 3558/836/2650 3559/835/2649
f 3560/838/2652 3561/839/2653 3558/836/2650
f 3562/840/2654 3561/839/2653 3560/838/2652
f 3562/840/2654 3563/841/2655 3561/839/2653
f 3566/842/2656 3564/843/2657 3565/844/2658
f 3566/842/2656 3565/844/2658 3567/845/2659
f 3567/845/2659 3568/846/2660 3566/842/2656
f 3567/845/2659 3569/847/2661 3568/846/2660
f 3568/846/2660 3569/847/2661 3570/848/2662
f 3571/849/2663 3568/846/2660 3570/848/2662
f 3572/850/2664 3571/849/2663 3570/848/2662
f 3572/850/2664 3573/851/2665 3571/849/2663
f 3572/850/2664 3574/852/2666 3573/851/2665
f 3574/852/2666 3575/853/2667 3573/851/2665
f 3658/854/2668 3657/675/2669 3293/674/2550
f 3298/744/2549 3658/854/2668 3293/674/2550
f 4159/698/2670 4157/699/2671 4158/701/2672
f 4159/698/2670 4160/700/2673 4157/699/2671
f 4160/700/2673 4161/702/2674 4157/699/2671
f 4158/701/2672 4157/699/2671 4162/703/2675
f 4158/701/2672 4162/703/2675 4163/704/2676
f 4162/703/2675 4164/705/2677 4163/704/2676
f 4162/703/2675 4165/706/2678 4164/705/2677
f 4165/706/2678 4162/703/2675 4166/707/2679
f 4157/699/2671 4166/707/2679 4162/703/2675
f 4157/699/2671 4161/702/2674 4166/707/2679
f 4165/706/2678 4166/707/2679 4167/708/2680
f 4168/709/2681 4167/708/2680 4166/707/2679
f 4168/709/2681 4169/710/2682 4167/708/2680
f 4170/711/2683 4169/710/2682 4168/709/2681
f 4170/711/2683 4168/709/2681 4171/712/2684
f 4172/713/2685 4170/711/2683 4171/712/2684
f 4172/713/2685 4171/712/2684 4173/714/2686
f 4174/715/2687 4172/713/2685 4173/714/2686
f 4174/715/2687 4173/714/2686 4175/716/2688
f 4176/717/2689 4174/715/2687 4175/716/2688
f 4176/717/2689 4175/716/2688 4177/718/2690
f 4178/719/2691 4176/717/2689 4177/718/2690
f 4178/719/2691 4177/718/2690 4179/720/2692
f 4180/721/2693 4178/719/2691 4179/720/2692
f 4180/721/2693 4179/720/2692 4181/722/2694
f 4171/712/2684 4168/709/2681 4182/723/2695
f 4171/712/2684 4182/723/2695 4183/724/2696
f 4184/725/2697 4171/712/2684 4183/724/2696
f 4184/725/2697 4183/724/2696 4185/726/2698
f 4186/727/2699 4184/725/2697 4185/726/2698
f 4186/727/2699 4185/726/2698 4187/728/2700
f 4188/729/2701 4186/727/2699 4187/728/2700
f 4188/729/2701 4187/728/2700 4189/730/2702
f 4190/731/2703 4188/729/2701 4189/730/2702
f 4190/731/2703 4189/730/2702 4191/732/2704
f 4192/733/2705 4190/731/2703 4191/732/2704
f 4192/733/2705 4191/732/2704 4193/734/2706
f 4194/735/2707 4192/733/2705 4193/734/2706
f 4194/735/2707 4193/734/2706 4195/736/2708
f 4196/737/2709 4194/735/2707 4195/736/2708
f 4196/737/2709 4195/736/2708 4197/738/2710
f 4198/739/2711 4196/737/2709 4197/738/2710
f 4304/740/2712 4302/741/2713 4303/675/2714
f 4304/740/2712 4163/704/2676 4302/741/2713
f 4304/740/2712 4303/675/2714 4305/676/2715
f 4306/742/2716 4304/740/2712 4305/676/2715
f 4306/742/2716 4158/701/2672 4304/740/2712
f 4304/740/2712 4158/701/2672 4163/704/2676
f 4306/742/2716 4305/676/2715 4307/677/2717
f 4307/677/2717 4305/676/2715 4308/674/2718
f 4302/741/2713 4163/704/2676 4164/705/2677
f 4306/742/2716 4159/698/2670 4158/701/2672
f 4309/743/2719 4159/698/2670 4306/742/2716
f 4309/743/2719 4306/742/2716 4310/677/2720
f 4309/743/2719 4310/677/2720 4311/678/2721
f 4313/744/2722 4312/672/2723 4308/674/2724
f 4314/745/2725 4312/672/2723 4313/744/2722
f 4315/746/2726 4312/672/2723 4314/745/2725
f 4316/747/2727 4312/672/2723 4315/746/2726
f 4315/746/2726 4314/745/2725 4317/748/2728
f 4312/672/2723 4316/747/2727 4318/673/2729
f 4316/747/2727 4319/679/2730 4318/673/2729
f 4320/749/2731 4319/679/2730 4316/747/2727
f 4320/749/2731 4316/747/2727 4321/750/2732
f 4316/747/2727 4315/746/2726 4321/750/2732
f 4322/751/2733 4321/750/2732 4315/746/2726
f 4323/752/2734 4321/750/2732 4322/751/2733
f 4320/749/2731 4321/750/2732 4323/752/2734
f 4322/751/2733 4315/746/2726 4324/753/2735
f 4315/746/2726 4317/748/2728 4324/753/2735
f 4325/754/2736 4322/751/2733 4324/753/2735
f 4326/755/2737 4322/751/2733 4325/754/2736
f 4326/755/2737 4325/754/2736 4327/756/2738
f 4325/754/2736 4328/757/2739 4327/756/2738
f 4325/754/2736 4329/758/2740 4328/757/2739
f 4324/753/2735 4329/758/2740 4325/754/2736
f 4327/756/2738 4328/757/2739 4330/759/2741
f 4328/757/2739 4331/760/2742 4330/759/2741
f 4332/761/2743 4322/751/2733 4326/755/2737
f 4323/752/2734 4322/751/2733 4332/761/2743
f 4333/748/2744 4329/758/2740 4324/753/2735
f 4328/757/2739 4334/762/2745 4331/760/2742
f 4329/758/2740 4333/748/2744 4334/762/2746
f 4326/755/2737 4327/756/2738 4335/763/2747
f 4336/764/2748 4326/755/2737 4335/763/2747
f 4332/761/2743 4326/755/2737 4336/764/2748
f 4335/763/2747 4327/756/2738 4337/765/2749
f 4327/756/2738 4330/759/2741 4337/765/2749
f 4337/765/2749 4330/759/2741 4338/766/2750
f 4338/766/2750 4330/759/2741 4339/767/2751
f 4330/759/2741 4331/760/2742 4339/767/2751
f 4336/764/2748 4335/763/2747 4340/768/2752
f 4340/768/2752 4335/763/2747 4341/769/2753
f 4335/763/2747 4337/765/2749 4341/769/2753
f 4340/768/2752 4341/769/2753 4342/770/2754
f 4341/769/2753 4337/765/2749 4343/772/2755
f 4337/765/2749 4338/766/2750 4343/772/2755
f 4343/772/2755 4338/766/2750 4344/773/2756
f 4341/769/2753 4343/772/2755 4345/774/2757
f 4345/774/2757 4343/772/2755 4346/775/2758
f 4346/775/2758 4343/772/2755 4344/773/2756
f 4347/771/2759 4341/769/2753 4345/774/2757
f 4342/770/2754 4341/769/2753 4347/771/2759
f 4347/771/2759 4345/774/2757 4348/776/2760
f 4346/775/2758 4344/773/2756 4349/777/2761
f 4350/778/2762 4346/775/2758 4349/777/2761
f 4350/778/2762 4348/776/2763 4346/775/2758
f 4351/779/2764 4350/778/2762 4349/777/2761
f 4351/779/2764 4349/777/2761 4352/780/2765
f 4349/777/2761 4353/781/2766 4352/780/2765
f 4349/777/2761 4344/773/2756 4353/781/2766
f 4344/773/2756 4354/782/2767 4353/781/2766
f 4355/783/2768 4351/779/2764 4352/780/2765
f 4355/783/2768 4352/780/2765 4356/784/2769
f 4352/780/2765 4353/781/2766 4357/785/2770
f 4353/781/2766 4358/786/2771 4357/785/2770
f 4353/781/2766 4354/782/2767 4358/786/2771
f 4358/786/2771 4354/782/2767 4359/790/2772
f 4352/780/2765 4357/785/2770 4360/784/2773
f 4354/782/2767 4361/791/2774 4359/790/2772
f 4338/766/2750 4361/791/2774 4354/782/2767
f 4338/766/2750 4339/767/2751 4361/791/2774
f 4358/786/2771 4359/790/2772 4362/788/2775
f 4358/786/2771 4362/788/2775 4363/787/2776
f 4357/785/2770 4358/786/2771 4363/787/2776
f 4357/785/2770 4363/787/2776 4364/789/2777
f 4360/784/2773 4357/785/2770 4364/789/2777
f 4344/773/2756 4338/766/2750 4354/782/2767
f 4363/787/2776 4362/788/2775 4365/792/2778
f 4363/787/2776 4365/792/2778 4366/793/2779
f 4364/789/2777 4363/787/2776 4366/793/2779
f 4364/789/2777 4366/793/2779 4367/794/2780
f 4364/789/2777 4367/794/2780 4368/795/2781
f 4364/789/2777 4368/795/2781 4360/784/2773
f 4369/796/2782 4368/795/2781 4367/794/2780
f 4367/794/2780 4366/793/2779 4370/797/2783
f 4366/793/2779 4371/798/2784 4370/797/2783
f 4366/793/2779 4372/799/2785 4371/798/2784
f 4366/793/2779 4365/792/2778 4372/799/2785
f 4367/794/2780 4370/797/2783 4373/800/2786
f 4367/794/2780 4373/800/2786 4374/801/2787
f 4369/796/2782 4367/794/2780 4374/801/2787
f 4375/802/2788 4369/796/2782 4374/801/2787
f 4376/803/2789 4374/801/2787 4373/800/2786
f 4376/803/2789 4375/802/2788 4374/801/2787
f 4373/800/2786 4377/804/2790 4376/803/2789
f 4373/800/2786 4378/805/2791 4377/804/2790
f 4370/797/2783 4378/805/2791 4373/800/2786
f 4370/797/2783 4371/798/2784 4378/805/2791
f 4379/806/2792 4375/802/2788 4376/803/2789
f 4376/803/2789 4380/807/2793 4379/806/2792
f 4376/803/2789 4377/804/2790 4380/807/2793
f 4380/807/2793 4381/808/2794 4379/806/2792
f 4432/809/2795 4430/810/2796 4431/812/2797
f 4432/809/2795 4433/811/2798 4430/810/2796
f 4431/812/2797 4430/810/2796 4434/813/2799
f 4431/812/2797 4434/813/2799 4435/814/2800
f 4434/813/2799 4436/815/2801 4435/814/2800
f 4434/813/2799 4437/816/2802 4436/815/2801
f 4437/816/2802 4438/817/2803 4436/815/2801
f 4437/816/2802 4180/721/2693 4438/817/2803
f 4439/818/2804 4433/811/2798 4432/809/2795
f 4439/818/2804 4440/819/2805 4433/811/2798
f 4439/818/2804 4441/820/2806 4440/819/2805
f 4180/721/2693 4181/722/2694 4438/817/2803
f 4182/723/2695 4166/707/2679 4161/702/2674
f 4182/723/2695 4168/709/2681 4166/707/2679
f 4517/821/2807 4515/822/2808 4516/824/2809
f 4517/821/2807 4518/823/2810 4515/822/2808
f 4518/823/2810 4517/821/2807 4519/825/2811
f 4516/824/2809 4515/822/2808 4520/826/2812
f 4516/824/2809 4520/826/2812 4521/827/2813
f 4520/826/2812 4522/828/2814 4521/827/2813
f 4521/827/2813 4522/828/2814 4523/829/2815
f 4520/826/2812 4524/830/2816 4522/828/2814
f 4520/826/2812 4525/831/2817 4524/830/2816
f 4520/826/2812 4526/832/2818 4525/831/2817
f 4526/832/2818 4520/826/2812 4527/833/2819
f 4527/833/2819 4528/834/2820 4526/832/2818
f 4574/835/2821 4573/837/2822 4572/836/2823
f 4575/838/2824 4574/835/2821 4572/836/2823
f 4575/838/2824 4572/836/2823 4576/839/2825
f 4577/840/2826 4575/838/2824 4576/839/2825
f 4577/840/2826 4576/839/2825 4578/841/2827
f 4581/842/2828 4579/844/2829 4580/843/2830
f 4581/842/2828 4582/845/2831 4579/844/2829
f 4582/845/2831 4581/842/2828 4583/846/2832
f 4582/845/2831 4583/846/2832 4584/847/2833
f 4583/846/2832 4585/848/2834 4584/847/2833
f 4586/849/2835 4585/848/2834 4583/846/2832
f 4587/850/2836 4585/848/2834 4586/849/2835
f 4587/850/2836 4586/849/2835 4588/851/2837
f 4587/850/2836 4588/851/2837 4589/852/2838
f 4589/852/2838 4588/851/2837 4590/853/2839
f 4673/854/2840 4308/674/2724 4672/675/2841
f 4313/744/2722 4308/674/2724 4673/854/2840
f 4328/757/2739 4806/758/2842 4334/762/2745
f 4348/776/2763 4807/774/2843 4346/775/2758
f 4875/855/2844 4874/692/2845 4873/856/2846
f 4875/855/2844 4873/856/2846 4876/857/2847
f 4875/855/2844 4876/857/2847 4877/690/2848
f 4874/692/2845 4875/855/2844 4877/690/2848
f 4874/692/2845 4878/858/2849 4873/856/2846
f 4879/689/2850 4878/858/2849 4874/692/2845
f 4880/859/2851 4879/689/2850 4874/692/2845
f 4880/859/2851 4881/687/2852 4879/689/2850
f 4880/859/2851 4874/692/2845 4882/860/2853
f 4880/859/2851 4882/860/2853 4883/861/2854
f 4880/859/2851 4883/861/2854 4884/862/2855
f 4880/859/2851 4884/862/2855 4885/863/2856
f 4880/859/2851 4885/863/2856 4886/864/2857
f 4880/859/2851 4886/864/2857 4887/865/2858
f 4880/859/2851 4887/865/2858 4888/866/2859
f 4880/859/2851 4888/866/2859 4881/687/2852
f 4886/864/2857 4889/867/2860 4887/865/2858
f 4888/866/2859 4890/694/2861 4881/687/2852
f 4882/860/2853 4891/868/2862 4883/861/2854
f 4884/862/2855 4892/869/2863 4885/863/2856
f 4887/865/2858 4889/867/2860 4893/870/2864
f 4894/871/2865 4887/865/2858 4893/870/2864
f 4894/871/2865 4893/870/2864 4895/872/2866
f 4894/871/2865 4895/872/2866 4896/873/2867
f 4887/865/2858 4894/871/2865 4896/873/2867
f 4896/873/2867 4897/874/2868 4887/865/2858
f 4887/865/2858 4897/874/2868 4888/866/2859
f 4885/863/2856 4898/875/2869 4886/864/2857
f 4899/876/2870 4898/875/2869 4885/863/2856
f 4885/863/2856 4900/877/2871 4899/876/2870
f 4900/877/2871 4885/863/2856 4901/878/2872
f 4900/877/2871 4902/879/2873 4899/876/2870
f 4900/877/2871 4901/878/2872 4902/879/2873
f 4885/863/2856 4892/869/2863 4901/878/2872
f 4881/687/2852 4890/694/2861 4903/693/2874
f 4904/695/2875 4881/687/2852 4903/693/2874
f 4904/695/2875 4903/693/2874 4905/696/2876
f 4904/695/2875 4905/696/2876 4906/697/2877
f 4881/687/2852 4904/695/2875 4906/697/2877
f 4906/697/2877 4907/688/2878 4881/687/2852
f 4910/880/2879 4883/861/2854 4909/881/2880
f 4910/880/2879 4909/881/2880 4911/882/2881
f 4910/880/2879 4911/882/2881 4912/883/2882
f 4883/861/2854 4910/880/2879 4912/883/2882
f 4912/883/2882 4913/884/2883 4883/861/2854
f 4883/861/2854 4891/868/2862 4909/881/2880
f 4883/861/2854 4913/884/2883 4884/862/2855
f 4874/692/2845 4916/691/2884 4882/860/2853
f 4985/855/2885 4984/856/2886 4983/692/2887
f 4985/855/2885 4986/857/2888 4984/856/2886
f 4985/855/2885 4987/690/2889 4986/857/2888
f 4983/692/2887 4987/690/2889 4985/855/2885
f 4983/692/2887 4984/856/2886 4988/858/2890
f 4989/689/2891 4983/692/2887 4988/858/2890
f 4990/859/2892 4983/692/2887 4989/689/2891
f 4990/859/2892 4989/689/2891 4991/687/2893
f 4990/859/2892 4992/860/2894 4983/692/2887
f 4990/859/2892 4993/861/2895 4992/860/2894
f 4990/859/2892 4994/862/2896 4993/861/2895
f 4990/859/2892 4995/863/2897 4994/862/2896
f 4990/859/2892 4996/864/2898 4995/863/2897
f 4990/859/2892 4997/865/2899 4996/864/2898
f 4990/859/2892 4998/866/2900 4997/865/2899
f 4990/859/2892 4991/687/2893 4998/866/2900
f 4996/864/2898 4997/865/2899 4999/867/2901
f 4998/866/2900 4991/687/2893 5000/694/2902
f 4992/860/2894 4993/861/2895 5001/868/2903
f 4994/862/2896 4995/863/2897 5002/869/2904
f 4997/865/2899 5003/870/2905 4999/867/2901
f 5004/871/2906 5003/870/2905 4997/865/2899
f 5004/871/2906 5005/872/2907 5003/870/2905
f 5004/871/2906 5006/873/2908 5005/872/2907
f 4997/865/2899 5006/873/2908 5004/871/2906
f 5006/873/2908 4997/865/2899 5007/874/2909
f 4997/865/2899 4998/866/2900 5007/874/2909
f 4995/863/2897 4996/864/2898 5008/875/2910
f 5009/876/2911 4995/863/2897 5008/875/2910
f 4995/863/2897 5009/876/2911 5010/877/2912
f 5010/877/2912 5011/878/2913 4995/863/2897
f 4995/863/2897 5011/878/2913 5002/869/2904
f 5010/877/2912 5009/876/2911 5012/879/2914
f 5010/877/2912 5012/879/2914 5011/878/2913
f 5020/880/2915 5019/881/2916 4993/861/2895
f 5020/880/2915 5021/882/2917 5019/881/2916
f 5020/880/2915 5022/883/2918 5021/882/2917
f 4993/861/2895 5022/883/2918 5020/880/2915
f 5022/883/2918 4993/861/2895 5023/884/2919
f 4993/861/2895 5019/881/2916 5001/868/2903
f 4993/861/2895 4994/862/2896 5023/884/2919
f 4983/692/2887 4992/860/2894 5026/691/2920
f 3061/885/2921 3059/886/2922 3060/887/2923
f 3062/888/2924 3061/885/2921 3060/887/2923
f 3062/888/2924 3063/889/2925 3061/885/2921
f 3060/887/2923 3064/890/2926 3062/888/2924
f 3060/887/2923 3065/891/2927 3064/890/2926
f 3066/892/2928 3065/891/2927 3060/887/2923
f 3059/886/2922 3066/892/2928 3060/887/2923
f 3059/886/2922 3067/893/2929 3066/892/2928
f 3059/886/2922 3068/894/2930 3067/893/2929
f 3066/892/2928 3069/895/2931 3065/891/2927
f 3070/896/2932 3069/895/2931 3066/892/2928
f 3067/893/2929 3070/896/2932 3066/892/2928
f 3070/896/2932 3067/893/2929 3071/897/2933
f 3070/896/2932 3071/897/2933 3072/898/2934
f 3072/898/2934 3071/897/2933 3073/899/2935
f 3072/898/2934 3073/899/2935 3074/900/2936
f 3067/893/2929 3075/901/2937 3071/897/2933
f 3071/897/2933 3075/901/2937 3073/899/2935
f 3067/893/2929 3068/894/2930 3075/901/2937
f 3070/896/2932 3076/902/2938 3069/895/2931
f 3076/902/2938 3070/896/2932 3072/898/2934
f 3077/903/2939 3065/891/2927 3069/895/2931
f 3076/902/2938 3077/903/2939 3069/895/2931
f 3077/903/2939 3078/904/2940 3065/891/2927
f 3076/902/2938 3072/898/2934 3079/905/2941
f 3080/653/2942 3076/902/2938 3079/905/2941
f 3076/902/2938 3080/653/2942 3077/903/2939
f 3080/653/2942 3081/906/2943 3077/903/2939
f 3080/653/2942 3082/654/2944 3081/906/2943
f 3080/653/2942 3079/905/2941 3083/907/2945
f 3084/900/2946 3079/905/2941 3072/898/2934
f 3073/899/2947 3085/908/2948 3084/900/2946
f 3073/899/2947 3086/909/2949 3085/908/2948
f 3087/910/2950 3086/909/2949 3073/899/2947
f 3088/911/2951 3087/910/2950 3075/901/2937
f 3087/910/2950 3089/912/2952 3086/909/2949
f 3084/900/2946 3090/913/2953 3079/905/2941
f 3090/913/2953 3083/907/2945 3079/905/2941
f 3090/913/2953 3091/914/2954 3083/907/2945
f 3092/915/2955 3083/907/2945 3091/914/2954
f 3092/915/2955 3093/916/2956 3083/907/2945
f 3080/653/2942 3083/907/2945 3093/916/2956
f 3082/654/2944 3094/917/2957 3081/906/2943
f 3095/918/2958 3081/906/2943 3094/917/2957
f 3095/918/2958 3096/919/2959 3081/906/2943
f 3097/920/2960 3095/918/2958 3094/917/2957
f 3097/920/2960 3094/917/2957 3098/921/2961
f 3099/922/2962 3098/921/2961 3094/917/2957
f 3099/922/2962 3100/923/2963 3098/921/2961
f 3100/923/2963 3101/924/2964 3098/921/2961
f 3100/923/2963 3102/925/2965 3101/924/2964
f 3102/925/2965 3103/926/2966 3101/924/2964
f 3102/925/2965 3104/927/2967 3103/926/2966
f 3104/927/2967 3105/928/2968 3103/926/2966
f 3104/927/2967 3106/929/2969 3105/928/2968
f 3107/930/2970 3103/926/2966 3105/928/2968
f 3107/930/2970 3108/931/2971 3103/926/2966
f 3108/931/2971 3101/924/2964 3103/926/2966
f 3109/932/2972 3098/921/2961 3101/924/2964
f 3109/932/2972 3097/920/2960 3098/921/2961
f 3108/931/2971 3109/932/2972 3101/924/2964
f 3110/933/2973 3107/930/2970 3105/928/2968
f 3110/933/2973 3105/928/2968 3111/934/2974
f 3112/935/2975 3111/934/2974 3105/928/2968
f 3106/929/2969 3112/935/2975 3105/928/2968
f 3112/935/2975 3113/936/2976 3111/934/2974
f 3113/936/2976 3114/937/2977 3111/934/2974
f 3113/936/2976 3115/938/2978 3114/937/2977
f 3116/939/2979 3114/937/2977 3115/938/2978
f 3116/939/2979 3117/940/2980 3114/937/2977
f 3117/940/2980 3116/939/2979 3118/941/2981
f 3117/940/2980 3118/941/2981 3119/942/2982
f 3117/940/2980 3119/942/2982 3120/943/2983
f 3117/940/2980 3120/943/2983 3121/944/2984
f 3121/944/2984 3114/937/2977 3117/940/2980
f 3121/944/2984 3122/945/2985 3114/937/2977
f 3122/945/2985 3111/934/2974 3114/937/2977
f 3122/945/2985 3110/933/2973 3111/934/2974
f 3118/941/2981 3116/939/2979 3123/946/2986
f 3118/941/2981 3123/946/2986 3124/947/2987
f 3125/948/2988 3121/944/2984 3120/943/2983
f 3125/948/2988 3120/943/2983 3126/949/2989
f 3116/939/2979 3127/950/2990 3123/946/2986
f 3116/939/2979 3115/938/2978 3127/950/2990
f 3128/951/2991 3121/944/2984 3125/948/2988
f 3128/951/2991 3122/945/2985 3121/944/2984
f 3115/938/2978 3129/952/2992 3127/950/2990
f 3115/938/2978 3113/936/2976 3129/952/2992
f 3130/953/2993 3122/945/2985 3128/951/2991
f 3130/953/2993 3110/933/2973 3122/945/2985
f 3129/952/2992 3113/936/2976 3112/935/2975
f 3129/952/2992 3112/935/2975 3131/954/2994
f 3132/955/2995 3110/933/2973 3130/953/2993
f 3132/955/2995 3107/930/2970 3110/933/2973
f 3112/935/2975 3133/956/2996 3131/954/2994
f 3112/935/2975 3106/929/2969 3133/956/2996
f 3134/957/2997 3107/930/2970 3132/955/2995
f 3134/957/2997 3108/931/2971 3107/930/2970
f 3135/958/2998 3108/931/2971 3134/957/2997
f 3135/958/2998 3109/932/2972 3108/931/2971
f 3136/959/2999 3109/932/2972 3135/958/2998
f 3136/959/2999 3097/920/2960 3109/932/2972
f 3137/960/3000 3097/920/2960 3136/959/2999
f 3137/960/3000 3095/918/2958 3097/920/2960
f 3138/961/3001 3095/918/2958 3137/960/3000
f 3138/961/3001 3096/919/2959 3095/918/2958
f 3139/962/3002 3096/919/2959 3138/961/3001
f 3139/962/3002 3078/904/2940 3096/919/2959
f 3096/919/2959 3078/904/2940 3077/903/2939
f 3096/919/2959 3077/903/2939 3081/906/2943
f 3065/891/2927 3078/904/2940 3139/962/3002
f 3065/891/2927 3139/962/3002 3064/890/2926
f 3184/963/3003 3182/964/3004 3183/965/3005
f 3184/963/3003 3183/965/3005 3185/966/3006
f 3183/965/3005 3186/967/3007 3185/966/3006
f 3187/968/3008 3182/964/3004 3184/963/3003
f 3188/969/3009 3182/964/3004 3187/968/3008
f 3189/970/3010 3187/968/3008 3184/963/3003
f 3189/970/3010 3184/963/3003 3185/966/3006
f 3190/971/3011 3189/970/3010 3185/966/3006
f 3188/969/3009 3191/972/3012 3182/964/3004
f 3191/972/3012 3192/973/3013 3182/964/3004
f 3182/964/3004 3192/973/3013 3183/965/3005
f 3192/973/3013 3061/885/2921 3183/965/3005
f 3061/885/2921 3063/889/2925 3183/965/3005
f 3063/889/2925 3186/967/3007 3183/965/3005
f 3193/974/3014 3188/969/3009 3187/968/3008
f 3194/975/3015 3188/969/3009 3193/974/3014
f 3193/974/3014 3187/968/3008 3195/976/3016
f 3195/976/3016 3187/968/3008 3189/970/3010
f 3195/976/3016 3196/977/3017 3193/974/3014
f 3195/976/3016 3189/970/3010 3197/978/3018
f 3197/978/3018 3189/970/3010 3190/971/3011
f 3197/978/3018 3190/971/3011 3198/979/3019
f 3199/980/3020 3193/974/3014 3196/977/3017
f 3199/980/3020 3194/975/3015 3193/974/3014
f 3195/976/3016 3197/978/3018 3200/981/3021
f 3195/976/3016 3200/981/3021 3196/977/3017
f 3200/981/3021 3201/982/3022 3196/977/3017
f 3202/983/3023 3196/977/3017 3201/982/3022
f 3202/983/3023 3199/980/3020 3196/977/3017
f 3200/981/3021 3203/984/3024 3201/982/3022
f 3197/978/3018 3204/985/3025 3200/981/3021
f 3203/984/3024 3200/981/3021 3204/985/3025
f 3204/985/3025 3197/978/3018 3198/979/3019
f 3205/986/3026 3204/985/3025 3198/979/3019
f 3206/987/3027 3203/984/3024 3204/985/3025
f 3206/987/3027 3204/985/3025 3205/986/3026
f 3207/988/3028 3206/987/3027 3205/986/3026
f 3198/979/3019 3208/989/3029 3205/986/3026
f 3198/979/3019 3209/990/3030 3208/989/3029
f 3210/991/3031 3201/982/3022 3203/984/3024
f 3211/992/3032 3201/982/3022 3210/991/3031
f 3211/992/3032 3202/983/3023 3201/982/3022
f 3212/993/3033 3210/991/3031 3203/984/3024
f 3212/993/3033 3203/984/3024 3206/987/3027
f 3213/994/3034 3212/993/3033 3206/987/3027
f 3213/994/3034 3206/987/3027 3207/988/3028
f 3214/995/3035 3213/994/3034 3207/988/3028
f 3208/989/3029 3215/996/3036 3205/986/3026
f 3207/988/3028 3205/986/3026 3215/996/3036
f 3216/997/3037 3207/988/3028 3215/996/3036
f 3214/995/3035 3207/988/3028 3216/997/3037
f 3217/998/3038 3214/995/3035 3216/997/3037
f 3217/998/3038 3218/999/3039 3214/995/3035
f 3219/1000/3040 3214/995/3035 3218/999/3039
f 3219/1000/3040 3213/994/3034 3214/995/3035
f 3219/1000/3040 3220/1001/3041 3213/994/3034
f 3220/1001/3041 3212/993/3033 3213/994/3034
f 3219/1000/3040 3218/999/3039 3221/1002/3042
f 3221/1002/3042 3222/1003/3043 3219/1000/3040
f 3222/1003/3043 3220/1001/3041 3219/1000/3040
f 3222/1003/3043 3223/1004/3044 3220/1001/3041
f 3224/1005/3045 3211/992/3032 3210/991/3031
f 3224/1005/3045 3210/991/3031 3225/1006/3046
f 3223/1004/3044 3225/1006/3046 3220/1001/3041
f 3225/1006/3046 3210/991/3031 3212/993/3033
f 3220/1001/3041 3225/1006/3046 3226/993/3047
f 3224/1005/3045 3225/1006/3046 3227/1007/3048
f 3225/1006/3046 3223/1004/3044 3227/1007/3048
f 3217/998/3038 3228/1008/3049 3218/999/3039
f 3218/999/3039 3229/1009/3050 3221/1002/3042
f 3229/1009/3050 3218/999/3039 3228/1008/3049
f 3230/1010/3051 3229/1009/3050 3228/1008/3049
f 3231/1011/3052 3221/1002/3042 3229/1009/3050
f 3232/1012/3053 3231/1011/3052 3229/1009/3050
f 3232/1012/3053 3229/1009/3050 3230/1010/3051
f 3233/1013/3054 3232/1012/3053 3230/1010/3051
f 3231/1011/3052 3234/1014/3055 3221/1002/3042
f 3234/1014/3055 3222/1003/3043 3221/1002/3042
f 3234/1014/3055 3235/1015/3056 3222/1003/3043
f 3227/1007/3048 3223/1004/3044 3235/1015/3056
f 3235/1015/3056 3223/1004/3044 3222/1003/3043
f 3227/1007/3048 3235/1015/3056 3236/1016/3057
f 3236/1016/3057 3235/1015/3056 3237/1017/3058
f 3237/1017/3058 3235/1015/3056 3234/1014/3055
f 3238/1018/3059 3237/1017/3058 3234/1014/3055
f 3238/1018/3059 3234/1014/3055 3231/1011/3052
f 3239/1019/3060 3238/1018/3059 3231/1011/3052
f 3231/1011/3052 3232/1012/3053 3239/1019/3060
f 3236/1016/3057 3237/1017/3058 3240/1020/3061
f 3241/1021/3062 3240/1020/3061 3237/1017/3058
f 3241/1021/3062 3237/1017/3058 3238/1018/3059
f 3241/1021/3062 3242/1022/3063 3240/1020/3061
f 3243/1023/3064 3241/1021/3062 3238/1018/3059
f 3243/1023/3064 3238/1018/3059 3239/1019/3060
f 3244/1024/3065 3243/1023/3064 3239/1019/3060
f 3242/1022/3063 3241/1021/3062 3245/1025/3066
f 3245/1025/3066 3241/1021/3062 3243/1023/3064
f 3246/1026/3067 3245/1025/3066 3243/1023/3064
f 3246/1026/3067 3243/1023/3064 3244/1024/3065
f 3247/1027/3068 3246/1026/3067 3244/1024/3065
f 3248/1028/3069 3245/1025/3066 3246/1026/3067
f 3248/1028/3069 3246/1026/3067 3247/1027/3068
f 3249/1029/3070 3248/1028/3069 3247/1027/3068
f 3242/1022/3063 3245/1025/3066 3250/1030/3071
f 3244/1024/3065 3251/1031/3072 3247/1027/3068
f 3251/1031/3072 3244/1024/3065 3252/1032/3073
f 3244/1024/3065 3239/1019/3060 3252/1032/3073
f 3232/1012/3053 3252/1032/3073 3239/1019/3060
f 3252/1032/3073 3232/1012/3053 3233/1013/3054
f 3253/1033/3074 3252/1032/3073 3233/1013/3054
f 3251/1031/3072 3252/1032/3073 3253/1033/3074
f 3254/1034/3075 3251/1031/3072 3253/1033/3074
f 3251/1031/3072 3255/1035/3076 3247/1027/3068
f 3255/1035/3076 3251/1031/3072 3254/1034/3075
f 3249/1029/3070 3247/1027/3068 3255/1035/3076
f 3256/1036/3077 3249/1029/3070 3255/1035/3076
f 3257/1037/3078 3250/1030/3071 3245/1025/3066
f 3258/1038/3079 3257/1037/3078 3245/1025/3066
f 3248/1028/3069 3258/1038/3079 3245/1025/3066
f 3257/1037/3078 3258/1038/3079 3259/1039/3080
f 3259/1039/3080 3258/1038/3079 3248/1028/3069
f 3260/1040/3081 3259/1039/3080 3248/1028/3069
f 3260/1040/3081 3248/1028/3069 3249/1029/3070
f 3261/1041/3082 3260/1040/3081 3249/1029/3070
f 3261/1041/3082 3249/1029/3070 3256/1036/3077
f 3260/1040/3081 3262/1042/3083 3259/1039/3080
f 3262/1042/3083 3260/1040/3081 3261/1041/3082
f 3263/1043/3084 3262/1042/3083 3261/1041/3082
f 3263/1043/3084 3264/1044/3085 3262/1042/3083
f 3265/1045/3086 3261/1041/3082 3256/1036/3077
f 3263/1043/3084 3261/1041/3082 3265/1045/3086
f 3266/1046/3087 3265/1045/3086 3256/1036/3077
f 3266/1046/3087 3256/1036/3077 3267/1047/3088
f 3266/1046/3087 3268/1048/3089 3265/1045/3086
f 3263/1043/3084 3265/1045/3086 3268/1048/3089
f 3266/1046/3087 3269/1049/3090 3268/1048/3089
f 3269/1049/3090 3270/1050/3091 3268/1048/3089
f 3269/1049/3090 3271/1051/3092 3270/1050/3091
f 3271/1051/3092 3272/1052/3093 3270/1050/3091
f 3271/1051/3092 3273/1053/3094 3272/1052/3093
f 3273/1053/3094 3274/1054/3095 3272/1052/3093
f 3273/1053/3094 3275/1055/3096 3274/1054/3095
f 3273/1053/3094 3276/1056/3097 3275/1055/3096
f 3277/1057/3098 3268/1048/3089 3270/1050/3091
f 3277/1057/3098 3263/1043/3084 3268/1048/3089
f 3277/1057/3098 3264/1044/3085 3263/1043/3084
f 3277/1057/3098 3278/1058/3099 3264/1044/3085
f 3278/1058/3099 3270/1050/3091 3272/1052/3093
f 3278/1058/3099 3277/1057/3098 3270/1050/3091
f 3274/1054/3095 3278/1058/3099 3272/1052/3093
f 3267/1047/3088 3256/1036/3077 3279/1059/3100
f 3256/1036/3077 3255/1035/3076 3279/1059/3100
f 3279/1059/3100 3255/1035/3076 3280/1034/3101
f 3191/972/3012 3088/911/2951 3068/894/2930
f 3191/972/3012 3281/1060/3102 3088/911/2951
f 3088/911/2951 3281/1060/3102 3282/1061/3103
f 3283/1062/3104 3282/1061/3103 3281/1060/3102
f 3284/975/3105 3283/1062/3104 3281/1060/3102
f 3283/1062/3104 3285/1063/3106 3282/1061/3103
f 3087/910/2950 3282/1061/3103 3285/1063/3106
f 3088/911/2951 3282/1061/3103 3087/910/2950
f 3087/910/2950 3285/1063/3106 3089/912/2952
f 3191/972/3012 3188/969/3009 3281/1060/3102
f 3194/975/3015 3281/1060/3102 3188/969/3009
f 3088/911/2951 3075/901/2937 3068/894/2930
f 3075/901/2937 3087/910/2950 3286/899/3107
f 3191/972/3012 3068/894/2930 3192/973/3013
f 3059/886/2922 3192/973/3013 3068/894/2930
f 3192/973/3013 3059/886/2922 3061/885/2921
f 3371/1064/3108 3369/1065/3109 3370/1066/3110
f 3372/1067/3111 3370/1066/3110 3369/1065/3109
f 3372/1067/3111 3369/1065/3109 3373/1068/3112
f 3371/1064/3108 3374/1069/3113 3369/1065/3109
f 3119/942/2982 3371/1064/3108 3370/1066/3110
f 3119/942/2982 3118/941/2981 3371/1064/3108
f 3118/941/2981 3374/1069/3113 3371/1064/3108
f 3120/943/2983 3370/1066/3110 3372/1067/3111
f 3120/943/2983 3119/942/2982 3370/1066/3110
f 3126/949/2989 3372/1067/3111 3373/1068/3112
f 3126/949/2989 3120/943/2983 3372/1067/3111
f 3118/941/2981 3124/947/2987 3374/1069/3113
f 3377/1070/3114 3375/662/3115 3376/664/3116
f 3377/1070/3114 3378/1071/3117 3375/662/3115
f 3379/1072/3118 3378/1071/3117 3377/1070/3114
f 3380/1073/3119 3379/1072/3118 3377/1070/3114
f 3380/1073/3119 3377/1070/3114 3381/1074/3120
f 3376/664/3116 3381/1074/3120 3377/1070/3114
f 3382/1075/3121 3380/1073/3119 3381/1074/3120
f 3382/1075/3121 3381/1074/3120 3383/1076/3122
f 3384/1077/3123 3382/1075/3121 3383/1076/3122
f 3384/1077/3123 3383/1076/3122 3385/1078/3124
f 3379/1072/3118 3386/1079/3125 3378/1071/3117
f 3386/1079/3125 3387/1080/3126 3378/1071/3117
f 3386/1079/3125 3388/1081/3127 3387/1080/3126
f 3388/1081/3127 3389/1082/3128 3387/1080/3126
f 3388/1081/3127 3390/1083/3129 3389/1082/3128
f 3390/1083/3129 3391/657/3130 3389/1082/3128
f 3392/656/3131 3387/1080/3126 3389/1082/3128
f 3391/657/3130 3392/656/3131 3389/1082/3128
f 3392/656/3131 3393/660/3132 3387/1080/3126
f 3393/660/3132 3378/1071/3117 3387/1080/3126
f 3393/660/3132 3375/662/3115 3378/1071/3117
f 3383/1076/3122 3394/670/3133 3385/1078/3124
f 3383/1076/3122 3395/668/3134 3394/670/3133
f 3396/666/3135 3383/1076/3122 3381/1074/3120
f 3396/666/3135 3395/668/3134 3383/1076/3122
f 3376/664/3116 3396/666/3135 3381/1074/3120
f 3385/1078/3124 3394/670/3133 3397/671/3136
f 3385/1078/3124 3397/671/3136 3093/916/2956
f 3080/653/2942 3093/916/2956 3397/671/3136
f 3398/1084/3137 3390/1083/3129 3388/1081/3127
f 3391/657/3130 3390/1083/3129 3398/1084/3137
f 3398/1084/3137 3388/1081/3127 3399/1085/3138
f 3399/1085/3138 3388/1081/3127 3386/1079/3125
f 3399/1085/3138 3386/1079/3125 3400/1086/3139
f 3400/1086/3139 3386/1079/3125 3379/1072/3118
f 3400/1086/3139 3379/1072/3118 3401/1087/3140
f 3401/1087/3140 3379/1072/3118 3380/1073/3119
f 3401/1087/3140 3380/1073/3119 3402/1088/3141
f 3402/1088/3141 3380/1073/3119 3382/1075/3121
f 3402/1088/3141 3382/1075/3121 3403/1089/3142
f 3403/1089/3142 3382/1075/3121 3384/1077/3123
f 3384/1077/3123 3093/916/2956 3092/915/2955
f 3384/1077/3123 3385/1078/3124 3093/916/2956
f 3403/1089/3142 3384/1077/3123 3404/1090/3143
f 3384/1077/3123 3405/1091/3144 3404/1090/3143
f 3384/1077/3123 3092/915/2955 3405/1091/3144
f 3092/915/2955 3406/1092/3145 3405/1091/3144
f 3092/915/2955 3091/914/2954 3406/1092/3145
f 3406/1092/3145 3091/914/2954 3090/913/2953
f 3406/1092/3145 3090/913/2953 3407/1093/3146
f 3407/1093/3146 3090/913/2953 3084/900/2946
f 3407/1093/3146 3084/900/2946 3085/908/2948
f 3082/654/2944 3099/922/2962 3094/917/2957
f 3099/922/2962 3082/654/2944 3408/655/3147
f 3099/922/2962 3408/655/3147 3409/1094/3148
f 3100/923/2963 3099/922/2962 3409/1094/3148
f 3100/923/2963 3409/1094/3148 3410/1095/3149
f 3102/925/2965 3100/923/2963 3410/1095/3149
f 3102/925/2965 3410/1095/3149 3411/1096/3150
f 3104/927/2967 3102/925/2965 3411/1096/3150
f 3104/927/2967 3411/1096/3150 3412/1097/3151
f 3106/929/2969 3104/927/2967 3412/1097/3151
f 3106/929/2969 3412/1097/3151 3133/956/2996
f 3190/971/3011 3656/1098/3152 3209/990/3030
f 3198/979/3019 3190/971/3011 3209/990/3030
f 3190/971/3011 3185/966/3006 3656/1098/3152
f 3186/967/3007 3656/1098/3152 3185/966/3006
f 4080/885/3153 4078/887/3154 4079/886/3155
f 4081/888/3156 4078/887/3154 4080/885/3153
f 4081/888/3156 4080/885/3153 4082/889/3157
f 4078/887/3154 4081/888/3156 4083/890/3158
f 4078/887/3154 4083/890/3158 4084/891/3159
f 4085/892/3160 4078/887/3154 4084/891/3159
f 4079/886/3155 4078/887/3154 4085/892/3160
f 4079/886/3155 4085/892/3160 4086/893/3161
f 4079/886/3155 4086/893/3161 4087/894/3162
f 4085/892/3160 4084/891/3159 4088/895/3163
f 4089/896/3164 4085/892/3160 4088/895/3163
f 4086/893/3161 4085/892/3160 4089/896/3164
f 4089/896/3164 4090/897/3165 4086/893/3161
f 4089/896/3164 4091/898/3166 4090/897/3165
f 4091/898/3166 4092/899/3167 4090/897/3165
f 4091/898/3166 4093/900/3168 4092/899/3167
f 4086/893/3161 4090/897/3165 4094/901/3169
f 4090/897/3165 4092/899/3167 4094/901/3169
f 4086/893/3161 4094/901/3169 4087/894/3162
f 4089/896/3164 4088/895/3163 4095/902/3170
f 4095/902/3170 4091/898/3166 4089/896/3164
f 4096/903/3171 4088/895/3163 4084/891/3159
f 4095/902/3170 4088/895/3163 4096/903/3171
f 4096/903/3171 4084/891/3159 4097/904/3172
f 4095/902/3170 4098/905/3173 4091/898/3166
f 4099/653/3174 4098/905/3173 4095/902/3170
f 4095/902/3170 4096/903/3171 4099/653/3174
f 4099/653/3174 4096/903/3171 4100/906/3175
f 4099/653/3174 4100/906/3175 4101/654/3176
f 4099/653/3174 4102/907/3177 4098/905/3173
f 4103/900/3178 4091/898/3166 4098/905/3173
f 4092/899/3179 4103/900/3178 4104/908/3180
f 4092/899/3179 4104/908/3180 4105/909/3181
f 4106/910/3182 4092/899/3179 4105/909/3181
f 4107/911/3183 4094/901/3169 4106/910/3182
f 4106/910/3182 4105/909/3181 4108/912/3184
f 4103/900/3178 4098/905/3173 4109/913/3185
f 4109/913/3185 4098/905/3173 4102/907/3177
f 4109/913/3185 4102/907/3177 4110/914/3186
f 4111/915/3187 4110/914/3186 4102/907/3177
f 4111/915/3187 4102/907/3177 4112/916/3188
f 4099/653/3174 4112/916/3188 4102/907/3177
f 4101/654/3176 4100/906/3175 4113/917/3189
f 4114/918/3190 4113/917/3189 4100/906/3175
f 4114/918/3190 4100/906/3175 4115/919/3191
f 4116/920/3192 4113/917/3189 4114/918/3190
f 4116/920/3192 4117/921/3193 4113/917/3189
f 4118/922/3194 4113/917/3189 4117/921/3193
f 4118/922/3194 4117/921/3193 4119/923/3195
f 4119/923/3195 4117/921/3193 4120/924/3196
f 4119/923/3195 4120/924/3196 4121/925/3197
f 4121/925/3197 4120/924/3196 4122/926/3198
f 4121/925/3197 4122/926/3198 4123/927/3199
f 4123/927/3199 4122/926/3198 4124/928/3200
f 4123/927/3199 4124/928/3200 4125/929/3201
f 4126/930/3202 4124/928/3200 4122/926/3198
f 4126/930/3202 4122/926/3198 4127/931/3203
f 4127/931/3203 4122/926/3198 4120/924/3196
f 4128/932/3204 4117/921/3193 4116/920/3192
f 4128/932/3204 4120/924/3196 4117/921/3193
f 4127/931/3203 4120/924/3196 4128/932/3204
f 4129/933/3205 4124/928/3200 4126/930/3202
f 4129/933/3205 4130/934/3206 4124/928/3200
f 4131/935/3207 4124/928/3200 4130/934/3206
f 4125/929/3201 4124/928/3200 4131/935/3207
f 4131/935/3207 4130/934/3206 4132/936/3208
f 4132/936/3208 4130/934/3206 4133/937/3209
f 4132/936/3208 4133/937/3209 4134/938/3210
f 4135/939/3211 4134/938/3210 4133/937/3209
f 4135/939/3211 4133/937/3209 4136/940/3212
f 4136/940/3212 4137/941/3213 4135/939/3211
f 4136/940/3212 4138/942/3214 4137/941/3213
f 4136/940/3212 4139/943/3215 4138/942/3214
f 4136/940/3212 4140/944/3216 4139/943/3215
f 4140/944/3216 4136/940/3212 4133/937/3209
f 4140/944/3216 4133/937/3209 4141/945/3217
f 4141/945/3217 4130/934/3206 4129/933/3205
f 4141/945/3217 4133/937/3209 4130/934/3206
f 4137/941/3213 4142/946/3218 4135/939/3211
f 4137/941/3213 4143/947/3219 4142/946/3218
f 4144/948/3220 4139/943/3215 4140/944/3216
f 4144/948/3220 4145/949/3221 4139/943/3215
f 4135/939/3211 4146/950/3222 4134/938/3210
f 4135/939/3211 4142/946/3218 4146/950/3222
f 4147/951/3223 4140/944/3216 4141/945/3217
f 4147/951/3223 4144/948/3220 4140/944/3216
f 4134/938/3210 4148/952/3224 4132/936/3208
f 4134/938/3210 4146/950/3222 4148/952/3224
f 4149/953/3225 4147/951/3223 4141/945/3217
f 4149/953/3225 4141/945/3217 4129/933/3205
f 4150/955/3226 4149/953/3225 4129/933/3205
f 4150/955/3226 4129/933/3205 4126/930/3202
f 4151/957/3227 4150/955/3226 4126/930/3202
f 4151/957/3227 4126/930/3202 4127/931/3203
f 4152/958/3228 4151/957/3227 4127/931/3203
f 4152/958/3228 4127/931/3203 4128/932/3204
f 4153/959/3229 4152/958/3228 4128/932/3204
f 4153/959/3229 4128/932/3204 4116/920/3192
f 4154/960/3230 4153/959/3229 4116/920/3192
f 4154/960/3230 4116/920/3192 4114/918/3190
f 4155/961/3231 4154/960/3230 4114/918/3190
f 4155/961/3231 4114/918/3190 4115/919/3191
f 4156/962/3232 4155/961/3231 4115/919/3191
f 4156/962/3232 4115/919/3191 4097/904/3172
f 4115/919/3191 4096/903/3171 4097/904/3172
f 4115/919/3191 4100/906/3175 4096/903/3171
f 4084/891/3159 4156/962/3232 4097/904/3172
f 4084/891/3159 4083/890/3158 4156/962/3232
f 4201/963/3233 4199/965/3234 4200/964/3235
f 4201/963/3233 4202/966/3236 4199/965/3234
f 4199/965/3234 4202/966/3236 4203/967/3237
f 4204/968/3238 4201/963/3233 4200/964/3235
f 4205/969/3239 4204/968/3238 4200/964/3235
f 4206/970/3240 4201/963/3233 4204/968/3238
f 4206/970/3240 4202/966/3236 4201/963/3233
f 4207/971/3241 4202/966/3236 4206/970/3240
f 4205/969/3239 4200/964/3235 4208/972/3242
f 4208/972/3242 4200/964/3235 4209/973/3243
f 4200/964/3235 4199/965/3234 4209/973/3243
f 4209/973/3243 4199/965/3234 4080/885/3153
f 4080/885/3153 4199/965/3234 4082/889/3157
f 4082/889/3157 4199/965/3234 4203/967/3237
f 4210/974/3244 4204/968/3238 4205/969/3239
f 4211/975/3245 4210/974/3244 4205/969/3239
f 4210/974/3244 4212/976/3246 4204/968/3238
f 4212/976/3246 4206/970/3240 4204/968/3238
f 4212/976/3246 4210/974/3244 4213/977/3247
f 4212/976/3246 4214/978/3248 4206/970/3240
f 4214/978/3248 4207/971/3241 4206/970/3240
f 4214/978/3248 4215/979/3249 4207/971/3241
f 4216/980/3250 4213/977/3247 4210/974/3244
f 4216/980/3250 4210/974/3244 4211/975/3245
f 4212/976/3246 4217/981/3251 4214/978/3248
f 4212/976/3246 4213/977/3247 4217/981/3251
f 4217/981/3251 4213/977/3247 4218/982/3252
f 4219/983/3253 4218/982/3252 4213/977/3247
f 4219/983/3253 4213/977/3247 4216/980/3250
f 4217/981/3251 4218/982/3252 4220/984/3254
f 4214/978/3248 4217/981/3251 4221/985/3255
f 4220/984/3254 4221/985/3255 4217/981/3251
f 4221/985/3255 4215/979/3249 4214/978/3248
f 4222/986/3256 4215/979/3249 4221/985/3255
f 4223/987/3257 4221/985/3255 4220/984/3254
f 4223/987/3257 4222/986/3256 4221/985/3255
f 4224/988/3258 4222/986/3256 4223/987/3257
f 4215/979/3249 4222/986/3256 4225/989/3259
f 4215/979/3249 4225/989/3259 4226/990/3260
f 4227/991/3261 4220/984/3254 4218/982/3252
f 4228/992/3262 4227/991/3261 4218/982/3252
f 4228/992/3262 4218/982/3252 4219/983/3253
f 4229/993/3263 4220/984/3254 4227/991/3261
f 4229/993/3263 4223/987/3257 4220/984/3254
f 4230/994/3264 4223/987/3257 4229/993/3263
f 4230/994/3264 4224/988/3258 4223/987/3257
f 4231/995/3265 4224/988/3258 4230/994/3264
f 4225/989/3259 4222/986/3256 4232/996/3266
f 4224/988/3258 4232/996/3266 4222/986/3256
f 4233/997/3267 4232/996/3266 4224/988/3258
f 4231/995/3265 4233/997/3267 4224/988/3258
f 4234/998/3268 4233/997/3267 4231/995/3265
f 4234/998/3268 4231/995/3265 4235/999/3269
f 4236/1000/3270 4235/999/3269 4231/995/3265
f 4236/1000/3270 4231/995/3265 4230/994/3264
f 4236/1000/3270 4230/994/3264 4237/1001/3271
f 4237/1001/3271 4230/994/3264 4229/993/3263
f 4237/1001/3271 4229/993/3263 4238/1006/3272
f 4238/1006/3272 4229/993/3263 4227/991/3261
f 4239/1005/3273 4238/1006/3272 4227/991/3261
f 4239/1005/3273 4227/991/3261 4228/992/3262
f 4239/1005/3273 4240/1007/3274 4238/1006/3272
f 4236/1000/3270 4241/1002/3275 4235/999/3269
f 4241/1002/3275 4236/1000/3270 4242/1003/3276
f 4242/1003/3276 4236/1000/3270 4237/1001/3271
f 4242/1003/3276 4237/1001/3271 4243/1004/3277
f 4243/1004/3277 4237/1001/3271 4238/1006/3272
f 4238/1006/3272 4240/1007/3274 4243/1004/3277
f 4234/998/3268 4235/999/3269 4244/1008/3278
f 4235/999/3269 4241/1002/3275 4245/1009/3279
f 4245/1009/3279 4244/1008/3278 4235/999/3269
f 4246/1010/3280 4244/1008/3278 4245/1009/3279
f 4247/1011/3281 4245/1009/3279 4241/1002/3275
f 4248/1012/3282 4245/1009/3279 4247/1011/3281
f 4248/1012/3282 4246/1010/3280 4245/1009/3279
f 4249/1013/3283 4246/1010/3280 4248/1012/3282
f 4247/1011/3281 4241/1002/3275 4250/1014/3284
f 4250/1014/3284 4241/1002/3275 4242/1003/3276
f 4250/1014/3284 4242/1003/3276 4251/1015/3285
f 4240/1007/3274 4251/1015/3285 4243/1004/3277
f 4251/1015/3285 4242/1003/3276 4243/1004/3277
f 4240/1007/3274 4252/1016/3286 4251/1015/3285
f 4252/1016/3286 4253/1017/3287 4251/1015/3285
f 4253/1017/3287 4250/1014/3284 4251/1015/3285
f 4254/1018/3288 4250/1014/3284 4253/1017/3287
f 4254/1018/3288 4247/1011/3281 4250/1014/3284
f 4255/1019/3289 4247/1011/3281 4254/1018/3288
f 4247/1011/3281 4255/1019/3289 4248/1012/3282
f 4252/1016/3286 4256/1020/3290 4253/1017/3287
f 4257/1021/3291 4253/1017/3287 4256/1020/3290
f 4257/1021/3291 4254/1018/3288 4253/1017/3287
f 4257/1021/3291 4256/1020/3290 4258/1022/3292
f 4259/1023/3293 4254/1018/3288 4257/1021/3291
f 4259/1023/3293 4255/1019/3289 4254/1018/3288
f 4260/1024/3294 4255/1019/3289 4259/1023/3293
f 4258/1022/3292 4261/1025/3295 4257/1021/3291
f 4261/1025/3295 4259/1023/3293 4257/1021/3291
f 4262/1026/3296 4259/1023/3293 4261/1025/3295
f 4262/1026/3296 4260/1024/3294 4259/1023/3293
f 4263/1027/3297 4260/1024/3294 4262/1026/3296
f 4264/1028/3298 4262/1026/3296 4261/1025/3295
f 4264/1028/3298 4263/1027/3297 4262/1026/3296
f 4265/1029/3299 4263/1027/3297 4264/1028/3298
f 4258/1022/3292 4266/1030/3300 4261/1025/3295
f 4260/1024/3294 4263/1027/3297 4267/1031/3301
f 4267/1031/3301 4268/1032/3302 4260/1024/3294
f 4260/1024/3294 4268/1032/3302 4255/1019/3289
f 4248/1012/3282 4255/1019/3289 4268/1032/3302
f 4268/1032/3302 4249/1013/3283 4248/1012/3282
f 4269/1033/3303 4249/1013/3283 4268/1032/3302
f 4267/1031/3301 4269/1033/3303 4268/1032/3302
f 4270/1034/3304 4269/1033/3303 4267/1031/3301
f 4267/1031/3301 4263/1027/3297 4271/1035/3305
f 4271/1035/3305 4270/1034/3304 4267/1031/3301
f 4265/1029/3299 4271/1035/3305 4263/1027/3297
f 4272/1036/3306 4271/1035/3305 4265/1029/3299
f 4273/1037/3307 4261/1025/3295 4266/1030/3300
f 4274/1038/3308 4261/1025/3295 4273/1037/3307
f 4264/1028/3298 4261/1025/3295 4274/1038/3308
f 4273/1037/3307 4275/1039/3309 4274/1038/3308
f 4275/1039/3309 4264/1028/3298 4274/1038/3308
f 4276/1040/3310 4264/1028/3298 4275/1039/3309
f 4276/1040/3310 4265/1029/3299 4264/1028/3298
f 4277/1041/3311 4265/1029/3299 4276/1040/3310
f 4277/1041/3311 4272/1036/3306 4265/1029/3299
f 4276/1040/3310 4275/1039/3309 4278/1042/3312
f 4278/1042/3312 4277/1041/3311 4276/1040/3310
f 4279/1043/3313 4277/1041/3311 4278/1042/3312
f 4280/1044/3314 4279/1043/3313 4278/1042/3312
f 4281/1045/3315 4272/1036/3306 4277/1041/3311
f 4279/1043/3313 4281/1045/3315 4277/1041/3311
f 4282/1046/3316 4272/1036/3306 4281/1045/3315
f 4282/1046/3316 4283/1047/3317 4272/1036/3306
f 4282/1046/3316 4281/1045/3315 4284/1048/3318
f 4279/1043/3313 4284/1048/3318 4281/1045/3315
f 4282/1046/3316 4284/1048/3318 4285/1049/3319
f 4285/1049/3319 4284/1048/3318 4286/1050/3320
f 4285/1049/3319 4286/1050/3320 4287/1051/3321
f 4287/1051/3321 4286/1050/3320 4288/1052/3322
f 4287/1051/3321 4288/1052/3322 4289/1053/3323
f 4289/1053/3323 4288/1052/3322 4290/1054/3324
f 4289/1053/3323 4290/1054/3324 4291/1055/3325
f 4289/1053/3323 4291/1055/3325 4292/1056/3326
f 4293/1057/3327 4284/1048/3318 4279/1043/3313
f 4293/1057/3327 4286/1050/3320 4284/1048/3318
f 4293/1057/3327 4279/1043/3313 4280/1044/3314
f 4293/1057/3327 4280/1044/3314 4294/1058/3328
f 4294/1058/3328 4286/1050/3320 4293/1057/3327
f 4294/1058/3328 4288/1052/3322 4286/1050/3320
f 4290/1054/3324 4288/1052/3322 4294/1058/3328
f 4283/1047/3317 4295/1059/3329 4272/1036/3306
f 4272/1036/3306 4295/1059/3329 4271/1035/3305
f 4295/1059/3329 4296/1034/3330 4271/1035/3305
f 4208/972/3242 4087/894/3162 4107/911/3183
f 4208/972/3242 4107/911/3183 4297/1060/3331
f 4107/911/3183 4298/1061/3332 4297/1060/3331
f 4299/1062/3333 4297/1060/3331 4298/1061/3332
f 4211/975/3245 4297/1060/3331 4299/1062/3333
f 4299/1062/3333 4298/1061/3332 4300/1063/3334
f 4106/910/3182 4300/1063/3334 4298/1061/3332
f 4107/911/3183 4106/910/3182 4298/1061/3332
f 4106/910/3182 4108/912/3184 4300/1063/3334
f 4211/975/3245 4205/969/3239 4297/1060/3331
f 4208/972/3242 4297/1060/3331 4205/969/3239
f 4107/911/3183 4087/894/3162 4094/901/3169
f 4094/901/3169 4301/899/3335 4106/910/3182
f 4208/972/3242 4209/973/3243 4087/894/3162
f 4079/886/3155 4087/894/3162 4209/973/3243
f 4209/973/3243 4080/885/3153 4079/886/3155
f 4384/1064/3336 4382/1066/3337 4383/1065/3338
f 4385/1067/3339 4383/1065/3338 4382/1066/3337
f 4385/1067/3339 4386/1068/3340 4383/1065/3338
f 4384/1064/3336 4383/1065/3338 4387/1069/3341
f 4138/942/3214 4382/1066/3337 4384/1064/3336
f 4138/942/3214 4384/1064/3336 4137/941/3213
f 4137/941/3213 4384/1064/3336 4387/1069/3341
f 4139/943/3215 4382/1066/3337 4138/942/3214
f 4139/943/3215 4385/1067/3339 4382/1066/3337
f 4145/949/3221 4385/1067/3339 4139/943/3215
f 4145/949/3221 4386/1068/3340 4385/1067/3339
f 4137/941/3213 4387/1069/3341 4143/947/3219
f 4390/1070/3342 4388/662/3343 4389/1071/3344
f 4390/1070/3342 4391/664/3345 4388/662/3343
f 4392/1072/3346 4390/1070/3342 4389/1071/3344
f 4393/1073/3347 4390/1070/3342 4392/1072/3346
f 4393/1073/3347 4394/1074/3348 4390/1070/3342
f 4391/664/3345 4390/1070/3342 4394/1074/3348
f 4395/1075/3349 4394/1074/3348 4393/1073/3347
f 4395/1075/3349 4396/1076/3350 4394/1074/3348
f 4397/1077/3351 4396/1076/3350 4395/1075/3349
f 4397/1077/3351 4398/1078/3352 4396/1076/3350
f 4392/1072/3346 4389/1071/3344 4399/1079/3353
f 4399/1079/3353 4389/1071/3344 4400/1080/3354
f 4399/1079/3353 4400/1080/3354 4401/1081/3355
f 4401/1081/3355 4400/1080/3354 4402/1082/3356
f 4401/1081/3355 4402/1082/3356 4403/1083/3357
f 4403/1083/3357 4402/1082/3356 4404/657/3358
f 4405/656/3359 4402/1082/3356 4400/1080/3354
f 4404/657/3358 4402/1082/3356 4405/656/3359
f 4405/656/3359 4400/1080/3354 4406/660/3360
f 4406/660/3360 4400/1080/3354 4389/1071/3344
f 4406/660/3360 4389/1071/3344 4388/662/3343
f 4396/1076/3350 4398/1078/3352 4407/670/3361
f 4396/1076/3350 4407/670/3361 4408/668/3362
f 4409/666/3363 4396/1076/3350 4408/668/3362
f 4409/666/3363 4394/1074/3348 4396/1076/3350
f 4391/664/3345 4394/1074/3348 4409/666/3363
f 4398/1078/3352 4410/671/3364 4407/670/3361
f 4411/1084/3365 4401/1081/3355 4403/1083/3357
f 4404/657/3358 4411/1084/3365 4403/1083/3357
f 4411/1084/3365 4412/1085/3366 4401/1081/3355
f 4412/1085/3366 4399/1079/3353 4401/1081/3355
f 4412/1085/3366 4413/1086/3367 4399/1079/3353
f 4413/1086/3367 4392/1072/3346 4399/1079/3353
f 4413/1086/3367 4414/1087/3368 4392/1072/3346
f 4414/1087/3368 4393/1073/3347 4392/1072/3346
f 4414/1087/3368 4415/1088/3369 4393/1073/3347
f 4415/1088/3369 4395/1075/3349 4393/1073/3347
f 4415/1088/3369 4416/1089/3370 4395/1075/3349
f 4416/1089/3370 4397/1077/3351 4395/1075/3349
f 4416/1089/3370 4417/1090/3371 4397/1077/3351
f 4397/1077/3351 4417/1090/3371 4418/1091/3372
f 4397/1077/3351 4418/1091/3372 4111/915/3187
f 4397/1077/3351 4111/915/3187 4112/916/3188
f 4398/1078/3352 4112/916/3188 4410/671/3364
f 4397/1077/3351 4112/916/3188 4398/1078/3352
f 4099/653/3174 4410/671/3364 4112/916/3188
f 4111/915/3187 4418/1091/3372 4419/1092/3373
f 4111/915/3187 4419/1092/3373 4110/914/3186
f 4419/1092/3373 4109/913/3185 4110/914/3186
f 4419/1092/3373 4420/1093/3374 4109/913/3185
f 4420/1093/3374 4103/900/3178 4109/913/3185
f 4420/1093/3374 4104/908/3180 4103/900/3178
f 4101/654/3176 4113/917/3189 4118/922/3194
f 4118/922/3194 4421/655/3375 4101/654/3176
f 4118/922/3194 4422/1094/3376 4421/655/3375
f 4119/923/3195 4422/1094/3376 4118/922/3194
f 4119/923/3195 4423/1095/3377 4422/1094/3376
f 4121/925/3197 4423/1095/3377 4119/923/3195
f 4121/925/3197 4424/1096/3378 4423/1095/3377
f 4123/927/3199 4424/1096/3378 4121/925/3197
f 4123/927/3199 4425/1097/3379 4424/1096/3378
f 4125/929/3201 4425/1097/3379 4123/927/3199
f 4125/929/3201 4426/956/3380 4425/1097/3379
f 4131/935/3207 4426/956/3380 4125/929/3201
f 4131/935/3207 4427/954/3381 4426/956/3380
f 4148/952/3224 4427/954/3381 4131/935/3207
f 4148/952/3224 4131/935/3207 4132/936/3208
f 4207/971/3241 4226/990/3260 4671/1098/3382
f 4215/979/3249 4226/990/3260 4207/971/3241
f 4207/971/3241 4671/1098/3382 4202/966/3236
f 4203/967/3237 4202/966/3236 4671/1098/3382
f 4810/683/3383 4808/1099/3384 4809/681/3385
f 4810/683/3383 4811/1100/3386 4808/1099/3384
f 4809/681/3385 4808/1099/3384 4812/1101/3387
f 4809/681/3385 4812/1101/3387 4813/1102/3388
f 4809/681/3385 4813/1102/3388 4814/682/3389
f 4814/682/3389 4813/1102/3388 4815/1103/3390
f 4814/682/3389 4815/1103/3390 4816/1104/3391
f 4808/1099/3384 4817/685/3392 4812/1101/3387
f 4818/1105/3393 4812/1101/3387 4817/685/3392
f 4818/1105/3393 4819/1106/3394 4812/1101/3387
f 4820/1107/3395 4819/1106/3394 4818/1105/3393
f 4820/1107/3395 4821/1108/3396 4819/1106/3394
f 4820/1107/3395 4822/1109/3397 4821/1108/3396
f 4823/1110/3398 4822/1109/3397 4820/1107/3395
f 4823/1110/3398 4824/1111/3399 4822/1109/3397
f 4822/1109/3397 4825/1112/3400 4821/1108/3396
f 4826/1113/3401 4821/1108/3396 4825/1112/3400
f 4826/1113/3401 4827/1114/3402 4821/1108/3396
f 4828/1115/3403 4827/1114/3402 4826/1113/3401
f 4828/1115/3403 4829/1116/3404 4827/1114/3402
f 4828/1115/3403 4830/1117/3405 4829/1116/3404
f 4831/1118/3406 4830/1117/3405 4828/1115/3403
f 4831/1118/3406 4832/1119/3407 4830/1117/3405
f 4830/1117/3405 4833/1120/3408 4829/1116/3404
f 4834/1121/3409 4829/1116/3404 4833/1120/3408
f 4834/1121/3409 4835/1122/3410 4829/1116/3404
f 4836/1123/3411 4835/1122/3410 4834/1121/3409
f 4836/1123/3411 4837/1124/3412 4835/1122/3410
f 4834/1121/3409 4833/1120/3408 4838/1125/3413
f 4831/1118/3406 4828/1115/3403 4839/1126/3414
f 4839/1126/3414 4828/1115/3403 4826/1113/3401
f 4826/1113/3401 4825/1112/3400 4840/1127/3415
f 4831/1118/3406 4841/1128/3416 4832/1119/3407
f 4841/1128/3416 4842/1129/3417 4832/1119/3407
f 4842/1129/3417 4830/1117/3405 4832/1119/3407
f 4842/1129/3417 4833/1120/3408 4830/1117/3405
f 4829/1116/3404 4843/1130/3418 4827/1114/3402
f 4835/1122/3410 4843/1130/3418 4829/1116/3404
f 4837/1124/3412 4843/1130/3418 4835/1122/3410
f 4844/1131/3419 4843/1130/3418 4837/1124/3412
f 4845/1132/3420 4844/1131/3419 4837/1124/3412
f 4845/1132/3420 4837/1124/3412 4846/1133/3421
f 4847/1134/3422 4846/1133/3421 4837/1124/3412
f 4848/1123/3423 4847/1134/3422 4837/1124/3412
f 4849/1135/3424 4847/1134/3422 4848/1123/3423
f 4849/1135/3424 4850/1136/3425 4847/1134/3422
f 4851/1137/3426 4844/1131/3419 4845/1132/3420
f 4851/1137/3426 4815/1103/3390 4844/1131/3419
f 4815/1103/3390 4843/1130/3418 4844/1131/3419
f 4851/1137/3426 4852/1138/3427 4815/1103/3390
f 4853/1139/3428 4852/1138/3427 4851/1137/3426
f 4853/1139/3428 4854/1140/3429 4852/1138/3427
f 4852/1138/3427 4816/1104/3391 4815/1103/3390
f 4853/1139/3428 4851/1137/3426 4855/1141/3430
f 4845/1132/3420 4846/1133/3421 4856/1142/3431
f 4849/1135/3424 4857/1143/3432 4850/1136/3425
f 4858/1144/3433 4847/1134/3422 4850/1136/3425
f 4858/1144/3433 4846/1133/3421 4847/1134/3422
f 4856/1142/3431 4846/1133/3421 4858/1144/3433
f 4859/1143/3434 4858/1144/3433 4850/1136/3425
f 4853/1139/3428 4860/1145/3435 4854/1140/3429
f 4860/1145/3435 4861/1146/3436 4854/1140/3429
f 4861/1146/3436 4852/1138/3427 4854/1140/3429
f 4861/1146/3436 4816/1104/3391 4852/1138/3427
f 4862/1147/3437 4816/1104/3391 4861/1146/3436
f 4814/682/3389 4816/1104/3391 4862/1147/3437
f 4813/1102/3388 4843/1130/3418 4815/1103/3390
f 4812/1101/3387 4843/1130/3418 4813/1102/3388
f 4819/1106/3394 4843/1130/3418 4812/1101/3387
f 4821/1108/3396 4843/1130/3418 4819/1106/3394
f 4827/1114/3402 4843/1130/3418 4821/1108/3396
f 4810/683/3383 4865/1148/3438 4811/1100/3386
f 4865/1148/3438 4866/686/3439 4811/1100/3386
f 4866/686/3439 4808/1099/3384 4811/1100/3386
f 4866/686/3439 4817/685/3392 4808/1099/3384
f 4818/1105/3393 4817/685/3392 4867/684/3440
f 4869/1149/3441 4820/1107/3395 4818/1105/3393
f 4823/1110/3398 4820/1107/3395 4869/1149/3441
f 4823/1110/3398 4870/1150/3442 4824/1111/3399
f 4870/1150/3442 4871/1151/3443 4824/1111/3399
f 4871/1151/3443 4822/1109/3397 4824/1111/3399
f 4871/1151/3443 4825/1112/3400 4822/1109/3397
f 4840/1127/3415 4825/1112/3400 4871/1151/3443
f 4849/1135/3444 4836/1123/3411 4872/1152/3445
f 4872/1152/3445 4836/1123/3411 4834/1121/3409
f 4917/1125/3446 4833/1120/3408 4842/1129/3417
f 4918/1141/3447 4851/1137/3426 4845/1132/3420
f 4921/683/3448 4919/1099/3449 4920/1100/3450
f 4921/683/3448 4922/681/3451 4919/1099/3449
f 4922/681/3451 4923/1101/3452 4919/1099/3449
f 4922/681/3451 4924/1102/3453 4923/1101/3452
f 4922/681/3451 4925/682/3454 4924/1102/3453
f 4925/682/3454 4926/1103/3455 4924/1102/3453
f 4925/682/3454 4927/1104/3456 4926/1103/3455
f 4919/1099/3449 4923/1101/3452 4928/685/3457
f 4929/1105/3458 4928/685/3457 4923/1101/3452
f 4929/1105/3458 4923/1101/3452 4930/1106/3459
f 4931/1107/3460 4929/1105/3458 4930/1106/3459
f 4931/1107/3460 4930/1106/3459 4932/1108/3461
f 4931/1107/3460 4932/1108/3461 4933/1109/3462
f 4934/1110/3463 4931/1107/3460 4933/1109/3462
f 4934/1110/3463 4933/1109/3462 4935/1111/3464
f 4933/1109/3462 4932/1108/3461 4936/1112/3465
f 4937/1113/3466 4936/1112/3465 4932/1108/3461
f 4937/1113/3466 4932/1108/3461 4938/1114/3467
f 4939/1115/3468 4937/1113/3466 4938/1114/3467
f 4939/1115/3468 4938/1114/3467 4940/1116/3469
f 4939/1115/3468 4940/1116/3469 4941/1117/3470
f 4942/1118/3471 4939/1115/3468 4941/1117/3470
f 4942/1118/3471 4941/1117/3470 4943/1119/3472
f 4941/1117/3470 4940/1116/3469 4944/1120/3473
f 4945/1121/3474 4944/1120/3473 4940/1116/3469
f 4945/1121/3474 4940/1116/3469 4946/1122/3475
f 4947/1123/3476 4945/1121/3474 4946/1122/3475
f 4947/1123/3476 4946/1122/3475 4948/1124/3477
f 4947/1123/3476 4948/1124/3477 4949/1134/3478
f 4950/1135/3479 4947/1123/3476 4949/1134/3478
f 4950/1135/3479 4949/1134/3478 4951/1136/3480
f 4949/1134/3478 4948/1124/3477 4952/1133/3481
f 4953/1132/3482 4952/1133/3481 4948/1124/3477
f 4953/1132/3482 4948/1124/3477 4954/1131/3483
f 4955/1137/3484 4953/1132/3482 4954/1131/3483
f 4955/1137/3484 4954/1131/3483 4926/1103/3455
f 4955/1137/3484 4926/1103/3455 4956/1138/3485
f 4957/1139/3486 4955/1137/3484 4956/1138/3485
f 4957/1139/3486 4956/1138/3485 4958/1140/3487
f 4956/1138/3485 4926/1103/3455 4927/1104/3456
f 4950/1135/3479 4959/1152/3488 4947/1123/3476
f 4957/1139/3486 4960/1141/3489 4955/1137/3484
f 4953/1132/3482 4961/1142/3490 4952/1133/3481
f 4950/1135/3479 4951/1136/3480 4962/1143/3491
f 4963/1144/3492 4949/1134/3478 4952/1133/3481
f 4963/1144/3492 4951/1136/3480 4949/1134/3478
f 4961/1142/3490 4963/1144/3492 4952/1133/3481
f 4964/1143/3493 4951/1136/3480 4963/1144/3492
f 4957/1139/3486 4958/1140/3487 4965/1145/3494
f 4965/1145/3494 4958/1140/3487 4966/1146/3495
f 4966/1146/3495 4956/1138/3485 4927/1104/3456
f 4966/1146/3495 4958/1140/3487 4956/1138/3485
f 4967/1147/3496 4966/1146/3495 4927/1104/3456
f 4925/682/3454 4967/1147/3496 4927/1104/3456
f 4959/1152/3488 4945/1121/3474 4947/1123/3476
f 4945/1121/3474 4968/1125/3497 4944/1120/3473
f 4969/1129/3498 4941/1117/3470 4944/1120/3473
f 4969/1129/3498 4943/1119/3472 4941/1117/3470
f 4970/1128/3499 4943/1119/3472 4969/1129/3498
f 4942/1118/3471 4943/1119/3472 4970/1128/3499
f 4971/1125/3500 4969/1129/3498 4944/1120/3473
f 4942/1118/3471 4972/1126/3501 4939/1115/3468
f 4972/1126/3501 4937/1113/3466 4939/1115/3468
f 4937/1113/3466 4973/1127/3502 4936/1112/3465
f 4973/1127/3502 4974/1151/3503 4936/1112/3465
f 4974/1151/3503 4933/1109/3462 4936/1112/3465
f 4974/1151/3503 4935/1111/3464 4933/1109/3462
f 4975/1150/3504 4935/1111/3464 4974/1151/3503
f 4934/1110/3463 4935/1111/3464 4975/1150/3504
f 4934/1110/3463 4976/1149/3505 4931/1107/3460
f 4976/1149/3505 4929/1105/3458 4931/1107/3460
f 4929/1105/3458 4977/684/3506 4928/685/3457
f 4978/686/3507 4919/1099/3449 4928/685/3457
f 4978/686/3507 4920/1100/3450 4919/1099/3449
f 4979/1148/3508 4920/1100/3450 4978/686/3507
f 4921/683/3448 4920/1100/3450 4979/1148/3508
f 4921/683/3448 4981/680/3509 4922/681/3451
f 4981/680/3509 4925/682/3454 4922/681/3451
f 4924/1102/3453 4926/1103/3455 4982/1130/3510
f 4923/1101/3452 4924/1102/3453 4982/1130/3510
f 4930/1106/3459 4923/1101/3452 4982/1130/3510
f 4932/1108/3461 4930/1106/3459 4982/1130/3510
f 4938/1114/3467 4932/1108/3461 4982/1130/3510
f 4940/1116/3469 4938/1114/3467 4982/1130/3510
f 4946/1122/3475 4940/1116/3469 4982/1130/3510
f 4948/1124/3477 4946/1122/3475 4982/1130/3510
f 4954/1131/3483 4948/1124/3477 4982/1130/3510
f 4926/1103/3455 4954/1131/3483 4982/1130/3510
f 5027/1141/3511 4953/1132/3482 4955/1137/3484
usemtl metal
f 2779/1153/3512 2778/1154/3512 2777/1155/3512
f 2978/1156/3513 2976/1157/3514 2977/1158/3515
f 2978/1156/3513 2979/1159/3516 2976/1157/3514
f 2978/1156/3517 2980/1160/3518 2981/1161/3519
f 2978/1156/3517 2982/1158/3520 2980/1160/3518
f 2984/1162/3521 2981/1161/3522 2983/1160/3523
f 2984/1162/3521 2983/1160/3523 2985/1163/3524
f 2979/1159/3525 2986/1164/3526 2987/1157/3527
f 2979/1159/3525 2988/1165/3528 2986/1164/3526
f 2988/1165/3528 2989/1166/3529 2986/1164/3526
f 2988/1165/3528 2990/1167/3530 2989/1166/3529
f 2991/1168/3531 2989/1166/3529 2990/1167/3530
f 2991/1168/3531 2990/1167/3530 2992/1169/3532
f 2994/1169/3533 2993/1170/3533 2991/1168/3533
f 2997/1171/3534 2995/1172/3535 2996/1168/3536
f 2996/1168/3536 2998/1170/3537 2997/1171/3534
f 3516/1173/3538 3515/1174/3538 3514/1175/3538
f 3578/1176/3539 3576/1177/3540 3577/1178/3541
f 3578/1176/3539 3579/1179/3542 3576/1177/3540
f 3580/1180/3543 3578/1176/3539 3577/1178/3541
f 3580/1180/3543 3577/1178/3541 3581/1181/3544
f 3582/1182/3545 3580/1180/3543 3581/1181/3544
f 3582/1182/3545 3581/1181/3544 3583/1183/3546
f 3584/1184/3547 3582/1182/3545 3583/1183/3546
f 3584/1184/3547 3583/1183/3546 3585/1185/3548
f 3579/1179/3542 3586/1186/3549 3576/1177/3540
f 3579/1179/3542 3587/1187/3550 3586/1186/3549
f 3587/1187/3550 3588/1188/3551 3586/1186/3549
f 3587/1187/3550 3589/1189/3552 3588/1188/3551
f 3589/1189/3552 3590/1190/3553 3588/1188/3551
f 3589/1189/3552 3591/1191/3554 3590/1190/3553
f 3593/1192/3555 3585/1185/3556 3592/1193/3557
f 3593/1192/3555 3594/1184/3558 3585/1185/3556
f 3597/1194/3559 3595/1195/3560 3596/1196/3561
f 3597/1194/3559 3598/1197/3562 3595/1195/3560
f 3599/1198/3563 3595/1195/3560 3598/1197/3562
f 3599/1198/3563 3600/1199/3564 3595/1195/3560
f 3601/1200/3565 3600/1199/3564 3599/1198/3563
f 3601/1200/3565 3602/1201/3566 3600/1199/3564
f 3604/1202/3567 3603/1201/3568 3601/1200/3568
f 3604/1202/3567 3605/1203/3569 3603/1201/3568
f 3604/1202/3567 3606/1193/3570 3605/1203/3569
f 3604/1202/3567 3607/1192/3570 3606/1193/3570
f 3610/1204/3571 3608/1205/3572 3609/1206/3573
f 3610/1204/3571 3611/1207/3574 3608/1205/3572
f 3631/1208/3575 3629/1209/3576 3630/1210/3577
f 3631/1208/3575 3632/1211/3578 3629/1209/3576
f 3632/1211/3579 3633/1212/3580 3634/1209/3581
f 3632/1211/3579 3635/1213/3582 3633/1212/3580
f 3638/1214/3583 3637/1215/3584 3636/1216/3585
f 3638/1214/3583 3636/1216/3585 3639/1217/3586
f 3639/1217/3586 3636/1216/3585 3640/1218/3587
f 3639/1217/3586 3640/1218/3587 3641/1219/3588
f 3644/1220/3589 3643/1221/3590 3642/1222/3591
f 3644/1220/3589 3642/1222/3591 3645/1223/3592
f 3648/1224/3593 3647/1225/3594 3646/1226/3595
f 3648/1224/3593 3646/1226/3595 3649/1227/3596
f 3649/1227/3596 3646/1226/3595 3650/1210/3597
f 3649/1227/3596 3650/1210/3597 3651/1208/3598
f 4003/1169/3599 4000/1168/3599 4002/1170/3599
f 4006/1171/3600 4005/1172/3601 4004/1168/3602
f 4004/1168/3602 4007/1170/3603 4006/1171/3600
f 4531/1173/3604 4529/1174/3604 4530/1175/3604
f 4593/1176/3605 4591/1177/3606 4592/1179/3607
f 4593/1176/3605 4594/1178/3608 4591/1177/3606
f 4595/1180/3609 4594/1178/3608 4593/1176/3605
f 4595/1180/3609 4596/1181/3610 4594/1178/3608
f 4597/1182/3611 4596/1181/3610 4595/1180/3609
f 4597/1182/3611 4598/1183/3612 4596/1181/3610
f 4599/1184/3613 4598/1183/3612 4597/1182/3611
f 4599/1184/3613 4600/1185/3614 4598/1183/3612
f 4592/1179/3607 4591/1177/3606 4601/1186/3615
f 4592/1179/3607 4601/1186/3615 4602/1187/3616
f 4602/1187/3616 4601/1186/3615 4603/1188/3617
f 4602/1187/3616 4603/1188/3617 4604/1189/3618
f 4604/1189/3618 4603/1188/3617 4605/1190/3619
f 4604/1189/3618 4605/1190/3619 4606/1191/3620
f 4608/1192/3621 4600/1185/3622 4607/1184/3623
f 4608/1192/3621 4609/1193/3624 4600/1185/3622
f 4612/1194/3625 4610/1195/3626 4611/1197/3627
f 4612/1194/3625 4613/1196/3625 4610/1195/3626
f 4614/1198/3628 4611/1197/3627 4610/1195/3626
f 4614/1198/3628 4610/1195/3626 4615/1199/3629
f 4616/1200/3630 4614/1198/3628 4615/1199/3629
f 4616/1200/3630 4615/1199/3629 4617/1201/3631
f 4619/1202/3632 4616/1200/3633 4618/1201/3633
f 4619/1202/3632 4618/1201/3633 4620/1203/3634
f 4619/1202/3632 4620/1203/3634 4621/1193/3635
f 4619/1202/3632 4621/1193/3635 4622/1192/3635
f 4625/1204/3636 4623/1205/3637 4624/1207/3638
f 4625/1204/3636 4626/1206/3639 4623/1205/3637
f 4646/1208/3640 4644/1209/3641 4645/1211/3642
f 4646/1208/3640 4647/1210/3643 4644/1209/3641
f 4645/1211/3644 4648/1212/3645 4649/1213/3646
f 4645/1211/3644 4650/1209/3647 4648/1212/3645
f 4653/1214/3648 4652/1217/3649 4651/1216/3650
f 4653/1214/3648 4651/1216/3650 4654/1215/3651
f 4652/1217/3649 4655/1218/3652 4651/1216/3650
f 4652/1217/3649 4656/1219/3653 4655/1218/3652
f 4659/1220/3654 4658/1223/3655 4657/1222/3656
f 4659/1220/3654 4657/1222/3656 4660/1221/3657
f 4663/1224/3658 4662/1227/3659 4661/1226/3660
f 4663/1224/3658 4661/1226/3660 4664/1225/3661
f 4662/1227/3659 4665/1210/3662 4661/1226/3660
f 4662/1227/3659 4666/1208/3663 4665/1210/3662
f 3614/1207/3664 3613/1205/3665 3612/1228/3666
f 3614/1207/3664 3612/1228/3666 3615/1229/3667
f 3616/1230/3668 3615/1229/3667 3612/1228/3666
f 3616/1230/3668 3612/1228/3666 3617/1231/3669
f 3618/1232/3670 3616/1230/3668 3617/1231/3669
f 3618/1232/3670 3617/1231/3669 3619/1233/3671
f 3618/1232/3670 3619/1233/3671 3620/1234/3672
f 3618/1232/3670 3620/1234/3672 3621/1235/3673
f 3621/1235/3673 3620/1234/3672 3622/1236/3674
f 3621/1235/3673 3622/1236/3674 3623/1237/3675
f 3626/1238/3676 3625/1239/3677 3624/1240/3678
f 3626/1238/3676 3624/1240/3678 3627/1241/3679
f 3627/1241/3679 3628/1242/3680 3626/1238/3676
f 4629/1207/3681 4628/1229/3682 4627/1228/3683
f 4629/1207/3681 4627/1228/3683 4630/1205/3684
f 4631/1230/3685 4627/1228/3683 4628/1229/3682
f 4631/1230/3685 4632/1231/3686 4627/1228/3683
f 4633/1232/3687 4632/1231/3686 4631/1230/3685
f 4633/1232/3687 4634/1233/3688 4632/1231/3686
f 4633/1232/3687 4635/1234/3689 4634/1233/3688
f 4633/1232/3687 4636/1235/3690 4635/1234/3689
f 4636/1235/3690 4637/1236/3691 4635/1234/3689
f 4636/1235/3690 4638/1237/3692 4637/1236/3691
f 4641/1238/3693 4640/1241/3694 4639/1240/3695
f 4641/1238/3693 4639/1240/3695 4642/1239/3696
f 4640/1241/3694 4641/1238/3693 4643/1242/3697
f 2599/1243/3698 2597/1244/3699 2598/1245/3700
f 2599/1243/3698 2600/1246/3701 2597/1244/3699
f 2599/1243/3698 2598/1245/3700 2601/1247/3702
f 2599/1243/3698 2601/1247/3702 2602/1248/3703
f 2603/1249/3704 2602/1248/3703 2601/1247/3702
f 2603/1249/3704 2604/1250/3705 2602/1248/3703
f 2604/1250/3705 2603/1249/3704 2605/1251/3706
f 2608/1252/3707 2607/1253/3708 2606/1254/3709
f 2608/1252/3707 2606/1254/3709 2609/1255/3710
f 2610/1256/3711 2607/1253/3708 2608/1252/3707
f 2610/1256/3711 2611/1257/3712 2607/1253/3708
f 2612/1258/3713 2611/1257/3712 2610/1256/3711
f 2612/1258/3713 2610/1256/3711 2613/1259/3714
f 2614/1260/3715 2610/1256/3711 2608/1252/3707
f 2614/1260/3715 2615/1259/3716 2610/1256/3711
f 2614/1260/3715 2616/1261/3717 2615/1259/3716
f 2614/1260/3715 2608/1252/3707 2617/1262/3718
f 2617/1262/3718 2608/1252/3707 2618/1255/3719
f 2617/1262/3718 2618/1255/3719 2619/1263/3720
f 2620/1264/3721 2612/1258/3713 2613/1259/3714
f 2620/1264/3721 2613/1259/3714 2621/1265/3722
f 2620/1264/3721 2621/1265/3722 2622/1266/3723
f 2620/1264/3721 2622/1266/3723 2623/1267/3724
f 2623/1267/3724 2622/1266/3723 2624/1268/3725
f 2625/1265/3726 2615/1259/3716 2616/1261/3717
f 2625/1265/3726 2616/1261/3717 2626/1269/3727
f 2626/1269/3727 2627/1266/3728 2625/1265/3726
f 2626/1269/3727 2628/1270/3729 2627/1266/3728
f 2631/1271/3730 2629/1272/3731 2630/1273/3732
f 2631/1271/3730 2632/1274/3733 2629/1272/3731
f 2630/1273/3732 2629/1272/3731 2633/1275/3734
f 2630/1273/3732 2633/1275/3734 2634/1276/3735
f 2635/1277/3736 2632/1274/3733 2631/1271/3730
f 2635/1277/3736 2636/1278/3737 2632/1274/3733
f 2637/1279/3738 2634/1276/3735 2633/1275/3734
f 2637/1279/3738 2638/1280/3739 2634/1276/3735
f 2637/1279/3738 2639/1281/3740 2638/1280/3739
f 2637/1279/3738 2640/1282/3741 2639/1281/3740
f 2639/1281/3740 2640/1282/3741 2641/1283/3742
f 2644/1284/3743 2643/1244/3744 2642/1245/3745
f 2644/1284/3743 2642/1245/3745 2645/1285/3746
f 2646/1286/3747 2645/1285/3746 2642/1245/3745
f 2646/1286/3747 2642/1245/3745 2647/1247/3748
f 2648/1287/3749 2646/1286/3747 2647/1247/3748
f 2648/1287/3749 2647/1247/3748 2649/1249/3750
f 2650/1288/3751 2648/1287/3749 2649/1249/3750
f 2650/1288/3751 2649/1249/3750 2651/1251/3752
f 2654/1289/3753 2652/1280/3754 2653/1281/3755
f 2654/1289/3753 2655/1290/3756 2652/1280/3754
f 2656/1291/3757 2652/1280/3754 2655/1290/3756
f 2656/1291/3757 2657/1276/3758 2652/1280/3754
f 2658/1283/3759 2654/1289/3753 2653/1281/3755
f 2658/1283/3759 2659/1292/3760 2654/1289/3753
f 2660/1293/3761 2657/1276/3758 2656/1291/3757
f 2660/1293/3761 2661/1273/3762 2657/1276/3758
f 2662/1294/3763 2661/1273/3762 2660/1293/3761
f 2662/1294/3763 2663/1271/3764 2661/1273/3762
f 2664/1277/3765 2663/1271/3764 2662/1294/3763
f 2664/1277/3765 2662/1294/3763 2665/1295/3766
f 2668/1296/3767 2667/1272/3768 2666/1275/3769
f 2668/1296/3767 2666/1275/3769 2669/1297/3770
f 2670/1274/3771 2667/1272/3768 2668/1296/3767
f 2670/1274/3771 2668/1296/3767 2671/1298/3772
f 2672/1278/3773 2670/1274/3771 2671/1298/3772
f 2672/1278/3773 2671/1298/3772 2673/1299/3774
f 2674/1300/3775 2669/1297/3770 2666/1275/3769
f 2674/1300/3775 2666/1275/3769 2675/1279/3776
f 2674/1300/3775 2675/1279/3776 2676/1282/3777
f 2674/1300/3775 2676/1282/3777 2677/1301/3778
f 2680/1302/3779 2678/1248/3780 2679/1250/3781
f 2680/1302/3779 2681/1303/3782 2678/1248/3780
f 2682/1304/3783 2678/1248/3780 2681/1303/3782
f 2682/1304/3783 2683/1243/3784 2678/1248/3780
f 2684/1305/3785 2683/1243/3784 2682/1304/3783
f 2684/1305/3785 2685/1246/3786 2683/1243/3784
f 2688/1306/3787 2687/1307/3788 2686/1308/3789
f 2688/1306/3787 2686/1308/3789 2689/1309/3790
f 2690/1310/3791 2686/1308/3789 2687/1307/3788
f 2690/1310/3791 2691/1311/3792 2686/1308/3789
f 2692/1312/3793 2691/1311/3792 2690/1310/3791
f 2692/1312/3793 2693/1313/3794 2691/1311/3792
f 2693/1313/3794 2692/1312/3793 2694/1314/3795
f 2697/1315/3796 2696/1316/3797 2695/1307/3798
f 2697/1315/3796 2695/1307/3798 2698/1306/3799
f 2695/1307/3798 2696/1316/3797 2699/1317/3800
f 2695/1307/3798 2699/1317/3800 2700/1310/3801
f 2700/1310/3801 2699/1317/3800 2701/1318/3802
f 2700/1310/3801 2701/1318/3802 2702/1312/3803
f 2702/1312/3803 2701/1318/3802 2703/1319/3804
f 2702/1312/3803 2703/1319/3804 2704/1314/3805
f 2707/1320/3806 2705/1264/3807 2706/1321/3808
f 2707/1320/3806 2708/1267/3809 2705/1264/3807
f 2706/1321/3808 2705/1264/3807 2709/1258/3810
f 2706/1321/3808 2709/1258/3810 2710/1322/3811
f 2707/1320/3806 2711/1268/3812 2708/1267/3809
f 2707/1320/3806 2712/1323/3813 2711/1268/3812
f 2713/1257/3814 2710/1322/3811 2709/1258/3810
f 2713/1257/3814 2714/1324/3815 2710/1322/3811
f 2714/1324/3815 2713/1257/3814 2715/1253/3816
f 2714/1324/3815 2715/1253/3816 2716/1325/3817
f 2717/1326/3818 2716/1325/3817 2715/1253/3816
f 2717/1326/3818 2715/1253/3816 2718/1254/3819
f 2721/1327/3820 2719/1311/3821 2720/1328/3822
f 2721/1327/3820 2722/1313/3823 2719/1311/3821
f 2719/1311/3821 2723/1329/3824 2720/1328/3822
f 2719/1311/3821 2724/1308/3825 2723/1329/3824
f 2724/1308/3825 2725/1330/3826 2723/1329/3824
f 2724/1308/3825 2726/1309/3827 2725/1330/3826
f 2729/1331/3828 2727/1332/3829 2728/1333/3830
f 2729/1331/3828 2730/1334/3831 2727/1332/3829
f 2731/1335/3832 2728/1333/3830 2727/1332/3829
f 2731/1335/3832 2727/1332/3829 2732/1336/3833
f 2733/1337/3834 2731/1335/3832 2732/1336/3833
f 2733/1337/3834 2732/1336/3833 2734/1338/3835
f 2733/1337/3834 2734/1338/3835 2735/1339/3836
f 2733/1337/3834 2735/1339/3836 2736/1340/3837
f 2736/1340/3837 2735/1339/3836 2737/1341/3838
f 2736/1340/3837 2737/1341/3838 2738/1342/3839
f 2740/1342/3840 2737/1341/3840 2739/1343/3840
f 2738/1342/3841 2739/1343/3842 2741/1344/3843
f 2738/1342/3841 2741/1344/3843 2742/1345/3844
f 2742/1345/3844 2741/1344/3843 2743/1346/3845
f 2746/1347/3846 2745/1348/3847 2744/1349/3848
f 2746/1347/3846 2744/1349/3848 2747/1350/3849
f 2748/1351/3850 2745/1348/3847 2746/1347/3846
f 2748/1351/3850 2749/1352/3851 2745/1348/3847
f 2749/1352/3851 2748/1351/3850 2750/1353/3852
f 2749/1352/3851 2750/1353/3852 2751/1354/3853
f 2751/1354/3853 2750/1353/3852 2752/1355/3854
f 2751/1354/3853 2752/1355/3854 2753/1356/3855
f 2754/1357/3856 2753/1356/3855 2752/1355/3854
f 2754/1357/3856 2752/1355/3854 2755/1358/3857
f 2755/1358/3857 2756/1359/3858 2754/1357/3856
f 2757/1360/3859 2754/1357/3856 2756/1359/3858
f 2757/1360/3859 2756/1359/3858 2758/1361/3860
f 2760/1362/3861 2757/1360/3861 2759/1361/3861
f 2763/1363/3862 2761/1364/3863 2762/1365/3864
f 2763/1363/3862 2764/1366/3865 2761/1364/3863
f 2765/1367/3866 2763/1363/3862 2762/1365/3864
f 2765/1367/3866 2762/1365/3864 2766/1368/3867
f 2767/1369/3868 2765/1367/3866 2766/1368/3867
f 2767/1369/3868 2766/1368/3867 2768/1370/3869
f 2771/1371/3870 2769/1372/3871 2770/1373/3872
f 2771/1371/3870 2772/1374/3873 2769/1372/3871
f 2773/1375/3874 2772/1374/3873 2771/1371/3870
f 2773/1375/3874 2774/1376/3875 2772/1374/3873
f 2775/1346/3876 2774/1376/3875 2773/1375/3874
f 2775/1346/3876 2776/1341/3877 2774/1376/3875
f 2782/1377/3878 2780/1378/3879 2781/1379/3880
f 2782/1377/3878 2783/1380/3881 2780/1378/3879
f 2784/1381/3882 2782/1377/3878 2781/1379/3880
f 2784/1381/3882 2781/1379/3880 2785/1382/3883
f 2784/1381/3882 2785/1382/3883 2786/1383/3884
f 2784/1381/3882 2786/1383/3884 2787/1384/3885
f 2788/1385/3886 2787/1384/3885 2786/1383/3884
f 2788/1385/3886 2786/1383/3884 2789/1386/3887
f 2790/1387/3888 2788/1385/3886 2789/1386/3887
f 2790/1387/3888 2789/1386/3887 2791/1388/3889
f 2791/1388/3889 2792/1389/3890 2790/1387/3888
f 2791/1388/3889 2793/1390/3891 2792/1389/3890
f 2793/1390/3891 2794/1391/3892 2792/1389/3890
f 2793/1390/3891 2795/1392/3893 2794/1391/3892
f 2795/1392/3893 2796/1393/3894 2794/1391/3892
f 2795/1392/3893 2797/1394/3895 2796/1393/3894
f 2797/1394/3895 2798/1395/3896 2796/1393/3894
f 2797/1394/3895 2799/1396/3897 2798/1395/3896
f 2800/1397/3898 2798/1395/3896 2799/1396/3897
f 2800/1397/3898 2799/1396/3897 2801/1398/3899
f 2800/1397/3898 2801/1398/3899 2802/1399/3900
f 2800/1397/3898 2802/1399/3900 2803/1400/3901
f 2802/1399/3900 2804/1401/3902 2803/1400/3901
f 2802/1399/3900 2805/1402/3903 2804/1401/3902
f 2806/1403/3904 2804/1401/3902 2805/1402/3903
f 2807/1404/3905 2806/1403/3904 2805/1402/3903
f 2807/1404/3905 2808/1405/3906 2806/1403/3904
f 2809/1406/3907 2808/1405/3906 2807/1404/3905
f 2809/1406/3907 2807/1404/3905 2810/1407/3908
f 2811/1408/3909 2809/1406/3907 2810/1407/3908
f 2811/1408/3909 2810/1407/3908 2812/1409/3910
f 2813/1410/3911 2811/1408/3909 2812/1409/3910
f 2816/1411/3912 2814/1379/3913 2815/1378/3914
f 2816/1411/3912 2817/1412/3915 2814/1379/3913
f 2817/1412/3915 2818/1382/3916 2814/1379/3913
f 2817/1412/3915 2819/1413/3917 2818/1382/3916
f 2819/1413/3917 2820/1383/3918 2818/1382/3916
f 2819/1413/3917 2821/1414/3919 2820/1383/3918
f 2821/1414/3919 2822/1386/3920 2820/1383/3918
f 2821/1414/3919 2823/1415/3921 2822/1386/3920
f 2823/1415/3921 2824/1388/3922 2822/1386/3920
f 2823/1415/3921 2825/1416/3923 2824/1388/3922
f 2825/1416/3923 2826/1390/3924 2824/1388/3922
f 2825/1416/3923 2827/1417/3925 2826/1390/3924
f 2828/1418/3926 2826/1390/3924 2827/1417/3925
f 2828/1418/3926 2829/1392/3927 2826/1390/3924
f 2830/1419/3928 2829/1392/3927 2828/1418/3926
f 2830/1419/3928 2831/1394/3929 2829/1392/3927
f 2830/1419/3928 2832/1396/3930 2831/1394/3929
f 2830/1419/3928 2833/1420/3931 2832/1396/3930
f 2833/1420/3931 2834/1398/3932 2832/1396/3930
f 2833/1420/3931 2835/1421/3933 2834/1398/3932
f 2835/1421/3933 2836/1399/3934 2834/1398/3932
f 2835/1421/3933 2837/1422/3935 2836/1399/3934
f 2837/1422/3935 2838/1402/3936 2836/1399/3934
f 2837/1422/3935 2839/1423/3937 2838/1402/3936
f 2838/1402/3936 2839/1423/3937 2840/1424/3938
f 2838/1402/3936 2840/1424/3938 2841/1404/3939
f 2840/1424/3938 2842/1407/3940 2841/1404/3939
f 2840/1424/3938 2843/1425/3941 2842/1407/3940
f 2843/1425/3941 2844/1409/3942 2842/1407/3940
f 2843/1425/3941 2845/1426/3943 2844/1409/3942
f 2848/1427/3944 2846/1411/3945 2847/1428/3946
f 2848/1427/3944 2849/1412/3947 2846/1411/3945
f 2848/1427/3944 2850/1413/3948 2849/1412/3947
f 2848/1427/3944 2851/1429/3949 2850/1413/3948
f 2851/1429/3949 2852/1414/3950 2850/1413/3948
f 2851/1429/3949 2853/1430/3951 2852/1414/3950
f 2853/1430/3951 2854/1415/3952 2852/1414/3950
f 2853/1430/3951 2855/1431/3953 2854/1415/3952
f 2856/1416/3954 2854/1415/3952 2855/1431/3953
f 2856/1416/3954 2855/1431/3953 2857/1432/3955
f 2857/1432/3955 2858/1417/3956 2856/1416/3954
f 2857/1432/3955 2859/1433/3957 2858/1417/3956
f 2859/1433/3957 2860/1418/3958 2858/1417/3956
f 2859/1433/3957 2861/1434/3959 2860/1418/3958
f 2862/1419/3960 2860/1418/3958 2861/1434/3959
f 2862/1419/3960 2861/1434/3959 2863/1435/3961
f 2862/1419/3960 2863/1435/3961 2864/1436/3962
f 2862/1419/3960 2864/1436/3962 2865/1420/3963
f 2864/1436/3962 2866/1421/3964 2865/1420/3963
f 2864/1436/3962 2867/1437/3965 2866/1421/3964
f 2867/1437/3965 2868/1422/3966 2866/1421/3964
f 2867/1437/3965 2869/1438/3967 2868/1422/3966
f 2869/1438/3967 2870/1423/3968 2868/1422/3966
f 2869/1438/3967 2871/1439/3969 2870/1423/3968
f 2870/1423/3968 2871/1439/3969 2872/1440/3970
f 2870/1423/3968 2872/1440/3970 2873/1424/3971
f 2872/1440/3970 2874/1425/3972 2873/1424/3971
f 2872/1440/3970 2875/1441/3973 2874/1425/3972
f 2875/1441/3973 2876/1426/3974 2874/1425/3972
f 2875/1441/3973 2877/1442/3975 2876/1426/3974
f 2880/1443/3976 2879/1331/3977 2878/1334/3978
f 2880/1443/3976 2878/1334/3978 2881/1444/3979
f 2882/1445/3980 2880/1443/3976 2881/1444/3979
f 2882/1445/3980 2881/1444/3979 2883/1446/3981
f 2884/1447/3982 2882/1445/3980 2883/1446/3981
f 2884/1447/3982 2883/1446/3981 2885/1448/3983
f 2886/1449/3984 2884/1447/3982 2885/1448/3983
f 2886/1449/3984 2885/1448/3983 2887/1450/3985
f 2887/1450/3985 2888/1451/3986 2886/1449/3984
f 2887/1450/3985 2889/1452/3987 2888/1451/3986
f 2890/1453/3988 2888/1451/3986 2889/1452/3987
f 2890/1453/3988 2889/1452/3987 2891/1454/3989
f 2892/1455/3990 2890/1453/3988 2891/1454/3989
f 2892/1455/3990 2891/1454/3989 2893/1456/3991
f 2893/1456/3991 2894/1457/3992 2892/1455/3990
f 2893/1456/3991 2895/1458/3993 2894/1457/3992
f 2895/1458/3993 2896/1459/3994 2894/1457/3992
f 2895/1458/3993 2897/1460/3995 2896/1459/3994
f 2898/1461/3996 2896/1459/3994 2897/1460/3995
f 2899/1462/3997 2896/1459/3994 2898/1461/3996
f 2900/1463/3998 2899/1462/3997 2898/1461/3996
f 2900/1463/3998 2898/1461/3996 2901/1464/3999
f 2900/1463/3998 2901/1464/3999 2902/1465/4000
f 2900/1463/3998 2902/1465/4000 2903/1466/4001
f 2904/1467/4002 2900/1463/3998 2903/1466/4001
f 2904/1467/4002 2903/1466/4001 2905/1468/4003
f 2905/1468/4003 2906/1469/4004 2904/1467/4002
f 2905/1468/4003 2907/1470/4005 2906/1469/4004
f 2905/1468/4003 2908/1471/4006 2907/1470/4005
f 2904/1467/4002 2906/1469/4004 2909/1472/4007
f 2912/1473/4008 2911/1474/4009 2910/1475/4010
f 2912/1473/4008 2910/1475/4010 2913/1476/4011
f 2915/1476/4012 2910/1475/4013 2914/1477/4014
f 2915/1476/4012 2914/1477/4014 2916/1478/4015
f 2916/1478/4015 2914/1477/4014 2917/1479/4016
f 2916/1478/4015 2917/1479/4016 2918/1480/4017
f 2918/1480/4017 2917/1479/4016 2919/1481/4018
f 2918/1480/4017 2919/1481/4018 2920/1482/4019
f 2920/1482/4019 2919/1481/4018 2921/1483/4020
f 2920/1482/4019 2921/1483/4020 2922/1484/4021
f 2924/1485/4022 2911/1474/4022 2923/1473/4022
f 2927/1486/4023 2925/1487/4024 2926/1488/4025
f 2927/1486/4023 2928/1489/4026 2925/1487/4024
f 2931/1486/4027 2929/1483/4028 2930/1484/4029
f 2931/1486/4027 2932/1488/4030 2929/1483/4028
f 2935/1490/4031 2933/1481/4032 2934/1483/4033
f 2935/1490/4031 2936/1491/4034 2933/1481/4032
f 2939/1488/4035 2937/1490/4036 2938/1483/4037
f 2939/1488/4035 2940/1492/4038 2937/1490/4036
f 2943/1493/4039 2941/1491/4040 2942/1490/4041
f 2943/1493/4039 2944/1494/4042 2941/1491/4040
f 2947/1492/4043 2945/1493/4044 2946/1490/4045
f 2947/1492/4043 2948/1495/4046 2945/1493/4044
f 2951/1496/4047 2949/1487/4047 2950/1497/4048
f 2951/1496/4047 2952/1498/4049 2949/1487/4047
f 2955/1499/4050 2953/1498/4051 2954/1496/4052
f 2955/1499/4050 2956/1500/4053 2953/1498/4051
f 2959/1501/4054 2957/1502/4055 2958/1503/4056
f 2959/1501/4054 2960/1504/4057 2957/1502/4055
f 2961/1505/4058 2960/1504/4057 2959/1501/4054
f 2961/1505/4058 2962/1506/4059 2960/1504/4057
f 2958/1503/4056 2957/1502/4055 2963/1507/4060
f 2958/1503/4056 2963/1507/4060 2964/1508/4061
f 2964/1508/4062 2965/1509/4063 2966/1510/4064
f 2964/1508/4062 2967/1507/4065 2965/1509/4063
f 2970/1510/4066 2969/1511/4067 2968/1512/4068
f 2970/1510/4066 2968/1512/4068 2971/1509/4069
f 2974/1511/4070 2973/1513/4071 2972/1514/4072
f 2974/1511/4070 2972/1514/4072 2975/1512/4073
f 3001/1515/4074 2999/1163/4075 3000/1160/4076
f 3001/1515/4074 3002/1516/4077 2999/1163/4075
f 3003/1158/4078 3001/1515/4074 3000/1160/4076
f 3003/1158/4078 3004/1517/4079 3001/1515/4074
f 3005/1518/4080 3004/1517/4079 3003/1158/4078
f 3005/1518/4080 3003/1158/4078 3006/1157/4081
f 3007/1519/4082 3005/1518/4080 3006/1157/4081
f 3007/1519/4082 3006/1157/4081 3008/1164/4083
f 3009/1520/4084 3007/1519/4082 3008/1164/4083
f 3009/1520/4084 3008/1164/4083 3010/1166/4085
f 3011/1168/4086 3009/1520/4084 3010/1166/4085
f 3002/1516/4087 3012/1497/4088 3013/1163/4089
f 3002/1516/4087 3014/1496/4090 3012/1497/4088
f 3016/1521/4091 3011/1168/4092 3015/1172/4093
f 3016/1521/4091 3015/1172/4093 3017/1522/4094
f 3016/1521/4091 3018/1523/4095 3011/1168/4092
f 3016/1521/4091 3017/1522/4094 3019/1524/4096
f 3017/1522/4094 3020/1525/4097 3019/1524/4096
f 3016/1521/4091 3019/1524/4096 3021/1526/4098
f 3022/1527/4099 3021/1526/4098 3019/1524/4096
f 3022/1527/4099 3023/1528/4100 3021/1526/4098
f 3024/1529/4101 3019/1524/4096 3020/1525/4097
f 3024/1529/4101 3025/1527/4102 3019/1524/4096
f 3011/1168/4092 3018/1523/4095 3026/1520/4103
f 3029/1530/4104 3027/1516/4105 3028/1515/4106
f 3029/1530/4104 3030/1531/4107 3027/1516/4105
f 3032/1517/4108 3029/1530/4109 3031/1515/4110
f 3032/1517/4108 3033/1532/4111 3029/1530/4109
f 3035/1533/4112 3033/1532/4113 3034/1517/4114
f 3035/1533/4112 3034/1517/4114 3036/1518/4115
f 3037/1534/4116 3035/1533/4112 3036/1518/4115
f 3037/1534/4116 3036/1518/4115 3038/1519/4117
f 3039/1535/4118 3037/1534/4116 3038/1519/4117
f 3039/1535/4118 3038/1519/4117 3040/1520/4119
f 3041/1523/4120 3039/1535/4118 3040/1520/4119
f 3041/1523/4120 3042/1536/4121 3039/1535/4118
f 3045/1528/4122 3043/1537/4123 3044/1526/4124
f 3045/1528/4122 3046/1538/4125 3043/1537/4123
f 3047/1539/4126 3044/1526/4124 3043/1537/4123
f 3047/1539/4126 3048/1521/4127 3044/1526/4124
f 3047/1539/4126 3049/1523/4128 3048/1521/4127
f 3047/1539/4126 3050/1536/4129 3049/1523/4128
f 3053/1540/4130 3051/1163/4131 3052/1497/4132
f 3053/1540/4130 3054/1162/4133 3051/1163/4131
f 3057/1531/4134 3055/1496/4135 3056/1516/4136
f 3057/1531/4134 3058/1499/4137 3055/1496/4135
f 3446/1541/4138 3444/1474/4139 3445/1475/4140
f 3446/1541/4138 3447/1542/4141 3444/1474/4139
f 3448/1543/4142 3447/1542/4141 3446/1541/4138
f 3448/1543/4142 3449/1544/4143 3447/1542/4141
f 3450/1545/4144 3446/1541/4138 3445/1475/4140
f 3450/1545/4144 3445/1475/4140 3451/1477/4145
f 3452/1546/4146 3448/1543/4142 3446/1541/4138
f 3452/1546/4146 3446/1541/4138 3453/1545/4147
f 3454/1547/4148 3450/1545/4144 3451/1477/4145
f 3454/1547/4148 3451/1477/4145 3455/1479/4149
f 3456/1548/4150 3452/1546/4146 3453/1545/4147
f 3456/1548/4150 3453/1545/4147 3457/1547/4151
f 3449/1544/4152 3459/1542/4152 3458/1549/4152
f 3462/1491/4153 3461/1481/4154 3460/1479/4155
f 3462/1491/4153 3460/1479/4155 3463/1547/4156
f 3466/1494/4157 3464/1547/4158 3465/1491/4159
f 3466/1494/4157 3467/1548/4160 3464/1547/4158
f 3470/1489/4161 3468/1497/4162 3469/1487/4163
f 3470/1489/4161 3471/1540/4164 3468/1497/4162
f 3474/1498/4165 3472/1488/4166 3473/1487/4167
f 3474/1498/4165 3475/1492/4168 3472/1488/4166
f 3478/1500/4169 3476/1492/4170 3477/1498/4171
f 3478/1500/4169 3479/1495/4172 3476/1492/4170
f 3482/1513/4173 3481/1550/4174 3480/1551/4175
f 3482/1513/4173 3480/1551/4175 3483/1514/4176
f 3486/1552/4177 3485/1551/4178 3484/1550/4179
f 3486/1552/4177 3484/1550/4179 3487/1553/4180
f 3490/1554/4181 3489/1552/4182 3488/1553/4183
f 3490/1554/4181 3488/1553/4183 3491/1555/4184
f 3494/1555/4185 3493/1556/4186 3492/1557/4187
f 3494/1555/4185 3492/1557/4187 3495/1554/4188
f 3497/1556/4189 3496/1558/4190 3492/1557/4191
f 3497/1556/4189 3498/1559/4192 3496/1558/4190
f 3496/1558/4190 3498/1559/4192 3499/1560/4193
f 3519/1561/4194 3517/1562/4195 3518/1563/4196
f 3520/1564/4197 3519/1561/4194 3518/1563/4196
f 3520/1564/4197 3518/1563/4196 3521/1565/4198
f 3520/1564/4197 3521/1565/4198 3522/1566/4199
f 3520/1564/4197 3522/1566/4199 3523/1567/4200
f 3518/1563/4196 3517/1562/4195 3524/1176/4201
f 3518/1563/4196 3524/1176/4201 3525/1180/4202
f 3526/1568/4203 3524/1176/4201 3517/1562/4195
f 3526/1568/4203 3527/1179/4204 3524/1176/4201
f 3518/1563/4196 3528/1182/4205 3521/1565/4198
f 3518/1563/4196 3525/1180/4202 3528/1182/4205
f 3528/1182/4205 3529/1569/4206 3521/1565/4198
f 3528/1182/4205 3530/1184/4207 3529/1569/4206
f 3530/1184/4207 3531/1570/4208 3529/1569/4206
f 3530/1184/4207 3532/1192/4209 3531/1570/4208
f 3527/1179/4204 3526/1568/4203 3533/1242/4210
f 3527/1179/4204 3533/1242/4210 3534/1187/4211
f 3535/1238/4212 3534/1187/4211 3533/1242/4210
f 3535/1238/4212 3536/1189/4213 3534/1187/4211
f 3537/1239/4214 3536/1189/4213 3535/1238/4212
f 3537/1239/4214 3538/1191/4215 3536/1189/4213
f 3532/1192/4209 3539/1207/4216 3531/1570/4208
f 3532/1192/4209 3540/1229/4217 3539/1207/4216
f 3532/1192/4209 3541/1202/4218 3540/1229/4217
f 3541/1202/4218 3542/1230/4219 3540/1229/4217
f 3541/1202/4218 3543/1200/4220 3542/1230/4219
f 3543/1200/4220 3544/1232/4221 3542/1230/4219
f 3543/1200/4220 3545/1198/4222 3544/1232/4221
f 3546/1571/4223 3531/1570/4208 3539/1207/4216
f 3546/1571/4223 3539/1207/4216 3547/1204/4224
f 3548/1572/4225 3546/1571/4223 3547/1204/4224
f 3545/1198/4222 3549/1235/4226 3544/1232/4221
f 3545/1198/4222 3550/1197/4227 3549/1235/4226
f 3549/1235/4226 3550/1197/4227 3551/1194/4228
f 3549/1235/4226 3551/1194/4228 3552/1237/4229
f 3553/1573/4230 3546/1571/4223 3548/1572/4225
f 3553/1573/4230 3554/1574/4231 3546/1571/4223
f 3555/1575/4232 3554/1574/4231 3553/1573/4230
f 3555/1575/4232 3556/1576/4233 3554/1574/4231
f 3523/1567/4200 3556/1576/4233 3555/1575/4232
f 3523/1567/4200 3522/1566/4199 3556/1576/4233
f 3654/1577/4234 3653/1578/4235 3652/1505/4236
f 3654/1577/4234 3652/1505/4236 3655/1506/4237
f 3669/1579/4238 3667/1580/4239 3668/1581/4240
f 3669/1579/4238 3670/1582/4241 3667/1580/4239
f 3673/1583/4242 3671/1584/4243 3672/1585/4244
f 3673/1583/4242 3674/1586/4245 3671/1584/4243
f 3677/1587/4246 3675/1588/4247 3676/1589/4248
f 3677/1587/4246 3678/1590/4249 3675/1588/4247
f 3677/1587/4246 3679/1591/4250 3678/1590/4249
f 3680/1592/4251 3679/1591/4250 3677/1587/4246
f 3677/1587/4252 3681/1593/4253 3682/1592/4254
f 3677/1587/4252 3683/1594/4255 3681/1593/4253
f 3677/1587/4256 3684/1595/4257 3685/1594/4258
f 3677/1587/4256 3686/1589/4259 3684/1595/4257
f 3678/1590/4260 3688/1588/4261 3687/1596/4262
f 3678/1590/4260 3687/1596/4262 3689/1597/4263
f 3690/1591/4264 3678/1590/4260 3689/1597/4263
f 3690/1591/4264 3689/1597/4263 3691/1598/4265
f 3689/1597/4266 3692/1599/4267 3693/1596/4268
f 3694/1598/4269 3692/1599/4267 3689/1597/4266
f 3694/1598/4269 3695/1600/4270 3692/1599/4267
f 3698/1601/4271 3697/1593/4272 3696/1592/4273
f 3698/1601/4271 3696/1592/4273 3699/1602/4274
f 3701/1603/4275 3700/1593/4276 3698/1601/4277
f 3701/1603/4275 3702/1604/4278 3700/1593/4276
f 3705/1605/4279 3704/1606/4280 3703/1607/4281
f 3705/1605/4279 3703/1607/4281 3706/1608/4282
f 3704/1606/4283 3708/1605/4284 3707/1609/4285
f 3704/1606/4283 3707/1609/4285 3709/1610/4286
f 3710/1611/4287 3709/1610/4286 3707/1609/4285
f 3710/1611/4287 3707/1609/4285 3711/1612/4288
f 3714/1613/4289 3713/1614/4290 3712/1604/4291
f 3714/1613/4289 3712/1604/4291 3715/1603/4292
f 3717/1608/4293 3716/1607/4294 3713/1614/4295
f 3717/1608/4293 3713/1614/4295 3718/1613/4296
f 3721/1602/4297 3719/1591/4298 3720/1592/4299
f 3721/1602/4297 3722/1615/4300 3719/1591/4298
f 3722/1615/4301 3723/1598/4301 3724/1591/4301
f 3722/1615/4301 3725/1616/4301 3723/1598/4301
f 3725/1616/4302 3727/1598/4302 3726/1600/4302
f 3730/1606/4303 3729/1582/4304 3728/1580/4305
f 3730/1606/4303 3728/1580/4305 3731/1607/4306
f 3734/1614/4307 3733/1586/4308 3732/1584/4309
f 3734/1614/4307 3732/1584/4309 3735/1604/4310
f 3738/1617/4311 3737/1618/4312 3736/1619/4313
f 3738/1617/4311 3736/1619/4313 3739/1620/4314
f 3740/1621/4315 3738/1617/4311 3739/1620/4314
f 3740/1621/4315 3739/1620/4314 3741/1622/4316
f 3741/1622/4316 3742/1623/4317 3740/1621/4315
f 3741/1622/4316 3743/1624/4318 3742/1623/4317
f 3743/1624/4318 3744/1625/4319 3742/1623/4317
f 3743/1624/4318 3745/1626/4320 3744/1625/4319
f 3737/1618/4312 3746/1627/4321 3736/1619/4313
f 3737/1618/4312 3747/1628/4322 3746/1627/4321
f 3747/1628/4322 3748/1629/4323 3746/1627/4321
f 3747/1628/4322 3749/1630/4324 3748/1629/4323
f 3749/1630/4324 3750/1631/4325 3748/1629/4323
f 3749/1630/4324 3751/1632/4326 3750/1631/4325
f 3751/1632/4326 3752/1633/4327 3750/1631/4325
f 3751/1632/4326 3753/1634/4328 3752/1633/4327
f 3753/1634/4328 3754/1635/4329 3752/1633/4327
f 3753/1634/4328 3755/1636/4330 3754/1635/4329
f 3755/1636/4330 3756/1637/4331 3754/1635/4329
f 3755/1636/4330 3757/1638/4332 3756/1637/4331
f 3760/1639/4333 3758/1582/4334 3759/1579/4335
f 3760/1639/4333 3761/1640/4336 3758/1582/4334
f 3764/1641/4337 3762/1640/4338 3763/1639/4339
f 3764/1641/4337 3765/1642/4340 3762/1640/4338
f 3768/1610/4341 3767/1640/4342 3766/1582/4343
f 3768/1610/4341 3766/1582/4343 3769/1606/4344
f 3772/1586/4345 3770/1581/4346 3771/1580/4347
f 3772/1586/4345 3773/1583/4348 3770/1581/4346
f 3776/1607/4349 3775/1580/4350 3774/1586/4351
f 3776/1607/4349 3774/1586/4351 3777/1614/4352
f 3780/1594/4353 3778/1585/4354 3779/1584/4355
f 3780/1594/4353 3781/1595/4356 3778/1585/4354
f 3784/1604/4357 3782/1594/4358 3783/1584/4359
f 3784/1604/4357 3785/1593/4360 3782/1594/4358
f 3788/1611/4361 3787/1642/4362 3786/1640/4363
f 3788/1611/4361 3786/1640/4363 3789/1610/4364
f 3792/1377/4365 3790/1378/4366 3791/1380/4367
f 3792/1377/4365 3793/1379/4368 3790/1378/4366
f 3794/1381/4369 3793/1379/4368 3792/1377/4365
f 3794/1381/4369 3795/1382/4370 3793/1379/4368
f 3794/1381/4369 3796/1383/4371 3795/1382/4370
f 3794/1381/4369 3797/1384/4372 3796/1383/4371
f 3798/1385/4373 3796/1383/4371 3797/1384/4372
f 3798/1385/4373 3799/1386/4374 3796/1383/4371
f 3800/1387/4375 3799/1386/4374 3798/1385/4373
f 3800/1387/4375 3801/1388/4376 3799/1386/4374
f 3801/1388/4376 3800/1387/4375 3802/1389/4377
f 3801/1388/4376 3802/1389/4377 3803/1390/4378
f 3803/1390/4378 3802/1389/4377 3804/1391/4379
f 3803/1390/4378 3804/1391/4379 3805/1392/4380
f 3805/1392/4380 3804/1391/4379 3806/1393/4381
f 3805/1392/4380 3806/1393/4381 3807/1394/4382
f 3807/1394/4382 3806/1393/4381 3808/1395/4383
f 3807/1394/4382 3808/1395/4383 3809/1396/4384
f 3810/1397/4385 3809/1396/4384 3808/1395/4383
f 3810/1397/4385 3811/1398/4386 3809/1396/4384
f 3810/1397/4385 3812/1399/4387 3811/1398/4386
f 3810/1397/4385 3813/1400/4388 3812/1399/4387
f 3812/1399/4387 3813/1400/4388 3814/1401/4389
f 3812/1399/4387 3814/1401/4389 3815/1402/4390
f 3816/1403/4391 3815/1402/4390 3814/1401/4389
f 3817/1404/4392 3815/1402/4390 3816/1403/4391
f 3817/1404/4392 3816/1403/4391 3818/1405/4393
f 3819/1406/4394 3817/1404/4392 3818/1405/4393
f 3819/1406/4394 3820/1407/4395 3817/1404/4392
f 3821/1408/4396 3820/1407/4395 3819/1406/4394
f 3821/1408/4396 3822/1409/4397 3820/1407/4395
f 3823/1410/4398 3822/1409/4397 3821/1408/4396
f 3826/1411/4399 3824/1379/4400 3825/1412/4401
f 3826/1411/4399 3827/1378/4402 3824/1379/4400
f 3825/1412/4401 3824/1379/4400 3828/1382/4403
f 3825/1412/4401 3828/1382/4403 3829/1413/4404
f 3829/1413/4404 3828/1382/4403 3830/1383/4405
f 3829/1413/4404 3830/1383/4405 3831/1414/4406
f 3831/1414/4406 3830/1383/4405 3832/1386/4407
f 3831/1414/4406 3832/1386/4407 3833/1415/4408
f 3833/1415/4408 3832/1386/4407 3834/1388/4409
f 3833/1415/4408 3834/1388/4409 3835/1416/4410
f 3835/1416/4410 3834/1388/4409 3836/1390/4411
f 3835/1416/4410 3836/1390/4411 3837/1417/4412
f 3838/1418/4413 3837/1417/4412 3836/1390/4411
f 3838/1418/4413 3836/1390/4411 3839/1392/4414
f 3840/1419/4415 3838/1418/4413 3839/1392/4414
f 3840/1419/4415 3839/1392/4414 3841/1394/4416
f 3840/1419/4415 3841/1394/4416 3842/1396/4417
f 3840/1419/4415 3842/1396/4417 3843/1420/4418
f 3843/1420/4418 3842/1396/4417 3844/1398/4419
f 3843/1420/4418 3844/1398/4419 3845/1421/4420
f 3845/1421/4420 3844/1398/4419 3846/1399/4421
f 3845/1421/4420 3846/1399/4421 3847/1422/4422
f 3847/1422/4422 3846/1399/4421 3848/1402/4423
f 3847/1422/4422 3848/1402/4423 3849/1423/4424
f 3848/1402/4423 3850/1424/4425 3849/1423/4424
f 3848/1402/4423 3851/1404/4426 3850/1424/4425
f 3850/1424/4425 3851/1404/4426 3852/1407/4427
f 3850/1424/4425 3852/1407/4427 3853/1425/4428
f 3853/1425/4428 3852/1407/4427 3854/1409/4429
f 3853/1425/4428 3854/1409/4429 3855/1426/4430
f 3858/1427/4431 3856/1411/4432 3857/1412/4433
f 3858/1427/4431 3859/1428/4434 3856/1411/4432
f 3858/1427/4431 3857/1412/4433 3860/1413/4435
f 3858/1427/4431 3860/1413/4435 3861/1429/4436
f 3861/1429/4436 3860/1413/4435 3862/1414/4437
f 3861/1429/4436 3862/1414/4437 3863/1430/4438
f 3863/1430/4438 3862/1414/4437 3864/1415/4439
f 3863/1430/4438 3864/1415/4439 3865/1431/4440
f 3866/1416/4441 3865/1431/4440 3864/1415/4439
f 3866/1416/4441 3867/1432/4442 3865/1431/4440
f 3867/1432/4442 3866/1416/4441 3868/1417/4443
f 3867/1432/4442 3868/1417/4443 3869/1433/4444
f 3869/1433/4444 3868/1417/4443 3870/1418/4445
f 3869/1433/4444 3870/1418/4445 3871/1434/4446
f 3872/1419/4447 3871/1434/4446 3870/1418/4445
f 3872/1419/4447 3873/1435/4448 3871/1434/4446
f 3872/1419/4447 3874/1436/4449 3873/1435/4448
f 3872/1419/4447 3875/1420/4450 3874/1436/4449
f 3874/1436/4449 3875/1420/4450 3876/1421/4451
f 3874/1436/4449 3876/1421/4451 3877/1437/4452
f 3877/1437/4452 3876/1421/4451 3878/1422/4453
f 3877/1437/4452 3878/1422/4453 3879/1438/4454
f 3879/1438/4454 3878/1422/4453 3880/1423/4455
f 3879/1438/4454 3880/1423/4455 3881/1439/4456
f 3880/1423/4455 3882/1440/4457 3881/1439/4456
f 3880/1423/4455 3883/1424/4458 3882/1440/4457
f 3882/1440/4457 3883/1424/4458 3884/1425/4459
f 3882/1440/4457 3884/1425/4459 3885/1441/4460
f 3885/1441/4460 3884/1425/4459 3886/1426/4461
f 3885/1441/4460 3886/1426/4461 3887/1442/4462
f 3890/1443/4463 3889/1444/4464 3888/1334/4465
f 3890/1443/4463 3888/1334/4465 3891/1331/4466
f 3892/1445/4467 3889/1444/4464 3890/1443/4463
f 3892/1445/4467 3893/1446/4468 3889/1444/4464
f 3894/1447/4469 3893/1446/4468 3892/1445/4467
f 3894/1447/4469 3895/1448/4470 3893/1446/4468
f 3896/1449/4471 3895/1448/4470 3894/1447/4469
f 3896/1449/4471 3897/1450/4472 3895/1448/4470
f 3897/1450/4472 3896/1449/4471 3898/1451/4473
f 3897/1450/4472 3898/1451/4473 3899/1452/4474
f 3900/1453/4475 3899/1452/4474 3898/1451/4473
f 3900/1453/4475 3901/1454/4476 3899/1452/4474
f 3902/1455/4477 3901/1454/4476 3900/1453/4475
f 3902/1455/4477 3903/1456/4478 3901/1454/4476
f 3903/1456/4478 3902/1455/4477 3904/1457/4479
f 3903/1456/4478 3904/1457/4479 3905/1458/4480
f 3905/1458/4480 3904/1457/4479 3906/1459/4481
f 3905/1458/4480 3906/1459/4481 3907/1460/4482
f 3908/1461/4483 3907/1460/4482 3906/1459/4481
f 3909/1462/4484 3908/1461/4483 3906/1459/4481
f 3910/1463/4485 3908/1461/4483 3909/1462/4484
f 3910/1463/4485 3911/1464/4486 3908/1461/4483
f 3910/1463/4485 3912/1465/4487 3911/1464/4486
f 3910/1463/4485 3913/1466/4488 3912/1465/4487
f 3914/1467/4489 3913/1466/4488 3910/1463/4485
f 3914/1467/4489 3915/1468/4490 3913/1466/4488
f 3915/1468/4490 3914/1467/4489 3916/1469/4491
f 3915/1468/4490 3916/1469/4491 3917/1470/4492
f 3915/1468/4490 3917/1470/4492 3918/1471/4493
f 3914/1467/4489 3919/1472/4494 3916/1469/4491
f 3922/1473/4495 3921/1476/4496 3920/1475/4497
f 3922/1473/4495 3920/1475/4497 3923/1474/4498
f 3925/1476/4499 3924/1477/4500 3920/1475/4501
f 3925/1476/4499 3926/1478/4502 3924/1477/4500
f 3926/1478/4502 3927/1479/4503 3924/1477/4500
f 3926/1478/4502 3928/1480/4504 3927/1479/4503
f 3928/1480/4504 3929/1481/4505 3927/1479/4503
f 3928/1480/4504 3930/1482/4506 3929/1481/4505
f 3930/1482/4506 3931/1483/4507 3929/1481/4505
f 3930/1482/4506 3932/1484/4508 3931/1483/4507
f 3934/1485/4509 3933/1473/4509 3923/1474/4509
f 3937/1486/4510 3935/1487/4511 3936/1489/4512
f 3937/1486/4510 3938/1488/4513 3935/1487/4511
f 3941/1486/4514 3940/1488/4515 3939/1483/4516
f 3941/1486/4514 3939/1483/4516 3942/1484/4517
f 3945/1490/4518 3944/1491/4519 3943/1481/4520
f 3945/1490/4518 3943/1481/4520 3946/1483/4521
f 3949/1488/4522 3947/1490/4523 3948/1492/4524
f 3949/1488/4522 3950/1483/4525 3947/1490/4523
f 3953/1493/4526 3951/1491/4527 3952/1494/4528
f 3953/1493/4526 3954/1490/4529 3951/1491/4527
f 3957/1492/4530 3955/1493/4531 3956/1495/4532
f 3957/1492/4530 3958/1490/4533 3955/1493/4531
f 3961/1496/4534 3959/1487/4534 3960/1498/4535
f 3961/1496/4534 3962/1497/4536 3959/1487/4534
f 3965/1499/4537 3963/1498/4538 3964/1500/4539
f 3965/1499/4537 3966/1496/4540 3963/1498/4538
f 3969/1501/4541 3967/1502/4542 3968/1504/4543
f 3969/1501/4541 3970/1503/4544 3967/1502/4542
f 3971/1505/4545 3969/1501/4541 3968/1504/4543
f 3971/1505/4545 3968/1504/4543 3972/1506/4546
f 3970/1503/4544 3973/1507/4547 3967/1502/4542
f 3970/1503/4544 3974/1508/4548 3973/1507/4547
f 3974/1508/4549 3975/1509/4550 3976/1507/4551
f 3974/1508/4549 3977/1510/4552 3975/1509/4550
f 3980/1510/4553 3978/1512/4554 3979/1509/4555
f 3980/1510/4553 3981/1511/4556 3978/1512/4554
f 3984/1511/4557 3983/1512/4558 3982/1514/4559
f 3984/1511/4557 3982/1514/4559 3985/1513/4560
f 3988/1156/4561 3986/1157/4562 3987/1159/4563
f 3988/1156/4561 3989/1158/4564 3986/1157/4562
f 3987/1159/4563 3986/1157/4562 3990/1164/4565
f 3987/1159/4563 3990/1164/4565 3991/1165/4566
f 3988/1156/4567 3992/1160/4568 3993/1158/4569
f 3988/1156/4567 3994/1161/4570 3992/1160/4568
f 3997/1165/4571 3995/1166/4572 3996/1167/4573
f 3997/1165/4571 3998/1164/4574 3995/1166/4572
f 4000/1168/4575 3996/1167/4576 3999/1166/4577
f 4000/1168/4575 4001/1169/4578 3996/1167/4576
f 4010/1515/4579 4008/1163/4580 4009/1516/4581
f 4010/1515/4579 4011/1160/4582 4008/1163/4580
f 4013/1158/4583 4011/1160/4584 4012/1515/4585
f 4013/1158/4583 4012/1515/4585 4014/1517/4586
f 4009/1516/4587 4015/1497/4588 4016/1496/4589
f 4009/1516/4587 4017/1163/4590 4015/1497/4588
f 4019/1518/4591 4018/1158/4592 4014/1517/4593
f 4019/1518/4591 4020/1157/4594 4018/1158/4592
f 4022/1519/4595 4020/1157/4596 4021/1518/4597
f 4022/1519/4595 4023/1164/4598 4020/1157/4596
f 4026/1168/4599 4024/1520/4600 4025/1523/4601
f 4027/1521/4602 4026/1168/4599 4025/1523/4601
f 4027/1521/4602 4028/1172/4603 4026/1168/4599
f 4027/1521/4602 4029/1522/4604 4028/1172/4603
f 4027/1521/4602 4030/1524/4605 4029/1522/4604
f 4029/1522/4604 4030/1524/4605 4031/1525/4606
f 4027/1521/4602 4032/1526/4607 4030/1524/4605
f 4033/1527/4608 4030/1524/4605 4032/1526/4607
f 4033/1527/4608 4032/1526/4607 4034/1528/4609
f 4035/1529/4610 4031/1525/4606 4030/1524/4605
f 4035/1529/4610 4030/1524/4605 4036/1527/4611
f 4026/1168/4612 4037/1166/4613 4038/1520/4614
f 4038/1520/4614 4037/1166/4613 4039/1164/4615
f 4038/1520/4614 4039/1164/4615 4040/1519/4616
f 4043/1530/4617 4041/1516/4618 4042/1531/4619
f 4043/1530/4617 4044/1515/4620 4041/1516/4618
f 4046/1517/4621 4043/1530/4622 4045/1532/4623
f 4046/1517/4621 4047/1515/4624 4043/1530/4622
f 4049/1533/4625 4048/1517/4626 4045/1532/4627
f 4049/1533/4625 4050/1518/4628 4048/1517/4626
f 4051/1534/4629 4050/1518/4628 4049/1533/4625
f 4051/1534/4629 4052/1519/4630 4050/1518/4628
f 4054/1535/4631 4053/1519/4632 4051/1534/4633
f 4054/1535/4631 4055/1520/4634 4053/1519/4632
f 4056/1523/4635 4055/1520/4634 4054/1535/4631
f 4056/1523/4635 4054/1535/4631 4057/1536/4636
f 4060/1528/4637 4058/1537/4638 4059/1538/4639
f 4060/1528/4637 4061/1526/4640 4058/1537/4638
f 4062/1539/4641 4058/1537/4638 4061/1526/4640
f 4062/1539/4641 4061/1526/4640 4063/1521/4642
f 4062/1539/4641 4063/1521/4642 4064/1523/4643
f 4062/1539/4641 4064/1523/4643 4065/1536/4644
f 4068/1540/4645 4066/1163/4646 4067/1162/4647
f 4068/1540/4645 4069/1497/4648 4066/1163/4646
f 4072/1531/4649 4070/1496/4650 4071/1499/4651
f 4072/1531/4649 4073/1516/4652 4070/1496/4650
f 4076/1162/4653 4074/1160/4654 4075/1161/4655
f 4076/1162/4653 4077/1163/4656 4074/1160/4654
f 4462/1541/4657 4460/1474/4658 4461/1542/4659
f 4462/1541/4657 4463/1475/4660 4460/1474/4658
f 4464/1543/4661 4462/1541/4657 4461/1542/4659
f 4464/1543/4661 4461/1542/4659 4465/1544/4662
f 4466/1545/4663 4463/1475/4660 4462/1541/4657
f 4466/1545/4663 4467/1477/4664 4463/1475/4660
f 4468/1546/4665 4462/1541/4657 4464/1543/4661
f 4468/1546/4665 4469/1545/4666 4462/1541/4657
f 4470/1547/4667 4467/1477/4664 4466/1545/4663
f 4470/1547/4667 4471/1479/4668 4467/1477/4664
f 4472/1548/4669 4469/1545/4666 4468/1546/4665
f 4472/1548/4669 4473/1547/4670 4469/1545/4666
f 4465/1544/4662 4461/1542/4659 4474/1549/4671
f 4477/1491/4672 4476/1547/4673 4475/1479/4674
f 4477/1491/4672 4475/1479/4674 4478/1481/4675
f 4481/1494/4676 4479/1547/4677 4480/1548/4678
f 4481/1494/4676 4482/1491/4679 4479/1547/4677
f 4485/1489/4680 4483/1497/4681 4484/1540/4682
f 4485/1489/4680 4486/1487/4683 4483/1497/4681
f 4489/1498/4684 4487/1488/4685 4488/1492/4686
f 4489/1498/4684 4490/1487/4687 4487/1488/4685
f 4493/1500/4688 4491/1492/4689 4492/1495/4690
f 4493/1500/4688 4494/1498/4691 4491/1492/4689
f 4497/1513/4692 4496/1514/4693 4495/1551/4694
f 4497/1513/4692 4495/1551/4694 4498/1550/4695
f 4501/1552/4696 4500/1553/4697 4499/1550/4698
f 4501/1552/4696 4499/1550/4698 4502/1551/4699
f 4505/1554/4700 4504/1555/4701 4503/1553/4702
f 4505/1554/4700 4503/1553/4702 4506/1552/4703
f 4509/1555/4704 4508/1554/4705 4507/1557/4706
f 4509/1555/4704 4507/1557/4706 4510/1556/4707
f 4512/1556/4708 4507/1557/4709 4511/1558/4710
f 4512/1556/4708 4511/1558/4710 4513/1559/4711
f 4511/1558/4710 4514/1560/4712 4513/1559/4711
f 4534/1561/4713 4532/1563/4714 4533/1562/4715
f 4535/1564/4716 4532/1563/4714 4534/1561/4713
f 4535/1564/4716 4536/1565/4717 4532/1563/4714
f 4535/1564/4716 4537/1566/4718 4536/1565/4717
f 4535/1564/4716 4538/1567/4719 4537/1566/4718
f 4532/1563/4714 4539/1176/4720 4533/1562/4715
f 4532/1563/4714 4540/1180/4721 4539/1176/4720
f 4541/1568/4722 4533/1562/4715 4539/1176/4720
f 4541/1568/4722 4539/1176/4720 4542/1179/4723
f 4532/1563/4714 4543/1182/4724 4540/1180/4721
f 4532/1563/4714 4536/1565/4717 4543/1182/4724
f 4543/1182/4724 4536/1565/4717 4544/1569/4725
f 4543/1182/4724 4544/1569/4725 4545/1184/4726
f 4545/1184/4726 4544/1569/4725 4546/1570/4727
f 4545/1184/4726 4546/1570/4727 4547/1192/4728
f 4542/1179/4723 4548/1242/4729 4541/1568/4722
f 4542/1179/4723 4549/1187/4730 4548/1242/4729
f 4550/1238/4731 4548/1242/4729 4549/1187/4730
f 4550/1238/4731 4549/1187/4730 4551/1189/4732
f 4552/1239/4733 4550/1238/4731 4551/1189/4732
f 4552/1239/4733 4551/1189/4732 4553/1191/4734
f 4547/1192/4728 4546/1570/4727 4554/1207/4735
f 4547/1192/4728 4554/1207/4735 4555/1229/4736
f 4547/1192/4728 4555/1229/4736 4556/1202/4737
f 4556/1202/4737 4555/1229/4736 4557/1230/4738
f 4556/1202/4737 4557/1230/4738 4558/1200/4739
f 4558/1200/4739 4557/1230/4738 4559/1232/4740
f 4558/1200/4739 4559/1232/4740 4560/1198/4741
f 4561/1571/4742 4554/1207/4735 4546/1570/4727
f 4561/1571/4742 4562/1204/4743 4554/1207/4735
f 4563/1572/4744 4562/1204/4743 4561/1571/4742
f 4560/1198/4741 4559/1232/4740 4564/1235/4745
f 4560/1198/4741 4564/1235/4745 4565/1197/4746
f 4564/1235/4745 4566/1194/4747 4565/1197/4746
f 4564/1235/4745 4567/1237/4748 4566/1194/4747
f 4568/1573/4749 4563/1572/4744 4561/1571/4742
f 4568/1573/4749 4561/1571/4742 4569/1574/4750
f 4570/1575/4751 4568/1573/4749 4569/1574/4750
f 4570/1575/4751 4569/1574/4750 4571/1576/4752
f 4538/1567/4719 4570/1575/4751 4571/1576/4752
f 4538/1567/4719 4571/1576/4752 4537/1566/4718
f 4669/1577/4753 4668/1506/4754 4667/1505/4755
f 4669/1577/4753 4667/1505/4755 4670/1578/4756
f 4684/1579/4757 4682/1580/4758 4683/1582/4759
f 4684/1579/4757 4685/1581/4760 4682/1580/4758
f 4688/1583/4761 4686/1584/4762 4687/1586/4763
f 4688/1583/4761 4689/1585/4764 4686/1584/4762
f 4692/1587/4765 4690/1588/4766 4691/1590/4767
f 4692/1587/4765 4693/1589/4768 4690/1588/4766
f 4694/1591/4769 4692/1587/4765 4691/1590/4767
f 4695/1592/4770 4692/1587/4765 4694/1591/4769
f 4692/1587/4771 4696/1593/4772 4697/1594/4773
f 4692/1587/4771 4698/1592/4774 4696/1593/4772
f 4692/1587/4775 4699/1595/4776 4700/1589/4777
f 4692/1587/4775 4701/1594/4778 4699/1595/4776
f 4704/1601/4779 4703/1602/4780 4702/1592/4781
f 4704/1601/4779 4702/1592/4781 4705/1593/4782
f 4707/1603/4783 4704/1601/4784 4706/1593/4785
f 4707/1603/4783 4706/1593/4785 4708/1604/4786
f 4711/1605/4787 4710/1608/4788 4709/1607/4789
f 4711/1605/4787 4709/1607/4789 4712/1606/4790
f 4712/1606/4791 4714/1610/4792 4713/1609/4793
f 4712/1606/4791 4713/1609/4793 4715/1605/4794
f 4716/1611/4795 4713/1609/4793 4714/1610/4792
f 4716/1611/4795 4717/1612/4796 4713/1609/4793
f 4720/1613/4797 4719/1603/4798 4718/1604/4799
f 4720/1613/4797 4718/1604/4799 4721/1614/4800
f 4723/1608/4801 4722/1613/4802 4721/1614/4803
f 4723/1608/4801 4721/1614/4803 4724/1607/4804
f 4727/1602/4805 4726/1615/4806 4725/1591/4807
f 4727/1602/4805 4725/1591/4807 4728/1592/4808
f 4726/1615/4809 4730/1616/4809 4729/1598/4809
f 4726/1615/4809 4729/1598/4809 4731/1591/4809
f 4730/1616/4810 4732/1598/4810 4733/1600/4810
f 4736/1606/4811 4735/1607/4812 4734/1580/4813
f 4736/1606/4811 4734/1580/4813 4737/1582/4814
f 4740/1614/4815 4739/1604/4816 4738/1584/4817
f 4740/1614/4815 4738/1584/4817 4741/1586/4818
f 4744/1617/4819 4742/1619/4820 4743/1620/4821
f 4744/1617/4819 4745/1618/4822 4742/1619/4820
f 4746/1621/4823 4744/1617/4819 4743/1620/4821
f 4746/1621/4823 4743/1620/4821 4747/1622/4824
f 4747/1622/4824 4748/1623/4825 4746/1621/4823
f 4747/1622/4824 4749/1624/4826 4748/1623/4825
f 4749/1624/4826 4750/1625/4827 4748/1623/4825
f 4749/1624/4826 4751/1626/4828 4750/1625/4827
f 4745/1618/4822 4752/1627/4829 4742/1619/4820
f 4745/1618/4822 4753/1628/4830 4752/1627/4829
f 4753/1628/4830 4754/1629/4831 4752/1627/4829
f 4753/1628/4830 4755/1630/4832 4754/1629/4831
f 4755/1630/4832 4756/1631/4833 4754/1629/4831
f 4755/1630/4832 4757/1632/4834 4756/1631/4833
f 4757/1632/4834 4758/1633/4835 4756/1631/4833
f 4757/1632/4834 4759/1634/4836 4758/1633/4835
f 4759/1634/4836 4760/1635/4837 4758/1633/4835
f 4759/1634/4836 4761/1636/4838 4760/1635/4837
f 4761/1636/4838 4762/1637/4839 4760/1635/4837
f 4761/1636/4838 4763/1638/4840 4762/1637/4839
f 4766/1639/4841 4764/1582/4842 4765/1640/4843
f 4766/1639/4841 4767/1579/4844 4764/1582/4842
f 4770/1641/4845 4768/1640/4846 4769/1642/4847
f 4770/1641/4845 4771/1639/4848 4768/1640/4846
f 4774/1610/4849 4773/1606/4850 4772/1582/4851
f 4774/1610/4849 4772/1582/4851 4775/1640/4852
f 4778/1586/4853 4776/1581/4854 4777/1583/4855
f 4778/1586/4853 4779/1580/4856 4776/1581/4854
f 4782/1607/4857 4781/1614/4858 4780/1586/4859
f 4782/1607/4857 4780/1586/4859 4783/1580/4860
f 4786/1594/4861 4784/1585/4862 4785/1595/4863
f 4786/1594/4861 4787/1584/4864 4784/1585/4862
f 4790/1604/4865 4788/1594/4866 4789/1593/4867
f 4790/1604/4865 4791/1584/4868 4788/1594/4866
f 4794/1590/4869 4793/1597/4870 4792/1596/4871
f 4794/1590/4869 4792/1596/4871 4795/1588/4872
f 4796/1591/4873 4793/1597/4870 4794/1590/4869
f 4796/1591/4873 4797/1598/4874 4793/1597/4870
f 4793/1597/4875 4798/1596/4876 4799/1599/4877
f 4800/1598/4878 4793/1597/4875 4799/1599/4877
f 4800/1598/4878 4799/1599/4877 4801/1600/4879
f 4804/1611/4880 4803/1610/4881 4802/1640/4882
f 4804/1611/4880 4802/1640/4882 4805/1642/4883
o sheath
v -84.638397 43.540878 -28.815523
v -80.805901 44.525978 -31.450123
v -83.987801 39.724075 -31.570423
v -78.052101 43.309479 -34.394024
v -77.982101 39.877079 -36.753323
v -80.510597 37.282578 -36.417423
v -84.228401 35.751877 -34.423824
v -88.543503 36.173576 -29.644411
v -88.199600 41.884678 -28.413223
v -80.809303 44.528976 -31.453823
v -84.641899 43.543877 -28.819223
v -83.991203 39.727077 -31.574123
v -77.985497 39.879978 -36.757023
v -80.514000 37.285477 -36.421124
v -84.231903 35.754578 -34.427525
v -88.548401 36.174477 -29.647612
v -75.326401 39.558777 -39.785221
v -173.473999 31.606066 -72.882896
v -169.234299 30.141165 -74.457603
v -172.214096 28.052765 -69.990303
v -165.939407 27.552366 -74.044502
v -165.334305 24.369865 -71.425598
v -167.815094 23.464165 -68.922897
v -171.806107 24.193066 -67.004501
v -176.964096 27.982367 -66.182098
v -177.004105 30.833965 -71.292503
v -169.237000 30.137865 -74.461601
v -173.476700 31.602766 -72.886902
v -172.216797 28.049465 -69.994202
v -165.337006 24.366665 -71.429497
v -167.817795 23.460865 -68.926804
v -171.808899 24.189766 -67.008301
v -176.968399 27.978666 -66.183998
v -162.141205 21.936066 -71.901199
v -118.780403 38.118599 23.967377
v -114.947800 40.683399 22.812477
v -118.129700 37.388599 19.317188
v -112.194099 41.917900 19.876177
v -112.124100 41.177502 15.777483
v -114.652603 39.112499 14.171082
v -118.370300 36.618999 14.487283
v -122.685501 33.521301 18.151188
v -122.341599 36.667099 23.074188
v -114.951202 40.688099 22.811977
v -118.783798 38.123402 23.966877
v -118.133102 37.393299 19.316689
v -112.127403 41.182201 15.776883
v -114.655899 39.117199 14.170582
v -118.373901 36.623600 14.486683
v -122.690399 33.524200 18.149588
v -109.468399 43.106800 13.417084
v -83.994797 47.061176 -27.781723
v -80.341599 47.943478 -30.411922
v -77.317596 47.486877 -32.806522
v -75.471603 45.814678 -35.378723
v -79.348099 35.323978 -39.416122
v -83.111900 32.935478 -37.664124
v -85.866600 32.397179 -35.742523
v -88.664398 32.235378 -32.066822
v -92.016403 34.350277 -27.950312
v -87.794296 45.630077 -27.064022
v -90.633003 42.721176 -25.440823
v -93.726601 39.101398 -25.182123
v -173.127594 33.704155 -75.941299
v -169.062195 32.179855 -77.421700
v -165.625900 30.375265 -77.571899
v -163.281403 27.832966 -76.644699
v -166.052597 20.309465 -67.863998
v -170.021301 20.557865 -65.194000
v -173.078094 21.685566 -64.216904
v -176.521896 24.559977 -63.102402
v -180.650299 28.392965 -64.060898
v -176.957397 33.247276 -74.484100
v -179.980698 33.402176 -71.323303
v -182.975601 32.023876 -67.877998
v -118.136803 39.862522 27.195477
v -114.483597 42.351723 25.970478
v -111.459602 43.730999 23.960577
v -109.613602 44.380798 20.962177
v -113.490097 39.863602 10.669084
v -118.631203 36.066002 10.691183
v -122.806396 32.469601 13.648883
v -126.158302 31.034512 18.048788
v -121.936302 38.345425 26.684177
v -124.774902 35.144722 25.760689
v -127.868599 32.412899 23.371788
v -164.807098 -28.068712 -19.266888
v -161.985703 -30.068012 -16.004688
v -160.372299 -27.101711 -20.673189
v -158.091003 -30.905811 -14.641390
v -154.401199 -29.652411 -16.113289
v -154.144501 -27.555811 -19.075689
v -156.154907 -25.311712 -22.401588
v -161.480698 -24.032211 -25.813189
v -165.595505 -25.148512 -21.804188
v -161.986298 -30.063311 -16.001289
v -164.807907 -28.063911 -19.263489
v -160.373001 -27.096912 -20.669788
v -154.401901 -29.647812 -16.109989
v -154.145096 -27.551111 -19.072388
v -156.155502 -25.306911 -22.398489
v -161.481094 -24.026312 -25.812189
v -151.026794 -30.391911 -14.012589
v -167.347504 -29.267912 -16.820488
v -164.543198 -31.111412 -13.693188
v -161.362503 -32.486500 -11.938083
v -157.831497 -32.715302 -11.391282
v -150.441406 -26.969812 -18.723289
v -152.867401 -23.825611 -23.731489
v -157.525604 -22.565012 -27.709688
v -163.008606 -21.837212 -29.145288
v -168.585800 -26.310011 -19.412189
v -169.145996 -24.588011 -23.396589
v -168.461395 -21.930412 -27.296389
v -48.528198 -9.714983 34.966801
v -44.223598 -10.895082 36.603199
v -45.505798 -6.739887 32.823299
v -40.062801 -10.250083 36.579800
v -37.808399 -7.321187 34.658298
v -39.361301 -4.815987 32.525200
v -43.066399 -3.066188 30.694799
v -49.359299 -3.551088 29.351700
v -51.114399 -6.992187 33.748100
v -44.224602 -10.891782 36.608002
v -48.529202 -9.711683 34.971500
v -45.506802 -6.736587 32.827999
v -37.809399 -7.317986 34.662899
v -39.362301 -4.812686 32.529800
v -43.067402 -3.062688 30.699301
v -49.361301 -3.546188 29.354601
v -33.867298 -6.939682 35.475300
v -162.609802 -16.158312 -13.485994
v -160.813599 -13.473506 -9.998199
v -158.510101 -14.460606 -15.186296
v -157.704498 -11.006306 -8.592594
v -154.314301 -9.579106 -10.547400
v -153.584503 -10.477106 -13.996894
v -154.727097 -12.680606 -17.735588
v -158.417892 -17.077412 -20.683088
v -163.206406 -16.857012 -17.325689
v -160.816895 -13.469006 -9.999994
v -162.613297 -16.153811 -13.487894
v -158.513504 -14.456306 -15.188094
v -154.317505 -9.574706 -10.549194
v -153.587708 -10.472806 -13.998694
v -154.730392 -12.676306 -17.737589
v -158.420502 -17.073912 -20.687189
v -151.973999 -6.800200 -8.773394
v -96.520897 -26.369078 46.836224
v -94.608299 -22.193977 45.607498
v -96.163101 -26.491978 42.099522
v -93.190399 -19.636877 42.577599
v -93.262199 -20.079576 38.436199
v -94.627296 -23.062588 36.862598
v -96.577003 -27.085388 37.256523
v -98.342102 -32.062778 40.964424
v -98.992104 -29.362677 46.115822
v -94.613701 -22.191477 45.607700
v -96.526398 -26.366676 46.836521
v -96.168404 -26.489677 42.099724
v -93.267403 -20.077276 38.436401
v -94.632599 -23.060188 36.862801
v -96.582397 -27.083088 37.256523
v -98.348000 -32.062675 40.963524
v -92.199799 -16.992289 36.051800
v -49.449902 -12.287983 37.497799
v -45.261501 -13.312483 39.063202
v -41.398899 -13.515682 39.418900
v -38.054199 -12.334783 38.930302
v -36.212299 -2.803188 32.064602
v -39.614799 -0.503688 29.599600
v -42.763500 0.254212 28.559299
v -47.099701 -0.244388 27.038300
v -52.630501 -1.641188 27.375000
v -52.459702 -9.710883 36.358101
v -54.965000 -7.698287 33.386902
v -56.673302 -4.345887 30.457300
v -165.397797 -16.301201 -11.019794
v -163.612000 -13.640906 -7.736994
v -161.109894 -11.524100 -5.652394
v -158.186401 -9.503900 -5.213894
v -150.686996 -8.095606 -14.332994
v -151.094696 -10.277406 -18.577299
v -152.531601 -12.192110 -20.993999
v -154.697998 -15.709512 -23.067089
v -159.124207 -19.070911 -24.395489
v -166.375595 -17.242212 -14.913095
v -165.842194 -19.455811 -18.650688
v -164.548996 -20.518011 -23.116089
v -96.429901 -24.666977 50.148399
v -94.643600 -20.643677 48.858200
v -92.951500 -17.863678 46.737999
v -92.038200 -16.262377 43.668499
v -94.414597 -21.693289 33.361198
v -96.286499 -26.082289 32.945122
v -97.693001 -29.002588 33.976921
v -98.474998 -32.854176 36.409523
v -100.134300 -35.941177 40.922924
v -99.028503 -27.851177 49.820923
v -100.022499 -31.999878 48.843521
v -101.643303 -35.810478 46.478622
vn -0.4211 0.3904 -0.8187
vn -0.5869 0.3543 -0.7281
vn -0.5522 0.4353 -0.7110
vn -0.5868 0.3543 -0.7281
vn -0.6047 0.4016 -0.6878
vn -0.6133 0.4808 -0.6266
vn -0.6134 0.4808 -0.6265
vn -0.5864 0.5137 -0.6263
vn -0.6105 0.4963 -0.6172
vn -0.5523 0.4353 -0.7109
vn -0.6008 0.3905 -0.6975
vn -0.5536 0.4360 -0.7095
vn -0.5995 0.3875 -0.7003
vn -0.4941 0.3427 -0.7990
vn -0.5520 0.4335 -0.7123
vn -0.4924 0.3464 -0.7985
vn -0.4185 0.3917 -0.8194
vn -0.5505 0.4361 -0.7119
vn 0.5864 -0.3549 0.7281
vn 0.4218 -0.3904 0.8183
vn 0.5523 -0.4354 0.7109
vn 0.6047 -0.4016 0.6878
vn 0.5523 -0.4354 0.7110
vn 0.6001 -0.4967 0.6270
vn 0.5863 -0.5131 0.6269
vn 0.6107 -0.4955 0.6177
vn 0.5871 -0.3558 0.7271
vn 0.6107 -0.4955 0.6176
vn 0.5536 -0.4361 0.7095
vn 0.4941 -0.3427 0.7990
vn 0.5857 -0.3528 0.7297
vn 0.5521 -0.4335 0.7123
vn 0.4188 -0.3919 0.8192
vn 0.4923 -0.3463 0.7986
vn 0.5505 -0.4362 0.7118
vn -0.6287 0.4913 -0.6029
vn -0.2664 -0.7378 -0.6202
vn -0.4456 -0.6944 -0.5650
vn -0.4168 -0.6488 -0.6367
vn -0.4455 -0.6944 -0.5651
vn -0.4719 -0.6465 -0.5995
vn -0.4718 -0.6465 -0.5995
vn -0.4941 -0.5680 -0.6582
vn -0.4942 -0.5680 -0.6582
vn -0.4685 -0.5533 -0.6888
vn -0.4684 -0.5533 -0.6888
vn -0.4935 -0.5543 -0.6703
vn -0.4659 -0.6581 -0.5914
vn -0.4183 -0.6474 -0.6371
vn -0.4642 -0.6613 -0.5893
vn -0.3406 -0.7467 -0.5713
vn -0.4163 -0.6504 -0.6354
vn -0.3390 -0.7449 -0.5746
vn -0.2637 -0.7376 -0.6216
vn -0.4150 -0.6490 -0.6376
vn 0.4451 0.6942 0.5656
vn 0.2672 0.7375 0.6203
vn 0.4169 0.6486 0.6368
vn 0.4719 0.6465 0.5995
vn 0.4814 0.5614 0.6731
vn 0.4682 0.5540 0.6884
vn 0.4936 0.5549 0.6697
vn 0.4459 0.6932 0.5662
vn 0.4186 0.6472 0.6371
vn 0.3406 0.7468 0.5712
vn 0.4441 0.6962 0.5640
vn 0.4165 0.6502 0.6355
vn 0.2641 0.7373 0.6218
vn 0.3391 0.7449 0.5745
vn 0.4150 0.6489 0.6377
vn -0.5139 -0.5457 -0.6619
vn -0.4211 0.8563 -0.2991
vn -0.5869 0.7665 -0.2609
vn -0.5522 0.8114 -0.1914
vn -0.5868 0.7666 -0.2609
vn -0.6047 0.7712 -0.1989
vn -0.6133 0.7836 -0.0995
vn -0.6134 0.7835 -0.0995
vn -0.5829 0.8092 -0.0737
vn -0.5830 0.8091 -0.0737
vn -0.6186 0.7795 -0.0984
vn -0.5524 0.8114 -0.1909
vn -0.6187 0.7795 -0.0984
vn -0.6008 0.7703 -0.2137
vn -0.5535 0.8109 -0.1899
vn -0.5996 0.7701 -0.2178
vn -0.4941 0.8088 -0.3190
vn -0.5521 0.8110 -0.1935
vn -0.4924 0.8110 -0.3160
vn -0.4184 0.8578 -0.2987
vn -0.5504 0.8126 -0.1915
vn 0.5864 -0.7670 0.2605
vn 0.4217 -0.8561 0.2988
vn 0.5523 -0.8114 0.1912
vn 0.6047 -0.7712 0.1989
vn 0.6001 -0.7950 0.0886
vn 0.5829 -0.8091 0.0746
vn 0.6189 -0.7792 0.0992
vn 0.5870 -0.7670 0.2591
vn 0.5536 -0.8109 0.1897
vn 0.4941 -0.8088 0.3190
vn 0.5857 -0.7666 0.2632
vn 0.5521 -0.8110 0.1933
vn 0.4187 -0.8578 0.2983
vn 0.4924 -0.8109 0.3161
vn 0.5505 -0.8126 0.1913
vn -0.6287 0.7740 -0.0755
vn -0.5038 0.3211 -0.8019
vn -0.5826 0.3084 -0.7520
vn -0.4214 0.3895 -0.8190
vn -0.5037 0.3214 -0.8019
vn -0.5935 0.3526 -0.7235
vn -0.6231 0.3712 -0.6885
vn -0.6129 0.5290 -0.5869
vn -0.5864 0.5138 -0.6262
vn -0.6286 0.4913 -0.6029
vn -0.5753 0.5258 -0.6266
vn -0.6129 0.5291 -0.5869
vn -0.6215 0.5296 -0.5773
vn -0.6424 0.4628 -0.6109
vn -0.6003 0.3892 -0.6987
vn -0.6116 0.4945 -0.6176
vn -0.6243 0.5297 -0.5742
vn -0.6431 0.4639 -0.6093
vn -0.6117 0.4969 -0.6155
vn -0.6411 0.4625 -0.6124
vn -0.5638 0.3398 -0.7528
vn -0.6003 0.3890 -0.6988
vn -0.4251 0.3360 -0.8405
vn -0.4176 0.3896 -0.8209
vn -0.4918 0.3449 -0.7995
vn -0.6666 0.3668 -0.6489
vn -0.4289 0.3358 -0.8386
vn -0.4956 0.3445 -0.7973
vn -0.4252 0.3356 -0.8406
vn -0.5001 0.3213 -0.8041
vn -0.4178 0.3889 -0.8211
vn 0.5826 -0.3084 0.7520
vn 0.5037 -0.3211 0.8020
vn 0.4219 -0.3896 0.8187
vn 0.5037 -0.3215 0.8018
vn 0.5935 -0.3526 0.7235
vn 0.6231 -0.3712 0.6885
vn 0.6129 -0.5290 0.5869
vn 0.6287 -0.4913 0.6029
vn 0.5753 -0.5258 0.6266
vn 0.6128 -0.5292 0.5869
vn 0.6215 -0.5295 0.5773
vn 0.6118 -0.4938 0.6180
vn 0.5877 -0.3552 0.7269
vn 0.6424 -0.4628 0.6109
vn 0.6244 -0.5297 0.5741
vn 0.6119 -0.4961 0.6160
vn 0.6431 -0.4639 0.6093
vn 0.5863 -0.3554 0.7280
vn 0.5638 -0.3397 0.7528
vn 0.6411 -0.4625 0.6124
vn 0.4918 -0.3449 0.7995
vn 0.4182 -0.3898 0.8205
vn 0.4249 -0.3361 0.8405
vn 0.6666 -0.3668 0.6489
vn 0.4956 -0.3445 0.7973
vn 0.4289 -0.3358 0.8386
vn 0.4251 -0.3358 0.8406
vn 0.4183 -0.3894 0.8206
vn 0.5001 -0.3213 0.8042
vn -0.4948 0.3460 -0.7972
vn -0.6001 0.3659 -0.7113
vn -0.6657 0.3687 -0.6488
vn 0.6657 -0.3689 0.6487
vn 0.6001 -0.3659 0.7113
vn 0.4949 -0.3460 0.7971
vn -0.5858 0.3528 -0.7297
vn -0.5631 0.3363 -0.7549
vn -0.5996 0.3623 -0.7136
vn -0.4951 0.3432 -0.7982
vn -0.5638 0.3367 -0.7541
vn 0.5631 -0.3362 0.7549
vn 0.5858 -0.3527 0.7297
vn 0.4939 -0.3427 0.7991
vn 0.5996 -0.3623 0.7136
vn 0.5640 -0.3359 0.7544
vn 0.4951 -0.3432 0.7982
vn -0.3491 -0.7574 -0.5518
vn -0.4356 -0.7291 -0.5278
vn -0.2665 -0.7384 -0.6195
vn -0.3491 -0.7572 -0.5520
vn -0.4529 -0.6919 -0.5623
vn -0.4891 -0.6593 -0.5711
vn -0.5024 -0.5169 -0.6931
vn -0.4685 -0.5532 -0.6889
vn -0.4579 -0.5479 -0.7001
vn -0.5127 -0.5094 -0.6911
vn -0.4934 -0.5543 -0.6703
vn -0.5252 -0.5639 -0.6374
vn -0.4655 -0.6593 -0.5905
vn -0.4944 -0.5553 -0.6687
vn -0.5157 -0.5071 -0.6905
vn -0.5262 -0.5622 -0.6380
vn -0.4951 -0.5528 -0.6703
vn -0.5235 -0.5652 -0.6376
vn -0.4178 -0.7175 -0.5574
vn -0.4651 -0.6596 -0.5904
vn -0.2648 -0.7745 -0.5745
vn -0.2625 -0.7394 -0.6200
vn -0.3384 -0.7461 -0.5734
vn -0.5392 -0.6317 -0.5570
vn -0.2689 -0.7735 -0.5739
vn -0.3424 -0.7449 -0.5726
vn -0.2649 -0.7747 -0.5741
vn -0.3451 -0.7587 -0.5525
vn -0.2625 -0.7398 -0.6195
vn 0.4356 0.7291 0.5278
vn 0.3490 0.7575 0.5517
vn 0.2672 0.7381 0.6196
vn 0.3490 0.7572 0.5521
vn 0.4529 0.6919 0.5623
vn 0.4891 0.6593 0.5711
vn 0.5025 0.5169 0.6931
vn 0.5139 0.5457 0.6619
vn 0.5024 0.5169 0.6931
vn 0.4579 0.5479 0.7001
vn 0.5024 0.5169 0.6932
vn 0.5140 0.5084 0.6909
vn 0.4946 0.5559 0.6681
vn 0.4465 0.6933 0.5656
vn 0.5251 0.5639 0.6374
vn 0.5153 0.5074 0.6906
vn 0.4951 0.5534 0.6698
vn 0.5262 0.5622 0.6380
vn 0.4450 0.6946 0.5652
vn 0.4178 0.7174 0.5574
vn 0.5235 0.5653 0.6375
vn 0.3384 0.7461 0.5734
vn 0.2631 0.7390 0.6202
vn 0.2647 0.7745 0.5745
vn 0.5392 0.6317 0.5570
vn 0.3425 0.7449 0.5726
vn 0.2690 0.7736 0.5738
vn 0.2648 0.7746 0.5743
vn 0.2634 0.7393 0.6198
vn 0.3451 0.7587 0.5525
vn -0.3418 -0.7442 -0.5739
vn -0.4620 -0.6779 -0.5719
vn -0.5385 -0.6308 -0.5587
vn 0.5384 0.6308 0.5587
vn 0.4620 0.6779 0.5718
vn 0.3418 0.7442 0.5739
vn -0.3407 -0.7468 -0.5712
vn -0.4441 -0.6962 -0.5640
vn -0.4166 -0.7204 -0.5545
vn -0.4611 -0.6809 -0.5691
vn -0.3418 -0.7460 -0.5715
vn -0.4175 -0.7194 -0.5551
vn 0.4165 0.7204 0.5546
vn 0.3405 0.7468 0.5712
vn 0.4610 0.6809 0.5691
vn 0.4175 0.7196 0.5549
vn 0.3417 0.7461 0.5715
vn -0.5038 0.7957 -0.3363
vn -0.5826 0.7512 -0.3103
vn -0.4213 0.8559 -0.2999
vn -0.5037 0.7958 -0.3361
vn -0.5935 0.7621 -0.2589
vn -0.6231 0.7503 -0.2210
vn -0.6073 0.7937 -0.0346
vn -0.5830 0.8091 -0.0735
vn -0.6113 0.7894 -0.0565
vn -0.6371 0.7597 -0.1300
vn -0.6010 0.7699 -0.2148
vn -0.6114 0.7893 -0.0565
vn -0.6370 0.7598 -0.1300
vn -0.5638 0.7739 -0.2886
vn -0.6003 0.7702 -0.2156
vn -0.4252 0.8335 -0.3529
vn -0.4173 0.8574 -0.3012
vn -0.4918 0.8106 -0.3179
vn -0.6666 0.7191 -0.1963
vn -0.4288 0.8320 -0.3519
vn -0.4956 0.8088 -0.3166
vn -0.4251 0.8333 -0.3534
vn -0.5002 0.7973 -0.3377
vn -0.4177 0.8570 -0.3017
vn 0.5826 -0.7512 0.3103
vn 0.5038 -0.7956 0.3364
vn 0.4217 -0.8558 0.2997
vn 0.5037 -0.7958 0.3361
vn 0.5935 -0.7621 0.2589
vn 0.6231 -0.7503 0.2210
vn 0.6073 -0.7937 0.0346
vn 0.6287 -0.7740 0.0755
vn 0.6113 -0.7894 0.0565
vn 0.5876 -0.7664 0.2594
vn 0.6371 -0.7597 0.1300
vn 0.6114 -0.7893 0.0565
vn 0.5863 -0.7671 0.2605
vn 0.5638 -0.7739 0.2886
vn 0.4918 -0.8106 0.3179
vn 0.4181 -0.8572 0.3007
vn 0.4251 -0.8335 0.3529
vn 0.6666 -0.7191 0.1963
vn 0.4956 -0.8088 0.3166
vn 0.4288 -0.8320 0.3519
vn 0.4252 -0.8334 0.3532
vn 0.4183 -0.8569 0.3011
vn 0.5001 -0.7973 0.3378
vn -0.4948 0.8097 -0.3154
vn -0.6001 0.7628 -0.2409
vn -0.6657 0.7203 -0.1948
vn 0.6657 -0.7203 0.1948
vn 0.6001 -0.7628 0.2409
vn 0.4948 -0.8097 0.3154
vn -0.5857 0.7666 -0.2631
vn -0.5631 0.7728 -0.2927
vn -0.5996 0.7619 -0.2450
vn -0.4951 0.8085 -0.3181
vn -0.5638 0.7729 -0.2913
vn 0.5631 -0.7728 0.2927
vn 0.5857 -0.7666 0.2631
vn 0.4940 -0.8088 0.3191
vn 0.5996 -0.7619 0.2450
vn 0.5638 -0.7727 0.2916
vn 0.4951 -0.8085 0.3181
vn 0.1436 0.7643 0.6287
vn 0.0334 0.8624 0.5051
vn -0.0120 0.8212 0.5705
vn -0.0299 0.8557 0.5166
vn -0.0299 0.8556 0.5167
vn -0.1227 0.8294 0.5450
vn -0.0120 0.8212 0.5706
vn -0.1316 0.8020 0.5827
vn -0.1316 0.8019 0.5827
vn -0.1261 0.8322 0.5399
vn -0.0121 0.8212 0.5705
vn -0.0149 0.8577 0.5140
vn -0.0140 0.8215 0.5700
vn -0.0109 0.8581 0.5134
vn 0.1277 0.8188 0.5597
vn -0.0101 0.8217 0.5699
vn 0.1259 0.8169 0.5629
vn 0.1445 0.7623 0.6309
vn -0.0111 0.8200 0.5722
vn -0.0332 -0.8620 -0.5058
vn -0.1430 -0.7647 -0.6283
vn 0.0122 -0.8211 -0.5706
vn 0.0299 -0.8557 -0.5166
vn 0.1262 -0.8177 -0.5616
vn 0.1307 -0.8023 -0.5825
vn 0.1255 -0.8326 -0.5395
vn -0.0315 -0.8620 -0.5059
vn 0.0142 -0.8215 -0.5701
vn -0.1277 -0.8188 -0.5597
vn -0.0358 -0.8623 -0.5052
vn 0.0101 -0.8217 -0.5699
vn -0.1439 -0.7625 -0.6308
vn -0.1260 -0.8170 -0.5627
vn 0.0113 -0.8200 -0.5723
vn -0.1514 0.8302 0.5365
vn 0.1386 0.8293 0.5413
vn 0.0789 0.8724 0.4824
vn 0.1441 0.7648 0.6280
vn 0.1385 0.8293 0.5413
vn 0.0285 0.8658 0.4995
vn -0.0189 0.8729 0.4875
vn -0.1781 0.8029 0.5689
vn -0.1317 0.8019 0.5827
vn -0.1227 0.8293 0.5451
vn -0.1603 0.8132 0.5594
vn -0.1316 0.8020 0.5826
vn -0.1066 0.8535 0.5101
vn -0.0132 0.8579 0.5137
vn -0.1065 0.8535 0.5101
vn 0.0688 0.8555 0.5132
vn -0.0131 0.8579 0.5137
vn 0.1892 0.7807 0.5956
vn 0.1469 0.7623 0.6303
vn 0.1277 0.8170 0.5622
vn -0.0616 0.8905 0.4507
vn 0.1864 0.7830 0.5934
vn 0.1250 0.8192 0.5597
vn 0.1895 0.7808 0.5953
vn 0.1415 0.8274 0.5435
vn 0.1476 0.7627 0.6297
vn -0.0789 -0.8724 -0.4824
vn -0.1387 -0.8294 -0.5412
vn -0.1437 -0.7650 -0.6278
vn -0.1384 -0.8293 -0.5414
vn -0.0285 -0.8658 -0.4995
vn 0.0189 -0.8729 -0.4875
vn 0.1781 -0.8029 -0.5689
vn 0.1514 -0.8302 -0.5365
vn 0.1603 -0.8132 -0.5594
vn -0.0318 -0.8625 -0.5051
vn 0.1066 -0.8535 -0.5101
vn -0.0338 -0.8622 -0.5055
vn -0.0688 -0.8555 -0.5132
vn -0.1278 -0.8170 -0.5623
vn -0.1462 -0.7628 -0.6299
vn -0.1891 -0.7807 -0.5956
vn 0.0616 -0.8905 -0.4507
vn -0.1250 -0.8192 -0.5597
vn -0.1866 -0.7831 -0.5932
vn -0.1893 -0.7808 -0.5954
vn -0.1465 -0.7630 -0.6296
vn -0.1415 -0.8273 -0.5436
vn 0.1240 0.8185 0.5610
vn 0.0096 0.8649 0.5018
vn -0.0625 0.8896 0.4524
vn 0.0625 -0.8896 -0.4524
vn -0.0096 -0.8649 -0.5018
vn -0.1239 -0.8185 -0.5610
vn 0.0359 0.8623 0.5051
vn 0.0726 0.8561 0.5117
vn 0.0134 0.8657 0.5004
vn 0.1265 0.8192 0.5593
vn 0.0706 0.8559 0.5123
vn -0.0726 -0.8561 -0.5117
vn -0.0360 -0.8623 -0.5052
vn -0.1278 -0.8188 -0.5597
vn -0.0134 -0.8657 -0.5004
vn -0.0706 -0.8559 -0.5123
vn -0.1265 -0.8192 -0.5593
vn 0.0935 0.6272 0.7732
vn -0.0799 0.6905 0.7189
vn -0.0818 0.6229 0.7780
vn -0.1285 0.6559 0.7438
vn -0.1901 0.5884 0.7859
vn -0.1901 0.5885 0.7859
vn -0.1770 0.5571 0.8114
vn -0.1970 0.5740 0.7948
vn -0.0819 0.6229 0.7780
vn -0.1171 0.6644 0.7382
vn -0.0838 0.6225 0.7781
vn -0.1139 0.6666 0.7366
vn 0.0365 0.6815 0.7309
vn -0.0805 0.6244 0.7769
vn 0.0367 0.6785 0.7337
vn 0.0957 0.6254 0.7744
vn -0.0801 0.6220 0.7789
vn 0.0796 -0.6899 -0.7195
vn -0.0926 -0.6274 -0.7732
vn 0.0820 -0.6228 -0.7781
vn 0.1285 -0.6559 -0.7438
vn 0.1832 -0.5735 -0.7984
vn 0.1763 -0.5576 -0.8112
vn 0.1967 -0.5748 -0.7943
vn 0.0810 -0.6893 -0.7199
vn 0.0840 -0.6224 -0.7782
vn -0.0365 -0.6814 -0.7310
vn 0.0777 -0.6914 -0.7183
vn 0.0808 -0.6242 -0.7771
vn -0.0953 -0.6254 -0.7745
vn -0.0367 -0.6786 -0.7336
vn 0.0803 -0.6219 -0.7790
vn -0.2184 0.5786 0.7858
vn -0.3553 0.9020 -0.2454
vn -0.4331 0.8100 -0.3954
vn -0.4853 0.8127 -0.3224
vn -0.4331 0.8101 -0.3953
vn -0.4904 0.7834 -0.3819
vn -0.4904 0.7834 -0.3818
vn -0.5740 0.7440 -0.3420
vn -0.5740 0.7440 -0.3421
vn -0.5868 0.7512 -0.3022
vn -0.4854 0.8127 -0.3224
vn -0.5873 0.7388 -0.3307
vn -0.4858 0.8125 -0.3223
vn -0.4771 0.7899 -0.3853
vn -0.4869 0.8115 -0.3230
vn -0.4733 0.7918 -0.3861
vn -0.3590 0.8731 -0.3298
vn -0.4834 0.8135 -0.3233
vn -0.3611 0.8735 -0.3264
vn -0.3548 0.9029 -0.2425
vn -0.4847 0.8138 -0.3206
vn 0.4334 -0.8102 0.3946
vn 0.3559 -0.9016 0.2458
vn 0.4854 -0.8127 0.3224
vn 0.4904 -0.7834 0.3819
vn 0.5799 -0.7480 0.3227
vn 0.5861 -0.7516 0.3025
vn 0.5866 -0.7390 0.3313
vn 0.4348 -0.8094 0.3946
vn 0.4870 -0.8115 0.3230
vn 0.3590 -0.8731 0.3298
vn 0.4309 -0.8112 0.3953
vn 0.4836 -0.8134 0.3233
vn 0.3553 -0.9027 0.2427
vn 0.3611 -0.8735 0.3265
vn 0.4848 -0.8137 0.3206
vn -0.5958 0.7242 -0.3472
vn -0.8193 0.5444 -0.1799
vn -0.9137 0.3827 -0.1364
vn -0.8975 0.4361 -0.0661
vn -0.9137 0.3829 -0.1364
vn -0.9239 0.3755 -0.0729
vn -0.9239 0.3756 -0.0729
vn -0.9255 0.3778 0.0276
vn -0.9106 0.4102 0.0508
vn -0.9229 0.3823 0.0452
vn -0.8975 0.4361 -0.0657
vn -0.9219 0.3773 -0.0880
vn -0.8981 0.4350 -0.0645
vn -0.9212 0.3779 -0.0923
vn -0.8614 0.4679 -0.1978
vn -0.8974 0.4360 -0.0681
vn -0.8606 0.4706 -0.1949
vn -0.8176 0.5471 -0.1796
vn -0.8964 0.4382 -0.0661
vn 0.9135 -0.3834 0.1359
vn 0.8197 -0.5439 0.1795
vn 0.8975 -0.4361 0.0659
vn 0.9239 -0.3755 0.0729
vn 0.9183 -0.3939 -0.0384
vn 0.9106 -0.4103 -0.0499
vn 0.9231 -0.3819 -0.0443
vn 0.9139 -0.3830 0.1346
vn 0.8982 -0.4350 0.0643
vn 0.8613 -0.4679 0.1979
vn 0.9131 -0.3834 0.1387
vn 0.8974 -0.4359 0.0679
vn 0.8178 -0.5469 0.1791
vn 0.8606 -0.4706 0.1949
vn 0.8965 -0.4382 0.0660
vn -0.9311 0.3611 0.0518
vn 0.0357 0.6987 0.7145
vn -0.0518 0.7226 0.6894
vn 0.0936 0.6280 0.7726
vn 0.0357 0.6985 0.7147
vn -0.0873 0.6925 0.7161
vn -0.1353 0.6810 0.7196
vn -0.2245 0.5422 0.8097
vn -0.1770 0.5570 0.8115
vn -0.1900 0.5884 0.7859
vn -0.1710 0.5449 0.8209
vn -0.2371 0.5413 0.8067
vn -0.2177 0.6046 0.7662
vn -0.1174 0.6652 0.7374
vn -0.1972 0.5757 0.7935
vn -0.2411 0.5410 0.8057
vn -0.2196 0.6035 0.7665
vn -0.1990 0.5735 0.7947
vn -0.2157 0.6049 0.7665
vn -0.0439 0.6977 0.7150
vn -0.1157 0.6655 0.7374
vn 0.1158 0.6669 0.7361
vn 0.0977 0.6267 0.7731
vn 0.0381 0.6795 0.7327
vn -0.1916 0.6854 0.7025
vn 0.1119 0.6683 0.7354
vn 0.0340 0.6806 0.7319
vn 0.1159 0.6672 0.7358
vn 0.0399 0.6977 0.7153
vn 0.0978 0.6273 0.7726
vn 0.0518 -0.7226 -0.6894
vn -0.0357 -0.6987 -0.7145
vn -0.0931 -0.6281 -0.7726
vn -0.0357 -0.6985 -0.7147
vn 0.0873 -0.6925 -0.7161
vn 0.1353 -0.6810 -0.7196
vn 0.2245 -0.5422 -0.8097
vn 0.2184 -0.5786 -0.7858
vn 0.1710 -0.5449 -0.8209
vn 0.2371 -0.5413 -0.8067
vn 0.1969 -0.5765 -0.7930
vn 0.0813 -0.6899 -0.7193
vn 0.2177 -0.6046 -0.7662
vn 0.2411 -0.5411 -0.8057
vn 0.1987 -0.5743 -0.7942
vn 0.2196 -0.6035 -0.7665
vn 0.0796 -0.6897 -0.7197
vn 0.0439 -0.6977 -0.7150
vn 0.2157 -0.6049 -0.7665
vn -0.0382 -0.6795 -0.7327
vn -0.0970 -0.6267 -0.7732
vn -0.1158 -0.6669 -0.7361
vn 0.1916 -0.6854 -0.7025
vn -0.0340 -0.6806 -0.7319
vn -0.1119 -0.6683 -0.7355
vn -0.1161 -0.6671 -0.7359
vn -0.0970 -0.6271 -0.7729
vn -0.0398 -0.6978 -0.7152
vn 0.0342 0.6794 0.7330
vn -0.1027 0.6833 0.7229
vn -0.1914 0.6839 0.7040
vn 0.1915 -0.6839 -0.7040
vn 0.1027 -0.6833 -0.7229
vn -0.0341 -0.6794 -0.7330
vn 0.0364 0.6815 0.7309
vn -0.0777 0.6915 0.7182
vn -0.0413 0.7003 0.7127
vn -0.1001 0.6859 0.7208
vn 0.0351 0.6814 0.7310
vn -0.0428 0.6990 0.7138
vn 0.0413 -0.7002 -0.7128
vn 0.0777 -0.6915 -0.7182
vn -0.0367 -0.6814 -0.7310
vn 0.1002 -0.6860 -0.7207
vn 0.0428 -0.6990 -0.7138
vn -0.0351 -0.6814 -0.7310
vn -0.3457 0.8708 -0.3495
vn -0.3878 0.8216 -0.4178
vn -0.3547 0.9020 -0.2460
vn -0.3459 0.8708 -0.3493
vn -0.4362 0.8054 -0.4014
vn -0.4749 0.7770 -0.4132
vn -0.6222 0.7177 -0.3127
vn -0.5869 0.7512 -0.3021
vn -0.6221 0.7178 -0.3126
vn -0.5909 0.7541 -0.2865
vn -0.6294 0.7087 -0.3187
vn -0.5779 0.7251 -0.3744
vn -0.4758 0.7904 -0.3859
vn -0.5863 0.7387 -0.3325
vn -0.6316 0.7058 -0.3207
vn -0.5795 0.7239 -0.3743
vn -0.5888 0.7373 -0.3312
vn -0.5766 0.7266 -0.3735
vn -0.4034 0.8298 -0.3857
vn -0.4753 0.7908 -0.3857
vn -0.3079 0.9096 -0.2790
vn -0.3524 0.9038 -0.2429
vn -0.3593 0.8741 -0.3268
vn -0.5031 0.7388 -0.4484
vn -0.3100 0.9079 -0.2821
vn -0.3616 0.8720 -0.3300
vn -0.3075 0.9097 -0.2792
vn -0.3435 0.8729 -0.3466
vn -0.3519 0.9038 -0.2436
vn 0.3878 -0.8216 0.4178
vn 0.3456 -0.8709 0.3495
vn 0.3551 -0.9017 0.2467
vn 0.3459 -0.8708 0.3493
vn 0.4362 -0.8054 0.4014
vn 0.4749 -0.7770 0.4132
vn 0.6222 -0.7177 0.3127
vn 0.5958 -0.7242 0.3472
vn 0.5909 -0.7542 0.2865
vn 0.6222 -0.7177 0.3126
vn 0.5909 -0.7541 0.2865
vn 0.6296 -0.7085 0.3189
vn 0.5856 -0.7390 0.3331
vn 0.4345 -0.8092 0.3954
vn 0.5779 -0.7252 0.3743
vn 0.6316 -0.7059 0.3207
vn 0.5881 -0.7376 0.3318
vn 0.5796 -0.7239 0.3743
vn 0.4328 -0.8104 0.3950
vn 0.4035 -0.8297 0.3857
vn 0.5766 -0.7266 0.3736
vn 0.3593 -0.8741 0.3268
vn 0.3529 -0.9035 0.2433
vn 0.3080 -0.9096 0.2789
vn 0.5031 -0.7388 0.4484
vn 0.3615 -0.8720 0.3300
vn 0.3100 -0.9079 0.2821
vn 0.3078 -0.9096 0.2791
vn 0.3527 -0.9034 0.2438
vn 0.3434 -0.8730 0.3464
vn -0.3626 0.8721 -0.3286
vn -0.4534 0.7971 -0.3988
vn -0.5043 0.7391 -0.4466
vn 0.5043 -0.7391 0.4466
vn 0.4534 -0.7971 0.3988
vn 0.3626 -0.8721 0.3286
vn -0.4309 0.8112 -0.3954
vn -0.3997 0.8309 -0.3871
vn -0.4497 0.7984 -0.4005
vn -0.3601 0.8724 -0.3304
vn -0.4001 0.8303 -0.3880
vn 0.3997 -0.8309 0.3871
vn 0.4309 -0.8112 0.3954
vn 0.3589 -0.8732 0.3297
vn 0.4497 -0.7984 0.4005
vn 0.4005 -0.8303 0.3875
vn 0.3601 -0.8724 0.3304
vn -0.8654 0.4525 -0.2155
vn -0.9085 0.3736 -0.1871
vn -0.8195 0.5439 -0.1807
vn -0.8653 0.4526 -0.2153
vn -0.9170 0.3755 -0.1342
vn -0.9171 0.3755 -0.1342
vn -0.9322 0.3491 -0.0953
vn -0.9204 0.3806 0.0897
vn -0.9106 0.4102 0.0510
vn -0.9042 0.4229 0.0590
vn -0.9203 0.3807 0.0898
vn -0.9043 0.4229 0.0590
vn -0.9238 0.3705 0.0970
vn -0.9391 0.3428 0.0260
vn -0.9220 0.3769 -0.0892
vn -0.9235 0.3810 0.0437
vn -0.9248 0.3672 0.0992
vn -0.9392 0.3422 0.0281
vn -0.9234 0.3810 0.0468
vn -0.9385 0.3444 0.0247
vn -0.9007 0.4018 -0.1652
vn -0.9216 0.3775 -0.0900
vn -0.8180 0.5250 -0.2351
vn -0.8169 0.5473 -0.1821
vn -0.8602 0.4705 -0.1967
vn -0.9516 0.2994 -0.0700
vn -0.8204 0.5217 -0.2339
vn -0.8624 0.4670 -0.1953
vn -0.8180 0.5248 -0.2355
vn -0.8632 0.4558 -0.2170
vn -0.8170 0.5469 -0.1827
vn 0.9085 -0.3736 0.1871
vn 0.8654 -0.4524 0.2155
vn 0.8197 -0.5437 0.1804
vn 0.8654 -0.4526 0.2152
vn 0.9170 -0.3755 0.1342
vn 0.9322 -0.3491 0.0953
vn 0.9171 -0.3755 0.1342
vn 0.9204 -0.3806 -0.0897
vn 0.9311 -0.3611 -0.0518
vn 0.9042 -0.4229 -0.0590
vn 0.9238 -0.3705 -0.0970
vn 0.9238 -0.3806 -0.0428
vn 0.9142 -0.3821 0.1349
vn 0.9390 -0.3429 -0.0260
vn 0.9246 -0.3679 -0.0987
vn 0.9236 -0.3806 -0.0459
vn 0.9392 -0.3422 -0.0279
vn 0.9135 -0.3834 0.1362
vn 0.9007 -0.4018 0.1652
vn 0.9385 -0.3444 -0.0246
vn 0.8601 -0.4706 0.1967
vn 0.8172 -0.5470 0.1816
vn 0.8180 -0.5250 0.2351
vn 0.9516 -0.2994 0.0700
vn 0.8624 -0.4670 0.1954
vn 0.8204 -0.5217 0.2339
vn 0.8179 -0.5250 0.2354
vn 0.8174 -0.5466 0.1820
vn 0.8632 -0.4558 0.2171
vn -0.8621 0.4681 -0.1940
vn -0.9209 0.3722 -0.1158
vn -0.9512 0.3008 -0.0685
vn 0.9512 -0.3008 0.0685
vn 0.9209 -0.3722 0.1158
vn 0.8621 -0.4681 0.1940
vn -0.8615 0.4677 -0.1978
vn -0.9131 0.3834 -0.1386
vn -0.9001 0.4014 -0.1692
vn -0.9205 0.3718 -0.1201
vn -0.8621 0.4669 -0.1969
vn -0.9006 0.4005 -0.1690
vn 0.9001 -0.4014 0.1692
vn 0.9131 -0.3834 0.1386
vn 0.8613 -0.4679 0.1980
vn 0.9205 -0.3718 0.1201
vn 0.9005 -0.4008 0.1685
vn 0.8621 -0.4669 0.1969
vn 0.5522 -0.4353 0.7110
vn 0.5869 -0.3543 0.7280
vn 0.4212 -0.3900 0.8188
vn 0.5869 -0.3543 0.7281
vn 0.6134 -0.4808 0.6265
vn 0.5864 -0.5137 0.6263
vn 0.6105 -0.4963 0.6172
vn 0.5536 -0.4360 0.7095
vn 0.6008 -0.3905 0.6975
vn 0.5520 -0.4335 0.7123
vn 0.5996 -0.3874 0.7003
vn 0.5504 -0.4360 0.7120
vn 0.4183 -0.3915 0.8196
vn 0.4924 -0.3463 0.7985
vn -0.5523 0.4354 -0.7109
vn -0.4218 0.3908 -0.8182
vn -0.5864 0.3549 -0.7281
vn -0.5863 0.3549 -0.7282
vn -0.5523 0.4354 -0.7110
vn -0.6046 0.4016 -0.6879
vn -0.6001 0.4967 -0.6270
vn -0.5863 0.5131 -0.6269
vn -0.5524 0.4356 -0.7107
vn -0.6107 0.4955 -0.6176
vn -0.5536 0.4361 -0.7095
vn -0.5871 0.3558 -0.7271
vn -0.5521 0.4335 -0.7122
vn -0.5857 0.3528 -0.7297
vn -0.5504 0.4361 -0.7119
vn -0.4190 0.3920 -0.8190
vn 0.4168 0.6488 0.6367
vn 0.4456 0.6944 0.5650
vn 0.2665 0.7380 0.6200
vn 0.4942 0.5680 0.6582
vn 0.4685 0.5533 0.6888
vn 0.4935 0.5543 0.6703
vn 0.4183 0.6474 0.6371
vn 0.4659 0.6581 0.5914
vn 0.4164 0.6503 0.6354
vn 0.3406 0.7467 0.5713
vn 0.4642 0.6613 0.5893
vn 0.4150 0.6490 0.6376
vn 0.2634 0.7378 0.6215
vn 0.3390 0.7449 0.5746
vn -0.4169 -0.6486 -0.6368
vn -0.2673 -0.7372 -0.6205
vn -0.4451 -0.6942 -0.5656
vn -0.4450 -0.6942 -0.5657
vn -0.4814 -0.5614 -0.6731
vn -0.4682 -0.5540 -0.6884
vn -0.4936 -0.5549 -0.6697
vn -0.4186 -0.6472 -0.6371
vn -0.4459 -0.6931 -0.5663
vn -0.4165 -0.6502 -0.6355
vn -0.4150 -0.6488 -0.6378
vn -0.2644 -0.7371 -0.6219
vn 0.5522 -0.8114 0.1914
vn 0.5869 -0.7665 0.2609
vn 0.4211 -0.8562 0.2994
vn 0.6134 -0.7835 0.0995
vn 0.5830 -0.8091 0.0737
vn 0.5522 -0.8114 0.1913
vn 0.6186 -0.7796 0.0977
vn 0.5535 -0.8109 0.1899
vn 0.6008 -0.7703 0.2137
vn 0.6187 -0.7795 0.0984
vn 0.5520 -0.8110 0.1935
vn 0.5995 -0.7702 0.2177
vn 0.5504 -0.8126 0.1915
vn 0.4182 -0.8578 0.2990
vn 0.4924 -0.8110 0.3161
vn -0.5523 0.8114 -0.1912
vn -0.4218 0.8562 -0.2984
vn -0.5864 0.7670 -0.2605
vn -0.5863 0.7671 -0.2605
vn -0.6001 0.7950 -0.0886
vn -0.5829 0.8091 -0.0746
vn -0.5525 0.8114 -0.1907
vn -0.6189 0.7792 -0.0992
vn -0.5536 0.8109 -0.1897
vn -0.5870 0.7670 -0.2591
vn -0.5521 0.8110 -0.1933
vn -0.5857 0.7666 -0.2632
vn -0.5504 0.8127 -0.1912
vn -0.4924 0.8109 -0.3161
vn -0.4190 0.8577 -0.2981
vn 0.5038 -0.3211 0.8019
vn 0.5038 -0.3214 0.8018
vn 0.4213 -0.3892 0.8192
vn 0.6129 -0.5290 0.5870
vn 0.6286 -0.4913 0.6029
vn 0.6215 -0.5296 0.5773
vn 0.6116 -0.4945 0.6176
vn 0.6002 -0.3890 0.6989
vn 0.6117 -0.4969 0.6155
vn 0.6243 -0.5297 0.5742
vn 0.4176 -0.3894 0.8210
vn 0.4251 -0.3360 0.8405
vn 0.4177 -0.3890 0.8211
vn 0.5001 -0.3213 0.8041
vn 0.4252 -0.3358 0.8405
vn -0.5038 0.3212 -0.8019
vn -0.5037 0.3215 -0.8018
vn -0.4219 0.3900 -0.8185
vn -0.6130 0.5290 -0.5869
vn -0.5863 0.5132 -0.6268
vn -0.6215 0.5295 -0.5773
vn -0.6425 0.4628 -0.6108
vn -0.5875 0.3554 -0.7270
vn -0.6118 0.4938 -0.6180
vn -0.6119 0.4961 -0.6160
vn -0.6244 0.5297 -0.5741
vn -0.5638 0.3397 -0.7528
vn -0.5861 0.3555 -0.7281
vn -0.4250 0.3360 -0.8405
vn -0.4181 0.3900 -0.8204
vn -0.5001 0.3214 -0.8041
vn -0.4184 0.3894 -0.8206
vn -0.4251 0.3356 -0.8406
vn 0.3491 0.7575 0.5517
vn 0.3491 0.7572 0.5520
vn 0.2667 0.7385 0.6193
vn 0.4685 0.5532 0.6888
vn 0.5127 0.5094 0.6911
vn 0.4944 0.5553 0.6687
vn 0.4651 0.6597 0.5904
vn 0.4950 0.5528 0.6704
vn 0.5154 0.5074 0.6906
vn 0.4178 0.7175 0.5574
vn 0.5235 0.5652 0.6376
vn 0.3384 0.7462 0.5733
vn 0.2625 0.7395 0.6199
vn 0.2648 0.7745 0.5745
vn 0.2625 0.7398 0.6195
vn 0.2645 0.7747 0.5743
vn -0.3490 -0.7574 -0.5518
vn -0.3490 -0.7572 -0.5521
vn -0.2674 -0.7378 -0.6198
vn -0.4682 -0.5539 -0.6885
vn -0.5023 -0.5168 -0.6933
vn -0.5139 -0.5085 -0.6909
vn -0.4465 -0.6932 -0.5658
vn -0.4946 -0.5559 -0.6681
vn -0.4951 -0.5534 -0.6698
vn -0.5154 -0.5074 -0.6906
vn -0.5235 -0.5653 -0.6375
vn -0.4178 -0.7174 -0.5574
vn -0.4448 -0.6942 -0.5659
vn -0.2647 -0.7745 -0.5745
vn -0.2631 -0.7388 -0.6204
vn -0.3382 -0.7462 -0.5734
vn -0.2634 -0.7393 -0.6198
vn 0.5038 -0.7958 0.3361
vn 0.4213 -0.8557 0.3003
vn 0.6003 -0.7702 0.2156
vn 0.6002 -0.7702 0.2157
vn 0.4918 -0.8106 0.3178
vn 0.4174 -0.8573 0.3013
vn 0.4252 -0.8335 0.3529
vn 0.4177 -0.8570 0.3017
vn 0.5002 -0.7973 0.3377
vn 0.4250 -0.8334 0.3532
vn -0.4219 0.8558 -0.2993
vn -0.5875 0.7665 -0.2593
vn -0.5860 0.7676 -0.2597
vn -0.4251 0.8335 -0.3529
vn -0.4180 0.8573 -0.3005
vn -0.4918 0.8106 -0.3178
vn -0.4289 0.8320 -0.3519
vn -0.5001 0.7974 -0.3377
vn -0.4183 0.8569 -0.3011
vn -0.4252 0.8333 -0.3534
vn 0.0120 -0.8212 -0.5705
vn -0.0334 -0.8624 -0.5051
vn -0.1438 -0.7644 -0.6285
vn 0.0120 -0.8212 -0.5706
vn 0.1227 -0.8294 -0.5450
vn 0.1316 -0.8020 -0.5826
vn 0.1268 -0.8319 -0.5402
vn 0.0140 -0.8215 -0.5700
vn 0.0149 -0.8576 -0.5141
vn 0.1261 -0.8322 -0.5399
vn 0.0101 -0.8216 -0.5699
vn 0.0109 -0.8581 -0.5134
vn 0.0111 -0.8200 -0.5722
vn -0.1447 -0.7622 -0.6310
vn -0.0122 0.8211 0.5706
vn 0.1427 0.7645 0.6286
vn 0.0332 0.8620 0.5058
vn 0.0332 0.8619 0.5059
vn -0.1262 0.8177 0.5616
vn -0.1307 0.8022 0.5826
vn -0.1255 0.8326 0.5395
vn -0.0142 0.8215 0.5701
vn 0.0315 0.8620 0.5059
vn 0.0358 0.8623 0.5052
vn 0.1278 0.8188 0.5597
vn -0.0113 0.8200 0.5723
vn 0.1260 0.8170 0.5627
vn 0.1435 0.7626 0.6307
vn -0.1445 -0.7647 -0.6280
vn 0.0130 -0.8579 -0.5137
vn 0.0129 -0.8579 -0.5137
vn -0.1471 -0.7624 -0.6302
vn -0.1891 -0.7806 -0.5958
vn -0.1474 -0.7627 -0.6297
vn -0.1415 -0.8274 -0.5435
vn -0.1894 -0.7807 -0.5955
vn 0.1384 0.8293 0.5414
vn 0.1433 0.7650 0.6279
vn -0.1307 0.8023 0.5825
vn 0.0317 0.8624 0.5053
vn 0.0330 0.8617 0.5064
vn 0.1461 0.7626 0.6301
vn 0.1277 0.8171 0.5622
vn 0.1864 0.7831 0.5933
vn 0.1416 0.8273 0.5436
vn 0.1465 0.7630 0.6296
vn 0.0818 -0.6229 -0.7780
vn 0.0799 -0.6905 -0.7189
vn -0.0936 -0.6275 -0.7730
vn 0.1901 -0.5885 -0.7859
vn 0.1770 -0.5571 -0.8114
vn 0.1970 -0.5740 -0.7948
vn 0.0838 -0.6225 -0.7781
vn 0.1171 -0.6644 -0.7381
vn 0.0804 -0.6242 -0.7771
vn -0.0365 -0.6815 -0.7309
vn 0.1138 -0.6666 -0.7367
vn 0.0801 -0.6220 -0.7789
vn -0.0961 -0.6255 -0.7743
vn -0.0367 -0.6785 -0.7337
vn -0.0820 0.6228 0.7781
vn 0.0927 0.6271 0.7734
vn -0.0796 0.6899 0.7195
vn -0.0795 0.6899 0.7195
vn -0.1832 0.5735 0.7984
vn -0.1763 0.5576 0.8112
vn -0.0822 0.6227 0.7781
vn -0.1967 0.5748 0.7943
vn -0.0840 0.6224 0.7782
vn -0.0809 0.6893 0.7200
vn -0.0806 0.6243 0.7770
vn 0.0365 0.6814 0.7310
vn -0.0800 0.6219 0.7790
vn 0.0367 0.6786 0.7336
vn 0.0949 0.6254 0.7745
vn 0.4853 -0.8127 0.3224
vn 0.4331 -0.8100 0.3954
vn 0.3551 -0.9020 0.2456
vn 0.5740 -0.7440 0.3421
vn 0.5868 -0.7512 0.3022
vn 0.5872 -0.7388 0.3307
vn 0.4869 -0.8115 0.3230
vn 0.4771 -0.7899 0.3853
vn 0.5873 -0.7388 0.3307
vn 0.4835 -0.8134 0.3233
vn 0.4734 -0.7917 0.3861
vn 0.4849 -0.8137 0.3205
vn 0.3546 -0.9030 0.2424
vn 0.3611 -0.8735 0.3264
vn -0.3561 0.9016 -0.2456
vn -0.4334 0.8102 -0.3946
vn -0.5799 0.7480 -0.3227
vn -0.5861 0.7516 -0.3025
vn -0.4856 0.8126 -0.3224
vn -0.5866 0.7390 -0.3313
vn -0.4870 0.8115 -0.3230
vn -0.4348 0.8095 -0.3946
vn -0.4836 0.8134 -0.3233
vn -0.4309 0.8112 -0.3953
vn -0.3590 0.8731 -0.3299
vn -0.4849 0.8138 -0.3205
vn -0.3611 0.8735 -0.3265
vn -0.3555 0.9026 -0.2427
vn 0.8975 -0.4361 0.0661
vn 0.9137 -0.3827 0.1364
vn 0.8193 -0.5443 0.1802
vn 0.9255 -0.3778 -0.0276
vn 0.9106 -0.4102 -0.0508
vn 0.9229 -0.3823 -0.0452
vn 0.8981 -0.4350 0.0646
vn 0.9219 -0.3773 0.0880
vn 0.8974 -0.4360 0.0681
vn 0.8614 -0.4679 0.1978
vn 0.9213 -0.3778 0.0920
vn 0.8965 -0.4381 0.0663
vn 0.8174 -0.5473 0.1798
vn 0.8606 -0.4705 0.1949
vn -0.8975 0.4361 -0.0659
vn -0.8197 0.5441 -0.1792
vn -0.9135 0.3834 -0.1359
vn -0.9135 0.3835 -0.1359
vn -0.9183 0.3939 0.0384
vn -0.9106 0.4103 0.0499
vn -0.8976 0.4360 -0.0656
vn -0.9231 0.3819 0.0443
vn -0.8981 0.4350 -0.0643
vn -0.9139 0.3830 -0.1346
vn -0.8974 0.4359 -0.0684
vn -0.9131 0.3834 -0.1387
vn -0.8613 0.4679 -0.1979
vn -0.8966 0.4379 -0.0659
vn -0.8606 0.4705 -0.1949
vn -0.8179 0.5468 -0.1789
vn -0.0939 -0.6282 -0.7724
vn 0.1972 -0.5757 -0.7935
vn 0.1173 -0.6653 -0.7373
vn 0.1990 -0.5735 -0.7947
vn 0.2411 -0.5410 -0.8057
vn 0.1155 -0.6655 -0.7374
vn -0.0381 -0.6795 -0.7327
vn -0.0977 -0.6269 -0.7730
vn -0.0978 -0.6273 -0.7726
vn -0.0397 -0.6978 -0.7152
vn -0.1160 -0.6671 -0.7359
vn 0.0929 0.6278 0.7728
vn -0.1763 0.5575 0.8113
vn -0.1833 0.5735 0.7984
vn -0.2178 0.6046 0.7662
vn -0.0813 0.6897 0.7195
vn -0.1969 0.5765 0.7930
vn -0.1987 0.5743 0.7942
vn -0.0797 0.6891 0.7203
vn 0.0969 0.6266 0.7733
vn 0.0382 0.6795 0.7327
vn 0.0400 0.6977 0.7153
vn 0.0969 0.6271 0.7729
vn 0.1160 0.6672 0.7358
vn 0.3543 -0.9022 0.2461
vn 0.6294 -0.7087 0.3187
vn 0.5863 -0.7387 0.3325
vn 0.4752 -0.7908 0.3857
vn 0.5887 -0.7374 0.3312
vn 0.5795 -0.7239 0.3743
vn 0.6317 -0.7058 0.3206
vn 0.4034 -0.8298 0.3857
vn 0.5766 -0.7266 0.3735
vn 0.3594 -0.8741 0.3268
vn 0.3522 -0.9038 0.2430
vn 0.3080 -0.9096 0.2788
vn 0.3519 -0.9038 0.2436
vn 0.3435 -0.8729 0.3466
vn 0.3077 -0.9096 0.2791
vn -0.3457 0.8709 -0.3494
vn -0.3554 0.9017 -0.2462
vn -0.5862 0.7516 -0.3025
vn -0.5799 0.7480 -0.3228
vn -0.5909 0.7542 -0.2865
vn -0.6298 0.7082 -0.3191
vn -0.5779 0.7252 -0.3743
vn -0.4345 0.8093 -0.3952
vn -0.5857 0.7389 -0.3331
vn -0.5795 0.7240 -0.3742
vn -0.5881 0.7376 -0.3318
vn -0.6316 0.7059 -0.3207
vn -0.5766 0.7266 -0.3736
vn -0.4035 0.8297 -0.3857
vn -0.4334 0.8104 -0.3942
vn -0.3078 0.9097 -0.2789
vn -0.3531 0.9034 -0.2432
vn -0.3594 0.8741 -0.3268
vn -0.3615 0.8720 -0.3300
vn -0.3435 0.8729 -0.3464
vn -0.3527 0.9034 -0.2438
vn -0.3076 0.9096 -0.2793
vn 0.8654 -0.4524 0.2156
vn 0.8653 -0.4526 0.2153
vn 0.8193 -0.5440 0.1811
vn 0.9203 -0.3807 -0.0896
vn 0.9043 -0.4229 -0.0590
vn 0.9235 -0.3810 -0.0437
vn 0.9216 -0.3775 0.0900
vn 0.9234 -0.3810 -0.0468
vn 0.9248 -0.3672 -0.0992
vn 0.9385 -0.3444 -0.0247
vn 0.8602 -0.4704 0.1967
vn 0.8170 -0.5471 0.1823
vn 0.8170 -0.5469 0.1827
vn 0.8180 -0.5248 0.2354
vn -0.8654 0.4524 -0.2154
vn -0.8654 0.4525 -0.2153
vn -0.8197 0.5438 -0.1800
vn -0.9106 0.4103 0.0501
vn -0.9184 0.3938 0.0384
vn -0.9204 0.3807 0.0898
vn -0.9391 0.3427 0.0260
vn -0.9142 0.3823 -0.1348
vn -0.9238 0.3806 0.0428
vn -0.9393 0.3421 0.0279
vn -0.9236 0.3806 0.0458
vn -0.9247 0.3677 0.0988
vn -0.9134 0.3837 -0.1357
vn -0.8172 0.5470 -0.1814
vn -0.8632 0.4558 -0.2169
vn -0.8174 0.5465 -0.1820
vt 0.923512 0.139442
vt 0.924012 0.139642
vt 0.924212 0.139142
vt 0.925512 0.140343
vt 0.929912 0.140842
vt 0.941812 0.141043
vt 0.934912 0.138942
vt 0.930112 0.138642
vt 0.926612 0.138642
vt 0.925012 0.138842
vt 0.924212 0.138842
vt 0.923912 0.138942
vt 0.923712 0.139042
vt 0.923312 0.139042
vt 0.923312 0.139142
vt 0.923312 0.139243
vt 0.923412 0.139342
vt 0.921212 0.139442
vt 0.922112 0.139342
vt 0.922112 0.138942
vt 0.905512 0.139442
vt 0.918012 0.139742
vt 0.908812 0.135142
vt 0.904212 0.137042
vt 0.921512 0.137942
vt 0.917612 0.137042
vt 0.922812 0.138742
vt 0.922412 0.138543
vt 0.922912 0.138942
vt 0.922912 0.138842
vt 0.923012 0.139042
vt 0.922512 0.139243
vt 0.922712 0.139142
vt 0.939412 0.132242
vt 0.922712 0.139542
vt 0.922212 0.139842
vt 0.921712 0.140442
vt 0.921012 0.141542
vt 0.921712 0.146242
vt 0.925212 0.137642
vt 0.929212 0.135742
vt 0.923712 0.138642
vt 0.924112 0.138342
vt 0.923512 0.138842
vt 0.923312 0.138942
vt 0.923212 0.139042
vt 0.923412 0.139042
vt 0.922912 0.139243
vt 0.923012 0.139142
vt 0.949112 0.160642
vt 0.923112 0.139142
s 1
usemtl default
f 5028/1643/4884 5029/1644/4885 5030/1645/4886
f 5029/1646/4887 5031/1647/4888 5030/1645/4886
f 5031/1648/4888 5032/1649/4889 5030/1645/4886
f 5032/1650/4890 5033/1651/4891 5030/1645/4886
f 5033/1652/4891 5034/1653/4892 5030/1645/4893
f 5034/1654/4892 5035/1655/4894 5030/1645/4895
f 5035/1656/4896 5036/1657/4897 5030/1645/4898
f 5036/1658/4899 5028/1659/4900 5030/1645/4901
f 5037/1660/4902 5038/1661/4903 5039/1662/4904
f 5031/1663/4905 5037/1664/4902 5039/1662/4906
f 5040/1665/4907 5031/1666/4905 5039/1662/4906
f 5041/1667/4908 5040/1668/4907 5039/1662/4904
f 5042/1669/4909 5041/1670/4908 5039/1662/4904
f 5043/1671/4910 5042/1672/4911 5039/1662/4912
f 5036/1673/4913 5043/1673/4914 5039/1662/4915
f 5038/1674/4916 5036/1675/4917 5039/1662/4918
f 5044/1676/4919 5032/1649/4890 5031/1648/4888
f 5045/1643/4920 5046/1644/4921 5047/1645/4922
f 5046/1646/4923 5048/1647/4924 5047/1645/4922
f 5048/1648/4925 5049/1649/4926 5047/1645/4922
f 5049/1650/4927 5050/1651/4928 5047/1645/4922
f 5050/1652/4929 5051/1653/4930 5047/1645/4922
f 5051/1654/4930 5052/1655/4931 5047/1645/4932
f 5052/1656/4933 5053/1657/4934 5047/1645/4935
f 5053/1658/4936 5045/1659/4937 5047/1645/4938
f 5054/1660/4939 5055/1661/4940 5056/1662/4941
f 5048/1663/4942 5054/1664/4939 5056/1662/4941
f 5057/1665/4943 5048/1666/4942 5056/1662/4941
f 5058/1667/4944 5057/1668/4943 5056/1662/4941
f 5059/1669/4945 5058/1670/4944 5056/1662/4941
f 5060/1671/4946 5059/1672/4945 5056/1662/4947
f 5053/1673/4948 5060/1673/4949 5056/1662/4950
f 5055/1674/4951 5053/1675/4952 5056/1662/4953
f 5061/1676/4954 5049/1649/4927 5048/1648/4924
f 5062/1643/4955 5063/1644/4956 5064/1645/4957
f 5063/1646/4958 5065/1647/4959 5064/1645/4957
f 5065/1648/4959 5066/1649/4960 5064/1645/4957
f 5066/1650/4961 5067/1651/4962 5064/1645/4957
f 5067/1652/4963 5068/1653/4964 5064/1645/4965
f 5068/1654/4966 5069/1655/4967 5064/1645/4968
f 5069/1656/4969 5070/1657/4970 5064/1645/4971
f 5070/1658/4972 5062/1659/4973 5064/1645/4974
f 5071/1660/4975 5072/1661/4976 5073/1662/4977
f 5065/1663/4978 5071/1664/4975 5073/1662/4977
f 5074/1665/4979 5065/1666/4978 5073/1662/4977
f 5075/1667/4980 5074/1668/4979 5073/1662/4977
f 5076/1669/4981 5075/1670/4980 5073/1662/4977
f 5077/1671/4982 5076/1672/4981 5073/1662/4983
f 5070/1673/4984 5077/1673/4985 5073/1662/4986
f 5072/1674/4987 5070/1675/4988 5073/1662/4989
f 5078/1676/4990 5066/1649/4961 5065/1648/4959
f 5079/1677/4991 5080/1678/4992 5029/1644/4885
f 5028/1643/4993 5079/1677/4994 5029/1644/4885
f 5080/1679/4992 5081/1680/4995 5029/1646/4885
f 5081/1680/4995 5082/1681/4996 5031/1647/4888
f 5029/1646/4885 5081/1680/4995 5031/1647/4888
f 5083/1682/4997 5033/1651/4998 5032/1650/4890
f 5044/1683/4999 5083/1682/4997 5032/1650/4890
f 5084/1684/5000 5034/1653/4892 5033/1652/4891
f 5083/1685/5001 5084/1684/5000 5033/1652/4891
f 5084/1684/5000 5085/1686/5002 5034/1653/4892
f 5086/1687/5003 5035/1655/5004 5034/1654/5005
f 5085/1686/5006 5086/1687/5007 5034/1654/5008
f 5086/1656/5009 5087/1688/5010 5035/1689/5011
f 5088/1690/5012 5028/1659/5013 5036/1658/5014
f 5089/1691/5015 5088/1690/5016 5036/1658/5017
f 5088/1690/5018 5079/1677/5019 5028/1659/5020
f 5037/1660/4902 5080/1678/5021 5079/1677/5022
f 5038/1661/5023 5037/1660/4902 5079/1677/5024
f 5037/1664/4902 5081/1680/5025 5080/1679/5021
f 5031/1663/4905 5082/1681/5026 5081/1680/5025
f 5037/1664/4902 5031/1663/4905 5081/1680/5025
f 5040/1668/4907 5041/1667/4908 5083/1682/5027
f 5044/1683/5028 5040/1668/4907 5083/1682/5027
f 5041/1670/4908 5042/1669/4911 5084/1684/5029
f 5083/1685/5030 5041/1670/4908 5084/1684/5029
f 5084/1684/5029 5042/1669/4911 5085/1686/5031
f 5042/1672/5032 5043/1671/5033 5086/1687/5034
f 5085/1686/5035 5042/1672/5036 5086/1687/5037
f 5043/1673/5038 5087/1688/5039 5086/1656/5040
f 5036/1675/5041 5038/1674/5042 5088/1690/5043
f 5089/1691/5044 5036/1675/5045 5088/1690/5046
f 5088/1690/5047 5038/1674/5048 5079/1677/5049
f 5036/1657/5050 5090/1692/5051 5089/1693/5052
f 5089/1693/5053 5090/1692/5054 5036/1673/5055
f 5036/1657/4897 5043/1673/5056 5087/1688/5057
f 5090/1692/5058 5036/1657/5059 5087/1688/5060
f 5087/1688/5061 5043/1673/5062 5036/1673/5063
f 5090/1692/5064 5087/1688/5065 5036/1673/5066
f 5091/1677/5067 5092/1678/5068 5046/1644/4921
f 5045/1643/5069 5091/1677/5070 5046/1644/4921
f 5092/1679/5068 5093/1680/5071 5046/1646/4921
f 5093/1680/5071 5094/1681/5072 5048/1647/4924
f 5046/1646/4921 5093/1680/5071 5048/1647/4924
f 5095/1682/5073 5050/1651/5074 5049/1650/4927
f 5061/1683/4954 5095/1682/5073 5049/1650/4926
f 5096/1684/5075 5051/1653/4930 5050/1652/4928
f 5095/1685/5073 5096/1684/5075 5050/1652/4928
f 5096/1684/5075 5097/1686/5076 5051/1653/5077
f 5098/1687/5078 5052/1655/5079 5051/1654/5080
f 5097/1686/5081 5098/1687/5082 5051/1654/5083
f 5098/1656/5084 5099/1688/5085 5052/1689/5086
f 5100/1690/5087 5045/1659/5088 5053/1658/5089
f 5101/1691/5090 5100/1690/5091 5053/1658/5092
f 5100/1690/5093 5091/1677/5094 5045/1659/5095
f 5054/1660/4939 5092/1678/5096 5091/1677/5097
f 5055/1661/5098 5054/1660/4939 5091/1677/5099
f 5054/1664/4939 5093/1680/5100 5092/1679/5096
f 5048/1663/4942 5094/1681/5101 5093/1680/5100
f 5054/1664/4939 5048/1663/4942 5093/1680/5100
f 5057/1668/4943 5058/1667/4944 5095/1682/5102
f 5061/1683/5103 5057/1668/4943 5095/1682/5104
f 5058/1670/4944 5059/1669/4945 5096/1684/5105
f 5095/1685/5106 5058/1670/4944 5096/1684/5105
f 5096/1684/5105 5059/1669/4945 5097/1686/5107
f 5059/1672/5108 5060/1671/5109 5098/1687/5110
f 5097/1686/5111 5059/1672/5112 5098/1687/5113
f 5060/1673/5114 5099/1688/5115 5098/1656/5116
f 5053/1675/5117 5055/1674/5118 5100/1690/5119
f 5101/1691/5120 5053/1675/5121 5100/1690/5122
f 5100/1690/5123 5055/1674/5124 5091/1677/5125
f 5053/1657/5126 5102/1692/5127 5101/1693/5128
f 5101/1693/5129 5102/1692/5130 5053/1673/5131
f 5053/1657/5132 5060/1673/5133 5099/1688/5134
f 5102/1692/5135 5053/1657/5136 5099/1688/5137
f 5099/1688/5138 5060/1673/4949 5053/1673/5139
f 5102/1692/5140 5099/1688/5141 5053/1673/5142
f 5103/1677/5143 5104/1678/5144 5063/1644/4956
f 5062/1643/5145 5103/1677/5146 5063/1644/4956
f 5104/1679/5144 5105/1680/5147 5063/1646/4956
f 5105/1680/5147 5106/1681/5148 5065/1647/4959
f 5063/1646/4956 5105/1680/5147 5065/1647/4959
f 5107/1682/5149 5067/1651/5150 5066/1650/4961
f 5078/1683/4990 5107/1682/5149 5066/1650/4960
f 5108/1684/5151 5068/1653/4966 5067/1652/4963
f 5107/1685/5149 5108/1684/5151 5067/1652/4963
f 5109/1687/5152 5069/1655/5153 5068/1654/4966
f 5108/1686/5154 5109/1687/5152 5068/1654/4966
f 5109/1656/5155 5110/1688/5156 5069/1689/5157
f 5111/1690/5158 5062/1659/5159 5070/1658/5160
f 5112/1691/5161 5111/1690/5162 5070/1658/5163
f 5111/1690/5164 5103/1677/5165 5062/1659/5166
f 5071/1660/4975 5104/1678/5167 5103/1677/5168
f 5072/1661/5169 5071/1660/4975 5103/1677/5170
f 5071/1664/4975 5105/1680/5171 5104/1679/5167
f 5065/1663/4978 5106/1681/5172 5105/1680/5171
f 5071/1664/4975 5065/1663/4978 5105/1680/5171
f 5074/1668/4979 5075/1667/4980 5107/1682/5173
f 5078/1683/5174 5074/1668/4979 5107/1682/5173
f 5075/1670/4980 5076/1669/4981 5108/1684/5175
f 5107/1685/5173 5075/1670/4980 5108/1684/5175
f 5076/1672/4981 5077/1671/5176 5109/1687/5177
f 5108/1686/5178 5076/1672/4981 5109/1687/5177
f 5077/1673/5179 5110/1688/5180 5109/1656/5177
f 5070/1675/5181 5072/1674/5182 5111/1690/5183
f 5112/1691/5184 5070/1675/5185 5111/1690/5186
f 5111/1690/5187 5072/1674/5188 5103/1677/5189
f 5070/1657/5190 5113/1692/5191 5112/1693/5192
f 5112/1693/5193 5113/1692/5194 5070/1673/5195
f 5070/1657/4970 5077/1673/5196 5110/1688/5197
f 5113/1692/5198 5070/1657/5199 5110/1688/5200
f 5110/1688/5201 5077/1673/5202 5070/1673/5203
f 5113/1692/5204 5110/1688/5205 5070/1673/5206
f 5114/1643/5207 5115/1644/5208 5116/1645/5209
f 5115/1646/5208 5117/1647/5210 5116/1645/5209
f 5117/1648/5211 5118/1649/5212 5116/1645/5213
f 5118/1650/5212 5119/1651/5214 5116/1645/5213
f 5119/1652/5215 5120/1653/5216 5116/1645/5217
f 5120/1654/5216 5121/1655/5218 5116/1645/5219
f 5121/1656/5220 5122/1657/5221 5116/1645/5222
f 5122/1658/5223 5114/1659/5224 5116/1645/5225
f 5123/1660/5226 5124/1661/5227 5125/1662/5228
f 5117/1663/5229 5123/1664/5226 5125/1662/5228
f 5126/1665/5230 5117/1666/5229 5125/1662/5228
f 5127/1667/5231 5126/1668/5230 5125/1662/5228
f 5128/1669/5232 5127/1670/5231 5125/1662/5228
f 5129/1671/5233 5128/1672/5232 5125/1662/5234
f 5122/1673/5235 5129/1673/5236 5125/1662/5237
f 5124/1674/5238 5122/1675/5239 5125/1662/5240
f 5130/1676/5241 5118/1649/5212 5117/1648/5210
f 5131/1677/5242 5132/1678/5243 5115/1644/5208
f 5114/1643/5244 5131/1677/5245 5115/1644/5208
f 5132/1679/5243 5133/1680/5246 5115/1646/5208
f 5133/1680/5246 5134/1681/5247 5117/1647/5210
f 5115/1646/5208 5133/1680/5246 5117/1647/5210
f 5135/1682/5248 5119/1651/5249 5118/1650/5212
f 5130/1683/5241 5135/1682/5248 5118/1650/5250
f 5136/1684/5251 5120/1653/5216 5119/1652/5252
f 5135/1685/5248 5136/1684/5251 5119/1652/5215
f 5137/1687/5253 5121/1655/5254 5120/1654/5216
f 5136/1686/5251 5137/1687/5253 5120/1654/5216
f 5137/1656/5255 5138/1688/5256 5121/1689/5257
f 5139/1690/5258 5114/1659/5259 5122/1658/5260
f 5140/1691/5261 5139/1690/5262 5122/1658/5263
f 5139/1690/5264 5131/1677/5265 5114/1659/5266
f 5123/1660/5226 5132/1678/5267 5131/1677/5268
f 5124/1661/5269 5123/1660/5226 5131/1677/5270
f 5123/1664/5226 5133/1680/5271 5132/1679/5267
f 5117/1663/5229 5134/1681/5272 5133/1680/5271
f 5123/1664/5226 5117/1663/5229 5133/1680/5271
f 5126/1668/5230 5127/1667/5231 5135/1682/5273
f 5130/1683/5274 5126/1668/5230 5135/1682/5273
f 5127/1670/5231 5128/1669/5232 5136/1684/5275
f 5135/1685/5273 5127/1670/5231 5136/1684/5275
f 5128/1672/5232 5129/1671/5276 5137/1687/5277
f 5136/1686/5275 5128/1672/5232 5137/1687/5277
f 5129/1673/5278 5138/1688/5279 5137/1656/5277
f 5122/1675/5280 5124/1674/5281 5139/1690/5282
f 5140/1691/5283 5122/1675/5284 5139/1690/5285
f 5139/1690/5286 5124/1674/5287 5131/1677/5288
f 5122/1657/5289 5141/1692/5290 5140/1693/5291
f 5140/1693/5292 5141/1692/5293 5122/1673/5294
f 5122/1657/5221 5129/1673/5295 5138/1688/5296
f 5141/1692/5297 5122/1657/5298 5138/1688/5299
f 5138/1688/5300 5129/1673/5301 5122/1673/5302
f 5141/1692/5303 5138/1688/5304 5122/1673/5305
f 5142/1643/5306 5143/1644/5307 5144/1645/5308
f 5143/1646/5307 5145/1647/5309 5144/1645/5308
f 5145/1648/5309 5146/1649/5310 5144/1645/5308
f 5146/1650/5311 5147/1651/5312 5144/1645/5308
f 5147/1652/5312 5148/1653/5313 5144/1645/5314
f 5148/1654/5313 5149/1655/5315 5144/1645/5316
f 5149/1656/5317 5150/1657/5318 5144/1645/5319
f 5150/1658/5320 5142/1659/5321 5144/1645/5322
f 5151/1660/5323 5152/1661/5324 5153/1662/5325
f 5145/1663/5326 5151/1664/5323 5153/1662/5325
f 5154/1665/5327 5145/1666/5326 5153/1662/5325
f 5155/1667/5328 5154/1668/5327 5153/1662/5325
f 5156/1669/5329 5155/1670/5328 5153/1662/5325
f 5157/1671/5330 5156/1672/5329 5153/1662/5331
f 5150/1673/5332 5157/1673/5333 5153/1662/5334
f 5152/1674/5335 5150/1675/5336 5153/1662/5337
f 5158/1676/5338 5146/1649/5311 5145/1648/5309
f 5159/1643/5339 5160/1644/5340 5161/1645/5341
f 5160/1646/5342 5162/1647/5343 5161/1645/5341
f 5162/1648/5344 5163/1649/5345 5161/1645/5341
f 5163/1650/5346 5164/1651/5347 5161/1645/5348
f 5164/1652/5347 5165/1653/5349 5161/1645/5350
f 5165/1654/5349 5166/1655/5351 5161/1645/5352
f 5166/1656/5353 5167/1657/5354 5161/1645/5355
f 5167/1658/5356 5159/1659/5357 5161/1645/5358
f 5168/1660/5359 5169/1661/5360 5170/1662/5361
f 5162/1663/5362 5168/1664/5359 5170/1662/5361
f 5171/1665/5363 5162/1666/5362 5170/1662/5361
f 5172/1667/5364 5171/1668/5363 5170/1662/5361
f 5173/1669/5365 5172/1670/5364 5170/1662/5361
f 5174/1671/5366 5173/1672/5365 5170/1662/5367
f 5167/1673/5368 5174/1673/5369 5170/1662/5370
f 5169/1674/5371 5167/1675/5372 5170/1662/5373
f 5175/1676/5374 5163/1649/5346 5162/1648/5343
f 5176/1643/5375 5177/1644/5376 5178/1645/5377
f 5177/1646/5378 5179/1647/5379 5178/1645/5377
f 5179/1648/5380 5180/1649/5381 5178/1645/5377
f 5180/1650/5381 5181/1651/5382 5178/1645/5377
f 5181/1652/5382 5182/1653/5383 5178/1645/5384
f 5182/1654/5383 5183/1655/5385 5178/1645/5386
f 5183/1656/5387 5184/1657/5388 5178/1645/5389
f 5184/1658/5390 5176/1659/5391 5178/1645/5392
f 5185/1660/5393 5186/1661/5394 5187/1662/5395
f 5179/1663/5396 5185/1664/5393 5187/1662/5395
f 5188/1665/5397 5179/1666/5396 5187/1662/5395
f 5189/1667/5398 5188/1668/5397 5187/1662/5395
f 5190/1669/5399 5189/1670/5398 5187/1662/5395
f 5191/1671/5400 5190/1672/5399 5187/1662/5401
f 5184/1673/5402 5191/1673/5403 5187/1662/5404
f 5186/1674/5405 5184/1675/5406 5187/1662/5407
f 5192/1676/5408 5180/1649/5381 5179/1648/5379
f 5193/1677/5409 5194/1678/5410 5143/1644/5307
f 5142/1643/5411 5193/1677/5412 5143/1644/5307
f 5194/1679/5410 5195/1680/5413 5143/1646/5307
f 5195/1680/5413 5196/1681/5414 5145/1647/5309
f 5143/1646/5307 5195/1680/5413 5145/1647/5309
f 5197/1682/5415 5147/1651/5416 5146/1650/5311
f 5158/1683/5338 5197/1682/5415 5146/1650/5417
f 5198/1684/5418 5148/1653/5313 5147/1652/5312
f 5197/1685/5415 5198/1684/5418 5147/1652/5312
f 5198/1684/5418 5199/1686/5419 5148/1653/5313
f 5200/1687/5420 5149/1655/5421 5148/1654/5422
f 5199/1686/5423 5200/1687/5424 5148/1654/5425
f 5200/1656/5426 5201/1688/5427 5149/1689/5428
f 5202/1690/5429 5142/1659/5430 5150/1658/5431
f 5203/1691/5432 5202/1690/5433 5150/1658/5434
f 5202/1690/5435 5193/1677/5436 5142/1659/5437
f 5151/1660/5323 5194/1678/5438 5193/1677/5439
f 5152/1661/5440 5151/1660/5323 5193/1677/5441
f 5151/1664/5323 5195/1680/5442 5194/1679/5438
f 5145/1663/5326 5196/1681/5443 5195/1680/5442
f 5151/1664/5323 5145/1663/5326 5195/1680/5442
f 5154/1668/5327 5155/1667/5328 5197/1682/5444
f 5158/1683/5445 5154/1668/5327 5197/1682/5444
f 5155/1670/5328 5156/1669/5329 5198/1684/5446
f 5197/1685/5444 5155/1670/5328 5198/1684/5446
f 5198/1684/5446 5156/1669/5329 5199/1686/5447
f 5156/1672/5448 5157/1671/5449 5200/1687/5450
f 5199/1686/5451 5156/1672/5452 5200/1687/5453
f 5157/1673/5454 5201/1688/5455 5200/1656/5456
f 5150/1675/5457 5152/1674/5458 5202/1690/5459
f 5203/1691/5460 5150/1675/5461 5202/1690/5462
f 5202/1690/5463 5152/1674/5464 5193/1677/5465
f 5150/1657/5466 5204/1692/5467 5203/1693/5468
f 5203/1693/5469 5204/1692/5470 5150/1673/5471
f 5150/1657/5472 5157/1673/5473 5201/1688/5474
f 5204/1692/5475 5150/1657/5476 5201/1688/5477
f 5201/1688/5478 5157/1673/5479 5150/1673/5480
f 5204/1692/5481 5201/1688/5482 5150/1673/5483
f 5205/1677/5484 5206/1678/5485 5160/1644/5340
f 5159/1643/5486 5205/1677/5487 5160/1644/5340
f 5206/1679/5485 5207/1680/5488 5160/1646/5340
f 5207/1680/5488 5208/1681/5489 5162/1647/5343
f 5160/1646/5340 5207/1680/5488 5162/1647/5343
f 5209/1682/5490 5164/1651/5491 5163/1650/5346
f 5175/1683/5374 5209/1682/5492 5163/1650/5345
f 5210/1684/5493 5165/1653/5349 5164/1652/5347
f 5209/1685/5490 5210/1684/5493 5164/1652/5347
f 5210/1684/5493 5211/1686/5494 5165/1653/5349
f 5212/1687/5495 5166/1655/5496 5165/1654/5497
f 5211/1686/5498 5212/1687/5499 5165/1654/5500
f 5212/1656/5501 5213/1688/5502 5166/1689/5503
f 5214/1690/5504 5159/1659/5505 5167/1658/5506
f 5215/1691/5507 5214/1690/5508 5167/1658/5509
f 5214/1690/5510 5205/1677/5511 5159/1659/5512
f 5168/1660/5359 5206/1678/5513 5205/1677/5514
f 5169/1661/5515 5168/1660/5359 5205/1677/5516
f 5168/1664/5359 5207/1680/5517 5206/1679/5513
f 5162/1663/5362 5208/1681/5518 5207/1680/5517
f 5168/1664/5359 5162/1663/5362 5207/1680/5517
f 5171/1668/5363 5172/1667/5364 5209/1682/5519
f 5175/1683/5520 5171/1668/5363 5209/1682/5519
f 5172/1670/5364 5173/1669/5365 5210/1684/5521
f 5209/1685/5522 5172/1670/5364 5210/1684/5523
f 5210/1684/5523 5173/1669/5365 5211/1686/5524
f 5173/1672/5525 5174/1671/5526 5212/1687/5527
f 5211/1686/5528 5173/1672/5529 5212/1687/5530
f 5174/1673/5531 5213/1688/5532 5212/1656/5533
f 5167/1675/5534 5169/1674/5535 5214/1690/5536
f 5215/1691/5537 5167/1675/5538 5214/1690/5539
f 5214/1690/5540 5169/1674/5541 5205/1677/5542
f 5167/1657/5543 5216/1692/5544 5215/1693/5545
f 5215/1693/5546 5216/1692/5547 5167/1673/5548
f 5167/1657/5354 5174/1673/5549 5213/1688/5550
f 5216/1692/5551 5167/1657/5552 5213/1688/5553
f 5213/1688/5554 5174/1673/5555 5167/1673/5556
f 5216/1692/5557 5213/1688/5558 5167/1673/5559
f 5217/1677/5560 5218/1678/5561 5177/1644/5376
f 5176/1643/5562 5217/1677/5563 5177/1644/5376
f 5218/1679/5561 5219/1680/5564 5177/1646/5376
f 5219/1680/5565 5220/1681/5566 5179/1647/5379
f 5177/1646/5376 5219/1680/5564 5179/1647/5379
f 5221/1682/5567 5181/1651/5568 5180/1650/5381
f 5192/1683/5408 5221/1682/5567 5180/1650/5381
f 5222/1684/5569 5182/1653/5383 5181/1652/5382
f 5221/1685/5570 5222/1684/5571 5181/1652/5382
f 5222/1684/5569 5223/1686/5572 5182/1653/5383
f 5224/1687/5573 5183/1655/5574 5182/1654/5575
f 5223/1686/5576 5224/1687/5577 5182/1654/5578
f 5224/1656/5579 5225/1688/5580 5183/1689/5581
f 5226/1690/5582 5176/1659/5583 5184/1658/5584
f 5227/1691/5585 5226/1690/5586 5184/1658/5587
f 5226/1690/5588 5217/1677/5589 5176/1659/5590
f 5185/1660/5393 5218/1678/5591 5217/1677/5592
f 5186/1661/5593 5185/1660/5393 5217/1677/5594
f 5185/1664/5393 5219/1680/5595 5218/1679/5591
f 5179/1663/5396 5220/1681/5596 5219/1680/5597
f 5185/1664/5393 5179/1663/5396 5219/1680/5595
f 5188/1668/5397 5189/1667/5398 5221/1682/5598
f 5192/1683/5599 5188/1668/5397 5221/1682/5598
f 5189/1670/5398 5190/1669/5399 5222/1684/5600
f 5221/1685/5598 5189/1670/5398 5222/1684/5600
f 5222/1684/5600 5190/1669/5399 5223/1686/5601
f 5190/1672/5602 5191/1671/5603 5224/1687/5604
f 5223/1686/5605 5190/1672/5606 5224/1687/5607
f 5191/1673/5608 5225/1688/5609 5224/1656/5610
f 5184/1675/5611 5186/1674/5612 5226/1690/5613
f 5227/1691/5614 5184/1675/5615 5226/1690/5616
f 5226/1690/5617 5186/1674/5618 5217/1677/5619
f 5184/1657/5620 5228/1692/5621 5227/1693/5622
f 5227/1693/5623 5228/1692/5624 5184/1673/5625
f 5184/1657/5626 5191/1673/5627 5225/1688/5628
f 5228/1692/5629 5184/1657/5630 5225/1688/5631
f 5225/1688/5632 5191/1673/5633 5184/1673/5634
f 5228/1692/5635 5225/1688/5636 5184/1673/5637
f 5030/1645/5638 5029/1644/5639 5028/1643/5640
f 5030/1645/5638 5031/1647/4905 5029/1646/5641
f 5030/1645/5638 5032/1649/5642 5031/1648/4905
f 5030/1645/5638 5033/1651/5643 5032/1650/5642
f 5030/1645/5638 5034/1653/5644 5033/1652/5643
f 5030/1645/5645 5035/1655/5646 5034/1654/5644
f 5030/1645/5647 5036/1657/4913 5035/1656/5648
f 5030/1645/5649 5028/1659/5650 5036/1658/5651
f 5039/1662/5652 5038/1661/5653 5037/1660/5654
f 5039/1662/5652 5037/1664/5655 5031/1663/4888
f 5039/1662/5656 5031/1666/5657 5040/1665/5658
f 5039/1662/5652 5040/1668/5658 5041/1667/5659
f 5039/1662/5660 5041/1670/5659 5042/1669/5661
f 5039/1662/5662 5042/1672/5661 5043/1671/5663
f 5039/1662/5664 5043/1673/5665 5036/1673/4897
f 5039/1662/5666 5036/1675/4899 5038/1674/5667
f 5031/1648/4905 5032/1649/5642 5044/1676/5028
f 5047/1645/5668 5046/1644/5669 5045/1643/5670
f 5047/1645/5668 5048/1647/4942 5046/1646/5669
f 5047/1645/5668 5049/1649/5671 5048/1648/4942
f 5047/1645/5668 5050/1651/5672 5049/1650/5671
f 5047/1645/5668 5051/1653/5673 5050/1652/5672
f 5047/1645/5674 5052/1655/5675 5051/1654/5673
f 5047/1645/5676 5053/1657/5677 5052/1656/5678
f 5047/1645/5679 5045/1659/5680 5053/1658/5681
f 5056/1662/5682 5055/1661/5683 5054/1660/5684
f 5056/1662/5682 5054/1664/5685 5048/1663/4924
f 5056/1662/5682 5048/1666/4925 5057/1665/5686
f 5056/1662/5682 5057/1668/5686 5058/1667/5687
f 5056/1662/5682 5058/1670/5687 5059/1669/5688
f 5056/1662/5689 5059/1672/5688 5060/1671/5690
f 5056/1662/5691 5060/1673/5133 5053/1673/4934
f 5056/1662/5692 5053/1675/4936 5055/1674/5693
f 5048/1648/4942 5049/1649/5671 5061/1676/5103
f 5064/1645/5694 5063/1644/5695 5062/1643/5696
f 5064/1645/5694 5065/1647/4978 5063/1646/5695
f 5064/1645/5694 5066/1649/5697 5065/1648/4978
f 5064/1645/5694 5067/1651/5698 5066/1650/5697
f 5064/1645/5699 5068/1653/5700 5067/1652/5698
f 5064/1645/5701 5069/1655/5702 5068/1654/5703
f 5064/1645/5704 5070/1657/4984 5069/1656/5705
f 5064/1645/5706 5062/1659/5707 5070/1658/5708
f 5073/1662/5709 5072/1661/5710 5071/1660/5711
f 5073/1662/5709 5071/1664/5712 5065/1663/4959
f 5073/1662/5709 5065/1666/4959 5074/1665/5713
f 5073/1662/5709 5074/1668/5713 5075/1667/5714
f 5073/1662/5715 5075/1670/5714 5076/1669/5716
f 5073/1662/5717 5076/1672/5716 5077/1671/5718
f 5073/1662/5719 5077/1673/5720 5070/1673/4970
f 5073/1662/5721 5070/1675/5722 5072/1674/5723
f 5065/1648/4978 5066/1649/5697 5078/1676/5174
f 5029/1644/5641 5080/1678/5021 5079/1677/5724
f 5029/1644/5641 5079/1677/5725 5028/1643/5726
f 5029/1646/5641 5081/1680/5025 5080/1679/5021
f 5031/1647/4905 5082/1681/5026 5081/1680/5025
f 5031/1647/4905 5081/1680/5025 5029/1646/5641
f 5032/1650/5642 5033/1651/5643 5083/1682/5027
f 5032/1650/5642 5083/1682/5727 5044/1683/5728
f 5033/1652/5643 5034/1653/5644 5084/1684/5029
f 5033/1652/5643 5084/1684/5029 5083/1685/5027
f 5034/1653/5644 5085/1686/5729 5084/1684/5029
f 5034/1654/5730 5035/1655/5731 5086/1687/5034
f 5034/1654/5732 5086/1687/5037 5085/1686/5733
f 5035/1689/5731 5087/1688/5039 5086/1656/5040
f 5036/1658/5041 5028/1659/5734 5088/1690/5735
f 5036/1658/5045 5088/1690/5046 5089/1691/5044
f 5028/1659/5736 5079/1677/5737 5088/1690/5738
f 5079/1677/5739 5080/1678/4992 5037/1660/5654
f 5079/1677/5740 5037/1660/5654 5038/1661/5741
f 5080/1679/4992 5081/1680/4995 5037/1664/5654
f 5081/1680/4995 5082/1681/4996 5031/1663/4888
f 5081/1680/4995 5031/1663/4888 5037/1664/5654
f 5083/1682/5742 5041/1667/5743 5040/1668/5658
f 5083/1682/4997 5040/1668/5658 5044/1683/4919
f 5084/1684/5000 5042/1669/5661 5041/1670/5659
f 5084/1684/5000 5041/1670/5659 5083/1685/5001
f 5085/1686/5744 5042/1669/5661 5084/1684/5000
f 5086/1687/5745 5043/1671/5746 5042/1672/5747
f 5086/1687/5007 5042/1672/5748 5085/1686/5749
f 5086/1656/5009 5087/1688/5750 5043/1673/5751
f 5088/1690/5752 5038/1674/5753 5036/1675/5014
f 5088/1690/5016 5036/1675/5017 5089/1691/5015
f 5079/1677/5754 5038/1674/5755 5088/1690/5756
f 5046/1644/5669 5092/1678/5096 5091/1677/5757
f 5046/1644/5669 5091/1677/5758 5045/1643/5759
f 5046/1646/5669 5093/1680/5100 5092/1679/5096
f 5048/1647/4942 5094/1681/5101 5093/1680/5100
f 5048/1647/4942 5093/1680/5100 5046/1646/5669
f 5049/1650/5671 5050/1651/5672 5095/1682/5104
f 5049/1650/5671 5095/1682/5104 5061/1683/5103
f 5050/1652/5672 5051/1653/5673 5096/1684/5105
f 5050/1652/5760 5096/1684/5105 5095/1685/5104
f 5051/1653/5673 5097/1686/5761 5096/1684/5105
f 5051/1654/5762 5052/1655/5763 5098/1687/5110
f 5051/1654/5764 5098/1687/5113 5097/1686/5765
f 5052/1689/5763 5099/1688/5766 5098/1656/5767
f 5053/1658/5768 5045/1659/5769 5100/1690/5770
f 5053/1658/5121 5100/1690/5122 5101/1691/5120
f 5045/1659/5771 5091/1677/5125 5100/1690/5772
f 5091/1677/5773 5092/1678/5068 5054/1660/5684
f 5091/1677/5774 5054/1660/5684 5055/1661/5775
f 5092/1679/5068 5093/1680/5071 5054/1664/5684
f 5093/1680/5071 5094/1681/5072 5048/1663/4924
f 5093/1680/5071 5048/1663/4924 5054/1664/5684
f 5095/1682/5073 5058/1667/5776 5057/1668/5686
f 5095/1682/5073 5057/1668/5686 5061/1683/4954
f 5096/1684/5075 5059/1669/5688 5058/1670/5687
f 5096/1684/5075 5058/1670/5687 5095/1685/5777
f 5097/1686/5778 5059/1669/5688 5096/1684/5075
f 5098/1687/5078 5060/1671/5779 5059/1672/5780
f 5098/1687/5082 5059/1672/5781 5097/1686/5782
f 5098/1656/5783 5099/1688/5784 5060/1673/5785
f 5100/1690/5786 5055/1674/5787 5053/1675/5788
f 5100/1690/5091 5053/1675/5092 5101/1691/5090
f 5091/1677/5094 5055/1674/5789 5100/1690/5093
f 5063/1644/5695 5104/1678/5167 5103/1677/5168
f 5063/1644/5695 5103/1677/5790 5062/1643/5791
f 5063/1646/5695 5105/1680/5171 5104/1679/5167
f 5065/1647/4978 5106/1681/5172 5105/1680/5171
f 5065/1647/4978 5105/1680/5171 5063/1646/5695
f 5066/1650/5697 5067/1651/5698 5107/1682/5173
f 5066/1650/5697 5107/1682/5173 5078/1683/5174
f 5067/1652/5698 5068/1653/5703 5108/1684/5175
f 5067/1652/5698 5108/1684/5175 5107/1685/5173
f 5068/1654/5703 5069/1655/5792 5109/1687/5177
f 5068/1654/5703 5109/1687/5177 5108/1686/5178
f 5069/1689/5793 5110/1688/5180 5109/1656/5177
f 5070/1658/5794 5062/1659/5795 5111/1690/5796
f 5070/1658/5185 5111/1690/5186 5112/1691/5184
f 5062/1659/5797 5103/1677/5798 5111/1690/5799
f 5103/1677/5143 5104/1678/5144 5071/1660/5711
f 5103/1677/5146 5071/1660/5711 5072/1661/5800
f 5104/1679/5144 5105/1680/5147 5071/1664/5711
f 5105/1680/5147 5106/1681/5148 5065/1663/4959
f 5105/1680/5147 5065/1663/4959 5071/1664/5711
f 5107/1682/5149 5075/1667/5714 5074/1668/5713
f 5107/1682/5149 5074/1668/5713 5078/1683/4990
f 5108/1684/5151 5076/1669/5716 5075/1670/5714
f 5108/1684/5151 5075/1670/5714 5107/1685/5149
f 5109/1687/5152 5077/1671/5801 5076/1672/5716
f 5109/1687/5152 5076/1672/5716 5108/1686/5154
f 5109/1656/5152 5110/1688/5156 5077/1673/5802
f 5111/1690/5803 5072/1674/5804 5070/1675/5805
f 5111/1690/5806 5070/1675/5163 5112/1691/5161
f 5103/1677/5807 5072/1674/5808 5111/1690/5809
f 5116/1645/5810 5115/1644/5811 5114/1643/5812
f 5116/1645/5813 5117/1647/5229 5115/1646/5811
f 5116/1645/5813 5118/1649/5814 5117/1648/5229
f 5116/1645/5813 5119/1651/5815 5118/1650/5814
f 5116/1645/5813 5120/1653/5816 5119/1652/5815
f 5116/1645/5817 5121/1655/5818 5120/1654/5819
f 5116/1645/5820 5122/1657/5235 5121/1656/5821
f 5116/1645/5822 5114/1659/5823 5122/1658/5239
f 5125/1662/5824 5124/1661/5825 5123/1660/5826
f 5125/1662/5824 5123/1664/5827 5117/1663/5210
f 5125/1662/5824 5117/1666/5211 5126/1665/5828
f 5125/1662/5824 5126/1668/5828 5127/1667/5829
f 5125/1662/5824 5127/1670/5829 5128/1669/5830
f 5125/1662/5831 5128/1672/5830 5129/1671/5832
f 5125/1662/5222 5129/1673/5833 5122/1673/5834
f 5125/1662/5835 5122/1675/5836 5124/1674/5837
f 5117/1648/5229 5118/1649/5814 5130/1676/5274
f 5115/1644/5811 5132/1678/5267 5131/1677/5268
f 5115/1644/5811 5131/1677/5270 5114/1643/5838
f 5115/1646/5811 5133/1680/5271 5132/1679/5267
f 5117/1647/5229 5134/1681/5272 5133/1680/5271
f 5117/1647/5229 5133/1680/5271 5115/1646/5811
f 5118/1650/5814 5119/1651/5815 5135/1682/5273
f 5118/1650/5814 5135/1682/5273 5130/1683/5274
f 5119/1652/5815 5120/1653/5819 5136/1684/5275
f 5119/1652/5815 5136/1684/5275 5135/1685/5273
f 5120/1654/5819 5121/1655/5839 5137/1687/5277
f 5120/1654/5819 5137/1687/5277 5136/1686/5275
f 5121/1689/5840 5138/1688/5279 5137/1656/5277
f 5122/1658/5280 5114/1659/5841 5139/1690/5842
f 5122/1658/5284 5139/1690/5285 5140/1691/5283
f 5114/1659/5843 5131/1677/5844 5139/1690/5845
f 5131/1677/5242 5132/1678/5243 5123/1660/5826
f 5131/1677/5846 5123/1660/5826 5124/1661/5847
f 5132/1679/5243 5133/1680/5246 5123/1664/5826
f 5133/1680/5246 5134/1681/5247 5117/1663/5210
f 5133/1680/5246 5117/1663/5210 5123/1664/5826
f 5135/1682/5248 5127/1667/5829 5126/1668/5828
f 5135/1682/5248 5126/1668/5828 5130/1683/5241
f 5136/1684/5251 5128/1669/5830 5127/1670/5848
f 5136/1684/5251 5127/1670/5829 5135/1685/5248
f 5137/1687/5253 5129/1671/5849 5128/1672/5830
f 5137/1687/5253 5128/1672/5830 5136/1686/5251
f 5137/1656/5253 5138/1688/5256 5129/1673/5850
f 5139/1690/5258 5124/1674/5851 5122/1675/5852
f 5139/1690/5853 5122/1675/5263 5140/1691/5261
f 5131/1677/5854 5124/1674/5855 5139/1690/5264
f 5144/1645/5856 5143/1644/5857 5142/1643/5858
f 5144/1645/5856 5145/1647/5326 5143/1646/5857
f 5144/1645/5856 5146/1649/5859 5145/1648/5326
f 5144/1645/5856 5147/1651/5860 5146/1650/5859
f 5144/1645/5856 5148/1653/5861 5147/1652/5860
f 5144/1645/5862 5149/1655/5863 5148/1654/5861
f 5144/1645/5864 5150/1657/5865 5149/1656/5866
f 5144/1645/5867 5142/1659/5868 5150/1658/5869
f 5153/1662/5870 5152/1661/5871 5151/1660/5872
f 5153/1662/5870 5151/1664/5873 5145/1663/5309
f 5153/1662/5870 5145/1666/5309 5154/1665/5874
f 5153/1662/5870 5154/1668/5874 5155/1667/5875
f 5153/1662/5876 5155/1670/5875 5156/1669/5877
f 5153/1662/5878 5156/1672/5877 5157/1671/5879
f 5153/1662/5880 5157/1673/5473 5150/1673/5881
f 5153/1662/5882 5150/1675/5883 5152/1674/5884
f 5145/1648/5326 5146/1649/5859 5158/1676/5445
f 5161/1645/5885 5160/1644/5886 5159/1643/5887
f 5161/1645/5885 5162/1647/5362 5160/1646/5886
f 5161/1645/5885 5163/1649/5888 5162/1648/5362
f 5161/1645/5361 5164/1651/5889 5163/1650/5888
f 5161/1645/5885 5165/1653/5890 5164/1652/5889
f 5161/1645/5891 5166/1655/5892 5165/1654/5893
f 5161/1645/5894 5167/1657/5368 5166/1656/5895
f 5161/1645/5896 5159/1659/5897 5167/1658/5898
f 5170/1662/5348 5169/1661/5899 5168/1660/5900
f 5170/1662/5348 5168/1664/5900 5162/1663/5343
f 5170/1662/5348 5162/1666/5344 5171/1665/5901
f 5170/1662/5348 5171/1668/5901 5172/1667/5902
f 5170/1662/5903 5172/1670/5902 5173/1669/5904
f 5170/1662/5905 5173/1672/5904 5174/1671/5906
f 5170/1662/5907 5174/1673/5908 5167/1673/5909
f 5170/1662/5910 5167/1675/5911 5169/1674/5912
f 5162/1648/5362 5163/1649/5888 5175/1676/5520
f 5178/1645/5913 5177/1644/5914 5176/1643/5915
f 5178/1645/5913 5179/1647/5396 5177/1646/5914
f 5178/1645/5913 5180/1649/5916 5179/1648/5396
f 5178/1645/5913 5181/1651/5917 5180/1650/5916
f 5178/1645/5913 5182/1653/5918 5181/1652/5917
f 5178/1645/5919 5183/1655/5920 5182/1654/5918
f 5178/1645/5921 5184/1657/5922 5183/1656/5923
f 5178/1645/5924 5176/1659/5925 5184/1658/5926
f 5187/1662/5927 5186/1661/5928 5185/1660/5929
f 5187/1662/5927 5185/1664/5930 5179/1663/5379
f 5187/1662/5927 5179/1666/5380 5188/1665/5931
f 5187/1662/5927 5188/1668/5931 5189/1667/5932
f 5187/1662/5933 5189/1670/5932 5190/1669/5934
f 5187/1662/5935 5190/1672/5934 5191/1671/5936
f 5187/1662/5937 5191/1673/5938 5184/1673/5939
f 5187/1662/5940 5184/1675/5941 5186/1674/5942
f 5179/1648/5396 5180/1649/5916 5192/1676/5599
f 5143/1644/5857 5194/1678/5438 5193/1677/5439
f 5143/1644/5857 5193/1677/5441 5142/1643/5943
f 5143/1646/5857 5195/1680/5442 5194/1679/5438
f 5145/1647/5326 5196/1681/5443 5195/1680/5442
f 5145/1647/5326 5195/1680/5442 5143/1646/5857
f 5146/1650/5859 5147/1651/5860 5197/1682/5444
f 5146/1650/5859 5197/1682/5444 5158/1683/5445
f 5147/1652/5860 5148/1653/5861 5198/1684/5446
f 5147/1652/5860 5198/1684/5446 5197/1685/5444
f 5148/1653/5861 5199/1686/5447 5198/1684/5446
f 5148/1654/5944 5149/1655/5945 5200/1687/5450
f 5148/1654/5946 5200/1687/5453 5199/1686/5947
f 5149/1689/5948 5201/1688/5455 5200/1656/5456
f 5150/1658/5949 5142/1659/5950 5202/1690/5459
f 5150/1658/5461 5202/1690/5462 5203/1691/5460
f 5142/1659/5951 5193/1677/5952 5202/1690/5953
f 5193/1677/5409 5194/1678/5410 5151/1660/5872
f 5193/1677/5412 5151/1660/5872 5152/1661/5954
f 5194/1679/5410 5195/1680/5413 5151/1664/5872
f 5195/1680/5413 5196/1681/5414 5145/1663/5309
f 5195/1680/5413 5145/1663/5309 5151/1664/5872
f 5197/1682/5415 5155/1667/5955 5154/1668/5874
f 5197/1682/5415 5154/1668/5956 5158/1683/5338
f 5198/1684/5418 5156/1669/5877 5155/1670/5875
f 5198/1684/5418 5155/1670/5875 5197/1685/5415
f 5199/1686/5419 5156/1669/5877 5198/1684/5418
f 5200/1687/5957 5157/1671/5958 5156/1672/5959
f 5200/1687/5424 5156/1672/5960 5199/1686/5423
f 5200/1656/5426 5201/1688/5427 5157/1673/5961
f 5202/1690/5429 5152/1674/5962 5150/1675/5963
f 5202/1690/5433 5150/1675/5434 5203/1691/5432
f 5193/1677/5964 5152/1674/5965 5202/1690/5966
f 5160/1644/5886 5206/1678/5513 5205/1677/5514
f 5160/1644/5886 5205/1677/5516 5159/1643/5967
f 5160/1646/5886 5207/1680/5517 5206/1679/5513
f 5162/1647/5362 5208/1681/5518 5207/1680/5517
f 5162/1647/5362 5207/1680/5517 5160/1646/5886
f 5163/1650/5888 5164/1651/5889 5209/1682/5519
f 5163/1650/5888 5209/1682/5519 5175/1683/5520
f 5164/1652/5889 5165/1653/5893 5210/1684/5523
f 5164/1652/5889 5210/1684/5523 5209/1685/5519
f 5165/1653/5893 5211/1686/5968 5210/1684/5523
f 5165/1654/5969 5166/1655/5970 5212/1687/5527
f 5165/1654/5971 5212/1687/5972 5211/1686/5973
f 5166/1689/5970 5213/1688/5974 5212/1656/5975
f 5167/1658/5976 5159/1659/5977 5214/1690/5978
f 5167/1658/5538 5214/1690/5539 5215/1691/5537
f 5159/1659/5979 5205/1677/5980 5214/1690/5981
f 5205/1677/5982 5206/1678/5485 5168/1660/5900
f 5205/1677/5487 5168/1660/5900 5169/1661/5983
f 5206/1679/5485 5207/1680/5488 5168/1664/5900
f 5207/1680/5488 5208/1681/5489 5162/1663/5343
f 5207/1680/5488 5162/1663/5343 5168/1664/5900
f 5209/1682/5490 5172/1667/5984 5171/1668/5901
f 5209/1682/5490 5171/1668/5985 5175/1683/5374
f 5210/1684/5986 5173/1669/5904 5172/1670/5902
f 5210/1684/5493 5172/1670/5902 5209/1685/5490
f 5211/1686/5987 5173/1669/5904 5210/1684/5986
f 5212/1687/5988 5174/1671/5989 5173/1672/5990
f 5212/1687/5991 5173/1672/5992 5211/1686/5993
f 5212/1656/5994 5213/1688/5995 5174/1673/5996
f 5214/1690/5997 5169/1674/5998 5167/1675/5999
f 5214/1690/5508 5167/1675/6000 5215/1691/5507
f 5205/1677/6001 5169/1674/6002 5214/1690/6003
f 5177/1644/5914 5218/1678/5591 5217/1677/6004
f 5177/1644/5914 5217/1677/6005 5176/1643/6006
f 5177/1646/5914 5219/1680/5595 5218/1679/5591
f 5179/1647/5396 5220/1681/5596 5219/1680/5597
f 5179/1647/5396 5219/1680/5595 5177/1646/5914
f 5180/1650/5916 5181/1651/5917 5221/1682/5598
f 5180/1650/5916 5221/1682/6007 5192/1683/5599
f 5181/1652/5917 5182/1653/5918 5222/1684/5600
f 5181/1652/5917 5222/1684/6008 5221/1685/5598
f 5182/1653/5918 5223/1686/5601 5222/1684/5600
f 5182/1654/6009 5183/1655/6010 5224/1687/5604
f 5182/1654/6011 5224/1687/5607 5223/1686/6012
f 5183/1689/6010 5225/1688/5609 5224/1656/6013
f 5184/1658/6014 5176/1659/6015 5226/1690/5613
f 5184/1658/5615 5226/1690/5616 5227/1691/5614
f 5176/1659/6016 5217/1677/5619 5226/1690/6017
f 5217/1677/6018 5218/1678/5561 5185/1660/5929
f 5217/1677/6019 5185/1660/5929 5186/1661/6020
f 5218/1679/5561 5219/1680/5564 5185/1664/5929
f 5219/1680/5565 5220/1681/5566 5179/1663/5379
f 5219/1680/5564 5179/1663/5379 5185/1664/5929
f 5221/1682/5567 5189/1667/6021 5188/1668/5931
f 5221/1682/5567 5188/1668/6022 5192/1683/5408
f 5222/1684/5569 5190/1669/5934 5189/1670/5932
f 5222/1684/5569 5189/1670/5932 5221/1685/6023
f 5223/1686/5572 5190/1669/5934 5222/1684/5569
f 5224/1687/6024 5191/1671/6025 5190/1672/6026
f 5224/1687/6027 5190/1672/6028 5223/1686/6029
f 5224/1656/5579 5225/1688/5580 5191/1673/6030
f 5226/1690/5582 5186/1674/6031 5184/1675/5584
f 5226/1690/5586 5184/1675/5587 5227/1691/5585
f 5217/1677/6032 5186/1674/6033 5226/1690/5588
