# Blender 5.2.1 LTS
# www.blender.org
mtllib Untitled.mtl
o blade
v -165.682404 -2.842230 -4.031922
v -171.919449 -3.908868 -3.875361
v -168.496613 -1.930844 -3.865128
v -161.307510 -3.623931 -4.899611
v -163.195023 -2.825088 -4.453223
v -172.190216 -0.898538 -4.071159
v -168.163651 -3.686733 -3.740867
v -169.229431 -3.885585 -3.701857
v -158.287216 -3.500109 -6.607539
v -157.429550 -2.464799 -6.763514
v -162.547714 -4.901778 -3.840100
v -165.457687 -4.596494 -3.422137
v -157.275253 -4.326338 -6.384873
v -157.719360 -5.836541 -5.897667
v -158.430099 0.339768 -6.332984
v -161.206757 -0.969266 -5.045008
v -161.269119 0.933402 -4.248434
v -168.240143 -0.494840 -3.265346
v -163.065796 -0.243751 -4.087646
v -166.380264 -0.765897 -3.279330
v -169.673187 -0.105559 -3.411438
v -160.164566 0.905893 -4.914324
v -174.232864 -1.063423 -4.464914
v -173.305130 -2.794027 -4.334780
v -172.877396 -4.270131 -4.108009
v -171.735901 0.516741 -3.572773
v -174.287964 0.907330 -4.130643
v -159.673798 1.978796 -4.067030
v -162.561172 0.911000 -3.506143
v -160.863373 1.417173 -2.559715
v -163.422379 0.097798 -2.289235
v -165.028198 -0.897457 -1.361549
v -164.466034 -0.479818 -3.431837
v -158.308182 3.051670 -2.718400
v -161.120865 0.476301 -1.146439
v -158.178802 2.375819 -0.623780
v -167.409714 -0.673669 -1.879518
v -158.134460 1.333792 0.441247
v -162.318848 -1.367453 -0.178551
v -160.498505 -1.445604 0.640635
v -171.530365 0.495185 -2.543258
v -157.419632 3.102902 -2.982691
v -157.207840 2.622332 -1.559116
v -168.683746 -1.045080 -1.100731
v -174.025635 1.613837 -3.094250
v -167.255859 -2.135311 -0.323433
v -172.322754 -0.607563 -0.959092
v -171.133347 -1.488894 -0.352692
v -157.734756 0.293509 1.057981
v -164.273193 -2.724373 0.105542
v -174.519211 1.140011 -2.329880
v -173.631653 1.415835 -3.543585
v -156.560654 2.541129 -2.279831
v -173.415924 -1.214131 0.208041
v -175.288391 1.034876 -0.550178
v -174.100418 -0.141707 -0.512903
v -156.926819 3.132184 -2.567110
v -189.742142 -0.724062 -2.957515
v -183.276596 0.094172 -2.857347
v -186.745636 -0.167396 -2.711161
v -191.351334 -1.127572 -2.881803
v -183.776978 -1.100578 -3.646111
v -192.527222 -1.263234 -2.636935
v -194.584259 -2.828970 -2.528279
v -196.198090 -2.871713 -1.815482
v -157.574844 2.968094 -4.271621
v -158.443024 4.731079 -4.563937
v -157.106979 2.251355 -5.075820
v -157.401581 4.062961 -3.076739
v -178.039062 -8.476284 -0.105003
v -176.529846 -8.876261 0.808098
v -178.224640 -6.802137 1.715392
v -183.183517 -7.055522 0.204377
v -185.630432 -6.698988 0.542177
v -188.285324 -6.822150 0.104611
v -190.043411 -6.589530 0.215046
v -188.937759 -6.468600 0.569998
v -193.685562 -5.324197 0.519036
v -190.748367 -4.737979 1.359897
v -182.469604 -5.896307 1.264355
v -180.461243 -7.343864 0.957752
v -175.286804 -8.083340 1.774487
v -193.677872 -3.788418 1.125025
v -195.943054 -2.944327 0.650783
v -185.942154 -4.757439 1.563943
v -173.502777 -10.658744 1.577781
v -188.798203 -5.412097 1.341875
v -175.327866 -5.776494 2.188882
v -179.797592 -4.754312 1.694641
v -197.454086 -3.858372 -0.006718
v -176.762253 -4.355136 1.879414
v -190.819473 -2.899312 1.422689
v -196.069473 -4.710096 0.021617
v -195.024902 -4.966958 0.280540
v -181.789307 -3.345586 1.593457
v -178.152344 -2.696650 1.516671
v -175.150116 -2.693478 1.711346
v -185.999161 -2.245145 1.396230
v -194.489792 -2.535890 0.815723
v -172.642654 -10.413998 1.204186
v -172.906723 -11.023483 1.514350
v -174.727081 -4.287938 2.102393
v -173.750854 -2.135637 1.395359
v -174.917679 -7.031932 1.245141
v -142.017319 -1.297738 -6.411429
v -143.717346 -0.812313 -6.681909
v -141.018051 -1.111553 -5.719711
v -142.575623 -0.097140 -5.740877
v -138.596344 -3.435694 -6.073046
v -143.121872 0.594874 -5.761276
v -141.382645 -3.498304 -6.768394
v -140.015747 -3.728886 -6.611762
v -144.299255 -1.873942 -6.915139
v -144.914001 -0.413532 -6.131402
v -140.550934 -11.075091 -0.111160
v -136.902161 -11.396651 1.812199
v -140.254211 -9.975830 1.007603
v -138.405548 -8.894052 1.457827
v -142.227005 -8.364095 0.838245
v -136.499451 -9.589544 1.601588
v -145.716064 -8.121897 0.871347
v -138.385376 -6.934228 1.160944
v -143.522888 -6.722900 0.643097
v -144.307098 -6.128222 0.780577
v -143.160690 -5.829118 1.010330
v -142.201935 -5.796840 0.517111
v -151.787582 -6.609897 0.883203
v -151.349075 -8.378615 0.806185
v -148.773438 -7.084846 1.344311
v -155.681900 -7.300000 0.906061
v -152.550903 -5.151979 0.582145
v -149.495087 -4.197389 0.452299
v -147.965790 -9.045657 1.008985
v -158.495300 -10.744597 0.371746
v -138.284790 -6.049979 0.351086
v -139.035217 -5.165576 0.115085
v -135.924942 -11.148828 1.715326
v -137.691299 -7.142582 1.018423
v -157.456589 -7.038743 1.918584
v -155.229691 -5.479999 1.049302
v -156.353729 -2.454340 1.709432
v -153.131332 -3.585483 1.651500
v -157.791992 -4.656364 2.552246
v -142.485184 -4.073984 1.451786
v -141.557831 -2.194855 1.006642
v -144.249207 -3.831797 1.600268
v -140.115524 -2.900587 0.850886
v -155.297318 -1.053237 1.143345
v -147.557251 -2.642885 0.975661
v -151.840530 -1.213008 1.103724
v -156.666107 -0.764673 1.152069
v -153.817719 -1.866035 1.601611
v -149.241791 -2.071910 0.785880
v -142.497681 -0.968405 0.696746
v -148.791290 -1.276246 0.266425
v -145.300125 -1.414436 0.909177
v -146.554626 -5.128856 0.685214
v -143.921738 -0.235614 0.549572
v -144.990585 0.024788 0.206850
v -158.158554 -1.146220 1.737828
v -161.317444 -3.570644 0.845886
v -163.196655 -5.195217 0.157672
v -165.781906 -2.440443 -0.082376
v -166.493134 -3.869547 0.015061
v -170.161179 -2.946696 0.226479
v -173.460648 -5.797510 0.781410
v -172.833374 -2.466541 0.679398
v -172.450348 -7.302843 0.264626
v -168.095703 -4.972647 -0.010909
v -173.727951 -8.049417 0.415494
v -160.412476 -6.115910 1.006513
v -173.892151 -3.902543 1.439113
v -156.874130 -8.461858 0.587042
v -162.340836 -7.114024 -0.343481
v -168.123215 -6.216832 -1.387490
v -157.610275 -8.686827 0.609293
v -159.907196 -8.049932 -0.259538
v -150.470184 4.007761 -4.312585
v -155.539505 4.176266 -4.912943
v -157.317719 4.276581 -5.016931
v -152.261887 3.804556 -4.888760
v -153.728241 3.783884 -5.012449
v -150.615250 3.476464 -5.176729
v -158.222672 4.817975 -4.073686
v -156.761978 4.640099 -4.045898
v -149.430405 4.380608 -4.756728
v -146.772446 3.820959 -3.647048
v -175.644424 2.127320 -4.485815
v -175.046463 3.130704 -3.396489
v -180.531006 0.798463 -3.075408
v -179.167130 1.213165 -3.279378
v -174.685852 2.647354 -4.682903
v -176.167206 2.247806 -2.061329
v -184.406662 -0.136164 -2.939860
v -182.328552 0.387890 -2.741401
v -173.245850 4.431354 -4.330097
v -193.219696 -1.652084 -2.589076
v -194.978699 -1.454497 -0.961602
v -183.553192 0.017147 -1.303442
v -189.344696 -0.166270 -2.063596
v -187.891556 -0.242803 -0.895997
v -191.506622 -0.535437 -1.259000
v -189.340027 -1.714090 1.060593
v -184.869934 -1.278577 0.649088
v -181.092056 0.626935 -1.623396
v -178.896057 1.428834 -2.228163
v -197.283600 -2.490651 -0.414329
v -192.306992 -1.371771 0.245946
v -192.809952 -2.380010 1.060833
v -173.256424 3.813404 -3.276127
v -183.540955 -2.014018 1.336986
v -181.178864 -1.015178 0.500142
v -197.567047 -2.912536 0.109385
v -178.055389 0.013646 -0.122334
v -181.363739 -2.048990 1.320490
v -174.575836 -0.576202 0.839449
v -176.816711 -1.315572 0.858911
v -157.584869 -9.811364 0.751222
v -157.641342 -10.198522 -1.127676
v -156.104797 -8.362143 -2.389246
v -173.107773 -9.252613 1.246535
v -173.927460 -9.194825 1.772273
v -173.154724 -9.720517 -0.017985
v -174.995773 -8.667786 -1.327113
v -152.599030 -10.194939 0.300358
v -155.336365 -10.378578 0.609118
v -156.564316 -11.087137 0.058420
v -149.241302 -8.739755 1.195417
v -148.826630 -10.714457 -0.011836
v -143.711761 -9.907559 0.197948
v -146.205505 -10.357781 -0.369103
v -148.047501 -10.724348 -0.789977
v -154.275452 -10.707932 -0.511509
v -158.525848 -11.311800 0.113999
v -145.308090 -10.079289 -0.136193
v -152.441818 -10.480995 -0.585536
v -150.054504 -10.240484 0.198058
v -141.256042 0.399348 -1.435375
v -142.728958 1.013515 -1.291339
v -143.187057 1.281565 -1.714822
v -139.287598 -1.466043 0.208794
v -144.400635 1.304398 -1.553226
v -142.485123 0.521058 -0.264244
v -140.267242 -0.220227 -1.382601
v -140.606216 -1.377370 0.552209
v -144.399414 0.693047 -0.246978
v -192.715195 -5.815223 0.452997
v -192.210754 -6.253219 -0.169407
v -173.572403 2.037718 -4.627415
v -172.907608 3.017855 -3.710643
v -174.483627 2.478377 -2.397737
v -175.276703 1.623118 -1.676297
v -141.131638 -4.751265 0.473128
v -143.652527 -4.948924 1.540064
v -186.787155 -6.948101 -0.395387
v -191.513474 -6.214595 0.390811
v -181.264938 -7.243585 -1.004323
v -179.299530 -7.979792 0.392454
v -191.277374 -6.201446 -1.372194
v -197.256241 -3.825780 -1.091383
v -183.743622 -6.879988 -1.175255
v -193.549103 -5.441657 -1.732538
v -184.167892 -5.258132 -3.279047
v -178.903854 -7.175694 -1.970612
v -180.551208 -5.600048 -3.241111
v -176.702789 -6.427201 -3.146898
v -176.434982 -8.242156 -1.839423
v -175.390717 -8.837975 -1.357834
v -194.886978 -5.334495 -0.909259
v -194.992401 -4.327687 -2.149554
v -189.276459 -5.881341 -2.350696
v -175.031921 -7.145783 -3.155184
v -174.503723 -6.190827 -3.843081
v -186.924316 -5.703443 -2.785196
v -189.506516 -3.276868 -3.697483
v -184.754791 -4.457790 -3.785742
v -176.275085 -4.977611 -4.030725
v -174.381012 -5.077052 -4.471609
v -198.071167 -3.282070 -0.460186
v -175.481918 -9.555676 0.327017
v -174.221130 -10.042143 -0.403856
v -173.210724 -11.124554 0.780447
v -136.522095 -13.193554 1.240561
v -137.406647 -12.805642 0.839465
v -139.358871 -11.576629 0.544132
v -137.486481 -12.333883 -0.431106
v -141.627350 -10.627609 -0.097819
v -142.876480 -10.335037 -0.507918
v -141.118881 -9.897717 -1.904267
v -144.383209 -9.839777 -1.623526
v -135.609268 -13.360857 0.937652
v -140.224182 -7.805593 -3.732318
v -143.031586 -8.377998 -3.048404
v -148.532608 -9.648752 -2.840608
v -136.247635 -11.598813 -1.203614
v -136.813461 -10.776293 -2.031661
v -138.046539 -9.818443 -2.762496
v -146.040405 -8.519835 -3.219096
v -150.649261 -9.022897 -2.638130
v -152.657654 -8.204469 -3.060464
v -157.169647 -10.906206 -0.983858
v -153.683182 -10.111210 -1.521249
v -148.714355 -6.351214 -3.978028
v -148.374130 -4.576186 -5.548708
v -149.565063 -5.135804 -5.076163
v -153.511383 -5.500603 -5.653598
v -155.974731 -6.585701 -4.566714
v -152.183777 -4.869710 -6.036566
v -157.500656 -6.864935 -5.280036
v -139.745331 -5.038383 -5.905978
v -156.291153 -4.529251 -5.987471
v -143.381531 -7.029401 -5.052766
v -144.032547 -5.082029 -6.296373
v -154.962250 -4.714601 -5.961282
v -149.536575 -3.706655 -5.787320
v -153.281235 -6.519597 -3.968952
v -145.498245 -6.693145 -4.500967
v -150.968674 -6.834422 -3.667472
v -144.213211 -3.663877 -6.694973
v -155.320923 -8.727672 -2.855649
v -139.117935 -6.772004 -4.192516
v -141.450882 -6.542212 -4.336440
v -139.614685 -5.782764 -4.365936
v -149.666733 -10.355698 -1.451754
v -138.733047 1.922842 -1.665197
v -139.415466 0.564239 -1.519878
v -138.411026 1.000497 -2.574728
v -136.335312 5.004393 -3.156543
v -135.854050 4.902293 -3.948969
v -135.620926 4.888223 -5.968884
v -137.555740 1.736414 -3.266869
v -135.235260 6.511395 -4.483791
v -136.088287 3.802601 -5.547533
v -174.114044 -8.041123 -0.598182
v -173.091934 -5.385894 -3.367329
v -174.357513 -7.083535 -2.220280
v -171.630310 -7.136461 -0.868164
v -171.818146 -6.134617 -2.227709
v -168.097885 -5.088133 -2.857358
v -164.403671 -5.448357 -2.828990
v -166.296448 -6.033065 -1.324002
v -173.885025 -4.025223 -4.904851
v -170.339493 -6.225144 0.101317
v -169.722305 -6.597607 -0.577898
v -167.420731 -5.995411 -0.994625
v -146.177399 3.580788 -5.156113
v -148.273422 3.688273 -5.519561
v -149.216263 2.158761 -6.281428
v -147.985931 4.293105 -4.353497
v -142.128983 4.048038 -5.051212
v -143.984222 3.822942 -4.590343
v -140.615005 4.553216 -5.303158
v -139.638611 5.359089 -4.396891
v -138.698669 5.460339 -5.587395
v -136.544601 5.752048 -6.337619
v -141.550888 1.448876 -5.878066
v -135.325455 6.005888 -6.043801
v -139.339432 2.416929 -6.138492
v -143.876831 0.335508 -5.845595
v -145.004562 2.029242 -5.755583
v -147.372757 0.251932 -6.085416
v -151.347809 1.172408 -5.724542
v -156.160889 2.041896 -5.603206
v -153.546585 1.269571 -5.712074
v -136.764206 2.921838 -6.214511
v -152.364517 -1.256034 -5.350346
v -149.613327 -0.568574 -5.885663
v -154.738983 -0.569300 -5.406385
v -155.772903 -2.126683 -6.142835
v -152.778137 -2.998385 -6.314887
v -151.036011 -4.130526 -6.022354
v -148.035156 -3.804633 -5.889053
v -147.395828 -1.903891 -5.776189
v -149.417618 -2.433904 -5.439339
v -145.708725 -3.534463 -6.444699
v -143.229340 -1.812806 -6.902600
v -143.038910 -3.180169 -6.823193
v -135.251022 7.208607 -5.759213
v -157.808838 -0.816618 -6.841101
v -157.867599 1.434165 -6.001272
v -158.389862 2.673842 -4.417888
v -135.872528 -12.234927 -0.567320
v -135.479111 -11.994504 0.674112
v -135.766296 -10.923335 -0.062362
v -135.649628 -12.228510 1.686068
v -136.830673 -8.480356 1.195634
v -136.042999 7.444092 -5.316994
v -136.820969 7.021196 -5.172171
v -139.642593 3.816982 -2.698902
v -141.692261 4.075380 -3.588697
v -151.418762 1.113787 -1.328162
v -149.259003 1.665947 -1.238891
v -146.413055 0.347408 -1.030739
v -149.809341 -0.601068 -0.725350
v -149.057175 3.318586 -2.215733
v -146.348251 2.315898 -2.021794
v -141.335510 1.495704 -1.697219
v -137.533325 2.843080 -2.299943
v -137.136337 4.183499 -2.549953
v -136.864258 6.149778 -3.767887
v -135.850433 5.826050 -3.672942
v -155.646637 2.851768 -1.946122
v -152.815872 3.325045 -2.684886
v -147.703049 -0.915515 0.204678
v -153.150375 -0.042103 0.192637
v -155.717667 0.302087 -0.043103
v -154.869766 4.286634 -3.653496
v -154.919083 1.183956 -1.355687
v -150.726288 3.310371 -2.706245
v -152.916367 4.176820 -4.151451
v -144.397034 3.392189 -3.232943
v -175.840836 0.925153 -5.039266
v -177.204697 1.853318 -3.734218
v -172.662720 3.938303 -4.817200
v -182.043228 -0.771108 -3.763530
v -186.817032 -1.709380 -3.707608
v -175.444595 -0.301709 -5.082820
v -180.444641 -3.049858 -4.242191
v -187.183380 -3.622141 -3.810324
v -179.378708 -0.290761 -4.273499
v -191.397644 -3.850847 -3.451024
v -192.742783 -3.300360 -3.142900
v -174.631683 -2.029801 -5.178940
v -192.448944 -4.232008 -3.083996
v -177.660904 -1.589787 -4.740789
v -183.712311 -3.722717 -3.976123
v -193.700806 -4.200261 -2.713109
v -190.791336 -4.333561 -3.349915
v -188.162125 -4.389321 -3.599912
v -180.289093 -4.340830 -4.063450
v -196.271927 -3.728385 -1.740899
v -177.474915 -4.339808 -4.215281
v -176.222214 -3.491389 -4.587609
v -161.182037 -7.476765 -0.275131
v -162.974243 -6.560250 -2.147628
v -164.877426 -5.997592 -0.926265
v -163.465775 -6.401410 -0.573546
v -160.680344 -5.619330 -4.303693
v -161.711014 -7.436902 -1.338635
v -157.144012 -9.171705 -1.060631
v -157.939499 -8.792876 -3.222836
v -158.426620 -8.640101 0.402728
v -158.337387 -9.075259 -1.001000
v -157.643661 -9.170793 -2.047309
v -159.296036 -6.782470 -4.490338
v -158.009567 -7.803918 -4.461703
v -158.560028 -7.902324 -3.960851
v -160.641159 -7.055556 -3.064160
v -160.122208 -8.078264 -1.448015
v -157.328018 -9.085876 -0.136867
v 36.410168 -1.067668 -1.530930
v 34.282661 -1.252598 -1.539783
v 40.564434 -0.730108 -1.459673
v 43.416145 -0.574853 -1.310071
v 45.764008 -0.479260 -1.156066
v 47.478855 -0.798827 -1.047163
v 37.704285 -0.795123 -1.593040
v 48.416019 0.442088 -1.212942
v 44.581375 0.106935 -1.620424
v 47.530209 2.082155 -2.569620
v 40.841511 0.790900 -2.573676
v 32.031643 -1.085293 -1.612527
v 26.565603 -0.395746 -2.264234
v 30.000086 0.018053 -2.488123
v 28.962181 -1.361292 -1.558982
v 22.724178 -0.501720 -2.140858
v 21.748873 -1.701914 -1.390279
v 19.956062 -0.084531 -2.171090
v 19.128643 -1.331825 -1.260069
v 33.034500 0.922418 -3.210374
v 35.877903 0.542418 -2.738143
v 51.030724 2.372521 -1.909271
v 23.228462 1.277011 -3.883326
v 38.087822 1.442009 -3.351558
v 44.589466 2.457935 -3.609576
v 44.842583 1.714226 -2.816034
v 35.186924 1.540290 -4.096934
v 50.213074 3.697636 -3.284145
v 24.199930 0.976386 -3.396049
v 30.250641 1.273632 -3.685778
v 25.061882 1.164307 -3.686204
v 18.332312 1.971061 -3.264179
v 50.909153 1.051005 -1.053846
v 21.049006 1.311873 -3.578590
v 26.883924 1.201684 -3.756401
v 18.215704 0.729516 -2.695597
v 50.952454 4.121348 -3.477526
v 32.035076 1.195589 -4.908702
v 28.276049 1.236899 -3.774545
v 31.486502 1.336538 -3.712448
v 33.106106 1.402131 -3.680499
v 27.330830 1.114154 -4.932610
v 30.164906 1.179350 -4.754370
v 26.569147 1.029121 -4.970176
v 37.580154 1.720909 -3.826564
v 34.013935 1.101461 -5.945873
v 39.891331 1.925116 -3.784331
v 41.320446 2.070652 -3.788002
v 25.029190 0.921140 -5.455666
v 43.128510 2.202085 -4.589747
v 45.545528 2.524151 -4.903327
v 46.199818 2.748623 -3.661980
v 42.955971 2.262888 -3.710484
v 48.382938 3.171689 -3.469452
v 37.908073 1.520968 -5.564564
v 23.111067 0.829470 -6.032932
v 34.780766 0.910077 -6.285922
v 21.103352 1.485919 -4.935288
v 19.547247 1.677405 -3.924602
v 48.577805 3.249846 -5.098636
v 38.402126 1.319511 -6.159125
v 50.659054 4.098093 -5.670379
v 21.620583 0.723806 -6.312062
v 41.837517 1.739631 -6.122967
v 39.324074 1.368941 -6.173289
v 48.507294 2.614738 -6.484031
v 18.347065 1.248022 -5.939870
v 27.907133 1.499974 -4.988659
v 18.330536 2.387138 -3.919694
v 46.550625 2.425163 -6.143749
v 45.024979 2.088884 -6.219252
v 51.311108 3.034566 -7.051776
v 24.274021 0.786755 -6.113571
v 45.447155 -4.500408 -4.479518
v 42.661488 -4.461096 -4.682461
v 46.929062 -3.350728 -6.385069
v 40.493824 -4.362535 -5.336984
v 51.618118 -5.234618 -5.481795
v 49.360512 -4.913662 -3.969801
v 39.163193 -4.426047 -4.316257
v 47.617092 -4.481721 -3.299558
v 37.930500 -4.304425 -3.352618
v 39.194202 -3.938131 -2.658681
v 42.378059 -4.028140 -2.746217
v 51.334190 -5.122155 -2.491408
v 53.460545 3.604447 -8.312780
v 53.125439 5.315020 -7.814036
v 50.842529 8.930352 -8.325249
v 52.300106 6.783716 -7.702175
v 49.837330 10.462526 -7.837351
v 51.150002 8.970722 -6.800889
v 51.147495 9.013772 -5.295348
v 51.080780 9.156907 -3.451850
v 52.206223 7.394921 -3.054233
v 51.312595 8.708241 -3.319024
v 50.384441 10.328641 -4.338977
v 52.005314 7.731746 -4.021621
v 51.800476 9.603889 -5.728993
v 53.735508 4.505345 -2.287323
v 55.173927 2.133108 -7.015838
v 54.319489 3.021755 -1.771959
v 51.635342 7.911031 -7.456903
v 44.154118 -4.057806 -2.714516
v 46.337006 -4.139956 -2.619194
v 42.938942 -2.177737 -1.715442
v 41.001144 -4.026661 -2.747843
v 39.275860 -2.464661 -1.887010
v 32.990288 -3.800888 -2.282556
v 30.499138 -3.802054 -2.378706
v 34.153152 -2.349536 -1.810390
v 27.981997 -3.284738 -1.997576
v 24.804317 -4.797555 -2.997654
v 45.471989 -2.683511 -1.821819
v 24.988518 -3.294702 -1.900057
v 26.995930 -1.581842 -1.541211
v 23.923317 -1.641982 -1.496201
v 22.530304 -2.975136 -1.646869
v 18.448111 -4.730081 -1.630635
v 30.784237 -1.441365 -1.555662
v 48.421028 -2.796681 -1.541887
v 49.312122 -4.257208 -2.145835
v 36.636185 -4.244933 -2.842998
v 29.521414 -4.248758 -2.569394
v 35.210938 -4.057897 -2.482183
v 35.101120 -3.458432 -2.333842
v 20.509453 -4.768245 -1.957938
v 26.580984 -4.352513 -2.472210
v 23.562532 -4.749849 -2.488646
v 28.835112 -4.352672 -2.764406
v 28.209230 -4.486215 -3.084996
v 20.600765 -5.526392 -2.837969
v 17.802261 -3.250308 -1.388348
v 68.624405 -3.968565 -1.646951
v 66.732552 -7.363147 -1.440142
v 68.035576 -7.945320 -1.625845
v 68.431870 -7.328723 -2.269215
v 69.636971 -3.949419 -2.147630
v 70.017433 -2.341202 -2.161495
v 68.702423 -6.153103 -2.547397
v 45.803036 -17.006081 -1.273985
v 47.542294 -16.716040 -0.832661
v 41.532803 -15.171517 -0.152224
v 44.845318 -15.903214 -0.290626
v 36.937122 -12.021568 0.125385
v 64.711060 -12.818233 -2.611854
v 59.738056 -15.293030 -2.432472
v 66.137054 -11.870888 -3.175989
v 58.534363 -15.751519 -2.468955
v 62.177582 -14.213820 -2.317636
v 66.328575 -11.121392 -2.157271
v 67.912964 -9.814387 -2.620062
v 68.717941 -8.703752 -2.524510
v 67.625977 -10.513899 -3.981185
v 56.687462 -16.115282 -1.826491
v 54.483475 -16.428095 -1.477584
v 50.307369 -16.702183 -1.031628
v 66.409416 -9.071068 -1.899400
v 56.017517 -15.079919 -1.246144
v 43.795132 -8.983085 -3.182954
v 45.475277 -10.815158 -2.174355
v 42.176598 -7.605854 -3.607566
v 40.922653 -6.307309 -4.412018
v 39.550739 -5.449060 -3.683384
v 45.271416 -12.072213 -1.041697
v 38.456787 -5.420113 -2.841967
v 47.073025 -13.317263 -0.868172
v 41.410416 -8.905295 -1.499733
v 47.913860 -12.017406 -2.331259
v 48.844067 -13.031878 -1.631963
v 50.663204 -13.252390 -1.893240
v 66.380119 -4.068770 -2.170503
v 67.459099 -5.520781 -1.386307
v 69.326126 -1.317674 -2.226129
v 71.356712 -0.499990 -2.434023
v 70.567978 0.788873 -2.703966
v 68.546913 -2.057732 -2.110594
v 70.198776 -0.255892 -2.556674
v 69.586830 2.802283 -2.798883
v 67.654144 -2.613171 -1.906535
v 62.278393 -11.752419 -2.268507
v 59.043137 -12.485085 -2.705192
v 60.981148 -12.745325 -1.870886
v 59.350342 -14.664448 -1.443310
v 55.093853 -14.149364 -1.627160
v 62.991619 -12.549719 -1.707372
v 65.047264 -10.747247 -1.854878
v 72.487953 0.921722 -2.712098
v 70.701904 -1.581333 -2.406013
v 41.321110 -13.637402 0.294550
v 52.843563 -16.151134 -0.989671
v 39.173714 -12.574073 0.416995
v 44.827698 -13.903594 -0.120420
v 36.583988 -10.355031 0.193008
v 34.654247 -8.170969 -0.414049
v 34.073315 -6.570116 -0.941825
v 38.076092 -8.236339 -0.599350
v 49.269814 -15.033584 -0.656148
v 41.023041 -11.008754 -0.112284
v 36.627106 -6.055405 -1.568582
v 51.590061 -14.133217 -1.394167
v 5.921431 1.795642 -7.358349
v 7.789204 0.315031 -7.355865
v 5.339724 -0.684070 -9.202377
v 7.675541 -1.551425 -8.448034
v 4.202026 -1.028759 -9.188817
v 4.924646 0.735198 -8.221833
v 3.101973 -0.913689 -8.981735
v 2.418818 0.558085 -8.586138
v 2.788079 -1.234909 -9.362464
v 2.255002 -1.822371 -9.409177
v 0.742298 -2.369459 -10.062606
v 1.784642 -3.490788 -10.024240
v 2.919429 -2.819059 -9.477718
v -1.299733 -2.085994 -9.576261
v -0.333194 0.287665 -9.477489
v -0.161542 6.402001 -9.335657
v 2.803060 -3.744053 -9.392932
v 0.329522 0.398887 -9.699655
v 0.193129 1.691659 -9.282859
v -0.374508 2.682566 -9.912337
v -0.814848 -0.985203 -9.304023
v 2.160078 -4.791041 -9.306931
v 2.100623 3.608540 -5.680108
v -0.328677 2.111460 -6.744433
v -0.045641 3.038671 -4.486337
v 3.802705 4.090979 -4.309178
v 2.397708 3.907465 -3.799687
v -1.731704 2.534792 -3.813742
v -1.402834 2.310312 -2.899585
v -1.791772 2.251511 -2.727894
v -2.464240 2.392319 -2.063825
v -1.788450 2.490412 -5.444438
v 6.336540 3.999932 -5.604362
v 9.051730 3.453317 -5.313467
v 7.400990 3.502831 -4.778047
v 50.100037 1.007627 -0.005635
v 50.737759 -0.730461 0.570021
v 51.348606 0.587261 0.722279
v 52.587971 1.497168 0.804090
v 50.525150 2.271884 -0.406031
v 53.043541 2.955172 -0.162696
v 51.968449 4.420588 -1.946771
v 52.676018 6.170662 -2.395621
v 49.857857 8.798397 -2.792761
v 49.260952 9.960258 -3.602105
v 53.151276 -0.477728 1.130844
v 49.886326 7.605612 -2.479139
v 54.109955 2.382222 -0.889410
v 49.394485 11.045181 -5.134202
v 47.890011 9.766190 -4.399662
v 50.945908 4.393791 -2.731806
v 50.624573 5.876975 -2.241911
v -12.902817 3.315290 -3.893860
v -15.881329 2.993027 -4.640291
v -24.463617 1.956613 -5.591055
v -25.647968 1.706607 -4.955515
v -26.286774 1.572037 -4.627776
v -28.855940 1.262312 -4.701664
v -34.398884 0.798255 -5.021053
v -37.981606 0.491104 -5.202648
v -11.494370 3.783889 -4.646451
v -40.255447 0.287543 -5.299183
v -42.436344 0.086692 -5.333719
v -41.033329 0.131337 -4.974407
v -45.869854 -0.217742 -5.163579
v -44.732624 -0.113996 -5.370810
v -48.785187 -0.448350 -5.122706
v -50.414883 -0.539434 -5.425044
v -54.146431 -0.727067 -5.480278
v -55.291435 -0.889585 -4.744357
v -56.487289 -0.837630 -5.543998
v -56.242775 -0.814051 -5.212535
v -58.488152 -0.894110 -5.258677
v -61.516903 -1.002177 -5.242682
v -65.205338 -1.122785 -5.200268
v -71.636566 -1.406185 -5.697672
v -74.449135 -1.370198 -5.270966
v -76.131454 -1.497479 -5.568150
v 8.345733 3.527686 -5.048789
v 0.786174 3.449208 -3.363974
v -0.291893 2.796476 -3.214597
v -0.228730 4.306504 -2.906938
v 5.394897 4.114223 -4.334942
v 6.521044 3.825635 -4.559658
v 2.717673 5.317238 -3.682767
v 9.413144 4.327478 -4.780689
v 11.838923 2.321198 -5.523331
v 13.918356 1.035411 -5.436645
v 7.238662 5.275469 -4.142220
v 3.145558 5.974983 -2.606692
v 2.451905 5.904932 -2.532102
v 11.069108 3.166999 -5.283329
v 5.072693 5.734016 -3.717967
v 6.536736 5.761060 -2.775256
v 63.922611 -10.447153 -3.874834
v 63.222370 -11.297247 -4.491280
v 65.258965 -10.916144 -4.929436
v 60.926712 -11.865115 -3.402009
v 58.107029 -12.661699 -4.148566
v 56.835846 -12.860151 -4.092910
v -5.646187 8.665050 -5.172523
v -4.656187 10.958921 -5.147455
v -10.102213 3.542195 -0.558999
v -9.548166 2.062857 -0.143886
v -7.553557 6.980230 -3.771674
v -3.217916 9.930506 -6.518246
v -9.468089 2.164792 -1.270957
v -8.403841 5.418579 -3.416055
v -7.910889 5.966963 -5.092107
v -6.729459 7.159213 -5.246455
v -18.988819 -2.649669 2.347159
v -20.865259 -0.937786 2.462953
v -21.931351 -1.754251 2.145535
v -19.080736 -0.874889 2.772628
v -14.665939 -0.924307 2.618141
v -20.259111 0.779556 1.798634
v 6.783098 5.013762 -8.693056
v 8.548152 3.554542 -8.332673
v 7.439075 4.283576 -8.654904
v 7.636935 4.167158 -8.583457
v 6.718035 4.595284 -8.964373
v 0.606180 8.653951 -8.277439
v 0.825328 9.995091 -7.317981
v 3.657001 8.359715 -7.940187
v 8.118484 4.629459 -8.382672
v 3.669460 10.143809 -7.829763
v 9.970347 4.087400 -8.107731
v 8.291429 6.575833 -8.300596
v 11.785378 1.615354 -7.678799
v 14.245877 -0.497840 -6.939517
v 12.995643 0.036743 -7.234840
v -9.002633 9.953812 -3.118885
v -10.079453 7.665366 -1.755561
v -7.131005 8.895691 -3.664184
v -11.398657 4.059864 0.403171
v -4.155049 13.551014 -6.183662
v -1.292553 11.684775 -6.597052
v 0.738746 12.503109 -7.527360
v 4.471792 11.492894 -8.732940
v -9.725738 5.859255 -1.496945
v 7.371133 8.699806 -8.569783
v 8.536174 7.781898 -8.630442
v 10.631123 6.085966 -8.720167
v 12.564771 3.847158 -8.408133
v 0.178050 13.640209 -8.165936
v 13.525268 1.057032 -7.535067
v -8.487999 -0.311426 1.528266
v -11.032061 1.009578 1.938734
v -11.804150 -0.004045 2.463139
v -9.462270 1.526021 0.534437
v -6.514725 12.413488 -5.007123
v -12.086124 7.350809 -1.406933
v -12.863832 2.572731 1.588034
v -14.859779 0.707641 2.403036
v -13.110637 4.327189 0.549017
v -13.996499 3.624274 0.934887
v -10.559922 8.814248 -2.340179
v -131.662750 0.805332 -3.657247
v -125.991791 -0.527949 -3.960879
v -125.288956 -1.150676 -5.482501
v -127.137009 -0.764211 -5.462223
v -121.223175 -1.213433 -5.208945
v -118.124168 -1.329103 -5.224349
v -113.753769 -1.525563 -5.356457
v -111.461205 -1.513691 -5.245267
v -130.810211 0.252921 -5.620591
v -131.002533 -1.601548 -6.633712
v -127.437820 -2.046563 -6.245952
v -129.904297 -1.682521 -6.464191
v -125.775124 -1.623854 -5.920255
v -135.074661 -0.480548 -7.828801
v -120.268410 -1.721871 -5.825140
v -136.197662 0.787350 -7.106480
v -135.389069 2.544661 -5.835760
v -125.133652 -0.706056 -4.470119
v -137.370438 1.505783 -5.337138
v -137.926605 0.754098 -5.870931
v -115.572105 -1.225905 -4.713690
v -110.051186 -1.370002 -4.832299
v -133.648819 1.774521 -5.769646
v -113.402565 -1.252516 -4.095868
v -120.649231 -1.017504 -4.568711
v -112.441765 -1.274697 -4.453797
v -103.975349 -1.445929 -4.782563
v -106.900406 -1.378420 -4.323511
v -99.299622 -1.471137 -4.759499
v -98.956131 -1.462610 -4.479056
v -97.138214 -1.471150 -4.675332
v -90.937050 -1.499203 -5.012550
v -84.485878 -1.527776 -5.270349
v -83.592583 -1.479167 -5.094844
v -78.862129 -1.494687 -5.424006
v -77.367798 -1.418954 -5.188133
v -87.487167 -1.487509 -4.999570
v -75.748192 -1.388114 -4.632878
v -90.309669 -1.472176 -4.783315
v -93.266792 -1.476760 -4.734635
v -80.036377 -1.422015 -4.962988
v -70.705299 -1.271964 -5.211751
v -85.343185 -1.476656 -4.540230
v -89.495224 -1.603582 -4.036443
v -91.947594 -1.493424 -4.439001
v -97.507294 -1.506515 -4.192482
v -103.901009 -1.425884 -4.349749
v -72.410439 -1.325973 -4.715762
v -117.096924 -1.124764 -4.237693
v -119.917038 -1.092325 -3.781348
v -114.958527 -1.206046 -4.144376
v -110.496956 -1.392939 -3.903476
v -82.802437 -1.456516 -4.650213
v -100.771706 -1.467331 -4.306569
v -135.405792 2.265993 -2.391482
v -127.045006 -0.511223 -3.535390
v -136.730057 2.313325 -4.445080
v 8.498004 -5.733265 -1.109589
v 6.571011 -7.343410 0.175094
v 9.512691 -4.604007 -1.010536
v 4.812575 -7.752682 -0.579297
v 7.196027 -7.112360 0.304975
v 11.091124 3.214378 -2.155682
v 12.508270 2.804661 -4.417133
v 12.738771 1.787967 -2.186700
v 4.790150 6.018543 -1.965066
v 9.065712 4.286461 -1.862471
v 13.796784 -0.173559 -2.005396
v 6.044545 -1.791280 1.815222
v 8.572141 -1.437202 0.784583
v 7.273719 -0.417832 0.701683
v 6.504068 3.352390 -1.072997
v 10.729687 -0.247049 -1.323521
v 7.552528 2.666441 -1.132204
v 10.322229 -0.502988 -0.630580
v 12.142526 -0.150269 -1.307099
v 10.932116 0.967717 -1.101730
v 13.771235 1.873598 -3.641541
v 11.282048 -1.339485 0.025956
v 7.584108 -3.293823 0.985937
v 13.915372 -2.975843 -0.841035
v 12.208297 -3.429920 -0.566493
v 6.802315 -4.436423 0.543874
v 8.553118 -3.654492 -0.099813
v 9.651642 -3.109321 0.283250
v 6.031232 -3.940604 1.412701
v 5.330307 -4.607939 0.836139
v 4.129331 -3.359598 1.293506
v 3.172982 -1.636145 1.168909
v 4.193286 -1.063429 1.048898
v 4.394939 -4.698766 1.034416
v 3.765275 -2.248138 1.167037
v 2.516227 -2.144556 0.970064
v 6.348263 -10.549674 -0.804162
v 7.735912 -9.799861 -0.349917
v 13.631206 -5.740411 -1.671313
v 12.539855 -4.884772 -0.652044
v 5.337112 -10.318357 0.489525
v 10.616556 -7.477456 -0.349861
v 3.309351 -10.696390 0.521385
v 4.471313 -8.727131 1.270769
v 2.416645 -9.453163 1.394331
v 0.984582 -8.420742 1.609984
v 12.593535 -3.782582 -0.867541
v -0.187055 -7.148077 1.510950
v 7.565153 -8.672262 0.609230
v -1.079173 -2.290460 1.117152
v -1.308882 -6.989746 1.215905
v 10.692123 -5.281195 -0.028462
v 9.111772 -5.733893 0.197512
v 0.113551 -2.526310 0.468046
v -0.274008 -1.057231 -0.206579
v 2.654490 -3.332457 0.917240
v 3.600432 -4.232867 0.913247
v 2.915662 -5.913962 0.612045
v 1.532767 -1.525506 1.202721
v 5.412851 -5.684151 0.381065
v 7.583910 -4.175401 0.353876
v 6.700985 -7.081289 -0.800076
v 10.053495 -4.142029 -1.580567
v 10.516090 -3.801162 -1.226958
v 1.308625 0.790059 -0.326535
v 1.473777 -6.729485 -0.282534
v 1.694010 -5.286825 0.899050
v 9.833368 -3.657181 -1.031842
v -0.643285 -1.694678 0.498122
v 2.666187 -7.720203 0.807479
v 0.633765 -5.689131 0.048984
v 0.084710 -6.127134 1.002575
v -0.395501 -4.303826 0.218080
v 56.930695 7.096083 -5.201182
v 58.824337 8.508952 -5.820276
v 57.439892 7.593302 -5.409969
v 60.031528 8.688006 -5.620480
v 60.322884 8.313902 -4.786827
v 60.759926 8.793585 -5.656682
v 56.213829 6.433686 -4.585339
v 65.070999 4.471468 -2.508051
v 64.942055 4.892602 -3.679975
v 59.946789 3.016455 -2.500483
v 57.906425 2.433768 -2.147606
v 55.465431 2.029382 -1.270857
v 62.206753 3.290405 -1.316926
v 64.925240 3.568778 -1.270587
v 58.848976 2.270774 -1.259178
v 54.861458 3.426268 -2.857475
v 62.648037 1.319967 -0.066026
v 54.503643 0.977701 -0.161729
v 63.587345 2.291423 -0.424197
v 60.195698 0.574972 0.004850
v 66.413795 4.335200 -3.241680
v 66.513283 3.090860 -1.340585
v 67.354141 3.844924 -3.041039
v 68.847298 2.497919 -2.645989
v 70.125198 1.584761 -2.827497
v 45.028091 -9.564571 -3.922831
v 40.713528 -6.813969 -5.347826
v 40.019455 -5.408306 -4.758834
v 38.977417 -4.398108 -5.428128
v 49.530849 -12.262745 -2.462985
v 42.605061 -7.027436 -6.217864
v 41.229961 -6.136190 -6.406071
v 41.332310 -5.914113 -7.265568
v 38.856388 -3.623824 -8.400224
v 38.875324 -4.216150 -7.241038
v 40.188431 -4.821706 -7.501701
v 44.233601 -8.066781 -5.880803
v 47.685402 -10.216048 -5.154172
v 47.418240 -10.737971 -3.869674
v 51.571404 -12.635874 -2.694974
v 1.017203 -12.386903 -5.151655
v 0.949306 -15.490775 -4.700431
v 0.196693 -14.511418 -5.817335
v 0.097406 -8.609409 -7.179982
v -0.173578 -7.270038 -7.822316
v 0.137447 -12.338445 -6.602282
v 0.297023 -8.371086 -7.693244
v -0.447134 -10.858962 -7.188110
v -0.971545 -6.952806 -8.259012
v -0.335811 -16.251017 -4.962953
v 0.463093 -9.244619 -6.082891
v 10.886045 14.225389 -4.424093
v 9.531183 13.863706 -4.337082
v 12.003491 14.470920 -4.798897
v 11.868756 14.078286 -3.985789
v 8.937326 13.547849 -3.040807
v 6.643744 11.413490 -0.699589
v 4.865489 11.374817 -1.216928
v 3.202963 9.891915 -0.131386
v 1.264601 7.550337 1.014733
v 0.556034 4.905180 1.919295
v -4.766690 -11.505470 4.100430
v -3.363734 -8.321669 2.872655
v -3.269746 -6.449026 2.710550
v -5.545073 -11.986810 4.289413
v 5.901654 7.304309 -0.322539
v 7.019310 7.465959 -1.389624
v 4.492776 5.726011 -0.480120
v 5.767980 6.529351 -1.502382
v 8.869623 8.303480 -2.106501
v 10.769204 9.263502 -2.739717
v 12.246191 9.444338 -3.682797
v 13.609402 9.663033 -4.370862
v 3.369234 5.126104 0.555167
v 14.741871 10.505382 -4.419189
v 7.773848 8.729584 -0.850100
v 12.146189 10.192175 -3.060794
v 1.472298 3.906776 1.619757
v 1.089805 3.016001 1.573806
v 0.078003 1.280169 1.776025
v 4.058846 6.988525 0.830837
v 5.038198 9.105416 0.469785
v -2.139754 -0.333507 2.712292
v -3.069690 -4.564866 2.672079
v -2.095434 -2.590257 2.361170
v 1.689438 5.516082 1.682006
v 18.389277 12.647116 -5.893758
v 12.675030 11.311501 -3.049026
v 16.114614 11.370602 -4.797945
v 20.446003 10.270432 -6.429196
v 3.078537 7.873054 1.156289
v -4.326353 -5.514231 3.207870
v 13.608037 13.679152 -3.986013
v -0.649664 2.835937 2.313200
v 11.869801 12.940941 -2.973746
v -0.765735 -1.011276 1.618110
v -4.150666 -8.573867 3.863481
v 22.102650 9.017191 -6.670127
v 4.607532 10.185225 0.068352
v 20.453077 8.077533 -6.596600
v -3.595329 -3.722394 2.952523
v 23.364511 7.135188 -6.557303
v -2.186620 1.522331 2.478659
v 18.801830 9.426561 -6.260682
v -1.691775 3.509307 2.021105
v 15.221642 9.398391 -5.597818
v -5.496074 -7.314486 3.751435
v -6.255291 -12.552358 4.146156
v -6.955523 -13.279895 3.381171
v 26.374853 9.970788 -9.653728
v 34.489124 1.352460 -6.918818
v 21.155024 13.367373 -8.287844
v 19.650587 13.603181 -7.313096
v 24.926132 8.410373 -7.208684
v 25.240835 10.564016 -8.813920
v 32.716171 1.765212 -5.943926
v 16.573244 14.298959 -6.110727
v 22.364044 11.667673 -7.608701
v 15.985096 12.851420 -4.801764
v 29.850050 5.094834 -7.176573
v 27.743219 7.327022 -7.732564
v 8.869635 12.088049 -1.455904
v 25.141357 6.172725 -6.470674
v 30.495073 2.279756 -5.571874
v 25.562290 4.904486 -6.163279
v 27.080555 4.823942 -6.178920
v 28.827637 1.200607 -4.836308
v 27.155420 3.179245 -5.630141
v 54.891804 -16.774458 -2.329524
v 60.500282 -15.042651 -3.035288
v 56.288334 -16.417673 -2.848631
v 57.953243 -15.743637 -3.572170
v 61.295673 -14.576514 -3.706362
v 52.777149 -17.044460 -3.016855
v 51.134224 -17.217121 -2.752044
v 50.101273 -17.095640 -3.182393
v 63.371868 -13.534472 -3.951499
v 63.847443 -12.432302 -4.780591
v 57.646671 -14.883789 -4.554986
v 54.098763 -16.387270 -3.908905
v 54.287113 -15.761212 -4.431013
v 66.736687 -10.803716 -4.675333
v 54.988125 7.008791 -7.721716
v 55.531734 8.239497 -7.453323
v 53.029533 8.130527 -7.127228
v 54.593452 8.640450 -6.503411
v 57.173733 9.884353 -7.513436
v 58.802097 10.881652 -7.295038
v 58.727989 9.919258 -8.012266
v 61.256065 10.508147 -7.852950
v 61.930115 10.315922 -7.777069
v -133.660477 -9.144313 -2.760451
v -131.343567 -8.070116 -3.033671
v -128.366241 -7.353673 -3.511159
v -130.325195 -7.771078 -2.075785
v -128.958450 -6.994844 -1.575231
v -131.549591 -7.409629 -1.067920
v -125.896263 -6.600647 -1.848880
v -135.020477 -9.511676 -0.968001
v -125.320816 -6.354728 -1.653689
v -135.003967 -7.531961 0.674641
v -128.613937 -5.565695 -0.817864
v -125.881958 -6.063809 -1.403390
v -120.994110 -6.074347 -1.512136
v -119.173935 -6.367182 -1.735658
v -113.332214 -6.516149 -1.864412
v -111.866936 -6.341294 -1.737484
v -107.470192 -6.455301 -1.845238
v -101.935226 -6.536075 -1.930322
v -98.657646 -6.631895 -2.004816
v -95.426414 -6.758407 -2.108914
v -92.332924 -6.631629 -2.007742
v -89.311935 -6.650387 -2.021091
v -87.482750 -6.781987 -2.120505
v -84.367401 -6.786057 -2.074406
v -137.167816 -7.955146 -0.382373
v -116.657448 -6.163235 -1.611407
v -124.661758 -5.985379 -1.415943
v -112.536331 -5.975134 -1.547182
v -80.232590 -6.980153 -2.227211
v -75.349037 -7.049115 -2.219904
v -70.495354 -7.083385 -2.152927
v -61.795925 -7.178721 -2.175439
v -58.164986 -7.256984 -2.190935
v -55.436840 -7.348195 -2.260073
v -53.822880 -7.512838 -2.399836
v -54.514240 -7.163627 -2.123857
v -51.698616 -7.506565 -2.295086
v -49.007961 -7.615845 -2.354481
v -43.237423 -7.838047 -2.373218
v -41.770035 -7.407462 -1.980631
v -39.940540 -7.990438 -2.327719
v -38.343407 -7.919411 -2.152287
v -36.359642 -8.061541 -2.132431
v -34.890385 -8.454737 -2.400503
v -31.404539 -8.262443 -1.973215
v -31.835470 -8.685451 -2.442840
v -29.251394 -8.592391 -2.123349
v -23.862286 -8.869757 -1.978619
v -22.072849 -9.140738 -2.143689
v -20.042490 -8.855641 -1.670523
v -19.000910 -9.247415 -1.974758
v -26.554207 -8.495019 -1.847562
v -13.912524 -9.636228 -1.943648
v -13.224841 -9.117356 -1.340145
v -9.023084 -9.357043 -1.150929
v 64.317200 7.167904 -6.068289
v 64.392082 8.056351 -4.229773
v 62.781151 8.136623 -6.639534
v 61.615101 8.328329 -6.494859
v 61.093266 9.869025 -4.439671
v 62.044338 9.083508 -4.688429
v 59.628765 8.857365 -7.612407
v 61.459457 8.745529 -7.207349
v 58.102207 8.400066 -5.318939
v 53.387238 -13.082267 -2.656984
v 56.306393 -13.975122 -1.699985
v 53.074932 -14.097252 -1.568530
v 54.830372 -12.710432 -3.831882
v 56.514648 -13.095575 -2.582679
v 55.815109 -12.931338 -4.454451
v 62.192905 -11.290994 -3.641273
v 64.229942 -10.362967 -2.543875
v 64.979965 -9.778620 -4.326667
v 65.684540 -9.098684 -2.487867
v 65.968109 -8.885776 -4.580008
v 5.227092 5.747349 -10.722182
v 1.003704 8.171689 -9.876356
v 7.501668 3.711911 -10.311820
v 2.924260 7.062881 -10.012311
v -0.021663 9.005291 -10.239284
v 10.568810 0.613059 -9.950691
v 7.495660 4.231888 -11.018183
v 11.568477 -0.488420 -9.855147
v -1.786590 9.563967 -9.666608
v 6.218312 5.861200 -11.503027
v -0.324266 10.089803 -10.899501
v -3.051809 9.646664 -8.995847
v 3.227581 7.919519 -11.344090
v 14.745651 -3.793305 -8.958048
v 11.505471 1.046004 -10.880235
v 13.555943 -3.955957 -8.406076
v 13.211158 -6.418195 -6.834739
v 14.205275 -6.761517 -7.650537
v 13.432838 -4.903000 -7.773184
v 13.212840 -5.546419 -6.357063
v 11.433799 -0.822042 -8.338272
v 12.085611 -1.963312 -8.149892
v 10.473962 0.485787 -8.650229
v 24.996853 13.011367 -11.654275
v 22.034060 15.407128 -10.352304
v 20.870981 16.804564 -9.361122
v 27.408524 11.082026 -12.129248
v 27.005352 14.757727 -11.043597
v 23.625572 14.905321 -10.617705
v 29.011889 9.672644 -12.598577
v 28.845251 8.655287 -12.639570
v 25.280241 10.819830 -13.236783
v 27.755365 8.617044 -12.456427
v 19.452986 16.113174 -9.496503
v 15.594698 -3.789017 -0.135991
v 14.116339 -4.153530 -0.585020
v 17.314333 -6.364578 -1.038202
v 15.453409 -5.656242 -0.628992
v 17.867805 -4.572158 -0.692371
v 18.280674 -6.652986 -1.860228
v 14.232312 -6.300578 -1.633429
v 14.750765 -1.497713 0.164948
v 14.694753 -2.253156 0.180432
v 16.766245 -3.026588 -0.091502
v 18.488131 -2.335921 -0.850980
v 18.623735 -6.519145 -2.593855
v 35.712738 -8.979846 -8.014194
v 38.949821 -10.925608 -6.493921
v 39.897018 -10.914351 -7.104097
v 42.243851 -12.467550 -5.526609
v 42.707394 -13.052123 -5.161916
v 44.290321 -13.096012 -5.568396
v 41.414612 -12.262037 -5.307930
v 38.034748 -9.877836 -7.751966
v 44.980499 -12.189577 -6.411389
v 40.328243 -11.741087 -5.284914
v 32.386192 -6.232602 -9.843140
v 33.498650 -7.814941 -7.820799
v 31.271107 -5.880872 -8.855490
v 34.804050 -8.641964 -7.007396
v 24.484915 5.924078 -14.299525
v 24.247824 4.340826 -12.823877
v 26.166647 2.275659 -13.182036
v 22.492420 8.761970 -14.089543
v 28.316877 -1.771004 -11.627485
v 26.154221 0.776977 -11.723119
v 23.268950 6.815747 -13.261206
v 25.457943 2.089487 -12.338909
v 24.928272 3.075473 -11.965611
v 28.173916 -2.152625 -10.034243
v 26.904406 -0.449340 -10.827496
v 26.737400 4.595240 -14.428084
v 26.745670 6.220478 -15.024875
v 22.490377 10.768394 -15.369339
v 23.001703 9.221869 -15.019051
v 29.906301 -1.693809 -12.182371
v 30.593548 -2.976659 -11.625230
v 26.478174 7.673696 -15.422195
v 25.734060 9.472674 -15.667482
v -9.982289 10.006659 -6.528813
v -11.365086 9.320148 -5.556636
v -16.161785 4.572220 -3.519217
v -7.446839 11.379300 -7.985069
v -13.584738 5.570997 -4.580771
v -4.208494 11.905508 -9.698422
v -7.526768 10.356567 -7.977576
v -10.619789 8.066875 -6.233291
v -2.862317 11.100576 -10.238853
v -2.274203 12.366053 -10.537192
v -3.637439 12.943886 -9.836753
v -18.571205 3.851184 -2.653015
v -20.060274 2.767453 -2.672195
v -4.997638 12.926729 -9.128091
v 66.633606 8.873811 -4.817660
v 64.899864 9.821978 -6.245650
v 60.476662 10.911307 -7.529165
v 61.399487 11.246589 -6.537478
v 59.666164 11.256410 -5.925985
v 63.227432 9.922560 -7.540065
v 61.980225 10.825097 -5.123947
v 57.525856 10.806565 -6.073704
v 60.722149 10.977171 -4.907606
v 58.939785 10.867286 -4.996246
v 54.601067 8.699050 -5.316136
v 54.405804 7.708726 -3.968253
v 55.512043 8.829181 -4.431971
v 57.213451 10.220946 -4.698108
v 56.387611 10.057064 -6.470572
v 3.470596 4.228058 -6.413037
v 4.924075 3.977859 -5.900085
v 7.888026 3.471410 -5.313818
v 1.582191 3.561833 -6.951149
v 0.392026 2.372639 -7.306184
v 20.534647 19.725780 -10.381350
v 14.749124 18.836058 -7.586239
v 13.150265 18.589212 -7.146097
v 11.353428 18.407019 -6.867891
v 20.396959 18.939926 -9.351819
v 23.251396 18.675852 -10.381458
v 8.209216 15.689126 -4.380353
v 17.275936 19.322792 -8.593212
v 16.465424 17.892979 -7.713789
v 5.980127 13.828717 -3.187593
v 22.508566 17.921576 -9.787963
v 15.393179 17.229759 -7.238780
v 11.866510 17.176010 -5.909195
v 5.955004 12.301003 -2.655109
v 26.726528 17.571110 -11.533901
v 18.666939 18.085957 -8.530313
v 7.661860 13.191260 -3.740010
v 13.884291 16.731260 -6.671397
v 4.408779 12.272124 -2.334054
v 3.607833 10.882900 -1.627434
v 28.831936 13.815381 -11.947571
v 23.018211 16.723444 -9.933020
v 29.984056 14.835231 -12.745745
v 30.117352 15.706572 -13.196754
v 29.140417 16.857012 -13.245033
v 8.250823 8.825533 -11.682994
v 6.962056 9.521791 -11.805729
v 5.817259 10.891842 -11.183299
v 9.411752 8.250528 -11.456473
v 4.923803 10.189409 -11.897880
v 0.841100 12.599329 -11.038877
v 2.908604 9.998040 -11.875093
v 8.022326 7.281006 -12.208092
v 10.289076 4.846322 -11.984219
v 10.356164 3.832058 -11.811601
v 11.838056 3.315204 -11.647115
v 12.587132 1.982099 -11.340064
v 14.319082 0.424151 -10.707476
v 14.742066 -2.320306 -9.710036
v 15.855165 -2.251359 -9.670335
v 62.985260 7.083668 -5.055403
v 59.741932 6.412313 -3.686774
v 61.149368 7.479338 -3.843508
v 61.576111 5.750650 -3.341925
v 58.065582 6.834981 -3.816795
v 56.430439 2.772642 -2.475155
v 58.777538 3.979577 -2.981289
v 61.644154 3.916742 -2.660784
v 63.419781 4.554951 -2.805931
v 56.379261 4.535651 -3.285411
v 56.656063 5.690643 -3.655151
v 70.986198 2.593740 -3.227051
v 71.908173 1.416511 -2.723475
v 67.719780 5.420740 -3.273703
v 68.767090 5.851740 -4.247929
v 66.843292 8.052244 -4.539454
v 66.466660 8.479988 -4.247056
v 59.629833 9.930369 -4.406590
v 57.093399 8.440756 -4.131341
v 53.485710 5.829987 -3.491684
v 52.734024 7.390600 -3.868353
v 54.138416 4.410674 -3.075305
v 54.836399 4.897157 -3.233823
v 64.934288 9.263937 -4.406439
v 65.801643 7.067103 -3.441351
v 69.164925 3.876282 -3.022968
v 58.555672 9.267323 -4.447859
v 51.963276 8.785563 -4.436791
v 63.255222 8.697491 -4.445616
v 68.304115 3.067827 -2.926877
v 64.648659 5.436416 -4.496676
v 55.329960 5.517304 -3.931695
v 58.830376 5.242870 -3.447867
v 9.929841 1.066792 -8.933501
v 8.647970 2.608508 -8.975888
v 8.149847 3.510973 -8.623991
v 5.278279 5.582894 -9.055055
v 3.811363 6.769709 -8.827491
v 2.503922 7.520819 -8.779376
v 6.946559 4.238995 -9.199952
v -0.463847 8.749903 -8.852773
v 9.082896 2.292918 -10.383735
v -17.374226 4.964705 -2.193265
v -15.025516 5.610320 -3.996731
v -13.860748 7.580690 -4.016539
v -7.045295 13.113126 -6.519923
v -6.462709 12.909494 -7.995850
v -4.414193 14.044269 -8.037490
v -19.721949 3.688045 -2.118157
v -21.550131 3.131580 -2.348598
v -22.767761 2.999153 -2.296292
v -23.906189 2.837798 -3.262358
v -26.577621 1.047251 -2.073900
v -25.506847 2.019291 -1.730104
v -23.068085 0.123771 1.302587
v -23.224785 1.659201 0.056541
v -18.435516 3.458263 -0.055385
v -12.863621 8.483189 -2.894221
v -11.229380 10.206076 -4.054953
v -14.957969 6.848934 -2.269908
v -15.432997 4.941126 -0.337646
v -8.060144 11.390773 -4.128222
v -9.191771 11.888167 -5.723305
v -5.186986 12.980822 -5.684729
v -2.315223 14.273171 -8.077412
v -3.044762 14.173218 -8.986981
v -0.969738 14.154833 -8.439625
v -23.301081 -1.287288 1.458136
v -18.499044 0.562598 2.240231
v -16.238934 2.050140 1.666261
v 9.174642 1.196066 -1.096534
v 7.050856 2.398794 -2.147027
v 6.625472 2.229357 -1.935253
v 5.098135 2.986977 -2.092519
v 4.089855 3.087861 -1.604772
v 3.351742 2.785906 -1.775035
v 3.471397 3.407786 -0.865609
v 9.573202 -9.096908 -5.344207
v 7.752554 -9.356536 -3.718454
v 3.129979 -9.467881 -4.293854
v 7.580212 -8.427266 -3.016253
v 5.904213 -9.314725 -3.642216
v 65.010826 5.543776 -7.316010
v 7.569021 11.863638 -5.645030
v 9.976818 13.508884 -6.907100
v 6.944168 11.309176 -4.899719
v 8.681875 12.535646 -5.976636
v 10.013017 13.395230 -6.087582
v 12.450394 14.755409 -8.265617
v 14.230041 15.268098 -8.217216
v 15.127031 15.625506 -8.213292
v 16.930954 15.727275 -9.479834
v 12.196918 -9.932031 -4.675717
v 13.732066 -11.468559 -2.734259
v 13.008699 -8.266038 -5.073133
v 13.950686 -8.853380 -4.039954
v 11.355631 -13.378045 -1.805096
v 16.784849 -7.620909 -4.199422
v 15.501790 -10.052381 -3.232067
v 10.115544 -14.430155 -0.898638
v 6.405228 1.589712 -8.314061
v 8.799885 -0.578017 -8.085970
v 4.950406 2.146421 -9.076184
v 7.162220 1.247242 -8.669975
v 8.157912 8.195992 -4.285793
v 9.297530 9.009985 -5.386774
v 7.225545 7.331151 -2.924854
v 5.096407 7.412985 -3.483930
v 13.975685 9.099906 -6.597423
v 16.302958 14.759657 -7.345400
v 17.484316 14.320018 -8.430004
v 14.585777 14.605348 -7.202326
v 13.152318 13.868165 -7.467575
v 17.213375 13.495990 -9.281887
v 18.778820 11.218943 -10.454439
v 10.303124 13.068380 -6.320518
v 20.313313 11.640997 -10.674954
v 22.677490 10.444123 -10.993088
v 11.193856 13.926348 -6.280933
v 7.677527 11.195177 -5.317232
v 5.538342 10.223375 -4.345245
v 15.258091 13.263061 -8.826182
v 17.003803 10.782085 -9.689844
v 11.896597 12.194688 -7.514294
v 20.553839 8.543673 -10.628365
v 22.540203 8.906326 -11.050834
v 22.788391 7.678248 -10.933102
v 20.401388 5.202813 -8.496634
v 24.111130 0.117233 -7.631343
v 18.549107 7.071721 -8.400833
v 19.755819 7.110021 -9.594622
v 24.487318 -1.007680 -6.749809
v 22.152136 3.100153 -8.451636
v 23.658743 1.568838 -8.411880
v 14.482889 9.936185 -8.022019
v 17.374338 8.688431 -8.939578
v 22.314129 4.599613 -9.624543
v 21.618374 6.699416 -10.310996
v 24.985241 -0.122513 -8.009727
v 24.855566 2.124404 -9.246363
v 23.020481 3.648336 -9.397803
v 11.822782 9.506287 -6.544435
v 13.441667 11.521877 -8.219965
v 7.063011 9.130163 -4.803923
v 2.614264 6.934870 -2.815111
v 1.924779 8.010735 -4.039844
v 3.808816 8.645201 -3.554642
v 5.468322 10.940484 -5.514051
v 23.762800 11.912662 -15.423309
v 21.019030 12.251598 -15.333999
v 26.562952 11.080166 -15.333907
v 68.799049 -6.949439 -4.013613
v 68.205887 -7.955159 -5.543624
v 69.243080 -5.200005 -2.587182
v 69.276497 -5.515976 -5.201133
v 70.035515 -5.312685 -3.430301
v 53.625267 -10.407700 -3.263070
v 54.535389 -9.256884 -2.847005
v 54.516346 -8.781371 -1.935994
v 1.458508 -17.597429 1.476971
v -2.854976 -14.773175 1.832578
v 3.168370 -18.606920 0.309000
v 4.169894 -18.840433 0.286269
v -3.021709 -14.181137 2.299701
v -1.224522 -15.444654 2.401872
v 1.118175 -15.612473 2.665493
v -3.833327 -12.973241 2.551766
v 5.682607 -17.150276 1.821208
v 3.581481 -16.605223 2.297654
v 11.503939 -17.678896 -0.313874
v 13.566442 -17.375496 -1.746200
v 14.342014 -15.859170 -1.470054
v 9.034687 -17.679056 0.805038
v -2.087760 -13.357942 3.029102
v 16.325426 -12.283432 -2.759532
v -3.487739 -9.583968 2.975688
v 16.798866 -9.425857 -3.692489
v 14.816918 -12.445710 -2.244648
v 13.241345 -13.442565 -1.636789
v 7.441084 -15.529682 0.681873
v -3.321160 -11.112875 3.107477
v -2.165247 -10.132021 2.603754
v 11.924899 -15.371028 -0.476355
v -2.482679 -7.949833 1.841557
v 9.201791 -15.475510 0.130529
v 17.695742 -9.872575 -4.597845
v 15.342181 -14.265584 -1.938003
v 17.849800 -6.960816 -5.018470
v 16.412140 -14.225022 -3.172494
v 15.815027 -15.338491 -3.218156
v 14.396885 -16.956982 -2.868232
v 10.603549 -18.895088 -1.164776
v 15.264488 -16.042414 -3.155146
v 3.647575 -13.655252 0.119422
v 6.913831 -14.631353 -0.199193
v 5.269530 -14.813887 0.932592
v 1.368040 -13.677128 2.363514
v -0.474046 -11.270439 1.966589
v -0.924385 -9.975110 0.915070
v -1.472949 -8.591912 0.706679
v 58.330608 7.111995 -7.024383
v 56.699352 6.079322 -6.779653
v 55.962746 4.546982 -7.142263
v 55.229828 3.564599 -7.429468
v 59.791039 7.688416 -7.157862
v 58.823257 8.535709 -6.387196
v 59.851387 8.735998 -6.648540
v 54.895660 4.457089 -7.324321
v 57.694778 7.709816 -6.487054
v 67.037720 8.668238 -6.536764
v 67.296280 7.213159 -5.624927
v 66.847237 7.387188 -7.614185
v 67.187775 6.528048 -3.692839
v 68.168129 5.972742 -5.574983
v -16.515732 -1.498680 2.849294
v -14.627059 -1.980278 2.226773
v -10.742330 -1.973434 2.479741
v -10.570107 -3.438350 0.981546
v -13.174542 -1.771876 2.365422
v -9.097402 -4.055275 0.691678
v -11.546559 -3.158240 0.446123
v -12.623286 -2.589617 1.025452
v -13.022850 -2.379958 0.367197
v -9.293005 -3.096221 2.044258
v -17.858007 -1.727212 2.848187
v -13.070649 -0.495296 2.546679
v -7.056310 -2.595337 1.455437
v 1.580598 3.917215 -8.753119
v 1.124949 2.870251 -6.882018
v 3.009019 4.658703 -7.618234
v 5.036196 4.870627 -6.633651
v 3.433406 4.378097 -8.960957
v 2.408015 3.469759 -6.479146
v 0.437698 2.814044 -8.497376
v 8.843226 3.924397 -5.870974
v 9.817980 3.334239 -5.451181
v 10.294587 3.288908 -6.036594
v 22.165644 19.353067 -10.428473
v 15.531934 19.608385 -8.859279
v 15.783853 19.241100 -10.501282
v 13.709860 18.789221 -9.905725
v 17.735210 19.972757 -10.036100
v 12.493611 18.956160 -8.484046
v 24.857321 18.767841 -11.437465
v 24.668154 17.897596 -10.632366
v 25.562593 18.352213 -11.394444
v 64.887016 -6.071444 -3.182281
v 63.117664 -8.487649 -2.760216
v 65.637047 -4.500413 -2.802712
v 63.645401 -7.832249 -4.210289
v 64.648132 -5.351313 -1.880381
v 64.709724 -6.269012 -4.463870
v 66.037247 -4.584145 -4.983852
v 61.937286 -9.071562 -2.457516
v 61.858269 -10.532146 -3.396816
v 66.610825 -3.528358 -1.958400
v 60.617645 -11.034163 -3.639627
v 66.529800 -2.416911 -0.884959
v 67.660767 -1.480926 -1.094953
v 64.816536 -4.728347 -5.424539
v 61.655163 -9.527733 -4.177694
v 60.475952 -10.463744 -1.477632
v 65.748222 -5.265582 -3.209612
v 2.575053 11.766685 -11.454318
v 4.389817 11.732172 -10.970790
v -1.513787 13.738295 -10.052209
v 0.885582 13.570311 -9.741380
v -3.828771 14.169172 -8.473104
v 40.867523 -15.655592 -1.096047
v 39.078514 -14.738609 -0.713254
v 42.401974 -16.170893 -1.019215
v 38.672825 -14.702670 -1.475398
v 42.043438 -16.098839 -2.038205
v 44.279331 -16.776497 -1.323191
v 37.499645 -14.016007 -1.927495
v 44.942429 -16.732512 -2.753167
v 47.223820 -17.274694 -2.626903
v 48.889217 -17.435778 -1.613958
v 42.411995 -15.257106 -3.655585
v 51.378773 -16.162346 -4.379621
v 48.107414 -15.852592 -4.527522
v 36.128193 -13.202537 -0.938488
v 31.295370 -9.546109 -2.298020
v 32.048958 -9.359552 -4.034026
v 30.031351 -8.291068 -3.195529
v 34.629387 -12.276488 -1.904738
v 39.868015 -14.796097 -2.819198
v 30.215897 -6.921646 -5.272890
v 33.522156 -10.699544 -3.456628
v 26.968628 -3.727962 -6.243053
v 34.865318 -9.883083 -4.817295
v 37.394039 -12.988434 -3.573437
v 34.277039 -6.465674 -6.506139
v 27.126282 2.896124 -9.840816
v 35.060314 -7.338231 -6.120532
v 26.242878 0.057280 -8.555002
v 27.260439 -2.281773 -7.534329
v 33.658375 -7.050663 -6.003326
v 30.913328 -4.728423 -6.827573
v 25.973425 3.887110 -10.075041
v 28.271788 -0.001737 -8.681889
v 29.367319 -2.109307 -7.877803
v 37.119892 -9.619408 -5.441375
v 33.200615 -4.793349 -6.986392
v 31.325499 -2.776920 -7.761194
v 45.042267 -15.115767 -4.575017
v 45.478416 -13.312991 -5.619251
v 40.422298 -13.207117 -4.541712
v 23.422461 6.354143 -10.660517
v 47.720982 -13.377514 -5.763025
v 42.909737 -11.872785 -6.570515
v 36.425579 -8.327446 -8.879974
v 34.379955 -7.680514 -9.076742
v 32.349483 -4.788588 -10.854724
v 24.490152 4.883900 -10.377672
v 32.201641 -2.904621 -7.612966
v 30.352718 -1.501972 -8.296393
v 68.563286 -8.877181 -4.963966
v 66.285492 -10.101648 -5.107129
v 65.111847 -11.982524 -4.632466
v 59.772243 -14.495659 -4.361347
v 60.571960 -14.007878 -4.524588
v 55.866764 -15.478408 -4.431563
v 61.590950 -12.805488 -4.685556
v 52.710545 -15.061848 -4.986191
v 50.441441 -13.758969 -5.579107
v 54.757275 -14.278184 -4.991252
v 50.262264 -15.280382 -4.993459
v 47.448883 -12.306046 -6.131415
v 66.835777 -9.213584 -5.259896
v 41.713673 -10.269424 -7.595198
v 44.631420 -10.459841 -7.043156
v 67.017418 -7.753582 -5.671434
v 67.507072 -7.327477 -5.799475
v 41.353382 -7.999948 -8.201467
v 38.471046 -8.889463 -8.566223
v 31.999664 -2.562232 -11.883702
v 33.858864 -3.634718 -11.259014
v 34.571571 -5.593721 -10.470431
v 28.324913 6.760653 -15.351315
v 30.265093 7.915398 -15.764312
v 30.068630 5.806954 -14.807307
v 30.336399 4.208467 -14.289742
v 30.732239 0.372452 -13.027099
v 29.612885 -0.237544 -12.813656
v 32.085495 -3.823933 -11.368363
v 28.398314 3.042655 -14.046241
v 33.599007 -2.077335 -11.733498
v 33.179729 2.062989 -12.709414
v 31.793386 8.140125 -15.346409
v 51.991978 -13.509329 -5.377385
v 35.558727 -4.428298 -10.628112
v 39.012791 -7.709870 -8.934354
v 38.174835 -6.153307 -9.472744
v 68.647850 -6.389952 -5.461185
v 31.305357 10.417184 -16.174618
v 32.670208 11.824723 -15.790863
v 69.142296 5.629713 -5.748466
v 53.388515 8.379267 -5.988157
v 53.400925 7.956898 -4.293354
v 51.840343 9.442868 -6.928586
v 49.541618 11.152839 -6.868485
v 50.098362 9.036922 -8.649778
v 49.445061 7.456036 -8.920307
v 51.052383 6.893207 -8.928145
v 53.227505 0.579776 -9.571967
v 53.615612 -1.141128 -9.421398
v 54.789391 0.585751 -8.272017
v 50.579762 5.403142 -8.709473
v 53.040413 2.006523 -9.152594
v 51.316204 4.103234 -8.353732
v 29.204231 -5.890001 -2.504572
v 32.073730 -10.140201 -1.808202
v 30.232428 -7.859350 -2.137151
v 33.113174 -11.095729 -1.508543
v 34.982319 -11.559445 -0.409800
v 30.564240 -8.800991 -2.598091
v 27.854790 -5.958147 -4.079041
v 28.891363 -7.118196 -3.569099
v 31.833307 -8.049518 -1.133210
v 33.481483 -9.840418 -0.563125
v 31.412918 -5.029675 -1.835971
v -1.121387 1.756602 -6.938425
v -1.045175 5.727425 -8.060839
v -0.587200 3.169683 -7.027955
v 0.236109 5.553218 -8.385473
v 58.938606 7.950356 -4.787131
v 56.986412 6.791626 -6.625851
v 55.858139 5.487682 -7.060917
v -5.213416 -12.110189 1.745171
v -6.424011 -10.543896 1.612097
v -2.291470 -15.624596 0.987108
v -5.189190 -11.861446 2.464348
v -1.113634 -16.622923 0.391259
v -6.463341 -11.380400 2.167249
v -3.577499 -14.477485 0.810707
v 0.628643 -17.555151 0.259977
v 2.039318 -18.206156 -0.286762
v -0.454552 -16.847652 -0.155817
v 5.626385 -18.967636 0.383635
v 7.805511 -19.199257 -0.206247
v 6.915741 -19.113909 0.177929
v 52.480385 -12.449768 -4.743396
v 58.349350 -13.844321 -4.706889
v 59.787487 -13.027663 -4.617452
v 48.914761 -12.356277 -5.878541
v 56.712231 -6.661217 -4.636882
v 58.807732 -9.070380 -4.938509
v 56.775276 -7.895204 -5.114212
v -2.833095 6.135665 -1.307876
v -3.646591 4.469975 -0.828969
v -2.050810 7.160489 -1.120304
v 3.872213 13.652897 -5.555416
v 5.267070 15.051494 -5.886519
v 2.798430 13.116532 -4.419295
v 6.288315 15.879836 -6.285860
v 7.463585 16.313635 -7.196454
v 6.390313 14.996293 -7.025134
v -0.276260 9.738455 -3.184306
v 1.684791 11.718085 -4.379172
v 9.789433 17.426826 -8.381173
v 3.475102 12.199753 -5.663393
v -1.729311 7.535673 -2.498327
v -2.598921 5.400107 -2.172971
v -4.069387 2.729181 -1.221288
v 54.485229 -4.875699 -1.181982
v 53.757488 -7.505326 -0.887269
v 53.734943 -5.894791 -0.237576
v 52.390808 -9.131371 0.506983
v 52.941219 -8.973694 -0.983594
v 52.276154 -11.509838 -0.526731
v 52.724960 -10.426842 -2.367218
v 52.963017 -9.566501 -4.122702
v 52.404655 -11.804615 -3.214392
v 52.696369 -9.895292 -5.065843
v 51.950710 -12.584225 -1.715286
v 11.993409 8.833786 -4.629415
v 11.282286 8.738067 -5.145548
v 9.806890 8.262523 -3.465463
v 16.219875 8.927587 -6.625869
v 17.267372 9.740021 -5.945218
v 17.282249 8.451866 -6.905138
v 6.160866 6.918883 -2.605055
v 15.586874 8.906325 -7.202117
v 1.353664 -12.282793 0.471412
v -0.057927 -11.030440 -0.039629
v -1.768931 -9.561441 -0.869141
v -0.800265 -9.428841 0.350321
v 2.874235 -13.796757 -1.889725
v -2.204905 -6.572221 0.612305
v -2.744856 -5.900823 2.180499
v -1.881539 -5.296841 1.038623
v 19.428335 -3.520795 -8.203610
v 17.058516 -10.787217 -5.656748
v 17.494131 -6.907573 -7.180508
v 16.687271 -13.017638 -4.662771
v 15.027275 -14.724656 -4.941561
v 13.480805 -16.000065 -4.668621
v 15.399919 -12.362771 -5.966780
v 15.412212 -9.020526 -7.179041
v 16.123545 -4.918828 -8.554059
v 15.798182 -6.795765 -7.857242
v 13.944117 -12.351724 -6.161600
v 14.545119 -10.442545 -6.719306
v 12.213937 -16.696798 -4.436969
v 17.680737 -4.559369 -8.524632
v 16.784044 -3.631515 -9.366593
v 12.591265 -17.743515 -3.245824
v 10.775371 -18.150490 -3.285900
v 12.054211 -18.425293 -2.012920
v 17.151005 -11.878010 -3.704491
v 17.942486 -8.272564 -5.049761
v 17.745541 -8.350772 -6.057003
v 22.582432 12.239036 -15.146604
v 36.552544 -0.934553 -9.610582
v 35.581158 0.505537 -10.278018
v 37.573364 -2.194505 -9.097586
v 34.303162 2.597234 -11.597097
v 37.671154 -3.144347 -7.741241
v 36.033325 -1.482468 -8.501588
v 31.510761 8.217476 -13.819303
v 34.661480 1.694943 -10.458373
v 33.078163 3.669570 -11.077194
v 36.622971 -3.141075 -6.838789
v 34.813168 -0.459403 -8.747533
v 39.086365 -5.188584 -6.448349
v 27.487432 7.435191 -11.843179
v 30.692749 6.972054 -12.289674
v 28.757975 4.138320 -10.525206
v 30.871607 3.812449 -10.489935
v 33.140663 0.890895 -9.269201
v 26.549109 9.367700 -12.671083
v 25.731768 9.738557 -12.951325
v 30.766928 1.820224 -9.502476
v 26.145029 5.860902 -11.389758
v 31.622629 0.953763 -8.802603
v 23.290052 11.680460 -14.336512
v 23.680536 8.564255 -12.885759
v 7.437183 -10.066005 -1.773062
v 8.987136 -8.686327 -3.366863
v 5.032297 -10.543211 -1.562576
v 1.951740 -10.500090 -0.703425
v 0.772328 -10.276363 -0.000697
v 0.641277 -9.825982 -0.969249
v -1.377741 -8.456330 -0.519965
v 12.187648 -6.694145 -4.197154
v 13.943874 -5.954865 -4.136930
v 12.942329 -5.910356 -5.294681
v -2.265400 -7.137661 -0.574464
v -1.618563 -8.889729 -0.354909
v -0.106542 -9.622038 -0.607696
v 3.478152 -10.081800 -1.621296
v 3.292572 -9.028686 -1.719682
v 4.826746 -9.139296 -2.066711
v 7.213828 -9.509178 -2.617790
v 3.204539 -10.653358 -1.183510
v 0.455178 -8.057384 -1.475272
v 16.617506 -7.618315 -3.375280
v 15.046939 -7.142427 -2.300455
v 17.948284 -7.447413 -3.218523
v 14.077616 -6.309690 -2.890407
v 14.581499 -6.533762 -4.795881
v 15.120356 -7.190675 -4.222404
v 13.787917 -5.274168 -1.261911
v 14.303970 -5.684817 -5.186342
v 18.684116 13.490954 -9.585934
v 22.303858 11.902647 -10.539705
v 25.492205 10.480431 -10.266405
v 27.905827 8.379004 -9.363451
v 29.317631 6.892147 -8.939095
v 30.696856 5.383155 -8.666562
v 30.178211 5.577132 -9.144156
v 34.309837 1.476462 -7.414100
v 32.680294 5.592804 -12.800508
v 31.727985 7.401178 -14.082810
v 11.693492 18.135593 -9.239405
v 11.004883 18.503542 -7.796481
v 9.200784 17.557337 -7.669501
v 18.222565 19.028461 -11.531383
v 10.222038 17.223358 -8.729845
v 22.301891 19.128590 -12.270018
v 20.755960 19.450798 -11.763224
v 29.022999 15.157125 -15.260922
v 22.693701 17.570950 -13.313414
v 26.279789 16.657591 -14.335803
v 26.250969 15.213655 -14.814039
v 26.450914 13.631575 -15.086509
v 29.744534 13.228072 -15.906480
v 16.190521 18.296227 -11.113901
v 28.457170 12.059674 -15.852468
v 29.749735 10.530129 -16.136993
v 30.880806 11.937093 -16.150873
v 57.461246 -16.091011 -2.665401
v 50.844296 -17.264593 -1.762908
v 3.606254 4.828200 -0.722499
v 1.696636 2.785782 0.608064
v 0.382589 0.816059 1.038543
v -1.903550 -3.602231 1.784327
v -1.316218 -3.220034 1.094840
v 2.639702 3.743388 -0.419192
v 0.995499 1.754755 -0.566377
v 1.990509 2.102135 -1.276138
v 6.220344 4.307580 -1.010333
v 38.132851 -3.891495 -9.535426
v 36.282578 -1.143254 -10.480955
v 32.079655 5.900463 -13.720365
v 39.387600 -5.241168 -8.980647
v 36.080956 -3.331044 -10.617644
v 31.057468 6.866823 -14.784644
v 34.644798 0.106717 -11.734707
v 33.598377 3.915056 -12.005135
v 8.167389 -4.423028 -7.494752
v 11.002901 -4.176075 -7.769977
v 6.210962 -5.617104 -8.094545
v 6.856134 -5.254657 -7.850700
v 5.338946 -5.749033 -8.266697
v 11.480445 -4.399505 -7.399488
v 4.940662 -5.245007 -9.060720
v 9.033145 -4.065694 -8.273389
v 16.718048 15.955062 -10.473378
v 22.048218 14.457819 -12.034726
v 18.981133 16.427017 -11.848576
v 18.452631 15.672374 -10.442104
v 20.781675 15.293022 -10.745461
v 25.214472 11.712928 -14.225071
v 24.861214 13.734658 -14.256663
v 24.390123 12.295213 -13.257630
v 23.431353 13.410353 -12.767795
v 24.010838 15.643683 -14.033712
v 22.891451 15.762426 -13.512051
v 26.140459 11.657320 -14.923366
v 21.969234 15.757532 -13.022981
v 20.512476 15.364894 -11.813226
v 20.842318 17.201441 -12.848440
v 18.267269 2.603091 -5.260818
v 17.015833 0.383909 -1.185752
v 17.646154 0.098165 -1.979405
v 17.957062 1.878435 -6.501104
v 17.310085 2.765340 -6.334995
v 15.995074 0.517013 -7.859735
v -2.809197 -8.341971 -1.190993
v 40.338524 -14.963975 -0.267152
v 37.477291 -13.550957 -0.307391
v 34.112667 -11.509045 -0.950510
v 12.629127 -9.277222 -5.922250
v 13.007733 -7.317396 -5.817866
v 10.844068 -12.017412 -3.914000
v 11.447287 -11.350779 -3.991295
v 10.375354 -12.433230 -3.511040
v 18.766769 -5.791736 -2.973858
v 18.456032 -6.893868 -3.658643
v 9.844920 -13.009516 -2.978333
v 5.978226 -15.279942 -3.300588
v 11.567988 -11.106712 -5.069582
v 3.048927 -15.153730 -2.637014
v 1.234329 -13.165758 -1.787982
v -0.484340 -11.701048 -1.308028
v 4.495701 -14.258735 -2.261278
v -4.103820 -9.491123 -1.532894
v 4.104364 -16.687729 -2.887587
v 7.974971 -14.138968 -3.648357
v 10.445919 -12.903726 -4.739279
v -12.315092 6.523462 -5.273765
v -5.001953 11.229336 -9.247416
v -6.531472 10.117472 -8.359684
v -1.262813 11.952045 -10.966304
v -0.132788 11.300417 -11.258716
v 5.071890 7.536462 -11.877744
v 0.937753 10.294838 -11.494436
v 5.900886 7.860351 -12.143023
v 8.247380 4.898528 -11.808915
v -4.648056 10.058328 -8.939668
v 9.571144 2.910918 -11.264757
v 4.011774 9.222399 -11.971961
v -10.818199 6.371290 -5.724302
v -8.894983 7.984581 -6.853736
v -9.250957 6.552546 -6.013598
v 13.232344 0.257562 -10.788624
v 13.411131 -1.023562 -10.256119
v -12.783110 4.284934 -4.411968
v 13.127140 -10.653345 -6.321966
v 12.456929 -14.010002 -5.649008
v 10.444568 -15.591483 -4.819570
v -0.148167 -14.091705 -2.068966
v 8.506937 -16.768711 -4.041832
v -2.308246 -15.012651 -0.824359
v -4.523589 -9.605878 -1.464611
v -2.859988 -11.255769 -1.703241
v -0.334250 -15.513539 -1.718625
v -16.135761 2.358895 -3.367721
v -2.034699 -13.619730 -1.665106
v -3.490473 -13.628407 -0.753130
v -17.210804 3.105716 -3.192410
v 7.703987 -17.872103 -3.287675
v 5.332920 -17.433994 -2.949638
v 3.394752 -17.805359 -1.963672
v -18.607292 1.895107 -2.798965
v -5.119979 -9.652193 -1.240360
v -14.742522 2.482116 -3.499796
v -4.087976 -12.172215 -1.027443
v -11.943737 3.580431 -4.221330
v -11.151160 4.328866 -4.554596
v -5.353865 -11.002420 -0.485681
v -6.183243 9.078653 -7.906192
v -7.116863 8.366827 -7.329160
v -13.835491 3.193483 -4.120478
v -6.859628 3.721726 -1.120750
v -6.083001 7.300406 -2.038503
v -6.945014 2.288382 -0.896880
v -6.787270 1.013558 -0.842603
v -6.502534 4.047111 -1.579543
v 32.273300 8.786247 -15.545848
v 32.219036 10.400439 -14.095573
v 32.883778 11.346008 -14.997670
v 32.497234 13.038289 -15.171380
v 31.229725 14.643414 -13.846156
v 15.882956 15.573842 -9.194388
v 13.241451 15.529983 -6.749462
v 17.813469 16.692759 -8.505211
v 11.166455 14.272044 -5.865002
v 8.866740 14.313914 -4.281078
v 12.305794 16.255550 -5.957438
v 25.602865 15.864774 -10.685182
v 30.652308 8.504105 -13.244738
v 30.520271 12.708810 -12.816970
v 29.730322 8.692901 -12.877659
v 28.046906 12.732406 -11.802381
v 9.439817 13.750963 -4.821115
v 8.576929 13.505052 -4.270246
v 19.812704 15.596577 -10.249567
v 0.161952 10.399380 -2.542124
v 0.834258 11.180515 -2.736882
v 2.038695 12.297706 -2.952510
v -1.246215 6.778623 -0.113022
v -1.686037 5.576603 0.432126
v 0.173806 7.502347 0.165541
v -3.342489 4.033766 0.330490
v 1.556901 8.812479 -0.261004
v -5.626106 5.557088 -0.856176
v 5.091552 11.790024 -2.394113
v 7.140298 12.871341 -2.748322
v 6.806727 12.954940 -3.284477
v -7.665039 -8.527899 2.612298
v -8.538943 -10.402361 2.827526
v -7.893151 -4.336775 1.036914
v -7.581039 -6.972759 1.684381
v -9.333708 -11.358734 2.820323
v -7.038905 -9.833764 4.031130
v -11.347198 -13.099863 2.310967
v -6.986918 -6.811847 3.056452
v -10.288054 -12.259131 2.805316
v -4.081764 0.653320 1.820206
v -7.226888 -3.611647 1.536895
v -5.221802 -2.407800 2.299880
v -6.602243 4.956959 -1.039974
v -7.176036 -11.092526 4.188263
v -6.383585 6.127336 -1.961919
v -8.076264 -12.688704 3.947823
v -0.381239 5.763577 1.386112
v -5.521998 -8.469113 4.090642
v -5.430151 -4.895669 2.943060
v -6.305464 1.149565 0.472151
v 1.087080 6.115443 1.621362
v -5.470600 -9.788491 4.351595
v -5.529035 -10.432377 4.382220
v -6.357919 -1.019570 0.896110
v -5.710238 3.733272 0.116280
v 21.041279 5.641285 -7.118239
v 22.336580 5.705073 -6.615247
v 21.720819 3.893531 -7.532238
v 24.005793 4.339447 -6.274293
v 24.527479 2.270070 -5.993931
v 23.094360 2.035595 -6.995413
v 23.044294 3.235650 -6.739601
v 71.475060 -1.511835 -5.789560
v 70.828491 -2.682638 -5.110991
v 73.663437 0.461321 -4.779625
v 70.264359 -3.899144 -3.964666
v 71.689034 -1.190320 -3.215314
v 69.716454 -3.604076 -5.833570
v 14.200937 19.447357 -8.758352
v 12.611989 18.936174 -7.760037
v 7.174446 16.551910 -5.396681
v 8.171522 17.151314 -6.806377
v 9.667081 17.603556 -5.894859
v -1.289138 8.488059 -1.731134
v -0.189060 9.164470 -1.202916
v 3.945381 13.337563 -2.937348
v 6.982369 15.125870 -3.924788
v 4.757495 14.790577 -4.410714
v 2.254355 9.772780 -0.949315
v 1.464966 10.567271 -1.502008
v 3.055396 -7.911777 -7.872370
v 5.315161 -7.801526 -6.216780
v -131.438950 -7.414392 -4.389845
v -134.221359 -8.661963 -4.470897
v -133.056625 -6.583949 -5.858735
v -135.048264 -7.269201 -6.346102
v -135.906952 -8.707550 -5.200470
v -137.037354 -8.079240 -4.892902
v -135.872253 -9.563139 -2.939977
v -137.738480 -8.346584 -3.214251
v -138.712830 -7.348117 -3.971004
v -136.694412 -7.334963 -6.025090
v -3.627776 -8.782536 -4.576576
v -5.419998 -10.093338 -3.035835
v -4.192523 -9.811874 -2.474780
v -2.591075 -8.899021 -2.981663
v -1.842049 -8.172367 -4.677059
v -1.369384 -8.357141 -3.533669
v -81.516769 -7.465673 -4.396753
v -58.865002 -7.955842 -4.272165
v -84.568001 -7.421166 -4.268458
v -92.886032 -7.303380 -4.233926
v -34.790363 -8.305725 -5.098529
v -37.997795 -8.760859 -3.466982
v -88.285294 -7.127028 -4.649464
v -54.725410 -8.059212 -4.059595
v -93.604614 -6.992110 -4.695951
v -96.065689 -7.260303 -4.238008
v -29.712387 -8.676115 -4.806043
v -42.726124 -7.867294 -5.067316
v -38.299362 -8.062499 -5.146640
v -102.910942 -7.398134 -3.785549
v -78.021927 -7.544333 -4.345912
v -45.369644 -8.266217 -4.225932
v -24.471676 -9.163431 -4.354733
v -109.064941 -7.051171 -4.226327
v -111.332352 -6.488353 -4.877191
v -13.661467 -9.087277 -4.740539
v -99.241150 -6.941410 -4.661062
v -126.785622 -7.234230 -2.942479
v -124.597435 -7.081459 -3.062858
v -121.738968 -6.856565 -3.961300
v -62.002632 -7.512150 -4.854627
v -65.797440 -7.831882 -4.315423
v -79.892448 -6.382742 -5.635263
v -7.723785 -9.645033 -4.193189
v -105.868256 -6.734697 -4.802000
v -38.174240 -7.744886 -5.495360
v -49.100811 -7.770964 -4.927860
v -94.864716 -6.412691 -5.300754
v -118.623589 -6.872325 -4.193073
v -57.672279 -6.751719 -5.750482
v -69.233170 -6.985285 -5.252486
v -64.771049 -6.467373 -5.817821
v -72.448746 -7.412700 -4.820985
v -86.632545 -5.919999 -5.858605
v -126.257660 -6.105834 -4.938174
v -103.045624 -5.735559 -5.663103
v -44.038723 -7.232213 -5.677299
v -7.221858 -7.936686 -5.828137
v -5.106877 -8.641488 -4.975451
v -10.534521 -9.196233 -4.728296
v -8.354568 -7.514587 -6.662602
v -61.863930 -6.113494 -6.145742
v -74.452126 -6.564744 -5.546427
v -52.128193 -7.014081 -5.622372
v -97.903839 -5.789952 -5.734611
v -90.867752 -6.214410 -5.550412
v -114.329178 -5.034475 -5.872271
v -119.169670 -5.012811 -5.838537
v -17.753992 -8.195061 -5.545415
v -128.889404 -6.208668 -5.067719
v -49.112587 -6.417285 -6.173410
v -42.173294 -6.097397 -6.551841
v -30.857912 -7.647995 -5.871591
v -108.128487 -5.678612 -5.615907
v -109.374664 -4.470580 -6.165005
v -37.487530 -7.104332 -6.078787
v -34.186703 -6.759547 -6.393845
v -32.920399 -6.609425 -6.531727
v -68.825760 -5.838429 -6.229283
v -66.971283 -4.714396 -6.767016
v -104.449532 -5.268008 -5.974395
v -60.684769 -5.489256 -6.586684
v -90.539734 -4.631010 -6.413958
v -94.919739 -5.436952 -6.059872
v -98.500923 -5.287994 -6.075774
v -82.176399 -5.399333 -6.286486
v -78.155586 -5.440757 -6.347760
v -84.063522 -6.004981 -5.835374
v -85.062500 -5.334655 -6.266532
v -26.851570 -7.757840 -5.919172
v -14.589552 -7.717026 -5.867846
v -126.593224 -4.839814 -5.867058
v -51.787056 -5.486439 -6.733869
v -55.718658 -6.133930 -6.255477
v -29.435131 -6.767247 -6.509221
v -62.787952 -5.444574 -6.574294
v -39.806168 -6.846227 -6.183391
v -35.240032 -5.612706 -7.010015
v -22.166079 -6.973015 -6.391385
v -18.144285 -6.479104 -6.608084
v -130.606506 -5.806843 -5.669497
v -11.749262 -7.273115 -6.097059
v -9.499451 -7.991854 -5.913007
v -12.002137 -6.827811 -6.512042
v -5.862813 -7.117932 -6.786535
v -10.325152 -6.335776 -7.470153
v -7.438513 -5.680684 -7.757939
v -13.628582 -5.492532 -7.538033
v -6.166590 -4.520370 -8.245887
v -5.084651 -5.698532 -7.611003
v -4.744334 -7.317234 -5.982836
v -3.576275 -5.082336 -7.593930
v -29.622948 -9.089261 -3.044561
v -41.054993 -8.581507 -3.751031
v -17.267179 -9.274849 -1.868237
v -11.179495 -10.149745 -2.832299
v -44.981556 -8.144585 -2.955882
v -8.052659 -10.183712 -2.456718
v -26.668390 -8.813884 -2.166654
v -19.198275 -9.648604 -3.566635
v -68.882172 -7.897705 -3.897015
v -62.302711 -7.944564 -3.952398
v -25.213186 -9.333723 -3.055688
v -79.113045 -7.670808 -3.694727
v -49.810081 -8.153424 -3.920106
v -27.962559 -9.093098 -4.171667
v -83.801491 -7.601098 -3.567238
v -90.945648 -7.513393 -3.608857
v -33.311928 -8.960050 -3.622372
v -15.880822 -9.829828 -3.344586
v -22.313965 -8.900772 -4.939242
v -95.773186 -7.410905 -3.042874
v -112.429520 -7.220261 -3.528209
v -119.640244 -7.049216 -2.688896
v -115.300964 -6.822713 -4.337354
v -63.914722 -7.412804 -2.409282
v -62.405052 -7.779759 -2.844395
v -59.090229 -7.778185 -2.806189
v -73.007263 -7.301140 -2.417652
v -80.540146 -7.374636 -2.702792
v -100.023613 -7.351043 -2.983273
v -104.706062 -6.493892 -1.858535
v -108.717781 -6.853674 -2.238944
v -122.941956 -6.608308 -1.955441
v -83.677269 -7.418413 -2.827874
v -54.395161 -7.890932 -2.927755
v -49.302395 -7.973177 -2.917758
v -66.960457 -7.461629 -2.508598
v -106.966599 -7.205886 -2.839359
v -46.465721 -7.793931 -2.495745
v -93.162895 -7.149739 -2.569142
v -88.327530 -7.273240 -2.701904
v -72.746246 -7.731437 -3.149165
v -75.830185 -7.749226 -3.379818
v -87.312798 -7.548510 -3.709280
v -114.590263 -7.098199 -2.642007
v -8.459261 -9.790254 -1.577386
v 0.174276 -9.217059 1.185494
v 1.816803 -10.329319 0.919864
v 18.281370 -5.688185 -6.332952
v 64.928024 6.164962 -3.669493
v 64.150955 6.536197 -5.316384
v 35.771820 -0.264357 -6.869351
v 34.703869 0.754300 -7.426247
v 32.526020 3.407469 -8.062210
v 33.558311 1.064616 -8.055359
v 31.664936 4.064954 -8.561761
v 28.698017 7.137788 -9.640819
v 27.632742 8.100577 -9.982802
v 25.573879 7.819016 -10.860891
v 35.727654 -1.501163 -7.200922
v 37.255245 -1.494376 -7.218890
v 43.090145 -1.416869 -7.391304
v 37.888237 -0.312093 -6.831235
v 40.527870 0.195558 -6.740454
v 44.030743 1.915894 -6.241805
v 42.431263 0.788985 -6.607259
v 43.631248 0.157115 -6.908820
v 47.550495 1.341280 -6.890749
v 6.652236 -14.017939 -1.877513
v 5.914396 -14.212904 -2.455288
v 4.528975 -13.811588 -0.996301
v 8.593054 -13.935141 -1.670173
v 7.791931 -14.378486 -0.814146
v 7.142995 -10.197474 -4.830400
v 10.892500 -7.879149 -4.155344
v 5.465613 -10.509195 -4.697886
v 3.869030 -10.265719 -4.435609
v 3.140525 -10.637270 -5.942066
v 14.160281 15.748843 -9.656485
v 10.942744 15.541175 -8.999501
v 11.430575 14.243137 -7.448835
v 4.110074 9.362621 -4.358973
v 1.130597 6.132110 -2.764334
v 8.766252 14.565188 -8.057393
v -0.481621 6.139114 -3.209270
v -0.106208 8.350345 -3.783947
v -1.301964 3.619377 -2.464630
v 1.018663 5.463275 -2.473667
v 5.114251 14.212432 -6.340073
v 6.059358 13.182731 -6.860306
v 1.727211 10.812901 -4.720779
v 0.812397 9.714091 -4.255795
v 12.557423 17.344034 -9.833842
v -2.775013 3.644763 -2.060447
v 3.179179 10.159557 -5.210798
v -3.484523 1.600616 -1.576243
v 13.271531 16.788727 -10.015891
v 17.272655 16.951382 -11.429599
v 14.749430 17.814354 -10.654202
v 18.178844 18.019337 -11.834599
v 27.838661 9.774886 -15.850869
v 21.118172 11.792463 -15.339938
v 25.849941 10.774907 -15.550085
v 29.329523 16.400223 -14.197859
v 30.423491 15.719365 -14.222714
v -20.290499 -2.257424 2.475060
v 41.736195 -6.654889 -7.756890
v 44.017433 -8.086747 -6.710339
v 43.997044 -8.790448 -7.182263
v 47.410267 -10.745968 -6.124426
v 49.174801 -11.557847 -5.659502
v 46.106651 -11.251886 -6.558884
v 51.510273 -12.454761 -5.168038
v 54.024956 -12.984482 -4.831748
v -5.252671 -16.967033 -3.920518
v -5.490049 -17.000982 -4.641610
v -3.790375 -17.321932 -4.311943
v -1.605956 -16.431128 -5.214116
v -1.718694 -13.547069 -6.657378
v -2.640077 -15.419485 -5.862701
v -4.637653 -15.735785 -5.569098
v -1.983860 -9.735369 -7.614550
v -1.359508 -9.919383 -7.627060
v -0.634795 -6.221200 -8.431943
v -2.377286 -5.721632 -8.212140
v -6.518316 -16.072939 -5.269486
v 0.214505 -4.717601 -9.796859
v -0.565397 -3.261901 -9.956125
v -2.145855 -3.595007 -9.419084
v 0.200904 -6.465730 -8.327657
v 0.760654 -6.922638 -8.779420
v 2.715003 -5.627306 -8.744313
v 5.974548 2.814512 -2.197024
v 5.310860 1.092019 -0.451514
v 6.487432 0.448263 -0.035952
v 7.242735 0.294132 -0.309233
v 8.157619 1.502100 -2.194519
v 9.041549 0.662240 -2.162454
v 10.243511 -0.548256 -1.902759
v 8.390975 -0.323787 -0.289166
v 2.302371 1.429999 -0.125582
v 3.695876 0.862604 -0.230719
v 2.208174 -0.729255 0.497169
v 3.935884 -0.231230 0.787140
v 27.996145 2.630461 -9.747719
v 38.409836 -10.617817 -5.417951
v 37.159512 -10.137655 -6.523110
v 35.738155 -9.322857 -6.901015
v 30.570807 -4.760673 -10.308993
v 29.128925 -3.586507 -9.757766
v 36.521870 -8.987191 -5.705524
v 32.228909 -6.296245 -7.748308
v 35.853992 -8.236845 -5.855249
v 34.134701 -7.369383 -6.755070
v 30.408468 -3.639089 -8.433537
v 27.552494 -1.405717 -10.622065
v 32.455154 -3.599174 -7.399783
v 26.366287 2.330127 -10.669519
v 28.114082 0.417953 -9.678069
v 29.729294 -1.589813 -8.860989
v 24.713282 4.679417 -11.770741
v 32.161598 -4.828618 -7.541912
v 33.861172 -5.752545 -6.677382
v 29.422695 0.120324 -8.925242
v 27.405684 2.573559 -10.148364
v 27.199718 4.482415 -10.557978
v 22.862423 10.275944 -13.713564
v 31.590237 -1.419680 -8.126541
v 25.073839 7.406953 -12.075339
v 21.852888 11.682461 -14.648131
v 32.045559 -4.373489 -7.292261
v 23.657671 5.701742 -13.066217
v 26.335014 0.907119 -10.884661
v 24.298855 6.226035 -12.127639
v 21.852589 10.250891 -14.655199
v 2.142029 -6.980255 -8.457349
v 2.423438 -6.719194 -7.561691
v 3.278480 -5.156546 -8.689100
v 19.175695 14.211168 -8.184650
v 21.134464 13.284502 -9.637963
v 18.221153 14.272087 -7.216074
v 14.889073 14.304097 -5.280893
v 13.297422 14.713177 -5.873196
v 10.195643 13.972274 -5.180619
v 11.776078 14.488361 -6.360178
v -138.804199 0.481296 -2.383327
v -26.870647 2.736124 -4.146291
v -26.853304 1.950047 -3.108236
v -26.020952 -0.280637 -1.649966
v 23.215160 12.473455 -9.412119
v 24.342012 11.649807 -9.905874
v -3.320328 -16.685701 -3.375284
v -2.375949 -17.050707 -3.500851
v -0.959551 -17.080059 -3.926110
v -6.122983 -16.306976 -3.746106
v -4.668005 -16.371840 -3.464412
v -7.266835 -16.760597 -4.459175
v -8.785788 -16.295361 -4.595147
v -13.976808 -2.342981 1.738485
v -21.856421 -2.647109 1.188169
v -14.464156 -1.914601 -0.204770
v -17.560863 -2.793389 1.763722
v -15.668613 -2.414917 0.704992
v -21.960394 -2.216003 -0.163881
v -19.841997 -2.904380 1.036240
v -24.009289 -1.642605 -0.675622
v -17.441038 -1.355572 -1.002435
v -23.022068 -1.945744 -0.521104
v -21.969418 -1.539414 -1.169286
v -15.501679 -1.513586 -0.782681
v -22.745138 -1.420121 -1.407161
v -20.547468 -1.661458 -1.314312
v -2.010039 9.254852 -7.899064
v -5.522769 8.164813 -6.120806
v -18.386997 -1.443951 -1.356506
v -21.232519 -1.510950 -1.487155
v -25.858936 3.021061 -5.039581
v -26.896170 3.642603 -6.129956
v -25.257874 2.228581 -4.268998
v -24.409538 1.605232 -3.558939
v -24.642580 2.886564 -3.696080
v -25.147385 1.161890 -3.727870
v -26.983913 2.766975 -5.440893
v -24.818686 -0.968791 -2.288380
v -24.585094 -0.805176 -2.004623
v 6.615201 4.467346 -8.300521
v -17.989981 1.226240 -2.850091
v -18.906998 1.492704 -2.983727
v -18.854380 1.337365 -3.221394
v 1.840293 -0.167828 -9.789514
v 27.484045 3.407312 -10.193119
v 73.338303 0.878799 -3.532521
v 69.879730 3.985709 -5.073191
v 72.472488 1.839485 -4.819072
v 70.153809 2.825911 -6.547101
v 53.373253 -10.413882 -1.861202
v 53.244579 -9.662851 -1.157848
v 52.838688 -9.862790 -3.729384
v -9.153449 -13.528923 3.120207
v -7.467772 -15.208974 -4.854147
v -9.482104 -15.927765 -4.935121
v -7.632027 -15.715052 -5.131163
v -6.233068 -14.133032 -4.619991
v -6.009026 -15.415294 -5.364794
v -5.754708 -14.468737 -5.281114
v -22.610678 1.734988 -3.003664
v -23.004860 0.416413 -2.913872
v -24.513092 -1.383188 0.381491
v 13.600021 -6.056725 -5.482323
v 8.830776 -9.492808 -4.568032
v 12.162061 -6.436388 -6.203487
v 7.652457 -9.957029 -5.865918
v 5.625826 -10.546784 -6.028076
v 13.023715 -4.411730 -6.789841
v 13.452155 -4.905699 -5.953567
v -12.725578 -6.301189 -7.075887
v -15.572404 -4.788788 -7.182727
v -10.362023 -7.649834 -6.329164
v -7.785283 -10.254433 2.291774
v 32.852722 10.589962 -15.704969
v 31.966696 14.061488 -14.823679
v 27.585548 17.720455 -12.462591
v 26.280281 18.163828 -13.085506
v 23.992031 19.172697 -11.756982
v 27.996094 17.422665 -13.470490
v 24.078743 18.226433 -13.176401
v 19.571405 19.578739 -11.399468
v 30.790930 14.861055 -15.068080
v -3.515164 3.133790 -6.071788
v -3.420541 3.510049 -5.413965
v -4.486635 4.033569 -4.093714
v 12.468886 -7.463084 -3.120646
v 10.698234 -8.668159 -1.953670
v 9.991970 -8.304564 -3.660766
v 8.914046 -9.616003 -1.426281
v 12.755582 -6.995837 -2.071137
v -3.343819 -15.919966 -3.195302
v -0.381590 -14.933344 -3.352942
v 0.465648 -16.274101 -3.723394
v 1.137476 -14.759991 -4.083860
v 0.082790 -13.678282 -3.766831
v -24.407347 0.982812 -3.572065
v -25.910679 1.554225 -4.468502
v 51.308159 -1.960874 -0.896828
v 50.753460 -0.326823 -0.560605
v 51.457455 -2.603926 -1.057853
v 6.471874 4.149021 -8.758705
v 4.976589 4.082247 -9.084924
v 4.048433 3.639198 -9.435219
v 6.573374 2.724546 -9.211933
v 1.204422 1.918670 -9.924175
v 3.058852 3.128904 -9.742044
v 8.857655 0.761027 -8.854939
v 3.712305 1.920123 -9.405723
v 2.516117 0.868006 -9.526330
v 1.220240 3.032093 -9.486379
v 10.153950 -1.360226 -8.041945
v 0.586785 -0.948160 -9.542963
v -4.844051 3.916543 -1.486401
v -4.873216 5.514256 -1.133502
v -19.353565 0.707811 -2.742310
v -20.231775 1.882261 -3.967093
v -20.362469 0.898751 -2.839541
v -22.711067 0.927945 -3.478141
v -21.247017 0.384786 -2.726903
v -17.108557 1.639618 -3.089772
v -23.750689 1.712866 -4.507675
v 0.339595 -8.372828 -5.694915
v 0.901738 -8.539946 -5.293658
v 1.253834 -9.143029 -5.184223
v 2.225180 -10.026337 -5.030168
v -7.092429 -14.883432 -4.478319
v -7.620021 -15.559267 -4.203526
v -4.653335 -10.888559 -5.276138
v -4.964211 -11.937807 -5.114077
v -4.316777 -8.313500 -5.547474
v -4.406224 -10.341904 -5.931953
v -5.460771 -13.435818 -5.102699
v -3.445351 -14.122322 -3.374969
v -3.634279 -10.955350 -4.261710
v -5.637094 -14.122688 -3.821594
v -1.254867 -10.331326 -4.336881
v -1.284542 -15.098226 -3.153768
v 0.028346 -11.645487 -4.381315
v 18.091572 -5.862634 -5.139729
v 19.225657 -4.246175 -7.265318
v 24.254169 -4.964628 -5.305432
v 20.443794 -5.765163 -5.004682
v 26.852774 -4.693695 -5.187585
v 18.462093 -4.887258 -6.283401
v 25.995729 -2.387895 -6.913855
v 21.381824 -3.985534 -6.566228
v 20.537989 -2.531778 -7.400533
v 22.611961 -2.562325 -7.152977
v 22.607819 -5.376420 -4.833002
v 21.944969 -5.407250 -3.206269
v 26.887625 -4.798466 -4.382271
v 65.632584 -6.121732 -3.661712
v 37.661503 -2.782643 -6.735244
v 35.524918 -1.966789 -7.361848
v 35.733109 -2.404257 -7.231761
v 37.638233 -4.228365 -6.482377
v 38.793316 -5.532156 -5.953441
v 15.135795 2.911308 -5.319832
v 16.316286 3.259060 -4.791645
v 16.476194 2.662598 -2.954816
v 14.195469 2.495721 -3.829355
v 17.145046 1.739176 -7.285776
v 15.030259 1.736942 -6.948699
v 14.976185 0.480006 -7.456512
v 13.957528 1.787269 -4.969311
v 19.384739 -1.798454 -7.324646
v 22.867186 -1.554168 -6.984634
v 18.006205 -1.146605 -7.091928
v 17.707405 0.198188 -7.048417
v 19.933233 0.681072 -6.525143
v 17.116251 -0.689193 -7.524834
v 4.134004 1.943845 -7.862727
v 12.452585 5.905798 -10.512939
v 14.834504 2.839576 -9.967455
v 13.530310 4.659603 -10.049904
v 10.476841 7.933632 -10.079871
v 16.104574 1.104272 -8.941918
v 17.435108 -0.747222 -8.154316
v 14.411182 1.879882 -8.084629
v 12.205567 5.224016 -8.912785
v 2.006403 13.023333 -8.720484
v 14.192197 3.249135 -8.869279
v -2.335092 13.642904 -6.925813
v 10.884130 6.322055 -11.789712
v 8.509924 9.551488 -10.433305
v 3.390635 12.569256 -10.051552
v 7.316378 10.392715 -10.495936
v 6.364010 10.815607 -9.421723
v 31.852736 -2.074849 -7.886917
v -138.564713 0.163428 -6.034263
v -136.708527 3.267701 -3.927602
v -5.990302 -10.626136 0.264486
v -6.901635 -8.548259 0.773451
v -6.853930 -7.627537 -0.231925
v -6.225167 -8.906321 -0.637752
v -4.725817 -12.711427 -0.013075
v 6.599875 -19.173023 -1.350360
v 4.321898 -18.694159 -1.330134
v 6.681162 -18.457142 -2.584060
v 8.849005 -18.460529 -2.992645
v -0.320574 -16.529573 -0.952035
v 1.324503 -16.548697 -1.968933
v 10.269059 -17.530422 -3.884386
v 9.009856 -19.244431 -1.036011
v 29.745077 -1.196291 -8.345483
v 28.677252 1.574010 -9.438308
v 27.340836 1.674917 -9.311100
v 50.492207 -12.088091 -0.713507
v 49.573570 -11.882885 -1.236943
v -11.010410 -6.181077 -0.075861
v -4.166873 -11.110442 3.289636
v -5.350974 -12.217667 3.219307
v -10.373446 -13.433019 2.601604
v -8.309677 -13.134869 2.506679
v -9.442347 -12.710093 2.277159
v 9.110563 -1.332660 -7.339044
v 6.390440 -0.947707 -9.163534
v -9.476968 2.733422 -1.922291
v -9.071877 4.064314 -2.880423
v -8.875546 4.797906 -4.244776
v -4.683200 8.736403 -6.502396
v -4.317789 8.967972 -7.679034
v -10.237013 5.172483 -5.071130
v -6.449533 7.751358 -6.647972
v -1.284187 0.683921 -9.393368
v -1.895767 0.206044 -8.479239
v -2.014802 2.363801 -8.632038
v -1.268350 3.840510 -9.634295
v -1.719642 3.980673 -8.156734
v -2.528867 0.052186 -7.514878
v -3.889316 -6.077607 -7.106865
v -4.384701 -13.462071 -5.966324
v -3.851767 -11.499113 -6.504911
v -3.455964 -14.235929 -6.173583
v -2.454038 -11.291549 -7.176943
v -3.148297 -3.777616 -8.423265
v -2.260425 -1.461684 -8.825356
v -3.403890 -8.470475 -7.376435
v -14.093282 -4.111381 0.216218
v -11.741956 -5.225872 0.323834
v -8.796082 -6.656737 0.048259
v -8.095709 -5.412492 0.516482
v -15.749898 -3.376305 -0.247472
v -16.388348 -2.601116 -0.571845
v 29.379814 3.133121 -9.842343
v 30.098667 2.548640 -9.412450
v 28.030327 4.919162 -10.200275
v 29.323154 3.674322 -9.526378
v 27.087486 5.566287 -10.736786
v -1.162039 -7.591115 -1.426756
v -3.140139 -9.048533 -1.434535
v -5.760884 -9.888123 -1.692573
v -6.599413 -9.742449 -1.394429
v -8.015695 -8.447402 -0.586582
v -11.663034 -8.563905 -0.911966
v -17.599579 -8.883179 -1.515321
v -20.447311 -7.988309 -1.181461
v -24.088037 -8.413006 -1.630602
v -28.218578 -8.097227 -1.683350
v -33.675335 -8.001506 -1.924630
v -35.203312 -7.948464 -1.977298
v 5.602201 0.224812 0.619956
v -0.723903 -8.101634 -2.465520
v 2.307138 -9.203131 -2.930045
v 1.575805 -8.527790 -1.605342
v 4.767022 -9.262881 -3.633393
v -0.565081 -8.233120 -4.960436
v 0.673352 -8.749349 -3.978307
v 5.848365 -9.006057 -2.529677
v 6.978077 -8.631226 -3.175747
v 51.265182 -2.464016 -7.379874
v 51.325661 -3.219460 -6.952427
v 41.573685 -2.540015 -6.902555
v 36.824619 -1.871005 -7.280125
v 42.478596 -3.660201 -6.000132
v 45.018608 -3.712603 -5.986855
v 38.448059 -3.788765 -5.918349
v 49.915817 -4.861338 -5.412622
v 47.865295 -4.607693 -5.323571
v 51.575481 -4.844310 -5.794716
v 51.100025 -1.026334 -8.006298
v 40.504887 -1.507860 -7.324947
v 28.543301 5.921541 -9.970455
v 34.294006 -0.935715 -7.725701
v 30.733583 4.121814 -9.114525
v 30.803955 1.967502 -8.953535
v 28.561495 4.166260 -9.888914
v 33.082432 -0.409594 -8.316350
v 26.583700 5.837130 -10.491134
v 32.097927 0.281098 -8.446070
v 24.627266 9.163539 -10.947762
v 45.349621 -1.776752 -7.390173
v 48.685890 -1.574679 -7.641453
v 50.932957 -0.412044 -7.883337
v 48.424194 0.172516 -7.389111
v 51.268101 1.241368 -7.537355
v 50.435707 2.785354 -6.894788
v 45.729996 1.051910 -6.777341
v 9.989814 2.925896 -7.930977
v 7.575062 4.113686 -8.488190
v 11.800651 2.089474 -6.740332
v 13.863179 0.121423 -6.554092
v 12.635170 1.007832 -5.735588
v 8.248939 4.428172 -6.944101
v 6.443833 4.835504 -7.429797
v 5.312636 4.761528 -8.256117
v -25.950714 0.569112 -3.388239
v -26.869741 0.581886 -3.588605
v -26.309055 1.268692 -4.149929
v -14.711834 -5.376082 -0.647535
v -12.840774 -5.848243 -0.427262
v -10.745865 -7.332477 -0.510762
v -65.109406 -3.729577 -2.172049
v -69.130714 -3.345594 -2.341236
v -73.171257 -4.828933 -1.925979
v -70.245026 -5.919965 -1.838480
v -82.846542 -5.533155 -1.781802
v -55.780151 -2.807432 -2.663161
v -49.717072 -3.788578 -2.136183
v -46.272232 -4.952622 -1.828428
v -42.617161 -5.676442 -1.671030
v -42.474152 -3.442542 -2.066895
v -34.408390 -3.152007 -1.821815
v -38.713074 -3.445227 -1.903604
v -25.620018 -5.152620 -1.106137
v -32.362476 -5.490384 -1.358076
v -30.192200 -4.076696 -1.448247
v -86.682747 -5.808467 -1.765733
v -93.284302 -3.604772 -2.032294
v -89.819206 -5.747571 -1.729806
v -105.254974 -3.950959 -1.747400
v -109.088058 -4.242766 -1.625396
v -112.659668 -3.968254 -1.555983
v -105.709343 -5.647261 -1.551022
v -102.648186 -4.876747 -1.646317
v -120.127876 -4.386318 -1.362086
v -57.269314 -4.975008 -1.909063
v -53.463085 -5.250563 -1.807448
v -50.116940 -5.440323 -1.854566
v -21.529963 -4.288127 -0.983976
v -17.822182 -3.474055 -0.915497
v -28.624104 -6.146686 -1.225807
v -36.476456 -5.344396 -1.503339
v -74.352074 -6.382873 -1.882841
v -110.914085 -5.354694 -1.476887
v -23.005606 -6.602001 -1.010808
v -17.530003 -6.448386 -0.721902
v -56.591053 -6.442133 -1.845692
v -122.891487 -3.573970 -1.367242
v -36.465946 -6.641208 -1.558043
v -102.608757 -5.959458 -1.661811
v -117.907570 -3.079075 -1.726131
v -84.319969 -3.507452 -2.180442
v -39.109215 -6.922745 -1.696963
v -115.565399 -4.741213 -1.385227
v -125.809334 -4.353052 -1.054845
v -131.027237 -4.985825 -0.275345
v -99.846504 -4.370151 -1.750730
v -89.807106 -4.013267 -1.973651
v -49.626286 -6.511086 -1.880201
v -45.907135 -6.956862 -1.924473
v -66.312637 -6.104488 -1.830516
v -72.627434 -6.792009 -2.024883
v -26.894175 -7.656666 -1.428558
v -24.170549 -3.187920 -1.363835
v -19.667217 -1.358342 -1.283746
v -21.944168 -2.297718 -1.547753
v -16.428984 -1.419643 -1.190556
v -95.513451 -5.832679 -1.686408
v -32.357914 -6.896044 -1.459094
v -122.639534 -5.336403 -1.238851
v -23.254879 -1.356151 -1.802964
v -94.236290 -6.435275 -1.886842
v -78.350914 -5.771735 -1.820683
v -13.766072 -7.751652 -0.761814
v -23.818508 -1.014117 -2.011886
v -24.537165 -7.489307 -1.257562
v -132.754318 -2.553084 0.046666
v -127.257965 -6.452482 -1.458119
v -117.963211 -5.778296 -1.440137
v -40.673492 -2.414190 -2.463655
v -109.326416 -5.903458 -1.556702
v -27.417376 -2.640070 -1.694792
v -61.143139 -3.344633 -2.319946
v -121.863525 -1.686622 -2.488070
v -7.468481 -6.919311 0.117511
v -35.761654 -7.300839 -1.706663
v -31.197031 -7.804784 -1.685890
v -99.567421 -5.947302 -1.691200
v -51.868946 -3.165988 -2.378672
v -61.796791 -6.311914 -1.814858
v -78.314651 -6.986562 -2.199746
v -81.368172 -6.627404 -1.993887
v -16.650398 -8.218530 -1.073228
v -45.282352 -3.111869 -2.248151
v -65.693314 -7.011080 -2.096612
v -133.900589 -5.979561 0.697697
v -30.688164 -1.697692 -2.300267
v -33.793335 -1.782342 -2.447664
v -128.365784 -3.082258 -1.043173
v -76.627090 -6.802288 -2.079158
v -132.584824 -6.591836 -0.165598
v -135.734619 -4.069520 1.549382
v -45.936691 -7.431556 -2.150934
v -25.150408 0.148451 -3.003606
v -44.731533 -2.123433 -2.861064
v -129.825317 -1.858560 -1.276368
v -30.453213 -0.147237 -3.249801
v -37.438194 -0.789308 -3.374929
v -51.583996 -1.748919 -3.431729
v -48.378090 -1.947320 -3.113270
v -80.614105 -3.462410 -2.268451
v -75.945099 -3.449621 -2.292588
v -119.410805 -1.831095 -2.658390
v -111.465996 -3.121407 -1.902414
v -139.663498 -4.336291 -0.395032
v -136.079346 -1.774601 0.872426
v -138.260406 -2.308723 -0.069649
v -87.625763 -2.857955 -2.609580
v -130.793747 -0.476113 -2.118813
v -135.608551 -0.018416 0.142831
v -80.921150 -2.431381 -3.134749
v -111.712341 -1.979947 -2.916904
v -115.823235 -1.591771 -3.103192
v -58.613918 -2.494160 -2.845283
v -75.550095 -1.974461 -3.586758
v -125.305069 -1.849634 -2.180338
v -72.189484 -2.874745 -2.735709
v -61.419109 -1.684522 -3.804672
v -136.101273 1.414375 -1.135050
v -99.007904 -2.726909 -2.550392
v -138.386444 -4.522427 0.147989
v -66.108650 -2.077873 -3.439375
v -138.609177 -1.008222 -1.096831
v -91.655075 -2.372217 -3.056754
v -86.761238 -1.888275 -3.650376
v -40.654423 -0.959974 -3.489189
v -55.478371 -1.556429 -3.783934
v -82.882393 -1.758971 -3.855724
v -78.995148 -1.650932 -4.051691
v -102.316711 -2.413570 -2.711316
v -42.769737 -0.609825 -4.045559
v -70.376640 -1.516351 -4.182195
v -107.051323 -2.593593 -2.430564
v -129.002686 -0.077113 -3.647545
v -96.556328 -2.032641 -3.311248
v -139.599930 -0.401761 -2.139362
v -61.137348 -1.206948 -4.460801
v -57.954807 -1.217584 -4.302984
v -45.113430 -1.021841 -3.771903
v -132.640213 0.563727 -2.046796
v -33.767700 0.098176 -3.815697
v -135.908524 -6.687402 1.189786
v -36.786797 0.245687 -4.422005
v -39.505096 0.107091 -4.642937
v -95.319496 -1.504994 -4.249672
v -93.160637 -1.733659 -3.783095
v -106.196571 -1.557155 -3.759351
v -87.302582 -1.503935 -4.409762
v -123.633827 -0.808311 -4.130848
v -79.285934 -1.432980 -4.621761
v -67.949066 -1.192840 -4.999677
v -66.099205 -1.233998 -4.628427
v -62.148899 -1.078231 -4.839870
v -50.918606 -0.626073 -4.935376
v -49.613907 -0.743017 -4.539142
v -101.420670 -1.595047 -3.863065
v 13.778614 -4.065416 -1.406156
v 13.984662 0.187333 -1.424894
v 14.049803 -0.958901 -0.858495
v 62.866322 2.298613 -8.143883
v 23.618155 0.777562 -6.996321
v 20.565033 5.285975 -7.704169
v 19.567028 6.063645 -7.794730
v 17.891663 7.576262 -7.872242
v 16.652119 8.581076 -8.161513
v -10.148111 3.942271 -4.364261
v -26.474922 3.470148 -5.066312
v -10.060464 3.636035 -3.849918
v -5.261106 2.802414 -2.464945
v -6.327507 1.603472 -1.299414
v -9.726894 2.790074 -2.891458
v -10.238464 1.879748 -2.393771
v -9.530084 1.127839 -1.551738
v -4.399124 1.488021 -1.158961
v -8.359166 1.398932 -1.574241
v -8.690727 3.354659 -3.584915
v -3.486556 2.808505 -2.755628
v -6.971858 0.389443 -0.163433
v -3.388826 3.519454 -3.978030
v -7.965249 0.766477 -0.384166
v -5.942842 4.307063 -4.616979
v 49.650837 -11.322802 -4.110238
v 45.913322 -9.084967 -5.802279
v 51.169044 -11.789339 -4.469061
v 19.912449 -2.747021 -7.484222
v 19.528988 -2.653150 -8.472635
v 12.232206 4.953189 -11.433693
v 10.166645 7.198836 -11.664762
v 17.038828 -1.267608 -9.381745
v 18.757799 -1.866141 -8.796520
v 17.647631 -2.685395 -9.507668
v 15.314140 1.312804 -10.310247
v 13.661499 2.704878 -11.075662
v -136.538605 -9.284562 -0.074662
v -136.993179 -8.867973 -1.549712
v -137.231140 -8.910818 -2.492430
v -137.702255 -6.906009 0.086054
v -0.195505 4.773315 -9.766787
v -0.200756 7.313327 -8.650149
v 0.030029 4.379680 -7.597194
v 1.150408 -13.714049 -4.969511
v 0.373806 -9.879811 -5.276079
v 9.297026 -4.465604 -6.539389
v 6.299939 -7.359976 -6.276978
v 7.167589 -7.140360 -7.363596
v 8.696980 -5.119280 -6.719884
v 9.651773 -5.534460 -7.681634
v 8.656054 -6.521814 -7.671875
v 56.276726 -9.221447 -4.209029
v 54.732430 -8.962863 -3.820733
v 56.039581 -9.642838 -2.743790
v 58.126446 -10.740071 -3.365144
v 59.966248 -10.667874 -4.365417
v 60.129616 -11.235061 -2.945710
v 59.219479 -10.998360 -2.087912
v 58.248528 -10.310181 -1.583943
v 56.635509 -9.077390 -1.546660
v 63.644585 5.663759 -3.481957
v 63.955719 5.740015 -4.161789
v 63.157707 7.313327 -5.829405
v -0.509772 0.039575 -0.699353
v -0.692909 -1.095814 0.225469
v 0.323839 0.896228 -0.804285
v 0.837352 1.476869 0.399665
v 68.107124 5.233335 -7.113179
v 68.975212 5.104556 -6.624520
v 68.895836 3.712462 -7.067866
v 66.353889 6.273227 -7.775285
v 64.644394 7.500456 -7.549860
v 61.854359 9.747712 -8.060494
v 71.485298 1.239446 -6.428077
v 71.122658 0.053115 -6.090174
v 66.955734 -5.479344 -5.910106
v 68.757942 -4.699810 -5.903046
v 66.619614 -6.598812 -5.736439
v 66.066170 -5.569211 -5.026800
v 66.322586 -3.048812 -7.339213
v 66.830765 0.879403 -8.304788
v 65.577431 -0.382340 -8.623511
v 67.931389 2.454501 -7.009366
v 65.946342 4.464424 -7.337986
v 65.135231 2.781012 -8.181359
v 64.905907 1.446302 -8.611906
v 64.016373 1.463215 -8.644765
v 67.785423 3.251875 -7.109229
v 64.160934 -0.249460 -8.743307
v 68.679718 2.631537 -6.951876
v 62.602795 -1.321783 -8.490836
v 59.266201 -1.774721 -8.019002
v 55.807743 -2.309072 -7.592983
v 56.253723 -1.232224 -8.221620
v 58.136154 -2.947968 -6.455226
v 55.574436 -3.525279 -5.889430
v 64.321846 -2.734107 -8.032876
v 61.568867 -2.996556 -7.081782
v 58.294113 0.834860 -7.873950
v 57.879005 -4.932120 -5.290444
v 54.614082 -5.669131 -5.396696
v 55.406048 -3.080477 -6.756802
v 53.455585 -7.587513 -5.978675
v 51.872726 -9.432467 -5.932912
v 51.937531 -12.147743 -3.678178
v 53.081070 -3.016303 -9.203467
v 50.645172 -1.543641 -8.869370
v 50.608913 -2.195868 -8.447600
v 54.173737 -3.765187 -7.841737
v 52.838531 -4.378894 -8.107739
v 51.216839 -4.497221 -6.954644
v 62.362564 -3.875147 -6.031643
v 51.243587 -7.520200 -6.091463
v 52.758751 -5.777809 -6.705738
v 62.396328 -5.470217 -5.484670
v 63.883938 -5.352010 -5.588431
v 62.572842 -6.961456 -5.246628
v 57.689365 -6.415427 -5.026917
v 60.169262 -6.235022 -5.110479
v 60.139992 -7.655019 -4.844985
v 61.717636 -4.444304 -5.792596
v 56.023167 -5.800199 -5.129992
v 57.343773 -7.015389 -4.208482
v 58.773663 -7.983697 -3.733221
v 60.585484 -8.589873 -4.377901
v 60.318310 -0.673754 -8.440835
v 58.881985 1.698254 -7.195885
v 60.393715 1.977605 -7.233903
v 62.137688 3.141009 -7.344831
v 63.677437 6.198563 -6.114019
v 57.836395 2.261650 -7.188655
v 56.140392 0.739634 -7.873824
v 56.506897 2.066237 -7.345573
v 57.333538 3.406150 -7.040912
v 58.048000 5.002535 -7.310094
v 58.491493 4.393350 -6.917316
v 60.105343 4.087340 -7.209606
v 59.919983 2.799824 -7.355177
v 64.974007 4.378053 -6.524065
v 60.858215 -3.196427 -6.220824
v 50.807934 -0.445374 -9.039072
v 50.498539 0.183845 -8.747396
v 70.581383 -1.454647 -6.097473
v 68.790779 -3.352304 -6.065387
v 70.201088 0.113050 -6.732499
v 69.195259 0.574967 -7.345086
v 69.867996 1.299218 -6.437321
v 73.278175 0.240805 -5.852081
v 66.214615 8.579297 -7.358486
v 61.213215 7.121468 -7.521305
v 68.286316 -2.899982 -5.963372
v 69.158333 -1.532352 -6.660593
v 57.383457 -9.266506 -4.765929
v 63.757168 2.943441 -7.986091
v 58.981373 -4.274236 -5.647976
v 60.018303 -3.886865 -6.057639
v 58.978382 -10.454668 -4.441659
v 54.053059 -5.501107 -6.559040
v 55.320793 -0.710205 -8.405115
v 60.718403 -4.972041 -5.653787
v 50.914658 -10.563650 -5.332033
v 58.076370 8.595799 -8.035118
v 56.689110 7.033169 -7.694869
v 63.565723 3.536905 -7.368036
v 65.081451 3.866419 -7.259173
v 60.113205 6.360446 -7.622778
v 65.439674 -3.879255 -6.923728
v 67.099785 -1.520848 -7.909594
v 59.383656 5.019244 -7.057048
v 64.778816 4.712689 -6.206331
v 66.220505 3.677220 -6.993473
v 67.230446 -3.477664 -6.214288
v 62.467636 0.216828 -8.658092
v 70.187820 -0.989070 -5.954734
v 52.387257 8.084716 -7.650688
v 57.159695 -3.845602 -5.980179
v 52.140270 -10.869019 -4.940123
v 67.228447 6.574059 -7.269591
v 54.871666 -2.275800 -8.087836
v 59.389519 -2.818051 -6.592050
v 63.198345 4.205741 -7.363708
v 65.193375 8.304662 -7.763403
v 51.899616 -8.246778 -6.196772
v 50.118771 -11.299866 -4.619628
v 55.932590 -4.426097 -6.006373
v 60.134586 10.105345 -8.113322
v 62.395691 5.641307 -7.361885
v 65.555534 4.119354 -6.884686
v 60.982887 9.145117 -7.903459
v 64.541412 5.372560 -5.917298
v 53.887138 6.597924 -7.747143
v 53.535023 -8.006574 -4.808425
v 63.669556 -4.338849 -6.129295
v 54.317627 -8.501369 -4.788434
v 61.263786 5.192549 -7.412920
v 59.037697 -5.524454 -5.075810
v 60.549179 0.699097 -8.287038
v 67.545326 -3.676016 -5.774891
v 68.441658 -0.249358 -7.682018
v 61.631626 -8.776350 -4.392366
v 67.131126 4.677241 -7.476106
v 62.176346 -4.324395 -1.534029
v 60.729980 -3.916967 -1.643226
v 63.671997 -3.384393 -1.205384
v 64.172539 -4.276553 -1.544218
v 65.211693 -4.087512 -1.928487
v 60.317314 -5.968000 -1.422334
v 59.214828 -5.473165 -1.573143
v 58.392605 -4.603943 -1.869807
v 59.894695 -2.702493 -1.383896
v 61.950760 -6.663352 -1.101195
v 60.712677 -2.355266 -1.449112
v 62.760670 -3.238201 -1.323246
v 61.621815 -2.709652 -1.529233
v 65.210739 -3.252346 -0.972761
v 64.059158 -2.081367 -0.161973
v 62.283199 -0.059717 0.108338
v 64.999176 -0.706137 0.110494
v 58.027122 0.462108 -0.129097
v 64.760429 2.082649 -0.387717
v 66.721664 0.907286 -0.512000
v 68.638252 1.714697 -1.657223
v 69.099579 0.790222 -1.569712
v 67.393707 -0.537167 -0.683042
v 68.974014 -0.669990 -1.677032
v 62.545311 -7.932998 -1.504541
v 64.513184 -3.830885 -1.622241
v 59.069103 -3.817611 -1.636914
v 53.413895 -2.804546 0.531742
v 51.003769 -8.605277 0.720350
v 52.234226 -10.622120 0.221688
v 53.223850 -7.244158 0.081774
v 52.370861 -6.884458 0.429130
v 51.722713 -5.280898 -0.243755
v 51.996506 -4.355200 -0.633551
v 52.499096 -4.207994 -0.322921
v 50.424217 -1.653451 0.217175
v 52.989315 -1.802592 0.942291
v 53.218685 0.592680 0.949889
v 55.643822 -2.681399 -1.624317
v 58.765247 -1.949828 -1.224457
v 57.000744 -2.087089 -1.477749
v 56.955750 -3.033243 -1.414678
v 62.225117 -5.415096 -1.537559
v 60.997185 -5.348176 -1.611020
v 58.360607 -2.976268 -1.580955
v 62.705486 -2.883486 -1.148987
v 58.245464 -1.358115 -0.702100
v 51.622078 -10.110956 0.521855
v 52.039284 -1.909767 0.745928
v 58.857647 -7.308636 -1.970890
v 57.135155 -6.346723 -2.085647
v 63.219334 -3.958110 -1.224294
v 60.878017 -1.348092 -0.364228
v 54.895172 -2.647745 -0.981617
v 54.936089 -3.835200 -1.402395
v 63.054657 -4.846457 -1.476573
v 49.784779 -10.617963 -0.094674
v 51.238331 -3.648826 -0.942160
v 51.024307 -7.608761 0.521822
v 55.437042 -0.172867 -0.154792
v 63.491127 -5.944905 -1.241863
v 53.782803 -4.356434 -0.210668
v 54.938538 -1.010730 -0.230902
v 56.760429 -4.054879 -1.546299
v 61.346207 -3.474198 -1.425644
v 56.288326 -5.482722 -1.870802
v 55.587093 -4.997558 -1.386547
v 59.400871 -9.238266 -0.943137
v 59.822899 -8.290216 -1.390245
v 55.011471 -6.707447 -1.096685
v 59.623943 -8.042653 -1.970866
v 61.679234 -8.732114 -1.866501
v 60.808922 -8.245165 -1.647485
v 57.530552 -7.014813 -1.496572
v 55.293499 -7.974740 -1.250672
v 57.305748 -8.256325 -1.012269
v 57.296490 -0.951259 -0.447000
v 56.032272 0.093120 -0.049855
v 53.597820 -8.569803 -0.809640
v 61.072102 -9.839123 -1.390533
v 54.178761 -5.856935 -1.173289
v 58.078846 -7.322128 -2.436742
v 58.865501 -7.893057 -3.154428
v 16.837902 1.195397 -1.645515
v 18.464020 -0.659233 -0.622663
v 13.684010 1.493828 -2.751357
v 14.943627 2.523979 -3.030967
v 13.937063 1.262555 -2.042813
v 16.861229 -0.717270 0.302600
v 15.735628 -1.306796 0.360997
v 15.660168 0.527519 -0.976695
v 14.711987 -0.542685 -0.170928
v 15.256094 1.763451 -1.901272
v 1.777645 -10.113134 -7.245650
v 1.593384 -10.051261 -5.891347
v 1.435554 -9.091153 -8.036421
v 3.975065 -10.219643 -7.195904
v 4.203336 -8.551879 -7.656723
v 5.074279 -8.875783 -7.533434
v 12.533280 -5.022062 -6.872307
v 12.967846 -3.721142 -7.601972
v 8.891166 -2.943275 -8.801008
v 7.595182 -4.299458 -8.626234
v 5.791805 -2.771477 -9.992225
v 6.383099 -1.706495 -9.460392
v 7.794092 -2.914339 -9.066240
v 4.364390 -2.200124 -9.872952
v 4.179364 -4.239750 -9.631314
v 4.585067 -6.815571 -7.290317
v 3.949843 -7.865650 -6.341836
v 1.438099 -5.797663 -8.897186
v 7.506326 -6.439770 -6.253852
v 11.358836 -5.944372 -7.274869
v 6.490129 -10.096319 -6.490340
v 4.923265 -10.609923 -6.332918
v 8.254583 -8.733209 -7.062888
v 9.615904 -4.464952 -7.384125
v 6.032468 -9.409166 -7.270890
v 4.557397 -2.981011 -10.010490
v 10.131374 -8.190267 -6.440682
v 8.530246 -9.319022 -6.197809
v 11.668880 -7.455548 -5.400420
v 5.046797 -3.906834 -9.902010
v 6.113622 -5.018064 -8.995090
v 10.360605 -2.896750 -8.592833
v 8.969325 -7.403362 -7.471517
v 5.926188 -8.442394 -7.438276
v -25.606487 3.264620 -4.242577
v -24.486588 2.842074 -2.760742
v 66.005684 -5.034623 -2.219852
v 66.094696 -6.283220 -1.797650
v 65.781578 -6.950860 -3.294727
v 65.944618 -7.201821 -4.728819
v 65.857506 -8.577045 -3.453496
v 61.945118 8.311834 -5.699373
v 62.343281 7.052743 -6.944318
v -3.270003 -1.215705 -7.720964
v -3.568592 -1.993885 -8.187311
v -5.293037 -2.752167 -8.513263
v -3.616670 -4.018652 -8.111457
v -5.773705 0.269201 -7.915464
v -7.385581 -0.624353 -8.380163
v -9.439511 0.944010 -7.696424
v -10.196263 0.331824 -8.025893
v -10.517891 -2.191411 -8.579095
v -8.631469 -4.079556 -8.479052
v -11.657369 -4.796728 -8.179968
v -12.333093 -3.666912 -8.486493
v -14.550200 -4.995472 -7.531974
v -13.314102 -2.604517 -8.361078
v -12.436005 -1.446981 -8.193410
v -13.856247 -2.207534 -7.847961
v -12.070023 -0.694336 -7.786771
v -11.105342 1.891801 -7.389267
v -5.691831 1.953247 -7.275028
v -7.370612 0.829294 -7.753633
v -4.958424 2.768597 -6.895421
v -4.685036 3.951785 -5.954529
v -8.807164 3.275045 -6.834218
v -7.221951 3.257203 -6.846599
v -13.175524 2.532185 -7.002978
v -21.887869 0.878051 -7.449113
v -20.475958 0.282887 -7.668052
v -26.238636 -0.992484 -7.869776
v -24.389751 -0.538602 -7.834198
v -19.367849 -1.434465 -7.821028
v -18.637222 -0.522236 -7.780005
v -27.435991 -0.682304 -7.824718
v -21.380632 -0.805880 -7.835485
v -20.930069 1.483821 -7.162447
v -18.322947 2.001167 -6.958645
v -21.098402 1.841946 -6.834911
v -22.533144 2.001089 -6.391283
v -19.896784 2.416306 -6.142870
v -12.315560 3.456968 -6.183245
v -13.511424 3.467134 -5.145712
v -18.792992 2.680413 -5.057588
v -22.586847 2.160964 -5.291285
v -24.987154 1.593487 -6.707908
v -28.271330 1.343502 -6.614923
v -31.508207 1.136713 -6.199555
v -31.633930 0.811163 -6.880141
v -38.152534 0.236069 -6.587982
v -40.649788 0.181421 -6.118401
v -45.019894 -0.371029 -6.377741
v -34.144295 0.934708 -5.835459
v -33.003525 1.057969 -5.437940
v -27.091105 1.661261 -5.349267
v -51.370930 -0.682181 -5.908008
v -59.726448 -1.076510 -5.931468
v -62.379490 -1.245041 -6.066420
v -53.606007 -0.862365 -6.126420
v -51.008980 -1.061005 -6.655082
v -54.319424 -1.378838 -6.753705
v -62.659229 -2.041957 -6.834973
v -64.525444 -1.971628 -6.736900
v -65.711525 -1.729968 -6.488286
v -69.791809 -1.913766 -6.536965
v -81.547684 -2.995414 -6.653126
v -84.858604 -3.373101 -6.599992
v -88.096977 -5.256201 -6.252929
v -93.482758 -4.763973 -6.372402
v -96.262154 -4.072548 -6.402148
v -96.356613 -5.178487 -6.169523
v -83.648788 -4.958272 -6.392711
v -90.277557 -2.888962 -6.520835
v -95.126350 -2.828517 -6.435498
v -101.124992 -2.636335 -6.329014
v -97.162552 -2.287854 -6.205915
v -100.421654 -1.870293 -5.788157
v -87.836876 -2.268133 -6.313239
v -77.155907 -1.827596 -6.178564
v -67.751022 -1.260903 -5.672436
v -67.254532 -1.574739 -6.283645
v -83.401619 -2.008308 -6.209697
v -85.729622 -1.893379 -5.997707
v -85.883034 -1.641492 -5.551558
v -89.784378 -1.627084 -5.466274
v -92.762199 -1.691352 -5.574760
v -98.435738 -1.622726 -5.342435
v -103.058754 -1.595745 -5.316865
v -108.980423 -1.834556 -5.731853
v -115.139313 -1.998364 -5.933978
v -106.536102 -2.524686 -6.241286
v -111.347878 -2.218497 -6.059975
v -113.189674 -2.789279 -6.188320
v -122.126305 -2.281352 -6.109038
v -124.659729 -2.811080 -6.177137
v -131.124405 -2.590798 -6.722294
v -132.515350 -4.067407 -6.864672
v -131.467697 -5.064635 -6.271699
v -133.346115 -5.664377 -6.528524
v -129.602051 -3.851748 -6.366471
v -125.362083 -3.883973 -6.074709
v -124.488358 -4.290488 -5.982729
v -128.778778 -4.933309 -5.944019
v -135.527161 -4.301253 -7.849337
v -138.587967 -4.337008 -5.887819
v -136.631500 -4.930401 -7.315442
v -136.472351 -3.558528 -7.820418
v -124.984940 -4.898384 -5.811245
v -115.342255 -3.975688 -6.102239
v -112.750664 -4.462809 -6.126136
v -106.984993 -4.457774 -6.172264
v -117.835571 -2.652868 -6.204144
v -104.503456 -3.950582 -6.280811
v -103.001602 -4.460856 -6.216394
v -115.973022 -5.120210 -5.804275
v -106.361183 -5.107077 -6.017580
v -102.796028 -5.189499 -6.043274
v -118.217476 -3.871556 -6.109820
v -99.279762 -4.396821 -6.309762
v -109.214897 -2.994851 -6.263580
v -123.443039 -1.234837 -5.524441
v -80.076447 -1.622649 -5.717271
v -82.612129 -2.609558 -6.557337
v -80.020851 -2.342558 -6.504065
v -90.676064 -2.011906 -6.069365
v -97.206108 -1.768988 -5.632071
v -102.349579 -3.691976 -6.342766
v -103.837708 -2.304271 -6.177837
v -87.549347 -2.757216 -6.518278
v -97.639091 -5.179104 -6.141345
v -80.403976 -5.333033 -6.353876
v -87.854027 -3.950300 -6.521749
v -75.755951 -5.311670 -6.439199
v -72.835693 -3.725540 -6.806437
v -69.314896 -4.295929 -6.771360
v -67.946815 -3.322083 -6.924156
v -61.911163 -4.654588 -6.818147
v -57.255020 -4.314458 -6.970104
v -52.269566 -4.233724 -7.075189
v -54.785698 -3.320619 -7.144190
v -49.741467 -2.475037 -7.288922
v -47.116013 -2.800772 -7.364324
v -46.619007 -2.068843 -7.351371
v -40.563541 -2.273129 -7.598684
v -33.359936 -2.199072 -7.807810
v -43.702129 -2.856167 -7.474223
v -40.198086 -4.325760 -7.361060
v -43.256126 -4.692536 -7.199437
v -48.017002 -4.895861 -7.034738
v -37.333950 -4.807829 -7.316224
v -27.657894 -5.136307 -7.315991
v -32.240459 -5.259576 -7.226259
v -37.586639 -6.197287 -6.651703
v -52.477116 -5.215254 -6.841576
v -55.685371 -2.613575 -7.138566
v -61.282436 -2.713336 -7.031652
v -65.362267 -3.152202 -6.974501
v -52.864330 -2.833228 -7.218933
v -57.372143 -2.259531 -7.073222
v -52.152927 -1.768422 -7.078969
v -32.398983 -3.498018 -7.692461
v -32.921360 -4.527051 -7.464337
v -46.751152 -1.079948 -7.017047
v -43.204906 -1.503117 -7.375113
v -42.481136 -0.798601 -7.135151
v -23.943224 -5.646216 -7.071742
v -14.002680 -6.567655 -6.530140
v -30.327181 -1.847354 -7.861917
v -39.258518 -0.298473 -7.079442
v -34.761513 -1.055169 -7.676145
v -34.433792 -0.133677 -7.404272
v -32.349346 -0.777875 -7.716318
v -37.510220 -0.463163 -7.339389
v -23.525360 -4.473078 -7.459873
v -46.339211 -5.820600 -6.631600
v -21.113651 -2.605974 -7.780421
v -14.941240 -3.054040 -7.640016
v -18.205002 -3.698885 -7.533317
v -20.920237 -3.786836 -7.583218
v -15.776985 -3.953526 -7.567859
v -15.069933 -2.011500 -7.710644
v -15.304634 -4.343406 -7.809011
v -26.113352 -3.008597 -7.824426
v -27.204443 -3.015338 -7.816185
v -22.734516 -3.445716 -7.688510
v -37.525959 -2.061124 -7.711876
v -67.869568 -2.437764 -6.878357
v -61.055145 -2.217636 -6.956896
v -48.930882 -1.702148 -7.195380
v -39.034046 -1.004324 -7.451451
v -30.709097 -3.414593 -7.740255
v -33.993431 -3.378471 -7.678276
v -17.980249 -5.056346 -7.157870
v -18.917343 -4.216579 -7.432003
v -20.423897 -5.499085 -7.071323
v -50.749310 -3.331907 -7.238917
v -54.046165 -4.815139 -6.915011
v -57.700089 -5.367651 -6.701773
v -48.292187 -3.875518 -7.224119
v -58.407738 -3.084712 -7.110541
v -63.733864 -4.737537 -6.785085
v -71.962029 -5.373106 -6.477619
v -67.963226 -3.040575 -6.931364
v -64.230568 -3.747838 -6.936902
v -85.519440 -4.016916 -6.533995
v -74.089325 -5.368569 -6.439984
v -81.164146 -4.007905 -6.624207
v -86.216515 -3.024363 -6.575987
v -78.304207 -2.962875 -6.732501
v -93.972198 -2.082864 -6.133023
v -92.870598 -2.866645 -6.500031
v -106.640549 -1.634403 -5.456832
v -106.989143 -3.391495 -6.297312
v -45.406681 -3.472988 -7.357878
v -72.999825 -1.810984 -6.291230
v -58.488541 -1.626349 -6.749840
v -50.651146 -1.361190 -6.936141
v -65.064217 -2.265045 -6.864877
v -55.617413 -1.710107 -6.912190
v -60.117779 -1.421132 -6.456268
v -48.515839 -0.467967 -5.869496
v -50.901432 -0.799334 -6.265129
v -37.069267 0.537031 -6.233706
v -28.261398 0.862186 -7.195631
v -32.720943 0.370322 -7.196496
v -28.510168 1.520407 -5.911930
v -17.629513 2.827053 -5.683949
v -16.277912 2.867800 -6.211812
v -27.756632 0.677943 -7.360328
v -14.536175 2.549517 -6.873575
v -15.270106 1.915516 -7.225142
v -26.851254 0.336316 -7.567951
v -6.703266 4.154338 -5.956109
v -8.042045 1.172728 -7.573492
v -12.817863 1.617387 -7.430041
v -13.105545 0.767615 -7.633839
v -121.601341 -4.394405 -5.964537
v -136.552017 -5.971654 -6.970981
v -135.753830 -6.466395 -7.026786
v -30.125252 -0.954865 -7.812630
v -29.983276 -0.203850 -7.652490
v -40.786888 -0.945111 -7.327605
v -7.525589 -2.892709 -8.595669
v -34.128471 0.724463 -6.579323
v -61.348648 -3.328409 -7.024429
v -127.157166 -3.055324 -6.254829
v -10.929660 0.113054 -7.818730
v -8.200818 4.199853 -5.069404
v -8.569440 0.594716 -8.000260
v -122.393730 -3.428265 -6.127821
v -1.838855 0.984437 -7.190409
v -28.404209 0.302087 -7.527995
v -14.632847 -3.494766 -8.186087
v -4.721288 -0.268158 -7.958966
v -133.068146 -1.906043 -7.339208
v -65.325401 -1.325395 -5.972533
v -98.316772 -3.237923 -6.432524
v -135.797562 -1.861197 -8.150286
v -136.544357 -0.988235 -7.783796
v -70.587547 -2.686769 -6.837302
v -140.129379 -1.511087 -5.363149
v -138.985397 -0.333665 -5.903199
v -137.612076 1.825716 -6.319636
v -139.210815 -0.840713 -5.667078
v -44.815697 -0.167018 -5.889986
v -139.079849 -2.412959 -5.802581
v -45.889473 -0.598889 -6.619412
v -122.670303 -5.059060 -5.807555
v -17.168886 1.160265 -7.474223
v -15.449276 -0.499901 -7.766202
v -9.940847 3.746615 -6.243070
v -3.483884 1.207074 -7.282141
v -8.378526 2.374258 -7.255510
v -75.546173 -3.357832 -6.835657
v -30.671978 0.302561 -7.405673
v -21.208878 -1.805355 -7.846202
v -27.253607 -1.648138 -7.901071
v -34.889744 0.332379 -7.025350
v -43.107418 -0.366115 -6.672355
v -24.809546 -0.273845 -2.472159
v -26.463129 0.704774 -3.113891
v -26.790510 1.666531 -4.228349
v -23.626583 -2.070773 0.541216
v -25.385567 -0.916480 -0.250777
v 50.908344 -2.922248 -0.143672
v 51.611603 -3.727654 -1.437394
v 51.614899 -4.525764 -1.509910
v 51.163319 -5.974873 -1.952886
v 51.398838 -5.602941 -4.198914
v 51.455070 -5.506806 -4.899776
v 51.802280 -5.250047 -6.275497
v 51.722263 -4.594326 -6.130100
v 51.641739 -4.026901 -6.462541
v 50.373802 -8.628157 -4.066700
v 50.120041 -8.725352 -1.503261
v 49.856522 -10.356042 -4.015054
v 50.050259 -9.465066 0.250214
v 50.369873 -9.930386 -5.284770
v 50.568653 -8.399394 -5.115479
v 50.690002 -7.226628 -0.398018
v 51.148270 -6.589805 0.077322
v 49.483444 -11.044418 -2.527342
v 50.824245 -8.717364 -5.788405
v 50.728333 -3.463858 -7.866479
v 51.120304 -1.437241 -7.931893
v 50.646694 1.269142 -8.404945
v 49.892937 5.633701 -5.232873
v 49.066719 7.204073 -4.020044
v 48.489254 8.219881 -8.487752
v 47.689941 9.988718 -7.172448
v 47.559258 10.152711 -6.020833
v 47.982834 10.421205 -5.036703
v 47.867542 9.379197 -7.858324
v 49.654491 6.364070 -8.675216
v 51.565327 3.192553 -7.936937
v 48.141979 8.454437 -5.794756
v 50.804344 3.567177 -2.379726
v 49.634029 6.700285 -2.876982
v 49.577667 6.037961 -7.761707
v 50.479549 4.527163 -7.068946
v 48.402157 8.803144 -3.634884
v 47.712769 9.500209 -5.319537
v 50.172131 -0.079580 0.238244
v 48.979950 7.794793 -3.201666
v 30.963200 10.701859 -8.270558
v 32.959126 9.916094 -7.927004
v 30.846445 12.155568 -8.370281
v 31.077442 9.870796 -9.962952
v 31.593988 9.563504 -9.029739
v 30.346064 11.469077 -10.247684
v 34.520771 11.579589 -10.850259
v 33.798080 11.443437 -11.545941
v 32.641350 12.232590 -11.780124
v 34.070580 13.236026 -10.175550
v 32.870186 13.764236 -9.116670
v 33.826347 13.056038 -8.366454
v 33.021454 11.523407 -7.241053
v 31.736099 12.194694 -7.571191
v 34.770512 12.236404 -9.453005
v 34.577412 11.413433 -8.280050
v 34.743729 10.819466 -9.907076
v 34.081654 9.721951 -9.921339
v 32.244179 13.188277 -8.034673
v 31.354849 13.370093 -9.156615
v 30.459206 12.180438 -9.295698
v 32.509659 10.014020 -11.458966
v 30.896675 10.752216 -10.952227
v 32.728683 9.231524 -9.267848
v 31.594734 13.348487 -10.903832
v 31.495987 11.820495 -11.639841
v -19.946634 -13.082438 -1.434822
v -17.980906 -13.308421 -1.983437
v -18.930496 -14.251268 -0.529719
v -17.512032 -14.174995 -0.715150
v -20.743185 -12.659218 0.398378
v -20.015388 -11.561625 -1.752373
v -18.335033 -14.250547 1.159069
v -19.998808 -13.857786 0.447648
v -20.225140 -12.645284 1.840770
v -18.717218 -13.226126 2.314487
v -17.187412 -14.149985 0.516818
v -19.897503 -11.467226 2.214619
v -18.509794 -9.410714 1.051354
v -16.383806 -10.551532 0.681102
v -16.431683 -11.301838 1.378381
v -17.720669 -11.279634 2.323075
v -18.893030 -10.188018 1.822960
v -17.853893 -9.343734 0.124064
v -18.822655 -11.247985 2.504787
v -20.307878 -10.220716 0.743509
v -20.940300 -11.835944 -0.209649
v -19.363781 -9.819235 -1.047519
v -17.299715 -11.472317 -2.125756
v -18.261990 -12.005007 -2.369917
v -16.434155 -12.629387 -1.542560
v -15.871669 -11.608489 -0.762271
v -16.097733 -13.302613 0.167127
v -16.772987 -10.298499 -1.226355
v -16.928635 -12.768658 2.022950
v -18.349375 -10.215692 -1.869240
v 36.535965 4.824924 -15.645051
v 35.599892 4.332564 -14.555634
v 35.207043 5.914131 -14.174956
v 36.522228 3.376485 -13.218765
v 36.888393 4.629198 -11.702772
v 37.566227 3.798475 -12.174879
v 38.007641 6.273292 -11.806774
v 37.273834 7.354549 -12.679154
v 37.860683 5.182388 -11.593522
v 35.302315 5.891808 -12.924850
v 35.880733 5.572681 -11.874781
v 36.781990 7.646038 -13.805189
v 39.037636 4.929358 -12.335164
v 38.190647 3.388751 -13.050823
v 39.382957 5.803952 -14.789651
v 38.625114 7.206794 -13.809915
v 37.736385 6.431857 -15.680944
v 38.182751 5.776456 -15.729190
v 39.397182 6.212072 -13.562938
v 39.469643 4.620278 -13.667268
v 37.924072 7.568161 -13.659432
v 38.514740 3.463823 -14.028555
v 38.055161 4.218659 -15.438812
v 36.838276 3.406522 -14.448024
v 37.012234 7.327931 -15.057048
v 36.280727 6.105359 -15.502709
v 38.378307 6.970003 -12.555005
v 47.025196 -6.563649 -5.267388
v 48.055325 -6.310543 -6.447174
v 47.467957 -7.324604 -4.787798
v 46.043407 -6.744579 -5.240850
v 46.171410 -8.556358 -4.819510
v 45.570023 -7.309851 -7.124466
v 46.737228 -9.171720 -7.211844
v 47.976990 -8.175460 -7.750724
v 46.959408 -7.515199 -7.937111
v 45.970863 -6.702419 -7.386754
v 45.223934 -7.549788 -5.809911
v 45.559879 -8.805598 -6.121749
v 48.364418 -8.671745 -7.181620
v 48.289257 -8.764315 -5.462893
v 47.258461 -9.467416 -5.667894
v 47.161247 -6.387839 -7.383526
v 46.103836 -6.015294 -6.302682
v 48.757027 -7.567961 -6.467775
vn -0.1048 -0.8667 -0.4876
vn -0.1050 -0.5979 -0.7947
vn -0.0354 -0.9788 -0.2016
vn -0.5578 -0.7846 -0.2707
vn -0.3076 -0.9471 0.0910
vn -0.0945 -0.7153 -0.6924
vn 0.2289 -0.6921 -0.6845
vn 0.0527 -0.6892 -0.7227
vn 0.1152 -0.4912 -0.8634
vn 0.0333 -0.6454 -0.7631
vn -0.7343 -0.6091 0.2996
vn -0.3486 -0.7600 0.5485
vn 0.0545 -0.4404 0.8961
vn -0.0271 -0.3493 0.9366
vn -0.5483 0.0462 0.8350
vn -0.0603 -0.1951 0.9789
vn -0.0608 0.1067 0.9924
vn 0.1243 -0.1393 0.9824
vn 0.0231 -0.7616 0.6477
vn -0.7706 0.0794 -0.6323
vn -0.9186 0.3268 0.2220
vn -0.2203 -0.4213 -0.8798
vn 0.0862 -0.7639 0.6396
vn -0.1081 -0.8016 0.5880
vn -0.0011 -0.7369 -0.6760
vn -0.0762 -0.3419 0.9366
vn 0.0175 -0.5235 -0.8519
vn -0.1184 -0.5892 -0.7993
vn -0.1252 -0.9346 -0.3328
vn -0.0259 -0.4988 -0.8663
vn -0.0494 -0.8035 -0.5933
vn 0.1118 -0.8962 0.4293
vn -0.4741 -0.8629 0.1751
vn 0.1494 -0.9887 0.0082
vn -0.0467 -0.8747 0.4824
vn 0.1385 -0.3826 0.9135
vn 0.0495 -0.9987 -0.0116
vn 0.1996 -0.9234 0.3280
vn 0.0986 -0.5735 -0.8132
vn 0.2555 -0.3259 -0.9102
vn -0.0592 -0.3229 -0.9446
vn 0.0542 -0.1967 0.9790
vn 0.0853 -0.5943 -0.7997
vn -0.0651 -0.5316 -0.8445
vn -0.0065 -0.6917 -0.7221
vn 0.0682 -0.9663 -0.2483
vn 0.0597 -0.8613 0.5045
vn -0.1365 -0.5194 -0.8436
vn -0.2338 -0.5757 -0.7835
vn -0.0259 -0.6126 -0.7900
vn 0.0514 -0.6996 -0.7127
vn 0.0297 -0.9249 -0.3789
vn 0.0652 -0.6710 -0.7386
vn 0.2372 -0.6925 -0.6813
vn -0.0335 -0.4582 -0.8882
vn -0.1795 -0.5601 -0.8087
vn -0.1743 -0.7778 -0.6039
vn 0.1768 -0.4596 -0.8704
vn -0.3545 -0.6312 -0.6899
vn -0.2094 -0.7464 -0.6317
vn -0.1446 -0.9622 0.2307
vn -0.0221 -0.7952 0.6059
vn 0.2175 -0.3602 -0.9072
vn 0.2034 0.1787 -0.9627
vn 0.0408 -0.2664 -0.9630
vn 0.0529 0.1697 -0.9841
vn 0.3235 -0.2595 -0.9100
vn 0.4513 -0.2975 -0.8413
vn 0.4288 -0.5808 -0.6919
vn 0.2011 -0.7185 -0.6658
vn 0.0485 -0.6695 -0.7412
vn 0.5051 -0.6665 -0.5483
vn 0.3226 -0.9458 -0.0383
vn 0.5994 -0.4956 -0.6286
vn 0.8654 -0.0552 0.4981
vn 0.4221 -0.1629 0.8918
vn 0.6400 0.0367 0.7675
vn 0.8282 0.0418 -0.5589
vn 0.0035 -0.6791 -0.7340
vn 0.8264 0.4611 0.3231
vn 0.2445 0.1455 0.9587
vn 0.0444 -0.3573 0.9329
vn 0.3980 -0.6046 0.6900
vn 0.1308 0.2079 0.9694
vn 0.4601 0.2346 0.8563
vn 0.3121 -0.5050 0.8047
vn 0.1613 -0.4683 0.8687
vn -0.0372 -0.1525 0.9876
vn -0.0248 -0.3186 -0.9476
vn -0.1182 -0.5647 -0.8168
vn -0.2989 -0.8738 0.3835
vn 0.0605 -0.9899 0.1283
vn -0.1379 0.0725 -0.9878
vn 0.3173 -0.8154 0.4842
vn 0.2249 -0.9695 0.0977
vn 0.0496 -0.7792 0.6248
vn -0.2059 -0.8116 -0.5467
vn -0.1738 -0.5470 -0.8189
vn -0.1061 -0.0719 -0.9918
vn -0.1746 -0.7592 -0.6270
vn -0.4157 -0.8915 -0.1799
vn -0.4029 -0.4162 -0.8151
vn -0.2176 -0.7797 -0.5871
vn -0.2117 -0.4014 -0.8911
vn -0.1953 -0.4102 0.8908
vn -0.3365 -0.7147 0.6131
vn -0.4717 -0.8651 0.1708
vn -0.2341 -0.8833 0.4062
vn -0.2278 -0.6999 0.6769
vn -0.3478 -0.9368 0.0373
vn 0.4295 -0.6582 0.6183
vn -0.3999 -0.5811 0.7088
vn 0.2571 -0.8878 -0.3817
vn 0.9137 0.0142 0.4062
vn -0.0535 -0.7317 -0.6795
vn -0.0676 -0.9392 -0.3366
vn -0.0465 -0.9854 -0.1638
vn -0.2308 -0.9396 -0.2526
vn -0.1449 -0.8845 0.4435
vn -0.0987 -0.6674 -0.7382
vn -0.2240 -0.7560 -0.6151
vn -0.0380 -0.6579 -0.7522
vn -0.0487 -0.3570 -0.9328
vn -0.0838 -0.3458 -0.9346
vn -0.1857 -0.5360 -0.8235
vn -0.1129 -0.3698 -0.9222
vn -0.1484 -0.9289 -0.3392
vn -0.0539 -0.4146 -0.9084
vn -0.0442 -0.9680 0.2471
vn -0.1174 -0.0354 -0.9925
vn -0.0588 -0.0318 -0.9978
vn -0.0533 -0.0638 -0.9965
vn -0.1781 0.4063 -0.8962
vn -0.1643 -0.8893 0.4268
vn -0.2347 -0.9714 0.0371
vn -0.1534 -0.8347 0.5289
vn 0.5191 -0.4320 -0.7375
vn 0.0571 -0.7470 -0.6623
vn -0.2596 -0.7651 -0.5893
vn 0.1657 -0.6856 -0.7089
vn 0.4522 -0.0192 -0.8917
vn 0.1974 0.0648 -0.9782
vn -0.1618 -0.2639 -0.9509
vn 0.0213 -0.4513 -0.8921
vn 0.2812 -0.6194 -0.7330
vn 0.2824 0.1371 -0.9494
vn -0.1625 -0.0718 -0.9841
vn 0.3620 0.3122 -0.8784
vn -0.1567 -0.4100 -0.8985
vn -0.2652 0.3249 -0.9078
vn 0.8905 -0.3194 0.3241
vn 0.5757 0.0371 0.8168
vn 0.8663 -0.3198 0.3838
vn 0.7584 0.1486 0.6346
vn 0.7476 -0.2773 0.6035
vn 0.4147 0.0867 0.9058
vn 0.3947 -0.0040 0.9188
vn -0.0925 0.0342 -0.9951
vn -0.1903 0.1288 -0.9732
vn -0.1658 -0.1776 -0.9700
vn -0.1447 0.0522 -0.9881
vn 0.3649 -0.3167 -0.8755
vn -0.1260 0.3173 -0.9399
vn 0.2380 0.1451 -0.9604
vn 0.8724 -0.1456 -0.4665
vn 0.7361 -0.3750 -0.5635
vn -0.0078 0.1757 -0.9844
vn 0.8860 -0.3973 -0.2391
vn 0.7790 0.3621 0.5119
vn 0.5620 0.6112 -0.5572
vn 0.7616 -0.3748 -0.5287
vn 0.3115 -0.1283 0.9415
vn 0.5438 0.0185 0.8390
vn 0.4620 0.3000 0.8346
vn 0.0609 0.2889 0.9554
vn 0.3290 0.0730 0.9415
vn 0.2077 0.5689 0.7958
vn 0.4627 0.6138 0.6396
vn 0.2388 0.5880 0.7728
vn 0.5231 0.7066 0.4765
vn 0.3821 0.7493 0.5409
vn -0.1003 0.1048 0.9894
vn -0.1139 0.4727 0.8738
vn 0.2269 0.7424 0.6304
vn 0.6127 0.5529 0.5647
vn -0.1106 -0.3455 0.9319
vn -0.0285 -0.1780 0.9836
vn -0.0147 -0.8443 0.5357
vn -0.0221 -0.3895 0.9208
vn -0.0949 -0.0611 0.9936
vn -0.0321 0.7008 0.7126
vn -0.1363 0.6607 0.7381
vn -0.2079 0.9225 0.3253
vn -0.1266 0.9673 0.2198
vn -0.2494 0.9150 -0.3170
vn -0.1832 0.8308 -0.5256
vn -0.0177 0.7401 0.6722
vn -0.0498 0.9420 0.3319
vn -0.1729 0.9042 0.3906
vn 0.5055 0.5752 0.6431
vn -0.2938 0.9425 0.1594
vn -0.0410 0.2207 0.9745
vn -0.1470 0.7412 0.6550
vn -0.1608 0.5146 0.8422
vn -0.0489 0.5236 0.8506
vn 0.4541 0.3216 0.8309
vn 0.4467 0.5777 0.6832
vn -0.5008 0.8569 0.1222
vn -0.5018 0.7062 -0.4995
vn -0.0572 0.9130 -0.4040
vn -0.1028 0.8134 -0.5725
vn -0.0324 0.3487 0.9367
vn -0.0215 0.0650 0.9977
vn 0.0218 0.4225 0.9061
vn -0.0112 0.4035 0.9149
vn -0.0160 -0.6882 0.7253
vn -0.1180 -0.2973 0.9475
vn -0.1963 0.9802 0.0258
vn -0.1328 0.9759 -0.1731
vn -0.3855 0.9227 0.0060
vn -0.0258 0.3599 0.9326
vn -0.2305 -0.4775 0.8478
vn -0.1967 -0.1530 0.9685
vn -0.3257 -0.6913 0.6450
vn -0.4323 -0.7107 0.5550
vn -0.2758 0.2931 0.9154
vn -0.4988 0.2708 -0.8233
vn -0.5689 0.8090 -0.1478
vn -0.2033 0.5154 0.8325
vn -0.2680 -0.7046 0.6570
vn 0.1505 0.6557 0.7398
vn 0.0714 0.6770 0.7325
vn -0.1504 0.4537 0.8784
vn 0.0092 0.5510 0.8345
vn -0.0896 0.7782 0.6216
vn 0.0535 0.3669 0.9287
vn 0.2081 0.5057 0.8372
vn 0.1092 0.6965 0.7092
vn -0.1608 0.6069 0.7784
vn -0.1391 0.6491 0.7479
vn 0.0261 0.6163 0.7871
vn -0.2118 0.6480 0.7316
vn 0.0322 0.3481 0.9369
vn -0.0399 0.4211 0.9061
vn -0.0652 -0.0406 0.9970
vn -0.1368 0.0897 0.9865
vn 0.0127 -0.0338 0.9993
vn -0.0964 0.0180 0.9952
vn -0.0927 0.3508 0.9318
vn -0.2174 0.6272 0.7479
vn 0.1520 -0.1681 0.9740
vn 0.1145 -0.1576 0.9808
vn 0.2971 -0.0212 0.9546
vn 0.2629 -0.1380 0.9549
vn 0.1682 -0.3210 0.9320
vn 0.0970 0.4697 0.8775
vn 0.1472 0.0328 0.9886
vn -0.0211 -0.3126 0.9497
vn 0.3848 -0.0700 0.9203
vn 0.0584 0.2056 0.9769
vn -0.0945 -0.1495 0.9842
vn 0.2853 -0.0622 0.9564
vn 0.1869 0.3826 0.9048
vn 0.1666 0.3182 0.9333
vn 0.7248 0.5464 0.4198
vn -0.1204 0.0623 0.9908
vn 0.7915 0.4620 0.4001
vn 0.5873 0.3413 0.7339
vn 0.6619 0.2218 0.7160
vn 0.9515 0.2702 -0.1471
vn 0.9968 0.0627 -0.0501
vn 0.7082 -0.3871 -0.5905
vn 0.5602 -0.3807 -0.7357
vn 0.6731 -0.0640 0.7368
vn 0.5292 -0.3295 -0.7819
vn -0.1981 -0.1766 0.9641
vn 0.1405 0.2416 0.9601
vn 0.4056 0.5012 0.7644
vn 0.5979 -0.7987 -0.0680
vn -0.0969 0.9864 -0.1330
vn -0.1754 0.5545 -0.8135
vn 0.0253 0.7057 -0.7081
vn 0.1150 0.9615 0.2496
vn 0.0578 0.6828 -0.7284
vn 0.1316 0.7804 -0.6112
vn 0.1225 0.9923 0.0207
vn 0.0534 0.9981 0.0293
vn 0.0031 0.7832 0.6218
vn 0.1120 0.5903 0.7994
vn -0.1262 0.7821 0.6102
vn 0.0042 0.5184 0.8551
vn 0.2640 0.7798 0.5676
vn 0.0331 0.7837 0.6202
vn 0.1037 0.3755 0.9210
vn 0.2132 0.4002 0.8913
vn 0.0104 0.4249 -0.9052
vn 0.1189 0.3519 -0.9285
vn 0.2899 0.4351 -0.8524
vn -0.1741 0.0920 -0.9804
vn 0.1128 0.1335 -0.9846
vn -0.1183 0.2470 -0.9618
vn 0.0956 -0.1963 -0.9759
vn 0.2480 -0.0321 -0.9682
vn -0.1174 0.3112 -0.9431
vn -0.2360 -0.4015 -0.8849
vn 0.2668 -0.6717 -0.6911
vn -0.1839 -0.0239 -0.9827
vn -0.0366 0.4274 0.9033
vn -0.1932 0.5724 0.7969
vn -0.2693 0.8806 0.3898
vn -0.0048 0.8149 0.5796
vn -0.2185 0.7571 -0.6157
vn -0.4012 0.6645 -0.6305
vn -0.1392 0.9546 -0.2633
vn -0.4542 0.8706 0.1891
vn -0.0864 0.6862 0.7223
vn -0.4169 0.5786 -0.7010
vn 0.5714 0.2609 0.7781
vn 0.5419 0.1427 0.8283
vn -0.1676 0.9561 -0.2403
vn 0.1577 0.9870 -0.0296
vn 0.1893 0.9148 0.3569
vn -0.4847 0.8513 -0.2009
vn 0.1420 0.7918 0.5940
vn 0.0063 0.7282 0.6853
vn 0.4234 0.5426 0.7255
vn 0.3209 0.5926 0.7388
vn 0.4597 -0.2339 0.8567
vn 0.3758 0.0285 0.9263
vn 0.1416 0.2260 -0.9638
vn 0.1173 0.1363 -0.9837
vn 0.0450 0.2546 -0.9660
vn 0.0215 0.0083 -0.9997
vn 0.0739 0.6920 -0.7181
vn -0.0709 0.2612 -0.9627
vn 0.1676 0.8450 -0.5078
vn -0.1307 0.9911 0.0259
vn 0.0779 0.7840 0.6158
vn 0.0668 0.4074 0.9108
vn -0.4752 0.7138 0.5144
vn -0.4891 0.4662 0.7372
vn -0.9164 0.3100 -0.2532
vn -0.2797 0.9587 0.0524
vn -0.3158 0.8132 -0.4888
vn -0.5210 0.1403 0.8420
vn -0.1477 0.5334 0.8329
vn 0.1411 0.1683 0.9756
vn 0.2382 0.4454 0.8631
vn -0.1040 0.3376 0.9355
vn 0.2366 0.4836 0.8427
vn -0.4819 0.8688 0.1140
vn -0.0511 0.8251 0.5626
vn 0.2767 0.8872 0.3693
vn 0.2655 0.6587 0.7040
vn -0.1469 0.5884 0.7951
vn 0.0532 0.5419 0.8387
vn -0.4993 0.7730 -0.3915
vn 0.3034 -0.2085 0.9298
vn -0.4946 0.8152 0.3014
vn 0.3032 0.7365 -0.6047
vn 0.3002 0.8077 -0.5074
vn 0.7729 0.6091 -0.1779
vn 0.8548 -0.0144 0.5188
vn 0.2887 0.9102 0.2970
vn 0.1401 0.7990 0.5847
vn -0.0570 0.4784 0.8763
vn 0.0440 0.5044 0.8623
vn -0.1347 0.2738 0.9523
vn -0.2816 0.5392 0.7937
vn -0.1599 0.8560 0.4917
vn 0.0390 0.9069 0.4195
vn -0.3720 0.3716 -0.8506
vn -0.2581 -0.1347 -0.9567
vn -0.4232 0.1678 -0.8904
vn 0.1177 0.9341 -0.3371
vn 0.0194 0.8386 -0.5445
vn -0.4153 0.8288 0.3750
vn -0.4452 0.7865 -0.4279
vn -0.4615 0.8747 -0.1484
vn -0.4518 0.6865 0.5697
vn -0.4126 0.6706 -0.6165
vn 0.7567 -0.3317 -0.5634
vn 0.8825 -0.2661 0.3877
vn 0.8351 0.2482 -0.4909
vn -0.3352 0.4275 -0.8396
vn -0.1158 0.2224 -0.9681
vn -0.2297 0.9572 -0.1762
vn -0.3126 -0.3326 -0.8897
vn -0.2507 0.0835 -0.9645
vn -0.1981 -0.4467 -0.8725
vn -0.3950 0.2060 -0.8953
vn -0.4671 -0.3854 -0.7958
vn -0.3512 0.7626 -0.5432
vn -0.3089 0.8418 -0.4426
vn -0.0676 0.3151 -0.9467
vn -0.0843 0.4022 -0.9117
vn -0.3600 0.8458 -0.3937
vn -0.2904 0.6744 -0.6789
vn -0.1740 0.6697 -0.7219
vn 0.5208 -0.0430 -0.8526
vn -0.3466 0.1135 0.9311
vn -0.4220 0.4038 0.8117
vn -0.0104 -0.0284 0.9995
vn -0.2957 -0.2816 0.9128
vn -0.3757 -0.3934 0.8391
vn 0.0040 0.1462 -0.9892
vn 0.2080 -0.1080 -0.9722
vn -0.3446 -0.1903 -0.9193
vn -0.4417 0.2560 -0.8599
vn -0.4629 0.5049 -0.7286
vn -0.0889 0.5246 -0.8467
vn 0.0777 -0.4543 0.8875
vn -0.4053 0.5098 -0.7588
vn 0.1123 0.1461 -0.9829
vn -0.0044 0.0493 -0.9988
vn 0.0909 0.1493 -0.9846
vn -0.0185 0.1042 -0.9944
vn -0.0117 0.1037 -0.9945
vn 0.2246 0.0994 -0.9694
vn 0.1997 -0.2499 -0.9475
vn 0.0608 -0.1326 -0.9893
vn -0.8362 0.1763 -0.5193
vn -0.2626 0.5074 -0.8207
vn -0.0580 0.2406 -0.9689
vn -0.1564 0.0448 -0.9867
vn -0.4197 -0.7157 0.5582
vn -0.4814 -0.8031 0.3511
vn -0.4168 -0.9013 -0.1180
vn -0.4553 -0.7973 0.3963
vn -0.3383 -0.8479 0.4082
vn -0.4447 -0.8885 -0.1131
vn -0.3927 -0.8080 -0.4392
vn -0.0029 0.0469 0.9989
vn 0.2236 -0.8305 -0.5102
vn -0.5114 -0.7265 0.4590
vn -0.3574 -0.3763 0.8548
vn -0.4587 -0.8810 0.1158
vn -0.2280 -0.8504 -0.4741
vn -0.5163 -0.7964 0.3149
vn -0.3840 -0.8403 0.3828
vn -0.2635 -0.8170 0.5129
vn -0.4628 -0.7244 -0.5109
vn -0.2801 -0.5175 -0.8086
vn -0.3860 -0.2420 -0.8902
vn -0.4357 -0.4886 -0.7559
vn 0.1642 -0.2595 -0.9517
vn -0.4602 -0.5132 -0.7244
vn -0.4673 -0.6768 -0.5689
vn -0.0561 -0.4252 -0.9034
vn -0.1129 -0.2567 0.9599
vn -0.0883 -0.1217 0.9886
vn -0.1124 -0.1600 -0.9807
vn -0.1662 -0.0790 -0.9829
vn -0.1188 -0.4037 -0.9071
vn -0.2313 -0.1107 -0.9666
vn -0.1025 -0.2039 -0.9736
vn 0.0033 -0.0504 -0.9987
vn -0.1911 0.0149 -0.9815
vn -0.0063 -0.1535 -0.9881
vn -0.3612 -0.4392 -0.8226
vn -0.2004 0.5090 -0.8371
vn -0.3709 0.4654 -0.8036
vn -0.9971 0.0685 -0.0342
vn -0.6653 -0.4401 -0.6031
vn -0.5876 -0.5642 0.5800
vn -0.5752 0.3625 0.7333
vn -0.3285 0.0858 0.9406
vn -0.0054 0.2013 0.9795
vn -0.0075 -0.4448 0.8956
vn -0.3728 0.2719 0.8872
vn -0.2809 0.3731 0.8842
vn 0.7680 -0.2656 0.5828
vn 0.5742 -0.1624 0.8024
vn 0.6072 -0.1413 0.7819
vn 0.1811 -0.0111 0.9834
vn 0.1282 0.0706 0.9892
vn 0.7647 -0.3039 0.5683
vn 0.6353 -0.2085 0.7436
vn 0.7662 -0.1360 0.6281
vn -0.0991 0.2517 0.9627
vn -0.0810 0.2843 0.9553
vn -0.6745 0.2298 0.7016
vn -0.4302 0.2228 0.8748
vn 0.5033 0.0691 0.8613
vn 0.3013 0.1390 0.9433
vn 0.3744 0.4339 0.8195
vn 0.6355 0.5497 0.5422
vn 0.3267 0.3843 0.8634
vn 0.3986 0.8347 0.3799
vn -0.4365 0.6070 0.6641
vn 0.7945 0.5655 0.2212
vn -0.5931 0.7579 0.2717
vn -0.5458 0.8012 -0.2455
vn -0.1160 0.7336 0.6696
vn 0.7943 0.5936 -0.1295
vn 0.9316 0.3541 -0.0825
vn 0.0893 -0.1824 0.9792
vn -0.2888 -0.6843 0.6696
vn -0.5396 -0.3604 0.7609
vn 0.1103 0.1511 0.9823
vn -0.0172 -0.5267 0.8499
vn 0.0722 -0.1143 0.9908
vn 0.0022 0.2755 0.9613
vn 0.0887 -0.2362 0.9676
vn 0.0575 -0.0070 0.9983
vn 0.0633 -0.7288 0.6818
vn 0.4335 0.4181 0.7983
vn 0.0652 0.4499 0.8907
vn 0.8619 0.3138 0.3983
vn 0.9883 -0.1494 -0.0324
vn -0.9899 0.0392 -0.1365
vn -0.3611 0.4347 0.8250
vn -0.9963 0.0828 0.0230
vn 0.7618 0.0044 0.6478
vn -0.7197 0.3707 0.5870
vn 0.9097 -0.4120 -0.0514
vn -0.4570 -0.1218 -0.8811
vn -0.1255 0.5304 0.8384
vn -0.0990 0.5474 0.8310
vn 0.0504 0.5191 0.8532
vn -0.1614 0.6276 0.7616
vn -0.2971 0.6811 0.6693
vn 0.2766 0.3984 0.8745
vn -0.0756 0.6094 0.7893
vn 0.7864 -0.4052 0.4662
vn 0.5603 0.0660 0.8257
vn -0.4208 0.2864 0.8608
vn -0.6705 0.2110 0.7113
vn -0.9893 -0.1380 0.0478
vn -0.9799 0.1995 -0.0005
vn -0.5772 -0.2653 0.7723
vn -0.2588 0.2882 0.9219
vn -0.7794 -0.5410 0.3160
vn 0.6861 0.0885 0.7221
vn 0.6772 0.0805 0.7314
vn 0.7663 -0.0517 0.6404
vn 0.4422 -0.0452 0.8958
vn -0.2331 0.2002 0.9516
vn -0.3685 0.3879 0.8448
vn 0.1040 0.1030 0.9892
vn 0.5855 -0.2626 0.7670
vn 0.6646 -0.3056 0.6819
vn -0.4861 0.5961 0.6390
vn -0.0547 0.2506 0.9665
vn 0.2345 0.0535 0.9706
vn -0.2279 0.5175 0.8248
vn -0.5728 0.5242 0.6302
vn -0.8368 0.5076 0.2053
vn -0.3967 0.4848 0.7795
vn -0.0878 0.3050 0.9483
vn -0.6680 0.2694 -0.6937
vn -0.5500 0.5222 0.6518
vn 0.1723 0.0058 0.9850
vn 0.1605 0.0547 0.9855
vn 0.2465 0.0849 0.9654
vn 0.5289 0.3082 0.7907
vn 0.7975 0.1733 0.5779
vn 0.0476 -0.0102 0.9988
vn 0.2121 -0.3420 0.9154
vn 0.6237 -0.3265 0.7102
vn 0.4344 -0.3198 0.8421
vn 0.4797 0.0172 0.8773
vn 0.5078 -0.8579 -0.0783
vn 0.4340 -0.0861 0.8968
vn -0.4245 -0.1489 0.8931
vn -0.0700 0.0807 0.9943
vn 0.4433 0.4876 0.7522
vn 0.1988 -0.0589 0.9783
vn -0.1715 -0.3133 0.9340
vn -0.3762 -0.4857 0.7890
vn -0.2219 -0.2385 0.9455
vn -0.2741 -0.9384 0.2104
vn -0.3172 -0.7932 0.5198
vn -0.1987 -0.5339 0.8219
vn 0.0030 -0.9673 -0.2535
vn 0.1358 -0.8988 0.4169
vn -0.0529 -0.6896 0.7222
vn -0.0520 -0.9473 0.3160
vn -0.0995 0.1169 0.9881
vn -0.2050 0.5214 0.8283
vn -0.2491 0.1743 0.9527
vn 0.0284 -0.4118 0.9108
vn -0.1244 0.4916 0.8619
vn -0.1963 -0.5524 0.8101
vn 0.0149 -0.9709 -0.2389
vn -0.4839 -0.7362 0.4731
vn -0.2885 0.7683 0.5714
vn -0.6412 0.7638 0.0740
vn -0.5195 0.7741 0.3618
vn -0.5203 0.8074 0.2782
vn 0.1083 0.5284 0.8420
vn 0.0419 0.5988 0.7998
vn -0.5932 0.8000 -0.0904
vn -0.6287 0.2980 -0.7183
vn -0.8718 -0.2926 -0.3929
vn -0.5493 -0.0270 -0.8352
vn -0.8393 0.5367 -0.0871
vn -0.7766 0.6244 -0.0839
vn -0.6600 -0.4861 -0.5728
vn -0.1816 -0.6728 -0.7172
vn 0.0538 -0.3883 -0.9199
vn -0.8471 -0.4302 -0.3120
vn 0.0051 -0.1136 -0.9935
vn -0.1032 -0.3843 0.9174
vn -0.6917 -0.6165 0.3760
vn -0.2702 0.0568 0.9611
vn 0.2114 -0.5992 0.7722
vn -0.2567 -0.9501 0.1774
vn -0.6967 0.3023 0.6505
vn -0.4832 -0.0109 -0.8755
vn -0.1790 -0.9623 0.2047
vn -0.2876 -0.2206 0.9320
vn 0.3073 -0.9506 -0.0449
vn -0.2404 -0.3710 -0.8970
vn -0.4878 0.7813 -0.3894
vn -0.2124 0.1058 -0.9714
vn 0.1052 -0.2976 -0.9489
vn -0.1757 0.6739 -0.7176
vn 0.5488 -0.6454 -0.5312
vn 0.1428 0.7832 -0.6051
vn 0.2067 -0.6624 -0.7201
vn -0.1780 -0.4346 -0.8829
vn -0.4717 -0.0443 -0.8807
vn -0.4245 -0.1112 -0.8986
vn -0.2240 -0.3585 -0.9063
vn 0.0381 -0.5733 -0.8185
vn 0.7108 -0.6903 0.1348
vn 0.6847 -0.4750 0.5527
vn 0.2999 -0.8023 -0.5162
vn -0.0658 -0.6020 -0.7958
vn 0.6334 -0.7675 0.0986
vn -0.3882 -0.1128 -0.9146
vn 0.6015 -0.7409 -0.2986
vn 0.8694 -0.4262 0.2499
vn -0.0618 -0.6232 -0.7796
vn -0.5415 -0.8338 -0.1078
vn -0.4314 -0.7075 0.5598
vn -0.3781 -0.8169 0.4355
vn -0.5687 -0.7331 -0.3730
vn -0.4627 -0.6476 0.6054
vn -0.4012 -0.5283 -0.7483
vn -0.2719 -0.2954 -0.9159
vn -0.1552 -0.2369 -0.9591
vn -0.3946 -0.5048 -0.7678
vn -0.0705 -0.0356 -0.9969
vn -0.5011 -0.6140 -0.6098
vn -0.3524 -0.4996 -0.7913
vn -0.6407 -0.6760 -0.3640
vn -0.6509 -0.7308 -0.2056
vn -0.5868 -0.8097 0.0124
vn -0.3890 -0.2715 -0.8803
vn -0.1916 -0.8053 -0.5611
vn -0.2313 -0.5629 -0.7935
vn -0.3852 -0.7755 -0.5002
vn 0.0316 -0.9423 0.3333
vn -0.2701 0.1154 -0.9559
vn -0.2313 0.0049 -0.9729
vn -0.3866 -0.3872 -0.8371
vn -0.2237 -0.0491 -0.9734
vn -0.4452 -0.7259 -0.5243
vn -0.4506 -0.0612 -0.8906
vn -0.4338 0.0207 -0.9008
vn -0.3880 -0.2162 -0.8960
vn -0.5702 0.2544 -0.7811
vn -0.2904 -0.3345 -0.8965
vn -0.4888 0.4824 -0.7269
vn -0.3885 0.3899 -0.8349
vn -0.3385 0.2169 -0.9157
vn 0.0235 0.5207 -0.8534
vn 0.0519 0.4937 -0.8681
vn -0.3910 -0.9055 0.1650
vn -0.4739 -0.8407 -0.2622
vn -0.0745 0.7662 -0.6382
vn -0.1666 -0.0382 -0.9853
vn -0.1239 -0.0498 -0.9910
vn 0.0981 0.3279 -0.9396
vn 0.2505 0.1383 0.9582
vn -0.0359 -0.4535 0.8905
vn -0.0983 -0.3963 0.9128
vn -0.6613 0.4337 -0.6121
vn 0.4244 0.0713 0.9026
vn -0.5194 0.7608 -0.3891
vn 0.5148 -0.6322 0.5791
vn 0.5862 -0.7993 0.1323
vn 0.2019 -0.9314 -0.3027
vn 0.3208 0.0244 0.9468
vn -0.2768 -0.6191 0.7349
vn -0.4499 -0.2866 -0.8458
vn -0.4908 -0.1342 -0.8609
vn -0.0014 -0.2477 -0.9688
vn -0.4381 0.1852 -0.8796
vn 0.7042 0.6717 0.2302
vn 0.1432 0.9082 0.3934
vn -0.0400 0.9094 -0.4139
vn -0.3372 0.7624 0.5523
vn 0.0033 0.5697 0.8219
vn 0.6469 0.0373 -0.7617
vn -0.3478 0.3828 -0.8558
vn -0.2965 -0.1530 -0.9427
vn 0.4056 0.7847 0.4688
vn 0.4128 0.8157 -0.4053
vn 0.1471 0.3922 -0.9080
vn 0.3551 0.9109 0.2103
vn 0.3046 0.7366 -0.6039
vn 0.3142 0.1333 -0.9400
vn 0.2230 0.2616 -0.9391
vn -0.0292 0.0294 -0.9991
vn 0.1613 0.2455 -0.9559
vn 0.2544 -0.2469 -0.9351
vn 0.2243 -0.0227 -0.9743
vn 0.3449 0.3178 0.8832
vn 0.3369 0.6935 0.6368
vn 0.1440 0.9352 0.3235
vn 0.2887 0.9219 0.2583
vn 0.2226 0.5429 0.8098
vn 0.0296 0.7983 0.6016
vn 0.0377 0.9921 0.1194
vn 0.0484 0.9427 0.3302
vn 0.0281 0.9888 0.1468
vn 0.0309 0.9740 0.2243
vn 0.0273 0.9789 -0.2027
vn 0.0149 0.8342 -0.5513
vn 0.0109 0.5661 -0.8243
vn 0.0278 0.8724 -0.4880
vn 0.0784 0.4888 -0.8689
vn 0.0328 0.7296 -0.6830
vn 0.0270 0.1170 -0.9928
vn 0.0764 0.2257 -0.9712
vn 0.0888 0.7916 -0.6045
vn 0.0879 0.9596 -0.2673
vn 0.1169 0.6481 0.7525
vn 0.0464 0.7370 0.6743
vn 0.0717 0.9701 0.2317
vn 0.0457 0.9842 -0.1711
vn 0.0429 0.8867 -0.4603
vn 0.0231 0.6306 -0.7758
vn 0.0022 0.1247 -0.9922
vn 0.0611 0.7559 0.6518
vn 0.1440 0.8349 -0.5313
vn 0.1090 0.9864 0.1231
vn 0.1252 -0.1967 -0.9724
vn -0.2550 0.3073 -0.9168
vn -0.0548 0.4954 -0.8669
vn -0.4119 0.0011 -0.9112
vn -0.0115 0.6757 -0.7371
vn -0.2174 0.2251 -0.9498
vn -0.3722 0.0438 -0.9271
vn -0.8562 -0.4898 -0.1644
vn -0.6249 -0.1699 -0.7620
vn -0.7036 0.5392 -0.4629
vn -0.4709 0.1851 0.8625
vn -0.3250 0.4257 0.8445
vn -0.5166 0.7531 0.4075
vn -0.0673 0.7566 0.6504
vn -0.7770 -0.2871 -0.5603
vn -0.9351 -0.3541 0.0176
vn -0.2671 -0.2386 -0.9337
vn -0.4369 -0.3626 -0.8232
vn 0.1330 0.9823 0.1320
vn 0.0845 0.6606 -0.7460
vn -0.2116 0.4886 -0.8465
vn -0.1540 -0.2406 -0.9583
vn -0.5295 -0.4084 -0.7436
vn -0.9424 -0.3198 0.0979
vn -0.1107 -0.0723 -0.9912
vn 0.0415 0.3546 -0.9341
vn -0.1609 0.3683 -0.9157
vn -0.2414 0.1310 -0.9615
vn -0.1000 -0.0008 -0.9950
vn 0.0700 0.1916 -0.9790
vn -0.0857 -0.0336 -0.9958
vn 0.1161 0.2999 -0.9469
vn 0.7777 -0.0760 0.6240
vn 0.8673 0.4698 -0.1643
vn 0.5805 0.0219 0.8140
vn 0.6331 0.2051 -0.7464
vn 0.1605 -0.0868 -0.9832
vn 0.9052 -0.1783 -0.3857
vn -0.0183 -0.2938 -0.9557
vn -0.1711 -0.3148 -0.9336
vn 0.1400 -0.3288 -0.9340
vn 0.7302 -0.4191 -0.5397
vn 0.5483 -0.5841 -0.5985
vn 0.3127 0.9224 -0.2268
vn 0.3190 0.8426 -0.4339
vn 0.3113 0.7342 -0.6034
vn 0.0053 0.4202 -0.9074
vn 0.6223 0.7346 -0.2704
vn 0.6171 0.7538 0.2259
vn 0.6438 0.4861 0.5910
vn 0.5626 0.1981 0.8027
vn 0.8046 0.4580 0.3780
vn 0.4784 0.6171 -0.6248
vn -0.1805 -0.3681 -0.9121
vn -0.0874 -0.3763 -0.9224
vn -0.4564 -0.4910 -0.7421
vn 0.2498 -0.2551 -0.9341
vn 0.1267 -0.3078 -0.9430
vn 0.8383 0.5145 -0.1803
vn 0.3208 -0.3486 -0.8807
vn 0.6752 0.0872 0.7324
vn 0.4802 0.1235 0.8684
vn 0.9777 0.0655 0.1996
vn 0.5691 -0.4029 -0.7168
vn 0.9937 -0.1090 0.0260
vn 0.4129 0.4730 0.7783
vn -0.5383 -0.5917 -0.6001
vn -0.1296 -0.4039 -0.9056
vn 0.4649 -0.1062 -0.8790
vn 0.7064 -0.0060 -0.7078
vn 0.8414 0.5239 0.1330
vn 0.4503 0.5763 0.6820
vn -0.1153 -0.4260 -0.8973
vn 0.0349 -0.3649 -0.9304
vn -0.1732 -0.4939 -0.8521
vn 0.4622 -0.1729 0.8698
vn 0.5063 -0.2984 0.8091
vn 0.1892 0.2291 0.9548
vn 0.6084 -0.5755 0.5465
vn -0.0119 -0.6131 -0.7899
vn 0.0211 -0.8262 -0.5630
vn 0.3323 -0.9269 -0.1747
vn 0.2890 -0.8635 -0.4134
vn 0.9469 0.0408 -0.3191
vn 0.5337 -0.8411 0.0875
vn -0.2941 -0.3320 -0.8963
vn 0.6929 -0.5349 0.4835
vn 0.6558 -0.7308 0.1894
vn 0.6156 -0.3583 0.7019
vn -0.3537 0.6001 -0.7175
vn -0.3226 0.4023 -0.8568
vn -0.4295 -0.0062 -0.9030
vn -0.4252 -0.1816 -0.8867
vn -0.2274 0.5943 -0.7714
vn -0.3050 0.0651 -0.9501
vn -0.3792 -0.6340 -0.6740
vn -0.2920 -0.6188 -0.7293
vn -0.4420 -0.2598 -0.8586
vn 0.1950 -0.4321 0.8805
vn 0.4186 0.2860 0.8619
vn 0.4330 -0.1406 0.8904
vn -0.5136 -0.8092 -0.2853
vn -0.1905 -0.6291 -0.7536
vn -0.3526 -0.1658 -0.9210
vn -0.5901 -0.5489 -0.5920
vn -0.6630 -0.7423 -0.0971
vn -0.6699 -0.6659 -0.3285
vn -0.5952 -0.6716 0.4412
vn -0.1213 -0.2300 0.9656
vn -0.3161 -0.7046 0.6354
vn -0.1156 -0.9050 0.4094
vn 0.0343 -0.9431 -0.3307
vn 0.2799 -0.9300 0.2382
vn 0.3509 -0.9261 0.1385
vn 0.4380 -0.7015 0.5622
vn 0.4675 -0.3709 0.8024
vn 0.4985 -0.6403 0.5844
vn 0.4037 -0.6571 0.6366
vn -0.0590 -0.9710 -0.2316
vn 0.2308 -0.8078 0.5424
vn 0.4659 -0.4389 0.7683
vn -0.2508 -0.9675 -0.0312
vn 0.0567 -0.3107 0.9488
vn 0.2265 0.0136 0.9739
vn -0.4956 -0.4395 -0.7491
vn -0.6147 -0.5696 -0.5456
vn -0.1970 -0.3269 -0.9243
vn -0.5898 -0.1211 -0.7984
vn -0.2731 -0.5304 -0.8025
vn -0.3680 -0.5135 -0.7751
vn -0.0585 0.6483 -0.7592
vn -0.0808 0.2851 -0.9551
vn 0.0291 0.1764 -0.9839
vn 0.2021 0.5465 -0.8127
vn 0.4981 0.5272 -0.6885
vn -0.4425 -0.3692 0.8173
vn -0.7280 -0.6789 -0.0957
vn -0.2701 -0.1599 -0.9495
vn -0.0912 -0.1768 -0.9800
vn -0.3078 -0.3526 -0.8837
vn -0.1387 -0.2832 -0.9490
vn 0.2412 0.0346 -0.9699
vn 0.1535 0.0900 -0.9840
vn -0.0749 -0.0314 -0.9967
vn -0.1080 -0.3058 -0.9460
vn -0.8713 -0.4224 0.2499
vn -0.4605 -0.5094 -0.7270
vn -0.7299 -0.5838 -0.3557
vn -0.6373 -0.6002 0.4834
vn -0.2208 -0.0996 0.9702
vn -0.3579 -0.4297 -0.8290
vn -0.6811 -0.4548 0.5738
vn -0.4923 -0.1456 0.8582
vn -0.3629 -0.4635 -0.8084
vn -0.7394 -0.2876 0.6087
vn -0.1891 -0.4151 -0.8899
vn 0.4868 -0.7608 0.4293
vn 0.2286 0.3781 0.8971
vn 0.5487 -0.7392 0.3904
vn 0.4317 -0.0793 0.8985
vn 0.2978 0.4472 0.8434
vn 0.4048 0.3510 0.8444
vn 0.0044 -0.5303 -0.8478
vn 0.0144 -0.4339 -0.9008
vn -0.0021 -0.6630 -0.7486
vn 0.0206 -0.2197 -0.9754
vn 0.0092 -0.2229 -0.9748
vn 0.0273 -0.2638 -0.9642
vn 0.0305 -0.3084 -0.9508
vn 0.0208 -0.3330 -0.9427
vn -0.3971 -0.1095 -0.9112
vn -0.4036 -0.4148 -0.8155
vn -0.2092 -0.4677 -0.8588
vn -0.2371 -0.5116 -0.8259
vn 0.0145 -0.2673 -0.9635
vn 0.0063 -0.4047 -0.9144
vn 0.0186 -0.1869 -0.9822
vn -0.0137 -0.6145 -0.7888
vn 0.0026 -0.8310 -0.5562
vn -0.0104 -0.9148 -0.4037
vn -0.0226 -0.3140 -0.9492
vn -0.0096 -0.2823 -0.9593
vn -0.0213 -0.4286 -0.9033
vn -0.0251 -0.4879 -0.8725
vn -0.0249 -0.5608 -0.8276
vn -0.0225 -0.6061 -0.7951
vn -0.0367 -0.7915 -0.6101
vn -0.0262 -0.6336 -0.7732
vn -0.0370 -0.6935 -0.7195
vn -0.0207 -0.5079 -0.8612
vn -0.0078 -0.3719 -0.9282
vn -0.0341 -0.5824 -0.8122
vn -0.0280 -0.4928 -0.8697
vn -0.0351 -0.6763 -0.7358
vn -0.0259 -0.1573 -0.9872
vn -0.0213 -0.2742 -0.9614
vn -0.0063 -0.1778 -0.9840
vn 0.0027 -0.3330 -0.9429
vn 0.0064 -0.1473 -0.9891
vn -0.0084 -0.4967 -0.8679
vn -0.0354 -0.8333 -0.5517
vn -0.0446 -0.9715 -0.2327
vn -0.1319 -0.5940 -0.7936
vn -0.1920 -0.5017 -0.8435
vn -0.1243 -0.6660 -0.7355
vn 0.0028 -0.4674 -0.8840
vn -0.0144 -0.2875 -0.9577
vn -0.0155 -0.5897 -0.8075
vn -0.0294 -0.4781 -0.8778
vn -0.0218 -0.7082 -0.7057
vn -0.0253 -0.8154 -0.5784
vn -0.0228 -0.9625 -0.2703
vn -0.0429 -0.9673 -0.2500
vn -0.0227 -0.9987 -0.0463
vn -0.0163 -0.6104 -0.7919
vn -0.0176 -0.3067 -0.9516
vn -0.0144 -0.4972 -0.8675
vn -0.0173 -0.4711 -0.8819
vn -0.0183 -0.9207 -0.3899
vn -0.0160 -0.6325 -0.7744
vn -0.0162 -0.8112 -0.5845
vn -0.0118 -0.6720 -0.7405
vn -0.0291 -0.5682 -0.8224
vn -0.0082 -0.9719 -0.2352
vn -0.0132 -0.2102 -0.9776
vn -0.0183 -0.1757 -0.9843
vn -0.0175 -0.3952 -0.9184
vn -0.0223 -0.4191 -0.9077
vn -0.0123 -0.5393 -0.8420
vn -0.0106 -0.6517 -0.7584
vn -0.0145 -0.8878 -0.4600
vn -0.0134 -0.6457 -0.7635
vn -0.0113 -0.8131 -0.5820
vn -0.0071 -0.9777 0.2099
vn -0.0114 -0.4027 -0.9153
vn -0.0078 -0.4164 -0.9091
vn -0.0194 -0.3915 -0.9200
vn -0.0100 -0.1398 -0.9901
vn -0.0328 0.1708 -0.9848
vn -0.0348 -0.1119 -0.9931
vn -0.0117 -0.1379 -0.9904
vn -0.0073 -0.2249 -0.9744
vn -0.0184 -0.3280 -0.9445
vn -0.0172 -0.2338 -0.9721
vn -0.0188 -0.3467 -0.9378
vn -0.0197 -0.5540 -0.8323
vn -0.0206 -0.8695 -0.4935
vn -0.0176 -0.3786 -0.9254
vn -0.0128 -0.5208 -0.8536
vn -0.0090 -0.5658 -0.8245
vn -0.0122 -0.7440 -0.6681
vn -0.0209 -0.9995 -0.0216
vn 0.8302 0.3572 0.4280
vn -0.0410 0.7866 0.6161
vn 0.2525 -0.0035 -0.9676
vn 0.8727 0.2508 0.4188
vn -0.0034 0.7644 0.6447
vn -0.4878 0.6034 0.6308
vn -0.6945 0.6982 0.1739
vn -0.7328 0.6559 0.1809
vn -0.7632 0.5978 0.2454
vn -0.7972 0.4978 -0.3415
vn -0.7200 0.3961 -0.5698
vn -0.5076 0.0038 -0.8616
vn -0.5145 0.0647 -0.8551
vn -0.5484 0.0905 -0.8313
vn -0.4987 0.0763 -0.8634
vn -0.7034 0.6957 -0.1453
vn -0.6640 0.4368 -0.6069
vn -0.2210 -0.2923 -0.9304
vn 0.0749 0.9241 -0.3747
vn -0.2576 0.0556 -0.9647
vn -0.4827 0.8458 -0.2272
vn 0.1694 0.8079 0.5644
vn -0.4715 0.5101 -0.7194
vn -0.5387 0.6984 -0.4712
vn -0.5065 -0.0055 -0.8622
vn -0.6953 0.0992 -0.7118
vn 0.7823 0.6196 -0.0647
vn -0.0154 0.8031 0.5956
vn -0.7683 0.5521 0.3238
vn -0.3175 0.5777 0.7519
vn -0.4289 0.5985 0.6767
vn -0.8340 0.3984 -0.3816
vn -0.1558 -0.2294 -0.9608
vn -0.3154 0.6301 0.7095
vn -0.0052 0.3651 0.9310
vn -0.2489 0.6080 0.7539
vn -0.0401 -0.8054 -0.5914
vn -0.1187 -0.8277 -0.5485
vn 0.1887 -0.9800 0.0632
vn -0.2649 -0.3611 -0.8941
vn -0.2951 -0.3713 -0.8804
vn -0.5795 0.2282 -0.7824
vn -0.6739 0.5893 -0.4456
vn -0.5497 0.2589 -0.7942
vn -0.6292 0.7045 -0.3284
vn -0.6148 0.6288 -0.4761
vn -0.1356 0.9422 0.3063
vn -0.3327 0.9195 -0.2092
vn -0.3971 0.9107 -0.1136
vn -0.2171 0.9747 -0.0529
vn -0.3481 0.6484 -0.6771
vn -0.3199 0.6824 -0.6573
vn -0.3542 0.1460 -0.9237
vn -0.1173 0.9886 0.0947
vn -0.0350 0.9993 -0.0148
vn 0.1886 0.7137 0.6746
vn -0.3374 0.2931 -0.8946
vn -0.4147 0.8634 0.2873
vn -0.5396 0.3658 -0.7583
vn -0.5055 0.8169 -0.2777
vn -0.5192 0.8482 -0.1046
vn -0.2730 -0.4014 -0.8743
vn -0.2022 -0.3881 -0.8992
vn -0.5139 0.0620 -0.8556
vn -0.4568 0.5350 -0.7107
vn -0.3861 0.0405 -0.9216
vn -0.2127 0.8724 0.4402
vn -0.0849 0.8509 0.5184
vn -0.1514 -0.9866 -0.0615
vn -0.3190 0.0428 -0.9468
vn -0.3273 0.1014 -0.9395
vn -0.3771 -0.4652 -0.8009
vn -0.4599 -0.4359 -0.7736
vn -0.4250 -0.7913 -0.4395
vn -0.4456 -0.2453 -0.8610
vn -0.2447 0.5275 -0.8136
vn -0.1062 0.7958 -0.5962
vn 0.0011 0.8613 -0.5080
vn -0.0643 0.7842 -0.6172
vn -0.0473 -0.8911 0.4513
vn -0.4557 -0.8853 -0.0926
vn -0.7237 -0.6412 -0.2553
vn -0.5628 -0.0223 0.8263
vn 0.3234 -0.1999 -0.9249
vn 0.7885 -0.3840 -0.4805
vn 0.6946 -0.2821 -0.6617
vn 0.9262 -0.3763 0.0234
vn 0.8789 -0.4275 0.2115
vn 0.9564 -0.2920 0.0065
vn 0.6157 -0.4557 0.6429
vn 0.2387 -0.1606 -0.9577
vn 0.7215 -0.5981 -0.3488
vn 0.5850 -0.3624 -0.7256
vn 0.4755 -0.4971 -0.7258
vn 0.9575 -0.2814 -0.0630
vn 0.7356 -0.4881 0.4698
vn 0.2074 -0.1433 -0.9677
vn 0.2974 0.0610 -0.9528
vn 0.5930 0.0120 -0.8051
vn 0.6747 0.6986 -0.2381
vn 0.7967 0.3755 0.4735
vn 0.5375 0.4050 -0.7397
vn 0.8219 0.5619 -0.0940
vn 0.5093 0.1517 -0.8471
vn 0.1309 -0.1646 -0.9776
vn 0.5269 0.6868 0.5007
vn 0.3285 0.0492 -0.9432
vn 0.7236 0.2745 -0.6333
vn 0.8950 0.4439 -0.0443
vn 0.5817 0.7454 -0.3255
vn 0.8271 0.5308 -0.1847
vn 0.6546 0.2219 -0.7227
vn 0.8283 0.3325 0.4510
vn 0.5535 0.5668 0.6102
vn 0.8044 -0.2845 0.5215
vn 0.6820 -0.4231 -0.5965
vn 0.6178 0.7078 0.3424
vn 0.4001 0.9112 -0.0985
vn 0.1566 0.5569 0.8157
vn 0.6405 0.5076 -0.5763
vn 0.3498 0.4049 0.8448
vn 0.1598 -0.0890 -0.9831
vn -0.0533 -0.2478 -0.9673
vn 0.5067 0.3985 -0.7645
vn 0.6792 0.6697 0.3004
vn 0.6609 0.7169 -0.2220
vn -0.0250 -0.0363 -0.9990
vn -0.0361 0.0326 0.9988
vn -0.8071 0.0648 0.5869
vn -0.8027 -0.0164 0.5961
vn -0.2806 -0.0312 0.9593
vn 0.6446 -0.3470 0.6812
vn 0.2965 -0.1106 0.9486
vn 0.3614 -0.1603 0.9185
vn -0.2329 -0.3781 0.8960
vn 0.7721 -0.2597 0.5801
vn 0.7834 0.0761 0.6169
vn 0.7214 -0.2549 0.6439
vn 0.2308 -0.0159 0.9729
vn 0.1539 -0.6414 0.7516
vn 0.3677 -0.4367 0.8211
vn -0.0450 -0.4084 0.9117
vn 0.5059 -0.3708 0.7789
vn 0.4157 -0.1236 0.9011
vn 0.1475 -0.0000 0.9891
vn 0.3371 -0.2716 0.9015
vn 0.2152 -0.0103 0.9765
vn 0.1193 0.0857 0.9892
vn 0.5644 -0.2145 0.7971
vn 0.1015 0.3783 0.9201
vn 0.3001 0.0731 0.9511
vn 0.5724 -0.2114 0.7923
vn 0.4026 -0.1491 0.9032
vn 0.6656 -0.3912 0.6356
vn -0.2287 0.2683 0.9358
vn -0.3377 0.0279 0.9408
vn -0.6175 0.6643 0.4211
vn 0.4947 -0.4734 0.7288
vn 0.4416 -0.0737 0.8942
vn 0.7693 -0.5909 0.2428
vn 0.7239 -0.6880 -0.0514
vn 0.3261 0.2211 0.9191
vn 0.5442 0.1221 0.8300
vn 0.2864 0.1641 0.9439
vn 0.5618 -0.0068 0.8272
vn 0.0689 0.6517 0.7554
vn 0.1415 0.3494 0.9262
vn 0.3672 0.6413 0.6738
vn 0.4853 0.4590 0.7442
vn 0.3587 0.5251 0.7718
vn 0.3163 0.2777 0.9071
vn 0.1209 0.2632 0.9571
vn 0.4372 -0.8279 0.3514
vn 0.5394 -0.7916 0.2873
vn 0.0565 0.0242 0.9981
vn 0.0585 0.2663 0.9621
vn -0.5172 -0.0331 0.8553
vn -0.6155 0.0027 0.7881
vn -0.5915 0.4037 0.6980
vn -0.0333 0.5530 0.8325
vn 0.3751 0.4255 0.8236
vn 0.3289 -0.4424 0.8344
vn 0.0563 -0.2117 0.9757
vn -0.3076 0.6441 0.7004
vn -0.1140 -0.2213 0.9685
vn 0.0592 0.7757 0.6283
vn 0.2634 0.8188 0.5101
vn 0.1183 -0.0071 0.9930
vn -0.1316 0.7481 0.6504
vn 0.0051 0.1633 0.9866
vn -0.1255 0.0747 0.9893
vn -0.1832 0.7177 0.6718
vn -0.0359 0.3041 0.9520
vn -0.0361 -0.0392 0.9986
vn -0.0150 0.4120 0.9111
vn 0.0096 -0.4425 0.8967
vn 0.1587 -0.4835 0.8609
vn -0.1969 -0.5235 0.8290
vn -0.1099 -0.3137 0.9431
vn -0.2266 -0.5181 0.8248
vn -0.1862 -0.2144 0.9588
vn -0.0049 -0.4041 0.9147
vn -0.0992 -0.1959 0.9756
vn -0.1954 0.7351 0.6492
vn -0.1828 0.5603 0.8078
vn 0.0121 0.6864 0.7271
vn -0.0220 -0.1560 0.9875
vn -0.0687 -0.1305 0.9891
vn -0.1222 -0.1336 0.9835
vn -0.0551 -0.0427 0.9976
vn 0.1937 -0.4669 0.8628
vn -0.3745 -0.5198 0.7678
vn -0.3737 -0.6884 0.6217
vn 0.1182 0.8580 0.4999
vn 0.1138 0.3574 0.9270
vn 0.0352 0.5161 0.8558
vn 0.1955 0.4692 0.8612
vn 0.2655 0.3752 0.8881
vn 0.0813 0.7442 0.6630
vn 0.3864 0.6206 0.6823
vn 0.5341 0.7287 0.4286
vn 0.0846 -0.2812 0.9559
vn 0.3292 -0.5457 0.7706
vn 0.1164 -0.5466 0.8293
vn -0.0556 0.4945 -0.8674
vn -0.0652 0.6748 -0.7351
vn -0.0410 0.5035 -0.8630
vn -0.0816 0.7690 -0.6340
vn -0.0701 0.6247 -0.7777
vn -0.0405 0.4109 -0.9108
vn -0.1028 0.9023 -0.4187
vn -0.0873 0.9002 -0.4267
vn -0.0645 0.4125 -0.9087
vn -0.1032 0.9572 -0.2705
vn -0.1090 0.9844 -0.1380
vn -0.0373 0.1988 -0.9793
vn -0.0500 0.1981 -0.9789
vn -0.0350 0.2986 -0.9537
vn -0.0162 0.1645 -0.9862
vn -0.0223 0.3392 -0.9404
vn -0.0022 0.1450 -0.9894
vn -0.0892 0.9882 0.1247
vn -0.1046 0.9549 -0.2780
vn -0.0958 0.9456 -0.3108
vn -0.1020 0.9736 0.2040
vn -0.1067 0.8410 -0.5303
vn -0.0889 0.7281 -0.6796
vn -0.0875 0.6760 -0.7317
vn -0.1028 0.9839 0.1461
vn -0.0569 0.4148 -0.9082
vn -0.0397 0.0890 -0.9952
vn -0.0228 -0.0067 -0.9997
vn -0.0236 -0.1418 -0.9896
vn -0.0235 0.1190 -0.9926
vn -0.0145 -0.0185 -0.9997
vn -0.0041 0.0125 -0.9999
vn -0.0412 0.2466 -0.9682
vn -0.0772 0.7775 -0.6241
vn -0.0679 0.5221 -0.8502
vn -0.0639 0.4104 -0.9097
vn -0.0806 0.8974 -0.4338
vn -0.0200 -0.1631 -0.9864
vn -0.0570 0.7509 -0.6580
vn -0.0580 0.5713 -0.8187
vn -0.0483 0.5379 -0.8416
vn -0.0759 0.9753 -0.2072
vn -0.0619 0.8892 -0.4534
vn -0.0354 0.3743 -0.9266
vn -0.0414 0.3230 -0.9455
vn -0.0647 0.9977 -0.0206
vn -0.0555 0.9615 -0.2690
vn -0.0458 0.8889 -0.4559
vn -0.0751 0.9603 0.2686
vn -0.0856 0.9963 0.0087
vn -0.0868 0.9711 -0.2225
vn -0.0446 0.9982 -0.0392
vn -0.0715 0.7926 -0.6055
vn -0.0233 -0.0845 -0.9961
vn -0.0288 -0.0411 -0.9987
vn -0.0239 -0.1478 -0.9887
vn -0.0468 0.2527 -0.9664
vn -0.0292 0.0975 -0.9948
vn -0.0253 0.0114 -0.9996
vn -0.0255 -0.1268 -0.9916
vn -0.0335 0.5146 -0.8568
vn -0.0353 0.6339 -0.7726
vn -0.0293 0.4428 -0.8961
vn -0.0384 0.9078 -0.4176
vn -0.0388 0.9967 -0.0709
vn -0.0424 0.9331 -0.3570
vn -0.0358 0.7928 -0.6085
vn -0.0364 0.7070 -0.7063
vn -0.0316 0.4521 -0.8914
vn -0.0254 0.3269 -0.9447
vn -0.0261 0.4421 -0.8966
vn -0.0407 0.9891 -0.1412
vn -0.0172 -0.0875 -0.9960
vn -0.0294 -0.0793 -0.9964
vn -0.0202 0.0681 -0.9975
vn -0.0247 0.1972 -0.9801
vn -0.0193 -0.0218 -0.9996
vn -0.0354 0.0108 -0.9993
vn -0.0154 -0.0210 -0.9997
vn -0.0281 0.3879 -0.9213
vn -0.0204 -0.1808 -0.9833
vn -0.0255 0.0847 -0.9961
vn -0.0208 -0.0821 -0.9964
vn -0.0247 -0.0242 -0.9994
vn -0.0437 0.6425 -0.7650
vn -0.0267 0.7642 -0.6444
vn -0.0242 0.8947 -0.4461
vn -0.0296 -0.0440 -0.9986
vn -0.0381 0.0379 -0.9986
vn -0.0903 0.9929 0.0777
vn -0.0792 0.9608 0.2655
vn -0.0816 0.8958 0.4369
vn -0.0535 -0.9585 0.2800
vn -0.0352 -0.9901 0.1356
vn -0.0550 -0.8632 0.5018
vn -0.0534 -0.7683 0.6379
vn -0.0563 -0.9979 -0.0305
vn -0.0563 -0.8002 0.5971
vn -0.0577 -0.9917 0.1151
vn -0.0582 -0.8577 0.5108
vn -0.0509 -0.6371 0.7691
vn -0.0472 -0.5204 0.8526
vn -0.0487 -0.5335 0.8444
vn -0.0515 -0.6576 0.7516
vn -0.0527 -0.7934 0.6064
vn -0.0484 -0.6492 0.7591
vn -0.0484 -0.9984 0.0277
vn -0.0428 -0.8551 -0.5167
vn -0.0468 -0.8132 -0.5802
vn -0.0197 -0.7236 0.6899
vn -0.0052 -0.6146 0.7888
vn -0.0175 -0.9982 -0.0579
vn -0.0158 -0.9177 0.3970
vn -0.0057 -0.8071 0.5904
vn -0.0023 -0.4452 0.8954
vn -0.0162 -0.7483 0.6631
vn -0.0183 -0.4046 0.9143
vn -0.0080 -0.6695 0.7427
vn -0.0135 -0.9586 0.2844
vn -0.0031 -0.0969 0.9953
vn -0.0179 -0.9998 0.0072
vn -0.0178 -0.9043 0.4265
vn -0.0225 -0.9315 0.3630
vn -0.0170 -0.9882 -0.1520
vn -0.0088 -0.9203 0.3911
vn -0.0125 -0.9360 0.3518
vn -0.0067 -0.6215 0.7834
vn -0.0249 -0.8124 0.5825
vn -0.0064 -0.7091 0.7051
vn -0.0079 -0.5000 0.8660
vn -0.0037 -0.5924 0.8056
vn -0.0028 -0.6353 0.7723
vn -0.0367 -0.9170 0.3972
vn -0.1618 0.6887 0.7068
vn -0.2076 0.5136 0.8325
vn -0.6928 0.6783 0.2447
vn -0.6055 0.7861 0.1244
vn 0.6193 0.0860 0.7804
vn 0.4825 0.2164 0.8487
vn 0.1599 0.3253 0.9320
vn -0.7630 0.5175 0.3873
vn -0.8222 0.2958 -0.4863
vn 0.0027 0.3499 0.9368
vn 0.3190 -0.9459 -0.0599
vn 0.4609 -0.8790 0.1218
vn 0.2373 -0.9307 -0.2783
vn -0.0660 -0.6068 -0.7921
vn 0.1807 -0.9176 0.3541
vn 0.0915 -0.7355 0.6713
vn 0.1188 -0.9727 0.1992
vn 0.0912 -0.9924 -0.0827
vn 0.3772 -0.9200 -0.1062
vn 0.4996 -0.8646 0.0533
vn 0.2894 -0.8625 -0.4152
vn 0.1174 -0.9292 0.3503
vn 0.3755 -0.8728 -0.3117
vn 0.4450 -0.8794 0.1693
vn -0.2935 -0.5721 -0.7659
vn 0.1841 -0.6109 -0.7700
vn 0.1760 -0.3660 -0.9138
vn 0.3897 -0.3610 -0.8473
vn -0.1754 0.1471 -0.9734
vn -0.2470 -0.5719 -0.7823
vn 0.5803 -0.4646 -0.6689
vn -0.5892 -0.6547 -0.4735
vn -0.8723 -0.2456 -0.4229
vn -0.4875 -0.5769 -0.6554
vn 0.1988 -0.1120 -0.9736
vn 0.1694 -0.6745 -0.7186
vn -0.9958 0.0638 -0.0653
vn -0.6339 -0.3305 -0.6992
vn -0.2713 -0.4529 -0.8493
vn -0.4149 -0.2803 -0.8656
vn -0.1379 0.0947 -0.9859
vn 0.1703 -0.3039 -0.9374
vn 0.6522 -0.5547 -0.5166
vn 0.3224 -0.9277 -0.1881
vn -0.9659 0.0950 0.2408
vn 0.6518 -0.7255 -0.2207
vn -0.9286 -0.0202 -0.3706
vn 0.3329 -0.6214 -0.7093
vn 0.4224 -0.8146 -0.3976
vn 0.5641 -0.8251 0.0314
vn -0.9185 0.1792 -0.3526
vn -0.4055 -0.1320 -0.9045
vn -0.8343 0.3504 0.4255
vn 0.0328 -0.2918 -0.9559
vn -0.0752 -0.2589 -0.9630
vn 0.5268 -0.6856 -0.5024
vn 0.5434 -0.8279 -0.1391
vn 0.5772 -0.7673 -0.2794
vn -0.3291 -0.3633 -0.8716
vn -0.4042 0.3772 0.8333
vn -0.6399 -0.6008 0.4791
vn 0.5048 -0.6072 0.6136
vn 0.5999 -0.6936 0.3989
vn 0.4608 -0.4248 0.7793
vn 0.1438 -0.6941 0.7053
vn 0.5402 -0.8061 -0.2417
vn -0.1886 -0.9774 0.0952
vn -0.1059 -0.9531 -0.2836
vn -0.4312 -0.3545 0.8297
vn -0.8544 -0.1554 0.4959
vn -0.5962 -0.3566 0.7193
vn -0.3423 -0.8722 0.3494
vn -0.5294 -0.6738 0.5155
vn -0.0332 -0.9695 0.2427
vn 0.2943 -0.6118 0.7342
vn 0.4764 -0.8745 0.0916
vn -0.6698 0.4366 -0.6006
vn -0.7408 0.6195 -0.2596
vn -0.1349 -0.2474 -0.9595
vn -0.0369 -0.2726 -0.9614
vn 0.4012 -0.8045 0.4379
vn 0.2642 -0.2675 0.9266
vn 0.9086 -0.0073 0.4177
vn 0.9348 -0.3043 0.1831
vn -0.3247 -0.3719 0.8696
vn -0.0083 -0.9094 -0.4158
vn -0.2070 -0.3285 -0.9215
vn 0.2156 -0.9708 0.1050
vn -0.3929 0.8446 0.3636
vn 0.0836 0.4270 0.9004
vn 0.7328 0.2159 0.6453
vn 0.2340 -0.7300 0.6421
vn 0.1981 0.2356 0.9514
vn 0.0160 -0.9746 0.2234
vn 0.2364 -0.8261 0.5116
vn 0.5383 0.2905 0.7911
vn -0.3731 -0.7237 0.5806
vn -0.6329 -0.6241 0.4581
vn -0.5118 -0.8178 0.2634
vn -0.2897 -0.8168 0.4989
vn -0.0235 -0.9036 0.4278
vn -0.2639 -0.7216 0.6400
vn -0.1774 -0.9658 0.1891
vn -0.3242 -0.9458 0.0169
vn 0.0556 -0.9960 -0.0697
vn 0.2192 -0.6969 0.6828
vn -0.6955 -0.6605 0.2827
vn -0.0570 -0.9981 0.0253
vn -0.0251 -0.8355 -0.5490
vn -0.0561 -0.9984 -0.0006
vn -0.0103 -0.7517 -0.6594
vn -0.0554 -0.7668 -0.6395
vn 0.0209 -0.6918 -0.7218
vn 0.0808 -0.7644 -0.6396
vn 0.0261 -0.8516 -0.5236
vn 0.0093 -0.7417 -0.6707
vn 0.1441 -0.9718 -0.1867
vn 0.0915 -0.9920 -0.0875
vn -0.0090 -0.5264 -0.8502
vn -0.1481 -0.6891 -0.7094
vn -0.1669 -0.7359 -0.6562
vn -0.1958 -0.7818 -0.5921
vn -0.0363 -0.9814 -0.1887
vn -0.4966 0.4088 0.7657
vn -0.0968 0.1902 0.9770
vn -0.4197 0.2571 0.8705
vn 0.3268 -0.9434 0.0570
vn 0.3167 0.0765 0.9454
vn 0.3230 0.2376 0.9161
vn 0.1206 -0.0214 0.9925
vn 0.9060 0.0377 0.4215
vn 0.6312 -0.5626 0.5339
vn -0.0827 -0.0720 0.9940
vn -0.4126 -0.4804 0.7739
vn -0.4913 0.4485 0.7467
vn -0.6043 -0.0094 -0.7967
vn -0.2532 -0.2599 0.9319
vn -0.2520 -0.9661 -0.0564
vn -0.1821 -0.2188 0.9586
vn -0.1054 -0.5308 0.8409
vn -0.1818 -0.7820 0.5962
vn 0.0728 -0.7556 0.6510
vn -0.9310 -0.2956 -0.2140
vn 0.4576 -0.8892 -0.0019
vn -0.1634 -0.7327 -0.6606
vn -0.1744 -0.8980 -0.4040
vn 0.0278 -0.9489 0.3144
vn -0.3104 -0.7605 -0.5703
vn -0.2883 -0.9135 -0.2870
vn 0.8608 -0.4946 -0.1198
vn -0.3730 -0.8789 -0.2974
vn 0.9763 -0.1770 -0.1246
vn 0.9181 0.3920 -0.0589
vn -0.1977 -0.7886 -0.5822
vn 0.3079 -0.8055 -0.5063
vn -0.1418 -0.9681 -0.2066
vn 0.0486 0.1096 -0.9928
vn 0.0684 -0.4041 -0.9122
vn -0.1422 0.3726 -0.9170
vn 0.0152 0.1033 -0.9945
vn -0.4112 0.0918 -0.9069
vn -0.1895 0.1199 -0.9745
vn -0.4385 0.7229 -0.5339
vn -0.4360 0.8278 -0.3531
vn -0.4250 0.6720 -0.6065
vn -0.3118 0.9444 -0.1040
vn 0.0236 0.9864 0.1629
vn -0.3539 0.6776 -0.6447
vn -0.1669 0.8380 -0.5195
vn -0.3193 0.9401 -0.1195
vn -0.3495 0.8410 0.4130
vn -0.4926 0.8168 0.3003
vn -0.1002 0.9409 0.3236
vn -0.0715 0.6214 -0.7802
vn 0.1603 0.8578 -0.4884
vn 0.1419 0.9299 0.3393
vn 0.1103 0.9582 0.2639
vn 0.1653 0.7704 -0.6158
vn -0.2147 0.5182 -0.8279
vn 0.0334 0.9177 -0.3959
vn -0.1883 0.6410 -0.7441
vn 0.2257 0.3445 0.9113
vn 0.2961 0.9375 0.1827
vn -0.0307 0.8233 -0.5668
vn 0.2067 0.8318 -0.5151
vn -0.0805 0.9130 0.4000
vn 0.3854 0.6213 0.6822
vn -0.0130 0.9850 -0.1722
vn 0.3119 -0.5413 0.7808
vn 0.6845 -0.5051 0.5256
vn -0.0468 -0.6291 0.7759
vn 0.0690 0.0571 0.9960
vn -0.3488 -0.4753 0.8078
vn 0.3290 0.6638 0.6717
vn 0.3275 0.3454 0.8795
vn 0.3641 0.7885 0.4956
vn -0.3258 0.2626 0.9082
vn -0.3516 -0.3582 0.8649
vn -0.4554 0.5711 0.6830
vn -0.0065 0.9023 0.4311
vn 0.1919 0.5698 0.7991
vn 0.1657 0.1516 0.9745
vn 0.2372 0.2647 0.9347
vn 0.0505 0.2774 0.9594
vn -0.2206 -0.3091 0.9251
vn 0.0113 0.0613 0.9981
vn 0.4364 0.7451 0.5044
vn 0.4161 0.6050 0.6788
vn 0.4376 0.8510 -0.2904
vn 0.4956 0.8637 -0.0917
vn -0.5469 0.3417 0.7643
vn -0.7408 0.3612 0.5664
vn -0.4073 0.3786 0.8311
vn -0.3449 0.5998 0.7220
vn -0.1155 0.9054 0.4085
vn -0.1188 0.9431 0.3106
vn 0.5365 0.6178 -0.5749
vn -0.1665 0.7202 0.6735
vn -0.3594 0.8259 0.4344
vn -0.5929 0.8004 0.0882
vn -0.3459 0.7986 -0.4926
vn 0.1666 0.6410 0.7492
vn 0.3290 0.9435 0.0398
vn 0.4755 0.8619 0.1759
vn 0.1939 0.8716 0.4502
vn 0.4363 0.8977 -0.0615
vn 0.6706 0.6923 -0.2665
vn 0.2940 0.5120 0.8071
vn -0.0222 0.1322 0.9910
vn -0.0836 0.6328 0.7698
vn 0.4269 0.7091 0.5612
vn 0.4260 0.5183 0.7415
vn 0.5417 0.6493 0.5338
vn 0.3549 0.4415 0.8241
vn 0.6534 0.5060 0.5631
vn 0.1623 0.8342 0.5270
vn 0.0221 0.9967 0.0775
vn 0.3895 0.6295 0.6723
vn 0.5542 0.8137 0.1751
vn 0.2233 0.9565 -0.1878
vn 0.1933 0.9803 -0.0401
vn 0.5608 0.6959 -0.4485
vn 0.0067 -0.9728 -0.2316
vn 0.1482 -0.8148 0.5605
vn 0.6263 -0.2885 -0.7242
vn 0.5314 0.3073 -0.7895
vn 0.0279 -0.5742 -0.8182
vn -0.3934 -0.5399 -0.7441
vn 0.4788 0.0208 -0.8777
vn 0.7912 -0.5401 -0.2867
vn -0.3333 -0.4828 0.8098
vn 0.3487 0.0649 0.9350
vn 0.4046 0.4690 -0.7851
vn 0.7767 0.6252 -0.0764
vn 0.7695 0.4350 0.4676
vn -0.3876 -0.9210 0.0396
vn -0.1796 -0.7596 0.6251
vn 0.0416 0.0389 0.9984
vn -0.1173 0.0024 -0.9931
vn -0.5309 -0.7141 -0.4563
vn -0.3293 -0.6489 -0.6860
vn -0.2392 -0.9593 -0.1500
vn -0.1624 -0.7981 -0.5803
vn 0.0465 -0.8514 0.5225
vn -0.0047 -0.9909 0.1342
vn -0.0725 -0.8510 0.5202
vn -0.0705 -0.6486 0.7579
vn -0.0592 -0.3603 0.9310
vn -0.0585 -0.3921 0.9181
vn -0.0703 -0.8458 0.5289
vn -0.0674 -0.6147 0.7859
vn -0.0590 -0.6197 0.7826
vn -0.0563 -0.6370 0.7688
vn -0.0516 -0.3663 0.9291
vn -0.0557 -0.8585 0.5098
vn -0.0635 -0.8500 0.5230
vn 0.3638 -0.8131 -0.4545
vn -0.0240 -0.8116 0.5837
vn -0.6105 -0.6704 0.4217
vn -0.1665 -0.9798 -0.1108
vn -0.6396 -0.3348 -0.6920
vn -0.5431 -0.2822 -0.7908
vn 0.0691 -0.9482 0.3101
vn -0.0098 -0.8340 -0.5517
vn -0.7337 -0.6765 0.0629
vn -0.7754 -0.5042 -0.3803
vn -0.0857 -0.3857 0.9186
vn -0.7518 -0.6594 0.0015
vn -0.2498 -0.9462 0.2057
vn -0.6307 -0.4825 -0.6078
vn -0.5584 -0.5385 0.6310
vn -0.6039 -0.6645 0.4402
vn -0.6132 -0.7766 0.1443
vn -0.6002 -0.6042 -0.5241
vn 0.0659 -0.2923 -0.9541
vn -0.1500 -0.3882 -0.9093
vn 0.1175 -0.4781 -0.8704
vn 0.0480 -0.0084 -0.9988
vn -0.0585 -0.3665 -0.9286
vn -0.0005 -0.2665 -0.9638
vn -0.0768 -0.5734 -0.8157
vn -0.0680 0.0935 -0.9933
vn 0.0274 -0.0442 -0.9986
vn 0.0306 -0.4614 -0.8867
vn -0.3560 0.0934 -0.9298
vn -0.0980 -0.1537 -0.9832
vn -0.3163 0.1994 -0.9275
vn -0.2492 0.2674 -0.9308
vn -0.1831 0.2889 -0.9397
vn 0.1802 0.2763 -0.9440
vn -0.0851 0.2884 -0.9537
vn -0.3011 0.0485 0.9524
vn 0.0120 -0.9964 0.0838
vn -0.1266 -0.0632 0.9899
vn -0.3831 -0.6757 0.6298
vn -0.2119 0.2525 0.9441
vn -0.1737 -0.3038 0.9368
vn -0.2143 -0.2028 0.9555
vn -0.1364 0.0724 0.9880
vn -0.0520 -0.0647 0.9965
vn -0.0479 0.1334 0.9899
vn -0.1951 -0.4461 0.8735
vn -0.0203 0.3275 -0.9446
vn 0.0113 0.4152 -0.9097
vn -0.1052 0.5182 -0.8488
vn -0.0322 0.5764 -0.8165
vn 0.0113 0.3453 -0.9384
vn -0.0667 0.5902 -0.8045
vn 0.0638 0.3510 -0.9342
vn 0.0446 0.4260 -0.9036
vn 0.0485 0.5141 -0.8564
vn 0.2162 0.9169 0.3354
vn -0.0799 0.6666 -0.7412
vn -0.1103 0.9105 -0.3984
vn -0.1702 0.9841 0.0501
vn -0.1196 0.9152 -0.3849
vn -0.1098 0.8892 -0.4441
vn -0.0518 0.9818 0.1825
vn 0.9399 0.3146 0.1326
vn 0.0188 0.8581 -0.5131
vn 0.0046 0.9729 0.2312
vn 0.2946 0.8813 -0.3694
vn -0.0492 0.4534 -0.8899
vn -0.1903 0.9452 0.2653
vn -0.1142 0.9894 -0.0896
vn -0.1393 0.9604 0.2412
vn 0.4251 0.8908 0.1605
vn 0.1682 0.5148 -0.8407
vn 0.3642 0.6366 -0.6797
vn 0.1468 0.3410 -0.9285
vn 0.4626 0.8471 -0.2616
vn 0.1172 0.9223 -0.3683
vn -0.4726 0.6737 -0.5682
vn -0.7398 0.5555 0.3795
vn -0.2904 0.9562 0.0379
vn 0.0874 0.3043 -0.9485
vn -0.4662 0.4129 -0.7824
vn -0.1139 0.3983 -0.9102
vn -0.0066 0.9946 -0.1032
vn -0.6002 0.7901 0.1248
vn 0.4321 0.6492 0.6259
vn 0.1995 0.1363 -0.9704
vn -0.1518 0.8820 -0.4461
vn 0.3630 0.5987 -0.7140
vn -0.0999 0.7230 0.6836
vn -0.1758 0.8367 -0.5187
vn -0.3861 0.8462 -0.3672
vn -0.1235 0.3033 -0.9449
vn 0.2137 0.9722 0.0958
vn -0.0846 0.8880 0.4519
vn 0.4309 0.8475 -0.3100
vn 0.5155 0.0953 -0.8516
vn -0.0755 0.9665 0.2455
vn -0.1559 0.8012 -0.5777
vn -0.6779 0.5500 -0.4878
vn -0.2009 0.8737 0.4431
vn -0.1237 0.7970 0.5912
vn -0.0613 0.3195 -0.9456
vn -0.1303 0.9834 0.1261
vn -0.4375 0.8986 -0.0331
vn 0.0560 0.7029 -0.7091
vn 0.0509 0.2413 -0.9691
vn -0.0240 0.3042 -0.9523
vn -0.0225 0.1702 -0.9852
vn -0.2168 0.1005 -0.9710
vn 0.0091 0.0692 -0.9976
vn 0.0072 0.0917 -0.9958
vn 0.0149 0.0037 -0.9999
vn -0.0026 0.2027 -0.9792
vn 0.0121 -0.0268 -0.9996
vn -0.0297 0.0986 -0.9947
vn -0.0266 0.3363 -0.9414
vn -0.1260 0.3188 -0.9394
vn -0.2024 0.3620 -0.9099
vn 0.0177 -0.1219 -0.9924
vn -0.0282 -0.0604 -0.9978
vn -0.0458 -0.4272 0.9030
vn -0.0404 -0.2711 0.9617
vn -0.0407 -0.3264 0.9444
vn -0.0372 -0.1645 0.9857
vn -0.0356 -0.1329 0.9905
vn -0.0362 0.0376 0.9986
vn -0.0339 0.0567 0.9978
vn -0.0383 -0.0589 0.9975
vn 0.0010 -0.3700 0.9290
vn -0.0040 -0.1754 0.9845
vn 0.0044 -0.0327 0.9995
vn 0.0032 0.2047 0.9788
vn -0.0047 0.4851 0.8744
vn 0.0073 -0.1542 0.9880
vn 0.0081 0.4170 0.9089
vn 0.0110 -0.0863 0.9962
vn 0.0116 0.3073 0.9516
vn 0.0115 0.4183 0.9082
vn 0.0057 0.0210 0.9998
vn 0.0097 0.4430 0.8965
vn 0.0080 0.4330 0.9014
vn 0.0049 0.5829 0.8125
vn 0.0127 0.6238 0.7815
vn -0.0158 -0.7130 0.7010
vn -0.0188 -0.5969 0.8021
vn 0.0110 -0.4489 0.8935
vn 0.0010 -0.6253 0.7804
vn -0.0229 -0.6557 0.7547
vn -0.0029 0.0504 0.9987
vn 0.0069 -0.1793 0.9838
vn -0.0062 -0.1135 0.9935
vn 0.0007 0.3189 0.9478
vn -0.0027 -0.1189 0.9929
vn -0.0015 0.2202 0.9755
vn -0.0285 -0.0105 0.9995
vn -0.0363 -0.4507 0.8919
vn -0.0318 -0.7675 0.6403
vn -0.0286 -0.5690 0.8218
vn -0.0246 -0.3268 0.9448
vn -0.0265 -0.7620 0.6470
vn -0.0197 -0.1800 0.9835
vn -0.0189 0.1141 0.9933
vn 0.0009 0.0738 0.9973
vn -0.0561 -0.8702 0.4896
vn -0.0588 -0.7519 0.6567
vn -0.0513 -0.5045 0.8619
vn 0.0254 -0.0361 0.9990
vn -0.0597 0.1482 0.9872
vn -0.1149 -0.3071 0.9447
vn -0.0532 -0.2237 0.9732
vn -0.0524 0.0662 0.9964
vn -0.0418 0.1962 0.9797
vn -0.0542 -0.0968 0.9938
vn -0.1673 -0.8107 0.5610
vn 0.7208 -0.4782 0.5018
vn 0.4105 -0.4434 0.7968
vn 0.5259 -0.1335 0.8400
vn -0.0435 -0.2783 0.9595
vn 0.6525 -0.2915 0.6995
vn -0.7083 -0.0915 -0.7000
vn -0.1423 -0.4640 -0.8743
vn -0.2749 0.4036 -0.8727
vn 0.4679 0.8798 -0.0838
vn 0.3980 0.5046 -0.7662
vn 0.4006 0.2853 -0.8707
vn -0.9369 0.2483 -0.2462
vn -0.5872 -0.0532 -0.8077
vn 0.4134 -0.3905 0.8226
vn 0.6942 -0.1935 0.6933
vn 0.4929 -0.0236 0.8698
vn 0.5603 -0.0919 0.8232
vn 0.7238 -0.1075 0.6816
vn -0.0935 -0.4689 -0.8783
vn -0.5259 -0.7019 -0.4804
vn -0.1686 -0.7575 -0.6307
vn 0.0967 -0.4062 -0.9087
vn -0.1370 -0.6787 -0.7215
vn 0.0266 -0.4613 -0.8868
vn 0.3104 -0.0260 -0.9503
vn 0.8526 0.5182 0.0674
vn 0.8685 0.3272 -0.3723
vn 0.5939 0.6013 0.5346
vn -0.1504 -0.5327 -0.8328
vn 0.0281 -0.4519 -0.8916
vn -0.3358 -0.7136 -0.6148
vn 0.1872 -0.2811 -0.9412
vn 0.2514 -0.2223 -0.9420
vn 0.2894 -0.1870 -0.9388
vn 0.7217 0.6878 -0.0774
vn 0.6451 0.7596 0.0830
vn 0.5651 0.2182 -0.7956
vn 0.6277 0.2075 -0.7503
vn 0.4369 0.7119 0.5498
vn 0.4865 0.7113 0.5074
vn 0.2921 -0.1986 -0.9355
vn 0.6145 0.0541 -0.7871
vn 0.8077 0.5812 0.0990
vn 0.7434 0.2919 -0.6018
vn -0.2551 -0.7126 -0.6536
vn -0.6210 -0.7823 0.0492
vn 0.0240 -0.5127 -0.8582
vn 0.5973 0.4567 -0.6593
vn -0.1022 -0.6243 -0.7745
vn 0.3829 -0.0836 -0.9200
vn 0.4259 -0.0786 -0.9013
vn 0.3439 -0.0205 -0.9388
vn -0.3773 -0.8301 -0.4106
vn -0.2157 -0.7644 -0.6076
vn 0.7595 0.6501 0.0204
vn 0.4945 0.6696 0.5542
vn 0.7735 0.6231 0.1157
vn 0.6449 0.7627 -0.0487
vn 0.4348 0.7597 0.4836
vn 0.4822 0.8310 0.2773
vn 0.5162 0.2647 -0.8146
vn 0.6113 0.7017 -0.3659
vn 0.5867 0.7638 -0.2689
vn 0.5276 0.8333 0.1650
vn -0.1023 -0.5252 -0.8448
vn -0.0674 -0.6749 -0.7348
vn -0.1753 -0.6067 -0.7753
vn 0.0135 -0.3788 -0.9254
vn -0.1471 -0.6033 -0.7839
vn 0.1261 -0.2612 -0.9570
vn 0.2005 -0.1329 -0.9706
vn 0.1849 0.2559 -0.9489
vn 0.1217 0.7803 -0.6135
vn 0.1253 0.0085 -0.9921
vn 0.1259 -0.0880 -0.9881
vn 0.0684 -0.4505 -0.8902
vn 0.0519 0.8720 -0.4867
vn 0.1346 -0.4557 -0.8799
vn 0.1351 -0.6167 -0.7755
vn 0.0317 0.1304 -0.9910
vn 0.0646 -0.5986 -0.7984
vn -0.0939 0.9395 -0.3293
vn -0.0074 1.0000 -0.0066
vn 0.1388 -0.3952 -0.9081
vn -0.1566 0.5859 -0.7951
vn 0.2171 -0.6718 -0.7082
vn -0.0759 0.2593 -0.9628
vn 0.3458 -0.8379 -0.4223
vn 0.3939 0.8168 -0.4215
vn 0.2908 0.4676 -0.8347
vn -0.1349 0.9789 0.1537
vn -0.1707 0.9030 0.3943
vn -0.3848 0.9161 0.1127
vn -0.4647 0.7921 -0.3957
vn 0.0014 -0.4613 -0.8873
vn 0.0276 -0.6916 -0.7217
vn 0.1227 -0.7955 -0.5934
vn 0.1208 -0.9781 -0.1695
vn 0.4747 -0.5662 -0.6739
vn 0.4060 0.3671 -0.8369
vn 0.2168 -0.0377 -0.9755
vn -0.0391 -0.1913 -0.9807
vn -0.4824 0.4103 -0.7739
vn 0.0041 0.5452 0.8383
vn -0.0539 0.9125 0.4054
vn 0.0375 0.5211 0.8527
vn 0.6116 -0.7696 0.1834
vn 0.8788 -0.4600 -0.1274
vn 0.5122 -0.1961 0.8362
vn 0.9534 0.2124 -0.2143
vn 0.6073 -0.7919 0.0644
vn 0.1315 0.9016 0.4120
vn 0.4618 -0.4735 0.7500
vn 0.4362 -0.8053 0.4015
vn 0.2767 -0.8982 -0.3415
vn 0.3396 -0.9394 0.0463
vn 0.4259 -0.6862 0.5897
vn -0.6541 -0.0869 -0.7514
vn -0.2440 -0.2189 -0.9448
vn -0.2426 -0.2311 -0.9422
vn 0.0536 -0.3373 -0.9399
vn 0.0260 -0.1843 -0.9825
vn 0.5850 -0.1971 -0.7867
vn -0.0388 -0.4687 -0.8825
vn 0.5800 -0.2996 -0.7575
vn -0.1969 -0.4101 -0.8905
vn -0.2345 -0.4117 -0.8806
vn -0.4297 -0.2961 -0.8530
vn 0.1619 -0.7198 -0.6750
vn -0.2589 -0.6484 -0.7159
vn -0.5383 -0.1153 -0.8348
vn -0.8851 -0.0059 -0.4654
vn -0.1202 -0.0600 -0.9909
vn 0.3720 -0.2105 -0.9041
vn -0.9363 0.3149 -0.1556
vn -0.7876 0.4515 -0.4193
vn 0.4028 -0.7044 -0.5844
vn 0.2718 -0.9462 0.1754
vn -0.4129 0.6689 -0.6181
vn -0.0745 0.3507 -0.9335
vn -0.6464 0.7624 0.0312
vn -0.6920 0.7028 -0.1651
vn -0.4796 0.3324 -0.8121
vn -0.2245 0.0923 -0.9701
vn -0.1345 -0.2177 -0.9667
vn -0.5235 0.0225 -0.8517
vn -0.1096 -0.8682 -0.4839
vn -0.1388 -0.3000 -0.9438
vn -0.0412 -0.9720 -0.2315
vn 0.1265 -0.7086 -0.6942
vn 0.8059 -0.4316 -0.4053
vn -0.9912 0.1319 0.0114
vn -0.1606 -0.3458 -0.9245
vn 0.2371 -0.6722 -0.7014
vn 0.1162 -0.5835 -0.8038
vn 0.3382 -0.7073 -0.6207
vn 0.1324 -0.6766 -0.7244
vn -0.1850 -0.5238 -0.8315
vn 0.1783 -0.5610 -0.8084
vn 0.3287 -0.4487 -0.8310
vn 0.0727 -0.5240 -0.8486
vn 0.0625 -0.5537 -0.8303
vn -0.3597 0.2465 -0.8999
vn -0.0547 -0.1505 -0.9871
vn -0.2103 0.8412 -0.4981
vn 0.2324 -0.6393 -0.7330
vn 0.3559 -0.8888 -0.2887
vn 0.2635 -0.9423 -0.2066
vn 0.8585 -0.4270 -0.2839
vn 0.5316 -0.5930 0.6048
vn 0.3182 -0.9126 0.2569
vn 0.3238 -0.7361 0.5944
vn 0.3032 -0.5961 0.7435
vn 0.1346 -0.9750 0.1765
vn 0.2391 -0.8347 -0.4961
vn 0.2343 -0.3917 0.8898
vn 0.0931 -0.7902 0.6057
vn -0.0117 -0.7026 0.7115
vn -0.2412 -0.9343 0.2624
vn -0.0899 -0.5504 0.8301
vn -0.3758 -0.5568 0.7408
vn -0.3668 0.1201 0.9225
vn 0.4784 -0.0487 0.8768
vn -0.1852 -0.3258 0.9271
vn 0.6449 -0.2257 0.7301
vn -0.0458 -0.9150 0.4008
vn 0.3551 -0.9339 -0.0418
vn 0.3636 -0.1555 0.9185
vn 0.0191 0.0607 0.9980
vn -0.2193 0.3288 0.9186
vn 0.1904 -0.4950 0.8478
vn 0.0458 0.4466 0.8936
vn 0.0358 0.2973 0.9541
vn -0.0257 -0.8221 -0.5687
vn -0.0306 -0.9717 -0.2342
vn -0.0192 -0.9630 0.2688
vn -0.0194 -0.6744 -0.7381
vn -0.0049 -0.8806 -0.4738
vn 0.0257 -0.1355 0.9904
vn 0.0803 0.0335 0.9962
vn 0.0271 0.1473 0.9887
vn 0.0111 -0.4552 0.8903
vn 0.0305 -0.2579 0.9657
vn -0.0159 -0.8889 -0.4578
vn 0.0265 -0.4592 0.8879
vn 0.0184 -0.6270 0.7788
vn 0.0432 -0.4489 0.8925
vn 0.2835 -0.7804 -0.5574
vn 0.2784 -0.9514 0.1315
vn 0.3777 -0.9187 -0.1157
vn 0.2092 -0.9541 -0.2141
vn 0.1209 -0.9927 0.0037
vn 0.2135 -0.7894 0.5756
vn 0.1447 -0.7032 -0.6961
vn 0.0195 -0.7264 -0.6870
vn 0.0038 -0.7033 0.7109
vn 0.0555 -0.7894 0.6113
vn 0.1323 -0.5912 0.7956
vn 0.0120 -0.9995 0.0300
vn 0.0075 -0.8209 0.5710
vn -0.0042 -0.9786 0.2058
vn -0.0153 -0.8979 -0.4399
vn 0.1475 0.2399 0.9595
vn 0.2906 -0.0684 0.9544
vn 0.1668 -0.2576 0.9517
vn 0.4208 -0.3433 0.8397
vn 0.3323 -0.6673 0.6666
vn -0.1853 -0.5660 0.8033
vn 0.0224 -0.6404 0.7677
vn -0.0122 -0.9896 0.1433
vn 0.1306 -0.8162 0.5629
vn -0.1316 -0.8189 0.5587
vn -0.0533 -0.2301 0.9717
vn -0.0418 -0.3112 0.9494
vn -0.0465 -0.4930 0.8688
vn -0.0511 -0.6118 0.7894
vn -0.0003 0.6970 0.7171
vn 0.0029 0.8377 0.5461
vn -0.0010 0.7673 0.6413
vn -0.0004 0.8621 0.5068
vn 0.0070 0.7259 0.6878
vn 0.0102 0.8347 0.5506
vn 0.0048 0.9380 0.3467
vn 0.0085 0.8732 0.4873
vn -0.0265 0.4448 0.8952
vn -0.0239 0.6802 0.7327
vn -0.0133 0.4919 0.8705
vn -0.0347 0.6405 0.7671
vn -0.0161 0.2399 0.9707
vn -0.0105 0.7240 0.6897
vn -0.0067 0.4540 0.8910
vn -0.0241 0.7452 0.6664
vn -0.0068 0.6066 0.7950
vn -0.0187 0.7535 0.6572
vn -0.0395 0.2995 0.9533
vn -0.0379 0.2845 0.9579
vn -0.0247 0.2799 0.9597
vn -0.0416 0.4995 0.8653
vn -0.0263 0.4431 0.8961
vn -0.0390 0.5839 0.8109
vn -0.0546 0.7455 0.6643
vn -0.5711 0.3024 -0.7632
vn -0.8305 0.1505 -0.5363
vn -0.3274 0.1333 -0.9354
vn -0.9672 0.0793 -0.2413
vn -0.0932 0.2938 0.9513
vn -0.9089 0.2580 0.3275
vn -0.7109 0.6032 0.3616
vn -0.7056 0.2297 -0.6704
vn 0.4203 0.3483 0.8379
vn 0.9321 0.2450 0.2668
vn 0.4375 0.8321 0.3409
vn -0.0818 -0.0674 -0.9944
vn 0.1498 -0.0491 -0.9875
vn -0.1603 0.2894 -0.9437
vn -0.5255 -0.1098 -0.8437
vn -0.2882 0.0131 -0.9575
vn -0.0902 0.0127 -0.9958
vn 0.3191 0.2567 -0.9123
vn 0.1173 0.4295 -0.8954
vn -0.5683 0.6758 0.4694
vn -0.5430 0.7934 -0.2752
vn -0.3242 0.9313 0.1661
vn -0.0846 0.7618 -0.6423
vn 0.0646 0.2297 -0.9711
vn 0.1298 0.5542 -0.8222
vn 0.1156 0.2439 -0.9629
vn 0.0544 0.9179 -0.3932
vn 0.4893 0.6942 -0.5278
vn -0.5033 -0.0977 0.8586
vn -0.7276 -0.3385 -0.5967
vn -0.1246 0.3865 -0.9138
vn -0.2489 -0.0632 0.9665
vn -0.5988 -0.5552 -0.5773
vn -0.8608 -0.0398 0.5074
vn -0.3332 -0.2284 0.9148
vn 0.0879 0.9881 -0.1261
vn -0.2060 0.0039 0.9785
vn 0.0507 0.0542 0.9972
vn 0.3865 0.9017 -0.1939
vn 0.5184 0.7952 0.3144
vn 0.3461 0.7757 -0.5277
vn 0.3765 0.7720 -0.5121
vn 0.4943 0.8052 -0.3277
vn 0.3342 0.3853 0.8601
vn 0.6766 0.7220 0.1446
vn 0.3756 0.4139 0.8292
vn 0.3981 0.4732 0.7859
vn 0.7788 0.6270 -0.0183
vn 0.5961 0.5861 0.5487
vn 0.7382 0.6397 -0.2143
vn 0.5864 0.7870 -0.1920
vn 0.0848 0.2584 -0.9623
vn 0.1275 -0.0554 -0.9903
vn 0.0913 -0.2079 -0.9739
vn 0.1609 -0.6110 -0.7751
vn -0.1203 -0.5975 -0.7928
vn 0.1053 -0.9234 -0.3692
vn 0.1758 -0.9502 -0.2574
vn -0.3346 -0.8430 -0.4212
vn -0.3929 -0.6391 -0.6612
vn 0.9596 -0.2754 -0.0582
vn 0.9058 -0.2526 -0.3401
vn 0.5992 -0.7443 -0.2948
vn 0.6677 -0.6429 -0.3752
vn 0.1336 -0.9525 -0.2735
vn 0.8187 -0.5302 -0.2205
vn 0.7283 -0.4631 -0.5051
vn 0.6696 -0.1233 -0.7324
vn 0.8236 -0.5207 -0.2249
vn 0.5334 -0.2932 0.7934
vn 0.2818 -0.2102 0.9362
vn 0.5850 -0.1172 0.8025
vn 0.1817 -0.5928 0.7846
vn 0.1028 -0.3287 0.9388
vn 0.6900 -0.6579 0.3016
vn 0.9008 -0.3953 0.1799
vn 0.6642 -0.5252 0.5320
vn 0.1453 -0.9071 0.3950
vn 0.1716 -0.8752 0.4523
vn 0.0572 -0.3900 0.9190
vn 0.0341 0.1707 0.9847
vn 0.0931 0.2810 0.9552
vn 0.3902 0.4737 0.7895
vn 0.0277 0.6072 0.7941
vn 0.1157 0.6048 0.7879
vn 0.0811 -0.6221 0.7787
vn 0.1545 -0.9155 0.3714
vn 0.0466 -0.7960 0.6035
vn -0.5271 -0.0873 0.8453
vn -0.3420 -0.6493 0.6793
vn -0.3141 -0.9024 0.2950
vn -0.7424 -0.6669 0.0640
vn -0.2086 -0.1517 0.9662
vn 0.0184 -0.3938 0.9190
vn -0.1661 -0.4587 0.8729
vn -0.0581 -0.1312 0.9897
vn 0.0033 0.0671 0.9977
vn 0.0024 -0.0151 0.9999
vn 0.0178 -0.3212 0.9468
vn -0.0004 -0.0704 0.9975
vn 0.0022 0.6061 0.7954
vn -0.0197 0.3832 0.9235
vn -0.2049 0.2316 0.9510
vn -0.4179 -0.0286 0.9081
vn -0.0821 0.3252 0.9421
vn -0.5480 -0.8349 0.0518
vn -0.4248 -0.4493 0.7859
vn -0.5037 -0.6140 0.6077
vn -0.5561 -0.7652 0.3245
vn -0.3788 -0.7320 0.5663
vn -0.1051 -0.1828 0.9775
vn -0.4099 -0.6780 0.6101
vn -0.4646 -0.8855 0.0002
vn -0.5070 -0.8511 -0.1366
vn -0.6610 -0.7233 0.1998
vn -0.7634 -0.6447 0.0398
vn -0.7475 -0.6043 0.2758
vn -0.6833 -0.3772 0.6251
vn -0.7017 -0.6998 0.1338
vn -0.4662 -0.6961 -0.5460
vn -0.6588 -0.7327 -0.1705
vn -0.6336 -0.4437 0.6338
vn -0.4386 -0.2126 0.8732
vn -0.2949 -0.2836 0.9125
vn -0.0955 0.0840 0.9919
vn -0.2379 -0.5622 0.7920
vn 0.0185 -0.1113 0.9936
vn -0.1188 0.2092 0.9706
vn -0.6106 -0.3137 0.7272
vn -0.8090 0.1386 0.5713
vn -0.9906 0.1368 -0.0043
vn -0.8479 -0.4119 0.3339
vn -0.9524 0.3043 -0.0184
vn -0.3522 0.3733 0.8583
vn 0.1746 0.1966 0.9648
vn 0.3057 0.4927 0.8147
vn 0.1996 0.3143 0.9281
vn 0.2638 0.5248 0.8093
vn 0.4144 0.6909 0.5924
vn 0.2580 0.7026 0.6632
vn 0.3880 0.5994 0.7002
vn 0.3266 0.8186 0.4725
vn -0.5190 0.8491 0.0981
vn 0.2300 -0.0889 0.9691
vn 0.1849 0.1668 0.9685
vn 0.2228 0.5168 0.8266
vn 0.0414 -0.8163 0.5762
vn 0.0032 -0.3820 0.9242
vn 0.4420 0.5644 0.6972
vn 0.5129 -0.0786 0.8548
vn 0.6257 0.5514 0.5517
vn 0.5276 -0.7607 0.3782
vn 0.0096 -0.9954 -0.0951
vn -0.0006 -0.7905 0.6124
vn 0.6426 -0.1313 -0.7549
vn 0.7611 0.6055 -0.2327
vn 0.7145 0.6651 -0.2170
vn 0.8216 0.5441 -0.1700
vn 0.2340 -0.5017 -0.8328
vn -0.0379 -0.3541 0.9344
vn -0.0128 -0.8007 0.5989
vn 0.0423 -0.8849 -0.4639
vn 0.0221 -0.7400 -0.6723
vn -0.0710 -0.4354 0.8974
vn -0.0438 -0.8045 0.5923
vn -0.0037 -0.5141 -0.8577
vn 0.0033 -0.7529 -0.6582
vn -0.1320 -0.4459 0.8853
vn -0.0393 -0.7963 0.6037
vn -0.0606 -0.9896 -0.1304
vn -0.0460 -0.1639 -0.9854
vn -0.0759 -0.6686 -0.7397
vn -0.1491 -0.9091 -0.3889
vn -0.1343 -0.9216 0.3642
vn 0.1905 0.4356 0.8797
vn 0.7465 0.6522 0.1318
vn 0.5983 0.7965 0.0874
vn 0.5068 0.7828 0.3610
vn 0.6485 0.7343 0.2005
vn 0.4755 0.7816 0.4036
vn -0.5332 0.3157 0.7849
vn -0.9000 0.3745 0.2231
vn -0.1191 0.0201 0.9927
vn -0.5814 0.4088 0.7035
vn -0.9516 0.3055 0.0331
vn -0.1076 -0.2411 -0.9645
vn -0.9408 0.2128 -0.2638
vn -0.6060 -0.5557 -0.5692
vn -0.2223 -0.8459 -0.4847
vn -0.2396 -0.9638 0.1166
vn -0.5878 -0.4723 -0.6568
vn -0.8637 -0.2106 -0.4579
vn -0.9473 0.3083 -0.0865
vn 0.3534 0.6788 0.6437
vn 0.1447 0.1701 0.9748
vn 0.1691 0.5905 0.7891
vn 0.2033 0.5841 0.7858
vn 0.1310 0.5305 0.8375
vn 0.1259 -0.4361 0.8911
vn 0.2985 -0.3796 -0.8757
vn 0.5167 -0.5217 -0.6789
vn 0.3165 -0.6031 -0.7322
vn -0.4604 0.7155 -0.5255
vn -0.2514 -0.1994 -0.9471
vn 0.0736 -0.5636 -0.8228
vn -0.1142 -0.4434 -0.8890
vn 0.2149 -0.2182 -0.9519
vn -0.0112 -0.3542 -0.9351
vn 0.6178 0.1551 -0.7709
vn 0.1766 -0.1326 -0.9753
vn -0.0001 -0.3441 -0.9389
vn 0.5402 0.3431 -0.7684
vn 0.0515 -0.3965 -0.9166
vn 0.0484 -0.4514 -0.8910
vn 0.0493 -0.2444 -0.9684
vn 0.3195 -0.0940 -0.9429
vn 0.1015 -0.3341 -0.9371
vn 0.5433 -0.3603 -0.7583
vn 0.4428 -0.5212 -0.7296
vn -0.3684 -0.5063 -0.7797
vn -0.2668 -0.2063 -0.9414
vn -0.3403 -0.6452 -0.6841
vn -0.1690 0.8576 -0.4858
vn -0.0141 0.9960 0.0879
vn -0.2475 0.3319 -0.9103
vn -0.2553 -0.5348 -0.8055
vn -0.2458 -0.9010 -0.3576
vn -0.1919 -0.7270 -0.6593
vn -0.2154 -0.2696 -0.9386
vn -0.1569 -0.5534 -0.8180
vn -0.0211 -0.7892 -0.6138
vn -0.0533 -0.5573 -0.8286
vn 0.1159 -0.8292 -0.5469
vn -0.0992 -0.9775 -0.1862
vn 0.1728 -0.9787 0.1105
vn 0.1421 -0.9173 0.3719
vn 0.2725 -0.9512 0.1448
vn 0.9925 0.1221 -0.0009
vn -0.4256 -0.1513 -0.8922
vn -0.0745 -0.3950 -0.9156
vn -0.0409 -0.4883 -0.8717
vn -0.4931 -0.0983 -0.8644
vn 0.0190 -0.3796 -0.9249
vn 0.2945 -0.3975 -0.8691
vn 0.3035 -0.0974 -0.9478
vn 0.1196 -0.2073 -0.9709
vn 0.4830 -0.4770 -0.7343
vn 0.1085 -0.5767 -0.8097
vn -0.2806 -0.3059 -0.9098
vn -0.2075 -0.0206 -0.9780
vn -0.3328 0.2378 -0.9125
vn -0.0087 0.1804 -0.9836
vn 0.1700 0.0566 -0.9838
vn -0.1795 -0.0212 -0.9835
vn -0.1869 0.2194 -0.9576
vn 0.1881 0.3342 -0.9236
vn 0.1294 -0.2436 -0.9612
vn -0.2788 -0.4035 -0.8715
vn -0.3583 -0.2782 -0.8912
vn 0.1142 -0.5127 -0.8510
vn -0.6236 -0.4575 -0.6339
vn 0.1200 0.5329 -0.8376
vn -0.0886 0.5685 -0.8179
vn 0.2060 -0.7066 -0.6770
vn 0.0253 -0.6698 -0.7421
vn 0.2303 -0.7688 -0.5966
vn 0.3538 -0.6240 -0.6968
vn 0.4014 -0.7817 -0.4772
vn -0.2247 -0.0482 -0.9732
vn 0.0625 -0.3557 -0.9325
vn 0.2392 0.0045 -0.9710
vn 0.9103 -0.1227 -0.3954
vn -0.0665 0.6168 -0.7843
vn -0.1278 0.9519 -0.2784
vn -0.1003 0.9873 -0.1233
vn -0.1033 0.9794 0.1735
vn -0.0996 0.8687 0.4852
vn -0.1014 0.9947 -0.0168
vn -0.0821 0.8394 -0.5373
vn -0.0776 0.7328 0.6760
vn -0.0919 0.9061 0.4129
vn -0.0793 0.8195 0.5676
vn -0.0480 0.5828 -0.8112
vn -0.0239 0.3792 -0.9250
vn -0.0801 0.7704 -0.6325
vn -0.5914 -0.3445 -0.7291
vn -0.5095 0.8605 -0.0000
vn -0.7639 -0.5625 -0.3162
vn 0.5883 -0.0951 -0.8030
vn 0.4530 0.7367 -0.5021
vn 0.4053 0.5838 -0.7035
vn 0.1926 0.8064 -0.5591
vn 0.7462 0.2061 -0.6330
vn 0.1927 0.9793 0.0619
vn 0.3857 -0.0748 -0.9196
vn -0.0264 0.9980 -0.0567
vn -0.1781 0.6908 0.7008
vn -0.9375 -0.3282 -0.1155
vn -0.1021 0.9373 -0.3332
vn -0.0060 -0.1320 -0.9912
vn -0.0048 0.0722 -0.9974
vn 0.2671 0.5529 0.7893
vn 0.1740 0.5384 0.8245
vn 0.0624 0.8353 0.5463
vn 0.0450 0.7059 0.7069
vn 0.3157 -0.3236 0.8920
vn 0.2415 0.3124 0.9187
vn -0.1551 0.9208 0.3578
vn 0.1562 -0.2367 0.9589
vn 0.4687 -0.4660 0.7504
vn 0.3495 0.6698 0.6552
vn 0.4027 0.8977 0.1786
vn 0.3782 0.3952 0.8371
vn 0.1538 0.9880 -0.0126
vn 0.1842 0.8686 0.4600
vn 0.1199 -0.2960 0.9476
vn -0.0318 -0.2031 0.9786
vn 0.5255 0.0039 0.8508
vn 0.6561 -0.3418 0.6728
vn 0.9079 -0.3779 0.1813
vn 0.9625 -0.2017 0.1813
vn 0.9597 -0.1099 0.2586
vn -0.5611 0.8063 0.1875
vn -0.1657 0.6070 0.7772
vn -0.5422 0.7423 0.3938
vn -0.2581 0.6958 0.6703
vn -0.3420 0.6563 0.6725
vn -0.1774 0.6733 0.7178
vn -0.3257 0.8362 0.4413
vn -0.1172 0.6826 0.7214
vn 0.1247 0.3542 0.9268
vn -0.0879 0.6948 0.7138
vn 0.1902 0.3772 0.9064
vn 0.2067 0.5012 0.8403
vn -0.0404 0.8808 0.4717
vn 0.4539 -0.0241 0.8907
vn 0.2452 0.5901 0.7692
vn 0.2565 0.3516 0.9003
vn 0.0970 0.4971 0.8623
vn 0.1795 0.7031 0.6881
vn -0.0199 0.9348 0.3546
vn 0.3986 0.4537 0.7971
vn 0.4637 -0.1164 0.8783
vn 0.4032 -0.2929 0.8670
vn 0.4110 -0.1160 0.9042
vn 0.3371 0.1796 0.9242
vn 0.1021 0.7250 0.6812
vn 0.3192 0.0099 0.9476
vn 0.0481 0.5157 0.8554
vn 0.0453 0.7533 0.6562
vn 0.2771 0.5500 0.7878
vn -0.2422 0.8921 0.3815
vn -0.1291 0.8927 0.4318
vn -0.2773 0.9569 0.0865
vn 0.3202 0.1442 0.9363
vn 0.3679 0.5923 0.7168
vn 0.2505 0.9283 0.2748
vn 0.3890 0.3924 0.8335
vn 0.4043 0.8075 0.4295
vn 0.4795 0.7389 0.4734
vn -0.4228 -0.3083 0.8521
vn -0.2557 -0.9555 0.1469
vn -0.5718 -0.1996 0.7957
vn -0.4833 -0.8391 0.2495
vn -0.1607 -0.9128 -0.3756
vn 0.0171 -0.9241 -0.3818
vn -0.0482 -0.8921 -0.4492
vn -0.7004 -0.4900 0.5190
vn -0.3351 -0.4065 0.8500
vn -0.4159 -0.8811 -0.2253
vn -0.4695 0.3003 0.8303
vn -0.8514 -0.4103 0.3268
vn -0.7101 -0.6527 -0.2641
vn -0.6618 -0.7329 -0.1577
vn -0.8168 -0.5451 0.1890
vn -0.5755 -0.8144 -0.0747
vn -0.4064 -0.8619 0.3033
vn -0.2387 0.9604 0.1435
vn -0.6831 0.6335 0.3633
vn -0.9246 0.2389 0.2966
vn -0.4857 0.6201 0.6161
vn -0.8864 -0.0207 0.4624
vn 0.2522 -0.4190 -0.8722
vn 0.4978 -0.6617 -0.5606
vn 0.1321 -0.3585 -0.9242
vn 0.3059 -0.6596 -0.6866
vn -0.0857 -0.6069 -0.7902
vn -0.8941 -0.4410 0.0783
vn -0.8476 0.0148 -0.5305
vn -0.3526 0.0360 -0.9351
vn -0.5365 -0.0935 -0.8387
vn -0.9213 -0.0820 -0.3802
vn 0.0909 -0.1540 -0.9839
vn 0.4857 -0.2455 -0.8390
vn 0.3678 -0.5846 -0.7232
vn 0.2974 -0.4537 -0.8401
vn 0.3909 -0.7288 -0.5622
vn 0.3609 -0.3678 -0.8570
vn 0.4899 -0.3156 -0.8127
vn 0.5824 -0.1205 -0.8039
vn 0.3510 -0.1087 -0.9301
vn 0.0249 -0.5074 -0.8613
vn 0.3714 -0.5991 -0.7093
vn 0.5019 -0.6711 -0.5456
vn -0.6313 0.6480 -0.4261
vn -0.1661 -0.0288 -0.9857
vn -0.1398 0.0646 -0.9881
vn -0.5133 0.8363 -0.1929
vn -0.2991 -0.2025 -0.9325
vn -0.7449 0.2346 -0.6246
vn 0.6276 -0.6649 -0.4050
vn -0.9708 -0.1267 0.2038
vn -0.9263 0.3694 0.0741
vn -0.1242 -0.2351 -0.9640
vn -0.0902 -0.6613 -0.7447
vn -0.2060 -0.7763 -0.5958
vn -0.1689 -0.5520 -0.8165
vn -0.0775 -0.3339 -0.9394
vn -0.0511 -0.5496 -0.8339
vn -0.0203 -0.4081 -0.9127
vn -0.0453 -0.3219 -0.9457
vn -0.0682 -0.6162 -0.7846
vn -0.0559 -0.3095 -0.9493
vn 0.1848 -0.7973 -0.5745
vn -0.0860 -0.2067 -0.9746
vn -0.0851 -0.2635 -0.9609
vn 0.6392 -0.6312 0.4394
vn -0.3884 -0.4334 0.8132
vn -0.4976 0.7474 0.4403
vn 0.3381 -0.6083 -0.7181
vn 0.6323 -0.7228 0.2788
vn 0.2946 -0.4535 0.8411
vn 0.4350 -0.3369 0.8350
vn -0.0704 0.0296 0.9971
vn 0.8904 -0.4107 0.1962
vn -0.0986 0.1413 0.9850
vn -0.0527 0.1213 0.9912
vn -0.0832 0.1642 0.9829
vn 0.5728 -0.3210 -0.7542
vn 0.6386 -0.7011 -0.3172
vn 0.1603 0.1251 -0.9791
vn -0.0160 -0.2382 -0.9711
vn -0.0545 -0.5212 -0.8517
vn 0.0922 -0.6984 -0.7098
vn 0.2310 -0.8992 -0.3716
vn 0.1431 -0.4162 -0.8979
vn 0.0705 0.1583 -0.9849
vn 0.2334 -0.0606 -0.9705
vn -0.2798 -0.5204 -0.8067
vn -0.1961 -0.4880 -0.8505
vn -0.0739 -0.4019 -0.9127
vn -0.0509 -0.7150 -0.6973
vn -0.0903 -0.3619 -0.9278
vn 0.4160 0.5765 -0.7033
vn 0.0585 0.7767 -0.6272
vn 0.0823 0.5325 -0.8424
vn 0.0861 0.6548 -0.7509
vn 0.0899 0.9666 -0.2399
vn 0.0478 0.9695 0.2404
vn -0.8511 0.2367 0.4686
vn -0.1995 0.9554 0.2179
vn 0.7993 -0.3479 -0.4900
vn 0.7848 -0.4261 -0.4500
vn 0.5625 0.5477 -0.6194
vn 0.7254 0.0487 -0.6866
vn -0.0184 0.9072 0.4204
vn -0.0253 0.6597 0.7511
vn 0.0205 0.9580 0.2860
vn -0.0113 0.7352 0.6777
vn -0.1201 0.9554 0.2699
vn -0.0390 0.9815 0.1874
vn -0.0374 0.9063 0.4210
vn -0.0342 0.7724 0.6342
vn -0.0302 0.6742 0.7380
vn -0.0188 0.4348 0.9003
vn -0.0732 0.7175 0.6927
vn -0.1085 0.9359 0.3353
vn -0.0529 0.6938 0.7183
vn -0.3992 0.0507 0.9155
vn 0.0670 0.4330 0.8989
vn -0.7841 -0.0520 0.6184
vn -0.8030 -0.2787 0.5268
vn -0.7703 -0.3341 0.5432
vn -0.8680 -0.4679 0.1664
vn -0.3987 -0.1102 0.9104
vn -0.1288 0.9347 0.3313
vn -0.1097 0.9323 0.3447
vn -0.0855 0.6651 0.7418
vn -0.0864 0.9483 0.3053
vn -0.1396 0.8899 0.4342
vn -0.1395 0.6842 0.7158
vn -0.2368 0.9115 0.3362
vn -0.1751 0.9537 0.2445
vn -0.2239 0.6381 0.7367
vn -0.0590 0.5759 0.8154
vn -0.3741 0.8888 0.2646
vn -0.2704 0.3217 0.9074
vn -0.8609 -0.2174 0.4600
vn -0.9828 0.0855 0.1637
vn -0.6692 0.5473 0.5026
vn -0.2778 0.9315 -0.2349
vn -0.8675 -0.4947 0.0520
vn 0.5779 0.5512 0.6019
vn 0.4324 0.4021 0.8071
vn -0.9008 0.3687 -0.2294
vn 0.2154 0.6481 0.7305
vn 0.4138 -0.9103 0.0109
vn 0.6077 -0.7350 0.3007
vn 0.3577 -0.8186 -0.4495
vn 0.6508 -0.7546 -0.0837
vn 0.7071 -0.6851 -0.1752
vn 0.8464 -0.5137 0.1405
vn 0.1864 0.9776 0.0973
vn -0.0821 0.9545 -0.2866
vn 0.2217 0.8507 -0.4766
vn -0.0520 0.7104 -0.7018
vn 0.1856 0.5145 0.8372
vn 0.5290 0.6968 0.4844
vn -0.8897 -0.4477 0.0893
vn -0.8312 0.2345 0.5042
vn -0.1468 0.6446 0.7503
vn 0.2072 -0.3805 -0.9013
vn -0.0143 0.3698 -0.9290
vn -0.0627 0.6008 -0.7969
vn 0.0930 -0.4880 -0.8679
vn -0.0918 0.7966 -0.5975
vn -0.0546 0.3901 -0.9192
vn -0.1893 0.9673 -0.1688
vn -0.1219 0.9844 -0.1265
vn -0.1101 0.7101 -0.6955
vn -0.1290 0.7686 -0.6266
vn -0.1816 0.8023 -0.5686
vn -0.0435 0.3501 -0.9357
vn -0.0374 0.3167 -0.9478
vn -0.1018 0.3662 -0.9250
vn -0.0034 -0.0557 -0.9984
vn -0.0216 0.0394 -0.9990
vn -0.8949 -0.0481 -0.4437
vn -0.9457 0.3242 0.0236
vn -0.6510 0.6029 -0.4613
vn -0.9508 -0.2916 0.1046
vn -0.8475 -0.5021 -0.1720
vn -0.8325 -0.5355 -0.1418
vn -0.6846 -0.1566 -0.7119
vn -0.5310 -0.4044 -0.7447
vn -0.2223 -0.0303 -0.9745
vn -0.2717 0.5520 -0.7883
vn -0.4689 -0.4500 -0.7600
vn 0.6770 0.3522 -0.6462
vn 0.5986 0.3300 -0.7299
vn 0.7249 0.6868 0.0537
vn 0.6404 0.7308 0.2360
vn 0.5613 0.6881 0.4599
vn 0.3978 0.0260 -0.9171
vn 0.6156 0.3156 -0.7221
vn 0.7465 0.6252 -0.2277
vn 0.4307 0.0792 -0.8990
vn 0.2422 0.5740 0.7822
vn 0.6659 0.3040 -0.6813
vn 0.7111 0.6640 -0.2311
vn 0.7832 0.5187 -0.3429
vn 0.5198 0.8513 0.0717
vn 0.6372 0.5303 -0.5593
vn 0.7170 0.6630 -0.2154
vn 0.4108 0.4142 -0.8122
vn 0.6782 0.7257 0.1156
vn 0.3543 0.6702 0.6521
vn 0.1989 0.2454 -0.9488
vn 0.4698 0.2467 -0.8476
vn 0.7377 0.5001 -0.4536
vn 0.7815 0.3906 -0.4865
vn -0.0118 0.3204 -0.9472
vn 0.0176 0.9860 -0.1660
vn 0.0332 0.9994 -0.0030
vn 0.0275 0.9505 0.3094
vn 0.0263 0.6867 0.7265
vn 0.0159 0.8935 0.4488
vn 0.0325 0.7905 0.6116
vn 0.0073 -0.1236 0.9923
vn 0.0208 0.0035 0.9998
vn 0.0248 0.1780 0.9837
vn 0.0102 0.4889 0.8723
vn 0.0181 0.3075 0.9514
vn 0.0159 -0.0143 0.9998
vn 0.0237 0.3025 0.9529
vn 0.0143 -0.1137 0.9934
vn 0.0192 0.6565 0.7541
vn 0.0129 0.2484 0.9686
vn 0.0175 0.0543 0.9984
vn 0.0130 0.5677 0.8231
vn 0.0168 0.7655 0.6432
vn 0.0122 0.9065 0.4221
vn 0.0053 0.9903 0.1387
vn 0.0124 0.9914 0.1305
vn 0.0077 0.9584 0.2854
vn 0.0045 0.9994 0.0348
vn 0.0035 0.9999 0.0113
vn 0.0063 0.9802 0.1977
vn 0.0051 0.9807 0.1953
vn 0.0130 -0.4210 0.9070
vn 0.0041 -0.2623 0.9650
vn 0.0067 -0.5383 0.8427
vn 0.0127 -0.3078 0.9514
vn 0.0067 -0.5064 0.8623
vn 0.0147 0.9955 0.0938
vn 0.0029 -0.6864 0.7272
vn 0.0145 -0.2417 0.9703
vn 0.0114 -0.1978 0.9802
vn 0.0321 0.4581 -0.8883
vn 0.1319 0.4839 -0.8651
vn -0.2073 -0.2439 -0.9474
vn 0.3626 0.4726 -0.8032
vn 0.3908 0.5052 -0.7694
vn -0.3650 0.0413 -0.9301
vn 0.3681 0.3329 -0.8682
vn -0.4778 -0.6149 -0.6273
vn -0.5029 -0.6386 -0.5825
vn -0.0764 -0.3242 -0.9429
vn -0.0774 -0.0025 -0.9970
vn -0.6809 -0.5626 -0.4689
vn -0.2563 -0.5162 -0.8172
vn -0.6759 -0.6446 -0.3573
vn -0.5938 -0.6203 -0.5125
vn -0.6461 -0.6502 -0.3997
vn 0.5076 -0.7204 -0.4727
vn 0.3490 -0.8001 -0.4879
vn 0.0594 -0.2555 -0.9650
vn 0.4131 -0.6209 -0.6663
vn -0.4198 0.3315 -0.8449
vn -0.0898 -0.5517 -0.8292
vn 0.3673 -0.0072 -0.9301
vn -0.4174 0.3890 -0.8212
vn -0.0728 -0.4727 -0.8782
vn -0.3424 -0.8564 -0.3865
vn 0.0276 -0.0543 -0.9981
vn 0.1768 0.0675 -0.9819
vn -0.0703 0.3176 0.9456
vn -0.3031 0.3157 0.8991
vn -0.0537 0.4273 0.9025
vn -0.7508 -0.1004 0.6529
vn -0.7460 -0.3824 0.5452
vn -0.0237 0.9833 0.1804
vn -0.2113 0.4633 -0.8606
vn -0.0020 0.4343 -0.9008
vn 0.3196 -0.1215 -0.9397
vn 0.6977 -0.0985 -0.7095
vn -0.4816 0.5211 -0.7046
vn 0.5390 -0.3643 -0.7595
vn -0.1548 0.1234 -0.9802
vn 0.1475 -0.5876 -0.7956
vn 0.4932 -0.6632 -0.5630
vn 0.2484 -0.7742 -0.5822
vn 0.1579 0.1601 -0.9744
vn 0.3851 0.3338 -0.8604
vn -0.2111 -0.4293 -0.8782
vn -0.0685 -0.2680 -0.9610
vn 0.1927 -0.0656 -0.9791
vn 0.0866 -0.0199 -0.9960
vn 0.1881 -0.8525 0.4877
vn 0.1348 0.2178 0.9666
vn 0.3331 0.7310 0.5955
vn 0.0648 -0.3728 0.9257
vn 0.0500 0.4258 0.9034
vn 0.2466 0.0756 0.9662
vn -0.3562 0.7335 0.5789
vn -0.0191 0.1312 0.9912
vn 0.0445 0.1415 0.9889
vn -0.1303 -0.0946 0.9869
vn -0.1047 0.2392 0.9653
vn -0.2274 -0.3403 0.9124
vn -0.0225 -0.3666 0.9301
vn 0.2104 -0.4253 0.8803
vn 0.0178 -0.2674 0.9634
vn 0.1403 -0.4463 0.8838
vn 0.3386 -0.5230 0.7822
vn -0.2120 -0.1798 0.9606
vn -0.1696 -0.1882 0.9674
vn 0.1383 -0.4692 0.8722
vn 0.0403 0.1623 0.9859
vn 0.3996 -0.4188 0.8154
vn 0.4654 -0.4824 0.7421
vn 0.4933 -0.5303 0.6896
vn 0.2243 -0.6300 0.7435
vn -0.1607 0.5683 0.8070
vn 0.0034 0.3030 0.9530
vn -0.3998 -0.1956 0.8955
vn 0.2763 -0.2058 0.9388
vn 0.1917 -0.8080 0.5572
vn 0.2340 -0.1704 0.9572
vn -0.1756 0.0428 0.9835
vn -0.0887 0.2729 0.9579
vn -0.2342 0.2980 0.9254
vn -0.2254 0.4756 0.8503
vn 0.4383 -0.1108 0.8920
vn 0.4364 -0.1750 0.8825
vn 0.2791 0.8295 -0.4837
vn -0.0700 0.6317 0.7720
vn -0.0558 0.5096 0.8586
vn -0.0399 0.8268 0.5611
vn -0.0587 0.9758 0.2105
vn -0.0304 0.9255 0.3776
vn -0.0762 0.9930 0.0905
vn -0.0747 0.8011 0.5939
vn -0.0265 0.9979 -0.0592
vn -0.0240 0.8637 0.5034
vn -0.0192 0.9332 0.3587
vn -0.0295 0.9721 0.2327
vn -0.0354 0.9988 -0.0329
vn -0.0333 0.9965 0.0769
vn -0.0190 0.8041 0.5942
vn -0.0252 0.9961 -0.0844
vn -0.0271 0.9611 -0.2750
vn -0.0286 0.9099 -0.4138
vn -0.0230 0.9946 0.1009
vn -0.0233 0.9869 -0.1599
vn -0.0153 0.9804 0.1966
vn -0.0123 0.9757 0.2186
vn -0.0556 0.6653 0.7445
vn -0.0643 0.6433 0.7629
vn 0.7909 0.4954 -0.3592
vn 0.8130 0.5822 0.0070
vn 0.5997 0.7919 -0.1155
vn -0.4333 0.8412 -0.3234
vn -0.0721 0.6965 -0.7139
vn 0.5906 0.8008 0.0997
vn -0.1246 0.9448 0.3031
vn 0.0689 0.3548 0.9324
vn 0.1984 0.3893 0.8995
vn 0.2797 0.4657 0.8396
vn -0.4656 0.8761 0.1252
vn 0.5496 0.7977 -0.2483
vn 0.2985 0.9244 0.2375
vn 0.4775 0.2021 -0.8551
vn 0.7538 0.3141 -0.5771
vn 0.5820 0.6503 -0.4883
vn 0.0961 0.8515 0.5155
vn -0.5109 0.5525 -0.6585
vn 0.1950 0.8202 -0.5378
vn 0.3114 0.4178 -0.8535
vn 0.7402 0.6408 -0.2036
vn -0.2326 0.5756 -0.7840
vn 0.7034 0.6706 -0.2356
vn 0.4049 0.6139 -0.6776
vn -0.2354 -0.2190 0.9469
vn -0.1621 -0.4513 0.8775
vn -0.1965 -0.0721 0.9778
vn -0.1272 -0.2175 0.9677
vn -0.4167 -0.1274 0.9001
vn -0.6245 -0.1126 0.7728
vn 0.3327 -0.2142 0.9184
vn 0.2146 0.3527 0.9108
vn 0.5296 -0.0919 0.8432
vn -0.4225 0.4552 0.7838
vn -0.5364 0.1618 0.8283
vn -0.0897 0.0732 0.9933
vn -0.3437 0.7046 0.6208
vn -0.5353 0.7981 -0.2764
vn -0.2677 0.3954 -0.8786
vn -0.6966 0.5004 -0.5141
vn -0.2860 0.9340 0.2140
vn 0.9906 -0.1351 0.0202
vn 0.8702 -0.4431 0.2156
vn 0.8849 0.0617 0.4617
vn 0.5396 -0.3679 0.7573
vn 0.7996 -0.5399 0.2628
vn 0.6324 -0.4728 0.6136
vn 0.8165 -0.5768 -0.0233
vn 0.6888 0.1461 0.7101
vn 0.0105 0.4736 0.8807
vn 0.4348 0.1023 0.8947
vn 0.1464 0.1407 0.9792
vn 0.0364 0.5726 0.8190
vn 0.0934 -0.5296 0.8431
vn 0.2886 0.6042 0.7427
vn 0.1071 0.7053 0.7008
vn 0.1876 -0.0338 0.9817
vn -0.1295 0.4358 0.8907
vn -0.3501 0.2396 0.9055
vn -0.0893 0.2297 0.9692
vn -0.0581 0.5505 0.8328
vn -0.1922 0.5077 0.8398
vn -0.1917 0.1418 0.9711
vn 0.0609 0.6252 0.7781
vn 0.2731 0.7419 0.6124
vn 0.4116 0.6999 0.5837
vn -0.1542 -0.4258 -0.8916
vn -0.1053 -0.4191 -0.9018
vn -0.5396 -0.0612 0.8397
vn -0.8034 -0.2927 0.5186
vn -0.8446 -0.4625 0.2698
vn -0.7891 -0.4002 0.4660
vn -0.0981 -0.3863 -0.9171
vn -0.8486 -0.5241 -0.0719
vn -0.1123 -0.4020 -0.9087
vn -0.9148 -0.4023 0.0366
vn -0.5970 -0.0219 0.8020
vn -0.1649 -0.5025 -0.8487
vn -0.1405 -0.3610 -0.9219
vn -0.5334 -0.8257 -0.1836
vn -0.5101 -0.8584 -0.0544
vn -0.9104 0.3871 0.1461
vn -0.5223 -0.6255 -0.5797
vn -0.6707 -0.2108 0.7112
vn -0.1180 -0.0555 -0.9915
vn -0.0560 -0.3256 -0.9438
vn 0.0396 0.9972 -0.0630
vn -0.9512 -0.0772 0.2989
vn -0.9567 0.2656 0.1194
vn -0.5184 -0.5637 -0.6431
vn -0.5005 -0.8323 -0.2384
vn -0.4229 -0.3434 0.8386
vn -0.6031 -0.2811 0.7465
vn -0.6252 -0.1567 0.7646
vn -0.7594 -0.6450 0.0849
vn -0.6309 -0.7624 -0.1439
vn -0.5166 -0.3320 0.7892
vn -0.9472 -0.0197 -0.3200
vn -0.6020 -0.7985 -0.0047
vn -0.7386 -0.6582 0.1455
vn -0.4763 -0.5253 0.7051
vn -0.5892 -0.3391 0.7334
vn -0.8061 -0.5024 0.3126
vn -0.6288 -0.6830 -0.3717
vn -0.2075 -0.4720 -0.8568
vn -0.2481 -0.5029 -0.8280
vn -0.8416 -0.5396 -0.0253
vn -0.7328 -0.6731 -0.0999
vn -0.6974 -0.6890 0.1975
vn -0.5446 -0.7242 -0.4230
vn 0.5905 0.8056 0.0481
vn 0.2849 0.6268 -0.7252
vn -0.3925 -0.2656 -0.8806
vn -0.3850 -0.3827 -0.8398
vn 0.2009 0.8403 -0.5036
vn -0.0883 0.3391 -0.9366
vn -0.1393 0.0408 -0.9894
vn -0.0499 0.7492 -0.6604
vn -0.4807 -0.8096 -0.3368
vn -0.4803 -0.7166 -0.5058
vn -0.4458 -0.8903 -0.0933
vn -0.4089 -0.8773 -0.2513
vn -0.5617 -0.8272 -0.0137
vn -0.2794 -0.7994 0.5320
vn -0.2179 -0.9295 0.2974
vn -0.1262 -0.8808 0.4563
vn -0.3456 -0.2151 -0.9134
vn 0.4980 -0.1843 -0.8474
vn 0.6920 -0.2996 -0.6569
vn -0.2233 -0.5448 -0.8083
vn 0.5288 0.2215 -0.8193
vn -0.3784 -0.8568 -0.3502
vn -0.1964 -0.9720 0.1287
vn 0.1020 -0.9608 -0.2579
vn 0.0852 -0.5997 -0.7957
vn 0.2847 -0.9539 -0.0948
vn 0.1661 -0.3417 -0.9250
vn 0.4505 0.2590 -0.8544
vn 0.1506 0.4280 -0.8912
vn 0.1094 -0.1918 -0.9753
vn -0.0085 0.3722 -0.9281
vn -0.1034 0.4053 -0.9083
vn -0.3151 0.3367 -0.8873
vn -0.1372 0.5576 0.8187
vn 0.0166 0.6161 0.7875
vn 0.7550 -0.3604 0.5478
vn 0.0113 0.9876 -0.1565
vn 0.2629 0.9629 -0.0607
vn -0.0515 0.8476 -0.5281
vn 0.5184 0.8551 -0.0001
vn 0.2142 0.8185 -0.5330
vn 0.4672 0.8309 0.3022
vn -0.0651 0.9740 0.2169
vn -0.1928 0.9537 0.2307
vn 0.0232 0.8359 0.5483
vn -0.0615 0.9972 0.0419
vn 0.2835 0.6301 0.7229
vn 0.2418 0.8095 0.5351
vn 0.3345 0.7375 0.5866
vn 0.3452 0.8185 0.4593
vn 0.4248 0.6982 0.5762
vn 0.4509 0.4704 0.7585
vn -0.5395 -0.7043 -0.4614
vn -0.4295 0.5175 -0.7401
vn -0.3707 0.5184 -0.7706
vn -0.2568 0.9530 -0.1605
vn -0.4544 0.0498 -0.8894
vn -0.1770 0.8804 -0.4400
vn 0.3531 0.7501 0.5591
vn 0.2803 0.9383 -0.2025
vn 0.2045 0.9711 0.1227
vn 0.4334 0.6196 0.6544
vn 0.4288 0.8180 0.3835
vn 0.3341 0.4836 0.8090
vn 0.3476 0.3776 0.8582
vn 0.2871 0.6846 0.6700
vn -0.0213 0.7036 0.7103
vn 0.0702 0.6370 0.7677
vn 0.0219 0.8274 0.5612
vn -0.2747 0.9287 -0.2490
vn -0.3900 0.9120 -0.1271
vn 0.0563 0.9917 0.1159
vn -0.4461 0.2234 -0.8667
vn -0.2976 0.1081 -0.9485
vn -0.0772 0.0964 -0.9923
vn 0.2585 0.1089 0.9599
vn 0.6786 0.6145 0.4024
vn -0.0148 -0.1629 0.9865
vn 0.0600 -0.8466 0.5288
vn -0.0981 -0.9353 0.3401
vn -0.4824 -0.5199 0.7050
vn -0.3138 -0.5453 0.7773
vn 0.4984 0.5026 -0.7064
vn 0.4366 0.0902 -0.8951
vn 0.5315 0.2632 -0.8051
vn 0.2614 0.4438 -0.8572
vn 0.4096 0.5568 -0.7226
vn 0.5023 0.5619 -0.6573
vn -0.0131 -0.2474 -0.9688
vn -0.0225 -0.2848 -0.9583
vn -0.0370 -0.5460 -0.8369
vn -0.0152 -0.1687 -0.9856
vn -0.0189 -0.4679 -0.8836
vn -0.0096 -0.4621 -0.8868
vn 0.0432 -0.0962 -0.9944
vn -0.0168 0.3725 -0.9279
vn 0.0109 -0.1679 -0.9857
vn 0.0343 -0.3486 -0.9366
vn 0.0010 -0.2255 -0.9742
vn -0.0063 -0.4304 -0.9026
vn -0.0079 0.1157 -0.9933
vn 0.0684 -0.4842 -0.8723
vn 0.1694 -0.5306 -0.8305
vn -0.0116 -0.4966 -0.8679
vn -0.0044 -0.2310 -0.9730
vn -0.0075 -0.4284 -0.9036
vn -0.0050 -0.1665 -0.9860
vn -0.0015 -0.1184 -0.9930
vn 0.2270 -0.4138 -0.8816
vn 0.2968 -0.4160 -0.8596
vn 0.3037 -0.5739 -0.7605
vn 0.1466 0.1277 0.9809
vn -0.4420 0.1074 0.8906
vn 0.0557 0.2491 0.9669
vn 0.0590 0.1369 0.9888
vn -0.2022 0.0557 0.9778
vn -0.0393 0.0817 0.9959
vn 0.1166 0.2913 0.9495
vn -0.1434 0.5527 0.8209
vn -0.0183 0.7913 0.6111
vn -0.0379 0.3493 0.9362
vn 0.0083 0.3877 0.9218
vn 0.1065 0.5911 0.7995
vn -0.1314 0.3075 0.9424
vn 0.4143 0.5897 0.6933
vn 0.2919 0.3658 0.8837
vn 0.4499 0.5730 0.6850
vn -0.5974 -0.7692 0.2268
vn -0.6236 -0.7152 0.3155
vn -0.4361 -0.8895 -0.1362
vn -0.3540 -0.8770 -0.3250
vn -0.3336 -0.9200 -0.2058
vn -0.3328 -0.8904 0.3105
vn -0.3665 -0.7849 -0.4996
vn -0.2693 -0.6873 -0.6746
vn -0.2496 -0.5357 -0.8067
vn -0.2172 -0.9051 -0.3656
vn -0.2556 -0.5985 -0.7593
vn -0.3939 -0.6722 -0.6268
vn -0.3158 -0.7497 -0.5816
vn -0.3000 -0.7696 -0.5636
vn -0.1044 -0.9374 0.3323
vn -0.2059 -0.9455 0.2524
vn -0.0953 -0.9674 -0.2347
vn -0.0410 -0.9237 -0.3809
vn -0.0170 -0.9917 0.1277
vn -0.5101 -0.7900 -0.3401
vn -0.4076 -0.8148 -0.4123
vn -0.1617 -0.5993 0.7840
vn -0.2452 -0.8673 0.4332
vn -0.4877 -0.7171 -0.4980
vn -0.4662 -0.3660 -0.8054
vn -0.5047 -0.5489 -0.6663
vn 0.0117 -0.4807 -0.8768
vn 0.2828 -0.5878 -0.7580
vn 0.5760 0.6996 0.4228
vn 0.5545 0.7730 -0.3082
vn 0.6906 0.6771 -0.2541
vn 0.0661 0.9788 0.1938
vn 0.3968 0.7097 0.5821
vn 0.7272 0.6757 -0.1213
vn 0.7075 0.6938 0.1343
vn 0.7499 0.6222 -0.2248
vn 0.1998 -0.2196 0.9549
vn 0.2964 0.0076 0.9550
vn 0.4973 0.5207 0.6940
vn 0.3652 0.0236 0.9306
vn -0.1361 -0.2590 0.9562
vn 0.2819 -0.1824 0.9419
vn 0.4412 -0.0195 0.8972
vn 0.4484 -0.1824 -0.8750
vn 0.3225 0.1380 -0.9364
vn 0.5070 0.1249 -0.8528
vn 0.1525 -0.0952 -0.9837
vn 0.1766 0.4683 -0.8657
vn 0.2748 0.2035 -0.9397
vn 0.0587 -0.0953 -0.9937
vn -0.1110 0.0837 -0.9903
vn -0.0406 0.2167 -0.9754
vn 0.0124 -0.1094 -0.9939
vn 0.1221 0.1657 -0.9786
vn -0.1355 0.5617 -0.8162
vn 0.0500 0.7153 -0.6970
vn -0.1607 -0.0357 -0.9864
vn -0.2526 0.2120 -0.9441
vn 0.0376 0.1415 -0.9892
vn -0.3165 -0.3501 -0.8816
vn -0.3104 0.3243 -0.8936
vn -0.7500 -0.2443 -0.6147
vn -0.1855 0.3572 -0.9154
vn -0.2421 0.4616 -0.8534
vn 0.0045 0.8442 -0.5359
vn 0.0106 0.9004 -0.4350
vn 0.0088 0.7431 -0.6692
vn 0.0029 0.9938 -0.1110
vn -0.0174 0.2674 -0.9634
vn -0.0046 0.7525 -0.6586
vn -0.0135 0.5072 -0.8617
vn 0.0002 0.9028 -0.4300
vn -0.0051 0.4524 -0.8918
vn 0.0093 0.9854 -0.1698
vn -0.0023 0.9250 -0.3800
vn -0.0091 0.8184 -0.5746
vn -0.0003 1.0000 -0.0004
vn 0.0060 0.9995 0.0301
vn -0.0056 0.8859 -0.4639
vn -0.0028 0.9823 -0.1875
vn -0.0105 0.6219 -0.7830
vn -0.0064 0.9194 -0.3932
vn -0.0008 0.3923 -0.9198
vn -0.0023 -0.0203 -0.9998
vn -0.0050 0.4755 -0.8797
vn -0.0157 0.0540 -0.9984
vn 0.0181 0.4201 0.9073
vn -0.3591 0.2518 0.8987
vn -0.2188 0.3017 0.9280
vn 0.7258 0.3897 -0.5669
vn -0.2487 0.2237 0.9424
vn -0.4973 0.1712 0.8505
vn -0.1000 0.1122 0.9886
vn 0.0931 0.2561 0.9622
vn 0.1957 -0.0875 0.9768
vn 0.1992 0.2257 0.9536
vn 0.3271 0.2181 0.9195
vn 0.5326 0.7588 0.3750
vn 0.1451 0.9781 0.1489
vn 0.2434 0.9689 -0.0454
vn -0.5589 0.0824 0.8251
vn -0.6875 -0.0560 0.7240
vn 0.3972 0.1495 -0.9055
vn 0.6591 0.3385 -0.6715
vn -0.8574 -0.3026 0.4164
vn -0.0283 0.9216 0.3871
vn -0.0644 0.9919 0.1091
vn 0.2119 0.0083 -0.9773
vn 0.0023 -0.1135 -0.9935
vn 0.0946 0.1142 -0.9889
vn 0.2848 0.1254 -0.9504
vn 0.2013 0.0275 -0.9791
vn 0.0845 0.0468 -0.9953
vn -0.0345 -0.2445 -0.9690
vn 0.0623 -0.1229 -0.9905
vn 0.0198 0.2294 -0.9731
vn -0.0222 0.1627 -0.9864
vn -0.0990 0.0677 -0.9928
vn -0.0310 -0.0254 -0.9992
vn 0.0160 0.2502 -0.9681
vn -0.2757 0.3270 -0.9039
vn 0.3110 0.1344 -0.9409
vn 0.4026 0.2245 -0.8874
vn 0.3212 0.0950 -0.9422
vn -0.1678 0.3711 -0.9133
vn -0.1034 0.1866 -0.9770
vn 0.2481 0.2463 -0.9369
vn -0.0252 -0.0878 -0.9958
vn -0.9294 0.2680 -0.2539
vn 0.0441 0.3761 -0.9255
vn 0.0193 0.2006 -0.9795
vn 0.5075 0.2965 -0.8091
vn 0.2058 0.1865 -0.9607
vn 0.0413 0.3982 -0.9164
vn -0.0285 0.3170 -0.9480
vn -0.6706 -0.0890 -0.7364
vn 0.6375 0.4311 -0.6385
vn 0.5815 0.2979 -0.7570
vn -0.0192 -0.5994 -0.8002
vn -0.0088 -0.5286 -0.8488
vn -0.0158 -0.6726 -0.7398
vn -0.0208 -0.3896 -0.9208
vn -0.0055 -0.2541 -0.9672
vn -0.0109 -0.9827 -0.1851
vn -0.0151 -0.9694 0.2451
vn -0.0229 -0.9445 -0.3276
vn -0.0152 -0.9459 0.3240
vn -0.0178 -0.8239 -0.5664
vn -0.0020 -0.6116 0.7912
vn -0.0155 -0.4182 -0.9082
vn -0.0196 -0.4226 -0.9061
vn -0.0188 -0.1913 -0.9814
vn -0.0152 -0.7710 -0.6367
vn -0.0120 -0.6554 -0.7552
vn 0.0076 -0.9880 0.1545
vn -0.0209 -0.5569 -0.8303
vn -0.0159 -0.9351 -0.3540
vn -0.0112 -0.7858 -0.6183
vn -0.0116 -0.5966 -0.8025
vn 0.0047 -0.4271 0.9042
vn 0.0003 -0.7041 0.7101
vn -0.0050 -0.5935 0.8048
vn -0.0090 -1.0000 0.0028
vn -0.0117 -0.8260 0.5636
vn -0.0131 -0.8818 0.4714
vn 0.0021 -0.5497 0.8353
vn -0.0178 -0.9941 -0.1073
vn -0.0059 -0.5721 0.8201
vn -0.0047 -0.5674 0.8234
vn -0.9400 -0.2731 0.2046
vn -0.8811 -0.4406 -0.1717
vn -0.9280 -0.3703 -0.0412
vn -0.8142 -0.5448 -0.2008
vn -0.8333 -0.5196 -0.1886
vn -0.7681 -0.6280 -0.1248
vn -0.5444 -0.3928 -0.7412
vn -0.2299 0.1366 -0.9636
vn 0.4260 0.2681 -0.8641
vn -0.1999 0.8713 -0.4482
vn 0.5243 0.7302 0.4380
vn 0.5011 0.0369 0.8646
vn -0.0743 -0.0145 -0.9971
vn -0.1107 0.4336 -0.8943
vn 0.1769 0.2846 -0.9422
vn 0.2404 -0.1599 -0.9574
vn 0.5933 0.4688 -0.6544
vn 0.3700 0.1698 -0.9134
vn 0.0290 -0.3953 -0.9181
vn -0.0530 -0.6223 -0.7810
vn -0.0979 -0.8736 -0.4766
vn -0.3761 -0.9123 -0.1619
vn -0.4716 0.3260 -0.8193
vn 0.5105 0.3694 -0.7765
vn 0.4089 -0.6833 -0.6049
vn 0.0593 -0.4195 -0.9058
vn 0.4059 -0.3579 -0.8409
vn -0.0154 -0.2586 -0.9659
vn -0.3611 -0.9053 -0.2238
vn -0.3545 -0.7471 -0.5623
vn 0.2076 -0.7979 -0.5659
vn 0.0296 -0.5231 -0.8517
vn 0.3924 -0.2666 -0.8803
vn 0.0538 -0.5067 -0.8604
vn 0.0430 -0.3569 -0.9332
vn 0.2034 -0.3053 -0.9303
vn -0.0728 -0.4804 -0.8740
vn -0.0777 -0.2705 -0.9596
vn 0.0203 -0.6366 -0.7709
vn 0.4726 -0.4555 -0.7544
vn -0.0074 0.8467 0.5320
vn -0.0137 0.9928 -0.1193
vn 0.0398 0.1350 0.9900
vn 0.0790 -0.3480 0.9342
vn -0.2784 -0.6768 0.6815
vn -0.7484 -0.5878 0.3072
vn -0.9399 -0.3352 -0.0657
vn -0.9210 -0.1012 0.3762
vn -0.0219 0.1671 0.9857
vn -0.0516 0.2273 0.9724
vn -0.1085 0.5538 0.8255
vn -0.0655 0.1540 0.9859
vn -0.0823 0.1506 0.9852
vn -0.0989 -0.1342 0.9860
vn -0.1464 0.4201 0.8956
vn -0.9877 -0.0553 0.1463
vn -0.9675 0.2433 0.0692
vn -0.2996 0.1876 0.9354
vn -0.9949 0.1003 -0.0117
vn -0.9026 -0.0428 0.4283
vn -0.2408 -0.2972 0.9240
vn -0.3647 -0.0712 0.9284
vn -0.9660 -0.2524 0.0564
vn -0.7118 -0.3561 0.6054
vn -0.9825 -0.1565 -0.1011
vn -0.6958 -0.4913 0.5238
vn -0.7815 -0.2665 0.5641
vn -0.2935 -0.0690 0.9535
vn -0.7694 -0.2156 0.6013
vn 0.2016 -0.3776 0.9037
vn -0.9435 -0.2279 -0.2406
vn 0.0801 0.1832 0.9798
vn -0.7337 0.4075 0.5437
vn 0.4749 -0.1119 0.8729
vn -0.6880 0.0841 -0.7208
vn -0.9240 -0.2033 -0.3239
vn -0.1637 -0.4459 -0.8800
vn 0.0783 -0.3569 -0.9308
vn -0.9227 -0.3583 -0.1424
vn 0.0502 -0.4516 -0.8908
vn -0.0140 -0.6770 -0.7359
vn -0.8888 -0.4583 0.0006
vn -0.0755 -0.1938 -0.9781
vn -0.9885 -0.1511 -0.0032
vn 0.6541 -0.4008 -0.6415
vn 0.7823 -0.4262 -0.4543
vn -0.8639 -0.4224 -0.2744
vn 0.5506 -0.5028 -0.6664
vn 0.5803 -0.4969 -0.6453
vn 0.5482 -0.7715 -0.3229
vn 0.6405 -0.5804 -0.5030
vn -0.2269 0.6072 0.7615
vn -0.3460 0.7224 0.5987
vn 0.1363 -0.2122 0.9677
vn 0.0834 0.0377 0.9958
vn -0.0307 0.5498 0.8347
vn 0.4202 -0.8045 -0.4199
vn 0.6129 -0.7887 -0.0487
vn 0.6683 0.5336 0.5183
vn 0.3707 0.4270 0.8248
vn 0.5019 0.6695 0.5476
vn 0.6507 0.5990 0.4666
vn 0.2218 0.5738 0.7884
vn 0.4196 0.7203 0.5523
vn 0.3930 0.3915 0.8320
vn -0.0114 0.7250 -0.6887
vn 0.4175 0.7489 -0.5146
vn 0.0920 0.3462 -0.9336
vn 0.0992 0.1799 -0.9787
vn -0.3860 0.7887 -0.4785
vn -0.2589 0.2970 -0.9191
vn 0.0283 -0.0693 -0.9972
vn 0.4944 -0.4032 -0.7701
vn 0.1588 -0.4129 -0.8968
vn 0.4628 -0.3564 -0.8117
vn -0.4061 0.5697 -0.7146
vn 0.1032 -0.8560 -0.5065
vn -0.2026 0.3673 -0.9078
vn -0.0153 0.1662 -0.9860
vn 0.0732 -0.5583 -0.8264
vn 0.2588 -0.1949 -0.9461
vn 0.3759 0.2755 -0.8848
vn 0.1306 0.9849 0.1138
vn 0.4502 0.8920 0.0409
vn 0.2520 -0.8600 -0.4437
vn 0.2363 -0.9649 -0.1145
vn 0.0876 -0.5323 0.8420
vn -0.0026 -0.6728 0.7398
vn -0.0180 -0.4674 0.8839
vn 0.2525 -0.8171 0.5183
vn 0.1465 -0.6946 0.7044
vn 0.1397 -0.9816 0.1301
vn 0.3243 -0.9273 0.1871
vn 0.2839 -0.9588 0.0059
vn 0.3438 -0.8696 0.3545
vn 0.3677 -0.9278 -0.0630
vn 0.1245 -0.9572 0.2612
vn 0.0187 -0.9881 -0.1524
vn 0.1179 0.1504 -0.9816
vn -0.4288 -0.5191 -0.7394
vn 0.0966 -0.0905 -0.9912
vn 0.2857 0.5967 -0.7499
vn 0.3820 0.5932 -0.7087
vn -0.0288 -0.4133 -0.9101
vn 0.1212 0.5969 0.7931
vn -0.0378 0.3395 0.9399
vn -0.0138 0.4007 0.9161
vn -0.0541 0.2819 0.9579
vn -0.1992 0.4504 0.8703
vn -0.2238 0.5399 0.8114
vn -0.0563 0.2303 0.9715
vn 0.0200 0.8275 0.5611
vn 0.0690 0.9974 -0.0224
vn -0.4216 0.8657 0.2700
vn -0.5571 0.8207 -0.1272
vn -0.3732 0.9269 -0.0404
vn -0.1479 0.8147 0.5608
vn -0.0936 0.9954 0.0223
vn -0.1195 0.5530 0.8246
vn 0.4304 -0.1797 0.8846
vn -0.3325 0.5899 0.7359
vn 0.1419 0.8093 0.5701
vn -0.0081 0.6652 -0.7466
vn -0.0073 0.9966 -0.0818
vn -0.0095 0.9616 -0.2745
vn -0.0134 0.9038 -0.4278
vn -0.0089 0.8968 -0.4423
vn -0.0109 0.8035 -0.5952
vn -0.0084 0.9942 -0.1075
vn -0.0176 0.5274 -0.8495
vn -0.0173 0.6730 -0.7394
vn -0.0130 0.9524 -0.3045
vn -0.0202 0.3005 -0.9536
vn -0.0120 0.3170 -0.9484
vn -0.0159 -0.0446 -0.9989
vn -0.0152 0.0796 -0.9967
vn -0.0193 0.0608 -0.9980
vn -0.0068 0.4486 -0.8937
vn -0.8831 0.0616 -0.4651
vn -0.9665 -0.1365 -0.2172
vn -0.9855 -0.0497 -0.1621
vn -0.9951 -0.0015 0.0991
vn -0.9033 -0.2795 -0.3253
vn -0.9119 -0.0367 -0.4087
vn -0.6986 -0.0664 -0.7124
vn -0.1372 0.2539 -0.9575
vn -0.7647 0.2471 -0.5951
vn -0.9486 -0.0476 -0.3130
vn -0.9760 -0.2017 0.0819
vn -0.8358 0.4023 0.3735
vn 0.0634 0.4152 0.9075
vn -0.7476 0.3118 0.5865
vn 0.2006 0.4952 -0.8453
vn 0.7169 0.4820 -0.5037
vn 0.3392 0.8812 -0.3293
vn 0.0251 0.3525 -0.9355
vn 0.2175 0.7129 -0.6667
vn 0.1213 0.9782 -0.1685
vn 0.5678 0.7725 0.2844
vn 0.1088 0.9371 0.3318
vn -0.0774 -0.0367 0.9963
vn 0.3244 0.0964 0.9410
vn 0.1003 -0.3408 0.9348
vn 0.6047 -0.3061 0.7353
vn 0.0029 -0.0006 1.0000
vn 0.2401 -0.6828 0.6900
vn 0.1853 -0.9809 0.0589
vn -0.1523 -0.8398 0.5210
vn -0.3232 -0.6666 0.6717
vn -0.3552 -0.5613 0.7475
vn 0.4950 0.6502 0.5764
vn -0.0731 0.7314 0.6780
vn 0.5732 0.5219 0.6317
vn -0.3316 -0.4250 0.8423
vn -0.4362 -0.6888 0.5791
vn 0.0571 0.4781 0.8764
vn -0.0494 -0.0506 0.9975
vn -0.1579 0.0188 0.9873
vn 0.1523 0.0233 0.9881
vn -0.0349 0.0012 0.9994
vn -0.0077 0.2173 -0.9761
vn -0.0198 -0.1196 -0.9926
vn -0.0091 0.7244 -0.6893
vn -0.0166 0.0724 -0.9972
vn -0.0358 0.6014 -0.7981
vn 0.4738 -0.4435 -0.7608
vn 0.1654 -0.6631 -0.7300
vn 0.1411 -0.2565 -0.9562
vn 0.2607 0.0485 -0.9642
vn -0.0171 -0.1165 -0.9930
vn -0.0212 -0.2772 -0.9606
vn -0.0146 -0.1941 -0.9809
vn -0.0213 -0.0593 -0.9980
vn -0.0138 0.0545 -0.9984
vn -0.0172 0.2087 -0.9778
vn -0.0098 0.1995 -0.9799
vn -0.0161 0.1592 -0.9871
vn -0.0157 -0.2589 -0.9658
vn -0.0172 -0.0400 -0.9991
vn -0.0256 -0.2306 -0.9727
vn -0.0980 0.3501 -0.9316
vn -0.1646 0.5999 -0.7830
vn -0.9275 0.0722 -0.3668
vn -0.0337 0.6248 -0.7801
vn 0.1265 0.4251 0.8963
vn 0.5391 0.4909 0.6844
vn 0.3361 0.5352 0.7750
vn -0.2119 0.8061 -0.5526
vn 0.2309 0.9499 -0.2108
vn -0.0108 0.8410 -0.5409
vn 0.1691 0.6293 -0.7585
vn 0.3578 0.7750 -0.5209
vn 0.0978 0.4625 0.8812
vn 0.3518 -0.0367 0.9354
vn 0.5359 -0.6439 0.5461
vn 0.2030 0.3704 0.9064
vn 0.0829 0.6467 0.7582
vn 0.1854 0.4124 0.8920
vn -0.0233 0.9427 -0.3327
vn -0.0133 -0.6307 -0.7759
vn -0.0151 -0.8478 -0.5301
vn -0.0234 -0.9489 -0.3148
vn 0.2680 -0.0845 -0.9597
vn -0.0649 0.5332 -0.8435
vn -0.0005 -0.6811 0.7322
vn 0.0027 -0.7828 0.6223
vn -0.0002 0.9703 0.2418
vn -0.0014 0.9791 0.2032
vn -0.0067 0.9898 0.1425
vn -0.0078 0.9813 0.1923
vn -0.0095 0.9955 -0.0946
vn 0.3812 -0.0443 -0.9234
vn 0.0254 -0.1485 0.9886
vn -0.2857 0.7697 0.5710
vn 0.2318 -0.2948 0.9270
vn -0.1348 0.3951 0.9087
vn -0.0123 -0.1108 -0.9938
vn -0.0146 -0.1326 -0.9911
vn -0.0201 -0.3777 -0.9257
vn 0.0064 -0.5791 0.8152
vn 0.1140 -0.1718 0.9785
vn 0.2435 -0.1118 0.9634
vn 0.2950 -0.0273 0.9551
vn 0.6389 -0.1116 0.7612
vn 0.0143 0.0173 0.9997
vn 0.2632 -0.1935 0.9451
vn -0.0022 -0.4229 0.9062
vn -0.0161 -0.0400 0.9991
vn -0.0305 -0.1815 0.9829
vn -0.0846 0.0964 0.9917
vn -0.0601 -0.1656 0.9844
vn -0.2059 -0.4081 -0.8894
vn 0.3742 -0.2295 0.8985
vn 0.6925 -0.2426 0.6794
vn 0.0655 -0.4397 0.8958
vn 0.2649 0.1062 0.9584
vn -0.5525 0.7935 0.2553
vn 0.5091 0.6402 0.5754
vn 0.5146 0.5706 0.6400
vn 0.1853 0.7168 0.6722
vn 0.3683 0.3202 0.8728
vn -0.0541 0.7804 0.6230
vn 0.3277 0.1992 0.9235
vn 0.0787 -0.0265 0.9965
vn -0.0581 0.3979 0.9156
vn -0.3669 -0.8775 0.3088
vn -0.1270 -0.0435 0.9909
vn 0.2114 -0.2259 0.9509
vn -0.7352 -0.3421 0.5852
vn -0.9685 -0.0336 -0.2467
vn -0.7125 -0.6874 -0.1408
vn -0.9419 0.3099 0.1295
vn -0.6904 -0.3870 -0.6112
vn -0.0941 -0.6838 -0.7236
vn -0.5056 0.0708 -0.8598
vn -0.1820 0.6993 0.6913
vn -0.5714 0.7870 0.2327
vn -0.7486 0.3547 0.5601
vn -0.4359 0.7623 -0.4784
vn 0.1055 0.3041 -0.9468
vn 0.5742 0.7206 -0.3885
vn 0.5418 -0.0477 -0.8392
vn 0.8533 -0.0084 -0.5213
vn 0.0726 0.9862 0.1485
vn 0.5537 0.6414 0.5310
vn 0.1547 -0.7075 0.6895
vn 0.1171 0.0503 0.9918
vn -0.4006 -0.8960 0.1916
vn 0.6763 -0.7141 -0.1809
vn 0.8288 -0.1603 0.5361
vn 0.0422 -0.9979 0.0494
vn 0.9617 -0.2588 -0.0901
vn 0.9526 0.3018 0.0379
vn -0.4423 0.2086 0.8723
vn -0.7123 0.6503 0.2641
vn -0.1547 0.6270 0.7635
vn 0.0243 0.9021 0.4309
vn 0.7056 0.6285 0.3273
vn 0.2559 0.9584 -0.1263
vn 0.6404 0.5662 -0.5190
vn -0.0004 0.6009 -0.7993
vn -0.7834 -0.2778 0.5559
vn -0.6341 0.1517 0.7582
vn -0.9961 -0.0481 -0.0742
vn -0.6536 0.2483 -0.7150
vn -0.5879 -0.4842 -0.6480
vn -0.4208 0.8319 -0.3618
vn -0.0253 -0.0748 -0.9969
vn -0.1836 -0.4687 0.8641
vn -0.1162 0.2509 0.9610
vn 0.0260 -0.9378 0.3462
vn -0.6636 -0.7437 0.0816
vn 0.3708 0.4258 0.8254
vn 0.5025 -0.3476 0.7916
vn 0.8429 0.1678 0.5112
vn -0.9312 -0.3554 0.0804
vn 0.8809 -0.4690 0.0633
vn 0.4597 -0.8530 0.2473
vn 0.3250 -0.8935 -0.3099
vn 0.6483 -0.2535 -0.7179
vn 0.9798 0.1387 -0.1438
vn -0.2333 -0.9209 -0.3122
vn 0.4016 0.1937 -0.8951
vn 0.0500 -0.6003 -0.7982
vn -0.8592 -0.4508 -0.2421
vn -0.9380 0.1903 0.2897
vn -0.8822 0.3720 -0.2886
vn -0.6127 0.1099 0.7827
vn -0.2692 -0.4333 0.8601
vn 0.1861 -0.1087 0.9765
vn -0.4574 0.8789 0.1353
vn 0.2479 0.4001 0.8823
vn -0.0160 0.8330 -0.5530
vn -0.5594 0.2171 -0.7999
vn 0.5634 0.6568 0.5012
vn -0.0751 0.8207 0.5664
vn -0.4625 -0.8235 0.3285
vn 0.1426 -0.6553 0.7418
vn -0.1736 -0.9034 -0.3920
vn 0.7601 -0.2101 0.6149
vn 0.3044 -0.9142 0.2677
vn 0.5626 -0.8196 -0.1079
vn 0.9383 -0.3363 -0.0801
vn 0.7861 0.3031 -0.5387
vn 0.9197 0.3420 0.1926
vn -0.2709 -0.2661 -0.9251
vn 0.3149 0.0205 -0.9489
vn 0.4055 -0.5217 -0.7506
vn 0.2648 0.9628 0.0536
vn 0.6212 0.7715 -0.1371
vn 0.1490 0.3869 -0.9100
vn 0.0684 -0.9774 0.2000
vn 0.6809 -0.4494 0.5783
vn -0.3422 -0.3398 0.8760
vn -0.7672 -0.6114 -0.1938
vn -0.4098 0.4909 0.7688
vn -0.9548 0.1447 0.2598
vn -0.4532 0.8909 0.0311
vn 0.3913 0.3242 0.8613
vn 0.1219 0.7731 0.6224
vn -0.8557 0.0546 -0.5145
vn 0.6056 0.7957 -0.0048
vn -0.4937 0.5030 -0.7094
vn -0.2945 -0.0598 -0.9538
vn 0.1851 0.6886 -0.7011
vn 0.6764 -0.6413 -0.3621
vn 0.9858 0.1676 -0.0048
vn 0.5315 0.0328 -0.8464
vn -0.1520 -0.7513 -0.6423
vt 0.249486 0.306540
vt 0.244338 0.302254
vt 0.248116 0.297550
vt 0.470473 0.830756
vt 0.470514 0.825479
vt 0.468130 0.828624
vt 0.250734 0.312071
vt 0.244952 0.320885
vt 0.237514 0.332507
vt 0.233771 0.337912
vt 0.236113 0.320174
vt 0.467171 0.810251
vt 0.469366 0.803795
vt 0.464909 0.803077
vt 0.231091 0.628274
vt 0.229070 0.632784
vt 0.232188 0.636424
vt 0.349480 0.370915
vt 0.347710 0.366992
vt 0.344442 0.369457
vt 0.226606 0.599780
vt 0.221350 0.603244
vt 0.224408 0.626498
vt 0.245939 0.294274
vt 0.469407 0.808813
vt 0.344366 0.359710
vt 0.340914 0.368032
vt 0.229834 0.635739
vt 0.227909 0.634127
vt 0.228435 0.638804
vt 0.348140 0.357842
vt 0.245802 0.288996
vt 0.241329 0.301883
vt 0.351012 0.351556
vt 0.364028 0.114978
vt 0.367704 0.125774
vt 0.355646 0.115404
vt 0.463935 0.805593
vt 0.466148 0.809510
vt 0.371900 0.114356
vt 0.235852 0.290985
vt 0.374338 0.125951
vt 0.233545 0.307467
vt 0.227154 0.303021
vt 0.223548 0.292593
vt 0.228828 0.317992
vt 0.245777 0.282990
vt 0.243964 0.278309
vt 0.249334 0.276499
vt 0.352028 0.109155
vt 0.350290 0.116778
vt 0.346477 0.108398
vt 0.347205 0.112301
vt 0.340068 0.366202
vt 0.237123 0.282996
vt 0.238434 0.280635
vt 0.375519 0.111327
vt 0.378113 0.123471
vt 0.359790 0.109146
vt 0.364724 0.109784
vt 0.231778 0.285529
vt 0.383320 0.111290
vt 0.224799 0.286790
vt 0.221789 0.285514
vt 0.250197 0.321738
vt 0.246339 0.337966
vt 0.242119 0.337134
vt 0.383869 0.124107
vt 0.225574 0.333681
vt 0.222548 0.322806
vt 0.220733 0.302500
vt 0.377263 0.109179
vt 0.218606 0.289058
vt 0.212825 0.290865
vt 0.385971 0.113348
vt 0.222131 0.338962
vt 0.212913 0.326456
vt 0.213926 0.310989
vt 0.204759 0.313291
vt 0.208213 0.299168
vt 0.206794 0.329061
vt 0.200880 0.328932
vt 0.196540 0.320825
vt 0.195436 0.334251
vt 0.198220 0.302414
vt 0.189070 0.308990
vt 0.193003 0.324991
vt 0.191215 0.320663
vt 0.203323 0.292641
vt 0.206133 0.291654
vt 0.209579 0.291454
vt 0.391591 0.134228
vt 0.394239 0.152220
vt 0.383710 0.137393
vt 0.382696 0.150472
vt 0.160494 0.043848
vt 0.163412 0.046267
vt 0.162564 0.054518
vt 0.167254 0.048419
vt 0.166827 0.062474
vt 0.177691 0.052920
vt 0.174756 0.047223
vt 0.159055 0.067839
vt 0.167878 0.073184
vt 0.160451 0.079633
vt 0.233588 0.741601
vt 0.226850 0.740403
vt 0.231101 0.749608
vt 0.365919 0.457936
vt 0.366066 0.470591
vt 0.363371 0.463754
vt 0.369288 0.460602
vt 0.369958 0.471290
vt 0.371493 0.466046
vt 0.162322 0.084159
vt 0.344846 0.307584
vt 0.340965 0.319998
vt 0.340133 0.312768
vt 0.372939 0.455396
vt 0.166173 0.080370
vt 0.231205 0.732422
vt 0.216748 0.720870
vt 0.216116 0.738844
vt 0.226940 0.719896
vt 0.169990 0.075569
vt 0.222345 0.706143
vt 0.218339 0.696638
vt 0.177820 0.046736
vt 0.185382 0.046539
vt 0.223208 0.684311
vt 0.223870 0.693933
vt 0.380711 0.139989
vt 0.373720 0.148083
vt 0.371996 0.138002
vt 0.183554 0.061213
vt 0.173835 0.072110
vt 0.226478 0.706670
vt 0.228024 0.714308
vt 0.225768 0.701479
vt 0.188894 0.052212
vt 0.178075 0.064544
vt 0.180431 0.066433
vt 0.465126 0.757004
vt 0.469356 0.758901
vt 0.468736 0.749598
vt 0.305234 0.274427
vt 0.302413 0.276920
vt 0.299728 0.265862
vt 0.316144 0.254001
vt 0.317035 0.264393
vt 0.312288 0.259679
vt 0.307483 0.271811
vt 0.330711 0.316018
vt 0.336963 0.303918
vt 0.340592 0.302032
vt 0.328628 0.305256
vt 0.324441 0.308276
vt 0.332775 0.304265
vt 0.256537 0.253070
vt 0.259619 0.251792
vt 0.264758 0.256472
vt 0.248157 0.245427
vt 0.250172 0.245783
vt 0.248708 0.248698
vt 0.348608 0.302576
vt 0.347271 0.307424
vt 0.347099 0.299847
vt 0.347445 0.335505
vt 0.346537 0.340073
vt 0.348315 0.338520
vt 0.348887 0.298660
vt 0.249763 0.255272
vt 0.248024 0.251044
vt 0.252665 0.256597
vt 0.368302 0.478294
vt 0.293070 0.271207
vt 0.282727 0.262093
vt 0.291422 0.254583
vt 0.275076 0.262356
vt 0.268804 0.253516
vt 0.273784 0.253842
vt 0.280586 0.253610
vt 0.274368 0.280533
vt 0.268335 0.270053
vt 0.285316 0.278169
vt 0.274930 0.288893
vt 0.265905 0.291406
vt 0.262616 0.281343
vt 0.297777 0.278074
vt 0.305169 0.257688
vt 0.287524 0.283404
vt 0.295670 0.250120
vt 0.145737 0.347920
vt 0.144907 0.356127
vt 0.135611 0.346206
vt 0.125579 0.339737
vt 0.122021 0.343044
vt 0.131964 0.349031
vt 0.127741 0.347441
vt 0.142884 0.331004
vt 0.300941 0.248091
vt 0.307652 0.249557
vt 0.304888 0.248152
vt 0.156534 0.079075
vt 0.155411 0.076974
vt 0.256860 0.264706
vt 0.362636 0.456544
vt 0.260367 0.267994
vt 0.256077 0.264946
vt 0.156018 0.066965
vt 0.163643 0.364891
vt 0.166313 0.360545
vt 0.166538 0.366892
vt 0.396630 0.139223
vt 0.394503 0.130961
vt 0.163338 0.352012
vt 0.157442 0.358086
vt 0.160818 0.370241
vt 0.257745 0.295602
vt 0.256515 0.288061
vt 0.159006 0.048637
vt 0.157832 0.056276
vt 0.257258 0.280113
vt 0.162883 0.340655
vt 0.155090 0.344185
vt 0.400375 0.148588
vt 0.398690 0.142355
vt 0.156137 0.365620
vt 0.153081 0.361271
vt 0.262546 0.292436
vt 0.151150 0.333211
vt 0.407553 0.478773
vt 0.413076 0.478362
vt 0.413099 0.485224
vt 0.416523 0.488138
vt 0.416815 0.481979
vt 0.420312 0.487777
vt 0.422004 0.484918
vt 0.059405 0.374129
vt 0.065907 0.382554
vt 0.064544 0.386139
vt 0.066754 0.370621
vt 0.071979 0.372530
vt 0.068617 0.379323
vt 0.058619 0.388173
vt 0.080772 0.352141
vt 0.079537 0.358311
vt 0.077175 0.353372
vt 0.078111 0.364014
vt 0.401400 0.481065
vt 0.402770 0.473602
vt 0.406708 0.490395
vt 0.403084 0.487170
vt 0.399196 0.475156
vt 0.074791 0.370659
vt 0.338196 0.326784
vt 0.226553 0.752945
vt 0.220979 0.746455
vt 0.217086 0.746769
vt 0.339976 0.341105
vt 0.335992 0.345510
vt 0.338743 0.336415
vt 0.212948 0.730000
vt 0.212764 0.738415
vt 0.339824 0.351809
vt 0.337175 0.351308
vt 0.119367 0.290771
vt 0.117056 0.284630
vt 0.119764 0.277288
vt 0.332969 0.332945
vt 0.126076 0.291389
vt 0.126039 0.298581
vt 0.116545 0.293380
vt 0.460956 0.142690
vt 0.457037 0.135057
vt 0.463013 0.134393
vt 0.463270 0.120366
vt 0.117940 0.299743
vt 0.453615 0.142293
vt 0.115350 0.297879
vt 0.222967 0.750606
vt 0.316416 0.304583
vt 0.317562 0.314120
vt 0.306521 0.315982
vt 0.309008 0.302808
vt 0.298696 0.307429
vt 0.324487 0.325571
vt 0.138445 0.282029
vt 0.128454 0.279428
vt 0.136432 0.265586
vt 0.144197 0.265858
vt 0.139808 0.257621
vt 0.143085 0.257073
vt 0.149570 0.278749
vt 0.157288 0.263576
vt 0.120873 0.264638
vt 0.464883 0.125458
vt 0.118706 0.269882
vt 0.465474 0.120836
vt 0.129272 0.262529
vt 0.167316 0.277829
vt 0.171205 0.267230
vt 0.173725 0.273949
vt 0.163015 0.276462
vt 0.115699 0.264359
vt 0.111017 0.257493
vt 0.116569 0.256171
vt 0.117817 0.268356
vt 0.120248 0.253120
vt 0.152039 0.255082
vt 0.145816 0.257024
vt 0.327652 0.340961
vt 0.317589 0.330820
vt 0.317403 0.337995
vt 0.311592 0.334672
vt 0.302755 0.300418
vt 0.299106 0.299276
vt 0.291294 0.297894
vt 0.292513 0.308451
vt 0.131290 0.293258
vt 0.139909 0.290005
vt 0.146284 0.286845
vt 0.167812 0.257778
vt 0.160958 0.254518
vt 0.178522 0.257449
vt 0.304439 0.331275
vt 0.153736 0.284028
vt 0.284677 0.301701
vt 0.283194 0.309344
vt 0.279721 0.301726
vt 0.277535 0.303524
vt 0.275745 0.310487
vt 0.296103 0.324207
vt 0.290888 0.319426
vt 0.182646 0.251638
vt 0.186056 0.259859
vt 0.284566 0.319539
vt 0.279664 0.315704
vt 0.178717 0.270313
vt 0.182428 0.266879
vt 0.288026 0.299596
vt 0.287520 0.249973
vt 0.295992 0.297765
vt 0.310418 0.247370
vt 0.298483 0.247112
vt 0.259876 0.341267
vt 0.258194 0.339763
vt 0.262004 0.338372
vt 0.443639 0.223832
vt 0.436549 0.208750
vt 0.445372 0.212207
vt 0.432975 0.226090
vt 0.430152 0.209993
vt 0.440796 0.249731
vt 0.435621 0.248421
vt 0.439092 0.238431
vt 0.422584 0.245387
vt 0.418411 0.234662
vt 0.428689 0.238466
vt 0.425995 0.246699
vt 0.428659 0.250013
vt 0.426412 0.224550
vt 0.214908 0.571899
vt 0.207308 0.579776
vt 0.213121 0.590898
vt 0.209619 0.557480
vt 0.202540 0.566806
vt 0.203886 0.580043
vt 0.206131 0.591135
vt 0.203861 0.587034
vt 0.416821 0.247723
vt 0.414089 0.242634
vt 0.211957 0.614446
vt 0.205277 0.607791
vt 0.207182 0.619853
vt 0.217026 0.608739
vt 0.028121 0.873646
vt 0.024656 0.882067
vt 0.021201 0.872253
vt 0.211873 0.525722
vt 0.209785 0.532715
vt 0.212557 0.536387
vt 0.021004 0.884495
vt 0.020504 0.879316
vt 0.032713 0.883107
vt 0.032338 0.872452
vt 0.036772 0.875545
vt 0.223248 0.541201
vt 0.215061 0.543735
vt 0.216756 0.547845
vt 0.024224 0.870301
vt 0.216980 0.517309
vt 0.214303 0.518722
vt 0.217040 0.512343
vt 0.223232 0.515181
vt 0.221299 0.506339
vt 0.264236 0.587215
vt 0.261806 0.595487
vt 0.260784 0.589500
vt 0.255747 0.586779
vt 0.257492 0.595132
vt 0.254506 0.591939
vt 0.254605 0.584270
vt 0.254548 0.590096
vt 0.259037 0.599754
vt 0.255181 0.579609
vt 0.224508 0.501999
vt 0.230362 0.502617
vt 0.229219 0.496341
vt 0.207887 0.550364
vt 0.203044 0.542384
vt 0.030230 0.888489
vt 0.037010 0.880512
vt 0.035473 0.885264
vt 0.255500 0.601137
vt 0.038690 0.852723
vt 0.038290 0.859875
vt 0.033360 0.856875
vt 0.026495 0.850861
vt 0.028951 0.858030
vt 0.023467 0.855905
vt 0.020517 0.850173
vt 0.442359 0.198736
vt 0.436317 0.197679
vt 0.030884 0.851970
vt 0.425236 0.213315
vt 0.417598 0.220579
vt 0.412045 0.238086
vt 0.466004 0.693911
vt 0.465780 0.699826
vt 0.467914 0.694741
vt 0.468696 0.705576
vt 0.412072 0.229573
vt 0.471275 0.694420
vt 0.198113 0.559398
vt 0.198540 0.566159
vt 0.464717 0.711372
vt 0.199558 0.549471
vt 0.465468 0.728546
vt 0.463950 0.720494
vt 0.202123 0.534656
vt 0.200386 0.537584
vt 0.200334 0.529314
vt 0.451972 0.319355
vt 0.451066 0.313075
vt 0.457226 0.316247
vt 0.452912 0.322337
vt 0.454582 0.322616
vt 0.448359 0.315735
vt 0.459681 0.322482
vt 0.464581 0.320806
vt 0.466102 0.313266
vt 0.194009 0.346149
vt 0.197324 0.343590
vt 0.198042 0.349022
vt 0.194919 0.349639
vt 0.468029 0.316636
vt 0.062245 0.408354
vt 0.064756 0.406658
vt 0.065274 0.410108
vt 0.402986 0.229895
vt 0.396683 0.216204
vt 0.402663 0.209533
vt 0.411168 0.212068
vt 0.411960 0.228127
vt 0.389340 0.216862
vt 0.395200 0.230425
vt 0.058804 0.355845
vt 0.063893 0.354887
vt 0.391891 0.225059
vt 0.409649 0.204393
vt 0.395955 0.201748
vt 0.403038 0.203809
vt 0.387254 0.203330
vt 0.398396 0.201923
vt 0.070329 0.351547
vt 0.066828 0.347586
vt 0.406420 0.473419
vt 0.409675 0.474682
vt 0.386226 0.211274
vt 0.384300 0.206086
vt 0.382791 0.199414
vt 0.425794 0.198190
vt 0.428734 0.199203
vt 0.423041 0.201882
vt 0.418027 0.206408
vt 0.042108 0.854622
vt 0.076577 0.342201
vt 0.386798 0.192947
vt 0.472133 0.703420
vt 0.408123 0.229598
vt 0.401206 0.241300
vt 0.403331 0.237024
vt 0.398777 0.238505
vt 0.473572 0.700048
vt 0.406247 0.232946
vt 0.471747 0.713562
vt 0.423325 0.492370
vt 0.425524 0.489167
vt 0.459624 0.309821
vt 0.454273 0.309008
vt 0.462693 0.308968
vt 0.049030 0.367130
vt 0.054201 0.377930
vt 0.051780 0.379096
vt 0.451781 0.309092
vt 0.055411 0.382780
vt 0.037494 0.350166
vt 0.039775 0.354823
vt 0.036698 0.364347
vt 0.041951 0.348668
vt 0.046091 0.355704
vt 0.415483 0.201708
vt 0.418713 0.200595
vt 0.052932 0.353693
vt 0.079601 0.342671
vt 0.384289 0.191854
vt 0.081411 0.344912
vt 0.381889 0.192333
vt 0.469653 0.731467
vt 0.471602 0.720688
vt 0.466749 0.735678
vt 0.426738 0.495037
vt 0.428625 0.492285
vt 0.472898 0.725139
vt 0.097434 0.195143
vt 0.099011 0.190137
vt 0.094834 0.190057
vt 0.412022 0.124993
vt 0.410723 0.114257
vt 0.413179 0.114951
vt 0.409647 0.123259
vt 0.408207 0.124152
vt 0.407212 0.127825
vt 0.098408 0.198965
vt 0.450038 0.200506
vt 0.449060 0.206150
vt 0.210038 0.634942
vt 0.205700 0.641662
vt 0.207435 0.647035
vt 0.202786 0.646064
vt 0.420462 0.128307
vt 0.411861 0.137440
vt 0.450578 0.217134
vt 0.452243 0.221565
vt 0.448508 0.212548
vt 0.446825 0.233961
vt 0.453463 0.229820
vt 0.408821 0.132218
vt 0.205728 0.630145
vt 0.204819 0.636235
vt 0.445895 0.245760
vt 0.450172 0.243930
vt 0.453773 0.237904
vt 0.417253 0.117829
vt 0.218650 0.625323
vt 0.099280 0.184591
vt 0.447796 0.193897
vt 0.451988 0.192715
vt 0.393605 0.162228
vt 0.387214 0.160445
vt 0.459769 0.113365
vt 0.461077 0.114276
vt 0.454159 0.123349
vt 0.453757 0.116651
vt 0.448577 0.122287
vt 0.213259 0.715314
vt 0.213660 0.693187
vt 0.213400 0.701838
vt 0.432988 0.152089
vt 0.426891 0.149392
vt 0.434497 0.138830
vt 0.437494 0.146165
vt 0.441692 0.133584
vt 0.441919 0.147319
vt 0.445932 0.138320
vt 0.367184 0.166764
vt 0.366111 0.150626
vt 0.360667 0.164025
vt 0.382715 0.160287
vt 0.377082 0.160740
vt 0.428882 0.131989
vt 0.371666 0.164537
vt 0.443909 0.124882
vt 0.438311 0.128486
vt 0.432452 0.125878
vt 0.425929 0.123596
vt 0.367004 0.174365
vt 0.421792 0.138684
vt 0.362707 0.176200
vt 0.218115 0.858376
vt 0.216723 0.851137
vt 0.221918 0.854867
vt 0.172609 0.320120
vt 0.172082 0.325224
vt 0.169607 0.328985
vt 0.166818 0.323331
vt 0.162341 0.332456
vt 0.110218 0.250336
vt 0.165291 0.319905
vt 0.163741 0.324797
vt 0.222679 0.847695
vt 0.171915 0.317023
vt 0.216725 0.845668
vt 0.220831 0.858430
vt 0.116603 0.250491
vt 0.214182 0.849430
vt 0.108529 0.251565
vt 0.119085 0.333629
vt 0.313698 0.268367
vt 0.311779 0.271856
vt 0.310393 0.271466
vt 0.114318 0.338160
vt 0.113027 0.333748
vt 0.098624 0.318609
vt 0.104000 0.321593
vt 0.101969 0.327259
vt 0.097514 0.323974
vt 0.321497 0.261062
vt 0.143640 0.321928
vt 0.140203 0.322576
vt 0.130058 0.255693
vt 0.134348 0.256396
vt 0.148240 0.322746
vt 0.152696 0.322655
vt 0.128157 0.328551
vt 0.137596 0.329789
vt 0.124752 0.254611
vt 0.224936 0.852090
vt 0.158744 0.322205
vt 0.470172 0.449287
vt 0.468957 0.443873
vt 0.467978 0.464348
vt 0.470734 0.442186
vt 0.470952 0.463953
vt 0.171919 0.251110
vt 0.471421 0.479008
vt 0.469371 0.482867
vt 0.165649 0.250798
vt 0.400354 0.164467
vt 0.165611 0.348389
vt 0.168925 0.335303
vt 0.167768 0.334911
vt 0.403126 0.155199
vt 0.401494 0.160961
vt 0.412474 0.146192
vt 0.215216 0.664424
vt 0.208642 0.661975
vt 0.216730 0.642008
vt 0.201843 0.652282
vt 0.421627 0.152421
vt 0.220896 0.674905
vt 0.213998 0.683680
vt 0.221979 0.656792
vt 0.209715 0.672765
vt 0.349429 0.168538
vt 0.347509 0.158708
vt 0.349810 0.151734
vt 0.352171 0.172913
vt 0.358817 0.176748
vt 0.003016 0.362259
vt 0.009900 0.364998
vt 0.007592 0.370998
vt 0.004811 0.356960
vt 0.421681 0.121719
vt 0.420482 0.118033
vt 0.222719 0.639055
vt 0.009141 0.353736
vt 0.012655 0.358651
vt 0.019312 0.377968
vt 0.026265 0.383748
vt 0.024278 0.395658
vt 0.034451 0.393038
vt 0.023401 0.366759
vt 0.010242 0.390380
vt 0.009587 0.378466
vt 0.015455 0.388328
vt 0.017301 0.402965
vt 0.023901 0.402499
vt 0.029212 0.403464
vt 0.033773 0.401321
vt 0.230068 0.341272
vt 0.226502 0.341668
vt 0.098453 0.181118
vt 0.094870 0.184450
vt 0.012525 0.347645
vt 0.017059 0.351404
vt 0.015907 0.360373
vt 0.016849 0.850597
vt 0.018479 0.855638
vt 0.015159 0.852303
vt 0.091080 0.190755
vt 0.023785 0.354354
vt 0.028450 0.354561
vt 0.032718 0.355713
vt 0.029991 0.368607
vt 0.012136 0.354429
vt 0.454467 0.997219
vt 0.450282 0.996555
vt 0.453937 0.994964
vt 0.227865 0.654481
vt 0.226433 0.662546
vt 0.466620 0.780180
vt 0.465717 0.790659
vt 0.469666 0.784571
vt 0.226435 0.668721
vt 0.464689 0.769898
vt 0.470014 0.768171
vt 0.469609 0.777658
vt 0.468716 0.793163
vt 0.224617 0.675996
vt 0.225292 0.644244
vt 0.463244 0.802351
vt 0.464945 0.800907
vt 0.462712 0.830673
vt 0.462820 0.827656
vt 0.459694 0.803347
vt 0.226197 0.578887
vt 0.221957 0.584267
vt 0.226501 0.585970
vt 0.224003 0.564264
vt 0.390810 0.116223
vt 0.226866 0.550312
vt 0.188403 0.315520
vt 0.187001 0.310671
vt 0.232064 0.521262
vt 0.227547 0.526650
vt 0.231583 0.529718
vt 0.191925 0.283824
vt 0.185950 0.287759
vt 0.185702 0.278894
vt 0.196050 0.288845
vt 0.235150 0.506635
vt 0.230267 0.536799
vt 0.228903 0.544850
vt 0.199220 0.291216
vt 0.184965 0.302273
vt 0.182096 0.276389
vt 0.179964 0.278891
vt 0.181904 0.288531
vt 0.460647 0.783426
vt 0.191321 0.046319
vt 0.363729 0.137092
vt 0.458045 0.767251
vt 0.462376 0.762342
vt 0.359876 0.147355
vt 0.357491 0.137498
vt 0.013710 0.400445
vt 0.346602 0.146812
vt 0.010835 0.401164
vt 0.455163 0.788809
vt 0.452924 0.796499
vt 0.454916 0.795539
vt 0.457267 0.796976
vt 0.455863 0.801200
vt 0.376391 0.200165
vt 0.375103 0.187600
vt 0.374832 0.200719
vt 0.455723 0.777918
vt 0.347893 0.137063
vt 0.350940 0.132491
vt 0.249254 0.331163
vt 0.249104 0.336863
vt 0.347836 0.130619
vt 0.217480 0.556481
vt 0.218703 0.551258
vt 0.215652 0.557597
vt 0.213195 0.555232
vt 0.215117 0.554327
vt 0.019447 0.868908
vt 0.017642 0.871525
vt 0.235828 0.499081
vt 0.232548 0.496854
vt 0.182531 0.295558
vt 0.233763 0.495318
vt 0.034634 0.380402
vt 0.220971 0.343453
vt 0.209421 0.342004
vt 0.214642 0.348543
vt 0.210444 0.350894
vt 0.041343 0.376732
vt 0.040714 0.391076
vt 0.048729 0.383470
vt 0.050384 0.393794
vt 0.051806 0.387349
vt 0.038293 0.403026
vt 0.035316 0.404923
vt 0.045471 0.403166
vt 0.050279 0.402555
vt 0.053609 0.403013
vt 0.053544 0.394057
vt 0.058389 0.406053
vt 0.201698 0.347814
vt 0.207139 0.351531
vt 0.193582 0.328317
vt 0.109372 0.328151
vt 0.109341 0.334690
vt 0.105449 0.332266
vt 0.115589 0.321794
vt 0.121300 0.320857
vt 0.108301 0.321331
vt 0.111794 0.319605
vt 0.168654 0.249557
vt 0.173455 0.248843
vt 0.176921 0.248764
vt 0.327627 0.254899
vt 0.324242 0.256534
vt 0.326773 0.253448
vt 0.319491 0.251204
vt 0.276616 0.339282
vt 0.272703 0.337299
vt 0.277260 0.334115
vt 0.187148 0.254693
vt 0.189131 0.258727
vt 0.094357 0.318743
vt 0.266454 0.341450
vt 0.269445 0.336473
vt 0.273528 0.304549
vt 0.271468 0.307557
vt 0.279325 0.331745
vt 0.280244 0.333508
vt 0.187398 0.263371
vt 0.265191 0.336161
vt 0.370027 0.031825
vt 0.370590 0.038461
vt 0.364088 0.033080
vt 0.216620 0.469832
vt 0.222191 0.459908
vt 0.219805 0.469705
vt 0.224804 0.472971
vt 0.039581 0.145069
vt 0.041555 0.151533
vt 0.034874 0.147055
vt 0.282171 0.677134
vt 0.274755 0.660292
vt 0.280521 0.663274
vt 0.285107 0.671639
vt 0.047515 0.151837
vt 0.042138 0.141935
vt 0.044620 0.144979
vt 0.204865 0.443966
vt 0.208103 0.447274
vt 0.207843 0.458108
vt 0.199345 0.449431
vt 0.264948 0.635895
vt 0.267484 0.634140
vt 0.266176 0.643001
vt 0.270874 0.651470
vt 0.453044 0.703362
vt 0.446243 0.701578
vt 0.446586 0.715374
vt 0.450238 0.696393
vt 0.452374 0.689886
vt 0.447180 0.694723
vt 0.444149 0.698419
vt 0.056404 0.748458
vt 0.054723 0.752823
vt 0.060541 0.755789
vt 0.164445 0.200005
vt 0.163330 0.197336
vt 0.163754 0.191442
vt 0.165624 0.191962
vt 0.058031 0.742727
vt 0.060683 0.746119
vt 0.358874 0.037110
vt 0.361083 0.024660
vt 0.369307 0.027434
vt 0.453780 0.716584
vt 0.448701 0.722877
vt 0.457431 0.710823
vt 0.351862 0.032828
vt 0.446794 0.739788
vt 0.442766 0.738271
vt 0.444101 0.752580
vt 0.448044 0.730944
vt 0.346689 0.034894
vt 0.347965 0.028033
vt 0.341753 0.027773
vt 0.355346 0.041456
vt 0.350772 0.040774
vt 0.436891 0.707561
vt 0.439926 0.721432
vt 0.439187 0.697850
vt 0.167137 0.190728
vt 0.168095 0.195851
vt 0.468863 0.221771
vt 0.469920 0.216785
vt 0.467552 0.212419
vt 0.442451 0.692850
vt 0.260114 0.012279
vt 0.265605 0.012800
vt 0.261898 0.015092
vt 0.439489 0.689370
vt 0.238529 0.480718
vt 0.237321 0.489993
vt 0.233162 0.486195
vt 0.432510 0.689779
vt 0.241101 0.491109
vt 0.436668 0.682598
vt 0.270064 0.011988
vt 0.271508 0.015550
vt 0.438763 0.737457
vt 0.434948 0.724399
vt 0.434004 0.717113
vt 0.130275 0.520839
vt 0.137231 0.538073
vt 0.129065 0.513346
vt 0.135859 0.511349
vt 0.426879 0.688437
vt 0.422672 0.688100
vt 0.426427 0.698261
vt 0.430830 0.669036
vt 0.425255 0.665187
vt 0.460803 0.700363
vt 0.231903 0.461261
vt 0.456976 0.691911
vt 0.231088 0.477659
vt 0.230936 0.448757
vt 0.218075 0.449576
vt 0.206736 0.465890
vt 0.202315 0.461055
vt 0.210860 0.473575
vt 0.214974 0.454150
vt 0.103375 0.193395
vt 0.107105 0.194173
vt 0.106218 0.202782
vt 0.214291 0.449064
vt 0.272672 0.644736
vt 0.271064 0.633291
vt 0.274029 0.649139
vt 0.213953 0.474248
vt 0.275716 0.653933
vt 0.036540 0.137294
vt 0.032495 0.139902
vt 0.228327 0.481266
vt 0.236222 0.451030
vt 0.242277 0.453495
vt 0.289617 0.692691
vt 0.284705 0.686719
vt 0.287637 0.692793
vt 0.296955 0.694492
vt 0.290627 0.681419
vt 0.242675 0.468798
vt 0.243340 0.446662
vt 0.249097 0.444984
vt 0.298993 0.703696
vt 0.295094 0.702552
vt 0.243790 0.487175
vt 0.248858 0.462250
vt 0.249665 0.471036
vt 0.250203 0.452670
vt 0.252896 0.444782
vt 0.298220 0.708126
vt 0.244928 0.494557
vt 0.252576 0.459509
vt 0.164570 0.156875
vt 0.165179 0.147971
vt 0.168329 0.153369
vt 0.201715 0.443047
vt 0.198530 0.377040
vt 0.199435 0.362648
vt 0.201948 0.368558
vt 0.199262 0.441007
vt 0.197195 0.441694
vt 0.263270 0.619304
vt 0.263190 0.628745
vt 0.262179 0.626313
vt 0.265838 0.621579
vt 0.260772 0.618033
vt 0.268386 0.626110
vt 0.202369 0.373598
vt 0.007601 0.415111
vt 0.005089 0.411971
vt 0.007901 0.410843
vt 0.028499 0.131488
vt 0.029730 0.141581
vt 0.024720 0.133584
vt 0.239845 0.372036
vt 0.238112 0.376066
vt 0.235595 0.373353
vt 0.031115 0.133134
vt 0.182102 0.443294
vt 0.187090 0.439519
vt 0.185128 0.447983
vt 0.163433 0.174617
vt 0.168504 0.163164
vt 0.165292 0.172682
vt 0.163013 0.167429
vt 0.160708 0.160327
vt 0.136346 0.685965
vt 0.138004 0.673387
vt 0.144110 0.684407
vt 0.354510 0.023497
vt 0.139527 0.671699
vt 0.143659 0.671782
vt 0.133798 0.673123
vt 0.359238 0.020985
vt 0.365989 0.023125
vt 0.369267 0.025684
vt 0.130053 0.673288
vt 0.126005 0.679412
vt 0.105732 0.039635
vt 0.098658 0.041692
vt 0.102601 0.046996
vt 0.350745 0.028384
vt 0.441581 0.766758
vt 0.438197 0.764517
vt 0.438913 0.776943
vt 0.443383 0.763467
vt 0.439018 0.758824
vt 0.335963 0.020857
vt 0.333386 0.021626
vt 0.333982 0.019171
vt 0.443410 0.778035
vt 0.338179 0.023884
vt 0.098158 0.048121
vt 0.089862 0.040456
vt 0.094926 0.046881
vt 0.093527 0.032747
vt 0.087863 0.037506
vt 0.086360 0.027929
vt 0.353024 0.020970
vt 0.090558 0.025134
vt 0.127185 0.478865
vt 0.136974 0.490259
vt 0.131005 0.470719
vt 0.127844 0.496098
vt 0.142260 0.522135
vt 0.143347 0.539047
vt 0.146154 0.554240
vt 0.420649 0.675774
vt 0.139641 0.550904
vt 0.141464 0.563063
vt 0.144276 0.574770
vt 0.418699 0.664049
vt 0.150104 0.571603
vt 0.151959 0.565006
vt 0.126583 0.674321
vt 0.108336 0.208534
vt 0.112059 0.203651
vt 0.111262 0.214168
vt 0.434934 0.068265
vt 0.437112 0.070786
vt 0.431605 0.069770
vt 0.199982 0.462477
vt 0.196178 0.460285
vt 0.438185 0.075938
vt 0.436103 0.077883
vt 0.116064 0.215215
vt 0.431697 0.075637
vt 0.118748 0.208475
vt 0.428478 0.072787
vt 0.123235 0.685001
vt 0.126497 0.688592
vt 0.111611 0.194952
vt 0.195714 0.446835
vt 0.192496 0.461434
vt 0.051483 0.472718
vt 0.048590 0.470690
vt 0.050721 0.466274
vt 0.063098 0.465965
vt 0.061530 0.462030
vt 0.066232 0.461165
vt 0.060672 0.470038
vt 0.423789 0.066274
vt 0.427417 0.067553
vt 0.022097 0.427054
vt 0.018635 0.428910
vt 0.019378 0.423880
vt 0.023919 0.431522
vt 0.191285 0.449638
vt 0.188688 0.463272
vt 0.056177 0.469418
vt 0.055591 0.475504
vt 0.016242 0.422890
vt 0.013214 0.415153
vt 0.175444 0.550918
vt 0.171631 0.551426
vt 0.173852 0.544554
vt 0.171151 0.557598
vt 0.171287 0.554163
vt 0.465873 0.240404
vt 0.462325 0.233000
vt 0.460822 0.233491
vt 0.459259 0.230873
vt 0.460744 0.240777
vt 0.172710 0.590143
vt 0.178669 0.566005
vt 0.177378 0.582389
vt 0.174481 0.572047
vt 0.170740 0.579541
vt 0.431857 0.658676
vt 0.427181 0.652560
vt 0.461519 0.262322
vt 0.466650 0.269208
vt 0.461923 0.253208
vt 0.463881 0.270788
vt 0.429384 0.649190
vt 0.469752 0.271864
vt 0.468909 0.258974
vt 0.180101 0.554737
vt 0.170979 0.565885
vt 0.466335 0.251414
vt 0.468716 0.240599
vt 0.433775 0.668009
vt 0.435145 0.675958
vt 0.464827 0.279591
vt 0.125232 0.063874
vt 0.122726 0.058005
vt 0.127305 0.058790
vt 0.334342 0.663436
vt 0.326742 0.670028
vt 0.325564 0.664884
vt 0.335711 0.673565
vt 0.117008 0.059561
vt 0.135654 0.659342
vt 0.121980 0.660499
vt 0.129064 0.655356
vt 0.134424 0.665299
vt 0.318705 0.673724
vt 0.311578 0.676319
vt 0.311128 0.669718
vt 0.324874 0.676978
vt 0.317527 0.668600
vt 0.114237 0.655355
vt 0.322148 0.667068
vt 0.354941 0.655071
vt 0.352903 0.649011
vt 0.355278 0.645592
vt 0.349988 0.655629
vt 0.426114 0.268747
vt 0.427647 0.260777
vt 0.429645 0.268716
vt 0.159224 0.648606
vt 0.157002 0.653480
vt 0.154720 0.645646
vt 0.346749 0.666599
vt 0.163507 0.638400
vt 0.152068 0.653691
vt 0.344979 0.661944
vt 0.142737 0.653212
vt 0.259254 0.148461
vt 0.271553 0.148289
vt 0.268242 0.147917
vt 0.260689 0.154151
vt 0.170940 0.613765
vt 0.169291 0.627602
vt 0.165992 0.622459
vt 0.168692 0.635291
vt 0.270038 0.156402
vt 0.274385 0.153163
vt 0.274662 0.144393
vt 0.278005 0.145916
vt 0.162990 0.646180
vt 0.119586 0.499277
vt 0.123036 0.498955
vt 0.122887 0.491367
vt 0.122463 0.508934
vt 0.118194 0.511193
vt 0.345180 0.653238
vt 0.340903 0.660620
vt 0.065482 0.978358
vt 0.069423 0.970877
vt 0.068454 0.978451
vt 0.071956 0.977372
vt 0.077223 0.971080
vt 0.146095 0.658103
vt 0.142086 0.663287
vt 0.121817 0.520145
vt 0.117377 0.528939
vt 0.121067 0.527908
vt 0.120383 0.542693
vt 0.426398 0.590845
vt 0.425865 0.608771
vt 0.431640 0.592078
vt 0.245325 0.153845
vt 0.250840 0.153489
vt 0.241382 0.143641
vt 0.246609 0.143941
vt 0.174008 0.610107
vt 0.420643 0.645042
vt 0.257591 0.160489
vt 0.264905 0.160779
vt 0.424877 0.634323
vt 0.427475 0.643378
vt 0.168850 0.599985
vt 0.167843 0.608671
vt 0.467322 0.289822
vt 0.469555 0.285569
vt 0.470270 0.294695
vt 0.426975 0.623912
vt 0.420106 0.621391
vt 0.433310 0.262544
vt 0.433345 0.257245
vt 0.428759 0.615003
vt 0.470653 0.278917
vt 0.437263 0.259353
vt 0.422630 0.260867
vt 0.429993 0.610878
vt 0.131559 0.064161
vt 0.135996 0.062315
vt 0.134168 0.057388
vt 0.438247 0.582616
vt 0.435265 0.591093
vt 0.433519 0.599748
vt 0.035099 0.950804
vt 0.034681 0.942242
vt 0.038079 0.946551
vt 0.025505 0.948469
vt 0.026025 0.954209
vt 0.024496 0.941054
vt 0.139166 0.639166
vt 0.147976 0.635792
vt 0.148506 0.641437
vt 0.154972 0.742910
vt 0.159246 0.741841
vt 0.157046 0.751137
vt 0.158052 0.734199
vt 0.071790 0.768537
vt 0.074422 0.761308
vt 0.074184 0.772835
vt 0.015149 0.823595
vt 0.023591 0.828985
vt 0.016648 0.827886
vt 0.017462 0.830705
vt 0.025051 0.820471
vt 0.150285 0.741827
vt 0.152126 0.745098
vt 0.149218 0.747325
vt 0.070707 0.760741
vt 0.074114 0.761339
vt 0.068627 0.760999
vt 0.070103 0.764133
vt 0.475023 0.246461
vt 0.476064 0.238150
vt 0.473159 0.235282
vt 0.069122 0.778273
vt 0.073076 0.779794
vt 0.068400 0.779623
vt 0.018916 0.924912
vt 0.024357 0.924864
vt 0.021510 0.929346
vt 0.025360 0.930458
vt 0.024990 0.920952
vt 0.034298 0.918146
vt 0.034485 0.925580
vt 0.153363 0.735711
vt 0.160936 0.733579
vt 0.076940 0.765393
vt 0.077051 0.773380
vt 0.069871 0.776853
vt 0.070951 0.773375
vt 0.075327 0.784792
vt 0.081269 0.766212
vt 0.082862 0.775021
vt 0.078976 0.783555
vt 0.082490 0.782365
vt 0.037103 0.931104
vt 0.037821 0.924414
vt 0.039007 0.926063
vt 0.073667 0.785199
vt 0.085196 0.782279
vt 0.038729 0.946008
vt 0.045500 0.931782
vt 0.047468 0.945347
vt 0.051243 0.936107
vt 0.051399 0.932066
vt 0.032135 0.810165
vt 0.032309 0.829217
vt 0.025159 0.832324
vt 0.037473 0.825746
vt 0.034501 0.831241
vt 0.047461 0.826539
vt 0.042699 0.831719
vt 0.040015 0.816603
vt 0.086945 0.766481
vt 0.083666 0.762762
vt 0.080380 0.824660
vt 0.077347 0.831367
vt 0.068409 0.830116
vt 0.124522 0.767174
vt 0.129737 0.766478
vt 0.122596 0.771174
vt 0.103442 0.926661
vt 0.099297 0.931383
vt 0.089205 0.926822
vt 0.118119 0.768254
vt 0.067447 0.930140
vt 0.072200 0.930364
vt 0.070909 0.936487
vt 0.062657 0.931985
vt 0.095474 0.776482
vt 0.098409 0.778616
vt 0.094366 0.779833
vt 0.095828 0.770402
vt 0.099970 0.774469
vt 0.052783 0.819573
vt 0.062675 0.821549
vt 0.057951 0.832166
vt 0.107919 0.770775
vt 0.115273 0.774889
vt 0.106354 0.774912
vt 0.084051 0.929811
vt 0.091219 0.935852
vt 0.109522 0.767286
vt 0.099727 0.768333
vt 0.069853 0.821672
vt 0.080977 0.925294
vt 0.074527 0.925864
vt 0.091020 0.775668
vt 0.090936 0.781141
vt 0.051488 0.830286
vt 0.053498 0.832530
vt 0.091222 0.766216
vt 0.093695 0.768090
vt 0.051917 0.929702
vt 0.055250 0.929934
vt 0.056261 0.943836
vt 0.043124 0.200526
vt 0.031772 0.203181
vt 0.037480 0.196465
vt 0.040235 0.208233
vt 0.030021 0.194219
vt 0.013716 0.738716
vt 0.016145 0.748469
vt 0.020995 0.753344
vt 0.307316 0.592198
vt 0.307013 0.604359
vt 0.303453 0.594094
vt 0.019094 0.743132
vt 0.318806 0.356298
vt 0.324850 0.357854
vt 0.327622 0.361646
vt 0.029577 0.253896
vt 0.026358 0.259783
vt 0.023409 0.254916
vt 0.019801 0.253506
vt 0.325409 0.362713
vt 0.321381 0.363755
vt 0.354444 0.440057
vt 0.354122 0.434038
vt 0.359015 0.436330
vt 0.349584 0.438448
vt 0.022956 0.259919
vt 0.024275 0.718675
vt 0.026764 0.732828
vt 0.024735 0.718679
vt 0.470497 0.123506
vt 0.471429 0.131247
vt 0.471455 0.116861
vt 0.028290 0.726799
vt 0.025389 0.264793
vt 0.468613 0.141405
vt 0.470013 0.144170
vt 0.030494 0.268038
vt 0.368428 0.422644
vt 0.369945 0.439129
vt 0.360264 0.443358
vt 0.362285 0.425384
vt 0.033730 0.745557
vt 0.473071 0.145943
vt 0.029687 0.747195
vt 0.471747 0.148047
vt 0.026305 0.749506
vt 0.027329 0.763946
vt 0.028776 0.751749
vt 0.033396 0.759290
vt 0.020005 0.180474
vt 0.012951 0.185926
vt 0.014552 0.174616
vt 0.017623 0.190775
vt 0.408581 0.569390
vt 0.400488 0.569369
vt 0.403521 0.585433
vt 0.011256 0.182452
vt 0.011963 0.177819
vt 0.243411 0.719294
vt 0.242771 0.728899
vt 0.239988 0.723174
vt 0.053540 0.601521
vt 0.057032 0.605783
vt 0.053309 0.609001
vt 0.048820 0.625188
vt 0.044382 0.638867
vt 0.040712 0.632852
vt 0.050604 0.638237
vt 0.047608 0.644790
vt 0.053998 0.625901
vt 0.056602 0.613693
vt 0.056660 0.623798
vt 0.033458 0.211436
vt 0.027776 0.210264
vt 0.024936 0.208909
vt 0.022081 0.200580
vt 0.383371 0.265924
vt 0.382980 0.253631
vt 0.381277 0.263743
vt 0.384426 0.260915
vt 0.256689 0.732389
vt 0.252681 0.732168
vt 0.254089 0.726704
vt 0.396912 0.588037
vt 0.396876 0.581184
vt 0.394815 0.590941
vt 0.250041 0.729026
vt 0.380706 0.273194
vt 0.383039 0.273919
vt 0.376721 0.430748
vt 0.383574 0.431574
vt 0.382203 0.443384
vt 0.059695 0.647824
vt 0.056078 0.660020
vt 0.050487 0.655149
vt 0.066212 0.669205
vt 0.022921 0.745542
vt 0.026238 0.188309
vt 0.247483 0.721757
vt 0.245904 0.730114
vt 0.398730 0.575659
vt 0.381913 0.280102
vt 0.372343 0.424641
vt 0.056805 0.639020
vt 0.032696 0.771357
vt 0.050988 0.614958
vt 0.415451 0.570055
vt 0.415484 0.576835
vt 0.405092 0.564011
vt 0.237172 0.719649
vt 0.237236 0.723690
vt 0.403060 0.564526
vt 0.057395 0.630640
vt 0.053382 0.284292
vt 0.051301 0.285286
vt 0.052817 0.273220
vt 0.050021 0.279837
vt 0.106807 0.680007
vt 0.101962 0.678190
vt 0.105712 0.676260
vt 0.413641 0.561684
vt 0.409885 0.559880
vt 0.417097 0.566158
vt 0.099669 0.675857
vt 0.396387 0.447838
vt 0.064077 0.676228
vt 0.068701 0.661926
vt 0.006215 0.332389
vt 0.010756 0.324802
vt 0.006474 0.318541
vt 0.012317 0.333626
vt 0.009059 0.332986
vt 0.012593 0.317994
vt 0.394323 0.435570
vt 0.065419 0.269563
vt 0.059222 0.279169
vt 0.067340 0.681933
vt 0.398511 0.438080
vt 0.073849 0.683114
vt 0.403120 0.439834
vt 0.071500 0.687666
vt 0.307491 0.707485
vt 0.320662 0.710183
vt 0.312372 0.718005
vt 0.313895 0.704787
vt 0.449537 0.483097
vt 0.440941 0.492850
vt 0.443603 0.483917
vt 0.446870 0.478196
vt 0.061297 0.070045
vt 0.055899 0.070219
vt 0.058708 0.068238
vt 0.444711 0.498518
vt 0.304265 0.696732
vt 0.309169 0.695875
vt 0.305363 0.691740
vt 0.314118 0.697642
vt 0.431282 0.541765
vt 0.423657 0.543158
vt 0.432412 0.528778
vt 0.426991 0.528651
vt 0.418564 0.549725
vt 0.410790 0.540498
vt 0.422760 0.520671
vt 0.430691 0.510941
vt 0.415566 0.533361
vt 0.354470 0.699744
vt 0.357596 0.714019
vt 0.349284 0.710330
vt 0.416500 0.521008
vt 0.438015 0.502092
vt 0.444602 0.512489
vt 0.298795 0.404806
vt 0.296863 0.406949
vt 0.293913 0.403757
vt 0.423835 0.033139
vt 0.423898 0.037942
vt 0.420882 0.033020
vt 0.424733 0.047841
vt 0.417087 0.035711
vt 0.020631 0.076475
vt 0.018653 0.074812
vt 0.022232 0.070323
vt 0.419551 0.034164
vt 0.296385 0.401201
vt 0.412932 0.520316
vt 0.408328 0.511809
vt 0.411943 0.513673
vt 0.037828 0.071751
vt 0.036416 0.066875
vt 0.044082 0.065570
vt 0.432113 0.501395
vt 0.336117 0.705647
vt 0.335859 0.710258
vt 0.331178 0.706391
vt 0.045718 0.072714
vt 0.339921 0.705248
vt 0.031855 0.060150
vt 0.036446 0.059404
vt 0.424229 0.509993
vt 0.028913 0.072986
vt 0.026069 0.064844
vt 0.349138 0.701731
vt 0.344563 0.707138
vt 0.027700 0.056900
vt 0.023640 0.074809
vt 0.019947 0.062444
vt 0.418312 0.047502
vt 0.415087 0.042187
vt 0.419272 0.513996
vt 0.300616 0.402337
vt 0.300768 0.397395
vt 0.357656 0.694399
vt 0.362010 0.695894
vt 0.019251 0.070022
vt 0.404193 0.517059
vt 0.359310 0.689280
vt 0.386110 0.479117
vt 0.379588 0.466167
vt 0.382531 0.468467
vt 0.051657 0.714563
vt 0.062663 0.715805
vt 0.059829 0.722478
vt 0.053303 0.712307
vt 0.414425 0.553097
vt 0.407089 0.546874
vt 0.108016 0.986247
vt 0.104722 0.978807
vt 0.111521 0.980907
vt 0.099791 0.985316
vt 0.431205 0.038482
vt 0.401228 0.503982
vt 0.404308 0.506806
vt 0.402952 0.529014
vt 0.395752 0.528735
vt 0.398154 0.519952
vt 0.033413 0.677269
vt 0.038092 0.680386
vt 0.033006 0.686489
vt 0.010150 0.457433
vt 0.014914 0.457257
vt 0.010685 0.466837
vt 0.011240 0.450203
vt 0.005629 0.454189
vt 0.014621 0.469313
vt 0.400486 0.542677
vt 0.397621 0.535868
vt 0.005043 0.445432
vt 0.112415 0.983733
vt 0.266458 0.403731
vt 0.265355 0.407904
vt 0.260974 0.404277
vt 0.047061 0.708157
vt 0.273966 0.408374
vt 0.429678 0.034453
vt 0.433846 0.045485
vt 0.394135 0.495295
vt 0.282860 0.407047
vt 0.283139 0.403321
vt 0.286945 0.404342
vt 0.394435 0.507557
vt 0.038723 0.691309
vt 0.043221 0.684306
vt 0.436085 0.036532
vt 0.440539 0.037146
vt 0.277592 0.403343
vt 0.281286 0.400711
vt 0.391608 0.502545
vt 0.042153 0.696773
vt 0.270420 0.401433
vt 0.273612 0.399544
vt 0.388388 0.488872
vt 0.383212 0.480193
vt 0.386102 0.491357
vt 0.048947 0.699157
vt 0.324695 0.703686
vt 0.327036 0.727894
vt 0.329293 0.702738
vt 0.317829 0.700626
vt 0.056951 0.065042
vt 0.052403 0.069401
vt 0.054435 0.062195
vt 0.048813 0.062610
vt 0.318352 0.701692
vt 0.082074 0.151940
vt 0.084246 0.154617
vt 0.078892 0.156597
vt 0.075657 0.151967
vt 0.074105 0.156830
vt 0.070512 0.154459
vt 0.041795 0.058752
vt 0.338127 0.716416
vt 0.337270 0.727602
vt 0.350141 0.719497
vt 0.106588 0.897630
vt 0.090428 0.897468
vt 0.093336 0.888833
vt 0.380263 0.951703
vt 0.388369 0.951856
vt 0.386199 0.954884
vt 0.106288 0.276978
vt 0.103619 0.271223
vt 0.111070 0.272679
vt 0.103639 0.274502
vt 0.395323 0.954370
vt 0.396082 0.956090
vt 0.396080 0.959404
vt 0.388904 0.960575
vt 0.447791 0.402356
vt 0.447721 0.403778
vt 0.444816 0.405310
vt 0.372473 0.955608
vt 0.381638 0.962972
vt 0.371089 0.963394
vt 0.353546 0.904665
vt 0.347388 0.901439
vt 0.361890 0.901439
vt 0.360417 0.905755
vt 0.120523 0.891467
vt 0.106874 0.882580
vt 0.362564 0.970197
vt 0.376309 0.973065
vt 0.388389 0.970338
vt 0.113295 0.878394
vt 0.331290 0.955968
vt 0.344403 0.955874
vt 0.337432 0.961783
vt 0.153028 0.898852
vt 0.142492 0.896924
vt 0.152338 0.893237
vt 0.144131 0.883964
vt 0.132501 0.890901
vt 0.146311 0.901312
vt 0.154307 0.887639
vt 0.344278 0.969041
vt 0.340196 0.968780
vt 0.346386 0.959569
vt 0.138731 0.898296
vt 0.159294 0.894679
vt 0.166390 0.899546
vt 0.171989 0.889713
vt 0.318472 0.961436
vt 0.330335 0.965894
vt 0.325091 0.966342
vt 0.322743 0.952610
vt 0.313603 0.954680
vt 0.350978 0.947474
vt 0.360125 0.959333
vt 0.364852 0.945507
vt 0.374913 0.949183
vt 0.128318 0.898332
vt 0.354264 0.969023
vt 0.129000 0.881792
vt 0.123655 0.877187
vt 0.399375 0.962006
vt 0.400684 0.971772
vt 0.401467 0.965792
vt 0.403508 0.969723
vt 0.188866 0.955038
vt 0.193131 0.952747
vt 0.191550 0.955686
vt 0.197474 0.955759
vt 0.196384 0.889375
vt 0.187219 0.883286
vt 0.204122 0.877101
vt 0.175902 0.878238
vt 0.189325 0.876341
vt 0.187387 0.895021
vt 0.299439 0.955479
vt 0.304288 0.962495
vt 0.288134 0.959244
vt 0.195492 0.901479
vt 0.179644 0.897291
vt 0.237533 0.878484
vt 0.234573 0.891384
vt 0.226107 0.882623
vt 0.213150 0.890539
vt 0.225782 0.894731
vt 0.216622 0.878371
vt 0.258409 0.854085
vt 0.270735 0.852518
vt 0.270555 0.856490
vt 0.228639 0.899703
vt 0.222297 0.899772
vt 0.256234 0.857898
vt 0.262532 0.858273
vt 0.263648 0.888683
vt 0.274393 0.878554
vt 0.280125 0.889362
vt 0.257660 0.882000
vt 0.267790 0.872340
vt 0.267128 0.896990
vt 0.261651 0.897947
vt 0.256458 0.897875
vt 0.225419 0.945789
vt 0.232192 0.939516
vt 0.235900 0.949770
vt 0.251115 0.946775
vt 0.252532 0.953122
vt 0.242890 0.952586
vt 0.271895 0.951149
vt 0.281484 0.954652
vt 0.270524 0.957882
vt 0.212963 0.900595
vt 0.286076 0.957290
vt 0.276412 0.958930
vt 0.207244 0.896050
vt 0.284957 0.878837
vt 0.287064 0.896607
vt 0.281973 0.896600
vt 0.274950 0.897077
vt 0.202767 0.955472
vt 0.246769 0.895932
vt 0.238864 0.898740
vt 0.227946 0.956580
vt 0.247954 0.886022
vt 0.237898 0.957443
vt 0.257947 0.952903
vt 0.255323 0.957921
vt 0.246818 0.875691
vt 0.064185 0.756254
vt 0.065338 0.763718
vt 0.364236 0.079856
vt 0.362345 0.084660
vt 0.361199 0.081011
vt 0.059492 0.773028
vt 0.370183 0.080471
vt 0.375691 0.082624
vt 0.369980 0.090597
vt 0.063132 0.769268
vt 0.050476 0.760903
vt 0.277757 0.014214
vt 0.274660 0.011575
vt 0.031032 0.230958
vt 0.036987 0.235136
vt 0.034972 0.237066
vt 0.027878 0.235440
vt 0.003087 0.804710
vt 0.002796 0.818555
vt 0.005253 0.814860
vt 0.006404 0.833562
vt 0.008597 0.808917
vt 0.003540 0.826081
vt 0.008608 0.830799
vt 0.008492 0.821109
vt 0.009120 0.841714
vt 0.004912 0.844548
vt 0.007876 0.853077
vt 0.008637 0.603488
vt 0.010022 0.616420
vt 0.011014 0.597819
vt 0.049083 0.748505
vt 0.009802 0.764060
vt 0.012519 0.761081
vt 0.011258 0.757554
vt 0.362625 0.094307
vt 0.366454 0.096264
vt 0.045086 0.759791
vt 0.033694 0.534218
vt 0.034201 0.541952
vt 0.035693 0.534504
vt 0.005950 0.772401
vt 0.009893 0.768618
vt 0.008180 0.784221
vt 0.045181 0.750152
vt 0.030685 0.542408
vt 0.375172 0.091500
vt 0.371602 0.098954
vt 0.245394 0.482794
vt 0.244833 0.474300
vt 0.004802 0.785050
vt 0.380130 0.082079
vt 0.248010 0.496162
vt 0.252458 0.467276
vt 0.253537 0.471703
vt 0.022838 0.226053
vt 0.023016 0.233001
vt 0.257319 0.448325
vt 0.256348 0.456322
vt 0.003441 0.793614
vt 0.006048 0.798004
vt 0.026895 0.220021
vt 0.025400 0.552576
vt 0.019469 0.568055
vt 0.025584 0.561540
vt 0.032040 0.221698
vt 0.262382 0.443852
vt 0.262233 0.453638
vt 0.037465 0.228260
vt 0.008233 0.672132
vt 0.009184 0.688991
vt 0.010390 0.679708
vt 0.004236 0.668995
vt 0.006095 0.695409
vt 0.006251 0.611128
vt 0.007346 0.865691
vt 0.009082 0.860906
vt 0.004911 0.620922
vt 0.009913 0.868421
vt 0.007867 0.874251
vt 0.010347 0.882544
vt 0.083513 0.226464
vt 0.084531 0.229686
vt 0.080033 0.230772
vt 0.089336 0.225548
vt 0.071611 0.190025
vt 0.065902 0.196641
vt 0.067656 0.187229
vt 0.132580 0.122609
vt 0.137954 0.119857
vt 0.136372 0.124670
vt 0.140137 0.124908
vt 0.145499 0.123229
vt 0.143094 0.118477
vt 0.063283 0.191343
vt 0.007916 0.879441
vt 0.002376 0.628614
vt 0.001560 0.642010
vt 0.001140 0.637613
vt 0.009603 0.889142
vt 0.006397 0.652001
vt 0.007840 0.636210
vt 0.011764 0.893622
vt 0.001038 0.648832
vt 0.001105 0.661350
vt 0.002122 0.665197
vt 0.077168 0.182385
vt 0.073670 0.179808
vt 0.002081 0.680172
vt 0.069685 0.237079
vt 0.072301 0.226953
vt 0.073568 0.236450
vt 0.076491 0.234726
vt 0.081742 0.184580
vt 0.082333 0.179240
vt 0.085677 0.176213
vt 0.078615 0.226181
vt 0.081185 0.174496
vt 0.077289 0.190119
vt 0.073333 0.192765
vt 0.333945 0.594993
vt 0.332206 0.601445
vt 0.329933 0.594421
vt 0.003414 0.702675
vt 0.007642 0.719052
vt 0.006483 0.706508
vt 0.327927 0.604861
vt 0.322554 0.609353
vt 0.318062 0.607426
vt 0.322771 0.599589
vt 0.012955 0.731032
vt 0.011556 0.725458
vt 0.008425 0.729660
vt 0.002341 0.689618
vt 0.058139 0.200302
vt 0.061452 0.201780
vt 0.056769 0.194914
vt 0.050587 0.198774
vt 0.054789 0.203610
vt 0.051391 0.205310
vt 0.151090 0.125162
vt 0.149015 0.128863
vt 0.046381 0.207679
vt 0.326984 0.593133
vt 0.317464 0.596751
vt 0.313789 0.605968
vt 0.311828 0.595175
vt 0.311160 0.607469
vt 0.303438 0.588498
vt 0.353358 0.544153
vt 0.355589 0.549869
vt 0.352654 0.552602
vt 0.191091 0.968584
vt 0.186272 0.974538
vt 0.190591 0.976681
vt 0.147998 0.043628
vt 0.152823 0.046675
vt 0.152299 0.054042
vt 0.153632 0.038949
vt 0.150603 0.035302
vt 0.358842 0.528331
vt 0.358828 0.534451
vt 0.356516 0.537856
vt 0.361707 0.525038
vt 0.169349 0.970973
vt 0.176992 0.980389
vt 0.182029 0.967599
vt 0.220699 0.003015
vt 0.214926 0.002951
vt 0.219249 0.000719
vt 0.177831 0.963342
vt 0.362850 0.508103
vt 0.367081 0.515766
vt 0.361348 0.515655
vt 0.001507 0.020883
vt 0.005577 0.028553
vt 0.001239 0.028905
vt 0.169442 0.978705
vt 0.170475 0.964200
vt 0.001335 0.035286
vt 0.013458 0.018998
vt 0.015802 0.029939
vt 0.007483 0.018613
vt 0.356067 0.490615
vt 0.359562 0.497908
vt 0.355477 0.496610
vt 0.009722 0.040166
vt 0.358493 0.507143
vt 0.475654 0.556436
vt 0.471844 0.554521
vt 0.472468 0.563899
vt 0.473805 0.544655
vt 0.476523 0.550301
vt 0.468022 0.549681
vt 0.465920 0.560248
vt 0.141658 0.049560
vt 0.142888 0.037425
vt 0.468441 0.543810
vt 0.005844 0.924648
vt 0.011306 0.923284
vt 0.009524 0.937996
vt 0.004747 0.930601
vt 0.020642 0.021514
vt 0.016865 0.019232
vt 0.015487 0.041456
vt 0.108242 0.480722
vt 0.107752 0.464232
vt 0.107341 0.470980
vt 0.354629 0.480313
vt 0.357392 0.483081
vt 0.109143 0.470953
vt 0.467836 0.565667
vt 0.214814 0.395265
vt 0.219290 0.397615
vt 0.217792 0.391984
vt 0.355720 0.473728
vt 0.356068 0.479051
vt 0.352560 0.471290
vt 0.021459 0.027559
vt 0.351590 0.480849
vt 0.021453 0.037360
vt 0.222056 0.393671
vt 0.186198 0.963045
vt 0.353757 0.535724
vt 0.021060 0.520848
vt 0.021463 0.516630
vt 0.025064 0.520542
vt 0.285326 0.592799
vt 0.282485 0.582417
vt 0.285387 0.586204
vt 0.338887 0.262642
vt 0.338716 0.255930
vt 0.343195 0.262113
vt 0.284825 0.572057
vt 0.285806 0.576087
vt 0.278291 0.588871
vt 0.281556 0.592269
vt 0.276503 0.581879
vt 0.274720 0.575240
vt 0.278123 0.574303
vt 0.149098 0.054358
vt 0.274188 0.582228
vt 0.332431 0.230949
vt 0.328177 0.226926
vt 0.335624 0.222148
vt 0.324137 0.221829
vt 0.325059 0.213575
vt 0.332563 0.214190
vt 0.051281 0.578929
vt 0.047434 0.581006
vt 0.049797 0.590802
vt 0.274398 0.558896
vt 0.277119 0.562452
vt 0.045464 0.597972
vt 0.323711 0.219351
vt 0.319624 0.214959
vt 0.045657 0.589479
vt 0.280256 0.565267
vt 0.265869 0.547095
vt 0.271334 0.552973
vt 0.272937 0.566044
vt 0.047415 0.599737
vt 0.183099 0.986331
vt 0.187120 0.985252
vt 0.176324 0.984651
vt 0.179744 0.985892
vt 0.268038 0.556247
vt 0.270407 0.562307
vt 0.292148 0.610029
vt 0.287572 0.602706
vt 0.289968 0.603695
vt 0.289097 0.615493
vt 0.292723 0.611369
vt 0.280760 0.604027
vt 0.282388 0.597911
vt 0.283259 0.610995
vt 0.285136 0.614660
vt 0.326970 0.204646
vt 0.319396 0.205703
vt 0.154030 0.298561
vt 0.157485 0.292836
vt 0.156833 0.288489
vt 0.314348 0.210476
vt 0.314245 0.205782
vt 0.042862 0.610577
vt 0.263986 0.548985
vt 0.170340 0.985080
vt 0.269267 0.546686
vt 0.007580 0.553188
vt 0.003272 0.548756
vt 0.005692 0.562408
vt 0.327925 0.195857
vt 0.332738 0.197845
vt 0.322481 0.199408
vt 0.002763 0.576445
vt 0.005995 0.579611
vt 0.174889 0.295917
vt 0.175096 0.299861
vt 0.170603 0.298680
vt 0.269669 0.541777
vt 0.271170 0.533192
vt 0.272091 0.534197
vt 0.316480 0.202430
vt 0.318713 0.198906
vt 0.003657 0.588288
vt 0.454972 0.271547
vt 0.449733 0.279389
vt 0.445688 0.278371
vt 0.004775 0.040101
vt 0.002898 0.041253
vt 0.302614 0.630576
vt 0.294319 0.625400
vt 0.299729 0.619835
vt 0.429187 0.304353
vt 0.424696 0.312423
vt 0.427310 0.296729
vt 0.025179 0.304649
vt 0.019501 0.310658
vt 0.024336 0.297738
vt 0.020169 0.299112
vt 0.432144 0.307947
vt 0.430300 0.316984
vt 0.433987 0.302437
vt 0.145356 0.054022
vt 0.143106 0.055287
vt 0.402624 0.312946
vt 0.405807 0.318537
vt 0.398742 0.317704
vt 0.410835 0.319901
vt 0.408824 0.327149
vt 0.412841 0.327080
vt 0.424466 0.320329
vt 0.003806 0.509754
vt 0.008382 0.514562
vt 0.004989 0.497145
vt 0.003560 0.521774
vt 0.008649 0.536598
vt 0.001955 0.535434
vt 0.340407 0.208915
vt 0.339034 0.200190
vt 0.346351 0.204359
vt 0.335409 0.197792
vt 0.003662 0.543376
vt 0.349723 0.219240
vt 0.352604 0.213774
vt 0.352347 0.216589
vt 0.095152 0.159358
vt 0.094126 0.166644
vt 0.100301 0.160763
vt 0.091862 0.162726
vt 0.086579 0.166985
vt 0.345907 0.226757
vt 0.344947 0.217747
vt 0.339875 0.228892
vt 0.342876 0.229488
vt 0.336759 0.231065
vt 0.414064 0.501432
vt 0.411610 0.501658
vt 0.412611 0.498873
vt 0.339057 0.231348
vt 0.012473 0.522520
vt 0.013028 0.535586
vt 0.013777 0.547083
vt 0.340335 0.249837
vt 0.340708 0.235111
vt 0.344593 0.235126
vt 0.462479 0.864029
vt 0.462226 0.873391
vt 0.463403 0.869444
vt 0.342386 0.254761
vt 0.343850 0.249626
vt 0.333762 0.232716
vt 0.337032 0.245363
vt 0.339211 0.250092
vt 0.177771 0.180576
vt 0.178744 0.183498
vt 0.175967 0.182782
vt 0.418976 0.314044
vt 0.414159 0.316201
vt 0.004931 0.957388
vt 0.466861 0.547113
vt 0.430533 0.321103
vt 0.011955 0.555830
vt 0.011274 0.568918
vt 0.012399 0.565748
vt 0.008274 0.576327
vt 0.440861 0.278260
vt 0.443474 0.286221
vt 0.436923 0.282908
vt 0.443384 0.276219
vt 0.437150 0.295401
vt 0.431073 0.285570
vt 0.433260 0.285159
vt 0.428467 0.287412
vt 0.416534 0.282888
vt 0.413970 0.286659
vt 0.413494 0.280144
vt 0.027019 0.298634
vt 0.396902 0.003396
vt 0.400183 0.003219
vt 0.398925 0.005036
vt 0.315495 0.062343
vt 0.313127 0.066339
vt 0.314635 0.070348
vt 0.015589 0.557135
vt 0.466274 0.567626
vt 0.439701 0.301184
vt 0.047996 0.565197
vt 0.048867 0.569996
vt 0.051703 0.566749
vt 0.335586 0.258650
vt 0.336218 0.250885
vt 0.047247 0.558013
vt 0.049388 0.559739
vt 0.283378 0.569477
vt 0.004178 0.972432
vt 0.003050 0.972777
vt 0.003329 0.976259
vt 0.050384 0.550685
vt 0.328571 0.232341
vt 0.018478 0.517381
vt 0.019489 0.513517
vt 0.352379 0.929010
vt 0.358871 0.926327
vt 0.360274 0.927149
vt 0.348728 0.924907
vt 0.345497 0.928067
vt 0.358390 0.929263
vt 0.341305 0.923490
vt 0.358856 0.921543
vt 0.186508 0.847895
vt 0.191750 0.844423
vt 0.198123 0.845892
vt 0.349124 0.919987
vt 0.006787 0.050376
vt 0.014395 0.053181
vt 0.006894 0.053957
vt 0.339908 0.927630
vt 0.346595 0.929707
vt 0.339094 0.932304
vt 0.204875 0.847613
vt 0.199934 0.849925
vt 0.192731 0.853164
vt 0.206790 0.851300
vt 0.208585 0.848179
vt 0.362921 0.929650
vt 0.370062 0.936462
vt 0.360960 0.936262
vt 0.323558 0.918677
vt 0.332478 0.922392
vt 0.321731 0.923204
vt 0.330910 0.917041
vt 0.341284 0.918712
vt 0.176114 0.842758
vt 0.185225 0.843612
vt 0.172013 0.845211
vt 0.344445 0.915450
vt 0.330307 0.929885
vt 0.330852 0.938519
vt 0.338895 0.926860
vt 0.329210 0.925360
vt 0.177096 0.849029
vt 0.194674 0.842446
vt 0.343230 0.939668
vt 0.341310 0.947103
vt 0.346008 0.932359
vt 0.352945 0.933024
vt 0.353690 0.929695
vt 0.199932 0.853253
vt 0.352143 0.937828
vt 0.150799 0.200709
vt 0.142310 0.203597
vt 0.142290 0.199281
vt 0.361140 0.938543
vt 0.326362 0.931575
vt 0.314064 0.926689
vt 0.325731 0.927087
vt 0.316112 0.929944
vt 0.160331 0.845041
vt 0.168767 0.842446
vt 0.321136 0.931233
vt 0.172191 0.848438
vt 0.167298 0.851132
vt 0.154570 0.843466
vt 0.345530 0.944519
vt 0.017989 0.245066
vt 0.029752 0.244558
vt 0.019385 0.246763
vt 0.298147 0.924080
vt 0.308625 0.926444
vt 0.291019 0.927576
vt 0.287331 0.935279
vt 0.291725 0.932756
vt 0.296829 0.935307
vt 0.293416 0.922043
vt 0.289588 0.925325
vt 0.282946 0.927366
vt 0.304895 0.920155
vt 0.303333 0.931215
vt 0.415063 0.376479
vt 0.404014 0.376479
vt 0.404543 0.374820
vt 0.281592 0.923869
vt 0.290741 0.930471
vt 0.408004 0.377698
vt 0.305864 0.927840
vt 0.291366 0.945336
vt 0.302178 0.942293
vt 0.298614 0.949105
vt 0.312907 0.935260
vt 0.303719 0.937758
vt 0.294396 0.940069
vt 0.307327 0.946684
vt 0.250380 0.935396
vt 0.268443 0.933686
vt 0.255906 0.936185
vt 0.256773 0.929298
vt 0.259505 0.924848
vt 0.264609 0.927682
vt 0.263498 0.931618
vt 0.246785 0.933280
vt 0.276914 0.934645
vt 0.073536 0.212885
vt 0.052517 0.210791
vt 0.068918 0.211299
vt 0.074541 0.328783
vt 0.068400 0.327338
vt 0.085664 0.327338
vt 0.080705 0.212864
vt 0.274202 0.924150
vt 0.259751 0.944465
vt 0.240047 0.943713
vt 0.259938 0.940696
vt 0.271668 0.938069
vt 0.268641 0.943176
vt 0.240043 0.942151
vt 0.068400 0.605182
vt 0.067129 0.605036
vt 0.067342 0.621306
vt 0.241159 0.940304
vt 0.067752 0.646430
vt 0.247803 0.943110
vt 0.260659 0.937475
vt 0.347074 0.777698
vt 0.348890 0.771942
vt 0.353603 0.774904
vt 0.286794 0.951159
vt 0.335648 0.771942
vt 0.335898 0.776225
vt 0.050857 0.983323
vt 0.042331 0.984892
vt 0.041529 0.980989
vt 0.276721 0.940531
vt 0.279288 0.944878
vt 0.034882 0.983682
vt 0.029038 0.980576
vt 0.285072 0.942077
vt 0.280825 0.932589
vt 0.058732 0.019242
vt 0.059388 0.041007
vt 0.060113 0.033995
vt 0.059388 0.009353
vt 0.240501 0.936965
vt 0.248319 0.936690
vt 0.249743 0.938330
vt 0.241886 0.932875
vt 0.084522 0.330216
vt 0.312326 0.943153
vt 0.321803 0.939601
vt 0.315415 0.933736
vt 0.177081 0.474101
vt 0.182343 0.476300
vt 0.169594 0.476321
vt 0.309210 0.923133
vt 0.308745 0.920834
vt 0.316240 0.918772
vt 0.151958 0.845745
vt 0.341433 0.749028
vt 0.330373 0.751799
vt 0.334564 0.749256
vt 0.328039 0.749193
vt 0.307994 0.847733
vt 0.312768 0.846280
vt 0.309533 0.849559
vt 0.128656 0.870150
vt 0.115457 0.870067
vt 0.119946 0.863807
vt 0.127458 0.864153
vt 0.139649 0.873913
vt 0.144528 0.865640
vt 0.153691 0.873138
vt 0.135314 0.865970
vt 0.338026 0.784113
vt 0.331036 0.786082
vt 0.326358 0.786443
vt 0.153936 0.864687
vt 0.160210 0.866186
vt 0.317366 0.990058
vt 0.332362 0.987367
vt 0.327111 0.989217
vt 0.332615 0.990374
vt 0.352082 0.989296
vt 0.348455 0.985403
vt 0.363072 0.985544
vt 0.162876 0.875070
vt 0.154646 0.884641
vt 0.168009 0.884353
vt 0.267681 0.865282
vt 0.274679 0.864991
vt 0.277706 0.874185
vt 0.291471 0.868540
vt 0.281974 0.867665
vt 0.163376 0.994905
vt 0.152364 0.992977
vt 0.159558 0.992221
vt 0.141116 0.993263
vt 0.146643 0.994103
vt 0.280586 0.864685
vt 0.258467 0.870903
vt 0.203125 0.791967
vt 0.210738 0.792779
vt 0.198540 0.792363
vt 0.193221 0.799290
vt 0.192545 0.792733
vt 0.291809 0.873438
vt 0.203141 0.869713
vt 0.187755 0.869846
vt 0.226987 0.876237
vt 0.227298 0.869038
vt 0.217304 0.868823
vt 0.214717 0.864846
vt 0.185888 0.992003
vt 0.200615 0.990852
vt 0.195622 0.993091
vt 0.226737 0.864010
vt 0.231838 0.865503
vt 0.241036 0.866287
vt 0.171905 0.993583
vt 0.251967 0.866041
vt 0.259295 0.865492
vt 0.174770 0.870081
vt 0.282876 0.488225
vt 0.280416 0.507916
vt 0.286238 0.502083
vt 0.287331 0.492512
vt 0.138518 0.392048
vt 0.135118 0.374139
vt 0.143383 0.391630
vt 0.287363 0.514039
vt 0.284946 0.908851
vt 0.279629 0.909297
vt 0.282981 0.906424
vt 0.276260 0.506593
vt 0.277969 0.521695
vt 0.139459 0.378735
vt 0.382577 0.368146
vt 0.384121 0.359728
vt 0.388385 0.364784
vt 0.022771 0.628150
vt 0.018134 0.639839
vt 0.020615 0.639922
vt 0.385530 0.841443
vt 0.387635 0.845930
vt 0.384452 0.848190
vt 0.023434 0.638237
vt 0.378307 0.369778
vt 0.377831 0.360093
vt 0.128479 0.594774
vt 0.131487 0.600716
vt 0.132338 0.590314
vt 0.129584 0.605448
vt 0.131949 0.612171
vt 0.390206 0.842891
vt 0.391905 0.849478
vt 0.388829 0.852095
vt 0.386837 0.851610
vt 0.205976 0.174481
vt 0.207175 0.177616
vt 0.208069 0.182640
vt 0.203742 0.186367
vt 0.203491 0.176241
vt 0.212197 0.186931
vt 0.207670 0.190946
vt 0.288638 0.645723
vt 0.290457 0.651167
vt 0.286249 0.649873
vt 0.141542 0.072855
vt 0.141631 0.077085
vt 0.139588 0.074719
vt 0.209740 0.169664
vt 0.209998 0.179615
vt 0.204566 0.168247
vt 0.286093 0.642538
vt 0.209929 0.191489
vt 0.288192 0.655808
vt 0.087505 0.636312
vt 0.086852 0.642067
vt 0.081721 0.624531
vt 0.069592 0.025199
vt 0.069653 0.015114
vt 0.066568 0.023798
vt 0.198294 0.176015
vt 0.203326 0.194293
vt 0.139643 0.081984
vt 0.137098 0.077375
vt 0.266938 0.909939
vt 0.264812 0.907973
vt 0.270557 0.908293
vt 0.200931 0.194082
vt 0.263954 0.912273
vt 0.261343 0.907030
vt 0.266257 0.905682
vt 0.283326 0.643801
vt 0.134453 0.082614
vt 0.084709 0.624638
vt 0.086200 0.630801
vt 0.191666 0.180397
vt 0.187136 0.183232
vt 0.184943 0.178120
vt 0.190134 0.186497
vt 0.123029 0.078886
vt 0.122909 0.083476
vt 0.119186 0.079612
vt 0.126503 0.083300
vt 0.392832 0.843046
vt 0.080066 0.596619
vt 0.080322 0.604100
vt 0.078904 0.590982
vt 0.076073 0.601749
vt 0.273925 0.911883
vt 0.276104 0.904560
vt 0.076263 0.617018
vt 0.073569 0.609025
vt 0.395238 0.846964
vt 0.196360 0.179600
vt 0.195898 0.189766
vt 0.130814 0.618275
vt 0.132833 0.628365
vt 0.134004 0.623786
vt 0.133262 0.638129
vt 0.130948 0.632435
vt 0.192808 0.190807
vt 0.130363 0.080321
vt 0.131066 0.085544
vt 0.083045 0.611466
vt 0.084755 0.620002
vt 0.213856 0.179499
vt 0.292921 0.657486
vt 0.375249 0.369976
vt 0.284487 0.524425
vt 0.288524 0.527299
vt 0.283266 0.537233
vt 0.134037 0.361981
vt 0.123379 0.169377
vt 0.118062 0.158430
vt 0.127583 0.162215
vt 0.115835 0.146797
vt 0.370752 0.364153
vt 0.113287 0.150489
vt 0.370013 0.356686
vt 0.367329 0.368473
vt 0.363994 0.366130
vt 0.290291 0.540081
vt 0.286153 0.538980
vt 0.288556 0.543926
vt 0.466533 0.016612
vt 0.470878 0.024394
vt 0.465246 0.024909
vt 0.462643 0.018503
vt 0.267615 0.913501
vt 0.468646 0.034697
vt 0.463660 0.034389
vt 0.471454 0.036409
vt 0.280761 0.537956
vt 0.467907 0.043124
vt 0.462345 0.013106
vt 0.364944 0.360056
vt 0.028892 0.601463
vt 0.027751 0.593446
vt 0.026975 0.603933
vt 0.136567 0.088489
vt 0.470714 0.014121
vt 0.473706 0.012936
vt 0.472696 0.018834
vt 0.140310 0.078979
vt 0.141542 0.081911
vt 0.141746 0.086924
vt 0.142981 0.082438
vt 0.079439 0.586067
vt 0.077021 0.578937
vt 0.079408 0.573554
vt 0.079947 0.581949
vt 0.288511 0.498596
vt 0.070377 0.584605
vt 0.070933 0.598060
vt 0.136168 0.183662
vt 0.131943 0.181310
vt 0.138457 0.174063
vt 0.130962 0.366945
vt 0.130411 0.360381
vt 0.460257 0.013917
vt 0.017264 0.654860
vt 0.019361 0.664026
vt 0.016302 0.647813
vt 0.022723 0.642727
vt 0.388977 0.357873
vt 0.288657 0.484591
vt 0.277756 0.494142
vt 0.093195 0.580207
vt 0.088974 0.582159
vt 0.095436 0.585504
vt 0.036590 0.119619
vt 0.039140 0.115109
vt 0.041048 0.120002
vt 0.098958 0.576477
vt 0.200292 0.922162
vt 0.204076 0.918816
vt 0.202301 0.922568
vt 0.197802 0.919358
vt 0.192454 0.918560
vt 0.196039 0.922734
vt 0.390176 0.031260
vt 0.386129 0.024932
vt 0.393700 0.024210
vt 0.401522 0.040138
vt 0.398110 0.032509
vt 0.404551 0.032453
vt 0.041256 0.125674
vt 0.403708 0.039656
vt 0.205333 0.915055
vt 0.207272 0.919223
vt 0.207119 0.915008
vt 0.398411 0.043219
vt 0.396937 0.040267
vt 0.394919 0.037295
vt 0.087648 0.871656
vt 0.081144 0.881779
vt 0.073689 0.868368
vt 0.071855 0.881621
vt 0.068833 0.892849
vt 0.065443 0.898031
vt 0.062046 0.892155
vt 0.063589 0.877429
vt 0.055843 0.884836
vt 0.056929 0.870010
vt 0.051456 0.881414
vt 0.083999 0.892935
vt 0.076326 0.893548
vt 0.069074 0.891633
vt 0.075151 0.897583
vt 0.076355 0.900057
vt 0.071915 0.894911
vt 0.097538 0.873097
vt 0.397593 0.978484
vt 0.406518 0.979752
vt 0.117561 0.907396
vt 0.120047 0.910224
vt 0.113672 0.913849
vt 0.114816 0.907621
vt 0.107782 0.611539
vt 0.107539 0.597785
vt 0.097731 0.600487
vt 0.053146 0.867220
vt 0.109373 0.578160
vt 0.105315 0.575356
vt 0.110089 0.583765
vt 0.108955 0.574216
vt 0.043646 0.185627
vt 0.044639 0.177491
vt 0.048288 0.179228
vt 0.112549 0.596774
vt 0.113948 0.631401
vt 0.112236 0.624421
vt 0.113519 0.635975
vt 0.063087 0.173986
vt 0.071162 0.169065
vt 0.067464 0.172352
vt 0.113545 0.615962
vt 0.113492 0.607324
vt 0.054287 0.181496
vt 0.054298 0.176160
vt 0.058709 0.177196
vt 0.305624 0.974263
vt 0.308189 0.979384
vt 0.302873 0.975933
vt 0.051473 0.183306
vt 0.089122 0.589966
vt 0.090571 0.600463
vt 0.091227 0.606367
vt 0.046124 0.884062
vt 0.044053 0.877332
vt 0.047842 0.872216
vt 0.387129 0.016065
vt 0.391786 0.015732
vt 0.348976 0.382014
vt 0.349275 0.388234
vt 0.344859 0.384446
vt 0.403573 0.024665
vt 0.400980 0.017129
vt 0.405356 0.018507
vt 0.345521 0.392552
vt 0.397024 0.016986
vt 0.024210 0.674894
vt 0.022721 0.664772
vt 0.381610 0.726375
vt 0.373582 0.729210
vt 0.378209 0.735560
vt 0.377452 0.721647
vt 0.383440 0.731000
vt 0.447503 0.876303
vt 0.442669 0.873127
vt 0.446396 0.864372
vt 0.460534 0.465537
vt 0.456464 0.475991
vt 0.456429 0.469209
vt 0.454640 0.470770
vt 0.450382 0.471676
vt 0.196997 0.092294
vt 0.193598 0.099096
vt 0.197590 0.087050
vt 0.193922 0.089940
vt 0.190620 0.093983
vt 0.153747 0.527259
vt 0.157654 0.527971
vt 0.154574 0.517542
vt 0.154921 0.535133
vt 0.157209 0.544512
vt 0.159617 0.552626
vt 0.162366 0.540223
vt 0.165039 0.547598
vt 0.165045 0.541869
vt 0.164829 0.554920
vt 0.160865 0.561043
vt 0.162912 0.569228
vt 0.165149 0.566271
vt 0.165585 0.577192
vt 0.176456 0.098961
vt 0.164443 0.103438
vt 0.167293 0.096526
vt 0.172998 0.097620
vt 0.163766 0.574967
vt 0.165127 0.579866
vt 0.170195 0.095862
vt 0.190514 0.108294
vt 0.184818 0.105546
vt 0.187261 0.112278
vt 0.186016 0.096710
vt 0.184442 0.113719
vt 0.180627 0.117585
vt 0.181277 0.098046
vt 0.200462 0.734027
vt 0.204996 0.730018
vt 0.204002 0.743070
vt 0.178078 0.109822
vt 0.171406 0.108233
vt 0.206407 0.737811
vt 0.130046 0.237794
vt 0.134413 0.236873
vt 0.129971 0.241977
vt 0.173132 0.114266
vt 0.198806 0.716444
vt 0.206178 0.721037
vt 0.165027 0.096405
vt 0.067894 0.147295
vt 0.066115 0.152648
vt 0.075349 0.141120
vt 0.411698 0.426741
vt 0.410619 0.429272
vt 0.404064 0.424715
vt 0.413201 0.420211
vt 0.415861 0.420836
vt 0.200295 0.748944
vt 0.204433 0.707716
vt 0.180197 0.727917
vt 0.177848 0.718345
vt 0.182757 0.720145
vt 0.429468 0.423201
vt 0.423426 0.426037
vt 0.428944 0.418085
vt 0.145979 0.787454
vt 0.144081 0.785245
vt 0.145079 0.780235
vt 0.183351 0.707228
vt 0.150073 0.785513
vt 0.185983 0.695485
vt 0.189016 0.704246
vt 0.185326 0.704607
vt 0.428399 0.425468
vt 0.180228 0.700572
vt 0.142981 0.787770
vt 0.424031 0.418302
vt 0.416851 0.428092
vt 0.190793 0.715164
vt 0.194830 0.724885
vt 0.419949 0.419262
vt 0.196330 0.703428
vt 0.192690 0.692516
vt 0.196970 0.729812
vt 0.202378 0.695753
vt 0.199901 0.688770
vt 0.076900 0.053150
vt 0.077816 0.060835
vt 0.079792 0.059179
vt 0.187239 0.684004
vt 0.079702 0.065851
vt 0.189848 0.684934
vt 0.192880 0.684861
vt 0.195510 0.682772
vt 0.155799 0.093380
vt 0.158801 0.097580
vt 0.153963 0.097659
vt 0.473377 0.174081
vt 0.470102 0.174097
vt 0.473431 0.169619
vt 0.235459 0.190667
vt 0.236028 0.185776
vt 0.233910 0.185571
vt 0.198018 0.679082
vt 0.233495 0.190951
vt 0.229726 0.184572
vt 0.471686 0.164900
vt 0.473152 0.165489
vt 0.208886 0.068719
vt 0.209340 0.078668
vt 0.204010 0.068381
vt 0.205801 0.080808
vt 0.201995 0.079376
vt 0.197458 0.071245
vt 0.199903 0.080720
vt 0.453865 0.546553
vt 0.446164 0.556065
vt 0.450031 0.556787
vt 0.196865 0.064577
vt 0.473774 0.181528
vt 0.470161 0.184116
vt 0.296480 0.643510
vt 0.299739 0.643734
vt 0.298128 0.648079
vt 0.465585 0.179221
vt 0.462747 0.183438
vt 0.461470 0.175595
vt 0.465148 0.185675
vt 0.461755 0.194869
vt 0.460762 0.186660
vt 0.466050 0.166483
vt 0.470122 0.165077
vt 0.468980 0.159931
vt 0.470841 0.159446
vt 0.461748 0.169434
vt 0.237588 0.169691
vt 0.236978 0.161964
vt 0.234348 0.169638
vt 0.462409 0.160801
vt 0.242998 0.906742
vt 0.241165 0.912974
vt 0.238558 0.907822
vt 0.166460 0.583453
vt 0.248433 0.907494
vt 0.245455 0.910203
vt 0.247228 0.906414
vt 0.162159 0.096291
vt 0.250018 0.908766
vt 0.377996 0.522239
vt 0.380553 0.521406
vt 0.379038 0.523022
vt 0.236926 0.916660
vt 0.149521 0.094680
vt 0.196385 0.078105
vt 0.192751 0.073500
vt 0.379818 0.019479
vt 0.383465 0.017367
vt 0.382262 0.023360
vt 0.109609 0.526379
vt 0.109506 0.530119
vt 0.106060 0.530948
vt 0.404725 0.072785
vt 0.408344 0.071549
vt 0.409448 0.069726
vt 0.405340 0.064558
vt 0.410442 0.064773
vt 0.022174 0.696678
vt 0.024264 0.695380
vt 0.020209 0.693622
vt 0.174165 0.445300
vt 0.178764 0.450398
vt 0.175478 0.452748
vt 0.027972 0.700207
vt 0.027656 0.691819
vt 0.225668 0.370311
vt 0.225105 0.374742
vt 0.221852 0.368980
vt 0.220306 0.374554
vt 0.224897 0.379374
vt 0.413012 0.071888
vt 0.171461 0.449973
vt 0.168175 0.443473
vt 0.174627 0.439209
vt 0.099622 0.531602
vt 0.104179 0.521594
vt 0.173358 0.453957
vt 0.412377 0.367581
vt 0.410529 0.367886
vt 0.409480 0.362906
vt 0.018898 0.678606
vt 0.020335 0.682139
vt 0.018502 0.674499
vt 0.405616 0.365827
vt 0.406396 0.357546
vt 0.017241 0.666521
vt 0.402240 0.356699
vt 0.401638 0.365786
vt 0.025906 0.682306
vt 0.021784 0.687165
vt 0.064518 0.866074
vt 0.065646 0.859961
vt 0.324689 0.388347
vt 0.316642 0.392863
vt 0.303079 0.390166
vt 0.081850 0.862395
vt 0.440772 0.984947
vt 0.466165 0.985604
vt 0.445515 0.988944
vt 0.068088 0.858273
vt 0.312044 0.387803
vt 0.298851 0.386932
vt 0.423181 0.987887
vt 0.291470 0.385924
vt 0.288589 0.388528
vt 0.416885 0.985489
vt 0.410190 0.987860
vt 0.423781 0.983895
vt 0.091886 0.861866
vt 0.096983 0.862525
vt 0.349104 0.392796
vt 0.346803 0.397625
vt 0.343289 0.388300
vt 0.340147 0.385623
vt 0.060311 0.860564
vt 0.115785 0.197138
vt 0.119778 0.197612
vt 0.121581 0.205373
vt 0.055996 0.863519
vt 0.108158 0.511749
vt 0.104271 0.511926
vt 0.057462 0.862435
vt 0.111435 0.516129
vt 0.110526 0.519225
vt 0.110212 0.521618
vt 0.338517 0.382375
vt 0.338205 0.386802
vt 0.336432 0.386520
vt 0.146112 0.849691
vt 0.140179 0.845996
vt 0.143217 0.845270
vt 0.141957 0.854487
vt 0.125527 0.214086
vt 0.126571 0.206249
vt 0.328160 0.393393
vt 0.333077 0.393254
vt 0.332050 0.386037
vt 0.327205 0.385887
vt 0.334619 0.384172
vt 0.051463 0.863801
vt 0.009045 0.426381
vt 0.131442 0.849888
vt 0.137057 0.852146
vt 0.140640 0.840535
vt 0.006204 0.420010
vt 0.130633 0.212504
vt 0.132778 0.841151
vt 0.131896 0.220542
vt 0.130490 0.842575
vt 0.126489 0.846849
vt 0.135733 0.216644
vt 0.021953 0.655020
vt 0.022183 0.648890
vt 0.475290 0.251262
vt 0.473071 0.246706
vt 0.475288 0.255703
vt 0.473435 0.252446
vt 0.017720 0.818741
vt 0.428274 0.969535
vt 0.435714 0.964052
vt 0.432485 0.973667
vt 0.430352 0.956977
vt 0.411986 0.974500
vt 0.420811 0.967710
vt 0.417990 0.977709
vt 0.414700 0.956869
vt 0.423786 0.959509
vt 0.073908 0.900886
vt 0.071016 0.907363
vt 0.070905 0.896740
vt 0.424022 0.976288
vt 0.062669 0.911213
vt 0.077593 0.907244
vt 0.395945 0.953734
vt 0.398363 0.952041
vt 0.398175 0.955140
vt 0.404212 0.968083
vt 0.409705 0.967228
vt 0.404233 0.973791
vt 0.320673 0.147419
vt 0.322759 0.144800
vt 0.322413 0.149585
vt 0.324535 0.140373
vt 0.327254 0.142397
vt 0.406464 0.961154
vt 0.407518 0.977705
vt 0.408649 0.953163
vt 0.076001 0.912765
vt 0.080799 0.912012
vt 0.055693 0.910424
vt 0.060163 0.914406
vt 0.431362 0.940536
vt 0.435224 0.950814
vt 0.149577 0.683999
vt 0.099662 0.021964
vt 0.096940 0.020388
vt 0.093800 0.021744
vt 0.150175 0.673351
vt 0.152292 0.680494
vt 0.147710 0.672585
vt 0.138805 0.689970
vt 0.389272 0.803074
vt 0.379839 0.815670
vt 0.380881 0.796467
vt 0.386568 0.813812
vt 0.395165 0.800249
vt 0.390785 0.810119
vt 0.383867 0.819790
vt 0.368526 0.810460
vt 0.133451 0.690829
vt 0.412101 0.932622
vt 0.420478 0.932759
vt 0.416988 0.934182
vt 0.410948 0.921899
vt 0.417195 0.916825
vt 0.418702 0.924325
vt 0.404039 0.919948
vt 0.427159 0.925915
vt 0.423771 0.933720
vt 0.233960 0.595083
vt 0.234315 0.605932
vt 0.236207 0.597037
vt 0.422683 0.918687
vt 0.046967 0.771994
vt 0.387441 0.592265
vt 0.387623 0.603597
vt 0.388822 0.600804
vt 0.408897 0.904259
vt 0.406721 0.912922
vt 0.403061 0.906512
vt 0.394817 0.914480
vt 0.413884 0.911822
vt 0.412809 0.905447
vt 0.419037 0.904096
vt 0.056536 0.780448
vt 0.063051 0.777289
vt 0.062779 0.781821
vt 0.423544 0.909077
vt 0.317192 0.374820
vt 0.319765 0.377119
vt 0.312812 0.378049
vt 0.050644 0.777542
vt 0.052744 0.782729
vt 0.427393 0.905697
vt 0.429588 0.909863
vt 0.421543 0.915769
vt 0.397681 0.923184
vt 0.393725 0.906859
vt 0.390723 0.911677
vt 0.387167 0.908093
vt 0.043691 0.768003
vt 0.429113 0.919804
vt 0.432918 0.913646
vt 0.434033 0.929007
vt 0.159223 0.504317
vt 0.157087 0.505675
vt 0.159441 0.515062
vt 0.155118 0.506174
vt 0.433505 0.916338
vt 0.438906 0.929003
vt 0.438334 0.920937
vt 0.439924 0.922527
vt 0.164475 0.521857
vt 0.164298 0.516243
vt 0.427884 0.937541
vt 0.437393 0.933941
vt 0.462732 0.490368
vt 0.460640 0.496292
vt 0.463280 0.495300
vt 0.436316 0.944374
vt 0.046088 0.779515
vt 0.043556 0.773006
vt 0.042589 0.777248
vt 0.433558 0.908135
vt 0.039942 0.757115
vt 0.042759 0.753807
vt 0.039284 0.761719
vt 0.038849 0.756356
vt 0.165606 0.531416
vt 0.166157 0.524946
vt 0.330843 0.285948
vt 0.334284 0.295365
vt 0.329104 0.293276
vt 0.168819 0.033464
vt 0.173248 0.027646
vt 0.174270 0.031857
vt 0.146033 0.475011
vt 0.144304 0.486371
vt 0.146762 0.480145
vt 0.178072 0.024979
vt 0.176295 0.018994
vt 0.182239 0.018643
vt 0.181002 0.023712
vt 0.182334 0.017275
vt 0.166180 0.030060
vt 0.334248 0.280921
vt 0.337701 0.291785
vt 0.163175 0.032169
vt 0.161430 0.027867
vt 0.165528 0.021661
vt 0.161131 0.029168
vt 0.170990 0.016038
vt 0.341407 0.290741
vt 0.339839 0.295241
vt 0.159567 0.017631
vt 0.156213 0.026886
vt 0.367029 0.733724
vt 0.364371 0.737410
vt 0.363805 0.734587
vt 0.158957 0.030472
vt 0.423066 0.935517
vt 0.423463 0.944846
vt 0.405341 0.928661
vt 0.405461 0.938890
vt 0.398319 0.948333
vt 0.322352 0.139348
vt 0.379013 0.938941
vt 0.387359 0.937960
vt 0.384918 0.943568
vt 0.381920 0.932353
vt 0.379458 0.944021
vt 0.313012 0.120836
vt 0.321551 0.123240
vt 0.309462 0.124585
vt 0.311847 0.118298
vt 0.311595 0.115785
vt 0.391973 0.927988
vt 0.396416 0.934068
vt 0.328704 0.118808
vt 0.331505 0.127734
vt 0.412377 0.941716
vt 0.409117 0.947344
vt 0.328791 0.130854
vt 0.303666 0.129899
vt 0.321830 0.133239
vt 0.318797 0.138633
vt 0.379779 0.944125
vt 0.303849 0.124659
vt 0.325555 0.134362
vt 0.404307 0.958329
vt 0.289441 0.121097
vt 0.318865 0.113390
vt 0.330486 0.112950
vt 0.250034 0.385436
vt 0.259399 0.388010
vt 0.245875 0.386142
vt 0.314339 0.793738
vt 0.316412 0.786994
vt 0.324647 0.791096
vt 0.335134 0.793769
vt 0.322486 0.795539
vt 0.338719 0.787573
vt 0.335155 0.802974
vt 0.322531 0.804093
vt 0.346663 0.798602
vt 0.322734 0.785452
vt 0.129339 0.995862
vt 0.134056 0.992935
vt 0.205551 0.795627
vt 0.183953 0.793224
vt 0.218174 0.798951
vt 0.209114 0.805831
vt 0.218395 0.793058
vt 0.221448 0.816122
vt 0.167803 0.798260
vt 0.174846 0.813491
vt 0.158281 0.798327
vt 0.158227 0.809513
vt 0.147670 0.811777
vt 0.179436 0.800474
vt 0.186173 0.814309
vt 0.200472 0.814819
vt 0.212054 0.819845
vt 0.164787 0.818187
vt 0.244230 0.990085
vt 0.254050 0.990462
vt 0.241041 0.994426
vt 0.236839 0.992078
vt 0.194168 0.866232
vt 0.201426 0.865639
vt 0.185507 0.866813
vt 0.275825 0.791584
vt 0.269890 0.804571
vt 0.266678 0.791636
vt 0.260229 0.796553
vt 0.230260 0.798046
vt 0.233890 0.813695
vt 0.244119 0.797067
vt 0.232249 0.791870
vt 0.208489 0.993497
vt 0.255361 0.791616
vt 0.244767 0.791936
vt 0.214048 0.990450
vt 0.224395 0.992923
vt 0.258071 0.806030
vt 0.263839 0.790078
vt 0.227096 0.791010
vt 0.303469 0.801983
vt 0.306111 0.790189
vt 0.303898 0.992323
vt 0.309599 0.987899
vt 0.293913 0.988629
vt 0.299559 0.990737
vt 0.169565 0.865602
vt 0.282848 0.790414
vt 0.293167 0.789880
vt 0.293287 0.793441
vt 0.277507 0.989624
vt 0.280685 0.991764
vt 0.266630 0.989465
vt 0.179274 0.866511
vt 0.281810 0.796427
vt 0.292154 0.806633
vt 0.280264 0.803400
vt 0.106195 0.863652
vt 0.111183 0.863949
vt 0.399126 0.985035
vt 0.390504 0.985070
vt 0.279194 0.387335
vt 0.279694 0.384398
vt 0.367296 0.823651
vt 0.360391 0.817800
vt 0.398672 0.782230
vt 0.401560 0.790460
vt 0.392311 0.787746
vt 0.383415 0.784455
vt 0.355961 0.805010
vt 0.341857 0.812117
vt 0.363958 0.795532
vt 0.371730 0.786201
vt 0.409917 0.782880
vt 0.400403 0.798437
vt 0.407264 0.793910
vt 0.414667 0.782928
vt 0.413548 0.788657
vt 0.411580 0.791336
vt 0.191104 0.663936
vt 0.194434 0.672176
vt 0.195487 0.665855
vt 0.364252 0.271598
vt 0.365429 0.262860
vt 0.367109 0.269746
vt 0.356777 0.312924
vt 0.353649 0.315240
vt 0.354372 0.322767
vt 0.291400 0.559958
vt 0.292751 0.564294
vt 0.290538 0.569142
vt 0.006983 0.109312
vt 0.006829 0.126818
vt 0.009122 0.120008
vt 0.007095 0.133987
vt 0.293699 0.573753
vt 0.073956 0.284030
vt 0.071312 0.284909
vt 0.074227 0.279094
vt 0.356256 0.306916
vt 0.354162 0.305849
vt 0.356041 0.302115
vt 0.356346 0.294474
vt 0.354396 0.292186
vt 0.407339 0.439324
vt 0.408177 0.449012
vt 0.107215 0.709239
vt 0.111862 0.703564
vt 0.117658 0.710733
vt 0.123510 0.706678
vt 0.120183 0.697365
vt 0.006813 0.300270
vt 0.012114 0.305161
vt 0.011878 0.296715
vt 0.065407 0.275456
vt 0.141536 0.629496
vt 0.141024 0.620289
vt 0.140996 0.611794
vt 0.410881 0.440906
vt 0.078135 0.695891
vt 0.085279 0.694255
vt 0.081024 0.699751
vt 0.415104 0.445650
vt 0.075908 0.690593
vt 0.080495 0.684575
vt 0.100662 0.695352
vt 0.086320 0.684891
vt 0.012782 0.245588
vt 0.013155 0.238835
vt 0.010173 0.236053
vt 0.009500 0.247962
vt 0.081326 0.388797
vt 0.078781 0.392692
vt 0.076687 0.390777
vt 0.084431 0.389606
vt 0.077630 0.676194
vt 0.007223 0.283754
vt 0.012050 0.278968
vt 0.009839 0.269577
vt 0.000725 0.276520
vt 0.012396 0.288357
vt 0.422735 0.443016
vt 0.422068 0.451387
vt 0.088434 0.706427
vt 0.100876 0.703857
vt 0.205712 0.117198
vt 0.206302 0.111548
vt 0.213573 0.116027
vt 0.094514 0.706413
vt 0.096222 0.688509
vt 0.005013 0.259863
vt 0.005251 0.236757
vt 0.001860 0.255965
vt 0.005963 0.222920
vt 0.011223 0.226124
vt 0.009311 0.217133
vt 0.429211 0.444435
vt 0.427737 0.439005
vt 0.435917 0.436990
vt 0.101768 0.710200
vt 0.107626 0.694683
vt 0.012034 0.257355
vt 0.091278 0.257606
vt 0.088100 0.265770
vt 0.083915 0.258155
vt 0.094305 0.263950
vt 0.012191 0.267416
vt 0.083061 0.266649
vt 0.077660 0.268874
vt 0.211869 0.110752
vt 0.089964 0.385264
vt 0.089543 0.390881
vt 0.094950 0.386422
vt 0.222953 0.119573
vt 0.223301 0.115127
vt 0.228663 0.114931
vt 0.214420 0.125092
vt 0.227489 0.124903
vt 0.221007 0.114053
vt 0.216830 0.111267
vt 0.007792 0.095475
vt 0.009406 0.081052
vt 0.008585 0.082669
vt 0.222200 0.112390
vt 0.126791 0.712589
vt 0.137509 0.720228
vt 0.128587 0.725365
vt 0.132736 0.706113
vt 0.124172 0.716379
vt 0.450858 0.427738
vt 0.454922 0.421809
vt 0.457623 0.425687
vt 0.459950 0.419424
vt 0.130485 0.700379
vt 0.125486 0.698824
vt 0.189239 0.611074
vt 0.190835 0.598195
vt 0.187177 0.593590
vt 0.140574 0.700752
vt 0.153118 0.692554
vt 0.148562 0.702422
vt 0.145306 0.697526
vt 0.189866 0.586224
vt 0.161823 0.688671
vt 0.157902 0.697055
vt 0.162672 0.681663
vt 0.188285 0.571136
vt 0.154042 0.701042
vt 0.190353 0.574009
vt 0.190951 0.591627
vt 0.168728 0.675975
vt 0.190442 0.561892
vt 0.167338 0.681201
vt 0.188153 0.561718
vt 0.191034 0.550685
vt 0.191540 0.494631
vt 0.195189 0.494812
vt 0.195733 0.499658
vt 0.007168 0.140295
vt 0.008864 0.137864
vt 0.191197 0.609447
vt 0.191472 0.605471
vt 0.251376 0.115207
vt 0.248743 0.113191
vt 0.251624 0.110349
vt 0.191421 0.581598
vt 0.330055 0.405144
vt 0.334406 0.403945
vt 0.333530 0.409114
vt 0.339131 0.404827
vt 0.339891 0.409374
vt 0.335865 0.413247
vt 0.339058 0.414115
vt 0.142261 0.710238
vt 0.146681 0.713000
vt 0.151125 0.706022
vt 0.173618 0.494912
vt 0.169087 0.500049
vt 0.166917 0.489764
vt 0.174803 0.490335
vt 0.179305 0.493508
vt 0.296357 0.567268
vt 0.235211 0.117846
vt 0.241165 0.116220
vt 0.240583 0.121023
vt 0.232527 0.125485
vt 0.009322 0.108338
vt 0.196155 0.648201
vt 0.193120 0.630285
vt 0.193766 0.638186
vt 0.135995 0.698191
vt 0.245172 0.119424
vt 0.245749 0.112298
vt 0.171058 0.666349
vt 0.175776 0.658449
vt 0.345866 0.412462
vt 0.342155 0.415253
vt 0.235054 0.085525
vt 0.240106 0.092632
vt 0.229071 0.087749
vt 0.188588 0.673973
vt 0.297915 0.581280
vt 0.296519 0.582993
vt 0.296061 0.578223
vt 0.364309 0.329744
vt 0.359336 0.334539
vt 0.363432 0.333361
vt 0.361314 0.321855
vt 0.356230 0.329426
vt 0.225604 0.101543
vt 0.230766 0.096855
vt 0.227164 0.106943
vt 0.232300 0.105743
vt 0.228169 0.108633
vt 0.005034 0.139031
vt 0.235690 0.102382
vt 0.239002 0.101347
vt 0.245555 0.096609
vt 0.241838 0.101315
vt 0.358238 0.317588
vt 0.414546 0.164966
vt 0.412262 0.160490
vt 0.416256 0.161485
vt 0.106692 0.093243
vt 0.105341 0.100342
vt 0.107226 0.098440
vt 0.292639 0.015571
vt 0.294599 0.006970
vt 0.296778 0.017426
vt 0.297727 0.006101
vt 0.418634 0.166453
vt 0.298934 0.013912
vt 0.300909 0.008799
vt 0.260939 0.181761
vt 0.262941 0.191381
vt 0.252777 0.188870
vt 0.258335 0.191135
vt 0.447948 0.633618
vt 0.452451 0.611520
vt 0.445778 0.624983
vt 0.452217 0.623383
vt 0.450766 0.644222
vt 0.447356 0.647751
vt 0.442510 0.635546
vt 0.051381 0.913511
vt 0.052177 0.906481
vt 0.435603 0.971295
vt 0.283658 0.174604
vt 0.280198 0.183984
vt 0.280249 0.174166
vt 0.058094 0.900182
vt 0.273352 0.168417
vt 0.277256 0.172773
vt 0.270848 0.181099
vt 0.263506 0.174275
vt 0.268117 0.192195
vt 0.448741 0.615025
vt 0.454345 0.612454
vt 0.054724 0.895543
vt 0.053121 0.887414
vt 0.268792 0.170036
vt 0.099962 0.611697
vt 0.103639 0.614528
vt 0.467172 0.853356
vt 0.470332 0.849912
vt 0.467783 0.845902
vt 0.326296 0.037309
vt 0.325037 0.024751
vt 0.323669 0.027377
vt 0.109751 0.622129
vt 0.111594 0.627892
vt 0.106946 0.617946
vt 0.323273 0.012671
vt 0.322194 0.018674
vt 0.325735 0.013268
vt 0.325292 0.007034
vt 0.245623 0.167998
vt 0.246790 0.174005
vt 0.245184 0.170837
vt 0.325847 0.021632
vt 0.254608 0.172165
vt 0.254322 0.181168
vt 0.249687 0.174464
vt 0.257532 0.174753
vt 0.463541 0.675516
vt 0.457635 0.672447
vt 0.461855 0.675934
vt 0.456416 0.664734
vt 0.459374 0.667086
vt 0.451940 0.667539
vt 0.321837 0.022075
vt 0.455218 0.659500
vt 0.452177 0.655925
vt 0.311338 0.979688
vt 0.451062 0.670364
vt 0.299623 0.973261
vt 0.309452 0.973514
vt 0.446778 0.664670
vt 0.314204 0.977834
vt 0.442857 0.651071
vt 0.442846 0.662596
vt 0.440055 0.654663
vt 0.440328 0.646123
vt 0.468720 0.865172
vt 0.471457 0.856731
vt 0.248537 0.182580
vt 0.096865 0.609874
vt 0.094878 0.610551
vt 0.260977 0.173615
vt 0.016237 0.576213
vt 0.013744 0.583954
vt 0.016735 0.592222
vt 0.452402 0.502296
vt 0.450248 0.501941
vt 0.453592 0.496364
vt 0.016728 0.607303
vt 0.020917 0.595539
vt 0.015583 0.618210
vt 0.018570 0.608576
vt 0.163019 0.309304
vt 0.166166 0.306272
vt 0.169728 0.307117
vt 0.022307 0.579773
vt 0.027739 0.570623
vt 0.459729 0.469861
vt 0.458648 0.479300
vt 0.454221 0.488929
vt 0.032304 0.551337
vt 0.035517 0.546602
vt 0.198917 0.087439
vt 0.152204 0.520529
vt 0.022905 0.587526
vt 0.030530 0.559602
vt 0.030093 0.567546
vt 0.013478 0.628670
vt 0.444777 0.518838
vt 0.447088 0.511470
vt 0.438820 0.529839
vt 0.437663 0.537119
vt 0.428760 0.549473
vt 0.443781 0.521590
vt 0.440408 0.531090
vt 0.148295 0.312019
vt 0.144363 0.309811
vt 0.148201 0.306078
vt 0.303246 0.907033
vt 0.305469 0.908580
vt 0.299769 0.908807
vt 0.236915 0.036399
vt 0.232742 0.035287
vt 0.237544 0.033813
vt 0.307548 0.905796
vt 0.011512 0.668663
vt 0.010765 0.658018
vt 0.139065 0.310844
vt 0.133248 0.313155
vt 0.136633 0.309329
vt 0.406736 0.678038
vt 0.402498 0.673150
vt 0.407252 0.687016
vt 0.011501 0.685074
vt 0.406387 0.671553
vt 0.012820 0.639961
vt 0.158861 0.309235
vt 0.153441 0.311944
vt 0.154556 0.306707
vt 0.151366 0.306142
vt 0.011646 0.649095
vt 0.278624 0.214730
vt 0.277594 0.221518
vt 0.274981 0.212657
vt 0.401889 0.660041
vt 0.399794 0.654061
vt 0.282662 0.220538
vt 0.334953 0.590392
vt 0.406152 0.665447
vt 0.403856 0.661649
vt 0.404886 0.655997
vt 0.322975 0.593339
vt 0.287186 0.225987
vt 0.285612 0.215178
vt 0.280976 0.213533
vt 0.296536 0.214273
vt 0.294897 0.223230
vt 0.291515 0.215925
vt 0.300989 0.212657
vt 0.017219 0.795916
vt 0.018669 0.799994
vt 0.015518 0.801542
vt 0.316312 0.776259
vt 0.316301 0.776765
vt 0.313904 0.777568
vt 0.018804 0.791638
vt 0.380785 0.706673
vt 0.383058 0.709730
vt 0.384840 0.704008
vt 0.024635 0.789687
vt 0.019860 0.787362
vt 0.381467 0.717143
vt 0.021564 0.781735
vt 0.377566 0.713809
vt 0.004049 0.990799
vt 0.001460 0.989847
vt 0.001310 0.987312
vt 0.001688 0.992608
vt 0.374736 0.717662
vt 0.453029 0.866340
vt 0.448170 0.862124
vt 0.451845 0.860246
vt 0.004014 0.986640
vt 0.006440 0.988046
vt 0.029459 0.792578
vt 0.025072 0.801547
vt 0.024158 0.811955
vt 0.024204 0.781386
vt 0.018492 0.810752
vt 0.074302 0.812095
vt 0.059798 0.808015
vt 0.386275 0.879134
vt 0.377721 0.873486
vt 0.384159 0.868024
vt 0.374507 0.883246
vt 0.367706 0.878013
vt 0.060607 0.797279
vt 0.051350 0.802731
vt 0.067852 0.803534
vt 0.066039 0.793239
vt 0.074312 0.795132
vt 0.396180 0.878121
vt 0.055113 0.793582
vt 0.018803 0.996729
vt 0.027587 0.998125
vt 0.020128 0.998698
vt 0.017750 0.998389
vt 0.434213 0.877354
vt 0.427981 0.870703
vt 0.433717 0.868334
vt 0.425164 0.868477
vt 0.420468 0.870206
vt 0.426231 0.865097
vt 0.426582 0.885051
vt 0.418886 0.884625
vt 0.425144 0.873023
vt 0.031251 0.996431
vt 0.017083 0.996000
vt 0.417853 0.862662
vt 0.421047 0.862903
vt 0.413966 0.871004
vt 0.409061 0.863303
vt 0.416120 0.860880
vt 0.397803 0.862105
vt 0.399220 0.868433
vt 0.405477 0.876742
vt 0.044076 0.809727
vt 0.036969 0.798021
vt 0.043630 0.795106
vt 0.033205 0.788844
vt 0.008831 0.995297
vt 0.003912 0.997320
vt 0.007162 0.998109
vt 0.027120 0.784893
vt 0.009611 0.989379
vt 0.440769 0.864064
vt 0.038327 0.790890
vt 0.012431 0.994951
vt 0.013265 0.998431
vt 0.051367 0.793081
vt 0.048040 0.792536
vt 0.015402 0.996903
vt 0.010480 0.993946
vt 0.430923 0.866269
vt 0.384744 0.821799
vt 0.380619 0.829203
vt 0.378120 0.828430
vt 0.386865 0.827713
vt 0.383995 0.828292
vt 0.142392 0.246929
vt 0.140118 0.245492
vt 0.140497 0.249640
vt 0.374842 0.828136
vt 0.371258 0.826190
vt 0.359258 0.789720
vt 0.351971 0.788571
vt 0.347871 0.785471
vt 0.360669 0.784228
vt 0.376774 0.988813
vt 0.375749 0.984609
vt 0.271728 0.385226
vt 0.266610 0.387488
vt 0.256970 0.384534
vt 0.185208 0.822873
vt 0.179166 0.829139
vt 0.201648 0.827541
vt 0.191066 0.830902
vt 0.152625 0.822155
vt 0.167383 0.827371
vt 0.159062 0.830300
vt 0.148000 0.828269
vt 0.274866 0.818574
vt 0.275575 0.830206
vt 0.262645 0.821323
vt 0.285520 0.828232
vt 0.281460 0.814330
vt 0.230637 0.827234
vt 0.246073 0.816755
vt 0.245124 0.831181
vt 0.253858 0.823494
vt 0.263502 0.832301
vt 0.315623 0.816558
vt 0.328817 0.818477
vt 0.303902 0.816727
vt 0.309465 0.824099
vt 0.295149 0.819047
vt 0.296776 0.826683
vt 0.295579 0.835984
vt 0.296556 0.167091
vt 0.292968 0.176918
vt 0.291872 0.168680
vt 0.298326 0.174050
vt 0.295676 0.182298
vt 0.371272 0.514333
vt 0.373761 0.510929
vt 0.370710 0.507383
vt 0.376214 0.503220
vt 0.372794 0.495403
vt 0.376188 0.510517
vt 0.378705 0.510074
vt 0.299773 0.166432
vt 0.304313 0.172110
vt 0.375967 0.486180
vt 0.308625 0.168143
vt 0.313426 0.169679
vt 0.308978 0.176854
vt 0.378188 0.494583
vt 0.379154 0.483680
vt 0.378654 0.476108
vt 0.332240 0.089945
vt 0.327575 0.077297
vt 0.331353 0.080218
vt 0.304292 0.181628
vt 0.300302 0.180000
vt 0.332953 0.087840
vt 0.336765 0.093202
vt 0.330177 0.091517
vt 0.333389 0.098623
vt 0.325197 0.073859
vt 0.324439 0.065272
vt 0.312324 0.177816
vt 0.117926 0.472763
vt 0.113624 0.471455
vt 0.117244 0.479591
vt 0.315891 0.174759
vt 0.318244 0.171330
vt 0.220053 0.907444
vt 0.222621 0.906541
vt 0.221151 0.917549
vt 0.226501 0.913328
vt 0.224689 0.907099
vt 0.228406 0.907591
vt 0.125663 0.240856
vt 0.233072 0.910585
vt 0.226459 0.921642
vt 0.229778 0.069331
vt 0.225262 0.072286
vt 0.227214 0.066298
vt 0.221311 0.071295
vt 0.223507 0.068518
vt 0.232169 0.920616
vt 0.219026 0.075668
vt 0.279547 0.093735
vt 0.279118 0.094222
vt 0.277685 0.090176
vt 0.282583 0.094274
vt 0.444031 0.567013
vt 0.447319 0.565154
vt 0.211188 0.071048
vt 0.457369 0.746419
vt 0.459354 0.745715
vt 0.457477 0.747678
vt 0.103387 0.057787
vt 0.106419 0.054942
vt 0.110318 0.059299
vt 0.108366 0.065514
vt 0.101658 0.065573
vt 0.111568 0.057708
vt 0.113148 0.057362
vt 0.215094 0.079219
vt 0.214855 0.072944
vt 0.280440 0.095251
vt 0.279697 0.094940
vt 0.445322 0.570246
vt 0.444938 0.571713
vt 0.442671 0.575321
vt 0.216361 0.069994
vt 0.438403 0.564673
vt 0.281954 0.097062
vt 0.454574 0.746153
vt 0.456555 0.748430
vt 0.454278 0.750360
vt 0.109364 0.055260
vt 0.443757 0.575787
vt 0.203345 0.027262
vt 0.205686 0.027463
vt 0.203932 0.030140
vt 0.108786 0.054653
vt 0.384126 0.405469
vt 0.394289 0.399366
vt 0.390036 0.409166
vt 0.394612 0.409864
vt 0.397692 0.405338
vt 0.412441 0.386757
vt 0.409181 0.398652
vt 0.404197 0.390309
vt 0.417497 0.386175
vt 0.444361 0.546248
vt 0.440290 0.550311
vt 0.422254 0.392658
vt 0.425734 0.382534
vt 0.417803 0.397953
vt 0.401969 0.403566
vt 0.465794 0.622777
vt 0.467768 0.612401
vt 0.464299 0.604437
vt 0.047029 0.054305
vt 0.041140 0.052528
vt 0.045597 0.044446
vt 0.462093 0.636748
vt 0.462615 0.623828
vt 0.030994 0.048345
vt 0.031288 0.041627
vt 0.037697 0.032049
vt 0.064727 0.727281
vt 0.042913 0.029167
vt 0.067097 0.735448
vt 0.078222 0.733553
vt 0.247876 0.018923
vt 0.239621 0.022031
vt 0.242302 0.018656
vt 0.243071 0.023817
vt 0.054951 0.041716
vt 0.053028 0.049323
vt 0.049394 0.030802
vt 0.056129 0.033172
vt 0.056309 0.039522
vt 0.424596 0.472135
vt 0.424772 0.459712
vt 0.426538 0.466172
vt 0.056839 0.046496
vt 0.051646 0.053400
vt 0.049477 0.053625
vt 0.428608 0.476795
vt 0.473039 0.043183
vt 0.469709 0.045213
vt 0.126509 0.433947
vt 0.125006 0.421828
vt 0.128128 0.424609
vt 0.120403 0.435135
vt 0.114136 0.424735
vt 0.432661 0.473674
vt 0.431856 0.478961
vt 0.433798 0.481243
vt 0.437781 0.474553
vt 0.125743 0.440422
vt 0.054742 0.019211
vt 0.049197 0.017375
vt 0.119458 0.441397
vt 0.045098 0.019517
vt 0.115376 0.439119
vt 0.106879 0.427843
vt 0.109798 0.416861
vt 0.116250 0.416492
vt 0.123749 0.415691
vt 0.305112 0.435134
vt 0.301995 0.426513
vt 0.310134 0.423313
vt 0.298841 0.434788
vt 0.111272 0.437346
vt 0.106892 0.436749
vt 0.036282 0.017143
vt 0.040022 0.014538
vt 0.102264 0.435616
vt 0.290858 0.031992
vt 0.285212 0.032212
vt 0.282489 0.024632
vt 0.285499 0.022737
vt 0.029743 0.025232
vt 0.030164 0.013935
vt 0.094264 0.436172
vt 0.097973 0.428733
vt 0.095589 0.437308
vt 0.287968 0.040599
vt 0.286537 0.036224
vt 0.029729 0.030193
vt 0.090533 0.433360
vt 0.071461 0.741837
vt 0.066785 0.738842
vt 0.025921 0.016215
vt 0.097414 0.439025
vt 0.100662 0.417550
vt 0.089335 0.417924
vt 0.079454 0.424795
vt 0.078907 0.417851
vt 0.290149 0.435310
vt 0.290483 0.426908
vt 0.094767 0.416869
vt 0.294076 0.046238
vt 0.289437 0.046716
vt 0.301789 0.034483
vt 0.300312 0.044361
vt 0.418873 0.173162
vt 0.420147 0.181132
vt 0.416889 0.178914
vt 0.424563 0.174983
vt 0.434582 0.174316
vt 0.432225 0.184169
vt 0.428816 0.178743
vt 0.432738 0.171713
vt 0.108753 0.753507
vt 0.112976 0.755237
vt 0.108606 0.758840
vt 0.428430 0.171378
vt 0.413456 0.176918
vt 0.075869 0.744010
vt 0.299285 0.022935
vt 0.297235 0.027124
vt 0.291784 0.022743
vt 0.302005 0.024540
vt 0.087140 0.742370
vt 0.080490 0.748759
vt 0.085983 0.751569
vt 0.082883 0.751163
vt 0.394935 0.173423
vt 0.399978 0.174078
vt 0.402619 0.175031
vt 0.305668 0.025475
vt 0.309296 0.033520
vt 0.310157 0.026833
vt 0.091788 0.754076
vt 0.088596 0.754892
vt 0.313533 0.028058
vt 0.316196 0.031213
vt 0.320456 0.033299
vt 0.316268 0.039456
vt 0.370794 0.598853
vt 0.377466 0.582125
vt 0.376635 0.592508
vt 0.425505 0.187006
vt 0.368182 0.612205
vt 0.364845 0.607277
vt 0.307874 0.044747
vt 0.265351 0.233122
vt 0.262168 0.236904
vt 0.265120 0.217658
vt 0.194986 0.658370
vt 0.189478 0.658099
vt 0.371154 0.273750
vt 0.371256 0.267231
vt 0.267726 0.227712
vt 0.258747 0.227587
vt 0.367889 0.275041
vt 0.185763 0.661014
vt 0.268139 0.219851
vt 0.268242 0.215178
vt 0.354480 0.611712
vt 0.351879 0.599706
vt 0.364549 0.590476
vt 0.347264 0.609437
vt 0.349851 0.589906
vt 0.345086 0.596131
vt 0.361655 0.575834
vt 0.123020 0.378137
vt 0.114242 0.380728
vt 0.118665 0.371573
vt 0.264635 0.207695
vt 0.372872 0.540119
vt 0.377179 0.538373
vt 0.374447 0.553522
vt 0.064693 0.437594
vt 0.064213 0.427256
vt 0.072311 0.439033
vt 0.367853 0.548946
vt 0.368114 0.540820
vt 0.067200 0.438943
vt 0.363711 0.547997
vt 0.395935 0.060733
vt 0.394531 0.050628
vt 0.399302 0.053798
vt 0.385490 0.063828
vt 0.390219 0.051594
vt 0.060647 0.622684
vt 0.061570 0.630729
vt 0.064595 0.625723
vt 0.063588 0.614459
vt 0.060871 0.617801
vt 0.082121 0.371433
vt 0.083467 0.367241
vt 0.086999 0.369744
vt 0.053160 0.426413
vt 0.059350 0.439011
vt 0.054703 0.438903
vt 0.364542 0.539973
vt 0.398486 0.071903
vt 0.392128 0.067923
vt 0.396480 0.067569
vt 0.063227 0.510783
vt 0.074661 0.503671
vt 0.067318 0.509440
vt 0.386077 0.051543
vt 0.045652 0.430471
vt 0.049657 0.439946
vt 0.380747 0.051879
vt 0.070939 0.496263
vt 0.082038 0.499831
vt 0.036778 0.431471
vt 0.043435 0.441398
vt 0.377108 0.063423
vt 0.386185 0.072772
vt 0.378891 0.072013
vt 0.081186 0.484687
vt 0.373587 0.072706
vt 0.369902 0.070090
vt 0.374286 0.052503
vt 0.370465 0.056708
vt 0.371727 0.570079
vt 0.360557 0.556441
vt 0.064518 0.635259
vt 0.062492 0.638179
vt 0.090963 0.370154
vt 0.087629 0.363309
vt 0.353078 0.574617
vt 0.356956 0.564562
vt 0.348042 0.579319
vt 0.096927 0.368356
vt 0.100604 0.375549
vt 0.090667 0.377070
vt 0.256453 0.240386
vt 0.257066 0.237479
vt 0.259373 0.240587
vt 0.253036 0.240240
vt 0.253638 0.235179
vt 0.249838 0.229003
vt 0.087193 0.493615
vt 0.090698 0.477362
vt 0.261750 0.209581
vt 0.263372 0.204306
vt 0.120191 0.387722
vt 0.111727 0.386926
vt 0.005442 0.123624
vt 0.259208 0.202291
vt 0.091939 0.495953
vt 0.099187 0.484480
vt 0.096597 0.494460
vt 0.078077 0.280205
vt 0.363692 0.071325
vt 0.365129 0.061545
vt 0.360211 0.073569
vt 0.358957 0.070934
vt 0.256485 0.211985
vt 0.344481 0.585749
vt 0.100708 0.259168
vt 0.096351 0.258004
vt 0.099361 0.253035
vt 0.104177 0.251054
vt 0.100029 0.248801
vt 0.094673 0.249603
vt 0.105969 0.258566
vt 0.107179 0.383735
vt 0.099490 0.383695
vt 0.106683 0.376151
vt 0.341568 0.622475
vt 0.336021 0.610894
vt 0.341431 0.608073
vt 0.127584 0.375853
vt 0.122562 0.369957
vt 0.334002 0.618229
vt 0.331383 0.632430
vt 0.343840 0.603210
vt 0.330669 0.622675
vt 0.225189 0.090319
vt 0.222421 0.095626
vt 0.126890 0.380301
vt 0.185545 0.672593
vt 0.428881 0.828695
vt 0.421342 0.832167
vt 0.420759 0.820874
vt 0.416031 0.826149
vt 0.427017 0.821821
vt 0.079252 0.562104
vt 0.071108 0.568857
vt 0.067225 0.571511
vt 0.412575 0.820453
vt 0.433609 0.821900
vt 0.438970 0.822040
vt 0.124178 0.619799
vt 0.120492 0.614021
vt 0.124256 0.626992
vt 0.055817 0.102533
vt 0.064936 0.113232
vt 0.055540 0.111397
vt 0.122157 0.611135
vt 0.122837 0.634254
vt 0.065676 0.105300
vt 0.082531 0.652089
vt 0.082673 0.642990
vt 0.090165 0.650347
vt 0.120061 0.599366
vt 0.087250 0.654154
vt 0.069708 0.109862
vt 0.083928 0.657750
vt 0.445966 0.819567
vt 0.446678 0.831105
vt 0.078958 0.630994
vt 0.451973 0.817387
vt 0.456660 0.818920
vt 0.454539 0.825822
vt 0.460077 0.820548
vt 0.085609 0.522114
vt 0.080447 0.535151
vt 0.079360 0.527362
vt 0.303219 0.144489
vt 0.301225 0.148956
vt 0.297595 0.141840
vt 0.083202 0.551342
vt 0.080212 0.548863
vt 0.076634 0.537553
vt 0.160228 0.213136
vt 0.158443 0.222531
vt 0.155246 0.216556
vt 0.165370 0.213829
vt 0.072266 0.555151
vt 0.071340 0.546251
vt 0.073428 0.539328
vt 0.167991 0.209046
vt 0.171829 0.210923
vt 0.068172 0.558729
vt 0.069290 0.550304
vt 0.408107 0.815136
vt 0.405499 0.818345
vt 0.175922 0.202103
vt 0.177643 0.207561
vt 0.165360 0.223046
vt 0.172575 0.224598
vt 0.168791 0.227155
vt 0.175278 0.216158
vt 0.469359 0.879536
vt 0.473178 0.874759
vt 0.285799 0.176971
vt 0.456593 0.574980
vt 0.455914 0.588353
vt 0.459327 0.588681
vt 0.463125 0.577990
vt 0.287619 0.184454
vt 0.452554 0.579310
vt 0.451201 0.570471
vt 0.344890 0.101044
vt 0.347817 0.097384
vt 0.348999 0.102114
vt 0.454419 0.563561
vt 0.450375 0.574779
vt 0.191711 0.138477
vt 0.190163 0.146211
vt 0.189671 0.140603
vt 0.194532 0.143351
vt 0.436118 0.957636
vt 0.460840 0.569925
vt 0.292689 0.185276
vt 0.291368 0.192416
vt 0.458155 0.564765
vt 0.340062 0.100487
vt 0.342403 0.090875
vt 0.345997 0.092523
vt 0.193244 0.133822
vt 0.196559 0.133899
vt 0.342303 0.086487
vt 0.347624 0.086951
vt 0.290300 0.169963
vt 0.334659 0.104307
vt 0.337436 0.105755
vt 0.278047 0.190934
vt 0.273309 0.192978
vt 0.469756 0.912957
vt 0.471239 0.918006
vt 0.471429 0.911992
vt 0.472127 0.917178
vt 0.279969 0.191245
vt 0.452898 0.587380
vt 0.471797 0.902484
vt 0.468363 0.889818
vt 0.455736 0.593611
vt 0.473526 0.898133
vt 0.471660 0.907889
vt 0.029010 0.116528
vt 0.342358 0.081890
vt 0.345042 0.078109
vt 0.189435 0.161646
vt 0.191384 0.151691
vt 0.192839 0.156866
vt 0.193829 0.151383
vt 0.194468 0.152030
vt 0.197357 0.155768
vt 0.195037 0.157465
vt 0.195179 0.162065
vt 0.197940 0.137998
vt 0.196697 0.144904
vt 0.203320 0.136247
vt 0.202468 0.144543
vt 0.472883 0.861737
vt 0.472860 0.867334
vt 0.388609 0.921156
vt 0.399983 0.919178
vt 0.387623 0.583453
vt 0.383934 0.915172
vt 0.023514 0.051409
vt 0.358076 0.916984
vt 0.362384 0.912597
vt 0.291591 0.749280
vt 0.287923 0.747595
vt 0.306493 0.748238
vt 0.124374 0.311511
vt 0.116758 0.307993
vt 0.128479 0.309615
vt 0.368721 0.921019
vt 0.330630 0.843471
vt 0.328437 0.852352
vt 0.321191 0.846328
vt 0.310492 0.750464
vt 0.345559 0.854149
vt 0.380691 0.923893
vt 0.377780 0.927821
vt 0.380301 0.920725
vt 0.314241 0.012221
vt 0.312988 0.001767
vt 0.312688 0.017637
vt 0.206957 0.269891
vt 0.211233 0.268278
vt 0.211606 0.272441
vt 0.392710 0.425974
vt 0.395113 0.420919
vt 0.395294 0.422960
vt 0.385737 0.424322
vt 0.384162 0.421209
vt 0.389078 0.422601
vt 0.391792 0.422098
vt 0.395486 0.426361
vt 0.211791 0.266838
vt 0.330266 0.278511
vt 0.326594 0.279113
vt 0.375694 0.910772
vt 0.300184 0.286338
vt 0.302130 0.284173
vt 0.303282 0.285298
vt 0.351886 0.846161
vt 0.353361 0.855746
vt 0.325195 0.287641
vt 0.325107 0.284270
vt 0.353276 0.851309
vt 0.322848 0.285805
vt 0.340487 0.695251
vt 0.341261 0.695374
vt 0.341194 0.692998
vt 0.286362 0.750636
vt 0.394308 0.428058
vt 0.370134 0.913319
vt 0.278520 0.749667
vt 0.280121 0.746459
vt 0.284288 0.749378
vt 0.376001 0.915764
vt 0.183724 0.017917
vt 0.213048 0.264499
vt 0.074615 0.005036
vt 0.053208 0.002158
vt 0.073219 0.002158
vt 0.273961 0.748144
vt 0.063738 0.004701
vt 0.376050 0.919051
vt 0.296744 0.118891
vt 0.286104 0.116550
vt 0.321210 0.749709
vt 0.316073 0.849801
vt 0.345934 0.950016
vt 0.344471 0.953347
vt 0.276813 0.114189
vt 0.285841 0.120214
vt 0.364501 0.938699
vt 0.289316 0.115249
vt 0.361590 0.945537
vt 0.274522 0.120646
vt 0.285838 0.460577
vt 0.283172 0.467313
vt 0.286331 0.468195
vt 0.283437 0.476410
vt 0.163871 0.422460
vt 0.162557 0.408123
vt 0.168069 0.408088
vt 0.154207 0.408948
vt 0.157276 0.402925
vt 0.278165 0.480336
vt 0.287367 0.475724
vt 0.174206 0.418586
vt 0.155867 0.423173
vt 0.174495 0.402749
vt 0.178129 0.391396
vt 0.187263 0.397480
vt 0.172865 0.393140
vt 0.302837 0.157289
vt 0.308094 0.152191
vt 0.168597 0.399869
vt 0.298492 0.157222
vt 0.295530 0.152587
vt 0.292286 0.145768
vt 0.292216 0.140454
vt 0.180559 0.415324
vt 0.288438 0.458273
vt 0.288774 0.461610
vt 0.187902 0.409677
vt 0.142840 0.403771
vt 0.148836 0.399058
vt 0.146468 0.413114
vt 0.138011 0.404534
vt 0.134776 0.389750
vt 0.132514 0.376671
vt 0.048011 0.240561
vt 0.055374 0.235148
vt 0.054011 0.241007
vt 0.049350 0.229508
vt 0.043516 0.235434
vt 0.266488 0.453853
vt 0.267207 0.446163
vt 0.273065 0.450868
vt 0.036817 0.220552
vt 0.041988 0.224402
vt 0.274983 0.444302
vt 0.278354 0.449583
vt 0.258720 0.691831
vt 0.256823 0.695199
vt 0.260564 0.702808
vt 0.003313 0.835219
vt 0.048634 0.224171
vt 0.257484 0.685776
vt 0.252870 0.683078
vt 0.054186 0.223347
vt 0.281426 0.446378
vt 0.255786 0.678783
vt 0.416835 0.732297
vt 0.414304 0.731713
vt 0.417825 0.738849
vt 0.251880 0.666036
vt 0.245376 0.640240
vt 0.248096 0.666110
vt 0.415730 0.726352
vt 0.415095 0.721973
vt 0.413323 0.714485
vt 0.247929 0.638901
vt 0.407034 0.709877
vt 0.412535 0.709499
vt 0.408809 0.701703
vt 0.408598 0.693971
vt 0.404232 0.691308
vt 0.244888 0.650879
vt 0.241156 0.637800
vt 0.404777 0.699729
vt 0.245215 0.609200
vt 0.241354 0.618638
vt 0.246484 0.625488
vt 0.246378 0.616980
vt 0.400536 0.682337
vt 0.398127 0.670288
vt 0.064580 0.232707
vt 0.062022 0.238154
vt 0.063601 0.224471
vt 0.249996 0.669984
vt 0.058791 0.240282
vt 0.060025 0.224434
vt 0.241175 0.629042
vt 0.083950 0.222603
vt 0.087639 0.222003
vt 0.239521 0.610540
vt 0.238361 0.615955
vt 0.240994 0.601519
vt 0.243573 0.582295
vt 0.245537 0.594654
vt 0.285182 0.442267
vt 0.285265 0.446638
vt 0.255507 0.672506
vt 0.288733 0.445284
vt 0.291452 0.444819
vt 0.249992 0.044222
vt 0.245801 0.042076
vt 0.248997 0.039503
vt 0.289028 0.441007
vt 0.245573 0.038660
vt 0.242948 0.038999
vt 0.247503 0.570015
vt 0.247596 0.581953
vt 0.240068 0.591181
vt 0.245326 0.563647
vt 0.242675 0.569261
vt 0.166135 0.118428
vt 0.167605 0.123593
vt 0.162720 0.118299
vt 0.169918 0.121457
vt 0.107248 0.047414
vt 0.439364 0.785435
vt 0.111743 0.042083
vt 0.103121 0.021680
vt 0.094875 0.009607
vt 0.091601 0.009507
vt 0.091551 0.005634
vt 0.116057 0.031300
vt 0.114956 0.025215
vt 0.112650 0.033239
vt 0.090705 0.128051
vt 0.092025 0.132952
vt 0.087397 0.130253
vt 0.117691 0.023001
vt 0.115565 0.041575
vt 0.112658 0.044632
vt 0.228650 0.274354
vt 0.228022 0.269042
vt 0.231851 0.270083
vt 0.231711 0.265540
vt 0.096789 0.005154
vt 0.099955 0.007953
vt 0.235496 0.262441
vt 0.113358 0.025949
vt 0.233950 0.261151
vt 0.108737 0.025299
vt 0.106505 0.022890
vt 0.111088 0.023648
vt 0.132519 0.448637
vt 0.134713 0.454584
vt 0.135304 0.442855
vt 0.225373 0.273121
vt 0.215957 0.274213
vt 0.221075 0.268153
vt 0.221180 0.276260
vt 0.121410 0.026149
vt 0.121297 0.021759
vt 0.118774 0.029109
vt 0.119286 0.021516
vt 0.223493 0.268364
vt 0.154656 0.451647
vt 0.158518 0.449929
vt 0.155196 0.446665
vt 0.150834 0.445611
vt 0.142730 0.438022
vt 0.147148 0.449849
vt 0.147700 0.440454
vt 0.334835 0.544901
vt 0.335625 0.551381
vt 0.330540 0.553102
vt 0.040689 0.551797
vt 0.041658 0.555692
vt 0.042373 0.544646
vt 0.337921 0.540343
vt 0.043679 0.551008
vt 0.345414 0.549420
vt 0.347708 0.548027
vt 0.346514 0.555136
vt 0.430372 0.008434
vt 0.431086 0.015206
vt 0.427826 0.018110
vt 0.426003 0.009399
vt 0.430939 0.002398
vt 0.349842 0.559150
vt 0.179592 0.618855
vt 0.181938 0.611884
vt 0.182296 0.621136
vt 0.180780 0.600719
vt 0.432708 0.006196
vt 0.348612 0.524909
vt 0.350912 0.523127
vt 0.347560 0.533603
vt 0.346718 0.517150
vt 0.353876 0.520597
vt 0.356450 0.517697
vt 0.358100 0.520986
vt 0.357341 0.525528
vt 0.351412 0.532137
vt 0.344438 0.527250
vt 0.337576 0.522445
vt 0.026173 0.032967
vt 0.025442 0.041007
vt 0.024894 0.035299
vt 0.178647 0.652607
vt 0.184492 0.626605
vt 0.181890 0.641969
vt 0.352419 0.413431
vt 0.355386 0.415128
vt 0.351756 0.417986
vt 0.182951 0.635613
vt 0.349515 0.410313
vt 0.180094 0.631947
vt 0.357240 0.410930
vt 0.358499 0.412577
vt 0.179647 0.638619
vt 0.332438 0.560097
vt 0.424161 0.014322
vt 0.032441 0.514931
vt 0.027540 0.511117
vt 0.032348 0.507855
vt 0.348380 0.559743
vt 0.347532 0.562353
vt 0.025800 0.507374
vt 0.030860 0.504317
vt 0.361948 0.404276
vt 0.362264 0.407703
vt 0.179457 0.623311
vt 0.177708 0.645875
vt 0.344303 0.417607
vt 0.474811 0.319862
vt 0.474788 0.327338
vt 0.475023 0.324163
vt 0.333067 0.511696
vt 0.328866 0.524268
vt 0.322975 0.512385
vt 0.326564 0.533210
vt 0.330152 0.534401
vt 0.329298 0.535900
vt 0.016680 0.003136
vt 0.019376 0.003069
vt 0.015219 0.007924
vt 0.333985 0.537268
vt 0.022558 0.005828
vt 0.019724 0.008417
vt 0.338299 0.534958
vt 0.341767 0.533203
vt 0.323455 0.548712
vt 0.330742 0.543453
vt 0.334343 0.541327
vt 0.442617 0.113855
vt 0.440451 0.114687
vt 0.440719 0.109099
vt 0.345542 0.539825
vt 0.349317 0.536929
vt 0.272051 0.776858
vt 0.273497 0.782014
vt 0.267816 0.775725
vt 0.046201 0.547273
vt 0.051210 0.539406
vt 0.043793 0.534021
vt 0.421180 0.007191
vt 0.422493 0.002158
vt 0.424195 0.009513
vt 0.029330 0.513667
vt 0.028186 0.521437
vt 0.025413 0.510012
vt 0.022455 0.509981
vt 0.024725 0.506640
vt 0.045319 0.554751
vt 0.264908 0.090440
vt 0.270768 0.091009
vt 0.267555 0.101988
vt 0.271077 0.097039
vt 0.270659 0.100883
vt 0.263905 0.099145
vt 0.044842 0.522338
vt 0.047816 0.530157
vt 0.032649 0.522933
vt 0.034017 0.519455
vt 0.423362 0.023595
vt 0.051324 0.532055
vt 0.050988 0.525760
vt 0.348204 0.270265
vt 0.348113 0.261500
vt 0.049157 0.522821
vt 0.056573 0.559065
vt 0.056889 0.568497
vt 0.058041 0.563379
vt 0.352341 0.255630
vt 0.350267 0.256563
vt 0.344939 0.255599
vt 0.348091 0.252912
vt 0.045971 0.517687
vt 0.047249 0.515314
vt 0.327725 0.424178
vt 0.323123 0.427440
vt 0.324677 0.420220
vt 0.323257 0.567173
vt 0.327029 0.569567
vt 0.325481 0.573833
vt 0.321504 0.574384
vt 0.318635 0.572014
vt 0.324415 0.578469
vt 0.444726 0.944977
vt 0.445775 0.934448
vt 0.442780 0.937581
vt 0.441542 0.935840
vt 0.442748 0.930667
vt 0.325687 0.565863
vt 0.327778 0.566369
vt 0.326436 0.566810
vt 0.444928 0.922839
vt 0.323529 0.559985
vt 0.323825 0.565132
vt 0.319823 0.566477
vt 0.401823 0.846961
vt 0.401513 0.854667
vt 0.402742 0.847598
vt 0.314887 0.560437
vt 0.315733 0.554236
vt 0.322614 0.522922
vt 0.326799 0.528372
vt 0.324627 0.522319
vt 0.325950 0.539028
vt 0.328881 0.536923
vt 0.328409 0.565350
vt 0.464225 0.644105
vt 0.461704 0.640809
vt 0.472712 0.619728
vt 0.472092 0.641811
vt 0.472822 0.631298
vt 0.375664 0.340618
vt 0.382044 0.334775
vt 0.381609 0.348307
vt 0.264834 0.398328
vt 0.387187 0.344534
vt 0.385108 0.349082
vt 0.472876 0.615568
vt 0.434469 0.836942
vt 0.427285 0.840387
vt 0.437126 0.841289
vt 0.442131 0.837529
vt 0.441397 0.841730
vt 0.451470 0.833851
vt 0.456035 0.834340
vt 0.070697 0.101116
vt 0.072597 0.094488
vt 0.073691 0.100934
vt 0.458649 0.834791
vt 0.075391 0.095670
vt 0.076239 0.101240
vt 0.460593 0.831666
vt 0.289201 0.413543
vt 0.280188 0.425381
vt 0.294657 0.413114
vt 0.297302 0.415039
vt 0.387301 0.334166
vt 0.392948 0.334542
vt 0.391926 0.342008
vt 0.384230 0.333408
vt 0.284846 0.414141
vt 0.275424 0.415078
vt 0.279192 0.414378
vt 0.271033 0.418962
vt 0.274417 0.434852
vt 0.255816 0.417669
vt 0.258836 0.414838
vt 0.262623 0.423659
vt 0.409157 0.090827
vt 0.405708 0.092878
vt 0.403613 0.084486
vt 0.408021 0.085580
vt 0.411112 0.087566
vt 0.199938 0.249230
vt 0.208238 0.238535
vt 0.206561 0.245878
vt 0.210891 0.244689
vt 0.414715 0.091942
vt 0.241754 0.414345
vt 0.246372 0.414164
vt 0.247752 0.424826
vt 0.250136 0.414892
vt 0.236232 0.413723
vt 0.235609 0.420546
vt 0.225158 0.412210
vt 0.231003 0.413234
vt 0.227451 0.420522
vt 0.257473 0.435463
vt 0.219068 0.410524
vt 0.420420 0.097401
vt 0.419353 0.089672
vt 0.218341 0.242428
vt 0.218625 0.237585
vt 0.221237 0.243682
vt 0.457876 0.333956
vt 0.464005 0.335264
vt 0.458628 0.344424
vt 0.424561 0.087703
vt 0.212378 0.229499
vt 0.216321 0.413909
vt 0.216700 0.408574
vt 0.420326 0.106948
vt 0.415539 0.104776
vt 0.217399 0.225550
vt 0.427665 0.103897
vt 0.214845 0.245798
vt 0.162917 0.432201
vt 0.157510 0.432268
vt 0.152843 0.428525
vt 0.148306 0.423067
vt 0.422982 0.843559
vt 0.225054 0.021147
vt 0.226277 0.024819
vt 0.221011 0.025187
vt 0.408765 0.827485
vt 0.408426 0.836000
vt 0.404269 0.829093
vt 0.143916 0.420319
vt 0.413072 0.831981
vt 0.206042 0.015932
vt 0.210089 0.020044
vt 0.206407 0.019998
vt 0.416104 0.836533
vt 0.141577 0.415244
vt 0.140673 0.410820
vt 0.420011 0.840152
vt 0.400712 0.819445
vt 0.429490 0.845411
vt 0.414167 0.349628
vt 0.425939 0.347331
vt 0.416414 0.351911
vt 0.427342 0.351570
vt 0.061093 0.258230
vt 0.056176 0.250117
vt 0.202978 0.229795
vt 0.197460 0.241900
vt 0.401234 0.091707
vt 0.061105 0.605935
vt 0.059905 0.504200
vt 0.066767 0.313726
vt 0.066329 0.302119
vt 0.068869 0.299834
vt 0.056684 0.499133
vt 0.430110 0.351871
vt 0.437795 0.351442
vt 0.076688 0.291589
vt 0.078423 0.297201
vt 0.451183 0.335488
vt 0.449109 0.343482
vt 0.441829 0.341378
vt 0.445886 0.335395
vt 0.082179 0.289119
vt 0.447359 0.352374
vt 0.443500 0.351381
vt 0.452046 0.351631
vt 0.073066 0.305358
vt 0.071232 0.474295
vt 0.074491 0.475225
vt 0.065385 0.480752
vt 0.087446 0.288479
vt 0.082844 0.294715
vt 0.066963 0.490889
vt 0.074357 0.486224
vt 0.198957 0.219631
vt 0.196745 0.231083
vt 0.197306 0.223760
vt 0.200450 0.233308
vt 0.465898 0.335292
vt 0.465374 0.347243
vt 0.214916 0.217123
vt 0.209158 0.211674
vt 0.202223 0.213900
vt 0.207982 0.207178
vt 0.206006 0.208033
vt 0.463526 0.353810
vt 0.209360 0.220238
vt 0.414373 0.695537
vt 0.417440 0.703855
vt 0.419207 0.688489
vt 0.211586 0.204620
vt 0.214296 0.205821
vt 0.029470 0.477354
vt 0.035501 0.485323
vt 0.032893 0.482483
vt 0.060149 0.248010
vt 0.027300 0.082169
vt 0.030258 0.084300
vt 0.027261 0.085359
vt 0.033418 0.472529
vt 0.043454 0.303582
vt 0.046417 0.305803
vt 0.052665 0.314958
vt 0.036530 0.471979
vt 0.044464 0.486673
vt 0.072653 0.255091
vt 0.065971 0.248132
vt 0.056099 0.316041
vt 0.069578 0.248348
vt 0.062724 0.249326
vt 0.054222 0.313138
vt 0.073159 0.268378
vt 0.043888 0.494795
vt 0.048366 0.496806
vt 0.040902 0.493601
vt 0.072633 0.247422
vt 0.038956 0.488763
vt 0.057888 0.319693
vt 0.060356 0.318712
vt 0.047736 0.486106
vt 0.157082 0.972613
vt 0.157097 0.970504
vt 0.159555 0.971066
vt 0.154355 0.971596
vt 0.023237 0.084645
vt 0.076189 0.248771
vt 0.079181 0.256561
vt 0.060584 0.318193
vt 0.058086 0.312551
vt 0.061498 0.587120
vt 0.061302 0.592381
vt 0.062228 0.593931
vt 0.062635 0.604969
vt 0.053056 0.501415
vt 0.053943 0.503136
vt 0.053333 0.498132
vt 0.057624 0.496046
vt 0.088607 0.250302
vt 0.086481 0.249849
vt 0.084770 0.249972
vt 0.057325 0.505185
vt 0.061875 0.324823
vt 0.066240 0.322546
vt 0.079562 0.247780
vt 0.051696 0.494309
vt 0.268439 0.975489
vt 0.269722 0.977636
vt 0.265578 0.978197
vt 0.075606 0.314967
vt 0.082177 0.309020
vt 0.142217 0.769609
vt 0.133024 0.769068
vt 0.140124 0.766329
vt 0.088199 0.830035
vt 0.083433 0.831030
vt 0.106306 0.817673
vt 0.108870 0.828266
vt 0.096096 0.829616
vt 0.092479 0.822366
vt 0.141043 0.797212
vt 0.081256 0.801896
vt 0.100329 0.805793
vt 0.093310 0.812864
vt 0.089784 0.806981
vt 0.094994 0.798623
vt 0.111744 0.808043
vt 0.110439 0.797335
vt 0.120467 0.819830
vt 0.127942 0.805984
vt 0.119569 0.802539
vt 0.130392 0.817913
vt 0.137741 0.824493
vt 0.123070 0.828810
vt 0.125585 0.831069
vt 0.115798 0.831211
vt 0.179812 0.764929
vt 0.194947 0.764556
vt 0.188192 0.766228
vt 0.196798 0.767703
vt 0.134846 0.831116
vt 0.141536 0.831558
vt 0.151634 0.832774
vt 0.077823 0.793557
vt 0.090159 0.794422
vt 0.103151 0.792445
vt 0.099711 0.795400
vt 0.092252 0.792064
vt 0.105146 0.830683
vt 0.112511 0.793595
vt 0.119774 0.795650
vt 0.128848 0.796044
vt 0.204845 0.132506
vt 0.207196 0.135846
vt 0.342458 0.066225
vt 0.348852 0.053125
vt 0.348756 0.065494
vt 0.352208 0.062949
vt 0.346402 0.069586
vt 0.354684 0.052958
vt 0.206320 0.144222
vt 0.208543 0.141978
vt 0.209406 0.151968
vt 0.098184 0.906286
vt 0.105725 0.907022
vt 0.102368 0.912724
vt 0.275320 0.072833
vt 0.270898 0.059008
vt 0.275307 0.064346
vt 0.108298 0.912043
vt 0.109460 0.906952
vt 0.088348 0.056114
vt 0.095137 0.055708
vt 0.097306 0.057416
vt 0.267162 0.063412
vt 0.265405 0.057822
vt 0.270280 0.070997
vt 0.271795 0.074621
vt 0.090796 0.060390
vt 0.094509 0.062830
vt 0.085207 0.054960
vt 0.196893 0.166112
vt 0.201273 0.168253
vt 0.196147 0.175010
vt 0.196194 0.159748
vt 0.180901 0.307544
vt 0.178200 0.308597
vt 0.180121 0.312950
vt 0.201594 0.161395
vt 0.198075 0.161860
vt 0.098978 0.554342
vt 0.096092 0.559288
vt 0.094069 0.555751
vt 0.201018 0.175392
vt 0.198869 0.146224
vt 0.203189 0.176094
vt 0.205591 0.156135
vt 0.091598 0.561842
vt 0.251621 0.699136
vt 0.252597 0.704304
vt 0.249013 0.701219
vt 0.089956 0.557431
vt 0.090272 0.551208
vt 0.250552 0.708148
vt 0.086190 0.562176
vt 0.246656 0.707769
vt 0.243617 0.699776
vt 0.241794 0.707505
vt 0.342028 0.055966
vt 0.096076 0.910298
vt 0.095291 0.916769
vt 0.282543 0.084762
vt 0.280269 0.075247
vt 0.283059 0.077867
vt 0.319745 0.294137
vt 0.319765 0.298561
vt 0.316982 0.295229
vt 0.212086 0.162570
vt 0.208127 0.159948
vt 0.206856 0.164132
vt 0.154254 0.912381
vt 0.152178 0.907980
vt 0.158920 0.907319
vt 0.214271 0.176446
vt 0.299905 0.666680
vt 0.287310 0.661923
vt 0.350435 0.821716
vt 0.474002 0.827435
vt 0.474949 0.831198
vt 0.473867 0.822978
vt 0.363096 0.829653
vt 0.366207 0.825594
vt 0.358331 0.833470
vt 0.361251 0.832372
vt 0.369034 0.827831
vt 0.340272 0.828557
vt 0.359270 0.834367
vt 0.358690 0.838472
vt 0.357163 0.841783
vt 0.475833 0.840415
vt 0.474976 0.835933
vt 0.474694 0.841325
vt 0.217583 0.269902
vt 0.218712 0.268221
vt 0.435889 0.648556
vt 0.434856 0.651566
vt 0.435897 0.656086
vt 0.433852 0.643533
vt 0.433590 0.635545
vt 0.436129 0.638972
vt 0.158784 0.008833
vt 0.161083 0.004448
vt 0.164450 0.006238
vt 0.166321 0.004744
vt 0.171294 0.003171
vt 0.168066 0.006226
vt 0.158454 0.003918
vt 0.435741 0.618207
vt 0.433294 0.626793
vt 0.435955 0.631048
vt 0.213019 0.270573
vt 0.215578 0.270809
vt 0.414780 0.940518
vt 0.419469 0.937440
vt 0.416244 0.936755
vt 0.216599 0.087050
vt 0.215490 0.092125
vt 0.216561 0.095674
vt 0.297408 0.067047
vt 0.295536 0.060518
vt 0.297208 0.057846
vt 0.373125 0.311423
vt 0.374852 0.315219
vt 0.374757 0.304958
vt 0.375701 0.309049
vt 0.301396 0.062903
vt 0.230670 0.064347
vt 0.293339 0.087719
vt 0.295162 0.073840
vt 0.299018 0.080391
vt 0.297621 0.086045
vt 0.301859 0.071242
vt 0.372200 0.316441
vt 0.290206 0.090623
vt 0.287054 0.081770
vt 0.291256 0.079724
vt 0.337480 0.077743
vt 0.103546 0.627677
vt 0.099036 0.627046
vt 0.103112 0.633783
vt 0.337541 0.066786
vt 0.091879 0.912737
vt 0.096486 0.634552
vt 0.094925 0.626327
vt 0.127505 0.666837
vt 0.121751 0.667849
vt 0.303021 0.675532
vt 0.296155 0.670555
vt 0.105270 0.654253
vt 0.099373 0.658129
vt 0.096147 0.651602
vt 0.287316 0.093579
vt 0.275899 0.084670
vt 0.114382 0.664825
vt 0.111330 0.664685
vt 0.106479 0.661828
vt 0.117861 0.667169
vt 0.092910 0.908790
vt 0.304356 0.667201
vt 0.159485 0.181232
vt 0.144657 0.188471
vt 0.148687 0.178781
vt 0.140121 0.187263
vt 0.154754 0.173038
vt 0.154623 0.186001
vt 0.148867 0.163812
vt 0.157877 0.164432
vt 0.143735 0.167367
vt 0.471371 0.942736
vt 0.473589 0.959219
vt 0.474085 0.948329
vt 0.474111 0.938917
vt 0.158812 0.144850
vt 0.162657 0.141883
vt 0.188479 0.748955
vt 0.189030 0.753812
vt 0.192041 0.749386
vt 0.186349 0.752396
vt 0.155726 0.156659
vt 0.149604 0.150535
vt 0.152845 0.147888
vt 0.144357 0.156701
vt 0.151557 0.146309
vt 0.145828 0.145116
vt 0.140471 0.146425
vt 0.158646 0.156053
vt 0.155749 0.146676
vt 0.168843 0.743535
vt 0.169519 0.752733
vt 0.165538 0.745911
vt 0.165135 0.739034
vt 0.166309 0.734760
vt 0.168792 0.730978
vt 0.174712 0.734102
vt 0.171514 0.721965
vt 0.052860 0.841778
vt 0.057421 0.843905
vt 0.055549 0.845906
vt 0.167810 0.724950
vt 0.169217 0.719823
vt 0.171203 0.713789
vt 0.173566 0.708156
vt 0.142348 0.135661
vt 0.144730 0.138843
vt 0.137761 0.138380
vt 0.128520 0.145040
vt 0.127596 0.131780
vt 0.132463 0.141595
vt 0.136893 0.135323
vt 0.138688 0.132849
vt 0.070453 0.843339
vt 0.067029 0.847712
vt 0.068059 0.842440
vt 0.063471 0.845320
vt 0.135672 0.132106
vt 0.471992 0.968993
vt 0.472220 0.977877
vt 0.473490 0.973529
vt 0.073925 0.849640
vt 0.172776 0.744713
vt 0.176448 0.742851
vt 0.174565 0.691020
vt 0.140646 0.163637
vt 0.133977 0.150429
vt 0.470306 0.946535
vt 0.470505 0.959371
vt 0.124355 0.131386
vt 0.121463 0.140026
vt 0.121421 0.130740
vt 0.117565 0.451774
vt 0.119251 0.463995
vt 0.119264 0.454460
vt 0.216467 0.913315
vt 0.217191 0.907678
vt 0.114191 0.456088
vt 0.218213 0.921142
vt 0.122095 0.237138
vt 0.119478 0.238980
vt 0.117844 0.235067
vt 0.119100 0.483608
vt 0.111215 0.452995
vt 0.112061 0.463041
vt 0.212969 0.920585
vt 0.215658 0.922339
vt 0.302331 0.078294
vt 0.340871 0.840462
vt 0.355329 0.843385
vt 0.330662 0.828298
vt 0.359818 0.657612
vt 0.360722 0.660969
vt 0.361140 0.654111
vt 0.281478 0.840210
vt 0.277494 0.842818
vt 0.263960 0.840048
vt 0.353561 0.750984
vt 0.358378 0.748720
vt 0.359764 0.751103
vt 0.344838 0.750707
vt 0.293483 0.845103
vt 0.284049 0.844751
vt 0.302829 0.839586
vt 0.246663 0.925753
vt 0.247847 0.929814
vt 0.246039 0.836501
vt 0.230695 0.836762
vt 0.242816 0.838962
vt 0.234468 0.839847
vt 0.244662 0.841275
vt 0.382532 0.749158
vt 0.376044 0.747494
vt 0.391552 0.748689
vt 0.261010 0.842837
vt 0.255822 0.836053
vt 0.254073 0.842592
vt 0.266840 0.844224
vt 0.369561 0.748148
vt 0.375835 0.749866
vt 0.374980 0.751682
vt 0.418441 0.745487
vt 0.409912 0.745238
vt 0.423149 0.743671
vt 0.339797 0.763560
vt 0.341448 0.765934
vt 0.325491 0.765848
vt 0.240717 0.928513
vt 0.354984 0.762258
vt 0.224933 0.838963
vt 0.430115 0.744524
vt 0.316924 0.760999
vt 0.299662 0.763502
vt 0.306831 0.767513
vt 0.309399 0.835760
vt 0.319315 0.836606
vt 0.052044 0.095803
vt 0.057686 0.096523
vt 0.066777 0.096897
vt 0.231542 0.175163
vt 0.189057 0.066107
vt 0.191395 0.062173
vt 0.460934 0.534671
vt 0.456242 0.536803
vt 0.459090 0.540679
vt 0.188057 0.061625
vt 0.447416 0.540164
vt 0.420670 0.380609
vt 0.428374 0.373915
vt 0.454151 0.531377
vt 0.458496 0.528541
vt 0.457670 0.525899
vt 0.315252 0.416541
vt 0.314246 0.408871
vt 0.311674 0.409831
vt 0.341384 0.153581
vt 0.336592 0.159688
vt 0.339160 0.163424
vt 0.306500 0.411265
vt 0.226106 0.172940
vt 0.367946 0.334268
vt 0.371216 0.334200
vt 0.367767 0.344846
vt 0.230591 0.160872
vt 0.228593 0.156958
vt 0.226497 0.159739
vt 0.334768 0.162233
vt 0.335072 0.168409
vt 0.337965 0.152947
vt 0.234311 0.158766
vt 0.336202 0.176153
vt 0.368277 0.333035
vt 0.434175 0.378915
vt 0.428345 0.388106
vt 0.188911 0.074225
vt 0.222952 0.181993
vt 0.222040 0.173352
vt 0.219670 0.181583
vt 0.222061 0.165500
vt 0.339406 0.146970
vt 0.343221 0.147603
vt 0.439110 0.366322
vt 0.433865 0.370190
vt 0.466710 0.658044
vt 0.469634 0.654863
vt 0.466041 0.652824
vt 0.472689 0.652534
vt 0.440446 0.370436
vt 0.441775 0.363464
vt 0.148623 0.090476
vt 0.152466 0.088391
vt 0.226732 0.185684
vt 0.182130 0.682620
vt 0.177097 0.681162
vt 0.461279 0.028050
vt 0.464241 0.044121
vt 0.465552 0.046763
vt 0.429196 0.480752
vt 0.116526 0.132334
vt 0.119095 0.128777
vt 0.173701 0.688106
vt 0.183621 0.354963
vt 0.186910 0.345583
vt 0.188408 0.352692
vt 0.187414 0.359132
vt 0.077679 0.033001
vt 0.078075 0.040572
vt 0.080457 0.034425
vt 0.180194 0.348776
vt 0.116176 0.139785
vt 0.174918 0.344148
vt 0.179484 0.338507
vt 0.176238 0.359163
vt 0.440010 0.475486
vt 0.442141 0.469662
vt 0.442663 0.473818
vt 0.175945 0.350787
vt 0.467227 0.196237
vt 0.473225 0.190822
vt 0.474452 0.185587
vt 0.315684 0.424477
vt 0.183290 0.367273
vt 0.187742 0.367356
vt 0.186161 0.372866
vt 0.080249 0.026636
vt 0.177522 0.370801
vt 0.173902 0.365306
vt 0.173750 0.373714
vt 0.073925 0.047392
vt 0.074303 0.052818
vt 0.075294 0.044612
vt 0.470907 0.198398
vt 0.184069 0.338480
vt 0.187469 0.340701
vt 0.473117 0.196323
vt 0.175062 0.336926
vt 0.172535 0.339531
vt 0.312910 0.432613
vt 0.458429 0.194781
vt 0.300901 0.412291
vt 0.283585 0.435318
vt 0.128766 0.464741
vt 0.129527 0.456128
vt 0.139744 0.442184
vt 0.139988 0.459444
vt 0.148985 0.458612
vt 0.153775 0.002660
vt 0.146879 0.467670
vt 0.143153 0.502952
vt 0.145757 0.493650
vt 0.146981 0.531503
vt 0.149765 0.550556
vt 0.151327 0.587406
vt 0.155178 0.592726
vt 0.349201 0.006825
vt 0.345829 0.002335
vt 0.350280 0.003577
vt 0.058878 0.146353
vt 0.061284 0.156278
vt 0.342208 0.010059
vt 0.340368 0.001827
vt 0.054137 0.153357
vt 0.057421 0.152543
vt 0.339785 0.007655
vt 0.336339 0.001704
vt 0.167332 0.145319
vt 0.168152 0.148770
vt 0.345456 0.011977
vt 0.347384 0.011526
vt 0.166987 0.141195
vt 0.168021 0.142850
vt 0.466913 0.375354
vt 0.467970 0.368462
vt 0.468708 0.378549
vt 0.400561 0.416547
vt 0.404388 0.417919
vt 0.462065 0.386625
vt 0.460981 0.369592
vt 0.462671 0.370869
vt 0.406374 0.421459
vt 0.452510 0.374068
vt 0.454536 0.369417
vt 0.457061 0.384819
vt 0.457224 0.369032
vt 0.409601 0.420074
vt 0.414581 0.419472
vt 0.468906 0.402311
vt 0.466753 0.397082
vt 0.470428 0.397701
vt 0.165792 0.132770
vt 0.167424 0.134026
vt 0.468898 0.387786
vt 0.465721 0.403606
vt 0.468185 0.403662
vt 0.466445 0.383163
vt 0.461228 0.395995
vt 0.168464 0.137469
vt 0.460155 0.401772
vt 0.464056 0.404155
vt 0.456327 0.393682
vt 0.160361 0.139964
vt 0.465033 0.406802
vt 0.170784 0.749215
vt 0.174116 0.751773
vt 0.173046 0.752957
vt 0.172171 0.754676
vt 0.166892 0.130995
vt 0.468895 0.383448
vt 0.469371 0.379667
vt 0.453235 0.389509
vt 0.447246 0.376707
vt 0.450560 0.371385
vt 0.180861 0.738641
vt 0.182627 0.733302
vt 0.182811 0.728529
vt 0.160642 0.783428
vt 0.157740 0.781860
vt 0.161626 0.779393
vt 0.450522 0.389306
vt 0.443798 0.381457
vt 0.446814 0.391737
vt 0.439318 0.388045
vt 0.055929 0.705871
vt 0.067512 0.707101
vt 0.283457 0.361568
vt 0.288495 0.370497
vt 0.284421 0.373632
vt 0.277772 0.372687
vt 0.100099 0.237970
vt 0.103045 0.230208
vt 0.105472 0.237494
vt 0.107816 0.231898
vt 0.280057 0.355035
vt 0.285028 0.354060
vt 0.382377 0.481523
vt 0.054870 0.694832
vt 0.061141 0.698790
vt 0.291564 0.364215
vt 0.075954 0.716866
vt 0.073561 0.704089
vt 0.069085 0.700020
vt 0.425721 0.725899
vt 0.424901 0.720639
vt 0.428725 0.721655
vt 0.426703 0.717981
vt 0.111658 0.234616
vt 0.108018 0.238550
vt 0.275559 0.360289
vt 0.275783 0.355699
vt 0.066547 0.701774
vt 0.179631 0.081856
vt 0.181075 0.084332
vt 0.178890 0.085612
vt 0.019287 0.468292
vt 0.019553 0.480095
vt 0.021001 0.468577
vt 0.021884 0.474609
vt 0.048643 0.684740
vt 0.023083 0.481743
vt 0.022803 0.484475
vt 0.098314 0.231191
vt 0.096896 0.234978
vt 0.053123 0.686414
vt 0.289977 0.357237
vt 0.291142 0.357297
vt 0.040222 0.665926
vt 0.039157 0.663318
vt 0.041468 0.664151
vt 0.288715 0.353421
vt 0.259471 0.365905
vt 0.269299 0.364286
vt 0.262902 0.372558
vt 0.074179 0.704480
vt 0.077971 0.711228
vt 0.262749 0.359545
vt 0.264229 0.358256
vt 0.077604 0.705207
vt 0.153063 0.068826
vt 0.152615 0.064047
vt 0.151296 0.067807
vt 0.272652 0.373805
vt 0.270260 0.350993
vt 0.269140 0.356722
vt 0.272243 0.349654
vt 0.273600 0.355354
vt 0.267192 0.351866
vt 0.076162 0.702340
vt 0.252675 0.360005
vt 0.254333 0.355048
vt 0.250496 0.354190
vt 0.265138 0.353054
vt 0.081854 0.709618
vt 0.086787 0.720804
vt 0.094772 0.733037
vt 0.260399 0.353780
vt 0.256830 0.353934
vt 0.084973 0.712068
vt 0.087134 0.713786
vt 0.090965 0.717179
vt 0.094202 0.719546
vt 0.096989 0.721010
vt 0.099749 0.722963
vt 0.214947 0.379904
vt 0.214307 0.369361
vt 0.094418 0.514953
vt 0.097616 0.517197
vt 0.090686 0.518131
vt 0.093467 0.534329
vt 0.089387 0.539744
vt 0.085647 0.535616
vt 0.093457 0.524552
vt 0.185680 0.387742
vt 0.209092 0.370182
vt 0.209144 0.378828
vt 0.207006 0.376284
vt 0.085176 0.545013
vt 0.307374 0.143563
vt 0.312556 0.147061
vt 0.142512 0.224587
vt 0.143073 0.220009
vt 0.146458 0.226768
vt 0.147889 0.215210
vt 0.150835 0.224326
vt 0.099675 0.534759
vt 0.142458 0.214495
vt 0.100014 0.512333
vt 0.134638 0.211250
vt 0.127083 0.854095
vt 0.121672 0.849752
vt 0.139422 0.223056
vt 0.189429 0.428492
vt 0.185495 0.431945
vt 0.186593 0.423719
vt 0.155391 0.228302
vt 0.115782 0.848332
vt 0.119460 0.852588
vt 0.193782 0.422065
vt 0.157546 0.230302
vt 0.187685 0.145856
vt 0.178963 0.131471
vt 0.181964 0.131700
vt 0.180720 0.137066
vt 0.070638 0.076169
vt 0.071982 0.072523
vt 0.067409 0.069299
vt 0.184691 0.141424
vt 0.183772 0.150170
vt 0.452251 0.582370
vt 0.253832 0.394019
vt 0.250521 0.399049
vt 0.252442 0.401129
vt 0.175631 0.139166
vt 0.178844 0.147172
vt 0.172959 0.143733
vt 0.177461 0.139227
vt 0.065638 0.071790
vt 0.181901 0.146146
vt 0.181927 0.152720
vt 0.176255 0.153704
vt 0.172251 0.151543
vt 0.367769 0.843826
vt 0.365825 0.846226
vt 0.363834 0.844671
vt 0.379378 0.842779
vt 0.378162 0.847360
vt 0.375491 0.843503
vt 0.371592 0.840119
vt 0.373031 0.844517
vt 0.370081 0.843916
vt 0.459259 0.282734
vt 0.456497 0.282734
vt 0.458498 0.279856
vt 0.129365 0.574843
vt 0.132650 0.581114
vt 0.133262 0.576438
vt 0.128806 0.583988
vt 0.130554 0.564795
vt 0.131847 0.569018
vt 0.381788 0.846152
vt 0.180493 0.164871
vt 0.175740 0.163821
vt 0.129417 0.590580
vt 0.180609 0.173435
vt 0.178700 0.169978
vt 0.182055 0.176704
vt 0.114628 0.078158
vt 0.116845 0.081461
vt 0.186248 0.171456
vt 0.172991 0.777188
vt 0.174246 0.784059
vt 0.169581 0.785403
vt 0.183313 0.157760
vt 0.185094 0.165502
vt 0.168529 0.777886
vt 0.165963 0.784276
vt 0.163698 0.778734
vt 0.063267 0.049280
vt 0.064445 0.043706
vt 0.062185 0.043302
vt 0.166203 0.775948
vt 0.239061 0.701122
vt 0.236721 0.709345
vt 0.235838 0.700882
vt 0.184472 0.154527
vt 0.185848 0.165970
vt 0.176309 0.778143
vt 0.252592 0.392294
vt 0.066353 0.036193
vt 0.064031 0.030903
vt 0.465937 0.217385
vt 0.466439 0.223082
vt 0.468451 0.232150
vt 0.466183 0.224959
vt 0.269486 0.442666
vt 0.312533 0.725743
vt 0.319849 0.728447
vt 0.315332 0.734028
vt 0.320541 0.737989
vt 0.305389 0.714621
vt 0.349014 0.000839
vt 0.053350 0.157307
vt 0.059834 0.162194
vt 0.295194 0.689676
vt 0.302097 0.714746
vt 0.062690 0.163180
vt 0.067645 0.160726
vt 0.307667 0.724611
vt 0.223446 0.042399
vt 0.214552 0.045731
vt 0.218768 0.039196
vt 0.216368 0.978658
vt 0.212013 0.977774
vt 0.211185 0.972109
vt 0.208777 0.049565
vt 0.207342 0.044551
vt 0.099314 0.973020
vt 0.105955 0.972184
vt 0.352912 0.001704
vt 0.341266 0.740245
vt 0.337640 0.741673
vt 0.339569 0.735804
vt 0.242071 0.044765
vt 0.238819 0.043113
vt 0.239972 0.037400
vt 0.233321 0.042959
vt 0.344340 0.738315
vt 0.234666 0.050331
vt 0.228229 0.038273
vt 0.229816 0.051734
vt 0.224237 0.051396
vt 0.218324 0.049074
vt 0.324423 0.739244
vt 0.330237 0.739468
vt 0.334390 0.742540
vt 0.343613 0.728320
vt 0.348212 0.729789
vt 0.354442 0.727168
vt 0.360604 0.724493
vt 0.363639 0.718546
vt 0.215239 0.050718
vt 0.369575 0.701535
vt 0.368707 0.715176
vt 0.450959 0.876564
vt 0.148483 0.021510
vt 0.151002 0.015561
vt 0.152757 0.023461
vt 0.145939 0.016451
vt 0.180134 0.544397
vt 0.175894 0.540791
vt 0.254922 0.747424
vt 0.247689 0.748883
vt 0.247942 0.743571
vt 0.243758 0.747893
vt 0.242162 0.743893
vt 0.245094 0.750854
vt 0.464176 0.230581
vt 0.157766 0.614967
vt 0.160619 0.617750
vt 0.160543 0.610318
vt 0.072501 0.959859
vt 0.075510 0.962460
vt 0.069439 0.963300
vt 0.388241 0.395616
vt 0.373822 0.394276
vt 0.379607 0.397428
vt 0.377229 0.402631
vt 0.425936 0.582199
vt 0.418332 0.607098
vt 0.431732 0.568545
vt 0.416883 0.611938
vt 0.415069 0.623351
vt 0.376727 0.387597
vt 0.147419 0.582624
vt 0.415316 0.653965
vt 0.415180 0.643606
vt 0.147674 0.595214
vt 0.415394 0.634927
vt 0.150114 0.603554
vt 0.153569 0.611800
vt 0.153658 0.606875
vt 0.154823 0.605330
vt 0.156694 0.602535
vt 0.152597 0.620328
vt 0.157021 0.608557
vt 0.154255 0.616205
vt 0.149580 0.611134
vt 0.063846 0.969661
vt 0.065474 0.963409
vt 0.370089 0.395585
vt 0.366795 0.384317
vt 0.365958 0.390121
vt 0.434754 0.562063
vt 0.399352 0.389833
vt 0.181730 0.536070
vt 0.177205 0.533142
vt 0.180464 0.526459
vt 0.233920 0.139490
vt 0.235167 0.146271
vt 0.238346 0.138938
vt 0.184593 0.525816
vt 0.339194 0.282541
vt 0.147020 0.483464
vt 0.344626 0.283349
vt 0.343371 0.286326
vt 0.145915 0.501922
vt 0.187377 0.520820
vt 0.186322 0.514264
vt 0.181963 0.517205
vt 0.146548 0.508859
vt 0.146447 0.521348
vt 0.229816 0.142354
vt 0.364575 0.731965
vt 0.183358 0.513258
vt 0.196851 0.368065
vt 0.178939 0.440382
vt 0.229225 0.378331
vt 0.232767 0.378379
vt 0.225649 0.375756
vt 0.201970 0.383825
vt 0.192671 0.382278
vt 0.194234 0.375324
vt 0.222163 0.384892
vt 0.197799 0.397234
vt 0.190588 0.378112
vt 0.168361 0.438508
vt 0.163698 0.438243
vt 0.150611 0.192086
vt 0.396483 0.354690
vt 0.396544 0.362766
vt 0.392554 0.360949
vt 0.166730 0.431711
vt 0.170563 0.429972
vt 0.181591 0.431959
vt 0.178086 0.430003
vt 0.174294 0.430533
vt 0.163091 0.231010
vt 0.165851 0.228858
vt 0.010486 0.411579
vt 0.003080 0.415119
vt 0.204593 0.384860
vt 0.203317 0.396489
vt 0.206134 0.389561
vt 0.136020 0.838948
vt 0.200336 0.408834
vt 0.194805 0.410110
vt 0.200620 0.403941
vt 0.198269 0.415348
vt 0.117878 0.555391
vt 0.114983 0.564692
vt 0.116961 0.569858
vt 0.043999 0.107649
vt 0.048943 0.104207
vt 0.048726 0.110349
vt 0.040881 0.100232
vt 0.115720 0.580696
vt 0.118706 0.576076
vt 0.119724 0.580825
vt 0.118772 0.590004
vt 0.115385 0.517083
vt 0.113591 0.530964
vt 0.097772 0.960637
vt 0.093263 0.961629
vt 0.098823 0.958993
vt 0.114681 0.541116
vt 0.101547 0.960102
vt 0.401557 0.410791
vt 0.406590 0.406873
vt 0.113446 0.550020
vt 0.114046 0.559610
vt 0.410659 0.407460
vt 0.414209 0.403616
vt 0.045573 0.093943
vt 0.040464 0.094071
vt 0.034778 0.098253
vt 0.019312 0.129052
vt 0.021574 0.130970
vt 0.017458 0.129539
vt 0.378134 0.892929
vt 0.371498 0.893331
vt 0.364905 0.890479
vt 0.098688 0.944043
vt 0.101701 0.950995
vt 0.096831 0.951587
vt 0.106408 0.947102
vt 0.063552 0.938210
vt 0.078507 0.933449
vt 0.068947 0.942968
vt 0.063544 0.939286
vt 0.065488 0.949680
vt 0.071652 0.945130
vt 0.070193 0.949465
vt 0.105137 0.936680
vt 0.058937 0.950855
vt 0.431504 0.889860
vt 0.425971 0.893974
vt 0.419205 0.892646
vt 0.076865 0.950554
vt 0.414768 0.892397
vt 0.407302 0.887354
vt 0.080075 0.946151
vt 0.087205 0.950816
vt 0.090053 0.943399
vt 0.241957 0.539005
vt 0.242516 0.501645
vt 0.240350 0.529023
vt 0.231391 0.577698
vt 0.234136 0.565280
vt 0.234136 0.538849
vt 0.077710 0.939846
vt 0.231373 0.559523
vt 0.050967 0.951978
vt 0.045319 0.956075
vt 0.407234 0.190131
vt 0.402633 0.189565
vt 0.405566 0.184892
vt 0.054333 0.953567
vt 0.438858 0.893222
vt 0.434607 0.893336
vt 0.438919 0.887545
vt 0.427639 0.055422
vt 0.422294 0.054756
vt 0.450710 0.038712
vt 0.446117 0.040408
vt 0.448616 0.033055
vt 0.438056 0.056704
vt 0.432954 0.056929
vt 0.440427 0.047126
vt 0.442451 0.057223
vt 0.444255 0.033955
vt 0.446041 0.055054
vt 0.453271 0.045197
vt 0.397129 0.334849
vt 0.394179 0.341937
vt 0.371814 0.625873
vt 0.379220 0.618834
vt 0.375685 0.622833
vt 0.372958 0.625736
vt 0.381898 0.626198
vt 0.452289 0.048399
vt 0.449556 0.054640
vt 0.454940 0.053521
vt 0.384173 0.646237
vt 0.375386 0.632444
vt 0.373598 0.639370
vt 0.375499 0.649567
vt 0.372590 0.654551
vt 0.371544 0.662272
vt 0.368200 0.673311
vt 0.373599 0.676606
vt 0.365735 0.685476
vt 0.380868 0.664739
vt 0.031245 0.124360
vt 0.021614 0.121161
vt 0.024981 0.116090
vt 0.025520 0.124482
vt 0.048012 0.187804
vt 0.041632 0.178244
vt 0.019628 0.118901
vt 0.017730 0.122875
vt 0.429906 0.448246
vt 0.428189 0.450112
vt 0.436312 0.444626
vt 0.441385 0.440930
vt 0.442456 0.433710
vt 0.123351 0.747935
vt 0.120274 0.755280
vt 0.115617 0.745443
vt 0.122413 0.736635
vt 0.114064 0.730852
vt 0.131319 0.739194
vt 0.119428 0.721152
vt 0.106420 0.742431
vt 0.115264 0.721829
vt 0.454307 0.431625
vt 0.452251 0.433575
vt 0.117422 0.719476
vt 0.134797 0.743907
vt 0.130525 0.748305
vt 0.138004 0.735482
vt 0.145175 0.725201
vt 0.141803 0.732336
vt 0.104803 0.723049
vt 0.111536 0.722468
vt 0.450520 0.438021
vt 0.447307 0.442080
vt 0.245065 0.363992
vt 0.243618 0.354716
vt 0.248645 0.364165
vt 0.234690 0.359781
vt 0.228847 0.354132
vt 0.240001 0.361805
vt 0.235746 0.354756
vt 0.241485 0.354171
vt 0.147393 0.714404
vt 0.103749 0.756758
vt 0.098778 0.755359
vt 0.438359 0.177779
vt 0.115826 0.756999
vt 0.441332 0.172885
vt 0.441108 0.176763
vt 0.444600 0.174524
vt 0.118387 0.757481
vt 0.124956 0.753121
vt 0.093117 0.745562
vt 0.032701 0.953189
vt 0.034501 0.958680
vt 0.024884 0.964566
vt 0.458097 0.875999
vt 0.454177 0.878230
vt 0.456595 0.872947
vt 0.024985 0.972307
vt 0.033979 0.969236
vt 0.037229 0.961350
vt 0.036553 0.972018
vt 0.034513 0.974245
vt 0.446964 0.890278
vt 0.444996 0.887128
vt 0.446813 0.880405
vt 0.300272 0.730216
vt 0.305263 0.737278
vt 0.305263 0.731438
vt 0.299739 0.737410
vt 0.378151 0.690824
vt 0.378173 0.698672
vt 0.374994 0.706195
vt 0.380381 0.692464
vt 0.382256 0.684792
vt 0.382683 0.616522
vt 0.387867 0.618835
vt 0.384590 0.673443
vt 0.386219 0.662179
vt 0.389295 0.647005
vt 0.082318 0.961093
vt 0.081910 0.966161
vt 0.088194 0.962806
vt 0.446138 0.363553
vt 0.188077 0.171532
vt 0.191544 0.174248
vt 0.250759 0.566140
vt 0.281606 0.229878
vt 0.248328 0.555667
vt 0.253438 0.550091
vt 0.250254 0.542272
vt 0.248213 0.549886
vt 0.399799 0.634022
vt 0.398474 0.622937
vt 0.398177 0.640580
vt 0.401341 0.613198
vt 0.256609 0.536351
vt 0.293337 0.234610
vt 0.304184 0.227261
vt 0.300796 0.236691
vt 0.405579 0.601700
vt 0.401637 0.598556
vt 0.351346 0.511126
vt 0.346641 0.501798
vt 0.354230 0.513515
vt 0.393074 0.680523
vt 0.395727 0.680621
vt 0.394598 0.686316
vt 0.390780 0.678550
vt 0.390955 0.685444
vt 0.342259 0.508641
vt 0.357788 0.513914
vt 0.342955 0.488267
vt 0.351767 0.492197
vt 0.353778 0.499028
vt 0.106571 0.463950
vt 0.107960 0.452470
vt 0.104753 0.457814
vt 0.107390 0.452627
vt 0.106676 0.448911
vt 0.100894 0.461038
vt 0.100857 0.455839
vt 0.351497 0.465892
vt 0.349488 0.472446
vt 0.333302 0.501736
vt 0.338517 0.495423
vt 0.338113 0.506347
vt 0.341712 0.494777
vt 0.340591 0.498324
vt 0.338508 0.484889
vt 0.342006 0.482610
vt 0.412803 0.260600
vt 0.416444 0.259712
vt 0.415159 0.264668
vt 0.326531 0.506032
vt 0.449591 0.592086
vt 0.444758 0.592086
vt 0.448046 0.589350
vt 0.265901 0.783628
vt 0.265069 0.784892
vt 0.263362 0.781790
vt 0.256903 0.508420
vt 0.256631 0.514235
vt 0.258356 0.511200
vt 0.347394 0.482384
vt 0.345580 0.479481
vt 0.347360 0.476544
vt 0.106523 0.484531
vt 0.352120 0.485988
vt 0.341693 0.474000
vt 0.341308 0.479459
vt 0.354024 0.491280
vt 0.106649 0.492540
vt 0.108877 0.489536
vt 0.410032 0.639032
vt 0.403323 0.638402
vt 0.404981 0.635252
vt 0.411454 0.266495
vt 0.334926 0.489973
vt 0.114494 0.923412
vt 0.124682 0.927818
vt 0.110287 0.926137
vt 0.117703 0.929830
vt 0.186595 0.769089
vt 0.165450 0.766167
vt 0.141099 0.936087
vt 0.145258 0.931025
vt 0.152952 0.934170
vt 0.135374 0.927018
vt 0.139893 0.928821
vt 0.133000 0.933569
vt 0.165178 0.770214
vt 0.149240 0.927133
vt 0.152803 0.929367
vt 0.146580 0.923442
vt 0.132629 0.923416
vt 0.205199 0.764814
vt 0.221370 0.763962
vt 0.215157 0.767288
vt 0.229249 0.766931
vt 0.165954 0.928826
vt 0.226248 0.769494
vt 0.192899 0.773257
vt 0.215666 0.774295
vt 0.162459 0.932972
vt 0.231472 0.772603
vt 0.235334 0.764382
vt 0.159136 0.858429
vt 0.152775 0.858473
vt 0.163007 0.856835
vt 0.153621 0.766920
vt 0.003487 0.051079
vt 0.001415 0.061870
vt 0.002489 0.070835
vt 0.124963 0.935362
vt 0.140129 0.772328
vt 0.127621 0.774590
vt 0.097844 0.923225
vt 0.134495 0.774191
vt 0.110627 0.933069
vt 0.117728 0.937790
vt 0.424374 0.552632
vt 0.420557 0.555299
vt 0.212917 0.039194
vt 0.094071 0.978699
vt 0.110281 0.974677
vt 0.375578 0.333016
vt 0.372623 0.348689
vt 0.377431 0.349426
vt 0.049244 0.248817
vt 0.045734 0.258832
vt 0.046259 0.247032
vt 0.040614 0.249781
vt 0.037828 0.082260
vt 0.044224 0.084071
vt 0.040418 0.085288
vt 0.032521 0.263982
vt 0.036549 0.261384
vt 0.035877 0.249828
vt 0.039219 0.263720
vt 0.309674 0.218963
vt 0.310197 0.224663
vt 0.306980 0.216579
vt 0.043324 0.265898
vt 0.304327 0.214943
vt 0.045698 0.269833
vt 0.044127 0.270211
vt 0.047215 0.275565
vt 0.416630 0.588593
vt 0.415745 0.583212
vt 0.413478 0.589639
vt 0.267820 0.737410
vt 0.267884 0.731261
vt 0.270297 0.736465
vt 0.264946 0.735948
vt 0.240019 0.578414
vt 0.238743 0.584157
vt 0.153492 0.123267
vt 0.155320 0.126934
vt 0.240181 0.573998
vt 0.164277 0.124342
vt 0.159256 0.121252
vt 0.162744 0.127113
vt 0.159856 0.128958
vt 0.276560 0.733255
vt 0.274816 0.726455
vt 0.280386 0.724880
vt 0.274019 0.736200
vt 0.262172 0.733549
vt 0.253071 0.526138
vt 0.250620 0.535989
vt 0.311245 0.231863
vt 0.383115 0.241426
vt 0.384286 0.247601
vt 0.259393 0.522386
vt 0.256771 0.525195
vt 0.260783 0.531401
vt 0.398049 0.594782
vt 0.398766 0.597609
vt 0.305259 0.361888
vt 0.301015 0.352875
vt 0.306948 0.353341
vt 0.300629 0.365148
vt 0.025281 0.464929
vt 0.023829 0.470278
vt 0.295322 0.352463
vt 0.291940 0.354902
vt 0.298031 0.349628
vt 0.026707 0.475494
vt 0.312613 0.357428
vt 0.296744 0.371352
vt 0.402701 0.341390
vt 0.408192 0.342498
vt 0.406716 0.334896
vt 0.403037 0.334564
vt 0.270349 0.415002
vt 0.411618 0.334934
vt 0.417832 0.337793
vt 0.410168 0.345981
vt 0.264520 0.414788
vt 0.393057 0.609667
vt 0.393827 0.614478
vt 0.390996 0.612452
vt 0.425061 0.336295
vt 0.432051 0.336200
vt 0.391737 0.628952
vt 0.426845 0.335355
vt 0.436373 0.336276
vt 0.441304 0.335813
vt 0.256928 0.980029
vt 0.263396 0.979593
vt 0.316478 0.464440
vt 0.319494 0.465900
vt 0.314310 0.472898
vt 0.031878 0.609665
vt 0.033136 0.613944
vt 0.034051 0.608767
vt 0.311984 0.476378
vt 0.317291 0.476192
vt 0.323164 0.463272
vt 0.320171 0.470936
vt 0.318787 0.479109
vt 0.319711 0.484648
vt 0.315670 0.485953
vt 0.326620 0.473605
vt 0.326108 0.482307
vt 0.322732 0.487996
vt 0.318925 0.458886
vt 0.459238 0.924383
vt 0.461119 0.939853
vt 0.458413 0.948549
vt 0.347704 0.641226
vt 0.343123 0.641605
vt 0.342554 0.639568
vt 0.332817 0.480464
vt 0.327409 0.487524
vt 0.208585 0.742751
vt 0.210182 0.744594
vt 0.210211 0.730807
vt 0.335940 0.473724
vt 0.322434 0.470303
vt 0.324578 0.466663
vt 0.330323 0.467258
vt 0.294614 0.487461
vt 0.298798 0.481723
vt 0.300228 0.487973
vt 0.305837 0.463264
vt 0.310871 0.470434
vt 0.309289 0.478418
vt 0.456005 0.958489
vt 0.461051 0.969287
vt 0.463687 0.963293
vt 0.311609 0.486186
vt 0.454467 0.967039
vt 0.314719 0.496278
vt 0.312114 0.495006
vt 0.321098 0.494959
vt 0.327694 0.497819
vt 0.454184 0.946836
vt 0.449172 0.953380
vt 0.128172 0.974066
vt 0.136727 0.973258
vt 0.134630 0.974781
vt 0.024896 0.458929
vt 0.031042 0.466034
vt 0.133758 0.972757
vt 0.234972 0.983638
vt 0.241309 0.982869
vt 0.237292 0.984892
vt 0.142247 0.973425
vt 0.145937 0.972316
vt 0.030015 0.479783
vt 0.334348 0.891023
vt 0.325394 0.894437
vt 0.325156 0.886500
vt 0.155162 0.952851
vt 0.163799 0.950416
vt 0.159465 0.954021
vt 0.349263 0.874835
vt 0.340651 0.869786
vt 0.352369 0.863165
vt 0.328784 0.877835
vt 0.327895 0.870153
vt 0.338309 0.881024
vt 0.337069 0.863640
vt 0.349405 0.894461
vt 0.336157 0.894821
vt 0.146637 0.946610
vt 0.148921 0.952700
vt 0.136090 0.952056
vt 0.358146 0.882222
vt 0.349780 0.890624
vt 0.361442 0.868936
vt 0.353987 0.894026
vt 0.319194 0.877791
vt 0.321371 0.881265
vt 0.313197 0.888740
vt 0.088263 0.996037
vt 0.076442 0.995159
vt 0.085070 0.994395
vt 0.083051 0.997337
vt 0.326856 0.862935
vt 0.132843 0.792087
vt 0.318178 0.862633
vt 0.313309 0.873633
vt 0.320004 0.866720
vt 0.093503 0.995496
vt 0.305485 0.867597
vt 0.144948 0.793226
vt 0.160928 0.793111
vt 0.151280 0.793061
vt 0.302403 0.874323
vt 0.309970 0.863323
vt 0.175156 0.793380
vt 0.165218 0.792204
vt 0.293314 0.863560
vt 0.302856 0.863445
vt 0.119090 0.994685
vt 0.316218 0.365750
vt 0.309482 0.367458
vt 0.300743 0.371695
vt 0.306090 0.370101
vt 0.386648 0.452634
vt 0.391041 0.454365
vt 0.381998 0.450536
vt 0.280966 0.374598
vt 0.395035 0.455337
vt 0.398157 0.455396
vt 0.289327 0.374876
vt 0.379918 0.452855
vt 0.374244 0.449732
vt 0.293415 0.373898
vt 0.369650 0.448141
vt 0.366525 0.447401
vt 0.413735 0.453533
vt 0.403535 0.453827
vt 0.268059 0.375275
vt 0.177483 0.460294
vt 0.182193 0.460456
vt 0.178995 0.464099
vt 0.175799 0.464568
vt 0.313196 0.081856
vt 0.310703 0.084188
vt 0.312409 0.092689
vt 0.327018 0.456667
vt 0.030899 0.644673
vt 0.033650 0.651960
vt 0.034808 0.647516
vt 0.309505 0.092671
vt 0.307580 0.086962
vt 0.030049 0.635009
vt 0.034624 0.640074
vt 0.331068 0.453801
vt 0.334509 0.456881
vt 0.333913 0.464331
vt 0.330815 0.462597
vt 0.328671 0.462367
vt 0.031301 0.653903
vt 0.308744 0.075777
vt 0.034688 0.657692
vt 0.026623 0.641940
vt 0.028888 0.649706
vt 0.029450 0.654771
vt 0.029351 0.328460
vt 0.031523 0.323873
vt 0.032561 0.328224
vt 0.339352 0.460560
vt 0.341576 0.466386
vt 0.331139 0.169713
vt 0.329734 0.159066
vt 0.326927 0.171440
vt 0.341550 0.470846
vt 0.125216 0.975645
vt 0.124885 0.972663
vt 0.119172 0.974293
vt 0.022753 0.285726
vt 0.023468 0.281566
vt 0.027440 0.286614
vt 0.020384 0.452749
vt 0.018164 0.278872
vt 0.010496 0.444020
vt 0.037056 0.085455
vt 0.033340 0.083398
vt 0.034784 0.085604
vt 0.253613 0.368739
vt 0.246727 0.354315
vt 0.308172 0.523773
vt 0.309625 0.528627
vt 0.307318 0.539196
vt 0.040555 0.902043
vt 0.037569 0.901192
vt 0.035944 0.895699
vt 0.430602 0.781933
vt 0.426970 0.778953
vt 0.430160 0.793271
vt 0.429623 0.775262
vt 0.314224 0.563761
vt 0.317149 0.567826
vt 0.309644 0.556124
vt 0.306606 0.563043
vt 0.305411 0.556733
vt 0.429154 0.799914
vt 0.425837 0.803701
vt 0.311392 0.562896
vt 0.443265 0.949916
vt 0.315650 0.529537
vt 0.317203 0.538317
vt 0.311428 0.542119
vt 0.311638 0.531569
vt 0.320652 0.535884
vt 0.320437 0.543429
vt 0.318778 0.523570
vt 0.321126 0.533424
vt 0.323916 0.531599
vt 0.311656 0.525135
vt 0.313139 0.520049
vt 0.322756 0.524287
vt 0.303754 0.550478
vt 0.312130 0.548779
vt 0.355675 0.087045
vt 0.352912 0.083093
vt 0.354665 0.091367
vt 0.312498 0.556455
vt 0.354665 0.079856
vt 0.004985 0.478417
vt 0.007077 0.473723
vt 0.005430 0.468945
vt 0.012552 0.011648
vt 0.009795 0.012236
vt 0.217487 0.832870
vt 0.211236 0.836325
vt 0.201035 0.835380
vt 0.292359 0.767485
vt 0.084949 0.433278
vt 0.386434 0.539417
vt 0.383779 0.534465
vt 0.389512 0.531655
vt 0.380268 0.534391
vt 0.382564 0.554650
vt 0.381936 0.565782
vt 0.076862 0.432584
vt 0.076040 0.436308
vt 0.040517 0.441870
vt 0.034516 0.441712
vt 0.366541 0.051710
vt 0.246938 0.226692
vt 0.247130 0.215897
vt 0.028093 0.446648
vt 0.027354 0.442268
vt 0.359200 0.052434
vt 0.359277 0.062895
vt 0.087033 0.416836
vt 0.072538 0.417881
vt 0.267718 0.436858
vt 0.261355 0.436656
vt 0.248876 0.436649
vt 0.236680 0.433138
vt 0.240333 0.437410
vt 0.060021 0.417212
vt 0.051378 0.416639
vt 0.044457 0.416098
vt 0.039351 0.418461
vt 0.226956 0.439082
vt 0.225144 0.434188
vt 0.233300 0.438336
vt 0.218370 0.440345
vt 0.217616 0.433051
vt 0.434537 0.091363
vt 0.432004 0.083639
vt 0.435783 0.082734
vt 0.340099 0.114803
vt 0.339101 0.121343
vt 0.339775 0.122920
vt 0.341869 0.119901
vt 0.370898 0.218831
vt 0.375181 0.212350
vt 0.375866 0.218593
vt 0.028437 0.423848
vt 0.436799 0.085827
vt 0.377082 0.209822
vt 0.231449 0.233679
vt 0.233312 0.229195
vt 0.235803 0.236581
vt 0.029499 0.416815
vt 0.027650 0.432076
vt 0.239796 0.230837
vt 0.239639 0.237060
vt 0.238955 0.230200
vt 0.315533 0.647136
vt 0.313167 0.654163
vt 0.311479 0.646091
vt 0.027448 0.438156
vt 0.366838 0.232667
vt 0.369048 0.223113
vt 0.368620 0.233087
vt 0.315614 0.660673
vt 0.319267 0.657731
vt 0.242835 0.234488
vt 0.370396 0.227657
vt 0.369723 0.248928
vt 0.366389 0.249311
vt 0.368763 0.239391
vt 0.249110 0.239448
vt 0.245878 0.239126
vt 0.245894 0.235040
vt 0.370171 0.254862
vt 0.322528 0.652996
vt 0.320722 0.657673
vt 0.320337 0.652987
vt 0.370079 0.232642
vt 0.319687 0.661857
vt 0.245792 0.233998
vt 0.027322 0.433904
vt 0.244147 0.231571
vt 0.251167 0.201872
vt 0.244374 0.203317
vt 0.247545 0.202769
vt 0.295724 0.556458
vt 0.294774 0.516163
vt 0.302187 0.511397
vt 0.300922 0.521990
vt 0.295762 0.524682
vt 0.293130 0.551662
vt 0.296098 0.548886
vt 0.071162 0.281400
vt 0.294509 0.544199
vt 0.254961 0.201395
vt 0.254945 0.206151
vt 0.242264 0.206198
vt 0.241247 0.202017
vt 0.301248 0.534566
vt 0.298047 0.532189
vt 0.301328 0.546886
vt 0.298656 0.561927
vt 0.358845 0.067367
vt 0.243691 0.207216
vt 0.246123 0.211772
vt 0.244777 0.206605
vt 0.304331 0.534270
vt 0.305659 0.521159
vt 0.304125 0.532975
vt 0.058041 0.137883
vt 0.052116 0.138390
vt 0.057733 0.135971
vt 0.369486 0.301304
vt 0.369070 0.287197
vt 0.367962 0.303729
vt 0.365550 0.316965
vt 0.366480 0.314679
vt 0.369369 0.316462
vt 0.393656 0.817986
vt 0.393656 0.836691
vt 0.395037 0.828006
vt 0.302242 0.568601
vt 0.300416 0.566881
vt 0.301958 0.563863
vt 0.290566 0.011217
vt 0.291108 0.005428
vt 0.420588 0.162502
vt 0.289587 0.002679
vt 0.301674 0.557241
vt 0.257927 0.735519
vt 0.258111 0.096431
vt 0.259516 0.099339
vt 0.266078 0.085676
vt 0.305780 0.618557
vt 0.301480 0.612925
vt 0.296455 0.611544
vt 0.252410 0.086544
vt 0.258039 0.089192
vt 0.253795 0.094844
vt 0.311474 0.629088
vt 0.321484 0.628643
vt 0.323719 0.621638
vt 0.238712 0.084925
vt 0.320052 0.622596
vt 0.311234 0.617751
vt 0.247977 0.091996
vt 0.138177 0.043678
vt 0.136612 0.038044
vt 0.205832 0.494451
vt 0.208423 0.494347
vt 0.202596 0.497764
vt 0.207641 0.499593
vt 0.147075 0.033857
vt 0.181406 0.650074
vt 0.215734 0.491132
vt 0.218673 0.490823
vt 0.212296 0.496295
vt 0.289535 0.620825
vt 0.090357 0.401627
vt 0.085287 0.400661
vt 0.087531 0.397842
vt 0.411316 0.104298
vt 0.406559 0.102426
vt 0.404431 0.099805
vt 0.456694 0.095957
vt 0.458371 0.101387
vt 0.460317 0.096967
vt 0.453147 0.094024
vt 0.463041 0.096878
vt 0.463687 0.101453
vt 0.302387 0.442412
vt 0.303784 0.443784
vt 0.303908 0.447254
vt 0.113324 0.094540
vt 0.114334 0.098113
vt 0.116871 0.092806
vt 0.255893 0.071767
vt 0.260812 0.062525
vt 0.256820 0.058660
vt 0.254197 0.065347
vt 0.259648 0.071731
vt 0.317156 0.450652
vt 0.320791 0.456103
vt 0.316075 0.454585
vt 0.004808 0.163976
vt 0.001831 0.169990
vt 0.004919 0.177183
vt 0.325972 0.448590
vt 0.258319 0.044314
vt 0.255645 0.045253
vt 0.004774 0.157554
vt 0.001028 0.161352
vt 0.326042 0.441538
vt 0.328864 0.442647
vt 0.332213 0.443680
vt 0.330378 0.449278
vt 0.334864 0.448767
vt 0.312759 0.464223
vt 0.308524 0.458631
vt 0.307198 0.452558
vt 0.304326 0.456320
vt 0.360304 0.455957
vt 0.356365 0.459712
vt 0.356991 0.451079
vt 0.004199 0.187628
vt 0.002702 0.180620
vt 0.109913 0.102292
vt 0.110997 0.110236
vt 0.452068 0.101426
vt 0.453540 0.101942
vt 0.382802 0.305664
vt 0.381851 0.312204
vt 0.380109 0.307832
vt 0.184758 0.495118
vt 0.185103 0.499634
vt 0.179646 0.503668
vt 0.175052 0.665310
vt 0.339082 0.634141
vt 0.347411 0.632176
vt 0.355136 0.624252
vt 0.319794 0.636857
vt 0.326543 0.636276
vt 0.401355 0.767261
vt 0.402299 0.771002
vt 0.396894 0.767299
vt 0.187474 0.504568
vt 0.183275 0.504433
vt 0.404950 0.766744
vt 0.408262 0.769046
vt 0.314024 0.636737
vt 0.310031 0.636170
vt 0.109752 0.402250
vt 0.112050 0.398893
vt 0.114805 0.401533
vt 0.193025 0.502738
vt 0.307552 0.637419
vt 0.305013 0.636550
vt 0.145068 0.732696
vt 0.148589 0.725113
vt 0.163698 0.495908
vt 0.165525 0.498558
vt 0.175719 0.503033
vt 0.342193 0.634411
vt 0.384567 0.769069
vt 0.384128 0.773535
vt 0.378748 0.769623
vt 0.364811 0.617364
vt 0.361919 0.624473
vt 0.356486 0.630068
vt 0.351920 0.631670
vt 0.374359 0.768846
vt 0.373358 0.774105
vt 0.369356 0.771990
vt 0.390453 0.773251
vt 0.385760 0.764100
vt 0.390754 0.765041
vt 0.394775 0.771532
vt 0.347020 0.458995
vt 0.345024 0.463033
vt 0.325670 0.160156
vt 0.023946 0.332514
vt 0.024370 0.325468
vt 0.348055 0.472457
vt 0.035894 0.335351
vt 0.033499 0.332368
vt 0.039160 0.333233
vt 0.040283 0.327933
vt 0.038619 0.328192
vt 0.337942 0.446483
vt 0.338660 0.452379
vt 0.157787 0.487817
vt 0.158545 0.497122
vt 0.158864 0.493768
vt 0.338043 0.441007
vt 0.350595 0.457199
vt 0.352240 0.460345
vt 0.383878 0.891972
vt 0.360106 0.894175
vt 0.388286 0.892679
vt 0.396581 0.890984
vt 0.026246 0.322775
vt 0.028906 0.316437
vt 0.016450 0.301211
vt 0.017081 0.297284
vt 0.025235 0.314796
vt 0.032626 0.315284
vt 0.035755 0.317994
vt 0.317286 0.087086
vt 0.411747 0.293046
vt 0.407893 0.295472
vt 0.408855 0.286000
vt 0.396378 0.280090
vt 0.402477 0.283719
vt 0.397993 0.283645
vt 0.400994 0.288152
vt 0.404503 0.290154
vt 0.096372 0.355682
vt 0.094697 0.352347
vt 0.099657 0.350529
vt 0.409282 0.276194
vt 0.316340 0.098503
vt 0.316593 0.069423
vt 0.311760 0.073843
vt 0.262266 0.070251
vt 0.145571 0.095518
vt 0.141986 0.100444
vt 0.140915 0.094408
vt 0.261659 0.048005
vt 0.134946 0.093217
vt 0.132838 0.104090
vt 0.262063 0.040988
vt 0.127178 0.104272
vt 0.124423 0.098776
vt 0.130940 0.095793
vt 0.390345 0.299836
vt 0.398252 0.306343
vt 0.393824 0.308397
vt 0.144234 0.108042
vt 0.139471 0.106895
vt 0.115448 0.105011
vt 0.146559 0.106114
vt 0.387417 0.300564
vt 0.385510 0.296868
vt 0.383066 0.298881
vt 0.117085 0.113679
vt 0.113208 0.115310
vt 0.174890 0.928050
vt 0.172277 0.932597
vt 0.242840 0.768448
vt 0.257402 0.770434
vt 0.190773 0.926973
vt 0.203918 0.929900
vt 0.186601 0.928852
vt 0.187090 0.932071
vt 0.261735 0.768325
vt 0.180756 0.935025
vt 0.194050 0.933646
vt 0.363271 0.006475
vt 0.380535 0.006475
vt 0.376840 0.008716
vt 0.194375 0.937285
vt 0.181616 0.938399
vt 0.189584 0.942400
vt 0.185549 0.940172
vt 0.199420 0.940418
vt 0.197310 0.938142
vt 0.332145 0.684173
vt 0.335648 0.686497
vt 0.321256 0.685755
vt 0.204062 0.936674
vt 0.095775 0.466229
vt 0.097133 0.469476
vt 0.097572 0.471882
vt 0.098207 0.473849
vt 0.098842 0.478768
vt 0.230776 0.197034
vt 0.230109 0.203945
vt 0.227946 0.198403
vt 0.231757 0.203210
vt 0.235110 0.204390
vt 0.233094 0.198268
vt 0.237915 0.204750
vt 0.088347 0.466789
vt 0.228547 0.206208
vt 0.224016 0.211122
vt 0.223836 0.204315
vt 0.226865 0.200567
vt 0.101694 0.495802
vt 0.240394 0.205807
vt 0.237078 0.197999
vt 0.101184 0.489315
vt 0.102038 0.492622
vt 0.428380 0.088257
vt 0.432656 0.100171
vt 0.216829 0.422734
vt 0.226330 0.252132
vt 0.229102 0.246238
vt 0.229238 0.253203
vt 0.224610 0.243567
vt 0.301421 0.447705
vt 0.453687 0.075525
vt 0.449127 0.071869
vt 0.449976 0.080796
vt 0.457090 0.071843
vt 0.462365 0.912246
vt 0.461952 0.921757
vt 0.460742 0.910058
vt 0.070772 0.400163
vt 0.072965 0.403674
vt 0.071811 0.407374
vt 0.445205 0.077006
vt 0.443080 0.084429
vt 0.462929 0.900941
vt 0.400516 0.099733
vt 0.451309 0.090236
vt 0.447433 0.098210
vt 0.444017 0.092919
vt 0.395803 0.094757
vt 0.450807 0.084547
vt 0.458699 0.891622
vt 0.457995 0.900191
vt 0.459124 0.888489
vt 0.463759 0.893258
vt 0.456398 0.907065
vt 0.094097 0.102984
vt 0.097177 0.116065
vt 0.100104 0.104246
vt 0.082305 0.093718
vt 0.087709 0.097218
vt 0.084002 0.089140
vt 0.051801 0.511838
vt 0.049425 0.510165
vt 0.051548 0.515890
vt 0.080140 0.095708
vt 0.080827 0.100945
vt 0.425471 0.766597
vt 0.422173 0.765636
vt 0.423013 0.772525
vt 0.089970 0.093395
vt 0.086833 0.088539
vt 0.047192 0.510731
vt 0.097626 0.101361
vt 0.091846 0.094660
vt 0.093870 0.110458
vt 0.089200 0.106838
vt 0.197774 0.486655
vt 0.193034 0.481267
vt 0.190585 0.486336
vt 0.027026 0.163722
vt 0.030271 0.162424
vt 0.029476 0.169352
vt 0.086389 0.103781
vt 0.196585 0.477672
vt 0.024569 0.159441
vt 0.354388 0.248366
vt 0.359223 0.245551
vt 0.355780 0.255877
vt 0.355073 0.241126
vt 0.287309 0.151116
vt 0.285435 0.153237
vt 0.284547 0.151116
vt 0.286186 0.148921
vt 0.196898 0.489928
vt 0.200988 0.489372
vt 0.352533 0.266848
vt 0.020510 0.160174
vt 0.020888 0.156115
vt 0.022707 0.158611
vt 0.209172 0.940495
vt 0.313444 0.686666
vt 0.308026 0.684173
vt 0.200579 0.946905
vt 0.212631 0.933257
vt 0.217404 0.943246
vt 0.225050 0.933778
vt 0.294650 0.507576
vt 0.295152 0.502998
vt 0.048257 0.896463
vt 0.047688 0.902123
vt 0.043476 0.900551
vt 0.308008 0.511866
vt 0.310141 0.520824
vt 0.326545 0.528170
vt 0.314354 0.506015
vt 0.312447 0.513544
vt 0.310921 0.504420
vt 0.310732 0.509110
vt 0.204441 0.963903
vt 0.203634 0.974820
vt 0.205822 0.971430
vt 0.155450 0.945861
vt 0.151446 0.952209
vt 0.135505 0.947276
vt 0.137420 0.942483
vt 0.149428 0.940225
vt 0.209275 0.780576
vt 0.221365 0.781834
vt 0.216676 0.783453
vt 0.158978 0.937934
vt 0.165718 0.938459
vt 0.201679 0.964977
vt 0.173485 0.938767
vt 0.172523 0.949832
vt 0.243804 0.220313
vt 0.240887 0.222302
vt 0.235387 0.217986
vt 0.230682 0.220313
vt 0.395978 0.253957
vt 0.389755 0.251652
vt 0.400561 0.252329
vt 0.131744 0.941160
vt 0.123603 0.940419
vt 0.119502 0.958087
vt 0.127389 0.961307
vt 0.121038 0.960901
vt 0.130739 0.945686
vt 0.076474 0.461799
vt 0.079564 0.463302
vt 0.073957 0.464471
vt 0.080515 0.458157
vt 0.080948 0.470386
vt 0.084428 0.463369
vt 0.095389 0.455341
vt 0.457958 0.354532
vt 0.087088 0.453028
vt 0.084819 0.460020
vt 0.095293 0.275540
vt 0.098094 0.279239
vt 0.092264 0.282879
vt 0.091691 0.447255
vt 0.221154 0.211861
vt 0.093967 0.444942
vt 0.452375 0.944672
vt 0.123500 0.550929
vt 0.124176 0.561464
vt 0.125526 0.551046
vt 0.218868 0.201108
vt 0.466165 0.356762
vt 0.219053 0.216278
vt 0.234584 0.934371
vt 0.221632 0.956263
vt 0.216676 0.955836
vt 0.209470 0.956389
vt 0.392225 0.281651
vt 0.388182 0.287498
vt 0.390316 0.278335
vt 0.392544 0.273007
vt 0.468063 0.097304
vt 0.259319 0.032610
vt 0.126862 0.093609
vt 0.121739 0.106330
vt 0.120704 0.099744
vt 0.009085 0.962894
vt 0.011982 0.967744
vt 0.008500 0.970897
vt 0.255719 0.035482
vt 0.009684 0.976259
vt 0.334307 0.443224
vt 0.335964 0.442280
vt 0.254752 0.026689
vt 0.254073 0.015108
vt 0.253500 0.015295
vt 0.255092 0.019092
vt 0.013301 0.962126
vt 0.013446 0.949258
vt 0.013815 0.958258
vt 0.257384 0.022880
vt 0.342046 0.444823
vt 0.013846 0.928681
vt 0.048667 0.330161
vt 0.046814 0.329260
vt 0.046567 0.321402
vt 0.044349 0.325598
vt 0.042132 0.319337
vt 0.403373 0.323996
vt 0.005003 0.961669
vt 0.394161 0.286482
vt 0.107921 0.354342
vt 0.108972 0.348840
vt 0.111215 0.354240
vt 0.396694 0.269906
vt 0.397185 0.292960
vt 0.051774 0.329685
vt 0.229067 0.929367
vt 0.242476 0.932087
vt 0.298498 0.771280
vt 0.435090 0.741727
vt 0.207549 0.927940
vt 0.215697 0.928805
vt 0.284969 0.770474
vt 0.319510 0.895825
vt 0.313657 0.895871
vt 0.292701 0.891661
vt 0.300393 0.892019
vt 0.295755 0.896545
vt 0.305333 0.880817
vt 0.294143 0.878042
vt 0.297528 0.631445
vt 0.304855 0.500458
vt 0.162418 0.293027
vt 0.165384 0.291540
vt 0.163591 0.295683
vt 0.336856 0.478340
vt 0.167151 0.293895
vt 0.295457 0.496129
vt 0.294055 0.491719
vt 0.454182 0.977698
vt 0.442597 0.320009
vt 0.439279 0.313282
vt 0.445448 0.320645
vt 0.311660 0.499446
vt 0.312685 0.502697
vt 0.335089 0.569652
vt 0.340482 0.573381
vt 0.335330 0.573381
vt 0.443271 0.313042
vt 0.106584 0.402934
vt 0.099232 0.405527
vt 0.102566 0.400669
vt 0.043388 0.995838
vt 0.046460 0.996844
vt 0.036470 0.997767
vt 0.380478 0.861862
vt 0.042980 0.997821
vt 0.366668 0.864758
vt 0.055705 0.996149
vt 0.362134 0.861938
vt 0.330961 0.174816
vt 0.327460 0.177646
vt 0.328569 0.180886
vt 0.330069 0.177772
vt 0.123657 0.947142
vt 0.125432 0.951554
vt 0.121729 0.952599
vt 0.116469 0.947253
vt 0.131172 0.952561
vt 0.113259 0.939158
vt 0.292449 0.206475
vt 0.287295 0.205641
vt 0.298358 0.203999
vt 0.165673 0.832886
vt 0.171685 0.833936
vt 0.179364 0.834031
vt 0.190069 0.834946
vt 0.279139 0.765975
vt 0.282594 0.763188
vt 0.027133 0.632493
vt 0.030167 0.617695
vt 0.030266 0.623042
vt 0.028980 0.628184
vt 0.002419 0.176975
vt 0.252887 0.764793
vt 0.243226 0.763398
vt 0.265524 0.763267
vt 0.035655 0.322541
vt 0.091193 0.345553
vt 0.095578 0.343493
vt 0.040687 0.324920
vt 0.039346 0.318047
vt 0.295765 0.106068
vt 0.300910 0.108024
vt 0.298522 0.108169
vt 0.298081 0.102503
vt 0.091704 0.339982
vt 0.093369 0.339034
vt 0.037938 0.324429
vt 0.313830 0.098834
vt 0.306459 0.103200
vt 0.304366 0.104785
vt 0.304985 0.102995
vt 0.105078 0.352217
vt 0.104714 0.345162
vt 0.099723 0.338849
vt 0.101772 0.341081
vt 0.180595 0.945645
vt 0.187594 0.946369
vt 0.179805 0.954210
vt 0.450282 0.972524
vt 0.440614 0.972524
vt 0.442340 0.970504
vt 0.444515 0.974820
vt 0.346894 0.861904
vt 0.122117 0.792635
vt 0.456366 0.915694
vt 0.455834 0.923843
vt 0.455510 0.930453
vt 0.075313 0.409251
vt 0.096767 0.123872
vt 0.098628 0.128532
vt 0.099693 0.123007
vt 0.100566 0.121760
vt 0.033461 0.165637
vt 0.358818 0.233498
vt 0.361015 0.239359
vt 0.036132 0.162674
vt 0.186028 0.482725
vt 0.188677 0.481238
vt 0.305100 0.895992
vt 0.185944 0.955387
vt 0.103131 0.127767
vt 0.102602 0.121679
vt 0.474976 0.336887
vt 0.473635 0.346428
vt 0.475449 0.343509
vt 0.100877 0.134120
vt 0.103031 0.133587
vt 0.354185 0.218577
vt 0.353998 0.213798
vt 0.356641 0.220952
vt 0.355675 0.348387
vt 0.358007 0.347482
vt 0.357087 0.351799
vt 0.348972 0.248151
vt 0.347070 0.243377
vt 0.351216 0.238182
vt 0.352953 0.229117
vt 0.351996 0.251626
vt 0.025585 0.894352
vt 0.023131 0.895683
vt 0.020600 0.893367
vt 0.355675 0.740288
vt 0.354984 0.742278
vt 0.355675 0.743165
vt 0.216289 0.201031
vt 0.455055 0.940100
vt 0.361462 0.211294
vt 0.359646 0.221534
vt 0.352552 0.207943
vt 0.355612 0.207667
vt 0.358725 0.205901
vt 0.350249 0.208618
vt 0.097701 0.153729
vt 0.100943 0.153717
vt 0.349793 0.209337
vt 0.094482 0.147105
vt 0.099262 0.143351
vt 0.098386 0.141299
vt 0.360509 0.348387
vt 0.091304 0.152445
vt 0.095143 0.149880
vt 0.348432 0.228539
vt 0.101226 0.112409
vt 0.104247 0.112872
vt 0.104885 0.106885
vt 0.299637 0.003259
vt 0.398763 0.083833
vt 0.396079 0.085001
vt 0.391570 0.094895
vt 0.393105 0.083828
vt 0.390914 0.275264
vt 0.468707 0.101704
vt 0.425271 0.109760
vt 0.427702 0.112376
vt 0.009996 0.485482
vt 0.009741 0.493292
vt 0.013420 0.488060
vt 0.473344 0.103954
vt 0.472616 0.096610
vt 0.013946 0.497629
vt 0.016232 0.491628
vt 0.431356 0.113166
vt 0.005674 0.487098
vt 0.343594 0.230169
vt 0.330707 0.895314
vt 0.106294 0.643885
vt 0.109825 0.644940
vt 0.103619 0.644508
vt 0.345730 0.254711
vt 0.421397 0.779431
vt 0.429005 0.769221
vt 0.427602 0.763187
vt 0.011371 0.509390
vt 0.356108 0.285331
vt 0.365210 0.235385
vt 0.363522 0.239905
vt 0.363225 0.232444
vt 0.435468 0.100785
vt 0.437862 0.096752
vt 0.371946 0.210765
vt 0.402479 0.276910
vt 0.420530 0.792280
vt 0.425209 0.793998
vt 0.420287 0.802386
vt 0.422590 0.801918
vt 0.405230 0.271546
vt 0.401017 0.268885
vt 0.195833 0.236739
vt 0.197677 0.237345
vt 0.369635 0.261044
vt 0.363613 0.250563
vt 0.359027 0.202447
vt 0.363022 0.199091
vt 0.361457 0.204497
vt 0.360842 0.206302
vt 0.105497 0.155732
vt 0.367822 0.202404
vt 0.368087 0.209554
vt 0.366093 0.193556
vt 0.368152 0.196956
vt 0.368092 0.217393
vt 0.312978 0.660938
vt 0.362271 0.241975
vt 0.360722 0.233570
vt 0.105257 0.133044
vt 0.365825 0.223146
vt 0.104142 0.120855
vt 0.107156 0.129955
vt 0.105558 0.120146
vt 0.192109 0.021656
vt 0.187123 0.018145
vt 0.190147 0.010554
vt 0.187740 0.024024
vt 0.271919 0.492167
vt 0.269682 0.484999
vt 0.266592 0.494564
vt 0.186531 0.011069
vt 0.266140 0.483180
vt 0.187749 0.239631
vt 0.185119 0.232151
vt 0.189457 0.228309
vt 0.187176 0.223928
vt 0.473280 0.592806
vt 0.474482 0.579654
vt 0.469754 0.590410
vt 0.469412 0.578462
vt 0.466976 0.587023
vt 0.476187 0.587834
vt 0.262675 0.487870
vt 0.264244 0.136450
vt 0.265445 0.125574
vt 0.260379 0.123876
vt 0.471978 0.573804
vt 0.259878 0.138356
vt 0.257578 0.133823
vt 0.261365 0.496432
vt 0.183731 0.241972
vt 0.181214 0.234655
vt 0.136157 0.008025
vt 0.139391 0.006315
vt 0.137223 0.001346
vt 0.262900 0.116880
vt 0.198328 0.017678
vt 0.196861 0.027085
vt 0.193355 0.013132
vt 0.131900 0.027607
vt 0.134491 0.017718
vt 0.129464 0.021506
vt 0.196178 0.008800
vt 0.199853 0.011069
vt 0.137470 0.026283
vt 0.130228 0.011301
vt 0.272807 0.498959
vt 0.266381 0.507422
vt 0.261414 0.504091
vt 0.263571 0.510557
vt 0.138807 0.016803
vt 0.254497 0.134054
vt 0.256784 0.123711
vt 0.270633 0.504919
vt 0.193043 0.029187
vt 0.190550 0.029398
vt 0.190948 0.236216
vt 0.132688 0.003674
vt 0.130045 0.003228
vt 0.237354 0.674925
vt 0.232754 0.673177
vt 0.234856 0.679661
vt 0.276070 0.710830
vt 0.271098 0.700783
vt 0.272822 0.712611
vt 0.268783 0.709189
vt 0.066883 0.538581
vt 0.060847 0.537106
vt 0.063734 0.528636
vt 0.239892 0.661455
vt 0.236189 0.663077
vt 0.242913 0.672972
vt 0.243253 0.681334
vt 0.273525 0.049746
vt 0.272738 0.040436
vt 0.276330 0.043059
vt 0.241366 0.683369
vt 0.065969 0.517052
vt 0.067676 0.528490
vt 0.270087 0.049651
vt 0.060571 0.521414
vt 0.045817 0.730566
vt 0.042513 0.737754
vt 0.044878 0.738849
vt 0.236670 0.388472
vt 0.242167 0.387719
vt 0.240978 0.394699
vt 0.233284 0.395870
vt 0.237455 0.404151
vt 0.040545 0.733005
vt 0.041431 0.724906
vt 0.280444 0.699657
vt 0.278714 0.707091
vt 0.280756 0.707254
vt 0.233959 0.665460
vt 0.277431 0.696589
vt 0.275425 0.692806
vt 0.272622 0.695069
vt 0.237075 0.685802
vt 0.233521 0.685191
vt 0.241226 0.403366
vt 0.243443 0.666455
vt 0.277724 0.034787
vt 0.274231 0.031251
vt 0.040061 0.712404
vt 0.044563 0.713613
vt 0.046019 0.720246
vt 0.108950 0.304987
vt 0.103827 0.307153
vt 0.107800 0.311511
vt 0.104072 0.297027
vt 0.099871 0.297481
vt 0.033872 0.719501
vt 0.036694 0.724792
vt 0.035757 0.712611
vt 0.230128 0.403634
vt 0.229593 0.396532
vt 0.233517 0.404269
vt 0.059865 0.527641
vt 0.104022 0.287554
vt 0.100958 0.288825
vt 0.107610 0.286250
vt 0.266335 0.698651
vt 0.109087 0.294547
vt 0.267488 0.039887
vt 0.266689 0.029978
vt 0.270490 0.030657
vt 0.445593 0.013400
vt 0.445801 0.025057
vt 0.442890 0.021982
vt 0.450016 0.023303
vt 0.404544 0.722810
vt 0.404431 0.727187
vt 0.401179 0.720565
vt 0.394854 0.731404
vt 0.395245 0.721357
vt 0.397707 0.718125
vt 0.402647 0.732708
vt 0.241554 0.078841
vt 0.239398 0.067592
vt 0.243081 0.066683
vt 0.245731 0.073809
vt 0.440542 0.014062
vt 0.399401 0.736366
vt 0.398002 0.733852
vt 0.450943 0.012493
vt 0.453783 0.022309
vt 0.263950 0.316161
vt 0.261415 0.324459
vt 0.265082 0.323453
vt 0.448381 0.005813
vt 0.453739 0.014115
vt 0.107635 0.164697
vt 0.111567 0.169280
vt 0.107785 0.170781
vt 0.258432 0.318083
vt 0.262506 0.309404
vt 0.259667 0.307410
vt 0.256468 0.310004
vt 0.453478 0.007729
vt 0.462635 0.444139
vt 0.459330 0.439939
vt 0.462881 0.435040
vt 0.037186 0.602039
vt 0.032824 0.598929
vt 0.035767 0.593824
vt 0.442214 0.007168
vt 0.040568 0.590979
vt 0.036993 0.584397
vt 0.039226 0.581069
vt 0.033547 0.583159
vt 0.032204 0.590467
vt 0.240857 0.061880
vt 0.107292 0.182192
vt 0.109714 0.185387
vt 0.107847 0.186260
vt 0.109408 0.176720
vt 0.241802 0.058273
vt 0.458968 0.454206
vt 0.457179 0.446937
vt 0.111694 0.182209
vt 0.113067 0.176374
vt 0.113925 0.170850
vt 0.461223 0.452814
vt 0.248355 0.074228
vt 0.246588 0.064466
vt 0.464106 0.451319
vt 0.248997 0.062891
vt 0.333370 0.046328
vt 0.330104 0.049294
vt 0.333203 0.036700
vt 0.336496 0.042053
vt 0.465194 0.419116
vt 0.468825 0.416266
vt 0.468813 0.422390
vt 0.466220 0.427673
vt 0.472104 0.419762
vt 0.459212 0.291041
vt 0.457029 0.297562
vt 0.454711 0.289073
vt 0.454172 0.295512
vt 0.460215 0.299656
vt 0.016575 0.542087
vt 0.016995 0.537666
vt 0.020232 0.545735
vt 0.208598 0.417344
vt 0.210621 0.423250
vt 0.211561 0.415704
vt 0.453541 0.302188
vt 0.471817 0.426628
vt 0.473453 0.425742
vt 0.016349 0.532925
vt 0.020283 0.531670
vt 0.057607 0.121499
vt 0.056390 0.125958
vt 0.054330 0.119542
vt 0.207711 0.427779
vt 0.210867 0.429071
vt 0.204764 0.422966
vt 0.292933 0.470524
vt 0.294816 0.464360
vt 0.297351 0.472162
vt 0.048496 0.122677
vt 0.050839 0.121408
vt 0.050849 0.128907
vt 0.298952 0.464258
vt 0.296194 0.458150
vt 0.332983 0.057248
vt 0.023481 0.539789
vt 0.024034 0.531655
vt 0.025585 0.535332
vt 0.335988 0.051569
vt 0.054197 0.130008
s 1
usemtl material_0
f 441/1/1 220/2/2 444/3/3
f 444/4/3 440/5/4 443/6/5
f 446/7/6 307/8/7 441/1/1
f 307/8/7 220/2/2 441/1/1
f 306/9/8 308/10/9 316/11/10
f 307/8/7 306/9/8 316/11/10
f 450/12/11 442/13/12 443/14/5
f 226/15/13 173/16/14 218/17/15
f 173/18/14 450/19/11 218/20/15
f 128/21/16 127/22/17 130/23/18
f 220/2/2 440/24/4 444/3/3
f 450/12/11 176/25/19 442/13/12
f 218/20/15 219/26/20 134/27/21
f 450/28/11 173/29/14 176/30/19
f 226/15/13 130/23/18 173/16/14
f 450/19/11 440/31/4 219/26/20
f 219/32/20 220/2/2 320/33/22
f 440/31/4 220/34/2 219/26/20
f 218/20/15 450/19/11 219/26/20
f 226/15/13 128/21/16 130/23/18
f 225/35/23 128/36/16 226/37/13
f 440/38/4 450/39/11 443/14/5
f 225/35/23 237/40/24 128/36/16
f 320/33/22 302/41/25 219/32/20
f 228/42/26 128/36/16 237/40/24
f 320/33/22 300/43/27 302/41/25
f 299/44/28 324/45/29 302/41/25
f 300/43/27 299/44/28 302/41/25
f 316/11/10 300/43/27 320/33/22
f 220/2/2 316/11/10 320/33/22
f 307/8/7 316/11/10 220/2/2
f 318/46/30 299/44/28 300/43/27
f 316/11/10 318/46/30 300/43/27
f 301/47/31 227/48/32 234/49/33
f 227/50/32 218/51/15 234/52/33
f 234/52/33 218/51/15 134/53/21
f 219/32/20 302/41/25 301/47/31
f 227/50/32 226/37/13 218/51/15
f 134/27/21 219/26/20 234/54/33
f 233/55/34 226/56/13 227/48/32
f 301/47/31 233/55/34 227/48/32
f 219/32/20 301/47/31 234/49/33
f 302/41/25 233/55/34 301/47/31
f 229/57/35 133/58/36 228/42/26
f 233/59/34 225/35/23 226/37/13
f 229/57/35 228/42/26 237/40/24
f 236/60/37 225/35/23 233/59/34
f 302/41/25 236/61/37 233/55/34
f 236/60/37 237/40/24 225/35/23
f 229/57/35 231/62/38 133/58/36
f 324/45/29 237/63/24 236/61/37
f 302/41/25 324/45/29 236/61/37
f 324/45/29 229/64/35 237/63/24
f 309/65/39 311/66/40 307/8/7
f 307/8/7 314/67/41 306/9/8
f 311/66/40 314/67/41 307/8/7
f 231/62/38 121/68/42 133/58/36
f 305/69/43 318/46/30 316/11/10
f 305/69/43 303/70/44 318/46/30
f 308/10/9 305/69/43 316/11/10
f 294/71/45 324/45/29 299/44/28
f 299/44/28 318/46/30 294/71/45
f 303/70/44 294/71/45 318/46/30
f 232/72/46 231/62/38 229/57/35
f 324/45/29 232/73/46 229/64/35
f 294/71/45 231/74/38 232/73/46
f 294/71/45 232/73/46 324/45/29
f 231/62/38 235/75/47 121/68/42
f 305/69/43 304/76/48 303/70/44
f 303/70/44 304/76/48 317/77/49
f 294/71/45 303/70/44 298/78/50
f 298/78/50 293/79/51 290/80/52
f 303/70/44 317/77/49 298/78/50
f 317/77/49 312/81/53 298/78/50
f 312/81/53 293/79/51 298/78/50
f 294/71/45 290/80/52 231/74/38
f 298/78/50 290/80/52 294/71/45
f 322/82/54 292/83/55 293/79/51
f 322/82/54 293/79/51 312/81/53
f 322/82/54 323/84/56 292/83/55
f 293/79/51 289/85/57 290/80/52
f 293/79/51 292/83/55 289/85/57
f 289/85/57 292/83/55 297/86/58
f 292/83/55 2079/87/59 2078/88/60
f 290/80/52 288/89/61 230/90/62
f 290/80/52 230/90/62 235/91/47
f 231/74/38 290/80/52 235/91/47
f 289/85/57 288/89/61 290/80/52
f 2/92/63 6/93/64 8/94/65
f 6/93/64 3/95/66 8/94/65
f 342/96/67 25/97/68 335/98/69
f 335/98/69 2/99/63 338/100/70
f 25/97/68 2/99/63 335/98/69
f 338/100/70 2/99/63 339/101/71
f 2/99/63 8/102/65 339/101/71
f 335/98/69 338/100/70 336/103/72
f 338/100/70 337/104/73 334/105/74
f 170/106/75 166/107/76 104/108/77
f 338/100/70 334/105/74 336/103/72
f 334/109/74 223/110/78 281/111/79
f 334/109/74 170/112/75 223/110/78
f 221/113/80 170/112/75 222/114/81
f 334/105/74 337/104/73 170/115/75
f 223/110/78 170/112/75 221/113/80
f 222/116/81 104/117/77 82/118/82
f 222/114/81 170/112/75 104/119/77
f 170/115/75 337/104/73 168/120/83
f 170/106/75 168/121/83 166/107/76
f 165/122/84 167/123/85 166/107/76
f 343/124/86 166/107/76 168/121/83
f 337/104/73 343/125/86 168/120/83
f 343/124/86 165/122/84 166/107/76
f 343/124/86 169/126/87 165/122/84
f 169/126/87 164/127/88 165/122/84
f 7/128/89 12/129/90 339/101/71
f 436/130/91 164/127/88 341/131/92
f 7/132/89 1/133/93 12/134/90
f 341/131/92 164/127/88 169/126/87
f 8/102/65 7/128/89 339/101/71
f 339/101/71 12/129/90 341/135/92
f 337/104/73 344/136/94 343/125/86
f 175/137/95 343/124/86 344/138/94
f 341/131/92 169/126/87 345/139/96
f 12/129/90 340/140/97 341/135/92
f 175/141/95 337/104/73 338/100/70
f 337/104/73 175/141/95 344/136/94
f 175/137/95 169/126/87 343/124/86
f 345/139/96 169/126/87 175/137/95
f 339/101/71 175/141/95 338/100/70
f 341/135/92 345/142/96 175/141/95
f 339/101/71 341/135/92 175/141/95
f 340/143/97 436/144/91 341/145/92
f 428/146/98 275/147/99 271/148/100
f 269/149/101 270/150/102 262/151/103
f 421/152/104 428/146/98 271/148/100
f 82/118/82 72/153/105 71/154/106
f 280/155/107 82/118/82 71/154/106
f 258/156/108 72/153/105 81/157/109
f 70/158/110 72/153/105 258/156/108
f 70/158/110 71/154/106 72/153/105
f 280/159/107 71/160/106 70/161/110
f 101/162/111 86/163/112 282/164/113
f 100/165/114 221/166/80 222/116/81
f 100/165/114 222/116/81 86/167/112
f 100/168/114 101/169/111 282/170/113
f 101/171/111 100/165/114 86/167/112
f 223/172/78 100/173/114 282/164/113
f 86/167/112 222/116/81 280/155/107
f 222/116/81 82/118/82 280/155/107
f 281/174/79 86/163/112 280/159/107
f 223/110/78 221/113/80 100/175/114
f 281/174/79 282/164/113 86/163/112
f 223/172/78 282/164/113 281/174/79
f 274/176/115 261/177/116 255/178/117
f 257/179/118 258/180/108 81/181/109
f 261/177/116 257/179/118 73/182/119
f 257/179/118 81/181/109 73/182/119
f 265/183/120 264/184/121 257/179/118
f 264/184/121 70/161/110 257/179/118
f 263/185/122 265/183/120 261/177/116
f 261/177/116 265/183/120 257/179/118
f 265/183/120 430/186/123 432/187/124
f 264/184/121 265/183/120 266/188/125
f 271/148/100 429/189/126 274/176/115
f 421/152/104 259/190/127 262/151/103
f 275/147/99 429/189/126 271/148/100
f 421/152/104 271/148/100 259/190/127
f 274/176/115 263/185/122 261/177/116
f 276/191/128 430/186/123 263/185/122
f 430/186/123 265/183/120 263/185/122
f 75/192/129 271/148/100 255/178/117
f 418/193/130 430/194/123 426/195/131
f 419/196/132 426/195/131 429/197/126
f 274/176/115 276/191/128 263/185/122
f 429/197/126 426/195/131 276/198/128
f 429/197/126 276/198/128 274/199/115
f 426/195/131 430/194/123 276/198/128
f 426/195/131 415/200/133 418/193/130
f 259/190/127 75/192/129 76/201/134
f 259/190/127 248/202/135 262/151/103
f 259/190/127 76/201/134 256/203/136
f 262/151/103 248/202/135 269/149/101
f 259/190/127 271/148/100 75/192/129
f 248/202/135 259/190/127 256/203/136
f 274/176/115 255/178/117 271/148/100
f 257/179/118 70/161/110 258/180/108
f 336/103/72 334/105/74 224/204/137
f 268/205/138 336/103/72 224/204/137
f 280/159/107 268/206/138 281/174/79
f 224/207/137 334/109/74 281/111/79
f 267/208/139 70/161/110 264/184/121
f 267/208/139 280/159/107 70/161/110
f 224/209/137 281/174/79 268/206/138
f 268/206/138 280/159/107 267/208/139
f 272/210/140 336/103/72 268/205/138
f 342/211/67 24/212/141 25/213/68
f 24/214/141 2/92/63 25/215/68
f 423/216/142 24/212/141 342/211/67
f 24/214/141 6/93/64 2/92/63
f 433/217/143 423/216/142 342/211/67
f 433/217/143 342/211/67 278/218/144
f 278/219/144 273/220/145 266/188/125
f 278/221/144 335/98/69 273/222/145
f 278/221/144 342/96/67 335/98/69
f 273/222/145 335/98/69 336/103/72
f 273/222/145 336/103/72 272/210/140
f 264/184/121 266/188/125 267/208/139
f 266/188/125 273/220/145 272/223/140
f 417/224/146 423/216/142 425/225/147
f 23/226/148 6/93/64 423/227/142
f 425/225/147 423/216/142 433/217/143
f 6/93/64 24/214/141 423/227/142
f 277/228/149 433/217/143 278/218/144
f 265/183/120 432/187/124 266/188/125
f 432/229/124 433/217/143 277/228/149
f 432/187/124 277/230/149 266/188/125
f 277/230/149 278/219/144 266/188/125
f 418/193/130 420/231/150 425/225/147
f 425/225/147 433/217/143 432/229/124
f 418/193/130 432/229/124 430/194/123
f 418/193/130 425/225/147 432/229/124
f 266/188/125 272/223/140 267/208/139
f 267/208/139 272/223/140 268/206/138
f 329/232/151 399/233/152 2558/234/153
f 331/235/154 2558/234/153 399/233/152
f 331/235/154 399/233/152 398/236/155
f 327/237/156 398/236/155 325/238/157
f 356/239/158 2557/240/159 3431/241/160
f 358/242/161 3432/243/162 827/244/163
f 356/239/158 358/242/161 2557/240/159
f 2557/240/159 358/242/161 827/244/163
f 356/239/158 3431/241/160 107/245/164
f 357/246/165 330/247/166 355/248/167
f 355/248/167 330/247/166 333/249/168
f 357/250/165 332/251/169 329/232/151
f 333/252/168 330/253/166 329/232/151
f 330/253/166 357/250/165 329/232/151
f 357/250/165 378/254/170 332/251/169
f 3432/243/162 355/248/167 365/255/171
f 355/248/167 333/249/168 365/255/171
f 104/117/77 88/256/172 82/118/82
f 104/108/77 166/107/76 88/257/172
f 172/258/173 167/123/85 103/259/174
f 172/260/173 97/261/175 102/262/176
f 165/122/84 48/263/177 167/123/85
f 167/123/85 48/263/177 54/264/178
f 172/260/173 103/265/174 97/261/175
f 97/261/175 103/265/174 216/266/179
f 216/267/179 56/268/180 55/269/181
f 102/262/176 97/261/175 91/270/182
f 216/267/179 217/271/183 97/272/175
f 56/268/180 216/267/179 54/273/178
f 54/274/178 47/275/184 56/276/180
f 56/276/180 47/275/184 51/277/185
f 103/278/174 54/273/178 216/267/179
f 48/279/177 47/275/184 54/274/178
f 103/278/174 167/280/85 54/273/178
f 166/107/76 172/258/173 102/281/176
f 166/107/76 102/281/176 88/257/172
f 166/107/76 167/123/85 172/258/173
f 73/282/119 80/283/186 85/284/187
f 81/157/109 80/283/186 73/282/119
f 88/256/172 72/153/105 82/118/82
f 73/282/119 85/284/187 74/285/188
f 74/285/188 85/284/187 87/286/189
f 81/157/109 89/287/190 80/283/186
f 72/153/105 89/287/190 81/157/109
f 72/153/105 91/270/182 89/287/190
f 88/256/172 102/262/176 91/270/182
f 88/256/172 91/270/182 72/153/105
f 212/288/191 214/289/192 205/290/193
f 199/291/194 195/292/195 59/293/196
f 204/294/197 212/288/191 199/291/194
f 204/294/197 199/291/194 201/295/198
f 212/288/191 205/290/193 199/291/194
f 199/291/194 205/290/193 195/292/195
f 214/289/192 55/269/181 193/296/199
f 216/267/179 55/269/181 214/289/192
f 51/277/185 55/297/181 56/276/180
f 252/298/200 193/296/199 55/269/181
f 55/297/181 51/277/185 252/299/200
f 205/290/193 214/289/192 206/300/201
f 214/289/192 193/296/199 206/300/201
f 92/301/202 208/302/203 209/303/204
f 92/301/202 203/304/205 208/302/203
f 252/298/200 251/305/206 193/296/199
f 251/305/206 210/306/207 189/307/208
f 193/296/199 251/305/206 189/307/208
f 51/308/185 251/305/206 252/298/200
f 193/296/199 189/307/208 188/309/209
f 199/291/194 60/310/210 201/295/198
f 199/291/194 59/293/196 194/311/211
f 60/310/210 199/291/194 194/311/211
f 91/270/182 96/312/212 89/287/190
f 89/287/190 95/313/213 80/283/186
f 95/313/213 215/314/214 211/315/215
f 95/313/213 96/312/212 215/314/214
f 89/287/190 96/312/212 95/313/213
f 91/270/182 97/261/175 96/312/212
f 75/316/129 87/286/189 77/317/216
f 256/318/136 87/286/189 79/319/217
f 96/320/212 212/288/191 215/321/214
f 96/320/212 217/271/183 214/289/192
f 212/288/191 204/294/197 211/322/215
f 215/321/214 212/288/191 211/322/215
f 96/320/212 214/289/192 212/288/191
f 96/320/212 97/272/175 217/271/183
f 217/271/183 216/267/179 214/289/192
f 202/323/218 201/295/198 200/324/219
f 208/302/203 203/304/205 202/323/218
f 203/304/205 201/295/198 202/323/218
f 208/302/203 202/323/218 198/325/220
f 211/315/215 98/326/221 85/284/187
f 98/327/221 204/294/197 203/304/205
f 98/327/221 211/322/215 204/294/197
f 204/294/197 201/295/198 203/304/205
f 80/283/186 95/313/213 85/284/187
f 95/313/213 211/315/215 85/284/187
f 78/328/222 83/329/223 94/330/224
f 93/331/225 83/329/223 84/332/226
f 83/329/223 93/331/225 94/330/224
f 87/286/189 203/333/205 92/334/202
f 79/319/217 92/334/202 83/329/223
f 87/286/189 85/284/187 203/333/205
f 79/319/217 87/286/189 92/334/202
f 198/325/220 65/335/227 207/336/228
f 83/329/223 209/337/204 99/338/229
f 83/329/223 99/338/229 84/332/226
f 99/339/229 198/325/220 84/340/226
f 209/303/204 198/325/220 99/339/229
f 92/334/202 209/337/204 83/329/223
f 85/284/187 98/326/221 203/333/205
f 208/302/203 198/325/220 209/303/204
f 84/340/226 198/325/220 207/336/228
f 247/341/230 79/319/217 83/329/223
f 247/341/230 83/329/223 78/328/222
f 256/318/136 79/319/217 247/341/230
f 261/177/116 73/182/119 74/342/188
f 255/178/117 261/177/116 74/342/188
f 74/285/188 87/286/189 75/316/129
f 255/178/117 74/342/188 75/192/129
f 76/343/134 87/286/189 256/318/136
f 269/149/101 248/202/135 247/344/230
f 77/317/216 87/286/189 76/343/134
f 76/201/134 75/192/129 77/345/216
f 248/346/135 256/347/136 247/348/230
f 408/349/231 403/350/232 402/351/233
f 391/352/234 403/350/232 408/349/231
f 391/352/234 409/353/235 403/350/232
f 152/354/236 150/355/237 405/356/238
f 404/357/239 393/358/240 394/359/241
f 150/355/237 394/359/241 405/356/238
f 404/357/239 394/359/241 155/360/242
f 153/361/243 394/359/241 150/355/237
f 153/361/243 155/360/242 394/359/241
f 394/359/241 392/362/244 391/352/234
f 405/356/238 391/352/234 408/349/231
f 394/359/241 391/352/234 405/356/238
f 393/358/240 392/362/244 394/359/241
f 157/363/245 149/364/246 132/365/247
f 157/363/245 146/366/248 149/364/246
f 146/366/248 156/367/249 149/364/246
f 149/364/246 404/368/239 153/369/243
f 404/368/239 155/370/242 153/369/243
f 404/357/239 156/371/249 159/372/250
f 149/364/246 156/367/249 404/368/239
f 404/357/239 159/372/250 393/358/240
f 142/373/251 150/374/237 152/375/236
f 153/369/243 150/374/237 142/373/251
f 149/364/246 153/369/243 132/365/247
f 132/365/247 153/369/243 142/373/251
f 131/376/252 132/365/247 142/373/251
f 253/377/253 144/378/254 125/379/255
f 136/380/256 2783/381/257 253/382/253
f 144/378/254 146/383/248 254/384/258
f 125/379/255 144/378/254 254/384/258
f 147/385/259 144/378/254 253/377/253
f 253/377/253 2783/386/257 147/385/259
f 2785/387/260 147/385/259 2783/386/257
f 119/388/261 126/389/262 125/390/255
f 125/379/255 126/391/262 253/377/253
f 122/392/263 253/382/253 119/388/261
f 122/392/263 136/380/256 253/382/253
f 253/382/253 126/389/262 119/388/261
f 122/392/263 135/393/264 136/380/256
f 138/394/265 135/393/264 122/392/263
f 118/395/266 122/392/263 119/388/261
f 386/396/267 138/394/265 122/392/263
f 120/397/268 137/398/269 384/399/270
f 384/400/270 383/401/271 382/402/272
f 295/403/273 384/400/270 382/404/272
f 385/405/274 384/399/270 137/398/269
f 296/406/275 384/400/270 295/403/273
f 385/405/274 383/401/271 384/399/270
f 386/396/267 122/392/263 120/407/268
f 120/407/268 122/392/263 118/395/266
f 116/408/276 120/407/268 118/395/266
f 116/408/276 137/409/269 120/407/268
f 144/410/254 145/411/277 146/366/248
f 144/378/254 147/385/259 145/412/277
f 2785/413/260 241/414/278 147/385/259
f 382/402/272 383/401/271 291/415/279
f 291/415/279 383/401/271 385/405/274
f 178/416/280 183/417/281 181/418/282
f 407/419/283 182/420/284 179/421/285
f 407/419/283 179/421/285 185/422/286
f 407/423/283 403/350/232 410/424/287
f 403/350/232 409/353/235 410/424/287
f 410/425/287 181/418/282 182/420/284
f 407/419/283 410/425/287 182/420/284
f 410/425/287 178/416/280 181/418/282
f 392/362/244 395/426/288 409/353/235
f 391/352/234 392/362/244 409/353/235
f 393/358/240 396/427/289 392/362/244
f 396/427/289 395/426/288 392/362/244
f 159/372/250 246/428/290 393/358/240
f 159/429/250 158/430/291 246/431/290
f 243/432/292 246/431/290 158/430/291
f 246/428/290 242/433/293 393/358/240
f 246/431/290 243/432/292 242/434/293
f 156/367/249 158/435/291 159/436/250
f 154/437/294 243/432/292 158/430/291
f 154/438/294 158/435/291 156/367/249
f 241/439/278 243/432/292 245/440/295
f 245/440/295 243/432/292 154/437/294
f 154/438/294 156/367/249 146/366/248
f 147/441/259 245/442/295 145/411/277
f 145/411/277 154/438/294 146/366/248
f 145/411/277 245/442/295 154/438/294
f 147/441/259 241/443/278 245/442/295
f 106/444/296 359/445/297 105/446/298
f 113/447/299 106/444/296 376/448/300
f 114/449/301 359/445/297 106/444/296
f 106/444/296 105/446/298 376/448/300
f 376/448/300 105/446/298 111/450/302
f 111/450/302 105/446/298 112/451/303
f 105/446/298 3435/452/304 112/451/303
f 3274/453/305 323/84/56 310/454/306
f 112/455/303 3274/456/305 310/454/306
f 3435/452/304 109/457/307 112/451/303
f 112/458/303 109/459/307 3274/460/305
f 397/461/308 389/462/309 390/463/310
f 397/461/308 390/463/310 411/464/311
f 411/464/311 396/427/289 242/465/293
f 399/466/152 389/462/309 325/467/157
f 350/468/312 352/469/313 356/239/158
f 356/239/158 352/469/313 358/242/161
f 398/470/155 399/466/152 325/467/157
f 358/242/161 355/248/167 3432/243/162
f 390/463/310 351/471/314 411/464/311
f 389/462/309 353/472/315 390/463/310
f 390/463/310 350/473/312 351/471/314
f 389/462/309 400/474/316 353/472/315
f 390/463/310 352/475/313 350/473/312
f 352/469/313 354/476/317 358/242/161
f 358/242/161 354/476/317 355/248/167
f 353/477/315 354/476/317 352/469/313
f 329/232/151 401/478/318 328/479/319
f 399/233/152 329/232/151 328/479/319
f 390/463/310 353/472/315 352/475/313
f 389/462/309 399/466/152 400/474/316
f 328/480/319 401/481/318 400/474/316
f 332/482/169 400/474/316 401/481/318
f 399/466/152 328/480/319 400/474/316
f 395/426/288 186/483/320 409/353/235
f 409/353/235 186/483/320 178/484/280
f 395/426/288 349/485/321 186/483/320
f 409/353/235 178/484/280 410/424/287
f 187/486/322 349/485/321 395/426/288
f 178/416/280 186/487/320 183/417/281
f 353/477/315 388/488/323 354/476/317
f 388/488/323 355/248/167 354/476/317
f 400/474/316 388/489/323 353/472/315
f 243/432/292 239/490/324 242/434/293
f 240/491/325 411/464/311 242/465/293
f 393/358/240 242/465/293 396/427/289
f 244/492/326 397/461/308 238/493/327
f 397/461/308 325/467/157 389/462/309
f 325/467/157 397/461/308 326/494/328
f 239/490/324 240/495/325 242/434/293
f 240/491/325 397/461/308 411/464/311
f 238/493/327 397/461/308 239/496/324
f 239/496/324 397/461/308 240/491/325
f 243/432/292 238/497/327 239/490/324
f 2367/498/329 325/238/157 326/499/328
f 105/446/298 107/500/164 3435/452/304
f 108/501/330 107/500/164 105/446/298
f 107/500/164 3430/502/331 3435/452/304
f 360/503/332 110/504/333 359/505/297
f 359/445/297 110/506/333 108/501/330
f 360/503/332 356/239/158 110/504/333
f 356/239/158 107/245/164 108/507/330
f 110/504/333 356/239/158 108/507/330
f 359/445/297 108/501/330 105/446/298
f 186/508/320 347/509/334 348/510/335
f 349/511/321 346/512/336 347/509/334
f 186/508/320 349/511/321 347/509/334
f 411/464/311 351/471/314 346/513/336
f 187/486/322 346/513/336 349/514/321
f 187/486/322 411/464/311 346/513/336
f 395/426/288 396/427/289 187/486/322
f 348/510/335 347/509/334 346/512/336
f 396/427/289 411/464/311 187/486/322
f 348/510/335 346/512/336 360/503/332
f 346/512/336 351/515/314 360/503/332
f 350/468/312 360/503/332 351/515/314
f 360/503/332 350/468/312 356/239/158
f 329/232/151 332/251/169 401/478/318
f 388/488/323 387/516/337 355/248/167
f 332/482/169 387/517/337 400/474/316
f 400/474/316 387/517/337 388/489/323
f 355/248/167 387/516/337 378/518/170
f 355/248/167 378/518/170 357/246/165
f 332/482/169 378/519/170 387/517/337
f 243/432/292 241/439/278 2801/520/338
f 2801/520/338 244/521/326 243/432/292
f 243/432/292 244/521/326 238/497/327
f 244/492/326 326/494/328 397/461/308
f 2801/520/338 241/439/278 2785/522/260
f 2814/523/339 326/499/328 244/524/326
f 2801/520/338 2814/525/339 244/521/326
f 42/526/340 69/527/341 66/528/342
f 34/529/343 66/530/342 381/531/344
f 34/529/343 42/532/340 66/530/342
f 57/533/345 42/532/340 53/534/346
f 57/535/345 69/527/341 42/526/340
f 402/351/233 69/536/341 57/537/345
f 141/538/347 151/539/348 160/540/349
f 151/539/348 49/541/350 160/540/349
f 30/542/351 36/543/352 34/529/343
f 408/349/231 43/544/353 36/545/352
f 408/349/231 402/351/233 53/546/346
f 406/547/354 36/545/352 38/548/355
f 53/546/346 402/351/233 57/537/345
f 406/547/354 408/349/231 36/545/352
f 36/543/352 43/549/353 34/529/343
f 43/549/353 42/532/340 34/529/343
f 43/549/353 53/534/346 42/532/340
f 408/349/231 53/546/346 43/544/353
f 148/550/356 151/551/348 141/538/347
f 148/552/356 405/356/238 406/547/354
f 152/354/236 405/356/238 148/552/356
f 151/553/348 406/547/354 49/554/350
f 148/552/356 406/547/354 151/553/348
f 49/554/350 406/547/354 38/548/355
f 405/356/238 408/349/231 406/547/354
f 34/529/343 381/531/344 28/555/357
f 131/376/252 142/373/251 140/556/358
f 130/23/18 131/376/252 140/556/358
f 152/375/236 148/550/356 141/538/347
f 142/373/251 152/375/236 141/538/347
f 140/556/358 142/373/251 141/538/347
f 127/22/17 131/376/252 130/23/18
f 69/527/341 184/557/359 66/528/342
f 69/536/341 185/558/286 184/559/359
f 402/351/233 407/423/283 69/536/341
f 69/536/341 407/423/283 185/558/286
f 402/351/233 403/350/232 407/423/283
f 26/560/360 21/561/361 6/93/64
f 51/277/185 52/562/362 45/563/363
f 52/562/362 41/564/364 26/565/360
f 47/275/184 41/564/364 51/277/185
f 41/564/364 52/562/362 51/277/185
f 41/564/364 21/566/361 26/565/360
f 165/122/84 44/567/365 48/263/177
f 163/568/366 46/569/367 164/127/88
f 46/569/367 44/567/365 165/122/84
f 164/127/88 46/569/367 165/122/84
f 50/570/368 39/571/369 32/572/370
f 8/94/65 3/95/66 7/132/89
f 163/573/366 37/574/371 46/575/367
f 7/132/89 3/95/66 1/133/93
f 46/575/367 37/574/371 44/576/365
f 50/570/368 32/572/370 163/573/366
f 1/133/93 19/577/372 5/578/373
f 19/577/372 16/579/374 5/578/373
f 44/576/365 47/275/184 48/279/177
f 21/561/361 18/580/375 3/95/66
f 18/580/375 20/581/376 3/95/66
f 47/275/184 44/576/365 41/564/364
f 41/564/364 44/576/365 21/566/361
f 39/571/369 31/582/377 32/572/370
f 20/581/376 33/583/378 1/133/93
f 44/576/365 37/574/371 18/584/375
f 44/576/365 18/584/375 21/566/361
f 20/585/376 32/572/370 33/586/378
f 3/95/66 20/581/376 1/133/93
f 163/573/366 32/572/370 37/574/371
f 32/572/370 31/582/377 33/586/378
f 37/574/371 32/572/370 20/585/376
f 33/583/378 19/577/372 1/133/93
f 31/582/377 29/587/379 33/586/378
f 37/574/371 20/585/376 18/584/375
f 29/588/379 19/577/372 33/583/378
f 31/582/377 35/589/380 29/587/379
f 29/588/379 17/590/381 19/577/372
f 19/577/372 17/590/381 16/579/374
f 249/591/382 250/592/383 45/593/363
f 414/594/384 250/595/383 249/596/382
f 192/597/385 414/594/384 249/596/382
f 412/598/386 192/597/385 249/596/382
f 210/306/207 196/599/387 189/307/208
f 189/600/208 192/597/385 188/601/209
f 45/593/363 250/592/383 251/602/206
f 192/597/385 196/603/387 414/594/384
f 188/601/209 192/597/385 412/598/386
f 250/592/383 210/604/207 251/602/206
f 52/605/362 249/591/382 45/593/363
f 189/307/208 196/599/387 192/606/385
f 414/607/384 210/604/207 250/592/383
f 210/306/207 414/608/384 196/599/387
f 275/609/99 419/196/132 429/197/126
f 427/610/388 422/611/389 424/612/390
f 428/613/98 421/614/104 275/609/99
f 65/615/227 64/616/391 270/617/102
f 431/618/392 65/615/227 270/617/102
f 270/150/102 427/610/388 262/151/103
f 262/151/103 427/610/388 424/612/390
f 262/151/103 424/612/390 421/152/104
f 431/619/392 270/150/102 269/149/101
f 195/620/195 415/200/133 59/621/196
f 206/300/201 191/622/393 190/623/394
f 205/290/193 206/300/201 190/623/394
f 205/290/193 190/623/394 195/292/195
f 412/598/386 425/225/147 420/231/150
f 425/225/147 412/598/386 417/224/146
f 195/620/195 190/624/394 415/200/133
f 190/624/394 191/625/393 420/231/150
f 190/624/394 420/231/150 415/200/133
f 191/625/393 412/598/386 420/231/150
f 419/196/132 416/626/395 426/195/131
f 62/627/396 415/200/133 426/195/131
f 416/626/395 62/627/396 426/195/131
f 275/609/99 416/626/395 419/196/132
f 206/300/201 193/296/199 413/628/397
f 206/300/201 413/628/397 191/622/393
f 193/296/199 188/309/209 413/628/397
f 45/593/363 251/602/206 51/629/185
f 413/630/397 188/601/209 412/598/386
f 191/625/393 413/630/397 412/598/386
f 194/631/211 62/632/396 416/633/395
f 59/634/196 62/632/396 194/631/211
f 59/621/196 415/200/133 62/627/396
f 60/635/210 194/631/211 416/633/395
f 415/200/133 420/231/150 418/193/130
f 198/325/220 202/323/218 63/636/398
f 200/637/219 60/635/210 58/638/399
f 202/323/218 200/324/219 58/639/399
f 60/635/210 416/633/395 58/638/399
f 201/295/198 60/310/210 200/324/219
f 52/640/362 26/560/360 6/93/64
f 21/561/361 3/95/66 6/93/64
f 417/224/146 23/641/148 423/216/142
f 249/596/382 52/642/362 27/643/400
f 412/598/386 27/643/400 417/224/146
f 249/596/382 27/643/400 412/598/386
f 417/644/146 27/645/400 23/226/148
f 27/645/400 6/93/64 23/226/148
f 27/645/400 52/640/362 6/93/64
f 38/646/355 36/543/352 35/589/380
f 161/647/401 160/540/349 40/648/402
f 161/647/401 143/649/403 160/540/349
f 143/649/403 141/538/347 160/540/349
f 160/540/349 38/650/355 40/648/402
f 40/651/402 38/646/355 35/589/380
f 49/541/350 38/650/355 160/540/349
f 162/652/404 161/647/401 50/653/368
f 171/654/405 161/647/401 162/652/404
f 161/647/401 39/655/369 50/653/368
f 40/648/402 39/655/369 161/647/401
f 164/127/88 50/653/368 163/568/366
f 39/571/369 40/651/402 35/589/380
f 35/589/380 31/582/377 39/571/369
f 171/654/405 143/649/403 161/647/401
f 35/589/380 30/542/351 29/587/379
f 35/589/380 36/543/352 30/542/351
f 379/656/406 10/657/407 9/658/408
f 15/659/409 379/656/406 9/658/408
f 16/579/374 22/660/410 15/659/409
f 16/579/374 15/659/409 9/658/408
f 17/590/381 22/660/410 16/579/374
f 22/661/410 380/662/411 15/663/409
f 28/664/357 380/662/411 22/661/410
f 30/542/351 17/665/381 29/587/379
f 17/665/381 28/555/357 22/666/410
f 30/542/351 28/555/357 17/665/381
f 30/542/351 34/529/343 28/555/357
f 139/667/412 140/556/358 143/649/403
f 140/556/358 141/538/347 143/649/403
f 130/23/18 140/556/358 139/667/412
f 381/668/344 380/662/411 28/664/357
f 381/668/344 68/669/413 380/662/411
f 368/670/414 366/671/415 370/672/416
f 366/671/415 374/673/417 370/672/416
f 364/674/418 366/671/415 368/670/414
f 10/675/407 379/676/406 369/677/419
f 368/670/414 370/672/416 369/677/419
f 369/677/419 370/672/416 314/678/41
f 314/678/41 370/672/416 308/679/9
f 314/67/41 308/10/9 306/9/8
f 370/672/416 371/680/420 308/679/9
f 370/672/416 315/681/421 371/680/420
f 371/682/420 315/683/421 305/69/43
f 66/528/342 184/557/359 67/684/422
f 66/528/342 67/684/422 180/685/423
f 180/686/423 179/687/285 363/688/424
f 184/689/359 180/690/423 67/691/422
f 66/528/342 180/685/423 68/692/413
f 180/686/423 363/688/424 68/669/413
f 179/687/285 182/693/284 363/688/424
f 363/688/424 182/693/284 364/674/418
f 181/694/282 183/695/281 364/674/418
f 182/693/284 181/694/282 364/674/418
f 364/674/418 183/695/281 362/696/425
f 364/674/418 362/696/425 366/671/415
f 363/688/424 368/670/414 380/662/411
f 379/676/406 380/662/411 369/677/419
f 369/677/419 380/662/411 368/670/414
f 363/688/424 364/674/418 368/670/414
f 68/669/413 363/688/424 380/662/411
f 15/663/409 380/662/411 379/676/406
f 381/668/344 66/697/342 68/669/413
f 174/698/426 437/699/427 439/700/428
f 177/701/429 171/654/405 434/702/430
f 439/703/428 449/704/431 434/705/430
f 174/706/426 434/702/430 171/654/405
f 435/707/432 439/703/428 437/708/427
f 439/703/428 434/705/430 174/709/426
f 449/704/431 177/710/429 434/705/430
f 174/706/426 162/652/404 437/711/427
f 437/711/427 162/652/404 436/130/91
f 171/654/405 162/652/404 174/706/426
f 435/707/432 437/708/427 436/144/91
f 442/712/12 139/667/412 171/654/405
f 442/712/12 171/654/405 177/701/429
f 173/29/14 139/667/412 176/30/19
f 176/30/19 139/667/412 442/712/12
f 139/667/412 143/649/403 171/654/405
f 443/14/5 442/13/12 177/710/429
f 444/713/3 443/714/5 449/704/431
f 449/715/431 443/6/5 177/716/429
f 449/704/431 441/717/1 444/713/3
f 133/718/36 129/719/433 228/720/26
f 173/29/14 130/23/18 139/667/412
f 129/719/433 127/22/17 128/21/16
f 228/720/26 129/719/433 128/21/16
f 121/721/42 129/719/433 133/718/36
f 235/75/47 230/722/62 121/68/42
f 119/388/261 121/721/42 230/723/62
f 2078/724/60 2874/725/434 297/86/58
f 2078/88/60 297/86/58 292/83/55
f 285/726/435 117/727/436 115/728/437
f 116/408/276 117/727/436 285/726/435
f 285/729/435 286/730/438 284/731/439
f 286/730/438 285/729/435 115/732/437
f 289/85/57 286/730/438 115/732/437
f 284/733/439 116/408/276 285/726/435
f 287/734/440 119/388/261 288/735/61
f 117/727/436 119/388/261 287/734/440
f 117/727/436 287/734/440 115/728/437
f 289/85/57 287/736/440 288/89/61
f 288/735/61 119/388/261 230/723/62
f 289/85/57 115/732/437 287/736/440
f 289/85/57 297/86/58 296/737/275
f 289/85/57 296/737/275 286/730/438
f 283/738/441 286/730/438 291/739/279
f 286/730/438 283/738/441 284/731/439
f 382/740/272 291/739/279 286/730/438
f 435/707/432 448/741/442 439/703/428
f 162/652/404 164/127/88 436/130/91
f 162/652/404 50/653/368 164/127/88
f 12/129/90 11/742/443 340/140/97
f 1/133/93 5/578/373 12/134/90
f 12/134/90 5/578/373 11/743/443
f 11/744/443 435/707/432 340/745/97
f 435/707/432 436/144/91 340/143/97
f 5/578/373 16/579/374 4/746/444
f 4/746/444 16/579/374 9/658/408
f 11/743/443 4/746/444 438/747/445
f 5/578/373 4/746/444 11/743/443
f 4/746/444 9/658/408 438/747/445
f 10/675/407 369/677/419 311/748/40
f 10/657/407 13/749/446 9/658/408
f 311/748/40 369/677/419 314/678/41
f 13/750/446 10/675/407 311/748/40
f 448/741/442 449/704/431 439/703/428
f 445/751/447 309/752/39 446/753/6
f 448/741/442 445/751/447 447/754/448
f 448/741/442 441/717/1 449/704/431
f 447/754/448 441/717/1 448/741/442
f 446/753/6 447/754/448 445/751/447
f 446/755/6 441/717/1 447/754/448
f 309/65/39 307/8/7 446/7/6
f 438/756/445 445/757/447 448/758/442
f 11/744/443 438/759/445 435/707/432
f 435/707/432 438/759/445 448/741/442
f 14/760/449 445/761/447 9/658/408
f 438/747/445 9/658/408 445/761/447
f 14/762/449 13/763/446 311/66/40
f 9/658/408 13/749/446 14/760/449
f 311/66/40 309/65/39 14/762/449
f 445/761/447 14/760/449 309/764/39
f 371/682/420 305/69/43 308/10/9
f 184/689/359 185/422/286 180/690/423
f 185/422/286 179/421/285 180/690/423
f 132/365/247 131/376/252 127/22/17
f 129/719/433 132/365/247 127/22/17
f 129/719/433 157/363/245 132/365/247
f 121/721/42 157/363/245 129/719/433
f 124/765/450 157/363/245 121/721/42
f 123/766/451 124/765/450 121/721/42
f 124/767/450 146/366/248 157/363/245
f 124/767/450 254/768/258 146/366/248
f 125/769/255 254/768/258 124/767/450
f 123/770/451 125/379/255 124/771/450
f 119/388/261 125/390/255 123/766/451
f 119/388/261 123/766/451 121/721/42
f 118/395/266 119/388/261 117/727/436
f 283/772/441 385/773/274 116/408/276
f 286/730/438 295/774/273 382/740/272
f 385/773/274 137/409/269 116/408/276
f 296/737/275 295/774/273 286/730/438
f 116/408/276 118/395/266 117/727/436
f 297/86/58 2874/725/434 296/737/275
f 283/772/441 116/408/276 284/733/439
f 283/772/441 291/775/279 385/773/274
f 367/776/452 374/673/417 366/671/415
f 370/672/416 374/673/417 315/681/421
f 304/76/48 372/777/453 313/778/454
f 304/76/48 313/778/454 317/77/49
f 313/778/454 375/779/455 319/780/456
f 361/781/457 373/782/458 367/776/452
f 317/77/49 313/778/454 312/81/53
f 367/776/452 373/782/458 374/673/417
f 373/782/458 114/783/301 113/784/299
f 361/781/457 114/783/301 373/782/458
f 114/783/301 106/785/296 113/784/299
f 374/673/417 372/786/453 315/681/421
f 315/681/421 372/786/453 304/787/48
f 315/683/421 304/76/48 305/69/43
f 373/782/458 113/784/299 375/788/455
f 374/673/417 373/782/458 372/786/453
f 373/782/458 375/788/455 372/786/453
f 113/784/299 319/789/456 375/788/455
f 372/777/453 375/779/455 313/778/454
f 319/789/456 113/784/299 377/790/459
f 113/784/299 376/791/300 377/790/459
f 376/791/300 111/792/302 377/790/459
f 310/454/306 323/84/56 322/82/54
f 312/81/53 310/454/306 322/82/54
f 362/696/425 348/510/335 367/776/452
f 362/696/425 367/776/452 366/671/415
f 348/510/335 361/781/457 367/776/452
f 360/503/332 359/505/297 114/783/301
f 360/503/332 114/783/301 361/781/457
f 186/508/320 348/510/335 183/695/281
f 362/696/425 183/695/281 348/510/335
f 348/510/335 360/503/332 361/781/457
f 313/778/454 111/793/302 312/81/53
f 111/793/302 310/454/306 312/81/53
f 111/793/302 112/455/303 310/454/306
f 377/794/459 111/793/302 313/778/454
f 319/780/456 377/794/459 313/778/454
f 292/83/55 321/795/460 2079/87/59
f 323/84/56 321/795/460 292/83/55
f 422/796/389 421/614/104 424/797/390
f 64/616/391 427/798/388 270/617/102
f 64/616/391 422/796/389 427/798/388
f 61/799/461 275/609/99 421/614/104
f 58/800/399 275/609/99 61/799/461
f 64/616/391 197/801/462 422/796/389
f 197/801/462 63/802/398 422/796/389
f 58/800/399 416/626/395 275/609/99
f 422/796/389 61/799/461 421/614/104
f 422/796/389 63/802/398 61/799/461
f 63/636/398 202/323/218 61/803/461
f 198/325/220 63/636/398 197/804/462
f 202/323/218 58/639/399 61/803/461
f 198/325/220 64/805/391 65/335/227
f 198/325/220 197/804/462 64/805/391
f 279/806/463 260/807/464 90/808/465
f 260/807/464 269/149/101 93/809/225
f 260/810/464 93/811/225 90/812/465
f 431/619/392 269/149/101 260/807/464
f 207/336/228 260/813/464 279/814/463
f 260/815/464 65/615/227 431/618/392
f 93/811/225 269/816/101 94/817/224
f 93/331/225 84/332/226 90/818/465
f 84/332/226 213/819/466 90/818/465
f 90/812/465 213/820/466 279/821/463
f 84/340/226 207/336/228 213/822/466
f 207/336/228 65/335/227 260/813/464
f 213/822/466 207/336/228 279/814/463
f 247/348/230 78/823/222 94/817/224
f 269/816/101 247/348/230 94/817/224
f 2029/824/467 1543/825/468 1540/826/469
f 2029/827/467 2030/828/470 1543/829/468
f 2030/828/470 2042/830/471 1543/829/468
f 1874/831/472 1022/832/473 1021/833/474
f 1020/834/475 1038/835/476 1022/836/473
f 1022/836/473 1033/837/477 1020/834/475
f 1874/831/472 1033/838/477 1022/832/473
f 1875/839/478 914/840/479 1874/831/472
f 914/840/479 1033/838/477 1874/831/472
f 2036/841/480 1044/842/481 2026/843/482
f 2024/844/483 2036/841/480 2026/843/482
f 2036/845/480 1034/846/484 1044/847/481
f 1034/846/484 1029/848/485 1044/847/481
f 797/849/486 800/850/487 798/851/488
f 2858/852/489 800/850/487 797/849/486
f 797/849/486 2856/853/490 2858/852/489
f 800/850/487 2858/854/489 754/855/491
f 1986/856/492 2848/857/493 2853/858/494
f 2858/859/489 2853/860/494 2851/861/495
f 2858/859/489 2851/861/495 757/862/496
f 2856/863/490 1986/856/492 2858/864/489
f 2858/864/489 1986/856/492 2853/858/494
f 1540/826/469 1533/865/497 1534/866/498
f 2021/867/499 2029/824/467 1540/826/469
f 1533/868/497 798/851/488 799/869/500
f 1540/870/469 797/849/486 1533/868/497
f 1533/868/497 797/849/486 798/851/488
f 1534/866/498 1533/865/497 1535/871/501
f 765/872/502 804/873/503 1531/874/504
f 765/872/502 1542/875/505 804/873/503
f 799/869/500 804/873/503 1542/875/505
f 1535/871/501 765/876/502 1532/877/506
f 1531/878/504 1532/877/506 765/876/502
f 1533/865/497 799/879/500 1535/871/501
f 1542/880/505 765/876/502 1535/871/501
f 799/879/500 1542/880/505 1535/871/501
f 798/851/488 785/881/507 803/882/508
f 800/850/487 753/883/509 785/881/507
f 800/850/487 785/881/507 798/851/488
f 754/855/491 753/883/509 800/850/487
f 757/884/496 754/885/491 2858/859/489
f 2585/886/510 757/887/496 2851/888/495
f 754/855/491 757/889/496 753/883/509
f 2856/890/490 1985/891/511 1986/892/492
f 757/889/496 2585/893/510 753/883/509
f 2043/894/512 1983/895/513 1985/896/511
f 785/881/507 753/883/509 790/897/514
f 1983/895/513 2043/894/512 2031/898/515
f 2585/893/510 790/897/514 753/883/509
f 2585/893/510 2586/899/516 790/897/514
f 1983/900/513 1987/901/517 1985/891/511
f 804/873/503 803/882/508 1386/902/518
f 803/882/508 806/903/519 1386/902/518
f 799/869/500 803/882/508 804/873/503
f 798/851/488 803/882/508 799/869/500
f 803/882/508 805/904/520 806/903/519
f 805/905/520 802/906/521 806/907/519
f 785/881/507 805/904/520 803/882/508
f 806/907/519 802/906/521 1377/908/522
f 783/909/523 807/910/524 802/911/521
f 755/912/525 784/913/526 790/897/514
f 790/897/514 784/913/526 783/909/523
f 785/881/507 783/909/523 805/904/520
f 783/909/523 802/911/521 805/904/520
f 790/897/514 783/909/523 785/881/507
f 1540/870/469 1543/914/468 797/849/486
f 2030/828/470 2028/915/527 2042/830/471
f 2042/916/471 797/849/486 1543/914/468
f 2042/830/471 2028/915/527 2038/917/528
f 1020/918/475 2028/915/527 2030/828/470
f 1038/919/476 1020/918/475 2030/828/470
f 2026/843/482 2022/920/529 2019/921/530
f 2022/920/529 2026/843/482 2609/922/531
f 1044/842/481 2037/923/532 2026/843/482
f 2609/924/531 2753/925/533 2022/926/529
f 1044/842/481 1029/927/485 2037/923/532
f 1034/846/484 1001/928/534 1029/848/485
f 1000/929/535 1001/928/534 1034/846/484
f 1001/928/534 1767/930/536 1029/848/485
f 2026/843/482 2021/931/499 2609/922/531
f 2026/843/482 2037/923/532 2029/827/467
f 2026/843/482 2029/827/467 2021/931/499
f 2029/827/467 2037/923/532 2030/828/470
f 1038/919/476 2037/923/532 1029/927/485
f 1021/932/474 1038/835/476 1029/848/485
f 1038/919/476 2030/828/470 2037/923/532
f 1767/930/536 1021/932/474 1029/848/485
f 1021/932/474 1022/836/473 1038/835/476
f 1768/933/537 1874/831/472 1021/833/474
f 1767/934/536 1768/933/537 1021/833/474
f 2038/917/528 1985/896/511 2856/935/490
f 2042/830/471 2038/917/528 2856/935/490
f 2042/916/471 2856/853/490 797/849/486
f 1020/918/475 1040/936/538 2028/915/527
f 1040/936/538 1042/937/539 2028/915/527
f 1031/938/540 1040/939/538 1020/834/475
f 1031/938/540 1042/940/539 1040/939/538
f 1015/941/541 1020/834/475 1017/942/542
f 1033/837/477 1017/942/542 1020/834/475
f 2038/917/528 2028/915/527 2043/894/512
f 2038/917/528 2043/894/512 1985/896/511
f 2028/915/527 2013/943/543 2043/894/512
f 1042/937/539 2013/943/543 2028/915/527
f 1031/944/540 998/945/544 1042/937/539
f 1031/938/540 1023/946/545 998/947/544
f 1015/941/541 1031/938/540 1020/834/475
f 1015/941/541 1023/946/545 1031/938/540
f 2043/894/512 2015/948/546 2031/898/515
f 2011/949/547 1726/950/548 2013/943/543
f 2013/943/543 1042/937/539 2011/949/547
f 1042/937/539 2035/951/549 2011/949/547
f 1042/937/539 998/945/544 2035/951/549
f 998/945/544 2039/952/550 2035/951/549
f 1023/946/545 2039/953/550 998/947/544
f 2015/948/546 2033/954/551 2031/898/515
f 2035/951/549 2010/955/552 2011/949/547
f 937/956/553 918/957/554 1875/958/478
f 2040/959/555 2036/841/480 2024/844/483
f 1498/960/556 1500/961/557 1000/962/535
f 2041/963/558 2024/844/483 1002/964/559
f 2041/963/558 2040/959/555 2024/844/483
f 999/965/560 2040/966/555 2041/967/558
f 2578/968/561 2040/966/555 999/965/560
f 1002/969/559 999/965/560 2041/967/558
f 2578/968/561 1034/846/484 2040/966/555
f 1034/846/484 2036/845/480 2040/966/555
f 1492/970/562 1034/846/484 2578/968/561
f 1492/970/562 1000/929/535 1034/846/484
f 1498/960/556 1000/962/535 1492/971/562
f 2579/972/563 999/973/560 1002/974/559
f 1500/975/557 1767/934/536 1001/976/534
f 1000/977/535 1500/975/557 1001/976/534
f 1768/978/537 1767/979/536 1766/980/564
f 1500/975/557 1766/981/564 1767/934/536
f 915/982/565 1768/983/537 1766/984/564
f 912/985/566 1768/986/537 915/987/565
f 937/956/553 1875/958/478 1768/986/537
f 1768/933/537 1875/839/478 1874/831/472
f 936/988/567 937/956/553 1768/986/537
f 935/989/568 937/956/553 936/988/567
f 2607/990/569 1537/991/570 2606/992/571
f 1534/866/498 1535/871/501 1538/993/572
f 1537/991/570 1538/994/572 1539/995/573
f 1534/996/498 1537/991/570 2607/990/569
f 1537/991/570 1539/995/573 2606/992/571
f 1537/997/570 1534/866/498 1538/993/572
f 1534/866/498 1536/998/574 1540/826/469
f 1536/998/574 2021/999/499 1540/826/469
f 1536/1000/574 1534/996/498 2607/990/569
f 2607/990/569 2609/1001/531 1536/1000/574
f 2386/1002/575 2383/1003/576 761/1004/577
f 1538/993/572 1535/871/501 2380/1005/578
f 764/1006/579 766/1007/580 762/1008/581
f 1541/1009/582 1531/874/504 764/1006/579
f 764/1006/579 1385/1010/583 766/1007/580
f 1531/874/504 804/873/503 764/1006/579
f 804/873/503 1385/1010/583 764/1006/579
f 804/873/503 1386/902/518 1385/1010/583
f 761/1011/577 764/1012/579 2287/1013/584
f 2287/1014/584 764/1006/579 762/1008/581
f 761/1011/577 1541/1015/582 764/1012/579
f 2383/1003/576 1541/1016/582 761/1004/577
f 2383/1003/576 1532/1017/506 1531/1018/504
f 2383/1003/576 1531/1018/504 1541/1016/582
f 2384/1019/585 2380/1020/578 1532/1017/506
f 2383/1003/576 2384/1019/585 1532/1017/506
f 1532/877/506 2380/1005/578 1535/871/501
f 2384/1019/585 1539/1021/573 2380/1020/578
f 1539/1022/573 1538/993/572 2380/1005/578
f 2382/1023/586 1539/1021/573 2384/1019/585
f 1385/1024/583 1373/1025/587 766/1026/580
f 1386/1027/518 1373/1025/587 1385/1024/583
f 1386/1027/518 1377/908/522 1373/1025/587
f 806/907/519 1377/908/522 1386/1027/518
f 1376/1028/588 802/906/521 1374/1029/589
f 802/906/521 1375/1030/590 1374/1029/589
f 783/909/523 782/1031/591 807/910/524
f 784/913/526 782/1031/591 783/909/523
f 1377/908/522 802/906/521 1376/1028/588
f 802/906/521 807/1032/524 1375/1030/590
f 782/1033/591 1378/1034/592 1375/1030/590
f 807/1032/524 782/1033/591 1375/1030/590
f 784/913/526 1378/1035/592 782/1031/591
f 1375/1030/590 1378/1034/592 1379/1036/593
f 1379/1036/593 1243/1037/594 1375/1030/590
f 2609/1001/531 2021/1038/499 1536/1000/574
f 2019/1039/530 2022/926/529 2560/1040/595
f 2019/1039/530 2560/1040/595 2440/1041/596
f 2020/1042/597 2440/1043/596 2023/1044/598
f 2019/921/530 2440/1045/596 2020/1046/597
f 2440/1043/596 1707/1047/599 1711/1048/600
f 1707/1049/599 2440/1041/596 2560/1040/595
f 2440/1043/596 1711/1048/600 2581/1050/601
f 1707/1049/599 2560/1040/595 2559/1051/602
f 2023/1044/598 2440/1043/596 2581/1050/601
f 2023/1044/598 2581/1050/601 2582/1052/603
f 2753/1053/533 2609/1001/531 2608/1054/604
f 2560/1040/595 2753/925/533 2561/1055/605
f 2022/926/529 2753/925/533 2560/1040/595
f 2608/1054/604 2609/1001/531 2607/990/569
f 2024/844/483 2026/843/482 2019/921/530
f 2032/1056/606 2024/844/483 2023/1057/598
f 1045/1058/607 1002/1059/559 2032/1060/606
f 2023/1057/598 2024/844/483 2020/1046/597
f 2024/844/483 2019/921/530 2020/1046/597
f 1002/964/559 2024/844/483 2032/1056/606
f 2580/1061/608 2027/1062/609 2025/1063/610
f 2580/1061/608 2420/1064/611 2027/1062/609
f 2025/1065/610 2027/1066/609 2582/1052/603
f 2580/1067/608 2582/1068/603 2420/1069/611
f 2025/1070/610 2582/1068/603 2580/1067/608
f 2027/1066/609 2023/1044/598 2582/1052/603
f 2034/1071/612 2023/1057/598 2027/1072/609
f 2034/1071/612 2032/1056/606 2023/1057/598
f 2420/1064/611 2034/1073/612 2027/1062/609
f 1045/1058/607 2032/1060/606 2034/1073/612
f 1045/1058/607 2034/1073/612 1046/1074/613
f 1046/1074/613 2034/1073/612 2420/1064/611
f 2420/1069/611 2581/1075/601 1046/1076/613
f 1956/1077/614 1977/1078/615 703/1079/616
f 1978/1080/617 711/1081/618 1956/1077/614
f 1956/1077/614 711/1081/618 1977/1078/615
f 2587/1082/619 2844/1083/620 1978/1084/617
f 1978/1084/617 2844/1083/620 711/1085/618
f 2590/1086/621 2587/1082/619 1978/1084/617
f 1952/1087/622 1939/1088/623 1250/1089/624
f 1951/1090/625 1952/1087/622 1953/1091/626
f 760/1092/627 751/1093/628 755/912/525
f 1952/1094/622 2591/1095/629 1953/1096/626
f 1952/1094/622 1981/1097/630 2591/1095/629
f 2395/1098/631 751/1093/628 760/1092/627
f 751/1093/628 784/913/526 755/912/525
f 2591/1095/629 2395/1099/631 760/1100/627
f 1939/1088/623 1951/1090/625 1247/1101/632
f 1953/1091/626 2590/1102/621 1978/1080/617
f 1939/1088/623 1952/1087/622 1951/1090/625
f 2590/1086/621 759/1103/633 2587/1082/619
f 1953/1096/626 759/1103/633 2590/1086/621
f 2587/1082/619 759/1103/633 758/1104/634
f 1953/1096/626 2591/1095/629 759/1103/633
f 1951/1090/625 1953/1091/626 1956/1077/614
f 1953/1091/626 1978/1080/617 1956/1077/614
f 759/1105/633 755/912/525 758/1106/634
f 759/1105/633 760/1092/627 755/912/525
f 2591/1095/629 760/1100/627 759/1103/633
f 1980/1107/635 2591/1095/629 1981/1097/630
f 1167/1108/636 1354/1109/637 1355/1110/638
f 1167/1111/636 1164/1112/639 1353/1113/640
f 1167/1111/636 1176/1114/641 1164/1112/639
f 1353/1115/640 1354/1109/637 1167/1108/636
f 1944/1116/642 1947/1117/643 1173/1118/644
f 1944/1116/642 1946/1119/645 1947/1117/643
f 1170/1120/646 1949/1121/647 1358/1122/648
f 1170/1120/646 1173/1123/644 1949/1121/647
f 1166/1124/649 1170/1120/646 1358/1122/648
f 1173/1118/644 1947/1117/643 1949/1125/647
f 1356/1126/650 1164/1112/639 1166/1124/649
f 1164/1112/639 1356/1126/650 1353/1113/640
f 1164/1112/639 1170/1120/646 1166/1124/649
f 1164/1112/639 1173/1123/644 1170/1120/646
f 1176/1114/641 1173/1123/644 1164/1112/639
f 1251/1127/651 1175/1128/652 1948/1129/653
f 1175/1128/652 1251/1127/651 1172/1130/654
f 1172/1131/654 2394/1132/655 1175/1133/652
f 1942/1134/656 1943/1135/657 1174/1136/658
f 1251/1127/651 1174/1137/658 1172/1130/654
f 1942/1134/656 1174/1136/658 1251/1138/651
f 1174/1136/658 1943/1135/657 1945/1139/659
f 1172/1130/654 1174/1137/658 1168/1140/660
f 1945/1139/659 1176/1141/641 1174/1136/658
f 1249/1142/661 1248/1143/662 1940/1144/663
f 1246/1145/664 1248/1143/662 1249/1142/661
f 1941/1146/665 1940/1147/663 1948/1148/653
f 1248/1149/662 1251/1138/651 1940/1147/663
f 1256/1150/666 1253/1151/667 1248/1143/662
f 1940/1147/663 1251/1138/651 1948/1148/653
f 1256/1150/666 1248/1143/662 1246/1145/664
f 1248/1143/662 1253/1151/667 1251/1152/651
f 1253/1151/667 1252/1153/668 1251/1152/651
f 1252/1154/668 1942/1134/656 1251/1138/651
f 1307/1155/669 1943/1156/657 1942/1157/656
f 1943/1156/657 1307/1155/669 1945/1158/659
f 1307/1155/669 1580/1159/670 1945/1158/659
f 1172/1130/654 1168/1140/660 1357/1160/671
f 1165/1161/672 1357/1160/671 1168/1140/660
f 1168/1140/660 1176/1114/641 1165/1161/672
f 1176/1114/641 1167/1111/636 1165/1161/672
f 1174/1137/658 1176/1114/641 1168/1140/660
f 1253/1162/667 1582/1163/673 1252/1164/668
f 1582/1163/673 1942/1165/656 1252/1164/668
f 1582/1163/673 1307/1166/669 1942/1165/656
f 1945/1139/659 1308/1167/674 1176/1141/641
f 1176/1141/641 1308/1167/674 1944/1116/642
f 1308/1167/674 1950/1168/675 1944/1116/642
f 1176/1141/641 1944/1116/642 1173/1118/644
f 1945/1158/659 1580/1159/670 1308/1169/674
f 1308/1169/674 1306/1170/676 1950/1171/675
f 1580/1159/670 1306/1170/676 1308/1169/674
f 1950/1168/675 1946/1119/645 1944/1116/642
f 1950/1171/675 1306/1170/676 1946/1172/645
f 776/1173/677 773/1174/678 774/1175/679
f 1244/1176/680 1243/1177/594 1939/1178/623
f 1939/1178/623 1243/1177/594 1250/1179/624
f 1952/1087/622 1250/1089/624 1941/1146/665
f 1249/1180/661 1941/1146/665 1250/1089/624
f 1243/1177/594 1249/1142/661 1250/1179/624
f 751/1093/628 752/1181/681 784/913/526
f 1379/1182/593 1246/1145/664 1243/1177/594
f 1379/1182/593 1363/1183/682 1246/1145/664
f 1246/1145/664 1249/1142/661 1243/1177/594
f 756/1184/683 751/1093/628 2588/1185/684
f 1941/1146/665 1981/1186/630 1952/1087/622
f 756/1184/683 752/1181/681 751/1093/628
f 1941/1146/665 1980/1187/635 1981/1186/630
f 1941/1146/665 1948/1148/653 1980/1187/635
f 1980/1107/635 1948/1188/653 2589/1189/685
f 1948/1188/653 1175/1190/652 2589/1189/685
f 2394/1191/655 787/1192/686 756/1184/683
f 1175/1133/652 2394/1132/655 2589/1193/685
f 2394/1132/655 756/1194/683 2589/1193/685
f 773/1174/678 787/1192/686 2394/1191/655
f 1357/1195/671 773/1174/678 2394/1191/655
f 1249/1180/661 1940/1147/663 1941/1146/665
f 1363/1183/682 1256/1150/666 1246/1145/664
f 756/1184/683 787/1192/686 752/1181/681
f 1980/1107/635 2589/1189/685 2591/1095/629
f 2591/1095/629 2588/1196/684 2395/1099/631
f 2588/1185/684 751/1093/628 2395/1098/631
f 2589/1193/685 756/1194/683 2588/1197/684
f 2589/1189/685 2588/1196/684 2591/1095/629
f 1172/1131/654 1357/1198/671 2394/1132/655
f 772/1199/687 773/1174/678 1357/1195/671
f 1165/1200/672 1355/1110/638 1357/1201/671
f 1165/1200/672 1167/1108/636 1355/1110/638
f 1355/1110/638 772/1202/687 1357/1201/671
f 1353/1203/640 774/1175/679 1354/1204/637
f 774/1175/679 772/1199/687 1355/1205/638
f 772/1199/687 774/1175/679 773/1174/678
f 1355/1205/638 1354/1204/637 774/1175/679
f 3275/1206/688 3276/1207/689 3273/1208/690
f 109/1209/307 3276/1207/689 3274/1210/305
f 3435/1211/304 3276/1207/689 109/1209/307
f 3435/1212/304 3428/1213/691 3276/1214/689
f 864/1215/692 2558/1216/153 331/1217/154
f 333/1218/168 2558/1216/153 864/1215/692
f 864/1219/692 862/1220/693 824/1221/694
f 2814/1222/339 2797/1223/695 2367/1224/329
f 2367/1224/329 2797/1223/695 327/1225/156
f 2788/1226/696 2797/1223/695 2814/1222/339
f 3432/1227/162 826/1228/697 827/1229/163
f 2797/1230/695 862/1231/693 864/1219/692
f 327/1232/156 2797/1230/695 331/1233/154
f 327/1234/156 331/1235/154 398/1236/155
f 2797/1230/695 864/1219/692 331/1233/154
f 2557/1237/159 823/1238/698 3431/1239/160
f 107/1240/164 3433/1241/699 3430/1242/331
f 3433/1241/699 3435/1243/304 3430/1242/331
f 3431/1244/160 823/1245/698 3433/1241/699
f 3435/1243/304 3433/1241/699 3428/1246/691
f 3431/1244/160 3433/1241/699 107/1240/164
f 3432/1227/162 365/1247/171 826/1228/697
f 333/1218/168 329/1248/151 2558/1216/153
f 826/1228/697 365/1247/171 864/1215/692
f 365/1247/171 333/1218/168 864/1215/692
f 2818/1249/700 824/1221/694 862/1220/693
f 2818/1249/700 830/1250/701 824/1221/694
f 827/1251/163 823/1238/698 2557/1237/159
f 824/1221/694 823/1238/698 827/1251/163
f 864/1219/692 824/1221/694 826/1252/697
f 824/1221/694 830/1250/701 821/1253/702
f 823/1238/698 824/1221/694 821/1253/702
f 826/1252/697 824/1221/694 827/1251/163
f 2818/1249/700 808/1254/703 830/1250/701
f 808/1254/703 816/1255/704 830/1250/701
f 3433/1241/699 823/1245/698 3428/1246/691
f 830/1250/701 3424/1256/705 821/1253/702
f 3424/1256/705 830/1250/701 816/1255/704
f 816/1255/704 817/1257/706 3424/1256/705
f 3427/1258/707 3428/1259/691 821/1260/702
f 823/1238/698 821/1253/702 3428/1261/691
f 816/1255/704 819/1262/708 817/1257/706
f 3273/1263/690 3424/1264/705 3266/1265/709
f 3276/1207/689 3427/1258/707 3273/1263/690
f 821/1260/702 3424/1264/705 3427/1258/707
f 3428/1246/691 3427/1258/707 3276/1207/689
f 3424/1264/705 3265/1266/710 3266/1265/709
f 3424/1264/705 817/1267/706 3265/1266/710
f 3273/1263/690 3427/1258/707 3424/1264/705
f 2745/1268/711 2818/1269/700 2788/1226/696
f 2788/1226/696 862/1270/693 2797/1223/695
f 862/1270/693 2788/1226/696 2818/1269/700
f 2787/1271/712 808/1272/703 2818/1269/700
f 863/1273/713 2812/1274/714 2774/1275/715
f 2774/1275/715 2812/1274/714 2787/1271/712
f 816/1255/704 808/1254/703 2812/1276/714
f 2787/1277/712 2812/1276/714 808/1254/703
f 2791/1278/716 856/1279/717 857/1280/718
f 858/1281/719 831/1282/720 828/1283/721
f 814/1284/722 3259/1285/723 813/1286/724
f 858/1281/719 828/1283/721 856/1287/717
f 820/1288/725 3290/1289/726 3264/1290/727
f 818/1291/728 820/1288/725 3264/1290/727
f 810/1292/729 3290/1293/726 820/1294/725
f 825/1295/730 3290/1296/726 810/1292/729
f 2794/1297/731 2752/1298/732 2827/1299/733
f 857/1280/718 2827/1299/733 2752/1298/732
f 832/1300/734 813/1301/724 812/1302/735
f 822/1303/736 3259/1285/723 3281/1304/737
f 857/1305/718 832/1300/734 2827/1306/733
f 832/1300/734 812/1302/735 3290/1296/726
f 825/1295/730 832/1300/734 3290/1296/726
f 2781/1307/738 857/1280/718 2752/1298/732
f 832/1300/734 828/1283/721 813/1301/724
f 812/1308/735 813/1286/724 822/1303/736
f 2827/1306/733 832/1300/734 825/1295/730
f 857/1305/718 856/1287/717 832/1300/734
f 813/1286/724 3259/1285/723 822/1303/736
f 856/1287/717 828/1283/721 832/1300/734
f 812/1308/735 822/1303/736 3290/1309/726
f 2794/1297/731 863/1273/713 2774/1275/715
f 811/1310/739 820/1294/725 818/1311/728
f 809/1312/740 2827/1299/733 825/1313/730
f 2794/1297/731 809/1312/740 863/1273/713
f 2794/1297/731 2827/1299/733 809/1312/740
f 825/1295/730 810/1292/729 811/1310/739
f 810/1292/729 820/1294/725 811/1310/739
f 863/1314/713 809/1315/740 811/1310/739
f 863/1314/713 811/1310/739 2812/1276/714
f 816/1255/704 2812/1276/714 811/1310/739
f 825/1295/730 811/1310/739 809/1315/740
f 816/1255/704 811/1310/739 819/1262/708
f 819/1262/708 811/1310/739 818/1311/728
f 817/1316/706 819/1317/708 3265/1266/710
f 819/1317/708 3269/1318/741 3265/1266/710
f 1860/1319/742 1861/1320/743 1905/1321/744
f 1860/1319/742 2447/1322/745 1861/1320/743
f 1905/1321/744 1861/1320/743 1862/1323/746
f 1905/1324/744 1862/1325/746 1863/1326/747
f 1903/1327/748 1902/1328/749 1901/1329/750
f 1905/1324/744 1863/1326/747 1902/1330/749
f 2348/1331/751 2351/1332/752 1466/1333/753
f 2348/1334/751 1813/1335/754 2351/1336/752
f 2351/1336/752 1813/1335/754 1466/1337/753
f 2348/1331/751 1466/1333/753 2283/1338/755
f 2356/1339/756 2348/1331/751 2283/1338/755
f 2356/1340/756 1237/1341/757 1238/1342/758
f 2283/1343/755 1237/1341/757 2356/1340/756
f 1813/1335/754 1790/1344/759 1466/1337/753
f 1466/1345/753 1465/1346/760 2283/1347/755
f 1790/1348/759 1465/1349/760 1466/1350/753
f 2283/1347/755 1465/1346/760 1237/1351/757
f 1813/1335/754 1465/1352/760 1790/1344/759
f 1901/1353/750 1907/1354/761 1465/1349/760
f 1813/1335/754 1901/1355/750 1465/1352/760
f 1238/1342/758 1241/1356/762 1224/1357/763
f 1227/1358/764 1238/1342/758 1224/1357/763
f 1237/1341/757 1242/1359/765 1238/1342/758
f 2356/1340/756 1238/1342/758 1227/1358/764
f 1465/1346/760 1242/1360/765 1237/1351/757
f 1238/1342/758 1242/1359/765 1241/1356/762
f 1465/1349/760 1907/1354/761 2284/1361/766
f 1465/1346/760 2284/1362/766 1242/1360/765
f 1907/1354/761 1467/1363/767 2284/1361/766
f 1907/1364/761 1866/1365/768 1467/1366/767
f 1467/1366/767 1866/1365/768 2282/1367/769
f 1866/1368/768 1868/1369/770 1867/1370/771
f 1866/1368/768 1864/1371/772 1868/1369/770
f 1989/1372/773 1991/1373/774 2001/1374/775
f 1868/1369/770 1673/1375/776 1672/1376/777
f 1868/1377/770 1991/1378/774 1673/1379/776
f 1673/1380/776 2441/1381/778 1672/1382/777
f 2282/1383/769 1241/1384/762 1242/1385/765
f 1241/1384/762 1656/1386/779 1236/1387/780
f 1241/1384/762 2282/1383/769 1656/1386/779
f 1656/1386/779 2282/1383/769 1657/1388/781
f 1988/1389/782 1666/1390/783 1657/1388/781
f 2444/1391/784 2446/1392/785 1861/1320/743
f 1861/1320/743 2446/1392/785 2285/1393/786
f 1861/1320/743 1859/1394/787 1862/1323/746
f 2286/1395/788 1301/1396/789 1300/1397/790
f 1301/1396/789 2286/1395/788 2285/1398/786
f 2285/1399/786 2286/1400/788 1859/1401/787
f 1299/1402/791 1992/1403/792 1300/1404/790
f 2285/1393/786 1859/1394/787 1861/1320/743
f 1859/1401/787 2286/1400/788 2449/1405/793
f 1992/1406/792 2449/1407/793 2286/1395/788
f 1992/1406/792 2286/1395/788 1300/1397/790
f 1235/1408/794 1663/1409/795 1226/1410/796
f 1656/1386/779 1659/1411/797 1663/1412/795
f 1656/1386/779 1663/1412/795 1235/1413/794
f 1659/1411/797 1660/1414/798 1663/1412/795
f 1902/1330/749 1863/1326/747 1901/1415/750
f 1863/1326/747 1907/1364/761 1901/1415/750
f 1862/1323/746 1859/1394/787 1863/1416/747
f 1863/1326/747 1866/1365/768 1907/1364/761
f 1866/1368/768 1859/1394/787 1864/1371/772
f 1863/1416/747 1859/1394/787 1866/1368/768
f 1859/1401/787 2449/1405/793 1864/1417/772
f 1864/1417/772 2442/1418/799 1991/1378/774
f 2449/1405/793 2442/1418/799 1864/1417/772
f 1991/1373/774 2442/1419/799 2001/1374/775
f 1864/1417/772 1991/1378/774 1868/1377/770
f 1992/1406/792 2442/1420/799 2449/1407/793
f 1224/1357/763 1236/1421/780 1235/1408/794
f 1224/1357/763 1241/1356/762 1236/1421/780
f 1236/1387/780 1656/1386/779 1235/1413/794
f 1656/1386/779 1657/1388/781 1658/1422/800
f 1656/1386/779 1658/1422/800 1659/1411/797
f 2284/1362/766 1467/1366/767 2282/1367/769
f 1242/1360/765 2284/1362/766 2282/1367/769
f 2282/1367/769 1866/1365/768 1867/1423/771
f 2282/1383/769 1867/1424/771 1657/1388/781
f 1797/1425/801 1989/1372/773 2000/1426/802
f 1657/1388/781 1672/1382/777 1988/1389/782
f 1867/1424/771 1672/1382/777 1657/1388/781
f 1868/1369/770 1672/1376/777 1867/1370/771
f 1672/1382/777 2441/1381/778 1988/1389/782
f 1989/1372/773 1990/1427/803 1991/1373/774
f 2441/1428/778 1673/1379/776 1990/1429/803
f 1990/1427/803 1673/1430/776 1991/1373/774
f 1657/1388/781 1666/1390/783 1885/1431/804
f 1851/1432/805 1797/1433/801 1804/1434/806
f 1804/1434/806 1797/1433/801 2000/1435/802
f 1885/1436/804 1666/1437/783 1851/1438/805
f 1988/1439/782 2441/1440/778 1989/1372/773
f 1988/1439/782 1989/1372/773 1851/1441/805
f 1851/1441/805 1989/1372/773 1797/1425/801
f 1666/1437/783 1988/1442/782 1851/1438/805
f 1226/1410/796 1663/1409/795 1228/1443/807
f 1663/1412/795 1660/1414/798 1661/1444/808
f 1659/1411/797 1665/1445/809 1660/1414/798
f 1224/1357/763 1235/1408/794 1226/1410/796
f 1658/1446/800 1882/1447/810 1659/1448/797
f 1657/1388/781 1885/1431/804 1658/1422/800
f 1851/1449/805 1882/1447/810 1885/1450/804
f 1851/1449/805 1850/1451/811 1882/1447/810
f 1658/1446/800 1885/1450/804 1882/1447/810
f 1228/1443/807 1663/1409/795 1661/1452/808
f 2441/1440/778 1990/1427/803 1989/1372/773
f 1799/1453/812 1850/1454/811 1804/1434/806
f 1661/1444/808 1660/1414/798 1239/1455/813
f 1228/1443/807 1661/1452/808 1239/1456/813
f 1660/1414/798 1653/1457/814 1239/1455/813
f 1228/1443/807 1239/1456/813 1240/1458/815
f 1240/1459/815 1239/1455/813 1653/1457/814
f 1804/1434/806 1850/1454/811 1851/1432/805
f 1018/1460/816 1013/1461/817 1019/1462/818
f 1003/1463/819 1013/1461/817 1018/1460/816
f 1424/1464/820 1421/1465/821 1423/1466/822
f 1424/1464/820 1423/1466/822 1759/1467/823
f 873/1468/824 1759/1469/823 1006/1470/825
f 1424/1464/820 1460/1471/826 1421/1465/821
f 1011/1472/827 1003/1463/819 1018/1460/816
f 1011/1472/827 1018/1460/816 1015/941/541
f 1005/1473/828 1011/1472/827 1871/1474/829
f 1005/1473/828 1003/1463/819 1011/1472/827
f 1006/1475/825 1003/1463/819 1005/1473/828
f 1429/1476/830 1438/1477/831 1440/1478/832
f 1440/1478/832 1438/1477/831 1459/1479/833
f 1430/1480/834 1431/1481/835 1438/1477/831
f 1459/1479/833 1451/1482/836 1458/1483/837
f 1459/1479/833 1439/1484/838 1451/1482/836
f 1459/1479/833 1438/1477/831 1439/1484/838
f 1757/1485/839 1024/1486/840 1026/1487/841
f 1439/1484/838 2843/1488/842 1451/1482/836
f 1422/1489/843 1440/1478/832 1458/1483/837
f 1460/1471/826 1440/1478/832 1422/1489/843
f 1436/1490/844 1440/1478/832 1460/1471/826
f 1440/1478/832 1459/1479/833 1458/1483/837
f 1460/1471/826 1422/1489/843 1421/1465/821
f 2843/1491/842 1452/1492/845 2842/1493/846
f 1446/1494/847 2841/1495/848 2842/1496/846
f 2841/1495/848 1037/1497/849 1758/1498/850
f 2843/1499/842 1758/1500/850 1756/1501/851
f 2842/1502/846 2841/1495/848 1758/1498/850
f 2843/1491/842 2842/1493/846 1758/1503/850
f 1452/1504/845 1446/1505/847 2842/1506/846
f 1754/1507/852 1753/1508/853 1755/1509/854
f 1422/1489/843 1754/1510/852 1421/1465/821
f 1009/1511/855 1014/1512/856 1008/1513/857
f 1754/1507/852 1755/1509/854 1421/1514/821
f 1422/1489/843 1458/1483/837 1754/1510/852
f 1009/1511/855 1010/1515/858 1014/1512/856
f 1753/1508/853 1010/1516/858 1009/1517/855
f 1458/1483/837 1425/1518/859 1754/1510/852
f 1425/1519/859 1043/1520/860 1753/1508/853
f 1753/1508/853 1043/1520/860 1010/1516/858
f 1425/1519/859 1753/1508/853 1754/1507/852
f 1043/1521/860 1026/1487/841 1012/1522/861
f 1043/1520/860 1012/1523/861 1010/1516/858
f 1760/1524/862 1756/1501/851 1043/1520/860
f 1757/1485/839 1026/1487/841 1043/1521/860
f 1458/1483/837 1451/1482/836 1425/1518/859
f 1757/1525/839 1043/1520/860 1756/1501/851
f 1425/1519/859 1760/1524/862 1043/1520/860
f 1037/1497/849 1041/1526/863 1758/1498/850
f 1758/1498/850 1041/1526/863 1757/1527/839
f 1425/1518/859 1451/1482/836 1760/1528/862
f 1760/1529/862 2843/1491/842 1756/1530/851
f 2843/1488/842 1760/1528/862 1451/1482/836
f 1041/1531/863 1027/1532/864 1757/1485/839
f 1758/1533/850 1757/1525/839 1756/1501/851
f 2843/1488/842 1439/1484/838 1452/1504/845
f 1439/1484/838 1447/1534/865 1452/1504/845
f 1037/1535/849 1027/1532/864 1041/1531/863
f 1445/1536/866 2512/1537/867 1448/1538/868
f 1445/1539/866 1613/1540/869 2512/1541/867
f 1445/1539/866 1455/1542/870 1613/1540/869
f 1431/1481/835 1842/1543/871 1433/1544/872
f 1430/1480/834 1842/1543/871 1431/1481/835
f 1438/1477/831 1431/1481/835 1439/1484/838
f 1434/1545/873 1843/1546/874 1844/1547/875
f 1433/1548/872 1843/1546/874 1434/1545/873
f 1452/1504/845 1447/1534/865 1446/1505/847
f 1037/1497/849 2841/1495/848 2044/1549/876
f 1446/1505/847 1444/1550/877 2841/1551/848
f 1446/1505/847 1447/1534/865 1444/1550/877
f 1441/1552/878 1443/1553/879 1454/1554/880
f 1443/1555/879 1625/1556/881 1454/1557/880
f 1443/1558/879 2240/1559/882 1625/1560/881
f 2658/1561/883 1443/1558/879 1442/1562/884
f 2240/1559/882 1631/1563/885 1625/1560/881
f 2658/1561/883 2240/1559/882 1443/1558/879
f 1439/1484/838 1431/1481/835 1447/1534/865
f 1431/1481/835 1433/1544/872 1441/1552/878
f 1434/1564/873 1442/1565/884 1441/1552/878
f 1441/1552/878 1442/1565/884 1443/1553/879
f 1431/1481/835 1441/1552/878 1447/1534/865
f 1442/1562/884 1434/1566/873 2658/1561/883
f 1441/1552/878 1433/1544/872 1434/1564/873
f 1844/1547/875 2658/1567/883 1434/1545/873
f 2839/1568/886 1445/1569/866 1448/1570/868
f 1450/1571/887 1455/1542/870 1445/1539/866
f 1449/1572/888 1445/1569/866 2839/1568/886
f 2044/1549/876 2841/1495/848 2840/1573/889
f 2045/1574/890 1037/1497/849 2044/1549/876
f 1447/1534/865 1449/1575/888 1444/1550/877
f 1441/1552/878 1454/1554/880 1447/1534/865
f 1444/1576/877 2840/1577/889 2841/1578/848
f 1447/1534/865 1454/1554/880 1453/1579/891
f 1454/1557/880 1625/1556/881 1453/1580/891
f 1453/1580/891 1625/1556/881 1631/1581/885
f 2046/1582/892 2045/1574/890 2044/1549/876
f 2050/1583/893 2045/1574/890 2046/1582/892
f 1447/1534/865 1453/1579/891 1449/1575/888
f 2840/1577/889 2046/1584/892 2044/1585/876
f 1444/1576/877 2046/1584/892 2840/1577/889
f 1449/1572/888 2046/1584/892 1444/1576/877
f 1453/1579/891 1457/1586/894 1449/1575/888
f 1453/1580/891 1631/1581/885 1457/1587/894
f 2049/1588/895 2046/1584/892 1449/1572/888
f 2049/1588/895 2050/1589/893 2046/1584/892
f 2839/1568/886 2049/1588/895 1449/1572/888
f 1449/1575/888 1450/1590/887 1445/1536/866
f 1450/1590/887 1457/1586/894 1455/1591/870
f 1449/1575/888 1457/1586/894 1450/1590/887
f 1457/1586/894 1456/1592/896 1455/1591/870
f 1457/1587/894 1631/1581/885 1456/1593/896
f 1007/1594/897 1008/1513/857 1013/1461/817
f 1013/1461/817 1014/1512/856 1059/1595/898
f 1755/1596/854 1008/1513/857 1007/1594/897
f 1004/1597/899 1013/1461/817 1003/1463/819
f 1006/1475/825 1004/1597/899 1003/1463/819
f 1006/1598/825 1423/1599/822 1004/1600/899
f 1423/1599/822 1007/1601/897 1004/1600/899
f 1004/1602/899 1007/1594/897 1013/1461/817
f 1755/1509/854 1007/1601/897 1423/1599/822
f 1759/1603/823 1423/1604/822 1006/1605/825
f 1421/1514/821 1755/1509/854 1423/1599/822
f 873/1606/824 1005/1607/828 1871/1608/829
f 873/1606/824 1006/1605/825 1005/1607/828
f 1755/1509/854 1009/1517/855 1008/1609/857
f 1008/1513/857 1014/1512/856 1013/1461/817
f 1753/1508/853 1009/1517/855 1755/1509/854
f 1025/1610/900 1026/1487/841 1032/1611/901
f 1014/1512/856 1025/1610/900 1059/1595/898
f 1014/1512/856 1012/1522/861 1025/1610/900
f 1012/1522/861 1026/1487/841 1025/1610/900
f 1026/1487/841 1024/1486/840 1056/1612/902
f 1027/1532/864 1024/1486/840 1757/1485/839
f 1010/1515/858 1012/1522/861 1014/1512/856
f 2169/1613/903 2170/1614/904 2139/1615/905
f 3348/1616/906 3347/1617/907 3363/1618/908
f 3363/1619/908 3362/1620/909 3364/1621/910
f 3363/1619/908 3347/1622/907 3362/1620/909
f 3349/1623/911 3351/1624/912 2438/1625/913
f 3347/1617/907 3349/1623/911 2438/1625/913
f 3347/1617/907 2438/1625/913 3362/1626/909
f 2438/1627/913 3351/1628/912 3185/1629/914
f 3343/1630/915 3364/1631/910 3335/1632/916
f 3348/1633/906 3363/1634/908 3343/1635/915
f 3354/1636/917 3348/1633/906 3343/1635/915
f 3363/1618/908 3364/1631/910 3343/1630/915
f 2160/1637/918 2169/1613/903 2201/1638/919
f 2160/1639/918 3335/1632/916 2169/1640/903
f 3335/1632/916 2170/1641/904 2169/1640/903
f 3335/1632/916 3364/1631/910 2170/1641/904
f 2201/1638/919 2103/1642/920 2160/1637/918
f 2169/1613/903 2139/1615/905 2201/1638/919
f 3319/1643/921 3331/1644/922 2168/1645/923
f 3322/1646/924 2147/1647/925 2146/1648/926
f 2146/1648/926 2147/1647/925 2091/1649/927
f 2147/1647/925 2143/1650/928 2091/1649/927
f 2168/1651/923 2147/1647/925 3322/1646/924
f 2146/1648/926 2091/1649/927 2116/1652/929
f 2168/1645/923 2148/1653/930 2147/1654/925
f 2168/1645/923 3321/1655/931 2148/1653/930
f 2148/1656/930 2143/1650/928 2147/1647/925
f 3322/1646/924 2146/1648/926 2167/1657/932
f 2146/1648/926 2116/1652/929 2167/1657/932
f 2142/1658/933 2167/1657/932 2127/1659/934
f 2142/1660/933 3322/1661/924 2167/1662/932
f 3316/1663/935 3319/1643/921 3317/1664/936
f 3317/1664/936 3319/1643/921 2142/1660/933
f 3319/1643/921 3322/1661/924 2142/1660/933
f 3319/1643/921 2168/1645/923 3322/1661/924
f 2168/1645/923 3331/1644/922 3321/1655/931
f 3331/1644/922 3360/1665/937 3321/1655/931
f 3360/1665/937 3320/1666/938 3321/1655/931
f 3320/1666/938 3343/1630/915 3335/1632/916
f 3352/1667/939 3343/1630/915 3320/1666/938
f 3352/1667/939 3354/1668/917 3343/1630/915
f 2143/1650/928 2148/1656/930 2165/1669/940
f 3321/1655/931 2165/1670/940 2148/1653/930
f 3321/1655/931 3320/1666/938 2165/1670/940
f 2143/1650/928 2165/1669/940 2160/1637/918
f 3320/1666/938 2160/1639/918 2165/1670/940
f 3320/1666/938 3335/1632/916 2160/1639/918
f 2143/1650/928 2097/1671/941 2091/1649/927
f 2143/1650/928 2160/1637/918 2097/1671/941
f 2160/1637/918 2103/1642/920 2097/1671/941
f 2097/1671/941 2103/1642/920 2196/1672/942
f 3364/1631/910 3362/1626/909 2170/1641/904
f 3362/1626/909 2438/1625/913 2170/1641/904
f 2438/1625/913 3185/1673/914 3336/1674/943
f 2170/1641/904 2438/1625/913 3336/1674/943
f 3336/1674/943 2178/1675/944 2437/1676/945
f 3185/1673/914 2178/1675/944 3336/1674/943
f 2159/1677/946 3241/1678/947 2158/1679/948
f 3241/1678/947 2156/1680/949 2158/1679/948
f 2134/1681/950 2117/1682/951 2094/1683/952
f 2117/1682/951 2127/1659/934 2102/1684/953
f 2117/1682/951 2195/1685/954 2094/1683/952
f 2134/1681/950 2141/1686/955 2117/1682/951
f 3318/1687/956 3344/1688/957 2163/1689/958
f 2163/1690/958 3344/1691/957 2141/1686/955
f 2141/1686/955 2127/1659/934 2117/1682/951
f 2112/1692/959 2122/1693/960 2111/1694/961
f 2122/1693/960 2120/1695/962 2111/1694/961
f 2132/1696/963 2120/1695/962 2122/1693/960
f 2111/1694/961 2120/1695/962 2088/1697/964
f 3306/1698/965 3307/1699/966 3367/1700/967
f 2166/1701/968 2152/1702/969 2132/1696/963
f 2166/1703/968 3367/1700/967 2152/1704/969
f 3306/1698/965 3367/1700/967 2166/1703/968
f 2152/1702/969 2120/1695/962 2132/1696/963
f 2133/1705/970 2101/1706/971 2113/1707/972
f 2101/1706/971 2123/1708/973 2224/1709/974
f 2133/1705/970 2123/1708/973 2101/1706/971
f 3302/1710/975 3375/1711/976 2133/1705/970
f 3375/1711/976 3371/1712/977 2123/1708/973
f 3375/1711/976 2123/1708/973 2133/1705/970
f 3303/1713/978 3429/1714/979 3304/1715/980
f 3373/1716/981 3370/1717/982 2150/1718/983
f 3307/1719/966 3366/1720/984 3367/1721/967
f 2152/1702/969 3367/1722/967 2120/1695/962
f 3323/1723/985 2163/1689/958 2164/1724/986
f 3367/1722/967 2164/1725/986 2120/1695/962
f 3366/1720/984 3323/1723/985 3367/1721/967
f 3367/1721/967 3323/1723/985 2164/1724/986
f 3323/1723/985 3318/1687/956 2163/1689/958
f 2120/1695/962 2134/1681/950 2094/1683/952
f 2120/1695/962 2094/1683/952 2088/1697/964
f 2164/1725/986 2134/1681/950 2120/1695/962
f 2164/1725/986 2163/1690/958 2141/1686/955
f 2164/1725/986 2141/1686/955 2134/1681/950
f 2087/1726/987 2113/1707/972 2101/1706/971
f 2113/1707/972 3302/1710/975 2133/1705/970
f 2156/1727/949 3300/1728/988 2113/1707/972
f 2157/1729/989 2113/1707/972 3300/1728/988
f 3302/1710/975 2113/1707/972 2157/1729/989
f 3241/1678/947 3300/1730/988 2156/1680/949
f 3371/1712/977 2149/1731/990 2123/1708/973
f 2150/1732/983 2122/1693/960 2149/1731/990
f 3303/1713/978 3304/1715/980 3371/1733/977
f 2149/1731/990 2122/1693/960 2121/1734/991
f 2123/1708/973 2149/1731/990 2121/1734/991
f 2122/1693/960 2150/1732/983 2132/1696/963
f 2150/1732/983 2166/1701/968 2132/1696/963
f 3371/1733/977 2150/1718/983 2149/1735/990
f 3371/1733/977 3304/1715/980 2150/1718/983
f 3370/1717/982 3306/1736/965 2166/1737/968
f 3370/1717/982 2166/1737/968 2150/1718/983
f 2191/1738/992 2121/1734/991 2112/1692/959
f 2121/1734/991 2122/1693/960 2112/1692/959
f 2121/1734/991 2191/1738/992 2123/1708/973
f 3344/1691/957 2127/1659/934 2141/1686/955
f 3318/1687/956 3317/1664/936 3344/1688/957
f 3317/1664/936 2142/1660/933 3344/1688/957
f 2142/1658/933 2127/1659/934 3344/1691/957
f 2851/1739/495 2853/858/494 2850/1740/993
f 1985/1741/511 2848/1742/493 1986/1743/492
f 2853/858/494 2848/857/493 2854/1744/994
f 1985/1741/511 1987/1745/517 2848/1742/493
f 1987/1745/517 2033/1746/551 2480/1747/995
f 2853/858/494 2849/1748/996 2850/1740/993
f 1987/1745/517 2480/1747/995 2848/1742/493
f 2848/857/493 2847/1749/997 2854/1744/994
f 1983/900/513 2033/1750/551 1987/901/517
f 2031/1751/515 2033/1750/551 1983/900/513
f 2063/1752/998 2008/1753/999 2007/1754/1000
f 2063/1752/998 2007/1754/1000 2062/1755/1001
f 2062/1756/1001 2007/1757/1000 1735/1758/1002
f 1735/1758/1002 1736/1759/1003 2267/1760/1004
f 2007/1757/1000 2008/1761/999 1735/1758/1002
f 2008/1761/999 1736/1759/1003 1735/1758/1002
f 1736/1759/1003 2272/1762/1005 2273/1763/1006
f 1736/1759/1003 2273/1763/1006 2267/1760/1004
f 1736/1759/1003 1738/1764/1007 2272/1762/1005
f 1731/1765/1008 1729/1766/1009 1736/1759/1003
f 1729/1767/1009 2271/1768/1010 1738/1769/1007
f 1736/1759/1003 1729/1766/1009 1738/1764/1007
f 2848/857/493 2852/1770/1011 2847/1749/997
f 1741/1771/1012 2277/1772/1013 2852/1773/1011
f 2480/1747/995 2852/1774/1011 2848/1742/493
f 2852/1774/1011 2480/1747/995 1741/1775/1012
f 2852/1770/1011 2855/1776/1014 2847/1749/997
f 1741/1777/1012 681/1778/1015 2277/1779/1013
f 1741/1771/1012 1727/1780/1016 2275/1781/1017
f 1727/1780/1016 1740/1782/1018 2275/1781/1017
f 2852/1770/1011 2277/1783/1013 2855/1776/1014
f 2275/1784/1017 681/1778/1015 1741/1777/1012
f 2481/1785/1019 1727/1786/1016 2480/1747/995
f 2033/1746/551 2481/1785/1019 2480/1747/995
f 2480/1747/995 1727/1786/1016 1741/1775/1012
f 2481/1787/1019 2015/948/546 2043/894/512
f 2013/943/543 1726/950/548 1727/1788/1016
f 2043/894/512 1727/1788/1016 2481/1787/1019
f 1727/1780/1016 1726/1789/548 1740/1782/1018
f 2013/943/543 1727/1788/1016 2043/894/512
f 1984/1790/1020 2481/1785/1019 2033/1746/551
f 2015/948/546 1984/1791/1020 2033/954/551
f 1726/950/548 2010/1792/552 1728/1793/1021
f 2011/949/547 2010/1792/552 1726/950/548
f 2015/948/546 2481/1787/1019 1984/1791/1020
f 2010/1794/552 2062/1755/1001 1728/1795/1021
f 2035/951/549 997/1796/1022 2012/1797/1023
f 1728/1798/1021 1739/1799/1024 1726/1789/548
f 2035/951/549 2012/1797/1023 2010/955/552
f 2012/1800/1023 2063/1752/998 2010/1794/552
f 1726/1789/548 1739/1799/1024 1740/1782/1018
f 1740/1801/1018 2267/1802/1004 2266/1803/1025
f 1739/1799/1024 2267/1760/1004 1740/1782/1018
f 2010/1794/552 2063/1752/998 2062/1755/1001
f 1728/1798/1021 2062/1756/1001 1739/1799/1024
f 2012/1800/1023 2014/1804/1026 2063/1752/998
f 997/1796/1022 1028/1805/1027 2014/1806/1026
f 2014/1804/1026 2068/1807/1028 2063/1752/998
f 1739/1799/1024 2062/1756/1001 1735/1758/1002
f 1735/1758/1002 2267/1760/1004 1739/1799/1024
f 2275/1784/1017 1740/1801/1018 2266/1803/1025
f 2260/1808/1029 1896/1809/1030 1993/1810/1031
f 2278/1811/1032 1896/1809/1030 2260/1808/1029
f 2279/1812/1033 1896/1809/1030 2278/1811/1032
f 2270/1813/1034 2271/1768/1010 1729/1767/1009
f 1729/1766/1009 1730/1814/1035 2270/1815/1034
f 2270/1813/1034 1734/1816/1036 2271/1768/1010
f 1730/1814/1035 1734/1817/1036 2270/1815/1034
f 1732/1818/1037 1733/1819/1038 1734/1817/1036
f 1730/1814/1035 1732/1818/1037 1734/1817/1036
f 2058/1820/1039 1559/1821/1040 1853/1822/1041
f 2057/1823/1042 1559/1821/1040 2058/1820/1039
f 1557/1824/1043 1556/1825/1044 2280/1826/1045
f 2057/1827/1042 1555/1828/1046 1557/1829/1043
f 1555/1828/1046 1556/1830/1044 1557/1829/1043
f 1558/1831/1047 1556/1830/1044 1555/1828/1046
f 1555/1828/1046 1284/1832/1048 1558/1831/1047
f 1556/1825/1044 1865/1833/1049 2280/1826/1045
f 2059/1834/1050 1733/1819/1038 1732/1818/1037
f 1733/1835/1038 1737/1836/1051 1734/1816/1036
f 1854/1837/1052 1737/1836/1051 1733/1835/1038
f 2059/1834/1050 2060/1838/1053 1733/1819/1038
f 1737/1836/1051 2261/1839/1054 2265/1840/1055
f 2060/1838/1053 1854/1841/1052 1733/1819/1038
f 1734/1816/1036 1737/1836/1051 2265/1840/1055
f 1856/1842/1056 2261/1839/1054 1737/1836/1051
f 1856/1842/1056 1852/1843/1057 2261/1839/1054
f 2274/1844/1058 2278/1811/1032 2261/1839/1054
f 2261/1839/1054 1852/1843/1057 2274/1844/1058
f 1852/1845/1057 1557/1824/1043 2274/1846/1058
f 2278/1811/1032 2260/1808/1029 2261/1839/1054
f 2274/1844/1058 2279/1812/1033 2278/1811/1032
f 2274/1844/1058 2280/1847/1045 2279/1812/1033
f 1734/1816/1036 2265/1840/1055 2271/1768/1010
f 2060/1848/1053 2061/1849/1059 1854/1850/1052
f 2061/1849/1059 1853/1851/1041 1854/1850/1052
f 1853/1852/1041 1737/1853/1051 1854/1854/1052
f 2061/1849/1059 1280/1855/1060 1853/1851/1041
f 1853/1852/1041 1852/1845/1057 1737/1853/1051
f 1737/1853/1051 1852/1845/1057 1856/1856/1056
f 1559/1857/1040 1852/1845/1057 1853/1852/1041
f 1852/1845/1057 2057/1858/1042 1557/1824/1043
f 1559/1857/1040 2057/1858/1042 1852/1845/1057
f 1557/1824/1043 2280/1826/1045 2274/1846/1058
f 1896/1859/1030 2279/1860/1033 1899/1861/1061
f 2281/1862/1062 1910/1863/1063 1898/1864/1064
f 2280/1847/1045 2281/1862/1062 2279/1812/1033
f 2279/1812/1033 2281/1862/1062 1898/1864/1064
f 2279/1860/1033 1898/1865/1064 1899/1861/1061
f 1910/1866/1063 1908/1867/1065 1909/1868/1066
f 1910/1863/1063 1906/1869/1067 1908/1870/1065
f 1898/1865/1064 1910/1866/1063 1909/1868/1066
f 1910/1863/1063 1860/1871/742 1906/1869/1067
f 1860/1871/742 1905/1324/744 1906/1869/1067
f 1865/1872/1049 2281/1862/1062 2280/1847/1045
f 1556/1825/1044 1855/1873/1068 1865/1833/1049
f 1558/1874/1047 1855/1873/1068 1556/1825/1044
f 1865/1833/1049 1855/1873/1068 2281/1875/1062
f 1855/1873/1068 1910/1876/1063 2281/1875/1062
f 1855/1873/1068 2448/1877/1069 1910/1876/1063
f 2448/1877/1069 1858/1878/1070 1910/1876/1063
f 1558/1831/1047 2448/1879/1069 1855/1880/1068
f 1910/1876/1063 1857/1881/1071 1860/1319/742
f 1858/1878/1070 1857/1881/1071 1910/1876/1063
f 1857/1881/1071 2447/1322/745 1860/1319/742
f 1899/1861/1061 1909/1868/1066 2006/1882/1072
f 1898/1865/1064 1909/1868/1066 1899/1861/1061
f 1909/1868/1066 1908/1867/1065 1897/1883/1073
f 1908/1867/1065 1906/1884/1067 1897/1883/1073
f 1897/1883/1073 1906/1884/1067 1904/1885/1074
f 1906/1884/1067 1905/1886/744 1904/1885/1074
f 1904/1885/1074 1905/1886/744 1902/1328/749
f 1904/1885/1074 1902/1328/749 1903/1327/748
f 1901/1329/750 1195/1887/1075 1903/1327/748
f 2912/1888/1076 1471/1889/1077 1671/1890/1078
f 1471/1891/1077 2054/1892/1079 1472/1893/1080
f 1468/1894/1081 1472/1895/1080 1470/1896/1082
f 1471/1897/1077 1472/1895/1080 1468/1894/1081
f 1471/1897/1077 1468/1894/1081 1671/1898/1078
f 2978/1899/1083 2052/1900/1084 2056/1901/1085
f 2978/1899/1083 2051/1902/1086 2052/1900/1084
f 2053/1903/1087 2055/1904/1088 2052/1905/1084
f 2052/1905/1084 2055/1904/1088 2054/1892/1079
f 2978/1906/1083 2910/1907/1089 2051/1908/1086
f 2051/1909/1086 2053/1903/1087 2052/1905/1084
f 2909/1910/1090 2983/1911/1091 2910/1912/1089
f 2983/1913/1091 2415/1914/1092 2053/1915/1087
f 2053/1903/1087 2413/1916/1093 2055/1904/1088
f 2051/1909/1086 2983/1917/1091 2053/1903/1087
f 2910/1912/1089 2983/1911/1091 2051/1902/1086
f 2413/1918/1093 2053/1915/1087 2415/1914/1092
f 2416/1919/1094 2414/1920/1095 2415/1914/1092
f 2909/1921/1090 2415/1914/1092 2983/1913/1091
f 2416/1919/1094 2415/1914/1092 2909/1921/1090
f 2905/1922/1096 2416/1923/1094 2925/1924/1097
f 2416/1923/1094 2909/1910/1090 2925/1924/1097
f 1328/1925/1098 2415/1914/1092 2414/1920/1095
f 2982/1926/1099 2909/1910/1090 2910/1912/1089
f 2982/1926/1099 2925/1924/1097 2909/1910/1090
f 3013/1927/1100 1527/1928/1101 1530/1929/1102
f 1526/1930/1103 1527/1928/1101 1528/1931/1104
f 3013/1927/1100 1528/1931/1104 1527/1928/1101
f 1527/1928/1101 1332/1932/1105 1529/1933/1106
f 1468/1894/1081 602/1934/1107 1634/1935/1108
f 1526/1930/1103 1257/1936/1109 1332/1932/1105
f 1257/1937/1109 1526/1938/1103 1258/1939/1110
f 1340/1940/1111 1257/1937/1109 1258/1939/1110
f 1527/1928/1101 1526/1930/1103 1332/1932/1105
f 2904/1941/1112 2414/1920/1095 2905/1942/1096
f 1328/1925/1098 2414/1920/1095 1342/1943/1113
f 2905/1942/1096 2414/1920/1095 2416/1919/1094
f 3036/1944/1114 2925/1945/1097 2923/1946/1115
f 2903/1947/1116 2904/1948/1112 2905/1922/1096
f 2905/1949/1096 2925/1945/1097 3036/1944/1114
f 1530/1929/1102 1527/1928/1101 1331/1950/1117
f 1331/1951/1117 1674/1952/1118 1530/1953/1102
f 2903/1947/1116 1530/1954/1102 2904/1955/1112
f 3013/1956/1100 1530/1954/1102 2903/1947/1116
f 2904/1941/1112 1674/1957/1118 2414/1920/1095
f 3036/1958/1114 2903/1947/1116 2905/1922/1096
f 2414/1920/1095 1674/1957/1118 1331/1959/1117
f 1530/1953/1102 1674/1952/1118 2904/1960/1112
f 2056/1961/1085 2054/1892/1079 1471/1891/1077
f 2056/1961/1085 2052/1905/1084 2054/1892/1079
f 2912/1888/1076 2056/1901/1085 1471/1889/1077
f 2979/1962/1119 2978/1899/1083 2056/1901/1085
f 622/1963/1120 3166/1964/1121 3167/1965/1122
f 584/1966/1123 622/1967/1120 3167/1968/1122
f 1567/1969/1124 3040/1970/1125 3097/1971/1126
f 622/1967/1120 621/1972/1127 3166/1973/1121
f 589/1974/1128 622/1967/1120 586/1975/1129
f 586/1975/1129 622/1967/1120 584/1966/1123
f 1470/1976/1082 587/1977/1130 583/1978/1131
f 589/1974/1128 583/1978/1131 622/1967/1120
f 1470/1896/1082 589/1979/1128 1468/1894/1081
f 589/1974/1128 1470/1976/1082 583/1978/1131
f 1470/1976/1082 1472/1980/1080 587/1977/1130
f 3050/1981/1132 1574/1982/1133 3051/1983/1134
f 1574/1982/1133 1575/1984/1135 3059/1985/1136
f 1574/1982/1133 3053/1986/1137 3051/1983/1134
f 1574/1982/1133 3059/1985/1136 3053/1986/1137
f 1574/1987/1133 629/1988/1138 1575/1989/1135
f 583/1978/1131 623/1990/1139 626/1991/1140
f 629/1988/1138 623/1992/1139 1575/1989/1135
f 1575/1993/1135 3060/1994/1141 3059/1985/1136
f 626/1995/1140 623/1992/1139 629/1988/1138
f 583/1978/1131 626/1991/1140 629/1996/1138
f 623/1990/1139 1329/1997/1142 627/1998/1143
f 588/1999/1144 623/1990/1139 583/1978/1131
f 623/1992/1139 3060/2000/1141 1575/1989/1135
f 2054/1892/1079 2055/1904/1088 588/2001/1144
f 587/2002/1130 2054/1892/1079 588/2001/1144
f 2055/1904/1088 624/2003/1145 638/2004/1146
f 623/1990/1139 624/2005/1145 1329/1997/1142
f 588/1999/1144 624/2005/1145 623/1990/1139
f 638/2006/1146 624/2005/1145 588/1999/1144
f 588/2001/1144 2055/1904/1088 638/2004/1146
f 636/2007/1147 607/2008/1148 1162/2009/1149
f 600/2010/1150 607/2008/1148 636/2011/1147
f 600/2010/1150 602/2012/1107 607/2008/1148
f 602/2012/1107 585/2013/1151 607/2008/1148
f 601/2014/1152 602/2012/1107 600/2010/1150
f 603/2015/1153 601/2014/1152 600/2010/1150
f 3059/1985/1136 3056/2016/1154 3053/1986/1137
f 3058/2017/1155 3056/2016/1154 3059/1985/1136
f 3060/1994/1141 3058/2017/1155 3059/1985/1136
f 627/2018/1143 3058/2019/1155 3060/2020/1141
f 627/2021/1143 625/2022/1156 3058/2017/1155
f 623/1992/1139 627/2023/1143 3060/2000/1141
f 637/2024/1157 1329/1997/1142 624/2005/1145
f 624/2003/1145 2055/1904/1088 637/2025/1157
f 2413/1916/1093 637/2025/1157 2055/1904/1088
f 627/1998/1143 1329/1997/1142 625/2026/1156
f 951/2027/1158 3055/2028/1159 959/2029/1160
f 3056/2016/1154 959/2030/1160 3055/2031/1159
f 3057/2032/1161 959/2030/1160 3056/2016/1154
f 3057/2033/1161 961/2034/1162 959/2029/1160
f 3058/2035/1155 3057/2036/1161 3056/2037/1154
f 962/2038/1163 628/2039/1164 961/2040/1162
f 625/2022/1156 962/2041/1163 3058/2017/1155
f 962/2041/1163 3057/2042/1161 3058/2017/1155
f 1329/1997/1142 628/2039/1164 962/2038/1163
f 625/2026/1156 1329/1997/1142 962/2038/1163
f 962/2043/1163 961/2034/1162 3057/2033/1161
f 1329/2044/1142 1328/2045/1098 628/2046/1164
f 2413/1918/1093 2415/1914/1092 1328/1925/1098
f 2413/1918/1093 1328/1925/1098 1329/2047/1142
f 637/2048/1157 2413/1918/1093 1329/2047/1142
f 599/2049/1165 595/2050/1166 635/2051/1167
f 1341/2052/1168 1145/2053/1169 2231/2054/1170
f 2231/2055/1170 1145/2056/1169 1347/2057/1171
f 1347/2057/1171 1145/2056/1169 2232/2058/1172
f 1332/2059/1105 1333/2060/1173 1341/2052/1168
f 1341/2052/1168 1333/2060/1173 1145/2053/1169
f 1529/2061/1106 1332/2059/1105 1341/2052/1168
f 607/2008/1148 585/2013/1151 584/1966/1123
f 586/2062/1129 585/2063/1151 602/1934/1107
f 585/2013/1151 586/1975/1129 584/1966/1123
f 586/2062/1129 1468/1894/1081 589/1979/1128
f 602/1934/1107 1468/1894/1081 586/2062/1129
f 595/2050/1166 600/2010/1150 635/2051/1167
f 600/2010/1150 636/2011/1147 635/2051/1167
f 1343/2064/1174 1334/2065/1175 1270/2066/1176
f 1334/2065/1175 1148/2067/1177 1265/2068/1178
f 1148/2067/1177 1263/2069/1179 1265/2068/1178
f 1340/2070/1111 1263/2069/1179 1148/2067/1177
f 3054/2071/1180 952/2072/1181 3114/2073/1182
f 3054/2071/1180 957/2074/1183 952/2072/1181
f 950/2075/1184 952/2072/1181 957/2074/1183
f 954/2076/1185 950/2075/1184 957/2074/1183
f 3052/2077/1186 954/2078/1185 957/2079/1183
f 956/2080/1187 954/2078/1185 3053/1986/1137
f 3055/2028/1159 951/2027/1158 956/2081/1187
f 954/2076/1185 956/2081/1187 950/2075/1184
f 3053/1986/1137 3055/2031/1159 956/2080/1187
f 3076/2082/1188 3054/2083/1180 3083/2084/1189
f 3076/2085/1188 957/2086/1183 3054/2087/1180
f 3089/2088/1190 957/2086/1183 3076/2085/1188
f 3051/2089/1134 957/2086/1183 3089/2088/1190
f 3051/1983/1134 3052/2077/1186 957/2079/1183
f 3051/1983/1134 3053/1986/1137 3052/2077/1186
f 3053/1986/1137 954/2078/1185 3052/2077/1186
f 3056/2016/1154 3055/2031/1159 3053/1986/1137
f 3047/2090/1191 3089/2091/1190 3076/2082/1188
f 3047/2090/1191 3082/2092/1192 3089/2091/1190
f 3082/2092/1192 3051/1983/1134 3089/2091/1190
f 3049/2093/1193 3082/2092/1192 3047/2090/1191
f 3039/2094/1194 3051/1983/1134 3082/2092/1192
f 3050/2095/1132 3051/2096/1134 3039/2097/1194
f 3048/2098/1195 3039/2094/1194 3082/2092/1192
f 947/2099/1196 950/2075/1184 1324/2100/1197
f 952/2072/1181 950/2075/1184 947/2099/1196
f 1324/2100/1197 950/2075/1184 1325/2101/1198
f 956/2081/1187 951/2027/1158 950/2075/1184
f 3088/2102/1199 3048/2103/1195 3101/2104/1200
f 3088/2105/1199 3101/2106/1200 3037/2107/1201
f 3092/2108/1202 3088/2102/1199 3037/2109/1201
f 3050/2110/1132 3039/2094/1194 3062/2111/1203
f 3088/2102/1199 3040/1970/1125 3039/2112/1194
f 3092/2108/1202 3040/1970/1125 3088/2102/1199
f 3088/2113/1199 3039/2114/1194 3048/2115/1195
f 3040/1970/1125 3062/2111/1203 3039/2112/1194
f 1345/2116/1204 1148/2067/1177 1149/2117/1205
f 1145/2053/1169 1340/2070/1111 1345/2116/1204
f 1345/2116/1204 1340/2070/1111 1148/2067/1177
f 1333/2060/1173 1340/2070/1111 1145/2053/1169
f 1263/2118/1179 1340/1940/1111 1258/1939/1110
f 1332/1932/1105 1257/1936/1109 1333/2119/1173
f 1333/2060/1173 1257/2120/1109 1340/2070/1111
f 950/2075/1184 945/2121/1206 1325/2101/1198
f 951/2027/1158 959/2029/1160 945/2121/1206
f 951/2027/1158 945/2121/1206 950/2075/1184
f 959/2029/1160 960/2122/1207 958/2123/1208
f 959/2029/1160 1346/2124/1209 960/2122/1207
f 945/2121/1206 959/2029/1160 958/2123/1208
f 1346/2125/1209 1342/2126/1113 960/2127/1207
f 628/2046/1164 1346/2125/1209 961/2128/1162
f 1346/2124/1209 959/2029/1160 961/2034/1162
f 1342/2126/1113 1330/2129/1210 960/2127/1207
f 1328/2045/1098 1342/2126/1113 628/2046/1164
f 1346/2125/1209 628/2046/1164 1342/2126/1113
f 945/2130/1206 958/2131/1208 946/2132/1211
f 946/2133/1211 2896/2134/1212 1325/2135/1198
f 946/2136/1211 2231/2055/1170 1347/2057/1171
f 2896/2137/1212 946/2138/1211 2897/2139/1213
f 946/2132/1211 958/2131/1208 2231/2054/1170
f 958/2131/1208 1341/2052/1168 2231/2054/1170
f 946/2140/1211 1347/2141/1171 2897/2142/1213
f 960/2127/1207 1341/2052/1168 958/2131/1208
f 945/2121/1206 946/2143/1211 1325/2101/1198
f 960/2127/1207 1330/2129/1210 1341/2052/1168
f 1330/2129/1210 1529/2061/1106 1341/2052/1168
f 1529/1933/1106 1331/1950/1117 1527/1928/1101
f 1330/2144/1210 1331/1950/1117 1529/1933/1106
f 2414/1920/1095 1331/1959/1117 1342/1943/1113
f 1331/2145/1117 1330/2129/1210 1342/2126/1113
f 621/2146/1127 1572/2147/1214 3050/2148/1132
f 3041/2149/1215 3062/2150/1203 3040/1970/1125
f 1565/2151/1216 621/2146/1127 3041/2152/1215
f 622/1967/1120 583/1978/1131 1572/2153/1214
f 583/1978/1131 629/1996/1138 1572/2153/1214
f 3041/2154/1215 3050/2155/1132 3062/2156/1203
f 621/2146/1127 3050/2148/1132 3041/2152/1215
f 1567/1969/1124 3041/2149/1215 3040/1970/1125
f 1567/2157/1124 1565/2151/1216 3041/2152/1215
f 3050/1981/1132 1572/2158/1214 1574/1982/1133
f 621/2159/1127 1565/2160/1216 3166/1964/1121
f 629/1988/1138 1574/1987/1133 1572/2147/1214
f 622/1967/1120 1572/2153/1214 621/1972/1127
f 1472/1893/1080 2054/1892/1079 587/2002/1130
f 587/1977/1130 588/1999/1144 583/1978/1131
f 3444/2161/1217 3393/2162/1218 3398/2163/1219
f 3218/2164/1220 3393/2162/1218 3394/2165/1221
f 3444/2161/1217 3398/2163/1219 3421/2166/1222
f 3413/2167/1223 3216/2168/1224 3218/2164/1220
f 3340/2169/1225 3394/2170/1221 3444/2171/1217
f 3216/2168/1224 3393/2162/1218 3218/2164/1220
f 3217/2172/1226 3216/2168/1224 3413/2167/1223
f 3394/2165/1221 3393/2162/1218 3444/2161/1217
f 3222/2173/1227 3217/2174/1226 3413/2175/1223
f 3340/2176/1225 3341/2177/1228 3339/2178/1229
f 3444/2171/1217 3421/2179/1222 3410/2180/1230
f 3340/2169/1225 3410/2180/1230 3341/2181/1228
f 3340/2169/1225 3444/2171/1217 3410/2180/1230
f 3204/2182/1231 3410/2180/1230 3401/2183/1232
f 3401/2184/1232 3201/2185/1233 3204/2186/1231
f 3421/2179/1222 3401/2183/1232 3410/2180/1230
f 712/2187/1234 3392/2188/1235 3220/2189/1236
f 710/2190/1237 3222/2191/1227 3392/2188/1235
f 3219/2192/1238 3447/2193/1239 3338/2194/1240
f 710/2190/1237 3223/2195/1241 3222/2191/1227
f 3342/2196/1242 3340/2176/1225 3355/2197/1243
f 710/2190/1237 3392/2188/1235 712/2187/1234
f 3392/2188/1235 3413/2167/1223 3447/2198/1239
f 3392/2188/1235 3219/2199/1238 3220/2189/1236
f 3447/2193/1239 3394/2170/1221 3340/2169/1225
f 3447/2193/1239 3342/2200/1242 3338/2194/1240
f 3392/2188/1235 3447/2198/1239 3219/2199/1238
f 3392/2188/1235 3222/2191/1227 3413/2167/1223
f 3447/2193/1239 3340/2169/1225 3342/2200/1242
f 3413/2167/1223 3218/2164/1220 3447/2198/1239
f 3218/2201/1220 3394/2170/1221 3447/2193/1239
f 3340/2176/1225 3339/2178/1229 3355/2197/1243
f 3314/2202/1244 3361/2203/1245 3355/2197/1243
f 3355/2197/1243 3339/2178/1229 3314/2202/1244
f 3314/2202/1244 3341/2204/1228 3409/2205/1246
f 3339/2178/1229 3341/2204/1228 3314/2202/1244
f 3410/2206/1230 3204/2186/1231 3409/2205/1246
f 3341/2181/1228 3410/2180/1230 3409/2207/1246
f 3314/2202/1244 3337/2208/1247 3360/1665/937
f 3314/2202/1244 3409/2205/1246 3337/2208/1247
f 3409/2209/1246 3204/2210/1231 3446/2211/1248
f 3337/2208/1247 3409/2205/1246 3446/2212/1248
f 3342/2196/1242 3355/2197/1243 3359/2213/1249
f 3448/2214/1250 3338/2215/1240 3334/2216/1251
f 3448/2217/1250 3220/2218/1236 3338/2194/1240
f 3411/2219/1252 3342/2196/1242 3359/2213/1249
f 3334/2216/1251 3338/2215/1240 3411/2219/1252
f 3338/2220/1240 3342/2200/1242 3411/2221/1252
f 3221/2222/1253 3220/2218/1236 3448/2217/1250
f 3220/2218/1236 3219/2192/1238 3338/2194/1240
f 3314/2202/1244 3330/2223/1254 3361/2203/1245
f 3314/2202/1244 3360/1665/937 3330/2223/1254
f 3229/2224/1255 3332/2225/1256 3386/2226/1257
f 3390/2227/1258 3221/2228/1253 3391/2229/1259
f 3329/2230/1260 3386/2231/1257 3358/2232/1261
f 718/2233/1262 3390/2227/1258 3225/2234/1263
f 3225/2234/1263 3391/2229/1259 3228/2235/1264
f 718/2233/1262 715/2236/1265 3390/2227/1258
f 3358/2232/1261 3386/2231/1257 3332/2237/1256
f 3390/2238/1258 716/2239/1266 3434/2240/1267
f 3225/2234/1263 3390/2227/1258 3391/2229/1259
f 719/2241/1268 718/2233/1262 3225/2234/1263
f 3228/2235/1264 3391/2229/1259 3229/2242/1255
f 715/2243/1265 716/2239/1266 3390/2238/1258
f 3221/2228/1253 3436/2244/1269 3391/2229/1259
f 3436/2244/1269 3332/2237/1256 3229/2242/1255
f 3391/2229/1259 3436/2244/1269 3229/2242/1255
f 3365/2245/1270 3311/2246/1271 3368/2247/1272
f 3358/2232/1261 3333/2248/1273 3312/2249/1274
f 3310/2250/1275 3312/2249/1274 3311/2246/1271
f 3368/2247/1272 3311/2246/1271 3383/2251/1276
f 3232/2252/1277 3385/2253/1278 3231/2254/1279
f 3227/2255/1280 724/2256/1281 3226/2257/1282
f 3389/2258/1283 3385/2253/1278 3233/2259/1284
f 3231/2254/1279 3385/2253/1278 3388/2260/1285
f 3231/2261/1279 3388/2262/1285 3357/2263/1286
f 3227/2264/1280 3389/2265/1283 3233/2266/1284
f 3387/2267/1287 3231/2261/1279 3357/2263/1286
f 3226/2257/1282 3389/2258/1283 3227/2255/1280
f 3385/2253/1278 3232/2252/1277 3233/2259/1284
f 724/2256/1281 721/2268/1288 3226/2257/1282
f 3373/1716/981 3306/1736/965 3370/1717/982
f 3414/2269/1289 3307/1719/966 3306/1736/965
f 3305/2270/1290 3414/2269/1289 3373/1716/981
f 3325/2271/1291 3328/2272/1292 3369/2273/1293
f 3414/2269/1289 3369/2273/1293 3307/1719/966
f 3373/1716/981 3414/2269/1289 3306/1736/965
f 3414/2269/1289 3325/2271/1291 3369/2273/1293
f 3304/1715/980 3305/2270/1290 2150/1718/983
f 3304/1715/980 3372/2274/1294 3305/2270/1290
f 3304/1715/980 3429/1714/979 3372/2274/1294
f 3305/2275/1290 3372/2276/1294 3326/2277/1295
f 3372/2274/1294 3356/2278/1296 3325/2271/1291
f 3326/2277/1295 3414/2279/1289 3305/2275/1290
f 3305/2270/1290 3373/1716/981 2150/1718/983
f 3372/2274/1294 3325/2271/1291 3326/2280/1295
f 3356/2278/1296 3357/2281/1286 3325/2271/1291
f 3326/2280/1295 3325/2271/1291 3414/2269/1289
f 3308/2282/1297 3323/2283/985 3366/2284/984
f 3307/1719/966 3308/2285/1297 3366/1720/984
f 3308/2282/1297 3318/2286/956 3323/2283/985
f 3365/2245/1270 3368/2247/1272 3308/2285/1297
f 3308/2282/1297 3368/2287/1272 3318/2286/956
f 3369/2288/1293 3324/2289/1298 3309/2290/1299
f 3328/2272/1292 3324/2291/1298 3369/2273/1293
f 3309/2292/1299 3308/2285/1297 3307/1719/966
f 3328/2272/1292 3329/2230/1260 3324/2291/1298
f 3369/2273/1293 3309/2292/1299 3307/1719/966
f 3309/2290/1299 3327/2293/1300 3365/2294/1270
f 3325/2271/1291 3357/2281/1286 3328/2272/1292
f 3327/2295/1300 3310/2250/1275 3365/2245/1270
f 3324/2291/1298 3329/2230/1260 3358/2232/1261
f 3324/2289/1298 3327/2293/1300 3309/2290/1299
f 3309/2292/1299 3365/2245/1270 3308/2285/1297
f 3327/2295/1300 3324/2291/1298 3310/2250/1275
f 3365/2245/1270 3310/2250/1275 3311/2246/1271
f 3324/2291/1298 3312/2249/1274 3310/2250/1275
f 3324/2291/1298 3358/2232/1261 3312/2249/1274
f 3357/2281/1286 3388/2260/1285 3328/2272/1292
f 3385/2253/1278 3230/2296/1301 3388/2260/1285
f 721/2268/1288 719/2241/1268 3228/2235/1264
f 3230/2297/1301 3386/2298/1257 3329/2299/1260
f 3328/2272/1292 3388/2260/1285 3329/2230/1260
f 3228/2235/1264 3385/2253/1278 3389/2258/1283
f 3226/2257/1282 721/2268/1288 3228/2235/1264
f 3226/2257/1282 3228/2235/1264 3389/2258/1283
f 3230/2296/1301 3229/2242/1255 3386/2231/1257
f 3388/2300/1285 3230/2297/1301 3329/2299/1260
f 3228/2235/1264 3229/2242/1255 3230/2296/1301
f 3228/2235/1264 3230/2296/1301 3385/2253/1278
f 719/2241/1268 3225/2234/1263 3228/2235/1264
f 3356/2301/1296 3232/2252/1277 3387/2302/1287
f 3356/2278/1296 3387/2303/1287 3357/2281/1286
f 3356/2278/1296 3372/2274/1294 3429/1714/979
f 3250/2304/1302 3233/2259/1284 3356/2301/1296
f 3387/2302/1287 3232/2252/1277 3231/2254/1279
f 3233/2259/1284 3232/2252/1277 3356/2301/1296
f 3425/2305/1303 3227/2264/1280 3233/2266/1284
f 3383/2251/1276 3315/2306/1304 3317/1664/936
f 3368/2247/1272 3317/1664/936 3318/1687/956
f 3368/2247/1272 3383/2251/1276 3317/1664/936
f 3313/2307/1305 3316/1663/935 3315/2306/1304
f 3315/2306/1304 3316/1663/935 3317/1664/936
f 3313/2307/1305 3355/2197/1243 3316/1663/935
f 3311/2246/1271 3315/2306/1304 3383/2251/1276
f 3332/2237/1256 3334/2216/1251 3333/2308/1273
f 3312/2249/1274 3333/2248/1273 3315/2306/1304
f 3311/2246/1271 3312/2249/1274 3315/2306/1304
f 3358/2232/1261 3332/2237/1256 3333/2308/1273
f 3333/2248/1273 3359/2213/1249 3313/2307/1305
f 3315/2306/1304 3333/2248/1273 3313/2307/1305
f 3313/2307/1305 3359/2213/1249 3355/2197/1243
f 3411/2309/1252 3359/2310/1249 3333/2311/1273
f 3434/2312/1267 3221/2228/1253 3390/2227/1258
f 716/2313/1266 713/2314/1306 3220/2189/1236
f 3332/2237/1256 3436/2244/1269 3448/2214/1250
f 3334/2216/1251 3411/2219/1252 3333/2308/1273
f 3332/2237/1256 3448/2214/1250 3334/2216/1251
f 3221/2228/1253 3434/2312/1267 3220/2189/1236
f 716/2313/1266 3220/2189/1236 3434/2312/1267
f 3221/2222/1253 3448/2217/1250 3436/2315/1269
f 716/2316/1266 714/2317/1307 713/2318/1306
f 714/2317/1307 712/2319/1234 713/2318/1306
f 713/2314/1306 712/2187/1234 3220/2189/1236
f 714/2320/1307 2822/2321/1308 712/2322/1234
f 2183/2323/1309 2193/2324/1310 2189/2325/1311
f 2183/2323/1309 2189/2325/1311 1135/2326/1312
f 2199/2327/1313 1132/2328/1314 2092/2329/1315
f 1132/2328/1314 2199/2327/1313 1134/2330/1316
f 1133/2331/1317 2627/2332/1318 2628/2333/1319
f 2092/2329/1315 1130/2334/1320 1129/2335/1321
f 2092/2329/1315 1132/2328/1314 1130/2334/1320
f 1130/2336/1320 1132/2337/1314 1131/2338/1322
f 1132/2337/1314 2628/2339/1319 1131/2338/1322
f 1132/2337/1314 1133/2340/1317 2628/2339/1319
f 2183/2323/1309 1134/2330/1316 2199/2327/1313
f 1134/2341/1316 1133/2340/1317 1132/2337/1314
f 2092/2329/1315 2091/1649/927 2199/2327/1313
f 1134/2341/1316 1135/2342/1312 1133/2340/1317
f 2183/2323/1309 1135/2326/1312 1134/2330/1316
f 2091/1649/927 2097/1671/941 2199/2327/1313
f 2092/2329/1315 1129/2335/1321 2184/2343/1323
f 2099/2344/1324 2091/1649/927 2092/2329/1315
f 2116/1652/929 2091/1649/927 2099/2344/1324
f 2098/2345/1325 2099/2344/1324 2184/2343/1323
f 2127/1659/934 2116/1652/929 2098/2345/1325
f 2098/2345/1325 2116/1652/929 2099/2344/1324
f 2167/1657/932 2116/1652/929 2127/1659/934
f 2099/2344/1324 2092/2329/1315 2184/2343/1323
f 2199/2327/1313 2196/1672/942 2183/2323/1309
f 2097/1671/941 2196/1672/942 2199/2327/1313
f 2224/1709/974 1118/2346/1326 2759/2347/1327
f 2194/2348/1328 2224/1709/974 2215/2349/1329
f 2215/2349/1329 2224/1709/974 2210/2350/1330
f 2730/2351/1331 1118/2352/1326 2209/2353/1332
f 2759/2354/1327 1118/2352/1326 2768/2355/1333
f 2210/2350/1330 2759/2347/1327 1117/2356/1334
f 2210/2350/1330 2224/1709/974 2759/2347/1327
f 2224/1709/974 2223/2357/1335 1118/2346/1326
f 1118/2358/1326 2730/2359/1331 2768/2360/1333
f 2768/2360/1333 2741/2361/1336 2759/2362/1327
f 2197/2363/1337 2194/2348/1328 2215/2349/1329
f 2087/1726/987 2194/2348/1328 2197/2363/1337
f 2094/1683/952 2195/1685/954 2216/2364/1338
f 2195/1685/954 2102/1684/953 2217/2365/1339
f 2216/2364/1338 2195/1685/954 2217/2365/1339
f 2117/1682/951 2102/1684/953 2195/1685/954
f 2192/2366/1340 2088/1697/964 2207/2367/1341
f 2088/1697/964 2208/2368/1342 2207/2367/1341
f 2088/1697/964 2094/1683/952 2208/2368/1342
f 2208/2368/1342 2216/2364/1338 1121/2369/1343
f 2218/2370/1344 2206/2371/1345 2763/2372/1346
f 2207/2367/1341 1120/2373/1347 2206/2374/1345
f 2112/1692/959 2207/2367/1341 2191/1738/992
f 2112/1692/959 2192/2366/1340 2207/2367/1341
f 2218/2375/1344 2207/2367/1341 2206/2374/1345
f 2207/2367/1341 2218/2375/1344 2191/1738/992
f 2111/1694/961 2192/2366/1340 2112/1692/959
f 2111/1694/961 2088/1697/964 2192/2366/1340
f 1119/2376/1348 2730/2351/1331 2209/2353/1332
f 2101/1706/971 2224/1709/974 2194/2348/1328
f 2123/1708/973 2223/2357/1335 2224/1709/974
f 2223/2357/1335 1119/2377/1348 2209/2378/1332
f 2223/2357/1335 2209/2378/1332 1118/2346/1326
f 2223/2357/1335 2191/1738/992 1119/2377/1348
f 2123/1708/973 2191/1738/992 2223/2357/1335
f 2216/2364/1338 2208/2368/1342 2094/1683/952
f 2191/1738/992 2218/2375/1344 1119/2377/1348
f 2102/1684/953 2187/2379/1349 2217/2365/1339
f 2102/1684/953 2184/2343/1323 2187/2379/1349
f 2102/1684/953 2127/1659/934 2098/2345/1325
f 2098/2345/1325 2184/2343/1323 2102/1684/953
f 1413/2380/1350 1410/2381/1351 1924/2382/1352
f 1413/2380/1350 1924/2382/1352 1925/2383/1353
f 1491/2384/1354 1493/2385/1355 1494/2386/1356
f 1410/2381/1351 1409/2387/1357 1924/2382/1352
f 1924/2388/1352 1409/2389/1357 1930/2390/1358
f 1494/2391/1356 1415/2392/1359 1410/2381/1351
f 1493/2385/1355 1415/2393/1359 1494/2386/1356
f 1816/2394/1360 2456/2395/1361 1815/2396/1362
f 1816/2397/1360 1815/2398/1362 1831/2399/1363
f 2255/2400/1364 1395/2401/1365 2637/2402/1366
f 1397/2403/1367 1816/2397/1360 1831/2399/1363
f 2456/2395/1361 2455/2404/1368 2454/2405/1369
f 3150/2406/1370 2255/2407/1364 2257/2408/1371
f 2433/2409/1372 2431/2410/1373 2255/2407/1364
f 1816/2394/1360 2455/2404/1368 2456/2395/1361
f 2255/2400/1364 2431/2411/1373 1395/2401/1365
f 1395/2401/1365 1816/2412/1360 1397/2413/1367
f 1395/2401/1365 1397/2413/1367 2637/2414/1366
f 2431/2411/1373 1816/2412/1360 1395/2401/1365
f 3153/2415/1374 1889/2416/1375 1893/2417/1376
f 1893/2417/1376 3149/2418/1377 2885/2419/1378
f 3153/2415/1374 1893/2417/1376 2885/2419/1378
f 1893/2417/1376 3137/2420/1379 3136/2421/1380
f 1893/2417/1376 3136/2421/1380 3149/2418/1377
f 2435/2422/1381 3137/2423/1379 1182/2424/1382
f 2435/2425/1381 2436/2426/1383 3136/2427/1380
f 3161/2428/1384 1889/2429/1375 1895/2430/1385
f 1889/2429/1375 3137/2420/1379 1893/2417/1376
f 1183/2431/1386 2435/2422/1381 1182/2424/1382
f 3137/2420/1379 2435/2432/1381 3136/2421/1380
f 3137/2423/1379 1179/2433/1387 1182/2424/1382
f 1179/2434/1387 1177/2435/1388 1181/2436/1389
f 2886/2437/1390 3149/2438/1377 3162/2439/1391
f 2886/2440/1390 2885/2419/1378 3149/2418/1377
f 3149/2418/1377 3136/2421/1380 2432/2441/1392
f 3136/2427/1380 1824/2442/1393 2432/2443/1392
f 2436/2426/1383 1824/2442/1393 3136/2427/1380
f 1824/2444/1393 1183/2445/1386 1922/2446/1394
f 3149/2418/1377 2432/2441/1392 3158/2447/1395
f 2436/2448/1383 2435/2449/1381 1183/2445/1386
f 1922/2446/1394 1183/2445/1386 1180/2450/1396
f 1183/2431/1386 1182/2424/1382 1180/2451/1396
f 2432/2443/1392 1824/2442/1393 3158/2452/1395
f 1180/2453/1396 1182/2454/1382 1181/2436/1389
f 1179/2434/1387 1181/2436/1389 1182/2454/1382
f 3152/2455/1397 2433/2456/1372 3150/2457/1370
f 3152/2455/1397 3157/2458/1398 2433/2456/1372
f 3157/2459/1398 2431/2460/1373 2433/2461/1372
f 3157/2459/1398 1394/2462/1399 2431/2460/1373
f 2431/2411/1373 1394/2463/1399 1816/2412/1360
f 1409/2464/1357 1921/2465/1400 1930/2466/1358
f 1921/2465/1400 1957/2467/1401 1930/2466/1358
f 1411/2468/1402 1921/2469/1400 1409/2389/1357
f 1921/2465/1400 1181/2436/1389 1957/2467/1401
f 1957/2467/1401 1776/2470/1403 1780/2471/1404
f 1394/2463/1399 2455/2472/1368 1816/2412/1360
f 3162/2473/1391 3156/2474/1405 3152/2455/1397
f 1394/2475/1399 2256/2476/1406 2455/2477/1368
f 1822/2478/1407 2256/2476/1406 3158/2479/1395
f 3162/2473/1391 3149/2418/1377 3156/2474/1405
f 3152/2455/1397 3156/2474/1405 3157/2458/1398
f 3149/2418/1377 3158/2447/1395 3156/2474/1405
f 3156/2474/1405 1394/2480/1399 3157/2458/1398
f 3156/2481/1405 2256/2482/1406 1394/2462/1399
f 3156/2481/1405 3158/2452/1395 2256/2482/1406
f 1922/2483/1394 1180/2484/1396 1921/2465/1400
f 1411/2468/1402 1922/2446/1394 1921/2469/1400
f 1180/2484/1396 1181/2436/1389 1921/2465/1400
f 1181/2436/1389 1776/2470/1403 1957/2467/1401
f 1889/2429/1375 1185/2485/1408 3137/2420/1379
f 3137/2423/1379 1185/2486/1408 1179/2433/1387
f 2455/2404/1368 2256/2487/1406 2454/2405/1369
f 1409/2387/1357 1410/2381/1351 1412/2488/1409
f 1410/2381/1351 1415/2392/1359 1412/2488/1409
f 1412/2488/1409 1411/2489/1402 1409/2387/1357
f 1415/2392/1359 1839/2490/1410 1412/2488/1409
f 1493/2385/1355 1414/2491/1411 1415/2393/1359
f 2454/2492/1369 2457/2493/1412 906/2494/1413
f 906/2494/1413 2457/2493/1412 903/2495/1414
f 2256/2487/1406 2453/2496/1415 2454/2405/1369
f 1837/2497/1416 903/2495/1414 2457/2493/1412
f 2453/2496/1415 2457/2498/1412 2454/2405/1369
f 1822/2499/1407 1823/2500/1417 2453/2496/1415
f 1822/2499/1407 2453/2496/1415 2256/2487/1406
f 1412/2488/1409 2430/2501/1418 1411/2489/1402
f 1838/2502/1419 1412/2488/1409 1839/2490/1410
f 1412/2488/1409 1838/2502/1419 1841/2503/1420
f 1837/2504/1416 1839/2505/1410 1835/2506/1421
f 1841/2503/1420 2430/2501/1418 1412/2488/1409
f 1837/2504/1416 1835/2506/1421 1204/2507/1422
f 1411/2468/1402 2430/2508/1418 1922/2446/1394
f 1835/2506/1421 1834/2509/1423 1200/2510/1424
f 1834/2509/1423 1835/2506/1421 1839/2505/1410
f 1834/2509/1423 1839/2505/1410 1414/2511/1411
f 1414/2512/1411 1839/2490/1410 1415/2392/1359
f 1414/2511/1411 1836/2513/1425 1834/2509/1423
f 1837/2504/1416 1204/2507/1422 903/2514/1414
f 2453/2496/1415 1837/2515/1416 2457/2498/1412
f 1824/2516/1393 1823/2517/1417 1822/2518/1407
f 3158/2452/1395 1824/2442/1393 1822/2519/1407
f 1922/2446/1394 2430/2508/1418 1824/2444/1393
f 1823/2500/1417 1837/2515/1416 2453/2496/1415
f 1823/2520/1417 1841/2521/1420 1838/2522/1419
f 2436/2426/1383 1183/2523/1386 1824/2442/1393
f 1823/2520/1417 1838/2522/1419 1839/2505/1410
f 2430/2524/1418 1823/2525/1417 1824/2442/1393
f 2430/2524/1418 1841/2526/1420 1823/2525/1417
f 1823/2520/1417 1839/2505/1410 1837/2504/1416
f 1924/2527/1352 1930/2466/1358 1938/2528/1426
f 1925/2529/1353 1923/2530/1427 1938/2528/1426
f 1938/2528/1426 1923/2530/1427 1924/2527/1352
f 1924/2382/1352 1923/2531/1427 1925/2383/1353
f 1958/2532/1428 1930/2466/1358 1957/2467/1401
f 1930/2466/1358 1958/2532/1428 1938/2528/1426
f 1780/2471/1404 1779/2533/1429 1957/2467/1401
f 902/2534/1430 2456/2535/1361 913/2536/1431
f 2456/2535/1361 906/2494/1413 913/2536/1431
f 2456/2535/1361 2454/2492/1369 906/2494/1413
f 1788/2537/1432 1504/2538/1433 1414/2491/1411
f 1204/2507/1422 1840/2539/1434 903/2514/1414
f 1831/2399/1363 1817/2540/1435 1828/2541/1436
f 1817/2540/1435 1831/2399/1363 901/2542/1437
f 1831/2399/1363 1815/2398/1362 901/2542/1437
f 2637/2543/1366 1397/2403/1367 1831/2399/1363
f 1815/2396/1362 2456/2395/1361 902/2544/1430
f 1413/2380/1350 1925/2383/1353 1928/2545/1438
f 1495/2546/1439 1494/2391/1356 1410/2381/1351
f 1493/2385/1355 1788/2537/1432 1414/2491/1411
f 2880/2547/1440 2634/2548/1441 2503/2549/1442
f 2880/2550/1440 988/2551/1443 2489/2552/1444
f 2505/2553/1445 2880/2547/1440 2503/2549/1442
f 2492/2554/1446 2491/2555/1447 3131/2556/1448
f 2492/2554/1446 1396/2557/1449 2491/2555/1447
f 2633/2558/1450 1396/2557/1449 2258/2559/1451
f 1396/2560/1449 2633/2561/1450 2631/2562/1452
f 2634/2563/1441 2635/2564/1453 2086/2565/1454
f 2880/2550/1440 2489/2552/1444 2634/2566/1441
f 2634/2563/1441 2086/2565/1454 2085/2567/1455
f 2491/2555/1447 2490/2568/1456 988/2569/1443
f 2490/2568/1456 2489/2570/1444 988/2569/1443
f 2489/2571/1444 2490/2572/1456 2635/2564/1453
f 2634/2563/1441 2489/2571/1444 2635/2564/1453
f 2491/2573/1447 2635/2564/1453 2490/2572/1456
f 1396/2560/1449 2631/2562/1452 2635/2564/1453
f 2491/2573/1447 1396/2560/1449 2635/2564/1453
f 2200/2574/1457 2106/2575/1458 2186/2576/1459
f 2106/2575/1458 2130/2577/1460 2186/2576/1459
f 2173/2578/1461 2131/2579/1462 2128/2580/1463
f 2130/2577/1460 2128/2580/1463 2114/2581/1464
f 2128/2580/1463 2129/2582/1465 2114/2581/1464
f 2173/2578/1461 2128/2580/1463 2130/2577/1460
f 2114/2581/1464 2129/2582/1465 2082/2583/1466
f 2129/2582/1465 2081/2584/1467 2082/2583/1466
f 2161/2585/1468 2172/2586/1469 2173/2587/1461
f 2172/2588/1469 2174/2589/1470 2439/2590/1471
f 2161/2585/1468 2173/2587/1461 2130/2577/1460
f 2439/2590/1471 2173/2587/1461 2172/2588/1469
f 2190/2591/1472 2106/2575/1458 2200/2574/1457
f 2139/1615/905 2130/2577/1460 2106/2575/1458
f 2170/1641/904 3336/1674/943 2161/2592/1468
f 2170/1614/904 2161/2585/1468 2139/1615/905
f 3336/1674/943 2172/2593/1469 2161/2592/1468
f 2174/2594/1470 2172/2595/1469 3336/2596/943
f 2161/2585/1468 2130/2577/1460 2139/1615/905
f 2201/1638/919 2139/1615/905 2190/2591/1472
f 2106/2575/1458 2190/2591/1472 2139/1615/905
f 3336/2596/943 2437/2597/945 2174/2594/1470
f 2502/2598/1473 2500/2599/1474 2501/2600/1475
f 2082/2583/1466 2081/2584/1467 2083/2601/1476
f 2459/2602/1477 2462/2603/1478 2504/2604/1479
f 2461/2605/1480 2462/2603/1478 2459/2602/1477
f 2462/2603/1478 2503/2549/1442 2504/2604/1479
f 2462/2603/1478 2505/2553/1445 2503/2549/1442
f 2460/2606/1481 2459/2607/1477 2504/2608/1479
f 2458/2609/1482 2500/2599/1474 2502/2598/1473
f 2503/2549/1442 2501/2600/1475 2500/2599/1474
f 2379/2610/1483 2494/2611/1484 2422/2612/1485
f 2376/2613/1486 2379/2614/1483 2378/2615/1487
f 2376/2616/1486 2502/2598/1473 2494/2611/1484
f 2376/2616/1486 2494/2611/1484 2379/2610/1483
f 2377/2617/1488 2458/2609/1482 2502/2598/1473
f 2377/2617/1488 2502/2598/1473 2376/2616/1486
f 2373/2618/1489 2458/2619/1482 2377/2620/1488
f 2296/2621/1490 2377/2622/1488 2376/2623/1486
f 2374/2624/1491 2458/2619/1482 2373/2618/1489
f 2374/2624/1491 2504/2608/1479 2458/2619/1482
f 2458/2609/1482 2504/2604/1479 2500/2599/1474
f 2504/2604/1479 2503/2549/1442 2500/2599/1474
f 2501/2600/1475 2085/2625/1455 2081/2626/1467
f 2501/2600/1475 2081/2626/1467 2497/2627/1492
f 2503/2549/1442 2085/2625/1455 2501/2600/1475
f 2085/2628/1455 2086/2629/1454 2084/2630/1493
f 2085/2628/1455 2084/2630/1493 2081/2584/1467
f 2503/2549/1442 2634/2548/1441 2085/2625/1455
f 1830/2631/1494 1829/2632/1495 2633/2561/1450
f 2633/2561/1450 1829/2632/1495 2631/2562/1452
f 2086/2633/1454 2630/2634/1496 2084/2635/1493
f 2630/2636/1496 1833/2637/1497 2617/2638/1498
f 2084/2635/1493 2630/2634/1496 1917/2639/1499
f 2086/2565/1454 2635/2564/1453 2630/2636/1496
f 2630/2636/1496 2635/2564/1453 2632/2640/1500
f 2632/2640/1500 1833/2637/1497 2630/2636/1496
f 2631/2562/1452 1829/2632/1495 2632/2640/1500
f 2632/2641/1500 1829/2642/1495 1828/2541/1436
f 2635/2564/1453 2631/2562/1452 2632/2640/1500
f 2873/2643/1501 384/2644/270 296/2645/275
f 2873/2643/1501 2872/2646/1502 384/2644/270
f 2874/2647/434 2873/2643/1501 296/2645/275
f 2075/2648/1503 2072/2649/1504 2077/2650/1505
f 2269/2651/1506 1461/2652/1507 741/2653/1508
f 1461/2652/1507 740/2654/1509 741/2653/1508
f 1461/2652/1507 1424/1464/820 740/2654/1509
f 1424/1464/820 873/2655/824 740/2654/1509
f 1424/1464/820 1759/1467/823 873/2655/824
f 2268/2656/1510 732/2657/1511 679/2658/1512
f 679/2658/1512 732/2657/1511 731/2659/1513
f 731/2659/1513 732/2657/1511 730/2660/1514
f 731/2661/1513 675/2662/1515 678/2663/1516
f 730/2664/1514 675/2662/1515 731/2661/1513
f 730/2664/1514 677/2665/1517 675/2662/1515
f 677/2665/1517 676/2666/1518 673/2667/1519
f 675/2662/1515 677/2665/1517 673/2667/1519
f 673/2667/1519 1272/2668/1520 1549/2669/1521
f 676/2666/1518 1273/2670/1522 673/2667/1519
f 676/2666/1518 733/2671/1523 1273/2670/1522
f 673/2667/1519 1273/2670/1522 1272/2668/1520
f 733/2671/1523 734/2672/1524 683/2673/1525
f 683/2673/1525 734/2672/1524 1274/2674/1526
f 733/2671/1523 683/2673/1525 1273/2670/1522
f 733/2675/1523 736/2676/1527 729/2677/1528
f 733/2675/1523 729/2677/1528 734/2678/1524
f 1274/2674/1526 685/2679/1529 729/2680/1528
f 734/2678/1524 729/2677/1528 685/2681/1529
f 685/2679/1529 1274/2674/1526 734/2672/1524
f 2269/2682/1506 735/2683/1530 732/2657/1511
f 2269/2682/1506 741/2684/1508 735/2683/1530
f 730/2660/1514 732/2657/1511 677/2685/1517
f 740/2686/1509 873/2687/824 735/2683/1530
f 677/2685/1517 735/2683/1530 676/2688/1518
f 740/2686/1509 735/2683/1530 741/2684/1508
f 732/2657/1511 735/2683/1530 677/2685/1517
f 1879/2689/1531 744/2690/1532 873/2691/824
f 873/2687/824 743/2692/1533 735/2683/1530
f 735/2683/1530 743/2692/1533 733/2675/1523
f 676/2688/1518 735/2683/1530 733/2675/1523
f 743/2692/1533 739/2693/1534 733/2675/1523
f 873/2691/824 744/2690/1532 743/2694/1533
f 1273/2695/1522 683/2696/1525 1547/2697/1535
f 733/2675/1523 739/2693/1534 736/2676/1527
f 744/2698/1532 739/2693/1534 743/2692/1533
f 744/2690/1532 874/2699/1536 739/2700/1534
f 736/2676/1527 684/2701/1537 729/2677/1528
f 1393/2702/1538 1871/1608/829 1876/2703/1539
f 1393/2702/1538 1879/2704/1531 1871/1608/829
f 879/2705/1540 1879/2706/1531 1393/2707/1538
f 2314/2708/1541 1388/2709/1542 879/2705/1540
f 1871/2710/829 1879/2689/1531 873/2691/824
f 1879/2689/1531 874/2699/1536 744/2690/1532
f 874/2699/1536 736/2711/1527 739/2700/1534
f 878/2712/1543 877/2713/1544 2321/2714/1545
f 880/2715/1546 1387/2716/1547 2320/2717/1548
f 882/2718/1549 880/2719/1546 2320/2720/1548
f 882/2721/1549 2321/2714/1545 877/2713/1544
f 882/2718/1549 2320/2720/1548 2321/2722/1545
f 883/2723/1550 884/2724/1551 880/2725/1546
f 880/2715/1546 884/2726/1551 1387/2716/1547
f 886/2727/1552 882/2721/1549 877/2713/1544
f 882/2718/1549 883/2728/1550 880/2719/1546
f 2319/2729/1553 2320/2717/1548 1387/2716/1547
f 886/2727/1552 883/2723/1550 882/2721/1549
f 1387/2716/1547 881/2730/1554 1388/2709/1542
f 1387/2731/1547 874/2699/1536 881/2732/1554
f 1388/2709/1542 2318/2733/1555 1387/2716/1547
f 2318/2733/1555 2319/2729/1553 1387/2716/1547
f 1387/2731/1547 870/2734/1556 874/2699/1536
f 884/2724/1551 870/2734/1556 1387/2731/1547
f 884/2724/1551 872/2735/1557 870/2734/1556
f 874/2699/1536 1879/2689/1531 879/2736/1540
f 1388/2709/1542 881/2730/1554 879/2705/1540
f 874/2699/1536 879/2736/1540 881/2732/1554
f 736/2711/1527 870/2734/1556 742/2737/1558
f 874/2699/1536 870/2734/1556 736/2711/1527
f 872/2735/1557 871/2738/1559 870/2734/1556
f 871/2738/1559 742/2737/1558 870/2734/1556
f 883/2723/1550 872/2735/1557 884/2724/1551
f 2837/2739/1560 2836/2740/1561 875/2741/1562
f 875/2742/1562 872/2735/1557 883/2723/1550
f 3124/2743/1563 875/2741/1562 2836/2740/1561
f 3124/2744/1563 3122/2745/1564 872/2735/1557
f 875/2742/1562 3124/2744/1563 872/2735/1557
f 885/2746/1565 872/2735/1557 3122/2745/1564
f 737/2747/1566 742/2748/1558 871/2749/1559
f 3124/2750/1563 3129/2751/1567 3122/2752/1564
f 885/2753/1565 3123/2754/1568 2528/2755/1569
f 885/2746/1565 2532/2756/1570 871/2738/1559
f 872/2735/1557 885/2746/1565 871/2738/1559
f 885/2757/1565 2528/2755/1569 2532/2758/1570
f 3122/2752/1564 3123/2759/1568 885/2760/1565
f 768/2761/1571 2671/2762/1572 2666/2763/1573
f 1551/2764/1574 1553/2765/1575 2671/2762/1572
f 2666/2763/1573 1553/2765/1575 2668/2766/1576
f 742/2767/1558 2668/2766/1576 1553/2765/1575
f 779/2768/1577 777/2769/1578 2666/2770/1573
f 1553/2765/1575 2666/2763/1573 2671/2762/1572
f 2666/2763/1573 2668/2766/1576 779/2771/1577
f 2836/2772/1561 3127/2773/1579 3124/2750/1563
f 3127/2773/1579 3129/2751/1567 3124/2750/1563
f 3127/2774/1579 1912/2775/1580 3120/2776/1581
f 3120/2777/1581 3129/2751/1567 3127/2773/1579
f 1913/2778/1582 486/2779/1583 3120/2777/1581
f 1912/2780/1580 1913/2778/1582 3120/2777/1581
f 1912/2780/1580 3121/2781/1584 1913/2782/1582
f 3129/2751/1567 3120/2777/1581 2527/2783/1585
f 3123/2784/1568 2526/2785/1586 2528/2786/1569
f 3129/2751/1567 3123/2759/1568 3122/2752/1564
f 3123/2784/1568 2527/2783/1585 2526/2785/1586
f 2527/2783/1585 3123/2784/1568 3129/2751/1567
f 486/2779/1583 482/2787/1587 3120/2777/1581
f 3120/2777/1581 482/2787/1587 2527/2783/1585
f 2527/2788/1585 519/2789/1588 2526/2790/1586
f 482/2787/1587 519/2791/1588 2527/2783/1585
f 1274/2792/1526 2671/2793/1572 683/2794/1525
f 729/2680/1528 684/2795/1537 1274/2674/1526
f 1552/2796/1589 1551/2797/1574 684/2798/1537
f 684/2798/1537 1551/2797/1574 1274/2792/1526
f 736/2676/1527 742/2748/1558 1552/2799/1589
f 1552/2796/1589 1553/2800/1575 1551/2797/1574
f 1274/2792/1526 1551/2797/1574 2671/2793/1572
f 684/2701/1537 736/2676/1527 1552/2799/1589
f 1552/2801/1589 742/2802/1558 1553/2803/1575
f 683/2794/1525 2671/2793/1572 2672/2804/1590
f 737/2747/1566 871/2749/1559 2532/2805/1570
f 737/2806/1566 2668/2766/1576 742/2767/1558
f 2668/2766/1576 737/2806/1566 2670/2807/1591
f 2637/2808/1366 2636/2809/1592 1398/2810/1593
f 2618/2811/1594 1917/2812/1499 1763/2813/1595
f 1825/2814/1596 1821/2815/1597 1826/2816/1598
f 1825/2814/1596 1826/2816/1598 1917/2817/1499
f 1917/2817/1499 1826/2816/1598 1763/2818/1595
f 1826/2819/1598 1821/2820/1597 1764/2821/1599
f 2228/2822/1600 1516/2823/1601 1764/2824/1599
f 1825/2825/1596 2617/2826/1498 1821/2820/1597
f 1763/2827/1595 1764/2828/1599 1933/2829/1602
f 1933/2829/1602 1764/2828/1599 1762/2830/1603
f 1762/2830/1603 1764/2828/1599 1515/2831/1604
f 1826/2816/1598 1764/2832/1599 1763/2818/1595
f 1819/2833/1605 2228/2822/1600 1764/2824/1599
f 2229/2834/1606 910/2835/1607 2228/2822/1600
f 1763/2813/1595 1933/2836/1602 1964/2837/1608
f 1827/2838/1609 1819/2833/1605 1764/2824/1599
f 1819/2833/1605 2229/2834/1606 2228/2822/1600
f 1827/2839/1609 1820/2840/1610 1819/2841/1605
f 1819/2842/1605 1820/2843/1610 1818/2844/1611
f 1818/2845/1611 2229/2846/1606 1819/2841/1605
f 1820/2843/1610 1832/2847/1612 1818/2844/1611
f 1818/2845/1611 907/2848/1613 2229/2846/1606
f 1832/2849/1612 907/2848/1613 1818/2845/1611
f 2617/2826/1498 1833/2850/1497 1820/2843/1610
f 1827/2851/1609 2617/2826/1498 1820/2843/1610
f 1821/2820/1597 1827/2851/1609 1764/2821/1599
f 2617/2826/1498 1827/2851/1609 1821/2820/1597
f 1833/2850/1497 1832/2847/1612 1820/2843/1610
f 2186/2576/1459 2188/2852/1614 2227/2853/1615
f 2114/2581/1464 2082/2583/1466 2188/2852/1614
f 2186/2576/1459 2114/2581/1464 2188/2852/1614
f 1143/2854/1616 2622/2855/1617 2761/2856/1618
f 2186/2576/1459 1141/2857/1619 2200/2574/1457
f 1141/2858/1619 1143/2859/1616 1142/2860/1620
f 2186/2576/1459 1143/2861/1616 1141/2857/1619
f 2130/2577/1460 2114/2581/1464 2186/2576/1459
f 1142/2862/1620 2761/2856/1618 2623/2863/1621
f 1141/2858/1619 1142/2860/1620 2623/2864/1621
f 1138/2865/1622 2623/2863/1621 2624/2866/1623
f 1139/2867/1624 2623/2864/1621 1138/2868/1622
f 1141/2858/1619 2623/2864/1621 2185/2869/1625
f 1139/2867/1624 2185/2869/1625 2623/2864/1621
f 2200/2574/1457 1141/2857/1619 2185/2870/1625
f 2200/2574/1457 2185/2870/1625 1139/2871/1624
f 2623/2863/1621 2761/2856/1618 2624/2866/1623
f 2617/2872/1498 1825/2873/1596 1917/2639/1499
f 2630/2634/1496 2617/2872/1498 1917/2639/1499
f 2084/2635/1493 2618/2874/1594 1935/2875/1626
f 2084/2635/1493 1917/2639/1499 2618/2874/1594
f 2620/2876/1627 2227/2853/1615 2188/2852/1614
f 2562/2877/1628 1974/2878/1629 1979/2879/1630
f 2559/1051/602 2562/2877/1628 1979/2879/1630
f 2083/2601/1476 1974/2880/1629 2082/2583/1466
f 1979/2881/1630 1964/2837/1608 1976/2882/1631
f 2082/2583/1466 2619/2883/1632 2188/2852/1614
f 2619/2883/1632 2620/2876/1627 2188/2852/1614
f 1974/2884/1629 1964/2837/1608 1979/2881/1630
f 1963/2885/1633 1935/2886/1626 1964/2837/1608
f 2082/2583/1466 1974/2880/1629 2619/2883/1632
f 1974/2884/1629 1963/2885/1633 1964/2837/1608
f 2083/2887/1476 1963/2888/1633 1974/2889/1629
f 2083/2887/1476 1935/2875/1626 1963/2888/1633
f 1707/2890/599 1706/2891/1634 1711/2892/600
f 1706/2891/1634 1707/2890/599 2559/2893/602
f 2618/2811/1594 1763/2813/1595 1964/2837/1608
f 1935/2886/1626 2618/2811/1594 1964/2837/1608
f 2563/2894/1635 1979/2879/1630 1976/2895/1631
f 1142/2862/1620 1143/2854/1616 2761/2856/1618
f 1143/2854/1616 2621/2896/1636 2622/2855/1617
f 2562/2897/1628 1143/2854/1616 2620/2898/1627
f 2227/2853/1615 1143/2861/1616 2186/2576/1459
f 1143/2854/1616 2562/2897/1628 2621/2896/1636
f 2559/1051/602 2560/1040/595 2562/2877/1628
f 2227/2899/1615 2620/2898/1627 1143/2854/1616
f 2619/2900/1632 1974/2889/1629 2620/2898/1627
f 1974/2889/1629 2562/2897/1628 2620/2898/1627
f 2083/2601/1476 2084/2630/1493 1935/2901/1626
f 2081/2584/1467 2084/2630/1493 2083/2601/1476
f 1711/2902/600 2579/972/563 1046/1076/613
f 1711/2902/600 1046/1076/613 2581/1075/601
f 1712/2903/1637 1706/2891/1634 2563/2904/1635
f 1706/2891/1634 1709/2905/1638 1711/2892/600
f 1709/2906/1638 2579/972/563 1711/2902/600
f 1706/2891/1634 2559/2893/602 2563/2904/1635
f 1979/2879/1630 2563/2894/1635 2559/1051/602
f 2563/2894/1635 1976/2895/1631 1968/2907/1639
f 1712/2903/1637 1480/2908/1640 1706/2891/1634
f 1712/2909/1637 2563/2894/1635 1968/2907/1639
f 1477/2910/1641 1712/2903/1637 1708/2911/1642
f 1968/2907/1639 1962/2912/1643 1712/2909/1637
f 2632/2641/1500 1828/2541/1436 1832/2847/1612
f 1832/2847/1612 1828/2541/1436 1817/2540/1435
f 1828/2541/1436 1829/2642/1495 1830/2913/1494
f 1830/2913/1494 1831/2399/1363 1828/2541/1436
f 2636/2914/1592 2637/2543/1366 1831/2399/1363
f 1830/2913/1494 2636/2914/1592 1831/2399/1363
f 1833/2850/1497 2632/2641/1500 1832/2847/1612
f 2582/1068/603 2581/1075/601 2420/1069/611
f 2367/2915/329 327/1234/156 325/2916/157
f 2814/2917/339 2367/2915/329 326/2918/328
f 2788/1226/696 2814/1222/339 2801/2919/338
f 2179/2920/1644 3176/2921/1645 2180/2922/1646
f 3175/2923/1647 3176/2921/1645 2179/2920/1644
f 3183/2924/1648 3182/2925/1649 2176/2926/1650
f 3181/2927/1651 3412/2928/1652 3182/2925/1649
f 2174/2929/1470 2176/2930/1650 2439/2931/1471
f 2176/2930/1650 2131/2579/1462 2439/2931/1471
f 2439/2931/1471 2131/2579/1462 2173/2578/1461
f 2176/2926/1650 3182/2925/1649 2177/2932/1653
f 2176/2930/1650 2177/2933/1653 2131/2579/1462
f 2437/2934/945 2176/2930/1650 2174/2929/1470
f 3349/2935/911 3422/2936/1654 3351/2937/912
f 3422/2938/1654 3184/2939/1655 3185/2940/914
f 3351/2941/912 3422/2942/1654 3185/2943/914
f 3188/2944/1656 3186/2945/1657 3422/2942/1654
f 3186/2946/1657 3184/2939/1655 3422/2938/1654
f 3185/2940/914 3184/2939/1655 2178/2947/944
f 3181/2927/1651 3182/2925/1649 3183/2924/1648
f 3184/2939/1655 3181/2927/1651 3183/2924/1648
f 3186/2946/1657 3187/2948/1658 3184/2939/1655
f 3187/2948/1658 3181/2927/1651 3184/2939/1655
f 2437/2934/945 3183/2949/1648 2176/2930/1650
f 2178/2950/944 3183/2949/1648 2437/2934/945
f 3184/2939/1655 3183/2924/1648 2178/2947/944
f 2177/2933/1653 2180/2951/1646 2131/2579/1462
f 2177/2933/1653 2179/2952/1644 2180/2951/1646
f 3182/2925/1649 2179/2920/1644 2177/2932/1653
f 3182/2925/1649 3412/2928/1652 2179/2920/1644
f 3412/2928/1652 3175/2923/1647 2179/2920/1644
f 3423/2953/1659 3174/2954/1660 3175/2923/1647
f 2606/992/571 1539/995/573 2610/2955/1661
f 2388/2956/1662 2735/2957/1663 2391/2958/1664
f 2610/2955/1661 2391/2959/1664 2611/2960/1665
f 2388/2956/1662 2391/2958/1664 2384/1019/585
f 1539/995/573 2382/2961/586 2610/2955/1661
f 2384/1019/585 2391/2958/1664 2382/1023/586
f 2610/2955/1661 2382/2961/586 2391/2959/1664
f 2678/2962/1666 2607/990/569 2606/992/571
f 2677/2963/1667 2708/2964/1668 2714/2965/1669
f 2677/2963/1667 2610/2966/1661 2708/2964/1668
f 2677/2963/1667 2678/2967/1666 2606/2968/571
f 2610/2966/1661 2611/2969/1665 2708/2964/1668
f 2610/2966/1661 2677/2963/1667 2606/2968/571
f 2714/2965/1669 2708/2964/1668 2707/2970/1670
f 2577/2971/1671 2607/990/569 2678/2962/1666
f 3190/2972/1672 3403/2973/1673 3179/2974/1674
f 3190/2975/1672 3195/2976/1675 3442/2977/1676
f 3197/2978/1677 3195/2976/1675 3190/2975/1672
f 3190/2972/1672 3442/2977/1676 3403/2973/1673
f 3442/2977/1676 3191/2979/1678 3403/2973/1673
f 3403/2973/1673 3191/2979/1678 3192/2980/1679
f 3195/2981/1675 3196/2982/1680 3442/2983/1676
f 3196/2984/1680 3191/2979/1678 3442/2977/1676
f 2855/1776/1014 2452/2985/1681 2847/1749/997
f 3399/2986/1682 3211/2987/1683 3197/2988/1677
f 711/2989/618 3211/2990/1683 3212/2991/1684
f 3212/2991/1684 3211/2990/1683 3397/2992/1685
f 3197/2978/1677 3440/2993/1686 3195/2976/1675
f 711/2989/618 2844/2994/620 3211/2990/1683
f 2844/2994/620 3417/2995/1687 3440/2993/1686
f 2854/1744/994 3417/2996/1687 2846/2997/1688
f 2844/2994/620 3440/2993/1686 3211/2990/1683
f 3211/2990/1683 3440/2993/1686 3197/2978/1677
f 2846/2997/1688 3417/2996/1687 2844/2998/620
f 3440/2993/1686 3402/2999/1689 3195/2976/1675
f 3417/3000/1687 3402/3001/1689 3440/3002/1686
f 2854/1744/994 2859/3003/1690 3417/2996/1687
f 3417/2996/1687 2859/3003/1690 3402/3004/1689
f 3402/2999/1689 2859/3005/1690 3194/3006/1691
f 2847/1749/997 2452/2985/1681 2859/3003/1690
f 2847/1749/997 2859/3003/1690 2854/1744/994
f 3402/2999/1689 3196/3007/1680 3195/2976/1675
f 3400/3008/1692 3197/2978/1677 3190/2975/1672
f 704/3009/1693 3212/2991/1684 3397/2992/1685
f 704/3009/1693 3397/2992/1685 3396/3010/1694
f 704/3009/1693 3396/3010/1694 3213/3011/1695
f 2857/3012/1696 2452/2985/1681 2855/1776/1014
f 3196/2984/1680 3193/3013/1697 3191/2979/1678
f 3194/3006/1691 2450/3014/1698 3193/3013/1697
f 3193/3013/1697 3441/3015/1699 3191/2979/1678
f 2450/3016/1698 2451/3017/1700 682/3018/1701
f 2451/3017/1700 2857/3019/1696 682/3018/1701
f 3193/3013/1697 2450/3020/1698 3441/3015/1699
f 2450/3020/1698 3420/3021/1702 3441/3015/1699
f 2450/3020/1698 682/3022/1701 3420/3021/1702
f 682/3022/1701 1699/3023/1703 3420/3021/1702
f 682/3018/1701 674/3024/1704 1699/3025/1703
f 3191/2979/1678 3177/3026/1705 3192/2980/1679
f 3177/3026/1705 3191/2979/1678 3423/2953/1659
f 3423/2953/1659 3191/2979/1678 3441/3015/1699
f 3441/3015/1699 3420/3021/1702 2597/3027/1706
f 3173/3028/1707 3441/3029/1699 2597/3030/1706
f 3441/3015/1699 3173/3031/1707 3423/2953/1659
f 3194/3032/1691 2857/3033/1696 2451/3034/1700
f 2452/2985/1681 3194/3032/1691 2859/3003/1690
f 3194/3006/1691 3193/3013/1697 3402/2999/1689
f 3402/2999/1689 3193/3013/1697 3196/2984/1680
f 2451/3035/1700 2450/3014/1698 3194/3006/1691
f 2452/2985/1681 2857/3033/1696 3194/3032/1691
f 2857/3012/1696 2855/1776/1014 680/3036/1708
f 2855/1776/1014 681/3037/1015 680/3036/1708
f 680/3036/1708 678/3038/1516 2857/3012/1696
f 2857/3019/1696 678/2663/1516 682/3018/1701
f 679/3039/1512 678/3038/1516 680/3036/1708
f 675/2662/1515 674/3024/1704 682/3018/1701
f 682/3018/1701 678/2663/1516 675/2662/1515
f 673/2667/1519 674/3024/1704 675/2662/1515
f 674/3024/1704 1545/3040/1709 1276/3041/1710
f 2427/3042/1711 2486/3043/1712 2428/3044/1713
f 2486/3045/1712 2485/3046/1714 2428/3047/1713
f 1366/3048/1715 1365/3049/1716 1255/3050/1717
f 2463/3051/1718 2485/3046/1714 2488/3052/1719
f 2488/3052/1719 2464/3053/1720 2463/3051/1718
f 2403/3054/1721 2463/3051/1718 2464/3053/1720
f 2464/3053/1720 2488/3052/1719 706/3055/1722
f 2485/3046/1714 2463/3051/1718 2428/3047/1713
f 2486/3045/1712 2484/3056/1723 2485/3046/1714
f 2427/3042/1711 1366/3057/1715 2484/3058/1723
f 2482/3059/1724 2410/3060/1725 2484/3056/1723
f 2484/3056/1723 2483/3061/1726 2485/3046/1714
f 2482/3059/1724 2409/3062/1727 2410/3060/1725
f 2484/3056/1723 2410/3060/1725 2483/3061/1726
f 2427/3042/1711 2484/3058/1723 2486/3043/1712
f 2488/3052/1719 2483/3061/1726 3214/3063/1728
f 2485/3046/1714 2483/3061/1726 2488/3052/1719
f 2409/3064/1727 2482/3065/1724 2484/3058/1723
f 2483/3061/1726 3213/3066/1695 3214/3063/1728
f 2487/3067/1729 3213/3066/1695 2483/3061/1726
f 2487/3067/1729 2483/3061/1726 2410/3060/1725
f 2408/3068/1730 2410/3069/1725 2409/3070/1727
f 2487/3067/1729 2410/3060/1725 2408/3071/1730
f 3192/3072/1679 3177/3026/1705 3178/3073/1731
f 3404/3074/1732 3190/2972/1672 3405/3075/1733
f 3400/3008/1692 3190/2975/1672 3404/3074/1732
f 3181/2927/1651 3178/3073/1731 3412/2928/1652
f 3349/2935/911 3346/3076/1734 3422/2936/1654
f 3346/3077/1734 3188/2944/1656 3422/2942/1654
f 3205/3078/1735 3203/3079/1736 3202/3080/1737
f 3205/3078/1735 3199/3081/1738 3203/3079/1736
f 3205/3078/1735 3202/3080/1737 3445/3082/1739
f 3203/3083/1736 3439/3084/1740 3202/3085/1737
f 3203/3086/1736 3199/3087/1738 3439/3084/1740
f 3199/3081/1738 3438/3088/1741 3439/3089/1740
f 3405/3090/1733 3189/3091/1742 3439/3084/1740
f 3405/3075/1733 3416/3092/1743 3189/3093/1742
f 3439/3084/1740 3189/3091/1742 3187/3094/1658
f 3189/3093/1742 3416/3092/1743 3187/2948/1658
f 3345/3095/1744 3350/3096/1745 3346/3097/1734
f 3345/3098/1744 3346/3076/1734 3347/1617/907
f 3445/3099/1739 3202/3085/1737 3350/3096/1745
f 3202/3085/1737 3439/3084/1740 3350/3096/1745
f 3347/1617/907 3346/3076/1734 3349/2935/911
f 3445/3099/1739 3350/3096/1745 3345/3095/1744
f 3350/3096/1745 3188/3100/1656 3346/3077/1734
f 3439/3084/1740 3188/3100/1656 3350/3096/1745
f 3188/3101/1656 3187/2948/1658 3186/2946/1657
f 3439/3084/1740 3187/3094/1658 3188/3100/1656
f 3445/3099/1739 3345/3095/1744 3352/3102/939
f 3345/3098/1744 3347/1617/907 3354/1668/917
f 3201/2185/1233 3205/3078/1735 3445/3082/1739
f 3190/2972/1672 3416/3092/1743 3405/3075/1733
f 3438/3088/1741 3400/3008/1692 3404/3074/1732
f 3438/3103/1741 3404/3104/1732 3405/3090/1733
f 3438/3103/1741 3405/3090/1733 3439/3084/1740
f 3178/3073/1731 3175/2923/1647 3412/2928/1652
f 2627/3105/1318 2755/3106/1746 2628/3107/1319
f 2628/2333/1319 2721/3108/1747 1130/3109/1320
f 2628/2333/1319 2754/3110/1748 2721/3108/1747
f 2737/3111/1749 2717/3112/1750 2754/3110/1748
f 2755/3113/1746 2754/3110/1748 2628/2333/1319
f 2693/3114/1751 2710/3115/1752 2717/3112/1750
f 2737/3111/1749 2693/3114/1751 2717/3112/1750
f 2709/3116/1753 2693/3114/1751 2737/3111/1749
f 1131/3117/1322 2628/2333/1319 1130/3109/1320
f 2759/2354/1327 2760/3118/1754 1117/3119/1334
f 2768/2360/1333 2711/3120/1755 2741/2361/1336
f 2759/2362/1327 2741/2361/1336 2760/3121/1754
f 2711/3120/1755 2683/3122/1756 2682/3123/1757
f 2711/3120/1755 2682/3123/1757 2741/2361/1336
f 1119/3124/1348 2683/3122/1756 2730/2359/1331
f 2730/2359/1331 2683/3122/1756 2711/3120/1755
f 2768/2360/1333 2730/2359/1331 2711/3120/1755
f 2683/3122/1756 2681/3125/1758 2682/3123/1757
f 2695/3126/1759 2720/3127/1760 2697/3128/1761
f 2720/3127/1760 2726/3129/1762 2697/3128/1761
f 2697/3128/1761 2726/3129/1762 2696/3130/1763
f 2684/3131/1764 2779/3132/1765 2720/3127/1760
f 2684/3131/1764 2720/3127/1760 2695/3126/1759
f 2682/3123/1757 2780/3133/1766 2741/2361/1336
f 2780/3133/1766 2779/3132/1765 2684/3131/1764
f 2741/2361/1336 2780/3133/1766 2684/3131/1764
f 2682/3123/1757 2795/3134/1767 2780/3133/1766
f 2786/3135/1768 2696/3130/1763 2726/3129/1762
f 2726/3129/1762 2720/3127/1760 2786/3135/1768
f 2760/3121/1754 2741/2361/1336 2684/3131/1764
f 1123/3136/1769 1125/3137/1770 1124/3138/1771
f 1122/3139/1772 1123/3136/1769 1124/3138/1771
f 2216/2364/1338 1125/3140/1770 1123/3141/1769
f 2217/2365/1339 1126/3142/1773 1125/3140/1770
f 2217/2365/1339 1125/3140/1770 2216/2364/1338
f 1125/3143/1770 2705/3144/1774 1124/3145/1771
f 1124/3145/1771 2705/3144/1774 2715/3146/1775
f 2216/2364/1338 1123/3141/1769 1121/2369/1343
f 2729/3147/1776 2680/3148/1777 2683/3122/1756
f 2680/3148/1777 2681/3125/1758 2683/3122/1756
f 2758/3149/1778 2729/3147/1776 2763/3150/1346
f 1120/3151/1347 2763/2372/1346 2206/2371/1345
f 1121/3152/1343 2758/3149/1778 1120/3153/1347
f 2763/3150/1346 1120/3153/1347 2758/3149/1778
f 2207/3154/1341 1121/3155/1343 1120/3151/1347
f 1121/3152/1343 2715/3146/1775 2758/3149/1778
f 2704/3156/1779 2758/3149/1778 2715/3146/1775
f 1122/3157/1772 1124/3145/1771 1121/3152/1343
f 1124/3145/1771 2715/3146/1775 1121/3152/1343
f 2208/2368/1342 1121/2369/1343 2207/2367/1341
f 2218/3158/1344 2763/3150/1346 1119/3124/1348
f 2763/3150/1346 2729/3147/1776 1119/3124/1348
f 1119/3124/1348 2729/3147/1776 2683/3122/1756
f 1123/3136/1769 1122/3139/1772 1121/3155/1343
f 2721/3108/1747 2710/3115/1752 2688/3159/1780
f 2721/3108/1747 2688/3159/1780 1128/3160/1781
f 1130/2336/1320 1128/3161/1781 1129/3162/1321
f 2754/3110/1748 2717/3112/1750 2721/3108/1747
f 2717/3112/1750 2710/3115/1752 2721/3108/1747
f 1127/3163/1782 1129/3162/1321 1128/3164/1781
f 2184/2343/1323 1129/2335/1321 1127/3165/1782
f 1128/3160/1781 1130/3109/1320 2721/3108/1747
f 1126/3166/1773 2771/3167/1783 2728/3168/1784
f 1128/3160/1781 2728/3168/1784 2771/3167/1783
f 2220/3169/1785 2771/3170/1783 1126/3171/1773
f 2217/2365/1339 2187/2379/1349 1126/3142/1773
f 2187/2379/1349 2220/3172/1785 1126/3142/1773
f 2187/2379/1349 1127/3165/1782 2220/3172/1785
f 1127/3163/1782 2771/3170/1783 2220/3169/1785
f 1128/3160/1781 2688/3159/1780 2728/3168/1784
f 1127/3163/1782 1128/3164/1781 2771/3170/1783
f 2184/2343/1323 1127/3165/1782 2187/2379/1349
f 1125/3143/1770 2727/3173/1786 2705/3144/1774
f 2728/3168/1784 2727/3173/1786 1126/3166/1773
f 2727/3173/1786 2687/3174/1787 2706/3175/1788
f 1126/3166/1773 2727/3173/1786 1125/3143/1770
f 2727/3173/1786 2706/3175/1788 2705/3144/1774
f 2688/3159/1780 2687/3174/1787 2727/3173/1786
f 2728/3168/1784 2688/3159/1780 2727/3173/1786
f 1137/3176/1789 1136/3177/1790 2193/2324/1310
f 2103/1642/920 2193/2324/1310 2196/1672/942
f 2193/2324/1310 2190/2591/1472 1137/3176/1789
f 2201/1638/919 2190/2591/1472 2193/2324/1310
f 1139/2867/1624 1138/2868/1622 1137/3178/1789
f 2103/1642/920 2201/1638/919 2193/2324/1310
f 2190/2591/1472 1139/2871/1624 1137/3176/1789
f 2190/2591/1472 2200/2574/1457 1139/2871/1624
f 1137/3178/1789 1138/2868/1622 1136/3179/1790
f 2624/2866/1623 2625/3180/1791 1138/2865/1622
f 2196/1672/942 2193/2324/1310 2183/2323/1309
f 2193/2324/1310 1136/3177/1790 2189/2325/1311
f 1136/3181/1790 1138/2865/1622 2625/3180/1791
f 2734/3182/1792 2732/3183/1793 2707/2970/1670
f 2622/3184/1617 2679/3185/1794 2742/3186/1795
f 2622/3184/1617 2742/3186/1795 2761/3187/1618
f 2742/3186/1795 2714/2965/1669 2761/3187/1618
f 2742/3186/1795 2678/2967/1666 2714/2965/1669
f 2707/2970/1670 2732/3183/1793 2692/3188/1796
f 2692/3188/1796 2694/3189/1797 2709/3116/1753
f 2713/3190/1798 2707/2970/1670 2692/3188/1796
f 2713/3190/1798 2714/2965/1669 2707/2970/1670
f 2624/3191/1623 2714/2965/1669 2713/3190/1798
f 2761/3187/1618 2714/2965/1669 2624/3191/1623
f 2622/3184/1617 2621/3192/1636 2679/3185/1794
f 2561/1055/605 2562/2877/1628 2560/1040/595
f 2679/3185/1794 2577/3193/1671 2678/2967/1666
f 2679/3185/1794 2678/2967/1666 2742/3186/1795
f 2621/3192/1636 2608/3194/604 2679/3185/1794
f 2679/3185/1794 2608/3194/604 2577/3193/1671
f 2562/3195/1628 2561/3196/605 2608/3194/604
f 2561/3196/605 2753/3197/533 2608/3194/604
f 2621/3192/1636 2562/3195/1628 2608/3194/604
f 2608/1054/604 2607/990/569 2577/2971/1671
f 2714/2965/1669 2678/2967/1666 2677/2963/1667
f 2575/3198/1799 1747/3199/1800 3066/3200/1801
f 3066/3201/1801 1745/3202/1802 3084/3203/1803
f 1746/3204/1804 1745/3205/1802 3066/3206/1801
f 3467/3207/1805 2996/3208/1806 3019/3209/1807
f 975/3210/1808 3019/3211/1807 2292/3212/1809
f 3019/3211/1807 2862/3213/1810 2292/3212/1809
f 2996/3208/1806 2862/3214/1810 3019/3209/1807
f 3468/3215/1811 3472/3216/1812 3467/3217/1805
f 3115/3218/1813 3067/3219/1814 1746/3204/1804
f 1746/3204/1804 3067/3219/1814 1745/3205/1802
f 1743/3220/1815 3067/3219/1814 3115/3218/1813
f 3067/3219/1814 1743/3220/1815 3117/3221/1816
f 3067/3219/1814 3117/3221/1816 1744/3222/1817
f 1240/1458/815 1662/3223/1818 2330/3224/1819
f 1212/3225/1820 1647/3226/1821 1627/3227/1822
f 1647/3226/1821 1218/3228/1823 1627/3227/1822
f 1648/3229/1824 1218/3228/1823 1647/3226/1821
f 1659/1448/797 1882/1447/810 1665/3230/809
f 1882/1447/810 1850/1451/811 1887/3231/1825
f 1882/1447/810 1794/3232/1826 1665/3230/809
f 1887/3233/1825 1850/1454/811 1799/1453/812
f 1882/1447/810 1887/3231/1825 1794/3232/1826
f 1798/3234/1827 1794/3235/1826 1887/3236/1825
f 2330/3224/1819 1662/3223/1818 1630/3237/1828
f 1630/3238/1828 1655/3239/1829 1220/3240/1830
f 2330/3224/1819 1630/3237/1828 1220/3241/1830
f 1662/3242/1818 1655/3239/1829 1630/3238/1828
f 1654/3243/1831 1669/3244/1832 1655/3239/1829
f 1654/3243/1831 1668/3245/1833 1669/3244/1832
f 971/3246/1834 973/3247/1835 1883/3248/1836
f 1880/3249/1837 971/3246/1834 1883/3248/1836
f 972/3250/1838 971/3251/1834 1795/3252/1839
f 972/3250/1838 973/3253/1835 971/3251/1834
f 1228/1443/807 1240/1458/815 2330/3224/1819
f 1240/1459/815 1653/1457/814 1662/3242/1818
f 1660/1414/798 1665/1445/809 1664/3254/1840
f 1886/3255/1841 1792/3256/1842 1881/3257/1843
f 1794/3232/1826 1792/3256/1842 1886/3255/1841
f 1794/3232/1826 1886/3255/1841 1665/3230/809
f 1665/3230/809 1886/3255/1841 1664/3258/1840
f 1792/3256/1842 1794/3232/1826 1798/3259/1827
f 1629/3260/1844 1221/3261/1845 1220/3241/1830
f 1220/3240/1830 1655/3239/1829 1629/3262/1844
f 1655/3239/1829 1669/3244/1832 1652/3263/1846
f 1883/3264/1836 973/3265/1835 2288/3266/1847
f 1655/3239/1829 1628/3267/1848 1629/3262/1844
f 1668/3245/1833 1670/3268/1849 1669/3244/1832
f 1884/3269/1850 1670/3270/1849 1668/3271/1833
f 1670/3270/1849 1883/3248/1836 1669/3272/1832
f 1670/3270/1849 1880/3249/1837 1883/3248/1836
f 1883/3248/1836 2288/3273/1847 1651/3274/1851
f 1884/3269/1850 1880/3249/1837 1670/3270/1849
f 1629/3260/1844 1210/3275/1852 1221/3261/1845
f 1629/3260/1844 1628/3276/1848 1210/3275/1852
f 1628/3276/1848 1217/3277/1853 1210/3275/1852
f 1628/3267/1848 1655/3239/1829 1652/3263/1846
f 1628/3267/1848 1652/3263/1846 1217/3278/1853
f 1669/3244/1832 1651/3279/1851 1647/3226/1821
f 1883/3248/1836 1651/3274/1851 1669/3272/1832
f 1653/1457/814 1655/3239/1829 1662/3242/1818
f 1654/3243/1831 1664/3254/1840 1668/3245/1833
f 1886/3255/1841 1884/3269/1850 1664/3258/1840
f 1881/3257/1843 1793/3280/1854 1880/3249/1837
f 1653/1457/814 1654/3243/1831 1655/3239/1829
f 1884/3269/1850 1881/3257/1843 1880/3249/1837
f 1880/3249/1837 1793/3280/1854 971/3246/1834
f 1664/3258/1840 1884/3269/1850 1668/3271/1833
f 1795/3281/1839 1793/3282/1854 1796/3283/1855
f 1795/3281/1839 971/3284/1834 1793/3282/1854
f 1660/1414/798 1664/3254/1840 1654/3243/1831
f 1660/1414/798 1654/3243/1831 1653/1457/814
f 1881/3257/1843 1791/3285/1856 1793/3280/1854
f 1881/3257/1843 1792/3256/1842 1791/3285/1856
f 1886/3255/1841 1881/3257/1843 1884/3269/1850
f 1796/3283/1855 1791/3286/1856 1792/3287/1842
f 1796/3283/1855 1793/3282/1854 1791/3286/1856
f 1652/3263/1846 1669/3244/1832 1647/3226/1821
f 1652/3263/1846 1212/3225/1820 1217/3278/1853
f 1652/3263/1846 1647/3226/1821 1212/3225/1820
f 973/3265/1835 970/3288/1857 2288/3266/1847
f 969/3289/1858 970/3290/1857 973/3253/1835
f 969/3289/1858 968/3291/1859 970/3290/1857
f 1647/3226/1821 1651/3279/1851 1648/3229/1824
f 2290/3292/1860 2289/3293/1861 2861/3294/1862
f 1651/3295/1851 2290/3292/1860 1648/3296/1824
f 2288/3266/1847 970/3288/1857 2289/3297/1861
f 2288/3266/1847 2290/3292/1860 1651/3295/1851
f 2288/3266/1847 2289/3293/1861 2290/3292/1860
f 2289/3297/1861 970/3288/1857 968/3298/1859
f 2861/3299/1862 2289/3300/1861 974/3301/1863
f 968/3298/1859 974/3302/1863 2289/3297/1861
f 1623/3303/1864 1597/3304/1865 1622/3305/1866
f 1626/3306/1867 1597/3304/1865 1623/3303/1864
f 1215/3307/1868 1623/3303/1864 1622/3305/1866
f 1627/3308/1822 1218/3309/1823 1215/3310/1868
f 1218/3309/1823 1623/3311/1864 1215/3310/1868
f 1218/3228/1823 1626/3306/1867 1623/3303/1864
f 1218/3228/1823 1645/3312/1869 1626/3306/1867
f 1648/3229/1824 2293/3313/1870 1218/3228/1823
f 1667/3314/1871 2295/3315/1872 1643/3316/1873
f 1642/3317/1874 1643/3318/1873 1641/3319/1875
f 1642/3317/1874 1667/3320/1871 1643/3318/1873
f 2295/3315/1872 1158/3321/1876 1643/3316/1873
f 1641/3319/1875 1643/3318/1873 1076/3322/1877
f 1641/3319/1875 1076/3322/1877 1639/3323/1878
f 1643/3318/1873 1720/3324/1879 1076/3322/1877
f 1158/3321/1876 1720/3325/1879 1643/3316/1873
f 1641/3319/1875 1639/3323/1878 1078/3326/1880
f 1158/3321/1876 749/3327/1881 1720/3325/1879
f 1156/3328/1882 1158/3321/1876 2295/3315/1872
f 1720/3324/1879 1638/3329/1883 1076/3322/1877
f 1720/3325/1879 749/3327/1881 1721/3330/1884
f 1076/3322/1877 1638/3329/1883 1637/3331/1885
f 1720/3325/1879 1721/3330/1884 1638/3332/1883
f 1721/3330/1884 1640/3333/1886 1638/3332/1883
f 1637/3334/1885 1638/3335/1883 1070/3336/1887
f 2862/3213/1810 1719/3337/1888 2294/3338/1889
f 1667/3339/1871 1719/3340/1888 2295/3315/1872
f 1667/3341/1871 2294/3342/1889 1719/3343/1888
f 750/3344/1890 749/3327/1881 1158/3321/1876
f 749/3345/1881 631/3346/1891 1721/3347/1884
f 631/3346/1891 748/3348/1892 1721/3347/1884
f 748/3348/1892 1159/3349/1893 1721/3347/1884
f 1721/3350/1884 1159/3349/1893 1640/3351/1886
f 1644/3352/1894 1641/3319/1875 1596/3353/1895
f 1596/3353/1895 1641/3319/1875 1077/3354/1896
f 1077/3354/1896 1641/3319/1875 1078/3326/1880
f 1077/3355/1896 1071/3356/1897 1596/3357/1895
f 1078/3358/1880 1639/3359/1878 1077/3355/1896
f 2996/3208/1806 3012/3360/1898 2862/3214/1810
f 2290/3292/1860 2861/3294/1862 1648/3296/1824
f 1648/3296/1824 2861/3294/1862 2291/3361/1899
f 2293/3313/1870 1645/3312/1869 1218/3228/1823
f 2291/3361/1899 2292/3362/1809 1722/3363/1900
f 2293/3364/1870 1648/3296/1824 2291/3361/1899
f 2291/3365/1899 975/3210/1808 2292/3212/1809
f 2293/3364/1870 2291/3361/1899 1722/3363/1900
f 2293/3366/1870 1722/3367/1900 1645/3368/1869
f 2861/3299/1862 975/3210/1808 2291/3365/1899
f 1626/3306/1867 1644/3352/1894 1597/3304/1865
f 1626/3306/1867 1642/3317/1874 1644/3352/1894
f 1644/3352/1894 1642/3317/1874 1641/3319/1875
f 1626/3306/1867 1645/3312/1869 1722/3369/1900
f 1626/3306/1867 1722/3369/1900 1642/3317/1874
f 2292/3362/1809 1642/3370/1874 1722/3363/1900
f 2292/3362/1809 2294/3342/1889 1642/3370/1874
f 1642/3370/1874 2294/3342/1889 1667/3341/1871
f 2862/3371/1810 2294/3342/1889 2292/3362/1809
f 1640/3372/1886 1075/3373/1901 1638/3329/1883
f 1159/3349/1893 746/3374/1902 1075/3375/1901
f 1159/3349/1893 1075/3375/1901 1640/3351/1886
f 634/3376/1903 1157/3377/1904 1155/3378/1905
f 1752/3379/1906 1747/3199/1800 2575/3198/1799
f 1750/3380/1907 977/3381/1908 2940/3382/1909
f 1750/3383/1907 1752/3384/1906 977/3385/1908
f 1748/3386/1910 1752/3384/1906 1750/3383/1907
f 3012/3360/1898 1750/3380/1907 2940/3382/1909
f 1752/3384/1906 1748/3386/1910 1747/3387/1800
f 977/3388/1908 1153/3389/1911 2940/3390/1909
f 1153/3389/1911 2295/3391/1872 1719/3392/1888
f 2940/3393/1909 1719/3337/1888 2862/3213/1810
f 2940/3390/1909 1153/3389/1911 1719/3392/1888
f 1153/3389/1911 1156/3394/1882 2295/3391/1872
f 1153/3389/1911 1157/3377/1904 1156/3394/1882
f 1156/3394/1882 1157/3377/1904 1158/3395/1876
f 1157/3377/1904 749/3396/1881 750/3397/1890
f 1158/3395/1876 1157/3377/1904 750/3397/1890
f 1748/3386/1910 2418/3398/1912 1747/3387/1800
f 1747/3387/1800 2418/3398/1912 1746/3204/1804
f 1747/3387/1800 1746/3204/1804 3066/3206/1801
f 2417/3399/1913 2418/3400/1912 1748/3401/1910
f 2418/3402/1912 3115/3403/1813 1746/3404/1804
f 2862/3214/1810 3012/3360/1898 2940/3382/1909
f 1473/3405/1914 1474/3406/1915 2417/3407/1913
f 1474/3406/1915 1475/3408/1916 2417/3407/1913
f 1473/3409/1914 2417/3399/1913 1748/3401/1910
f 2418/3410/1912 1475/3408/1916 3115/3411/1813
f 2417/3407/1913 1475/3408/1916 2418/3410/1912
f 2600/3412/1917 2602/3413/1918 2601/3414/1919
f 2601/3414/1919 2602/3413/1918 2300/3415/1920
f 2300/3416/1920 2304/3417/1921 983/3418/1922
f 2602/3419/1918 2304/3417/1921 2300/3416/1920
f 2601/3420/1919 2300/3416/1920 2301/3421/1923
f 983/3418/1922 980/3422/1924 2300/3416/1920
f 2182/3423/1925 2598/3424/1926 2180/2951/1646
f 2180/2922/1646 3176/2921/1645 2182/3425/1925
f 3176/3426/1645 2306/3427/1927 2182/3428/1925
f 2175/3429/1928 2180/2951/1646 2598/3424/1926
f 2181/3430/1929 2598/3431/1926 2605/3432/1930
f 2598/3431/1926 2306/3427/1927 2605/3432/1930
f 2598/3431/1926 2182/3428/1925 2306/3427/1927
f 2498/3433/1931 2605/3432/1930 2600/3412/1917
f 2600/3412/1917 2605/3432/1930 2602/3413/1918
f 2605/3432/1930 2303/3434/1932 2602/3413/1918
f 2304/3417/1921 985/3435/1933 983/3418/1922
f 2303/3436/1932 2304/3417/1921 2602/3419/1918
f 2131/2579/1462 2175/3429/1928 2128/2580/1463
f 2128/2580/1463 2181/3437/1929 2129/2582/1465
f 2175/3429/1928 2181/3437/1929 2128/2580/1463
f 2131/2579/1462 2180/2951/1646 2175/3429/1928
f 2181/3437/1929 2497/3438/1492 2129/2582/1465
f 2175/3429/1928 2598/3424/1926 2181/3437/1929
f 2497/3439/1492 2181/3430/1929 2605/3432/1930
f 2497/3439/1492 2605/3432/1930 2498/3433/1931
f 2496/3440/1934 2499/3441/1935 2502/2598/1473
f 2501/2600/1475 2496/3440/1934 2502/2598/1473
f 987/3442/1936 2460/3443/1481 2375/3444/1937
f 2422/3445/1485 2421/3446/1938 2423/3447/1939
f 2494/2611/1484 2493/3448/1940 2421/3449/1938
f 2493/3448/1940 2502/2598/1473 2424/3450/1941
f 2494/2611/1484 2421/3449/1938 2422/2612/1485
f 2494/2611/1484 2502/2598/1473 2493/3448/1940
f 2421/3446/1938 2426/3451/1942 2425/3452/1943
f 2424/3453/1941 2499/3454/1935 2426/3451/1942
f 2421/3455/1938 2425/3456/1943 2307/3457/1944
f 2493/3458/1940 2424/3453/1941 2426/3451/1942
f 2502/2598/1473 2499/3441/1935 2424/3450/1941
f 2493/3458/1940 2426/3451/1942 2421/3446/1938
f 2499/3459/1935 2599/3460/1945 2426/3461/1942
f 2496/3462/1934 2600/3412/1917 2599/3460/1945
f 2496/3462/1934 2599/3460/1945 2499/3459/1935
f 2599/3460/1945 2600/3412/1917 2601/3414/1919
f 2422/3463/1485 2378/3464/1487 2379/3465/1483
f 2422/3463/1485 2307/3466/1944 2378/3464/1487
f 2422/3463/1485 2423/3467/1939 2307/3466/1944
f 2307/3466/1944 2297/3468/1946 2378/3464/1487
f 2421/3446/1938 2307/3469/1944 2423/3447/1939
f 2307/3466/1944 2425/3470/1943 2302/3471/1947
f 2307/3466/1944 2302/3471/1947 2297/3468/1946
f 2373/3472/1489 2377/2622/1488 2296/2621/1490
f 2297/3468/1946 2296/3473/1490 2378/3464/1487
f 2378/3474/1487 2296/2621/1490 2376/2623/1486
f 2298/3475/1948 2373/3472/1489 2296/2621/1490
f 2297/3468/1946 2298/3476/1948 2296/3473/1490
f 2302/3471/1947 2298/3476/1948 2297/3468/1946
f 2298/3475/1948 2374/3477/1491 2373/3472/1489
f 2302/3471/1947 2301/3421/1923 2298/3476/1948
f 2298/3476/1948 2301/3421/1923 2299/3478/1949
f 2298/3476/1948 2299/3478/1949 2374/3479/1491
f 2299/3478/1949 2375/3480/1937 2374/3479/1491
f 2299/3478/1949 987/3481/1936 2375/3480/1937
f 980/3482/1924 979/3483/1950 987/3442/1936
f 2299/3478/1949 980/3422/1924 987/3481/1936
f 987/3442/1936 979/3483/1950 2460/3443/1481
f 2426/3461/1942 2599/3460/1945 2302/3484/1947
f 2302/3471/1947 2601/3420/1919 2301/3421/1923
f 2426/3461/1942 2302/3484/1947 2425/3456/1943
f 2599/3460/1945 2601/3414/1919 2302/3484/1947
f 2301/3421/1923 2300/3416/1920 2299/3478/1949
f 2300/3416/1920 980/3422/1924 2299/3478/1949
f 2497/3438/1492 2081/2584/1467 2129/2582/1465
f 2496/3440/1934 2501/2600/1475 2495/3485/1951
f 2495/3485/1951 2497/2627/1492 2498/3486/1931
f 2501/2600/1475 2497/2627/1492 2495/3485/1951
f 2495/3487/1951 2498/3433/1931 2600/3412/1917
f 2495/3487/1951 2600/3412/1917 2496/3462/1934
f 2273/3488/1006 2272/3489/1005 2276/3490/1952
f 2272/3489/1005 1738/1769/1007 2276/3490/1952
f 1464/3491/1953 1437/3492/1954 2263/3493/1955
f 2276/3490/1952 2271/1768/1010 1464/3494/1953
f 2276/3490/1952 1464/3494/1953 2263/3495/1955
f 1464/3494/1953 1400/3496/1956 1437/3497/1954
f 1400/3498/1956 1402/3499/1957 1437/3500/1954
f 1738/1769/1007 2271/1768/1010 2276/3490/1952
f 2271/1768/1010 1400/3496/1956 1464/3494/1953
f 681/3037/1015 2855/1776/1014 2277/1783/1013
f 1462/3501/1958 2264/3502/1959 2266/1803/1025
f 2264/3503/1959 1461/2652/1507 2269/2651/1506
f 2264/3503/1959 1462/3504/1958 1461/2652/1507
f 1462/3504/1958 1463/3505/1960 1461/2652/1507
f 1461/2652/1507 1463/3505/1960 1424/1464/820
f 681/1778/1015 2268/3506/1510 680/3507/1708
f 2268/2656/1510 679/2658/1512 680/3508/1708
f 731/2661/1513 678/2663/1516 679/3509/1512
f 2267/1802/1004 2276/3490/1952 1462/3501/1958
f 2267/1802/1004 2273/3488/1006 2276/3490/1952
f 2267/1802/1004 1462/3501/1958 2266/1803/1025
f 2276/3490/1952 2263/3495/1955 1462/3501/1958
f 1462/3501/1958 2263/3495/1955 1463/3510/1960
f 2263/3493/1955 1437/3492/1954 1463/3505/1960
f 1463/3505/1960 1437/3492/1954 1460/1471/826
f 1463/3505/1960 1460/1471/826 1424/1464/820
f 2275/1784/1017 2266/1803/1025 2268/3506/1510
f 2268/3506/1510 2266/1803/1025 732/3511/1511
f 2275/1784/1017 2268/3506/1510 681/1778/1015
f 732/3511/1511 2264/3502/1959 2269/3512/1506
f 2266/1803/1025 2264/3502/1959 732/3511/1511
f 2271/1768/1010 2265/1840/1055 1403/3513/1961
f 2271/1768/1010 1403/3513/1961 1400/3496/1956
f 1400/3514/1956 1436/1490/844 1402/3515/1957
f 1432/3516/1962 1435/3517/1963 1429/1476/830
f 1432/3516/1962 1429/1476/830 1440/1478/832
f 1428/3518/1964 1438/1477/831 1429/1476/830
f 1400/3514/1956 1403/3519/1961 1436/1490/844
f 1404/3520/1965 1432/3516/1962 1403/3519/1961
f 1403/3519/1961 1432/3516/1962 1436/1490/844
f 1436/1490/844 1432/3516/1962 1440/1478/832
f 2262/3521/1966 1405/3522/1967 2366/3523/1968
f 1405/3524/1967 1994/3525/1969 2366/3526/1968
f 2366/3527/1968 1429/3528/830 1435/3529/1963
f 1405/3524/1967 1406/3530/1970 1994/3525/1969
f 2260/1808/1029 1406/3531/1970 1405/3532/1967
f 1406/3533/1970 1993/3534/1031 1407/3535/1971
f 1993/3536/1031 1995/3537/1972 1407/3538/1971
f 1993/1810/1031 1896/1809/1030 1408/3539/1973
f 2260/1808/1029 1993/1810/1031 1406/3531/1970
f 1993/3536/1031 1408/3540/1973 1995/3537/1972
f 1460/1471/826 1437/3492/1954 1436/1490/844
f 1437/3492/1954 1402/3515/1957 1436/1490/844
f 2265/1840/1055 1401/3541/1974 1403/3513/1961
f 1403/3542/1961 1401/3543/1974 1404/3544/1965
f 1404/3520/1965 1435/3517/1963 1432/3516/1962
f 2262/3521/1966 2366/3523/1968 1435/3545/1963
f 1401/3543/1974 2262/3521/1966 1404/3544/1965
f 2262/3521/1966 1435/3545/1963 1404/3544/1965
f 1401/3541/1974 2261/1839/1054 2262/3546/1966
f 2265/1840/1055 2261/1839/1054 1401/3541/1974
f 2261/1839/1054 1405/3532/1967 2262/3546/1966
f 2261/1839/1054 2260/1808/1029 1405/3532/1967
f 2006/3547/1072 1189/3548/1975 1197/3549/1976
f 1197/3550/1976 1189/3551/1975 1995/3537/1972
f 2006/3547/1072 1188/3552/1977 1189/3548/1975
f 1896/1859/1030 1899/1861/1061 1408/3553/1973
f 1899/3554/1061 1995/3537/1972 1408/3540/1973
f 1899/3554/1061 1197/3555/1976 1995/3537/1972
f 2006/3556/1072 1197/3555/1976 1899/3554/1061
f 1909/1868/1066 1897/1883/1073 1900/3557/1978
f 1192/3558/1979 1188/3552/1977 1897/3559/1073
f 1897/3559/1073 1188/3552/1977 1900/3560/1978
f 1909/1868/1066 1900/3557/1978 2006/1882/1072
f 1900/3560/1978 1188/3552/1977 2006/3547/1072
f 1903/3561/748 1187/3562/1980 1904/3563/1074
f 1904/3563/1074 1187/3562/1980 1192/3558/1979
f 1897/3559/1073 1904/3563/1074 1192/3558/1979
f 1195/3564/1075 1187/3562/1980 1903/3561/748
f 136/3565/256 2799/3566/1981 2783/3567/257
f 2799/3568/1981 2785/3569/260 2783/3570/257
f 135/3571/264 2799/3566/1981 136/3565/256
f 138/3572/265 2875/3573/1982 135/3574/264
f 2820/3575/1983 2799/3566/1981 135/3571/264
f 2875/3576/1982 2820/3575/1983 135/3571/264
f 1113/3577/1984 2875/3573/1982 138/3572/265
f 2820/3575/1983 2875/3576/1982 1113/3578/1984
f 1113/3577/1984 386/3579/267 2872/2646/1502
f 386/3579/267 1113/3577/1984 138/3572/265
f 2873/2643/1501 1113/3577/1984 2872/2646/1502
f 1096/3580/1985 2873/3581/1501 2874/3582/434
f 2873/3581/1501 1096/3580/1985 1113/3583/1984
f 2872/2646/1502 386/3579/267 120/3584/268
f 384/2644/270 2872/2646/1502 120/3584/268
f 2078/3585/60 2077/3586/1505 2874/3587/434
f 2077/3588/1505 1096/3580/1985 2874/3582/434
f 2077/3588/1505 1089/3589/1986 1096/3580/1985
f 2764/3590/1987 2745/1268/711 2770/3591/1988
f 2820/3575/1983 2764/3590/1987 2770/3591/1988
f 2770/3591/1988 2784/3592/1989 2799/3566/1981
f 2820/3575/1983 2770/3591/1988 2799/3566/1981
f 1098/3593/1990 2820/3575/1983 1113/3578/1984
f 2784/3592/1989 2785/3594/260 2799/3566/1981
f 2784/3592/1989 2801/2919/338 2785/3594/260
f 2719/3595/1991 2752/1298/732 2716/3596/1992
f 2205/3597/1993 2203/3598/1994 2226/3599/1995
f 2105/3600/1996 2104/3601/1997 2203/3598/1994
f 2738/3602/1998 2716/3596/1992 2723/3603/1999
f 2738/3602/1998 2703/3604/2000 2716/3596/1992
f 1101/3605/2001 2747/3606/2002 2738/3602/1998
f 2774/1275/715 2787/1271/712 2745/1268/711
f 2745/1268/711 2788/1226/696 2784/3592/1989
f 2787/1271/712 2818/1269/700 2745/1268/711
f 2205/3597/1993 2226/3599/1995 2119/3607/2003
f 1101/3605/2001 2738/3602/1998 1115/3608/2004
f 1097/3609/2005 1101/3610/2001 1115/3611/2004
f 1097/3609/2005 1115/3611/2004 1100/3612/2006
f 2071/3613/2007 1092/3614/2008 1090/3615/2009
f 1091/3616/2010 2108/3617/2011 1093/3618/2012
f 2140/3619/2013 2125/3620/2014 2108/3617/2011
f 2071/3613/2007 1091/3621/2010 1092/3614/2008
f 2140/3619/2013 2108/3617/2011 1091/3621/2010
f 1102/3622/2015 1101/3610/2001 1097/3609/2005
f 1095/3623/2016 1097/3609/2005 1100/3612/2006
f 2108/3617/2011 1095/3624/2016 2746/3625/2017
f 2108/3617/2011 2109/3626/2018 1095/3624/2016
f 2125/3620/2014 2109/3626/2018 2108/3617/2011
f 2109/3626/2018 2214/3627/2019 1095/3624/2016
f 2214/3627/2019 1097/3628/2005 1095/3624/2016
f 2214/3627/2019 1102/3629/2015 1097/3628/2005
f 2204/3630/2020 2214/3627/2019 2109/3626/2018
f 2109/3626/2018 2110/3631/2021 2204/3630/2020
f 2110/3631/2021 2119/3607/2003 2204/3630/2020
f 2723/3603/1999 2794/1297/731 2767/3632/2022
f 2767/3632/2022 2794/1297/731 2774/1275/715
f 2724/3633/2023 2774/1275/715 2745/1268/711
f 2724/3633/2023 2767/3632/2022 2774/1275/715
f 1099/3634/2024 2767/3632/2022 2724/3633/2023
f 2716/3596/1992 2752/1298/732 2794/1297/731
f 2716/3596/1992 2794/1297/731 2723/3603/1999
f 2764/3590/1987 2724/3633/2023 2745/1268/711
f 2769/3635/2025 2724/3633/2023 2764/3590/1987
f 2770/3591/1988 2745/1268/711 2784/3592/1989
f 1096/3580/1985 1094/3636/2026 1098/3637/1990
f 1094/3636/2026 2769/3638/2025 1098/3637/1990
f 1098/3639/1990 2764/3590/1987 2820/3575/1983
f 1098/3639/1990 2769/3635/2025 2764/3590/1987
f 1096/3580/1985 1098/3637/1990 1113/3583/1984
f 1089/3589/1986 1094/3636/2026 1096/3580/1985
f 1089/3589/1986 1090/3640/2009 1094/3636/2026
f 2072/2649/1504 1090/3615/2009 1089/3641/1986
f 2071/3613/2007 1090/3615/2009 2072/2649/1504
f 1094/3642/2026 2724/3633/2023 2769/3635/2025
f 1093/3643/2012 1099/3644/2024 1094/3636/2026
f 2738/3602/1998 2723/3603/1999 1100/3645/2006
f 1094/3642/2026 1099/3634/2024 2724/3633/2023
f 2746/3646/2017 2723/3603/1999 1099/3634/2024
f 1115/3608/2004 2738/3602/1998 1100/3645/2006
f 2723/3603/1999 2767/3632/2022 1099/3634/2024
f 1100/3645/2006 2723/3603/1999 2746/3646/2017
f 2746/3647/2017 1099/3644/2024 1093/3643/2012
f 1092/3648/2008 1093/3643/2012 1094/3636/2026
f 2108/3617/2011 2746/3625/2017 1093/3618/2012
f 1090/3640/2009 1092/3648/2008 1094/3636/2026
f 1091/3616/2010 1093/3618/2012 1092/3649/2008
f 1095/3623/2016 1100/3612/2006 2746/3647/2017
f 2784/3592/1989 2788/1226/696 2801/2919/338
f 2611/3650/1665 2388/3651/1662 2396/3652/2027
f 2611/3650/1665 2391/3653/1664 2735/3654/1663
f 2611/3650/1665 2735/3654/1663 2388/3651/1662
f 2397/3655/2028 2390/3656/2029 2734/3657/1792
f 2708/2964/1668 2396/3652/2027 2733/3658/2030
f 2708/2964/1668 2611/3650/1665 2396/3652/2027
f 2707/2970/1670 2708/2964/1668 2734/3182/1792
f 2734/3182/1792 2708/2964/1668 2393/3659/2031
f 2708/2964/1668 2733/3658/2030 2393/3659/2031
f 2744/3660/2032 2709/3116/1753 2731/3661/2033
f 2713/3190/1798 2692/3188/1796 2744/3660/2032
f 2744/3660/2032 2692/3188/1796 2709/3116/1753
f 2626/3662/2034 2625/3663/1791 2731/3661/2033
f 1135/2342/1312 1136/3179/1790 1140/3664/2035
f 2189/3665/1311 1136/3179/1790 1135/2342/1312
f 2626/3662/2034 2731/3661/2033 2755/3113/1746
f 2624/3191/1623 2713/3190/1798 2744/3660/2032
f 1140/3666/2035 2625/3180/1791 2626/3667/2034
f 2624/3191/1623 2744/3660/2032 2625/3663/1791
f 2625/3663/1791 2744/3660/2032 2731/3661/2033
f 1136/3181/1790 2625/3180/1791 1140/3666/2035
f 2709/3116/1753 2694/3189/1797 2693/3114/1751
f 1135/2342/1312 1140/3664/2035 1133/2340/1317
f 1140/3666/2035 2626/3667/2034 1133/3668/1317
f 2731/3661/2033 2709/3116/1753 2737/3111/1749
f 2627/3105/1318 2626/3667/2034 2755/3106/1746
f 1133/3668/1317 2626/3667/2034 2627/3105/1318
f 2731/3661/2033 2737/3111/1749 2754/3110/1748
f 2755/3113/1746 2731/3661/2033 2754/3110/1748
f 2720/3127/1760 2789/3669/2036 2806/3670/2037
f 2793/3671/2038 2807/3672/2039 2789/3669/2036
f 2789/3669/2036 2807/3672/2039 2806/3670/2037
f 2802/3673/2040 2803/3674/2041 851/3675/2042
f 2802/3673/2040 851/3675/2042 2824/3676/2043
f 2779/3132/1765 2780/3133/1766 2789/3669/2036
f 2681/3125/1758 2795/3134/1767 2682/3123/1757
f 2786/3135/1768 2806/3670/2037 2803/3674/2041
f 2786/3135/1768 2802/3673/2040 2696/3130/1763
f 2720/3127/1760 2806/3670/2037 2786/3135/1768
f 2779/3132/1765 2789/3669/2036 2720/3127/1760
f 2786/3135/1768 2803/3674/2041 2802/3673/2040
f 2757/3677/2044 2777/3678/2045 2685/3679/2046
f 2778/3680/2047 2777/3678/2045 2757/3677/2044
f 2685/3679/2046 2705/3144/1774 2757/3677/2044
f 2704/3156/1779 2705/3144/1774 2685/3679/2046
f 2686/3681/2048 2757/3677/2044 2705/3144/1774
f 2800/3682/2049 2751/3683/2050 2796/3684/2051
f 2751/3683/2050 2800/3682/2049 2680/3148/1777
f 2705/3144/1774 2704/3156/1779 2715/3146/1775
f 2758/3149/1778 2680/3148/1777 2729/3147/1776
f 2758/3149/1778 2751/3683/2050 2680/3148/1777
f 2704/3156/1779 2751/3683/2050 2758/3149/1778
f 2704/3156/1779 2685/3679/2046 2792/3685/2052
f 2704/3156/1779 2792/3685/2052 2751/3683/2050
f 2805/3686/2053 2685/3679/2046 2777/3678/2045
f 2710/3115/1752 2691/3687/2054 2688/3159/1780
f 2694/3189/1797 2690/3688/2055 2693/3114/1751
f 2693/3114/1751 2690/3688/2055 2710/3115/1752
f 2690/3688/2055 2691/3687/2054 2710/3115/1752
f 2691/3687/2054 2689/3689/2056 2688/3159/1780
f 2691/3687/2054 2748/3690/2057 2689/3689/2056
f 2762/3691/2058 2773/3692/2059 2778/3680/2047
f 2817/3693/2060 2778/3680/2047 2773/3692/2059
f 2762/3691/2058 2778/3680/2047 2757/3677/2044
f 2762/3691/2058 2757/3677/2044 2686/3681/2048
f 2687/3174/1787 2686/3681/2048 2706/3175/1788
f 2706/3175/1788 2686/3681/2048 2705/3144/1774
f 2689/3689/2056 2762/3691/2058 2686/3681/2048
f 2688/3159/1780 2689/3689/2056 2687/3174/1787
f 2689/3689/2056 2748/3690/2057 2762/3691/2058
f 2748/3690/2057 2773/3692/2059 2762/3691/2058
f 2689/3689/2056 2686/3681/2048 2687/3174/1787
f 2597/3694/1706 2604/3695/2061 3173/3696/1707
f 2593/3697/2062 671/3698/2063 2604/3695/2061
f 3420/3699/1702 1699/3700/1703 2594/3701/2064
f 1699/3700/1703 1701/3702/2065 2596/3703/2066
f 1699/3700/1703 2596/3703/2066 2594/3701/2064
f 674/3704/1704 1701/3702/2065 1699/3700/1703
f 674/3704/1704 1276/3705/1710 1701/3702/2065
f 3420/3706/1702 2594/3707/2064 2593/3697/2062
f 3420/3706/1702 2593/3697/2062 2597/3694/1706
f 2597/3694/1706 2593/3697/2062 2604/3695/2061
f 1701/3702/2065 1700/3708/2067 2596/3703/2066
f 2596/3709/2066 1700/3710/2067 2595/3711/2068
f 2878/3712/2069 1700/3708/2067 1701/3702/2065
f 2595/3711/2068 2594/3707/2064 2596/3709/2066
f 1702/3713/2070 2877/3714/2071 1700/3708/2067
f 665/3715/2072 670/3716/2073 669/3717/2074
f 2594/3707/2064 670/3718/2073 2592/3719/2075
f 2594/3707/2064 2595/3711/2068 670/3718/2073
f 2593/3697/2062 2592/3719/2075 671/3698/2063
f 2594/3707/2064 2592/3719/2075 2593/3697/2062
f 665/3715/2072 668/3720/2076 2479/3721/2077
f 665/3715/2072 669/3717/2074 668/3720/2076
f 2592/3722/2075 665/3715/2072 671/3723/2063
f 2592/3722/2075 670/3716/2073 665/3715/2072
f 3423/2953/1659 3173/3031/1707 3174/2954/1660
f 2595/3724/2068 2876/3725/2078 670/3716/2073
f 1700/3710/2067 2876/3726/2078 2595/3711/2068
f 1702/3727/2070 2876/3728/2078 666/3729/2079
f 1700/3710/2067 666/3730/2079 2876/3726/2078
f 2877/3731/2071 666/3730/2079 1700/3710/2067
f 1545/3732/1709 1275/3733/2080 1544/3734/2081
f 1275/3733/2080 1546/3735/2082 1544/3734/2081
f 1275/3733/2080 1549/3736/1521 1546/3735/2082
f 1549/3736/1521 1272/3737/1520 1546/3735/2082
f 1273/2695/1522 1547/2697/1535 1272/3738/1520
f 1272/3737/1520 1547/3739/1535 1546/3735/2082
f 1546/3735/2082 1548/3740/2083 1544/3734/2081
f 1544/3741/2081 1548/3742/2083 2473/3743/2084
f 2469/3744/2085 2470/3745/2086 1548/3742/2083
f 1546/3735/2082 2673/3746/2087 1548/3740/2083
f 1548/3742/2083 2470/3745/2086 2473/3743/2084
f 1548/3742/2083 2673/3747/2087 2469/3744/2085
f 2667/3748/2088 770/3749/2089 1352/3750/2090
f 2468/3751/2091 2667/3748/2088 1352/3750/2090
f 777/2769/1578 775/3752/2092 768/3753/1571
f 2671/2762/1572 768/2761/1571 2667/3754/2088
f 2667/3755/2088 768/3756/1571 770/3757/2089
f 1351/3758/2093 1352/3759/2090 1356/3760/650
f 1166/3761/649 1351/3758/2093 1356/3760/650
f 1166/3761/649 1358/3762/648 1351/3758/2093
f 771/3763/2094 767/3764/2095 1353/1115/640
f 2672/3765/1590 2407/3766/2096 2673/3747/2087
f 1356/3767/650 769/3768/2097 2667/3748/2088
f 770/3769/2089 775/3752/2092 769/3770/2097
f 775/3752/2092 767/3771/2095 769/3770/2097
f 2673/3747/2087 2407/3766/2096 2468/3772/2091
f 768/3753/1571 775/3752/2092 770/3769/2089
f 1353/1115/640 1356/3760/650 771/3763/2094
f 2673/3747/2087 2468/3772/2091 2469/3744/2085
f 775/3752/2092 778/3773/2098 767/3771/2095
f 2671/2762/1572 2667/3754/2088 2672/3765/1590
f 2672/3765/1590 2667/3754/2088 2407/3766/2096
f 771/3774/2094 1356/3767/650 2468/3751/2091
f 2407/3775/2096 769/3776/2097 771/3777/2094
f 1356/3760/650 1352/3759/2090 769/3778/2097
f 769/3770/2097 767/3771/2095 771/3779/2094
f 2407/3780/2096 771/3781/2094 2468/3782/2091
f 2407/3775/2096 2667/3755/2088 769/3776/2097
f 1356/3767/650 2667/3748/2088 2468/3751/2091
f 1352/3759/2090 770/3783/2089 769/3778/2097
f 777/2769/1578 778/3773/2098 775/3752/2092
f 2553/3784/2099 2555/3785/2100 1581/3786/2101
f 1581/3786/2101 2555/3785/2100 1304/3787/2102
f 2555/3785/2100 2554/3788/2103 1304/3787/2102
f 1353/1203/640 778/3773/2098 774/1175/679
f 767/3771/2095 778/3773/2098 1353/1203/640
f 793/3789/2104 2543/3790/2105 792/3791/2106
f 792/3791/2106 2543/3790/2105 2555/3785/2100
f 2547/3792/2107 2543/3790/2105 793/3789/2104
f 2666/2770/1573 777/2769/1578 768/3753/1571
f 777/2769/1578 2547/3793/2107 778/3773/2098
f 2547/3793/2107 793/3794/2104 778/3773/2098
f 2542/3795/2108 2547/3792/2107 2549/3796/2109
f 2547/3792/2107 2540/3797/2110 2543/3790/2105
f 2547/3792/2107 2542/3795/2108 2540/3797/2110
f 2543/3790/2105 2552/3798/2111 2555/3785/2100
f 683/2794/1525 2672/2804/1590 1547/3739/1535
f 2672/2804/1590 2673/3746/2087 1547/3739/1535
f 1547/3739/1535 2673/3746/2087 1546/3735/2082
f 2534/3799/2112 1448/3800/868 2512/3801/867
f 2514/3802/2113 2515/3803/2114 2513/3804/2115
f 2514/3805/2113 2534/3799/2112 2515/3806/2114
f 2515/3803/2114 2512/3807/867 1606/3808/2116
f 2534/3799/2112 2512/3801/867 2515/3806/2114
f 2515/3803/2114 1606/3808/2116 2513/3804/2115
f 1606/3808/2116 2508/3809/2117 2513/3804/2115
f 2512/1541/867 1613/1540/869 1606/3810/2116
f 2513/3804/2115 2508/3809/2117 2516/3811/2118
f 2510/3812/2119 1606/3810/2116 1604/3813/2120
f 2230/3814/2121 1788/3815/1432 1789/3816/2122
f 2230/3814/2121 1504/3817/1433 1788/3815/1432
f 2511/3818/2123 2507/3819/2124 2513/3804/2115
f 2511/3818/2123 2509/3820/2125 2506/3821/2126
f 2511/3818/2123 2506/3821/2126 2230/3822/2121
f 1504/3823/1433 2230/3824/2121 2506/3825/2126
f 2513/3804/2115 2509/3820/2125 2511/3818/2123
f 2230/3826/2121 2507/3819/2124 2511/3818/2123
f 1769/3827/2127 2863/3828/2128 2507/3819/2124
f 2506/3825/2126 1927/3829/2129 1504/3823/1433
f 1414/2511/1411 1504/3830/1433 1927/3831/2129
f 568/3832/2130 1208/3833/2131 582/3834/2132
f 576/3835/2133 567/3836/2134 1208/3833/2131
f 576/3835/2133 1208/3833/2131 568/3832/2130
f 1926/3837/2135 1209/3838/2136 1927/3829/2129
f 1926/3837/2135 1203/3839/2137 1209/3838/2136
f 1926/3837/2135 568/3840/2130 1203/3839/2137
f 2506/3825/2126 1926/3837/2135 1927/3829/2129
f 1926/3841/2135 576/3835/2133 568/3832/2130
f 2506/3821/2126 2509/3820/2125 1926/3842/2135
f 2509/3820/2125 581/3843/2138 1926/3842/2135
f 581/3844/2138 576/3835/2133 1926/3841/2135
f 2509/3820/2125 2517/3845/2139 581/3843/2138
f 581/3844/2138 2517/3846/2139 576/3835/2133
f 564/3847/2140 566/3848/2141 567/3836/2134
f 1208/3833/2131 467/3849/2142 469/3850/2143
f 467/3851/2142 466/3852/2144 468/3853/2145
f 567/3836/2134 467/3849/2142 1208/3833/2131
f 567/3836/2134 566/3848/2141 467/3849/2142
f 566/3854/2141 466/3852/2144 467/3851/2142
f 578/3855/2146 564/3847/2140 567/3836/2134
f 2517/3846/2139 567/3836/2134 576/3835/2133
f 578/3855/2146 567/3836/2134 2517/3846/2139
f 2509/3820/2125 2516/3811/2118 2517/3845/2139
f 2513/3804/2115 2516/3811/2118 2509/3820/2125
f 562/3856/2147 564/3847/2140 578/3855/2146
f 2517/3845/2139 562/3857/2147 578/3858/2146
f 2516/3811/2118 562/3857/2147 2517/3845/2139
f 2516/3811/2118 2508/3809/2117 562/3857/2147
f 562/3856/2147 577/3859/2148 564/3847/2140
f 1688/3860/2149 580/3861/2150 2518/3862/2151
f 1688/3860/2149 2518/3862/2151 1694/3863/2152
f 562/3857/2147 2518/3864/2151 577/3865/2148
f 573/3866/2153 561/3867/2154 579/3868/2155
f 2518/3864/2151 562/3857/2147 2508/3809/2117
f 1688/3860/2149 573/3869/2153 579/3870/2155
f 1688/3860/2149 579/3870/2155 580/3861/2150
f 2508/3809/2117 2510/3871/2119 2518/3864/2151
f 573/3866/2153 559/3872/2156 561/3867/2154
f 577/3859/2148 579/3868/2155 561/3867/2154
f 2510/3812/2119 1694/3873/2152 2518/3874/2151
f 2518/3864/2151 580/3875/2150 577/3865/2148
f 580/3876/2150 579/3868/2155 577/3859/2148
f 564/3847/2140 565/3877/2157 566/3848/2141
f 561/3867/2154 564/3847/2140 577/3859/2148
f 561/3867/2154 565/3877/2157 564/3847/2140
f 569/3878/2158 565/3877/2157 561/3867/2154
f 560/3879/2159 452/3880/2160 561/3867/2154
f 452/3880/2160 569/3878/2158 561/3867/2154
f 560/3879/2159 561/3867/2154 559/3872/2156
f 565/3881/2157 463/3882/2161 566/3854/2141
f 566/3854/2141 463/3882/2161 466/3852/2144
f 569/3878/2158 465/3883/2162 565/3877/2157
f 1698/3884/2163 559/3885/2156 573/3869/2153
f 1698/3884/2163 573/3869/2153 1688/3860/2149
f 1696/3886/2164 645/3887/2165 1688/3860/2149
f 645/3887/2165 1698/3884/2163 1688/3860/2149
f 2863/3828/2128 2513/3804/2115 2507/3819/2124
f 2863/3828/2128 2514/3802/2113 2513/3804/2115
f 1602/3888/2166 1692/3889/2167 1920/3890/2168
f 1602/3888/2166 1598/3891/2169 1692/3889/2167
f 1586/3892/2170 641/3893/2171 1919/3894/2172
f 1588/3895/2173 1586/3892/2170 1919/3894/2172
f 1591/3896/2174 1588/3897/2173 1919/3898/2172
f 1598/3891/2169 1591/3899/2174 1919/3894/2172
f 1920/3890/2168 1691/3900/2175 1602/3888/2166
f 2510/3812/2119 1604/3813/2120 1694/3873/2152
f 1694/3873/2152 1604/3813/2120 1695/3901/2176
f 1693/3902/2177 1690/3903/2178 1695/3904/2176
f 1599/3905/2179 1690/3903/2178 1693/3902/2177
f 1695/3901/2176 1600/3906/2180 1601/3907/2181
f 1601/3907/2181 1599/3908/2179 1693/3909/2177
f 1604/3813/2120 1600/3906/2180 1695/3901/2176
f 1695/3910/2176 1601/3911/2181 1693/3912/2177
f 1689/3913/2182 1690/3903/2178 1599/3905/2179
f 1689/3913/2182 1696/3886/2164 1690/3903/2178
f 1697/3914/2183 1696/3886/2164 1689/3913/2182
f 1691/3915/2175 1697/3914/2183 1689/3913/2182
f 1599/3908/2179 1601/3907/2181 1600/3906/2180
f 1599/3908/2179 1691/3916/2175 1689/3917/2182
f 1600/3906/2180 1691/3916/2175 1599/3908/2179
f 1920/3918/2168 1697/3914/2183 1691/3915/2175
f 1606/3808/2116 2510/3871/2119 2508/3809/2117
f 1692/3919/2167 1697/3914/2183 1920/3918/2168
f 594/3920/2184 643/3921/2185 1692/3919/2167
f 641/3922/2171 643/3923/2185 594/3924/2184
f 1598/3891/2169 594/3925/2184 1692/3889/2167
f 1919/3894/2172 594/3925/2184 1598/3891/2169
f 641/3893/2171 594/3925/2184 1919/3894/2172
f 1918/3926/2186 639/3927/2187 641/3922/2171
f 1690/3903/2178 1688/3860/2149 1695/3904/2176
f 1690/3903/2178 1696/3886/2164 1688/3860/2149
f 1694/3863/2152 1695/3904/2176 1688/3860/2149
f 1697/3914/2183 644/3928/2188 1696/3886/2164
f 1692/3919/2167 643/3921/2185 1697/3914/2183
f 643/3921/2185 644/3928/2188 1697/3914/2183
f 3093/3929/2189 3466/3930/2190 3471/3931/2191
f 2575/3198/1799 3093/3932/2189 2576/3933/2192
f 3093/3934/2189 3084/3203/1803 3466/3935/2190
f 3093/3929/2189 3471/3931/2191 2576/3936/2192
f 3066/3200/1801 3093/3932/2189 2575/3198/1799
f 3466/3930/2190 3464/3937/2193 3471/3931/2191
f 3066/3938/1801 3084/3203/1803 3093/3934/2189
f 2575/3198/1799 2576/3933/2192 967/3939/2194
f 2576/3940/2192 3471/3931/2191 967/3941/2194
f 642/3942/2195 614/3943/2196 648/3944/2197
f 616/3945/2198 610/3946/2199 614/3943/2196
f 616/3945/2198 614/3943/2196 642/3942/2195
f 618/3947/2200 610/3946/2199 616/3945/2198
f 614/3943/2196 617/3948/2201 648/3944/2197
f 610/3946/2199 617/3948/2201 614/3943/2196
f 967/3949/2194 976/3950/2202 618/3951/2200
f 3471/3931/2191 2860/3952/2203 967/3941/2194
f 572/3953/2204 574/3954/2205 649/3955/2206
f 533/3956/2207 557/3957/2208 572/3958/2204
f 615/3959/2209 532/3960/2210 572/3953/2204
f 532/3961/2210 533/3956/2207 572/3958/2204
f 613/3962/2211 532/3960/2210 615/3959/2209
f 530/3963/2212 533/3964/2207 532/3965/2210
f 525/3966/2213 556/3967/2214 530/3963/2212
f 966/3968/2215 965/3969/2216 2524/3970/2217
f 2523/3971/2218 966/3968/2215 2524/3970/2217
f 2523/3971/2218 2644/3972/2219 966/3968/2215
f 966/3973/2215 530/3974/2212 965/3975/2216
f 555/3976/2220 556/3977/2214 534/3978/2221
f 532/3960/2210 613/3962/2211 530/3979/2212
f 533/3956/2207 556/3977/2214 557/3957/2208
f 530/3963/2212 556/3967/2214 533/3964/2207
f 2644/3980/2219 527/3981/2222 966/3982/2215
f 2644/3983/2219 2642/3984/2223 527/3985/2222
f 525/3966/2213 534/3986/2221 556/3967/2214
f 527/3981/2222 530/3963/2212 966/3982/2215
f 527/3981/2222 525/3966/2213 530/3963/2212
f 555/3976/2220 557/3957/2208 556/3977/2214
f 563/3987/2224 555/3976/2220 553/3988/2225
f 525/3966/2213 553/3989/2225 534/3986/2221
f 553/3988/2225 555/3976/2220 534/3978/2221
f 2640/3990/2226 2643/3991/2227 2642/3984/2223
f 570/3992/2228 563/3987/2224 554/3993/2229
f 525/3966/2213 524/3994/2230 553/3989/2225
f 527/3981/2222 2642/3995/2223 525/3966/2213
f 554/3993/2229 563/3987/2224 553/3988/2225
f 2642/3995/2223 2643/3996/2227 525/3966/2213
f 2659/3997/2231 2643/3991/2227 2640/3990/2226
f 2643/3996/2227 524/3994/2230 525/3966/2213
f 526/3998/2232 2646/3999/2233 524/3994/2230
f 524/3994/2230 554/4000/2229 553/3989/2225
f 524/3994/2230 531/4001/2234 554/4000/2229
f 526/3998/2232 524/3994/2230 2643/3996/2227
f 615/3959/2209 572/3953/2204 649/3955/2206
f 646/4002/2235 615/3959/2209 649/3955/2206
f 615/3959/2209 612/4003/2236 613/3962/2211
f 2524/3970/2217 965/3969/2216 964/4004/2237
f 965/3969/2216 612/4005/2236 964/4004/2237
f 612/4006/2236 965/3975/2216 613/4007/2211
f 530/3974/2212 613/4007/2211 965/3975/2216
f 2646/3999/2233 531/4001/2234 524/3994/2230
f 648/3944/2197 617/3948/2201 646/4002/2235
f 617/3948/2201 610/3946/2199 609/4008/2238
f 609/4008/2238 611/4009/2239 617/3948/2201
f 609/4008/2238 610/3946/2199 963/4010/2240
f 617/3948/2201 615/3959/2209 646/4002/2235
f 611/4009/2239 615/3959/2209 617/3948/2201
f 611/4009/2239 612/4003/2236 615/3959/2209
f 611/4011/2239 609/4012/2238 964/4013/2237
f 611/4011/2239 964/4013/2237 612/4006/2236
f 3466/3930/2190 3095/4014/2241 3469/4015/2242
f 3466/3930/2190 3469/4015/2242 3464/3937/2193
f 3065/4016/2243 3095/4014/2241 3466/3930/2190
f 3095/4014/2241 3470/4017/2244 3469/4015/2242
f 3464/3937/2193 3469/4018/2242 3457/4019/2245
f 526/4020/2232 2659/3997/2231 2660/4021/2246
f 2860/3952/2203 3465/4022/2247 3019/4023/1807
f 2860/4024/2203 975/4025/1808 976/3950/2202
f 3471/3931/2191 3465/4022/2247 2860/3952/2203
f 2860/4026/2203 3019/3211/1807 975/3210/1808
f 967/3949/2194 2860/4024/2203 976/3950/2202
f 3465/4022/2247 3467/4027/1805 3019/4023/1807
f 2659/3997/2231 526/4020/2232 2643/3991/2227
f 2646/4028/2233 2639/4029/2248 2645/4030/2249
f 526/4020/2232 2639/4029/2248 2646/4028/2233
f 3465/4031/2247 3468/3215/1811 3467/3217/1805
f 2646/3999/2233 2645/4032/2249 529/4033/2250
f 2646/3999/2233 529/4033/2250 531/4001/2234
f 3471/3931/2191 3464/3937/2193 3465/4022/2247
f 2647/4034/2251 528/4035/2252 2645/4032/2249
f 3457/4019/2245 3463/4036/2253 3464/3937/2193
f 610/3946/2199 976/4037/2202 963/4010/2240
f 618/3947/2200 976/4037/2202 610/3946/2199
f 973/4038/1835 972/4039/1838 1802/4040/2254
f 964/4041/2237 1802/4040/2254 2524/4042/2217
f 2524/4042/2217 1802/4040/2254 2523/4043/2218
f 969/4044/1858 1802/4040/2254 964/4041/2237
f 973/4038/1835 1802/4040/2254 969/4044/1858
f 2861/4045/1862 974/4046/1863 963/4047/2240
f 976/3950/2202 2861/4045/1862 963/4047/2240
f 2861/4045/1862 976/3950/2202 975/4025/1808
f 968/3291/1859 969/3289/1858 964/4013/2237
f 609/4012/2238 968/3291/1859 964/4013/2237
f 963/4047/2240 974/4046/1863 609/4012/2238
f 974/4046/1863 968/3291/1859 609/4012/2238
f 647/4048/2255 620/4049/2256 619/4050/2257
f 620/4051/2256 967/3949/2194 619/4052/2257
f 967/3949/2194 618/3951/2200 619/4052/2257
f 647/4048/2255 616/3945/2198 642/3942/2195
f 647/4048/2255 619/4050/2257 616/3945/2198
f 650/4053/2258 620/4049/2256 647/4048/2255
f 640/4054/2259 650/4053/2258 647/4048/2255
f 619/4050/2257 618/4055/2200 616/3945/2198
f 640/4054/2259 1155/4056/1905 650/4053/2258
f 1153/3389/1911 650/4057/2258 1155/3378/1905
f 1155/3378/1905 1157/3377/1904 1153/3389/1911
f 650/4057/2258 977/3388/1908 620/4058/2256
f 620/4051/2256 977/4059/1908 967/3949/2194
f 650/4057/2258 1153/3389/1911 977/3388/1908
f 977/4060/1908 1752/3379/1906 2575/3198/1799
f 977/4060/1908 2575/3198/1799 967/3939/2194
f 1775/4061/2260 1773/4062/2261 1958/4063/1428
f 1958/4063/1428 1773/4062/2261 1774/4064/2262
f 1779/4065/1429 1775/4061/2260 1958/4063/1428
f 1937/4066/2263 1938/2528/1426 1959/4067/2264
f 1959/4067/2264 1958/2532/1428 1781/4068/2265
f 1781/4069/2265 1958/4063/1428 1774/4064/2262
f 1959/4067/2264 1938/2528/1426 1958/2532/1428
f 1780/4070/1404 1775/4061/2260 1779/4065/1429
f 1780/4070/1404 1776/4071/1403 1775/4061/2260
f 1955/4072/2266 1314/4073/2267 1315/4074/2268
f 2870/4075/2269 1316/4076/2270 1314/4077/2267
f 1954/4078/2271 1314/4073/2267 1955/4072/2266
f 1314/4073/2267 1316/4079/2270 1315/4074/2268
f 2870/4075/2269 2867/4080/2272 1316/4076/2270
f 1783/4081/2273 1777/4082/2274 1177/2435/1388
f 1177/2435/1388 1777/4082/2274 1181/2436/1389
f 1783/4081/2273 1177/2435/1388 1315/4083/2268
f 1313/4084/2275 1314/4073/2267 1954/4078/2271
f 1316/4085/2270 1783/4081/2273 1315/4083/2268
f 2867/4080/2272 2869/4086/2276 1316/4076/2270
f 1316/4085/2270 2869/4087/2276 1783/4081/2273
f 1778/4088/2277 1771/4089/2278 1776/4071/1403
f 1181/2436/1389 1778/4090/2277 1776/2470/1403
f 1777/4091/2274 1771/4089/2278 1778/4088/2277
f 1777/4091/2274 1783/4092/2273 1782/4093/2279
f 1181/2436/1389 1777/4082/2274 1778/4090/2277
f 1777/4091/2274 1782/4093/2279 1771/4089/2278
f 1957/2467/1401 1779/2533/1429 1958/2532/1428
f 2869/4094/2276 1782/4093/2279 1783/4092/2273
f 2569/4095/2280 1936/4096/2281 1972/4097/2282
f 2251/4098/2283 2250/4099/2284 1937/4100/2263
f 2251/4101/2283 1937/4066/2263 1929/4102/2285
f 1925/2529/1353 1938/2528/1426 1937/4066/2263
f 1971/4103/2286 1972/4097/2282 1936/4096/2281
f 1971/4104/2286 2565/4105/2287 1972/4106/2282
f 2565/4105/2287 1971/4104/2286 2566/4107/2288
f 1936/4096/2281 1961/4108/2289 1971/4103/2286
f 1971/4103/2286 1970/4109/2290 2566/4110/2288
f 1970/4111/2290 2567/4112/2291 2566/4107/2288
f 1961/4108/2289 1970/4109/2290 1971/4103/2286
f 1961/4108/2289 2570/4113/2292 2567/4114/2291
f 1961/4108/2289 2567/4114/2291 1970/4109/2290
f 1929/4102/2285 1937/4066/2263 1961/4108/2289
f 1936/4096/2281 1929/4102/2285 1961/4108/2289
f 1959/4067/2264 1781/4068/2265 2570/4113/2292
f 1961/4108/2289 1959/4067/2264 2570/4113/2292
f 2570/4115/2292 1781/4069/2265 1785/4116/2293
f 1937/4066/2263 1959/4067/2264 1961/4108/2289
f 2570/4117/2292 1785/4118/2293 2567/4112/2291
f 2566/4107/2288 2564/4119/2294 2565/4105/2287
f 2564/4119/2294 2571/4120/2295 1717/4121/2296
f 2566/4107/2288 2567/4112/2291 2564/4119/2294
f 2564/4119/2294 2567/4112/2291 2571/4120/2295
f 2567/4112/2291 1785/4118/2293 1508/4122/2297
f 983/4123/1922 978/4124/2298 980/3482/1924
f 2306/3427/1927 3176/3426/1645 2603/4125/2299
f 2308/4126/2300 2305/4127/2301 2306/4128/1927
f 2310/4129/2302 2308/4126/2300 2306/4128/1927
f 2603/4125/2299 2310/4130/2302 2306/3427/1927
f 2308/4126/2300 3147/4131/2303 2305/4127/2301
f 2308/4126/2300 672/4132/2304 3147/4131/2303
f 662/4133/2305 667/4134/2306 672/4135/2304
f 2308/4126/2300 662/4136/2305 672/4132/2304
f 672/4132/2304 2313/4137/2307 3147/4131/2303
f 667/4138/2306 2359/4139/2308 672/4140/2304
f 667/4138/2306 3144/4141/2309 2359/4139/2308
f 3175/2923/1647 2603/4142/2299 3176/2921/1645
f 2604/3695/2061 2310/4130/2302 2603/4125/2299
f 2310/4129/2302 2309/4143/2310 2308/4126/2300
f 2310/4130/2302 664/4144/2311 2309/4145/2310
f 2309/4143/2310 661/4146/2312 2308/4126/2300
f 661/4147/2312 660/4148/2313 662/4133/2305
f 661/4146/2312 662/4136/2305 2308/4126/2300
f 660/4148/2313 663/4149/2314 667/4134/2306
f 662/4133/2305 660/4148/2313 667/4134/2306
f 663/4150/2314 3143/4151/2315 3144/4141/2309
f 663/4150/2314 3144/4141/2309 667/4138/2306
f 663/4149/2314 659/4152/2316 3143/4153/2315
f 3174/4154/1660 2604/3695/2061 2603/4125/2299
f 3173/3696/1707 2604/3695/2061 3174/4154/1660
f 2604/3695/2061 664/4144/2311 2310/4130/2302
f 664/4155/2311 661/4147/2312 2309/4156/2310
f 2604/3695/2061 671/3698/2063 664/4144/2311
f 664/4155/2311 671/3723/2063 661/4147/2312
f 671/3723/2063 2479/3721/2077 661/4147/2312
f 660/4148/2313 659/4152/2316 663/4149/2314
f 2479/3721/2077 660/4148/2313 661/4147/2312
f 2605/3432/1930 986/4157/2317 2304/4158/1921
f 2306/3427/1927 986/4157/2317 2605/3432/1930
f 986/4159/2317 2305/4160/2301 982/4161/2318
f 2305/4160/2301 2311/4162/2319 982/4161/2318
f 2305/4163/2301 986/4157/2317 2306/3427/1927
f 3147/4131/2303 2311/4164/2319 2305/4127/2301
f 665/3715/2072 2479/3721/2077 671/3723/2063
f 2605/3432/1930 2304/4158/1921 2303/3434/1932
f 986/4159/2317 982/4161/2318 981/4165/2320
f 986/4159/2317 981/4165/2320 985/4166/1933
f 986/4167/2317 985/3435/1933 2304/3417/1921
f 981/4165/2320 988/4168/1443 983/4123/1922
f 982/4161/2318 984/4169/2321 981/4165/2320
f 988/2551/1443 2880/2550/1440 978/4170/2298
f 983/4123/1922 988/4168/1443 978/4124/2298
f 985/4166/1933 981/4165/2320 983/4123/1922
f 659/4152/2316 657/4171/2322 655/4172/2323
f 659/4152/2316 655/4172/2323 3143/4153/2315
f 3145/4173/2324 1894/4174/2325 1892/4175/2326
f 2359/4139/2308 1894/4174/2325 3145/4173/2324
f 3144/4141/2309 1894/4176/2325 2359/4139/2308
f 1894/4177/2325 3160/4178/2327 1892/4179/2326
f 1892/4175/2326 1890/4180/2328 3145/4173/2324
f 3155/4181/2329 3159/4182/2330 3144/4141/2309
f 3155/4181/2329 3143/4183/2315 3140/4184/2331
f 3143/4151/2315 3155/4181/2329 3144/4141/2309
f 3175/2923/1647 3174/2954/1660 2603/4142/2299
f 980/3482/1924 2461/4185/1480 979/3483/1950
f 978/4124/2298 2879/4186/2332 980/3482/1924
f 980/3482/1924 2879/4186/2332 2461/4185/1480
f 3207/4187/2333 3399/4188/1682 3400/3008/1692
f 3400/4189/1692 3399/2986/1682 3197/2988/1677
f 3397/2992/1685 3211/2990/1683 3399/4188/1682
f 3396/3010/1694 3397/2992/1685 3210/4190/2334
f 3201/2185/1233 3199/3081/1738 3205/3078/1735
f 3395/4191/2335 3217/2174/1226 3222/2173/1227
f 3222/2191/1227 3223/2195/1241 3395/4192/2335
f 3223/2195/1241 3224/4193/2336 3395/4192/2335
f 3217/2172/1226 3395/4192/2335 3216/2168/1224
f 708/4194/2337 3224/4195/2336 3223/4196/1241
f 3398/2163/1219 3401/2184/1232 3421/2166/1222
f 3224/4197/2336 705/4198/2338 3395/4199/2335
f 3216/2168/1224 3215/4200/2339 3393/2162/1218
f 2819/4201/2340 709/4202/2341 2821/4203/2342
f 709/4204/2341 708/4194/2337 3223/4196/1241
f 2819/4201/2340 708/4205/2337 709/4202/2341
f 3206/4206/2343 3438/3088/1741 3198/4207/2344
f 3210/4190/2334 3397/2992/1685 3208/4208/2345
f 3198/4207/2344 3438/3088/1741 3199/3081/1738
f 3208/4208/2345 3207/4187/2333 3206/4206/2343
f 3206/4206/2343 3207/4187/2333 3438/3088/1741
f 3397/2992/1685 3207/4187/2333 3208/4208/2345
f 3397/2992/1685 3399/4188/1682 3207/4187/2333
f 3207/4187/2333 3400/3008/1692 3438/3088/1741
f 3213/4209/1695 3396/4210/1694 3210/4211/2334
f 2404/4212/2346 707/4213/2347 3451/4214/2348
f 2400/4215/2349 2402/4216/2350 1368/4217/2351
f 2404/4218/2346 2399/4219/2352 2398/4220/2353
f 2398/4220/2353 3164/4221/2354 2400/4215/2349
f 3164/4221/2354 2402/4216/2350 2400/4215/2349
f 2400/4215/2349 1368/4217/2351 2401/4222/2355
f 707/4213/2347 2404/4212/2346 2464/4223/1720
f 2398/4220/2353 2400/4215/2349 2404/4218/2346
f 1367/4224/2356 2427/3042/1711 1368/4225/2351
f 3213/3011/1695 3210/4190/2334 3214/4226/1728
f 2464/4227/1720 2400/4228/2349 2403/4229/1721
f 2675/4230/2357 707/4231/2347 708/4205/2337
f 2463/4232/1718 2401/4233/2355 2428/3044/1713
f 2676/4234/2358 707/4231/2347 2675/4230/2357
f 2403/4235/1721 2401/4233/2355 2463/4232/1718
f 3451/4236/2348 707/4237/2347 2676/4238/2358
f 707/4239/2347 3224/4195/2336 708/4194/2337
f 2401/4233/2355 2427/3042/1711 2428/3044/1713
f 2401/4233/2355 1368/4225/2351 2427/3042/1711
f 2400/4215/2349 2401/4222/2355 2403/4240/1721
f 3216/2168/1224 705/4241/2338 3215/4200/2339
f 2488/4242/1719 705/4243/2338 706/4244/1722
f 3214/4226/1728 3209/4245/2359 705/4241/2338
f 707/4246/2347 2464/3053/1720 706/3055/1722
f 2404/4212/2346 2400/4247/2349 2464/4223/1720
f 707/4239/2347 706/4244/1722 3224/4195/2336
f 706/4244/1722 705/4243/2338 3224/4195/2336
f 3393/4248/1218 3206/4249/2343 3398/4250/1219
f 2488/4242/1719 3214/4251/1728 705/4243/2338
f 3395/4192/2335 705/4241/2338 3216/2168/1224
f 3215/4200/2339 3208/4208/2345 3206/4206/2343
f 3201/2185/1233 3198/4207/2344 3199/3081/1738
f 705/4241/2338 3209/4245/2359 3215/4200/2339
f 3215/4252/2339 3206/4249/2343 3393/4248/1218
f 3398/2163/1219 3206/4206/2343 3198/4207/2344
f 3209/4253/2359 3208/4208/2345 3215/4200/2339
f 3214/4226/1728 3210/4190/2334 3209/4245/2359
f 3398/2163/1219 3198/4207/2344 3401/2184/1232
f 3209/4253/2359 3210/4190/2334 3208/4208/2345
f 3354/1668/917 3347/1617/907 3348/1616/906
f 3201/4254/1233 3445/3099/1739 3446/4255/1248
f 3401/2184/1232 3198/4207/2344 3201/2185/1233
f 710/4256/1237 709/4204/2341 3223/4196/1241
f 2822/2321/1308 710/4257/1237 712/2322/1234
f 2821/4203/2342 710/4257/1237 2822/2321/1308
f 2821/4203/2342 709/4202/2341 710/4257/1237
f 3330/4258/1254 3331/4259/922 3319/1643/921
f 3361/2203/1245 3330/4258/1254 3319/1643/921
f 3337/4260/1247 3446/4255/1248 3353/4261/2360
f 3204/2186/1231 3201/2185/1233 3200/4262/2361
f 3204/2186/1231 3200/4262/2361 3446/2212/1248
f 3353/4261/2360 3446/4255/1248 3352/3102/939
f 3200/4263/2361 3201/4254/1233 3446/4255/1248
f 3316/1663/935 3355/2197/1243 3361/2203/1245
f 3316/1663/935 3361/2203/1245 3319/1643/921
f 3330/4258/1254 3360/1665/937 3331/4259/922
f 3360/1665/937 3353/4264/2360 3320/1666/938
f 3360/4265/937 3337/4260/1247 3353/4261/2360
f 3353/4264/2360 3352/1667/939 3320/1666/938
f 3446/4255/1248 3445/3099/1739 3352/3102/939
f 3352/1667/939 3345/3098/1744 3354/1668/917
f 1496/4266/2362 1501/4267/2363 2254/4268/2364
f 1501/4267/2363 1416/4269/2365 2254/4268/2364
f 1489/4270/2366 1501/4271/2363 1496/4272/2362
f 1489/4270/2366 1499/4273/2367 1501/4271/2363
f 1499/4273/2367 1416/4274/2365 1501/4271/2363
f 1499/4275/2367 1413/2380/1350 1416/4269/2365
f 2254/4268/2364 1416/4269/2365 2253/4276/2368
f 1416/4269/2365 1413/2380/1350 2253/4276/2368
f 2253/4276/2368 1413/2380/1350 1928/2545/1438
f 1489/4270/2366 1496/4272/2362 1484/4277/2369
f 1486/4278/2370 1499/4273/2367 1489/4270/2366
f 1512/4279/2371 1510/4280/2372 1513/4281/2373
f 1510/4280/2372 1512/4279/2371 2252/4282/2374
f 1511/4283/2375 2250/4099/2284 2252/4284/2374
f 1512/4279/2371 1511/4285/2375 2252/4282/2374
f 1511/4283/2375 2254/4286/2364 2250/4099/2284
f 2254/4286/2364 2253/4287/2368 2250/4099/2284
f 2253/4287/2368 1928/4288/1438 1937/4100/2263
f 2250/4099/2284 2253/4287/2368 1937/4100/2263
f 1937/4100/2263 1928/4288/1438 1925/4289/1353
f 1485/4290/2376 1512/4279/2371 1513/4281/2373
f 1512/4279/2371 1485/4290/2376 1484/4277/2369
f 1496/4272/2362 1512/4279/2371 1484/4277/2369
f 1511/4285/2375 1512/4279/2371 1496/4272/2362
f 1496/4291/2362 2254/4268/2364 1511/4292/2375
f 1485/4290/2376 1513/4281/2373 1482/4293/2377
f 1495/2546/1439 1410/2381/1351 1413/2380/1350
f 1503/4294/2378 1494/2386/1356 1495/4295/1439
f 1503/4294/2378 1491/2384/1354 1494/2386/1356
f 1486/4278/2370 1488/4296/2379 1499/4273/2367
f 1495/2546/1439 1413/2380/1350 1499/4275/2367
f 1503/4294/2378 1495/4295/1439 1499/4273/2367
f 1488/4296/2379 1503/4294/2378 1499/4273/2367
f 1503/4294/2378 1505/4297/2380 1491/2384/1354
f 1787/4298/2381 1502/4299/2382 1491/2384/1354
f 1502/4299/2382 1493/2385/1355 1491/2384/1354
f 1502/4299/2382 1788/2537/1432 1493/2385/1355
f 1731/4300/1008 2066/4301/2383 1729/4302/1009
f 2063/1752/998 2068/1807/1028 2008/1753/999
f 2068/1807/1028 2064/4303/2384 2009/4304/2385
f 2067/4305/2386 996/4306/2387 1296/4307/2388
f 2068/1807/1028 2009/4304/2385 2008/1753/999
f 2067/4308/2386 1296/4309/2388 2068/1807/1028
f 995/4310/2389 1296/4307/2388 996/4306/2387
f 1296/4307/2388 995/4310/2389 2016/4311/2390
f 2016/4312/2390 1295/4313/2391 1296/4314/2388
f 1296/4309/2388 2064/4303/2384 2068/1807/1028
f 2008/1761/999 1731/1765/1008 1736/1759/1003
f 2008/1761/999 2009/4315/2385 1731/1765/1008
f 1296/4309/2388 1295/4316/2391 2064/4303/2384
f 2009/4304/2385 2066/4301/2383 1731/4300/1008
f 2064/4303/2384 2066/4301/2383 2009/4304/2385
f 1290/4317/2392 1286/4318/2393 1295/4313/2391
f 1286/4319/2393 2064/4303/2384 1295/4316/2391
f 2016/4312/2390 1290/4317/2392 1295/4313/2391
f 2016/4311/2390 995/4310/2389 1290/4320/2392
f 2018/4321/2394 1286/4318/2393 1290/4317/2392
f 997/1796/1022 2014/1806/1026 2012/1797/1023
f 2014/1806/1026 996/4306/2387 2067/4305/2386
f 2067/4308/2386 2068/1807/1028 2014/1804/1026
f 2005/4322/2395 1997/4323/2396 1293/4324/2397
f 1997/4325/2396 1289/4326/2398 1283/4327/2399
f 2004/4328/2400 1997/4323/2396 2005/4322/2395
f 2004/4328/2400 2365/4329/2401 1997/4323/2396
f 2365/4329/2401 1996/4330/2402 1997/4323/2396
f 1998/4331/2403 1289/4326/2398 1997/4325/2396
f 1996/4330/2402 1998/4332/2403 1997/4323/2396
f 2366/4333/1968 1994/4334/1969 1996/4330/2402
f 1406/4335/1970 1288/4336/2404 1994/4334/1969
f 1406/4335/1970 1407/3538/1971 1288/4336/2404
f 1407/3538/1971 1995/3537/1972 1288/4336/2404
f 1289/4326/2398 2061/4337/1059 1283/4327/2399
f 1289/4326/2398 1280/4338/1060 2061/4337/1059
f 1994/4334/1969 1294/4339/2405 1998/4332/2403
f 1994/4334/1969 1998/4332/2403 1996/4330/2402
f 1285/4340/2406 1278/4341/2407 1289/4326/2398
f 1998/4331/2403 1294/4342/2405 1289/4326/2398
f 1289/4326/2398 1288/4343/2404 1285/4340/2406
f 1294/4342/2405 1288/4343/2404 1289/4326/2398
f 1994/4334/1969 1288/4336/2404 1294/4339/2405
f 1995/3537/1972 1285/4344/2406 1288/4336/2404
f 1995/3537/1972 1292/4345/2408 1285/4344/2406
f 2066/4301/2383 2059/4346/1050 1732/4347/1037
f 1283/4348/2399 2061/1849/1059 2059/4346/1050
f 1997/4325/2396 1283/4327/2399 2065/4349/2409
f 2066/4301/2383 1732/4347/1037 1730/4350/1035
f 1286/4319/2393 2065/4351/2409 2064/4303/2384
f 2065/4351/2409 2059/4346/1050 2066/4301/2383
f 1729/4302/1009 2066/4301/2383 1730/4350/1035
f 2065/4351/2409 2066/4301/2383 2064/4303/2384
f 1283/4348/2399 2059/4346/1050 2065/4351/2409
f 2018/4321/2394 2065/4349/2409 1286/4318/2393
f 1997/4325/2396 2065/4349/2409 2018/4321/2394
f 1280/1855/1060 2058/1820/1039 1853/1822/1041
f 1289/4326/2398 1279/4352/2410 1280/4338/1060
f 1289/4326/2398 1278/4341/2407 1279/4352/2410
f 1280/1855/1060 1279/4353/2410 2058/1820/1039
f 1279/4353/2410 1278/4354/2407 2058/1820/1039
f 1278/4354/2407 2057/1823/1042 2058/1820/1039
f 1278/4341/2407 1555/4355/1046 2057/4356/1042
f 1284/4357/1048 1555/4355/1046 1278/4341/2407
f 1281/4358/2411 1284/4357/1048 1285/4340/2406
f 1285/4340/2406 1284/4357/1048 1278/4341/2407
f 1292/4359/2408 1281/4358/2411 1285/4340/2406
f 1290/4320/2392 2017/4360/2412 2018/4361/2394
f 1293/4362/2397 1997/4325/2396 2018/4321/2394
f 2017/4360/2412 1293/4363/2397 2018/4361/2394
f 2017/4360/2412 2005/4364/2395 1293/4363/2397
f 993/4365/2413 990/4366/2414 2005/4367/2395
f 2017/4360/2412 993/4368/2413 2005/4364/2395
f 990/4366/2414 2004/4369/2400 2005/4367/2395
f 990/4366/2414 2365/4370/2401 2004/4369/2400
f 2059/4346/1050 2061/1849/1059 2060/1848/1053
f 1189/3551/1975 1292/4345/2408 1995/3537/1972
f 1287/4371/2415 1292/4359/2408 1189/4372/1975
f 1558/4373/1047 1284/4357/1048 1281/4358/2411
f 1287/4371/2415 1281/4358/2411 1292/4359/2408
f 1282/4374/2416 1281/4358/2411 1287/4371/2415
f 1282/4374/2416 1554/4375/2417 1281/4358/2411
f 1561/4376/2418 1560/4377/2419 1282/4378/2416
f 1561/4376/2418 1562/4379/2420 1560/4377/2419
f 2386/1002/575 761/1004/577 2287/4380/584
f 2287/1014/584 762/1008/581 763/4381/2421
f 2386/1002/575 2287/4380/584 2381/4382/2422
f 2396/4383/2027 2388/2956/1662 2386/1002/575
f 2386/1002/575 2384/1019/585 2383/1003/576
f 2388/2956/1662 2384/1019/585 2386/1002/575
f 763/4384/2421 1384/4385/2423 3452/4386/2424
f 2389/4387/2425 2392/4388/2426 2385/4389/2427
f 3452/4390/2424 1384/4391/2423 2429/4392/2428
f 2392/4388/2426 2389/4387/2425 2739/4393/2429
f 3452/4394/2424 2381/4382/2422 763/4395/2421
f 2429/4396/2428 2387/4397/2430 3452/4398/2424
f 2387/4397/2430 2389/4399/2425 3452/4398/2424
f 763/4384/2421 2381/4400/2422 2287/4401/584
f 2389/4399/2425 2381/4402/2422 3452/4398/2424
f 2392/4388/2426 2390/4403/2029 2385/4389/2427
f 2385/4389/2427 2386/1002/575 2381/4382/2422
f 2385/4404/2427 2381/4402/2422 2389/4399/2425
f 2393/4405/2031 2733/4406/2030 2386/1002/575
f 2390/4403/2029 2386/1002/575 2385/4389/2427
f 2393/4405/2031 2386/1002/575 2390/4403/2029
f 2397/4407/2028 2393/4405/2031 2390/4403/2029
f 2733/4406/2030 2396/4383/2027 2386/1002/575
f 1384/4408/2423 1371/4409/2431 2429/4410/2428
f 2429/4396/2428 3453/4411/2432 2387/4397/2430
f 3450/4412/2433 3449/4413/2434 2370/4414/2435
f 3453/4415/2432 2406/4416/2436 2387/4417/2430
f 2406/4416/2436 2389/4387/2425 2387/4417/2430
f 3449/4413/2434 3453/4411/2432 2370/4414/2435
f 2743/4418/2437 2739/4393/2429 2389/4387/2425
f 3449/4413/2434 2406/4419/2436 3453/4411/2432
f 2406/4416/2436 2743/4418/2437 2389/4387/2425
f 3164/4420/2354 2845/4421/2438 2368/4422/2439
f 2369/4423/2440 3164/4420/2354 2368/4422/2439
f 2370/4424/2435 1370/4425/2441 1369/4426/2442
f 2951/4427/2443 1568/4428/2444 2952/4429/2445
f 1576/4430/2446 1569/4431/2447 1568/4432/2444
f 2951/4427/2443 1576/4433/2446 1568/4428/2444
f 1568/4432/2444 1569/4431/2447 2519/4434/2448
f 2914/4435/2449 2911/4436/2450 2913/4437/2451
f 2914/4438/2449 2913/4439/2451 3169/4440/2452
f 2914/4438/2449 3169/4440/2452 2519/4441/2448
f 2519/4441/2448 1569/4442/2447 2914/4438/2449
f 2911/4436/2450 2912/1888/1076 1650/4443/2453
f 1650/4444/2453 1671/4445/1078 1469/4446/2454
f 1650/4444/2453 2912/4447/1076 1671/4445/1078
f 1569/4442/2447 2911/4448/2450 2914/4438/2449
f 2915/4449/2455 2986/4450/2456 3007/4451/2457
f 3003/4452/2458 2986/4450/2456 2915/4449/2455
f 3003/4452/2458 2987/4453/2459 2986/4450/2456
f 2987/4453/2459 2980/4454/2460 3009/4455/2461
f 2987/4453/2459 2978/4456/1083 2986/4457/2456
f 3003/4452/2458 2915/4458/2455 2932/4459/2462
f 2986/4457/2456 2978/4456/1083 2979/1962/1119
f 2987/4460/2459 3009/4461/2461 2978/4462/1083
f 1636/4463/2463 1634/4464/1108 1079/4465/2464
f 1161/4466/2465 1635/4467/2466 747/4468/2467
f 1634/4464/1108 603/4469/1153 1079/4465/2464
f 745/4470/2468 1161/4466/2465 746/3374/1902
f 1646/4471/2469 1469/4446/2454 1634/4464/1108
f 1163/4472/2470 1646/4473/2469 1635/4467/2466
f 1635/4474/2466 1646/4471/2469 1634/4464/1108
f 1163/4472/2470 1635/4467/2466 1161/4466/2465
f 1636/4463/2463 1635/4474/2466 1634/4464/1108
f 3009/4455/2461 2910/1912/1089 2978/4456/1083
f 2952/4429/2445 1568/4428/2444 1566/4475/2471
f 3169/4440/2452 3168/4476/2472 2519/4441/2448
f 3170/4477/2473 3169/4478/2452 1163/4479/2470
f 2913/4437/2451 1650/4480/2453 1649/4481/2474
f 2913/4437/2451 2911/4436/2450 1650/4480/2453
f 3169/4478/2452 2913/4482/2451 1646/4483/2469
f 3169/4478/2452 1646/4483/2469 1163/4479/2470
f 2913/4484/2451 1649/4485/2474 1646/4473/2469
f 1649/4486/2474 1469/4446/2454 1646/4471/2469
f 1649/4486/2474 1650/4444/2453 1469/4446/2454
f 747/4487/2467 1635/4474/2466 1636/4463/2463
f 746/3374/1902 747/4468/2467 1075/4488/1901
f 746/3374/1902 1161/4466/2465 747/4468/2467
f 1075/3373/1901 747/4487/2467 1636/4463/2463
f 2975/4489/2475 2933/4490/2476 2947/4491/2477
f 2926/4492/2478 2932/4459/2462 2933/4493/2476
f 2927/4494/2479 2926/4492/2478 2933/4493/2476
f 2991/4495/2480 2947/4496/2477 2956/4497/2481
f 2947/4498/2477 3028/4499/2482 2956/4500/2481
f 2932/4459/2462 3028/4501/2482 2933/4493/2476
f 3028/4499/2482 2951/4502/2443 2950/4503/2483
f 2956/4500/2481 3028/4499/2482 2950/4503/2483
f 2932/4459/2462 3002/4504/2484 3028/4501/2482
f 2933/4493/2476 3028/4501/2482 2947/4496/2477
f 2932/4459/2462 2915/4458/2455 3002/4505/2484
f 2954/4506/2485 2950/4507/2483 2952/4429/2445
f 2950/4507/2483 2951/4427/2443 2952/4429/2445
f 3028/4501/2482 1576/4433/2446 2951/4508/2443
f 3002/4504/2484 1576/4433/2446 3028/4501/2482
f 3002/4509/2484 1569/4510/2447 1576/4511/2446
f 2911/4436/2450 1569/4512/2447 3033/4513/2486
f 2979/1962/1119 2912/1888/1076 2911/4436/2450
f 3033/4513/2486 1569/4512/2447 3007/4451/2457
f 1569/4512/2447 3002/4505/2484 3007/4451/2457
f 2915/4458/2455 3007/4451/2457 3002/4505/2484
f 3033/4514/2486 2979/4515/1119 2911/4516/2450
f 2912/1888/1076 2979/1962/1119 2056/1901/1085
f 3033/4513/2486 2986/4457/2456 2979/1962/1119
f 2986/4457/2456 3033/4513/2486 3007/4451/2457
f 1563/4517/2487 1567/2157/1124 3097/4518/1126
f 1568/4432/2444 1563/4517/2487 1566/4519/2471
f 3167/4520/1122 3166/4521/1121 2519/4522/2448
f 3167/4520/1122 2519/4522/2448 3168/4476/2472
f 3167/1965/1122 3168/4523/2472 584/4524/1123
f 1565/2151/1216 1567/2157/1124 1563/4517/2487
f 2519/4525/2448 1579/4526/2488 1563/4527/2487
f 1563/4517/2487 1579/4528/2488 1565/2151/1216
f 1568/4432/2444 2519/4434/2448 1563/4517/2487
f 3166/1964/1121 1579/4526/2488 2519/4525/2448
f 1160/4529/2489 1162/4530/1149 1161/4531/2465
f 1161/4531/2465 3170/4532/2473 1163/4533/2470
f 1162/4530/1149 3170/4532/2473 1161/4531/2465
f 1160/4529/2489 1161/4531/2465 745/4534/2468
f 3035/4535/2490 1566/4519/2471 1564/4536/2491
f 584/4524/1123 3168/4523/2472 607/4537/1148
f 1162/4538/1149 607/4537/1148 3170/4477/2473
f 1566/4519/2471 1563/4517/2487 1564/4536/2491
f 1563/4517/2487 3097/4518/1126 1564/4536/2491
f 3168/4476/2472 3169/4440/2452 3170/4539/2473
f 607/4537/1148 3168/4523/2472 3170/4477/2473
f 1564/4536/2491 3061/4540/2492 3108/4541/2493
f 3061/4542/2492 3097/1971/1126 3046/4543/2494
f 1564/4536/2491 3097/4518/1126 3061/4540/2492
f 1570/4544/2495 1564/4536/2491 3108/4541/2493
f 3097/4545/1126 3040/4546/1125 3092/4547/1202
f 3042/4548/2496 3046/4543/2494 3080/4549/2497
f 3097/1971/1126 3079/4550/2498 3046/4543/2494
f 3097/1971/1126 3092/2108/1202 3079/4550/2498
f 3046/4543/2494 3079/4550/2498 3080/4551/2497
f 3166/1964/1121 1565/2160/1216 1579/4526/2488
f 3035/4535/2490 1570/4544/2495 1577/4552/2499
f 1571/4553/2500 1577/4552/2499 1570/4544/2495
f 1724/4554/2501 2960/4555/2502 2992/4556/2503
f 2960/4557/2502 1577/4558/2499 1571/4559/2500
f 2960/4557/2502 2891/4560/2504 2992/4561/2503
f 2960/4557/2502 1571/4559/2500 2891/4560/2504
f 2891/4560/2504 1571/4559/2500 1573/4562/2505
f 2958/4563/2506 2959/4564/2507 1725/4565/2508
f 2988/4566/2509 1725/4565/2508 1724/4567/2501
f 2960/4568/2502 3035/4569/2490 1577/4570/2499
f 2959/4564/2507 2960/4571/2502 1724/4567/2501
f 2955/4572/2510 2960/4573/2502 2959/4574/2507
f 1725/4565/2508 2959/4564/2507 1724/4567/2501
f 2955/4575/2510 3035/4576/2490 2960/4577/2502
f 2958/4578/2506 2955/4572/2510 2959/4574/2507
f 2953/4579/2511 2954/4506/2485 2955/4572/2510
f 3035/4535/2490 1564/4536/2491 1570/4544/2495
f 3015/4580/2512 2927/4494/2479 2933/4493/2476
f 2933/4493/2476 2975/4581/2475 3015/4582/2512
f 2995/4583/2513 2956/4584/2481 2950/4507/2483
f 2952/4429/2445 1566/4475/2471 3035/4585/2490
f 2955/4572/2510 2952/4429/2445 3035/4585/2490
f 2954/4506/2485 2952/4429/2445 2955/4572/2510
f 2995/4583/2513 2950/4507/2483 2954/4506/2485
f 2533/4586/2514 2534/3799/2112 2514/3805/2113
f 2533/4586/2514 2514/3805/2113 2863/4587/2128
f 506/4588/2515 1448/3800/868 2534/3799/2112
f 2537/4589/2516 2534/3799/2112 2533/4586/2514
f 2537/4589/2516 513/4590/2517 2534/3799/2112
f 508/4591/2518 473/4592/2519 506/4593/2515
f 1448/1570/868 523/4594/2520 2839/1568/886
f 473/4592/2519 499/4595/2521 506/4593/2515
f 513/4590/2517 506/4588/2515 2534/3799/2112
f 499/4595/2521 523/4596/2520 506/4593/2515
f 523/4597/2520 1448/3800/868 506/4588/2515
f 1775/4061/2260 1770/4598/2522 1772/4599/2523
f 1775/4061/2260 1772/4599/2523 1773/4062/2261
f 1776/4071/1403 1771/4089/2278 1775/4061/2260
f 1502/4600/2382 1789/4601/2122 1788/4602/1432
f 1789/4601/2122 1502/4600/2382 1770/4598/2522
f 1775/4061/2260 1771/4089/2278 1770/4598/2522
f 1771/4089/2278 1789/4601/2122 1770/4598/2522
f 2230/4603/2121 1789/4601/2122 1771/4089/2278
f 1782/4093/2279 2230/4603/2121 1771/4089/2278
f 2230/4603/2121 1782/4093/2279 2507/4604/2124
f 2868/4605/2524 2533/4606/2514 2864/4607/2525
f 2869/4086/2276 2867/4080/2272 2868/4605/2524
f 2869/4086/2276 2868/4605/2524 2864/4607/2525
f 1782/4093/2279 1769/4608/2127 2507/4604/2124
f 2864/4607/2525 2863/4609/2128 1769/4610/2127
f 1782/4093/2279 2864/4611/2525 1769/4608/2127
f 2869/4094/2276 2864/4611/2525 1782/4093/2279
f 485/4612/2526 463/3882/2161 464/4613/2527
f 463/3882/2161 481/4614/2528 479/4615/2529
f 473/4592/2519 481/4616/2528 499/4595/2521
f 481/4616/2528 485/4617/2526 494/4618/2530
f 479/4619/2529 481/4616/2528 473/4592/2519
f 464/4613/2527 489/4620/2531 485/4612/2526
f 463/3882/2161 485/4612/2526 481/4614/2528
f 481/4616/2528 494/4618/2530 499/4595/2521
f 464/4613/2527 490/4621/2532 480/4622/2533
f 470/4623/2534 490/4621/2532 464/4613/2527
f 464/4613/2527 480/4622/2533 489/4620/2531
f 470/4623/2534 464/4613/2527 462/4624/2535
f 474/4625/2536 495/4626/2537 471/4627/2538
f 2864/4607/2525 2533/4606/2514 2863/4609/2128
f 697/4628/2539 694/4629/2540 3490/4630/2541
f 3493/4631/2542 3487/4632/2543 697/4628/2539
f 3493/4631/2542 697/4628/2539 3490/4630/2541
f 3490/4633/2541 3477/4634/2544 3493/4635/2542
f 3477/4634/2544 3487/4636/2543 3493/4635/2542
f 702/4637/2545 697/4628/2539 3487/4632/2543
f 503/4638/2546 498/4639/2547 461/4640/2548
f 461/4640/2548 498/4639/2547 497/4641/2549
f 461/4640/2548 475/4642/2550 503/4638/2546
f 461/4640/2548 476/4643/2551 475/4642/2550
f 476/4643/2551 504/4644/2552 502/4645/2553
f 460/4646/2554 504/4644/2552 476/4643/2551
f 476/4643/2551 502/4645/2553 475/4642/2550
f 457/4647/2555 474/4625/2536 471/4627/2538
f 478/4648/2556 504/4644/2552 460/4646/2554
f 692/4649/2557 702/4637/2545 701/4650/2558
f 701/4651/2558 487/4652/2559 3486/4653/2560
f 504/4654/2552 478/4655/2556 510/4656/2561
f 3486/4657/2560 692/4649/2557 701/4650/2558
f 3477/4634/2544 3476/4658/2562 487/4652/2559
f 701/4651/2558 3477/4634/2544 487/4652/2559
f 3486/4659/2560 487/4660/2559 478/4648/2556
f 549/4661/2563 693/4662/2564 692/4649/2557
f 3476/4658/2562 512/4663/2565 487/4652/2559
f 691/4664/2566 549/4661/2563 692/4649/2557
f 691/4664/2566 692/4649/2557 3486/4657/2560
f 3487/4636/2543 701/4651/2558 702/4665/2545
f 3477/4634/2544 701/4651/2558 3487/4636/2543
f 693/4662/2564 702/4637/2545 692/4649/2557
f 2571/4666/2295 1508/4667/2297 1489/4270/2366
f 1508/4667/2297 1486/4278/2370 1489/4270/2366
f 1508/4667/2297 1786/4668/2567 1486/4278/2370
f 1786/4668/2567 1487/4669/2568 1486/4278/2370
f 1773/4062/2261 1772/4599/2523 1505/4670/2380
f 1787/4298/2381 1491/2384/1354 1505/4297/2380
f 1772/4671/2523 1787/4672/2381 1505/4673/2380
f 1487/4669/2568 1488/4296/2379 1486/4278/2370
f 1784/4674/2569 1487/4675/2568 1786/4676/2567
f 1487/4669/2568 1507/4677/2570 1488/4296/2379
f 1781/4069/2265 1774/4064/2262 1784/4674/2569
f 1774/4064/2262 1507/4678/2570 1784/4674/2569
f 1784/4679/2569 1507/4680/2570 1487/4681/2568
f 1774/4064/2262 1773/4062/2261 1509/4682/2571
f 1507/4677/2570 1509/4683/2571 1488/4296/2379
f 1774/4064/2262 1509/4682/2571 1507/4678/2570
f 1506/4684/2572 1503/4294/2378 1488/4296/2379
f 1773/4062/2261 1506/4685/2572 1509/4682/2571
f 1505/4297/2380 1503/4294/2378 1506/4684/2572
f 1509/4683/2571 1506/4684/2572 1488/4296/2379
f 1773/4062/2261 1505/4670/2380 1506/4685/2572
f 1781/4069/2265 1784/4674/2569 1785/4116/2293
f 1785/4116/2293 1786/4676/2567 1508/4686/2297
f 1785/4116/2293 1784/4674/2569 1786/4676/2567
f 1772/4599/2523 1770/4598/2522 1787/4687/2381
f 1770/4598/2522 1502/4600/2382 1787/4687/2381
f 2567/4112/2291 1508/4122/2297 2571/4120/2295
f 496/4688/2573 505/4689/2574 507/4690/2575
f 505/4689/2574 511/4691/2576 507/4690/2575
f 1806/4692/2577 1804/1434/806 1805/4693/2578
f 3477/4634/2544 3490/4633/2541 3485/4694/2579
f 3485/4694/2579 3490/4633/2541 700/4695/2580
f 3485/4694/2579 3476/4658/2562 3477/4634/2544
f 694/4629/2540 695/4696/2581 3490/4630/2541
f 2520/4697/2582 2644/3972/2219 2523/3971/2218
f 2520/4698/2582 2640/3990/2226 2644/3983/2219
f 2244/4699/2583 511/4700/2576 515/4701/2584
f 2641/4702/2585 2640/3990/2226 2520/4698/2582
f 505/4689/2574 515/4703/2584 511/4691/2576
f 505/4689/2574 514/4704/2586 515/4703/2584
f 515/4701/2584 514/4705/2586 2247/4706/2587
f 502/4707/2553 501/4708/2588 500/4709/2589
f 475/4710/2550 502/4707/2553 500/4709/2589
f 502/4707/2553 504/4654/2552 501/4708/2588
f 514/4705/2586 2246/4711/2590 2247/4706/2587
f 501/4708/2588 521/4712/2591 2246/4713/2590
f 510/4656/2561 520/4714/2592 501/4708/2588
f 510/4656/2561 501/4708/2588 504/4654/2552
f 2640/3990/2226 2642/3984/2223 2644/3983/2219
f 515/4701/2584 2245/4715/2593 2244/4699/2583
f 515/4701/2584 2247/4706/2587 2245/4715/2593
f 2247/4716/2587 2248/4717/2594 2245/4718/2593
f 2246/4711/2590 2665/4719/2595 2248/4720/2594
f 2246/4711/2590 2248/4720/2594 2247/4706/2587
f 2641/4702/2585 2649/4721/2596 2640/3990/2226
f 2649/4721/2596 2243/4722/2597 2640/3990/2226
f 2243/4722/2597 2659/3997/2231 2640/3990/2226
f 3482/4723/2598 3480/4724/2599 3479/4725/2600
f 3485/4694/2579 700/4695/2580 3491/4726/2601
f 3491/4726/2601 3482/4723/2598 3485/4694/2579
f 3480/4724/2599 3482/4723/2598 3491/4726/2601
f 478/4655/2556 487/4727/2559 512/4728/2565
f 3489/4729/2602 512/4663/2565 3476/4658/2562
f 478/4655/2556 512/4728/2565 510/4656/2561
f 3488/4730/2603 3478/4731/2604 3483/4732/2605
f 3483/4732/2605 3478/4731/2604 1680/4733/2606
f 512/4728/2565 2664/4734/2607 510/4656/2561
f 3488/4735/2603 3485/4694/2579 3482/4723/2598
f 3488/4736/2603 3476/4737/2562 3485/4738/2579
f 3482/4723/2598 3478/4731/2604 3488/4735/2603
f 3476/4658/2562 3488/4735/2603 3489/4729/2602
f 3488/4730/2603 1685/4739/2608 3489/4740/2602
f 3488/4730/2603 3483/4732/2605 1685/4739/2608
f 2615/4741/2609 2653/4742/2610 2613/4743/2611
f 2612/4744/2612 1806/4692/2577 1805/4693/2578
f 1799/1453/812 1804/1434/806 1806/4692/2577
f 1810/4745/2613 2613/4746/2611 2653/4747/2610
f 2615/4741/2609 2652/4748/2614 2653/4742/2610
f 2237/4749/2615 2235/4750/2616 2236/4751/2617
f 2652/4748/2614 2237/4752/2615 2236/4753/2617
f 2653/4742/2610 2652/4748/2614 2236/4753/2617
f 1807/4754/2618 1806/4692/2577 1810/4755/2613
f 2236/4751/2617 2235/4750/2616 2234/4756/2619
f 1812/4757/2620 1807/4754/2618 1810/4755/2613
f 2613/4758/2611 1806/4692/2577 2612/4744/2612
f 1806/4692/2577 2613/4758/2611 1810/4755/2613
f 2235/4750/2616 1849/4759/2621 2234/4756/2619
f 1807/4754/2618 1799/1453/812 1806/4692/2577
f 1807/4754/2618 1798/4760/1827 1799/1453/812
f 1887/3233/1825 1799/1453/812 1798/4760/1827
f 1802/4040/2254 972/4039/1838 2523/4043/2218
f 972/4039/1838 1795/3281/1839 2523/4043/2218
f 2655/4761/2622 2236/4753/2617 2651/4762/2623
f 2236/4753/2617 2655/4761/2622 2657/4763/2624
f 2657/4764/2624 1807/4754/2618 1812/4757/2620
f 1812/4765/2620 2236/4753/2617 2657/4763/2624
f 1812/4765/2620 2653/4742/2610 2236/4753/2617
f 2651/4766/2623 2234/4756/2619 2233/4767/2625
f 2236/4753/2617 2234/4768/2619 2651/4762/2623
f 2234/4769/2619 1048/4770/2626 2233/4771/2625
f 1849/4772/2621 1048/4770/2626 2234/4769/2619
f 2653/4747/2610 1812/4773/2620 1810/4745/2613
f 2657/4764/2624 2655/4774/2622 1807/4754/2618
f 1798/4760/1827 1807/4754/2618 1801/4775/2627
f 2233/4776/2625 507/4777/2575 2244/4699/2583
f 511/4700/2576 2244/4699/2583 507/4777/2575
f 1801/4775/2627 1792/3287/1842 1798/4760/1827
f 1796/3283/1855 1792/3287/1842 1801/4775/2627
f 2651/4778/2623 2241/4779/2628 2521/4780/2629
f 1800/4781/2630 2520/4697/2582 2523/3971/2218
f 2521/4782/2629 2641/4702/2585 2522/4783/2631
f 2241/4784/2628 2242/4785/2632 2521/4782/2629
f 1795/3281/1839 1796/3283/1855 1800/4786/2630
f 2522/4787/2631 1796/3283/1855 2521/4788/2629
f 1800/4786/2630 1796/3283/1855 2522/4787/2631
f 2522/4783/2631 2641/4702/2585 1800/4789/2630
f 2241/4790/2628 2233/4776/2625 2242/4791/2632
f 2521/4782/2629 2649/4721/2596 2641/4702/2585
f 2521/4782/2629 2242/4785/2632 2649/4721/2596
f 2641/4702/2585 2520/4698/2582 1800/4789/2630
f 1800/4786/2630 2523/4043/2218 1795/3281/1839
f 1796/3283/1855 1801/4775/2627 2651/4792/2623
f 1801/4775/2627 1807/4754/2618 2655/4774/2622
f 2651/4762/2623 2233/4793/2625 2241/4784/2628
f 2651/4792/2623 2521/4788/2629 1796/3283/1855
f 2651/4792/2623 1801/4775/2627 2655/4774/2622
f 507/4794/2575 2233/4795/2625 1048/4796/2626
f 2244/4699/2583 2242/4791/2632 2233/4776/2625
f 2244/4699/2583 2649/4797/2596 2242/4791/2632
f 2245/4715/2593 2243/4798/2597 2649/4797/2596
f 2244/4699/2583 2245/4715/2593 2649/4797/2596
f 2243/4722/2597 2245/4718/2593 2248/4717/2594
f 829/4799/2633 833/4800/2634 859/4801/2635
f 2791/1278/716 831/4802/720 858/4803/719
f 831/1282/720 859/4801/2635 833/4800/2634
f 2811/4804/2636 2825/4805/2637 859/4806/2635
f 2790/4807/2638 831/4802/720 2791/1278/716
f 2790/4807/2638 859/4806/2635 831/4802/720
f 2811/4804/2636 859/4806/2635 2790/4807/2638
f 2697/3128/1761 2696/3130/1763 2736/4808/2639
f 2747/3606/2002 2722/4809/2640 2738/3602/1998
f 2722/4809/2640 2703/3604/2000 2738/3602/1998
f 2699/4810/2641 2782/4811/2642 2700/4812/2643
f 2712/4813/2644 2700/4812/2643 2722/4809/2640
f 2712/4813/2644 2699/4810/2641 2700/4812/2643
f 2699/4810/2641 2698/4814/2645 2782/4811/2642
f 2701/4815/2646 2699/4810/2641 2712/4813/2644
f 2698/4814/2645 2811/4804/2636 2782/4811/2642
f 2701/4815/2646 2698/4814/2645 2699/4810/2641
f 2698/4814/2645 2808/4816/2647 2811/4804/2636
f 2725/4817/2648 2808/4816/2647 2698/4814/2645
f 2702/4818/2649 2725/4817/2648 2698/4814/2645
f 2725/4817/2648 2798/4819/2650 2808/4816/2647
f 2696/3130/1763 2798/4819/2650 2725/4817/2648
f 2798/4819/2650 2696/3130/1763 2813/4820/2651
f 2834/4821/2652 861/4822/2653 854/4823/2654
f 2808/4816/2647 2834/4821/2652 2825/4805/2637
f 861/4824/2653 853/4825/2655 837/4826/2656
f 2825/4805/2637 2834/4821/2652 854/4823/2654
f 837/4826/2656 853/4825/2655 838/4827/2657
f 2813/4820/2651 853/4828/2655 2834/4821/2652
f 2808/4816/2647 2813/4820/2651 2834/4821/2652
f 2834/4821/2652 853/4828/2655 861/4822/2653
f 2813/4820/2651 2824/3676/2043 853/4828/2655
f 2798/4819/2650 2813/4820/2651 2808/4816/2647
f 2824/3676/2043 2823/4829/2658 853/4828/2655
f 2703/3604/2000 2719/3595/1991 2716/3596/1992
f 2696/3130/1763 2802/3673/2040 2813/4820/2651
f 2802/3673/2040 2824/3676/2043 2813/4820/2651
f 2824/3676/2043 852/4830/2659 2823/4829/2658
f 1114/4831/2660 2722/4809/2640 2747/3606/2002
f 1116/4832/2661 2722/4809/2640 1114/4831/2660
f 1105/4833/2662 2749/4834/2663 1104/4835/2664
f 2701/4815/2646 2712/4813/2644 2749/4834/2663
f 2749/4834/2663 2712/4813/2644 1116/4832/2661
f 1116/4832/2661 2712/4813/2644 2722/4809/2640
f 1104/4835/2664 2749/4834/2663 1116/4832/2661
f 1105/4833/2662 2701/4815/2646 2749/4834/2663
f 2752/1298/732 2719/3595/1991 2781/1307/738
f 2719/3595/1991 2791/1278/716 2781/1307/738
f 2722/4809/2640 2719/3595/1991 2703/3604/2000
f 2782/4811/2642 2790/4807/2638 2791/1278/716
f 2700/4812/2643 2791/1278/716 2719/3595/1991
f 2722/4809/2640 2700/4812/2643 2719/3595/1991
f 2700/4812/2643 2782/4811/2642 2791/1278/716
f 2782/4811/2642 2811/4804/2636 2790/4807/2638
f 2825/4805/2637 854/4823/2654 835/4836/2665
f 2808/4816/2647 2825/4805/2637 2811/4804/2636
f 2701/4815/2646 2702/4818/2649 2698/4814/2645
f 2212/4837/2666 2718/4838/2667 2701/4815/2646
f 2702/4818/2649 2701/4815/2646 2718/4838/2667
f 2756/4839/2668 2736/4808/2639 2725/4817/2648
f 2756/4839/2668 2702/4818/2649 2718/4838/2667
f 2756/4839/2668 2725/4817/2648 2702/4818/2649
f 2736/4808/2639 2696/3130/1763 2725/4817/2648
f 859/4806/2635 2825/4805/2637 835/4836/2665
f 2791/1278/716 858/4803/719 856/1279/717
f 2781/1307/738 2791/1278/716 857/1280/718
f 655/4840/2323 653/4841/2669 3143/4183/2315
f 656/4842/2670 652/4843/2671 2584/4844/2672
f 2584/4844/2672 652/4843/2671 654/4845/2673
f 653/4846/2669 656/4842/2670 2584/4844/2672
f 653/4841/2669 3140/4184/2331 3143/4183/2315
f 652/4843/2671 2583/4847/2674 654/4845/2673
f 653/4841/2669 3141/4848/2675 3140/4184/2331
f 2584/4849/2672 654/4850/2673 3141/4848/2675
f 2584/4849/2672 3141/4848/2675 653/4841/2669
f 1420/4851/2676 1418/4852/2677 652/4853/2671
f 2474/4854/2678 2478/4855/2679 1418/4856/2677
f 1418/4852/2677 2583/4857/2674 652/4853/2671
f 1418/4852/2677 2478/4858/2679 2583/4857/2674
f 1184/4859/2680 1186/4860/2681 1350/4861/2682
f 2478/4855/2679 1184/4862/2680 1185/4863/1408
f 2474/4854/2678 1186/4864/2681 2478/4855/2679
f 1350/4865/2682 1186/4864/2681 2474/4854/2678
f 1186/4864/2681 1184/4862/2680 2478/4855/2679
f 1350/4861/2682 1171/4866/2683 1184/4859/2680
f 1350/4861/2682 1169/4867/2684 1171/4866/2683
f 1184/4859/2680 1171/4866/2683 1185/4868/1408
f 3144/4141/2309 3159/4182/2330 1894/4177/2325
f 1891/4869/2685 1888/4870/2686 3148/4871/2687
f 3160/4178/2327 1890/4872/2328 1892/4179/2326
f 3159/4873/2330 3160/4874/2327 1894/4875/2325
f 3139/4876/2688 1891/4877/2685 3160/4178/2327
f 3140/4184/2331 3139/4876/2688 3160/4178/2327
f 1891/4878/2685 3139/4879/2688 1888/4880/2686
f 1888/4870/2686 2884/4881/2689 3148/4871/2687
f 3159/4882/2330 3140/4184/2331 3160/4178/2327
f 1890/4872/2328 3160/4178/2327 1891/4877/2685
f 2884/4881/2689 1888/4870/2686 2881/4883/2690
f 3142/4884/2691 1895/2430/1385 3139/4876/2688
f 1895/4885/1385 1888/4880/2686 3139/4879/2688
f 2881/4886/2690 3153/4887/1374 2884/4888/2689
f 3153/4889/1374 2881/4890/2690 1888/4880/2686
f 2884/4888/2689 3153/4887/1374 2885/4891/1378
f 1895/4885/1385 3153/4889/1374 1888/4880/2686
f 1895/4885/1385 1889/4892/1375 3153/4889/1374
f 2886/4893/1390 2884/4888/2689 2885/4891/1378
f 3148/4894/2687 2884/4888/2689 2883/4895/2692
f 651/4896/2693 652/4843/2671 656/4842/2670
f 1417/4897/2694 652/4853/2671 651/4898/2693
f 2471/4899/2695 2474/4854/2678 1420/4900/2676
f 1417/4901/2694 2471/4899/2695 1420/4900/2676
f 1417/4897/2694 1420/4851/2676 652/4853/2671
f 1420/4900/2676 2474/4854/2678 1418/4856/2677
f 3155/4902/2329 3140/4903/2331 3159/4904/2330
f 3142/4884/2691 3139/4876/2688 3140/4184/2331
f 3141/4848/2675 654/4850/2673 3142/4884/2691
f 654/4850/2673 2478/4905/2679 3138/4906/2696
f 654/4850/2673 3138/4906/2696 3142/4884/2691
f 3142/4884/2691 3138/4907/2696 1895/2430/1385
f 3141/4848/2675 3142/4884/2691 3140/4184/2331
f 2583/4908/2674 2478/4909/2679 654/4910/2673
f 2478/4905/2679 3161/2428/1384 3138/4906/2696
f 2478/4905/2679 1185/4911/1408 3161/2428/1384
f 3138/4907/2696 3161/2428/1384 1895/2430/1385
f 3161/2428/1384 1185/2485/1408 1889/2429/1375
f 1185/2486/1408 1171/4912/2683 1177/4913/1388
f 2732/3183/1793 2750/4914/2697 2692/3188/1796
f 2392/4915/2426 2739/4916/2429 2390/4917/2029
f 2732/3183/1793 2739/4918/2429 2750/4914/2697
f 2732/3183/1793 2390/4919/2029 2739/4918/2429
f 2739/4918/2429 2405/4920/2698 2750/4914/2697
f 2734/3182/1792 2390/4919/2029 2732/3183/1793
f 2739/4918/2429 2743/4921/2437 2405/4920/2698
f 2393/3659/2031 2397/4922/2028 2734/3182/1792
f 2405/4920/2698 2765/4923/2699 2750/4914/2697
f 2405/4920/2698 2406/4924/2436 3449/4925/2434
f 2405/4920/2698 3449/4925/2434 2772/4926/2700
f 2405/4927/2698 2743/4928/2437 2406/4929/2436
f 2674/4930/2701 2772/4931/2700 3449/4413/2434
f 2674/4930/2701 3449/4413/2434 3450/4412/2433
f 2694/3189/1797 2750/4914/2697 2765/4923/2699
f 2404/4932/2346 2845/4933/2438 2399/4934/2352
f 2368/4935/2439 2845/4933/2438 2404/4932/2346
f 2369/4936/2440 2368/4935/2439 2404/4932/2346
f 2369/4936/2440 2404/4932/2346 3451/4937/2348
f 1367/4224/2356 1366/3057/1715 2427/3042/1711
f 3165/4938/2702 2402/4939/2350 3164/4940/2354
f 2398/4941/2353 2399/4942/2352 2845/4943/2438
f 3165/4938/2702 1368/4944/2351 2402/4939/2350
f 3164/4940/2354 2398/4941/2353 2845/4943/2438
f 2370/4945/2435 1369/4946/2442 3450/4947/2433
f 3450/4947/2433 1369/4946/2442 2369/4936/2440
f 2369/4936/2440 3451/4937/2348 3450/4947/2433
f 3450/4412/2433 2676/4948/2358 2674/4949/2701
f 3451/4214/2348 2676/4948/2358 3450/4412/2433
f 3180/4950/2703 3418/4951/2704 3181/2927/1651
f 3179/4952/1674 3418/4951/2704 3180/4950/2703
f 3181/2927/1651 3418/4951/2704 3178/3073/1731
f 3180/4950/2703 3181/2927/1651 3416/3092/1743
f 3416/3092/1743 3179/4952/1674 3180/4950/2703
f 3418/4953/2704 3403/4954/1673 3192/4955/1679
f 3179/2974/1674 3403/2973/1673 3418/4951/2704
f 3416/3092/1743 3181/2927/1651 3187/2948/1658
f 3190/2972/1672 3179/2974/1674 3416/3092/1743
f 3178/3073/1731 3177/3026/1705 3175/2923/1647
f 3177/3026/1705 3423/2953/1659 3175/2923/1647
f 3418/4951/2704 3192/3072/1679 3178/3073/1731
f 2411/4956/2705 659/4957/2316 660/4958/2313
f 2411/4959/2705 658/4960/2706 659/4961/2316
f 658/4960/2706 657/4962/2322 659/4961/2316
f 2411/4956/2705 660/4958/2313 2479/4963/2077
f 2477/4964/2707 1544/3741/2081 2473/3743/2084
f 2473/4965/2084 2476/4966/2708 2472/4967/2709
f 2472/4967/2709 2477/4968/2707 2473/4965/2084
f 668/4969/2076 2411/4956/2705 2479/4963/2077
f 2472/4967/2709 2476/4966/2708 2411/4956/2705
f 668/4969/2076 2472/4967/2709 2411/4956/2705
f 2411/4959/2705 2476/4970/2708 658/4960/2706
f 2470/4971/2086 1419/4972/2710 2473/4965/2084
f 2476/4966/2708 2473/4965/2084 2475/4973/2711
f 2473/4965/2084 1419/4972/2710 2475/4973/2711
f 656/4842/2670 657/4171/2322 658/4974/2706
f 656/4842/2670 655/4172/2323 657/4171/2322
f 2476/4975/2708 2475/4976/2711 658/4977/2706
f 2539/4978/2712 656/4842/2670 658/4974/2706
f 1417/4897/2694 651/4898/2693 2539/4979/2712
f 658/4977/2706 2475/4976/2711 2539/4980/2712
f 2475/4976/2711 1419/4981/2710 2539/4980/2712
f 651/4896/2693 656/4842/2670 2539/4978/2712
f 1946/1119/645 1309/4982/2713 1947/1117/643
f 1309/4982/2713 2551/4983/2714 1947/1117/643
f 656/4842/2670 653/4846/2669 655/4172/2323
f 1171/4912/2683 1178/4984/2715 1955/4985/2266
f 1171/4912/2683 1955/4985/2266 1177/4913/1388
f 1178/4986/2715 1954/4987/2271 1955/4988/2266
f 1185/2486/1408 1177/4913/1388 1179/2433/1387
f 1419/4972/2710 2471/4899/2695 1417/4901/2694
f 2470/4971/2086 2469/4989/2085 2471/4899/2695
f 2470/4971/2086 2471/4899/2695 1419/4972/2710
f 2468/3751/2091 2471/4899/2695 2469/4989/2085
f 2471/4899/2695 2468/3751/2091 1352/3750/2090
f 2471/4899/2695 1352/3750/2090 1351/4990/2093
f 2471/4899/2695 1351/4990/2093 2474/4854/2678
f 1351/3758/2093 1358/3762/648 1350/4861/2682
f 1947/1117/643 1311/4991/2716 1949/1125/647
f 1311/4991/2716 1312/4992/2717 1313/4993/2275
f 1949/1125/647 1311/4991/2716 1313/4993/2275
f 1310/4994/2718 1311/4991/2716 1947/1117/643
f 2551/4983/2714 1310/4994/2718 1947/1117/643
f 2539/4979/2712 1419/4995/2710 1417/4897/2694
f 2474/4854/2678 1351/4990/2093 1350/4865/2682
f 1169/4996/2684 1949/1121/647 1171/4912/2683
f 1358/1122/648 1949/1121/647 1169/4996/2684
f 1350/4861/2682 1358/3762/648 1169/4867/2684
f 1949/1125/647 1313/4993/2275 1178/4986/2715
f 1949/1121/647 1178/4984/2715 1171/4912/2683
f 1178/4986/2715 1313/4993/2275 1954/4987/2271
f 1955/4988/2266 1315/4083/2268 1177/2435/1388
f 910/4997/1607 936/988/567 912/985/566
f 912/985/566 936/988/567 1768/986/537
f 905/4998/2719 913/2536/1431 908/4999/2720
f 901/5000/1437 913/2536/1431 905/4998/2719
f 910/4997/1607 934/5001/2721 936/988/567
f 908/4999/2720 910/4997/1607 909/5002/2722
f 908/4999/2720 934/5001/2721 910/4997/1607
f 934/5001/2721 868/5003/2723 930/5004/2724
f 934/5001/2721 908/4999/2720 868/5003/2723
f 908/4999/2720 866/5005/2725 868/5003/2723
f 866/5006/2725 865/5007/2726 926/5008/2727
f 866/5006/2725 926/5008/2727 868/5009/2723
f 920/5010/2728 923/5011/2729 918/957/554
f 930/5004/2724 935/989/568 936/988/567
f 934/5001/2721 930/5004/2724 936/988/567
f 930/5012/2724 931/5013/2730 935/5014/568
f 930/5012/2724 922/5015/2731 931/5013/2730
f 922/5016/2731 930/5004/2724 868/5003/2723
f 922/5016/2731 924/5017/2732 898/5018/2733
f 868/5003/2723 924/5017/2732 922/5016/2731
f 926/5019/2727 924/5017/2732 868/5003/2723
f 924/5017/2732 894/5020/2734 898/5018/2733
f 926/5019/2727 890/5021/2735 924/5017/2732
f 926/5019/2727 865/5022/2726 890/5021/2735
f 937/956/553 920/5010/2728 918/957/554
f 931/5023/2730 937/956/553 935/989/568
f 920/5010/2728 931/5023/2730 922/5016/2731
f 921/5024/2736 920/5010/2728 922/5016/2731
f 895/5025/2737 920/5026/2728 921/5027/2736
f 931/5023/2730 920/5010/2728 937/956/553
f 898/5028/2733 895/5025/2737 921/5027/2736
f 898/5018/2733 921/5024/2736 922/5016/2731
f 894/5029/2734 895/5025/2737 898/5028/2733
f 893/5030/2738 895/5025/2737 894/5029/2734
f 893/5030/2738 876/5031/2739 895/5025/2737
f 887/5032/2740 876/5031/2739 893/5030/2738
f 894/5033/2734 890/5034/2735 893/5035/2738
f 924/5017/2732 890/5021/2735 894/5020/2734
f 890/5036/2735 887/5032/2740 893/5030/2738
f 925/5037/2741 887/5032/2740 890/5036/2735
f 925/5037/2741 891/5038/2742 887/5032/2740
f 891/5038/2742 892/5039/2743 887/5032/2740
f 865/5022/2726 891/5040/2742 925/5041/2741
f 865/5022/2726 867/5042/2744 891/5040/2742
f 916/5043/2745 928/5044/2746 867/5045/2744
f 891/5040/2742 927/5046/2747 932/5047/2748
f 928/5048/2746 892/5049/2743 932/5050/2748
f 927/5046/2747 891/5040/2742 867/5042/2744
f 932/5050/2748 892/5049/2743 891/5051/2742
f 927/5046/2747 928/5052/2746 932/5047/2748
f 867/5053/2744 928/5054/2746 927/5055/2747
f 928/5048/2746 889/5056/2749 892/5049/2743
f 895/5025/2737 876/5031/2739 899/5057/2750
f 876/5031/2739 897/5058/2751 899/5057/2750
f 887/5032/2740 877/2713/1544 876/5031/2739
f 877/2713/1544 878/2712/1543 876/5031/2739
f 892/5039/2743 877/2713/1544 887/5032/2740
f 886/2727/1552 877/2713/1544 892/5039/2743
f 889/5059/2749 886/2727/1552 892/5039/2743
f 913/2536/1431 866/5005/2725 908/4999/2720
f 866/5005/2725 913/2536/1431 869/5060/2752
f 906/2494/1413 917/5061/2753 913/2536/1431
f 913/2536/1431 917/5061/2753 869/5060/2752
f 865/5022/2726 925/5041/2741 890/5021/2735
f 917/5061/2753 916/5043/2745 867/5045/2744
f 869/5062/2752 917/5063/2753 866/5006/2725
f 866/5006/2725 917/5063/2753 865/5007/2726
f 917/5063/2753 867/5053/2744 865/5007/2726
f 889/5064/2749 928/5044/2746 916/5043/2745
f 904/5065/2754 889/5064/2749 916/5043/2745
f 906/2494/1413 916/5043/2745 917/5061/2753
f 904/5065/2754 911/5066/2755 889/5064/2749
f 1276/5067/1710 2878/5068/2069 1701/5069/2065
f 1545/3732/1709 1544/3734/2081 1550/5070/2756
f 1276/5071/1710 1545/3732/1709 1550/5070/2756
f 2876/3728/2078 1702/3727/2070 1550/5072/2756
f 1550/5072/2756 1702/3727/2070 1276/5067/1710
f 1550/5070/2756 1544/3734/2081 2477/5073/2707
f 1702/3713/2070 1700/3708/2067 2878/3712/2069
f 1276/5067/1710 1702/3727/2070 2878/5068/2069
f 673/2667/1519 1545/3040/1709 674/3024/1704
f 1549/5074/1521 1275/5075/2080 1545/5076/1709
f 673/2667/1519 1549/2669/1521 1545/3040/1709
f 666/3729/2079 2877/5077/2071 1702/3727/2070
f 669/5078/2074 670/5079/2073 1550/5072/2756
f 1550/5070/2756 2477/5073/2707 669/5080/2074
f 2477/5073/2707 2472/5081/2709 669/5080/2074
f 669/5082/2074 2472/4967/2709 668/4969/2076
f 670/5079/2073 2876/3728/2078 1550/5072/2756
f 2765/4923/2699 2405/4920/2698 2775/5083/2757
f 2405/4920/2698 2675/4230/2357 2775/5083/2757
f 2674/5084/2701 2675/4230/2357 2405/4920/2698
f 2772/4926/2700 2674/5084/2701 2405/4920/2698
f 2675/4230/2357 708/4205/2337 2775/5083/2757
f 2775/5083/2757 708/4205/2337 2819/4201/2340
f 2766/5085/2758 2775/5083/2757 2819/4201/2340
f 2675/5086/2357 2674/5087/2701 2676/5088/2358
f 2692/3188/1796 2750/4914/2697 2694/3189/1797
f 2777/3678/2045 2833/5089/2759 2805/3686/2053
f 2833/5089/2759 2832/5090/2760 720/5091/2761
f 717/5092/2762 718/5093/1262 2832/5094/2760
f 717/5092/2762 715/5095/1265 718/5093/1262
f 2833/5089/2759 715/5096/1265 2832/5090/2760
f 2817/3693/2060 2833/5089/2759 2778/3680/2047
f 2777/3678/2045 2778/3680/2047 2833/5089/2759
f 2817/3693/2060 715/5096/1265 2833/5089/2759
f 715/5096/1265 717/5097/2762 2832/5090/2760
f 2809/5098/2763 715/5096/1265 2817/3693/2060
f 2792/3685/2052 2796/3684/2051 2751/3683/2050
f 725/5099/2764 3227/2255/1280 3425/5100/1303
f 725/5099/2764 724/2256/1281 3227/2255/1280
f 2800/3682/2049 2815/5101/2765 2830/5102/2766
f 2830/5102/2766 2831/5103/2767 725/5104/2764
f 2796/3684/2051 2815/5101/2765 2800/3682/2049
f 725/5104/2764 2831/5103/2767 724/5105/1281
f 723/5106/2768 721/5107/1288 724/5108/1281
f 2831/5103/2767 722/5109/2769 724/5105/1281
f 2796/3684/2051 2816/5110/2770 2815/5101/2765
f 2792/3685/2052 2816/5110/2770 2796/3684/2051
f 2792/3685/2052 2805/3686/2053 2816/5110/2770
f 2815/5101/2765 2831/5103/2767 2830/5102/2766
f 2816/5110/2770 720/5091/2761 2815/5101/2765
f 724/5105/1281 722/5109/2769 723/5111/2768
f 2815/5101/2765 720/5091/2761 2831/5103/2767
f 2685/3679/2046 2805/3686/2053 2792/3685/2052
f 720/5091/2761 722/5109/2769 2831/5103/2767
f 722/5109/2769 720/5091/2761 719/5112/1268
f 2805/3686/2053 720/5091/2761 2816/5110/2770
f 2832/5094/2760 718/5093/1262 719/5113/1268
f 723/5106/2768 722/5114/2769 721/5107/1288
f 722/5114/2769 719/5113/1268 721/5107/1288
f 2833/5089/2759 720/5091/2761 2805/3686/2053
f 720/5115/2761 2832/5094/2760 719/5113/1268
f 849/5116/2771 3249/5117/2772 726/5118/2773
f 2829/5119/2774 3249/5120/2772 849/5121/2771
f 725/5099/2764 3425/5100/1303 3249/5122/2772
f 2829/5119/2774 725/5123/2764 3249/5120/2772
f 2830/5102/2766 725/5104/2764 2829/5124/2774
f 727/5125/2775 849/5116/2771 726/5118/2773
f 855/5126/2776 2829/5119/2774 849/5121/2771
f 855/5126/2776 849/5121/2771 845/5127/2777
f 849/5121/2771 727/5128/2775 845/5127/2777
f 2804/5129/2778 2821/4203/2342 2809/5098/2763
f 2821/4203/2342 2822/2321/1308 2809/5098/2763
f 2776/5130/2779 2821/4203/2342 2804/5129/2778
f 2776/5130/2779 2819/4201/2340 2821/4203/2342
f 2748/3690/2057 2804/5129/2778 2773/3692/2059
f 2748/3690/2057 2776/5130/2779 2804/5129/2778
f 2819/4201/2340 2776/5130/2779 2766/5085/2758
f 2766/5085/2758 2776/5130/2779 2748/3690/2057
f 2690/3688/2055 2765/4923/2699 2766/5085/2758
f 2766/5085/2758 2765/4923/2699 2775/5083/2757
f 2691/3687/2054 2766/5085/2758 2748/3690/2057
f 2690/3688/2055 2766/5085/2758 2691/3687/2054
f 2694/3189/1797 2765/4923/2699 2690/3688/2055
f 2773/3692/2059 2804/5129/2778 2817/3693/2060
f 2804/5129/2778 2809/5098/2763 2817/3693/2060
f 715/5095/1265 714/2317/1307 716/2316/1266
f 2809/5098/2763 2822/2321/1308 715/5096/1265
f 2822/2321/1308 714/2320/1307 715/5096/1265
f 2870/4075/2269 2541/5131/2780 2544/5132/2781
f 2544/5132/2781 2545/5133/2782 2867/4080/2272
f 2528/2755/1569 2525/5134/2783 2532/2758/1570
f 2668/2766/1576 2669/5135/2784 781/5136/2785
f 779/2771/1577 2668/2766/1576 781/5136/2785
f 780/5137/2786 796/5138/2787 781/5139/2785
f 781/5139/2785 796/5138/2787 779/2768/1577
f 2669/5135/2784 780/5140/2786 781/5136/2785
f 779/2768/1577 794/5141/2788 2547/3793/2107
f 796/5138/2787 794/5141/2788 779/2768/1577
f 2549/3796/2109 2547/3792/2107 794/5142/2788
f 2549/3796/2109 794/5142/2788 2546/5143/2789
f 779/2768/1577 2547/3793/2107 777/2769/1578
f 2669/5135/2784 2668/2766/1576 2670/2807/1591
f 2546/5144/2789 794/5141/2788 796/5138/2787
f 780/5137/2786 2531/5145/2790 796/5138/2787
f 2531/5145/2790 2546/5144/2789 796/5138/2787
f 1916/5146/2791 2546/5144/2789 2531/5145/2790
f 486/5147/1583 468/3853/2145 482/5148/1587
f 509/5149/2792 482/5148/1587 468/3853/2145
f 2536/5150/2793 1914/5151/2794 517/5152/2795
f 468/3853/2145 484/5153/2796 509/5149/2792
f 2532/2758/1570 2525/5134/2783 2530/5154/2797
f 2526/2790/1586 2525/5134/2783 2528/2755/1569
f 519/5155/1588 509/5156/2792 517/5157/2795
f 1915/5158/2798 1914/5159/2794 2529/5160/2799
f 1915/5161/2798 1911/5162/2800 1914/5151/2794
f 1914/5151/2794 1911/5162/2800 517/5152/2795
f 2529/5163/2799 1914/5151/2794 2536/5150/2793
f 2526/2790/1586 519/2789/1588 1911/5164/2800
f 517/5152/2795 1911/5162/2800 519/5165/1588
f 482/5166/1587 509/5156/2792 519/5155/1588
f 2526/2790/1586 1911/5164/2800 1915/5158/2798
f 2526/2790/1586 1915/5158/2798 2525/5134/2783
f 1915/5158/2798 2530/5154/2797 2525/5134/2783
f 1915/5158/2798 2529/5160/2799 2530/5154/2797
f 2544/5167/2781 2541/5168/2780 2549/3796/2109
f 2541/5168/2780 2542/3795/2108 2549/3796/2109
f 2670/2807/1591 738/5169/2801 2669/5135/2784
f 2669/5170/2784 2530/5154/2797 2531/5171/2790
f 2669/5170/2784 2531/5171/2790 780/5172/2786
f 2530/5154/2797 1916/5173/2791 2531/5171/2790
f 1916/5174/2791 2529/5163/2799 2536/5150/2793
f 1916/5174/2791 2536/5150/2793 2538/5175/2802
f 2538/5176/2802 2544/5167/2781 1916/5177/2791
f 2538/5178/2802 2536/5179/2793 2535/5180/2803
f 517/5181/2795 2537/4589/2516 2536/5179/2793
f 2545/5182/2782 2544/5167/2781 2538/5176/2802
f 2536/5179/2793 2537/4589/2516 2535/5180/2803
f 2538/5176/2802 2535/5183/2803 2545/5182/2782
f 737/2747/1566 738/5184/2801 2670/5185/1591
f 2532/2805/1570 738/5184/2801 737/2747/1566
f 2532/2758/1570 2530/5154/2797 738/5186/2801
f 738/5186/2801 2530/5154/2797 2669/5170/2784
f 2530/5154/2797 2529/5160/2799 1916/5173/2791
f 1916/5177/2791 2544/5167/2781 2549/3796/2109
f 1916/5177/2791 2549/3796/2109 2546/5143/2789
f 2837/5187/1560 875/2742/1562 883/2723/1550
f 888/5188/2804 886/2727/1552 889/5059/2749
f 888/5188/2804 2837/5187/1560 886/2727/1552
f 2837/5187/1560 883/2723/1550 886/2727/1552
f 904/5065/2754 916/5043/2745 906/2494/1413
f 903/2495/1414 904/5065/2754 906/2494/1413
f 1200/2510/1424 1201/5189/2805 1835/2506/1421
f 1835/2506/1421 1201/5189/2805 1204/2507/1422
f 1834/2509/1423 1203/5190/2137 1200/2510/1424
f 1836/2513/1425 1203/5190/2137 1834/2509/1423
f 1836/2513/1425 1209/5191/2136 1203/5190/2137
f 1414/2511/1411 1927/3831/2129 1836/2513/1425
f 1836/5192/1425 1927/3829/2129 1209/3838/2136
f 904/5065/2754 2835/5193/2806 911/5066/2755
f 2835/5193/2806 888/5194/2804 911/5066/2755
f 888/5188/2804 889/5059/2749 911/5195/2755
f 1198/5196/2807 1206/5197/2808 888/5198/2804
f 1198/5196/2807 888/5198/2804 1199/5199/2809
f 1199/5200/2809 888/5201/2804 2835/5202/2806
f 1198/5196/2807 1207/5203/2810 1206/5197/2808
f 1840/5204/1434 2835/5193/2806 904/5065/2754
f 1208/5205/2131 3125/5206/2811 1207/5203/2810
f 1202/5207/2812 1207/5203/2810 1198/5196/2807
f 1202/5208/2812 582/5209/2132 1207/5210/2810
f 1208/5205/2131 1207/5203/2810 582/5211/2132
f 568/3840/2130 582/5209/2132 1202/5208/2812
f 3125/5212/2811 3127/2773/1579 3128/5213/2813
f 3128/5213/2813 3127/2773/1579 2836/2772/1561
f 3128/5213/2813 2836/2772/1561 2837/5214/1560
f 3121/2781/1584 1912/2780/1580 3125/5212/2811
f 3125/5212/2811 1912/2780/1580 3127/2773/1579
f 1913/5215/1582 468/3853/2145 486/5147/1583
f 466/3852/2144 484/5153/2796 468/3853/2145
f 1201/5216/2805 1198/5196/2807 1199/5199/2809
f 1201/5216/2805 1840/5217/1434 1204/5218/1422
f 1840/5219/1434 1199/5200/2809 2835/5202/2806
f 903/2495/1414 1840/5204/1434 904/5065/2754
f 1201/5216/2805 1199/5199/2809 1840/5217/1434
f 1200/5220/1424 1202/5207/2812 1201/5216/2805
f 1201/5216/2805 1202/5207/2812 1198/5196/2807
f 568/5221/2130 1200/5220/1424 1203/5222/2137
f 568/5221/2130 1202/5207/2812 1200/5220/1424
f 1205/5223/2814 3128/5224/2813 2837/2739/1560
f 1206/5225/2808 2837/2739/1560 888/5201/2804
f 3126/5226/2815 3125/5212/2811 3128/5213/2813
f 1207/5203/2810 3126/5227/2815 1206/5197/2808
f 1206/5197/2808 3126/5227/2815 1205/5228/2814
f 1205/5229/2814 3126/5226/2815 3128/5213/2813
f 1205/5223/2814 2837/2739/1560 1206/5225/2808
f 1207/5203/2810 3125/5206/2811 3126/5227/2815
f 1208/5205/2131 3121/5230/1584 3125/5206/2811
f 1208/5205/2131 469/5231/2143 3121/5230/1584
f 469/5232/2143 468/3853/2145 1913/5215/1582
f 3121/2781/1584 469/5233/2143 1913/2782/1582
f 467/3851/2142 468/3853/2145 469/5232/2143
f 466/3852/2144 473/5234/2519 484/5153/2796
f 463/3882/2161 479/4615/2529 466/3852/2144
f 565/3881/2157 465/5235/2162 463/3882/2161
f 465/5235/2162 464/4613/2527 463/3882/2161
f 762/5236/581 766/1026/580 1371/4409/2431
f 762/5236/581 1371/4409/2431 763/5237/2421
f 1371/4409/2431 3453/5238/2432 2429/4410/2428
f 3453/5238/2432 1371/4409/2431 1372/5239/2816
f 1384/4408/2423 763/5237/2421 1371/4409/2431
f 1370/4425/2441 3165/5240/2702 3164/4420/2354
f 3165/4938/2702 1367/5241/2356 1368/4944/2351
f 1370/4425/2441 1372/5239/2816 1367/5242/2356
f 1370/4425/2441 3164/4420/2354 2369/4423/2440
f 1370/4425/2441 1367/5242/2356 3165/5240/2702
f 1372/5239/2816 1366/3048/1715 1367/5242/2356
f 1372/5239/2816 1373/1025/587 1366/3048/1715
f 1373/1025/587 1365/3049/1716 1366/3048/1715
f 1365/3049/1716 1359/5243/2817 1254/5244/2818
f 766/1026/580 1373/1025/587 1372/5239/2816
f 1373/1025/587 1359/5243/2817 1365/3049/1716
f 1373/1025/587 1377/908/522 1359/5243/2817
f 1377/908/522 1376/1028/588 1359/5243/2817
f 1376/1028/588 1374/1029/589 1361/5245/2819
f 1374/1029/589 1375/1030/590 1361/5245/2819
f 3453/5238/2432 1370/4425/2441 2370/4424/2435
f 1372/5239/2816 1370/4425/2441 3453/5238/2432
f 1370/4425/2441 2369/4423/2440 1369/4426/2442
f 766/1026/580 1372/5239/2816 1371/4409/2431
f 1361/5245/2819 1375/1030/590 1244/5246/680
f 1375/1030/590 1243/1037/594 1244/5246/680
f 1362/5247/2820 1363/5248/682 1379/1036/593
f 2900/5249/2821 1873/5250/2822 933/5251/2823
f 1877/5252/2824 1876/2703/1539 1872/5253/2825
f 2901/5254/2826 2902/5255/2827 1873/5250/2822
f 1872/5253/2825 1873/5256/2822 2902/5257/2827
f 2901/5254/2826 1877/5258/2824 2902/5255/2827
f 1877/5258/2824 1872/5259/2825 2902/5255/2827
f 918/957/554 933/5260/2823 914/5261/479
f 918/957/554 914/5261/479 1875/958/478
f 2899/5262/2828 2900/5249/2821 919/5263/2829
f 933/5260/2823 919/5264/2829 2900/5265/2821
f 1878/5266/2830 1393/5267/1538 1877/5268/2824
f 1877/5252/2824 1393/2702/1538 1876/2703/1539
f 1878/5269/2830 1392/5270/2831 1393/2707/1538
f 2323/5271/2832 1391/5272/2833 1392/5273/2831
f 879/2705/1540 1393/2707/1538 1391/5274/2833
f 1389/5275/2834 2314/5276/1541 2315/5277/2835
f 2323/5271/2832 1390/5278/2836 1391/5272/2833
f 1392/5270/2831 1391/5274/2833 1393/2707/1538
f 2314/5276/1541 1390/5278/2836 2315/5277/2835
f 1390/5279/2836 879/2705/1540 1391/5274/2833
f 2314/2708/1541 879/2705/1540 1390/5279/2836
f 1389/5280/2834 1388/2709/1542 2314/2708/1541
f 923/5281/2729 2324/5282/2837 919/5283/2829
f 919/5264/2829 929/5284/2838 2901/5285/2826
f 2899/5262/2828 2901/5254/2826 2900/5249/2821
f 919/5283/2829 2324/5282/2837 929/5286/2838
f 900/5287/2839 2324/5282/2837 923/5288/2729
f 2324/5282/2837 2322/5289/2840 929/5286/2838
f 2324/5282/2837 2325/5290/2841 2323/5271/2832
f 900/5287/2839 2325/5290/2841 2324/5282/2837
f 2900/5249/2821 2901/5254/2826 1873/5250/2822
f 919/5264/2829 2901/5285/2826 2899/5291/2828
f 897/5292/2751 2325/5290/2841 896/5293/2842
f 897/5292/2751 2629/5294/2843 2325/5290/2841
f 2324/5282/2837 2323/5271/2832 2322/5289/2840
f 2325/5290/2841 2315/5277/2835 2323/5271/2832
f 918/957/554 919/5264/2829 933/5260/2823
f 923/5011/2729 919/5264/2829 918/957/554
f 920/5010/2728 900/5295/2839 923/5011/2729
f 896/5293/2842 2325/5290/2841 900/5287/2839
f 920/5296/2728 896/5293/2842 900/5287/2839
f 899/5297/2750 897/5298/2751 896/5299/2842
f 895/5025/2737 899/5297/2750 920/5026/2728
f 899/5297/2750 896/5300/2842 920/5026/2728
f 2901/5285/2826 929/5284/2838 1877/5301/2824
f 929/5302/2838 2322/5289/2840 1877/5303/2824
f 2322/5289/2840 1878/5266/2830 1877/5303/2824
f 2322/5289/2840 1392/5273/2831 1878/5266/2830
f 2323/5271/2832 1392/5273/2831 2322/5289/2840
f 2315/5277/2835 1390/5278/2836 2323/5271/2832
f 2316/5304/2844 1389/5275/2834 2315/5277/2835
f 1389/5275/2834 2318/5305/1555 1388/5306/1542
f 876/5031/2739 878/2712/1543 2629/5307/2843
f 2629/5294/2843 2315/5277/2835 2325/5290/2841
f 876/5031/2739 2629/5307/2843 897/5058/2751
f 2316/5308/2844 2629/5307/2843 878/2712/1543
f 878/2712/1543 2317/5309/2845 2316/5308/2844
f 2629/5310/2843 2316/5311/2844 2315/5312/2835
f 878/2712/1543 2321/2714/1545 2317/5309/2845
f 2317/5313/2845 1389/5275/2834 2316/5304/2844
f 2317/5313/2845 2318/5305/1555 1389/5275/2834
f 2317/5313/2845 2319/5314/1553 2318/5305/1555
f 2319/5314/1553 2317/5313/2845 2321/5315/1545
f 2321/5315/1545 2320/5316/1548 2319/5314/1553
f 1455/1542/870 1612/5317/2846 1613/1540/869
f 1613/1540/869 1612/5317/2846 1618/5318/2847
f 2340/5319/2848 2354/5320/2849 1234/5321/2850
f 1234/5321/2850 1233/5322/2851 2340/5319/2848
f 2574/5323/2852 2573/5324/2853 1617/5325/2854
f 1617/5325/2854 2573/5324/2853 2345/5326/2855
f 2345/5327/2855 2573/5328/2853 2340/5319/2848
f 1455/1591/870 1456/1592/896 1612/5329/2846
f 2574/5330/2852 1617/5331/2854 1612/5317/2846
f 2340/5319/2848 2339/5332/2856 2354/5320/2849
f 1606/3810/2116 1615/5333/2857 1604/3813/2120
f 1613/1540/869 1618/5318/2847 1615/5333/2857
f 1606/3810/2116 1613/1540/869 1615/5333/2857
f 1618/5318/2847 1621/5334/2858 1615/5333/2857
f 1633/5335/2859 1621/5334/2858 1618/5318/2847
f 1633/5336/2859 2349/5337/2860 1621/5338/2858
f 2349/5337/2860 2556/5339/2861 1621/5338/2858
f 1612/5317/2846 1617/5331/2854 1618/5318/2847
f 2345/5326/2855 2572/5340/2862 1617/5341/2854
f 2341/5342/2863 2572/5343/2862 2345/5327/2855
f 2345/5327/2855 2340/5319/2848 2341/5342/2863
f 2572/5344/2862 1633/5335/2859 1618/5318/2847
f 2341/5345/2863 1633/5346/2859 2572/5347/2862
f 1617/5331/2854 2572/5344/2862 1618/5318/2847
f 1631/1563/885 2656/5348/2864 1616/5349/2865
f 2240/1559/882 2656/5348/2864 1631/1563/885
f 2656/5348/2864 2616/5350/2866 2347/5351/2867
f 1631/1581/885 1616/5352/2865 1456/1593/896
f 2347/5351/2867 2412/5353/2868 1610/5354/2869
f 1616/5349/2865 2656/5348/2864 1610/5354/2869
f 2656/5348/2864 2347/5351/2867 1610/5354/2869
f 1456/1593/896 1616/5352/2865 2574/5330/2852
f 1456/1593/896 2574/5330/2852 1612/5317/2846
f 2326/5355/2870 2574/5323/2852 1610/5356/2869
f 1610/5357/2869 2574/5330/2852 1616/5352/2865
f 2346/5358/2871 1610/5359/2869 2339/5332/2856
f 2346/5360/2871 2326/5361/2870 1610/5362/2869
f 2339/5332/2856 2340/5319/2848 2346/5358/2871
f 2573/5328/2853 2346/5358/2871 2340/5319/2848
f 2573/5328/2853 2326/5363/2870 2346/5358/2871
f 2326/5355/2870 2573/5324/2853 2574/5323/2852
f 1233/5322/2851 2341/5342/2863 2340/5319/2848
f 2333/5364/2872 2336/5365/2873 1222/5366/2874
f 1615/5333/2857 1621/5367/2858 2352/5368/2875
f 2333/5364/2872 2343/5369/2876 2336/5365/2873
f 2352/5370/2875 2336/5365/2873 2343/5369/2876
f 1621/5367/2858 2338/5371/2877 2352/5368/2875
f 2343/5372/2876 1620/5373/2878 2352/5374/2875
f 2336/5365/2873 1233/5322/2851 2331/5375/2879
f 2336/5365/2873 2341/5342/2863 1233/5322/2851
f 2556/5376/2861 2336/5365/2873 1621/5377/2858
f 2336/5365/2873 2349/5378/2860 1633/5379/2859
f 2336/5365/2873 1632/5380/2880 1621/5377/2858
f 1621/5367/2858 1632/5381/2880 2338/5371/2877
f 2336/5365/2873 1633/5379/2859 2341/5342/2863
f 2335/5382/2881 1609/5383/2882 2333/5364/2872
f 1611/5384/2883 1609/5383/2882 2335/5382/2881
f 2338/5385/2877 1632/5380/2880 2336/5365/2873
f 2338/5385/2877 2336/5365/2873 2352/5370/2875
f 2556/5376/2861 2349/5378/2860 2336/5365/2873
f 1615/5333/2857 1620/5386/2878 1614/5387/2884
f 2352/5368/2875 1620/5386/2878 1615/5333/2857
f 1604/3813/2120 1615/5333/2857 1614/5387/2884
f 1604/3813/2120 1614/5387/2884 1600/3906/2180
f 1600/3906/2180 1614/5387/2884 1607/5388/2885
f 2333/5364/2872 1620/5389/2878 2343/5369/2876
f 1609/5383/2882 2344/5390/2886 2333/5364/2872
f 2333/5364/2872 2344/5390/2886 1620/5389/2878
f 1614/5387/2884 2344/5391/2886 1609/5392/2882
f 1609/5392/2882 1611/5393/2883 1614/5387/2884
f 1620/5386/2878 2344/5391/2886 1614/5387/2884
f 1614/5387/2884 1611/5393/2883 1607/5388/2885
f 1611/5393/2883 2334/5394/2887 1607/5388/2885
f 1607/5388/2885 2334/5394/2887 2332/5395/2888
f 1607/5388/2885 2332/5395/2888 1619/5396/2889
f 1762/2830/1603 1761/5397/2890 1932/5398/2891
f 1962/5399/1643 1967/5400/2892 1965/5401/2893
f 1932/5402/2891 1765/5403/2894 1931/5404/2895
f 1932/5402/2891 1931/5404/2895 1960/5405/2896
f 1513/4281/2373 1510/4280/2372 1761/5406/2890
f 1765/5407/2894 1510/5408/2372 2252/5409/2374
f 1761/5397/2890 1510/5408/2372 1765/5407/2894
f 1934/5410/2897 1929/4102/2285 1931/5404/2895
f 2252/4284/2374 1934/5411/2897 1765/5412/2894
f 1765/5403/2894 1934/5410/2897 1931/5404/2895
f 2252/4284/2374 2251/4098/2283 1934/5411/2897
f 2252/4284/2374 2250/4099/2284 2251/4098/2283
f 1934/5410/2897 2251/4101/2283 1929/4102/2285
f 1715/5413/2898 2568/5414/2899 1713/5415/2900
f 2568/5414/2899 2569/5416/2280 1714/5417/2901
f 2569/5416/2280 1972/4106/2282 1714/5417/2901
f 1967/5400/2892 1964/2837/1608 1960/5405/2896
f 1964/2837/1608 1933/2836/1602 1960/5405/2896
f 1933/2836/1602 1762/5418/1603 1932/5402/2891
f 1933/2836/1602 1932/5402/2891 1960/5405/2896
f 1761/5397/2890 1765/5407/2894 1932/5398/2891
f 2568/5414/2899 1962/2912/1643 1965/5419/2893
f 1965/5419/2893 2569/5416/2280 2568/5414/2899
f 1965/5401/2893 1967/5400/2892 1960/5405/2896
f 1965/5401/2893 1960/5405/2896 2569/4095/2280
f 1960/5405/2896 1931/5404/2895 1936/4096/2281
f 1960/5405/2896 1936/4096/2281 2569/4095/2280
f 1931/5404/2895 1929/4102/2285 1936/4096/2281
f 1976/2882/1631 1967/5400/2892 1968/5420/1639
f 1976/2882/1631 1964/2837/1608 1967/5400/2892
f 1968/2907/1639 1967/5421/2892 1962/2912/1643
f 1712/2903/1637 1962/5422/1643 1708/2911/1642
f 1962/5422/1643 1710/5423/2902 1708/2911/1642
f 1710/5424/2902 2568/5414/2899 1715/5413/2898
f 1962/2912/1643 2568/5414/2899 1710/5424/2902
f 1713/5415/2900 2568/5414/2899 1714/5417/2901
f 1713/5425/2900 1714/5426/2901 1476/5427/2903
f 2565/4105/2287 1478/5428/2904 1714/5417/2901
f 1972/4106/2282 2565/4105/2287 1714/5417/2901
f 1713/5429/2900 1710/5423/2902 1715/5430/2898
f 1713/5425/2900 1476/5427/2903 1710/5431/2902
f 2565/4105/2287 1479/5432/2905 1478/5428/2904
f 672/4140/2304 2359/4139/2308 2313/5433/2307
f 982/5434/2318 2311/5435/2319 2312/5436/2906
f 2312/5437/2906 3147/5438/2303 2357/5439/2907
f 3147/5440/2303 2313/5433/2307 2357/5441/2907
f 3147/4131/2303 2312/5442/2906 2311/4164/2319
f 2313/5443/2307 2358/5444/2908 2357/5445/2907
f 981/5446/2320 3132/5447/2909 988/5448/1443
f 984/5449/2321 982/5434/2318 2312/5436/2906
f 2312/5436/2906 3132/5447/2909 984/5449/2321
f 2312/5437/2906 2357/5439/2907 3132/5450/2909
f 2357/5451/2907 2069/5452/2910 3132/5447/2909
f 984/5449/2321 3132/5447/2909 981/5446/2320
f 988/5448/1443 3132/5447/2909 3130/5453/2911
f 3130/5453/2911 3131/5454/1448 988/5448/1443
f 3131/5455/1448 2491/5456/1447 988/5457/1443
f 2257/5458/1371 2633/5459/1450 2258/5460/1451
f 2259/5461/2912 1396/5462/1449 2492/5463/1446
f 3130/5464/2911 2259/5465/2912 3131/5466/1448
f 2259/5467/2912 2258/5468/1451 1396/5469/1449
f 3151/5470/2913 2257/2408/1371 2259/5467/2912
f 3131/5471/1448 2259/5467/2912 2492/5472/1446
f 2257/5458/1371 1398/5473/1593 2633/5459/1450
f 2259/5467/2912 2257/2408/1371 2258/5468/1451
f 3130/5453/2911 3133/5474/2914 2259/5475/2912
f 3151/5470/2913 2434/5476/2915 2257/2408/1371
f 3151/5477/2913 2259/5478/2912 3133/5474/2914
f 2434/5476/2915 3150/2406/1370 2257/2408/1371
f 3151/5477/2913 3150/2457/1370 2434/5479/2915
f 3133/5474/2914 3150/2457/1370 3151/5477/2913
f 3150/5480/1370 2433/2461/1372 2255/5481/1364
f 3154/5482/2916 3150/2457/1370 3133/5474/2914
f 3132/5447/2909 3133/5474/2914 3130/5453/2911
f 2069/5483/2910 2358/5484/2908 3146/5485/2917
f 2069/5452/2910 3134/5486/2918 3133/5474/2914
f 3134/5486/2918 3135/5487/2919 3133/5474/2914
f 3133/5474/2914 3135/5487/2919 3154/5482/2916
f 3146/5485/2917 3134/5488/2918 2069/5483/2910
f 2070/5489/2920 3163/5490/2921 3134/5488/2918
f 2069/5452/2910 3133/5474/2914 3132/5447/2909
f 3146/5485/2917 2070/5489/2920 3134/5488/2918
f 3135/5491/2919 3163/5492/2921 3154/5493/2916
f 3134/5488/2918 3163/5490/2921 3135/5494/2919
f 2882/5495/2922 3163/5496/2921 2070/5497/2920
f 2358/5498/2908 3145/4173/2324 3146/5499/2917
f 2358/5498/2908 2359/4139/2308 3145/4173/2324
f 2069/5483/2910 2357/5500/2907 2358/5484/2908
f 2313/5443/2307 2359/5501/2308 2358/5444/2908
f 2882/5495/2922 3148/4894/2687 2883/4895/2692
f 2884/4888/2689 2886/4893/1390 2883/4895/2692
f 3154/5482/2916 3152/2455/1397 3150/2457/1370
f 3163/5492/2921 2883/5502/2692 3154/5493/2916
f 3154/5493/2916 3162/2439/1391 3152/5503/1397
f 2883/5502/2692 3162/2439/1391 3154/5493/2916
f 2882/5495/2922 2883/4895/2692 3163/5496/2921
f 2886/2437/1390 3162/2439/1391 2883/5502/2692
f 2850/5504/993 2585/886/510 2851/888/495
f 2849/5505/996 2585/886/510 2850/5504/993
f 2849/1748/996 2854/1744/994 2846/2997/1688
f 2853/858/494 2854/1744/994 2849/1748/996
f 2586/5506/516 2585/886/510 2849/5507/996
f 1036/5508/2923 995/4310/2389 996/4306/2387
f 1036/5509/2923 994/5510/2924 995/5511/2389
f 1019/1462/818 994/5510/2924 1036/5509/2923
f 1013/1461/817 994/5510/2924 1019/1462/818
f 994/5510/2924 1290/5512/2392 995/5511/2389
f 1018/1460/816 1019/1462/818 1028/5513/1027
f 1023/946/545 1018/1460/816 1028/5513/1027
f 933/5251/2823 1873/5250/2822 1033/5514/477
f 1033/838/477 1873/5256/2822 1017/5515/542
f 1873/5256/2822 1016/5516/2925 1017/5515/542
f 1017/942/542 1016/5517/2925 1015/941/541
f 2035/951/549 2039/952/550 997/1796/1022
f 2039/953/550 1028/5513/1027 997/5518/1022
f 1015/941/541 1018/1460/816 1023/946/545
f 1873/5256/2822 1015/5519/541 1016/5516/2925
f 1872/5253/2825 1015/5519/541 1873/5256/2822
f 1011/5520/827 1015/5519/541 1872/5253/2825
f 1876/2703/1539 1011/5520/827 1872/5253/2825
f 1028/1805/1027 996/4306/2387 2014/1806/1026
f 1028/5513/1027 1019/1462/818 996/5521/2387
f 1019/1462/818 1036/5509/2923 996/5521/2387
f 1028/5513/1027 2039/953/550 1023/946/545
f 1876/2703/1539 1871/1608/829 1011/5520/827
f 1426/5522/2926 2360/5523/2927 1427/5524/2928
f 2371/5525/2929 2361/5526/2930 1049/5527/2931
f 2360/5523/2927 1049/5528/2931 2361/5529/2930
f 2361/5530/2930 2371/5531/2929 1843/1546/874
f 933/5251/2823 1033/5514/477 914/5532/479
f 1059/1595/898 994/5510/2924 1013/1461/817
f 991/5533/2932 989/5534/2933 992/5535/2934
f 990/4366/2414 989/5536/2933 2365/4370/2401
f 2365/4370/2401 989/5536/2933 991/5537/2932
f 991/5537/2932 1996/5538/2402 2365/4370/2401
f 2364/5539/2935 2366/3527/1968 1996/5538/2402
f 1030/5540/2936 991/5533/2932 992/5535/2934
f 991/5537/2932 2364/5539/2935 1996/5538/2402
f 1030/5541/2936 2364/5539/2935 991/5537/2932
f 2364/5539/2935 1428/5542/1964 1429/3528/830
f 2364/5539/2935 1426/5522/2926 1428/5542/1964
f 2364/5539/2935 1429/3528/830 2366/3527/1968
f 2363/5543/2937 2364/5539/2935 1030/5541/2936
f 2364/5539/2935 2363/5543/2937 1426/5522/2926
f 2363/5543/2937 1054/5544/2938 1426/5522/2926
f 2362/5545/2939 1426/5522/2926 1054/5544/2938
f 2362/5545/2939 2360/5523/2927 1426/5522/2926
f 1059/1595/898 1025/1610/900 1032/1611/901
f 994/5510/2924 2017/5546/2412 1290/5512/2392
f 994/5510/2924 1059/1595/898 2017/5546/2412
f 2017/5546/2412 1059/1595/898 993/5547/2413
f 1032/1611/901 993/5547/2413 1059/1595/898
f 993/5547/2413 992/5535/2934 990/5548/2414
f 1032/1611/901 992/5535/2934 993/5547/2413
f 990/5548/2414 992/5535/2934 989/5534/2933
f 1032/1611/901 1030/5549/2936 992/5535/2934
f 1056/1612/902 2363/5550/2937 1030/5549/2936
f 1056/1612/902 1054/5551/2938 2363/5550/2937
f 1056/1612/902 1024/1486/840 1054/5551/2938
f 2362/5552/2939 1054/5551/2938 1024/1486/840
f 1050/5553/2940 2362/5552/2939 1024/1486/840
f 1026/1487/841 1030/5549/2936 1032/1611/901
f 1026/1487/841 1056/1612/902 1030/5549/2936
f 2362/5545/2939 1050/5554/2940 2360/5523/2927
f 1055/5555/2941 1049/5556/2931 1050/5553/2940
f 1049/5528/2931 2360/5523/2927 1050/5554/2940
f 2078/3585/60 2075/2648/1503 2077/2650/1505
f 2078/3585/60 2076/5557/2942 2075/2648/1503
f 1975/5558/2943 704/5559/1693 1966/5560/2944
f 1975/5558/2943 1982/5561/2945 704/5559/1693
f 1360/5562/2946 703/1079/616 1982/5563/2945
f 704/5564/1693 1982/5565/2945 3212/5566/1684
f 1977/5567/615 3212/5566/1684 1982/5565/2945
f 1977/5567/615 711/5568/618 3212/5566/1684
f 703/5569/616 1977/5567/615 1982/5565/2945
f 2844/1083/620 2587/1082/619 2846/5570/1688
f 2846/5570/1688 2587/1082/619 2586/5506/516
f 2846/5570/1688 2586/5506/516 2849/5507/996
f 2587/1082/619 758/1104/634 2586/5506/516
f 2487/3067/1729 704/5559/1693 3213/3066/1695
f 2487/3067/1729 1966/5560/2944 704/5559/1693
f 2586/899/516 758/1106/634 790/897/514
f 758/1106/634 755/912/525 790/897/514
f 1382/5571/2947 1582/5572/673 1253/5573/667
f 795/5574/2948 1583/5575/2949 1383/5576/2950
f 2555/3785/2100 2553/3784/2099 789/5577/2951
f 795/5578/2948 2548/5579/2952 1583/5580/2949
f 789/5581/2951 788/5582/2953 776/1173/677
f 791/5583/2954 789/5581/2951 776/1173/677
f 788/5582/2953 795/5584/2948 787/1192/686
f 773/1174/678 776/1173/677 787/1192/686
f 795/5584/2948 2550/5585/2955 787/1192/686
f 788/5586/2953 2548/5579/2952 795/5578/2948
f 776/1173/677 788/5582/2953 787/1192/686
f 789/5577/2951 2548/5579/2952 788/5586/2953
f 2548/5579/2952 789/5577/2951 2553/3784/2099
f 784/913/526 752/1181/681 1378/1035/592
f 1378/1034/592 801/5587/2956 1379/1036/593
f 1379/1036/593 801/5587/2956 1362/5247/2820
f 752/1181/681 801/5588/2956 1378/1035/592
f 752/1181/681 1380/5589/2957 801/5588/2956
f 801/5587/2956 1380/5590/2957 1362/5247/2820
f 786/5591/2958 1380/5589/2957 752/1181/681
f 787/1192/686 786/5591/2958 752/1181/681
f 787/1192/686 2550/5585/2955 786/5591/2958
f 1380/5590/2957 786/5592/2958 1362/5247/2820
f 786/5592/2958 1584/5593/2959 1364/5594/2960
f 1363/5248/682 1364/5595/2960 1256/5596/666
f 786/5592/2958 1363/5248/682 1362/5247/2820
f 786/5592/2958 1364/5594/2960 1363/5248/682
f 1381/5597/2961 1584/5593/2959 786/5592/2958
f 1584/5598/2959 1253/5573/667 1256/5596/666
f 1381/5597/2961 1382/5599/2947 1584/5593/2959
f 1256/5596/666 1364/5595/2960 1584/5598/2959
f 2550/5600/2955 1381/5597/2961 786/5592/2958
f 1382/5571/2947 1253/5573/667 1584/5598/2959
f 1382/5601/2947 1381/5602/2961 1582/1163/673
f 1381/5602/2961 1383/5576/2950 1582/1163/673
f 795/5578/2948 1383/5603/2950 2550/5604/2955
f 2550/5604/2955 1383/5603/2950 1381/5605/2961
f 793/3794/2104 792/5606/2106 778/3773/2098
f 2555/3785/2100 789/5577/2951 791/5607/2954
f 2554/3788/2103 2555/3785/2100 2552/3798/2111
f 778/3773/2098 776/1173/677 774/1175/679
f 778/3773/2098 791/5583/2954 776/1173/677
f 792/5606/2106 791/5583/2954 778/3773/2098
f 791/5607/2954 792/3791/2106 2555/3785/2100
f 1245/5608/2962 1975/5609/2943 1966/5610/2944
f 1245/5608/2962 1360/5562/2946 1975/5609/2943
f 1975/5609/2943 1360/5562/2946 1982/5563/2945
f 1360/5562/2946 1956/1077/614 703/1079/616
f 1247/1101/632 1956/1077/614 1360/5562/2946
f 1247/1101/632 1951/1090/625 1956/1077/614
f 1247/5611/632 1361/5612/2819 1939/5613/623
f 1969/5614/2963 1245/5608/2962 1966/5610/2944
f 1366/3057/1715 1255/5615/1717 2484/3058/1723
f 1255/5616/1717 1365/3049/1716 1254/5244/2818
f 1255/5615/1717 1254/5617/2818 1973/5618/2964
f 1359/5243/2817 1969/5619/2963 1254/5244/2818
f 1254/5620/2818 1969/5614/2963 1973/5621/2964
f 1969/5614/2963 1966/5610/2944 2487/5622/1729
f 1359/5243/2817 1245/5623/2962 1969/5619/2963
f 1359/5243/2817 1376/1028/588 1245/5623/2962
f 1376/1028/588 1361/5245/2819 1360/5624/2946
f 1244/1176/680 1939/1178/623 1361/5612/2819
f 1376/1028/588 1360/5624/2946 1245/5623/2962
f 1361/5612/2819 1247/5611/632 1360/5625/2946
f 2484/3058/1723 1255/5615/1717 2409/3064/1727
f 2409/3070/1727 1973/5626/2964 2408/3068/1730
f 1255/5615/1717 1973/5618/2964 2409/3064/1727
f 1973/5621/2964 2487/5622/1729 2408/5627/1730
f 1969/5614/2963 2487/5622/1729 1973/5621/2964
f 1498/960/556 1516/5628/1601 1500/961/557
f 2228/2822/1600 915/982/565 1516/2823/1601
f 2228/2822/1600 912/5629/566 915/982/565
f 910/2835/1607 912/5629/566 2228/2822/1600
f 1516/5630/1601 1766/980/564 1500/5631/557
f 1515/2831/1604 1764/5632/1599 1516/5630/1601
f 1498/960/556 1492/971/562 1497/5633/2965
f 1514/5634/2966 1515/5635/1604 1498/960/556
f 1762/2830/1603 1515/2831/1604 1514/5636/2966
f 1515/5635/1604 1516/5628/1601 1498/960/556
f 1490/5637/2967 1498/960/556 1497/5633/2965
f 1513/4281/2373 1498/960/556 1490/5637/2967
f 1513/4281/2373 1514/5634/2966 1498/960/556
f 1513/4281/2373 1761/5406/2890 1514/5634/2966
f 1514/5634/2966 1761/5406/2890 1762/5638/1603
f 1516/2823/1601 915/982/565 1766/984/564
f 2229/2834/1606 909/5639/2722 910/2835/1607
f 2229/2834/1606 907/5640/1613 909/5639/2722
f 907/5641/1613 908/4999/2720 909/5002/2722
f 905/4998/2719 908/4999/2720 907/5641/1613
f 1832/2849/1612 905/5642/2719 907/2848/1613
f 1817/5643/1435 901/5644/1437 905/5642/2719
f 1832/2849/1612 1817/5643/1435 905/5642/2719
f 1717/5645/2296 1489/4270/2366 1718/5646/2968
f 2571/4666/2295 1489/4270/2366 1717/5645/2296
f 1478/5647/2904 1485/4290/2376 1476/5427/2903
f 1479/5648/2905 1485/4290/2376 1478/5647/2904
f 1479/5648/2905 1484/4277/2369 1485/4290/2376
f 1716/5649/2969 1484/4277/2369 1479/5648/2905
f 1716/5649/2969 1718/5646/2968 1484/4277/2369
f 2565/4105/2287 1716/5650/2969 1479/5432/2905
f 2564/4119/2294 1718/5651/2968 1716/5650/2969
f 2565/4105/2287 2564/4119/2294 1716/5650/2969
f 1718/5646/2968 1489/4270/2366 1484/4277/2369
f 2564/4119/2294 1717/4121/2296 1718/5651/2968
f 2579/972/563 1002/974/559 1045/5652/607
f 2579/972/563 1709/2906/1638 2578/5653/561
f 1490/5637/2967 1497/5633/2965 2578/5654/561
f 2579/972/563 2578/5653/561 999/973/560
f 1490/5637/2967 2578/5654/561 1483/5655/2970
f 1709/5656/1638 1483/5655/2970 2578/5654/561
f 1483/5657/2970 1709/2905/1638 1706/2891/1634
f 1483/5657/2970 1706/2891/1634 1480/2908/1640
f 1477/2910/1641 1480/2908/1640 1712/2903/1637
f 1477/5658/1641 1481/5659/2971 1480/5660/1640
f 1710/5431/2902 1476/5427/2903 1481/5659/2971
f 1480/5660/1640 1490/5637/2967 1483/5655/2970
f 1490/5637/2967 1480/5660/1640 1481/5659/2971
f 1708/5661/1642 1481/5659/2971 1477/5658/1641
f 1710/5431/2902 1481/5659/2971 1708/5661/1642
f 1046/1076/613 2579/972/563 1045/5652/607
f 1309/5662/2713 2866/5663/2972 2551/5664/2714
f 1312/5665/2717 2871/5666/2973 1313/5667/2275
f 2865/5668/2974 2541/5131/2780 2871/5666/2973
f 1312/5665/2717 2865/5668/2974 2871/5666/2973
f 2871/5666/2973 2541/5131/2780 2870/4075/2269
f 2551/5664/2714 2865/5669/2974 1310/5670/2718
f 1311/5671/2716 1310/5670/2718 1312/5672/2717
f 1310/5670/2718 2865/5669/2974 1312/5672/2717
f 2871/5666/2973 1314/4077/2267 1313/5667/2275
f 2871/5666/2973 2870/4075/2269 1314/4077/2267
f 1580/1159/670 1581/5673/2101 1306/1170/676
f 1581/5673/2101 1304/5674/2102 1306/1170/676
f 1303/5675/2975 1304/5676/2102 2554/5677/2103
f 1304/5674/2102 1303/5678/2975 1306/1170/676
f 1303/5675/2975 2554/5677/2103 1302/5679/2976
f 1306/1170/676 1303/5678/2975 1946/1172/645
f 2554/3788/2103 2552/3798/2111 1302/5680/2976
f 1946/1172/645 1303/5678/2975 1309/5662/2713
f 1302/5680/2976 2552/3798/2111 1305/5681/2977
f 1309/5662/2713 1303/5678/2975 1302/5682/2976
f 1302/5682/2976 1305/5683/2977 1309/5662/2713
f 1309/5662/2713 1305/5683/2977 2866/5663/2972
f 2866/5684/2972 2543/3790/2105 2551/5685/2714
f 1305/5681/2977 2543/3790/2105 2866/5684/2972
f 2551/5685/2714 2543/3790/2105 2540/3797/2110
f 2552/3798/2111 2543/3790/2105 1305/5681/2977
f 2865/5668/2974 2542/5686/2108 2541/5131/2780
f 2865/5668/2974 2540/5687/2110 2542/5686/2108
f 2551/5688/2714 2540/5687/2110 2865/5668/2974
f 1497/5689/2965 1492/5690/562 2578/5691/561
f 1476/5427/2903 1485/4290/2376 1482/4293/2377
f 1714/5426/2901 1478/5647/2904 1476/5427/2903
f 1481/5659/2971 1513/4281/2373 1490/5637/2967
f 1482/4293/2377 1513/4281/2373 1481/5659/2971
f 1476/5427/2903 1482/4293/2377 1481/5659/2971
f 3279/5692/2978 2145/5693/2979 2105/3600/1996
f 2105/3600/1996 2145/5693/2979 2144/5694/2980
f 3278/5695/2981 2137/5696/2982 3284/5697/2983
f 3278/5695/2981 3279/5698/2978 2137/5696/2982
f 818/1291/728 3264/1290/727 3415/5699/2984
f 3264/1290/727 3290/1289/726 3263/5700/2985
f 3264/1290/727 3270/5701/2986 3415/5702/2984
f 2162/5703/2987 3271/5704/2988 3277/5705/2989
f 2162/5703/2987 3415/5699/2984 3270/5701/2986
f 2162/5703/2987 3270/5701/2986 3271/5704/2988
f 3281/1304/737 3259/1285/723 3262/5706/2990
f 3281/1304/737 3262/5706/2990 3278/5695/2981
f 3278/5695/2981 3262/5706/2990 3279/5698/2978
f 3269/1318/741 3415/5699/2984 2162/5703/2987
f 3269/1318/741 2162/5703/2987 3272/5707/2991
f 2171/5708/2992 2140/3619/2013 2071/3613/2007
f 2171/5708/2992 3272/5709/2991 2140/3619/2013
f 3272/5709/2991 2125/3620/2014 2140/3619/2013
f 2140/3619/2013 1091/3621/2010 2071/3613/2007
f 3272/5709/2991 2162/5710/2987 2125/3620/2014
f 3271/5704/2988 3437/5711/2993 3277/5705/2989
f 2162/5710/2987 3277/5712/2989 2125/3620/2014
f 3290/1289/726 822/1303/736 3263/5700/2985
f 3263/5700/2985 822/1303/736 3281/1304/737
f 3277/5712/2989 3437/5713/2993 2125/3620/2014
f 3406/5714/2994 2138/5715/2995 3437/5711/2993
f 3406/5714/2994 3287/5716/2996 2138/5715/2995
f 3278/5695/2981 3284/5697/2983 2138/5715/2995
f 3287/5716/2996 3278/5695/2981 2138/5715/2995
f 3264/5717/727 3281/5718/737 3419/5719/2997
f 3271/5720/2988 3419/5721/2997 3287/5722/2996
f 3264/1290/727 3263/5700/2985 3281/1304/737
f 3406/5714/2994 3437/5711/2993 3271/5704/2988
f 3270/5701/2986 3419/5723/2997 3271/5704/2988
f 3264/1290/727 3419/5723/2997 3270/5701/2986
f 3281/1304/737 3287/5716/2996 3419/5723/2997
f 3281/1304/737 3278/5695/2981 3287/5716/2996
f 3287/5722/2996 3406/5724/2994 3271/5720/2988
f 3266/1265/709 3265/1266/710 3269/1318/741
f 3266/1265/709 3267/5725/2998 3268/5726/2999
f 3266/1265/709 3269/1318/741 3267/5725/2998
f 3267/5727/2998 3269/5728/741 2171/5729/2992
f 3269/1318/741 3272/5707/2991 2171/5730/2992
f 818/1291/728 3415/5699/2984 3269/1318/741
f 819/1317/708 818/1291/728 3269/1318/741
f 3268/5731/2999 3267/5732/2998 2073/5733/3000
f 3267/5732/2998 2171/5708/2992 2073/5733/3000
f 2073/5733/3000 2171/5708/2992 2071/3613/2007
f 1037/1497/849 1035/5734/3001 1027/5735/864
f 2045/1574/890 1035/5734/3001 1037/1497/849
f 499/5736/2521 2048/5737/3002 523/5738/2520
f 1060/5739/3003 1039/5740/3004 2045/1574/890
f 2045/1574/890 1039/5740/3004 1035/5734/3001
f 2047/5741/3005 1060/5739/3003 2045/1574/890
f 1062/5742/3006 1060/5739/3003 2047/5741/3005
f 2050/1583/893 2047/5741/3005 2045/1574/890
f 523/5738/2520 2048/5737/3002 2049/5743/895
f 2048/5737/3002 2047/5741/3005 2050/1583/893
f 2048/5737/3002 2050/1583/893 2049/5743/895
f 2839/1568/886 523/4594/2520 2049/1588/895
f 1063/5744/3007 1062/5742/3006 2047/5741/3005
f 494/5745/2530 2048/5737/3002 499/5736/2521
f 489/5746/2531 492/5747/3008 494/4618/2530
f 485/4617/2526 489/5746/2531 494/4618/2530
f 492/5748/3008 493/5749/3009 1064/5750/3010
f 1064/5750/3010 518/5751/3011 492/5748/3008
f 493/5749/3009 1061/5752/3012 1064/5750/3010
f 492/5753/3008 1063/5744/3007 2047/5741/3005
f 494/5745/2530 492/5753/3008 2048/5737/3002
f 2048/5737/3002 492/5753/3008 2047/5741/3005
f 492/5753/3008 1065/5754/3013 1063/5744/3007
f 518/5755/3011 1065/5754/3013 492/5753/3008
f 1057/5756/3014 518/5757/3011 1061/5752/3012
f 1061/5752/3012 518/5757/3011 1064/5750/3010
f 1065/5758/3013 518/5757/3011 1063/5759/3007
f 1062/5760/3006 1063/5759/3007 1060/5761/3003
f 518/5757/3011 1057/5756/3014 1063/5759/3007
f 1024/1486/840 1055/5555/2941 1050/5553/2940
f 1024/1486/840 1027/1532/864 1055/5555/2941
f 1039/5762/3004 1060/5761/3003 1051/5763/3015
f 1039/5762/3004 1051/5763/3015 1035/5764/3001
f 1035/5764/3001 1055/5555/2941 1027/1532/864
f 1051/5763/3015 1055/5555/2941 1035/5764/3001
f 1058/5765/3016 1051/5763/3015 1060/5761/3003
f 978/4170/2298 2880/2550/1440 2505/5766/1445
f 2461/5767/1480 2879/5768/2332 978/4170/2298
f 2461/5767/1480 2505/5766/1445 2462/5769/1478
f 978/4170/2298 2505/5766/1445 2461/5767/1480
f 2460/2606/1481 2504/2608/1479 2375/5770/1937
f 2460/2606/1481 2461/5771/1480 2459/2607/1477
f 979/5772/1950 2461/5767/1480 2460/5773/1481
f 2375/5770/1937 2504/2608/1479 2374/2624/1491
f 1210/3275/1852 2329/5774/3017 1223/5775/3018
f 1210/3275/1852 2328/5776/3019 2329/5774/3017
f 1217/3277/1853 1211/5777/3020 2328/5776/3019
f 1217/3277/1853 2328/5776/3019 1210/3275/1852
f 1217/3277/1853 1212/5778/1820 1211/5777/3020
f 1588/3897/2173 1589/5779/3021 1585/5780/3022
f 1603/5781/3023 1589/5779/3021 1588/3897/2173
f 1595/5782/3024 1589/5779/3021 1603/5781/3023
f 1624/5783/3025 1595/5782/3024 1603/5781/3023
f 1589/5779/3021 1595/5782/3024 1592/5784/3026
f 1595/5782/3024 1214/5785/3027 1622/3305/1866
f 1591/3896/2174 1603/5781/3023 1588/3897/2173
f 1608/5786/3028 1603/5781/3023 1591/3896/2174
f 1608/5786/3028 1624/5783/3025 1603/5781/3023
f 1624/5783/3025 1216/5787/3029 1214/5785/3027
f 1624/5783/3025 1214/5785/3027 1595/5782/3024
f 1627/3308/1822 1214/5788/3027 1213/5789/3030
f 1627/3308/1822 1215/3310/1868 1214/5788/3027
f 1213/5790/3030 1214/5785/3027 1216/5787/3029
f 1214/5785/3027 1215/3307/1868 1622/3305/1866
f 1592/5784/3026 590/5791/3031 1590/5792/3032
f 1592/5784/3026 1590/5792/3032 1589/5779/3021
f 1595/5782/3024 1622/3305/1866 1592/5784/3026
f 1592/5784/3026 1593/5793/3033 590/5791/3031
f 1622/3305/1866 1593/5793/3033 1592/5784/3026
f 1597/3304/1865 1593/5793/3033 1622/3305/1866
f 1597/3304/1865 1073/5794/3034 1594/5795/3035
f 1597/3304/1865 1594/5795/3035 1593/5793/3033
f 1608/5786/3028 2327/5796/3036 1624/5783/3025
f 2327/5796/3036 1219/5797/3037 1624/5783/3025
f 1219/5797/3037 1216/5787/3029 1624/5783/3025
f 1212/5778/1820 1216/5798/3029 1211/5777/3020
f 1211/5777/3020 1216/5798/3029 1219/5799/3037
f 1212/5778/1820 1213/5789/3030 1216/5798/3029
f 1627/3308/1822 1213/5789/3030 1212/5778/1820
f 2329/5800/3017 2332/5801/2888 1223/5802/3018
f 1619/5396/2889 2327/5796/3036 1608/5786/3028
f 1211/5803/3020 1219/5804/3037 2328/5805/3019
f 2328/5805/3019 1219/5804/3037 2327/5806/3036
f 1619/5807/2889 2332/5801/2888 2329/5800/3017
f 2327/5806/3036 1619/5807/2889 2329/5800/3017
f 2327/5806/3036 2329/5800/3017 2328/5805/3019
f 1644/3352/1894 1596/5808/1895 1597/3304/1865
f 1597/3304/1865 1596/5808/1895 1073/5794/3034
f 1608/5786/3028 1598/5809/2169 1602/5810/2166
f 1608/5786/3028 1591/3896/2174 1598/5809/2169
f 1918/5811/2186 641/3893/2171 1586/3892/2170
f 1588/3897/2173 1585/5780/3022 1586/5812/2170
f 1585/5813/3022 592/5814/3038 1918/5811/2186
f 1587/5815/3039 592/5814/3038 1585/5813/3022
f 1585/5780/3022 1918/5816/2186 1586/5812/2170
f 1589/5779/3021 1587/5817/3039 1585/5780/3022
f 1589/5779/3021 1590/5792/3032 1587/5817/3039
f 1605/5818/3040 1602/5810/2166 1691/3916/2175
f 1600/3906/2180 1605/5818/3040 1691/3916/2175
f 1605/5818/3040 1608/5786/3028 1602/5810/2166
f 1600/3906/2180 1607/5388/2885 1605/5818/3040
f 1605/5818/3040 1607/5388/2885 1608/5786/3028
f 1607/5388/2885 1619/5396/2889 1608/5786/3028
f 3275/5819/688 3407/5820/3041 3274/1210/305
f 3274/1210/305 3407/5820/3041 323/5821/56
f 321/5822/460 2080/5823/3042 2079/5824/59
f 2079/5824/59 2080/5823/3042 2076/5557/2942
f 321/5825/460 323/5821/56 2080/5826/3042
f 3274/1210/305 3276/1207/689 3275/5819/688
f 3275/1206/688 3273/1208/690 3407/5820/3041
f 3407/5820/3041 3408/5827/3043 2080/5826/3042
f 323/5821/56 3407/5820/3041 2080/5826/3042
f 2080/5826/3042 2075/5828/1503 2076/5829/2942
f 3408/5827/3043 2075/5828/1503 2080/5826/3042
f 2072/2649/1504 1089/3641/1986 2077/2650/1505
f 3273/1208/690 3266/1265/709 3408/5827/3043
f 3266/1265/709 3268/5726/2999 3408/5827/3043
f 3407/5820/3041 3273/1208/690 3408/5827/3043
f 3408/5830/3043 2074/5831/3044 2075/5832/1503
f 2074/5833/3044 3268/5834/2999 2073/5835/3000
f 3408/5836/3043 3268/5834/2999 2074/5833/3044
f 2074/5831/3044 2073/5733/3000 2072/2649/1504
f 2073/5733/3000 2071/3613/2007 2072/2649/1504
f 2074/5831/3044 2072/2649/1504 2075/2648/1503
f 1052/5837/3045 2372/5838/3046 2371/5839/2929
f 1052/5837/3045 1844/5840/875 2372/5838/3046
f 1052/5837/3045 1047/5841/3047 1844/5840/875
f 493/5749/3009 488/5842/3048 1061/5752/3012
f 1053/5843/3049 1057/5756/3014 1061/5752/3012
f 1052/5837/3045 1058/5765/3016 1047/5841/3047
f 1058/5765/3016 1845/5844/3050 1047/5841/3047
f 1055/5555/2941 2371/5839/2929 1049/5556/2931
f 1052/5837/3045 2371/5839/2929 1055/5555/2941
f 1051/5763/3015 1052/5837/3045 1055/5555/2941
f 1058/5765/3016 1052/5837/3045 1051/5763/3015
f 1063/5759/3007 1058/5765/3016 1060/5761/3003
f 1057/5756/3014 1846/5845/3051 1058/5765/3016
f 1057/5756/3014 1847/5846/3052 1846/5845/3051
f 1057/5756/3014 1058/5765/3016 1063/5759/3007
f 2548/5579/2952 2553/3784/2099 1583/5580/2949
f 1307/1166/669 2553/5847/2099 1580/5848/670
f 1383/5576/2950 1583/5575/2949 1582/1163/673
f 1583/5575/2949 2553/5847/2099 1307/1166/669
f 1583/5575/2949 1307/1166/669 1582/1163/673
f 2553/5847/2099 1581/5849/2101 1580/5848/670
f 2867/4080/2272 2870/4075/2269 2544/5132/2781
f 2545/5133/2782 2868/4605/2524 2867/4080/2272
f 2533/4606/2514 2868/4605/2524 2545/5133/2782
f 2535/5183/2803 2533/5850/2514 2545/5182/2782
f 2070/5851/2920 3145/4173/2324 2882/5852/2922
f 3145/4173/2324 2070/5851/2920 3146/5499/2917
f 3145/4173/2324 1890/4180/2328 1891/4869/2685
f 1891/4869/2685 3148/4871/2687 3145/4173/2324
f 3148/4871/2687 2882/5852/2922 3145/4173/2324
f 1298/5853/3053 1287/4371/2415 1189/4372/1975
f 1188/3552/1977 1298/5854/3053 1189/3548/1975
f 1561/5855/2418 1282/4374/2416 1287/4371/2415
f 1999/5856/3054 1287/4371/2415 1298/5853/3053
f 1291/5857/3055 1562/5858/2420 1561/5855/2418
f 1999/5856/3054 1561/5855/2418 1287/4371/2415
f 1999/5856/3054 1291/5857/3055 1561/5855/2418
f 1188/3552/1977 1192/3558/1979 1298/5854/3053
f 1192/5859/1979 1999/5860/3054 1298/5861/3053
f 1191/5862/3056 1999/5860/3054 1192/5859/1979
f 1191/5863/3056 1291/5857/3055 1999/5856/3054
f 1187/3562/1980 1191/5864/3056 1192/3558/1979
f 1190/5865/3057 1191/5864/3056 1187/3562/1980
f 1190/5865/3057 2003/5866/3058 1191/5864/3056
f 2003/5867/3058 1297/5868/3059 1191/5862/3056
f 901/5000/1437 902/2534/1430 913/2536/1431
f 1815/2396/1362 902/2544/1430 901/5644/1437
f 2633/2561/1450 2636/2809/1592 1830/2631/1494
f 3034/5869/3060 2987/4453/2459 3003/4452/2458
f 2916/5870/3061 3034/5869/3060 3003/4452/2458
f 3034/5869/3060 2981/5871/3062 2987/4453/2459
f 2980/5872/2460 2910/5873/1089 3009/5874/2461
f 2981/5875/3062 2980/5872/2460 2987/5876/2459
f 2917/5877/3063 2916/5870/3061 3003/4452/2458
f 2910/1912/1089 2980/5878/2460 2982/1926/1099
f 2920/5879/3064 2918/5880/3065 2916/5870/3061
f 2918/5880/3065 2981/5881/3062 2916/5870/3061
f 2918/5882/3065 2982/5883/1099 2981/5884/3062
f 2981/5884/3062 2982/5885/1099 2980/5886/2460
f 2916/5887/3061 2981/5884/3062 3034/5888/3060
f 2918/5882/3065 2925/1945/1097 2982/5883/1099
f 1528/5889/1104 3013/1956/1100 2906/5890/3066
f 3008/5891/3067 2922/5892/3068 2924/5893/3069
f 2920/5879/3064 2921/5894/3070 2922/5892/3068
f 2922/5892/3068 2917/5877/3063 2924/5893/3069
f 2920/5879/3064 2916/5870/3061 2921/5894/3070
f 2921/5895/3070 2916/5870/3061 2917/5877/3063
f 2921/5895/3070 2917/5877/3063 2922/5892/3068
f 2989/5896/3071 3000/5897/3072 2920/5879/3064
f 2989/5898/3071 2920/5899/3064 2922/5900/3068
f 2961/5901/3073 2926/4492/2478 2927/4494/2479
f 3008/5902/3067 2924/5903/3069 2926/5904/2478
f 2924/5893/3069 2917/5877/3063 2932/4459/2462
f 2926/4492/2478 2924/5893/3069 2932/4459/2462
f 2917/5877/3063 3003/4452/2458 2932/4459/2462
f 3000/5905/3072 3023/5906/3074 3006/5907/3075
f 3000/5908/3072 3006/5909/3075 2920/5910/3064
f 3006/5911/3075 2918/5880/3065 2920/5879/3064
f 3023/5912/3074 2919/5913/3076 3006/5911/3075
f 2919/5914/3076 3036/1944/1114 2923/1946/1115
f 3006/5911/3075 2923/5915/1115 2918/5880/3065
f 2974/5916/3077 3023/5912/3074 3000/5917/3072
f 2919/5913/3076 2923/5915/1115 3006/5911/3075
f 2923/5915/1115 2925/5918/1097 2918/5880/3065
f 1399/5919/3078 2906/5920/3066 2919/5914/3076
f 2906/5920/3066 3036/1944/1114 2919/5914/3076
f 2906/5890/3066 3013/1956/1100 3036/1958/1114
f 3013/1956/1100 2903/1947/1116 3036/1958/1114
f 3032/5921/3079 2838/5922/3080 3008/5923/3067
f 2989/5898/3071 2922/5900/3068 2838/5924/3080
f 2838/5925/3080 2922/5892/3068 3008/5891/3067
f 2961/5901/3073 3008/5891/3067 2926/4492/2478
f 829/5926/2633 3381/5927/3081 815/5928/3082
f 815/5928/3082 3381/5927/3081 3258/5929/3083
f 836/5930/3084 854/5931/2654 861/4824/2653
f 3244/5932/3085 3246/5933/3086 3245/5934/3087
f 3257/5935/3088 3246/5936/3086 3297/5937/3089
f 854/5931/2654 836/5930/3084 834/5938/3090
f 3256/5939/3091 3295/5940/3092 3246/5936/3086
f 3257/5935/3088 836/5941/3084 3256/5939/3091
f 3257/5935/3088 3256/5939/3091 3246/5936/3086
f 834/5942/3090 836/5941/3084 3257/5935/3088
f 837/4826/2656 838/4827/2657 836/5930/3084
f 853/4825/2655 2823/5943/2658 838/4827/2657
f 3297/5937/3089 3246/5933/3086 3244/5932/3085
f 861/4824/2653 837/4826/2656 836/5930/3084
f 852/5944/2659 847/5945/3093 2823/5943/2658
f 852/5944/2659 846/5946/3094 847/5945/3093
f 838/4827/2657 2823/5943/2658 847/5945/3093
f 3256/5939/3091 3255/5947/3095 3295/5940/3092
f 847/5945/3093 846/5946/3094 839/5948/3096
f 3256/5949/3091 839/5948/3096 3255/5950/3095
f 847/5945/3093 839/5948/3096 838/4827/2657
f 836/5930/3084 839/5948/3096 3256/5949/3091
f 838/4827/2657 839/5948/3096 836/5930/3084
f 3295/5940/3092 3255/5947/3095 3379/5951/3097
f 839/5948/3096 3254/5952/3098 3255/5950/3095
f 852/5944/2659 851/5953/2042 846/5946/3094
f 3260/5954/3099 3297/5955/3089 3382/5956/3100
f 854/5931/2654 834/5938/3090 835/5957/2665
f 3257/5958/3088 3297/5959/3089 3381/5960/3081
f 3381/5927/3081 3297/5937/3089 3260/5961/3099
f 3381/5927/3081 3260/5961/3099 3258/5929/3083
f 859/4801/2635 835/5957/2665 829/4799/2633
f 829/5926/2633 834/5942/3090 3381/5927/3081
f 829/4799/2633 835/5957/2665 834/5938/3090
f 834/5942/3090 3257/5935/3088 3381/5927/3081
f 833/4800/2634 829/5962/2633 828/1283/721
f 828/1283/721 814/5963/722 813/1301/724
f 815/5928/3082 3258/5929/3083 814/1284/722
f 831/1282/720 833/4800/2634 828/1283/721
f 829/5926/2633 815/5928/3082 828/5964/721
f 828/1283/721 815/5965/3082 814/5963/722
f 814/1284/722 3261/5966/3101 3259/1285/723
f 3258/5929/3083 3261/5966/3101 814/1284/722
f 3261/5966/3101 3260/5961/3099 3289/5967/3102
f 3261/5966/3101 3258/5929/3083 3260/5961/3099
f 1428/3518/1964 1426/5968/2926 1438/1477/831
f 1427/5969/2928 1430/1480/834 1426/5968/2926
f 1426/5968/2926 1430/1480/834 1438/1477/831
f 1427/5969/2928 1842/1543/871 1430/1480/834
f 2360/5523/2927 1842/5970/871 1427/5524/2928
f 1842/5971/871 2361/5530/2930 1433/1548/872
f 1433/1548/872 2361/5530/2930 1843/1546/874
f 2360/5523/2927 2361/5529/2930 1842/5970/871
f 1843/1546/874 2372/5972/3046 1844/1547/875
f 1843/1546/874 2371/5531/2929 2372/5972/3046
f 2537/4589/2516 2533/4586/2514 2535/5180/2803
f 473/4592/2519 508/4591/2518 484/5973/2796
f 517/5157/2795 508/4591/2518 2537/5974/2516
f 509/5156/2792 484/5973/2796 508/4591/2518
f 509/5156/2792 508/4591/2518 517/5157/2795
f 466/3852/2144 479/4615/2529 473/5234/2519
f 506/4593/2515 513/5975/2517 508/4591/2518
f 508/4591/2518 513/5975/2517 2537/5974/2516
f 2616/5976/2866 1803/5977/3103 1811/5978/3104
f 1811/5978/3104 1803/5977/3103 2350/5979/3105
f 1805/5980/2578 2616/5981/2866 2614/5982/3106
f 1803/5977/3103 2616/5976/2866 1805/4693/2578
f 1195/5983/1075 1813/1335/754 2348/1334/751
f 2350/5979/3105 1809/5984/3107 1814/5985/3108
f 1803/5977/3103 1809/5984/3107 2350/5979/3105
f 1803/5977/3103 1808/5986/3109 1809/5984/3107
f 1814/5985/3108 1809/5984/3107 2348/1334/751
f 1809/5984/3107 1195/5983/1075 2348/1334/751
f 1196/5987/3110 1193/5988/3111 1808/5989/3109
f 1196/5990/3110 1808/5986/3109 1803/5977/3103
f 1809/5991/3107 1808/5989/3109 1190/5865/3057
f 1194/5992/3112 1193/5993/3111 1196/5990/3110
f 1803/5977/3103 1194/5992/3112 1196/5990/3110
f 1804/1434/806 1194/5992/3112 1803/5977/3103
f 1804/1434/806 2002/5994/3113 1194/5992/3112
f 1804/1434/806 2000/1435/802 2002/5994/3113
f 1805/4693/2578 1804/1434/806 1803/5977/3103
f 1193/5988/3111 1190/5865/3057 1808/5989/3109
f 1194/5995/3112 2002/5996/3113 1193/5997/3111
f 2444/1391/784 1861/1320/743 2447/1322/745
f 1291/5998/3055 2444/5999/784 1562/6000/2420
f 1291/5998/3055 2443/6001/3114 2444/5999/784
f 1281/4358/2411 1554/4375/2417 1277/6002/3115
f 1281/4358/2411 1277/6002/3115 1558/4373/1047
f 1558/4373/1047 1277/6002/3115 2448/6003/1069
f 1277/6004/3115 1858/6005/1070 2448/1879/1069
f 1277/6002/3115 1554/4375/2417 1858/6006/1070
f 1282/4378/2416 2445/6007/3116 1554/6008/2417
f 1554/6008/2417 2445/6009/3116 1857/6010/1071
f 1554/6008/2417 1857/6010/1071 1858/6005/1070
f 1282/4378/2416 1560/4377/2419 2445/6007/3116
f 2445/6011/3116 2447/6012/745 1857/6013/1071
f 2445/6011/3116 2444/5999/784 2447/6012/745
f 1560/6014/2419 2444/5999/784 2445/6011/3116
f 1560/6014/2419 1562/6000/2420 2444/5999/784
f 2444/5999/784 2443/6001/3114 2446/6015/785
f 1191/5863/3056 1301/6016/789 2443/6017/3114
f 1191/5863/3056 2443/6017/3114 1291/5857/3055
f 1190/5865/3057 1187/3562/1980 1195/3564/1075
f 1190/5865/3057 1195/3564/1075 1809/5991/3107
f 1193/6018/3111 2003/5866/3058 1190/5865/3057
f 2003/5867/3058 2001/1374/775 1297/5868/3059
f 1193/5997/3111 2001/1374/775 2003/5867/3058
f 2000/1426/802 2001/1374/775 1193/5997/3111
f 2443/6019/3114 1301/1396/789 2446/6020/785
f 1299/6021/791 1300/6022/790 1191/5863/3056
f 1299/6021/791 1191/5863/3056 1297/6023/3059
f 1300/6022/790 1301/6016/789 1191/5863/3056
f 2001/1374/775 1299/6024/791 1297/6025/3059
f 1992/1403/792 1299/1402/791 2001/1374/775
f 2001/1374/775 2442/1419/799 1992/1403/792
f 2002/5996/3113 2000/1426/802 1193/5997/3111
f 2000/1426/802 1989/1372/773 2001/1374/775
f 2355/6026/3117 1811/6027/3104 2350/6028/3105
f 1811/6027/3104 2355/6026/3117 2342/6029/3118
f 2616/5350/2866 2650/6030/3119 2614/6031/3106
f 2656/5348/2864 2650/6030/3119 2616/5350/2866
f 2347/6032/2867 1811/6027/3104 2342/6029/3118
f 2339/5332/2856 2347/6032/2867 2342/6029/3118
f 2339/5332/2856 2412/6033/2868 2347/6032/2867
f 2616/6034/2866 1811/6027/3104 2347/6032/2867
f 2614/6031/3106 2650/6030/3119 2654/6035/3120
f 1610/5359/2869 2412/6033/2868 2339/5332/2856
f 2350/6028/3105 1814/6036/3108 2355/6026/3117
f 2339/5332/2856 2342/6029/3118 1232/6037/3121
f 2255/2400/1364 2637/2402/1366 1398/5473/1593
f 2257/5458/1371 2255/2400/1364 1398/5473/1593
f 493/6038/3009 489/5746/2531 488/6039/3048
f 490/6040/2532 488/6039/3048 489/5746/2531
f 489/5746/2531 493/6038/3009 492/5747/3008
f 480/6041/2533 490/6040/2532 489/5746/2531
f 470/4623/2534 491/6042/3122 490/4621/2532
f 490/6040/2532 491/6043/3122 488/6039/3048
f 471/4627/2538 491/6042/3122 470/4623/2534
f 491/6043/3122 477/6044/3123 488/6039/3048
f 488/5842/3048 1053/5843/3049 1061/5752/3012
f 488/6039/3048 496/4688/2573 1053/6045/3049
f 491/6042/3122 471/4627/2538 477/6046/3123
f 488/6039/3048 477/6044/3123 496/4688/2573
f 477/6044/3123 505/4689/2574 496/4688/2573
f 507/6047/2575 1048/6048/2626 496/6049/2573
f 496/6049/2573 1048/6048/2626 1053/5843/3049
f 495/4626/2537 477/6046/3123 471/4627/2538
f 495/6050/2537 505/4689/2574 477/6044/3123
f 495/6050/2537 497/6051/2549 505/4689/2574
f 1057/5756/3014 2235/6052/2616 1847/5846/3052
f 1053/5843/3049 2235/6052/2616 1057/5756/3014
f 474/6053/2536 497/6051/2549 495/6050/2537
f 461/4640/2548 497/4641/2549 474/4625/2536
f 497/6051/2549 500/4709/2589 505/4689/2574
f 497/6051/2549 498/6054/2547 500/4709/2589
f 505/4689/2574 500/4709/2589 514/4704/2586
f 503/6055/2546 500/4709/2589 498/6054/2547
f 503/6055/2546 475/4710/2550 500/4709/2589
f 500/4709/2589 501/4708/2588 2246/4713/2590
f 500/4709/2589 2246/4713/2590 514/4704/2586
f 1048/6048/2626 2235/6052/2616 1053/5843/3049
f 2235/6056/2616 1048/4796/2626 1849/6057/2621
f 1398/2810/1593 2636/2809/1592 2633/2561/1450
f 1518/6058/3124 2970/6059/3125 1519/6060/3126
f 1524/6061/3127 1519/6062/3126 1520/6063/3128
f 1520/6064/3128 1519/6060/3126 2969/6065/3129
f 2970/6059/3125 3004/6066/3130 2971/6067/3131
f 2969/6065/3129 2970/6059/3125 2971/6067/3131
f 1519/6060/3126 2970/6059/3125 2969/6065/3129
f 2969/6068/3129 2966/6069/3132 2968/6070/3133
f 2969/6068/3129 2972/6071/3134 2966/6069/3132
f 2966/6069/3132 2973/6072/3135 2962/6073/3136
f 1518/6058/3124 1517/6074/3137 2970/6059/3125
f 1681/6075/3138 537/6076/3139 536/6077/3140
f 2962/6078/3136 2973/6079/3135 2963/6080/3141
f 2972/6071/3134 2964/6081/3142 2973/6072/3135
f 2973/6072/3135 2964/6081/3142 2963/6082/3141
f 2972/6083/3134 2973/6084/3135 2966/6085/3132
f 2972/6071/3134 3016/6086/3143 2964/6081/3142
f 2971/6087/3131 3004/6088/3130 2972/6071/3134
f 3004/6088/3130 3030/6089/3144 2972/6071/3134
f 2971/6087/3131 2972/6071/3134 2969/6068/3129
f 3030/6089/3144 3016/6086/3143 2972/6071/3134
f 3475/6090/3145 1686/6091/3146 1682/6092/3147
f 537/6093/3139 1524/6094/3127 536/6095/3140
f 1524/6094/3127 1520/6064/3128 536/6095/3140
f 1686/6096/3146 536/6077/3140 1684/6097/3148
f 536/6077/3140 550/6098/3149 1684/6097/3148
f 1520/6064/3128 2969/6065/3129 2968/6070/3133
f 550/6099/3149 1520/6064/3128 2968/6070/3133
f 1520/6064/3128 550/6099/3149 536/6095/3140
f 1686/6096/3146 1684/6097/3148 1682/6100/3147
f 550/6099/3149 2967/6101/3150 1684/6102/3148
f 2968/6070/3133 2967/6101/3150 550/6099/3149
f 2966/6069/3132 2934/6103/3151 2967/6101/3150
f 2966/6069/3132 2962/6073/3136 2934/6103/3151
f 2966/6069/3132 2967/6101/3150 2968/6070/3133
f 2934/6103/3151 2963/6082/3141 3032/6104/3079
f 2962/6073/3136 2963/6082/3141 2934/6103/3151
f 3484/6105/3152 1686/6096/3146 3475/6106/3145
f 3484/6105/3152 536/6077/3140 1686/6096/3146
f 2654/6035/3120 2650/6030/3119 2652/4748/2614
f 2238/6107/3153 1847/6108/3052 1848/6109/3154
f 2650/6030/3119 2238/6110/3153 1848/6111/3154
f 1846/6112/3051 1847/6108/3052 2238/6107/3153
f 2654/6035/3120 2652/4748/2614 2615/4741/2609
f 2650/6030/3119 1848/6111/3154 2652/4748/2614
f 1845/6113/3050 1846/6114/3051 2238/6115/3153
f 1058/5765/3016 1846/5845/3051 1845/5844/3050
f 1847/6108/3052 2237/6116/2615 1848/6109/3154
f 1848/6111/3154 2237/4752/2615 2652/4748/2614
f 1847/6108/3052 2235/6117/2616 2237/6116/2615
f 2612/6118/2612 2615/4741/2609 2613/4743/2611
f 2135/6119/3155 2154/6120/3156 2118/6121/3157
f 3240/6122/3158 3238/6123/3159 2154/6124/3156
f 2100/6125/3160 2211/6126/3161 2212/6127/2666
f 2096/6128/3162 2202/6129/3163 2211/6126/3161
f 2100/6125/3160 2107/6130/3164 2211/6126/3161
f 2202/6129/3163 1107/6131/3165 2211/6126/3161
f 2107/6130/3164 2096/6128/3162 2211/6126/3161
f 3286/6132/3166 2155/6133/3167 2135/6119/3155
f 3288/6134/3168 2155/6135/3167 3286/6136/3166
f 2115/6137/3169 2126/6138/3170 2100/6125/3160
f 2126/6138/3170 2135/6119/3155 2107/6130/3164
f 2135/6119/3155 2118/6121/3157 2107/6130/3164
f 2126/6138/3170 2107/6130/3164 2100/6125/3160
f 3286/6132/3166 2135/6119/3155 2126/6138/3170
f 2115/6137/3169 2219/6139/3171 2104/3601/1997
f 2115/6137/3169 2100/6125/3160 2219/6139/3171
f 2115/6137/3169 2151/6140/3172 2126/6138/3170
f 2144/5694/2980 2115/6137/3169 2104/3601/1997
f 2096/6128/3162 2090/6141/3173 2202/6129/3163
f 2107/6130/3164 2095/6142/3174 2096/6128/3162
f 2118/6121/3157 2136/6143/3175 2095/6142/3174
f 2095/6142/3174 2090/6141/3173 2096/6128/3162
f 2118/6121/3157 2095/6142/3174 2107/6130/3164
f 2740/6144/3176 1107/6145/3165 1108/6146/3177
f 2740/6144/3176 2736/6147/2639 1107/6145/3165
f 2202/6129/3163 1108/6148/3177 1107/6131/3165
f 2736/4808/2639 2756/4839/2668 1107/6149/3165
f 2202/6129/3163 1109/6150/3178 1108/6148/3177
f 2198/6151/3179 2221/6152/3180 2202/6129/3163
f 1108/6146/3177 1109/6153/3178 2740/6144/3176
f 2090/6141/3173 2198/6151/3179 2202/6129/3163
f 2197/2363/1337 2215/2349/1329 2222/6154/3181
f 2740/6155/3176 2697/3128/1761 2736/4808/2639
f 1110/6156/3182 2697/3128/1761 1109/6157/3178
f 1109/6157/3178 2697/3128/1761 2740/6155/3176
f 2221/6152/3180 1109/6150/3178 2202/6129/3163
f 2225/6158/3183 2197/2363/1337 2222/6154/3181
f 2221/6152/3180 1110/6159/3182 1109/6150/3178
f 1110/6156/3182 2695/3126/1759 2697/3128/1761
f 1112/6160/3184 2684/3131/1764 2695/3126/1759
f 2198/6151/3179 2225/6158/3183 2222/6154/3181
f 2221/6152/3180 2198/6151/3179 2222/6154/3181
f 1111/6161/3185 1112/6160/3184 2695/3126/1759
f 2222/6154/3181 1110/6159/3182 2221/6152/3180
f 1111/6161/3185 2695/3126/1759 1110/6156/3182
f 2222/6154/3181 1112/6162/3184 1111/6163/3185
f 2222/6154/3181 1111/6163/3185 1110/6159/3182
f 1112/6160/3184 2760/3121/1754 2684/3131/1764
f 2215/2349/1329 1112/6162/3184 2222/6154/3181
f 2210/2350/1330 1117/2356/1334 1112/6162/3184
f 2210/2350/1330 1112/6162/3184 2215/2349/1329
f 1117/3119/1334 2760/3118/1754 1112/6164/3184
f 2339/5332/2856 1232/6037/3121 2354/5320/2849
f 2355/6026/3117 1227/6165/764 1230/6166/3186
f 1225/6167/3187 2342/6029/3118 2353/6168/3188
f 2342/6029/3118 1230/6166/3186 2353/6168/3188
f 2342/6029/3118 2355/6026/3117 1230/6166/3186
f 1232/6037/3121 2342/6029/3118 1225/6167/3187
f 1229/6169/3189 1226/1410/796 1228/1443/807
f 1229/6169/3189 1228/1443/807 1234/6170/2850
f 1231/6171/3190 1226/1410/796 1229/6169/3189
f 1233/5322/2851 1234/5321/2850 2337/6172/3191
f 2337/6173/3191 1234/6170/2850 1228/1443/807
f 2337/6173/3191 1228/1443/807 1233/6174/2851
f 1234/5321/2850 2354/5320/2849 1229/6175/3189
f 1232/6176/3121 1225/6177/3187 1231/6171/3190
f 1225/6177/3187 1226/1410/796 1231/6171/3190
f 2354/5320/2849 1232/6037/3121 1231/6178/3190
f 1229/6175/3189 2354/5320/2849 1231/6178/3190
f 1225/6177/3187 2353/6179/3188 1224/1357/763
f 1230/6180/3186 1224/1357/763 2353/6179/3188
f 2330/3224/1819 1220/3241/1830 1222/6181/2874
f 1228/1443/807 2330/3224/1819 2331/6182/2879
f 2331/6182/2879 1233/6174/2851 1228/1443/807
f 2330/6183/1819 2336/5365/2873 2331/5375/2879
f 1222/5366/2874 2336/5365/2873 2330/6183/1819
f 1225/6177/3187 1224/1357/763 1226/1410/796
f 1144/6184/3192 3025/6185/3193 2965/6186/3194
f 2898/6187/3195 1144/6184/3192 2965/6186/3194
f 1317/6188/3196 2898/6189/3195 3171/6190/3197
f 1517/6074/3137 3001/6191/3198 2970/6059/3125
f 1521/6192/3199 2985/6193/3200 3001/6194/3198
f 1147/6195/3201 3171/6190/3197 3172/6196/3202
f 1517/6197/3137 1521/6192/3199 3001/6198/3198
f 2985/6199/3200 3172/6200/3202 3022/6201/3203
f 3001/6191/3198 2985/6199/3200 3030/6202/3144
f 3001/6191/3198 3030/6202/3144 3004/6203/3130
f 1521/6192/3199 1147/6204/3201 2985/6193/3200
f 2965/6205/3194 3172/6196/3202 2898/6189/3195
f 1147/6204/3201 3172/6206/3202 2985/6193/3200
f 3030/6202/3144 2985/6199/3200 3022/6201/3203
f 2898/6189/3195 3172/6196/3202 3171/6190/3197
f 1522/6207/3204 1523/6208/3205 1521/6192/3199
f 1522/6207/3204 1521/6192/3199 1517/6197/3137
f 1523/6208/3205 1147/6204/3201 1521/6192/3199
f 1523/6208/3205 1151/6209/3206 1147/6204/3201
f 1146/6210/3207 3171/6211/3197 1147/6212/3201
f 2970/6059/3125 3001/6191/3198 3004/6066/3130
f 3022/6201/3203 3172/6200/3202 2965/6213/3194
f 3022/6201/3203 2965/6213/3194 3016/6086/3143
f 3030/6089/3144 3022/6201/3203 3016/6086/3143
f 3016/6086/3143 2965/6213/3194 3025/6214/3193
f 3025/6215/3193 1144/6216/3192 1399/6217/3078
f 3016/6086/3143 3025/6214/3193 3005/6218/3208
f 2239/6219/3209 1845/6220/3050 2238/6107/3153
f 1845/6220/3050 2239/6219/3209 1047/6221/3047
f 2240/6222/882 1047/6223/3047 2239/6224/3209
f 2240/1559/882 2239/6225/3209 2650/6030/3119
f 1844/6226/875 1047/6223/3047 2240/6222/882
f 1844/6227/875 2240/1559/882 2658/1561/883
f 2240/1559/882 2650/6030/3119 2656/5348/2864
f 2614/5982/3106 2654/6228/3120 1805/5980/2578
f 2239/6225/3209 2238/6110/3153 2650/6030/3119
f 2612/6229/2612 1805/5980/2578 2615/6230/2609
f 1220/3241/1830 1221/3261/1845 1222/6181/2874
f 1222/5366/2874 1221/6231/1845 2333/5364/2872
f 1221/3261/1845 1210/3275/1852 1223/5775/3018
f 1223/5802/3018 2335/5382/2881 1221/6231/1845
f 2334/6232/2887 1611/5384/2883 2335/5382/2881
f 2335/5382/2881 2333/5364/2872 1221/6231/1845
f 2332/5801/2888 2335/5382/2881 1223/5802/3018
f 2335/5382/2881 2332/5801/2888 2334/6232/2887
f 2937/6233/3210 2931/6234/3211 2936/6235/3212
f 2931/6236/3211 3020/6237/3213 2936/6238/3212
f 2988/6239/2509 2890/6240/3214 2887/6241/3215
f 2988/6239/2509 2992/6242/2503 2890/6240/3214
f 2988/6243/2509 1724/6244/2501 2992/4561/2503
f 1725/6245/2508 2888/6246/3216 3029/6247/3217
f 2888/6248/3216 2887/6241/3215 1474/6249/1915
f 1725/6245/2508 2887/6250/3215 2888/6246/3216
f 1723/6251/3218 2958/4563/2506 1725/4565/2508
f 1725/6245/2508 2988/6243/2509 2887/6250/3215
f 3011/6252/3219 2935/6253/3220 2957/6254/3221
f 2936/6235/3212 3020/6255/3213 2957/6254/3221
f 2935/6253/3220 2990/6256/3222 3031/6257/3223
f 3020/6255/3213 3011/6252/3219 2957/6254/3221
f 3011/6252/3219 2990/6256/3222 2935/6253/3220
f 3011/6252/3219 2930/6258/3224 2990/6259/3222
f 2990/6259/3222 2991/6260/2480 2995/4583/2513
f 2990/6256/3222 2995/4583/2513 3031/6257/3223
f 2930/6258/3224 2991/6260/2480 2990/6259/3222
f 2931/6261/3211 3011/6252/3219 3020/6255/3213
f 2937/6262/3210 2930/6258/3224 3011/6252/3219
f 2937/6262/3210 3011/6252/3219 2931/6261/3211
f 2930/6258/3224 3015/6263/2512 2991/6260/2480
f 3027/6264/3225 2936/6235/3212 3029/6247/3217
f 2936/6235/3212 1725/6245/2508 3029/6247/3217
f 2957/6254/3221 1723/6265/3218 1725/6245/2508
f 2936/6235/3212 2957/6254/3221 1725/6245/2508
f 2935/6266/3220 2953/6267/2511 2957/6268/3221
f 1723/6269/3218 2953/4579/2511 2958/4578/2506
f 2958/4578/2506 2953/4579/2511 2955/4572/2510
f 2935/6266/3220 3031/6270/3223 2953/6267/2511
f 2953/6271/2511 1723/6272/3218 2957/6273/3221
f 2953/4579/2511 3031/6257/3223 2954/4506/2485
f 2995/6274/2513 2991/6275/2480 2956/4500/2481
f 3031/6257/3223 2995/4583/2513 2954/4506/2485
f 2780/3133/1766 2793/3671/2038 2789/3669/2036
f 2793/3671/2038 2780/3133/1766 2795/3134/1767
f 2800/3682/2049 2681/3125/1758 2680/3148/1777
f 2681/3125/1758 2800/3682/2049 2810/6276/3226
f 2810/6276/3226 2830/5102/2766 2829/5124/2774
f 2800/3682/2049 2830/5102/2766 2810/6276/3226
f 2795/3134/1767 2810/6276/3226 2793/3671/2038
f 2810/6276/3226 855/6277/2776 845/6278/2777
f 845/5127/2777 727/5128/2775 843/6279/3227
f 2810/6276/3226 845/6278/2777 2793/3671/2038
f 2810/6276/3226 2829/5124/2774 855/6277/2776
f 2795/3134/1767 2681/3125/1758 2810/6276/3226
f 558/6280/3228 560/3879/2159 559/3872/2156
f 648/3944/2197 646/4002/2235 643/3923/2185
f 1698/6281/2163 558/6282/3228 559/6283/2156
f 574/3954/2205 575/6284/3229 558/6282/3228
f 645/6285/2165 558/6282/3228 1698/6281/2163
f 644/3928/2188 645/3887/2165 1696/3886/2164
f 649/3955/2206 558/6282/3228 645/6285/2165
f 644/6286/2188 646/4002/2235 645/6285/2165
f 646/4002/2235 649/3955/2206 645/6285/2165
f 575/6287/3229 560/3879/2159 558/6280/3228
f 557/3957/2208 560/3879/2159 575/6287/3229
f 649/3955/2206 574/3954/2205 558/6282/3228
f 572/3958/2204 575/6287/3229 574/6288/2205
f 572/3958/2204 557/3957/2208 575/6287/3229
f 531/6289/2234 570/3992/2228 554/3993/2229
f 531/6289/2234 571/6290/3230 570/3992/2228
f 529/4033/2250 571/6291/3230 531/4001/2234
f 3457/4019/2245 535/6292/3231 3458/6293/3232
f 535/6294/3231 3456/6295/3233 571/6290/3230
f 529/4033/2250 535/6296/3231 571/6291/3230
f 3458/6297/3232 535/6296/3231 529/4033/2250
f 2645/4032/2249 3458/6297/3232 529/4033/2250
f 648/3944/2197 643/3923/2185 641/3922/2171
f 639/3927/2187 648/3944/2197 641/3922/2171
f 639/3927/2187 642/3942/2195 648/3944/2197
f 643/3923/2185 646/4002/2235 644/6286/2188
f 2079/5824/59 2076/5557/2942 2078/3585/60
f 569/3878/2158 462/6298/2535 465/3883/2162
f 462/4624/2535 464/4613/2527 465/5235/2162
f 452/3880/2160 462/6298/2535 569/3878/2158
f 560/3879/2159 451/6299/3234 452/3880/2160
f 471/4627/2538 470/4623/2534 462/4624/2535
f 452/6300/2160 451/6301/3234 462/4624/2535
f 457/4647/2555 471/4627/2538 451/6301/3234
f 462/4624/2535 451/6301/3234 471/4627/2538
f 557/3957/2208 451/6299/3234 560/3879/2159
f 453/6302/3235 461/4640/2548 457/4647/2555
f 459/6303/3236 453/6302/3235 454/6304/3237
f 557/3957/2208 453/6305/3235 451/6299/3234
f 451/6301/3234 453/6302/3235 457/4647/2555
f 555/3976/2220 454/6306/3237 453/6305/3235
f 555/3976/2220 453/6305/3235 557/3957/2208
f 555/3976/2220 455/6307/3238 454/6306/3237
f 563/3987/2224 456/6308/3239 555/3976/2220
f 456/6309/3239 458/6310/3240 455/6311/3238
f 455/6311/3238 458/6310/3240 459/6303/3236
f 455/6311/3238 459/6303/3236 454/6304/3237
f 2466/6312/3241 483/6313/3242 458/6310/3240
f 688/6314/3243 686/6315/3244 3492/6316/3245
f 686/6317/3244 483/6318/3242 2466/6319/3241
f 456/6309/3239 2466/6312/3241 458/6310/3240
f 3492/6320/3245 686/6317/3244 2466/6319/3241
f 456/6308/3239 455/6307/3238 555/3976/2220
f 563/3987/2224 570/3992/2228 456/6308/3239
f 3085/6321/3246 687/6322/3247 3072/6323/3248
f 570/3992/2228 2465/6324/3249 456/6308/3239
f 687/6325/3247 688/6314/3243 3492/6316/3245
f 3072/6323/3248 687/6322/3247 3492/6326/3245
f 3492/6327/3245 2466/6328/3241 3072/6329/3248
f 2465/6324/3249 2466/6330/3241 456/6308/3239
f 2465/6324/3249 570/3992/2228 2467/6331/3250
f 3072/6329/3248 2467/6332/3250 3454/6333/3251
f 3072/6329/3248 2466/6328/3241 2465/6334/3249
f 3072/6329/3248 2465/6334/3249 2467/6332/3250
f 3454/6335/3251 3085/6336/3246 3072/6337/3248
f 3455/6338/3252 2467/6331/3250 570/3992/2228
f 3071/6339/3253 3454/6340/3251 3070/6341/3254
f 3064/6342/3255 3085/6336/3246 3454/6335/3251
f 3064/6342/3255 3454/6335/3251 3071/6343/3253
f 3454/6333/3251 2467/6332/3250 3094/6344/3256
f 3094/6345/3256 3070/6341/3254 3454/6340/3251
f 3455/6338/3252 570/3992/2228 571/6290/3230
f 3470/6346/2244 3068/6347/3257 3069/6348/3258
f 3069/6349/3258 3070/6350/3254 3456/6351/3233
f 3069/6349/3258 3457/4019/2245 3469/4018/2242
f 3095/6352/2241 3068/6347/3257 3470/6346/2244
f 3470/4017/2244 3069/6349/3258 3469/4018/2242
f 3069/6353/3258 3071/6354/3253 3070/6355/3254
f 3456/6356/3233 3070/6341/3254 3094/6345/3256
f 3456/6351/3233 3457/4019/2245 3069/6349/3258
f 3098/6357/3259 3064/6342/3255 3071/6343/3253
f 3456/6358/3233 535/6292/3231 3457/4019/2245
f 3455/6338/3252 571/6290/3230 3456/6295/3233
f 3094/6359/3256 2467/6331/3250 3455/6338/3252
f 3094/6344/3256 3455/6360/3252 3456/6351/3233
f 2948/6361/3260 3460/6362/3261 2949/6363/3262
f 2996/3208/1806 2939/6364/3263 3012/3360/1898
f 3473/6365/3264 2941/6366/3265 2945/6367/3266
f 2945/6367/3266 2946/6368/3267 3473/6365/3264
f 3472/6369/1812 3018/6370/3268 2939/6364/3263
f 3467/3207/1805 2939/6364/3263 2996/3208/1806
f 3472/3216/1812 2939/6371/3263 3467/3217/1805
f 3472/6369/1812 2948/6372/3260 3018/6370/3268
f 2948/6361/3260 3472/6373/1812 3468/6374/1811
f 3460/6362/3261 3461/6375/3269 2946/6376/3267
f 2946/6368/3267 2949/6377/3262 3460/6378/3261
f 2945/6367/3266 2949/6377/3262 2946/6368/3267
f 3463/4036/2253 3468/6374/1811 3465/4022/2247
f 3464/3937/2193 3463/4036/2253 3465/4022/2247
f 3018/6370/3268 2938/6379/3270 2939/6364/3263
f 2939/6364/3263 2938/6379/3270 1751/6380/3271
f 2939/6364/3263 1751/6380/3271 3012/3360/1898
f 528/4035/2252 3459/6381/3272 2645/4032/2249
f 3460/6362/3261 2647/6382/2251 3461/6375/3269
f 3459/6383/3272 528/6384/2252 3468/6374/1811
f 528/6384/2252 2647/6382/2251 3460/6362/3261
f 3459/6381/3272 3458/6297/3232 2645/4032/2249
f 528/6384/2252 3460/6362/3261 2948/6361/3260
f 2937/6233/3210 2936/6235/3212 2993/6385/3273
f 2944/6386/3274 2993/6387/3273 2945/6367/3266
f 2993/6385/3273 2936/6235/3212 2938/6379/3270
f 2945/6367/3266 2993/6387/3273 2949/6377/3262
f 2944/6386/3274 2937/6233/3210 2993/6385/3273
f 3457/4019/2245 3458/6293/3232 3463/4036/2253
f 3463/4036/2253 3458/6293/3232 3468/6374/1811
f 3468/6374/1811 528/6384/2252 2948/6361/3260
f 3459/6383/3272 3468/6374/1811 3458/6293/3232
f 2948/6388/3260 2949/6389/3262 3018/6390/3268
f 2949/6377/3262 2938/6379/3270 3018/6370/3268
f 2949/6377/3262 2993/6385/3273 2938/6379/3270
f 2938/6391/3270 2936/6392/3212 3027/6393/3225
f 2419/6394/3275 1750/3383/1907 1749/6395/3276
f 1751/6396/3271 1749/6395/3276 1750/3383/1907
f 1751/6397/3271 1750/6398/1907 3012/6399/1898
f 1473/6400/1914 2419/6401/3275 1749/6402/3276
f 1750/3383/1907 2419/6394/3275 1748/3386/1910
f 1749/6403/3276 2888/6404/3216 1473/3405/1914
f 2419/6405/3275 1473/3409/1914 1748/3401/1910
f 3029/6406/3217 2888/6404/3216 1749/6403/3276
f 1751/6396/3271 2938/6391/3270 1749/6395/3276
f 3027/6407/3225 3029/6247/3217 1749/6402/3276
f 1473/3405/1914 2888/6404/3216 1474/3406/1915
f 2938/6391/3270 3027/6393/3225 1749/6395/3276
f 1195/5983/1075 1901/1355/750 1813/1335/754
f 1301/6408/789 2285/1399/786 2446/6015/785
f 1159/6409/1893 745/4534/2468 746/6410/1902
f 1162/4530/1149 1160/4529/2489 636/6411/1147
f 632/6412/3277 635/2051/1167 630/6413/3278
f 635/2051/1167 1160/6414/2489 630/6413/3278
f 632/6415/3277 630/6416/3278 748/6417/1892
f 630/6416/3278 1160/4529/2489 1159/6409/1893
f 630/6416/3278 1159/6409/1893 748/6417/1892
f 635/2051/1167 632/6412/3277 633/6418/3279
f 599/2049/1165 635/2051/1167 633/6418/3279
f 635/2051/1167 636/2011/1147 1160/6414/2489
f 1160/4529/2489 745/4534/2468 1159/6409/1893
f 608/6419/3280 634/6420/1903 1155/4056/1905
f 634/3376/1903 1154/6421/3281 1157/3377/1904
f 608/6419/3280 633/6418/3279 1154/6422/3281
f 640/4054/2259 608/6419/3280 1155/4056/1905
f 608/6419/3280 1154/6422/3281 634/6420/1903
f 631/6423/1891 1154/6422/3281 633/6418/3279
f 1154/6421/3281 631/6424/1891 1157/3377/1904
f 632/6412/3277 631/6423/1891 633/6418/3279
f 632/6415/3277 748/6417/1892 631/6424/1891
f 631/6424/1891 749/3396/1881 1157/3377/1904
f 1634/1935/1108 602/1934/1107 601/6425/1152
f 603/6426/1153 1634/1935/1108 601/6425/1152
f 1075/6427/1901 1636/6428/2463 1074/6429/3282
f 1074/6429/3282 1636/6428/2463 595/6430/1166
f 1671/1898/1078 1468/1894/1081 1469/6431/2454
f 1469/6431/2454 1468/1894/1081 1634/1935/1108
f 1636/4463/2463 1079/4465/2464 597/6432/3283
f 1079/6433/2464 603/6434/1153 597/6435/3283
f 1636/6428/2463 597/6435/3283 595/6430/1166
f 595/2050/1166 597/6436/3283 600/2010/1150
f 597/6437/3283 603/6438/1153 600/6439/1150
f 693/4662/2564 694/4629/2540 697/4628/2539
f 544/6440/3284 545/6441/3285 694/4629/2540
f 693/4662/2564 544/6440/3284 694/4629/2540
f 694/4629/2540 545/6441/3285 543/6442/3286
f 547/6443/3287 544/6444/3284 1337/6445/3288
f 1344/6446/3289 544/6444/3284 547/6443/3287
f 694/4629/2540 543/6442/3286 695/4696/2581
f 693/4662/2564 697/4628/2539 702/4637/2545
f 1336/6447/3290 544/6444/3284 693/6448/2564
f 544/6444/3284 1336/6447/3290 1337/6445/3288
f 1677/6449/3291 1082/6450/3292 3010/6451/3293
f 3010/6452/3293 1082/6453/3292 3026/6454/3294
f 3026/6455/3294 1083/6456/3295 1081/6457/3296
f 3026/6455/3294 1081/6457/3296 1080/6458/3297
f 1082/6459/3292 1083/6456/3295 3026/6455/3294
f 1081/6460/3296 2998/6461/3298 1080/6462/3297
f 2997/6463/3299 1525/6464/3300 2998/6465/3298
f 1081/6460/3296 2997/6466/3299 2998/6461/3298
f 1081/6457/3296 1084/6467/3301 2997/6468/3299
f 2997/6463/3299 1150/6469/3302 1522/6470/3204
f 1525/6464/3300 2997/6463/3299 1522/6470/3204
f 1084/6471/3301 1086/6472/3303 2997/6466/3299
f 2997/6466/3299 3021/6473/3304 1150/6474/3302
f 1086/6472/3303 3021/6473/3304 2997/6466/3299
f 3021/6473/3304 3024/6475/3305 1150/6474/3302
f 1705/6476/3306 1524/6094/3127 3026/6477/3294
f 3026/6477/3294 1524/6094/3127 537/6093/3139
f 3010/6451/3293 3026/6478/3294 539/6479/3307
f 539/6479/3307 3026/6477/3294 537/6093/3139
f 3026/6480/3294 1080/6481/3297 1705/6482/3306
f 1080/6462/3297 2998/6461/3298 1705/6476/3306
f 1705/6483/3306 2998/6465/3298 1518/6484/3124
f 1082/6453/3292 1677/6485/3291 548/6486/3308
f 543/6487/3286 545/6488/3285 544/6444/3284
f 544/6444/3284 1344/6446/3289 543/6487/3286
f 1344/6489/3289 548/6490/3308 542/6491/3309
f 1076/6492/1877 1637/3334/1885 1069/6493/3310
f 1638/3335/1883 1074/6429/3282 1070/3336/1887
f 1637/3334/1885 1070/3336/1887 1069/6493/3310
f 1639/3359/1878 1076/6492/1877 1069/6493/3310
f 1069/6493/3310 1068/6494/3311 1077/3355/1896
f 1639/3359/1878 1069/6493/3310 1077/3355/1896
f 1075/3373/1901 1074/6495/3282 1638/3329/1883
f 640/4054/2259 647/4048/2255 606/6496/3312
f 591/6497/3313 606/6496/3312 647/4048/2255
f 593/6498/3314 642/3942/2195 639/3927/2187
f 647/4048/2255 642/3942/2195 593/6498/3314
f 591/6497/3313 647/4048/2255 593/6498/3314
f 604/6499/3315 608/6419/3280 605/6500/3316
f 605/6500/3316 608/6419/3280 640/4054/2259
f 633/6418/3279 608/6419/3280 604/6499/3315
f 1068/6501/3311 604/6502/3315 1066/6503/3317
f 1069/6493/3310 598/6504/3318 1869/6505/3319
f 1869/6506/3319 598/6507/3318 604/6502/3315
f 604/6499/3315 598/6508/3318 633/6418/3279
f 1068/6501/3311 1869/6506/3319 604/6502/3315
f 598/6508/3318 596/6509/3320 633/6418/3279
f 1069/6493/3310 1869/6505/3319 1068/6494/3311
f 596/6509/3320 599/2049/1165 633/6418/3279
f 1067/6510/3321 596/6511/3320 598/6512/3318
f 1069/6493/3310 1067/6513/3321 598/6504/3318
f 1067/6514/3321 599/2049/1165 596/6509/3320
f 1069/6493/3310 1070/3336/1887 1067/6513/3321
f 1070/6515/1887 599/2049/1165 1067/6514/3321
f 1227/1358/764 1224/1357/763 1230/6180/3186
f 2355/6026/3117 1814/6036/3108 1227/6165/764
f 1814/6036/3108 2348/1331/751 2356/1339/756
f 1227/6165/764 1814/6036/3108 2356/1339/756
f 1594/5795/3035 1073/5794/3034 1870/6516/3322
f 1073/5794/3034 1072/6517/3323 1870/6516/3322
f 1596/3357/1895 1071/3356/1897 1073/6518/3034
f 1073/6518/3034 1071/3356/1897 1072/6519/3323
f 1077/3355/1896 1066/6520/3317 1071/3356/1897
f 1077/3355/1896 1068/6494/3311 1066/6520/3317
f 1594/6521/3035 606/6496/3312 591/6497/3313
f 1870/6522/3322 606/6523/3312 1594/6524/3035
f 593/6498/3314 639/3927/2187 592/6525/3038
f 592/6525/3038 639/3927/2187 1918/3926/2186
f 1587/6526/3039 593/6498/3314 592/6525/3038
f 1590/6527/3032 593/6498/3314 1587/6526/3039
f 590/6528/3031 593/6498/3314 1590/6527/3032
f 1593/6529/3033 591/6530/3313 590/6531/3031
f 591/6497/3313 593/6498/3314 590/6528/3031
f 1593/6529/3033 1594/6524/3035 591/6530/3313
f 1870/6522/3322 640/6532/2259 606/6523/3312
f 1072/6533/3323 1071/6534/1897 1870/6522/3322
f 1071/6534/1897 1066/6503/3317 640/6532/2259
f 1071/6534/1897 640/6532/2259 1870/6522/3322
f 1066/6503/3317 605/6535/3316 640/6532/2259
f 1066/6503/3317 604/6502/3315 605/6535/3316
f 3017/6536/3324 2906/5890/3066 2907/6537/3325
f 1144/6216/3192 2907/6538/3325 1399/6217/3078
f 2907/6539/3325 1144/6540/3192 1146/6210/3207
f 2907/6537/3325 2906/5890/3066 1399/6541/3078
f 2906/5890/3066 3017/6536/3324 1528/5889/1104
f 3024/6542/3305 1151/6543/3206 1150/6544/3302
f 1522/6545/3204 1150/6544/3302 1523/6546/3205
f 1146/6210/3207 1147/6212/3201 1151/6543/3206
f 1150/6544/3302 1151/6543/3206 1523/6546/3205
f 3024/6475/3305 2908/6547/3326 1151/6548/3206
f 2908/6547/3326 3017/6536/3324 2907/6537/3325
f 2908/6547/3326 2907/6537/3325 1151/6548/3206
f 1151/6543/3206 2907/6539/3325 1146/6210/3207
f 3021/6549/3304 2908/6550/3326 3024/6551/3305
f 1088/6552/3327 3017/6536/3324 2908/6547/3326
f 1088/6552/3327 2984/6553/3328 3017/6536/3324
f 2984/6553/3328 1528/5889/1104 3017/6536/3324
f 2984/6553/3328 1526/6554/1103 1528/5889/1104
f 2137/6555/2982 3279/5692/2978 2105/3600/1996
f 2205/3597/1993 2105/3600/1996 2203/3598/1994
f 2137/6555/2982 2105/3600/1996 2205/3597/1993
f 2105/3600/1996 2144/5694/2980 2104/3601/1997
f 3285/6556/3329 2151/6140/3172 2115/6137/3169
f 2115/6137/3169 2144/5694/2980 3285/6556/3329
f 3284/6557/2983 2137/6555/2982 2205/3597/1993
f 2110/3631/2021 2109/3626/2018 2125/3620/2014
f 3437/5713/2993 2110/3631/2021 2125/3620/2014
f 3437/5713/2993 2119/3607/2003 2110/3631/2021
f 2138/6558/2995 2119/3607/2003 3437/5713/2993
f 2119/3607/2003 2138/6558/2995 2205/3597/1993
f 2138/6558/2995 3284/6557/2983 2205/3597/1993
f 2654/6228/3120 2615/6230/2609 1805/5980/2578
f 2898/6559/3195 1345/6560/1204 1146/6210/3207
f 2232/2058/1172 2898/6561/3195 1317/6562/3196
f 1144/6540/3192 2898/6559/3195 1146/6210/3207
f 2898/6559/3195 1145/6563/1169 1345/6560/1204
f 3171/6211/3197 1149/6564/1205 1148/6565/1177
f 3171/6211/3197 1146/6210/3207 1345/6560/1204
f 3171/6211/3197 1345/6560/1204 1149/6564/1205
f 1317/6188/3196 3171/6190/3197 1319/6566/3330
f 1317/6567/3196 1319/6568/3330 2896/2134/1212
f 2896/2134/1212 1319/6568/3330 1320/6569/3331
f 2232/2058/1172 1145/2056/1169 2898/6561/3195
f 1326/6570/3332 1349/6571/3333 1327/6572/3334
f 1349/6571/3333 1321/6573/3335 1327/6572/3334
f 1349/6571/3333 1318/6574/3336 1321/6573/3335
f 1318/6575/3336 1319/6576/3330 1321/6577/3335
f 1324/6578/1197 1325/2135/1198 1320/6569/3331
f 1320/6569/3331 1319/6568/3330 1318/6574/3336
f 1349/6571/3333 1320/6569/3331 1318/6574/3336
f 1319/6566/3330 3171/6190/3197 942/6579/3337
f 2896/6580/1212 2897/2142/1213 1317/6188/3196
f 1325/2135/1198 2896/2134/1212 1320/6569/3331
f 2897/2142/1213 2232/6581/1172 1317/6188/3196
f 1347/2141/1171 2232/6581/1172 2897/2142/1213
f 1675/6582/3338 1083/6456/3295 1082/6459/3292
f 1675/6583/3338 1267/6584/3339 1083/6585/3295
f 1271/6586/3340 1084/6467/3301 1083/6456/3295
f 1267/6584/3339 1271/6587/3340 1083/6585/3295
f 1270/6588/1176 1271/6587/3340 1267/6584/3339
f 1271/6586/3340 1264/6589/3341 1084/6467/3301
f 1266/6590/3342 1261/6591/3343 1264/6592/3341
f 1270/6588/1176 1266/6590/3342 1264/6592/3341
f 1083/6456/3295 1084/6467/3301 1081/6457/3296
f 1270/6588/1176 1264/6592/3341 1271/6587/3340
f 1268/6593/3344 1335/6594/3345 1269/6595/3346
f 1268/6596/3344 1269/6597/3346 1267/6584/3339
f 1675/6598/3338 1082/6453/3292 548/6486/3308
f 1335/6594/3345 1270/2066/1176 1269/6595/3346
f 1676/6599/3347 1267/6584/3339 1675/6583/3338
f 1269/6597/3346 1270/6588/1176 1267/6584/3339
f 1268/6593/3344 1676/6600/3347 1337/6601/3288
f 1337/6601/3288 1344/6489/3289 547/6602/3287
f 1676/6603/3347 548/6486/3308 1344/6604/3289
f 1676/6600/3347 1344/6489/3289 1337/6601/3288
f 1675/6598/3338 548/6486/3308 1676/6603/3347
f 1268/6596/3344 1267/6584/3339 1676/6599/3347
f 3254/6605/3098 3294/6606/3348 3255/5947/3095
f 844/6607/3349 840/6608/3350 3254/5952/3098
f 846/5946/3094 844/6607/3349 839/5948/3096
f 840/6609/3350 3291/6610/3351 3253/6611/3352
f 851/5953/2042 844/6607/3349 846/5946/3094
f 3254/6605/3098 3252/6612/3353 3294/6606/3348
f 844/6607/3349 841/6613/3354 840/6608/3350
f 839/5948/3096 844/6607/3349 3254/5952/3098
f 3253/6611/3352 3252/6612/3353 3254/6605/3098
f 3294/6606/3348 3252/6612/3353 3247/6614/3355
f 840/6609/3350 3253/6611/3352 3254/6605/3098
f 3253/6611/3352 3251/6615/3356 3252/6612/3353
f 3291/6610/3351 3251/6615/3356 3253/6611/3352
f 840/6616/3350 842/6617/3357 3291/6618/3351
f 3252/6612/3353 3251/6615/3356 3247/6614/3355
f 3251/6615/3356 3292/6619/3358 3298/6620/3359
f 3236/6621/3360 3377/6622/3361 3235/6623/3362
f 3292/6624/3358 3235/6623/3362 3377/6622/3361
f 3377/6625/3361 3298/6626/3359 3292/6627/3358
f 3251/6615/3356 3293/6628/3363 3292/6619/3358
f 3251/6615/3356 3298/6620/3359 3247/6614/3355
f 2660/4021/2246 2661/6629/3364 2648/6630/3365
f 3474/6631/3366 2943/6632/3367 2638/6633/3368
f 2942/6634/3369 2648/6635/3365 2976/6636/3370
f 3474/6637/3366 2648/6635/3365 2942/6634/3369
f 2638/6638/3368 2943/6639/3367 2639/6640/2248
f 2943/6639/3367 3474/6637/3366 2942/6634/3369
f 3474/6631/3366 2638/6633/3368 2660/4021/2246
f 2648/6630/3365 3474/6631/3366 2660/4021/2246
f 2660/4021/2246 2662/6641/3371 2661/6629/3364
f 2661/6642/3364 2663/6643/3372 3475/6644/3145
f 2648/6635/3365 2977/6645/3373 2976/6636/3370
f 2648/6635/3365 2661/6642/3364 2977/6645/3373
f 2661/6642/3364 3475/6644/3145 2977/6645/3373
f 2660/4021/2246 2639/4029/2248 526/4020/2232
f 2645/4030/2249 2639/4029/2248 2647/6646/2251
f 3462/6647/3374 2639/6640/2248 3473/6648/3264
f 3462/6647/3374 3473/6648/3264 2946/6376/3267
f 3473/6648/3264 2639/6640/2248 2943/6639/3367
f 3462/6649/3374 2647/6646/2251 2639/4029/2248
f 2660/4021/2246 2638/6633/3368 2639/4029/2248
f 3461/6375/3269 3462/6647/3374 2946/6376/3267
f 3462/6649/3374 3461/6650/3269 2647/6646/2251
f 461/4640/2548 474/4625/2536 457/4647/2555
f 459/6303/3236 461/4640/2548 453/6302/3235
f 459/6303/3236 460/4646/2554 476/4643/2551
f 459/6303/3236 476/4643/2551 461/4640/2548
f 688/6314/3243 690/6651/3375 686/6315/3244
f 458/6310/3240 460/4646/2554 459/6303/3236
f 688/6314/3243 689/6652/3376 690/6651/3375
f 483/6313/3242 472/6653/3377 458/6310/3240
f 690/6654/3375 483/6655/3242 686/6656/3244
f 458/6310/3240 472/6653/3377 460/4646/2554
f 472/6653/3377 3486/4659/2560 460/4646/2554
f 3486/4659/2560 478/4648/2556 460/4646/2554
f 3486/4653/2560 472/6657/3377 690/6654/3375
f 690/6654/3375 472/6657/3377 483/6655/3242
f 691/4664/2566 3486/4657/2560 690/6651/3375
f 689/6652/3376 691/4664/2566 690/6651/3375
f 552/6658/3378 3010/6451/3293 539/6479/3307
f 552/6658/3378 1677/6449/3291 3010/6451/3293
f 552/6659/3378 538/6660/3379 541/6661/3380
f 539/6662/3307 538/6660/3379 552/6659/3378
f 538/6663/3379 539/6664/3307 1681/6075/3138
f 1679/6665/3381 538/6663/3379 1681/6075/3138
f 539/6664/3307 537/6076/3139 1681/6075/3138
f 552/6666/3378 541/6667/3380 1677/6668/3291
f 538/6660/3379 540/6669/3382 541/6661/3380
f 540/6669/3382 1678/6670/3383 541/6661/3380
f 1679/6665/3381 540/6671/3382 538/6663/3379
f 546/6672/3384 695/4696/2581 543/6442/3286
f 542/6673/3309 546/6674/3384 543/6487/3286
f 542/6673/3309 699/6675/3385 546/6674/3384
f 1344/6446/3289 542/6673/3309 543/6487/3286
f 695/4696/2581 546/6672/3384 699/6676/3385
f 699/6675/3385 542/6673/3309 1678/6670/3383
f 542/6673/3309 541/6661/3380 1678/6670/3383
f 542/6673/3309 548/6677/3308 541/6661/3380
f 3479/6678/2600 540/6671/3382 3482/6679/2598
f 3480/6680/2599 1678/6681/3383 3479/6678/2600
f 3479/6678/2600 1678/6681/3383 540/6671/3382
f 3482/6679/2598 1679/6665/3381 3478/6682/2604
f 3482/6679/2598 540/6671/3382 1679/6665/3381
f 3112/6683/3386 3102/6684/3387 3111/6685/3388
f 3116/6686/3389 3104/6687/3390 1578/6688/3391
f 1578/6689/3391 2892/6690/3392 3116/6691/3389
f 1571/4553/2500 1570/4544/2495 3116/6691/3389
f 1570/6692/2495 3108/6693/2493 3116/6686/3389
f 1571/4553/2500 3116/6691/3389 2892/6690/3392
f 2892/6694/3392 1578/6695/3391 2893/6696/3393
f 3104/6687/3390 3112/6683/3386 2894/6697/3394
f 2893/6698/3393 1578/6688/3391 3104/6687/3390
f 2893/6698/3393 3104/6687/3390 2894/6697/3394
f 1573/6699/2505 1571/4553/2500 2892/6690/3392
f 3112/6683/3386 3111/6685/3388 2895/6700/3395
f 3112/6683/3386 2895/6700/3395 2894/6701/3394
f 3104/6687/3390 3110/6702/3396 3112/6683/3386
f 3107/6703/3397 3110/6702/3396 3104/6687/3390
f 3107/6704/3397 3118/6705/3398 3110/6706/3396
f 3107/6707/3397 3086/6708/3399 3119/6709/3400
f 3104/6687/3390 3105/6710/3401 3107/6703/3397
f 3107/6704/3397 3119/6711/3400 3118/6705/3398
f 3107/6707/3397 3109/6712/3402 3086/6708/3399
f 3112/6683/3386 3110/6702/3396 3102/6684/3387
f 3043/6713/3403 3087/6714/3404 3086/6715/3399
f 3043/6713/3403 3044/6716/3405 3087/6714/3404
f 3108/6717/2493 3109/6718/3402 3105/6719/3401
f 3116/6720/3389 3108/6717/2493 3105/6719/3401
f 3105/6721/3401 3109/6722/3402 3107/6704/3397
f 3116/6686/3389 3105/6710/3401 3104/6687/3390
f 3061/4542/2492 3046/4543/2494 3109/6723/3402
f 3108/6724/2493 3061/6725/2492 3109/6726/3402
f 3086/6715/3399 3042/4548/2496 3043/6713/3403
f 3046/4543/2494 3042/4548/2496 3086/6715/3399
f 3109/6723/3402 3046/4543/2494 3086/6715/3399
f 3292/6624/3358 3378/6727/3406 3235/6623/3362
f 3293/6728/3363 3378/6729/3406 3292/6627/3358
f 3376/6730/3407 3235/6623/3362 3378/6727/3406
f 3293/6628/3363 3248/6731/3408 3378/6727/3406
f 3251/6615/3356 3248/6731/3408 3293/6628/3363
f 3378/6727/3406 3248/6731/3408 3443/6732/3409
f 3248/6731/3408 3384/6733/3410 3443/6732/3409
f 2943/6734/3367 2942/6735/3369 2941/6366/3265
f 2943/6734/3367 2941/6366/3265 3473/6365/3264
f 2941/6366/3265 2944/6386/3274 2945/6367/3266
f 3014/6736/3411 2928/6737/3412 2937/6738/3210
f 3014/6739/3411 2944/6386/3274 2941/6366/3265
f 3014/6739/3411 2937/6740/3210 2944/6386/3274
f 2975/6741/2475 2947/4496/2477 2991/4495/2480
f 2929/6742/3413 2927/4494/2479 2928/6743/3412
f 2927/4494/2479 2937/6262/3210 2928/6743/3412
f 2927/4494/2479 2930/6258/3224 2937/6262/3210
f 2994/6744/3414 2929/6742/3413 3014/6745/3411
f 2929/6742/3413 2928/6743/3412 3014/6745/3411
f 3015/6263/2512 2975/6741/2475 2991/6260/2480
f 3015/4580/2512 2930/6258/3224 2927/4494/2479
f 3288/6746/3168 3239/6747/3415 3299/6748/3416
f 3239/6749/3415 3238/6123/3159 3240/6122/3158
f 3239/6749/3415 3240/6122/3158 3299/6750/3416
f 3283/6751/3417 3296/6752/3418 3288/6134/3168
f 3296/6752/3418 3244/5932/3085 3426/6753/3419
f 3296/6754/3418 3426/6755/3419 3288/6756/3168
f 3283/6751/3417 3288/6134/3168 3286/6136/3166
f 3243/6757/3420 3380/6758/3421 3239/6749/3415
f 3288/6746/3168 3426/6759/3419 3239/6747/3415
f 3426/6753/3419 3243/6757/3420 3239/6749/3415
f 3239/6749/3415 3380/6758/3421 3238/6123/3159
f 3238/6123/3159 3242/6760/3422 2153/6761/3423
f 3380/6758/3421 3242/6760/3422 3238/6123/3159
f 3379/5951/3097 3380/6758/3421 3243/6757/3420
f 3244/5932/3085 3245/5934/3087 3426/6753/3419
f 3426/6762/3419 3245/6763/3087 3243/6764/3420
f 3379/5951/3097 3294/6606/3348 3380/6758/3421
f 3295/5940/3092 3379/5951/3097 3245/5934/3087
f 3295/5940/3092 3245/5934/3087 3246/5933/3086
f 3245/6763/3087 3379/6765/3097 3243/6764/3420
f 3255/6766/3095 3294/6767/3348 3379/6768/3097
f 3282/6769/3424 3297/5937/3089 3244/5932/3085
f 3297/5937/3089 3282/6769/3424 3382/6770/3100
f 3288/6134/3168 3299/6750/3416 2155/6135/3167
f 3382/6771/3100 3282/6772/3424 3280/6773/3425
f 3282/6769/3424 3244/5932/3085 3296/6752/3418
f 3282/6774/3424 3296/6752/3418 3283/6751/3417
f 521/6775/2591 2665/6776/2595 2246/6777/2590
f 501/4708/2588 520/4714/2592 521/4712/2591
f 521/6775/2591 520/6778/2592 2665/6776/2595
f 2248/4717/2594 2665/6779/2595 2659/3997/2231
f 2659/3997/2231 2662/6641/3371 2660/4021/2246
f 2659/3997/2231 2665/6779/2595 2662/6641/3371
f 2665/6779/2595 2249/6780/3426 2662/6641/3371
f 2662/6641/3371 2663/6781/3372 2661/6629/3364
f 520/4714/2592 510/4656/2561 516/6782/3427
f 520/6778/2592 516/6783/3427 2665/6776/2595
f 2665/6776/2595 516/6783/3427 2249/6784/3426
f 516/6785/3427 2662/6786/3371 2249/6787/3426
f 2662/6641/3371 2664/6788/2607 2663/6781/3372
f 510/4656/2561 2664/4734/2607 516/6782/3427
f 516/6783/3427 2664/6788/2607 2662/6641/3371
f 2663/6643/3372 522/6789/3428 3475/6644/3145
f 2664/6788/2607 522/6790/3428 2663/6781/3372
f 522/6791/3428 3484/6105/3152 3475/6106/3145
f 522/6792/3428 3489/6793/2602 3484/6794/3152
f 3489/4740/2602 1685/4739/2608 3484/6795/3152
f 522/6796/3428 2664/4734/2607 512/4728/2565
f 522/6797/3428 512/4663/2565 3489/4729/2602
f 2248/4717/2594 2659/3997/2231 2243/4722/2597
f 3429/1714/979 3234/6798/3429 3356/2301/1296
f 3443/6732/3409 3384/6733/3410 3429/1714/979
f 3384/6733/3410 3234/6798/3429 3429/1714/979
f 3443/6732/3409 3429/1714/979 3303/1713/978
f 3375/6799/976 3303/1713/978 3371/1733/977
f 3378/6727/3406 3443/6732/3409 3376/6730/3407
f 3241/1678/947 3376/6730/3407 3300/1730/988
f 3443/6732/3409 3302/6800/975 3376/6730/3407
f 3300/1730/988 3302/6800/975 2157/6801/989
f 3376/6730/3407 3302/6800/975 3300/1730/988
f 3443/6732/3409 3375/6799/976 3302/6800/975
f 3375/6799/976 3443/6732/3409 3303/1713/978
f 1339/6802/3430 1336/6803/3290 1338/6804/3431
f 1338/6804/3431 953/6805/3432 1339/6802/3430
f 1338/6806/3431 1336/6447/3290 693/6448/2564
f 1268/6593/3344 1337/6601/3288 1336/6803/3290
f 1264/6589/3341 1085/6807/3433 1084/6467/3301
f 1264/6592/3341 1261/6591/3343 1085/6808/3433
f 1261/6591/3343 1265/6809/1178 1260/6810/3434
f 1260/6811/3434 1259/6812/3435 1261/6813/3343
f 1085/6807/3433 1086/6814/3303 1084/6467/3301
f 1261/6813/3343 1259/6812/3435 1085/6815/3433
f 3021/6816/3304 1087/6817/3436 2908/6547/3326
f 1086/6814/3303 1085/6807/3433 3021/6818/3304
f 1088/6819/3327 2908/6820/3326 1087/6821/3436
f 1260/6811/3434 1087/6822/3436 1259/6812/3435
f 1260/6811/3434 1258/1939/1110 1262/6823/3437
f 1260/6811/3434 1088/6824/3327 1087/6822/3436
f 1260/6811/3434 1262/6823/3437 1088/6824/3327
f 1259/6825/3435 1087/6821/3436 3021/6818/3304
f 1259/6825/3435 3021/6818/3304 1085/6807/3433
f 1263/2118/1179 1258/1939/1110 1260/6811/3434
f 1262/6826/3437 2984/6553/3328 1088/6552/3327
f 1258/1939/1110 2984/6827/3328 1262/6823/3437
f 1526/1938/1103 2984/6827/3328 1258/1939/1110
f 938/6828/3438 940/6829/3439 1335/6830/3345
f 1152/6831/3440 1335/6830/3345 940/6829/3439
f 1335/6594/3345 1343/2064/1174 1270/2066/1176
f 1152/6831/3440 1343/6832/1174 1335/6830/3345
f 1334/2065/1175 1265/2068/1178 1266/6833/3342
f 1270/2066/1176 1334/2065/1175 1266/6833/3342
f 1265/6809/1178 1261/6591/3343 1266/6590/3342
f 1265/6834/1178 1263/2118/1179 1260/6811/3434
f 1339/6802/3430 1348/6835/3441 1336/6803/3290
f 1326/6836/3332 1348/6837/3441 1339/6838/3430
f 953/6805/3432 1326/6570/3332 1339/6802/3430
f 1322/6839/3442 1326/6570/3332 953/6805/3432
f 1336/6803/3290 1335/6594/3345 1268/6593/3344
f 1348/6835/3441 1335/6594/3345 1336/6803/3290
f 1348/6835/3441 944/6840/3443 1335/6594/3345
f 938/6828/3438 1335/6830/3345 944/6841/3443
f 3250/2304/1302 3356/2301/1296 3234/6798/3429
f 726/6842/2773 3234/6798/3429 3384/6733/3410
f 3249/5122/2772 3250/6843/1302 726/6842/2773
f 3250/2304/1302 3425/5100/1303 3233/2259/1284
f 726/6842/2773 3250/6843/1302 3234/6798/3429
f 3249/5122/2772 3425/5100/1303 3250/6843/1302
f 843/6279/3227 727/5128/2775 728/6844/3444
f 727/5125/2775 726/5118/2773 728/6845/3444
f 842/6846/3357 728/6847/3444 3248/6731/3408
f 843/6279/3227 728/6844/3444 842/6848/3357
f 728/6847/3444 726/6842/2773 3248/6731/3408
f 3248/6731/3408 726/6842/2773 3384/6733/3410
f 3238/6849/3159 2153/6850/3423 2136/6143/3175
f 2154/6120/3156 2136/6143/3175 2118/6121/3157
f 2136/6143/3175 2154/6120/3156 3238/6849/3159
f 2158/6851/948 2156/1727/949 2113/1707/972
f 2158/6851/948 2113/1707/972 2087/1726/987
f 2124/6852/3445 2159/6853/946 2158/6851/948
f 2095/6142/3174 2093/6854/3446 2090/6141/3173
f 2090/6141/3173 2093/6854/3446 2198/6151/3179
f 2136/6143/3175 2093/6854/3446 2095/6142/3174
f 2093/6854/3446 2087/1726/987 2089/6855/3447
f 2124/6852/3445 2087/1726/987 2093/6854/3446
f 2089/6855/3447 2225/6158/3183 2093/6854/3446
f 2136/6143/3175 2124/6852/3445 2093/6854/3446
f 2093/6854/3446 2225/6158/3183 2198/6151/3179
f 2158/6851/948 2087/1726/987 2124/6852/3445
f 599/2049/1165 1074/6856/3282 595/2050/1166
f 2942/6735/3369 1683/6857/3448 2941/6366/3265
f 2964/6081/3142 2838/5925/3080 2963/6082/3141
f 2964/6858/3142 2999/6859/3449 2838/6860/3080
f 3016/6086/3143 2999/6861/3449 2964/6081/3142
f 2999/6859/3449 2989/6862/3071 2838/6860/3080
f 2976/6863/3370 1683/6857/3448 2942/6735/3369
f 2977/6864/3373 1682/6092/3147 2976/6863/3370
f 2977/6864/3373 3475/6090/3145 1682/6092/3147
f 1682/6092/3147 1683/6857/3448 2976/6863/3370
f 1683/6857/3448 3014/6739/3411 2941/6366/3265
f 1682/6100/3147 1684/6097/3148 1683/6865/3448
f 2967/6866/3150 2934/6867/3151 2994/6868/3414
f 1684/6869/3148 2994/6870/3414 1683/6857/3448
f 1684/6869/3148 2967/6101/3150 2994/6870/3414
f 3014/6871/3411 1683/6872/3448 2994/6873/3414
f 2994/6868/3414 2934/6867/3151 2929/6874/3413
f 2929/6742/3413 2934/6103/3151 2927/4494/2479
f 3032/6104/3079 3008/5891/3067 2961/5901/3073
f 2963/6082/3141 2838/5925/3080 3032/6104/3079
f 2934/6103/3151 2961/5901/3073 2927/4494/2479
f 2934/6103/3151 3032/6104/3079 2961/5901/3073
f 1070/6875/1887 1074/6876/3282 599/6877/1165
f 2203/3598/1994 2219/6139/3171 2226/3599/1995
f 1103/6878/3450 1104/6879/2664 1114/6880/2660
f 2226/3599/1995 1102/3629/2015 2204/3630/2020
f 1103/6878/3450 1114/6880/2660 1102/3622/2015
f 2226/3599/1995 1103/6881/3450 1102/3629/2015
f 1114/6880/2660 1104/6879/2664 1116/6882/2661
f 2226/3599/1995 2219/6139/3171 2213/6883/3451
f 2203/3598/1994 2104/3601/1997 2219/6139/3171
f 2213/6883/3451 1103/6881/3450 2226/3599/1995
f 1103/6878/3450 1105/6884/2662 1104/6879/2664
f 2213/6883/3451 1105/6885/2662 1103/6881/3450
f 1114/4831/2660 2747/3606/2002 1101/3605/2001
f 1102/3622/2015 1114/6880/2660 1101/3610/2001
f 2119/3607/2003 2226/3599/1995 2204/3630/2020
f 2204/3630/2020 1102/3629/2015 2214/3627/2019
f 2999/6861/3449 3000/5917/3072 2989/5896/3071
f 3016/6086/3143 2974/5916/3077 2999/6861/3449
f 2974/5916/3077 3000/5917/3072 2999/6861/3449
f 3025/6215/3193 1399/6217/3078 3005/6886/3208
f 2919/6887/3076 3023/6888/3074 2974/6889/3077
f 3005/6886/3208 1399/6217/3078 2974/6889/3077
f 3005/6218/3208 2974/5916/3077 3016/6086/3143
f 2974/6889/3077 1399/6217/3078 2919/6887/3076
f 3280/6890/3425 3285/6891/3329 2144/6892/2980
f 3280/6890/3425 3283/6751/3417 3285/6891/3329
f 3280/6890/3425 3282/6774/3424 3283/6751/3417
f 3285/6891/3329 3283/6751/3417 3286/6136/3166
f 3382/6770/3100 3280/6890/3425 2145/6893/2979
f 2145/6893/2979 3280/6890/3425 2144/6892/2980
f 3285/6891/3329 3286/6136/3166 2151/6894/3172
f 2151/6140/3172 3286/6132/3166 2126/6138/3170
f 3259/1285/723 3261/5966/3101 3262/5706/2990
f 3279/5698/2978 3262/5706/2990 3289/6895/3102
f 3279/5698/2978 3289/6895/3102 2145/6893/2979
f 3261/6896/3101 3289/6897/3102 3262/6898/2990
f 3289/6895/3102 3382/6770/3100 2145/6893/2979
f 3382/6770/3100 3289/5967/3102 3260/5961/3099
f 2803/3674/2041 2826/6899/3452 851/3675/2042
f 2803/3674/2041 850/6900/3453 2826/6899/3452
f 2806/3670/2037 860/6901/3454 850/6900/3453
f 2803/3674/2041 2806/3670/2037 850/6900/3453
f 2807/3672/2039 2828/6902/3455 2806/3670/2037
f 2806/3670/2037 2828/6902/3455 860/6901/3454
f 848/6903/3456 2828/6904/3455 843/6279/3227
f 2807/3672/2039 845/6278/2777 2828/6902/3455
f 2793/3671/2038 845/6278/2777 2807/3672/2039
f 2828/6904/3455 845/5127/2777 843/6279/3227
f 1522/6207/3204 1517/6197/3137 1525/6905/3300
f 1524/6061/3127 1705/6906/3306 1519/6062/3126
f 1518/6907/3124 1704/6908/3457 1517/6197/3137
f 1518/6907/3124 1519/6062/3126 1705/6906/3306
f 1525/6905/3300 1517/6197/3137 1704/6908/3457
f 2998/6465/3298 1525/6464/3300 1704/6909/3457
f 2998/6465/3298 1704/6909/3457 1518/6484/3124
f 850/6910/3453 841/6613/3354 844/6607/3349
f 2826/6911/3452 850/6910/3453 844/6607/3349
f 851/5953/2042 2826/6911/3452 844/6607/3349
f 850/6910/3453 860/6912/3454 841/6613/3354
f 860/6912/3454 2828/6904/3455 848/6903/3456
f 848/6903/3456 841/6613/3354 860/6912/3454
f 840/6608/3350 848/6903/3456 842/6848/3357
f 841/6613/3354 848/6903/3456 840/6608/3350
f 848/6903/3456 843/6279/3227 842/6848/3357
f 3291/6610/3351 842/6846/3357 3248/6731/3408
f 3291/6610/3351 3248/6731/3408 3251/6615/3356
f 2087/1726/987 2101/1706/971 2194/2348/1328
f 2089/6855/3447 2197/2363/1337 2225/6158/3183
f 2087/1726/987 2197/2363/1337 2089/6855/3447
f 3171/6211/3197 1148/6565/1177 943/6913/3458
f 1319/6576/3330 942/6914/3337 1703/6915/3459
f 939/6916/3460 1343/6832/1174 1152/6831/3440
f 939/6916/3460 1334/6917/1175 1343/6832/1174
f 940/6918/3439 939/6919/3460 1152/6920/3440
f 1703/6921/3459 939/6919/3460 940/6918/3439
f 1703/6915/3459 941/6922/3461 939/6923/3460
f 941/6924/3461 1334/6917/1175 939/6916/3460
f 941/6924/3461 943/6913/3458 1334/6917/1175
f 942/6914/3337 941/6922/3461 1703/6915/3459
f 3171/6190/3197 943/6925/3458 942/6579/3337
f 943/6926/3458 941/6927/3461 942/6928/3337
f 943/6913/3458 1148/6565/1177 1334/6917/1175
f 1326/6836/3332 1327/6929/3334 1348/6837/3441
f 1327/6929/3334 944/6930/3443 1348/6837/3441
f 1321/6577/3335 944/6930/3443 1327/6929/3334
f 1703/6915/3459 940/6931/3439 938/6932/3438
f 944/6930/3443 1321/6577/3335 938/6932/3438
f 1321/6577/3335 1703/6915/3459 938/6932/3438
f 1321/6577/3335 1319/6576/3330 1703/6915/3459
f 3301/6933/3462 3374/6934/3463 3241/1678/947
f 3301/6933/3462 3241/1678/947 3237/6935/3464
f 2153/6761/3423 3301/6933/3462 3237/6935/3464
f 3242/6760/3422 3377/6622/3361 3301/6933/3462
f 3242/6760/3422 3298/6620/3359 3377/6622/3361
f 3242/6760/3422 3301/6933/3462 2153/6761/3423
f 3301/6936/3462 3236/6937/3360 3374/6938/3463
f 3301/6936/3462 3377/6939/3361 3236/6937/3360
f 3235/6623/3362 3376/6730/3407 3236/6621/3360
f 3236/6621/3360 3376/6730/3407 3374/6934/3463
f 2212/6127/2666 2211/6126/3161 1106/6940/3465
f 2211/6126/3161 1107/6131/3165 1106/6940/3465
f 2100/6125/3160 2212/6127/2666 2219/6139/3171
f 2212/4837/2666 2701/4815/2646 1105/4833/2662
f 1106/6941/3465 2718/4838/2667 2212/4837/2666
f 1107/6149/3165 2756/4839/2668 1106/6941/3465
f 2212/6127/2666 1105/6885/2662 2213/6883/3451
f 1106/6941/3465 2756/4839/2668 2718/4838/2667
f 2219/6139/3171 2212/6127/2666 2213/6883/3451
f 1680/6942/2606 1679/6665/3381 1681/6075/3138
f 3483/6943/2605 1681/6075/3138 1685/6944/2608
f 1680/6942/2606 1681/6075/3138 3483/6943/2605
f 3478/6682/2604 1679/6665/3381 1680/6942/2606
f 548/6945/3308 1677/6668/3291 541/6667/3380
f 3102/6946/3387 3100/6947/3466 3103/6948/3467
f 3102/6684/3387 3103/6948/3467 3117/6949/1816
f 3119/6709/3400 3086/6708/3399 3118/6950/3398
f 3087/6714/3404 3044/6716/3405 3100/6951/3466
f 3087/6714/3404 3100/6951/3466 3102/6952/3387
f 3086/6708/3399 3087/6953/3404 3118/6950/3398
f 3102/6954/3387 3110/6706/3396 3087/6955/3404
f 3110/6706/3396 3118/6705/3398 3087/6955/3404
f 2136/6143/3175 3237/6956/3464 2124/6852/3445
f 3237/6935/3464 2159/1677/946 2124/6957/3445
f 2153/6850/3423 3237/6956/3464 2136/6143/3175
f 3241/1678/947 2159/1677/946 3237/6935/3464
f 3374/6934/3463 3376/6730/3407 3241/1678/947
f 3103/6948/3467 3091/6958/3468 1742/6959/3469
f 3100/6947/3466 3091/6958/3468 3103/6948/3467
f 3117/6960/1816 3103/6961/3467 1742/6962/3469
f 3091/6958/3468 3078/6963/3470 3075/6964/3471
f 3100/6947/3466 3078/6963/3470 3091/6958/3468
f 3078/6965/3470 3077/6966/3472 3075/6967/3471
f 3081/6968/3473 3063/6969/3474 3045/6970/3475
f 3080/6971/2497 3038/6972/3476 3063/6973/3474
f 3063/6973/3474 3081/6974/3473 3100/6951/3466
f 3043/6713/3403 3042/6975/2496 3044/6716/3405
f 3042/6976/2496 3080/6977/2497 3044/6978/3405
f 3044/6716/3405 3063/6973/3474 3100/6951/3466
f 3080/6971/2497 3063/6973/3474 3044/6716/3405
f 3100/6979/3466 3081/6980/3473 3078/6981/3470
f 1685/4739/2608 1687/6982/3477 3484/6795/3152
f 1685/6944/2608 536/6077/3140 1687/6983/3477
f 1687/6983/3477 536/6077/3140 3484/6105/3152
f 1681/6075/3138 536/6077/3140 1685/6944/2608
f 3294/6606/3348 3242/6760/3422 3380/6758/3421
f 3294/6606/3348 3247/6614/3355 3242/6760/3422
f 3242/6760/3422 3247/6614/3355 3298/6620/3359
f 3075/6967/3471 3077/6966/3472 3099/6984/3478
f 3090/6985/3479 3075/6967/3471 3099/6984/3478
f 3077/6966/3472 3083/6986/1189 3113/6987/3480
f 3077/6966/3472 3113/6987/3480 3099/6984/3478
f 3113/6987/3480 3114/6988/1182 3099/6984/3478
f 3076/6989/1188 3083/6986/1189 3077/6966/3472
f 3083/6990/1189 3054/2087/1180 3113/6991/3480
f 3081/6992/3473 3076/6989/1188 3077/6966/3472
f 3081/6993/3473 3077/6994/3472 3078/6995/3470
f 3101/6996/1200 3045/6970/3475 3063/6969/3474
f 3081/6993/3473 3047/6997/1191 3076/6998/1188
f 3045/6999/3475 3047/2090/1191 3081/6974/3473
f 3101/2104/1200 3047/2090/1191 3045/6999/3475
f 3101/2104/1200 3063/6973/3474 3038/6972/3476
f 3038/6972/3476 3037/2109/1201 3101/2104/1200
f 3111/6685/3388 3102/6684/3387 3106/7000/3481
f 3102/6684/3387 3117/6949/1816 3106/7000/3481
f 3106/7000/3481 3117/7001/1816 1743/7002/1815
f 1475/3408/1916 3111/7003/3388 3115/3411/1813
f 3111/6685/3388 1743/7002/1815 3115/3403/1813
f 3111/6685/3388 3106/7000/3481 1743/7002/1815
f 700/7004/2580 699/6676/3385 3481/7005/3482
f 700/7004/2580 695/4696/2581 699/6676/3385
f 3481/7005/3482 699/6676/3385 1678/7006/3383
f 3481/7005/3482 1678/7006/3383 3480/7007/2599
f 1338/6804/3431 549/7008/2563 953/6805/3432
f 549/7009/2563 1338/6806/3431 693/6448/2564
f 551/7010/3483 549/4661/2563 691/4664/2566
f 698/7011/3484 551/7010/3483 691/4664/2566
f 698/7012/3484 949/7013/3485 551/7014/3483
f 549/7009/2563 551/7015/3483 953/7016/3432
f 949/7013/3485 1322/7017/3442 551/7014/3483
f 1322/7017/3442 953/7018/3432 551/7014/3483
f 955/7019/3486 698/7011/3484 691/4664/2566
f 955/7020/3486 949/7013/3485 698/7012/3484
f 851/3675/2042 852/4830/2659 2824/3676/2043
f 3048/2103/1195 3082/2092/1192 3101/2104/1200
f 3082/2092/1192 3049/7021/1193 3101/2104/1200
f 3101/2104/1200 3049/7021/1193 3047/2090/1191
f 2155/6133/3167 3240/7022/3158 2135/6119/3155
f 3240/7022/3158 2154/6120/3156 2135/6119/3155
f 3299/7023/3416 3240/7024/3158 2155/7025/3167
f 3080/6971/2497 3037/2109/1201 3038/6972/3476
f 3092/2108/1202 3037/2109/1201 3079/7026/2498
f 3079/7026/2498 3037/2109/1201 3080/6971/2497
f 2893/6696/3393 2894/7027/3394 2890/6240/3214
f 2890/6240/3214 2992/6242/2503 2891/7028/2504
f 2890/6240/3214 2892/6694/3392 2893/6696/3393
f 2891/7028/2504 1573/7029/2505 2892/6694/3392
f 2891/7028/2504 2892/6694/3392 2890/6240/3214
f 949/7013/3485 948/7030/3487 1322/7017/3442
f 952/2072/1181 947/2099/1196 948/7030/3487
f 952/2072/1181 948/7030/3487 949/7013/3485
f 3117/3221/1816 1742/7031/3469 1744/3222/1817
f 3068/6347/3257 3071/7032/3253 3069/6348/3258
f 1744/7033/1817 3098/7034/3259 3068/6347/3257
f 3068/6347/3257 3098/7034/3259 3071/7032/3253
f 688/6314/3243 3074/7035/3488 689/6652/3376
f 696/7036/3489 688/6314/3243 687/6325/3247
f 3085/6321/3246 696/7037/3489 687/6322/3247
f 1323/7038/3490 1320/6569/3331 1349/6571/3333
f 1324/6578/1197 1320/6569/3331 1323/7038/3490
f 2894/7027/3394 2895/7039/3395 2889/7040/3491
f 2890/6240/3214 2894/7027/3394 2889/7040/3491
f 2895/7039/3395 3111/7041/3388 2889/7040/3491
f 1475/7042/1916 2889/7040/3491 3111/7041/3388
f 2889/7040/3491 1475/7042/1916 1474/6249/1915
f 947/7043/1196 1323/7038/3490 948/7044/3487
f 1324/6578/1197 1323/7038/3490 947/7043/1196
f 2887/6241/3215 2890/6240/3214 2889/7040/3491
f 2887/6241/3215 2889/7040/3491 1474/6249/1915
f 700/4695/2580 3481/7045/3482 3480/4724/2599
f 3114/2073/1182 949/7013/3485 955/7020/3486
f 3490/4630/2541 695/4696/2581 700/7004/2580
f 3491/7046/2601 700/4695/2580 3480/4724/2599
f 3068/6347/3257 3095/6352/2241 3065/7047/2243
f 3067/7048/1814 1744/7033/1817 3068/6347/3257
f 3114/7049/1182 955/7050/3486 3096/7051/3492
f 3099/6984/3478 3114/6988/1182 3096/7052/3492
f 3113/6991/3480 3054/2087/1180 3114/7053/1182
f 3099/6984/3478 955/7050/3486 3074/7054/3488
f 696/7055/3489 3099/6984/3478 3074/7054/3488
f 955/7050/3486 691/7056/2566 689/7057/3376
f 955/7050/3486 689/7057/3376 3074/7054/3488
f 3096/7051/3492 955/7050/3486 3099/6984/3478
f 3073/7058/3493 696/7055/3489 3085/6321/3246
f 3064/6342/3255 3073/7059/3493 3085/6336/3246
f 1744/7060/1817 1742/7061/3469 3098/7034/3259
f 3091/6958/3468 3075/6964/3471 3090/7062/3479
f 1745/3202/1802 3068/6347/3257 3065/7047/2243
f 1745/3202/1802 3067/7048/1814 3068/6347/3257
f 952/2072/1181 949/7013/3485 3114/2073/1182
f 1323/7038/3490 1349/6571/3333 1326/6570/3332
f 1322/6839/3442 1323/7038/3490 1326/6570/3332
f 948/7044/3487 1323/7038/3490 1322/6839/3442
f 3074/7035/3488 688/6314/3243 696/7036/3489
f 3064/7063/3255 3099/6984/3478 3073/7058/3493
f 1742/7064/3469 3090/7065/3479 3098/7066/3259
f 1742/7064/3469 3091/6958/3468 3090/7065/3479
f 3090/6985/3479 3099/6984/3478 3064/7063/3255
f 3090/6985/3479 3064/7063/3255 3098/7034/3259
f 3065/7047/2243 3466/3935/2190 3084/3203/1803
f 3084/3203/1803 1745/3202/1802 3065/7047/2243
f 3073/7058/3493 3099/6984/3478 696/7055/3489
f 3494/7067/3494 3499/7068/3495 3497/7069/3496
f 3514/7070/3497 3499/7068/3495 3494/7067/3494
f 3497/7071/3496 3516/7072/3498 3515/7073/3499
f 3499/7068/3495 3516/7074/3498 3497/7069/3496
f 3516/7072/3498 3519/7075/3500 3515/7073/3499
f 3512/7076/3501 3513/7077/3502 3496/7078/3503
f 3496/7078/3503 3513/7077/3502 3514/7079/3497
f 3514/7080/3497 3518/7081/3504 3499/7082/3495
f 3499/7082/3495 3519/7083/3500 3516/7084/3498
f 3499/7082/3495 3518/7081/3504 3519/7083/3500
f 3514/7080/3497 3513/7085/3502 3518/7081/3504
f 3519/7075/3500 3502/7086/3505 3515/7073/3499
f 3502/7087/3505 3518/7088/3504 3503/7089/3506
f 3518/7081/3504 3502/7090/3505 3519/7083/3500
f 3501/7091/3507 3503/7089/3506 3500/7092/3508
f 3502/7086/3505 3501/7093/3507 3515/7073/3499
f 3502/7087/3505 3503/7089/3506 3501/7091/3507
f 3512/7076/3501 3504/7094/3509 3513/7077/3502
f 3513/7077/3502 3504/7094/3509 3518/7095/3504
f 3505/7096/3510 3503/7097/3506 3504/7098/3509
f 3503/7089/3506 3518/7088/3504 3504/7099/3509
f 3495/7100/3511 3506/7101/3512 3494/7067/3494
f 3495/7100/3511 3494/7067/3494 3498/7102/3513
f 3511/7103/3514 3509/7104/3515 3495/7105/3511
f 3497/7069/3496 3498/7102/3513 3494/7067/3494
f 3517/7106/3516 3511/7107/3514 3495/7100/3511
f 3510/7108/3517 3509/7104/3515 3511/7103/3514
f 3495/7105/3511 3509/7104/3515 3506/7109/3512
f 3497/7071/3496 3515/7073/3499 3498/7110/3513
f 3501/7093/3507 3511/7111/3514 3515/7073/3499
f 3500/7112/3508 3510/7113/3517 3511/7111/3514
f 3510/7108/3517 3508/7114/3518 3509/7104/3515
f 3501/7093/3507 3500/7112/3508 3511/7111/3514
f 3509/7104/3515 3508/7114/3518 3505/7096/3510
f 3510/7115/3517 3500/7092/3508 3508/7116/3518
f 3500/7092/3508 3503/7089/3506 3508/7116/3518
f 3498/7110/3513 3515/7073/3499 3517/7117/3516
f 3498/7102/3513 3517/7106/3516 3495/7100/3511
f 3515/7073/3499 3511/7111/3514 3517/7117/3516
f 3494/7067/3494 3506/7101/3512 3507/7118/3519
f 3494/7067/3494 3496/7119/3503 3514/7070/3497
f 3494/7067/3494 3507/7118/3519 3496/7119/3503
f 3507/7120/3519 3512/7076/3501 3496/7078/3503
f 3506/7109/3512 3512/7121/3501 3507/7122/3519
f 3506/7109/3512 3505/7096/3510 3512/7121/3501
f 3509/7104/3515 3505/7096/3510 3506/7109/3512
f 3512/7121/3501 3505/7096/3510 3504/7098/3509
f 3505/7096/3510 3508/7114/3518 3503/7097/3506
f 3539/7123/3520 3536/7124/3521 3532/7125/3522
f 3532/7126/3522 3533/7127/3523 3537/7128/3524
f 3537/7128/3524 3533/7127/3523 3547/7129/3525
f 3537/7130/3524 3547/7131/3525 3549/7132/3526
f 3528/7133/3527 3531/7134/3528 3540/7135/3529
f 3531/7134/3528 3539/7123/3520 3540/7135/3529
f 3539/7123/3520 3525/7136/3530 3540/7135/3529
f 3525/7137/3530 3520/7138/3531 3540/7139/3529
f 3539/7123/3520 3541/7140/3532 3525/7136/3530
f 3525/7141/3530 3541/7142/3532 3549/7132/3526
f 3525/7137/3530 3543/7143/3533 3520/7138/3531
f 3525/7141/3530 3549/7132/3526 3543/7144/3533
f 3529/7145/3534 3538/7146/3535 3531/7147/3528
f 3529/7148/3534 3531/7149/3528 3528/7150/3527
f 3526/7151/3536 3529/7148/3534 3527/7152/3537
f 3535/7153/3538 3538/7146/3535 3548/7154/3539
f 3548/7154/3539 3538/7146/3535 3529/7145/3534
f 3538/7155/3535 3536/7156/3521 3539/7157/3520
f 3531/7134/3528 3538/7158/3535 3539/7123/3520
f 3535/7159/3538 3532/7126/3522 3536/7156/3521
f 3535/7159/3538 3536/7156/3521 3538/7155/3535
f 3535/7159/3538 3533/7127/3523 3532/7126/3522
f 3548/7160/3539 3534/7161/3540 3535/7159/3538
f 3534/7161/3540 3533/7127/3523 3535/7159/3538
f 3532/7125/3522 3541/7162/3532 3539/7123/3520
f 3532/7125/3522 3537/7163/3524 3541/7162/3532
f 3537/7130/3524 3549/7132/3526 3541/7142/3532
f 3527/7152/3537 3528/7150/3527 3524/7164/3541
f 3540/7135/3529 3524/7165/3541 3528/7133/3527
f 3527/7152/3537 3529/7148/3534 3528/7150/3527
f 3524/7166/3541 3540/7139/3529 3527/7167/3537
f 3540/7139/3529 3520/7138/3531 3527/7167/3537
f 3546/7168/3542 3548/7154/3539 3530/7169/3543
f 3548/7154/3539 3529/7145/3534 3526/7170/3536
f 3530/7169/3543 3548/7154/3539 3526/7170/3536
f 3523/7171/3544 3546/7172/3542 3530/7173/3543
f 3544/7174/3545 3545/7175/3546 3546/7172/3542
f 3533/7176/3523 3534/7177/3540 3545/7178/3546
f 3545/7178/3546 3534/7177/3540 3546/7168/3542
f 3546/7168/3542 3534/7177/3540 3548/7154/3539
f 3523/7179/3544 3530/7180/3543 3526/7151/3536
f 3522/7181/3547 3526/7151/3536 3527/7152/3537
f 3522/7181/3547 3523/7179/3544 3526/7151/3536
f 3542/7182/3548 3543/7144/3533 3549/7132/3526
f 3542/7183/3548 3547/7184/3525 3544/7174/3545
f 3543/7185/3533 3542/7183/3548 3544/7174/3545
f 3549/7132/3526 3547/7131/3525 3542/7182/3548
f 3547/7184/3525 3545/7175/3546 3544/7174/3545
f 3547/7129/3525 3533/7127/3523 3545/7186/3546
f 3543/7185/3533 3544/7174/3545 3521/7187/3549
f 3523/7171/3544 3544/7174/3545 3546/7172/3542
f 3521/7188/3549 3523/7189/3544 3522/7190/3547
f 3521/7187/3549 3544/7174/3545 3523/7171/3544
f 3520/7138/3531 3521/7188/3549 3522/7190/3547
f 3520/7138/3531 3522/7190/3547 3527/7167/3537
f 3543/7143/3533 3521/7188/3549 3520/7138/3531
f 3551/7191/3550 3559/7192/3551 3552/7193/3552
f 3560/7194/3553 3559/7192/3551 3551/7191/3550
f 3554/7195/3554 3558/7196/3555 3560/7197/3553
f 3561/7198/3556 3552/7199/3552 3559/7200/3551
f 3558/7196/3555 3556/7201/3557 3560/7197/3553
f 3559/7200/3551 3560/7197/3553 3561/7198/3556
f 3552/7202/3552 3561/7203/3556 3574/7204/3558
f 3552/7202/3552 3574/7204/3558 3575/7205/3559
f 3552/7193/3552 3575/7206/3559 3551/7191/3550
f 3556/7201/3557 3576/7207/3560 3557/7208/3561
f 3556/7201/3557 3557/7208/3561 3560/7197/3553
f 3560/7197/3553 3557/7208/3561 3561/7198/3556
f 3551/7191/3550 3553/7209/3562 3560/7194/3553
f 3553/7209/3562 3554/7210/3554 3560/7194/3553
f 3555/7211/3563 3558/7212/3555 3554/7213/3554
f 3573/7214/3564 3553/7209/3562 3551/7191/3550
f 3555/7215/3563 3554/7210/3554 3553/7209/3562
f 3558/7216/3555 3562/7217/3565 3556/7218/3557
f 3555/7211/3563 3562/7219/3565 3558/7212/3555
f 3563/7220/3566 3562/7219/3565 3555/7211/3563
f 3563/7220/3566 3571/7221/3567 3562/7219/3565
f 3569/7222/3568 3562/7219/3565 3571/7221/3567
f 3553/7209/3562 3563/7223/3566 3555/7215/3563
f 3573/7214/3564 3563/7223/3566 3553/7209/3562
f 3564/7224/3569 3568/7225/3570 3569/7226/3568
f 3550/7227/3571 3567/7228/3572 3572/7229/3573
f 3551/7191/3550 3550/7230/3571 3573/7214/3564
f 3550/7227/3571 3572/7229/3573 3573/7231/3564
f 3573/7231/3564 3571/7232/3567 3563/7233/3566
f 3572/7229/3573 3569/7234/3568 3571/7232/3567
f 3572/7229/3573 3571/7232/3567 3573/7231/3564
f 3572/7229/3573 3564/7235/3569 3569/7234/3568
f 3567/7228/3572 3564/7235/3569 3572/7229/3573
f 3561/7203/3556 3570/7236/3574 3574/7204/3558
f 3557/7237/3561 3570/7238/3574 3561/7239/3556
f 3576/7240/3560 3570/7238/3574 3557/7237/3561
f 3570/7236/3574 3565/7241/3575 3574/7204/3558
f 3574/7242/3558 3565/7243/3575 3564/7224/3569
f 3576/7240/3560 3565/7244/3575 3570/7238/3574
f 3568/7245/3570 3576/7240/3560 3562/7217/3565
f 3568/7245/3570 3565/7244/3575 3576/7240/3560
f 3568/7245/3570 3562/7217/3565 3569/7246/3568
f 3562/7217/3565 3576/7240/3560 3556/7218/3557
f 3564/7224/3569 3565/7243/3575 3568/7225/3570
f 3566/7247/3576 3574/7242/3558 3564/7224/3569
f 3550/7248/3571 3575/7205/3559 3566/7249/3576
f 3574/7204/3558 3566/7249/3576 3575/7205/3559
f 3566/7247/3576 3564/7224/3569 3567/7250/3572
f 3550/7248/3571 3566/7249/3576 3567/7251/3572
f 3575/7206/3559 3550/7230/3571 3551/7191/3550
f 3591/7252/3577 3590/7253/3578 3581/7254/3579
f 3588/7255/3580 3591/7252/3577 3581/7254/3579
f 3581/7256/3579 3580/7257/3581 3587/7258/3582
f 3588/7259/3580 3581/7256/3579 3587/7258/3582
f 3580/7257/3581 3593/7260/3583 3587/7258/3582
f 3581/7261/3579 3579/7262/3584 3580/7263/3581
f 3577/7264/3585 3580/7263/3581 3579/7262/3584
f 3581/7261/3579 3590/7265/3578 3579/7262/3584
f 3587/7266/3582 3582/7267/3586 3588/7268/3580
f 3577/7269/3585 3593/7270/3583 3580/7271/3581
f 3579/7262/3584 3578/7272/3587 3577/7264/3585
f 3593/7260/3583 3582/7273/3586 3587/7258/3582
f 3593/7260/3583 3586/7274/3588 3582/7273/3586
f 3582/7267/3586 3586/7275/3588 3585/7276/3589
f 3586/7277/3588 3592/7278/3590 3585/7279/3589
f 3593/7270/3583 3592/7280/3590 3586/7281/3588
f 3578/7282/3587 3593/7270/3583 3577/7269/3585
f 3593/7270/3583 3578/7282/3587 3592/7280/3590
f 3589/7283/3591 3594/7284/3592 3590/7285/3578
f 3589/7286/3591 3584/7287/3593 3594/7288/3592
f 3594/7284/3592 3579/7289/3584 3590/7285/3578
f 3594/7284/3592 3578/7290/3587 3579/7289/3584
f 3589/7291/3591 3590/7253/3578 3591/7252/3577
f 3582/7267/3586 3585/7276/3589 3588/7268/3580
f 3585/7276/3589 3583/7292/3594 3588/7268/3580
f 3584/7293/3593 3589/7294/3591 3583/7292/3594
f 3589/7291/3591 3591/7252/3577 3583/7295/3594
f 3583/7295/3594 3591/7252/3577 3588/7255/3580
f 3585/7276/3589 3584/7293/3593 3583/7292/3594
f 3592/7278/3590 3584/7287/3593 3585/7279/3589
f 3592/7278/3590 3578/7296/3587 3584/7287/3593
f 3578/7296/3587 3594/7288/3592 3584/7287/3593
o item_blade
v 0.000000 55.656200 3.999992
v 0.000000 70.710701 -0.000010
v 70.710701 0.000000 0.000000
v 55.656200 0.000000 4.000000
v 0.000000 -70.710602 0.000010
v 0.000000 -55.656101 4.000008
v -70.710701 0.000000 0.000000
v -55.656101 0.000000 4.000000
v 0.000000 55.656200 -4.000008
v 55.656200 -0.000000 -4.000000
v 0.000000 -55.656101 -3.999992
v -55.656101 -0.000000 -4.000000
v 101.915192 -17.535906 4.954292
v 101.481964 -14.499994 4.561398
v 94.486313 -12.127161 -1.388618
v 98.448372 -8.072982 2.553884
v 100.282333 -19.190645 4.130486
v 91.417725 0.994167 -0.888083
v 91.902939 -21.027569 -0.430854
v 76.676720 -13.910295 -13.655068
v 83.180176 9.142938 -4.074729
v 89.508125 -29.027763 -5.163645
v 97.307953 -27.617580 1.204710
v 98.271545 -30.270256 1.233493
v 96.928070 -32.198784 0.191288
v 90.275352 -35.364517 -3.830393
v 80.096527 -38.000019 -9.831266
v 57.879978 -6.840109 -21.021969
v 69.365768 -39.226105 -15.249601
v 73.638458 16.036983 -6.657179
v 58.018200 -38.810490 -19.482864
v 63.014149 21.534880 -8.421385
v 46.269356 -36.918571 -22.169291
v 51.585934 25.350500 -9.516494
v 37.901394 -0.562601 -23.557457
v 34.597553 -33.528305 -23.387209
v 39.767582 26.977037 -10.285625
v 23.706310 -28.373014 -23.339270
v 27.898617 26.532148 -10.957464
v 13.849792 -21.629946 -22.331030
v 16.330259 23.140318 -11.580987
v 17.274899 4.745695 -21.237272
v 5.798850 -12.784340 -20.066067
v 6.470969 16.748304 -12.172599
v 0.804274 -2.584051 -16.738585
v -2.005436 8.455607 -12.727852
v -97.330788 -31.599934 4.954294
v -95.196152 -33.801579 4.561333
v -88.141548 -31.609402 -1.388616
v -88.964348 -37.218151 2.553888
v -96.982948 -29.301321 4.130552
v -77.946571 -40.421135 -0.888077
v -91.283348 -22.890156 -0.430854
v -74.781509 -19.698458 -13.654996
v -66.492790 -42.171387 -4.074653
v -94.048050 -15.010059 -5.163789
v -99.528999 -20.735737 1.204710
v -101.868729 -19.156012 1.233424
v -101.915192 -16.806206 0.191286
v -98.393616 -10.334579 -3.830748
v -91.708008 -2.219420 -9.831272
v -55.419006 -14.369928 -21.021965
v -83.747383 5.079914 -15.249816
v -54.720741 -42.140156 -6.657102
v -74.323204 11.413438 -19.482805
v -42.894020 -40.343613 -8.421375
v -63.705059 16.789146 -22.169298
v -31.405756 -36.712936 -9.516484
v -35.566101 -7.705173 -23.557247
v -52.269878 20.906374 -23.387217
v -20.888531 -31.082310 -10.285618
v -40.428886 23.137514 -23.339211
v -11.547444 -23.745880 -10.957456
v -28.491205 23.475479 -22.330969
v -4.182518 -14.202051 -11.580981
v -15.757977 0.124202 -21.237696
v -16.778521 21.051641 -20.066074
v 0.036220 -3.235572 -12.172318
v -6.741957 15.735121 -16.738346
v 2.019479 8.455607 -12.727852
v -67.545059 88.199951 4.954277
v -68.978821 85.489082 4.561316
v -64.714180 79.457458 -1.388500
v -70.302727 78.506744 2.553870
v -65.251152 88.578941 4.130534
v -69.944328 67.038589 -0.888161
v -57.392231 85.139999 -0.430870
v -49.257744 70.432129 -13.655082
v -68.069756 55.604385 -4.074420
v -50.752407 90.204437 -5.163805
v -57.891647 93.648254 1.204692
v -57.111919 96.360916 1.233408
v -54.891468 97.131187 0.191476
v -47.648777 95.782074 -3.830413
v -37.864697 91.931183 -9.831285
v -38.206993 53.663967 -21.021976
v -28.462847 86.615692 -15.249829
v -64.402466 44.418465 -6.657115
v -19.527336 79.609901 -19.482615
v -59.038181 33.725681 -8.421387
v -11.133100 71.172798 -22.169306
v -52.036015 23.921324 -9.516494
v -25.733509 36.841900 -23.557251
v -3.683643 61.570190 -23.386971
v -43.430313 15.658768 -10.285412
v 2.097898 50.997364 -23.339138
v -33.566975 9.042466 -10.957601
v 6.107798 39.748558 -22.330973
v -22.213854 4.986390 -11.580983
v -12.165889 20.423063 -21.237700
v 7.421717 27.860468 -20.066074
v -10.481004 4.363266 -12.172597
v 5.467101 16.672096 -16.738487
v 1.251425 6.089586 -12.727850
v 55.595856 96.892075 4.954339
v 52.574783 97.418404 4.561382
v 48.156105 91.498230 -1.388634
v 45.524948 96.519348 2.553867
v 56.665054 94.827713 4.130469
v 34.729347 92.634689 -0.888165
v 55.823067 86.291138 -0.430872
v 44.348644 74.009239 -13.655292
v 24.433477 87.318352 -4.074426
v 62.691036 81.540825 -5.163661
v 63.760250 89.394760 1.204692
v 66.581390 89.491722 1.233408
v 67.999557 87.618111 0.191270
v 68.955048 80.312874 -3.830411
v 68.316277 69.817696 -9.831217
v 31.816193 58.317688 -21.021976
v 66.166183 59.233059 -15.249617
v 14.928181 80.373734 -6.657189
v 62.264458 48.569729 -19.482813
v 6.416187 71.968712 -8.421392
v 56.834141 37.979733 -22.169302
v -0.744069 62.278641 -9.516500
v 19.672215 41.256237 -23.557255
v 50.003384 27.927441 -23.387217
v -5.943036 51.541786 -10.285418
v 41.734741 19.162243 -23.339134
v -9.187655 40.115887 -10.957466
v 32.276134 11.871977 -22.331034
v -9.536651 28.065639 -11.580987
v 8.249286 23.279432 -21.237700
v 21.375454 6.948436 -20.066071
v -6.503922 16.713861 -12.172599
v 10.131044 5.350029 -16.738585
v -1.236548 6.089485 -12.727850
v 7.400861 -96.948212 4.954304
v 10.154683 -95.598122 4.561410
v 10.250055 -88.211578 -1.388606
v 15.330010 -90.727310 2.553896
v 5.322779 -95.906670 4.130497
v 21.780872 -81.238617 -0.888071
v 0.986138 -88.505203 -0.431077
v 3.050040 -71.824753 -13.655059
v 26.984854 -70.886177 -4.074650
v -7.362072 -88.699448 -5.163778
v -3.610785 -95.681839 1.204720
v -5.835696 -97.418404 1.233436
v -8.085077 -96.736359 0.191298
v -13.151397 -91.387634 -3.830736
v -18.803772 -82.521492 -9.831259
v 3.965755 -51.763691 -21.021961
v -23.285847 -72.694664 -15.249596
v 30.592930 -59.680744 -6.657100
v -26.396997 -61.774498 -19.482727
v 32.538643 -47.877621 -8.421373
v -28.228426 -50.015182 -22.169287
v 32.635971 -35.829536 -9.516484
v 3.762478 -30.822519 -23.557243
v -28.611053 -37.867599 -23.387209
v 30.531199 -24.087206 -10.285406
v -27.073833 -25.916077 -23.339270
v 26.440098 -12.936320 -10.957458
v -23.706022 -14.458288 -22.331181
v 19.639400 -2.982321 -11.580983
v 2.436877 -9.564705 -21.237696
v -17.781555 -4.068142 -20.066071
v 10.513678 4.418491 -12.172597
v -9.623412 3.834359 -16.738585
v 0.007300 9.917785 -12.727852
v 96.721222 -17.056328 3.823413
v 98.089081 -15.250390 4.586563
v 97.262657 -12.009746 4.084839
v 87.428925 -19.573763 -1.452091
v 94.459282 -6.995815 2.439548
v 87.510704 1.089140 -0.627171
v 79.614372 8.385786 -3.398090
v 70.581230 -14.000359 -6.294004
v 70.636292 14.534708 -5.598601
v 60.708328 19.393803 -7.106659
v 53.490780 -8.436584 -9.948797
v 50.096561 22.758125 -8.074930
v 39.178623 24.170719 -8.778438
v 36.138931 -3.006306 -11.811337
v 28.233992 23.696339 -9.392192
v 17.563545 20.530983 -9.949290
v 18.564631 2.281157 -11.884678
v 8.406397 14.592687 -10.471137
v 0.974180 7.529771 -10.713411
v 3.575330 -1.917817 -14.359270
v 8.218418 -11.381947 -17.479658
v 15.616153 -19.550886 -19.599733
v 24.659842 -25.811380 -20.565950
v 34.658432 -30.636580 -20.655041
v 45.387550 -33.897469 -19.642944
v 56.234585 -35.835537 -17.401062
v 66.789940 -36.448940 -13.815448
v 76.841911 -35.622330 -9.082438
v 86.401955 -33.601143 -3.684541
v 92.994682 -26.762556 0.871439
v 92.280266 -31.112167 -0.046303
v 93.763069 -29.298874 1.010751
v -92.847305 -28.935249 3.823415
v -92.892319 -31.200186 4.586566
v -90.319061 -33.335880 4.084841
v -86.809486 -21.436449 -1.452025
v -85.104088 -35.744484 2.439630
v -74.730324 -38.201275 -0.627165
v -64.052917 -39.462864 -3.398158
v -69.903160 -16.042772 -6.294281
v -53.175301 -39.160297 -5.598729
v -42.287262 -37.256229 -7.106650
v -52.806587 -10.498108 -9.948797
v -31.724707 -33.740154 -8.075166
v -22.061464 -28.465979 -8.778708
v -35.577221 -4.692583 -11.811200
v -13.485922 -21.648817 -9.391976
v -6.713871 -12.815822 -9.949352
v -18.250946 1.359761 -11.884749
v -2.796016 -2.629509 -10.471210
v -0.934554 7.453225 -10.712996
v -8.592570 13.567500 -14.359272
v -17.911686 18.494886 -17.479662
v -28.697813 20.755392 -19.599878
v -39.694164 20.504427 -20.565754
v -50.619205 18.531178 -20.655048
v -61.215977 14.862847 -19.642952
v -71.130867 10.055206 -17.401138
v -80.031090 4.346936 -13.815174
v -87.677681 -2.230178 -9.082305
v -94.223503 -9.484471 -3.684545
v -95.537498 -18.892450 0.871437
v -97.516182 -14.953613 -0.046644
v -97.649757 -17.291862 1.010541
v -63.624969 84.759163 3.823575
v -65.792862 84.102318 4.586349
v -67.029221 80.994377 4.084825
v -54.627293 81.333855 -1.452105
v -67.708252 75.290688 2.439612
v -66.839272 64.665222 -0.627181
v -64.739212 54.121101 -3.398305
v -44.273426 66.921852 -6.294016
v -61.090298 43.869125 -5.598742
v -55.914536 34.102428 -7.106524
v -33.717434 52.375507 -9.948807
v -49.307507 25.143320 -8.075107
v -41.304531 17.583010 -8.778574
v -22.871784 37.783173 -11.811415
v -32.171581 11.533757 -9.392190
v -21.678003 7.822341 -9.949356
v -11.761008 23.175642 -11.884682
v -10.779389 7.244598 -10.471137
v -0.615597 8.589810 -10.713411
v 2.833139 17.762217 -14.359272
v 4.639540 28.147881 -17.479662
v 3.456314 39.105019 -19.599745
v -0.180126 49.485462 -20.565758
v -5.432757 59.266117 -20.655052
v -12.196191 68.210556 -19.642960
v -19.832378 76.154419 -17.401077
v -28.011526 82.855095 -13.815467
v -36.629463 88.094482 -9.082664
v -45.551769 92.078690 -3.684561
v -54.904850 90.421257 0.871625
v -51.770172 93.520111 -0.046246
v -54.035690 92.924751 1.010805
v 53.534451 92.100761 3.823397
v 52.239979 93.959679 4.586547
v 48.902199 94.174713 4.084961
v 53.057255 82.485229 -1.452105
v 43.268024 93.058266 2.439610
v 33.431263 88.948341 -0.626877
v 24.051952 83.693108 -3.397825
v 42.550884 68.184258 -6.294016
v 15.429282 77.054527 -5.598747
v 7.739844 69.113937 -7.106529
v 31.978033 53.649384 -9.948944
v 1.261436 60.061302 -8.074936
v -3.456174 50.114086 -8.778650
v 21.451633 38.825562 -11.811343
v -6.386566 39.558495 -9.392056
v -6.674380 28.431795 -9.949500
v 10.992251 23.744846 -11.884682
v -3.856329 17.888004 -10.471137
v 0.564292 8.637252 -10.713411
v 10.353505 8.191806 -14.359272
v 20.789526 9.683041 -17.479658
v 30.844587 14.194468 -19.599741
v 39.592670 20.860775 -20.565958
v 47.271839 28.878733 -20.654978
v 53.688759 38.075283 -19.642956
v 58.883846 47.792515 -17.400877
v 62.728867 57.641792 -13.815463
v 65.049118 67.457161 -9.082314
v 66.080826 77.174088 -3.684454
v 61.614311 85.557304 0.871627
v 65.529915 83.533562 -0.046385
v 64.263809 85.503998 1.010735
v 6.252396 -91.860634 3.823425
v 8.392211 -92.603409 4.586301
v 11.219166 -90.815826 4.084851
v 0.986138 -83.800873 -1.452081
v 15.121169 -86.600365 2.439423
v 20.663561 -77.493675 -0.627159
v 25.162878 -67.728958 -3.398078
v 1.081241 -66.055580 -6.293996
v 28.236498 -57.289825 -5.598591
v 29.789837 -46.346466 -7.106441
v 1.090695 -48.082142 -9.948792
v 29.709747 -35.214703 -8.075166
v 27.680334 -24.394339 -8.778568
v 0.893815 -29.901991 -11.811334
v 23.846455 -14.131939 -9.392049
v 17.539070 -4.961339 -9.949286
v 0.491157 -11.553713 -11.884676
v 9.061275 1.912008 -10.471135
v 0.047899 6.798032 -10.713064
v -8.133742 1.404497 -14.358956
v -15.699856 -5.936203 -17.479658
v -21.182737 -15.496042 -19.599871
v -24.342838 -26.031403 -20.565950
v -25.841677 -37.031395 -20.655041
v -25.627268 -48.243366 -19.642941
v -24.118408 -59.158436 -17.401058
v -21.440243 -69.386940 -13.815444
v -17.548521 -78.691467 -9.082639
v -12.671429 -87.159195 -3.684533
v -4.130517 -91.315788 0.871449
v -8.488012 -91.980331 -0.046632
v -6.305371 -92.830132 1.010833
v -6.993061 -9.081715 -8.010375
v 0.000070 -10.472993 -8.010448
v 0.000070 -4.317665 -10.396993
v -4.638008 -3.395138 -10.396922
v -12.921982 -5.120234 -8.010448
v -8.570043 -0.768065 -10.396922
v -16.883631 0.808347 -8.010377
v -11.197062 3.163989 -10.396922
v -18.274576 7.801905 -8.010379
v -12.119732 7.801975 -10.396995
v -16.883631 14.795401 -8.010450
v -11.197062 12.439954 -10.396924
v -12.921982 20.724039 -8.010381
v -8.570043 16.371801 -10.396995
v -6.993061 24.685730 -8.010381
v -4.638008 18.998999 -10.396926
v 0.000070 26.076603 -8.010452
v 0.000070 19.921644 -10.396926
v 6.993754 24.685730 -8.010381
v 4.638426 18.998999 -10.396926
v 12.921841 20.724173 -8.010452
v 8.570185 16.371750 -10.396995
v 16.883917 14.795418 -8.010450
v 11.196915 12.440010 -10.396995
v 18.274864 7.801977 -8.010379
v 12.119583 7.801814 -10.396924
v 16.883917 0.808539 -8.010377
v 11.196915 3.163962 -10.396922
v 12.922123 -5.120234 -8.010448
v 8.570185 -0.768065 -10.396922
v 6.993754 -9.081819 -8.010375
v 4.638153 -3.395138 -10.396922
v 0.000070 -4.317681 -20.740971
v -4.638008 -3.395131 -20.740917
v -8.570043 -0.767945 -20.740971
v -11.197062 3.163987 -20.740917
v -12.119732 7.801990 -20.740917
v -11.197062 12.439976 -20.740917
v -8.570043 16.371899 -20.740921
v -4.638008 18.998926 -20.740921
v 0.000070 19.921530 -20.740974
v 4.638426 18.998926 -20.740921
v 8.570185 16.371761 -20.740974
v 11.196915 12.439987 -20.740971
v 12.119583 7.801975 -20.740917
v 11.196915 3.163918 -20.740971
v 8.570185 -0.767945 -20.740971
v 4.638153 -3.395131 -20.740917
v 6.993754 -9.081948 -23.479984
v 0.000070 -10.472925 -23.480045
v 12.922401 -5.120170 -23.480045
v 16.883917 0.808580 -23.480045
v 18.274864 7.801920 -23.480122
v 16.883917 14.795454 -23.480049
v 12.922401 20.724119 -23.480125
v 6.993754 24.685726 -23.479988
v 0.000070 26.076668 -23.479988
v -6.993061 24.685726 -23.479988
v -12.921982 20.724119 -23.480125
v -16.883631 14.795454 -23.480049
v -18.274576 7.801927 -23.479847
v -16.883631 0.808441 -23.480122
v -12.921982 -5.120178 -23.480045
v -6.993061 -9.081717 -23.480045
v -13.711452 7.801920 -26.748592
v -9.695160 17.497694 -26.748711
v -9.695160 -1.893748 -26.748707
v 0.000070 21.513725 -26.748711
v 0.000070 7.802070 -28.447094
v 9.696130 17.497829 -26.748711
v 13.711867 7.801920 -26.748592
v 9.696130 -1.893809 -26.748592
v 0.000070 -5.909756 -26.748707
v 10.385762 18.187687 -3.491877
v 5.620883 21.371544 -3.491879
v 13.569767 13.422568 -3.491945
v 0.000070 22.489660 -3.492090
v 5.803854 13.605490 -0.233903
v -5.620740 21.371498 -3.492090
v 0.000070 16.009449 -0.234113
v -10.385904 18.187567 -3.492088
v -5.803440 13.605526 -0.234113
v -13.569353 13.422568 -3.491945
v -8.207431 7.801970 -0.234181
v -14.687508 7.802104 -3.492086
v -13.569353 2.181313 -3.491875
v 0.000070 7.802123 0.723383
v -10.385904 -2.583841 -3.491875
v -5.803440 1.998250 -0.234179
v -5.620740 -5.767739 -3.491941
v 0.000070 -0.405396 -0.234179
v 0.000070 -6.885688 -3.491941
v 5.620883 -5.767593 -3.492085
v 8.207294 7.802000 -0.234181
v 5.803580 1.998319 -0.234179
v 10.385762 -2.583841 -3.491875
v 13.569767 2.181313 -3.491875
v 14.687642 7.801970 -3.492086
v -34.233288 -112.824745 0.375014
v -32.463139 -106.984276 -0.000013
v -21.792356 -109.565826 -0.000126
v -22.982759 -115.546555 0.660397
v -35.406876 -116.729362 -0.000011
v -12.681032 -121.263634 -0.000004
v -11.546345 -117.242889 1.106307
v -10.947983 -111.173630 -0.000126
v 0.002478 -117.810562 1.590209
v 0.002931 -121.886353 -0.000011
v 0.002931 -111.712257 -0.000013
v 11.949754 -121.298584 -0.000011
v 11.549040 -117.242577 1.981693
v 10.952028 -111.173630 -0.000126
v 23.780542 -119.544014 -0.000011
v 22.984980 -115.546814 2.301469
v 21.795065 -109.565620 0.000045
v 34.199268 -112.737137 2.598441
v 35.383263 -116.637566 -0.000011
v 32.429577 -106.901268 -0.000013
v 46.645638 -112.608322 -0.000011
v 42.753117 -103.208725 -0.000013
v 45.085819 -108.842903 2.883711
v 57.457825 -107.493408 -0.000126
v 55.535851 -103.899155 3.159376
v 52.661903 -98.521172 -0.000128
v 67.717453 -101.344543 0.000045
v 65.454529 -97.956032 3.426849
v 62.065239 -92.885384 -0.000015
v 77.326111 -94.218895 0.000043
v 74.740036 -91.068520 3.676988
v 70.870178 -86.354408 0.000043
v 86.187752 -86.186325 0.000043
v 83.307503 -83.304787 3.859697
v 78.993835 -78.992310 -0.000130
v 94.220337 -77.323532 -0.000017
v 91.068993 -74.737930 3.934746
v 86.356911 -70.869095 -0.000019
v 101.347618 -67.716339 -0.000188
v 97.957367 -65.452141 3.945454
v 92.887222 -62.063801 0.000039
v 107.495270 -57.456612 -0.000021
v 103.899696 -55.535275 3.945309
v 98.524467 -52.660458 0.000037
v 112.606781 -46.643963 0.000037
v 108.845284 -45.083973 3.945279
v 103.212090 -42.750145 0.000035
v 116.635735 -35.381435 0.000035
v 112.735886 -34.198544 3.945279
v 106.903801 -32.428043 -0.000025
v 119.541908 -23.778776 -0.000025
v 115.544220 -22.983644 3.945448
v 109.563744 -21.793959 -0.000025
v 121.296661 -11.946804 -0.000027
v 117.242683 -11.547643 3.945446
v 111.170265 -10.949649 -0.000027
v 121.886391 0.000319 0.000029
v 117.808502 0.000262 3.945301
v 111.709244 0.000418 0.000057
v 121.296661 11.947388 -0.000031
v 117.242683 11.547412 3.945299
v 111.171616 10.949701 0.000027
v 119.541908 23.778734 0.000025
v 115.542801 22.983526 3.945297
v 109.564247 21.793909 -0.000033
v 116.635735 35.381912 -0.000035
v 112.735886 34.198494 3.945295
v 106.904671 32.428318 -0.000033
v 112.606781 46.643799 -0.000037
v 103.210693 42.750656 0.000023
v 108.845284 45.084362 3.945295
v 107.495270 57.457047 0.000021
v 103.901093 55.535507 3.945293
v 98.523064 52.660465 -0.000037
v 101.347618 67.716232 -0.000039
v 97.958809 65.452026 3.945434
v 92.887222 62.064049 0.000019
v 94.220337 77.323463 0.000017
v 86.358231 70.869331 -0.000039
v 91.069901 74.738091 3.945432
v 86.190002 86.186394 0.000015
v 83.307503 83.304985 3.945289
v 78.995239 78.992867 -0.000154
v 77.341553 94.262337 -0.000156
v 74.748154 91.090279 3.945457
v 70.870178 86.354477 0.000015
v 64.957428 103.874855 -0.000010
v 62.065239 92.885414 0.000015
v 62.895596 99.988449 3.909428
v 52.576683 98.515572 0.000015
v 48.046776 115.469276 -0.000047
v 45.871403 110.727608 3.945285
v 42.071354 103.163841 0.000041
v 36.026058 117.127098 3.952310
v 38.568218 122.383804 -0.000047
v 29.931408 129.939514 0.000009
v 33.585491 112.118614 1.799288
v 30.481276 106.644669 -0.000045
v 19.152302 108.361351 -0.000158
v 34.302166 113.537659 2.035456
v 26.781849 124.093628 3.970783
v 22.471388 138.628052 0.000037
v 23.279629 117.669449 -0.000047
v 21.466858 112.109543 1.015383
v 9.332384 107.937614 -0.000045
v 19.407511 131.200607 3.865472
v 14.323166 115.645607 0.000021
v 15.610184 124.461258 -0.000047
v 10.912143 129.965057 -0.000049
v 6.391068 112.041489 0.000015
v 14.438391 138.066681 3.571731
v 7.138842 136.031082 0.000009
v 10.622933 109.607361 0.708526
v 0.489780 106.282776 0.000013
v 10.760282 146.136795 2.964727
v 4.300704 143.950119 0.000007
v 16.232567 148.632278 -0.000051
v 3.145577 153.696762 0.000009
v 7.819698 157.567459 1.800924
v 11.103444 159.920990 -0.000053
v 6.572662 171.920792 -0.000055
v 4.200074 164.526184 0.000005
v -34.233288 -112.824821 -0.375176
v -22.982759 -115.546616 -0.660560
v -11.546345 -117.242744 -1.106639
v 0.002478 -117.810562 -1.590285
v 11.549040 -117.242577 -1.981854
v 22.984980 -115.546799 -2.301662
v 34.199268 -112.737137 -2.598461
v 45.085819 -108.842850 -2.883818
v 55.535851 -103.899155 -3.159483
v 65.454529 -97.956062 -3.427021
v 74.740036 -91.068520 -3.677245
v 83.307503 -83.304848 -3.859842
v 91.068993 -74.737930 -3.934978
v 97.957367 -65.452232 -3.945461
v 103.899696 -55.535275 -3.945463
v 108.845284 -45.083973 -3.945523
v 112.735886 -34.198490 -3.945523
v 115.544220 -22.983669 -3.945525
v 117.242683 -11.547643 -3.945527
v 117.808502 0.000305 -3.945471
v 117.242683 11.547338 -3.945531
v 115.542801 22.983557 -3.945533
v 112.735886 34.198494 -3.945335
v 108.845284 45.084278 -3.945477
v 103.901093 55.535542 -3.945537
v 97.958809 65.452049 -3.945539
v 91.069901 74.738205 -3.945541
v 83.307503 83.304848 -3.945483
v 74.748154 91.090317 -3.945343
v 62.896389 99.987900 -3.909458
v 45.871403 110.727615 -3.945545
v 36.026058 117.127129 -3.952434
v 33.585491 112.118546 -1.799405
v 34.302166 113.537659 -2.035551
v 26.781849 124.093628 -3.970762
v 21.466858 112.109726 -1.015502
v 19.407511 131.200500 -3.865597
v 14.438391 138.066681 -3.571830
v 10.622933 109.607437 -0.708530
v 10.760282 146.136795 -2.964858
v 7.819698 157.567383 -1.800887
v 34.236446 112.825081 0.375091
v 32.466290 106.984489 -0.000045
v 21.795065 109.565491 -0.000158
v 22.985876 115.546921 0.660446
v 35.410961 116.729866 0.000011
v 12.683049 121.263313 -0.000036
v 11.549040 117.242744 1.106413
v 10.952028 111.173912 -0.000158
v 0.002478 117.810631 1.590173
v 0.000665 121.886559 0.000011
v 0.002478 111.712685 0.000013
v -11.946613 121.298828 0.000011
v -11.545890 117.243263 1.981657
v -10.947531 111.173767 0.000013
v -23.778307 119.544159 -0.000160
v -22.982302 115.547211 2.301547
v -21.792356 109.565880 -0.000158
v -34.196125 112.737503 2.598490
v -35.379696 116.637817 -0.000160
v -32.426422 106.901886 0.000013
v -46.640217 112.608330 -0.000047
v -42.748161 103.208557 0.000013
v -45.082218 108.843117 2.883734
v -57.454693 107.493523 -0.000045
v -55.535378 103.899704 3.159427
v -52.660130 98.521355 0.000015
v -67.715256 101.344917 0.000013
v -65.450981 97.956390 3.426879
v -62.062057 92.885544 0.000015
v -77.322113 94.219261 0.000015
v -74.735558 91.068596 3.676960
v -70.869751 86.354744 0.000015
v -86.185585 86.187134 0.000015
v -83.302589 83.305008 3.859673
v -78.990669 78.992867 -0.000154
v -94.216255 77.323906 0.000017
v -91.068108 74.738403 3.934581
v -86.351883 70.869507 0.000019
v -101.344872 67.716652 0.000047
v -97.954262 65.452164 3.945291
v -92.883095 62.064365 0.000019
v -107.491745 57.456966 0.000021
v -103.896599 55.535465 3.945293
v -98.520401 52.660946 -0.000037
v -112.607674 46.644054 0.000021
v -108.840401 45.084263 3.945295
v -103.206200 42.750835 -0.000035
v -116.636238 35.381924 -0.000035
v -112.735916 34.198647 3.945438
v -106.899216 32.428364 -0.000033
v -119.544174 23.778946 0.000025
v -115.545601 22.984102 3.945297
v -109.565186 21.794298 0.000025
v -121.298538 11.947114 0.000027
v -117.242340 11.547700 3.945442
v -111.173042 10.949872 0.000027
v -121.886421 0.000418 0.000029
v -117.809341 0.000177 3.945301
v -111.711082 0.000305 0.000029
v -121.297623 -11.947209 0.000031
v -117.242340 -11.547275 3.945303
v -111.173042 -10.949392 0.000031
v -119.544174 -23.778677 -0.000025
v -115.543808 -22.983854 3.945305
v -109.565186 -21.793802 0.000033
v -116.636238 -35.381592 -0.000023
v -112.735535 -34.198147 3.945450
v -106.900612 -32.427807 -0.000025
v -112.607674 -46.643658 0.000037
v -103.206703 -42.750145 -0.000023
v -108.840401 -45.083710 3.945279
v -107.491745 -57.456478 -0.000021
v -103.896599 -55.535275 3.945281
v -98.520401 -52.660496 0.000037
v -101.344872 -67.715843 0.000039
v -97.954262 -65.451813 3.945454
v -92.884041 -62.063473 0.000039
v -94.216255 -77.323387 -0.000017
v -86.352379 -70.869095 -0.000019
v -91.067589 -74.737846 3.945285
v -86.186012 -86.186394 -0.000015
v -83.302589 -83.304588 3.945285
v -78.990669 -78.991966 0.000041
v -77.338921 -94.262634 -0.000015
v -74.741875 -91.090027 3.945315
v -70.869347 -86.354111 0.000043
v -64.964790 -103.866035 -0.000071
v -62.062531 -92.885155 -0.000128
v -62.887260 -99.992653 3.909255
v -52.573952 -98.515305 -0.000015
v -48.041840 -115.469437 -0.000011
v -45.869148 -110.727020 3.945317
v -42.067764 -103.163948 -0.000013
v -36.023849 -117.127129 3.952486
v -38.565517 -122.383629 -0.000011
v -29.928720 -129.939240 -0.000009
v -33.582348 -112.118324 1.799321
v -30.479496 -106.644295 0.000045
v -19.148699 -108.361130 -0.000013
v -34.296749 -113.537376 2.035352
v -26.777821 -124.092827 3.970508
v -22.467789 -138.627930 -0.000009
v -23.277409 -117.669334 -0.000124
v -21.461468 -112.109848 1.015332
v -9.329690 -107.937386 -0.000013
v -19.405727 -131.199585 3.865259
v -14.322562 -115.646011 0.000010
v -15.606585 -124.460815 -0.000011
v -10.907191 -129.964661 0.000077
v -6.389042 -112.041916 -0.000019
v -14.434791 -138.065948 3.571745
v -7.133889 -136.030487 -0.000009
v -10.620248 -109.607025 0.708530
v -0.483464 -106.282349 0.000045
v -10.757143 -146.137039 2.964742
v -4.296656 -143.950119 -0.000120
v -16.231237 -148.631866 -0.000007
v -3.140518 -153.660263 -0.000000
v -7.815200 -157.567368 1.800689
v -11.098937 -159.920868 -0.000005
v -6.572239 -171.920792 -0.000003
v -4.195115 -164.525757 -0.000005
v 34.236446 112.825165 -0.375325
v 22.985876 115.546921 -0.660454
v 11.549040 117.242958 -1.106618
v 0.002478 117.810738 -1.590321
v -11.545890 117.243179 -1.981864
v -22.982302 115.547340 -2.301641
v -34.196125 112.737457 -2.598497
v -45.082218 108.843254 -2.883711
v -55.535378 103.899681 -3.159487
v -65.450981 97.956429 -3.426991
v -74.735558 91.068596 -3.677019
v -83.302589 83.305008 -3.859838
v -91.068108 74.738487 -3.934804
v -97.954262 65.452141 -3.945339
v -103.896599 55.535542 -3.945537
v -108.840401 45.084248 -3.945535
v -112.735916 34.198666 -3.945535
v -115.545601 22.984146 -3.945475
v -117.242340 11.547681 -3.945473
v -117.809341 0.000262 -3.945471
v -117.242340 -11.547309 -3.945527
v -115.543808 -22.983854 -3.945525
v -112.735535 -34.198235 -3.945523
v -108.840401 -45.083710 -3.945523
v -103.896599 -55.535275 -3.945463
v -97.954262 -65.451889 -3.945319
v -91.067589 -74.737846 -3.945517
v -83.302589 -83.304588 -3.945517
v -74.741875 -91.090027 -3.945572
v -62.882557 -99.995827 -3.909458
v -45.869148 -110.727020 -3.945513
v -36.023849 -117.127129 -3.952450
v -33.582348 -112.118324 -1.799373
v -34.296749 -113.537376 -2.035515
v -26.777821 -124.092827 -3.970783
v -21.461468 -112.109848 -1.015468
v -19.405727 -131.199509 -3.865557
v -14.434791 -138.065948 -3.571929
v -10.620248 -109.607025 -0.708640
v -10.757143 -146.137039 -2.964926
v -7.815200 -157.567368 -1.800980
vn 0.2568 -0.0000 0.9665
vn -0.0000 0.2568 0.9665
vn -0.0000 0.1916 0.9815
vn 0.1916 -0.0000 0.9815
vn -0.0000 -0.2568 0.9665
vn -0.0000 -0.1916 0.9815
vn -0.2568 -0.0000 0.9665
vn -0.1916 -0.0000 0.9815
vn -0.0000 0.1916 -0.9815
vn -0.0000 0.2568 -0.9665
vn 0.2568 -0.0000 -0.9665
vn 0.1916 -0.0000 -0.9815
vn -0.0000 -0.2568 -0.9665
vn -0.0000 -0.1916 -0.9815
vn -0.2568 -0.0000 -0.9665
vn -0.1916 -0.0000 -0.9815
vn 0.5863 -0.0180 -0.8099
vn 0.6513 0.0181 -0.7586
vn 0.6038 -0.0984 -0.7911
vn 0.6320 0.1260 -0.7647
vn 0.5468 -0.1887 -0.8157
vn 0.5445 0.1803 -0.8191
vn 0.6085 -0.0040 -0.7935
vn 0.4596 0.0501 -0.8867
vn 0.4635 0.2300 -0.8557
vn 0.5805 0.0404 -0.8132
vn 0.5885 0.2364 -0.7732
vn 0.5965 0.1254 -0.7928
vn 0.5818 -0.0119 -0.8132
vn 0.5380 -0.1107 -0.8356
vn 0.4603 -0.0582 -0.8858
vn 0.2792 0.1441 -0.9494
vn 0.4117 -0.0164 -0.9112
vn 0.3757 0.2932 -0.8791
vn 0.2873 -0.0448 -0.9568
vn 0.2596 0.3523 -0.8992
vn 0.1567 -0.0280 -0.9873
vn 0.1757 0.3907 -0.9036
vn 0.0648 0.2167 -0.9741
vn 0.0558 -0.0108 -0.9984
vn 0.0771 0.4286 -0.9002
vn -0.0419 0.0135 -0.9990
vn -0.0220 0.4149 -0.9096
vn -0.1208 0.0483 -0.9915
vn -0.1119 0.4328 -0.8945
vn -0.1535 0.2839 -0.9465
vn -0.2470 0.0973 -0.9641
vn -0.2745 0.4098 -0.8699
vn -0.3379 0.1939 -0.9210
vn -0.3337 0.3088 -0.8907
vn -0.4849 -0.3301 -0.8099
vn -0.5163 -0.3974 -0.7586
vn -0.5463 -0.2753 -0.7911
vn -0.4372 -0.4734 -0.7647
vn -0.5533 -0.1688 -0.8157
vn -0.3345 -0.4659 -0.8192
vn -0.4946 -0.3544 -0.7935
vn -0.3424 -0.3107 -0.8867
vn -0.2398 -0.4585 -0.8557
vn -0.4459 -0.3740 -0.8132
vn -0.3372 -0.5372 -0.7731
vn -0.4088 -0.4521 -0.7928
vn -0.4777 -0.3323 -0.8132
vn -0.5003 -0.2267 -0.8356
vn -0.4066 -0.2235 -0.8858
vn -0.1411 -0.2807 -0.9494
vn -0.3427 -0.2287 -0.9112
vn -0.1316 -0.4581 -0.8791
vn -0.2588 -0.1326 -0.9568
vn -0.0029 -0.4376 -0.8992
vn -0.1432 -0.0694 -0.9873
vn 0.0875 -0.4194 -0.9036
vn 0.0749 -0.2134 -0.9741
vn -0.0515 -0.0241 -0.9984
vn 0.1896 -0.3920 -0.9002
vn 0.0418 0.0137 -0.9990
vn 0.2617 -0.3227 -0.9096
vn 0.1261 0.0320 -0.9915
vn 0.3449 -0.2844 -0.8945
vn 0.2911 -0.1394 -0.9465
vn 0.2570 0.0665 -0.9641
vn 0.4631 -0.1702 -0.8698
vn 0.3874 0.0417 -0.9210
vn 0.4515 -0.0537 -0.8907
vn -0.4638 0.3592 -0.8099
vn -0.5376 0.3682 -0.7586
vn -0.4306 0.4345 -0.7911
vn -0.5853 0.2695 -0.7647
vn -0.3314 0.4741 -0.8157
vn -0.5465 0.1742 -0.8192
vn -0.4899 0.3609 -0.7935
vn -0.4013 0.2297 -0.8867
vn -0.5101 0.0864 -0.8557
vn -0.4934 0.3085 -0.8132
vn -0.6151 0.1547 -0.7732
vn -0.5562 0.2492 -0.7928
vn -0.4636 0.3517 -0.8132
vn -0.3702 0.4058 -0.8356
vn -0.3382 0.3177 -0.8858
vn -0.3106 0.0475 -0.9494
vn -0.3234 0.2552 -0.9112
vn -0.4763 -0.0164 -0.8791
vn -0.2061 0.2051 -0.9568
vn -0.4171 -0.1325 -0.8992
vn -0.1103 0.1147 -0.9873
vn -0.3718 -0.2128 -0.9036
vn -0.1798 -0.1372 -0.9741
vn -0.0389 0.0415 -0.9984
vn -0.3143 -0.3014 -0.9002
vn 0.0259 -0.0356 -0.9990
vn -0.2260 -0.3486 -0.9096
vn 0.0694 -0.1101 -0.9915
vn -0.1639 -0.4159 -0.8945
vn -0.0426 -0.3199 -0.9465
vn 0.1427 -0.2238 -0.9641
vn -0.0188 -0.4930 -0.8698
vn 0.1594 -0.3555 -0.9210
vn 0.0885 -0.4460 -0.8907
vn 0.1983 0.5521 -0.8099
vn 0.1841 0.6250 -0.7586
vn 0.2802 0.5438 -0.7911
vn 0.0755 0.6400 -0.7647
vn 0.3484 0.4617 -0.8157
vn -0.0032 0.5736 -0.8191
vn 0.1919 0.5775 -0.7935
vn 0.0944 0.4526 -0.8867
vn -0.0755 0.5119 -0.8557
vn 0.1409 0.5646 -0.8132
vn -0.0430 0.6328 -0.7732
vn 0.0651 0.6060 -0.7928
vn 0.1911 0.5496 -0.8133
vn 0.2715 0.4775 -0.8356
vn 0.1976 0.4198 -0.8858
vn -0.0508 0.3100 -0.9494
vn 0.1428 0.3864 -0.9112
vn -0.1627 0.4480 -0.8791
vn 0.1314 0.2594 -0.9568
vn -0.2549 0.3557 -0.8992
vn 0.0750 0.1403 -0.9873
vn -0.3173 0.2879 -0.9036
vn -0.1861 0.1286 -0.9741
vn 0.0275 0.0498 -0.9984
vn -0.3838 0.2058 -0.9002
vn -0.0258 -0.0356 -0.9990
vn -0.4014 0.1073 -0.9096
vn -0.0832 -0.1000 -0.9915
vn -0.4462 0.0274 -0.8945
vn -0.3174 -0.0583 -0.9465
vn -0.1688 -0.2048 -0.9641
vn -0.4746 -0.1345 -0.8698
vn -0.2889 -0.2614 -0.9210
vn -0.3968 -0.2219 -0.8907
vn 0.1641 -0.5632 -0.8099
vn 0.2184 -0.6139 -0.7586
vn 0.0930 -0.6046 -0.7911
vn 0.3151 -0.5621 -0.7647
vn -0.0105 -0.5784 -0.8157
vn 0.3397 -0.4621 -0.8192
vn 0.1842 -0.5800 -0.7935
vn 0.1896 -0.4217 -0.8867
vn 0.3619 -0.3697 -0.8557
vn 0.2179 -0.5396 -0.8132
vn 0.4067 -0.4867 -0.7731
vn 0.3036 -0.5285 -0.7928
vn 0.1684 -0.5570 -0.8132
vn 0.0610 -0.5459 -0.8356
vn 0.0869 -0.4558 -0.8858
vn 0.2233 -0.2210 -0.9494
vn 0.1116 -0.3966 -0.9112
vn 0.3950 -0.2667 -0.8791
vn 0.0462 -0.2871 -0.9568
vn 0.4153 -0.1380 -0.8992
vn 0.0218 -0.1576 -0.9873
vn 0.4259 -0.0464 -0.9036
vn 0.2261 0.0053 -0.9741
vn 0.0070 -0.0564 -0.9984
vn 0.4314 0.0591 -0.9002
vn -0.0001 0.0440 -0.9990
vn 0.3878 0.1491 -0.9096
vn 0.0086 0.1298 -0.9915
vn 0.3771 0.2401 -0.8945
vn 0.2225 0.2337 -0.9465
vn 0.0162 0.2649 -0.9641
vn 0.3049 0.3878 -0.8699
vn 0.0800 0.3813 -0.9210
vn 0.1906 0.4128 -0.8907
vn -0.3891 -0.2245 0.8934
vn -0.2667 -0.3139 0.9112
vn -0.1474 -0.0943 0.9846
vn -0.2536 -0.1435 0.9566
vn -0.2503 -0.0067 0.9681
vn 0.0010 0.1787 0.9839
vn -0.1953 0.1850 0.9631
vn -0.3771 -0.1021 0.9205
vn -0.1831 0.2149 0.9593
vn 0.0654 0.3446 0.9365
vn -0.1349 0.2176 0.9667
vn 0.0714 0.4074 0.9104
vn -0.0986 0.2312 0.9679
vn 0.0793 0.4338 0.8975
vn -0.2945 -0.1364 0.9459
vn -0.0577 0.2279 0.9720
vn 0.0866 0.4523 0.8876
vn -0.0297 0.2206 0.9749
vn 0.0792 0.4571 0.8859
vn -0.2032 -0.1707 0.9641
vn -0.0326 0.2187 0.9753
vn 0.0413 0.4664 0.8836
vn -0.0509 0.2125 0.9758
vn -0.0281 0.4769 0.8785
vn -0.1138 -0.1984 0.9735
vn -0.0888 0.2124 0.9731
vn -0.1242 0.4682 0.8749
vn -0.1423 0.1929 0.9708
vn -0.2465 0.4281 0.8695
vn -0.0452 -0.2160 0.9754
vn -0.1729 0.1640 0.9712
vn -0.3465 0.3797 0.8577
vn -0.3650 -0.0893 0.9267
vn -0.5627 -0.0559 0.8247
vn -0.3150 -0.4168 0.8527
vn -0.5177 -0.4470 0.7295
vn -0.2985 -0.4468 0.8434
vn -0.4585 -0.5275 0.7152
vn -0.2648 -0.4787 0.8371
vn -0.3871 -0.5961 0.7034
vn -0.2399 -0.4890 0.8386
vn -0.3276 -0.6359 0.6988
vn -0.2339 -0.4966 0.8359
vn -0.2830 -0.6560 0.6997
vn -0.2450 -0.4958 0.8331
vn -0.2647 -0.6620 0.7012
vn -0.2813 -0.4846 0.8282
vn -0.2744 -0.6539 0.7051
vn -0.3273 -0.4625 0.8240
vn -0.2878 -0.6352 0.7167
vn -0.3516 -0.4321 0.8305
vn -0.2839 -0.6235 0.7285
vn -0.3787 -0.3908 0.8390
vn -0.2327 -0.6025 0.7635
vn -0.2592 0.0446 0.9648
vn -0.0511 0.0568 0.9971
vn -0.3263 -0.3627 0.8729
vn -0.1518 -0.4579 0.8759
vn -0.0997 -0.2252 0.9692
vn -0.2398 -0.1693 0.9560
vn 0.1829 0.4103 0.8934
vn 0.0313 0.4107 0.9112
vn 0.0639 0.1629 0.9846
vn 0.1208 0.2652 0.9566
vn 0.1986 0.1525 0.9681
vn 0.1043 -0.1452 0.9839
vn 0.2667 -0.0349 0.9631
vn 0.2450 0.3043 0.9205
vn 0.2744 -0.0662 0.9593
vn 0.1497 -0.3172 0.9365
vn 0.2371 -0.0967 0.9667
vn 0.1818 -0.3715 0.9105
vn 0.2156 -0.1291 0.9679
vn 0.1908 -0.3976 0.8975
vn 0.1581 0.2834 0.9459
vn 0.1806 -0.1504 0.9720
vn 0.1958 -0.4168 0.8877
vn 0.1537 -0.1610 0.9749
vn 0.2046 -0.4164 0.8859
vn 0.0641 0.2576 0.9641
vn 0.1549 -0.1577 0.9753
vn 0.2407 -0.4015 0.8837
vn 0.1660 -0.1419 0.9758
vn 0.3030 -0.3693 0.8785
vn -0.0245 0.2274 0.9735
vn 0.1967 -0.1197 0.9731
vn 0.3757 -0.3058 0.8749
vn 0.2285 -0.0724 0.9708
vn 0.4510 -0.2015 0.8695
vn -0.0904 0.2013 0.9754
vn 0.2362 -0.0310 0.9712
vn 0.5036 -0.1035 0.8577
vn 0.2428 0.2868 0.9267
vn 0.4225 0.3761 0.8247
vn 0.0098 0.5223 0.8527
vn 0.1561 0.6659 0.7295
vn -0.0212 0.5369 0.8434
vn 0.0608 0.6963 0.7152
vn -0.0671 0.5430 0.8371
vn -0.0372 0.7098 0.7034
vn -0.0933 0.5367 0.8386
vn -0.1088 0.7070 0.6988
vn -0.1027 0.5392 0.8359
vn -0.1566 0.6970 0.6997
vn -0.0933 0.5451 0.8332
vn -0.1750 0.6911 0.7013
vn -0.0573 0.5574 0.8283
vn -0.1623 0.6903 0.7051
vn -0.0070 0.5665 0.8240
vn -0.1406 0.6831 0.7167
vn 0.0304 0.5562 0.8305
vn -0.1368 0.6713 0.7285
vn 0.0766 0.5387 0.8390
vn -0.1659 0.6242 0.7635
vn 0.2359 0.1163 0.9648
vn 0.0748 -0.0159 0.9971
vn 0.0508 0.4852 0.8729
vn -0.1462 0.4597 0.8759
vn -0.0517 0.2409 0.9692
vn 0.0945 0.2779 0.9559
vn 0.4467 -0.0471 0.8935
vn 0.4003 0.0972 0.9112
vn 0.1746 -0.0104 0.9846
vn 0.2895 -0.0330 0.9566
vn 0.2064 -0.1417 0.9682
vn -0.1058 -0.1440 0.9839
vn 0.0492 -0.2645 0.9631
vn 0.3651 -0.1390 0.9205
vn 0.0219 -0.2815 0.9593
vn -0.2554 -0.2404 0.9365
vn -0.0188 -0.2554 0.9667
vn -0.2972 -0.2877 0.9104
vn -0.0560 -0.2449 0.9679
vn -0.3190 -0.3043 0.8976
vn 0.3184 -0.0628 0.9459
vn -0.0873 -0.2183 0.9720
vn -0.3359 -0.3150 0.8877
vn -0.1057 -0.1960 0.9749
vn -0.3328 -0.3233 0.8858
vn 0.2648 0.0187 0.9641
vn -0.1021 -0.1961 0.9753
vn -0.3075 -0.3530 0.8836
vn -0.0837 -0.2018 0.9759
vn -0.2575 -0.4023 0.8785
vn 0.2087 0.0936 0.9735
vn -0.0530 -0.2241 0.9731
vn -0.1747 -0.4518 0.8748
vn 0.0017 -0.2397 0.9708
vn -0.0522 -0.4912 0.8695
vn 0.1635 0.1481 0.9754
vn 0.0435 -0.2343 0.9712
vn 0.0572 -0.5109 0.8577
vn 0.3477 -0.1423 0.9267
vn 0.4881 -0.2855 0.8248
vn 0.4998 0.1521 0.8527
vn 0.6815 0.0574 0.7295
vn 0.5041 0.1861 0.8434
vn 0.6810 0.1573 0.7152
vn 0.4956 0.2316 0.8371
vn 0.6635 0.2547 0.7035
vn 0.4815 0.2546 0.8387
vn 0.6387 0.3219 0.6989
vn 0.4811 0.2642 0.8359
vn 0.6144 0.3643 0.6998
vn 0.4896 0.2571 0.8332
vn 0.6032 0.3800 0.7013
vn 0.5124 0.2267 0.8283
vn 0.6063 0.3677 0.7051
vn 0.5366 0.1818 0.8240
vn 0.6062 0.3447 0.7167
vn 0.5384 0.1429 0.8305
vn 0.5962 0.3374 0.7285
vn 0.5361 0.0936 0.8390
vn 0.5424 0.3506 0.7635
vn 0.1835 -0.1885 0.9648
vn 0.0079 -0.0760 0.9971
vn 0.4772 0.1016 0.8729
vn 0.3920 0.2812 0.8760
vn 0.2130 0.1236 0.9692
vn 0.2934 -0.0040 0.9560
vn 0.0932 -0.4394 0.8934
vn 0.2161 -0.3507 0.9112
vn 0.0441 -0.1693 0.9846
vn 0.0581 -0.2855 0.9566
vn -0.0709 -0.2401 0.9681
vn -0.1697 0.0562 0.9839
vn -0.2363 -0.1285 0.9631
vn -0.0194 -0.3902 0.9205
vn -0.2609 -0.1078 0.9593
vn -0.3075 0.1687 0.9365
vn -0.2487 -0.0610 0.9667
vn -0.3655 0.1939 0.9104
vn -0.2503 -0.0223 0.9679
vn -0.3880 0.2095 0.8975
vn 0.0387 -0.3223 0.9459
vn -0.2346 0.0156 0.9720
vn -0.4034 0.2221 0.8876
vn -0.2190 0.0399 0.9749
vn -0.4103 0.2166 0.8859
vn 0.0996 -0.2461 0.9641
vn -0.2180 0.0366 0.9753
vn -0.4308 0.1834 0.8836
vn -0.2177 0.0172 0.9759
vn -0.4621 0.1206 0.8786
vn 0.1535 -0.1696 0.9735
vn -0.2295 -0.0188 0.9731
vn -0.4836 0.0265 0.8749
vn -0.2275 -0.0758 0.9708
vn -0.4833 -0.1021 0.8695
vn 0.1914 -0.1097 0.9754
vn -0.2094 -0.1138 0.9712
vn -0.4683 -0.2123 0.8577
vn -0.0279 -0.3747 0.9267
vn -0.1207 -0.5525 0.8247
vn 0.2991 -0.4283 0.8527
vn 0.2651 -0.6305 0.7295
vn 0.3327 -0.4219 0.8434
vn 0.3600 -0.5991 0.7152
vn 0.3735 -0.3998 0.8371
vn 0.4473 -0.5524 0.7034
vn 0.3909 -0.3793 0.8386
vn 0.5035 -0.5080 0.6989
vn 0.4000 -0.3759 0.8359
vn 0.5364 -0.4718 0.6997
vn 0.3959 -0.3862 0.8332
vn 0.5478 -0.4563 0.7012
vn 0.3740 -0.4173 0.8282
vn 0.5371 -0.4630 0.7051
vn 0.3387 -0.4542 0.8240
vn 0.5152 -0.4700 0.7167
vn 0.3023 -0.4679 0.8305
vn 0.5052 -0.4627 0.7285
vn 0.2546 -0.4809 0.8390
vn 0.5010 -0.4075 0.7635
vn -0.1226 -0.2327 0.9648
vn -0.0698 -0.0310 0.9971
vn 0.2441 -0.4224 0.8729
vn 0.3886 -0.2859 0.8759
vn 0.1835 -0.1645 0.9692
vn 0.0869 -0.2804 0.9560
vn -0.3337 0.3007 0.8934
vn -0.3810 0.1567 0.9112
vn -0.1352 0.1111 0.9846
vn -0.2149 0.1968 0.9566
vn -0.0837 0.2360 0.9681
vn 0.1702 0.0544 0.9839
vn 0.1157 0.2429 0.9631
vn -0.2137 0.3271 0.9205
vn 0.1477 0.2406 0.9593
vn 0.3479 0.0444 0.9365
vn 0.1653 0.1956 0.9667
vn 0.4095 0.0581 0.9105
vn 0.1894 0.1652 0.9679
vn 0.4371 0.0586 0.8975
vn -0.2207 0.2380 0.9459
vn 0.1989 0.1253 0.9720
vn 0.4570 0.0574 0.8876
vn 0.2007 0.0965 0.9749
vn 0.4593 0.0659 0.8859
vn -0.2252 0.1405 0.9641
vn 0.1978 0.0986 0.9753
vn 0.4562 0.1048 0.8837
vn 0.1863 0.1141 0.9759
vn 0.4448 0.1741 0.8786
vn -0.2238 0.0470 0.9735
vn 0.1746 0.1501 0.9731
vn 0.4069 0.2628 0.8749
vn 0.1395 0.1950 0.9708
vn 0.3310 0.3667 0.8695
vn -0.2194 -0.0237 0.9754
vn 0.1025 0.2151 0.9712
vn 0.2541 0.4469 0.8577
vn -0.1977 0.3195 0.9267
vn -0.2271 0.5180 0.8247
vn -0.4938 0.1708 0.8527
vn -0.5851 0.3543 0.7294
vn -0.5172 0.1457 0.8434
vn -0.6434 0.2730 0.7152
vn -0.5371 0.1039 0.8371
vn -0.6865 0.1840 0.7034
vn -0.5392 0.0771 0.8386
vn -0.7060 0.1150 0.6988
vn -0.5445 0.0690 0.8359
vn -0.7113 0.0664 0.6998
vn -0.5472 0.0797 0.8332
vn -0.7113 0.0471 0.7013
vn -0.5478 0.1178 0.8283
vn -0.7066 0.0590 0.7051
vn -0.5410 0.1684 0.8240
vn -0.6931 0.0775 0.7167
vn -0.5196 0.2008 0.8305
vn -0.6807 0.0773 0.7285
vn -0.4887 0.2393 0.8390
vn -0.6449 0.0351 0.7634
vn -0.0376 0.2604 0.9648
vn 0.0383 0.0662 0.9971
vn -0.4458 0.1983 0.8729
vn -0.4824 0.0030 0.8759
vn -0.2450 0.0252 0.9692
vn -0.2351 0.1758 0.9559
vn -0.0000 -0.3615 -0.9324
vn -0.1383 -0.3340 -0.9324
vn -0.2556 -0.2556 -0.9324
vn -0.3340 -0.1383 -0.9324
vn -0.3615 -0.0000 -0.9324
vn -0.3340 0.1384 -0.9324
vn -0.2556 0.2556 -0.9324
vn -0.1383 0.3340 -0.9324
vn -0.0000 0.3615 -0.9324
vn 0.1383 0.3340 -0.9324
vn 0.1384 0.3340 -0.9324
vn 0.2556 0.2556 -0.9324
vn 0.3340 0.1383 -0.9324
vn 0.3615 -0.0000 -0.9324
vn 0.3340 -0.1383 -0.9324
vn 0.2556 -0.2556 -0.9324
vn 0.1383 -0.3340 -0.9324
vn -0.0000 -1.0000 -0.0000
vn -0.3827 -0.9239 -0.0000
vn -0.7071 -0.7071 -0.0000
vn -0.9239 -0.3827 -0.0000
vn -1.0000 -0.0000 -0.0000
vn -0.9239 0.3827 -0.0000
vn -0.7071 0.7071 -0.0000
vn -0.3827 0.9239 -0.0000
vn -0.0000 1.0000 -0.0000
vn 0.3827 0.9239 -0.0000
vn 0.7071 0.7071 -0.0000
vn 0.9239 0.3827 -0.0000
vn 1.0000 -0.0000 -0.0000
vn 0.9239 -0.3827 -0.0000
vn 0.7071 -0.7071 -0.0000
vn 0.3827 -0.9239 -0.0000
vn -0.0000 -0.4066 0.9136
vn 0.1556 -0.3756 0.9136
vn 0.2875 -0.2875 0.9136
vn 0.3756 -0.1556 0.9136
vn 0.4066 -0.0000 0.9136
vn 0.3756 0.1556 0.9136
vn 0.2875 0.2875 0.9136
vn 0.1556 0.3756 0.9136
vn -0.0000 0.4066 0.9136
vn -0.1556 0.3756 0.9136
vn -0.2875 0.2875 0.9136
vn -0.3756 0.1556 0.9136
vn -0.4066 -0.0000 0.9136
vn -0.3756 -0.1556 0.9136
vn -0.2875 -0.2875 0.9136
vn -0.1556 -0.3756 0.9136
vn -0.5823 -0.0000 -0.8129
vn -0.5033 0.2085 -0.8386
vn -0.3829 -0.0000 -0.9238
vn -0.5033 -0.2085 -0.8386
vn -0.2707 0.2707 -0.9238
vn -0.4118 0.4118 -0.8130
vn -0.2085 0.5033 -0.8386
vn -0.2707 -0.2707 -0.9238
vn -0.4118 -0.4118 -0.8130
vn -0.2085 -0.5033 -0.8386
vn -0.0000 0.3829 -0.9238
vn -0.0000 0.5824 -0.8129
vn 0.2085 0.5033 -0.8386
vn -0.0000 -0.0000 -1.0000
vn 0.2708 0.2708 -0.9238
vn 0.4118 0.4118 -0.8129
vn 0.5033 0.2085 -0.8386
vn 0.3829 -0.0000 -0.9238
vn 0.5823 -0.0000 -0.8130
vn 0.5033 -0.2085 -0.8386
vn 0.2708 -0.2707 -0.9238
vn 0.4118 -0.4118 -0.8129
vn 0.2085 -0.5033 -0.8386
vn -0.0000 -0.3829 -0.9238
vn -0.0000 -0.5823 -0.8130
vn 0.4572 0.4572 0.7628
vn 0.5538 0.5538 0.6217
vn 0.2997 0.7236 0.6218
vn 0.7236 0.2997 0.6218
vn 0.2461 0.5943 0.7657
vn -0.0000 0.7832 0.6218
vn 0.5943 0.2461 0.7657
vn -0.0000 0.6466 0.7628
vn -0.2997 0.7236 0.6218
vn 0.2141 0.2141 0.9531
vn -0.2462 0.5942 0.7657
vn -0.5538 0.5538 0.6218
vn -0.0057 0.2958 0.9552
vn -0.4572 0.4572 0.7628
vn -0.7236 0.2997 0.6218
vn -0.1843 0.1843 0.9654
vn -0.5942 0.2461 0.7657
vn -0.7832 -0.0000 0.6218
vn -0.2958 0.0057 0.9552
vn -0.6466 -0.0000 0.7628
vn -0.7236 -0.2997 0.6218
vn -0.5942 -0.2461 0.7657
vn -0.5538 -0.5538 0.6217
vn -0.0000 -0.0000 1.0000
vn -0.4572 -0.4572 0.7628
vn -0.2997 -0.7236 0.6217
vn -0.2141 -0.2141 0.9531
vn -0.2461 -0.5943 0.7657
vn -0.0000 -0.7832 0.6218
vn 0.0057 -0.2958 0.9552
vn -0.0000 -0.6466 0.7628
vn 0.2997 -0.7236 0.6218
vn 0.2462 -0.5942 0.7657
vn 0.5538 -0.5538 0.6218
vn 0.2958 -0.0057 0.9552
vn 0.1843 -0.1843 0.9654
vn 0.4572 -0.4572 0.7628
vn 0.7236 -0.2997 0.6218
vn 0.5942 -0.2461 0.7657
vn 0.7832 -0.0000 0.6218
vn 0.6466 -0.0000 0.7628
vn -0.0008 0.1140 0.9935
vn 0.0145 0.0597 0.9981
vn -0.0185 -0.0058 0.9998
vn -0.0263 -0.0363 0.9990
vn -0.0432 -0.1013 0.9939
vn -0.0566 -0.2536 0.9657
vn -0.0383 -0.0469 0.9982
vn 0.0040 0.1907 0.9816
vn -0.0156 -0.0725 0.9972
vn -0.0000 -0.3635 0.9316
vn -0.0116 0.2614 0.9652
vn 0.0308 -0.4278 0.9033
vn -0.0109 -0.0905 0.9958
vn -0.0402 0.3138 0.9486
vn 0.0793 -0.4850 0.8709
vn -0.0035 -0.0957 0.9954
vn -0.0784 0.3510 0.9331
vn 0.0210 -0.0947 0.9953
vn 0.1560 -0.5144 0.8432
vn -0.1138 0.3751 0.9200
vn 0.2124 -0.5317 0.8198
vn -0.1775 0.3889 0.9040
vn 0.2118 -0.5425 0.8129
vn -0.1840 0.3864 0.9038
vn 0.2807 -0.5395 0.7938
vn -0.2271 0.3941 0.8906
vn 0.2809 -0.5494 0.7869
vn -0.2255 0.4070 0.8852
vn 0.3500 -0.5352 0.7688
vn -0.2806 0.3956 0.8745
vn 0.3509 -0.5441 0.7621
vn -0.2800 0.4076 0.8692
vn 0.4183 -0.5186 0.7457
vn -0.3329 0.3889 0.8591
vn 0.4195 -0.5256 0.7401
vn -0.3331 0.3988 0.8544
vn 0.4817 -0.4873 0.7283
vn -0.3798 0.3719 0.8470
vn 0.4826 -0.4913 0.7250
vn -0.3804 0.3778 0.8442
vn 0.5351 -0.4412 0.7204
vn -0.4191 0.3420 0.8411
vn 0.5355 -0.4425 0.7194
vn -0.4194 0.3439 0.8401
vn 0.5780 -0.3865 0.7187
vn -0.4516 0.3016 0.8397
vn 0.5781 -0.3866 0.7186
vn -0.4517 0.3018 0.8396
vn 0.6134 -0.3277 0.7186
vn -0.4791 0.2562 0.8395
vn 0.6134 -0.3278 0.7185
vn 0.6428 -0.2663 0.7183
vn -0.5019 0.2078 0.8396
vn 0.6657 -0.2018 0.7184
vn -0.5200 0.1577 0.8395
vn 0.6656 -0.2018 0.7185
vn -0.5200 0.1576 0.8395
vn 0.6822 -0.1357 0.7185
vn -0.5328 0.1060 0.8396
vn -0.5328 0.1059 0.8396
vn 0.6923 -0.0683 0.7183
vn -0.5404 0.0532 0.8397
vn 0.6923 -0.0683 0.7184
vn 0.6954 0.0001 0.7186
vn -0.5431 -0.0000 0.8397
vn 0.6923 0.0682 0.7184
vn -0.5404 -0.0533 0.8397
vn -0.5405 -0.0533 0.8397
vn 0.6820 0.1357 0.7186
vn -0.5329 -0.1060 0.8395
vn -0.5330 -0.1059 0.8395
vn 0.6656 0.2018 0.7185
vn -0.5200 -0.1576 0.8395
vn 0.6657 0.2018 0.7184
vn -0.5201 -0.1577 0.8394
vn 0.6429 0.2661 0.7182
vn -0.5019 -0.2078 0.8396
vn -0.5018 -0.2078 0.8396
vn 0.6135 0.3279 0.7185
vn -0.4790 -0.2561 0.8396
vn 0.6134 0.3279 0.7185
vn -0.4790 -0.2560 0.8396
vn 0.5783 0.3864 0.7185
vn -0.4517 -0.3018 0.8396
vn -0.4516 -0.3017 0.8396
vn 0.5377 0.4412 0.7185
vn -0.4200 -0.3446 0.8396
vn -0.4200 -0.3447 0.8395
vn 0.4927 0.4909 0.7185
vn -0.3845 -0.3838 0.8396
vn 0.4924 0.4908 0.7187
vn -0.3841 -0.3837 0.8398
vn 0.4466 0.5312 0.7200
vn -0.3440 -0.4173 0.8412
vn 0.4437 0.5296 0.7230
vn -0.3437 -0.4188 0.8405
vn 0.3906 0.5448 0.7420
vn -0.3005 -0.4342 0.8492
vn 0.3843 0.5391 0.7494
vn -0.2855 -0.4325 0.8552
vn -0.2453 -0.4215 0.8730
vn 0.3336 0.5047 0.7962
vn -0.2080 -0.3746 0.9035
vn 0.3279 0.5108 0.7947
vn -0.1673 -0.3627 0.9168
vn 0.3425 0.4520 0.8236
vn 0.3588 0.4438 0.8211
vn 0.3788 0.3808 0.8435
vn -0.1395 -0.1589 0.9774
vn -0.0592 -0.2813 0.9578
vn -0.0124 -0.2612 0.9652
vn -0.2272 -0.2130 0.9503
vn -0.2520 -0.3589 0.8987
vn -0.0052 -0.0000 1.0000
vn 0.3672 0.2955 0.8820
vn -0.2033 -0.1037 0.9736
vn -0.0496 -0.0133 0.9987
vn 0.0752 -0.4269 0.9012
vn -0.0291 -0.0019 0.9996
vn -0.0616 0.1585 0.9854
vn -0.3251 -0.3260 0.8877
vn -0.3686 -0.2585 0.8929
vn -0.0915 0.1250 0.9879
vn -0.0317 0.0302 0.9990
vn -0.3860 -0.1737 0.9060
vn -0.0020 -0.1415 0.9899
vn -0.0607 -0.0276 0.9978
vn -0.0236 0.0672 0.9975
vn -0.3889 -0.0938 0.9165
vn 0.3852 0.2129 0.8980
vn -0.3786 -0.0001 0.9256
vn -0.0090 0.1041 0.9945
vn 0.3853 0.1581 0.9091
vn -0.0056 0.1240 0.9923
vn -0.3127 0.0823 0.9463
vn -0.0185 -0.0059 -0.9998
vn 0.0144 0.0597 -0.9981
vn -0.0008 0.1140 -0.9935
vn -0.0263 -0.0364 -0.9990
vn -0.0432 -0.1013 -0.9939
vn -0.0566 -0.2536 -0.9656
vn -0.0382 -0.0470 -0.9982
vn 0.0040 0.1907 -0.9816
vn -0.0156 -0.0725 -0.9972
vn -0.0000 -0.3635 -0.9316
vn -0.0116 0.2614 -0.9651
vn 0.0308 -0.4279 -0.9033
vn -0.0109 -0.0905 -0.9958
vn -0.0402 0.3138 -0.9486
vn 0.0793 -0.4850 -0.8709
vn -0.0035 -0.0957 -0.9954
vn -0.0784 0.3510 -0.9331
vn 0.0210 -0.0947 -0.9953
vn 0.1560 -0.5144 -0.8432
vn -0.1138 0.3751 -0.9200
vn 0.2124 -0.5317 -0.8198
vn -0.1775 0.3889 -0.9040
vn 0.2118 -0.5425 -0.8129
vn -0.1840 0.3864 -0.9038
vn 0.2807 -0.5395 -0.7938
vn -0.2271 0.3941 -0.8906
vn 0.2809 -0.5494 -0.7869
vn -0.2255 0.4070 -0.8852
vn 0.3501 -0.5353 -0.7687
vn -0.2806 0.3956 -0.8745
vn 0.3509 -0.5441 -0.7621
vn -0.2800 0.4076 -0.8692
vn 0.4184 -0.5186 -0.7457
vn -0.3329 0.3889 -0.8590
vn 0.4195 -0.5256 -0.7401
vn -0.3331 0.3988 -0.8544
vn 0.4817 -0.4874 -0.7283
vn -0.3798 0.3719 -0.8470
vn 0.4827 -0.4914 -0.7250
vn -0.3804 0.3777 -0.8442
vn 0.5351 -0.4412 -0.7204
vn -0.4191 0.3420 -0.8411
vn 0.5355 -0.4425 -0.7193
vn -0.4195 0.3439 -0.8401
vn 0.5780 -0.3865 -0.7187
vn -0.4516 0.3016 -0.8397
vn 0.5781 -0.3866 -0.7186
vn -0.4517 0.3018 -0.8396
vn 0.6134 -0.3277 -0.7186
vn -0.4792 0.2562 -0.8395
vn 0.6134 -0.3278 -0.7185
vn 0.6428 -0.2663 -0.7182
vn -0.5020 0.2078 -0.8396
vn -0.5020 0.2078 -0.8395
vn 0.6657 -0.2018 -0.7184
vn -0.5200 0.1577 -0.8395
vn 0.6657 -0.2018 -0.7185
vn 0.6822 -0.1357 -0.7185
vn -0.5328 0.1060 -0.8396
vn -0.5328 0.1059 -0.8396
vn 0.6923 -0.0683 -0.7183
vn -0.5404 0.0532 -0.8397
vn 0.6923 -0.0683 -0.7184
vn 0.6954 0.0001 -0.7186
vn -0.5431 -0.0000 -0.8397
vn -0.5431 0.0001 -0.8396
vn 0.6923 0.0682 -0.7184
vn -0.5405 -0.0533 -0.8397
vn -0.5405 -0.0533 -0.8396
vn 0.6821 0.1357 -0.7186
vn -0.5329 -0.1060 -0.8395
vn 0.6820 0.1357 -0.7186
vn -0.5330 -0.1059 -0.8395
vn 0.6656 0.2018 -0.7185
vn -0.5200 -0.1576 -0.8395
vn 0.6657 0.2018 -0.7184
vn -0.5201 -0.1577 -0.8394
vn 0.6429 0.2661 -0.7182
vn -0.5019 -0.2079 -0.8396
vn -0.5019 -0.2078 -0.8396
vn 0.6135 0.3279 -0.7184
vn -0.4791 -0.2561 -0.8396
vn 0.6134 0.3279 -0.7185
vn 0.5783 0.3864 -0.7185
vn -0.4517 -0.3018 -0.8396
vn -0.4516 -0.3017 -0.8396
vn 0.5377 0.4413 -0.7185
vn -0.4200 -0.3446 -0.8396
vn -0.4200 -0.3447 -0.8395
vn 0.4927 0.4909 -0.7185
vn -0.3845 -0.3838 -0.8396
vn 0.4924 0.4908 -0.7187
vn -0.3841 -0.3837 -0.8398
vn 0.4465 0.5311 -0.7201
vn -0.3440 -0.4173 -0.8412
vn 0.4436 0.5296 -0.7230
vn -0.3437 -0.4188 -0.8405
vn 0.3906 0.5448 -0.7420
vn -0.3005 -0.4342 -0.8492
vn 0.3843 0.5391 -0.7494
vn -0.2855 -0.4326 -0.8552
vn -0.2453 -0.4215 -0.8730
vn 0.3336 0.5047 -0.7962
vn -0.2081 -0.3746 -0.9035
vn 0.3279 0.5108 -0.7947
vn -0.1673 -0.3627 -0.9168
vn 0.3425 0.4520 -0.8236
vn 0.3588 0.4438 -0.8211
vn 0.3788 0.3808 -0.8435
vn -0.1395 -0.1589 -0.9774
vn -0.0592 -0.2813 -0.9578
vn -0.0124 -0.2611 -0.9652
vn -0.2272 -0.2130 -0.9503
vn -0.2520 -0.3589 -0.8987
vn -0.0052 -0.0000 -1.0000
vn 0.3672 0.2955 -0.8820
vn -0.2033 -0.1037 -0.9736
vn -0.0496 -0.0133 -0.9987
vn 0.0752 -0.4268 -0.9012
vn -0.0291 -0.0019 -0.9996
vn -0.3251 -0.3260 -0.8877
vn -0.0616 0.1585 -0.9854
vn -0.3686 -0.2585 -0.8929
vn -0.0915 0.1250 -0.9879
vn -0.0317 0.0302 -0.9990
vn -0.3860 -0.1737 -0.9060
vn -0.0020 -0.1415 -0.9899
vn -0.0607 -0.0275 -0.9978
vn -0.0236 0.0672 -0.9975
vn -0.3889 -0.0938 -0.9165
vn 0.3852 0.2129 -0.8980
vn -0.3786 -0.0001 -0.9256
vn -0.0090 0.1041 -0.9945
vn 0.3853 0.1581 -0.9092
vn -0.0056 0.1240 -0.9923
vn -0.3127 0.0823 -0.9463
vn 0.0008 -0.1140 0.9935
vn -0.0145 -0.0597 0.9981
vn 0.0185 0.0058 0.9998
vn 0.0263 0.0363 0.9990
vn 0.0432 0.1013 0.9939
vn 0.0566 0.2536 0.9656
vn 0.0383 0.0469 0.9982
vn -0.0040 -0.1907 0.9816
vn 0.0156 0.0725 0.9972
vn -0.0000 0.3635 0.9316
vn 0.0116 -0.2614 0.9652
vn -0.0308 0.4279 0.9033
vn 0.0109 0.0905 0.9958
vn 0.0402 -0.3138 0.9486
vn -0.0793 0.4850 0.8709
vn 0.0035 0.0958 0.9954
vn 0.0784 -0.3510 0.9331
vn -0.0210 0.0947 0.9953
vn -0.1561 0.5144 0.8432
vn 0.1138 -0.3751 0.9200
vn -0.2124 0.5318 0.8198
vn 0.1775 -0.3889 0.9040
vn -0.2118 0.5426 0.8128
vn 0.1839 -0.3864 0.9038
vn -0.2808 0.5396 0.7937
vn 0.2271 -0.3940 0.8906
vn -0.2810 0.5495 0.7868
vn 0.2254 -0.4069 0.8852
vn -0.3501 0.5352 0.7688
vn 0.2807 -0.3955 0.8745
vn -0.3509 0.5440 0.7622
vn 0.2800 -0.4076 0.8691
vn -0.4183 0.5185 0.7458
vn 0.3329 -0.3890 0.8590
vn -0.4194 0.5255 0.7402
vn 0.3332 -0.3989 0.8543
vn -0.4816 0.4872 0.7285
vn 0.3798 -0.3720 0.8470
vn -0.4825 0.4912 0.7252
vn 0.3804 -0.3778 0.8442
vn -0.5351 0.4414 0.7203
vn 0.4190 -0.3419 0.8412
vn -0.5355 0.4427 0.7192
vn 0.4193 -0.3438 0.8402
vn -0.5780 0.3864 0.7187
vn 0.4516 -0.3015 0.8398
vn -0.5781 0.3865 0.7186
vn 0.4516 -0.3018 0.8396
vn -0.6133 0.3278 0.7186
vn 0.4791 -0.2561 0.8396
vn 0.4791 -0.2561 0.8395
vn -0.6424 0.2661 0.7186
vn 0.5019 -0.2079 0.8396
vn -0.6425 0.2661 0.7186
vn 0.5018 -0.2078 0.8396
vn -0.6655 0.2019 0.7185
vn 0.5198 -0.1577 0.8396
vn -0.6655 0.2020 0.7185
vn -0.6821 0.1357 0.7186
vn 0.5328 -0.1060 0.8396
vn -0.6922 0.0682 0.7185
vn 0.5406 -0.0532 0.8396
vn -0.6921 0.0682 0.7185
vn -0.6954 -0.0001 0.7186
vn 0.5432 -0.0000 0.8396
vn -0.6922 -0.0681 0.7185
vn 0.5405 0.0533 0.8396
vn 0.5406 0.0533 0.8396
vn -0.6819 -0.1357 0.7187
vn 0.5329 0.1060 0.8395
vn -0.6655 -0.2018 0.7186
vn 0.5199 0.1577 0.8396
vn 0.5198 0.1577 0.8396
vn -0.6424 -0.2662 0.7186
vn 0.5019 0.2079 0.8396
vn -0.6134 -0.3278 0.7186
vn 0.4791 0.2561 0.8396
vn -0.5782 -0.3864 0.7186
vn 0.4517 0.3018 0.8396
vn 0.4516 0.3018 0.8396
vn -0.5377 -0.4413 0.7184
vn 0.4199 0.3446 0.8396
vn -0.5378 -0.4413 0.7184
vn 0.4198 0.3446 0.8396
vn -0.4926 -0.4909 0.7186
vn 0.3844 0.3838 0.8396
vn -0.4923 -0.4908 0.7189
vn 0.3842 0.3837 0.8398
vn -0.4464 -0.5310 0.7203
vn 0.3441 0.4174 0.8411
vn -0.4435 -0.5294 0.7232
vn 0.3439 0.4189 0.8404
vn -0.3907 -0.5448 0.7420
vn 0.3005 0.4342 0.8492
vn -0.3844 -0.5392 0.7493
vn 0.2855 0.4325 0.8552
vn 0.2453 0.4215 0.8730
vn -0.3337 -0.5047 0.7962
vn 0.2080 0.3746 0.9035
vn -0.3280 -0.5108 0.7947
vn 0.1673 0.3627 0.9168
vn -0.3425 -0.4520 0.8236
vn -0.3589 -0.4439 0.8211
vn -0.3787 -0.3808 0.8436
vn 0.1395 0.1590 0.9774
vn 0.0592 0.2813 0.9578
vn 0.0124 0.2611 0.9652
vn 0.2272 0.2131 0.9503
vn 0.2519 0.3588 0.8988
vn 0.0053 0.0001 1.0000
vn -0.3672 -0.2954 0.8820
vn 0.2033 0.1037 0.9736
vn 0.0496 0.0132 0.9987
vn -0.0752 0.4269 0.9012
vn 0.0290 0.0019 0.9996
vn 0.0616 -0.1585 0.9854
vn 0.3250 0.3260 0.8878
vn 0.3685 0.2584 0.8930
vn 0.0915 -0.1250 0.9879
vn 0.0317 -0.0302 0.9990
vn 0.3859 0.1736 0.9060
vn 0.0019 0.1416 0.9899
vn 0.0607 0.0275 0.9978
vn 0.0236 -0.0672 0.9975
vn 0.3888 0.0939 0.9165
vn -0.3851 -0.2129 0.8980
vn 0.3786 0.0003 0.9256
vn 0.0091 -0.1041 0.9945
vn -0.3853 -0.1580 0.9092
vn 0.0056 -0.1240 0.9923
vn 0.3125 -0.0823 0.9463
vn 0.0185 0.0059 -0.9998
vn -0.0144 -0.0598 -0.9981
vn 0.0008 -0.1140 -0.9935
vn 0.0263 0.0364 -0.9990
vn 0.0432 0.1013 -0.9939
vn 0.0566 0.2537 -0.9656
vn 0.0383 0.0470 -0.9982
vn -0.0040 -0.1907 -0.9816
vn 0.0156 0.0725 -0.9972
vn -0.0000 0.3635 -0.9316
vn 0.0116 -0.2615 -0.9651
vn -0.0308 0.4279 -0.9033
vn 0.0109 0.0905 -0.9958
vn 0.0402 -0.3138 -0.9486
vn -0.0793 0.4850 -0.8709
vn 0.0035 0.0958 -0.9954
vn 0.0784 -0.3510 -0.9331
vn -0.0210 0.0947 -0.9953
vn -0.1561 0.5144 -0.8432
vn 0.1138 -0.3751 -0.9200
vn -0.2124 0.5318 -0.8198
vn 0.1775 -0.3889 -0.9040
vn -0.2118 0.5426 -0.8128
vn 0.1839 -0.3864 -0.9038
vn -0.2808 0.5396 -0.7937
vn 0.2271 -0.3940 -0.8906
vn -0.2810 0.5495 -0.7868
vn 0.2254 -0.4069 -0.8852
vn -0.3501 0.5352 -0.7688
vn 0.2807 -0.3955 -0.8745
vn -0.3509 0.5440 -0.7622
vn 0.2801 -0.4076 -0.8691
vn -0.4183 0.5185 -0.7457
vn 0.3329 -0.3890 -0.8590
vn -0.4195 0.5255 -0.7402
vn 0.3332 -0.3989 -0.8543
vn -0.4816 0.4872 -0.7285
vn 0.3798 -0.3720 -0.8470
vn -0.4825 0.4912 -0.7251
vn 0.3804 -0.3778 -0.8442
vn -0.5352 0.4414 -0.7203
vn 0.4190 -0.3419 -0.8412
vn -0.5356 0.4427 -0.7192
vn 0.4193 -0.3438 -0.8402
vn -0.5780 0.3864 -0.7187
vn 0.4516 -0.3015 -0.8398
vn -0.5781 0.3865 -0.7186
vn 0.4517 -0.3018 -0.8396
vn -0.6133 0.3278 -0.7186
vn 0.4791 -0.2561 -0.8395
vn -0.6133 0.3279 -0.7186
vn -0.6425 0.2661 -0.7186
vn 0.5019 -0.2079 -0.8396
vn 0.5019 -0.2078 -0.8396
vn -0.6655 0.2019 -0.7185
vn 0.5198 -0.1577 -0.8396
vn -0.6821 0.1357 -0.7186
vn 0.5328 -0.1060 -0.8396
vn -0.6922 0.0682 -0.7185
vn 0.5406 -0.0532 -0.8396
vn -0.6954 -0.0001 -0.7186
vn 0.5432 -0.0000 -0.8396
vn -0.6954 -0.0000 -0.7186
vn -0.6922 -0.0681 -0.7184
vn 0.5406 0.0533 -0.8396
vn -0.6922 -0.0681 -0.7185
vn -0.6820 -0.1357 -0.7187
vn 0.5329 0.1060 -0.8395
vn -0.6819 -0.1357 -0.7187
vn -0.6655 -0.2019 -0.7186
vn 0.5199 0.1577 -0.8396
vn -0.6655 -0.2018 -0.7186
vn 0.5198 0.1577 -0.8396
vn -0.6425 -0.2662 -0.7186
vn 0.5019 0.2079 -0.8396
vn -0.6424 -0.2662 -0.7186
vn -0.6134 -0.3278 -0.7186
vn 0.4792 0.2561 -0.8395
vn -0.5782 -0.3864 -0.7186
vn 0.4517 0.3018 -0.8396
vn 0.4516 0.3018 -0.8396
vn -0.5378 -0.4413 -0.7184
vn 0.4199 0.3446 -0.8396
vn -0.4926 -0.4909 -0.7185
vn 0.3844 0.3838 -0.8396
vn -0.4923 -0.4908 -0.7188
vn 0.3842 0.3837 -0.8397
vn -0.4464 -0.5310 -0.7203
vn 0.3441 0.4174 -0.8411
vn -0.4435 -0.5295 -0.7232
vn 0.3439 0.4190 -0.8404
vn -0.3907 -0.5448 -0.7420
vn 0.3005 0.4342 -0.8492
vn -0.3844 -0.5392 -0.7493
vn 0.2855 0.4325 -0.8552
vn 0.2453 0.4215 -0.8730
vn -0.3337 -0.5048 -0.7962
vn 0.2080 0.3746 -0.9035
vn -0.3280 -0.5109 -0.7946
vn 0.1673 0.3627 -0.9168
vn -0.3425 -0.4520 -0.8236
vn -0.3589 -0.4439 -0.8211
vn -0.3787 -0.3808 -0.8435
vn 0.1395 0.1590 -0.9774
vn 0.0592 0.2813 -0.9578
vn 0.0124 0.2611 -0.9652
vn 0.2272 0.2131 -0.9502
vn 0.2519 0.3588 -0.8988
vn 0.0053 0.0001 -1.0000
vn -0.3672 -0.2954 -0.8820
vn 0.2034 0.1037 -0.9736
vn 0.0496 0.0133 -0.9987
vn -0.0752 0.4269 -0.9012
vn 0.0291 0.0019 -0.9996
vn 0.3250 0.3260 -0.8877
vn 0.0616 -0.1585 -0.9854
vn 0.3685 0.2585 -0.8930
vn 0.0915 -0.1250 -0.9879
vn 0.0317 -0.0302 -0.9990
vn 0.3860 0.1737 -0.9060
vn 0.0019 0.1416 -0.9899
vn 0.0607 0.0275 -0.9978
vn 0.0236 -0.0672 -0.9975
vn 0.3888 0.0939 -0.9165
vn -0.3851 -0.2129 -0.8980
vn 0.3786 0.0003 -0.9256
vn 0.0091 -0.1041 -0.9945
vn -0.3853 -0.1580 -0.9091
vn 0.0056 -0.1240 -0.9923
vn 0.3125 -0.0823 -0.9463
vt 0.628350 0.693120
vt 0.622970 0.693120
vt 0.624770 0.689530
vt 0.626560 0.689530
vt 0.628350 0.682360
vt 0.626560 0.685940
vt 0.622970 0.682360
vt 0.624770 0.685940
vt 0.647010 0.496480
vt 0.756140 0.278220
vt 0.865270 0.496480
vt 0.756140 0.714730
vt 0.624770 0.674350
vt 0.622950 0.677910
vt 0.628400 0.677910
vt 0.626580 0.674350
vt 0.628400 0.667220
vt 0.626580 0.670790
vt 0.622950 0.667220
vt 0.624770 0.670790
vt 0.647590 0.496290
vt 0.756530 0.278400
vt 0.865470 0.496290
vt 0.756530 0.714150
vt 0.614444 0.341991
vt 0.616154 0.342481
vt 0.616404 0.341501
vt 0.615174 0.344191
vt 0.616154 0.340771
vt 0.613224 0.346141
vt 0.614694 0.338811
vt 0.611764 0.338811
vt 0.611274 0.347851
vt 0.614444 0.335401
vt 0.615914 0.337111
vt 0.616404 0.336371
vt 0.616154 0.335401
vt 0.614934 0.333441
vt 0.613224 0.331251
vt 0.608094 0.338811
vt 0.611274 0.329541
vt 0.609324 0.349071
vt 0.609324 0.328321
vt 0.607124 0.349801
vt 0.607124 0.327581
vt 0.604924 0.349801
vt 0.604194 0.338811
vt 0.604924 0.327341
vt 0.602974 0.349311
vt 0.602974 0.328071
vt 0.601014 0.347851
vt 0.600774 0.329541
vt 0.599064 0.345651
vt 0.600284 0.338811
vt 0.599064 0.331981
vt 0.597844 0.342481
vt 0.597844 0.335151
vt 0.596864 0.338811
vt 0.599314 0.370311
vt 0.598334 0.369331
vt 0.598084 0.370311
vt 0.600284 0.368841
vt 0.598824 0.371281
vt 0.598084 0.371281
vt 0.599064 0.372261
vt 0.601264 0.369331
vt 0.599554 0.374701
vt 0.598824 0.374211
vt 0.601264 0.378121
vt 0.600284 0.378121
vt 0.602724 0.381051
vt 0.601994 0.381541
vt 0.604684 0.371771
vt 0.604684 0.383981
vt 0.604194 0.384471
vt 0.606874 0.385931
vt 0.606394 0.386911
vt 0.608344 0.374211
vt 0.609074 0.387401
vt 0.608834 0.388371
vt 0.611514 0.387891
vt 0.611274 0.388861
vt 0.612004 0.376171
vt 0.613714 0.387891
vt 0.613954 0.388861
vt 0.616154 0.386421
vt 0.616404 0.387401
vt 0.615914 0.378611
vt 0.618104 0.383981
vt 0.618354 0.384471
vt 0.619574 0.380561
vt 0.620304 0.381051
vt 0.619084 0.376661
vt 0.619574 0.376661
vt 0.618104 0.372751
vt 0.618594 0.372261
vt 0.616404 0.369331
vt 0.616884 0.368351
vt 0.614444 0.366401
vt 0.614694 0.365431
vt 0.612494 0.364451
vt 0.612494 0.363471
vt 0.610054 0.362981
vt 0.610054 0.362011
vt 0.607854 0.362501
vt 0.607364 0.361031
vt 0.605654 0.362011
vt 0.604924 0.361031
vt 0.603464 0.362501
vt 0.602724 0.361521
vt 0.601504 0.363471
vt 0.600534 0.362501
vt 0.600044 0.366401
vt 0.599064 0.365911
vt 0.600044 0.364451
vt 0.599064 0.363961
vt 0.598824 0.364451
vt 0.599794 0.364941
vt 0.647164 0.366401
vt 0.648134 0.366401
vt 0.648134 0.365431
vt 0.646914 0.369331
vt 0.647164 0.365431
vt 0.647654 0.364451
vt 0.646674 0.364941
vt 0.645944 0.369821
vt 0.645454 0.363961
vt 0.646424 0.362981
vt 0.643254 0.362501
vt 0.643984 0.361521
vt 0.641054 0.362011
vt 0.641544 0.361031
vt 0.642274 0.372261
vt 0.638864 0.362501
vt 0.639104 0.361031
vt 0.636414 0.362981
vt 0.636664 0.362011
vt 0.638614 0.374701
vt 0.634224 0.364451
vt 0.634224 0.363471
vt 0.632024 0.366891
vt 0.631784 0.365911
vt 0.634954 0.377141
vt 0.630314 0.369821
vt 0.629824 0.368841
vt 0.628854 0.373731
vt 0.628364 0.372751
vt 0.631294 0.379591
vt 0.628114 0.377631
vt 0.627384 0.377631
vt 0.627634 0.382031
vt 0.626894 0.382521
vt 0.629334 0.384961
vt 0.628854 0.385441
vt 0.631294 0.386911
vt 0.631044 0.387891
vt 0.633494 0.387891
vt 0.633494 0.388861
vt 0.635934 0.387891
vt 0.635934 0.388861
vt 0.638124 0.386911
vt 0.638614 0.387891
vt 0.640574 0.385441
vt 0.641054 0.385931
vt 0.642524 0.383001
vt 0.643254 0.383981
vt 0.644474 0.380561
vt 0.645204 0.381051
vt 0.646184 0.378121
vt 0.646914 0.378121
vt 0.647404 0.374701
vt 0.648384 0.374701
vt 0.647654 0.370801
vt 0.648624 0.370311
vt 0.648134 0.372751
vt 0.649114 0.371771
vt 0.649114 0.370801
vt 0.648134 0.371771
vt 0.638614 0.422551
vt 0.639104 0.424511
vt 0.639594 0.424021
vt 0.637394 0.423041
vt 0.639104 0.422551
vt 0.639834 0.423041
vt 0.639344 0.421091
vt 0.636664 0.421091
vt 0.639594 0.418651
vt 0.640084 0.420111
vt 0.639344 0.414251
vt 0.640084 0.415231
vt 0.638864 0.409861
vt 0.639594 0.410351
vt 0.634464 0.415231
vt 0.638124 0.405461
vt 0.638864 0.405461
vt 0.636904 0.401071
vt 0.637644 0.401071
vt 0.632264 0.408881
vt 0.635684 0.397161
vt 0.636174 0.396681
vt 0.633974 0.394231
vt 0.634464 0.393261
vt 0.630074 0.402531
vt 0.632024 0.391791
vt 0.632264 0.390331
vt 0.629824 0.389841
vt 0.629824 0.388861
vt 0.627634 0.396681
vt 0.627384 0.389841
vt 0.627384 0.388371
vt 0.625184 0.390331
vt 0.624944 0.389351
vt 0.624454 0.394231
vt 0.623964 0.393751
vt 0.624214 0.398631
vt 0.623484 0.398631
vt 0.624454 0.403511
vt 0.623724 0.403511
vt 0.625184 0.407911
vt 0.624704 0.408391
vt 0.626164 0.411811
vt 0.625924 0.412791
vt 0.627634 0.415721
vt 0.627384 0.417181
vt 0.629334 0.419141
vt 0.629334 0.420601
vt 0.631044 0.422071
vt 0.631044 0.423531
vt 0.633004 0.424021
vt 0.633244 0.425971
vt 0.634714 0.425971
vt 0.635194 0.427441
vt 0.636904 0.425001
vt 0.637394 0.426461
vt 0.636174 0.426461
vt 0.636904 0.427931
vt 0.637154 0.427931
vt 0.636664 0.426461
vt 0.609564 0.425481
vt 0.608834 0.426461
vt 0.609074 0.427441
vt 0.609074 0.423041
vt 0.609804 0.426461
vt 0.609804 0.427931
vt 0.610544 0.426461
vt 0.609564 0.421581
vt 0.611764 0.425971
vt 0.611274 0.427441
vt 0.613954 0.424021
vt 0.613474 0.425481
vt 0.615914 0.422071
vt 0.615664 0.423531
vt 0.612004 0.415231
vt 0.617624 0.419141
vt 0.617864 0.420601
vt 0.619334 0.415721
vt 0.619574 0.416691
vt 0.614204 0.408881
vt 0.620794 0.411811
vt 0.621034 0.412791
vt 0.621774 0.407421
vt 0.622254 0.408391
vt 0.616404 0.403021
vt 0.622254 0.403021
vt 0.622994 0.403511
vt 0.622504 0.398141
vt 0.622994 0.398141
vt 0.618594 0.396191
vt 0.621774 0.393751
vt 0.622254 0.393261
vt 0.620794 0.389841
vt 0.621284 0.388861
vt 0.618844 0.389841
vt 0.618844 0.388371
vt 0.616644 0.390331
vt 0.616404 0.389351
vt 0.614444 0.392281
vt 0.614204 0.391301
vt 0.612494 0.395211
vt 0.612004 0.394231
vt 0.611024 0.398631
vt 0.610294 0.398141
vt 0.609564 0.402531
vt 0.608834 0.402531
vt 0.608344 0.406441
vt 0.607614 0.406931
vt 0.607614 0.410841
vt 0.606874 0.411321
vt 0.607124 0.414741
vt 0.606394 0.416211
vt 0.606874 0.419141
vt 0.606394 0.420601
vt 0.607854 0.422551
vt 0.607364 0.424511
vt 0.607124 0.422071
vt 0.606394 0.423531
vt 0.606874 0.424511
vt 0.607364 0.422551
vt 0.622254 0.334181
vt 0.622504 0.332711
vt 0.622014 0.332221
vt 0.623484 0.335881
vt 0.621774 0.333931
vt 0.621524 0.332711
vt 0.621284 0.334661
vt 0.623484 0.337841
vt 0.620554 0.336621
vt 0.620304 0.334911
vt 0.619574 0.340771
vt 0.619084 0.339301
vt 0.618594 0.344921
vt 0.618104 0.343701
vt 0.623484 0.345411
vt 0.618104 0.349311
vt 0.617374 0.348581
vt 0.617624 0.353711
vt 0.617134 0.353221
vt 0.623484 0.353221
vt 0.617624 0.358591
vt 0.617134 0.358101
vt 0.618104 0.362981
vt 0.617374 0.362981
vt 0.623484 0.360541
vt 0.618844 0.366891
vt 0.618104 0.367871
vt 0.620064 0.370801
vt 0.619574 0.371771
vt 0.623484 0.368351
vt 0.621774 0.374211
vt 0.621284 0.375191
vt 0.623484 0.376171
vt 0.623484 0.377631
vt 0.625184 0.374211
vt 0.625674 0.375191
vt 0.626894 0.371281
vt 0.627634 0.372261
vt 0.628114 0.367381
vt 0.628854 0.367871
vt 0.629094 0.362981
vt 0.629824 0.362981
vt 0.629334 0.358591
vt 0.630074 0.358101
vt 0.629334 0.353711
vt 0.630074 0.353221
vt 0.629094 0.349311
vt 0.629824 0.348581
vt 0.628364 0.344921
vt 0.629094 0.343701
vt 0.627384 0.340771
vt 0.627874 0.339301
vt 0.626414 0.336861
vt 0.626654 0.335151
vt 0.624454 0.334661
vt 0.624454 0.332951
vt 0.625434 0.334661
vt 0.625434 0.332711
vt 0.624944 0.332221
vt 0.624944 0.334181
vt 0.703559 0.169621
vt 0.703859 0.167181
vt 0.702829 0.167181
vt 0.702769 0.169621
vt 0.701970 0.167181
vt 0.701970 0.169621
vt 0.701119 0.167181
vt 0.701059 0.169621
vt 0.700199 0.167181
vt 0.700199 0.169621
vt 0.699289 0.167181
vt 0.699289 0.169621
vt 0.698370 0.167181
vt 0.698370 0.169621
vt 0.697389 0.167181
vt 0.697389 0.169621
vt 0.696479 0.167181
vt 0.696479 0.169621
vt 0.695560 0.167181
vt 0.695619 0.169621
vt 0.694649 0.167181
vt 0.694649 0.169621
vt 0.693729 0.167181
vt 0.693729 0.169621
vt 0.692819 0.167181
vt 0.692819 0.169621
vt 0.691899 0.167181
vt 0.691899 0.169621
vt 0.691049 0.167181
vt 0.691049 0.169621
vt 0.690189 0.167181
vt 0.690249 0.169621
vt 0.689189 0.167181
vt 0.689459 0.169621
vt 0.703559 0.172551
vt 0.702769 0.172551
vt 0.701970 0.172551
vt 0.701059 0.172551
vt 0.700199 0.172551
vt 0.699289 0.172551
vt 0.698370 0.172551
vt 0.697389 0.172551
vt 0.696479 0.172551
vt 0.695619 0.172551
vt 0.694649 0.172551
vt 0.693729 0.172551
vt 0.692819 0.172551
vt 0.691899 0.172551
vt 0.691049 0.172551
vt 0.690249 0.172551
vt 0.689459 0.172551
vt 0.689189 0.174991
vt 0.690189 0.174991
vt 0.691049 0.174991
vt 0.691899 0.174991
vt 0.692819 0.174991
vt 0.693729 0.174991
vt 0.694649 0.174991
vt 0.695560 0.174991
vt 0.696479 0.174991
vt 0.697389 0.174991
vt 0.698370 0.174991
vt 0.699289 0.174991
vt 0.700199 0.174991
vt 0.701119 0.174991
vt 0.701970 0.174991
vt 0.702829 0.174991
vt 0.703859 0.174991
vt 0.651326 0.172631
vt 0.652666 0.174581
vt 0.652176 0.171171
vt 0.650346 0.170191
vt 0.654256 0.172631
vt 0.654256 0.175071
vt 0.655836 0.174581
vt 0.651326 0.166771
vt 0.650106 0.166771
vt 0.650346 0.163351
vt 0.656326 0.171171
vt 0.657186 0.172631
vt 0.658156 0.170191
vt 0.654256 0.166771
vt 0.657306 0.166771
vt 0.658406 0.166771
vt 0.658156 0.163351
vt 0.656326 0.162381
vt 0.657186 0.160911
vt 0.655836 0.158961
vt 0.654256 0.160911
vt 0.654256 0.158471
vt 0.652666 0.158961
vt 0.652176 0.162381
vt 0.651326 0.160911
vt 0.730553 0.182512
vt 0.731283 0.183972
vt 0.732013 0.181532
vt 0.730063 0.185442
vt 0.731043 0.180552
vt 0.732503 0.178602
vt 0.729573 0.183482
vt 0.731283 0.178602
vt 0.732013 0.175182
vt 0.729573 0.180552
vt 0.731043 0.176162
vt 0.731283 0.172742
vt 0.730063 0.178602
vt 0.730553 0.174212
vt 0.730063 0.171282
vt 0.729573 0.176162
vt 0.729573 0.173232
vt 0.728593 0.170792
vt 0.728593 0.175672
vt 0.728593 0.172742
vt 0.726893 0.171282
vt 0.727373 0.173232
vt 0.725663 0.172742
vt 0.728593 0.178602
vt 0.726403 0.174212
vt 0.724933 0.175672
vt 0.727373 0.176162
vt 0.725913 0.176162
vt 0.724693 0.178602
vt 0.726893 0.178602
vt 0.725663 0.178602
vt 0.724933 0.181532
vt 0.725913 0.180552
vt 0.725663 0.183972
vt 0.728593 0.181532
vt 0.727373 0.180552
vt 0.726403 0.182512
vt 0.727133 0.185442
vt 0.727373 0.183482
vt 0.728593 0.186412
vt 0.728593 0.183972
vt 0.605063 0.209362
vt 0.602863 0.209362
vt 0.602863 0.212292
vt 0.605063 0.212292
vt 0.602863 0.214242
vt 0.607123 0.213802
vt 0.607263 0.212292
vt 0.607123 0.214272
vt 0.607263 0.209362
vt 0.609453 0.212292
vt 0.607123 0.214242
vt 0.609453 0.214242
vt 0.609453 0.209362
vt 0.611653 0.214242
vt 0.611653 0.212292
vt 0.611653 0.209362
vt 0.613853 0.214242
vt 0.613853 0.212292
vt 0.613853 0.209362
vt 0.616293 0.212292
vt 0.616293 0.214242
vt 0.616293 0.209362
vt 0.618493 0.214242
vt 0.618493 0.209362
vt 0.618493 0.212292
vt 0.620683 0.214242
vt 0.620683 0.212292
vt 0.620683 0.209362
vt 0.622883 0.214242
vt 0.622883 0.212292
vt 0.622883 0.209362
vt 0.625083 0.214242
vt 0.625083 0.212292
vt 0.625083 0.209362
vt 0.627283 0.214242
vt 0.627283 0.212292
vt 0.627283 0.209362
vt 0.629473 0.214242
vt 0.629473 0.212292
vt 0.629473 0.209362
vt 0.631673 0.214242
vt 0.631673 0.212292
vt 0.631673 0.209362
vt 0.633873 0.214242
vt 0.633873 0.212292
vt 0.633873 0.209362
vt 0.636073 0.214242
vt 0.636073 0.212292
vt 0.636073 0.209362
vt 0.638263 0.214242
vt 0.638263 0.212292
vt 0.638263 0.209362
vt 0.640463 0.214242
vt 0.640463 0.212292
vt 0.640463 0.209362
vt 0.642663 0.214242
vt 0.642663 0.212292
vt 0.642663 0.209362
vt 0.645103 0.214242
vt 0.645103 0.212292
vt 0.645103 0.209362
vt 0.647303 0.214242
vt 0.647303 0.212292
vt 0.647303 0.209362
vt 0.649493 0.214242
vt 0.649493 0.212292
vt 0.649493 0.209362
vt 0.651693 0.214242
vt 0.651693 0.212292
vt 0.651693 0.209362
vt 0.654133 0.214242
vt 0.654133 0.209362
vt 0.654133 0.212292
vt 0.656333 0.214242
vt 0.656333 0.212292
vt 0.656333 0.209362
vt 0.658533 0.214242
vt 0.658533 0.212292
vt 0.658533 0.209362
vt 0.660973 0.214242
vt 0.660973 0.209362
vt 0.660973 0.212292
vt 0.663163 0.214242
vt 0.663163 0.212292
vt 0.663163 0.209362
vt 0.665363 0.214242
vt 0.665363 0.212292
vt 0.665363 0.209362
vt 0.668223 0.214222
vt 0.667563 0.209362
vt 0.668243 0.214232
vt 0.668173 0.212272
vt 0.668173 0.212242
vt 0.668083 0.212192
vt 0.669763 0.209362
vt 0.668223 0.212362
vt 0.668453 0.214242
vt 0.672203 0.214242
vt 0.668173 0.212602
vt 0.671953 0.211802
vt 0.668173 0.212622
vt 0.671713 0.208392
vt 0.674403 0.211802
vt 0.674643 0.214242
vt 0.677083 0.214242
vt 0.674153 0.209362
vt 0.673913 0.206922
vt 0.675373 0.204482
vt 0.674153 0.210342
vt 0.676593 0.211322
vt 0.679283 0.214242
vt 0.676103 0.208392
vt 0.675623 0.206432
vt 0.676593 0.201552
vt 0.678553 0.211322
vt 0.677353 0.204972
vt 0.678063 0.207902
vt 0.679523 0.207902
vt 0.677233 0.205002
vt 0.677653 0.201702
vt 0.680253 0.211322
vt 0.680743 0.207902
vt 0.677723 0.201722
vt 0.676843 0.202532
vt 0.677573 0.198622
vt 0.677513 0.201702
vt 0.681963 0.211802
vt 0.682213 0.208872
vt 0.681963 0.214242
vt 0.683963 0.210362
vt 0.684403 0.212782
vt 0.684033 0.210332
vt 0.684403 0.214242
vt 0.687093 0.214242
vt 0.684153 0.210342
vt 0.685873 0.212292
vt 0.607113 0.213802
vt 0.668213 0.214222
vt 0.668183 0.212602
vt 0.683953 0.210362
vt 0.684023 0.210332
vt 0.684143 0.210332
s 1
usemtl material_0
f 3597/7297/3595 3596/7298/3596 3595/7299/3597
f 3598/7300/3598 3597/7297/3595 3595/7299/3597
f 3599/7301/3599 3597/7297/3595 3598/7300/3598
f 3600/7302/3600 3599/7301/3599 3598/7300/3598
f 3601/7303/3601 3599/7301/3599 3600/7302/3600
f 3602/7304/3602 3601/7303/3601 3600/7302/3600
f 3596/7298/3596 3601/7303/3601 3602/7304/3602
f 3595/7299/3597 3596/7298/3596 3602/7304/3602
f 3602/7305/3602 3600/7306/3600 3598/7307/3598
f 3595/7308/3597 3602/7305/3602 3598/7307/3598
f 3603/7309/3603 3596/7310/3604 3597/7311/3605
f 3604/7312/3606 3603/7309/3603 3597/7311/3605
f 3604/7312/3606 3597/7311/3605 3599/7313/3607
f 3605/7314/3608 3604/7312/3606 3599/7313/3607
f 3605/7314/3608 3599/7313/3607 3601/7315/3609
f 3606/7316/3610 3605/7314/3608 3601/7315/3609
f 3606/7316/3610 3601/7315/3609 3596/7310/3604
f 3603/7309/3603 3606/7316/3610 3596/7310/3604
f 3604/7317/3606 3605/7318/3608 3606/7319/3610
f 3603/7320/3603 3604/7317/3606 3606/7319/3610
f 3609/7321/3611 3608/7322/3612 3607/7323/3613
f 3610/7324/3614 3608/7322/3612 3609/7321/3611
f 3607/7323/3613 3611/7325/3615 3609/7321/3611
f 3609/7321/3611 3612/7326/3616 3610/7324/3614
f 3609/7321/3611 3611/7325/3615 3613/7327/3617
f 3614/7328/3618 3612/7326/3616 3609/7321/3611
f 3609/7321/3611 3613/7327/3617 3614/7328/3618
f 3615/7329/3619 3612/7326/3616 3614/7328/3618
f 3614/7328/3618 3613/7327/3617 3616/7330/3620
f 3613/7327/3617 3617/7331/3621 3616/7330/3620
f 3616/7330/3620 3617/7331/3621 3618/7332/3622
f 3618/7332/3622 3619/7333/3623 3616/7330/3620
f 3616/7330/3620 3619/7333/3623 3620/7334/3624
f 3620/7334/3624 3621/7335/3625 3616/7330/3620
f 3616/7330/3620 3621/7335/3625 3614/7328/3618
f 3622/7336/3626 3614/7328/3618 3621/7335/3625
f 3614/7328/3618 3622/7336/3626 3615/7329/3619
f 3621/7335/3625 3623/7337/3627 3622/7336/3626
f 3624/7338/3628 3615/7329/3619 3622/7336/3626
f 3622/7336/3626 3623/7337/3627 3625/7339/3629
f 3626/7340/3630 3624/7338/3628 3622/7336/3626
f 3625/7339/3629 3627/7341/3631 3622/7336/3626
f 3628/7342/3632 3626/7340/3630 3622/7336/3626
f 3629/7343/3633 3622/7336/3626 3627/7341/3631
f 3622/7336/3626 3629/7343/3633 3628/7342/3632
f 3627/7341/3631 3630/7344/3634 3629/7343/3633
f 3631/7345/3635 3628/7342/3632 3629/7343/3633
f 3629/7343/3633 3630/7344/3634 3632/7346/3636
f 3633/7347/3637 3631/7345/3635 3629/7343/3633
f 3632/7346/3636 3634/7348/3638 3629/7343/3633
f 3635/7349/3639 3633/7347/3637 3629/7343/3633
f 3636/7350/3640 3629/7343/3633 3634/7348/3638
f 3629/7343/3633 3636/7350/3640 3635/7349/3639
f 3634/7348/3638 3637/7351/3641 3636/7350/3640
f 3638/7352/3642 3635/7349/3639 3636/7350/3640
f 3637/7351/3641 3639/7353/3643 3636/7350/3640
f 3640/7354/3644 3638/7352/3642 3636/7350/3640
f 3639/7353/3643 3640/7354/3644 3636/7350/3640
f 3643/7321/3645 3642/7322/3646 3641/7323/3647
f 3644/7324/3648 3642/7322/3646 3643/7321/3645
f 3641/7323/3647 3645/7325/3649 3643/7321/3645
f 3643/7321/3645 3646/7326/3650 3644/7324/3648
f 3643/7321/3645 3645/7325/3649 3647/7327/3651
f 3648/7328/3652 3646/7326/3650 3643/7321/3645
f 3643/7321/3645 3647/7327/3651 3648/7328/3652
f 3649/7329/3653 3646/7326/3650 3648/7328/3652
f 3648/7328/3652 3647/7327/3651 3650/7330/3654
f 3647/7327/3651 3651/7331/3655 3650/7330/3654
f 3650/7330/3654 3651/7331/3655 3652/7332/3656
f 3652/7332/3656 3653/7333/3657 3650/7330/3654
f 3650/7330/3654 3653/7333/3657 3654/7334/3658
f 3654/7334/3658 3655/7335/3659 3650/7330/3654
f 3650/7330/3654 3655/7335/3659 3648/7328/3652
f 3656/7336/3660 3648/7328/3652 3655/7335/3659
f 3648/7328/3652 3656/7336/3660 3649/7329/3653
f 3655/7335/3659 3657/7337/3661 3656/7336/3660
f 3658/7338/3662 3649/7329/3653 3656/7336/3660
f 3656/7336/3660 3657/7337/3661 3659/7339/3663
f 3660/7340/3664 3658/7338/3662 3656/7336/3660
f 3659/7339/3663 3661/7341/3665 3656/7336/3660
f 3662/7342/3666 3660/7340/3664 3656/7336/3660
f 3663/7343/3667 3656/7336/3660 3661/7341/3665
f 3656/7336/3660 3663/7343/3667 3662/7342/3666
f 3661/7341/3665 3664/7344/3668 3663/7343/3667
f 3665/7345/3669 3662/7342/3666 3663/7343/3667
f 3663/7343/3667 3664/7344/3668 3666/7346/3670
f 3667/7347/3671 3665/7345/3669 3663/7343/3667
f 3666/7346/3670 3668/7348/3672 3663/7343/3667
f 3669/7349/3673 3667/7347/3671 3663/7343/3667
f 3670/7350/3674 3663/7343/3667 3668/7348/3672
f 3663/7343/3667 3670/7350/3674 3669/7349/3673
f 3668/7348/3672 3671/7351/3675 3670/7350/3674
f 3672/7352/3676 3669/7349/3673 3670/7350/3674
f 3671/7351/3675 3673/7353/3677 3670/7350/3674
f 3674/7354/3678 3672/7352/3676 3670/7350/3674
f 3673/7353/3677 3674/7354/3678 3670/7350/3674
f 3677/7321/3679 3676/7322/3680 3675/7323/3681
f 3678/7324/3682 3676/7322/3680 3677/7321/3679
f 3675/7323/3681 3679/7325/3683 3677/7321/3679
f 3677/7321/3679 3680/7326/3684 3678/7324/3682
f 3677/7321/3679 3679/7325/3683 3681/7327/3685
f 3682/7328/3686 3680/7326/3684 3677/7321/3679
f 3677/7321/3679 3681/7327/3685 3682/7328/3686
f 3683/7329/3687 3680/7326/3684 3682/7328/3686
f 3682/7328/3686 3681/7327/3685 3684/7330/3688
f 3681/7327/3685 3685/7331/3689 3684/7330/3688
f 3684/7330/3688 3685/7331/3689 3686/7332/3690
f 3686/7332/3690 3687/7333/3691 3684/7330/3688
f 3684/7330/3688 3687/7333/3691 3688/7334/3692
f 3688/7334/3692 3689/7335/3693 3684/7330/3688
f 3684/7330/3688 3689/7335/3693 3682/7328/3686
f 3690/7336/3694 3682/7328/3686 3689/7335/3693
f 3682/7328/3686 3690/7336/3694 3683/7329/3687
f 3689/7335/3693 3691/7337/3695 3690/7336/3694
f 3692/7338/3696 3683/7329/3687 3690/7336/3694
f 3690/7336/3694 3691/7337/3695 3693/7339/3697
f 3694/7340/3698 3692/7338/3696 3690/7336/3694
f 3693/7339/3697 3695/7341/3699 3690/7336/3694
f 3696/7342/3700 3694/7340/3698 3690/7336/3694
f 3697/7343/3701 3690/7336/3694 3695/7341/3699
f 3690/7336/3694 3697/7343/3701 3696/7342/3700
f 3695/7341/3699 3698/7344/3702 3697/7343/3701
f 3699/7345/3703 3696/7342/3700 3697/7343/3701
f 3697/7343/3701 3698/7344/3702 3700/7346/3704
f 3701/7347/3705 3699/7345/3703 3697/7343/3701
f 3700/7346/3704 3702/7348/3706 3697/7343/3701
f 3703/7349/3707 3701/7347/3705 3697/7343/3701
f 3704/7350/3708 3697/7343/3701 3702/7348/3706
f 3697/7343/3701 3704/7350/3708 3703/7349/3707
f 3702/7348/3706 3705/7351/3709 3704/7350/3708
f 3706/7352/3710 3703/7349/3707 3704/7350/3708
f 3705/7351/3709 3707/7353/3711 3704/7350/3708
f 3708/7354/3712 3706/7352/3710 3704/7350/3708
f 3707/7353/3711 3708/7354/3712 3704/7350/3708
f 3711/7321/3713 3710/7322/3714 3709/7323/3715
f 3712/7324/3716 3710/7322/3714 3711/7321/3713
f 3709/7323/3715 3713/7325/3717 3711/7321/3713
f 3711/7321/3713 3714/7326/3718 3712/7324/3716
f 3711/7321/3713 3713/7325/3717 3715/7327/3719
f 3716/7328/3720 3714/7326/3718 3711/7321/3713
f 3711/7321/3713 3715/7327/3719 3716/7328/3720
f 3717/7329/3721 3714/7326/3718 3716/7328/3720
f 3716/7328/3720 3715/7327/3719 3718/7330/3722
f 3715/7327/3719 3719/7331/3723 3718/7330/3722
f 3718/7330/3722 3719/7331/3723 3720/7332/3724
f 3720/7332/3724 3721/7333/3725 3718/7330/3722
f 3718/7330/3722 3721/7333/3725 3722/7334/3726
f 3722/7334/3726 3723/7335/3727 3718/7330/3722
f 3718/7330/3722 3723/7335/3727 3716/7328/3720
f 3724/7336/3728 3716/7328/3720 3723/7335/3727
f 3716/7328/3720 3724/7336/3728 3717/7329/3721
f 3723/7335/3727 3725/7337/3729 3724/7336/3728
f 3726/7338/3730 3717/7329/3721 3724/7336/3728
f 3724/7336/3728 3725/7337/3729 3727/7339/3731
f 3728/7340/3732 3726/7338/3730 3724/7336/3728
f 3727/7339/3731 3729/7341/3733 3724/7336/3728
f 3730/7342/3734 3728/7340/3732 3724/7336/3728
f 3731/7343/3735 3724/7336/3728 3729/7341/3733
f 3724/7336/3728 3731/7343/3735 3730/7342/3734
f 3729/7341/3733 3732/7344/3736 3731/7343/3735
f 3733/7345/3737 3730/7342/3734 3731/7343/3735
f 3731/7343/3735 3732/7344/3736 3734/7346/3738
f 3735/7347/3739 3733/7345/3737 3731/7343/3735
f 3734/7346/3738 3736/7348/3740 3731/7343/3735
f 3737/7349/3741 3735/7347/3739 3731/7343/3735
f 3738/7350/3742 3731/7343/3735 3736/7348/3740
f 3731/7343/3735 3738/7350/3742 3737/7349/3741
f 3736/7348/3740 3739/7351/3743 3738/7350/3742
f 3740/7352/3744 3737/7349/3741 3738/7350/3742
f 3739/7351/3743 3741/7353/3745 3738/7350/3742
f 3742/7354/3746 3740/7352/3744 3738/7350/3742
f 3741/7353/3745 3742/7354/3746 3738/7350/3742
f 3745/7321/3747 3744/7322/3748 3743/7323/3749
f 3746/7324/3750 3744/7322/3748 3745/7321/3747
f 3743/7323/3749 3747/7325/3751 3745/7321/3747
f 3745/7321/3747 3748/7326/3752 3746/7324/3750
f 3745/7321/3747 3747/7325/3751 3749/7327/3753
f 3750/7328/3754 3748/7326/3752 3745/7321/3747
f 3745/7321/3747 3749/7327/3753 3750/7328/3754
f 3751/7329/3755 3748/7326/3752 3750/7328/3754
f 3750/7328/3754 3749/7327/3753 3752/7330/3756
f 3749/7327/3753 3753/7331/3757 3752/7330/3756
f 3752/7330/3756 3753/7331/3757 3754/7332/3758
f 3754/7332/3758 3755/7333/3759 3752/7330/3756
f 3752/7330/3756 3755/7333/3759 3756/7334/3760
f 3756/7334/3760 3757/7335/3761 3752/7330/3756
f 3752/7330/3756 3757/7335/3761 3750/7328/3754
f 3758/7336/3762 3750/7328/3754 3757/7335/3761
f 3750/7328/3754 3758/7336/3762 3751/7329/3755
f 3757/7335/3761 3759/7337/3763 3758/7336/3762
f 3760/7338/3764 3751/7329/3755 3758/7336/3762
f 3758/7336/3762 3759/7337/3763 3761/7339/3765
f 3762/7340/3766 3760/7338/3764 3758/7336/3762
f 3761/7339/3765 3763/7341/3767 3758/7336/3762
f 3764/7342/3768 3762/7340/3766 3758/7336/3762
f 3765/7343/3769 3758/7336/3762 3763/7341/3767
f 3758/7336/3762 3765/7343/3769 3764/7342/3768
f 3763/7341/3767 3766/7344/3770 3765/7343/3769
f 3767/7345/3771 3764/7342/3768 3765/7343/3769
f 3765/7343/3769 3766/7344/3770 3768/7346/3772
f 3769/7347/3773 3767/7345/3771 3765/7343/3769
f 3768/7346/3772 3770/7348/3774 3765/7343/3769
f 3771/7349/3775 3769/7347/3773 3765/7343/3769
f 3772/7350/3776 3765/7343/3769 3770/7348/3774
f 3765/7343/3769 3772/7350/3776 3771/7349/3775
f 3770/7348/3774 3773/7351/3777 3772/7350/3776
f 3774/7352/3778 3771/7349/3775 3772/7350/3776
f 3773/7351/3777 3775/7353/3779 3772/7350/3776
f 3776/7354/3780 3774/7352/3778 3772/7350/3776
f 3775/7353/3779 3776/7354/3780 3772/7350/3776
f 3777/7355/3781 3611/7356/3782 3607/7357/3783
f 3613/7358/3784 3611/7356/3782 3777/7355/3781
f 3607/7357/3783 3778/7359/3785 3777/7355/3781
f 3778/7359/3785 3607/7357/3783 3608/7360/3786
f 3778/7359/3785 3779/7361/3787 3777/7355/3781
f 3608/7360/3786 3779/7361/3787 3778/7359/3785
f 3777/7355/3781 3780/7362/3788 3613/7358/3784
f 3780/7362/3788 3777/7355/3781 3779/7361/3787
f 3781/7363/3789 3779/7361/3787 3608/7360/3786
f 3779/7361/3787 3781/7363/3789 3780/7362/3788
f 3608/7360/3786 3610/7364/3790 3781/7363/3789
f 3782/7365/3791 3781/7363/3789 3610/7364/3790
f 3780/7362/3788 3781/7363/3789 3782/7365/3791
f 3610/7364/3790 3612/7366/3792 3782/7365/3791
f 3783/7367/3793 3782/7365/3791 3612/7366/3792
f 3612/7366/3792 3615/7368/3794 3783/7367/3793
f 3784/7369/3795 3782/7365/3791 3783/7367/3793
f 3782/7365/3791 3784/7369/3795 3780/7362/3788
f 3785/7370/3796 3783/7367/3793 3615/7368/3794
f 3784/7369/3795 3783/7367/3793 3785/7370/3796
f 3615/7368/3794 3624/7371/3797 3785/7370/3796
f 3786/7372/3798 3785/7370/3796 3624/7371/3797
f 3624/7371/3797 3626/7373/3799 3786/7372/3798
f 3786/7372/3798 3787/7374/3800 3785/7370/3796
f 3785/7370/3796 3787/7374/3800 3784/7369/3795
f 3788/7375/3801 3786/7372/3798 3626/7373/3799
f 3787/7374/3800 3786/7372/3798 3788/7375/3801
f 3626/7373/3799 3628/7376/3802 3788/7375/3801
f 3789/7377/3803 3788/7375/3801 3628/7376/3802
f 3628/7376/3802 3631/7378/3804 3789/7377/3803
f 3788/7375/3801 3789/7377/3803 3790/7379/3805
f 3788/7375/3801 3790/7379/3805 3787/7374/3800
f 3791/7380/3806 3789/7377/3803 3631/7378/3804
f 3789/7377/3803 3791/7380/3806 3790/7379/3805
f 3631/7378/3804 3633/7381/3807 3791/7380/3806
f 3792/7382/3808 3791/7380/3806 3633/7381/3807
f 3633/7381/3807 3635/7383/3809 3792/7382/3808
f 3791/7380/3806 3792/7382/3808 3793/7384/3810
f 3793/7384/3810 3790/7379/3805 3791/7380/3806
f 3794/7385/3811 3792/7382/3808 3635/7383/3809
f 3793/7384/3810 3792/7382/3808 3794/7385/3811
f 3635/7383/3809 3638/7386/3812 3794/7385/3811
f 3795/7387/3813 3794/7385/3811 3638/7386/3812
f 3794/7385/3811 3795/7387/3813 3793/7384/3810
f 3638/7386/3812 3640/7388/3814 3795/7387/3813
f 3796/7389/3815 3795/7387/3813 3640/7388/3814
f 3796/7389/3815 3793/7384/3810 3795/7387/3813
f 3640/7388/3814 3639/7390/3816 3796/7389/3815
f 3796/7389/3815 3797/7391/3817 3793/7384/3810
f 3797/7391/3817 3796/7389/3815 3639/7390/3816
f 3790/7379/3805 3793/7384/3810 3797/7391/3817
f 3639/7390/3816 3637/7392/3818 3797/7391/3817
f 3798/7393/3819 3797/7391/3817 3637/7392/3818
f 3797/7391/3817 3798/7393/3819 3790/7379/3805
f 3637/7392/3818 3634/7394/3820 3798/7393/3819
f 3799/7395/3821 3798/7393/3819 3634/7394/3820
f 3790/7379/3805 3798/7393/3819 3799/7395/3821
f 3634/7394/3820 3632/7396/3822 3799/7395/3821
f 3800/7397/3823 3799/7395/3821 3632/7396/3822
f 3790/7379/3805 3799/7395/3821 3800/7397/3823
f 3632/7396/3822 3630/7398/3824 3800/7397/3823
f 3790/7379/3805 3800/7397/3823 3801/7399/3825
f 3801/7399/3825 3800/7397/3823 3630/7398/3824
f 3801/7399/3825 3787/7374/3800 3790/7379/3805
f 3630/7398/3824 3627/7400/3826 3801/7399/3825
f 3787/7374/3800 3801/7399/3825 3802/7401/3827
f 3802/7401/3827 3801/7399/3825 3627/7400/3826
f 3784/7369/3795 3787/7374/3800 3802/7401/3827
f 3627/7400/3826 3625/7402/3828 3802/7401/3827
f 3803/7403/3829 3802/7401/3827 3625/7402/3828
f 3802/7401/3827 3803/7403/3829 3784/7369/3795
f 3625/7402/3828 3623/7404/3830 3803/7403/3829
f 3784/7369/3795 3803/7403/3829 3804/7405/3831
f 3804/7405/3831 3803/7403/3829 3623/7404/3830
f 3780/7362/3788 3784/7369/3795 3804/7405/3831
f 3623/7404/3830 3621/7406/3832 3804/7405/3831
f 3805/7407/3833 3804/7405/3831 3621/7406/3832
f 3804/7405/3831 3805/7407/3833 3780/7362/3788
f 3621/7406/3832 3620/7408/3834 3805/7407/3833
f 3806/7409/3835 3780/7362/3788 3805/7407/3833
f 3613/7358/3784 3780/7362/3788 3806/7409/3835
f 3806/7409/3835 3617/7410/3836 3613/7358/3784
f 3807/7411/3837 3805/7407/3833 3620/7408/3834
f 3805/7407/3833 3807/7411/3837 3806/7409/3835
f 3620/7408/3834 3619/7412/3838 3807/7411/3837
f 3807/7411/3837 3619/7412/3838 3618/7413/3839
f 3617/7410/3836 3806/7409/3835 3808/7414/3840
f 3808/7414/3840 3618/7413/3839 3617/7410/3836
f 3808/7414/3840 3806/7409/3835 3807/7411/3837
f 3618/7413/3839 3808/7414/3840 3807/7411/3837
f 3809/7415/3841 3645/7416/3842 3641/7417/3843
f 3647/7418/3844 3645/7416/3842 3809/7415/3841
f 3641/7417/3843 3810/7419/3845 3809/7415/3841
f 3810/7419/3845 3641/7417/3843 3642/7420/3846
f 3810/7419/3845 3811/7421/3847 3809/7415/3841
f 3642/7420/3846 3811/7421/3847 3810/7419/3845
f 3809/7415/3841 3812/7422/3848 3647/7418/3844
f 3812/7422/3848 3809/7415/3841 3811/7421/3847
f 3813/7423/3849 3811/7421/3847 3642/7420/3846
f 3811/7421/3847 3813/7423/3849 3812/7422/3848
f 3642/7420/3846 3644/7424/3850 3813/7423/3849
f 3814/7425/3851 3813/7423/3849 3644/7424/3850
f 3812/7422/3848 3813/7423/3849 3814/7425/3851
f 3644/7424/3850 3646/7426/3852 3814/7425/3851
f 3815/7427/3853 3814/7425/3851 3646/7426/3852
f 3646/7426/3852 3649/7428/3854 3815/7427/3853
f 3816/7429/3855 3814/7425/3851 3815/7427/3853
f 3814/7425/3851 3816/7429/3855 3812/7422/3848
f 3817/7430/3856 3815/7427/3853 3649/7428/3854
f 3816/7429/3855 3815/7427/3853 3817/7430/3856
f 3649/7428/3854 3658/7431/3857 3817/7430/3856
f 3818/7432/3858 3817/7430/3856 3658/7431/3857
f 3658/7431/3857 3660/7433/3859 3818/7432/3858
f 3818/7432/3858 3819/7434/3860 3817/7430/3856
f 3817/7430/3856 3819/7434/3860 3816/7429/3855
f 3820/7435/3861 3818/7432/3858 3660/7433/3859
f 3819/7434/3860 3818/7432/3858 3820/7435/3861
f 3660/7433/3859 3662/7436/3862 3820/7435/3861
f 3821/7437/3863 3820/7435/3861 3662/7436/3862
f 3662/7436/3862 3665/7438/3864 3821/7437/3863
f 3820/7435/3861 3821/7437/3863 3822/7439/3865
f 3820/7435/3861 3822/7439/3865 3819/7434/3860
f 3823/7440/3866 3821/7437/3863 3665/7438/3864
f 3821/7437/3863 3823/7440/3866 3822/7439/3865
f 3665/7438/3864 3667/7441/3867 3823/7440/3866
f 3824/7442/3868 3823/7440/3866 3667/7441/3867
f 3667/7441/3867 3669/7443/3869 3824/7442/3868
f 3823/7440/3866 3824/7442/3868 3825/7444/3870
f 3825/7444/3870 3822/7439/3865 3823/7440/3866
f 3826/7445/3871 3824/7442/3868 3669/7443/3869
f 3825/7444/3870 3824/7442/3868 3826/7445/3871
f 3669/7443/3869 3672/7446/3872 3826/7445/3871
f 3827/7447/3873 3826/7445/3871 3672/7446/3872
f 3826/7445/3871 3827/7447/3873 3825/7444/3870
f 3672/7446/3872 3674/7448/3874 3827/7447/3873
f 3828/7449/3875 3827/7447/3873 3674/7448/3874
f 3828/7449/3875 3825/7444/3870 3827/7447/3873
f 3674/7448/3874 3673/7450/3876 3828/7449/3875
f 3828/7449/3875 3829/7451/3877 3825/7444/3870
f 3829/7451/3877 3828/7449/3875 3673/7450/3876
f 3822/7439/3865 3825/7444/3870 3829/7451/3877
f 3673/7450/3876 3671/7452/3878 3829/7451/3877
f 3830/7453/3879 3829/7451/3877 3671/7452/3878
f 3829/7451/3877 3830/7453/3879 3822/7439/3865
f 3671/7452/3878 3668/7454/3880 3830/7453/3879
f 3831/7455/3881 3830/7453/3879 3668/7454/3880
f 3822/7439/3865 3830/7453/3879 3831/7455/3881
f 3668/7454/3880 3666/7456/3882 3831/7455/3881
f 3832/7457/3883 3831/7455/3881 3666/7456/3882
f 3822/7439/3865 3831/7455/3881 3832/7457/3883
f 3666/7456/3882 3664/7458/3884 3832/7457/3883
f 3822/7439/3865 3832/7457/3883 3833/7459/3885
f 3833/7459/3885 3832/7457/3883 3664/7458/3884
f 3833/7459/3885 3819/7434/3860 3822/7439/3865
f 3664/7458/3884 3661/7460/3886 3833/7459/3885
f 3819/7434/3860 3833/7459/3885 3834/7461/3887
f 3834/7461/3887 3833/7459/3885 3661/7460/3886
f 3816/7429/3855 3819/7434/3860 3834/7461/3887
f 3661/7460/3886 3659/7462/3888 3834/7461/3887
f 3835/7463/3889 3834/7461/3887 3659/7462/3888
f 3834/7461/3887 3835/7463/3889 3816/7429/3855
f 3659/7462/3888 3657/7464/3890 3835/7463/3889
f 3816/7429/3855 3835/7463/3889 3836/7465/3891
f 3836/7465/3891 3835/7463/3889 3657/7464/3890
f 3812/7422/3848 3816/7429/3855 3836/7465/3891
f 3657/7464/3890 3655/7466/3892 3836/7465/3891
f 3837/7467/3893 3836/7465/3891 3655/7466/3892
f 3836/7465/3891 3837/7467/3893 3812/7422/3848
f 3655/7466/3892 3654/7468/3894 3837/7467/3893
f 3838/7469/3895 3812/7422/3848 3837/7467/3893
f 3647/7418/3844 3812/7422/3848 3838/7469/3895
f 3838/7469/3895 3651/7470/3896 3647/7418/3844
f 3839/7471/3897 3837/7467/3893 3654/7468/3894
f 3837/7467/3893 3839/7471/3897 3838/7469/3895
f 3654/7468/3894 3653/7472/3898 3839/7471/3897
f 3839/7471/3897 3653/7472/3898 3652/7473/3899
f 3651/7470/3896 3838/7469/3895 3840/7474/3900
f 3840/7474/3900 3652/7473/3899 3651/7470/3896
f 3840/7474/3900 3838/7469/3895 3839/7471/3897
f 3652/7473/3899 3840/7474/3900 3839/7471/3897
f 3841/7475/3901 3679/7476/3902 3675/7477/3903
f 3681/7478/3904 3679/7476/3902 3841/7475/3901
f 3675/7477/3903 3842/7479/3905 3841/7475/3901
f 3842/7479/3905 3675/7477/3903 3676/7480/3906
f 3842/7479/3905 3843/7481/3907 3841/7475/3901
f 3676/7480/3906 3843/7481/3907 3842/7479/3905
f 3841/7475/3901 3844/7482/3908 3681/7478/3904
f 3844/7482/3908 3841/7475/3901 3843/7481/3907
f 3845/7483/3909 3843/7481/3907 3676/7480/3906
f 3843/7481/3907 3845/7483/3909 3844/7482/3908
f 3676/7480/3906 3678/7484/3910 3845/7483/3909
f 3846/7485/3911 3845/7483/3909 3678/7484/3910
f 3844/7482/3908 3845/7483/3909 3846/7485/3911
f 3678/7484/3910 3680/7486/3912 3846/7485/3911
f 3847/7487/3913 3846/7485/3911 3680/7486/3912
f 3680/7486/3912 3683/7488/3914 3847/7487/3913
f 3848/7489/3915 3846/7485/3911 3847/7487/3913
f 3846/7485/3911 3848/7489/3915 3844/7482/3908
f 3849/7490/3916 3847/7487/3913 3683/7488/3914
f 3848/7489/3915 3847/7487/3913 3849/7490/3916
f 3683/7488/3914 3692/7491/3917 3849/7490/3916
f 3850/7492/3918 3849/7490/3916 3692/7491/3917
f 3692/7491/3917 3694/7493/3919 3850/7492/3918
f 3850/7492/3918 3851/7494/3920 3849/7490/3916
f 3849/7490/3916 3851/7494/3920 3848/7489/3915
f 3852/7495/3921 3850/7492/3918 3694/7493/3919
f 3851/7494/3920 3850/7492/3918 3852/7495/3921
f 3694/7493/3919 3696/7496/3922 3852/7495/3921
f 3853/7497/3923 3852/7495/3921 3696/7496/3922
f 3696/7496/3922 3699/7498/3924 3853/7497/3923
f 3852/7495/3921 3853/7497/3923 3854/7499/3925
f 3852/7495/3921 3854/7499/3925 3851/7494/3920
f 3855/7500/3926 3853/7497/3923 3699/7498/3924
f 3853/7497/3923 3855/7500/3926 3854/7499/3925
f 3699/7498/3924 3701/7501/3927 3855/7500/3926
f 3856/7502/3928 3855/7500/3926 3701/7501/3927
f 3701/7501/3927 3703/7503/3929 3856/7502/3928
f 3855/7500/3926 3856/7502/3928 3857/7504/3930
f 3857/7504/3930 3854/7499/3925 3855/7500/3926
f 3858/7505/3931 3856/7502/3928 3703/7503/3929
f 3857/7504/3930 3856/7502/3928 3858/7505/3931
f 3703/7503/3929 3706/7506/3932 3858/7505/3931
f 3859/7507/3933 3858/7505/3931 3706/7506/3932
f 3858/7505/3931 3859/7507/3933 3857/7504/3930
f 3706/7506/3932 3708/7508/3934 3859/7507/3933
f 3860/7509/3935 3859/7507/3933 3708/7508/3934
f 3860/7509/3935 3857/7504/3930 3859/7507/3933
f 3708/7508/3934 3707/7510/3936 3860/7509/3935
f 3860/7509/3935 3861/7511/3937 3857/7504/3930
f 3861/7511/3937 3860/7509/3935 3707/7510/3936
f 3854/7499/3925 3857/7504/3930 3861/7511/3937
f 3707/7510/3936 3705/7512/3938 3861/7511/3937
f 3862/7513/3939 3861/7511/3937 3705/7512/3938
f 3861/7511/3937 3862/7513/3939 3854/7499/3925
f 3705/7512/3938 3702/7514/3940 3862/7513/3939
f 3863/7515/3941 3862/7513/3939 3702/7514/3940
f 3854/7499/3925 3862/7513/3939 3863/7515/3941
f 3702/7514/3940 3700/7516/3942 3863/7515/3941
f 3864/7517/3943 3863/7515/3941 3700/7516/3942
f 3854/7499/3925 3863/7515/3941 3864/7517/3943
f 3700/7516/3942 3698/7518/3944 3864/7517/3943
f 3854/7499/3925 3864/7517/3943 3865/7519/3945
f 3865/7519/3945 3864/7517/3943 3698/7518/3944
f 3865/7519/3945 3851/7494/3920 3854/7499/3925
f 3698/7518/3944 3695/7520/3946 3865/7519/3945
f 3851/7494/3920 3865/7519/3945 3866/7521/3947
f 3866/7521/3947 3865/7519/3945 3695/7520/3946
f 3848/7489/3915 3851/7494/3920 3866/7521/3947
f 3695/7520/3946 3693/7522/3948 3866/7521/3947
f 3867/7523/3949 3866/7521/3947 3693/7522/3948
f 3866/7521/3947 3867/7523/3949 3848/7489/3915
f 3693/7522/3948 3691/7524/3950 3867/7523/3949
f 3848/7489/3915 3867/7523/3949 3868/7525/3951
f 3868/7525/3951 3867/7523/3949 3691/7524/3950
f 3844/7482/3908 3848/7489/3915 3868/7525/3951
f 3691/7524/3950 3689/7526/3952 3868/7525/3951
f 3869/7527/3953 3868/7525/3951 3689/7526/3952
f 3868/7525/3951 3869/7527/3953 3844/7482/3908
f 3689/7526/3952 3688/7528/3954 3869/7527/3953
f 3870/7529/3955 3844/7482/3908 3869/7527/3953
f 3681/7478/3904 3844/7482/3908 3870/7529/3955
f 3870/7529/3955 3685/7530/3956 3681/7478/3904
f 3871/7531/3957 3869/7527/3953 3688/7528/3954
f 3869/7527/3953 3871/7531/3957 3870/7529/3955
f 3688/7528/3954 3687/7532/3958 3871/7531/3957
f 3871/7531/3957 3687/7532/3958 3686/7533/3959
f 3685/7530/3956 3870/7529/3955 3872/7534/3960
f 3872/7534/3960 3686/7533/3959 3685/7530/3956
f 3872/7534/3960 3870/7529/3955 3871/7531/3957
f 3686/7533/3959 3872/7534/3960 3871/7531/3957
f 3873/7535/3961 3713/7536/3962 3709/7537/3963
f 3715/7538/3964 3713/7536/3962 3873/7535/3961
f 3709/7537/3963 3874/7539/3965 3873/7535/3961
f 3874/7539/3965 3709/7537/3963 3710/7540/3966
f 3874/7539/3965 3875/7541/3967 3873/7535/3961
f 3710/7540/3966 3875/7541/3967 3874/7539/3965
f 3873/7535/3961 3876/7542/3968 3715/7538/3964
f 3876/7542/3968 3873/7535/3961 3875/7541/3967
f 3877/7543/3969 3875/7541/3967 3710/7540/3966
f 3875/7541/3967 3877/7543/3969 3876/7542/3968
f 3710/7540/3966 3712/7544/3970 3877/7543/3969
f 3878/7545/3971 3877/7543/3969 3712/7544/3970
f 3876/7542/3968 3877/7543/3969 3878/7545/3971
f 3712/7544/3970 3714/7546/3972 3878/7545/3971
f 3879/7547/3973 3878/7545/3971 3714/7546/3972
f 3714/7546/3972 3717/7548/3974 3879/7547/3973
f 3880/7549/3975 3878/7545/3971 3879/7547/3973
f 3878/7545/3971 3880/7549/3975 3876/7542/3968
f 3881/7550/3976 3879/7547/3973 3717/7548/3974
f 3880/7549/3975 3879/7547/3973 3881/7550/3976
f 3717/7548/3974 3726/7551/3977 3881/7550/3976
f 3882/7552/3978 3881/7550/3976 3726/7551/3977
f 3726/7551/3977 3728/7553/3979 3882/7552/3978
f 3882/7552/3978 3883/7554/3980 3881/7550/3976
f 3881/7550/3976 3883/7554/3980 3880/7549/3975
f 3884/7555/3981 3882/7552/3978 3728/7553/3979
f 3883/7554/3980 3882/7552/3978 3884/7555/3981
f 3728/7553/3979 3730/7556/3982 3884/7555/3981
f 3885/7557/3983 3884/7555/3981 3730/7556/3982
f 3730/7556/3982 3733/7558/3984 3885/7557/3983
f 3884/7555/3981 3885/7557/3983 3886/7559/3985
f 3884/7555/3981 3886/7559/3985 3883/7554/3980
f 3887/7560/3986 3885/7557/3983 3733/7558/3984
f 3885/7557/3983 3887/7560/3986 3886/7559/3985
f 3733/7558/3984 3735/7561/3987 3887/7560/3986
f 3888/7562/3988 3887/7560/3986 3735/7561/3987
f 3735/7561/3987 3737/7563/3989 3888/7562/3988
f 3887/7560/3986 3888/7562/3988 3889/7564/3990
f 3889/7564/3990 3886/7559/3985 3887/7560/3986
f 3890/7565/3991 3888/7562/3988 3737/7563/3989
f 3889/7564/3990 3888/7562/3988 3890/7565/3991
f 3737/7563/3989 3740/7566/3992 3890/7565/3991
f 3891/7567/3993 3890/7565/3991 3740/7566/3992
f 3890/7565/3991 3891/7567/3993 3889/7564/3990
f 3740/7566/3992 3742/7568/3994 3891/7567/3993
f 3892/7569/3995 3891/7567/3993 3742/7568/3994
f 3892/7569/3995 3889/7564/3990 3891/7567/3993
f 3742/7568/3994 3741/7570/3996 3892/7569/3995
f 3892/7569/3995 3893/7571/3997 3889/7564/3990
f 3893/7571/3997 3892/7569/3995 3741/7570/3996
f 3886/7559/3985 3889/7564/3990 3893/7571/3997
f 3741/7570/3996 3739/7572/3998 3893/7571/3997
f 3894/7573/3999 3893/7571/3997 3739/7572/3998
f 3893/7571/3997 3894/7573/3999 3886/7559/3985
f 3739/7572/3998 3736/7574/4000 3894/7573/3999
f 3895/7575/4001 3894/7573/3999 3736/7574/4000
f 3886/7559/3985 3894/7573/3999 3895/7575/4001
f 3736/7574/4000 3734/7576/4002 3895/7575/4001
f 3896/7577/4003 3895/7575/4001 3734/7576/4002
f 3886/7559/3985 3895/7575/4001 3896/7577/4003
f 3734/7576/4002 3732/7578/4004 3896/7577/4003
f 3886/7559/3985 3896/7577/4003 3897/7579/4005
f 3897/7579/4005 3896/7577/4003 3732/7578/4004
f 3897/7579/4005 3883/7554/3980 3886/7559/3985
f 3732/7578/4004 3729/7580/4006 3897/7579/4005
f 3883/7554/3980 3897/7579/4005 3898/7581/4007
f 3898/7581/4007 3897/7579/4005 3729/7580/4006
f 3880/7549/3975 3883/7554/3980 3898/7581/4007
f 3729/7580/4006 3727/7582/4008 3898/7581/4007
f 3899/7583/4009 3898/7581/4007 3727/7582/4008
f 3898/7581/4007 3899/7583/4009 3880/7549/3975
f 3727/7582/4008 3725/7584/4010 3899/7583/4009
f 3880/7549/3975 3899/7583/4009 3900/7585/4011
f 3900/7585/4011 3899/7583/4009 3725/7584/4010
f 3876/7542/3968 3880/7549/3975 3900/7585/4011
f 3725/7584/4010 3723/7586/4012 3900/7585/4011
f 3901/7587/4013 3900/7585/4011 3723/7586/4012
f 3900/7585/4011 3901/7587/4013 3876/7542/3968
f 3723/7586/4012 3722/7588/4014 3901/7587/4013
f 3902/7589/4015 3876/7542/3968 3901/7587/4013
f 3715/7538/3964 3876/7542/3968 3902/7589/4015
f 3902/7589/4015 3719/7590/4016 3715/7538/3964
f 3903/7591/4017 3901/7587/4013 3722/7588/4014
f 3901/7587/4013 3903/7591/4017 3902/7589/4015
f 3722/7588/4014 3721/7592/4018 3903/7591/4017
f 3903/7591/4017 3721/7592/4018 3720/7593/4019
f 3719/7590/4016 3902/7589/4015 3904/7594/4020
f 3904/7594/4020 3720/7593/4019 3719/7590/4016
f 3904/7594/4020 3902/7589/4015 3903/7591/4017
f 3720/7593/4019 3904/7594/4020 3903/7591/4017
f 3905/7595/4021 3747/7596/4022 3743/7597/4023
f 3749/7598/4024 3747/7596/4022 3905/7595/4021
f 3743/7597/4023 3906/7599/4025 3905/7595/4021
f 3906/7599/4025 3743/7597/4023 3744/7600/4026
f 3906/7599/4025 3907/7601/4027 3905/7595/4021
f 3744/7600/4026 3907/7601/4027 3906/7599/4025
f 3905/7595/4021 3908/7602/4028 3749/7598/4024
f 3908/7602/4028 3905/7595/4021 3907/7601/4027
f 3909/7603/4029 3907/7601/4027 3744/7600/4026
f 3907/7601/4027 3909/7603/4029 3908/7602/4028
f 3744/7600/4026 3746/7604/4030 3909/7603/4029
f 3910/7605/4031 3909/7603/4029 3746/7604/4030
f 3908/7602/4028 3909/7603/4029 3910/7605/4031
f 3746/7604/4030 3748/7606/4032 3910/7605/4031
f 3911/7607/4033 3910/7605/4031 3748/7606/4032
f 3748/7606/4032 3751/7608/4034 3911/7607/4033
f 3912/7609/4035 3910/7605/4031 3911/7607/4033
f 3910/7605/4031 3912/7609/4035 3908/7602/4028
f 3913/7610/4036 3911/7607/4033 3751/7608/4034
f 3912/7609/4035 3911/7607/4033 3913/7610/4036
f 3751/7608/4034 3760/7611/4037 3913/7610/4036
f 3914/7612/4038 3913/7610/4036 3760/7611/4037
f 3760/7611/4037 3762/7613/4039 3914/7612/4038
f 3914/7612/4038 3915/7614/4040 3913/7610/4036
f 3913/7610/4036 3915/7614/4040 3912/7609/4035
f 3916/7615/4041 3914/7612/4038 3762/7613/4039
f 3915/7614/4040 3914/7612/4038 3916/7615/4041
f 3762/7613/4039 3764/7616/4042 3916/7615/4041
f 3917/7617/4043 3916/7615/4041 3764/7616/4042
f 3764/7616/4042 3767/7618/4044 3917/7617/4043
f 3916/7615/4041 3917/7617/4043 3918/7619/4045
f 3916/7615/4041 3918/7619/4045 3915/7614/4040
f 3919/7620/4046 3917/7617/4043 3767/7618/4044
f 3917/7617/4043 3919/7620/4046 3918/7619/4045
f 3767/7618/4044 3769/7621/4047 3919/7620/4046
f 3920/7622/4048 3919/7620/4046 3769/7621/4047
f 3769/7621/4047 3771/7623/4049 3920/7622/4048
f 3919/7620/4046 3920/7622/4048 3921/7624/4050
f 3921/7624/4050 3918/7619/4045 3919/7620/4046
f 3922/7625/4051 3920/7622/4048 3771/7623/4049
f 3921/7624/4050 3920/7622/4048 3922/7625/4051
f 3771/7623/4049 3774/7626/4052 3922/7625/4051
f 3923/7627/4053 3922/7625/4051 3774/7626/4052
f 3922/7625/4051 3923/7627/4053 3921/7624/4050
f 3774/7626/4052 3776/7628/4054 3923/7627/4053
f 3924/7629/4055 3923/7627/4053 3776/7628/4054
f 3924/7629/4055 3921/7624/4050 3923/7627/4053
f 3776/7628/4054 3775/7630/4056 3924/7629/4055
f 3924/7629/4055 3925/7631/4057 3921/7624/4050
f 3925/7631/4057 3924/7629/4055 3775/7630/4056
f 3918/7619/4045 3921/7624/4050 3925/7631/4057
f 3775/7630/4056 3773/7632/4058 3925/7631/4057
f 3926/7633/4059 3925/7631/4057 3773/7632/4058
f 3925/7631/4057 3926/7633/4059 3918/7619/4045
f 3773/7632/4058 3770/7634/4060 3926/7633/4059
f 3927/7635/4061 3926/7633/4059 3770/7634/4060
f 3918/7619/4045 3926/7633/4059 3927/7635/4061
f 3770/7634/4060 3768/7636/4062 3927/7635/4061
f 3928/7637/4063 3927/7635/4061 3768/7636/4062
f 3918/7619/4045 3927/7635/4061 3928/7637/4063
f 3768/7636/4062 3766/7638/4064 3928/7637/4063
f 3918/7619/4045 3928/7637/4063 3929/7639/4065
f 3929/7639/4065 3928/7637/4063 3766/7638/4064
f 3929/7639/4065 3915/7614/4040 3918/7619/4045
f 3766/7638/4064 3763/7640/4066 3929/7639/4065
f 3915/7614/4040 3929/7639/4065 3930/7641/4067
f 3930/7641/4067 3929/7639/4065 3763/7640/4066
f 3912/7609/4035 3915/7614/4040 3930/7641/4067
f 3763/7640/4066 3761/7642/4068 3930/7641/4067
f 3931/7643/4069 3930/7641/4067 3761/7642/4068
f 3930/7641/4067 3931/7643/4069 3912/7609/4035
f 3761/7642/4068 3759/7644/4070 3931/7643/4069
f 3912/7609/4035 3931/7643/4069 3932/7645/4071
f 3932/7645/4071 3931/7643/4069 3759/7644/4070
f 3908/7602/4028 3912/7609/4035 3932/7645/4071
f 3759/7644/4070 3757/7646/4072 3932/7645/4071
f 3933/7647/4073 3932/7645/4071 3757/7646/4072
f 3932/7645/4071 3933/7647/4073 3908/7602/4028
f 3757/7646/4072 3756/7648/4074 3933/7647/4073
f 3934/7649/4075 3908/7602/4028 3933/7647/4073
f 3749/7598/4024 3908/7602/4028 3934/7649/4075
f 3934/7649/4075 3753/7650/4076 3749/7598/4024
f 3935/7651/4077 3933/7647/4073 3756/7648/4074
f 3933/7647/4073 3935/7651/4077 3934/7649/4075
f 3756/7648/4074 3755/7652/4078 3935/7651/4077
f 3935/7651/4077 3755/7652/4078 3754/7653/4079
f 3753/7650/4076 3934/7649/4075 3936/7654/4080
f 3936/7654/4080 3754/7653/4079 3753/7650/4076
f 3936/7654/4080 3934/7649/4075 3935/7651/4077
f 3754/7653/4079 3936/7654/4080 3935/7651/4077
f 3939/7655/4081 3938/7656/4081 3937/7657/4082
f 3937/7657/4082 3940/7658/4082 3939/7655/4081
f 3940/7658/4082 3937/7657/4082 3941/7659/4083
f 3941/7659/4083 3942/7660/4083 3940/7658/4082
f 3942/7660/4083 3941/7659/4083 3943/7661/4084
f 3943/7661/4084 3944/7662/4084 3942/7660/4083
f 3944/7662/4084 3943/7661/4084 3945/7663/4085
f 3945/7663/4085 3946/7664/4085 3944/7662/4084
f 3946/7664/4085 3945/7663/4085 3947/7665/4086
f 3947/7665/4086 3948/7666/4086 3946/7664/4085
f 3948/7666/4086 3947/7665/4086 3949/7667/4087
f 3949/7667/4087 3950/7668/4087 3948/7666/4086
f 3950/7668/4087 3949/7667/4087 3951/7669/4088
f 3951/7669/4088 3952/7670/4088 3950/7668/4087
f 3952/7670/4088 3951/7669/4088 3953/7671/4089
f 3953/7671/4089 3954/7672/4089 3952/7670/4088
f 3954/7672/4089 3953/7671/4089 3955/7673/4090
f 3955/7673/4090 3956/7674/4091 3954/7672/4089
f 3956/7674/4091 3955/7673/4090 3957/7675/4092
f 3957/7675/4092 3958/7676/4092 3956/7674/4091
f 3958/7676/4092 3957/7675/4092 3959/7677/4093
f 3959/7677/4093 3960/7678/4093 3958/7676/4092
f 3960/7678/4093 3959/7677/4093 3961/7679/4094
f 3961/7679/4094 3962/7680/4094 3960/7678/4093
f 3962/7680/4094 3961/7679/4094 3963/7681/4095
f 3963/7681/4095 3964/7682/4095 3962/7680/4094
f 3964/7682/4095 3963/7681/4095 3965/7683/4096
f 3965/7683/4096 3966/7684/4096 3964/7682/4095
f 3966/7684/4096 3965/7683/4096 3967/7685/4097
f 3967/7685/4097 3968/7686/4097 3966/7684/4096
f 3968/7686/4097 3967/7685/4097 3938/7687/4081
f 3938/7687/4081 3939/7688/4081 3968/7686/4097
f 3969/7689/4098 3939/7655/4098 3940/7658/4099
f 3940/7658/4099 3970/7690/4099 3969/7689/4098
f 3970/7690/4099 3940/7658/4099 3942/7660/4100
f 3942/7660/4100 3971/7691/4100 3970/7690/4099
f 3971/7691/4100 3942/7660/4100 3944/7662/4101
f 3944/7662/4101 3972/7692/4101 3971/7691/4100
f 3972/7692/4101 3944/7662/4101 3946/7664/4102
f 3946/7664/4102 3973/7693/4102 3972/7692/4101
f 3973/7693/4102 3946/7664/4102 3948/7666/4103
f 3948/7666/4103 3974/7694/4103 3973/7693/4102
f 3974/7694/4103 3948/7666/4103 3950/7668/4104
f 3950/7668/4104 3975/7695/4104 3974/7694/4103
f 3975/7695/4104 3950/7668/4104 3952/7670/4105
f 3952/7670/4105 3976/7696/4105 3975/7695/4104
f 3976/7696/4105 3952/7670/4105 3954/7672/4106
f 3954/7672/4106 3977/7697/4106 3976/7696/4105
f 3977/7697/4106 3954/7672/4106 3956/7674/4107
f 3956/7674/4107 3978/7698/4107 3977/7697/4106
f 3978/7698/4107 3956/7674/4107 3958/7676/4108
f 3958/7676/4108 3979/7699/4108 3978/7698/4107
f 3979/7699/4108 3958/7676/4108 3960/7678/4109
f 3960/7678/4109 3980/7700/4109 3979/7699/4108
f 3980/7700/4109 3960/7678/4109 3962/7680/4110
f 3962/7680/4110 3981/7701/4110 3980/7700/4109
f 3981/7701/4110 3962/7680/4110 3964/7682/4111
f 3964/7682/4111 3982/7702/4111 3981/7701/4110
f 3982/7702/4111 3964/7682/4111 3966/7684/4112
f 3966/7684/4112 3983/7703/4112 3982/7702/4111
f 3983/7703/4112 3966/7684/4112 3968/7686/4113
f 3968/7686/4113 3984/7704/4113 3983/7703/4112
f 3984/7704/4113 3968/7686/4113 3939/7688/4098
f 3939/7688/4098 3969/7705/4098 3984/7704/4113
f 3969/7705/4114 3986/7706/4114 3985/7707/4115
f 3985/7707/4115 3984/7704/4115 3969/7705/4114
f 3984/7704/4115 3985/7707/4115 3987/7708/4116
f 3987/7708/4116 3983/7703/4116 3984/7704/4115
f 3983/7703/4116 3987/7708/4116 3988/7709/4117
f 3988/7709/4117 3982/7702/4117 3983/7703/4116
f 3982/7702/4117 3988/7709/4117 3989/7710/4118
f 3989/7710/4118 3981/7701/4118 3982/7702/4117
f 3981/7701/4118 3989/7710/4118 3990/7711/4119
f 3990/7711/4119 3980/7700/4119 3981/7701/4118
f 3980/7700/4119 3990/7711/4119 3991/7712/4120
f 3991/7712/4120 3979/7699/4120 3980/7700/4119
f 3979/7699/4120 3991/7712/4120 3992/7713/4121
f 3992/7713/4121 3978/7698/4121 3979/7699/4120
f 3978/7698/4121 3992/7713/4121 3993/7714/4122
f 3993/7714/4122 3977/7697/4122 3978/7698/4121
f 3977/7697/4122 3993/7714/4122 3994/7715/4123
f 3994/7715/4123 3976/7696/4123 3977/7697/4122
f 3976/7696/4123 3994/7715/4123 3995/7716/4124
f 3995/7716/4124 3975/7695/4124 3976/7696/4123
f 3975/7695/4124 3995/7716/4124 3996/7717/4125
f 3996/7717/4125 3974/7694/4125 3975/7695/4124
f 3974/7694/4125 3996/7717/4125 3997/7718/4126
f 3997/7718/4126 3973/7693/4126 3974/7694/4125
f 3973/7693/4126 3997/7718/4126 3998/7719/4127
f 3998/7719/4127 3972/7692/4127 3973/7693/4126
f 3972/7692/4127 3998/7719/4127 3999/7720/4128
f 3999/7720/4128 3971/7691/4128 3972/7692/4127
f 3971/7691/4128 3999/7720/4128 4000/7721/4129
f 4000/7721/4129 3970/7690/4129 3971/7691/4128
f 3970/7690/4129 4000/7721/4129 3986/7722/4114
f 3986/7722/4114 3969/7689/4114 3970/7690/4129
f 3997/7723/4130 3996/7724/4131 4001/7725/4132
f 3998/7726/4133 3997/7723/4130 4001/7725/4132
f 3996/7724/4131 4002/7727/4134 4001/7725/4132
f 3996/7724/4131 3995/7728/4135 4002/7727/4134
f 3995/7728/4135 3994/7729/4136 4002/7727/4134
f 3998/7726/4133 4001/7725/4132 4003/7730/4137
f 3999/7731/4138 3998/7726/4133 4003/7730/4137
f 4000/7732/4139 3999/7731/4138 4003/7730/4137
f 3994/7729/4136 4004/7733/4140 4002/7727/4134
f 3994/7729/4136 3993/7734/4141 4004/7733/4140
f 3993/7734/4141 3992/7735/4142 4004/7733/4140
f 4001/7725/4132 4002/7727/4134 4005/7736/4143
f 4002/7727/4134 4004/7733/4140 4005/7736/4143
f 4001/7725/4132 4005/7736/4143 4003/7730/4137
f 4006/7737/4144 4004/7733/4140 3992/7735/4142
f 4005/7736/4143 4004/7733/4140 4006/7737/4144
f 3991/7738/4145 4006/7737/4144 3992/7735/4142
f 3990/7739/4146 4006/7737/4144 3991/7738/4145
f 4007/7740/4147 4006/7737/4144 3990/7739/4146
f 4005/7736/4143 4006/7737/4144 4007/7740/4147
f 3989/7741/4148 4007/7740/4147 3990/7739/4146
f 3989/7741/4148 3988/7742/4149 4007/7740/4147
f 4008/7743/4150 4007/7740/4147 3988/7742/4149
f 4005/7736/4143 4007/7740/4147 4008/7743/4150
f 3987/7744/4151 4008/7743/4150 3988/7742/4149
f 3987/7744/4151 3985/7745/4152 4008/7743/4150
f 4009/7746/4153 4005/7736/4143 4008/7743/4150
f 3985/7745/4152 4009/7746/4153 4008/7743/4150
f 4003/7730/4137 4005/7736/4143 4009/7746/4153
f 4000/7732/4139 4003/7730/4137 4009/7746/4153
f 3985/7745/4152 3986/7747/4154 4009/7746/4153
f 3986/7747/4154 4000/7732/4139 4009/7746/4153
f 4010/7748/4155 3957/7749/4156 3955/7750/4157
f 3959/7751/4158 3957/7749/4156 4010/7748/4155
f 3955/7750/4157 4011/7752/4159 4010/7748/4155
f 4011/7752/4159 3955/7750/4157 3953/7753/4160
f 4010/7748/4155 4012/7754/4161 3959/7751/4158
f 3953/7753/4160 4013/7755/4162 4011/7752/4159
f 4013/7755/4162 3953/7753/4160 3951/7756/4163
f 4010/7748/4155 4011/7752/4159 4014/7757/4164
f 4012/7754/4161 4010/7748/4155 4014/7757/4164
f 3951/7756/4163 4015/7758/4165 4013/7755/4162
f 4015/7758/4165 3951/7756/4163 3949/7759/4166
f 4011/7752/4159 4013/7755/4162 4016/7760/4167
f 4013/7755/4162 4015/7758/4165 4016/7760/4167
f 4014/7757/4164 4011/7752/4159 4016/7760/4167
f 3949/7759/4166 4017/7761/4168 4015/7758/4165
f 4017/7761/4168 3949/7759/4166 3947/7762/4169
f 4015/7758/4165 4018/7763/4170 4016/7760/4167
f 4015/7758/4165 4017/7761/4168 4018/7763/4170
f 3947/7762/4169 4019/7764/4171 4017/7761/4168
f 4017/7761/4168 4019/7764/4171 4018/7763/4170
f 4019/7764/4171 3947/7762/4169 3945/7765/4172
f 4016/7760/4167 4018/7763/4170 4020/7766/4173
f 4018/7763/4170 4019/7764/4171 4020/7766/4173
f 3945/7765/4172 4021/7767/4174 4019/7764/4171
f 4019/7764/4171 4021/7767/4174 4020/7766/4173
f 4021/7767/4174 3945/7765/4172 3943/7768/4175
f 3943/7768/4175 4022/7769/4176 4021/7767/4174
f 4020/7766/4173 4021/7767/4174 4022/7769/4176
f 4022/7769/4176 3943/7768/4175 3941/7770/4177
f 4020/7766/4173 4023/7771/4178 4016/7760/4167
f 4014/7757/4164 4016/7760/4167 4023/7771/4178
f 3941/7770/4177 4024/7772/4179 4022/7769/4176
f 4024/7772/4179 3941/7770/4177 3937/7773/4180
f 4025/7774/4181 4020/7766/4173 4022/7769/4176
f 4025/7774/4181 4022/7769/4176 4024/7772/4179
f 4023/7771/4178 4020/7766/4173 4025/7774/4181
f 3937/7773/4180 4026/7775/4182 4024/7772/4179
f 4026/7775/4182 4025/7774/4181 4024/7772/4179
f 4026/7775/4182 3937/7773/4180 3938/7776/4183
f 4025/7774/4181 4027/7777/4184 4023/7771/4178
f 4027/7777/4184 4025/7774/4181 4026/7775/4182
f 3938/7776/4183 4028/7778/4185 4026/7775/4182
f 4028/7778/4185 4027/7777/4184 4026/7775/4182
f 4028/7778/4185 3938/7776/4183 3967/7779/4186
f 3967/7779/4186 4029/7780/4187 4028/7778/4185
f 4027/7777/4184 4028/7778/4185 4029/7780/4187
f 4029/7780/4187 3967/7779/4186 3965/7781/4188
f 4030/7782/4189 4023/7771/4178 4027/7777/4184
f 4023/7771/4178 4030/7782/4189 4014/7757/4164
f 4012/7754/4161 4014/7757/4164 4030/7782/4189
f 4031/7783/4190 4027/7777/4184 4029/7780/4187
f 4027/7777/4184 4031/7783/4190 4030/7782/4189
f 3965/7781/4188 4032/7784/4191 4029/7780/4187
f 4031/7783/4190 4029/7780/4187 4032/7784/4191
f 4032/7784/4191 3965/7781/4188 3963/7785/4192
f 4033/7786/4193 4031/7783/4190 4032/7784/4191
f 3963/7785/4192 4033/7786/4193 4032/7784/4191
f 4030/7782/4189 4031/7783/4190 4033/7786/4193
f 4033/7786/4193 3963/7785/4192 3961/7787/4194
f 4034/7788/4195 4030/7782/4189 4033/7786/4193
f 3961/7787/4194 4034/7788/4195 4033/7786/4193
f 4034/7788/4195 4012/7754/4161 4030/7782/4189
f 4034/7788/4195 3961/7787/4194 3959/7751/4158
f 3959/7751/4158 4012/7754/4161 4034/7788/4195
f 4037/7789/4196 4036/7790/4197 4035/7791/4198
f 4035/7791/4198 4038/7792/4199 4037/7789/4196
f 4038/7792/4199 4035/7791/4198 4039/7793/4200
f 4039/7793/4200 4040/7794/4201 4038/7792/4199
f 4037/7789/4196 4038/7792/4199 4041/7795/4202
f 4040/7796/4201 4041/7795/4202 4038/7792/4199
f 4041/7795/4202 4042/7797/4203 4037/7789/4196
f 4043/7798/4204 4041/7795/4202 4040/7799/4201
f 4042/7797/4203 4041/7795/4202 4043/7798/4204
f 4040/7799/4201 4044/7800/4205 4043/7798/4204
f 4043/7798/4204 4045/7801/4206 4042/7797/4203
f 4043/7798/4204 4044/7800/4205 4046/7802/4207
f 4045/7801/4206 4043/7798/4204 4047/7803/4208
f 4046/7802/4207 4047/7803/4208 4043/7798/4204
f 4047/7803/4208 4048/7804/4209 4045/7801/4206
f 4047/7803/4208 4046/7802/4207 4049/7805/4210
f 4048/7804/4209 4047/7803/4208 4050/7806/4211
f 4049/7805/4210 4050/7806/4211 4047/7803/4208
f 4050/7806/4211 4051/7807/4212 4048/7804/4209
f 4052/7808/4213 4050/7806/4211 4049/7805/4210
f 4051/7807/4212 4050/7806/4211 4052/7808/4213
f 4049/7805/4210 4053/7809/4214 4052/7808/4213
f 4052/7808/4213 4054/7810/4215 4051/7807/4212
f 4052/7808/4213 4053/7809/4214 4055/7811/4216
f 4056/7812/4217 4054/7810/4215 4052/7808/4213
f 4055/7811/4216 4057/7813/4218 4052/7808/4213
f 4052/7808/4213 4057/7813/4219 4056/7812/4217
f 4057/7813/4218 4055/7811/4216 4058/7814/4220
f 4056/7812/4217 4057/7813/4219 4059/7815/4221
f 4058/7814/4220 4059/7815/4222 4057/7813/4218
f 4059/7815/4221 4060/7816/4223 4056/7812/4217
f 4059/7815/4222 4058/7814/4220 4061/7817/4224
f 4060/7816/4223 4059/7815/4221 4062/7818/4225
f 4061/7817/4224 4062/7818/4226 4059/7815/4222
f 4062/7818/4225 4063/7819/4227 4060/7816/4223
f 4062/7818/4226 4061/7817/4224 4064/7820/4228
f 4063/7819/4227 4062/7818/4225 4065/7821/4229
f 4064/7820/4228 4065/7821/4230 4062/7818/4226
f 4065/7821/4229 4066/7822/4231 4063/7819/4227
f 4065/7821/4230 4064/7820/4228 4067/7823/4232
f 4066/7822/4231 4065/7821/4229 4068/7824/4233
f 4067/7823/4232 4068/7824/4234 4065/7821/4230
f 4068/7824/4233 4069/7825/4235 4066/7822/4231
f 4068/7824/4234 4067/7823/4232 4070/7826/4236
f 4069/7825/4235 4068/7824/4233 4071/7827/4237
f 4070/7826/4236 4071/7827/4238 4068/7824/4234
f 4071/7827/4237 4072/7828/4239 4069/7825/4235
f 4071/7827/4238 4070/7826/4236 4073/7829/4240
f 4072/7828/4239 4071/7827/4237 4074/7830/4241
f 4073/7829/4240 4074/7830/4242 4071/7827/4238
f 4074/7830/4241 4075/7831/4243 4072/7828/4239
f 4074/7830/4242 4073/7829/4240 4076/7832/4244
f 4075/7831/4243 4074/7830/4241 4077/7833/4245
f 4076/7832/4244 4077/7833/4246 4074/7830/4242
f 4077/7833/4245 4078/7834/4245 4075/7831/4243
f 4077/7833/4246 4076/7832/4244 4079/7835/4247
f 4078/7834/4245 4077/7833/4245 4080/7836/4248
f 4079/7835/4247 4080/7836/4247 4077/7833/4246
f 4080/7836/4248 4081/7837/4248 4078/7834/4245
f 4080/7836/4247 4079/7835/4247 4082/7838/4249
f 4081/7837/4248 4080/7836/4248 4083/7839/4250
f 4082/7838/4249 4083/7839/4251 4080/7836/4247
f 4083/7839/4250 4084/7840/4252 4081/7837/4248
f 4083/7839/4251 4082/7838/4249 4085/7841/4253
f 4084/7840/4252 4083/7839/4250 4086/7842/4254
f 4085/7841/4253 4086/7842/4253 4083/7839/4251
f 4086/7842/4254 4087/7843/4255 4084/7840/4252
f 4086/7842/4253 4085/7841/4253 4088/7844/4256
f 4087/7843/4255 4086/7842/4254 4089/7845/4257
f 4088/7844/4256 4089/7845/4258 4086/7842/4253
f 4089/7845/4257 4090/7846/4257 4087/7843/4255
f 4089/7845/4258 4088/7844/4256 4091/7847/4259
f 4090/7846/4257 4089/7845/4257 4092/7848/4260
f 4091/7847/4259 4092/7848/4259 4089/7845/4258
f 4092/7848/4260 4093/7849/4260 4090/7846/4257
f 4092/7848/4259 4091/7847/4259 4094/7850/4261
f 4093/7849/4260 4092/7848/4260 4095/7851/4262
f 4094/7850/4261 4095/7851/4261 4092/7848/4259
f 4095/7851/4262 4096/7852/4263 4093/7849/4260
f 4095/7851/4261 4094/7850/4261 4097/7853/4264
f 4096/7852/4263 4095/7851/4262 4098/7854/4265
f 4097/7853/4264 4098/7854/4264 4095/7851/4261
f 4098/7854/4265 4099/7855/4266 4096/7852/4263
f 4098/7854/4264 4097/7853/4264 4100/7856/4267
f 4099/7855/4266 4098/7854/4265 4101/7857/4268
f 4100/7856/4267 4101/7857/4269 4098/7854/4264
f 4101/7857/4268 4102/7858/4270 4099/7855/4266
f 4101/7857/4269 4100/7856/4267 4103/7859/4271
f 4104/7860/4272 4102/7858/4270 4101/7857/4268
f 4103/7859/4271 4105/7861/4271 4101/7857/4269
f 4101/7857/4268 4105/7861/4273 4104/7860/4272
f 4105/7861/4271 4103/7859/4271 4106/7862/4274
f 4104/7860/4272 4105/7861/4273 4107/7863/4275
f 4106/7862/4274 4107/7863/4276 4105/7861/4271
f 4107/7863/4275 4108/7864/4277 4104/7860/4272
f 4107/7863/4276 4106/7862/4274 4109/7865/4278
f 4108/7864/4277 4107/7863/4275 4110/7866/4279
f 4109/7865/4278 4110/7866/4278 4107/7863/4276
f 4110/7866/4279 4111/7867/4280 4108/7864/4277
f 4110/7866/4278 4109/7865/4278 4112/7868/4281
f 4113/7869/4282 4111/7867/4280 4110/7866/4279
f 4112/7868/4281 4114/7870/4281 4110/7866/4278
f 4110/7866/4279 4114/7870/4283 4113/7869/4282
f 4114/7870/4281 4112/7868/4281 4115/7871/4284
f 4113/7869/4282 4114/7870/4283 4116/7872/4285
f 4115/7871/4284 4116/7872/4286 4114/7870/4281
f 4116/7872/4285 4117/7873/4287 4113/7869/4282
f 4116/7872/4286 4115/7871/4284 4118/7874/4288
f 4117/7873/4287 4116/7872/4285 4119/7875/4289
f 4118/7874/4288 4119/7875/4290 4116/7872/4286
f 4119/7875/4289 4120/7876/4291 4117/7873/4287
f 4119/7875/4290 4118/7874/4288 4121/7877/4292
f 4122/7878/4293 4120/7876/4291 4119/7875/4289
f 4121/7879/4292 4123/7880/4294 4119/7875/4290
f 4119/7875/4289 4123/7881/4295 4122/7878/4293
f 4123/7882/4295 4124/7883/4296 4122/7878/4293
f 4123/7884/4294 4121/7885/4292 4125/7886/4297
f 4124/7883/4296 4123/7887/4295 4126/7888/4298
f 4125/7886/4297 4126/7888/4299 4123/7889/4294
f 4126/7888/4298 4127/7890/4300 4124/7883/4296
f 4128/7891/4301 4126/7888/4299 4125/7886/4297
f 4125/7886/4297 4129/7892/4302 4128/7891/4301
f 4128/7891/4301 4129/7892/4302 4130/7893/4303
f 4127/7890/4300 4126/7888/4298 4131/7894/4304
f 4131/7894/4304 4132/7895/4305 4127/7890/4300
f 4133/7896/4306 4132/7895/4305 4131/7894/4304
f 4134/7897/4307 4126/7888/4298 4128/7891/4308
f 4134/7897/4307 4131/7894/4304 4126/7888/4298
f 4130/7893/4303 4135/7898/4309 4128/7891/4301
f 4134/7897/4307 4128/7891/4308 4135/7898/4309
f 4135/7898/4309 4130/7893/4303 4136/7899/4310
f 4134/7897/4307 4137/7900/4311 4131/7894/4304
f 4135/7898/4309 4137/7900/4311 4134/7897/4307
f 4131/7894/4304 4138/7901/4312 4133/7896/4306
f 4131/7894/4304 4137/7900/4311 4138/7901/4312
f 4139/7902/4313 4133/7896/4306 4138/7901/4312
f 4137/7900/4311 4135/7898/4309 4140/7903/4314
f 4136/7899/4310 4140/7903/4314 4135/7898/4309
f 4141/7904/4315 4138/7901/4312 4137/7900/4311
f 4140/7903/4314 4142/7905/4316 4137/7900/4311
f 4143/7906/4317 4142/7905/4316 4140/7903/4314
f 4138/7901/4312 4141/7907/4315 4144/7908/4318
f 4143/7906/4317 4140/7903/4314 4145/7909/4319
f 4136/7899/4310 4145/7909/4319 4140/7903/4314
f 4143/7906/4317 4145/7909/4319 4146/7910/4320
f 4144/7911/4318 4147/7912/4321 4138/7901/4312
f 4138/7901/4312 4147/7912/4321 4139/7902/4313
f 4139/7902/4313 4147/7912/4321 4148/7913/4322
f 4147/7912/4321 4144/7914/4318 4148/7913/4322
f 4146/7910/4320 4145/7909/4319 4149/7915/4323
f 4149/7915/4323 4145/7909/4319 4136/7899/4310
f 4149/7915/4323 4150/7916/4324 4146/7910/4320
f 4136/7899/4310 4151/7917/4325 4149/7915/4323
f 4152/7918/4326 4150/7916/4324 4149/7915/4323
f 4153/7919/4327 4149/7915/4323 4151/7917/4325
f 4149/7915/4323 4153/7919/4327 4152/7920/4326
f 4151/7917/4325 4154/7921/4328 4153/7919/4327
f 4153/7919/4327 4154/7921/4328 4155/7922/4329
f 4152/7923/4326 4153/7919/4327 4156/7924/4330
f 4156/7924/4330 4153/7919/4327 4155/7922/4329
f 4157/7791/4331 4036/7790/4332 4037/7789/4333
f 4037/7789/4333 4158/7792/4334 4157/7791/4331
f 4039/7793/4335 4157/7791/4331 4158/7792/4334
f 4158/7792/4334 4040/7794/4336 4039/7793/4335
f 4159/7795/4337 4158/7792/4334 4037/7789/4333
f 4158/7792/4334 4159/7795/4337 4040/7796/4336
f 4037/7789/4333 4042/7797/4338 4159/7795/4337
f 4040/7799/4336 4159/7795/4337 4160/7798/4339
f 4160/7798/4339 4159/7795/4337 4042/7797/4338
f 4160/7798/4339 4044/7800/4340 4040/7799/4336
f 4042/7797/4338 4045/7801/4341 4160/7798/4339
f 4046/7802/4342 4044/7800/4340 4160/7798/4339
f 4161/7803/4343 4160/7798/4339 4045/7801/4341
f 4160/7798/4339 4161/7803/4343 4046/7802/4342
f 4045/7801/4341 4048/7804/4344 4161/7803/4343
f 4049/7805/4345 4046/7802/4342 4161/7803/4343
f 4162/7806/4346 4161/7803/4343 4048/7804/4344
f 4161/7803/4343 4162/7806/4346 4049/7805/4345
f 4048/7804/4344 4051/7807/4347 4162/7806/4346
f 4049/7805/4345 4162/7806/4346 4163/7808/4348
f 4163/7808/4348 4162/7806/4346 4051/7807/4347
f 4163/7808/4348 4053/7809/4349 4049/7805/4345
f 4051/7807/4347 4054/7810/4350 4163/7808/4348
f 4055/7811/4351 4053/7809/4349 4163/7808/4348
f 4163/7808/4348 4054/7810/4350 4056/7812/4352
f 4163/7808/4348 4164/7813/4353 4055/7811/4351
f 4056/7812/4352 4164/7813/4354 4163/7808/4348
f 4058/7814/4355 4055/7811/4351 4164/7813/4353
f 4165/7815/4356 4164/7813/4354 4056/7812/4352
f 4164/7813/4353 4165/7815/4357 4058/7814/4355
f 4056/7812/4352 4060/7816/4358 4165/7815/4356
f 4061/7817/4359 4058/7814/4355 4165/7815/4357
f 4166/7818/4360 4165/7815/4356 4060/7816/4358
f 4165/7815/4357 4166/7818/4361 4061/7817/4359
f 4060/7816/4358 4063/7819/4362 4166/7818/4360
f 4064/7820/4363 4061/7817/4359 4166/7818/4361
f 4167/7821/4364 4166/7818/4360 4063/7819/4362
f 4166/7818/4361 4167/7821/4365 4064/7820/4363
f 4063/7819/4362 4066/7822/4366 4167/7821/4364
f 4067/7823/4367 4064/7820/4363 4167/7821/4365
f 4168/7824/4368 4167/7821/4364 4066/7822/4366
f 4167/7821/4365 4168/7824/4369 4067/7823/4367
f 4066/7822/4366 4069/7825/4370 4168/7824/4368
f 4070/7826/4371 4067/7823/4367 4168/7824/4369
f 4169/7827/4372 4168/7824/4368 4069/7825/4370
f 4168/7824/4369 4169/7827/4373 4070/7826/4371
f 4069/7825/4370 4072/7828/4374 4169/7827/4372
f 4073/7829/4375 4070/7826/4371 4169/7827/4373
f 4170/7830/4376 4169/7827/4372 4072/7828/4374
f 4169/7827/4373 4170/7830/4377 4073/7829/4375
f 4072/7828/4374 4075/7831/4378 4170/7830/4376
f 4076/7832/4379 4073/7829/4375 4170/7830/4377
f 4171/7833/4380 4170/7830/4376 4075/7831/4378
f 4170/7830/4377 4171/7833/4381 4076/7832/4379
f 4075/7831/4378 4078/7834/4380 4171/7833/4380
f 4079/7835/4382 4076/7832/4379 4171/7833/4381
f 4172/7836/4383 4171/7833/4380 4078/7834/4380
f 4171/7833/4381 4172/7836/4382 4079/7835/4382
f 4078/7834/4380 4081/7837/4384 4172/7836/4383
f 4082/7838/4385 4079/7835/4382 4172/7836/4382
f 4173/7839/4386 4172/7836/4383 4081/7837/4384
f 4172/7836/4382 4173/7839/4387 4082/7838/4385
f 4081/7837/4384 4084/7840/4386 4173/7839/4386
f 4085/7841/4388 4082/7838/4385 4173/7839/4387
f 4174/7842/4389 4173/7839/4386 4084/7840/4386
f 4173/7839/4387 4174/7842/4388 4085/7841/4388
f 4084/7840/4386 4087/7843/4390 4174/7842/4389
f 4088/7844/4391 4085/7841/4388 4174/7842/4388
f 4175/7845/4392 4174/7842/4389 4087/7843/4390
f 4174/7842/4388 4175/7845/4393 4088/7844/4391
f 4087/7843/4390 4090/7846/4392 4175/7845/4392
f 4091/7847/4394 4088/7844/4391 4175/7845/4393
f 4176/7848/4395 4175/7845/4392 4090/7846/4392
f 4175/7845/4393 4176/7848/4394 4091/7847/4394
f 4090/7846/4392 4093/7849/4396 4176/7848/4395
f 4094/7850/4397 4091/7847/4394 4176/7848/4394
f 4177/7851/4398 4176/7848/4395 4093/7849/4396
f 4176/7848/4394 4177/7851/4397 4094/7850/4397
f 4093/7849/4396 4096/7852/4399 4177/7851/4398
f 4097/7853/4400 4094/7850/4397 4177/7851/4397
f 4178/7854/4401 4177/7851/4398 4096/7852/4399
f 4177/7851/4397 4178/7854/4402 4097/7853/4400
f 4096/7852/4399 4099/7855/4403 4178/7854/4401
f 4100/7856/4404 4097/7853/4400 4178/7854/4402
f 4179/7857/4405 4178/7854/4401 4099/7855/4403
f 4178/7854/4402 4179/7857/4406 4100/7856/4404
f 4099/7855/4403 4102/7858/4407 4179/7857/4405
f 4103/7859/4408 4100/7856/4404 4179/7857/4406
f 4179/7857/4405 4102/7858/4407 4104/7860/4409
f 4179/7857/4406 4180/7861/4408 4103/7859/4408
f 4104/7860/4409 4180/7861/4410 4179/7857/4405
f 4106/7862/4411 4103/7859/4408 4180/7861/4408
f 4181/7863/4412 4180/7861/4410 4104/7860/4409
f 4180/7861/4408 4181/7863/4413 4106/7862/4411
f 4104/7860/4409 4108/7864/4412 4181/7863/4412
f 4109/7865/4414 4106/7862/4411 4181/7863/4413
f 4182/7866/4415 4181/7863/4412 4108/7864/4412
f 4181/7863/4413 4182/7866/4414 4109/7865/4414
f 4108/7864/4412 4111/7867/4416 4182/7866/4415
f 4112/7868/4417 4109/7865/4414 4182/7866/4414
f 4182/7866/4415 4111/7867/4416 4113/7869/4418
f 4182/7866/4414 4183/7870/4417 4112/7868/4417
f 4113/7869/4418 4183/7870/4419 4182/7866/4415
f 4115/7871/4420 4112/7868/4417 4183/7870/4417
f 4184/7872/4421 4183/7870/4419 4113/7869/4418
f 4183/7870/4417 4184/7872/4422 4115/7871/4420
f 4113/7869/4418 4117/7873/4423 4184/7872/4421
f 4118/7874/4424 4115/7871/4420 4184/7872/4422
f 4185/7875/4425 4184/7872/4421 4117/7873/4423
f 4184/7872/4422 4185/7875/4426 4118/7874/4424
f 4117/7873/4423 4120/7876/4427 4185/7875/4425
f 4121/7877/4428 4118/7874/4424 4185/7875/4426
f 4185/7875/4425 4120/7876/4427 4122/7878/4429
f 4185/7875/4426 4186/7880/4430 4121/7879/4428
f 4122/7878/4429 4186/7881/4431 4185/7875/4425
f 4122/7878/4429 4124/7883/4432 4186/7882/4431
f 4125/7886/4433 4121/7885/4428 4186/7884/4430
f 4187/7888/4434 4186/7887/4431 4124/7883/4432
f 4186/7889/4430 4187/7888/4435 4125/7886/4433
f 4124/7883/4432 4127/7890/4436 4187/7888/4434
f 4125/7886/4433 4187/7888/4435 4188/7891/4437
f 4188/7891/4437 4129/7892/4438 4125/7886/4433
f 4130/7893/4439 4129/7892/4438 4188/7891/4437
f 4189/7894/4440 4187/7888/4434 4127/7890/4436
f 4127/7890/4436 4132/7895/4441 4189/7894/4440
f 4189/7894/4440 4132/7895/4441 4133/7896/4442
f 4187/7888/4434 4190/7897/4443 4188/7891/4444
f 4189/7894/4440 4190/7897/4443 4187/7888/4434
f 4188/7891/4437 4191/7898/4445 4130/7893/4439
f 4191/7898/4445 4188/7891/4444 4190/7897/4443
f 4136/7899/4446 4130/7893/4439 4191/7898/4445
f 4137/7900/4447 4190/7897/4443 4189/7894/4440
f 4190/7897/4443 4137/7900/4447 4191/7898/4445
f 4133/7896/4442 4192/7901/4448 4189/7894/4440
f 4137/7900/4447 4189/7894/4440 4192/7901/4448
f 4192/7901/4448 4133/7896/4442 4139/7902/4449
f 4193/7903/4450 4191/7898/4445 4137/7900/4447
f 4191/7898/4445 4193/7903/4450 4136/7899/4446
f 4137/7900/4447 4142/7905/4451 4193/7903/4450
f 4192/7901/4448 4141/7904/4452 4137/7900/4447
f 4142/7905/4451 4143/7906/4453 4193/7903/4450
f 4144/7908/4454 4141/7907/4452 4192/7901/4448
f 4193/7903/4450 4143/7906/4453 4194/7909/4455
f 4194/7909/4455 4136/7899/4446 4193/7903/4450
f 4194/7909/4455 4143/7906/4453 4146/7910/4456
f 4192/7901/4448 4195/7912/4457 4144/7911/4454
f 4139/7902/4449 4195/7912/4457 4192/7901/4448
f 4195/7912/4457 4139/7902/4449 4148/7913/4458
f 4144/7914/4454 4195/7912/4457 4148/7913/4458
f 4194/7909/4455 4146/7910/4456 4196/7915/4459
f 4136/7899/4446 4194/7909/4455 4196/7915/4459
f 4150/7916/4460 4196/7915/4459 4146/7910/4456
f 4196/7915/4459 4151/7917/4461 4136/7899/4446
f 4196/7915/4459 4150/7916/4460 4152/7918/4462
f 4151/7917/4461 4196/7915/4459 4197/7919/4463
f 4152/7920/4462 4197/7919/4463 4196/7915/4459
f 4197/7919/4463 4154/7921/4464 4151/7917/4461
f 4154/7921/4464 4197/7919/4463 4155/7922/4465
f 4197/7919/4463 4152/7923/4462 4156/7924/4466
f 4197/7919/4463 4156/7924/4466 4155/7922/4465
f 4200/7789/4467 4199/7790/4468 4198/7791/4469
f 4198/7791/4469 4201/7792/4470 4200/7789/4467
f 4201/7792/4470 4198/7791/4469 4202/7793/4471
f 4202/7793/4471 4203/7925/4472 4201/7792/4470
f 4200/7789/4467 4201/7792/4470 4204/7795/4473
f 4203/7796/4472 4204/7795/4473 4201/7792/4470
f 4204/7795/4473 4205/7797/4474 4200/7789/4467
f 4206/7798/4475 4204/7795/4473 4203/7799/4472
f 4205/7797/4474 4204/7795/4473 4206/7798/4475
f 4203/7799/4472 4207/7800/4476 4206/7798/4475
f 4206/7798/4475 4208/7801/4477 4205/7797/4474
f 4206/7798/4475 4207/7800/4476 4209/7802/4478
f 4208/7801/4477 4206/7798/4475 4210/7803/4479
f 4209/7802/4478 4210/7803/4479 4206/7798/4475
f 4210/7803/4479 4211/7804/4480 4208/7801/4477
f 4210/7803/4479 4209/7802/4478 4212/7805/4481
f 4211/7804/4480 4210/7803/4479 4213/7806/4482
f 4212/7805/4481 4213/7806/4482 4210/7803/4479
f 4213/7806/4482 4214/7807/4483 4211/7804/4480
f 4215/7808/4484 4213/7806/4482 4212/7805/4481
f 4214/7807/4483 4213/7806/4482 4215/7808/4484
f 4212/7805/4481 4216/7809/4485 4215/7808/4484
f 4215/7808/4484 4217/7810/4486 4214/7807/4483
f 4215/7808/4484 4216/7809/4485 4218/7811/4487
f 4219/7812/4488 4217/7810/4486 4215/7808/4484
f 4218/7811/4487 4220/7813/4489 4215/7808/4484
f 4215/7808/4484 4220/7813/4490 4219/7812/4488
f 4220/7813/4489 4218/7811/4487 4221/7814/4491
f 4219/7812/4488 4220/7813/4490 4222/7815/4492
f 4221/7814/4491 4222/7815/4493 4220/7813/4489
f 4222/7815/4492 4223/7816/4494 4219/7812/4488
f 4222/7815/4493 4221/7814/4491 4224/7817/4495
f 4223/7816/4494 4222/7815/4492 4225/7818/4496
f 4224/7817/4495 4225/7818/4497 4222/7815/4493
f 4225/7818/4496 4226/7819/4498 4223/7816/4494
f 4225/7818/4497 4224/7817/4495 4227/7820/4499
f 4226/7819/4498 4225/7818/4496 4228/7821/4500
f 4227/7820/4499 4228/7821/4501 4225/7818/4497
f 4228/7821/4500 4229/7822/4502 4226/7819/4498
f 4228/7821/4501 4227/7820/4499 4230/7823/4503
f 4229/7822/4502 4228/7821/4500 4231/7824/4504
f 4230/7823/4503 4231/7824/4505 4228/7821/4501
f 4231/7824/4504 4232/7825/4506 4229/7822/4502
f 4231/7824/4505 4230/7823/4503 4233/7826/4507
f 4232/7825/4506 4231/7824/4504 4234/7827/4508
f 4233/7826/4507 4234/7827/4509 4231/7824/4505
f 4234/7827/4508 4235/7828/4510 4232/7825/4506
f 4234/7827/4509 4233/7826/4507 4236/7829/4511
f 4235/7828/4510 4234/7827/4508 4237/7830/4512
f 4236/7829/4511 4237/7830/4513 4234/7827/4509
f 4237/7830/4512 4238/7831/4514 4235/7828/4510
f 4237/7830/4513 4236/7829/4511 4239/7832/4515
f 4238/7831/4514 4237/7830/4512 4240/7833/4516
f 4239/7832/4515 4240/7833/4515 4237/7830/4513
f 4240/7833/4516 4241/7834/4517 4238/7831/4514
f 4240/7833/4515 4239/7832/4515 4242/7835/4518
f 4241/7834/4517 4240/7833/4516 4243/7836/4519
f 4242/7835/4518 4243/7836/4520 4240/7833/4515
f 4243/7836/4519 4244/7837/4521 4241/7834/4517
f 4243/7836/4520 4242/7835/4518 4245/7838/4522
f 4244/7837/4521 4243/7836/4519 4246/7839/4523
f 4245/7838/4522 4246/7839/4524 4243/7836/4520
f 4246/7839/4523 4247/7840/4523 4244/7837/4521
f 4246/7839/4524 4245/7838/4522 4248/7841/4525
f 4247/7840/4523 4246/7839/4523 4249/7842/4526
f 4248/7841/4525 4249/7842/4525 4246/7839/4524
f 4249/7842/4526 4250/7843/4526 4247/7840/4523
f 4249/7842/4525 4248/7841/4525 4251/7844/4527
f 4250/7843/4526 4249/7842/4526 4252/7845/4528
f 4251/7844/4527 4252/7845/4529 4249/7842/4525
f 4252/7845/4528 4253/7846/4528 4250/7843/4526
f 4252/7845/4529 4251/7844/4527 4254/7847/4530
f 4253/7846/4528 4252/7845/4528 4255/7848/4531
f 4254/7847/4530 4255/7848/4530 4252/7845/4529
f 4255/7848/4531 4256/7849/4531 4253/7846/4528
f 4255/7848/4530 4254/7847/4530 4257/7850/4532
f 4256/7849/4531 4255/7848/4531 4258/7851/4533
f 4257/7850/4532 4258/7851/4532 4255/7848/4530
f 4258/7851/4533 4259/7852/4534 4256/7849/4531
f 4258/7851/4532 4257/7850/4532 4260/7853/4535
f 4259/7852/4534 4258/7851/4533 4261/7854/4536
f 4260/7853/4535 4261/7854/4535 4258/7851/4532
f 4261/7854/4536 4262/7855/4536 4259/7852/4534
f 4261/7854/4535 4260/7853/4535 4263/7856/4537
f 4262/7855/4536 4261/7854/4536 4264/7857/4538
f 4263/7856/4537 4264/7857/4537 4261/7854/4535
f 4264/7857/4538 4265/7858/4539 4262/7855/4536
f 4264/7857/4537 4263/7856/4537 4266/7859/4540
f 4267/7860/4541 4265/7858/4539 4264/7857/4538
f 4266/7859/4540 4268/7861/4540 4264/7857/4537
f 4264/7857/4538 4268/7861/4541 4267/7860/4541
f 4268/7861/4540 4266/7859/4540 4269/7862/4542
f 4267/7860/4541 4268/7861/4541 4270/7863/4543
f 4269/7862/4542 4270/7863/4542 4268/7861/4540
f 4270/7863/4543 4271/7864/4543 4267/7860/4541
f 4270/7863/4542 4269/7862/4542 4272/7865/4544
f 4271/7864/4543 4270/7863/4543 4273/7866/4545
f 4272/7865/4544 4273/7866/4544 4270/7863/4542
f 4273/7866/4545 4274/7867/4546 4271/7864/4543
f 4273/7866/4544 4272/7865/4544 4275/7868/4547
f 4276/7869/4548 4274/7867/4546 4273/7866/4545
f 4275/7868/4547 4277/7870/4549 4273/7866/4544
f 4273/7866/4545 4277/7870/4550 4276/7869/4548
f 4277/7870/4549 4275/7868/4547 4278/7871/4551
f 4276/7869/4548 4277/7870/4550 4279/7872/4552
f 4278/7871/4551 4279/7872/4553 4277/7870/4549
f 4279/7872/4552 4280/7873/4554 4276/7869/4548
f 4279/7872/4553 4278/7871/4551 4281/7874/4555
f 4280/7873/4554 4279/7872/4552 4282/7875/4556
f 4281/7874/4555 4282/7875/4557 4279/7872/4553
f 4282/7875/4556 4283/7876/4558 4280/7873/4554
f 4282/7875/4557 4281/7874/4555 4284/7926/4559
f 4285/7878/4560 4283/7876/4558 4282/7875/4556
f 4284/7879/4559 4286/7880/4561 4282/7875/4557
f 4282/7875/4556 4286/7881/4562 4285/7878/4560
f 4286/7882/4562 4287/7883/4563 4285/7878/4560
f 4286/7884/4561 4284/7885/4559 4288/7886/4564
f 4287/7883/4563 4286/7927/4562 4289/7888/4565
f 4288/7886/4564 4289/7888/4566 4286/7889/4561
f 4289/7888/4565 4290/7890/4567 4287/7883/4563
f 4291/7891/4568 4289/7888/4566 4288/7886/4564
f 4288/7886/4564 4292/7892/4569 4291/7891/4568
f 4291/7891/4568 4292/7892/4569 4293/7893/4570
f 4290/7890/4567 4289/7888/4565 4294/7894/4571
f 4294/7894/4571 4295/7895/4572 4290/7890/4567
f 4296/7896/4573 4295/7895/4572 4294/7894/4571
f 4297/7897/4574 4289/7888/4565 4291/7891/4575
f 4297/7897/4574 4294/7894/4571 4289/7888/4565
f 4293/7893/4570 4298/7898/4576 4291/7891/4568
f 4297/7897/4574 4291/7891/4575 4298/7898/4576
f 4298/7898/4576 4293/7893/4570 4299/7899/4577
f 4297/7897/4574 4300/7900/4578 4294/7894/4571
f 4298/7898/4576 4300/7900/4578 4297/7897/4574
f 4294/7894/4571 4301/7901/4579 4296/7896/4573
f 4294/7894/4571 4300/7900/4578 4301/7901/4579
f 4302/7902/4580 4296/7896/4573 4301/7901/4579
f 4300/7900/4578 4298/7898/4576 4303/7903/4581
f 4299/7899/4577 4303/7903/4581 4298/7898/4576
f 4304/7904/4582 4301/7901/4579 4300/7900/4578
f 4303/7903/4581 4305/7905/4583 4300/7900/4578
f 4306/7906/4584 4305/7905/4583 4303/7903/4581
f 4301/7901/4579 4304/7907/4582 4307/7908/4585
f 4306/7906/4584 4303/7903/4581 4308/7909/4586
f 4299/7899/4577 4308/7909/4586 4303/7903/4581
f 4306/7906/4584 4308/7909/4586 4309/7910/4587
f 4307/7911/4585 4310/7912/4588 4301/7901/4579
f 4301/7901/4579 4310/7912/4588 4302/7902/4580
f 4302/7902/4580 4310/7912/4588 4311/7913/4589
f 4310/7912/4588 4307/7914/4585 4311/7913/4589
f 4309/7910/4587 4308/7909/4586 4312/7915/4590
f 4312/7915/4590 4308/7909/4586 4299/7899/4577
f 4312/7915/4590 4313/7916/4591 4309/7910/4587
f 4299/7899/4577 4314/7917/4592 4312/7915/4590
f 4315/7928/4593 4313/7916/4591 4312/7915/4590
f 4316/7919/4594 4312/7915/4590 4314/7917/4592
f 4312/7915/4590 4316/7919/4594 4315/7929/4593
f 4314/7917/4592 4317/7921/4595 4316/7919/4594
f 4316/7919/4594 4317/7921/4595 4318/7922/4596
f 4315/7930/4593 4316/7919/4594 4319/7924/4597
f 4319/7924/4597 4316/7919/4594 4318/7922/4596
f 4320/7791/4598 4199/7790/4599 4200/7789/4600
f 4200/7789/4600 4321/7792/4601 4320/7791/4598
f 4202/7793/4602 4320/7791/4598 4321/7792/4601
f 4321/7792/4601 4203/7925/4603 4202/7793/4602
f 4322/7795/4604 4321/7792/4601 4200/7789/4600
f 4321/7792/4601 4322/7795/4604 4203/7796/4603
f 4200/7789/4600 4205/7797/4605 4322/7795/4604
f 4203/7799/4603 4322/7795/4604 4323/7798/4606
f 4323/7798/4606 4322/7795/4604 4205/7797/4605
f 4323/7798/4606 4207/7800/4607 4203/7799/4603
f 4205/7797/4605 4208/7801/4608 4323/7798/4606
f 4209/7802/4609 4207/7800/4607 4323/7798/4606
f 4324/7803/4610 4323/7798/4606 4208/7801/4608
f 4323/7798/4606 4324/7803/4610 4209/7802/4609
f 4208/7801/4608 4211/7804/4611 4324/7803/4610
f 4212/7805/4612 4209/7802/4609 4324/7803/4610
f 4325/7806/4613 4324/7803/4610 4211/7804/4611
f 4324/7803/4610 4325/7806/4613 4212/7805/4612
f 4211/7804/4611 4214/7807/4614 4325/7806/4613
f 4212/7805/4612 4325/7806/4613 4326/7808/4615
f 4326/7808/4615 4325/7806/4613 4214/7807/4614
f 4326/7808/4615 4216/7809/4616 4212/7805/4612
f 4214/7807/4614 4217/7810/4617 4326/7808/4615
f 4218/7811/4618 4216/7809/4616 4326/7808/4615
f 4326/7808/4615 4217/7810/4617 4219/7812/4619
f 4326/7808/4615 4327/7813/4620 4218/7811/4618
f 4219/7812/4619 4327/7813/4621 4326/7808/4615
f 4221/7814/4622 4218/7811/4618 4327/7813/4620
f 4328/7815/4623 4327/7813/4621 4219/7812/4619
f 4327/7813/4620 4328/7815/4624 4221/7814/4622
f 4219/7812/4619 4223/7816/4625 4328/7815/4623
f 4224/7817/4626 4221/7814/4622 4328/7815/4624
f 4329/7818/4627 4328/7815/4623 4223/7816/4625
f 4328/7815/4624 4329/7818/4628 4224/7817/4626
f 4223/7816/4625 4226/7819/4629 4329/7818/4627
f 4227/7820/4630 4224/7817/4626 4329/7818/4628
f 4330/7821/4631 4329/7818/4627 4226/7819/4629
f 4329/7818/4628 4330/7821/4632 4227/7820/4630
f 4226/7819/4629 4229/7822/4633 4330/7821/4631
f 4230/7823/4634 4227/7820/4630 4330/7821/4632
f 4331/7824/4635 4330/7821/4631 4229/7822/4633
f 4330/7821/4632 4331/7824/4636 4230/7823/4634
f 4229/7822/4633 4232/7825/4637 4331/7824/4635
f 4233/7826/4638 4230/7823/4634 4331/7824/4636
f 4332/7827/4639 4331/7824/4635 4232/7825/4637
f 4331/7824/4636 4332/7827/4640 4233/7826/4638
f 4232/7825/4637 4235/7828/4641 4332/7827/4639
f 4236/7829/4642 4233/7826/4638 4332/7827/4640
f 4333/7830/4643 4332/7827/4639 4235/7828/4641
f 4332/7827/4640 4333/7830/4644 4236/7829/4642
f 4235/7828/4641 4238/7831/4645 4333/7830/4643
f 4239/7832/4646 4236/7829/4642 4333/7830/4644
f 4334/7833/4647 4333/7830/4643 4238/7831/4645
f 4333/7830/4644 4334/7833/4648 4239/7832/4646
f 4238/7831/4645 4241/7834/4647 4334/7833/4647
f 4242/7835/4649 4239/7832/4646 4334/7833/4648
f 4335/7836/4650 4334/7833/4647 4241/7834/4647
f 4334/7833/4648 4335/7836/4649 4242/7835/4649
f 4241/7834/4647 4244/7837/4651 4335/7836/4650
f 4245/7838/4652 4242/7835/4649 4335/7836/4649
f 4336/7839/4653 4335/7836/4650 4244/7837/4651
f 4335/7836/4649 4336/7839/4652 4245/7838/4652
f 4244/7837/4651 4247/7840/4653 4336/7839/4653
f 4248/7841/4654 4245/7838/4652 4336/7839/4652
f 4337/7842/4655 4336/7839/4653 4247/7840/4653
f 4336/7839/4652 4337/7842/4654 4248/7841/4654
f 4247/7840/4653 4250/7843/4655 4337/7842/4655
f 4251/7844/4656 4248/7841/4654 4337/7842/4654
f 4338/7845/4657 4337/7842/4655 4250/7843/4655
f 4337/7842/4654 4338/7845/4656 4251/7844/4656
f 4250/7843/4655 4253/7846/4657 4338/7845/4657
f 4254/7847/4658 4251/7844/4656 4338/7845/4656
f 4339/7848/4659 4338/7845/4657 4253/7846/4657
f 4338/7845/4656 4339/7848/4660 4254/7847/4658
f 4253/7846/4657 4256/7849/4659 4339/7848/4659
f 4257/7850/4661 4254/7847/4658 4339/7848/4660
f 4340/7851/4662 4339/7848/4659 4256/7849/4659
f 4339/7848/4660 4340/7851/4663 4257/7850/4661
f 4256/7849/4659 4259/7852/4662 4340/7851/4662
f 4260/7853/4664 4257/7850/4661 4340/7851/4663
f 4341/7854/4665 4340/7851/4662 4259/7852/4662
f 4340/7851/4663 4341/7854/4666 4260/7853/4664
f 4259/7852/4662 4262/7855/4665 4341/7854/4665
f 4263/7856/4667 4260/7853/4664 4341/7854/4666
f 4342/7857/4668 4341/7854/4665 4262/7855/4665
f 4341/7854/4666 4342/7857/4669 4263/7856/4667
f 4262/7855/4665 4265/7858/4670 4342/7857/4668
f 4266/7859/4671 4263/7856/4667 4342/7857/4669
f 4342/7857/4668 4265/7858/4670 4267/7860/4672
f 4342/7857/4669 4343/7861/4673 4266/7859/4671
f 4267/7860/4672 4343/7861/4672 4342/7857/4668
f 4269/7862/4674 4266/7859/4671 4343/7861/4673
f 4344/7863/4675 4343/7861/4672 4267/7860/4672
f 4343/7861/4673 4344/7863/4674 4269/7862/4674
f 4267/7860/4672 4271/7864/4675 4344/7863/4675
f 4272/7865/4676 4269/7862/4674 4344/7863/4674
f 4345/7866/4677 4344/7863/4675 4271/7864/4675
f 4344/7863/4674 4345/7866/4676 4272/7865/4676
f 4271/7864/4675 4274/7867/4678 4345/7866/4677
f 4275/7868/4679 4272/7865/4676 4345/7866/4676
f 4345/7866/4677 4274/7867/4678 4276/7869/4680
f 4345/7866/4676 4346/7870/4679 4275/7868/4679
f 4276/7869/4680 4346/7870/4680 4345/7866/4677
f 4278/7871/4681 4275/7868/4679 4346/7870/4679
f 4347/7872/4682 4346/7870/4680 4276/7869/4680
f 4346/7870/4679 4347/7872/4683 4278/7871/4681
f 4276/7869/4680 4280/7873/4684 4347/7872/4682
f 4281/7874/4685 4278/7871/4681 4347/7872/4683
f 4348/7875/4686 4347/7872/4682 4280/7873/4684
f 4347/7872/4683 4348/7875/4687 4281/7874/4685
f 4280/7873/4684 4283/7876/4688 4348/7875/4686
f 4284/7877/4689 4281/7874/4685 4348/7875/4687
f 4348/7875/4686 4283/7876/4688 4285/7878/4690
f 4348/7875/4687 4349/7880/4691 4284/7879/4689
f 4285/7878/4690 4349/7881/4692 4348/7875/4686
f 4285/7878/4690 4287/7883/4693 4349/7882/4692
f 4288/7886/4694 4284/7885/4689 4349/7884/4691
f 4350/7888/4695 4349/7927/4692 4287/7883/4693
f 4349/7889/4691 4350/7888/4696 4288/7886/4694
f 4287/7883/4693 4290/7890/4697 4350/7888/4695
f 4288/7886/4694 4350/7888/4696 4351/7891/4698
f 4351/7891/4698 4292/7892/4699 4288/7886/4694
f 4293/7893/4700 4292/7892/4699 4351/7891/4698
f 4352/7894/4701 4350/7888/4695 4290/7890/4697
f 4290/7890/4697 4295/7895/4702 4352/7894/4701
f 4352/7894/4701 4295/7895/4702 4296/7896/4703
f 4350/7888/4695 4353/7897/4704 4351/7891/4705
f 4352/7894/4701 4353/7897/4704 4350/7888/4695
f 4351/7891/4698 4354/7898/4706 4293/7893/4700
f 4354/7898/4706 4351/7891/4705 4353/7897/4704
f 4299/7899/4707 4293/7893/4700 4354/7898/4706
f 4300/7900/4708 4353/7897/4704 4352/7894/4701
f 4353/7897/4704 4300/7900/4708 4354/7898/4706
f 4296/7896/4703 4355/7901/4709 4352/7894/4701
f 4300/7900/4708 4352/7894/4701 4355/7901/4709
f 4355/7901/4709 4296/7896/4703 4302/7902/4710
f 4356/7903/4711 4354/7898/4706 4300/7900/4708
f 4354/7898/4706 4356/7903/4711 4299/7899/4707
f 4300/7900/4708 4305/7905/4712 4356/7903/4711
f 4355/7901/4709 4304/7904/4713 4300/7900/4708
f 4305/7905/4712 4306/7906/4714 4356/7903/4711
f 4307/7908/4715 4304/7907/4713 4355/7901/4709
f 4356/7903/4711 4306/7906/4714 4357/7909/4716
f 4357/7909/4716 4299/7899/4707 4356/7903/4711
f 4357/7909/4716 4306/7906/4714 4309/7910/4717
f 4355/7901/4709 4358/7912/4718 4307/7911/4715
f 4302/7902/4710 4358/7912/4718 4355/7901/4709
f 4358/7912/4718 4302/7902/4710 4311/7913/4719
f 4307/7914/4715 4358/7912/4718 4311/7913/4719
f 4357/7909/4716 4309/7910/4717 4359/7915/4720
f 4299/7899/4707 4357/7909/4716 4359/7915/4720
f 4313/7916/4721 4359/7915/4720 4309/7910/4717
f 4359/7915/4720 4314/7917/4722 4299/7899/4707
f 4359/7915/4720 4313/7916/4721 4315/7928/4723
f 4314/7917/4722 4359/7915/4720 4360/7919/4724
f 4315/7929/4723 4360/7919/4724 4359/7915/4720
f 4360/7919/4724 4317/7921/4725 4314/7917/4722
f 4317/7921/4725 4360/7919/4724 4318/7922/4726
f 4360/7919/4724 4315/7930/4723 4319/7924/4727
f 4360/7919/4724 4319/7924/4727 4318/7922/4726
