# Blender 5.2.1 LTS
# www.blender.org
mtllib 2.mtl
o item_blade
v 0.000000 55.656200 3.999988
v 0.000000 70.710701 -0.000015
v 70.710701 0.000000 0.000000
v 55.656200 0.000000 4.000000
v 0.000000 -70.710602 0.000015
v 0.000000 -55.656101 4.000012
v -70.710701 0.000000 0.000000
v -55.656101 0.000000 4.000000
v 0.000000 55.656200 -4.000012
v 55.656200 -0.000000 -4.000000
v 0.000000 -55.656101 -3.999988
v -55.656101 -0.000000 -4.000000
v -85.695335 -91.565430 -4.904504
v -72.350952 -88.298096 -11.715088
v -84.141685 -61.769218 -9.141019
v -71.691109 -102.363167 -8.033016
v -49.978760 -96.949768 -16.492315
v -52.140648 -61.021591 -24.029839
v -25.685633 -82.097984 -24.145735
v -75.783524 -38.348949 -11.165262
v -3.770394 -56.875389 -25.553284
v -32.690590 -25.733511 -25.871857
v -60.202621 -16.187550 -12.463498
v -38.344185 2.375330 -13.024329
v 7.397401 -38.999741 -24.885832
v -20.194628 -35.080261 -14.294825
v -10.896133 -62.781181 -12.903989
v 4.784612 -85.477066 -10.305159
v -4.149686 -3.371872 -29.713064
v 33.493481 -68.656586 -20.798498
v 24.075457 -100.869568 -6.660794
v 50.240337 -109.383354 -0.082535
v 52.416916 -96.958511 -7.213878
v 65.201973 -99.960732 -2.068165
v 67.776794 -78.353943 -10.458745
v 61.576393 -48.855007 -18.613974
v 45.599625 -20.232494 -21.449560
v 32.286247 -3.805884 -21.901539
v 20.071182 -28.558222 -12.222441
v 46.929733 -29.091629 -8.847662
v -32.567936 17.658043 -23.494459
v -52.585041 -20.500017 -25.647436
v 7.599909 31.207121 -21.039190
v 67.532936 12.817422 -14.895837
v 72.028915 -20.981916 -3.916063
v 92.627769 -7.362488 1.366035
v 26.710489 38.928398 -19.019928
v 58.178165 46.738747 -13.532955
v 86.614502 43.536343 -2.995319
v 98.880814 22.143293 1.791627
v 109.741791 16.400421 9.321389
v 105.855721 34.308163 6.998547
v 26.241724 10.432534 -10.272285
v 35.914761 38.132431 -5.395785
v 2.940118 70.807259 -14.477585
v 34.679886 67.920952 -0.647585
v 28.261005 89.732040 3.935332
v 12.001162 113.302139 10.457538
v 3.678185 104.720589 2.229373
v -5.318196 114.290886 6.636236
v -18.861626 97.632492 -4.533421
v -29.650591 71.207207 -15.939081
v -33.753353 38.710339 -21.611252
v -8.152294 31.023014 -10.169726
v -31.107525 46.979252 -7.769863
v -71.046532 25.173626 -20.129416
v -60.106491 55.833691 -5.350155
v -82.449326 -6.019230 -22.412514
v -81.801750 55.876457 -2.613698
v -101.256485 9.467304 -14.528284
v -102.369072 35.688457 -5.849280
v -109.201721 46.725945 1.643541
v -114.706322 30.189287 -2.631007
v 27.112873 35.320187 -14.886974
v 58.186920 42.726814 -9.207980
v 85.095421 39.742558 -0.676234
v 101.375282 32.360161 7.009486
v 94.008728 21.132418 1.928099
v 104.295753 15.281539 9.101033
v 64.697006 14.998981 -5.909540
v 90.327568 -4.047019 3.628703
v 70.341393 -17.500561 -1.113091
v 46.043797 -26.346222 -5.740007
v -4.185530 -4.517890 -12.420426
v 30.904335 38.093754 -2.863343
v 30.026482 67.486588 1.816153
v 2.745048 69.369843 -4.536658
v 24.131393 88.305779 5.858187
v 11.089582 107.964539 10.198936
v 3.483925 98.033646 1.944099
v -5.574765 108.987244 6.644542
v -16.522026 95.544411 -1.448871
v -26.818127 70.657166 -11.304182
v -30.603500 38.133034 -18.246172
v -33.024605 42.812222 -5.331720
v -61.148357 51.211700 -2.964458
v -70.789970 22.312466 -10.243850
v -81.985313 51.985744 -0.654664
v -103.996468 43.779064 1.778384
v -97.493416 33.528183 -5.039624
v -109.494652 28.846577 -2.394225
v -98.968109 10.396477 -11.170853
v -80.845642 -4.197885 -17.697983
v -51.399033 -17.599401 -21.126921
v -57.527164 -18.295204 -9.715275
v -72.425514 -41.277489 -8.497489
v -50.646286 -62.011497 -13.993914
v -80.356506 -62.814659 -6.856461
v -81.339233 -87.371536 -4.415884
v -68.571541 -82.887276 -10.794973
v -69.050865 -97.799690 -7.361936
v -50.997456 -93.087852 -13.225186
v -27.735706 -79.640091 -19.554955
v -6.438912 -54.760071 -21.311314
v -8.027311 -60.436920 -9.905375
v 8.097411 -82.839493 -7.334114
v 32.160889 -68.659958 -10.827399
v 26.596628 -97.417595 -4.187695
v 47.720490 -103.850922 0.183499
v 48.913090 -91.543709 -6.656075
v 62.438210 -95.451637 -1.631287
v 65.039169 -78.260323 -7.470909
v 58.794155 -49.930134 -14.242093
v 43.990967 -22.182549 -17.309410
vn 0.2568 -0.0000 0.9665
vn -0.0000 0.2568 0.9665
vn -0.0000 0.1916 0.9815
vn 0.1916 -0.0000 0.9815
vn -0.0000 -0.2568 0.9665
vn -0.0000 -0.1916 0.9815
vn -0.2568 -0.0000 0.9665
vn -0.1916 -0.0000 0.9815
vn -0.0000 0.1916 -0.9815
vn -0.0000 0.2568 -0.9665
vn 0.2568 -0.0000 -0.9665
vn 0.1916 -0.0000 -0.9815
vn -0.0000 -0.2568 -0.9665
vn -0.0000 -0.1916 -0.9815
vn -0.2568 -0.0000 -0.9665
vn -0.1916 -0.0000 -0.9815
vn -0.4237 -0.0286 -0.9054
vn -0.3589 -0.1685 -0.9180
vn -0.4316 -0.1049 -0.8960
vn -0.2454 -0.2221 -0.9436
vn -0.2952 -0.2549 -0.9208
vn -0.2527 -0.0357 -0.9669
vn -0.0920 -0.1101 -0.9897
vn -0.3884 0.1316 -0.9120
vn -0.0027 -0.0111 -0.9999
vn -0.1399 0.0711 -0.9876
vn -0.3497 0.2575 -0.9008
vn -0.3131 0.3420 -0.8860
vn -0.0348 -0.1054 -0.9938
vn -0.2924 -0.2413 -0.9254
vn -0.3742 -0.1714 -0.9114
vn -0.1691 -0.3212 -0.9318
vn 0.0374 0.0559 -0.9977
vn 0.0340 -0.2433 -0.9694
vn -0.0234 -0.4128 -0.9105
vn 0.1383 -0.4064 -0.9031
vn 0.0527 -0.5040 -0.8621
vn 0.2200 -0.2938 -0.9302
vn 0.2685 -0.3763 -0.8867
vn 0.1565 -0.1137 -0.9811
vn 0.0923 -0.0074 -0.9957
vn 0.1785 -0.0682 -0.9816
vn 0.2273 -0.3249 -0.9180
vn 0.1059 -0.4070 -0.9073
vn -0.0019 0.2289 -0.9735
vn -0.0341 0.0758 -0.9965
vn 0.1983 0.1412 -0.9699
vn 0.3254 -0.0516 -0.9442
vn 0.3181 -0.2544 -0.9133
vn 0.4545 -0.1555 -0.8771
vn 0.1188 0.0809 -0.9896
vn 0.2429 0.1057 -0.9643
vn 0.4279 0.0952 -0.8988
vn 0.4942 -0.0113 -0.8693
vn 0.5305 -0.1003 -0.8417
vn 0.4922 0.0884 -0.8660
vn 0.4477 0.1118 -0.8872
vn 0.4865 -0.0161 -0.8735
vn 0.2200 0.2832 -0.9335
vn 0.4064 0.2235 -0.8860
vn 0.3547 0.3774 -0.8554
vn 0.2240 0.4555 -0.8616
vn 0.3375 0.4601 -0.8212
vn 0.0956 0.4288 -0.8983
vn 0.1034 0.4946 -0.8630
vn 0.0464 0.2567 -0.9654
vn 0.0384 0.1328 -0.9904
vn 0.1025 0.4508 -0.8867
vn 0.2239 0.4519 -0.8635
vn -0.1325 0.2953 -0.9462
vn -0.0217 0.4404 -0.8975
vn -0.1472 0.1256 -0.9811
vn -0.2006 0.4344 -0.8781
vn -0.3029 0.2376 -0.9229
vn -0.3036 0.3501 -0.8861
vn -0.2742 0.4181 -0.8660
vn -0.3572 0.2798 -0.8911
vn -0.3165 0.6991 0.6411
vn -0.3437 0.2993 0.8901
vn -0.3051 0.4563 0.8359
vn -0.2337 0.7129 0.6611
vn -0.1340 -0.0062 0.9910
vn -0.2326 0.4570 0.8585
vn -0.1691 0.5687 0.8050
vn -0.2579 0.3073 0.9160
vn -0.2824 0.2294 0.9315
vn -0.2087 0.4847 0.8494
vn 0.2130 -0.4851 0.8481
vn 0.1343 -0.4765 0.8688
vn -0.3021 0.0664 0.9510
vn 0.1343 -0.4765 0.8689
vn -0.3062 0.4872 0.8179
vn -0.1275 0.6743 0.7274
vn -0.1645 0.6554 0.7371
vn 0.0313 -0.3375 0.9408
vn 0.0458 -0.3439 0.9379
vn 0.1696 -0.4684 0.8671
vn -0.2098 0.0782 0.9746
vn -0.0436 -0.2210 0.9743
vn -0.0561 -0.2884 0.9559
vn 0.1170 -0.5959 0.7945
vn -0.0985 -0.4138 0.9050
vn 0.0036 -0.7489 0.6626
vn -0.0083 0.0450 0.9990
vn -0.0381 -0.0520 0.9979
vn -0.1303 -0.1255 0.9835
vn 0.0661 -0.0528 0.9964
vn 0.1598 -0.2010 0.9665
vn 0.4425 -0.2085 0.8722
vn 0.4710 -0.0895 0.8776
vn 0.1532 -0.1466 0.9773
vn 0.4177 -0.0081 0.9085
vn -0.2254 -0.1623 0.9607
vn 0.1085 -0.1260 0.9861
vn -0.0297 -0.1901 0.9813
vn 0.2553 -0.0902 0.9626
vn -0.7481 0.0959 0.6566
vn -0.7339 0.0080 0.6792
vn -0.2303 -0.2766 0.9330
vn 0.4129 -0.0458 0.9096
vn 0.2545 -0.1859 0.9490
vn 0.4234 -0.0191 0.9057
vn -0.6598 0.0331 0.7507
vn -0.7517 0.1131 0.6497
vn -0.6658 0.0460 0.7447
vn -0.5011 -0.1039 0.8592
vn -0.6184 -0.0460 0.7845
vn -0.8452 0.0393 0.5329
vn -0.5752 -0.1190 0.8093
vn -0.7340 -0.0638 0.6761
vn -0.4591 -0.1790 0.8702
vn 0.2721 0.3896 0.8799
vn 0.1630 0.1106 0.9804
vn 0.1597 0.4248 0.8911
vn 0.0041 -0.1530 0.9882
vn 0.1119 0.1167 0.9868
vn 0.0480 0.4323 0.9005
vn 0.0165 -0.2559 0.9666
vn 0.0632 0.1225 0.9905
vn 0.0986 -0.0899 0.9911
vn 0.0861 0.1967 0.9767
vn -0.3960 -0.6708 0.6270
vn -0.3999 -0.6701 0.6254
vn 0.0898 -0.2848 0.9544
vn -0.3998 -0.6701 0.6254
vn 0.0898 -0.2847 0.9544
vn 0.0397 0.4171 0.9080
vn 0.1538 0.1770 0.9721
vn 0.0611 0.3985 0.9151
vn -0.1848 -0.5768 0.7957
vn -0.4745 -0.6911 0.5452
vn -0.2153 -0.5824 0.7839
vn -0.2824 -0.5693 0.7721
vn 0.3041 -0.2621 0.9158
vn -0.3987 -0.8001 0.4481
vn -0.2399 -0.6156 0.7507
vn -0.2476 -0.7894 0.5617
vn -0.1280 -0.6038 0.7868
vn -0.0027 -0.5086 0.8610
vn -0.4503 0.4303 0.7823
vn -0.1908 0.2282 0.9548
vn -0.1516 0.1371 0.9789
vn -0.4258 0.2907 0.8569
vn 0.1883 -0.0670 0.9798
vn -0.1451 0.0949 0.9848
vn -0.4592 0.1793 0.8700
vn 0.0277 0.0600 0.9978
vn -0.2508 0.1491 0.9565
vn 0.4792 -0.5750 0.6631
vn 0.5148 -0.4989 0.6972
vn 0.2465 0.0071 0.9691
vn -0.5080 0.2067 0.8362
vn -0.2969 0.2137 0.9307
vn -0.5372 0.1899 0.8218
vn 0.4155 -0.3630 0.8340
vn 0.4569 -0.4906 0.7420
vn 0.4128 -0.3822 0.8268
vn 0.3660 -0.2298 0.9018
vn 0.5868 -0.5655 0.5796
vn 0.4389 -0.3691 0.8192
vn 0.6343 -0.4587 0.6223
vn 0.4612 -0.3041 0.8335
vn 0.4203 -0.1667 0.8919
vn -0.5923 -0.2471 0.7669
vn -0.3373 -0.0804 0.9380
vn -0.2611 -0.0955 0.9606
vn -0.4858 -0.3103 0.8171
vn -0.3621 -0.3448 0.8660
vn 0.0400 0.1505 0.9878
vn -0.1982 -0.0845 0.9765
vn -0.1166 0.0943 0.9887
vn -0.2943 -0.1792 0.9388
vn 0.6752 0.2746 0.6846
vn 0.6348 0.3216 0.7026
vn -0.0152 0.2428 0.9700
vn -0.4147 -0.3516 0.8393
vn -0.3741 -0.0938 0.9226
vn -0.4186 -0.3383 0.8428
vn 0.5350 0.2497 0.8071
vn 0.7132 0.2349 0.6604
vn 0.5530 0.2393 0.7980
vn 0.1730 0.2979 0.9388
vn 0.7341 0.1162 0.6690
vn 0.4455 0.3028 0.8425
vn 0.7346 0.3856 0.5582
vn 0.4505 0.3760 0.8098
vn 0.6927 0.5104 0.5096
vn 0.2243 0.3683 0.9022
vt 0.664483 0.273198
vt 0.659103 0.273198
vt 0.660903 0.269608
vt 0.662693 0.269608
vt 0.664483 0.262438
vt 0.662693 0.266018
vt 0.659103 0.262438
vt 0.660903 0.266018
vt 0.647010 0.496480
vt 0.756140 0.278220
vt 0.865270 0.496480
vt 0.756140 0.714730
vt 0.660903 0.254428
vt 0.659083 0.257988
vt 0.664533 0.257988
vt 0.662713 0.254428
vt 0.664533 0.247298
vt 0.662713 0.250868
vt 0.659083 0.247298
vt 0.660903 0.250868
vt 0.647590 0.496290
vt 0.756530 0.278400
vt 0.865470 0.496290
vt 0.756530 0.714150
vt 0.621522 0.333986
vt 0.624942 0.339356
vt 0.622982 0.341796
vt 0.628602 0.339356
vt 0.625672 0.343266
vt 0.626412 0.328126
vt 0.630802 0.330566
vt 0.621282 0.326656
vt 0.632752 0.321536
vt 0.627382 0.315426
vt 0.622012 0.320066
vt 0.622502 0.315426
vt 0.634222 0.315676
vt 0.634952 0.328616
vt 0.632752 0.324706
vt 0.638852 0.329106
vt 0.630312 0.306156
vt 0.640072 0.319336
vt 0.642522 0.328616
vt 0.645202 0.322266
vt 0.646422 0.325686
vt 0.645202 0.315426
vt 0.647162 0.321046
vt 0.642032 0.310056
vt 0.638132 0.306396
vt 0.635682 0.303226
vt 0.640322 0.304196
vt 0.639352 0.306886
vt 0.625182 0.303226
vt 0.622982 0.314696
vt 0.630312 0.295656
vt 0.639842 0.293706
vt 0.643252 0.300536
vt 0.645202 0.295406
vt 0.632752 0.291506
vt 0.636662 0.285886
vt 0.641292 0.283206
vt 0.644472 0.287106
vt 0.646672 0.287596
vt 0.644962 0.283206
vt 0.632262 0.286866
vt 0.632992 0.290526
vt 0.626412 0.285396
vt 0.630802 0.280026
vt 0.628842 0.275636
vt 0.624702 0.275386
vt 0.625432 0.271236
vt 0.622012 0.280766
vt 0.622982 0.273196
vt 0.622252 0.288326
vt 0.623962 0.297366
vt 0.621762 0.296876
vt 0.623232 0.296146
vt 0.618832 0.305416
vt 0.618592 0.295896
vt 0.618352 0.314946
vt 0.615662 0.297366
vt 0.614202 0.311276
vt 0.613462 0.304196
vt 0.612002 0.301266
vt 0.611752 0.306396
vt 0.634952 0.323726
vt 0.633732 0.322026
vt 0.635192 0.322756
vt 0.637392 0.326176
vt 0.633732 0.314206
vt 0.637642 0.325196
vt 0.641292 0.328616
vt 0.641292 0.327636
vt 0.643742 0.327636
vt 0.644472 0.328616
vt 0.644232 0.324216
vt 0.643252 0.323246
vt 0.645452 0.322756
vt 0.646182 0.323726
vt 0.644712 0.315916
vt 0.640072 0.317876
vt 0.644232 0.316646
vt 0.642032 0.311276
vt 0.642522 0.310056
vt 0.638612 0.307376
vt 0.639102 0.306156
vt 0.635192 0.302736
vt 0.630802 0.306156
vt 0.628122 0.314456
vt 0.630312 0.295896
vt 0.632752 0.321776
vt 0.633242 0.322026
vt 0.632512 0.329586
vt 0.632022 0.329106
vt 0.630802 0.335446
vt 0.627632 0.327146
vt 0.630312 0.334966
vt 0.627632 0.339356
vt 0.627632 0.341306
vt 0.626652 0.337406
vt 0.626652 0.335936
vt 0.624942 0.338376
vt 0.624702 0.339356
vt 0.623472 0.333496
vt 0.624212 0.333496
vt 0.623962 0.325686
vt 0.622982 0.325686
vt 0.624212 0.319826
vt 0.623472 0.320316
vt 0.623962 0.316896
vt 0.623962 0.316406
vt 0.623962 0.314696
vt 0.619572 0.315186
vt 0.625672 0.303716
vt 0.619822 0.313476
vt 0.616642 0.312746
vt 0.619822 0.306156
vt 0.616642 0.311276
vt 0.613952 0.307376
vt 0.613222 0.307616
vt 0.614692 0.304686
vt 0.615662 0.304936
vt 0.614202 0.301516
vt 0.613712 0.301266
vt 0.616402 0.298096
vt 0.616642 0.299316
vt 0.619572 0.296386
vt 0.619572 0.298096
vt 0.622502 0.297116
vt 0.622502 0.298336
vt 0.623722 0.296386
vt 0.624452 0.295896
vt 0.622742 0.288326
vt 0.622012 0.288816
vt 0.626652 0.285646
vt 0.622502 0.282226
vt 0.621762 0.282476
vt 0.623472 0.275636
vt 0.623232 0.274166
vt 0.624702 0.276126
vt 0.624942 0.277586
vt 0.625922 0.273926
vt 0.625922 0.272466
vt 0.628602 0.276126
vt 0.628122 0.276856
vt 0.630312 0.280276
vt 0.629832 0.281246
vt 0.632022 0.285646
vt 0.631292 0.286626
vt 0.632992 0.289556
vt 0.633242 0.290036
vt 0.633732 0.291256
vt 0.636662 0.286376
vt 0.636172 0.285396
vt 0.639592 0.282716
vt 0.639352 0.292726
vt 0.639842 0.284176
vt 0.643002 0.283696
vt 0.643742 0.282476
vt 0.643252 0.286866
vt 0.642522 0.287846
vt 0.644712 0.288086
vt 0.645452 0.287596
vt 0.644472 0.293706
vt 0.643742 0.292966
vt 0.641782 0.298826
vt 0.642272 0.300046
vt 0.639592 0.302736
vt 0.640072 0.303716
vt 0.638612 0.305416
s 1
usemtl Material.001
f 3/1/1 2/2/2 1/3/3
f 4/4/4 3/1/1 1/3/3
f 5/5/5 3/1/1 4/4/4
f 6/6/6 5/5/5 4/4/4
f 7/7/7 5/5/5 6/6/6
f 8/8/8 7/7/7 6/6/6
f 2/2/2 7/7/7 8/8/8
f 1/3/3 2/2/2 8/8/8
f 8/9/8 6/10/6 4/11/4
f 1/12/3 8/9/8 4/11/4
f 9/13/9 2/14/10 3/15/11
f 10/16/12 9/13/9 3/15/11
f 10/16/12 3/15/11 5/17/13
f 11/18/14 10/16/12 5/17/13
f 11/18/14 5/17/13 7/19/15
f 12/20/16 11/18/14 7/19/15
f 12/20/16 7/19/15 2/14/10
f 9/13/9 12/20/16 2/14/10
f 10/21/12 11/22/14 12/23/16
f 9/24/9 10/21/12 12/23/16
f 15/25/17 14/26/18 13/27/19
f 17/28/20 16/29/21 14/26/18
f 15/25/17 18/30/22 14/26/18
f 14/26/18 18/30/22 17/28/20
f 17/28/20 18/30/22 19/31/23
f 20/32/24 18/30/22 15/25/17
f 19/31/23 18/30/22 21/33/25
f 20/32/24 22/34/26 18/30/22
f 22/34/26 21/33/25 18/30/22
f 20/32/24 23/35/27 22/34/26
f 22/34/26 23/35/27 24/36/28
f 25/37/29 21/33/25 22/34/26
f 25/37/29 27/38/30 26/39/31
f 27/38/30 25/37/29 28/40/32
f 29/41/33 25/37/29 22/34/26
f 30/42/34 28/40/32 25/37/29
f 31/43/35 28/40/32 30/42/34
f 31/43/35 33/44/36 32/45/37
f 33/44/36 31/43/35 30/42/34
f 35/46/38 34/47/39 33/44/36
f 35/46/38 33/44/36 30/42/34
f 30/42/34 36/48/40 35/46/38
f 36/48/40 30/42/34 37/49/41
f 25/37/29 37/49/41 30/42/34
f 38/50/42 37/49/41 25/37/29
f 29/41/33 38/50/42 25/37/29
f 38/50/42 40/51/43 39/52/44
f 29/41/33 22/34/26 41/53/45
f 22/34/26 42/54/46 41/53/45
f 29/41/33 43/55/47 38/50/42
f 29/41/33 41/53/45 43/55/47
f 38/50/42 44/56/48 40/51/43
f 45/57/49 40/51/43 44/56/48
f 46/58/50 45/57/49 44/56/48
f 43/55/47 47/59/51 38/50/42
f 38/50/42 47/59/51 44/56/48
f 48/60/52 44/56/48 47/59/51
f 48/60/52 49/61/53 44/56/48
f 50/62/54 46/58/50 44/56/48
f 50/62/54 44/56/48 49/61/53
f 46/58/50 50/62/54 51/63/55
f 49/61/53 52/64/56 50/62/54
f 43/55/47 54/65/57 53/66/58
f 43/55/47 55/67/59 54/65/57
f 56/68/60 54/65/57 55/67/59
f 56/68/60 55/67/59 57/69/61
f 57/69/61 59/70/62 58/71/63
f 57/69/61 55/67/59 59/70/62
f 61/72/64 60/73/65 59/70/62
f 55/67/59 61/72/64 59/70/62
f 55/67/59 62/74/66 61/72/64
f 62/74/66 55/67/59 63/75/67
f 43/55/47 63/75/67 55/67/59
f 41/53/45 63/75/67 43/55/47
f 41/53/45 65/76/68 64/77/69
f 41/53/45 66/78/70 65/76/68
f 41/53/45 42/54/46 66/78/70
f 67/79/71 65/76/68 66/78/70
f 68/80/72 66/78/70 42/54/46
f 69/81/73 67/79/71 66/78/70
f 68/80/72 70/82/74 66/78/70
f 71/83/75 69/81/73 66/78/70
f 70/82/74 71/83/75 66/78/70
f 69/81/73 71/83/75 72/84/76
f 70/82/74 73/85/77 71/83/75
f 47/86/78 43/87/79 74/88/80
f 47/86/78 74/88/80 48/89/81
f 53/90/82 74/88/80 43/87/79
f 75/91/83 48/89/81 74/88/80
f 74/88/80 53/90/82 75/91/83
f 48/89/81 75/91/83 49/92/84
f 76/93/85 49/92/84 75/91/83
f 76/93/85 77/94/86 49/92/84
f 52/95/87 49/92/84 77/94/86
f 52/95/88 77/94/88 50/96/89
f 78/97/90 77/94/86 76/93/85
f 78/97/90 50/96/91 77/94/86
f 78/97/90 76/93/85 75/91/83
f 78/97/90 79/98/92 50/96/93
f 51/99/94 50/96/93 79/98/92
f 51/99/95 79/98/96 46/100/97
f 75/91/83 80/101/98 78/97/90
f 80/101/98 75/91/83 53/90/82
f 78/97/90 81/102/99 79/98/92
f 81/102/99 46/100/97 79/98/96
f 78/97/90 80/101/98 81/102/99
f 81/102/99 82/103/100 46/100/97
f 82/103/100 81/102/99 80/101/98
f 45/104/101 46/100/97 82/103/100
f 82/103/100 80/101/98 83/105/102
f 45/104/101 82/103/100 83/105/102
f 53/90/82 83/105/102 80/101/98
f 83/105/102 40/106/103 45/104/101
f 40/106/103 83/105/102 39/107/104
f 39/107/104 83/105/102 53/90/82
f 84/108/105 39/107/104 53/90/82
f 84/108/105 53/90/82 64/109/106
f 84/108/105 26/110/107 39/107/104
f 53/90/82 85/111/108 64/109/106
f 54/112/109 85/111/108 53/90/82
f 54/112/109 56/113/110 85/111/108
f 86/114/111 85/111/108 56/113/110
f 86/114/111 56/113/110 57/115/112
f 86/114/111 87/116/113 85/111/108
f 64/109/106 85/111/108 87/116/113
f 57/115/112 88/117/114 86/114/111
f 86/114/111 88/117/114 87/116/113
f 88/117/114 57/115/112 89/118/115
f 58/119/116 89/118/115 57/115/112
f 58/119/117 59/120/118 89/118/117
f 90/121/119 88/117/114 89/118/115
f 90/121/119 89/118/115 59/120/118
f 90/121/119 87/116/113 88/117/114
f 90/121/119 59/120/120 91/122/121
f 60/123/122 91/122/121 59/120/120
f 60/123/123 61/124/124 91/122/125
f 90/121/119 91/122/121 92/125/126
f 92/125/126 91/122/125 61/124/124
f 93/126/127 87/116/113 90/121/119
f 90/121/119 92/125/126 93/126/127
f 92/125/126 61/124/124 93/126/127
f 64/109/106 87/116/113 93/126/127
f 62/127/128 93/126/127 61/124/124
f 93/126/127 62/127/128 94/128/129
f 93/126/127 94/128/129 64/109/106
f 63/129/130 94/128/129 62/127/128
f 63/129/130 41/130/131 94/128/129
f 64/109/106 94/128/129 41/130/131
f 65/131/132 95/132/133 64/109/106
f 65/131/132 67/133/134 95/132/133
f 64/109/106 95/132/133 24/134/135
f 84/108/105 64/109/106 24/134/135
f 67/133/134 96/135/136 95/132/133
f 96/135/136 67/133/134 69/136/137
f 84/108/105 24/134/135 26/110/107
f 96/135/136 97/137/138 95/132/133
f 24/134/135 95/132/133 97/137/138
f 69/136/137 98/138/139 96/135/136
f 96/135/136 98/138/139 97/137/138
f 98/138/139 69/136/137 99/139/140
f 72/140/141 99/139/140 69/136/137
f 72/140/142 71/141/143 99/139/142
f 100/142/144 98/138/139 99/139/140
f 100/142/144 99/139/140 71/141/145
f 100/142/144 97/137/138 98/138/139
f 100/142/146 71/141/147 101/143/148
f 73/144/149 101/143/148 71/141/147
f 73/144/150 70/145/151 101/143/152
f 102/146/153 101/143/152 70/145/151
f 100/142/146 101/143/148 102/146/154
f 102/146/153 70/145/151 68/147/155
f 103/148/156 97/137/138 100/142/144
f 100/142/144 102/146/153 103/148/156
f 68/147/155 103/148/156 102/146/153
f 103/148/156 24/134/135 97/137/138
f 103/148/156 68/147/155 42/149/157
f 42/149/157 104/150/158 103/148/156
f 104/150/158 24/134/135 103/148/156
f 42/149/157 22/75/159 104/150/158
f 24/134/135 104/150/158 22/75/159
f 23/151/160 105/152/161 24/134/135
f 24/134/135 105/152/161 26/110/107
f 105/152/161 23/151/160 106/153/162
f 20/154/163 106/153/162 23/151/160
f 106/153/162 107/155/164 105/152/161
f 26/110/107 105/152/161 107/155/164
f 106/153/162 20/154/163 108/156/165
f 106/153/162 108/156/165 107/155/164
f 15/157/166 108/156/165 20/154/163
f 108/156/165 15/157/166 109/158/167
f 13/159/168 109/158/167 15/157/166
f 13/159/169 14/160/170 109/158/169
f 110/161/171 108/156/165 109/158/167
f 110/161/171 109/158/167 14/160/170
f 110/161/171 107/155/164 108/156/165
f 110/161/171 14/160/172 111/162/173
f 16/163/174 111/162/173 14/160/172
f 16/163/175 17/164/176 111/162/177
f 112/165/178 111/162/177 17/164/176
f 110/161/171 111/162/173 112/165/178
f 112/165/178 17/164/176 19/166/179
f 110/161/171 112/165/178 113/167/180
f 113/167/180 112/165/178 19/166/179
f 113/167/180 107/155/164 110/161/171
f 19/166/179 21/168/181 113/167/180
f 113/167/180 114/169/182 107/155/164
f 114/169/182 113/167/180 21/168/181
f 26/110/107 107/155/164 114/169/182
f 21/168/181 25/170/183 114/169/182
f 26/110/107 114/169/182 25/170/183
f 27/171/184 115/172/185 26/110/107
f 26/110/107 115/172/185 39/107/104
f 115/172/185 27/171/184 116/173/186
f 28/174/187 116/173/186 27/171/184
f 116/173/186 28/174/187 31/175/188
f 39/107/104 115/172/185 117/176/189
f 116/173/186 117/176/189 115/172/185
f 31/175/188 118/177/190 116/173/186
f 116/173/186 118/177/190 117/176/189
f 118/177/190 31/175/188 119/178/191
f 32/179/192 119/178/191 31/175/188
f 32/179/193 33/180/194 119/178/193
f 120/181/195 118/177/190 119/178/191
f 120/181/195 119/178/191 33/180/194
f 120/181/195 117/176/189 118/177/190
f 120/181/195 33/180/196 121/182/197
f 34/183/198 121/182/197 33/180/196
f 34/183/199 35/184/200 121/182/201
f 120/181/195 121/182/197 122/185/202
f 122/185/203 121/182/201 35/184/200
f 120/181/195 122/185/202 123/186/204
f 122/185/202 35/184/200 123/186/204
f 123/186/204 117/176/189 120/181/195
f 36/187/205 123/186/204 35/184/200
f 123/186/204 124/188/206 117/176/189
f 123/186/204 36/187/205 124/188/206
f 39/107/104 117/176/189 124/188/206
f 37/189/207 124/188/206 36/187/205
f 39/107/104 124/188/206 38/190/208
f 37/189/207 38/190/208 124/188/206
o blade
v -8.936676 0.525070 -1.168322
v -6.441694 -0.388096 -0.385480
v -8.922649 -0.174107 -3.315581
v -6.420189 -1.495285 -3.293189
v 21.853151 2.639053 -0.048929
v 25.337324 2.676328 -1.293187
v 21.892075 0.237858 -0.968285
v 25.361315 1.197535 -1.860211
v 27.031818 2.728896 0.588165
v 27.073929 0.141343 -0.496923
v 25.337324 2.676328 -1.293187
v 25.361315 1.197535 -1.860211
v 25.373165 0.568521 -3.269299
v 27.095055 -0.956825 -3.245370
v 21.911354 -0.782101 -3.256334
v 25.373165 0.568521 -3.269299
v -168.540237 -2.544833 -1.029159
v -171.065598 -2.562456 -0.698806
v -168.576050 -0.341219 -0.126444
v -171.101013 -0.377033 0.139803
v -171.046768 -3.503144 -3.536878
v -168.521896 -3.487718 -3.532927
v -171.592880 -2.202640 -1.290809
v -171.622177 -0.395414 -0.598601
v -8.936676 0.525070 -1.168322
v -82.148193 -0.632381 -1.270508
v -8.963018 2.150067 -0.545532
v -82.174713 1.003350 -0.642644
v -8.922649 -0.174107 -3.315581
v -82.134079 -1.336834 -3.420221
v -82.199097 2.621099 -1.315573
v -8.987246 3.757225 -1.213091
v -8.994150 4.396771 -3.378894
v -82.206085 3.265851 -3.483975
v -168.287018 -2.000353 -1.389751
v -168.272781 -2.711501 -3.543248
v 14.830563 0.835855 -1.624396
v 14.759812 2.515174 -0.980695
v 7.709375 2.397061 -1.544667
v 7.729363 1.164303 -2.016704
v 0.639666 0.680437 -1.537646
v 0.591726 2.294362 -0.919962
v 14.844129 0.120921 -3.280472
v 7.739422 0.639122 -3.299351
v 0.652984 -0.008026 -3.302088
v -6.483732 2.204855 0.609564
v -8.963018 2.150067 -0.545532
v -168.313843 -0.345834 -0.755745
v -82.148193 -0.632381 -1.270508
v -82.134079 -1.336834 -3.420221
v -168.287018 -2.000353 -1.389751
v -168.272781 -2.711501 -3.543248
v -168.313843 -0.345834 -0.755745
v -82.174713 1.003350 -0.642644
v -82.199097 2.621099 -1.315573
v -168.338501 1.290525 -1.435333
v -82.206085 3.265851 -3.483975
v -168.345596 1.941867 -3.607702
v -174.640076 -2.244393 -1.141092
v -174.624451 -3.021818 -3.549430
v -175.330002 -2.644149 -1.401394
v -175.312302 -3.578002 -3.542875
v -175.365555 -0.453161 -0.539613
v -174.669327 -0.441045 -0.451357
v -177.583984 -3.341917 -0.683443
v -177.630005 -0.479306 0.130450
v -177.560822 -4.560174 -3.533005
v -171.577484 -2.978109 -3.545011
v -180.626358 -3.714903 -0.292417
v -180.659439 -1.646552 0.182703
v -178.277115 -3.599466 -0.393085
v -178.308838 -1.611383 0.016428
v -182.618469 -4.468969 0.483354
v -180.608444 -4.662031 -2.433042
v -182.601212 -5.304017 -2.426273
v -184.523285 -5.227230 1.249048
v -184.485138 -7.328817 -2.401385
v -182.663177 -1.672740 1.123280
v -184.581482 -1.676301 3.032979
v -178.260330 -4.483828 -2.431634
v 45.725750 -0.866367 -1.953610
v 43.400642 0.265647 -1.973095
v 45.701488 0.577635 -0.817973
v 40.112514 1.709393 -1.890478
v 45.662216 3.011972 -0.017524
v 40.093098 2.905492 -1.414732
v 35.409641 1.775716 -1.989794
v 40.123100 1.043782 -1.989257
v 35.392467 2.830365 -1.529443
v 30.755629 1.463385 -1.710936
v 35.419441 1.211637 -2.659627
v 30.734438 2.762954 -1.135028
v 30.768290 0.797078 -3.263563
v 35.376839 3.871882 -2.018829
v 40.075317 4.087983 -1.923424
v 45.625690 5.423249 -0.885092
v 40.065090 4.750607 -2.040601
v 30.715240 4.046104 -1.746711
v 35.369293 4.417229 -2.704029
v 30.707722 4.669233 -3.317197
v 26.993439 5.285460 -0.568177
v 26.981417 6.307227 -3.345987
v 35.371262 4.400588 -3.907624
v 43.316681 5.631019 -2.047412
v 45.605263 6.835304 -2.060287
v -178.277115 -3.599466 -0.393085
v -178.308838 -1.611383 0.016428
v -178.260330 -4.483828 -2.431634
v -178.256683 -4.514336 -4.638365
v -178.343842 0.627393 -0.014582
v -178.374146 2.603395 -0.479002
v -177.673203 2.359708 -0.762418
v -177.686905 3.498721 -3.644629
v -178.384155 3.431059 -2.541265
v -178.380524 3.400550 -4.747994
v -178.363739 2.516187 -6.786714
v -177.663727 2.280462 -6.494359
v -177.617737 -0.582150 -7.308251
v -178.332001 0.528104 -7.196226
v -178.266693 -3.686672 -6.700797
v -177.574539 -3.421164 -6.415384
v -178.296982 -1.710672 -7.165215
v -189.071426 -3.782551 -0.459739
v -189.122269 -0.650068 0.782412
v -185.654327 -5.288028 1.217191
v -185.713425 -1.664675 2.840733
v -185.747696 0.527263 2.810372
v -185.801270 4.104345 1.087095
v -189.168884 2.446874 -0.546024
v -192.093338 -5.555937 1.089475
v -192.172562 -0.667908 2.939634
v -192.054199 -7.633297 -3.514414
v -189.046173 -5.113481 -3.544292
v -192.512161 -6.723273 2.225855
v -192.610550 -0.652767 4.527519
v -192.093338 -5.555937 1.089475
v -192.172562 -0.667908 2.939634
v -192.463531 -9.304256 -3.491987
v -192.054199 -7.633297 -3.514414
v -195.488419 -5.609118 1.084612
v -195.567642 -0.721092 2.934771
v -195.449280 -7.686481 -3.519277
v -195.681335 -4.298682 -0.201171
v -195.738861 -0.748588 1.143027
v -195.652924 -5.806436 -3.545605
v -196.730301 -4.007032 -0.505152
v -196.782745 -0.770779 0.719893
v -196.704376 -5.382907 -3.553194
v -196.886353 -5.280814 0.740964
v -196.959793 -0.749447 2.459929
v -196.730301 -4.007032 -0.505152
v -196.782745 -0.770779 0.719893
v -196.850052 -7.207066 -3.528216
v -196.704376 -5.382907 -3.553194
v -207.452209 -3.158271 -1.656846
v -207.487732 -0.960434 -0.881257
v -223.229507 -1.958848 -3.074789
v -223.241180 -1.234138 -2.848442
v -207.434814 -4.091848 -3.588737
v -223.223923 -2.264699 -3.640033
v -225.154999 -1.275277 -3.656895
v -223.252090 -0.515965 -3.094776
v -225.154999 -1.275277 -3.656895
v -207.520630 1.215119 -1.717423
v -197.027359 3.732662 0.616118
v -207.531586 2.094934 -3.674433
v -197.049484 5.540151 -3.704779
v -223.255814 -0.225858 -3.668274
v -223.227631 -1.974591 -4.213531
v -223.238541 -1.256419 -4.460030
v -207.478683 -1.036481 -6.381911
v -207.445801 -3.212037 -5.545747
v -196.939743 -0.917467 -9.692923
v -196.872192 -5.399578 -7.849281
v -223.250214 -0.531708 -4.233516
v -207.514206 1.161354 -5.606322
v -197.013184 3.613899 -7.974127
v -182.700027 0.596170 2.032841
v -180.696106 0.607339 1.143860
v -182.664734 -1.659734 2.064088
v -180.661057 -1.632835 1.174889
v -178.693497 0.634165 0.869129
v -178.658478 -1.604611 0.900137
v -183.799576 -1.649955 4.051892
v -183.834885 0.605949 4.020647
v -180.593750 -5.399136 -4.630659
v -182.578629 -6.545362 -4.619265
v -180.597382 -5.368608 -2.422580
v -182.582275 -6.514801 -2.408827
v -178.597260 -5.209314 -2.421484
v -178.593613 -5.239841 -4.629563
v -183.771179 -8.239070 -4.597308
v -183.774841 -8.208527 -2.388052
v -178.343842 0.627393 -0.014582
v -178.308838 -1.611383 0.016428
v -182.664734 -1.659734 2.064088
v -180.661057 -1.632835 1.174889
v -182.663177 -1.672740 1.123280
v -180.659439 -1.646552 0.182703
v -178.658478 -1.604611 0.900137
v -178.308838 -1.611383 0.016428
v -184.581482 -1.676301 3.032979
v -183.799576 -1.649955 4.051892
v -185.715591 -1.674058 4.475842
v -184.760178 -1.639650 5.880761
v -182.495895 -1.612087 5.313283
v -183.281631 -1.606165 6.628284
v -185.713425 -1.664675 2.840733
v -178.597260 -5.209314 -2.421484
v -180.597382 -5.368608 -2.422580
v -178.260330 -4.483828 -2.431634
v -180.608444 -4.662031 -2.433042
v -182.582275 -6.514801 -2.408827
v -182.601212 -5.304017 -2.426273
v -184.485138 -7.328817 -2.401385
v -183.774841 -8.208527 -2.388052
v -185.590866 -9.010511 -2.379958
v -185.620178 -7.128927 -2.492117
v -184.700348 -10.271630 -2.361054
v -183.210159 -10.904351 -2.349849
v -182.183838 -9.720015 -2.364532
v -183.316925 0.649738 6.597037
v -182.531189 0.643816 5.282038
v -183.281631 -1.606165 6.628284
v -182.495895 -1.612087 5.313283
v -185.587219 -9.041057 -4.589214
v -185.616821 -7.157088 -4.529046
v -185.590866 -9.010511 -2.379958
v -185.620178 -7.128927 -2.492117
v -184.700348 -10.271630 -2.361054
v -184.696701 -10.302176 -4.570312
v -183.210159 -10.904351 -2.349849
v -183.206512 -10.934896 -4.559107
v -185.620178 -7.128927 -2.492117
v -185.747696 0.527263 2.810372
v -185.750900 0.581846 4.444595
v -185.713425 -1.664675 2.840733
v -185.715591 -1.674058 4.475842
v -184.795456 0.616254 5.849516
v -184.760178 -1.639650 5.880761
v -185.616821 -7.157088 -4.529046
v -185.620178 -7.128927 -2.492117
v -185.638657 -5.419443 -8.288090
v -189.061188 -3.868334 -6.664527
v 46.913467 1.076739 -1.308787
v 46.932465 -0.076548 -1.962539
v 46.882072 3.022022 -0.669879
v 48.754868 0.132354 0.078945
v 48.785282 -1.623958 -1.937418
v 48.707184 3.076155 1.176960
v 50.604156 -1.006014 -1.943635
v 52.400856 0.921993 -0.766701
v 52.365280 3.117791 0.051206
v 55.759590 3.177514 0.529084
v 55.800247 0.669271 -0.407995
v 59.062801 3.268705 3.381850
v 59.134056 -1.130971 1.743454
v 60.275326 3.340035 7.161992
v 60.387188 -3.566452 4.589190
v 59.182644 -3.783108 -3.153388
v 57.503124 -2.290225 -1.908103
v 60.463387 -7.726879 -3.096752
v 55.828842 -1.017521 -1.934861
v 52.509800 -0.368007 -1.949988
v 57.507317 -2.325298 -4.445001
v 61.257744 -3.552814 4.590439
v 61.333939 -7.713243 -3.095506
v 60.387188 -3.566452 4.589190
v 60.463387 -7.726879 -3.096752
v 60.275326 3.340035 7.161992
v 61.145878 3.353673 7.163238
v 62.892857 -2.182696 3.036761
v 62.953999 -5.521961 -3.123130
v 62.803234 3.351081 5.104250
v 63.831722 -0.828832 1.487387
v 63.877739 -3.341586 -3.151751
v 63.764248 3.337510 3.039044
v 66.060272 1.661091 -0.969048
v 66.079300 0.651314 -3.203325
v 66.033096 3.327904 -0.217105
v 66.586365 1.386637 -0.574847
v 66.608704 0.200904 -3.196224
v 66.060272 1.661091 -0.969048
v 66.079300 0.651314 -3.203325
v 66.033096 3.327904 -0.217105
v 66.554443 3.343369 0.310563
v 66.525528 5.274874 -0.628706
v 66.008453 4.973291 -1.014925
v 66.511902 6.387685 -3.281919
v 65.996857 5.920915 -3.276315
v 67.103302 1.769278 -0.887783
v 67.121597 0.813082 -3.203842
v 67.077469 3.345759 -0.107632
v 67.054321 4.900070 -0.931149
v 67.043686 5.791868 -3.272805
v 46.208580 -3.673080 -4.438594
v 45.012070 -2.381093 -3.802179
v 46.204418 -3.638184 -1.914499
v 45.010075 -2.364340 -2.590331
v 45.051311 -2.279963 -1.935179
v 43.024292 -0.672344 -2.617502
v 43.065563 -0.587959 -1.961846
v 40.038353 0.958710 -2.645313
v 40.123100 1.043782 -1.989257
v 47.890953 -2.670583 -4.449680
v 46.208580 -3.673080 -4.438594
v 47.886791 -2.635687 -1.925585
v 46.204418 -3.638184 -1.914499
v 50.025558 -2.980824 -1.917286
v 50.029716 -3.015720 -4.441383
v 51.699879 -4.256412 -1.896891
v 51.704037 -4.291308 -4.420986
v 52.250179 -6.034881 -1.871395
v 52.254341 -6.069779 -4.395490
v 52.014725 -7.681615 -1.849016
v 52.018887 -7.716513 -4.373111
v 50.994125 -9.234188 -1.829234
v 50.998283 -9.269084 -4.353330
v 49.523716 -9.865387 -1.822932
v 49.527874 -9.900285 -4.347027
v 48.303131 -9.767034 -1.826305
v 48.307289 -9.801930 -4.350400
v 47.330536 -8.822036 -1.840974
v 47.334724 -8.856932 -4.365069
v 47.321709 -8.256660 -1.848804
v 47.325867 -8.291559 -4.372899
v 35.421410 1.194996 -3.863221
v 35.419441 1.211637 -2.659627
v 30.760771 1.420207 -4.834049
v 27.083035 0.064941 -6.023182
v 35.413864 1.740340 -4.548591
v 35.398232 2.781858 -5.037976
v 40.099251 2.854001 -5.139220
v 40.117035 1.671510 -4.630528
v 45.672955 2.922066 -6.520471
v 45.709476 0.510791 -5.652903
v 40.127258 1.008886 -4.513351
v 30.741573 2.703360 -5.445564
v 27.044653 2.621505 -7.179524
v 43.404800 0.230751 -4.497190
v 45.729908 -0.901263 -4.477705
v 35.381062 3.836506 -4.577624
v 40.079834 4.050100 -4.663476
v 45.633682 5.356403 -5.720019
v 40.069252 4.715711 -4.564696
v 35.371262 4.400588 -3.907624
v 43.320839 5.596123 -4.571507
v 45.609425 6.800407 -4.584384
v 30.720385 4.002927 -4.869823
v 27.002542 5.209059 -6.094436
v 46.204418 -3.638184 -1.914499
v 45.051311 -2.279963 -1.935179
v 45.725750 -0.866367 -1.953610
v 43.065563 -0.587959 -1.961846
v 43.400642 0.265647 -1.973095
v 40.123100 1.043782 -1.989257
v 47.886791 -2.635687 -1.925585
v 46.932465 -0.076548 -1.962539
v 48.785282 -1.623958 -1.937418
v 50.025558 -2.980824 -1.917286
v 50.604156 -1.006014 -1.943635
v 52.533440 -1.879916 -1.928373
v 51.699879 -4.256412 -1.896891
v 53.685780 -3.179586 -1.908504
v 54.403229 -4.512817 -1.888887
v 52.250179 -6.034881 -1.871395
v 54.346085 -6.423517 -1.862567
v 54.714066 -7.682159 -1.844558
v 52.014725 -7.681615 -1.849016
v 55.182281 -9.787411 -1.814679
v 54.691113 -11.790220 -1.787799
v 50.994125 -9.234188 -1.829234
v 52.632179 -13.753784 -1.764048
v 49.850967 -14.085260 -1.764052
v 49.523716 -9.865387 -1.822932
v 55.639416 -5.608395 -1.871703
v 56.955505 -6.249253 -1.860000
v 56.487354 -4.149427 -1.890476
v 57.713356 -4.594336 -1.881629
v 57.503124 -2.290225 -1.908103
v 56.288136 -2.551981 -1.912889
v 55.828842 -1.017521 -1.934861
v 47.094086 -13.189538 -1.780981
v 48.303131 -9.767034 -1.826305
v 45.502769 -11.656728 -1.804797
v 44.732700 -9.748320 -1.832451
v 47.330536 -8.822036 -1.840974
v 44.867161 -7.206914 -1.867365
v 47.321709 -8.256660 -1.848804
v 45.282436 -5.925340 -1.884399
v 46.744469 -4.760748 -1.898089
v 49.677521 -8.571828 -1.840562
v 48.479954 -4.370831 -1.900618
v 50.534145 -7.667572 -1.851652
v 49.966740 -4.795578 -1.892294
v 50.771706 -6.154012 -1.872185
v 48.025723 -8.736500 -1.841011
v -178.256683 -4.514336 -4.638365
v -178.260330 -4.483828 -2.431634
v -182.180206 -9.750559 -4.573788
v -182.183838 -9.720015 -2.364532
v 38.667698 -0.378493 -3.836115
v 35.421410 1.194996 -3.863221
v 38.665733 -0.361853 -2.632520
v 35.419441 1.211637 -2.659627
v 41.479374 -2.105000 -2.600581
v 41.481369 -2.121726 -3.810575
v 43.331306 -3.596305 -2.576066
v 43.333305 -3.613059 -3.787914
v 43.331306 -3.596305 -2.576066
v 41.479374 -2.105000 -2.600581
v 45.010075 -2.364340 -2.590331
v 43.024292 -0.672344 -2.617502
v 38.665733 -0.361853 -2.632520
v 40.038353 0.958710 -2.645313
v 35.419441 1.211637 -2.659627
v 35.419441 1.211637 -2.659627
v 45.012070 -2.381093 -3.802179
v 45.010075 -2.364340 -2.590331
v 69.015900 1.972285 -1.014811
v 69.032379 1.120439 -3.204942
v 68.992676 3.375441 -0.127966
v 72.264015 0.494893 -3.190964
v 72.243668 1.598172 -1.033800
v 72.213379 3.428739 0.082330
v 75.161911 -1.068145 -3.164577
v 75.130112 0.651122 0.230843
v 75.083542 3.495203 1.638904
v 76.199646 -0.850649 -0.575747
v 75.446381 -2.552203 -3.143589
v 76.403381 -2.652907 -1.484914
v 74.941719 -3.690957 -3.128678
v 68.972404 4.753541 -1.053334
v 68.963196 5.544512 -3.266219
v 72.173676 6.270972 -3.270971
v 72.186874 5.227752 -1.084076
v 75.021225 7.924009 -3.289129
v 75.041748 6.299269 0.152609
v 76.351761 5.950685 1.239412
v 75.865875 3.517674 2.377680
v 76.064148 7.810844 -0.695719
v 75.259155 9.416250 -3.309366
v 76.211807 9.592727 -1.654531
v 74.719078 10.538637 -3.325776
v 76.706818 5.447875 2.002773
v 76.428116 1.070468 1.307008
v 76.766907 1.605080 2.056002
v 76.559692 3.550119 3.936360
v 76.552246 -0.880996 -3.164871
v 76.754318 -2.670339 -3.139799
v 76.199646 -0.850649 -0.575747
v 76.403381 -2.652907 -1.484914
v 75.483932 0.609313 -3.187236
v 75.130112 0.651122 0.230843
v 75.376198 3.479695 0.188773
v 75.439758 3.433386 -3.226353
v 74.941719 -3.690957 -3.128678
v 75.395576 6.257461 -3.265470
v 75.041748 6.299269 0.152609
v 76.064148 7.810844 -0.695719
v 76.416733 7.780498 -3.284844
v 76.562744 9.575294 -3.309416
v 76.211807 9.592727 -1.654531
v 74.719078 10.538637 -3.325776
v 75.387466 3.385262 -6.641647
v 75.141380 0.556595 -6.606315
v 76.208176 -0.922255 -5.754994
v 76.408813 -2.698679 -4.795684
v 76.651123 3.514667 1.273583
v 76.428116 1.070468 1.307008
v 76.766907 1.605080 2.056002
v 76.998032 3.530569 2.029762
v 76.559692 3.550119 3.936360
v -6.534239 5.795681 -3.394177
v -6.522377 4.769303 -0.456916
v -8.994150 4.396771 -3.378894
v -8.987246 3.757225 -1.213091
v 25.315296 4.138878 -1.900952
v 21.817371 5.013914 -1.034438
v 25.315296 4.138878 -1.900952
v 25.308098 4.728696 -3.326922
v 25.308098 4.728696 -3.326922
v 21.805691 5.970228 -3.349863
v -171.133591 1.784369 -0.759013
v -168.608795 1.836596 -1.089847
v -168.618835 2.709901 -3.618771
v -171.142990 2.646237 -3.622054
v -171.649109 1.391984 -1.340599
v -168.345596 1.941867 -3.607702
v -168.338501 1.290525 -1.435333
v 14.778289 4.177416 -1.670681
v 7.690993 3.616297 -2.050668
v 0.589436 3.891271 -1.582121
v 14.770209 4.846294 -3.345925
v 7.685192 4.105818 -3.347369
v 0.581964 4.530694 -3.364954
v -175.408752 2.587457 -3.628275
v -174.703842 2.053089 -3.619725
v -175.398163 1.713164 -1.461749
v -174.696198 1.342541 -1.190776
v -171.657028 2.104837 -3.615415
v -178.343842 0.627393 -0.014582
v -180.694473 0.593621 0.151674
v -178.374146 2.603395 -0.479002
v -180.725891 2.648045 -0.380551
v -182.740967 3.360630 0.374904
v -180.736694 3.535631 -2.546589
v -182.748566 4.114920 -2.556736
v -184.668900 4.079856 1.120134
v -184.694916 6.079721 -2.587110
v -182.698471 0.583163 1.092032
v -184.616760 0.579603 3.001734
v -178.384155 3.431059 -2.541265
v -192.245438 4.167098 0.954799
v -189.183929 3.692023 -3.666259
v -192.269302 6.116388 -3.704864
v -192.245438 4.167098 0.954799
v -192.701065 5.351786 2.058601
v -192.269302 6.116388 -3.704864
v -192.730728 7.773706 -3.728539
v -195.640533 4.113917 0.949935
v -195.664398 6.063205 -3.709727
v -195.791809 2.762986 -0.298984
v -195.809128 4.177703 -3.683897
v -196.830994 2.430367 -0.594318
v -196.846802 3.721449 -3.679301
v -196.830994 2.430367 -0.594318
v -196.846802 3.721449 -3.679301
v -182.763870 5.295162 -4.783270
v -180.744110 4.211699 -4.763780
v -182.767502 5.325721 -2.572834
v -180.747742 4.242227 -2.555703
v -178.739960 4.115130 -4.759142
v -178.743607 4.145658 -2.551063
v -184.012466 6.981246 -2.598449
v -184.008835 6.950703 -4.807705
v -180.694473 0.593621 0.151674
v -180.696106 0.607339 1.143860
v -182.698471 0.583163 1.092032
v -182.700027 0.596170 2.032841
v -178.693497 0.634165 0.869129
v -178.343842 0.627393 -0.014582
v -184.616760 0.579603 3.001734
v -183.834885 0.605949 4.020647
v -185.750900 0.581846 4.444595
v -184.795456 0.616254 5.849516
v -182.531189 0.643816 5.282038
v -183.316925 0.649738 6.597037
v -185.747696 0.527263 2.810372
v -180.736694 3.535631 -2.546589
v -180.747742 4.242227 -2.555703
v -178.384155 3.431059 -2.541265
v -178.743607 4.145658 -2.551063
v -182.767502 5.325721 -2.572834
v -182.748566 4.114920 -2.556736
v -184.694916 6.079721 -2.587110
v -184.012466 6.981246 -2.598449
v -185.852692 7.725956 -2.611779
v -185.823090 5.841992 -2.671779
v -185.002090 9.014351 -2.628189
v -183.532394 9.693437 -2.635155
v -182.469559 8.541826 -2.617479
v -185.819733 5.813831 -4.708709
v -185.849060 7.695411 -4.821036
v -185.823090 5.841992 -2.671779
v -185.852692 7.725956 -2.611779
v -184.998428 8.983806 -4.837446
v -185.002090 9.014351 -2.628189
v -183.528748 9.662893 -4.844411
v -183.532394 9.693437 -2.635155
v -185.823090 5.841992 -2.671779
v -185.819733 5.813831 -4.708709
v -189.158646 2.361091 -6.750812
v -185.819733 5.813831 -4.708709
v -185.785599 3.972930 -8.418186
v 46.836094 6.083668 -2.047866
v 46.852898 4.948895 -1.362420
v 48.639591 7.688372 -2.066405
v 48.663265 5.988475 -0.002169
v 50.476921 7.127680 -2.056298
v 52.332523 5.290139 -0.827206
v 55.722172 5.658892 -0.477108
v 58.997150 7.621403 1.622222
v 60.172241 10.172749 4.398885
v 58.964844 10.137150 -3.346201
v 57.332325 8.627523 -2.059328
v 60.121590 14.119100 -3.399346
v 55.698681 7.302827 -2.050108
v 52.401577 6.549655 -2.045805
v 60.121590 14.119100 -3.399346
v 60.992142 14.132738 -3.398099
v 60.172241 10.172749 4.398885
v 61.042797 10.186386 4.400134
v 62.679985 11.993274 -3.365738
v 62.720661 8.825583 2.884283
v 63.702045 7.459358 1.372584
v 63.671448 9.842899 -3.334373
v 65.996857 5.920915 -3.276315
v 66.008453 4.973291 -1.014925
v 44.845329 8.275200 -3.949782
v 46.001160 9.585857 -4.622247
v 44.843330 8.291955 -2.737934
v 45.997002 9.620754 -2.098152
v 44.891109 8.192185 -4.604810
v 42.913498 6.521840 -3.928052
v 42.959251 6.438814 -4.583754
v 39.980019 4.798061 -3.908720
v 40.069252 4.715711 -4.564696
v 46.001160 9.585857 -4.622247
v 47.714054 8.636547 -4.606298
v 45.997002 9.620754 -2.098152
v 47.709896 8.671443 -2.082202
v 49.836807 9.083401 -2.084392
v 49.840969 9.048504 -4.608486
v 51.470390 10.410803 -2.100049
v 51.474548 10.375908 -4.624145
v 51.964825 12.205638 -2.124049
v 51.968979 12.170741 -4.648144
v 51.677937 13.844191 -2.147176
v 51.682098 13.809295 -4.671271
v 50.609295 15.364036 -2.169950
v 50.613457 15.329139 -4.694046
v 49.119881 15.948874 -2.180492
v 49.124035 15.913975 -4.704587
v 47.902973 15.812337 -2.180610
v 47.907135 15.777440 -4.704705
v 46.960392 14.837337 -2.168685
v 46.964581 14.802439 -4.692780
v 46.969250 14.271962 -2.160854
v 46.973404 14.237065 -4.684949
v 44.886951 8.227081 -2.080715
v 45.997002 9.620754 -2.098152
v 45.605263 6.835304 -2.060287
v 42.955093 6.473712 -2.059659
v 43.316681 5.631019 -2.047412
v 40.065090 4.750607 -2.040601
v 47.709896 8.671443 -2.082202
v 46.836094 6.083668 -2.047866
v 48.639591 7.688372 -2.066405
v 49.836807 9.083401 -2.084392
v 50.476921 7.127680 -2.056298
v 52.377934 8.061580 -2.066075
v 51.470390 10.410803 -2.100049
v 53.489025 9.396709 -2.082701
v 54.164410 10.751757 -2.100321
v 51.964825 12.205638 -2.124049
v 54.047520 12.659730 -2.126893
v 54.375973 13.929282 -2.143902
v 51.677937 13.844191 -2.147176
v 54.778107 16.048168 -2.172534
v 54.224537 18.034615 -2.200911
v 50.609295 15.364036 -2.169950
v 52.105167 19.932720 -2.230648
v 49.314964 20.176929 -2.238624
v 49.119881 15.948874 -2.180492
v 55.365711 11.885517 -2.114015
v 56.661118 12.567301 -2.120631
v 56.258884 10.453823 -2.092749
v 57.470375 10.936933 -2.096757
v 57.332325 8.627523 -2.059328
v 56.109745 8.850922 -2.070834
v 55.698681 7.302827 -2.050108
v 46.587452 19.195295 -2.229551
v 47.902973 15.812337 -2.180610
v 45.044846 17.613394 -2.210223
v 44.334862 15.681801 -2.184689
v 46.960392 14.837337 -2.168685
v 44.548759 13.145850 -2.149275
v 46.969250 14.271962 -2.160854
v 45.003895 11.877911 -2.130996
v 46.501659 10.759684 -2.113065
v 49.314056 14.660762 -2.162362
v 48.248489 10.424315 -2.105548
v 50.198544 13.783783 -2.148779
v 49.721245 10.895425 -2.109633
v 50.483349 12.278403 -2.127498
v 47.657928 14.773619 -2.166655
v -178.380524 3.400550 -4.747994
v -178.384155 3.431059 -2.541265
v -182.465897 8.511281 -4.826737
v -182.469559 8.541826 -2.617479
v 42.955093 6.473712 -2.059659
v 42.911507 6.538579 -2.717384
v 44.886951 8.227081 -2.080715
v 44.843330 8.291955 -2.737934
v 45.997002 9.620754 -2.098152
v 39.978024 4.814790 -2.698725
v 40.065090 4.750607 -2.040601
v 35.371262 4.400588 -3.907624
v 38.566734 6.074985 -3.925503
v 35.369293 4.417229 -2.704029
v 38.564766 6.091624 -2.721909
v 41.324501 7.905404 -3.949463
v 41.322502 7.922131 -2.739468
v 43.128883 9.453982 -3.968910
v 43.126884 9.470737 -2.757060
v 42.911507 6.538579 -2.717384
v 41.322502 7.922131 -2.739468
v 44.843330 8.291955 -2.737934
v 43.126884 9.470737 -2.757060
v 38.564766 6.091624 -2.721909
v 39.978024 4.814790 -2.698725
v 35.369293 4.417229 -2.704029
v 35.369293 4.417229 -2.704029
v 57.336517 8.592449 -4.596225
v 57.332325 8.627523 -2.059328
v 59.013424 7.485013 -8.243043
v 60.197784 9.958676 -11.085119
v 60.309650 3.052189 -13.658089
v 59.084679 3.085335 -9.881442
v 55.731438 5.581138 -6.101071
v 55.772095 3.072894 -7.038150
v 52.340645 5.222051 -5.752090
v 52.376217 3.026252 -6.569997
v 48.721855 2.953343 -7.706223
v 48.674171 5.897145 -6.608043
v 55.702843 7.267931 -4.574205
v 52.405735 6.514777 -4.568555
v 50.481083 7.092784 -4.580393
v 48.643753 7.653456 -4.591847
v 44.845329 8.275200 -3.949782
v 44.843330 8.291955 -2.737934
v 76.351761 5.950685 1.239412
v 76.706818 5.447875 2.002773
v -6.432053 -0.468907 -6.230452
v -8.929554 0.465440 -5.481383
v 25.365967 1.158339 -4.695270
v 25.343939 2.620889 -5.303036
v 21.899673 0.174212 -5.571757
v 21.863892 2.549072 -6.557266
v 25.365967 1.158339 -4.695270
v 25.343939 2.620889 -5.303036
v -171.088760 -0.479877 -7.298901
v -171.056168 -2.641277 -6.399918
v -168.564667 -0.436597 -7.025256
v -168.531937 -2.614412 -6.061852
v -171.612335 -0.477859 -6.561826
v -171.585403 -2.265257 -5.819829
v -82.165451 0.925667 -6.261552
v -82.141068 -0.692081 -5.588625
v -8.953781 2.072597 -6.148943
v -8.929554 0.465440 -5.481383
v -8.922649 -0.174107 -3.315581
v -82.134079 -1.336834 -3.420221
v -82.191971 2.561398 -5.633688
v -8.980124 3.697595 -5.526153
v -8.994150 4.396771 -3.378894
v -82.206085 3.265851 -3.483975
v -168.279877 -2.060160 -5.715617
v 14.767508 2.450678 -5.645824
v 14.836048 0.789799 -4.955716
v 7.715238 2.347879 -5.102052
v 7.733621 1.128643 -4.596051
v 0.645512 0.631394 -5.084924
v 0.599684 2.227623 -5.747144
v -6.470697 2.095544 -7.296932
v -8.953781 2.072597 -6.148943
v -168.304535 -0.423801 -6.395205
v -168.272781 -2.711501 -3.543248
v -82.134079 -1.336834 -3.420221
v -168.279877 -2.060160 -5.715617
v -82.141068 -0.692081 -5.588625
v -168.304535 -0.423801 -6.395205
v -82.165451 0.925667 -6.261552
v -82.191971 2.561398 -5.633688
v -168.331360 1.230718 -5.761199
v -82.206085 3.265851 -3.483975
v -168.345596 1.941867 -3.607702
v -175.322891 -2.703708 -5.709403
v -174.632095 -2.311274 -5.978549
v -175.355515 -0.537385 -6.631536
v -174.658966 -0.527685 -6.717967
v -178.296982 -1.710672 -7.165215
v -180.647034 -1.750532 -7.338204
v -178.266693 -3.686672 -6.700797
v -180.615616 -3.804954 -6.805811
v -182.605179 -4.580270 -7.567001
v -180.604797 -4.692539 -4.639771
v -182.597565 -5.334562 -4.635530
v -184.507523 -5.359496 -8.317885
v -184.481506 -7.359364 -4.610643
v -182.647659 -1.802805 -8.284300
v -184.559662 -1.859243 -10.199318
v -178.256683 -4.514336 -4.638365
v -185.692230 -1.842359 -10.011198
v -189.107803 -0.771392 -7.992962
v -185.726517 0.349580 -10.041559
v -192.150955 -0.849003 -10.159080
v -192.078033 -5.684010 -8.174078
v -192.150955 -0.849003 -10.159080
v -192.583710 -0.877783 -11.748044
v -192.078033 -5.684010 -8.174078
v -192.493179 -6.882336 -9.279127
v -195.546036 -0.902186 -10.163942
v -195.473129 -5.737190 -8.178942
v -195.723175 -0.880144 -8.372529
v -195.670227 -4.391718 -6.930519
v -196.768433 -0.890679 -7.952556
v -196.720184 -4.091824 -6.638177
v -196.768433 -0.890679 -7.952556
v -196.720184 -4.091824 -6.638177
v -180.680435 0.475924 -8.361420
v -182.681396 0.440094 -9.256186
v -180.645401 -1.764249 -8.330391
v -182.646118 -1.815810 -9.224939
v -178.643723 -1.728351 -8.049923
v -178.678741 0.510426 -8.080932
v -183.809708 0.394862 -11.247400
v -183.774414 -1.861042 -11.216153
v -178.332001 0.528104 -7.196226
v -178.296982 -1.710672 -7.165215
v -180.647034 -1.750532 -7.338204
v -180.645401 -1.764249 -8.330391
v -182.647659 -1.802805 -8.284300
v -182.646118 -1.815810 -9.224939
v -178.643723 -1.728351 -8.049923
v -178.296982 -1.710672 -7.165215
v -184.559662 -1.859243 -10.199318
v -183.774414 -1.861042 -11.216153
v -185.689026 -1.896943 -11.645588
v -184.728973 -1.901343 -13.047595
v -182.466568 -1.858001 -12.473805
v -183.247971 -1.888469 -13.790879
v -185.692230 -1.842359 -10.011198
v -180.604797 -4.692539 -4.639771
v -180.593750 -5.399136 -4.630659
v -178.256683 -4.514336 -4.638365
v -178.593613 -5.239841 -4.629563
v -182.578629 -6.545362 -4.619265
v -182.597565 -5.334562 -4.635530
v -184.481506 -7.359364 -4.610643
v -183.771179 -8.239070 -4.597308
v -185.587219 -9.041057 -4.589214
v -185.616821 -7.157088 -4.529046
v -184.696701 -10.302176 -4.570312
v -183.206512 -10.934896 -4.559107
v -182.180206 -9.750559 -4.573788
v -182.501877 0.397902 -12.505050
v -183.283264 0.367435 -13.822126
v -182.466568 -1.858001 -12.473805
v -183.247971 -1.888469 -13.790879
v -185.724319 0.358961 -11.676834
v -185.726517 0.349580 -10.041559
v -185.689026 -1.896943 -11.645588
v -185.692230 -1.842359 -10.011198
v -184.728973 -1.901343 -13.047595
v -184.764252 0.354559 -13.078842
v 46.936623 -0.111445 -4.486634
v 46.919823 1.023328 -5.172081
v 46.890648 2.950202 -5.864624
v 48.789444 -1.658874 -4.462861
v 48.765774 0.041024 -6.526928
v 50.608318 -1.040910 -4.467730
v 52.408981 0.853904 -5.691585
v 55.809513 0.591517 -6.031958
v 59.150333 -1.267361 -8.121811
v 60.412731 -3.780524 -10.894815
v 57.507317 -2.325298 -4.445001
v 55.833004 -1.052419 -4.458958
v 52.513958 -0.402884 -4.472735
v 60.412731 -3.780524 -10.894815
v 61.283287 -3.766888 -10.893568
v 60.309650 3.052189 -13.658089
v 61.180202 3.065825 -13.656843
v 62.913322 -2.354267 -9.373148
v 62.830746 3.120234 -11.592949
v 63.847145 -0.958043 -7.858539
v 63.784946 3.163806 -9.525002
v 66.067703 1.598936 -5.464714
v 66.043060 3.244324 -6.262535
v 66.067703 1.598936 -5.464714
v 66.595078 1.313717 -5.849271
v 66.043060 3.244324 -6.262535
v 66.566162 3.245218 -6.788708
v 66.534241 5.201952 -5.903128
v 66.015884 4.911136 -5.510592
v 67.110962 1.704885 -5.545332
v 67.087814 3.259192 -6.369017
v 67.061981 4.835676 -5.588696
v 45.055473 -2.314858 -4.459273
v 46.208580 -3.673080 -4.438594
v 45.729908 -0.901263 -4.477705
v 43.069725 -0.622855 -4.485941
v 43.404800 0.230751 -4.497190
v 40.127258 1.008886 -4.513351
v 47.890953 -2.670583 -4.449680
v 46.936623 -0.111445 -4.486634
v 48.789444 -1.658874 -4.462861
v 50.029716 -3.015720 -4.441383
v 50.608318 -1.040910 -4.467730
v 52.537601 -1.914811 -4.452467
v 51.704037 -4.291308 -4.420986
v 53.689968 -3.214482 -4.432599
v 54.407391 -4.547714 -4.412984
v 52.254341 -6.069779 -4.395490
v 54.350246 -6.458416 -4.386662
v 54.718224 -7.717058 -4.368654
v 52.018887 -7.716513 -4.373111
v 55.186443 -9.822309 -4.338776
v 54.695274 -11.825118 -4.311896
v 50.998283 -9.269084 -4.353330
v 52.636333 -13.788679 -4.288143
v 49.855129 -14.120157 -4.288147
v 49.527874 -9.900285 -4.347027
v 55.643574 -5.643293 -4.395798
v 56.959690 -6.284168 -4.385442
v 56.491516 -4.184324 -4.414571
v 57.717514 -4.629251 -4.407073
v 57.507317 -2.325298 -4.445001
v 56.292297 -2.586877 -4.436985
v 55.833004 -1.052419 -4.458958
v 47.098248 -13.224434 -4.305076
v 48.307289 -9.801930 -4.350400
v 45.506931 -11.691624 -4.328892
v 44.736855 -9.783218 -4.356546
v 47.334724 -8.856932 -4.365069
v 44.871323 -7.241810 -4.391460
v 47.325867 -8.291559 -4.372899
v 45.286594 -5.960237 -4.408494
v 46.748657 -4.795646 -4.422184
v 49.681709 -8.606724 -4.364659
v 48.484112 -4.405727 -4.424713
v 50.538334 -7.702471 -4.375747
v 49.970898 -4.830477 -4.416389
v 50.775864 -6.188908 -4.396282
v 48.029881 -8.771398 -4.365106
v 43.069725 -0.622855 -4.485941
v 43.026291 -0.689082 -3.828172
v 45.055473 -2.314858 -4.459273
v 45.012070 -2.381093 -3.802179
v 46.208580 -3.673080 -4.438594
v 40.040352 0.941982 -3.855309
v 40.127258 1.008886 -4.513351
v 43.026291 -0.689082 -3.828172
v 41.481369 -2.121726 -3.810575
v 45.012070 -2.381093 -3.802179
v 43.333305 -3.613059 -3.787914
v 38.667698 -0.378493 -3.836115
v 40.040352 0.941982 -3.855309
v 35.421410 1.194996 -3.863221
v 35.421410 1.194996 -3.863221
v 69.023170 1.911412 -5.417827
v 69.002899 3.289512 -6.343195
v 72.250809 1.538113 -5.377858
v 72.224319 3.337127 -6.544094
v 75.141380 0.556595 -6.606315
v 75.099594 3.360662 -8.092609
v 76.208176 -0.922255 -5.754994
v 76.408813 -2.698679 -4.795684
v 68.979675 4.692667 -5.456351
v 72.194023 5.167692 -5.428132
v 75.053017 6.204743 -6.684549
v 76.366608 5.826305 -7.756973
v 75.884338 3.362737 -8.829142
v 76.072662 7.739239 -5.874966
v 76.217239 9.546954 -4.965300
v 76.442947 0.946088 -7.689377
v 76.784225 1.459805 -8.451742
v 76.583328 3.352109 -10.385826
v 76.724136 5.302601 -8.504969
v 76.442947 0.946088 -7.689377
v 76.665924 3.390287 -7.722800
v 76.784225 1.459805 -8.451742
v 77.015396 3.385294 -8.477980
v 76.583328 3.352109 -10.385826
v -8.980124 3.697595 -5.526153
v -6.512732 4.688493 -6.301887
v 21.824968 4.950269 -5.637913
v 25.319950 4.099681 -4.736012
v 25.319950 4.099681 -4.736012
v -168.600494 1.767017 -6.122540
v -171.124191 1.705550 -6.460127
v -171.641647 1.329368 -5.869618
v -168.331360 1.230718 -5.761199
v 14.783775 4.131361 -5.002001
v 7.695250 3.580637 -4.630014
v 0.595282 3.842229 -5.129396
v -174.688217 1.275663 -6.028231
v -175.391068 1.653603 -5.769757
v -180.715149 2.557994 -6.893946
v -180.682068 0.489641 -7.369234
v -178.363739 2.516187 -6.786714
v -178.332001 0.528104 -7.196226
v -182.727676 3.249330 -7.675452
v -180.733063 3.505122 -4.753320
v -182.744919 4.084376 -4.765994
v -184.653137 3.947588 -8.446802
v -184.691284 6.049178 -4.796367
v -182.682953 0.453099 -8.315545
v -184.594940 0.396661 -10.230564
v -178.380524 3.400550 -4.747994
v -192.230179 4.039025 -8.308753
v -192.682098 5.192724 -9.446382
v -192.230179 4.039025 -8.308753
v -195.625259 3.985843 -8.313616
v -195.780701 2.669950 -7.028333
v -196.820892 2.345574 -6.727343
v -196.820892 2.345574 -6.727343
v -182.681396 0.440094 -9.256186
v -180.680435 0.475924 -8.361420
v -182.682953 0.453099 -8.315545
v -180.682068 0.489641 -7.369234
v -178.678741 0.510426 -8.080932
v -178.332001 0.528104 -7.196226
v -184.594940 0.396661 -10.230564
v -183.809708 0.394862 -11.247400
v -185.724319 0.358961 -11.676834
v -184.764252 0.354559 -13.078842
v -182.501877 0.397902 -12.505050
v -183.283264 0.367435 -13.822126
v -185.726517 0.349580 -10.041559
v -178.739960 4.115130 -4.759142
v -180.744110 4.211699 -4.763780
v -178.380524 3.400550 -4.747994
v -180.733063 3.505122 -4.753320
v -182.763870 5.295162 -4.783270
v -182.744919 4.084376 -4.765994
v -184.691284 6.049178 -4.796367
v -184.008835 6.950703 -4.807705
v -185.849060 7.695411 -4.821036
v -185.819733 5.813831 -4.708709
v -184.998428 8.983806 -4.837446
v -183.528748 9.662893 -4.844411
v -182.465897 8.511281 -4.826737
v 46.859253 4.895485 -5.225714
v 46.840252 6.048772 -4.571961
v 61.068340 9.972313 -11.083874
v 60.197784 9.958676 -11.085119
v 62.741127 8.654009 -9.525629
v 63.717468 7.330148 -7.973340
v 66.015884 4.911136 -5.510592
v 46.001160 9.585857 -4.622247
v 44.891109 8.192185 -4.604810
v 45.609425 6.800407 -4.584384
v 42.959251 6.438814 -4.583754
v 43.320839 5.596123 -4.571507
v 40.069252 4.715711 -4.564696
v 47.714054 8.636547 -4.606298
v 46.840252 6.048772 -4.571961
v 48.643753 7.653456 -4.591847
v 49.840969 9.048504 -4.608486
v 50.481083 7.092784 -4.580393
v 52.382095 8.026683 -4.590170
v 51.474548 10.375908 -4.624145
v 53.493210 9.361812 -4.606796
v 54.168568 10.716859 -4.624417
v 51.968979 12.170741 -4.648144
v 54.051678 12.624833 -4.650988
v 54.380135 13.894386 -4.667999
v 51.682098 13.809295 -4.671271
v 54.782265 16.013271 -4.696630
v 54.228695 17.999714 -4.725005
v 50.613457 15.329139 -4.694046
v 52.109325 19.897825 -4.754743
v 49.319126 20.142035 -4.762721
v 49.124035 15.913975 -4.704587
v 55.369869 11.850618 -4.638111
v 56.665306 12.532386 -4.646075
v 56.263042 10.418927 -4.616844
v 57.474533 10.902015 -4.622200
v 57.336517 8.592449 -4.596225
v 56.113903 8.816025 -4.594929
v 55.702843 7.267931 -4.574205
v 46.591610 19.160400 -4.753646
v 47.907135 15.777440 -4.704705
v 45.049007 17.578495 -4.734320
v 44.339020 15.646902 -4.708784
v 46.964581 14.802439 -4.692780
v 44.552917 13.110951 -4.673372
v 46.973404 14.237065 -4.684949
v 45.008057 11.843013 -4.655091
v 46.505848 10.724788 -4.637162
v 49.318245 14.625864 -4.686459
v 48.252647 10.389419 -4.629643
v 50.202732 13.748884 -4.672876
v 49.725403 10.860526 -4.633729
v 50.487511 12.243505 -4.651593
v 47.662086 14.738721 -4.690750
v 43.128883 9.453982 -3.968910
v 41.324501 7.905404 -3.949463
v 44.845329 8.275200 -3.949782
v 42.913498 6.521840 -3.928052
v 38.566734 6.074985 -3.925503
v 39.980019 4.798061 -3.908720
v 35.371262 4.400588 -3.907624
v 35.371262 4.400588 -3.907624
v 76.072662 7.739239 -5.874966
v 76.217239 9.546954 -4.965300
v 75.053017 6.204743 -6.684549
v 76.366608 5.826305 -7.756973
v 76.724136 5.302601 -8.504969
v 63.450375 1.551801 -1.480835
v 63.878296 -3.536198 -1.411134
v 61.013157 1.497677 -1.486800
v 61.098419 -3.953138 -1.409952
v 64.662201 2.174966 -3.226726
v 61.005653 2.134994 -3.232202
v 66.447311 -0.612571 -3.185244
v 65.240341 -1.545892 -1.405572
v 70.359390 -0.207089 -3.184399
v 69.150780 -1.036332 -1.399765
v 66.424637 -4.901947 -1.185028
v 71.540527 -3.354932 -3.138932
v 70.420319 -4.274681 -1.247429
v 73.578949 -5.632951 -3.104075
v 72.899078 -6.886353 -1.145570
v 68.197556 -6.935751 -0.941863
v 68.937485 -9.716746 -0.699001
v 76.040497 -7.130803 -3.079309
v 75.619919 -8.271939 -1.008704
v 79.015594 -8.065762 -3.061477
v 78.940842 -9.050168 -0.858860
v 82.329651 -8.397908 -3.051420
v 83.725967 -8.813851 -0.752641
v 81.032364 -14.773241 -0.361140
v 73.495453 -11.669193 -0.416483
v 77.614273 -13.354527 -0.386391
v 73.136620 -16.514721 -0.824367
v 77.329453 -17.366625 -0.805677
v 81.862106 -17.650255 -0.979448
v 85.086182 -17.737520 -1.681068
v 82.053970 -18.613091 -2.910646
v 85.270218 -18.253294 -2.910316
v 84.805252 -16.519783 -1.279345
v 77.090973 -18.626852 -2.918638
v 72.813126 -17.904243 -2.935683
v 68.782990 -16.324327 -2.964172
v 69.110588 -15.173037 -1.116941
v 65.433670 -13.741348 -3.005404
v 69.424744 -13.028934 -0.765628
v 65.678864 -12.713292 -3.019213
v 68.115013 -12.589647 -3.016906
v 68.791397 -11.447170 -1.416990
v 88.742462 -17.569410 -2.914046
v 88.468445 -16.752094 -2.925799
v 85.148315 -16.025322 -2.941321
v 67.817322 -10.257792 -3.049636
v 66.660706 -8.686007 -3.073273
v 64.983795 -7.245265 -3.095957
v 63.406921 -6.635226 -3.106991
v 61.155262 -7.427952 -3.099745
v 105.925064 -2.905808 -1.080605
v 100.433258 -2.460402 -1.625368
v 104.859482 -1.536808 -1.583326
v 100.362961 -3.404801 -3.090718
v 103.934143 -3.471576 -3.083905
v 104.820984 -4.734275 -0.473514
v 110.973221 -2.790184 -0.744828
v 107.234879 -8.696586 -1.116662
v 113.016464 -5.336997 -1.249951
v 107.777206 -9.791794 -2.990190
v 113.729996 -6.257573 -3.029236
v 125.309464 -0.712952 -1.796202
v 125.198029 0.868760 -2.081765
v 140.678360 2.142295 -2.742228
v 109.278198 -0.123813 -1.632811
v 142.064789 2.599217 -3.104964
v 125.186020 1.730673 -3.120789
v 125.241257 -1.798762 -3.071901
v 141.551346 2.030906 -3.097955
v 142.064789 2.599217 -3.104964
v 102.151016 -11.939195 -2.969779
v 101.782639 -10.839486 -0.980276
v 97.465179 -12.983495 -2.963067
v 95.881241 -12.123943 -0.756250
v 99.887283 -6.639025 -0.290704
v 95.291183 -7.837874 -0.371847
v 98.986908 -4.493399 -3.077936
v 94.564590 -5.683036 -3.068781
v 96.424255 -13.419547 -0.903233
v 100.090714 -13.827957 -2.947062
v 99.748749 -14.385866 -1.234167
v 90.509460 -8.308366 -0.423268
v 91.918106 -14.831795 -0.700917
v 90.048782 -6.447249 -3.065662
v 86.505859 -8.415657 -0.567217
v 86.854080 -13.950901 -0.722794
v 83.356079 -7.395067 -1.148251
v 91.771317 -16.369612 -2.925641
v 86.393021 -6.536502 -3.070455
v 83.601059 -6.180099 -3.079987
v 80.819534 -6.578610 -2.125267
v 80.454697 -5.434518 -3.095482
v 79.067017 -5.792416 -3.092822
v 87.575333 -15.325644 -2.946992
v 83.311188 -15.477924 -2.951918
v 96.896194 -15.730480 -1.096781
v 99.852905 -15.464453 -1.400205
v 100.303955 -16.331924 -2.912093
v 97.261765 -16.667667 -2.912467
v 101.934906 -14.934641 -1.717143
v 101.923889 -14.119320 -2.940011
v 104.620361 -13.938456 -2.938066
v 105.065582 -14.571636 -2.928577
v 102.471283 -15.711136 -2.917102
v 103.629852 -0.720977 -3.122436
v 108.825714 1.112889 -3.139223
v 100.072601 -1.542196 -3.116948
v 97.905502 -2.251592 -2.187751
v 97.030029 -1.856618 -3.117618
v 96.781677 -2.682117 -3.106614
v 82.329651 -8.397908 -3.051420
v 80.483063 -7.247911 -3.070365
v 61.104149 -4.001184 -4.885131
v 63.884029 -3.584243 -4.886312
v 61.018887 1.449670 -4.959286
v 63.456104 1.503720 -4.958541
v 65.246170 -1.594789 -4.942404
v 69.156647 -1.085408 -4.949400
v 66.431015 -4.955608 -5.066178
v 70.426544 -4.326671 -5.007968
v 72.905472 -6.940049 -5.029414
v 68.204666 -6.995275 -5.247178
v 68.945251 -9.781886 -5.410623
v 75.626694 -8.328763 -5.118782
v 78.948044 -9.110687 -5.236272
v 83.733536 -8.877177 -5.333037
v 73.504028 -11.741188 -5.624028
v 69.432144 -13.090949 -5.250849
v 77.622879 -13.426524 -5.593936
v 81.040970 -14.845238 -5.568687
v 86.861450 -14.012951 -5.210712
v 73.143661 -16.573606 -5.083526
v 77.336487 -17.425508 -5.064836
v 81.868530 -17.704020 -4.868346
v 85.090240 -17.771706 -4.153786
v 84.810715 -16.565556 -4.590113
v 69.116714 -15.224529 -4.841432
v 68.796707 -11.491803 -4.645387
v 100.438141 -2.501269 -4.581376
v 105.931686 -2.961317 -5.095508
v 104.864502 -1.578991 -4.634341
v 104.829498 -4.805920 -5.655456
v 110.980942 -2.854789 -5.417706
v 107.241119 -8.748824 -4.895056
v 113.022400 -5.386571 -4.835634
v 125.313721 -0.748630 -4.376898
v 125.201431 0.840365 -4.135540
v 140.679535 2.132380 -3.459332
v 109.283112 -0.164965 -4.609369
v 101.789246 -10.894921 -4.990125
v 95.888535 -12.185349 -5.197844
v 99.896378 -6.715216 -5.801634
v 95.299957 -7.911574 -5.702703
v 96.431046 -13.476369 -5.013311
v 91.925507 -14.893877 -5.191361
v 99.754333 -14.433025 -4.644998
v 90.518082 -8.380683 -5.654060
v 86.514053 -8.484139 -5.520401
v 83.362411 -7.448019 -4.978192
v 80.822678 -6.604980 -4.032489
v 99.858063 -15.507702 -4.528372
v 96.902206 -15.781052 -4.754562
v 101.938904 -14.968126 -4.139156
v 97.908554 -2.277106 -4.033319
v 97.030029 -1.856618 -3.117618
v 60.873631 10.415225 -1.608973
v 63.665161 10.085556 -1.599811
v 60.958897 4.964372 -1.534818
v 63.396652 4.986689 -1.528412
v 64.628098 4.353622 -3.256904
v 60.972126 4.279047 -3.261901
v 66.325165 7.195705 -3.293399
v 65.088821 8.139742 -1.539729
v 70.248001 6.912953 -3.283021
v 69.013260 7.753091 -1.521510
v 66.167480 11.536017 -1.412713
v 71.330078 10.096251 -3.325247
v 70.180847 11.032535 -1.459454
v 73.296280 12.436996 -3.354366
v 72.576660 13.722273 -1.431024
v 67.875824 13.630229 -1.226727
v 68.528275 16.438662 -1.061286
v 75.709717 14.011213 -3.372152
v 75.252808 15.195537 -1.333758
v 78.654099 15.038898 -3.381506
v 78.547668 16.081100 -1.206959
v 81.956177 15.474682 -3.382084
v 83.337814 15.997588 -1.096310
v 80.458954 21.878376 -0.868810
v 86.303696 21.228819 -1.210077
v 86.982559 22.563322 -3.471800
v 91.143845 23.738209 -3.481182
v 73.022842 18.539780 -0.834913
v 77.086914 20.353298 -0.853284
v 72.512802 23.358562 -1.376662
v 76.676956 24.341372 -1.383383
v 81.198593 24.761705 -1.566904
v 76.400070 25.534533 -3.530329
v 81.361099 25.676228 -3.524106
v 72.146957 24.678293 -3.525503
v 68.168198 22.972918 -3.508486
v 68.530853 21.884031 -1.630228
v 68.911736 19.761356 -1.219814
v 64.901321 20.286301 -3.476729
v 82.715759 22.581972 -3.479095
v 65.178528 19.266428 -3.462172
v 67.617401 19.219151 -3.457496
v 68.328461 18.143124 -1.826853
v 84.418655 24.930302 -2.272071
v 84.587021 25.417343 -3.515210
v 88.078949 24.842550 -3.501505
v 84.175781 23.715965 -1.836659
v 87.830627 24.017050 -3.490500
v 84.534897 23.186644 -3.484455
v 67.392754 16.879110 -3.425516
v 66.285866 15.271869 -3.405120
v 64.654877 13.779307 -3.387174
v 63.097824 13.120179 -3.380628
v 60.822521 13.841993 -3.394360
v 100.235992 10.148049 -1.800010
v 105.710938 10.779911 -1.270169
v 104.688934 9.364860 -1.734329
v 100.136841 11.048847 -3.290918
v 103.704208 11.227445 -3.287505
v 104.549957 12.589063 -0.713463
v 110.760117 10.831570 -0.933507
v 106.839066 16.605602 -1.467128
v 112.722931 13.426077 -1.509843
v 107.347656 17.664936 -3.370500
v 113.408081 14.318895 -3.314246
v 125.154739 9.175413 -1.933169
v 125.092987 7.583690 -2.174775
v 140.605865 6.777136 -2.806427
v 109.149704 8.089926 -1.746581
v 142.006058 6.353930 -3.156973
v 125.108398 6.693382 -3.189528
v 125.053162 10.222819 -3.238415
v 141.475113 6.905880 -3.165479
v 142.006058 6.353930 -3.156973
v 101.657028 19.635065 -3.407120
v 101.322357 18.579885 -1.387771
v 96.940872 20.532089 -3.427299
v 95.383591 19.684853 -1.196842
v 99.559036 14.342903 -0.581330
v 94.927719 15.394714 -0.693647
v 98.727402 12.093815 -3.307690
v 94.270065 13.144354 -3.329563
v 95.885880 20.992243 -1.379878
v 99.538681 21.458370 -3.435820
v 99.178680 22.052528 -1.738883
v 90.133636 15.713823 -0.756005
v 91.337723 22.267925 -1.214795
v 89.732513 13.766752 -3.345650
v 86.128708 15.691819 -0.901136
v 86.075760 13.741459 -3.351330
v 83.012619 14.557518 -1.452322
v 83.296310 13.297780 -3.349778
v 80.174835 12.454020 -3.343261
v 80.503281 13.635389 -2.405257
v 78.776657 12.768278 -3.349911
v 96.285416 23.310560 -1.637546
v 99.249130 23.128832 -1.934769
v 96.622253 24.208084 -3.478646
v 99.673508 23.967791 -3.470293
v 101.346817 22.655828 -2.237817
v 101.859161 23.415190 -3.459049
v 104.487854 22.357508 -3.440092
v 104.062668 21.710690 -3.431850
v 101.361832 21.807009 -3.437636
v 80.146454 14.267411 -3.368379
v 81.956177 15.474682 -3.382084
v 108.736740 6.798437 -3.217974
v 103.486099 8.468666 -3.249724
v 99.904861 9.178062 -3.265437
v 97.716278 9.844791 -2.355301
v 96.853973 9.397033 -3.273494
v 96.579941 10.214350 -3.285247
v 63.402382 4.938607 -5.006118
v 63.670895 10.037511 -5.074991
v 60.964626 4.916363 -5.007303
v 60.879364 10.367180 -5.084151
v 65.094650 8.090844 -5.076562
v 69.019119 7.704016 -5.071145
v 66.173859 11.482356 -5.293863
v 70.187073 10.980544 -5.219992
v 72.583054 13.668577 -5.314870
v 67.882927 13.570705 -5.532042
v 68.536041 16.373520 -5.772908
v 75.259583 15.138712 -5.443834
v 78.554886 16.020578 -5.584372
v 83.345367 15.934262 -5.676708
v 73.031425 18.467783 -6.042461
v 77.095535 20.281300 -6.060832
v 80.467575 21.806377 -6.076356
v 76.683990 24.282488 -5.642542
v 86.311081 21.166767 -5.697993
v 72.519844 23.299675 -5.635820
v 68.536972 21.832541 -5.354718
v 81.205017 24.707939 -5.455805
v 68.919144 19.699347 -5.705035
v 91.345123 22.205841 -5.705237
v 96.291443 23.259989 -5.295330
v 95.892670 20.935417 -5.489956
v 99.184280 22.005373 -5.149714
v 99.254272 23.085583 -5.062936
v 90.142242 15.641505 -5.986798
v 86.136887 15.623339 -5.854320
v 95.390900 19.623447 -5.638433
v 94.936508 15.321013 -6.024503
v 99.568146 14.266713 -6.092259
v 101.328979 18.524448 -5.397619
v 106.845276 16.553362 -5.245522
v 112.728867 13.376505 -5.095526
v 110.767838 10.766966 -5.606384
v 104.558487 12.517420 -5.895404
v 125.158997 9.139734 -4.513864
v 125.096390 7.555297 -4.228550
v 140.607040 6.767223 -3.523530
v 109.154617 8.048775 -4.723141
v 104.693939 9.322679 -4.785342
v 105.717560 10.724402 -5.285071
v 100.240875 10.107182 -4.756019
v 97.719330 9.819276 -4.200869
v 96.853973 9.397033 -3.273494
v 83.018936 14.504569 -5.282263
v 80.506424 13.609019 -4.312479
v 68.333771 18.098488 -5.055249
v 84.422714 24.896116 -4.744788
v 84.181244 23.670195 -5.147428
v 101.350815 22.622339 -4.659829
v 75.053856 5.838680 -3.260243
v 75.573593 5.701913 0.151468
v 74.656357 3.421115 -3.227475
v 75.376198 3.479695 0.188773
v 76.447372 5.465044 0.644622
v 76.129745 3.498167 0.671292
v 75.387466 3.385262 -6.641647
v 75.584854 5.607671 -6.665138
v 76.142578 3.390423 -7.122005
v 76.460236 5.357298 -7.148672
v 76.586914 7.718320 0.125260
v 76.151611 8.029821 -3.288728
v 77.290100 7.248028 0.621361
v 76.598145 7.624079 -6.691346
v 77.302963 7.140283 -7.171935
v 78.215988 9.333742 0.105613
v 77.865540 9.782398 -3.310132
v 78.748062 8.676518 0.604016
v 78.227219 9.239500 -6.710994
v 78.760910 8.568772 -7.189281
v 80.202332 10.383828 0.094369
v 80.024551 10.925918 -3.322381
v 80.475082 9.605245 0.594023
v 80.213577 10.289585 -6.722237
v 80.487915 9.497498 -7.199273
v 82.460175 10.771266 0.092737
v 82.456131 11.342820 -3.324135
v 82.472412 9.945950 0.592607
v 82.471451 10.677022 -6.723871
v 82.485245 9.838202 -7.200689
v 84.729187 10.454738 0.100853
v 84.986572 11.003645 -3.315275
v 84.479553 9.667973 0.599759
v 84.740417 10.360498 -6.715753
v 84.492401 9.560226 -7.193537
v 86.834305 9.468742 0.117956
v 87.180237 9.928310 -3.296790
v 86.321793 8.795157 0.614863
v 86.845551 9.374500 -6.698650
v 86.334641 8.687411 -7.178432
v 88.513275 7.905139 0.142343
v 88.943451 8.544858 -3.274757
v 87.823532 7.413030 0.636447
v 88.524506 7.810898 -6.674263
v 87.836411 7.305284 -7.156847
v 88.721771 5.657316 0.662203
v 91.517273 5.609625 -5.168356
v 91.510880 5.663213 -1.292258
v 91.496201 6.779052 -3.246135
v 94.313797 4.905135 -4.530609
v 94.213654 5.621369 -3.225648
v 98.761688 4.403412 -3.931357
v 98.754868 4.773525 -3.206438
v 98.759277 4.423596 -2.471377
v 94.309448 4.941489 -1.901063
v 94.326859 3.758117 -1.114695
v 98.768204 3.814845 -2.035667
v 104.166672 3.889023 -2.777719
v 94.333740 3.700476 -5.283899
v 98.772003 3.782844 -4.350207
v 91.549377 3.645468 -6.110444
v 91.539810 3.725854 -0.296131
v 104.071869 4.424682 -3.192848
v 104.168045 3.877757 -3.592527
v 104.428558 3.887481 -3.184833
v 89.593246 5.658676 0.167432
v 89.972031 3.708167 0.197718
v 89.100662 3.701350 0.689869
v 89.604385 5.565181 -6.595102
v 89.983246 3.614063 -6.608781
v 89.113510 3.593604 -7.103426
v 88.734497 5.550672 -7.051414
v 76.460236 5.357298 -7.148672
v 76.142578 3.390423 -7.122005
v 76.447372 5.465044 0.644622
v 76.129745 3.498167 0.671292
v 77.290100 7.248028 0.621361
v 77.302963 7.140283 -7.171935
v 78.748062 8.676518 0.604016
v 78.760910 8.568772 -7.189281
v 80.475082 9.605245 0.594023
v 80.487915 9.497498 -7.199273
v 82.472412 9.945950 0.592607
v 82.485245 9.838202 -7.200689
v 84.479553 9.667973 0.599759
v 84.492401 9.560226 -7.193537
v 86.321793 8.795157 0.614863
v 86.334641 8.687411 -7.178432
v 87.823532 7.413030 0.636447
v 87.836411 7.305284 -7.156847
v 88.721771 5.657316 0.662203
v 88.734497 5.550672 -7.051414
v 89.100662 3.701350 0.689869
v 89.113510 3.593604 -7.103426
v 87.711441 3.649952 -1.451812
v 87.245895 5.571172 -1.479140
v 87.717209 3.601373 -4.965566
v 87.251678 5.522591 -4.992896
v 86.175812 7.186788 -1.503411
v 86.181580 7.138212 -5.016996
v 84.417542 8.253036 -1.521050
v 84.423340 8.204460 -5.034637
v 82.496414 8.607000 -1.529112
v 82.502213 8.558424 -5.042698
v 80.500244 8.191673 -1.526661
v 80.506042 8.143097 -5.040249
v 78.863251 7.072240 -1.513884
v 78.869019 7.023664 -5.027471
v 77.757187 5.422533 -1.492900
v 77.762985 5.373956 -5.006485
v 77.439178 3.489039 -1.466692
v 77.444946 3.440464 -4.980280
v 77.817520 1.566456 -1.439488
v 77.823318 1.517879 -4.953076
v 78.974655 -0.047802 -1.415262
v 78.980423 -0.096380 -4.928849
v 80.645874 -1.115412 -1.397747
v 80.651672 -1.163989 -4.911332
v 82.581955 3.513205 -5.530670
v 87.717209 3.601373 -4.965566
v 87.251678 5.522591 -4.992896
v 86.181580 7.138212 -5.016996
v 84.423340 8.204460 -5.034637
v 82.502213 8.558424 -5.042698
v 80.506042 8.143097 -5.040249
v 78.869019 7.023664 -5.027471
v 77.762985 5.373956 -5.006485
v 77.444946 3.440464 -4.980280
v 87.312012 1.666513 -4.939484
v 86.292969 0.018169 -4.918375
v 84.568954 -1.102628 -4.905723
v 82.659836 -1.516591 -4.903148
v 80.651672 -1.163989 -4.911332
v 78.980423 -0.096380 -4.928849
v 77.823318 1.517879 -4.953076
v 82.574295 3.577207 -0.901420
v 87.245895 5.571172 -1.479140
v 87.711441 3.649952 -1.451812
v 86.175812 7.186788 -1.503411
v 84.417542 8.253036 -1.521050
v 82.496414 8.607000 -1.529112
v 80.500244 8.191673 -1.526661
v 78.863251 7.072240 -1.513884
v 77.757187 5.422533 -1.492900
v 77.439178 3.489039 -1.466692
v 87.306213 1.715093 -1.425729
v 86.287201 0.066745 -1.404789
v 84.563156 -1.054049 -1.392135
v 82.654037 -1.468014 -1.389560
v 80.645874 -1.115412 -1.397747
v 78.974655 -0.047802 -1.415262
v 77.817520 1.566456 -1.439488
v 75.643021 1.264558 0.212931
v 75.129272 1.017184 -3.193460
v 76.508743 1.542205 0.698958
v 75.654282 1.170317 -6.603675
v 76.521622 1.434459 -7.094337
v 76.718918 -0.719122 0.242130
v 76.295029 -1.138501 -3.161735
v 77.406830 -0.213511 0.724713
v 76.730148 -0.813364 -6.574477
v 77.419708 -0.321256 -7.068583
v 78.397736 -2.282728 0.266514
v 78.062973 -2.836539 -3.135344
v 78.908783 -1.595636 0.746297
v 78.408966 -2.376970 -6.550092
v 78.921616 -1.703382 -7.046999
v 80.415955 -3.270085 0.283495
v 80.256668 -3.911872 -3.116859
v 80.664001 -2.469815 0.761277
v 80.427185 -3.364328 -6.533113
v 80.676834 -2.577561 -7.032019
v 82.684799 -3.586614 0.291611
v 82.700104 -4.252412 -3.108123
v 82.671005 -2.747792 0.768430
v 82.696060 -3.680855 -6.524996
v 82.683838 -2.855537 -7.024865
v 84.942795 -3.199174 0.289977
v 85.218689 -3.834144 -3.109753
v 84.668472 -2.407086 0.767013
v 84.954041 -3.293417 -6.526629
v 84.681320 -2.514832 -7.026281
v 87.016052 -2.147727 0.278860
v 87.377670 -2.690628 -3.122002
v 86.482498 -1.476997 0.757146
v 87.027283 -2.241969 -6.537746
v 86.495346 -1.584743 -7.036150
v 88.645279 -0.532303 0.259212
v 89.096741 -1.252628 -3.139050
v 87.940277 -0.048509 0.739799
v 88.656509 -0.626545 -6.557395
v 87.953140 -0.156255 -7.053495
v 88.783157 1.734477 0.716538
v 91.578308 1.708107 -5.114315
v 89.665588 1.653179 -6.540915
v 91.571930 1.761697 -1.238218
v 91.593002 0.592270 -3.160439
v 94.351166 2.517106 -4.497531
v 94.272919 1.834499 -3.173194
v 98.780930 3.174094 -3.914330
v 98.785355 2.824163 -3.179436
v 98.778519 3.194280 -2.454350
v 94.346802 2.553460 -1.867985
v 104.088867 3.339373 -3.177816
v 88.795853 1.627833 -6.997079
v 76.521622 1.434459 -7.094337
v 76.508743 1.542205 0.698958
v 77.406830 -0.213511 0.724713
v 77.419708 -0.321256 -7.068583
v 78.908783 -1.595636 0.746297
v 78.921616 -1.703382 -7.046999
v 80.664001 -2.469815 0.761277
v 80.676834 -2.577561 -7.032019
v 82.671005 -2.747792 0.768430
v 82.683838 -2.855537 -7.024865
v 84.668472 -2.407086 0.767013
v 84.681320 -2.514832 -7.026281
v 86.482498 -1.476997 0.757146
v 86.495346 -1.584743 -7.036150
v 87.940277 -0.048509 0.739799
v 87.953140 -0.156255 -7.053495
v 88.783157 1.734477 0.716538
v 88.795853 1.627833 -6.997079
v 89.654449 1.746672 0.221617
v 87.306213 1.715093 -1.425729
v 87.312012 1.666513 -4.939484
v 86.292969 0.018169 -4.918375
v 86.287201 0.066745 -1.404789
v 84.568954 -1.102628 -4.905723
v 84.563156 -1.054049 -1.392135
v 82.659836 -1.516591 -4.903148
v 82.654037 -1.468014 -1.389560
v 56.959690 -6.284168 -4.385442
v 54.718224 -7.717058 -4.368654
v 56.955505 -6.249253 -1.860000
v 54.714066 -7.682159 -1.844558
v 57.713356 -4.594336 -1.881629
v 57.717514 -4.629251 -4.407073
v 57.503124 -2.290225 -1.908103
v 57.507317 -2.325298 -4.445001
v 54.695274 -11.825118 -4.311896
v 52.636333 -13.788679 -4.288143
v 54.691113 -11.790220 -1.787799
v 52.632179 -13.753784 -1.764048
v 55.182281 -9.787411 -1.814679
v 55.186443 -9.822309 -4.338776
v 49.855129 -14.120157 -4.288147
v 49.850967 -14.085260 -1.764052
v 47.098248 -13.224434 -4.305076
v 47.094086 -13.189538 -1.780981
v 45.503849 -11.665741 -2.456707
v 45.505852 -11.682612 -3.676979
v 45.502769 -11.656728 -1.804797
v 44.732700 -9.748320 -1.832451
v 44.733608 -9.746672 -2.484511
v 44.868141 -7.210508 -2.519352
v 44.867161 -7.206914 -1.867365
v 48.484112 -4.405727 -4.424713
v 49.970898 -4.830477 -4.416389
v 48.479954 -4.370831 -1.900618
v 49.966740 -4.795578 -1.892294
v 46.744469 -4.760748 -1.898089
v 46.748657 -4.795646 -4.422184
v 50.775864 -6.188908 -4.396282
v 50.771706 -6.154012 -1.872185
v 50.538334 -7.702471 -4.375747
v 50.534145 -7.667572 -1.851652
v 49.681709 -8.606724 -4.364659
v 49.677521 -8.571828 -1.840562
v 48.029881 -8.771398 -4.365106
v 48.025723 -8.736500 -1.841011
v 47.325867 -8.291559 -4.372899
v 47.321709 -8.256660 -1.848804
v 45.286594 -5.960237 -4.408494
v 45.282436 -5.925340 -1.884399
v 44.870171 -7.227380 -3.739624
v 44.868141 -7.210508 -2.519352
v 44.867161 -7.206914 -1.867365
v 35.899792 -4.337728 -3.794365
v 35.761261 -3.827703 -3.801645
v 35.897762 -4.320858 -2.574094
v 35.759258 -3.810831 -2.581374
v 43.857933 -12.214382 -2.451838
v 44.733608 -9.746672 -2.484511
v 45.503849 -11.665741 -2.456707
v 43.511688 -6.773053 -2.527636
v 44.868141 -7.210508 -2.519352
v 42.153797 -11.814363 -2.460177
v 40.648140 -10.194727 -2.485053
v 40.266399 -8.056130 -2.515248
v 42.445515 -5.418540 -2.548121
v 40.776817 -4.500527 -2.563565
v 39.627960 -6.209641 -2.541830
v 38.852570 -3.949074 -2.574361
v 38.213341 -4.834013 -2.563181
v 35.759258 -3.810831 -2.581374
v 35.897762 -4.320858 -2.574094
v 43.513687 -6.789926 -3.747908
v 44.870171 -7.227380 -3.739624
v 43.511688 -6.773053 -2.527636
v 44.868141 -7.210508 -2.519352
v 42.447544 -5.435411 -3.768393
v 42.445515 -5.418540 -2.548121
v 40.778816 -4.517397 -3.783837
v 40.776817 -4.500527 -2.563565
v 38.852570 -3.949074 -2.574361
v 38.854568 -3.965944 -3.794633
v 35.759258 -3.810831 -2.581374
v 35.761261 -3.827703 -3.801645
v 42.155796 -11.831234 -3.680449
v 40.650166 -10.211599 -3.705324
v 42.153797 -11.814363 -2.460177
v 40.648140 -10.194727 -2.485053
v 40.268398 -8.073003 -3.735519
v 40.266399 -8.056130 -2.515248
v 43.857933 -12.214382 -2.451838
v 43.859932 -12.231254 -3.672107
v 45.503849 -11.665741 -2.456707
v 45.505852 -11.682612 -3.676979
v 39.629986 -6.226512 -3.762101
v 39.627960 -6.209641 -2.541830
v 38.215366 -4.850884 -3.783453
v 38.213341 -4.834013 -2.563181
v 54.488991 -4.473484 -1.456114
v 55.550781 -5.555712 -1.439403
v 54.430374 -6.288239 -1.431122
v 56.399502 -4.144806 -1.457509
v 53.771385 -3.124347 -1.475950
v 56.200428 -2.547356 -1.479922
v 55.740959 -1.012900 -1.501895
v 52.618652 -1.803355 -1.496114
v 52.596069 -0.360646 -1.516098
v 50.690426 -0.998664 -1.510419
v 56.200428 -2.547356 -1.479922
v 55.740959 -1.012900 -1.501895
v 56.288136 -2.551981 -1.912889
v 55.828842 -1.017521 -1.934861
v 56.487354 -4.149427 -1.890476
v 56.399502 -4.144806 -1.457509
v 55.639416 -5.608395 -1.871703
v 55.550781 -5.555712 -1.439403
v 54.346085 -6.423517 -1.862567
v 54.430374 -6.288239 -1.431122
v 50.690426 -0.998664 -1.510419
v 52.618652 -1.803355 -1.496114
v 50.604156 -1.006014 -1.943635
v 52.533440 -1.879916 -1.928373
v 53.771385 -3.124347 -1.475950
v 53.685780 -3.179586 -1.908504
v 54.488991 -4.473484 -1.456114
v 54.403229 -4.512817 -1.888887
v 54.430374 -6.288239 -1.431122
v 54.346085 -6.423517 -1.862567
v 52.509800 -0.368007 -1.949988
v 55.828842 -1.017521 -1.934861
v 50.604156 -1.006014 -1.943635
v 44.871323 -7.241810 -4.391460
v 44.870171 -7.227380 -3.739624
v 44.736855 -9.783218 -4.356546
v 44.735607 -9.763543 -3.704782
v 45.505852 -11.682612 -3.676979
v 45.506931 -11.691624 -4.328892
v 47.098248 -13.224434 -4.305076
v 44.735607 -9.763543 -3.704782
v 43.859932 -12.231254 -3.672107
v 45.505852 -11.682612 -3.676979
v 43.513687 -6.789926 -3.747908
v 44.870171 -7.227380 -3.739624
v 42.155796 -11.831234 -3.680449
v 40.650166 -10.211599 -3.705324
v 40.268398 -8.073003 -3.735519
v 42.447544 -5.435411 -3.768393
v 40.778816 -4.517397 -3.783837
v 39.629986 -6.226512 -3.762101
v 38.854568 -3.965944 -3.794633
v 38.215366 -4.850884 -3.783453
v 35.761261 -3.827703 -3.801645
v 35.899792 -4.337728 -3.794365
v 44.870171 -7.227380 -3.739624
v 44.871323 -7.241810 -4.391460
v 45.286594 -5.960237 -4.408494
v 55.556351 -5.602585 -4.829680
v 54.494591 -4.520355 -4.846393
v 54.435978 -6.335110 -4.821402
v 56.405098 -4.191677 -4.847789
v 53.776955 -3.171220 -4.866230
v 56.206028 -2.594229 -4.870202
v 55.746559 -1.059771 -4.892174
v 52.624222 -1.850228 -4.886394
v 52.601669 -0.407519 -4.906377
v 50.696026 -1.045536 -4.900698
v 55.833004 -1.052419 -4.458958
v 55.746559 -1.059771 -4.892174
v 56.292297 -2.586877 -4.436985
v 56.206028 -2.594229 -4.870202
v 56.491516 -4.184324 -4.414571
v 56.405098 -4.191677 -4.847789
v 55.643574 -5.643293 -4.395798
v 55.556351 -5.602585 -4.829680
v 54.350246 -6.458416 -4.386662
v 54.435978 -6.335110 -4.821402
v 52.537601 -1.914811 -4.452467
v 52.624222 -1.850228 -4.886394
v 50.608318 -1.040910 -4.467730
v 50.696026 -1.045536 -4.900698
v 53.776955 -3.171220 -4.866230
v 53.689968 -3.214482 -4.432599
v 54.494591 -4.520355 -4.846393
v 54.407391 -4.547714 -4.412984
v 54.435978 -6.335110 -4.821402
v 54.350246 -6.458416 -4.386662
v 55.833004 -1.052419 -4.458958
v 52.513958 -0.402884 -4.472735
v 50.608318 -1.040910 -4.467730
v 54.375973 13.929282 -2.143902
v 54.380135 13.894386 -4.667999
v 56.661118 12.567301 -2.120631
v 56.665306 12.532386 -4.646075
v 57.470375 10.936933 -2.096757
v 57.474533 10.902015 -4.622200
v 57.332325 8.627523 -2.059328
v 57.336517 8.592449 -4.596225
v 52.105167 19.932720 -2.230648
v 52.109325 19.897825 -4.754743
v 54.224537 18.034615 -2.200911
v 54.228695 17.999714 -4.725005
v 54.778107 16.048168 -2.172534
v 54.782265 16.013271 -4.696630
v 49.319126 20.142035 -4.762721
v 49.314964 20.176929 -2.238624
v 46.591610 19.160400 -4.753646
v 46.587452 19.195295 -2.229551
v 45.045929 17.604380 -2.862135
v 45.047928 17.587509 -4.082407
v 45.044846 17.613394 -2.210223
v 44.334862 15.681801 -2.184689
v 44.336113 15.662127 -2.836452
v 44.549911 13.131420 -2.801113
v 44.548759 13.145850 -2.149275
v 49.721245 10.895425 -2.109633
v 49.725403 10.860526 -4.633729
v 48.248489 10.424315 -2.105548
v 48.252647 10.389419 -4.629643
v 46.501659 10.759684 -2.113065
v 46.505848 10.724788 -4.637162
v 50.487511 12.243505 -4.651593
v 50.483349 12.278403 -2.127498
v 50.202732 13.748884 -4.672876
v 50.198544 13.783783 -2.148779
v 49.318245 14.625864 -4.686459
v 49.314056 14.660762 -2.162362
v 47.662086 14.738721 -4.690750
v 47.657928 14.773619 -2.166655
v 46.973404 14.237065 -4.684949
v 46.969250 14.271962 -2.160854
v 45.008057 11.843013 -4.655091
v 45.003895 11.877911 -2.130996
v 44.551937 13.114550 -4.021385
v 44.549911 13.131420 -2.801113
v 44.548759 13.145850 -2.149275
v 35.551842 9.448106 -2.765027
v 35.553841 9.431236 -3.985298
v 35.674301 9.962221 -2.771933
v 35.676331 9.945351 -3.992202
v 44.336113 15.662127 -2.836452
v 43.383659 18.101202 -2.871744
v 45.045929 17.604380 -2.862135
v 43.207794 12.651692 -2.796692
v 44.549911 13.131420 -2.801113
v 41.692871 17.648003 -2.868268
v 40.238617 15.982001 -2.847632
v 39.923950 13.832496 -2.818433
v 42.184517 11.264450 -2.779202
v 40.545349 10.294619 -2.768495
v 39.343590 11.966913 -2.793598
v 38.639297 9.683168 -2.763185
v 37.972710 10.547652 -2.776235
v 35.551842 9.448106 -2.765027
v 35.674301 9.962221 -2.771933
v 44.549911 13.131420 -2.801113
v 44.551937 13.114550 -4.021385
v 43.207794 12.651692 -2.796692
v 43.209793 12.634821 -4.016964
v 42.184517 11.264450 -2.779202
v 42.186546 11.247579 -3.999473
v 40.547348 10.277748 -3.988767
v 40.545349 10.294619 -2.768495
v 38.639297 9.683168 -2.763185
v 38.641296 9.666296 -3.983456
v 35.551842 9.448106 -2.765027
v 35.553841 9.431236 -3.985298
v 40.238617 15.982001 -2.847632
v 40.240646 15.965130 -4.067904
v 41.692871 17.648003 -2.868268
v 41.694870 17.631130 -4.088538
v 39.925953 13.815624 -4.038705
v 39.923950 13.832496 -2.818433
v 43.383659 18.101202 -2.871744
v 43.385654 18.084332 -4.092016
v 45.045929 17.604380 -2.862135
v 45.047928 17.587509 -4.082407
v 39.345619 11.950042 -4.013869
v 39.343590 11.966913 -2.793598
v 37.974739 10.530781 -3.996507
v 37.972710 10.547652 -2.776235
v 55.278610 11.842077 -1.680382
v 54.251186 10.727123 -1.666662
v 54.135822 12.539152 -1.691903
v 56.171028 10.458447 -1.659783
v 53.576130 9.356174 -1.648820
v 56.022034 8.855546 -1.637866
v 55.610798 7.307448 -1.617142
v 52.465290 7.999723 -1.631899
v 52.487846 6.557014 -1.611915
v 50.563194 7.135032 -1.623080
v 55.698681 7.302827 -2.050108
v 55.610798 7.307448 -1.617142
v 56.109745 8.850922 -2.070834
v 56.022034 8.855546 -1.637866
v 56.258884 10.453823 -2.092749
v 56.171028 10.458447 -1.659783
v 55.365711 11.885517 -2.114015
v 55.278610 11.842077 -1.680382
v 54.047520 12.659730 -2.126893
v 54.135822 12.539152 -1.691903
v 52.377934 8.061580 -2.066075
v 52.465290 7.999723 -1.631899
v 50.476921 7.127680 -2.056298
v 50.563194 7.135032 -1.623080
v 53.576130 9.356174 -1.648820
v 53.489025 9.396709 -2.082701
v 54.251186 10.727123 -1.666662
v 54.164410 10.751757 -2.100321
v 54.135822 12.539152 -1.691903
v 54.047520 12.659730 -2.126893
v 55.698681 7.302827 -2.050108
v 52.401577 6.549655 -2.045805
v 50.476921 7.127680 -2.056298
v 44.338108 15.645255 -4.056724
v 44.551937 13.114550 -4.021385
v 44.339020 15.646902 -4.708784
v 44.552917 13.110951 -4.673372
v 45.047928 17.587509 -4.082407
v 45.049007 17.578495 -4.734320
v 46.591610 19.160400 -4.753646
v 43.385654 18.084332 -4.092016
v 44.338108 15.645255 -4.056724
v 45.047928 17.587509 -4.082407
v 43.209793 12.634821 -4.016964
v 44.551937 13.114550 -4.021385
v 41.694870 17.631130 -4.088538
v 40.240646 15.965130 -4.067904
v 39.925953 13.815624 -4.038705
v 42.186546 11.247579 -3.999473
v 40.547348 10.277748 -3.988767
v 39.345619 11.950042 -4.013869
v 38.641296 9.666296 -3.983456
v 37.974739 10.530781 -3.996507
v 35.553841 9.431236 -3.985298
v 35.676331 9.945351 -3.992202
v 44.552917 13.110951 -4.673372
v 44.551937 13.114550 -4.021385
v 45.008057 11.843013 -4.655091
v 54.256783 10.680252 -5.056941
v 55.284180 11.795205 -5.070662
v 54.141422 12.492280 -5.082183
v 56.176632 10.411573 -5.050062
v 53.581699 9.309300 -5.039099
v 56.027634 8.808673 -5.028145
v 55.616398 7.260577 -5.007421
v 52.470863 7.952849 -5.022178
v 52.493446 6.510143 -5.002194
v 50.568790 7.088161 -5.013359
v 56.027634 8.808673 -5.028145
v 55.616398 7.260577 -5.007421
v 56.113903 8.816025 -4.594929
v 55.702843 7.267931 -4.574205
v 56.263042 10.418927 -4.616844
v 56.176632 10.411573 -5.050062
v 55.369869 11.850618 -4.638111
v 55.284180 11.795205 -5.070662
v 54.051678 12.624833 -4.650988
v 54.141422 12.492280 -5.082183
v 50.568790 7.088161 -5.013359
v 52.470863 7.952849 -5.022178
v 50.481083 7.092784 -4.580393
v 52.382095 8.026683 -4.590170
v 53.581699 9.309300 -5.039099
v 53.493210 9.361812 -4.606796
v 54.256783 10.680252 -5.056941
v 54.168568 10.716859 -4.624417
v 54.141422 12.492280 -5.082183
v 54.051678 12.624833 -4.650988
v 52.405735 6.514777 -4.568555
v 55.702843 7.267931 -4.574205
v 50.481083 7.092784 -4.580393
v -171.065598 -2.562456 -0.698806
v -171.101013 -0.377033 0.139803
v -168.540237 -2.544833 -1.029159
v -168.521896 -3.487718 -3.532927
v -6.441694 -0.388096 -0.385480
v -168.576050 -0.341219 -0.126444
v -171.592880 -2.202640 -1.290809
v 27.031818 2.728896 0.588165
v 27.073929 0.141343 -0.496923
v 27.095055 -0.956825 -3.245370
v -189.071426 -3.782551 -0.459739
v -189.122269 -0.650068 0.782412
v -192.512161 -6.723273 2.225855
v -192.610550 -0.652767 4.527519
v -192.463531 -9.304256 -3.491987
v -195.681335 -4.298682 -0.201171
v -195.738861 -0.748588 1.143027
v -195.652924 -5.806436 -3.545605
v -196.886353 -5.280814 0.740964
v -196.959793 -0.749447 2.459929
v -196.850052 -7.207066 -3.528216
v -225.154999 -1.275277 -3.656895
v -225.154999 -1.275277 -3.656895
v -225.154999 -1.275277 -3.656895
v -225.154999 -1.275277 -3.656895
v -35.811646 1.690690 -3.385698
v -178.693497 0.634165 0.869129
v -178.658478 -1.604611 0.900137
v -182.531189 0.643816 5.282038
v -183.834885 0.605949 4.020647
v -182.495895 -1.612087 5.313283
v -183.799576 -1.649955 4.051892
v -183.316925 0.649738 6.597037
v -183.281631 -1.606165 6.628284
v -189.046173 -5.113481 -3.544292
v -185.620178 -7.128927 -2.492117
v 46.913467 1.076739 -1.308787
v 46.882072 3.022022 -0.669879
v 48.754868 0.132354 0.078945
v 48.707184 3.076155 1.176960
v 61.257744 -3.552814 4.590439
v 66.586365 1.386637 -0.574847
v 66.608704 0.200904 -3.196224
v 66.554443 3.343369 0.310563
v 66.525528 5.274874 -0.628706
v 66.511902 6.387685 -3.281919
v -178.593613 -5.239841 -4.629563
v -178.597260 -5.209314 -2.421484
v -183.206512 -10.934896 -4.559107
v -183.210159 -10.904351 -2.349849
v -183.771179 -8.239070 -4.597308
v -182.180206 -9.750559 -4.573788
v -183.774841 -8.208527 -2.388052
v -182.183838 -9.720015 -2.364532
v 43.333305 -3.613059 -3.787914
v 43.331306 -3.596305 -2.576066
v 68.992676 3.375441 -0.127966
v 67.077469 3.345759 -0.107632
v 72.213379 3.428739 0.082330
v 76.403381 -2.652907 -1.484914
v 76.754318 -2.670339 -3.139799
v 76.211807 9.592727 -1.654531
v 76.562744 9.575294 -3.309416
v 76.408813 -2.698679 -4.795684
v 75.130112 0.651122 0.230843
v 26.993439 5.285460 -0.568177
v 26.981417 6.307227 -3.345987
v -171.133591 1.784369 -0.759013
v -168.618835 2.709901 -3.618771
v -168.608795 1.836596 -1.089847
v -6.522377 4.769303 -0.456916
v -175.398163 1.713164 -1.461749
v -171.649109 1.391984 -1.340599
v -171.622177 -0.395414 -0.598601
v -189.168884 2.446874 -0.546024
v -192.701065 5.351786 2.058601
v -192.730728 7.773706 -3.728539
v -195.791809 2.762986 -0.298984
v -195.809128 4.177703 -3.683897
v -197.027359 3.732662 0.616118
v -197.049484 5.540151 -3.704779
v -185.823090 5.841992 -2.671779
v -189.183929 3.692023 -3.666259
v 46.852898 4.948895 -1.362420
v 48.663265 5.988475 -0.002169
v 61.042797 10.186386 4.400134
v 61.145878 3.353673 7.163238
v -178.739960 4.115130 -4.759142
v -178.743607 4.145658 -2.551063
v -183.528748 9.662893 -4.844411
v -183.532394 9.693437 -2.635155
v -182.465897 8.511281 -4.826737
v -184.008835 6.950703 -4.807705
v -182.469559 8.541826 -2.617479
v -184.012466 6.981246 -2.598449
v 43.128883 9.453982 -3.968910
v 43.126884 9.470737 -2.757060
v 27.083035 0.064941 -6.023182
v 27.044653 2.621505 -7.179524
v -171.088760 -0.479877 -7.298901
v -171.056168 -2.641277 -6.399918
v -168.531937 -2.614412 -6.061852
v -6.432053 -0.468907 -6.230452
v -168.564667 -0.436597 -7.025256
v -175.322891 -2.703708 -5.709403
v -171.585403 -2.265257 -5.819829
v -189.107803 -0.771392 -7.992962
v -189.061188 -3.868334 -6.664527
v -192.583710 -0.877783 -11.748044
v -192.493179 -6.882336 -9.279127
v -195.723175 -0.880144 -8.372529
v -195.670227 -4.391718 -6.930519
v -196.939743 -0.917467 -9.692923
v -196.872192 -5.399578 -7.849281
v -178.678741 0.510426 -8.080932
v -178.643723 -1.728351 -8.049923
v -185.616821 -7.157088 -4.529046
v -183.809708 0.394862 -11.247400
v -182.501877 0.397902 -12.505050
v -183.774414 -1.861042 -11.216153
v -182.466568 -1.858001 -12.473805
v -183.247971 -1.888469 -13.790879
v -183.283264 0.367435 -13.822126
v 46.919823 1.023328 -5.172081
v 46.890648 2.950202 -5.864624
v 48.721855 2.953343 -7.706223
v 48.765774 0.041024 -6.526928
v 61.333939 -7.713243 -3.095506
v 61.283287 -3.766888 -10.893568
v 66.595078 1.313717 -5.849271
v 66.566162 3.245218 -6.788708
v 66.534241 5.201952 -5.903128
v 75.161911 -1.068145 -3.164577
v 69.002899 3.289512 -6.343195
v 67.087814 3.259192 -6.369017
v 72.224319 3.337127 -6.544094
v 75.021225 7.924009 -3.289129
v 27.002542 5.209059 -6.094436
v -171.124191 1.705550 -6.460127
v -168.600494 1.767017 -6.122540
v -6.512732 4.688493 -6.301887
v -171.641647 1.329368 -5.869618
v -171.612335 -0.477859 -6.561826
v -189.158646 2.361091 -6.750812
v -192.682098 5.192724 -9.446382
v -195.780701 2.669950 -7.028333
v -197.013184 3.613899 -7.974127
v -185.819733 5.813831 -4.708709
v 48.674171 5.897145 -6.608043
v 46.859253 4.895485 -5.225714
v 60.992142 14.132738 -3.398099
v 61.068340 9.972313 -11.083874
v 61.180202 3.065825 -13.656843
v 76.217239 9.546954 -4.965300
v 75.053017 6.204743 -6.684549
v 63.450375 1.551801 -1.480835
v 61.013157 1.497677 -1.486800
v 65.240341 -1.545892 -1.405572
v 69.150780 -1.036332 -1.399765
v 70.359390 -0.207089 -3.184399
v 83.725967 -8.813851 -0.752641
v 78.940842 -9.050168 -0.858860
v 69.424744 -13.028934 -0.765628
v 65.678864 -12.713292 -3.019213
v 68.115013 -12.589647 -3.016906
v 88.742462 -17.569410 -2.914046
v 88.468445 -16.752094 -2.925799
v 84.805252 -16.519783 -1.279345
v 81.032364 -14.773241 -0.361140
v 68.937485 -9.716746 -0.699001
v 68.197556 -6.935751 -0.941863
v 100.433258 -2.460402 -1.625368
v 105.925064 -2.905808 -1.080605
v 103.934143 -3.471576 -3.083905
v 104.820984 -4.734275 -0.473514
v 125.309464 -0.712952 -1.796202
v 140.678360 2.142295 -2.742228
v 99.887283 -6.639025 -0.290704
v 97.465179 -12.983495 -2.963067
v 95.881241 -12.123943 -0.756250
v 95.881241 -12.123943 -0.756250
v 96.424255 -13.419547 -0.903233
v 81.032364 -14.773241 -0.361140
v 86.854080 -13.950901 -0.722794
v 83.311188 -15.477924 -2.951918
v 99.748749 -14.385866 -1.234167
v 101.934906 -14.934641 -1.717143
v 105.065582 -14.571636 -2.928577
v 96.781677 -2.682117 -3.106614
v 97.905502 -2.251592 -2.187751
v 83.725967 -8.813851 -0.752641
v 79.067017 -5.792416 -3.092822
v 63.456104 1.503720 -4.958541
v 61.018887 1.449670 -4.959286
v 66.447311 -0.612571 -3.185244
v 64.662201 2.174966 -3.226726
v 65.246170 -1.594789 -4.942404
v 69.156647 -1.085408 -4.949400
v 71.540527 -3.354932 -3.138932
v 70.359390 -0.207089 -3.184399
v 73.578949 -5.632951 -3.104075
v 76.040497 -7.130803 -3.079309
v 79.015594 -8.065762 -3.061477
v 78.948044 -9.110687 -5.236272
v 83.733536 -8.877177 -5.333037
v 81.040970 -14.845238 -5.568687
v 87.575333 -15.325644 -2.946992
v 86.861450 -14.012951 -5.210712
v 72.813126 -17.904243 -2.935683
v 68.782990 -16.324327 -2.964172
v 65.433670 -13.741348 -3.005404
v 65.678864 -12.713292 -3.019213
v 69.432144 -13.090949 -5.250849
v 88.742462 -17.569410 -2.914046
v 88.468445 -16.752094 -2.925799
v 84.810715 -16.565556 -4.590113
v 81.040970 -14.845238 -5.568687
v 68.945251 -9.781886 -5.410623
v 68.204666 -6.995275 -5.247178
v 66.660706 -8.686007 -3.073273
v 67.817322 -10.257792 -3.049636
v 64.983795 -7.245265 -3.095957
v 63.406921 -6.635226 -3.106991
v 61.155262 -7.427952 -3.099745
v 100.438141 -2.501269 -4.581376
v 100.362961 -3.404801 -3.090718
v 105.931686 -2.961317 -5.095508
v 103.934143 -3.471576 -3.083905
v 104.829498 -4.805920 -5.655456
v 107.777206 -9.791794 -2.990190
v 113.729996 -6.257573 -3.029236
v 125.313721 -0.748630 -4.376898
v 142.064789 2.599217 -3.104964
v 125.186020 1.730673 -3.120789
v 125.241257 -1.798762 -3.071901
v 140.679535 2.132380 -3.459332
v 141.551346 2.030906 -3.097955
v 142.064789 2.599217 -3.104964
v 102.151016 -11.939195 -2.969779
v 99.896378 -6.715216 -5.801634
v 98.986908 -4.493399 -3.077936
v 94.564590 -5.683036 -3.068781
v 97.465179 -12.983495 -2.963067
v 95.888535 -12.185349 -5.197844
v 96.431046 -13.476369 -5.013311
v 95.888535 -12.185349 -5.197844
v 90.048782 -6.447249 -3.065662
v 86.393021 -6.536502 -3.070455
v 83.601059 -6.180099 -3.079987
v 80.454697 -5.434518 -3.095482
v 79.067017 -5.792416 -3.092822
v 80.822678 -6.604980 -4.032489
v 79.067017 -5.792416 -3.092822
v 83.733536 -8.877177 -5.333037
v 99.754333 -14.433025 -4.644998
v 96.902206 -15.781052 -4.754562
v 91.771317 -16.369612 -2.925641
v 100.303955 -16.331924 -2.912093
v 101.923889 -14.119320 -2.940011
v 104.620361 -13.938456 -2.938066
v 101.938904 -14.968126 -4.139156
v 105.065582 -14.571636 -2.928577
v 102.471283 -15.711136 -2.917102
v 105.065582 -14.571636 -2.928577
v 108.825714 1.112889 -3.139223
v 103.629852 -0.720977 -3.122436
v 100.072601 -1.542196 -3.116948
v 97.030029 -1.856618 -3.117618
v 96.781677 -2.682117 -3.106614
v 97.908554 -2.277106 -4.033319
v 96.781677 -2.682117 -3.106614
v 63.396652 4.986689 -1.528412
v 60.958897 4.964372 -1.534818
v 65.088821 8.139742 -1.539729
v 69.013260 7.753091 -1.521510
v 70.248001 6.912953 -3.283021
v 83.337814 15.997588 -1.096310
v 78.547668 16.081100 -1.206959
v 80.458954 21.878376 -0.868810
v 86.303696 21.228819 -1.210077
v 65.178528 19.266428 -3.462172
v 68.911736 19.761356 -1.219814
v 67.617401 19.219151 -3.457496
v 88.078949 24.842550 -3.501505
v 87.830627 24.017050 -3.490500
v 84.175781 23.715965 -1.836659
v 80.458954 21.878376 -0.868810
v 82.715759 22.581972 -3.479095
v 68.528275 16.438662 -1.061286
v 67.875824 13.630229 -1.226727
v 100.235992 10.148049 -1.800010
v 105.710938 10.779911 -1.270169
v 103.704208 11.227445 -3.287505
v 104.549957 12.589063 -0.713463
v 125.154739 9.175413 -1.933169
v 140.605865 6.777136 -2.806427
v 99.559036 14.342903 -0.581330
v 96.940872 20.532089 -3.427299
v 95.383591 19.684853 -1.196842
v 95.383591 19.684853 -1.196842
v 95.885880 20.992243 -1.379878
v 99.178680 22.052528 -1.738883
v 101.346817 22.655828 -2.237817
v 104.487854 22.357508 -3.440092
v 78.776657 12.768278 -3.349911
v 83.337814 15.997588 -1.096310
v 97.716278 9.844791 -2.355301
v 96.579941 10.214350 -3.285247
v 63.402382 4.938607 -5.006118
v 60.964626 4.916363 -5.007303
v 64.628098 4.353622 -3.256904
v 66.325165 7.195705 -3.293399
v 65.094650 8.090844 -5.076562
v 69.019119 7.704016 -5.071145
v 70.248001 6.912953 -3.283021
v 71.330078 10.096251 -3.325247
v 73.296280 12.436996 -3.354366
v 75.709717 14.011213 -3.372152
v 78.654099 15.038898 -3.381506
v 78.554886 16.020578 -5.584372
v 83.345367 15.934262 -5.676708
v 86.982559 22.563322 -3.471800
v 80.467575 21.806377 -6.076356
v 72.146957 24.678293 -3.525503
v 68.168198 22.972918 -3.508486
v 64.901321 20.286301 -3.476729
v 65.178528 19.266428 -3.462172
v 68.919144 19.699347 -5.705035
v 86.311081 21.166767 -5.697993
v 89.732513 13.766752 -3.345650
v 86.075760 13.741459 -3.351330
v 94.270065 13.144354 -3.329563
v 95.390900 19.623447 -5.638433
v 101.657028 19.635065 -3.407120
v 107.347656 17.664936 -3.370500
v 113.408081 14.318895 -3.314246
v 125.158997 9.139734 -4.513864
v 142.006058 6.353930 -3.156973
v 125.108398 6.693382 -3.189528
v 125.053162 10.222819 -3.238415
v 140.607040 6.767223 -3.523530
v 141.475113 6.905880 -3.165479
v 142.006058 6.353930 -3.156973
v 108.736740 6.798437 -3.217974
v 103.486099 8.468666 -3.249724
v 100.136841 11.048847 -3.290918
v 100.240875 10.107182 -4.756019
v 105.717560 10.724402 -5.285071
v 103.704208 11.227445 -3.287505
v 104.558487 12.517420 -5.895404
v 99.904861 9.178062 -3.265437
v 97.719330 9.819276 -4.200869
v 96.579941 10.214350 -3.285247
v 96.853973 9.397033 -3.273494
v 96.579941 10.214350 -3.285247
v 99.568146 14.266713 -6.092259
v 98.727402 12.093815 -3.307690
v 83.296310 13.297780 -3.349778
v 80.174835 12.454020 -3.343261
v 78.776657 12.768278 -3.349911
v 80.146454 14.267411 -3.368379
v 78.776657 12.768278 -3.349911
v 83.345367 15.934262 -5.676708
v 63.097824 13.120179 -3.380628
v 60.822521 13.841993 -3.394360
v 64.654877 13.779307 -3.387174
v 66.285866 15.271869 -3.405120
v 67.392754 16.879110 -3.425516
v 67.882927 13.570705 -5.532042
v 68.536041 16.373520 -5.772908
v 88.078949 24.842550 -3.501505
v 87.830627 24.017050 -3.490500
v 84.181244 23.670195 -5.147428
v 80.467575 21.806377 -6.076356
v 101.859161 23.415190 -3.459049
v 104.487854 22.357508 -3.440092
v 104.062668 21.710690 -3.431850
v 104.487854 22.357508 -3.440092
v 101.350815 22.622339 -4.659829
v 101.361832 21.807009 -3.437636
v 99.673508 23.967791 -3.470293
v 99.184280 22.005373 -5.149714
v 95.892670 20.935417 -5.489956
v 96.940872 20.532089 -3.427299
v 95.390900 19.623447 -5.638433
v 104.071869 4.424682 -3.192848
v 94.326859 3.758117 -1.114695
v 98.768204 3.814845 -2.035667
v 104.166672 3.889023 -2.777719
v 94.333740 3.700476 -5.283899
v 98.772003 3.782844 -4.350207
v 104.168045 3.877757 -3.592527
v 104.088867 3.339373 -3.177816
v 104.428558 3.887481 -3.184833
v 54.714066 -7.682159 -1.844558
v 54.718224 -7.717058 -4.368654
v 35.899792 -4.337728 -3.794365
v 35.897762 -4.320858 -2.574094
v 52.596069 -0.360646 -1.516098
v 55.740959 -1.012900 -1.501895
v 50.690426 -0.998664 -1.510419
v 55.746559 -1.059771 -4.892174
v 52.601669 -0.407519 -4.906377
v 50.696026 -1.045536 -4.900698
v 54.375973 13.929282 -2.143902
v 54.380135 13.894386 -4.667999
v 35.676331 9.945351 -3.992202
v 35.674301 9.962221 -2.771933
v 55.610798 7.307448 -1.617142
v 52.487846 6.557014 -1.611915
v 50.563194 7.135032 -1.623080
v 52.493446 6.510143 -5.002194
v 55.616398 7.260577 -5.007421
v 50.568790 7.088161 -5.013359
vn -0.4460 -0.8950 0.0116
vn -0.2265 -0.7992 0.5567
vn -0.4337 -0.6500 0.6240
vn -0.1277 -0.9917 0.0135
vn 0.1116 -0.6843 0.7206
vn 0.3363 0.0183 0.9416
vn 0.1000 0.0153 0.9949
vn 0.3524 -0.6386 0.6841
vn -0.7352 -0.0021 0.6779
vn -0.7064 -0.4973 0.5037
vn -0.7430 -0.0024 0.6693
vn -0.7065 -0.5032 0.4977
vn -0.6755 -0.7373 0.0091
vn -0.6631 -0.7484 0.0093
vn 0.1175 -0.9930 0.0139
vn 0.3635 -0.9315 0.0135
vn 0.1933 0.0009 0.9811
vn 0.0906 -0.7048 0.7036
vn 0.3300 -0.6608 0.6741
vn 0.1046 0.0154 0.9944
vn -0.3455 -0.9383 0.0124
vn 0.0061 -0.9999 0.0138
vn -0.8168 -0.0048 0.5769
vn -0.5949 -0.5100 0.6212
vn -0.7874 -0.4347 0.4371
vn -0.6244 -0.1253 0.7710
vn -0.0016 0.0138 0.9999
vn 0.0105 -0.7244 0.6893
vn 0.0105 -0.7249 0.6888
vn -0.0015 0.0138 0.9999
vn 0.0146 -0.9507 0.3097
vn 0.0146 -0.9501 0.3115
vn -0.0124 0.7432 0.6690
vn -0.0125 0.7436 0.6685
vn -0.0153 0.9589 0.2833
vn -0.0152 0.9584 0.2850
vn 0.9493 -0.3144 0.0059
vn 0.9298 -0.2379 0.2809
vn 0.9297 -0.3425 0.1358
vn 0.9522 -0.3055 0.0058
vn -0.0999 -0.6896 0.7172
vn -0.1055 0.0121 0.9944
vn 0.0041 0.0139 0.9999
vn 0.0099 -0.6992 0.7149
vn 0.1576 -0.6954 0.7011
vn 0.1516 0.0161 0.9883
vn -0.0989 -0.9950 0.0136
vn 0.0090 -0.9999 0.0138
vn 0.1518 -0.9883 0.0139
vn 0.2021 -0.3475 0.9156
vn -0.1040 0.0121 0.9945
vn -0.4222 0.0060 0.9065
vn -0.1041 0.0121 0.9945
vn 0.9229 0.0198 0.3844
vn 0.9209 0.0434 0.3873
vn 0.0106 -0.7234 0.6903
vn 0.0147 -0.9501 0.3115
vn 0.0147 -0.9494 0.3136
vn -0.0124 0.7423 0.6700
vn -0.0152 0.9584 0.2851
vn -0.0151 0.9577 0.2872
vn 0.3502 -0.7048 0.6169
vn 0.3334 -0.9427 0.0136
vn 0.0479 -0.6616 0.7484
vn 0.5054 -0.8628 0.0128
vn 0.1108 0.0155 0.9937
vn -0.0383 0.0132 0.9992
vn 0.4430 -0.5963 0.6695
vn 0.1317 0.0158 0.9912
vn 0.2626 -0.9648 0.0138
vn -0.3999 -0.9165 0.0120
vn 0.0289 -0.9452 0.3253
vn -0.3456 -0.9383 0.0124
vn -0.4000 -0.9164 0.0120
vn 0.0722 -0.6314 0.7720
vn 0.2510 -0.2078 0.9454
vn 0.2934 -0.6017 0.7429
vn 0.0721 -0.2001 0.9771
vn 0.5050 -0.6168 0.6038
vn 0.2219 -0.9078 0.3560
vn 0.4804 -0.8201 0.3108
vn 0.2695 -0.6838 0.6781
vn 0.2175 -0.8449 0.4887
vn 0.5781 -0.1732 0.7974
vn 0.2207 -0.3711 0.9020
vn 0.0692 -0.9150 0.3975
vn 0.0918 -0.4686 0.8786
vn -0.2642 -0.6173 0.7411
vn 0.0331 -0.6175 0.7859
vn -0.0942 -0.2849 0.9539
vn 0.1082 0.0155 0.9940
vn -0.1422 0.0115 0.9898
vn 0.0110 -0.5837 0.8119
vn -0.0376 -0.1828 0.9824
vn 0.0295 0.0143 0.9995
vn 0.2651 -0.6751 0.6885
vn -0.0134 -0.7855 0.6187
vn 0.2693 0.0175 0.9629
vn 0.4266 0.0192 0.9043
vn 0.4345 -0.6374 0.6363
vn 0.2571 -0.9663 0.0138
vn 0.4309 -0.9023 0.0132
vn -0.0076 0.6060 0.7954
vn -0.1034 0.3081 0.9457
vn 0.0768 0.4954 0.8653
vn -0.0437 0.2086 0.9770
vn 0.2435 0.7018 0.6694
vn -0.0095 0.9044 0.4266
vn 0.2267 0.9739 -0.0131
vn 0.4141 0.6681 0.6183
vn 0.4025 0.9154 -0.0120
vn 0.0558 0.9983 -0.0137
vn -0.2837 0.6290 0.7238
vn 0.0134 0.6398 0.7685
vn 0.1040 -0.1612 0.9814
vn 0.4687 -0.5732 0.6721
vn 0.3806 -0.8739 0.3023
vn 0.3815 -0.8819 -0.2768
vn 0.0985 0.1915 0.9765
vn 0.4503 0.6060 0.6558
vn 0.4239 0.6281 0.6525
vn 0.2323 0.9726 -0.0131
vn 0.3530 0.8934 0.2778
vn 0.3539 0.8854 -0.3013
vn 0.4525 0.5876 -0.6708
vn 0.4260 0.6099 -0.6682
vn 0.1350 -0.0116 -0.9908
vn 0.1017 0.1644 -0.9811
vn 0.4709 -0.5916 -0.6545
vn 0.4452 -0.6145 -0.6513
vn 0.1073 -0.1883 -0.9762
vn -0.2723 -0.6774 0.6834
vn -0.5717 0.0024 0.8204
vn -0.5602 -0.5738 0.5974
vn -0.4172 -0.2766 0.8657
vn -0.4260 0.2873 0.8579
vn -0.2937 0.6872 0.6645
vn -0.5782 0.5723 0.5815
vn 0.6093 -0.5358 0.5845
vn 0.5826 0.0204 0.8125
vn 0.6157 -0.5418 0.5722
vn 0.5772 0.0203 0.8163
vn 0.6365 -0.7712 0.0117
vn 0.6422 -0.7665 0.0117
vn 0.9682 -0.1596 0.1928
vn 0.9638 0.0188 0.2658
vn 0.9683 -0.1636 0.1888
vn 0.9639 0.0188 0.2657
vn 0.9713 -0.2379 0.0049
vn -0.4725 -0.6105 0.6357
vn -0.7832 -0.0036 0.6217
vn -0.7778 -0.4352 0.4535
vn -0.4743 0.0048 0.8804
vn -0.4764 -0.8792 0.0114
vn -0.7761 -0.6306 0.0074
vn -0.9953 -0.0143 0.0953
vn -0.9945 -0.0792 0.0685
vn -0.9942 -0.1077 -0.0002
vn -0.3727 -0.6412 0.6708
vn -0.3757 0.0070 0.9267
vn -0.3725 -0.6361 0.6757
vn -0.3758 0.0070 0.9267
vn -0.3740 -0.9274 0.0122
vn -0.3737 -0.9275 0.0122
vn 0.9960 -0.0501 0.0735
vn 0.9947 0.0170 0.1011
vn 0.9961 -0.0517 0.0719
vn 0.9947 0.0170 0.1010
vn 0.9968 -0.0796 0.0027
vn -0.2985 0.0085 0.9544
vn -0.2110 -0.6548 0.7258
vn -0.2877 -0.6582 0.6957
vn -0.2177 0.0101 0.9760
vn -0.2613 -0.6221 0.7380
vn -0.2526 0.0094 0.9675
vn -0.2101 -0.9776 0.0132
vn -0.2824 -0.9592 0.0128
vn -0.2758 -0.9611 0.0128
vn -0.4560 -0.8899 0.0116
vn -0.2809 0.6339 0.7206
vn -0.3772 0.2954 0.8778
vn -0.3681 -0.2826 0.8858
vn -0.2317 0.6677 0.7074
vn -0.3084 0.6679 0.6773
vn -0.2405 0.9705 -0.0138
vn -0.3122 0.9499 -0.0136
vn -0.3314 0.8473 0.4150
vn -0.4398 0.8003 0.4077
vn -0.2494 -0.0173 -0.9682
vn -0.2589 -0.6424 -0.7213
vn -0.3652 -0.3072 -0.8788
vn -0.2145 -0.0169 -0.9766
vn -0.2086 -0.6746 -0.7081
vn -0.2953 -0.0179 -0.9552
vn -0.2854 -0.6772 -0.6782
vn -0.3743 0.2711 -0.8868
vn -0.2957 0.2890 -0.9105
vn -0.2293 0.6479 -0.7264
vn -0.3062 0.6489 -0.6966
vn 0.0083 -0.8794 0.4759
vn 0.6706 0.0208 0.7416
vn 0.2734 0.0176 0.9617
vn 0.1357 0.0158 0.9906
vn 0.8683 0.0204 0.4956
vn 0.2971 -0.9548 0.0137
vn 0.6747 -0.7380 0.0113
vn 0.0794 -0.9967 0.0139
vn 0.8177 -0.5756 0.0093
vn 0.9297 0.0196 0.3677
vn 0.0185 -0.9997 0.0139
vn 0.0181 -0.9997 0.0139
vn 0.0168 -0.9998 0.0138
vn 0.0174 -0.9998 0.0139
vn 0.0160 -0.9998 0.0139
vn 0.0159 -0.9998 0.0140
vn 0.0091 -0.9999 0.0087
vn 0.0156 -0.9998 0.0138
vn -0.0093 -0.9999 -0.0058
vn -0.0017 0.0148 0.9999
vn -0.0016 0.0147 0.9999
vn -0.0019 0.0143 0.9999
vn -0.0015 0.0144 0.9999
vn -0.0209 0.0263 0.9994
vn -0.0017 0.0138 0.9999
vn -0.0176 0.0243 0.9995
vn -0.0693 0.0583 0.9959
vn 0.8583 0.0205 0.5128
vn 0.8583 0.0205 0.5127
vn -0.9493 -0.3143 0.0028
vn -0.9999 -0.0157 -0.0014
vn -0.6279 -0.7783 0.0097
vn -0.3909 -0.9204 0.0121
vn -0.1524 -0.8623 0.4830
vn 0.6953 0.0009 -0.7187
vn -0.9553 -0.0109 0.2954
vn -0.6600 0.0001 0.7512
vn -0.6600 0.0001 0.7513
vn -0.4513 0.0053 0.8924
vn -0.5095 -0.8604 0.0111
vn -0.5709 -0.8209 0.0103
vn -0.5314 -0.8279 -0.1797
vn -0.5353 -0.7670 0.3539
vn -0.5709 -0.8209 0.0104
vn -0.5583 -0.5901 -0.5831
vn -0.2701 -0.6960 -0.6653
vn 0.0051 -0.5300 0.8480
vn 0.3460 -0.3814 0.8572
vn 0.4714 0.0196 0.8817
vn -0.6723 -0.3614 0.6461
vn -0.1474 -0.7167 0.6816
vn -0.5360 -0.5247 0.6613
vn -0.1475 -0.7167 0.6816
vn -0.7001 -0.0011 0.7141
vn -0.7113 -0.0014 0.7029
vn 0.2677 -0.6940 0.6684
vn 0.2948 -0.4707 0.8316
vn 0.0803 -0.5228 0.8487
vn 0.2937 0.0178 0.9557
vn 0.0834 0.0151 0.9964
vn -0.4400 0.0056 0.8980
vn -0.3968 -0.4973 0.7715
vn -0.8634 -0.0065 0.5045
vn -0.8465 -0.3454 0.4052
vn -0.9521 -0.0107 0.3056
vn -0.9482 -0.2172 0.2317
vn -0.8412 -0.5407 0.0061
vn -0.5417 -0.7451 0.3892
vn -0.9511 -0.3088 0.0027
vn -0.3325 -0.6372 0.6952
vn 0.0414 -0.6735 0.7380
vn -0.6605 -0.7508 0.0093
vn 0.0092 -0.6560 0.7547
vn 0.2654 -0.9574 0.1139
vn 0.2629 -0.6863 0.6781
vn 0.2527 -0.0616 0.9656
vn 0.8533 -0.5213 0.0086
vn 0.8414 -0.3464 0.4147
vn 0.2527 -0.0617 0.9656
vn 0.7614 -0.2154 0.6114
vn 0.8362 0.0207 0.5480
vn 0.8838 -0.3013 0.3578
vn 0.9033 -0.4290 0.0074
vn 0.8753 0.0204 0.4831
vn 0.8487 -0.3554 0.3916
vn 0.8757 -0.4827 0.0081
vn 0.8321 0.0207 0.5542
vn -0.6654 -0.5495 0.5053
vn -0.6479 -0.7617 0.0095
vn -0.6693 -0.5204 0.5304
vn -0.6480 -0.7615 0.0095
vn -0.7110 -0.0014 0.7032
vn -0.7113 -0.0014 0.7028
vn -0.6855 0.5137 0.5160
vn -0.6825 0.5422 0.4902
vn -0.6714 0.7410 -0.0114
vn -0.6716 0.7409 -0.0114
vn 0.7562 -0.6542 0.0103
vn 0.4631 -0.6386 0.6146
vn 0.6835 -0.5216 0.5107
vn 0.5318 -0.8467 0.0126
vn 0.4923 -0.1449 0.8583
vn 0.6243 0.0206 0.7809
vn 0.6666 0.5566 0.4958
vn 0.4426 0.6695 0.5965
vn 0.7354 0.6776 -0.0082
vn 0.5051 0.8630 -0.0111
vn -0.7385 -0.6732 0.0362
vn -0.7317 -0.6816 0.0082
vn -0.7124 -0.6969 0.0832
vn -0.7011 -0.7003 0.1343
vn -0.5631 -0.8144 0.1403
vn -0.5620 -0.8148 0.1423
vn -0.2610 -0.9528 0.1553
vn -0.2972 -0.9412 0.1604
vn 0.1876 -0.9822 0.0139
vn 0.5119 -0.8589 0.0127
vn -0.3945 -0.9188 0.0121
vn -0.8197 -0.5727 0.0066
vn -0.9969 -0.0790 -0.0006
vn -0.9353 0.3539 -0.0064
vn -0.6422 0.7664 -0.0117
vn -0.1618 0.9867 -0.0139
vn 0.4130 0.9106 -0.0119
vn 0.4130 0.9107 -0.0119
vn 0.9180 0.3964 -0.0040
vn 0.9180 0.3965 -0.0040
vn 0.9999 0.0156 0.0014
vn 0.9999 0.0157 0.0014
vn 0.0870 -0.9961 0.0139
vn 0.0201 -0.9042 -0.4265
vn 0.2673 -0.6938 -0.6687
vn 0.4366 -0.6547 -0.6170
vn 0.0137 -0.6059 -0.7954
vn 0.0328 -0.0133 -0.9994
vn -0.1390 -0.0159 -0.9902
vn -0.0910 -0.3112 -0.9460
vn 0.1115 -0.0120 -0.9937
vn 0.0947 -0.4927 -0.8650
vn -0.0344 -0.2099 -0.9771
vn 0.2725 -0.0091 -0.9621
vn 0.4296 -0.0058 -0.9030
vn -0.2618 -0.6375 -0.7246
vn 0.0356 -0.6390 -0.7684
vn -0.0049 0.5838 -0.8119
vn -0.1003 0.2819 -0.9542
vn 0.0796 0.4713 -0.8784
vn -0.0405 0.1816 -0.9825
vn -0.0363 0.7848 -0.6187
vn -0.2812 0.6087 -0.7418
vn 0.0160 0.6183 -0.7858
vn 0.2458 0.6830 -0.6878
vn 0.4161 0.6507 -0.6351
vn -0.0018 0.0136 0.9999
vn -0.0018 0.0138 0.9999
vn -0.0018 0.0135 0.9999
vn -0.0015 0.0137 0.9999
vn -0.0020 0.0140 0.9999
vn -0.0021 0.0140 0.9999
vn -0.0033 0.0128 0.9999
vn -0.0026 0.0128 0.9999
vn -0.0058 0.0124 0.9999
vn -0.0067 0.0128 0.9999
vn -0.0066 0.0123 0.9999
vn 0.9070 -0.4211 0.0073
vn 0.7558 -0.6548 0.0103
vn 0.7557 -0.6548 0.0103
vn 0.6888 0.7249 -0.0089
vn -0.4821 -0.8760 0.0113
vn -0.4362 -0.8998 0.0117
vn -0.5781 -0.8159 0.0103
vn -0.6272 -0.7788 0.0097
vn -0.0019 0.0140 0.9999
vn -0.0022 0.0142 0.9999
vn -0.0019 0.0141 0.9999
vn -0.0021 0.0138 0.9999
vn -0.0025 0.0126 0.9999
vn -0.0025 0.0123 0.9999
vn -0.0024 0.0122 0.9999
vn -0.0546 -0.9893 0.1353
vn 0.5917 -0.8061 0.0121
vn -0.0234 -0.9996 0.0138
vn -0.0047 -0.7508 0.6605
vn -0.0183 -0.5318 0.8466
vn -0.3300 -0.9439 0.0125
vn -0.2919 -0.7145 0.6358
vn -0.2749 -0.4858 0.8297
vn -0.7188 -0.6819 0.1355
vn -0.5198 -0.5907 0.6172
vn -0.5806 0.0022 0.8142
vn -0.7694 -0.5183 0.3734
vn -0.9976 0.0689 -0.0026
vn -0.8567 -0.1802 0.4833
vn -0.9143 0.4051 -0.0071
vn 0.0504 0.5093 0.8591
vn -0.0353 0.5543 0.8316
vn -0.0285 0.7683 0.6395
vn -0.0547 0.9984 -0.0139
vn -0.3594 0.9331 -0.0135
vn -0.3144 0.7224 0.6159
vn -0.2903 0.4997 0.8161
vn -0.7398 0.6626 0.1169
vn -0.5383 0.5910 0.6008
vn -0.5896 0.4072 0.6975
vn -0.8138 -0.0047 0.5811
vn -0.7854 0.5041 0.3592
vn -0.9950 -0.1001 -0.0003
vn -0.8621 0.1666 0.4785
vn -0.9011 -0.4335 0.0045
vn -0.7286 0.4222 0.5393
vn -0.5769 -0.4060 0.7088
vn -0.7153 -0.4297 0.5511
vn -0.9135 -0.0087 0.4068
vn 0.9080 0.4021 0.1179
vn 0.9975 0.0708 0.0007
vn 0.9359 0.3523 -0.0033
vn 0.9782 0.0060 0.2074
vn 0.9571 0.2899 -0.0024
vn 0.9775 0.1862 0.0989
vn 0.9168 0.0088 -0.3993
vn 0.4907 -0.8713 0.0129
vn 0.4880 -0.8655 0.1126
vn 0.9657 -0.2598 0.0052
vn 0.9740 -0.0883 -0.2087
vn 0.9201 -0.3701 0.1286
vn 0.9465 -0.3228 0.0060
vn 0.9992 -0.0396 0.0022
vn 0.9779 0.0304 0.2070
vn 0.4632 0.8862 -0.0115
vn 0.4607 0.8832 0.0884
vn 0.9155 0.0199 0.4019
vn 0.9702 0.1187 0.2115
vn 0.9084 0.3987 -0.1260
vn 0.9789 0.0003 -0.2043
vn 0.4884 -0.8683 -0.0870
vn 0.7659 -0.0778 -0.6383
vn 0.8071 0.0044 -0.5903
vn 0.6497 -0.0678 -0.7572
vn 0.9710 -0.1031 -0.2155
vn 0.9950 0.0142 -0.0993
vn 0.9745 0.0183 0.2238
vn -0.4737 0.8806 -0.0130
vn -0.2517 0.8069 0.5344
vn -0.1587 0.9872 -0.0139
vn -0.4541 0.6532 0.6060
vn 0.0898 0.7071 0.7014
vn 0.3320 0.6680 0.6660
vn -0.7218 0.4887 0.4900
vn -0.7221 0.4945 0.4838
vn -0.6982 0.7158 -0.0110
vn -0.6862 0.7273 -0.0112
vn 0.0863 0.9962 -0.0136
vn 0.3342 0.9424 -0.0125
vn 0.0682 0.7265 0.6837
vn 0.3088 0.6893 0.6554
vn -0.3747 0.9270 -0.0134
vn -0.0252 0.9996 -0.0139
vn -0.6109 0.5082 0.6071
vn -0.8008 0.4218 0.4253
vn 0.9390 0.3440 -0.0032
vn 0.9218 0.2746 0.2738
vn 0.9422 0.3352 -0.0031
vn 0.9184 0.3750 0.1258
vn -0.1217 0.7058 0.6979
vn -0.0123 0.7187 0.6953
vn 0.1355 0.7192 0.6815
vn -0.1300 0.9914 -0.0139
vn -0.0223 0.9997 -0.0139
vn 0.1208 0.9926 -0.0135
vn 0.1908 0.3789 0.9056
vn 0.3088 0.6892 0.6554
vn 0.4028 0.7623 0.5066
vn 0.3037 0.9527 -0.0127
vn 0.4782 0.8782 -0.0114
vn 0.0269 0.6832 0.7297
vn 0.0269 0.6832 0.7298
vn -0.1481 0.3854 0.9108
vn -0.4284 0.9035 -0.0132
vn -0.0008 0.9542 0.2990
vn 0.0388 0.3836 0.9227
vn -0.3748 0.9270 -0.0134
vn -0.4285 0.9035 -0.0132
vn 0.0521 0.6545 0.7542
vn 0.2439 0.2416 0.9392
vn 0.0654 0.2293 0.9712
vn 0.2741 0.6309 0.7258
vn 0.4852 0.6487 0.5863
vn 0.1932 0.9238 0.3306
vn 0.4544 0.8430 0.2878
vn 0.2477 0.7104 0.6587
vn 0.1907 0.8645 0.4650
vn 0.5720 0.2132 0.7920
vn 0.2086 0.4026 0.8913
vn 0.0404 0.9274 0.3720
vn 0.5920 0.5705 0.5692
vn 0.5982 0.5764 0.5567
vn 0.6120 0.7908 -0.0099
vn 0.6179 0.7862 -0.0099
vn 0.9626 0.1951 0.1879
vn 0.9626 0.1990 0.1838
vn 0.9634 0.2682 -0.0021
vn -0.4916 0.6128 0.6187
vn -0.7912 0.4230 0.4416
vn -0.5036 0.8638 -0.0128
vn -0.7954 0.6060 -0.0097
vn -0.9965 0.0499 0.0667
vn -0.9971 0.0765 -0.0027
vn -0.3929 0.6476 0.6529
vn -0.3925 0.6426 0.6580
vn -0.4028 0.9152 -0.0133
vn -0.4025 0.9153 -0.0133
vn 0.9940 0.0832 0.0716
vn 0.9939 0.0848 0.0700
vn 0.9938 0.1107 0.0001
vn 0.9938 0.1108 0.0001
vn 0.6513 0.7588 -0.0094
vn 0.2671 0.9636 -0.0129
vn 0.0482 0.9987 -0.0137
vn 0.7993 0.6009 -0.0070
vn -0.0128 0.9998 -0.0138
vn -0.0132 0.9998 -0.0138
vn -0.0138 0.9998 -0.0138
vn -0.0144 0.9998 -0.0138
vn -0.0153 0.9998 -0.0138
vn -0.0153 0.9998 -0.0137
vn -0.0222 0.9996 -0.0190
vn -0.0156 0.9998 -0.0138
vn -0.0406 0.9986 -0.0334
vn -0.0017 0.0129 0.9999
vn -0.0016 0.0129 0.9999
vn -0.0019 0.0134 0.9999
vn -0.0015 0.0133 0.9999
vn -0.0205 0.0007 0.9998
vn -0.0017 0.0139 0.9999
vn -0.0173 0.0028 0.9998
vn -0.0679 -0.0328 0.9972
vn -0.9587 0.2844 -0.0055
vn -0.6519 0.7582 -0.0116
vn -0.6519 0.7582 -0.0115
vn -0.4195 0.9077 -0.0132
vn -0.1795 0.8701 0.4590
vn -0.5964 0.8026 -0.0121
vn -0.5575 0.8108 0.1781
vn -0.5362 0.8440 -0.0126
vn -0.5580 0.7498 -0.3555
vn -0.5762 0.5560 -0.5990
vn -0.5964 0.8026 -0.0122
vn -0.2914 0.6685 -0.6842
vn -0.0119 0.5531 0.8330
vn 0.3336 0.4156 0.8462
vn -0.1702 0.7304 0.6615
vn -0.6835 0.3579 0.6362
vn -0.5525 0.5258 0.6468
vn -0.1701 0.7304 0.6615
vn 0.0636 0.5483 0.8338
vn 0.2455 0.7203 0.6488
vn 0.2796 0.5025 0.8181
vn -0.4125 0.5058 0.7576
vn -0.8570 0.3298 0.3958
vn -0.9547 0.1938 0.2260
vn -0.8577 0.5140 -0.0085
vn -0.5133 0.7188 0.4690
vn -0.9603 0.2789 -0.0054
vn -0.3526 0.6455 0.6775
vn 0.0200 0.6946 0.7191
vn -0.0117 0.6766 0.7363
vn 0.2353 0.9680 0.0872
vn -0.0156 0.9998 -0.0139
vn 0.2410 0.7127 0.6587
vn 0.8366 0.5478 -0.0062
vn 0.8300 0.3839 0.4046
vn 0.7533 0.2567 0.6055
vn 0.7541 0.2560 0.6049
vn 0.8738 0.3386 0.3490
vn 0.8894 0.4571 -0.0049
vn 0.8370 0.3925 0.3812
vn 0.8602 0.5099 -0.0056
vn -0.7526 0.6584 -0.0103
vn -0.7592 0.6498 -0.0384
vn -0.7336 0.6742 -0.0853
vn -0.7223 0.6780 -0.1364
vn -0.5879 0.7964 -0.1419
vn -0.5868 0.7968 -0.1439
vn -0.2903 0.9441 -0.1560
vn -0.3261 0.9315 -0.1613
vn 0.4848 0.8746 -0.0113
vn 0.1568 0.9875 -0.0134
vn -0.4231 0.9060 -0.0132
vn -0.8372 0.5468 -0.0089
vn -0.9989 0.0477 -0.0023
vn -0.9237 -0.3830 0.0038
vn -0.6179 -0.7862 0.0099
vn -0.1309 -0.9913 0.0135
vn 0.4413 -0.8973 0.0131
vn 0.9300 -0.3675 0.0066
vn -0.0018 0.0140 0.9999
vn -0.0018 0.0139 0.9999
vn -0.0018 0.0141 0.9999
vn -0.0016 0.0140 0.9999
vn -0.0015 0.0139 0.9999
vn -0.0020 0.0136 0.9999
vn -0.0021 0.0136 0.9999
vn -0.0033 0.0148 0.9999
vn -0.0026 0.0148 0.9999
vn -0.0058 0.0152 0.9999
vn -0.0067 0.0147 0.9999
vn -0.0066 0.0151 0.9999
vn 0.8934 0.4493 -0.0047
vn 0.8934 0.4493 -0.0048
vn 0.7349 0.6781 -0.0082
vn 0.7111 -0.7030 0.0109
vn -0.7227 0.6815 0.1152
vn -0.5883 0.8000 0.1179
vn -0.5873 0.8005 0.1199
vn -0.7182 0.6862 0.1154
vn -0.7765 0.6199 0.1127
vn -0.2907 0.9481 0.1289
vn -0.3266 0.9356 0.1344
vn -0.4642 0.8857 -0.0130
vn -0.5093 0.8605 -0.0127
vn -0.6033 0.7974 -0.0120
vn -0.6513 0.7587 -0.0116
vn -0.0019 0.0137 0.9999
vn -0.0022 0.0134 0.9999
vn -0.0019 0.0135 0.9999
vn -0.0025 0.0150 0.9999
vn -0.0026 0.0153 0.9999
vn -0.0025 0.0154 0.9999
vn -0.0856 0.9905 0.1079
vn -0.6836 0.7297 -0.0112
vn -0.5636 0.7277 -0.3908
vn -0.8557 0.3187 -0.4076
vn -0.9539 0.1874 -0.2344
vn -0.9511 -0.0191 -0.3083
vn -0.8617 -0.0205 -0.5070
vn -0.4100 0.4847 -0.7727
vn -0.4370 -0.0193 -0.8993
vn 0.0664 0.5251 -0.8485
vn 0.0867 -0.0124 -0.9962
vn 0.2969 -0.0086 -0.9549
vn 0.2723 0.5446 -0.7933
vn -0.3503 0.6265 -0.6962
vn 0.0224 0.6745 -0.7379
vn 0.2477 0.7021 -0.6676
vn -0.1679 0.7118 -0.6821
vn 0.5662 0.8242 -0.0105
vn 0.7633 0.0840 -0.6405
vn 0.9674 0.1274 -0.2187
vn -0.2247 -0.8143 -0.5351
vn -0.4317 -0.6670 -0.6072
vn 0.1139 -0.7039 -0.7011
vn 0.3394 -0.0077 -0.9406
vn 0.3546 -0.6572 -0.6650
vn 0.1033 -0.0122 -0.9946
vn -0.7329 -0.0209 -0.6800
vn -0.7048 -0.5111 -0.4920
vn -0.7049 -0.5168 -0.4859
vn -0.7408 -0.0209 -0.6714
vn 0.1966 -0.0262 -0.9801
vn 0.0929 -0.7240 -0.6835
vn 0.1080 -0.0121 -0.9941
vn 0.3321 -0.6792 -0.6545
vn -0.8149 -0.0208 -0.5792
vn -0.5929 -0.5270 -0.6088
vn -0.6219 -0.1466 -0.7693
vn -0.7859 -0.4467 -0.4275
vn 0.0017 -0.0138 -0.9999
vn 0.0128 -0.7432 -0.6690
vn 0.0018 -0.0138 -0.9999
vn 0.0127 -0.7436 -0.6685
vn 0.0156 -0.9589 -0.2833
vn 0.0156 -0.9584 -0.2850
vn -0.0102 0.7244 -0.6893
vn -0.0102 0.7249 -0.6888
vn -0.0143 0.9507 -0.3097
vn -0.0142 0.9502 -0.3115
vn 0.9307 -0.2456 -0.2712
vn 0.9301 -0.3460 -0.1232
vn -0.0975 -0.7092 -0.6982
vn -0.1022 -0.0154 -0.9946
vn 0.0074 -0.0137 -0.9999
vn 0.0122 -0.7187 -0.6953
vn 0.1599 -0.7145 -0.6811
vn 0.1549 -0.0113 -0.9879
vn 0.2051 -0.3727 -0.9050
vn -0.1008 -0.0153 -0.9948
vn -0.4192 -0.0191 -0.9077
vn 0.9307 -0.2455 -0.2712
vn 0.9222 0.0327 -0.3853
vn 0.9242 0.0092 -0.3818
vn 0.0128 -0.7423 -0.6700
vn 0.0156 -0.9584 -0.2851
vn 0.0157 -0.9577 -0.2872
vn 0.0128 -0.7431 -0.6690
vn -0.0101 0.7235 -0.6903
vn -0.0142 0.9501 -0.3115
vn -0.0141 0.9494 -0.3136
vn 0.4280 -0.7493 -0.5054
vn 0.0503 -0.6820 -0.7296
vn -0.1335 -0.3898 -0.9112
vn 0.1140 -0.0120 -0.9934
vn -0.0350 -0.0144 -0.9993
vn 0.0300 -0.9538 -0.2990
vn 0.0747 -0.6526 -0.7540
vn 0.2540 -0.2339 -0.9385
vn 0.0753 -0.2271 -0.9710
vn 0.2958 -0.6220 -0.7250
vn 0.5070 -0.6332 -0.5849
vn 0.2230 -0.9173 -0.3300
vn 0.4814 -0.8284 -0.2864
vn 0.2717 -0.7023 -0.6580
vn 0.2190 -0.8581 -0.4644
vn 0.5807 -0.1952 -0.7904
vn 0.2236 -0.3958 -0.8907
vn 0.0705 -0.9256 -0.3718
vn -0.5690 -0.0203 -0.8221
vn -0.4144 -0.3005 -0.8591
vn -0.4232 0.2635 -0.8669
vn 0.6112 -0.5517 -0.5675
vn 0.5853 -0.0021 -0.8108
vn 0.5799 -0.0022 -0.8147
vn 0.6175 -0.5574 -0.5550
vn 0.9688 -0.1648 -0.1852
vn 0.9647 0.0115 -0.2631
vn 0.9647 0.0115 -0.2630
vn 0.9689 -0.1687 -0.1810
vn -0.4704 -0.6279 -0.6201
vn -0.7811 -0.0209 -0.6240
vn -0.4713 -0.0196 -0.8817
vn -0.7763 -0.4476 -0.4438
vn -0.9950 -0.0169 -0.0982
vn -0.9943 -0.0811 -0.0695
vn -0.3705 -0.6595 -0.6540
vn -0.3726 -0.0187 -0.9278
vn -0.3703 -0.6546 -0.6591
vn 0.9963 -0.0521 -0.0688
vn 0.9951 0.0142 -0.0982
vn 0.9963 -0.0536 -0.0672
vn 0.2765 -0.0090 -0.9610
vn 0.6730 0.0003 -0.7397
vn 0.6730 0.0003 -0.7396
vn 0.1390 -0.0115 -0.9902
vn 0.8699 0.0068 -0.4931
vn 0.8700 0.0068 -0.4931
vn 0.9309 0.0095 -0.3650
vn 0.9310 0.0095 -0.3650
vn 0.0174 -0.9998 0.0138
vn 0.0160 -0.9998 0.0138
vn 0.0159 -0.9998 0.0137
vn 0.0091 -0.9998 0.0190
vn -0.0094 -0.9994 0.0334
vn 0.0016 -0.0129 -0.9999
vn 0.0017 -0.0130 -0.9999
vn 0.0015 -0.0135 -0.9999
vn 0.0019 -0.0134 -0.9999
vn -0.0176 -0.0013 -0.9998
vn 0.0016 -0.0139 -0.9999
vn -0.0143 -0.0033 -0.9999
vn -0.0662 0.0308 -0.9973
vn 0.0016 -0.0138 -0.9999
vn 0.8600 0.0064 -0.5103
vn 0.8599 0.0064 -0.5103
vn -0.1509 -0.8753 -0.4595
vn 0.6930 0.0208 0.7207
vn -0.9543 -0.0191 -0.2982
vn -0.9999 -0.0157 -0.0015
vn -0.6575 -0.0207 -0.7531
vn -0.6575 -0.0207 -0.7532
vn -0.4483 -0.0194 -0.8937
vn 0.0078 -0.5532 -0.8330
vn 0.3488 -0.4049 -0.8452
vn 0.4743 -0.0048 -0.8804
vn -0.1453 -0.7352 -0.6620
vn -0.6701 -0.3791 -0.6381
vn -0.5338 -0.5428 -0.6484
vn -0.1453 -0.7353 -0.6620
vn -0.6977 -0.0208 -0.7161
vn -0.7089 -0.0209 -0.7050
vn 0.0831 -0.5460 -0.8336
vn 0.2698 -0.7122 -0.6480
vn 0.2975 -0.4935 -0.8173
vn -0.3943 -0.5185 -0.7588
vn -0.8452 -0.3565 -0.3983
vn -0.9475 -0.2236 -0.2287
vn -0.4892 -0.7345 -0.4704
vn -0.3303 -0.6562 -0.6784
vn 0.0438 -0.6936 -0.7190
vn 0.0117 -0.6766 -0.7363
vn 0.2651 -0.7048 -0.6580
vn 0.2558 -0.0883 -0.9627
vn 0.2651 -0.7049 -0.6579
vn 0.7668 -0.5707 -0.2938
vn 0.8428 -0.3577 -0.4022
vn 0.2559 -0.0883 -0.9627
vn 0.7634 -0.2322 -0.6027
vn 0.8380 0.0056 -0.5456
vn 0.8850 -0.3110 -0.3465
vn 0.8769 0.0071 -0.4806
vn 0.8500 -0.3661 -0.3788
vn 0.8339 0.0054 -0.5518
vn -0.6637 -0.5633 -0.4922
vn -0.6675 -0.5349 -0.5180
vn -0.7086 -0.0209 -0.7053
vn -0.7090 -0.0209 -0.7049
vn -0.6837 0.4992 -0.5323
vn -0.6807 0.5284 -0.5073
vn 0.4651 -0.6554 -0.5952
vn 0.6852 -0.5355 -0.4938
vn 0.4951 -0.1686 -0.8523
vn 0.6269 -0.0010 -0.7791
vn 0.6683 0.5428 -0.5087
vn 0.4446 0.6529 -0.6133
vn 0.0015 -0.0140 -0.9999
vn 0.0015 -0.0139 -0.9999
vn 0.0015 -0.0141 -0.9999
vn 0.0017 -0.0140 -0.9999
vn 0.0018 -0.0139 -0.9999
vn 0.0013 -0.0136 -0.9999
vn 0.0012 -0.0136 -0.9999
vn -0.0000 -0.0148 -0.9999
vn 0.0007 -0.0148 -0.9999
vn -0.0025 -0.0153 -0.9999
vn -0.0034 -0.0149 -0.9999
vn -0.0033 -0.0153 -0.9999
vn -0.7007 -0.7038 -0.1172
vn -0.5626 -0.8180 -0.1195
vn -0.5616 -0.8185 -0.1215
vn -0.6961 -0.7083 -0.1174
vn -0.7564 -0.6439 -0.1149
vn -0.2605 -0.9567 -0.1297
vn -0.2967 -0.9453 -0.1353
vn 0.0014 -0.0136 -0.9999
vn 0.0011 -0.0134 -0.9999
vn 0.0011 -0.0138 -0.9999
vn 0.0014 -0.0135 -0.9999
vn 0.0008 -0.0151 -0.9999
vn 0.0008 -0.0153 -0.9999
vn 0.0009 -0.0154 -0.9999
vn -0.0542 -0.9927 -0.1081
vn -0.0026 -0.7688 -0.6395
vn -0.0156 -0.5550 -0.8317
vn -0.2898 -0.7318 -0.6168
vn -0.2722 -0.5085 -0.8169
vn -0.5178 -0.6076 -0.6023
vn -0.5779 -0.0203 -0.8159
vn -0.7681 -0.5285 -0.3615
vn -0.9086 -0.1795 -0.3771
vn -0.7682 -0.5284 -0.3615
vn -0.8551 -0.1935 -0.4810
vn 0.0532 0.4854 -0.8727
vn -0.0264 0.7503 -0.6606
vn -0.0325 0.5310 -0.8467
vn -0.3123 0.7050 -0.6367
vn -0.2876 0.4769 -0.8306
vn -0.5363 0.5742 -0.6187
vn -0.5873 0.3878 -0.7105
vn -0.8119 -0.0208 -0.5834
vn -0.7842 0.4940 -0.3756
vn -0.9136 0.1405 -0.3815
vn -0.7842 0.4939 -0.3756
vn -0.8605 0.1533 -0.4858
vn -0.5746 -0.4255 -0.6992
vn -0.7135 -0.4448 -0.5414
vn -0.9121 -0.0199 -0.4094
vn -0.7268 0.4071 -0.5532
vn 0.7637 -0.0601 0.6427
vn 0.8052 0.0208 0.5927
vn 0.9703 -0.0970 0.2215
vn 0.9946 0.0170 0.1022
vn 0.9752 0.0122 -0.2211
vn -0.2499 0.7918 -0.5574
vn -0.4521 0.6361 -0.6253
vn 0.0922 0.6875 -0.7203
vn 0.3342 0.6494 -0.6831
vn -0.7202 0.4750 -0.5057
vn -0.7205 0.4809 -0.4997
vn 0.0705 0.7074 -0.7033
vn 0.3110 0.6709 -0.6732
vn -0.6089 0.4912 -0.6229
vn -0.7994 0.4098 -0.4394
vn 0.9227 0.2669 -0.2783
vn 0.9189 0.3714 -0.1332
vn -0.1194 0.6862 -0.7175
vn -0.0100 0.6992 -0.7149
vn 0.1378 0.7000 -0.7007
vn 0.1938 0.3537 -0.9151
vn 0.3297 0.7155 -0.6159
vn 0.0292 0.6628 -0.7483
vn 0.0003 0.9456 -0.3253
vn 0.0420 0.3580 -0.9328
vn 0.0546 0.6334 -0.7719
vn 0.2470 0.2156 -0.9447
vn 0.2765 0.6107 -0.7420
vn 0.0686 0.2023 -0.9769
vn 0.4872 0.6323 -0.6024
vn 0.1943 0.9143 -0.3554
vn 0.4554 0.8348 -0.3095
vn 0.2499 0.6919 -0.6773
vn 0.1922 0.8513 -0.4881
vn 0.5746 0.1913 -0.7957
vn 0.2115 0.3778 -0.9014
vn 0.0416 0.9167 -0.3973
vn 0.5939 0.5546 -0.5828
vn 0.6000 0.5608 -0.5705
vn 0.9632 0.1898 -0.1901
vn 0.9632 0.1939 -0.1860
vn -0.4895 0.5954 -0.6370
vn -0.7897 0.4106 -0.4557
vn -0.9963 0.0480 -0.0713
vn -0.3907 0.6293 -0.6719
vn -0.3903 0.6242 -0.6768
vn 0.9942 0.0813 -0.0706
vn 0.9942 0.0828 -0.0691
vn -0.0138 0.9998 -0.0139
vn -0.0153 0.9998 -0.0139
vn -0.0153 0.9998 -0.0140
vn -0.0222 0.9997 -0.0087
vn -0.0406 0.9992 0.0057
vn 0.0016 -0.0148 -0.9999
vn 0.0017 -0.0148 -0.9999
vn 0.0017 -0.0147 -0.9999
vn 0.0015 -0.0142 -0.9999
vn 0.0019 -0.0142 -0.9999
vn -0.0172 -0.0270 -0.9995
vn -0.0140 -0.0248 -0.9996
vn -0.0648 -0.0605 -0.9961
vn -0.1780 0.8571 -0.4835
vn -0.0091 0.5299 -0.8480
vn 0.3364 0.3921 -0.8562
vn -0.6814 0.3401 -0.6481
vn -0.1679 0.7118 -0.6820
vn -0.6898 0.4003 -0.6033
vn -0.0092 0.6560 -0.7547
vn 0.2431 0.6943 -0.6774
vn 0.8313 0.3726 -0.4123
vn 0.7487 0.5860 -0.3098
vn 0.7553 0.2399 -0.6099
vn 0.7560 0.2392 -0.6092
vn 0.8750 0.3288 -0.3553
vn 0.8383 0.3819 -0.3892
vn 0.0015 -0.0136 -0.9999
vn 0.0015 -0.0138 -0.9999
vn 0.0017 -0.0137 -0.9999
vn 0.0013 -0.0140 -0.9999
vn 0.0012 -0.0140 -0.9999
vn -0.0000 -0.0129 -0.9999
vn 0.0007 -0.0128 -0.9999
vn -0.0025 -0.0125 -0.9999
vn -0.0034 -0.0129 -0.9999
vn -0.0033 -0.0125 -0.9999
vn 0.0014 -0.0141 -0.9999
vn 0.0011 -0.0143 -0.9999
vn 0.0014 -0.0142 -0.9999
vn 0.0008 -0.0126 -0.9999
vn 0.0007 -0.0123 -0.9999
vn 0.0008 -0.0122 -0.9999
vn -0.0852 0.9871 -0.1355
vn 0.9205 -0.3734 -0.1153
vn 0.9785 0.0247 -0.2046
vn 0.9831 -0.1555 -0.0961
vn 0.4610 0.8804 -0.1113
vn 0.7612 0.1017 0.6405
vn 0.6451 0.0881 0.7590
vn 0.9667 0.1334 0.2183
vn -0.0024 0.0137 0.9999
vn -0.0609 -0.1716 0.9833
vn 0.3079 0.2061 0.9288
vn 0.0357 -0.2353 0.9713
vn -0.0141 0.9414 0.3370
vn -0.0218 0.9463 0.3226
vn 0.3551 0.8744 0.3307
vn -0.0109 0.9998 -0.0138
vn 0.2585 0.7779 0.5727
vn 0.1362 0.2259 0.9646
vn -0.1202 0.9927 -0.0139
vn -0.1216 0.9291 0.3494
vn -0.1202 0.9927 -0.0138
vn -0.2038 -0.1495 0.9675
vn 0.3990 0.1999 0.8949
vn 0.6721 0.4172 0.6118
vn 0.7283 0.2823 0.6244
vn 0.3564 0.2641 0.8962
vn 0.5099 0.6261 0.5900
vn 0.2617 0.4028 0.8771
vn -0.1829 -0.1028 0.9777
vn -0.0039 0.0751 0.9972
vn 0.3263 0.7855 0.5258
vn 0.1593 0.5264 0.8352
vn 0.1605 0.9857 0.0506
vn 0.0972 0.8459 0.5244
vn -0.0110 0.9998 -0.0138
vn -0.0529 0.9765 0.2088
vn 0.0059 0.0889 0.9960
vn 0.0351 -0.0572 0.9977
vn -0.1038 0.0840 0.9910
vn -0.0211 0.0399 0.9990
vn -0.0030 0.0023 1.0000
vn -0.1617 -0.4994 0.8511
vn -0.0639 -0.5485 0.8337
vn 0.0921 -0.5825 0.8076
vn 0.2084 -0.6264 0.7511
vn 0.0485 -0.9987 0.0139
vn 0.1543 -0.9879 0.0139
vn 0.1814 -0.2525 0.9504
vn -0.0986 -0.9950 0.0136
vn -0.2369 -0.8708 0.4308
vn -0.4093 -0.7381 0.5363
vn -0.3705 -0.4470 0.8142
vn -0.6587 -0.2748 0.7004
vn -0.3718 -0.0910 0.9238
vn -0.5029 0.1314 0.8543
vn -0.0507 0.9986 -0.0139
vn -0.0497 0.9745 0.2190
vn -0.8709 -0.1288 0.4743
vn -0.9889 -0.1487 0.0004
vn 0.2779 -0.8942 0.3511
vn 0.4132 0.1514 0.8980
vn 0.3120 0.9500 -0.0126
vn 0.3738 0.8651 0.3345
vn 0.2139 0.9768 -0.0132
vn 0.3906 0.9017 0.1856
vn -0.8732 -0.1571 0.4614
vn -0.9688 -0.2110 0.1303
vn -0.8683 -0.1911 0.4578
vn -0.9688 -0.2110 0.1302
vn -0.5050 -0.4520 0.7353
vn -0.3448 -0.4908 0.8001
vn -0.0256 -0.5017 0.8647
vn 0.1262 -0.4678 0.8748
vn -0.1560 0.5484 0.8215
vn -0.1259 0.7923 0.5970
vn -0.1983 0.3813 0.9029
vn -0.0599 -0.9174 0.3935
vn -0.1452 -0.8253 0.5457
vn -0.1248 -0.8867 0.4452
vn -0.0187 -0.9997 0.0138
vn -0.3918 0.6684 0.6322
vn -0.3800 0.7458 0.5471
vn 0.0309 0.1054 0.9940
vn 0.2514 -0.4924 0.8333
vn 0.0309 0.1053 0.9940
vn 0.0778 -0.1170 0.9901
vn 0.2520 -0.4633 0.8496
vn 0.3670 -0.7529 0.5463
vn 0.3702 -0.7538 0.5429
vn 0.2237 -0.7206 0.6563
vn -0.0001 0.5062 0.8624
vn 0.0372 0.1801 0.9829
vn 0.0271 0.5589 0.8288
vn -0.0878 0.5564 0.8262
vn -0.0265 0.6875 0.7257
vn -0.0351 0.7689 0.6384
vn 0.1738 -0.7354 0.6550
vn 0.2414 -0.7451 0.6217
vn 0.3063 -0.3830 0.8715
vn 0.0270 0.5589 0.8288
vn 0.3299 -0.2869 0.8994
vn 0.2563 -0.8220 0.5085
vn 0.1887 -0.5448 0.8171
vn 0.2285 -0.9735 0.0138
vn 0.0870 -0.3717 0.9243
vn 0.0620 -0.1194 0.9909
vn -0.0779 0.3561 0.9312
vn -0.2053 0.7631 0.6128
vn -0.1804 0.7491 0.6374
vn -0.1480 0.7616 0.6309
vn 0.8272 0.2923 0.4799
vn 0.6695 0.5806 0.4633
vn 0.4250 0.8178 0.3879
vn 0.2589 0.9658 0.0140
vn 0.2962 0.8892 0.3487
vn -0.0480 0.4156 0.9083
vn -0.0532 -0.4751 0.8783
vn 0.0551 -0.0603 0.9967
vn 0.0715 -0.0739 0.9947
vn -0.0814 0.8044 0.5884
vn -0.0111 0.4061 0.9138
vn 0.0398 -0.3746 0.9263
vn -0.0672 0.5395 0.8393
vn -0.1407 -0.9206 0.3642
vn 0.0589 0.8079 0.5864
vn 0.1482 0.8286 0.5399
vn -0.4582 0.0842 0.8848
vn -0.0692 0.6709 0.7384
vn -0.1557 0.6095 0.7773
vn 0.0399 -0.3746 0.9263
vn 0.0862 -0.9071 0.4119
vn -0.0722 -0.9104 0.4073
vn -0.2164 -0.8603 0.4616
vn 0.0357 -0.9993 0.0139
vn 0.2856 0.9583 -0.0128
vn 0.0463 -0.5653 0.8236
vn 0.1320 -0.1208 0.9839
vn 0.1877 -0.5388 0.8212
vn 0.1872 -0.9495 0.2518
vn 0.0396 -0.9992 0.0106
vn 0.2808 -0.6530 0.7034
vn 0.1081 0.8591 0.5003
vn 0.0623 0.9067 0.4172
vn 0.2576 0.3894 0.8843
vn 0.2809 -0.6530 0.7034
vn 0.3255 0.2426 0.9139
vn 0.3205 -0.7235 0.6114
vn 0.2768 -0.7456 0.6062
vn -0.1393 0.7504 0.6461
vn -0.2077 0.7886 0.5788
vn -0.1192 0.8390 0.5309
vn -0.2062 0.7989 0.5650
vn -0.5001 0.5207 0.6920
vn -0.6658 0.2099 0.7160
vn -0.1982 -0.7719 0.6040
vn -0.1822 -0.8017 0.5692
vn -0.5225 -0.8363 0.1661
vn -0.7091 -0.7050 0.0086
vn -0.5287 -0.8487 0.0109
vn -0.7092 -0.7050 0.0086
vn -0.5789 -0.5539 0.5984
vn 0.0009 -0.0140 -0.9999
vn -0.0577 -0.1988 -0.9784
vn 0.0389 -0.2620 -0.9643
vn 0.3110 0.1804 -0.9331
vn -0.0129 0.9317 -0.3629
vn -0.0207 0.9370 -0.3488
vn 0.6631 0.4154 -0.6228
vn 0.2604 0.7618 -0.5932
vn 0.1394 0.1992 -0.9700
vn -0.1204 0.9190 -0.3753
vn -0.1202 0.9926 -0.0140
vn -0.2006 -0.1762 -0.9637
vn 0.4020 0.1751 -0.8988
vn 0.7304 0.2650 -0.6296
vn 0.6741 0.4002 -0.6209
vn 0.3594 0.2392 -0.9020
vn 0.5118 0.6096 -0.6054
vn 0.2646 0.3784 -0.8870
vn -0.1796 -0.1298 -0.9751
vn -0.0006 0.0475 -0.9989
vn 0.3281 0.7707 -0.5463
vn 0.1620 0.5031 -0.8489
vn 0.2575 0.8094 -0.5277
vn 0.0990 0.8311 -0.5473
vn -0.0521 0.9704 -0.2359
vn -0.0178 0.0122 -0.9998
vn -0.3688 -0.1166 -0.9222
vn 0.0092 0.0613 -0.9981
vn 0.0003 -0.0254 -0.9997
vn 0.0384 -0.0847 -0.9957
vn -0.1005 0.0566 -0.9933
vn 0.0429 -0.4000 -0.9155
vn 0.0428 -0.4001 -0.9155
vn -0.0970 -0.8740 -0.4762
vn 0.0875 -0.9181 -0.3864
vn -0.2149 -0.8727 -0.4383
vn -0.0971 -0.8740 -0.4762
vn -0.1589 -0.5228 -0.8375
vn -0.0612 -0.5714 -0.8184
vn 0.0948 -0.6046 -0.7909
vn 0.2109 -0.6469 -0.7328
vn 0.1844 -0.2789 -0.9425
vn -0.2492 -0.8056 -0.5375
vn -0.4076 -0.7527 -0.5170
vn -0.3678 -0.4693 -0.8028
vn -0.6587 -0.2749 0.7004
vn -0.4951 0.0492 -0.8674
vn -0.5001 0.1077 -0.8593
vn -0.0489 0.9680 -0.2461
vn -0.8694 -0.1419 -0.4734
vn 0.4011 0.0433 -0.9150
vn 0.4162 0.1266 -0.9004
vn 0.3749 0.8555 -0.3571
vn 0.3913 0.8962 -0.2091
vn -0.8717 -0.1698 -0.4597
vn -0.8668 -0.2037 -0.4552
vn -0.5543 -0.4187 -0.7193
vn -0.5026 -0.4722 -0.7242
vn -0.3422 -0.5127 -0.7874
vn -0.0228 -0.5254 -0.8506
vn 0.1290 -0.4918 -0.8611
vn -0.1547 0.5257 -0.8365
vn -0.1953 0.3562 -0.9138
vn -0.1199 0.7788 -0.6157
vn -0.0587 -0.9279 -0.3682
vn -0.1531 -0.8382 -0.5234
vn -0.1500 -0.8421 -0.5180
vn -0.0586 -0.9279 -0.3682
vn -0.3897 0.6507 -0.6517
vn -0.3782 0.7304 -0.5688
vn 0.0342 0.0778 -0.9964
vn 0.2541 -0.5152 -0.8185
vn 0.0811 -0.1443 -0.9862
vn 0.0342 0.0777 -0.9964
vn 0.2548 -0.4866 -0.8357
vn 0.3688 -0.7677 -0.5241
vn 0.3719 -0.7685 -0.5207
vn 0.2258 -0.7384 -0.6354
vn 0.0028 0.4822 -0.8761
vn 0.0404 0.1528 -0.9874
vn 0.0298 0.5356 -0.8440
vn -0.0850 0.5334 -0.8416
vn -0.0241 0.6670 -0.7446
vn -0.0330 0.7510 -0.6595
vn 0.1758 -0.7531 -0.6340
vn 0.2434 -0.7620 -0.6001
vn 0.3090 -0.4068 -0.8597
vn 0.0298 0.5355 -0.8440
vn 0.3327 -0.3115 -0.8901
vn 0.3090 -0.4067 -0.8597
vn 0.2580 -0.8358 -0.4847
vn 0.1913 -0.5672 -0.8011
vn 0.2284 -0.9735 0.0138
vn 0.0900 -0.3971 -0.9134
vn 0.0653 -0.1467 -0.9870
vn -0.0748 0.3302 -0.9409
vn -0.1783 0.7312 -0.6584
vn -0.2032 0.7458 -0.6344
vn -0.1459 0.7439 -0.6522
vn 0.8288 0.2789 -0.4851
vn 0.4263 0.8068 -0.4090
vn 0.6710 0.5676 -0.4770
vn -0.0503 -0.4992 -0.8650
vn 0.0584 -0.0878 -0.9944
vn 0.0748 -0.1014 -0.9920
vn 0.2652 0.8761 -0.4028
vn -0.0450 0.3904 -0.9196
vn -0.0794 0.7879 -0.6107
vn -0.0081 0.3807 -0.9247
vn 0.0609 0.7913 -0.6083
vn -0.0644 0.5160 -0.8541
vn 0.1500 0.8133 -0.5621
vn -0.0667 0.6502 -0.7568
vn -0.1285 0.5634 -0.8161
vn -0.1531 0.5878 -0.7944
vn -0.6205 -0.5330 -0.5752
vn -0.1005 0.0565 -0.9933
vn -0.5769 -0.5703 -0.5847
vn -0.5220 -0.8406 -0.1446
vn 0.0784 -0.4538 -0.8877
vn 0.1307 -0.0933 -0.9870
vn 0.1863 -0.5428 -0.8189
vn -0.0480 -0.9037 -0.4256
vn -0.1197 -0.8282 -0.5476
vn 0.4084 -0.2781 -0.8694
vn 0.2731 -0.8034 -0.5291
vn 0.2652 0.8760 -0.4028
vn 0.0879 0.8135 -0.5748
vn -0.0542 0.8147 -0.5774
vn 0.0879 0.8136 -0.5748
vn 0.2605 0.3647 -0.8940
vn 0.2604 0.3646 -0.8940
vn 0.3284 0.2171 -0.9193
vn 0.3224 -0.7400 -0.5903
vn 0.2787 -0.7619 -0.5847
vn 0.0875 -0.9182 -0.3864
vn -0.1372 0.7323 -0.6671
vn -0.2102 0.7666 -0.6067
vn -0.1130 0.8230 -0.5567
vn -0.2043 0.7830 -0.5876
vn -0.0898 0.8696 -0.4855
vn -0.2043 0.7830 -0.5875
vn -0.6634 0.1899 -0.7237
vn -0.1683 -0.8216 -0.5447
vn -0.1623 -0.8164 -0.5542
vn -0.0024 0.0140 0.9999
vn -0.0667 0.1968 0.9782
vn 0.0279 0.2631 0.9644
vn 0.3138 -0.1706 0.9340
vn 0.0152 -0.9317 0.3629
vn 0.3822 -0.8533 0.3546
vn 0.0077 -0.9372 0.3487
vn 0.0204 -0.9997 0.0139
vn 0.2825 -0.7533 0.5939
vn 0.1428 -0.1947 0.9704
vn -0.0891 -0.9959 0.0136
vn -0.0926 -0.9224 0.3750
vn -0.0892 -0.9959 0.0136
vn -0.2087 0.1698 0.9631
vn 0.4047 -0.1625 0.8999
vn 0.7365 -0.2420 0.6317
vn 0.6845 -0.3789 0.6228
vn 0.3641 -0.2279 0.9030
vn 0.5290 -0.5932 0.6068
vn 0.2737 -0.3700 0.8878
vn -0.1864 0.1241 0.9746
vn -0.0020 -0.0476 0.9989
vn 0.3505 -0.7600 0.5472
vn 0.1753 -0.4978 0.8494
vn 0.1912 -0.9785 0.0778
vn 0.1234 -0.8276 0.5476
vn 0.0203 -0.9997 0.0138
vn -0.0224 -0.9715 0.2358
vn 0.0300 0.0828 0.9961
vn 0.0082 -0.0610 0.9981
vn -0.1015 -0.0597 0.9930
vn 0.0277 0.4011 0.9156
vn 0.0277 0.4012 0.9156
vn -0.1008 0.9187 0.3819
vn 0.0576 0.9204 0.3866
vn -0.2434 0.8656 0.4377
vn -0.1790 0.9837 -0.0139
vn -0.1009 0.9187 0.3819
vn -0.0203 -0.0128 0.9997
vn -0.0034 0.0253 0.9997
vn -0.1776 0.5175 0.8370
vn -0.0814 0.5692 0.8182
vn 0.0599 0.6154 0.7859
vn -0.1297 0.9915 -0.0139
vn 0.0172 0.9998 -0.0138
vn -0.2582 0.8076 0.5303
vn -0.4325 0.7395 0.5158
vn -0.3846 0.4575 0.8017
vn -0.3749 0.1049 0.9211
vn -0.5423 0.1142 0.8324
vn 0.0044 0.9999 -0.0138
vn -0.4989 -0.1234 0.8578
vn -0.0193 -0.9691 0.2460
vn -0.0194 -0.9997 0.0138
vn -0.9931 0.1176 -0.0033
vn -0.8747 0.1146 0.4709
vn 0.1986 0.6592 0.7252
vn 0.1233 0.9923 -0.0135
vn 0.2496 0.9118 0.3261
vn 0.2318 0.2440 0.9417
vn 0.4173 -0.1135 0.9016
vn 0.2318 0.2439 0.9417
vn 0.4005 -0.8434 0.3582
vn 0.3416 -0.9397 0.0136
vn 0.2443 -0.9696 0.0138
vn 0.4185 -0.8835 0.2103
vn 0.3154 -0.9488 0.0136
vn -0.9749 0.1842 0.1248
vn -0.8779 0.1424 0.4572
vn -0.8741 0.1764 0.4527
vn -0.9749 0.1841 0.1248
vn -0.5192 0.4562 0.7227
vn -0.3604 0.5017 0.7864
vn -0.0416 0.5244 0.8505
vn 0.1111 0.4956 0.8614
vn -0.1392 -0.5301 0.8365
vn -0.1867 -0.3622 0.9132
vn -0.1013 -0.7790 0.6187
vn -0.0887 0.9256 0.3680
vn -0.1527 0.8943 0.4206
vn -0.1711 0.8351 0.5227
vn -0.0500 0.9987 -0.0139
vn -0.3710 -0.6626 0.6506
vn -0.3567 -0.7419 0.5677
vn 0.0337 -0.0767 0.9965
vn 0.2355 0.5229 0.8192
vn 0.0737 0.1467 0.9864
vn 0.0337 -0.0766 0.9965
vn 0.2370 0.4943 0.8364
vn 0.3431 0.7788 0.5251
vn 0.3462 0.7797 0.5217
vn 0.2008 0.7451 0.6360
vn 0.0154 -0.4819 0.8761
vn 0.0424 -0.1515 0.9875
vn 0.0441 -0.5346 0.8440
vn -0.0707 -0.5358 0.8414
vn -0.0053 -0.6677 0.7444
vn -0.0113 -0.7517 0.6594
vn 0.1504 0.7583 0.6343
vn 0.2177 0.7693 0.6007
vn 0.2938 0.4164 0.8604
vn 0.0442 -0.5346 0.8440
vn 0.3203 0.3219 0.8909
vn 0.2938 0.4163 0.8605
vn 0.2303 0.8434 0.4854
vn 0.1712 0.5728 0.8016
vn 0.1979 0.9801 -0.0132
vn 0.0749 0.3997 0.9136
vn 0.0578 0.1487 0.9872
vn -0.0671 -0.3325 0.9407
vn -0.1572 -0.7365 0.6579
vn -0.1816 -0.7519 0.6338
vn -0.1244 -0.7481 0.6518
vn 0.8357 -0.2528 0.4875
vn 0.4502 -0.7931 0.4102
vn 0.6871 -0.5463 0.4789
vn 0.2890 -0.9572 -0.0133
vn 0.2913 -0.8674 0.4035
vn -0.0354 -0.3916 0.9194
vn 0.0527 0.0895 0.9946
vn -0.0684 0.4973 0.8649
vn 0.0688 0.1037 0.9922
vn -0.0565 -0.7900 0.6105
vn 0.0012 -0.3808 0.9247
vn 0.0839 -0.7891 0.6085
vn -0.0506 -0.5179 0.8539
vn 0.1738 -0.8083 0.5626
vn -0.0485 -0.6520 0.7567
vn -0.4558 -0.0739 0.8870
vn -0.1369 -0.5923 0.7940
vn -0.1790 0.9838 -0.0139
vn 0.0331 0.5916 0.8056
vn 0.1278 0.1521 0.9801
vn 0.1632 0.5742 0.8023
vn 0.0109 0.9999 -0.0083
vn 0.1539 0.9602 0.2332
vn 0.2470 0.7209 0.6475
vn 0.2531 0.7704 0.5852
vn 0.2974 0.7498 0.5910
vn 0.2693 -0.3565 0.8946
vn 0.3325 -0.2069 0.9201
vn 0.2108 -0.7663 0.6069
vn 0.1264 -0.8384 0.5301
vn -0.6368 0.6512 0.4128
vn -0.5962 0.5519 0.5831
vn -0.6369 0.6511 0.4128
vn -0.5485 0.8238 0.1431
vn -0.5550 0.8318 -0.0124
vn -0.1161 -0.7362 0.6667
vn -0.1832 -0.7784 0.6005
vn -0.0931 -0.8273 0.5540
vn -0.1814 -0.7890 0.5870
vn -0.4839 -0.5167 0.7064
vn -0.6592 -0.2107 0.7218
vn -0.2075 0.8111 0.5469
vn -0.2225 0.7818 0.5825
vn 0.0009 -0.0137 -0.9999
vn -0.0634 0.1697 -0.9835
vn 0.3169 -0.1964 -0.9279
vn 0.0311 0.2363 -0.9712
vn 0.0164 -0.9414 -0.3370
vn 0.0088 -0.9465 -0.3227
vn 0.2844 -0.7694 -0.5720
vn 0.6760 -0.4115 -0.6113
vn 0.1460 -0.2215 -0.9642
vn -0.0914 -0.9324 -0.3497
vn -0.2056 0.1431 -0.9681
vn 0.4076 -0.1873 -0.8937
vn 0.6865 -0.3959 -0.6098
vn 0.7386 -0.2593 -0.6223
vn 0.3671 -0.2528 -0.8952
vn 0.5309 -0.6098 -0.5885
vn 0.2767 -0.3943 -0.8763
vn -0.1832 0.0971 -0.9783
vn 0.0013 -0.0752 -0.9972
vn 0.3523 -0.7748 -0.5249
vn 0.1781 -0.5211 -0.8347
vn 0.2830 -0.8153 -0.5052
vn 0.1252 -0.8424 -0.5241
vn -0.0216 -0.9777 -0.2089
vn -0.0170 -0.0405 -0.9990
vn 0.0115 -0.0886 -0.9960
vn -0.0001 -0.0023 -1.0000
vn 0.0361 0.0583 -0.9976
vn -0.0983 -0.0871 -0.9913
vn -0.0787 0.5463 -0.8339
vn 0.0307 0.3757 -0.9262
vn 0.0308 0.3757 -0.9262
vn 0.0589 0.9094 -0.4118
vn -0.1241 0.8570 -0.5001
vn -0.1748 0.4942 -0.8516
vn -0.2565 0.7926 -0.5532
vn -0.4307 0.7250 -0.5375
vn -0.3820 0.4352 -0.8153
vn 0.0762 0.5851 -0.8074
vn -0.3718 0.0794 -0.9249
vn -0.5396 0.0911 -0.8370
vn 0.0589 0.9094 -0.4117
vn -0.4961 -0.1471 -0.8557
vn -0.0185 -0.9755 -0.2191
vn -0.2419 0.8531 -0.4622
vn -0.1243 0.8570 -0.5001
vn -0.0655 0.4732 -0.8785
vn 0.0281 0.5666 -0.8235
vn 0.0720 0.0761 -0.9945
vn 0.1282 0.0700 -0.9893
vn 0.1736 0.5213 -0.8355
vn -0.0323 -0.4169 -0.9084
vn 0.0043 -0.4062 -0.9138
vn 0.0399 0.0817 -0.9959
vn -0.0545 -0.8066 -0.5886
vn 0.0859 -0.8056 -0.5862
vn -0.1223 -0.7659 -0.6313
vn -0.0640 -0.3583 -0.9314
vn -0.0396 -0.2958 -0.9544
vn 0.1738 0.5505 -0.8166
vn 0.1785 0.8598 -0.4785
vn 0.2319 0.8297 -0.5078
vn 0.2382 0.5001 -0.8326
vn 0.3448 0.7640 -0.5453
vn 0.2398 0.4710 -0.8489
vn 0.0370 -0.1042 -0.9939
vn 0.0519 0.0274 -0.9983
vn 0.3480 0.7650 -0.5419
vn 0.2029 0.7273 -0.6557
vn 0.0183 -0.5060 -0.8624
vn 0.0456 -0.1788 -0.9828
vn 0.0469 -0.5576 -0.8288
vn -0.0679 -0.5589 -0.8265
vn -0.0029 -0.6878 -0.7259
vn -0.0092 -0.7696 -0.6384
vn 0.1525 0.7403 -0.6547
vn 0.2197 0.7524 -0.6210
vn 0.2965 0.3923 -0.8707
vn 0.0469 -0.5575 -0.8288
vn 0.2966 0.3922 -0.8708
vn 0.3232 0.2970 -0.8985
vn -0.1139 -0.7544 -0.6465
vn -0.1378 -0.5532 -0.8215
vn -0.1859 -0.7893 -0.5852
vn -0.1837 -0.3873 -0.9035
vn -0.0952 -0.7989 -0.5938
vn -0.0875 0.9150 -0.3938
vn -0.1760 0.8224 -0.5411
vn -0.1790 0.8182 -0.5463
vn -0.0875 0.9151 -0.3937
vn -0.4406 -0.7389 -0.5098
vn -0.1836 -0.3874 -0.9034
vn -0.3549 -0.7573 -0.5482
vn -0.1937 0.8005 -0.5672
vn -0.1795 -0.8049 -0.5656
vn -0.0870 -0.8412 -0.5337
vn -0.0623 -0.8851 -0.4611
vn -0.1795 -0.8050 -0.5655
vn -0.6569 -0.2306 -0.7179
vn -0.1875 0.7953 -0.5765
vn -0.2696 -0.8251 -0.4965
vn -0.1550 -0.7544 -0.6379
vn -0.0479 -0.5412 -0.8395
vn 0.1756 -0.8235 -0.5395
vn -0.0460 -0.6727 -0.7385
vn -0.4528 -0.0984 -0.8861
vn -0.1343 -0.6141 -0.7777
vn -0.6265 0.5067 -0.5922
vn -0.5942 0.5356 -0.6001
vn -0.5480 0.8195 -0.1676
vn 0.1139 0.4716 -0.8744
vn -0.0388 0.5006 -0.8648
vn -0.3578 0.4798 -0.8011
vn -0.5168 0.4360 -0.7368
vn -0.5668 0.3811 -0.7304
vn -0.8764 0.1297 -0.4639
vn -0.8726 0.1638 -0.4602
vn -0.8732 0.1015 -0.4767
vn 0.1908 0.6327 -0.7506
vn 0.1760 0.2583 -0.9499
vn 0.4027 -0.0561 -0.9136
vn 0.4203 -0.1384 -0.8968
vn 0.4016 -0.8530 -0.3334
vn 0.4192 -0.8890 -0.1844
vn 0.2994 0.7331 -0.6108
vn 0.2589 0.7002 -0.6654
vn 0.2550 0.7537 -0.6057
vn 0.1555 -0.8242 -0.5446
vn 0.3354 -0.2321 -0.9130
vn 0.2721 -0.3810 -0.8837
vn 0.0662 -0.8298 -0.5541
vn 0.2481 0.7966 -0.5512
vn 0.2891 -0.9572 -0.0133
vn 0.3249 -0.8794 -0.3479
vn 0.6887 -0.5593 -0.4614
vn 0.4515 -0.8041 -0.3867
vn 0.8373 -0.2662 -0.4776
vn -0.9997 -0.0159 -0.0159
vn -0.7947 0.2406 0.5573
vn -0.9530 0.3026 -0.0129
vn -0.8247 -0.0051 0.5656
vn -0.4650 0.1435 0.8736
vn -0.5393 0.0032 0.8421
vn -0.8372 -0.0207 -0.5466
vn -0.7991 0.2250 -0.5575
vn -0.5189 -0.0200 -0.8546
vn -0.4523 0.1350 -0.8816
vn -0.6769 0.4969 0.5431
vn -0.8128 0.5825 -0.0077
vn -0.4012 0.3042 0.8640
vn -0.6761 0.4773 -0.5613
vn -0.4038 0.2763 -0.8721
vn -0.4957 0.6754 0.5459
vn -0.5972 0.8020 -0.0105
vn -0.2965 0.4140 0.8607
vn -0.4911 0.6609 -0.5675
vn -0.2915 0.3918 -0.8726
vn -0.2697 0.7958 0.5421
vn -0.3221 0.9466 -0.0136
vn -0.1642 0.4904 0.8559
vn -0.2683 0.7801 -0.5652
vn -0.1632 0.4668 -0.8692
vn -0.0140 0.8398 0.5427
vn -0.0177 0.9998 -0.0133
vn -0.0096 0.5181 0.8553
vn -0.0126 0.8242 -0.5662
vn -0.0063 0.4942 -0.8693
vn 0.2341 0.8039 0.5467
vn 0.2911 0.9566 -0.0141
vn 0.1430 0.4971 0.8558
vn 0.2383 0.7887 -0.5667
vn 0.1446 0.4732 -0.8690
vn 0.4657 0.6940 0.5491
vn 0.5371 0.8435 -0.0040
vn 0.2746 0.4274 0.8613
vn 0.4569 0.6809 -0.5723
vn 0.2793 0.4023 -0.8719
vn 0.5775 0.5448 0.6080
vn 0.6334 0.7738 -0.0007
vn 0.3945 0.3129 0.8640
vn 0.5835 0.5112 -0.6310
vn 0.4070 0.2769 -0.8704
vn 0.4804 0.1853 0.8572
vn 0.4781 0.5935 -0.6474
vn 0.4762 0.6202 0.6234
vn 0.4933 0.8698 -0.0081
vn 0.2433 0.6973 -0.6742
vn 0.2931 0.9561 -0.0036
vn 0.1292 0.7383 -0.6620
vn 0.1271 0.9918 -0.0135
vn 0.1270 0.7563 0.6418
vn 0.2471 0.7273 0.6403
vn 0.2537 0.3815 0.8889
vn 0.1328 0.5782 0.8051
vn 0.3963 0.6031 0.6923
vn 0.2049 0.5228 -0.8274
vn 0.1354 0.5558 -0.8202
vn 0.4068 -0.0063 -0.9135
vn 0.3910 0.0189 0.9202
vn 0.3035 0.6821 0.6654
vn 0.3223 0.5948 -0.7364
vn 0.3986 0.5836 -0.7075
vn 0.9542 0.2169 -0.2061
vn 0.9542 0.2168 -0.2061
vn 0.5113 0.2240 0.8297
vn 0.3885 0.0188 0.9212
vn 0.4916 0.0198 0.8706
vn 0.3896 -0.0090 -0.9209
vn 0.4979 0.1995 -0.8440
vn 0.4904 -0.0109 -0.8714
vn 0.4586 0.1564 -0.8748
vn 0.9551 -0.2962 0.0057
vn 0.8147 -0.5798 0.0094
vn 0.5926 -0.8054 0.0121
vn 0.3252 -0.9456 0.0136
vn 0.0157 -0.9998 0.0138
vn -0.2860 -0.9581 0.0128
vn -0.5591 -0.8291 0.0105
vn -0.7962 -0.6050 0.0071
vn -0.7948 -0.6069 0.0071
vn -0.9454 -0.3260 0.0029
vn 0.9166 0.3998 -0.0040
vn 0.6929 0.7210 -0.0088
vn 0.3557 0.9345 -0.0123
vn 0.3558 0.9345 -0.0123
vn -0.0114 0.9998 -0.0138
vn -0.3917 0.9200 -0.0134
vn -0.7104 0.7038 -0.0109
vn -0.9298 0.3679 -0.0066
vn -0.9179 -0.3968 0.0040
vn -0.6880 -0.7257 0.0089
vn -0.3627 -0.9318 0.0123
vn 0.1017 0.0298 -0.9944
vn 0.1096 -0.0121 -0.9939
vn 0.0021 -0.0138 -0.9999
vn 0.0771 0.0644 -0.9949
vn 0.0409 0.0892 -0.9952
vn 0.0003 0.0963 -0.9954
vn -0.0414 0.0869 -0.9954
vn -0.0757 0.0625 -0.9952
vn -0.0983 0.0257 -0.9948
vn -0.1063 -0.0154 -0.9942
vn 0.1030 -0.0542 -0.9932
vn 0.0795 -0.0895 -0.9928
vn 0.0441 -0.1154 -0.9923
vn 0.0038 -0.1237 -0.9923
vn -0.0383 -0.1156 -0.9926
vn -0.0733 -0.0924 -0.9930
vn -0.0970 -0.0563 -0.9937
vn 0.1063 0.0154 0.9942
vn 0.0984 0.0573 0.9935
vn -0.0012 0.0138 0.9999
vn 0.0738 0.0920 0.9930
vn 0.0377 0.1167 0.9925
vn -0.0029 0.1238 0.9923
vn -0.0447 0.1144 0.9924
vn -0.0790 0.0900 0.9928
vn -0.1016 0.0532 0.9934
vn -0.1096 0.0121 0.9939
vn 0.0997 -0.0267 0.9947
vn 0.0762 -0.0621 0.9952
vn 0.0409 -0.0879 0.9953
vn 0.0005 -0.0963 0.9954
vn -0.0416 -0.0882 0.9952
vn -0.0766 -0.0649 0.9949
vn -0.1003 -0.0288 0.9945
vn -0.7870 -0.2498 0.5641
vn -0.9431 -0.3325 -0.0041
vn -0.4606 -0.1337 0.8775
vn -0.7914 -0.2653 -0.5507
vn -0.4475 -0.1734 -0.8773
vn -0.6612 -0.5026 0.5569
vn -0.7942 -0.6076 0.0088
vn -0.3919 -0.2926 0.8722
vn -0.6606 -0.5136 -0.5476
vn -0.3945 -0.3129 -0.8640
vn -0.4746 -0.6752 0.5646
vn -0.5719 -0.8203 0.0120
vn -0.2837 -0.3990 0.8719
vn -0.4699 -0.6914 -0.5487
vn -0.2788 -0.4248 -0.8613
vn -0.2449 -0.7886 0.5641
vn -0.2923 -0.9562 0.0128
vn -0.1491 -0.4715 0.8692
vn -0.2436 -0.8034 -0.5433
vn -0.1481 -0.4955 -0.8559
vn 0.0120 -0.8245 0.5658
vn 0.0135 -0.9998 0.0144
vn 0.0063 -0.4942 0.8693
vn 0.0134 -0.8395 -0.5432
vn 0.0095 -0.5181 -0.8553
vn 0.2589 -0.7808 0.5686
vn 0.3209 -0.9471 0.0123
vn 0.1581 -0.4685 0.8692
vn 0.2631 -0.7963 -0.5448
vn 0.1597 -0.4923 -0.8556
vn 0.4869 -0.6636 0.5680
vn 0.5632 -0.8261 0.0191
vn 0.2875 -0.3946 0.8727
vn 0.4783 -0.6819 -0.5534
vn 0.2921 -0.4174 -0.8605
vn 0.5940 -0.5094 0.6226
vn 0.6573 -0.7534 0.0205
vn 0.4037 -0.2763 0.8722
vn 0.5995 -0.5100 -0.6169
vn 0.4159 -0.2880 -0.8626
vn 0.4856 -0.1464 0.8618
vn 0.4967 -0.5959 -0.6310
vn 0.5023 -0.2035 -0.8404
vn 0.4950 -0.5875 0.6401
vn 0.5203 -0.8538 0.0158
vn 0.2653 -0.7077 -0.6548
vn 0.3229 -0.9462 0.0228
vn 0.1525 -0.7519 -0.6413
vn 0.1581 -0.9873 0.0139
vn 0.1504 -0.7339 0.6624
vn 0.2694 -0.7012 0.6601
vn 0.2434 -0.5132 0.8230
vn 0.1504 -0.5512 0.8207
vn 0.4147 -0.5710 0.7086
vn 0.2216 -0.5389 -0.8127
vn 0.1531 -0.5738 -0.8045
vn 0.3244 -0.6535 0.6839
vn 0.3410 -0.6046 -0.7198
vn 0.4170 -0.5902 -0.6912
vn 0.7473 -0.4570 0.4824
vn 0.4676 -0.1618 -0.8690
vn 0.9454 0.3260 -0.0029
vn 0.7962 0.6050 -0.0070
vn 0.7962 0.6050 -0.0071
vn 0.5671 0.8236 -0.0105
vn 0.5672 0.8235 -0.0105
vn 0.2954 0.9553 -0.0127
vn -0.3159 0.9487 -0.0136
vn -0.5847 0.8111 -0.0122
vn -0.8147 0.5798 -0.0094
vn -0.8134 0.5817 -0.0094
vn -0.9551 0.2962 -0.0057
vn 0.5177 -0.1849 0.8354
vn 0.9286 -0.3709 0.0067
vn 0.7151 -0.6989 0.0108
vn 0.3848 -0.9229 0.0134
vn 0.0198 -0.9997 0.0139
vn 0.7546 -0.6560 0.0103
vn 0.5386 -0.8424 0.0125
vn 0.7547 -0.6560 0.0103
vn 0.9858 -0.1682 0.0040
vn 0.9858 -0.1681 0.0039
vn 0.9959 0.0909 0.0004
vn 0.8654 -0.5010 0.0084
vn 0.4261 -0.9046 0.0132
vn 0.8654 -0.5009 0.0084
vn 0.9999 -0.0108 0.0018
vn -0.0976 -0.9951 0.0136
vn -0.4946 -0.8691 0.0112
vn -0.5145 -0.8574 0.0110
vn 0.9762 0.2171 -0.0014
vn -0.7871 -0.6168 0.0068
vn -0.6938 -0.7201 0.0088
vn -0.8288 -0.5595 0.0064
vn -0.9861 -0.1660 -0.0013
vn -0.9869 -0.1614 -0.0018
vn -0.9986 0.0528 -0.0017
vn -0.9986 0.0528 -0.0018
vn 0.0287 0.9995 -0.0138
vn 0.6108 0.7917 -0.0099
vn 0.0286 0.9995 -0.0138
vn -0.4321 0.9017 -0.0132
vn 0.9821 0.1885 -0.0010
vn 0.8974 -0.4412 0.0076
vn 0.4403 -0.8978 0.0131
vn -0.2469 -0.9690 0.0130
vn -0.5632 -0.8262 0.0105
vn -0.5633 -0.8262 0.0105
vn -0.7919 0.6105 -0.0097
vn -0.8218 0.5697 -0.0088
vn -0.9509 0.3094 -0.0058
vn -0.9510 0.3090 -0.0049
vn -0.9513 0.3082 -0.0031
vn -0.9651 -0.2621 0.0020
vn -0.9650 -0.2621 0.0020
vn -0.9651 -0.2620 0.0020
vn 0.5712 0.8207 -0.0104
vn 0.3070 0.9516 -0.0127
vn 0.3070 0.9516 -0.0126
vn 0.6469 0.7625 -0.0095
vn 0.3812 0.9244 -0.0122
vn 0.1612 0.9868 -0.0134
vn 0.0447 0.9989 -0.0137
vn -0.5023 -0.8646 0.0111
vn -0.8948 -0.4464 0.0047
vn -0.9677 -0.2520 0.0019
vn 0.0456 -0.9989 0.0139
vn 0.3162 -0.9486 0.0136
vn -0.8440 -0.5363 0.0060
vn -0.4749 -0.8800 0.0114
vn -0.2164 -0.9762 0.0131
vn 0.9601 0.2029 0.1924
vn 0.9402 0.2841 0.1877
vn 0.9593 0.2067 0.1922
vn 0.9402 0.2841 0.1878
vn 0.9626 -0.1856 0.1973
vn 0.9582 -0.2032 0.2015
vn 0.7049 -0.6737 0.2216
vn 0.6925 -0.6869 0.2204
vn 0.5373 -0.8269 0.1660
vn 0.5415 -0.8266 0.1534
vn -0.3873 -0.9150 0.1131
vn -0.5852 -0.7738 0.2426
vn -0.3841 -0.9187 0.0921
vn -0.5727 -0.7811 0.2488
vn -0.8018 -0.5510 0.2315
vn -0.8002 -0.5548 0.2277
vn -0.9514 -0.2246 0.2105
vn -0.9539 -0.2163 0.2079
vn -0.9825 0.0322 0.1832
vn -0.9828 0.0319 0.1820
vn -0.0323 0.9995 -0.0068
vn 0.2019 0.9791 0.0226
vn -0.0968 0.9953 0.0024
vn 0.2029 0.9787 0.0307
vn -0.3170 0.9473 0.0470
vn -0.3170 0.9473 0.0471
vn -0.9861 -0.1659 0.0026
vn -0.9986 0.0528 -0.0030
vn -0.9986 0.0528 -0.0029
vn -0.9869 -0.1614 0.0030
vn -0.8407 -0.5414 0.0067
vn -0.9513 0.3081 -0.0085
vn 0.9608 0.1975 -0.1947
vn 0.9409 0.2789 -0.1924
vn 0.9408 0.2789 -0.1925
vn 0.9600 0.2014 -0.1946
vn 0.9633 -0.1909 -0.1889
vn 0.9588 -0.2086 -0.1926
vn 0.7056 -0.6796 -0.2006
vn 0.6932 -0.6927 -0.1991
vn 0.5379 -0.8311 -0.1413
vn 0.5420 -0.8305 -0.1287
vn -0.3870 -0.9178 -0.0891
vn -0.5844 -0.7802 -0.2231
vn -0.5719 -0.7877 -0.2290
vn -0.3838 -0.9209 -0.0679
vn -0.8010 -0.5572 -0.2188
vn -0.7995 -0.5609 -0.2149
vn -0.9508 -0.2303 -0.2074
vn -0.9533 -0.2220 -0.2050
vn -0.9819 0.0271 -0.1873
vn -0.9822 0.0268 -0.1861
vn -0.0322 0.9993 -0.0210
vn 0.2020 0.9782 -0.0490
vn 0.2030 0.9775 -0.0571
vn -0.0967 0.9949 -0.0302
vn -0.3168 0.9456 -0.0743
vn 0.7338 0.6794 -0.0082
vn 0.5120 0.8589 -0.0110
vn 0.7338 0.6793 -0.0082
vn 0.9800 0.1990 -0.0011
vn 0.9800 0.1989 -0.0011
vn 0.9982 -0.0596 0.0025
vn 0.8493 0.5278 -0.0059
vn 0.3976 0.9175 -0.0120
vn 0.9991 0.0421 0.0011
vn -0.1287 0.9916 -0.0139
vn -0.5215 0.8532 -0.0127
vn -0.5411 0.8409 -0.0125
vn 0.9825 -0.1864 0.0042
vn -0.8060 0.5918 -0.0099
vn -0.7160 0.6981 -0.0108
vn -0.8459 0.5332 -0.0088
vn -0.9908 0.1350 -0.0054
vn -0.9914 0.1304 -0.0058
vn -0.9965 -0.0841 0.0002
vn -0.9965 -0.0840 0.0001
vn 0.0599 -0.9981 0.0139
vn 0.6353 -0.7722 0.0117
vn -0.4037 -0.9148 0.0120
vn 0.9875 -0.1576 0.0038
vn 0.8831 0.4691 -0.0050
vn 0.4120 0.9111 -0.0119
vn -0.2771 0.9607 -0.0137
vn -0.2771 0.9608 -0.0137
vn -0.5888 0.8082 -0.0121
vn -0.7724 -0.6350 0.0075
vn -0.8036 -0.5951 0.0073
vn -0.9408 -0.3390 0.0031
vn -0.9409 -0.3386 0.0041
vn -0.9412 -0.3378 0.0058
vn -0.9728 0.2317 -0.0048
vn 0.5966 -0.8024 0.0121
vn 0.3366 -0.9416 0.0136
vn 0.6704 -0.7419 0.0114
vn 0.4099 -0.9120 0.0133
vn 0.1920 -0.9813 0.0139
vn 0.0759 -0.9970 0.0139
vn -0.5291 0.8485 -0.0126
vn -0.9083 0.4182 -0.0073
vn -0.9751 0.2216 -0.0047
vn 0.0143 0.9998 -0.0138
vn 0.2864 0.9580 -0.0128
vn -0.8604 0.5096 -0.0085
vn -0.5022 0.8647 -0.0128
vn -0.2468 0.9690 -0.0138
vn 0.9659 -0.1673 0.1975
vn 0.9486 -0.2493 0.1951
vn 0.9486 -0.2493 0.1952
vn 0.9653 -0.1712 0.1974
vn 0.9563 0.2210 0.1916
vn 0.9513 0.2385 0.1954
vn 0.6834 0.7014 0.2026
vn 0.6706 0.7141 0.2009
vn 0.5111 0.8476 0.1428
vn 0.5154 0.8470 0.1302
vn -0.4158 0.9052 0.0879
vn -0.6092 0.7615 0.2213
vn -0.5969 0.7694 0.2273
vn -0.4127 0.9084 0.0668
vn -0.8187 0.5318 0.2165
vn -0.8173 0.5356 0.2126
vn -0.9581 0.2004 0.2047
vn -0.9603 0.1920 0.2023
vn -0.9811 -0.0578 0.1845
vn -0.9814 -0.0576 0.1833
vn -0.0010 -0.9998 0.0209
vn 0.2324 -0.9714 0.0496
vn 0.2333 -0.9707 0.0577
vn -0.0656 -0.9974 0.0300
vn -0.2872 -0.9550 0.0734
vn -0.9908 0.1350 -0.0016
vn -0.9965 -0.0841 -0.0011
vn -0.9915 0.1304 -0.0011
vn -0.9965 -0.0841 -0.0010
vn -0.8573 0.5148 -0.0079
vn -0.7160 0.6980 -0.0108
vn -0.9412 -0.3378 0.0004
vn 0.9666 -0.1727 -0.1896
vn 0.9492 -0.2545 -0.1850
vn 0.9659 -0.1766 -0.1894
vn 0.9492 -0.2545 -0.1851
vn 0.9569 0.2156 -0.1945
vn 0.9520 0.2331 -0.1984
vn 0.6841 0.6955 -0.2196
vn 0.6713 0.7083 -0.2184
vn 0.5117 0.8433 -0.1645
vn 0.5158 0.8431 -0.1518
vn -0.4154 0.9024 -0.1143
vn -0.6084 0.7551 -0.2443
vn -0.4124 0.9062 -0.0932
vn -0.5961 0.7628 -0.2504
vn -0.8180 0.5256 -0.2338
vn -0.8166 0.5295 -0.2300
vn -0.9574 0.1946 -0.2133
vn -0.9596 0.1863 -0.2107
vn -0.9805 -0.0630 -0.1861
vn -0.9808 -0.0627 -0.1849
vn -0.0009 -1.0000 0.0067
vn 0.2325 -0.9723 -0.0220
vn -0.0656 -0.9978 -0.0026
vn 0.2335 -0.9719 -0.0301
vn -0.2870 -0.9567 -0.0479
vt 0.143873 0.899536
vt 0.133102 0.872192
vt 0.131815 0.899536
vt 0.147619 0.872192
vt 0.132634 0.600098
vt 0.121395 0.564697
vt 0.121395 0.600098
vt 0.130176 0.564697
vt 0.239636 0.933533
vt 0.254621 0.900146
vt 0.239636 0.900146
vt 0.255090 0.933533
vt 0.267733 0.933533
vt 0.273353 0.900146
vt 0.144341 0.600098
vt 0.138254 0.564697
vt 0.178057 0.529541
vt 0.187072 0.552002
vt 0.188008 0.529541
vt 0.178057 0.552002
vt 0.199950 0.552002
vt 0.199715 0.529541
vt 0.187423 0.559570
vt 0.178057 0.559570
vt 0.029246 0.009766
vt 0.021124 0.716309
vt 0.021139 0.009766
vt 0.029246 0.716309
vt 0.010376 0.009766
vt 0.010354 0.716309
vt 0.037368 0.716309
vt 0.037368 0.009766
vt 0.048109 0.009766
vt 0.048138 0.716309
vt 0.187072 0.522949
vt 0.198076 0.522949
vt 0.130410 0.668945
vt 0.121395 0.668945
vt 0.121395 0.736084
vt 0.127951 0.736084
vt 0.130293 0.802856
vt 0.121395 0.802856
vt 0.139541 0.668945
vt 0.134741 0.736084
vt 0.139893 0.802856
vt 0.121395 0.872192
vt 0.121395 0.899536
vt 0.178057 0.522949
vt 0.064557 0.007324
vt 0.053787 0.838501
vt 0.064557 0.838501
vt 0.053758 0.007324
vt 0.072518 0.007324
vt 0.072518 0.838501
vt 0.080479 0.838501
vt 0.080479 0.007324
vt 0.091249 0.838501
vt 0.091249 0.007324
vt 0.189179 0.592529
vt 0.198545 0.585937
vt 0.186955 0.585937
vt 0.199715 0.592529
vt 0.178057 0.592529
vt 0.178057 0.585937
vt 0.191052 0.613525
vt 0.178057 0.613525
vt 0.204398 0.613525
vt 0.198545 0.559570
vt 0.069533 0.849243
vt 0.059816 0.869629
vt 0.069299 0.869629
vt 0.060870 0.849243
vt 0.069123 0.889465
vt 0.080069 0.869629
vt 0.082586 0.889465
vt 0.069006 0.910706
vt 0.087562 0.910706
vt 0.056772 0.889465
vt 0.051855 0.910706
vt 0.079308 0.849243
vt 0.256260 0.638672
vt 0.260709 0.673096
vt 0.268670 0.638672
vt 0.248768 0.716553
vt 0.239636 0.638672
vt 0.239636 0.716553
vt 0.247831 0.780273
vt 0.253217 0.716553
vt 0.239636 0.780273
vt 0.250875 0.844604
vt 0.253919 0.780273
vt 0.239636 0.844604
vt 0.263051 0.844604
vt 0.231793 0.780273
vt 0.230856 0.716553
vt 0.223247 0.638672
vt 0.226407 0.716553
vt 0.228632 0.844604
vt 0.225822 0.780273
vt 0.216339 0.844604
vt 0.224651 0.900146
vt 0.206154 0.900146
vt 0.220203 0.780273
vt 0.218915 0.673096
vt 0.211071 0.638672
vt 0.183091 0.619873
vt 0.191638 0.619873
vt 0.202174 0.619873
vt 0.206037 0.619873
vt 0.173023 0.619873
vt 0.164477 0.619873
vt 0.165063 0.613525
vt 0.151717 0.613525
vt 0.149024 0.619873
vt 0.154292 0.619873
vt 0.069064 0.921814
vt 0.051036 0.958344
vt 0.068947 0.958344
vt 0.052938 0.921814
vt 0.049163 0.921814
vt 0.033007 0.921814
vt 0.033153 0.958344
vt 0.051036 0.990044
vt 0.071230 0.990044
vt 0.086801 0.958344
vt 0.091718 0.990044
vt 0.176887 0.923279
vt 0.149492 0.938232
vt 0.175365 0.938232
vt 0.149492 0.923279
vt 0.199598 0.923279
vt 0.199364 0.938232
vt 0.149492 0.965759
vt 0.170682 0.965759
vt 0.189413 0.965759
vt 0.149492 0.979111
vt 0.167170 0.979111
vt 0.181570 0.979111
vt 0.149492 0.987946
vt 0.165063 0.987946
vt 0.178057 0.987946
vt 0.419456 0.991104
vt 0.438656 0.974854
vt 0.419925 0.974854
vt 0.438656 0.991104
vt 0.402598 0.991104
vt 0.400257 0.974854
vt 0.428120 0.878906
vt 0.438656 0.878906
vt 0.435612 0.738770
vt 0.438656 0.738770
vt 0.412901 0.878906
vt 0.433037 0.738770
vt 0.438657 0.721586
vt 0.441934 0.738770
vt 0.438651 0.721532
vt 0.449426 0.878906
vt 0.457621 0.974854
vt 0.461836 0.878906
vt 0.477757 0.974854
vt 0.444509 0.738770
vt 0.116302 0.400391
vt 0.104654 0.375488
vt 0.104654 0.400391
vt 0.116302 0.375488
vt 0.104654 0.353516
vt 0.116302 0.353516
vt 0.116302 0.424316
vt 0.104654 0.424316
vt 0.104654 0.343750
vt 0.116302 0.343750
vt 0.247129 0.259277
vt 0.265626 0.234375
vt 0.256963 0.269043
vt 0.260475 0.219727
vt 0.277567 0.208984
vt 0.274758 0.192871
vt 0.249470 0.303711
vt 0.260241 0.310059
vt 0.250173 0.336426
vt 0.263753 0.347168
vt 0.275460 0.315430
vt 0.277567 0.342773
vt 0.241158 0.312500
vt 0.116302 0.463379
vt 0.104654 0.446289
vt 0.104654 0.463379
vt 0.116302 0.446289
vt 0.104654 0.499512
vt 0.116302 0.519287
vt 0.116302 0.499512
vt 0.104654 0.519287
vt 0.104654 0.481445
vt 0.116302 0.481445
vt 0.087093 0.921814
vt 0.093064 0.921814
vt 0.264924 0.619141
vt 0.255324 0.619141
vt 0.239636 0.619141
vt 0.274992 0.587158
vt 0.257899 0.587158
vt 0.239636 0.587158
vt 0.271714 0.560791
vt 0.256260 0.534180
vt 0.239636 0.534180
vt 0.239636 0.494141
vt 0.258836 0.494141
vt 0.239636 0.415527
vt 0.271714 0.430176
vt 0.239636 0.356934
vt 0.288338 0.382324
vt 0.300747 0.484863
vt 0.283889 0.481445
vt 0.326737 0.466309
vt 0.274289 0.494141
vt 0.268436 0.534180
vt 0.288338 0.504639
vt 0.288572 0.151367
vt 0.321820 0.047852
vt 0.285762 0.142090
vt 0.326034 0.056152
vt 0.241158 0.183105
vt 0.241158 0.172363
vt 0.305196 0.036133
vt 0.276865 0.112305
vt 0.241158 0.136719
vt 0.268670 0.086914
vt 0.290211 0.028809
vt 0.241158 0.105469
vt 0.252280 0.041504
vt 0.261646 0.013672
vt 0.241158 0.050781
vt 0.234017 0.239258
vt 0.228515 0.192871
vt 0.228515 0.240723
vt 0.234017 0.195801
vt 0.234017 0.271973
vt 0.228515 0.271973
vt 0.228515 0.303711
vt 0.234017 0.305176
vt 0.228515 0.351562
vt 0.234017 0.348633
vt 0.223012 0.241699
vt 0.223012 0.198242
vt 0.223012 0.271973
vt 0.223012 0.302734
vt 0.223012 0.346191
vt 0.286465 0.206055
vt 0.301918 0.230957
vt 0.305898 0.206055
vt 0.292084 0.230957
vt 0.286465 0.228027
vt 0.292084 0.263184
vt 0.286465 0.261230
vt 0.292084 0.306152
vt 0.286465 0.304687
vt 0.125492 0.040527
vt 0.140829 0.011230
vt 0.140829 0.040527
vt 0.125492 0.011230
vt 0.125492 0.074707
vt 0.140829 0.074707
vt 0.125492 0.104492
vt 0.140829 0.104492
vt 0.125492 0.125977
vt 0.140829 0.125977
vt 0.125492 0.141602
vt 0.140829 0.141602
vt 0.125492 0.157227
vt 0.140829 0.157227
vt 0.125492 0.169434
vt 0.140829 0.169434
vt 0.125492 0.178711
vt 0.140829 0.178711
vt 0.125492 0.189453
vt 0.140829 0.189453
vt 0.125492 0.193848
vt 0.140829 0.193848
vt 0.259773 0.780273
vt 0.407047 0.222168
vt 0.416647 0.221680
vt 0.420861 0.199707
vt 0.412198 0.254883
vt 0.406345 0.255371
vt 0.409388 0.298340
vt 0.410325 0.185059
vt 0.399554 0.213867
vt 0.402130 0.184570
vt 0.401662 0.160645
vt 0.391125 0.177734
vt 0.384569 0.153320
vt 0.396979 0.132324
vt 0.381526 0.129395
vt 0.381760 0.110352
vt 0.399086 0.105469
vt 0.388316 0.087891
vt 0.390189 0.070312
vt 0.406110 0.085937
vt 0.395106 0.042969
vt 0.402130 0.022949
vt 0.417817 0.071777
vt 0.416178 0.008301
vt 0.431632 0.012207
vt 0.429524 0.067871
vt 0.378482 0.090820
vt 0.373799 0.078125
vt 0.369350 0.104492
vt 0.365370 0.091309
vt 0.357409 0.116699
vt 0.364902 0.123047
vt 0.362560 0.143066
vt 0.446617 0.026855
vt 0.438422 0.071777
vt 0.456217 0.045410
vt 0.461602 0.068848
vt 0.445914 0.084473
vt 0.463943 0.101074
vt 0.447319 0.091309
vt 0.462772 0.117187
vt 0.456919 0.134766
vt 0.433271 0.098633
vt 0.448256 0.143555
vt 0.430695 0.110840
vt 0.439358 0.141602
vt 0.432568 0.128418
vt 0.441700 0.091309
vt 0.290913 0.958435
vt 0.300279 0.979355
vt 0.300279 0.958435
vt 0.290913 0.979355
vt 0.290913 0.930054
vt 0.300279 0.930054
vt 0.290913 0.913696
vt 0.300279 0.913696
vt 0.442871 0.166992
vt 0.442168 0.216797
vt 0.451300 0.190430
vt 0.431398 0.195312
vt 0.431163 0.256836
vt 0.421330 0.237305
vt 0.420861 0.302246
vt 0.292084 0.366211
vt 0.290913 0.882812
vt 0.300279 0.882812
vt 0.208145 0.201660
vt 0.208145 0.242676
vt 0.208145 0.271973
vt 0.186838 0.190430
vt 0.182038 0.232422
vt 0.179579 0.271973
vt 0.166350 0.161133
vt 0.156751 0.222168
vt 0.151600 0.271973
vt 0.149375 0.192871
vt 0.158975 0.141602
vt 0.145044 0.160156
vt 0.154526 0.124512
vt 0.208145 0.301758
vt 0.208145 0.342773
vt 0.186838 0.354004
vt 0.182038 0.312012
vt 0.166350 0.383301
vt 0.156751 0.322266
vt 0.145278 0.316895
vt 0.141414 0.271973
vt 0.149375 0.351074
vt 0.158858 0.402832
vt 0.145044 0.384277
vt 0.154409 0.419922
vt 0.139658 0.308105
vt 0.145161 0.227539
vt 0.139541 0.236328
vt 0.126897 0.272461
vt 0.033519 0.783691
vt 0.042899 0.811768
vt 0.033519 0.811768
vt 0.042899 0.793823
vt 0.025646 0.811768
vt 0.025646 0.774780
vt 0.010870 0.774780
vt 0.010870 0.811768
vt 0.048080 0.811768
vt 0.023627 0.763062
vt 0.010870 0.763062
vt 0.020920 0.754883
vt 0.010870 0.754883
vt 0.010870 0.734131
vt 0.098859 0.899536
vt 0.109688 0.872192
vt 0.095171 0.872192
vt 0.110976 0.899536
vt 0.110098 0.600098
vt 0.112615 0.564697
vt 0.224183 0.933533
vt 0.211422 0.933533
vt 0.098391 0.600098
vt 0.104537 0.564697
vt 0.169160 0.552002
vt 0.168224 0.529541
vt 0.156165 0.552002
vt 0.156517 0.529541
vt 0.168692 0.559570
vt 0.169043 0.522949
vt 0.158038 0.522949
vt 0.112322 0.668945
vt 0.114839 0.736084
vt 0.112439 0.802856
vt 0.103249 0.668945
vt 0.108049 0.736084
vt 0.102898 0.802856
vt 0.166936 0.592529
vt 0.157687 0.585937
vt 0.156399 0.592529
vt 0.169160 0.585937
vt 0.157570 0.559570
vt 0.032583 0.849243
vt 0.042255 0.869629
vt 0.041202 0.849243
vt 0.032773 0.869629
vt 0.032948 0.889465
vt 0.022017 0.869629
vt 0.019485 0.889465
vt 0.033095 0.910706
vt 0.014510 0.910706
vt 0.045329 0.889465
vt 0.050216 0.910706
vt 0.022793 0.849243
vt 0.031471 0.990044
vt 0.016032 0.958344
vt 0.009425 0.990044
vt 0.122214 0.923279
vt 0.123678 0.938232
vt 0.099503 0.923279
vt 0.099737 0.938232
vt 0.128419 0.965759
vt 0.109688 0.965759
vt 0.131932 0.979111
vt 0.117473 0.979111
vt 0.133922 0.987946
vt 0.121044 0.987946
vt 0.458090 0.991104
vt 0.474948 0.991104
vt 0.013683 0.921814
vt 0.008759 0.921814
vt 0.214700 0.619141
vt 0.224183 0.619141
vt 0.204632 0.587158
vt 0.221608 0.587158
vt 0.223130 0.534180
vt 0.207793 0.560791
vt 0.220437 0.494141
vt 0.207559 0.430176
vt 0.189999 0.384766
vt 0.178643 0.485352
vt 0.195501 0.482422
vt 0.152536 0.467773
vt 0.205101 0.494141
vt 0.210954 0.534180
vt 0.193628 0.151367
vt 0.160497 0.047852
vt 0.156165 0.056152
vt 0.196437 0.142090
vt 0.177121 0.036133
vt 0.205452 0.112305
vt 0.213530 0.086914
vt 0.192106 0.028809
vt 0.229920 0.041504
vt 0.220671 0.013672
vt 0.191169 0.504639
vt 0.053758 0.838501
vt 0.373565 0.983078
vt 0.347809 0.918762
vt 0.376609 0.943878
vt 0.340317 0.962677
vt 0.386911 0.931580
vt 0.385272 0.986954
vt 0.377077 0.897949
vt 0.362794 0.908997
vt 0.381760 0.851807
vt 0.370521 0.863403
vt 0.343595 0.879883
vt 0.369819 0.820435
vt 0.356707 0.832642
vt 0.364902 0.787109
vt 0.348980 0.787109
vt 0.335634 0.842896
vt 0.322522 0.814453
vt 0.366307 0.754272
vt 0.351556 0.745850
vt 0.373097 0.721924
vt 0.359985 0.703613
vt 0.385740 0.686523
vt 0.376609 0.664795
vt 0.337273 0.637451
vt 0.327205 0.749512
vt 0.333761 0.689453
vt 0.300747 0.718994
vt 0.310113 0.669434
vt 0.318542 0.617187
vt 0.318776 0.575684
vt 0.307069 0.606201
vt 0.311986 0.569824
vt 0.325098 0.587646
vt 0.296767 0.659912
vt 0.286699 0.703613
vt 0.276865 0.749023
vt 0.292318 0.767090
vt 0.267031 0.794922
vt 0.304493 0.786865
vt 0.285996 0.835205
vt 0.299576 0.826416
vt 0.311049 0.820435
vt 0.316903 0.533447
vt 0.321352 0.536865
vt 0.330951 0.572754
vt 0.310113 0.842896
vt 0.317137 0.864746
vt 0.323927 0.891602
vt 0.325566 0.913391
vt 0.316903 0.948151
vt 0.466519 0.430176
vt 0.468626 0.474609
vt 0.455982 0.429687
vt 0.458792 0.497070
vt 0.452236 0.479980
vt 0.438422 0.443359
vt 0.450363 0.370605
vt 0.418520 0.395020
vt 0.437719 0.344727
vt 0.408452 0.381348
vt 0.428354 0.329102
vt 0.463475 0.219727
vt 0.472841 0.218262
vt 0.477523 0.073242
vt 0.467689 0.382812
vt 0.481035 0.060059
vt 0.481035 0.217773
vt 0.454343 0.217773
vt 0.473309 0.066895
vt 0.477757 0.055664
vt 0.396511 0.429199
vt 0.404940 0.450684
vt 0.386208 0.477539
vt 0.391125 0.499512
vt 0.426949 0.478516
vt 0.415242 0.522705
vt 0.444744 0.500000
vt 0.430227 0.546875
vt 0.380121 0.488281
vt 0.381292 0.448242
vt 0.372862 0.452637
vt 0.402130 0.580566
vt 0.366775 0.538330
vt 0.419691 0.598877
vt 0.390891 0.625732
vt 0.363029 0.579834
vt 0.399086 0.658936
vt 0.351556 0.525146
vt 0.415242 0.637451
vt 0.412666 0.670654
vt 0.399789 0.687988
vt 0.410091 0.692139
vt 0.404940 0.722168
vt 0.349214 0.571045
vt 0.338678 0.585205
vt 0.363029 0.482910
vt 0.365370 0.453125
vt 0.355068 0.447754
vt 0.352492 0.479492
vt 0.367711 0.422852
vt 0.378014 0.422363
vt 0.369819 0.388184
vt 0.365604 0.385742
vt 0.357643 0.416504
vt 0.481035 0.364746
vt 0.480333 0.434570
vt 0.481035 0.479492
vt 0.474714 0.503906
vt 0.480801 0.519775
vt 0.474479 0.520264
vt 0.394169 0.691406
vt 0.385974 0.683594
vt 0.466285 0.430176
vt 0.366775 0.538086
vt 0.480567 0.520020
vt 0.338678 0.584717
vt 0.311283 0.820557
vt 0.335400 0.369629
vt 0.352258 0.349609
vt 0.335400 0.349609
vt 0.352258 0.369629
vt 0.359048 0.349609
vt 0.359048 0.369629
vt 0.319010 0.369629
vt 0.319010 0.349609
vt 0.312220 0.369629
vt 0.312220 0.349609
vt 0.352258 0.329102
vt 0.335400 0.329102
vt 0.359048 0.329102
vt 0.319010 0.329102
vt 0.312220 0.329102
vt 0.352258 0.308594
vt 0.335400 0.308594
vt 0.359048 0.308594
vt 0.319010 0.308594
vt 0.312220 0.308594
vt 0.352258 0.288086
vt 0.335400 0.288086
vt 0.359048 0.288086
vt 0.319010 0.288086
vt 0.312220 0.288086
vt 0.352258 0.267578
vt 0.335400 0.267578
vt 0.359048 0.267578
vt 0.319010 0.267578
vt 0.312220 0.267578
vt 0.352258 0.247070
vt 0.335400 0.247070
vt 0.359048 0.247070
vt 0.319010 0.247559
vt 0.312220 0.247559
vt 0.352258 0.227051
vt 0.335400 0.226074
vt 0.359048 0.227539
vt 0.319010 0.227051
vt 0.312220 0.227539
vt 0.352258 0.206543
vt 0.335400 0.206055
vt 0.359048 0.208496
vt 0.319010 0.206543
vt 0.312220 0.208496
vt 0.364433 0.191895
vt 0.323225 0.171875
vt 0.347575 0.171875
vt 0.335400 0.177246
vt 0.328142 0.145508
vt 0.335400 0.148926
vt 0.330951 0.104492
vt 0.335400 0.104492
vt 0.338444 0.104492
vt 0.342424 0.145996
vt 0.351790 0.142090
vt 0.343595 0.104492
vt 0.337976 0.055664
vt 0.318542 0.142090
vt 0.325800 0.104492
vt 0.308474 0.162109
vt 0.362092 0.162109
vt 0.335400 0.057617
vt 0.330717 0.055664
vt 0.335400 0.052734
vt 0.359048 0.186035
vt 0.370521 0.172852
vt 0.374970 0.178711
vt 0.301215 0.173340
vt 0.311752 0.185547
vt 0.295596 0.178711
vt 0.306367 0.191895
vt 0.186487 0.686279
vt 0.152887 0.668945
vt 0.152887 0.686279
vt 0.186487 0.668945
vt 0.186487 0.703613
vt 0.152887 0.703613
vt 0.186487 0.721191
vt 0.152887 0.721191
vt 0.186487 0.738525
vt 0.152887 0.738525
vt 0.186487 0.755859
vt 0.152887 0.755859
vt 0.186487 0.773193
vt 0.152887 0.773315
vt 0.186487 0.790649
vt 0.152887 0.790649
vt 0.186487 0.807983
vt 0.152887 0.807983
vt 0.186487 0.825439
vt 0.152887 0.825439
vt 0.186487 0.842773
vt 0.152887 0.842773
vt 0.209315 0.989182
vt 0.217861 0.946777
vt 0.209315 0.946777
vt 0.217861 0.989182
vt 0.226525 0.946777
vt 0.226525 0.989182
vt 0.235188 0.946777
vt 0.235188 0.989189
vt 0.243851 0.946777
vt 0.243851 0.989189
vt 0.252514 0.946777
vt 0.252514 0.989189
vt 0.261177 0.946777
vt 0.261177 0.989189
vt 0.269841 0.946777
vt 0.269841 0.989189
vt 0.278270 0.946777
vt 0.278270 0.989189
vt 0.460665 0.716309
vt 0.476821 0.723389
vt 0.476821 0.635986
vt 0.447319 0.697266
vt 0.438422 0.668945
vt 0.435378 0.635986
vt 0.438656 0.602539
vt 0.447787 0.574463
vt 0.461368 0.555908
vt 0.476821 0.549316
vt 0.103249 0.063477
vt 0.118761 0.095703
vt 0.118761 0.063477
vt 0.103249 0.095703
vt 0.103249 0.041016
vt 0.118761 0.041016
vt 0.103190 0.012207
vt 0.118761 0.012207
vt 0.103249 0.147949
vt 0.118761 0.182129
vt 0.118761 0.147949
vt 0.103249 0.182129
vt 0.103249 0.122070
vt 0.118761 0.122070
vt 0.118761 0.216309
vt 0.103249 0.216309
vt 0.118761 0.251465
vt 0.103249 0.251465
vt 0.107229 0.278809
vt 0.114722 0.278809
vt 0.103249 0.278809
vt 0.103249 0.304199
vt 0.107229 0.304199
vt 0.107288 0.335449
vt 0.103249 0.335449
vt 0.125610 0.401855
vt 0.140712 0.420410
vt 0.140712 0.401855
vt 0.125610 0.420410
vt 0.125610 0.380859
vt 0.140712 0.380859
vt 0.140712 0.439453
vt 0.125610 0.439453
vt 0.140712 0.458008
vt 0.125610 0.458008
vt 0.140712 0.472656
vt 0.125610 0.472656
vt 0.140712 0.501953
vt 0.125610 0.501953
vt 0.140712 0.517578
vt 0.125610 0.517822
vt 0.140712 0.358398
vt 0.125610 0.358398
vt 0.136615 0.342285
vt 0.129356 0.342285
vt 0.125610 0.342285
vt 0.193862 0.860229
vt 0.202291 0.867432
vt 0.202291 0.860229
vt 0.193862 0.867432
vt 0.380121 0.209473
vt 0.375204 0.237793
vt 0.390189 0.219238
vt 0.368414 0.281250
vt 0.364199 0.263672
vt 0.396745 0.237305
vt 0.397681 0.267090
vt 0.391594 0.294434
vt 0.369116 0.305176
vt 0.373799 0.329102
vt 0.387613 0.321777
vt 0.380121 0.351562
vt 0.387613 0.351074
vt 0.390423 0.386719
vt 0.391828 0.382812
vt 0.335400 0.514648
vt 0.343829 0.533691
vt 0.343829 0.514648
vt 0.335400 0.533691
vt 0.335400 0.490723
vt 0.343829 0.490723
vt 0.343829 0.464844
vt 0.335400 0.464844
vt 0.335400 0.437500
vt 0.343829 0.437500
vt 0.335400 0.395508
vt 0.343829 0.395508
vt 0.193862 0.713135
vt 0.202291 0.743408
vt 0.202291 0.713135
vt 0.193862 0.743408
vt 0.202291 0.773560
vt 0.193862 0.773560
vt 0.193862 0.689453
vt 0.202291 0.689453
vt 0.193862 0.665527
vt 0.202291 0.665527
vt 0.202291 0.800659
vt 0.193862 0.800659
vt 0.202291 0.828003
vt 0.193862 0.828003
vt 0.430461 0.083496
vt 0.420861 0.086426
vt 0.423671 0.106445
vt 0.411496 0.100098
vt 0.423437 0.126465
vt 0.406813 0.120117
vt 0.404471 0.141602
vt 0.426715 0.151367
vt 0.421798 0.167969
vt 0.433037 0.176758
vt 0.352258 0.035645
vt 0.342190 0.045898
vt 0.352258 0.045898
vt 0.342190 0.035645
vt 0.362326 0.035645
vt 0.362326 0.045898
vt 0.372628 0.035645
vt 0.372628 0.045898
vt 0.381526 0.035645
vt 0.381526 0.045898
vt 0.385506 0.018066
vt 0.372862 0.028320
vt 0.385506 0.028320
vt 0.372862 0.018066
vt 0.361858 0.028320
vt 0.361858 0.018066
vt 0.352258 0.028320
vt 0.352258 0.018066
vt 0.340785 0.028320
vt 0.340785 0.018066
vt 0.403067 0.145020
vt 0.421095 0.171875
vt 0.433505 0.181641
s 1
usemtl 01_-_Default_Tex_0002
f 127/191/209 126/192/210 125/193/211
f 127/191/209 128/194/212 126/192/210
f 131/195/213 130/196/214 129/197/215
f 131/195/213 132/198/216 130/196/214
f 135/199/217 134/200/218 133/201/219
f 135/199/217 136/202/220 134/200/218
f 137/203/221 134/200/218 136/202/220
f 137/203/221 138/204/222 134/200/218
f 139/205/223 132/198/216 131/195/213
f 139/205/223 140/206/224 132/198/216
f 143/207/225 142/208/226 141/209/227
f 143/207/225 144/210/228 142/208/226
f 145/211/229 141/209/227 142/208/226
f 145/211/229 146/212/230 141/209/227
f 2143/210/231 147/213/232 2142/208/233
f 2143/210/231 148/214/234 147/213/232
f 151/215/235 150/216/236 149/217/237
f 151/215/235 152/218/238 150/216/236
f 150/216/236 153/219/239 149/217/237
f 150/216/236 154/220/240 153/219/239
f 151/215/235 155/221/241 152/218/238
f 151/215/235 156/222/242 155/221/241
f 155/221/241 156/222/242 157/223/243
f 155/221/241 157/223/243 158/224/244
f 2145/212/245 159/225/246 2144/209/247
f 2145/212/245 160/226/248 159/225/246
f 129/197/215 161/227/249 131/195/213
f 129/197/215 162/228/250 161/227/249
f 163/229/251 161/227/249 162/228/250
f 163/229/251 164/230/252 161/227/249
f 163/229/251 165/231/253 164/230/252
f 163/229/251 166/232/254 165/231/253
f 167/233/255 161/227/249 164/230/252
f 167/233/255 164/230/252 168/234/256
f 139/205/223 161/227/249 167/233/255
f 139/205/223 131/195/213 161/227/249
f 169/235/257 164/230/252 165/231/253
f 169/235/257 168/234/256 164/230/252
f 128/194/212 169/235/257 165/231/253
f 128/194/212 165/231/253 126/192/210
f 166/232/254 2146/192/258 165/231/253
f 166/232/254 170/236/259 2146/192/258
f 126/192/210 171/237/260 125/193/211
f 126/192/210 170/236/261 171/237/260
f 159/225/246 172/238/262 2147/207/263
f 159/225/246 143/207/225 141/209/227
f 175/239/264 174/240/265 173/241/236
f 175/239/264 176/242/266 174/240/265
f 173/241/236 177/243/238 175/239/264
f 173/241/236 178/244/238 177/243/238
f 179/245/241 177/243/238 178/244/238
f 179/245/241 180/246/267 177/243/238
f 180/246/267 179/245/241 181/247/268
f 180/246/267 181/247/268 182/248/269
f 185/249/270 184/250/271 183/251/272
f 185/249/270 186/252/273 184/250/271
f 183/251/272 187/253/274 185/249/270
f 183/251/272 188/254/275 187/253/274
f 187/253/274 189/255/276 185/249/270
f 187/253/274 190/256/277 189/255/276
f 191/257/278 185/249/270 189/255/276
f 191/257/278 186/252/273 185/249/270
f 183/251/272 192/258/279 2148/213/280
f 183/251/272 184/250/271 192/258/279
f 147/213/232 188/254/275 183/251/272
f 147/213/232 148/214/234 188/254/275
f 147/213/232 145/211/281 2142/208/233
f 147/213/232 192/258/282 145/211/281
f 195/259/283 194/260/284 193/261/285
f 195/259/283 196/262/286 194/260/284
f 194/260/284 197/263/287 193/261/285
f 197/263/287 198/264/288 193/261/285
f 198/264/288 195/259/283 193/261/285
f 197/263/287 199/265/289 198/264/288
f 199/265/289 197/263/287 200/266/290
f 199/265/289 200/266/290 201/267/291
f 194/260/284 202/268/292 197/263/287
f 197/263/287 202/268/292 203/269/293
f 197/263/287 203/269/293 200/266/290
f 198/264/288 204/270/294 195/259/283
f 207/271/295 206/272/296 205/273/297
f 207/271/295 208/274/298 206/272/296
f 209/275/299 208/274/298 207/271/295
f 209/275/299 210/276/300 208/274/298
f 210/276/300 211/277/301 208/274/298
f 208/274/298 211/277/301 212/278/302
f 208/274/298 212/278/302 206/272/296
f 210/276/300 213/279/303 211/277/301
f 213/279/303 214/280/304 211/277/301
f 211/277/301 214/280/304 215/281/305
f 211/277/301 215/281/305 212/278/302
f 213/279/303 216/282/306 214/280/304
f 214/280/304 216/282/306 2149/201/307
f 214/280/304 2149/201/307 2150/200/308
f 214/280/304 217/283/309 215/281/305
f 217/283/309 214/280/304 2150/200/308
f 217/283/309 2150/200/308 2151/204/310
f 210/276/300 218/284/311 213/279/303
f 210/276/300 219/285/312 218/284/311
f 209/275/299 219/285/312 210/276/300
f 209/275/299 220/286/313 219/285/312
f 219/285/312 221/287/314 218/284/311
f 213/279/303 218/284/311 222/288/315
f 218/284/311 223/289/316 222/288/315
f 218/284/311 221/287/314 223/289/316
f 222/288/315 223/289/316 224/290/317
f 224/290/317 225/291/318 222/288/315
f 224/290/317 226/292/319 225/291/318
f 224/290/317 223/289/316 227/293/320
f 220/286/313 228/294/321 219/285/312
f 219/285/312 228/294/321 221/287/314
f 220/286/313 229/295/322 228/294/321
f 222/288/315 2149/201/307 216/282/306
f 222/288/315 225/291/318 2149/201/307
f 213/279/303 222/288/315 216/282/306
f 190/256/277 231/296/323 230/297/324
f 190/256/277 230/297/324 189/255/276
f 191/257/278 189/255/276 230/297/324
f 191/257/278 230/297/324 232/298/325
f 191/257/278 232/298/325 233/299/326
f 231/296/323 190/256/277 234/300/327
f 190/256/277 235/301/328 234/300/327
f 190/256/277 236/302/329 235/301/328
f 237/303/330 235/301/328 236/302/329
f 237/303/330 238/304/331 235/301/328
f 238/304/331 237/303/330 239/305/332
f 237/303/330 240/301/333 239/305/332
f 237/303/330 241/302/334 240/301/333
f 242/256/335 240/301/333 241/302/334
f 242/256/335 243/300/336 240/301/333
f 191/257/278 233/299/326 244/297/337
f 191/257/278 244/297/337 245/255/338
f 242/256/335 245/255/338 244/297/337
f 242/256/335 244/297/337 246/296/339
f 242/256/335 246/296/339 243/300/336
f 249/306/340 248/307/341 247/308/342
f 249/306/340 250/309/343 248/307/341
f 248/307/341 250/309/343 251/310/344
f 252/311/345 248/307/341 251/310/344
f 252/311/345 253/312/346 248/307/341
f 2152/308/347 255/313/348 254/314/349
f 2152/308/347 2153/307/350 255/313/348
f 257/315/351 254/314/349 256/316/352
f 257/315/351 2152/308/347 254/314/349
f 260/317/353 259/318/354 258/319/355
f 260/317/353 261/320/356 259/318/354
f 263/321/357 258/319/355 262/322/357
f 263/321/357 260/317/353 258/319/355
f 2154/319/358 265/323/359 264/324/360
f 2154/319/358 2155/318/361 265/323/359
f 2156/322/362 264/324/360 266/325/363
f 2156/322/362 2154/319/358 264/324/360
f 264/324/360 268/326/364 267/327/365
f 264/324/360 265/323/359 268/326/364
f 266/325/363 267/327/365 269/328/366
f 266/325/363 264/324/360 267/327/365
f 2157/327/367 271/329/368 270/330/369
f 2157/327/367 2158/326/370 271/329/368
f 2159/328/371 270/330/369 272/331/372
f 2159/328/371 2157/327/367 270/330/369
f 275/332/373 274/333/374 273/334/375
f 275/332/373 276/335/376 274/333/374
f 278/336/377 273/334/375 277/337/377
f 278/336/377 275/332/373 273/334/375
f 2161/333/378 279/338/379 2160/334/380
f 2161/333/378 280/339/381 279/338/379
f 280/339/381 281/340/382 279/338/379
f 280/339/381 282/341/383 281/340/382
f 2160/334/380 279/338/379 283/342/384
f 2160/334/380 283/342/384 2162/337/385
f 283/342/384 279/338/379 281/340/382
f 283/342/384 281/340/382 284/343/386
f 281/340/382 285/344/387 284/343/386
f 282/341/383 286/345/388 2163/344/389
f 282/341/383 287/346/390 281/340/382
f 280/339/381 286/345/388 282/341/383
f 280/339/381 288/347/391 286/345/388
f 2161/333/378 288/347/391 280/339/381
f 2161/333/378 289/348/392 288/347/391
f 289/348/392 290/349/393 288/347/391
f 289/348/392 291/350/394 290/349/393
f 290/349/393 286/345/388 288/347/391
f 286/345/388 292/351/395 2164/346/396
f 290/349/393 292/351/395 286/345/388
f 294/341/397 293/340/398 2165/346/399
f 295/339/400 293/340/398 294/341/397
f 295/339/400 296/338/401 293/340/398
f 297/333/402 296/338/401 295/339/400
f 297/333/402 298/334/403 296/338/401
f 298/334/403 283/342/384 296/338/401
f 298/334/403 2162/337/385 283/342/384
f 283/342/384 293/340/398 296/338/401
f 283/342/384 284/343/386 293/340/398
f 293/340/398 284/343/386 285/344/387
f 294/341/397 2166/344/404 299/345/405
f 295/339/400 294/341/397 299/345/405
f 295/339/400 299/345/405 300/347/406
f 297/333/402 295/339/400 300/347/406
f 297/333/402 300/347/406 301/348/407
f 301/348/407 300/347/406 290/349/393
f 301/348/407 290/349/393 291/350/394
f 290/349/393 300/347/406 299/345/405
f 290/349/393 299/345/405 292/351/395
f 299/345/405 2167/346/408 292/351/395
f 304/352/409 303/353/410 302/354/409
f 304/352/409 305/355/410 303/353/410
f 305/355/410 306/356/411 303/353/410
f 305/355/410 307/357/411 306/356/411
f 308/358/412 304/352/409 302/354/409
f 308/358/412 302/354/409 309/359/412
f 312/353/413 311/352/414 310/355/413
f 312/353/413 313/354/414 311/352/414
f 314/356/415 312/353/413 310/355/413
f 314/356/415 310/355/413 315/357/415
f 313/354/414 316/358/416 311/352/414
f 313/354/414 317/359/416 316/358/416
f 2169/357/417 318/360/417 2168/356/417
f 2169/357/417 319/361/417 318/360/417
f 322/362/418 321/363/419 320/364/420
f 322/362/418 323/365/421 321/363/419
f 323/365/421 324/366/422 321/363/419
f 323/365/421 325/367/423 324/366/422
f 326/368/424 322/362/418 320/364/420
f 326/368/424 320/364/420 327/369/425
f 328/370/424 326/368/424 327/369/425
f 328/370/424 327/369/425 329/371/425
f 329/371/425 327/369/425 330/372/425
f 329/371/425 330/372/425 331/373/425
f 328/370/424 332/374/426 326/368/424
f 335/367/427 334/363/427 333/366/427
f 335/367/427 336/365/428 334/363/427
f 336/365/428 337/364/429 334/363/427
f 336/365/428 338/362/430 337/364/429
f 337/364/429 338/362/430 339/368/431
f 337/364/429 339/368/431 340/369/432
f 339/368/431 341/370/433 340/369/432
f 339/368/431 342/374/434 341/370/433
f 341/370/433 343/371/235 340/369/432
f 340/369/432 343/371/235 344/373/235
f 340/369/432 344/373/235 345/372/235
f 348/375/435 347/376/435 346/377/435
f 348/375/435 349/378/436 347/376/435
f 352/379/437 351/380/438 350/381/437
f 352/379/437 353/382/438 351/380/438
f 354/383/439 352/379/437 350/381/437
f 354/383/439 350/381/437 355/384/439
f 356/377/440 354/383/439 355/384/439
f 356/377/440 355/384/439 357/375/440
f 203/269/293 249/306/340 200/266/290
f 203/269/293 250/309/343 249/306/340
f 200/266/290 249/306/340 358/385/441
f 200/266/290 358/385/441 201/267/291
f 2172/378/442 2171/359/442 2170/376/442
f 2172/378/442 2173/358/442 2171/359/442
f 361/380/438 360/379/443 359/382/438
f 361/380/438 362/381/443 360/379/443
f 362/381/443 363/383/444 360/379/443
f 362/381/443 364/384/445 363/383/444
f 364/384/445 2174/377/446 363/383/444
f 364/384/445 2175/375/446 2174/377/446
f 366/386/447 2176/315/448 365/385/449
f 2177/385/450 247/308/342 2176/315/451
f 2177/385/450 249/306/340 247/308/342
f 365/385/449 368/308/452 367/306/453
f 365/385/449 2176/315/448 368/308/452
f 207/271/295 370/387/454 369/388/455
f 207/271/295 205/273/297 370/387/454
f 209/275/299 207/271/295 369/388/455
f 209/275/299 369/388/455 371/389/456
f 2178/388/457 373/390/458 372/391/459
f 369/388/455 370/387/454 373/390/460
f 2179/389/461 372/391/459 374/392/462
f 2179/389/461 2178/388/457 372/391/459
f 372/391/459 373/390/458 375/393/463
f 2180/391/464 375/393/463 376/394/465
f 2181/392/466 2180/391/464 376/394/465
f 2181/392/466 376/394/465 377/395/467
f 376/394/465 378/396/468 377/395/467
f 376/394/465 379/397/469 378/396/468
f 379/397/469 380/398/470 378/396/468
f 379/397/469 381/399/471 380/398/470
f 381/399/471 382/400/472 380/398/470
f 381/399/471 383/401/473 382/400/472
f 384/402/474 383/401/473 381/399/471
f 381/399/471 385/403/475 384/402/474
f 381/399/471 379/397/469 385/403/475
f 384/402/474 386/404/476 383/401/473
f 387/405/477 379/397/469 376/394/465
f 379/397/469 387/405/477 385/403/475
f 387/405/477 376/394/465 388/406/478
f 376/394/465 375/393/463 388/406/478
f 384/402/474 385/403/475 389/407/479
f 392/408/480 391/409/481 390/410/482
f 392/408/480 393/411/425 391/409/481
f 394/412/235 392/408/480 390/410/482
f 394/412/235 390/410/482 395/413/483
f 390/410/482 397/414/484 396/415/485
f 390/410/482 391/409/481 397/414/484
f 395/413/486 2182/410/487 396/415/485
f 395/413/486 396/415/485 398/416/488
f 397/414/484 399/417/489 396/415/485
f 397/414/484 400/418/490 399/417/489
f 396/415/485 401/419/491 398/416/488
f 396/415/485 399/417/489 401/419/491
f 400/418/490 402/420/492 399/417/489
f 400/418/490 403/421/493 402/420/492
f 399/417/489 402/420/492 404/422/494
f 399/417/489 404/422/494 401/419/491
f 407/423/495 406/424/496 405/425/497
f 407/423/495 408/426/498 406/424/496
f 409/427/499 407/423/495 405/425/497
f 409/427/499 405/425/497 410/428/500
f 409/427/499 410/428/500 411/429/501
f 409/427/499 411/429/501 412/430/502
f 412/430/502 411/429/501 413/431/503
f 412/430/502 413/431/503 414/432/504
f 2184/424/505 415/433/506 2183/425/507
f 2184/424/505 416/434/508 415/433/506
f 2183/425/507 415/433/506 417/435/509
f 2183/425/507 417/435/509 2185/428/510
f 2186/429/511 2185/428/510 417/435/509
f 2186/429/511 417/435/509 418/436/512
f 2187/431/513 2186/429/511 418/436/512
f 2187/431/513 418/436/512 419/437/514
f 422/438/515 421/439/516 420/440/516
f 422/438/515 423/441/517 421/439/516
f 422/438/515 424/442/518 423/441/517
f 424/442/518 425/443/519 423/441/517
f 424/442/518 426/444/520 425/443/519
f 426/444/520 427/445/521 425/443/519
f 426/444/520 428/446/522 427/445/521
f 431/447/523 430/448/524 429/449/523
f 431/447/523 432/450/524 430/448/524
f 433/451/525 431/447/523 429/449/523
f 433/451/525 429/449/523 434/452/525
f 435/453/526 433/451/525 434/452/525
f 435/453/526 434/452/525 436/454/526
f 437/455/527 435/453/526 436/454/526
f 437/455/527 436/454/526 438/456/527
f 439/457/528 437/455/527 438/456/527
f 439/457/528 438/456/527 440/458/528
f 441/459/529 439/457/528 440/458/528
f 441/459/529 440/458/528 442/460/529
f 443/461/530 441/459/529 442/460/529
f 443/461/530 442/460/529 444/462/530
f 445/463/531 443/461/530 444/462/530
f 445/463/531 444/462/530 446/464/532
f 447/465/533 445/463/531 446/464/532
f 447/465/533 446/464/532 448/466/534
f 449/467/535 447/465/533 448/466/534
f 449/467/535 448/466/534 450/468/536
f 452/469/537 217/283/309 451/281/538
f 453/280/539 451/281/538 217/283/309
f 217/283/309 454/200/540 453/280/539
f 217/283/309 2151/204/310 454/200/540
f 455/277/541 451/281/538 453/280/539
f 456/279/542 455/277/541 453/280/539
f 457/276/543 455/277/541 456/279/542
f 457/276/543 458/274/544 455/277/541
f 459/275/545 458/274/544 457/276/543
f 459/275/545 460/271/546 458/274/544
f 458/274/544 461/278/547 455/277/541
f 456/279/542 453/280/539 462/282/548
f 453/280/539 463/201/549 462/282/548
f 453/280/539 454/200/540 463/201/549
f 455/277/541 461/278/547 451/281/538
f 460/271/546 464/272/550 458/274/544
f 458/274/544 464/272/550 461/278/547
f 460/271/546 465/273/551 464/272/550
f 457/276/543 456/279/542 466/284/552
f 457/276/543 466/284/552 467/285/553
f 459/275/545 457/276/543 467/285/553
f 459/275/545 467/285/553 468/286/554
f 467/285/553 466/284/552 469/287/555
f 466/284/552 470/289/556 469/287/555
f 468/286/554 467/285/553 471/294/557
f 467/285/553 469/287/555 471/294/557
f 468/286/554 471/294/557 472/295/558
f 466/284/552 473/288/559 470/289/556
f 456/279/542 473/288/559 466/284/552
f 456/279/542 462/282/548 473/288/559
f 473/288/559 462/282/548 463/201/549
f 473/288/559 463/201/549 474/291/560
f 473/288/559 224/290/317 470/289/556
f 224/290/317 473/288/559 474/291/560
f 224/290/317 474/291/560 226/292/319
f 477/470/235 476/471/235 475/472/235
f 477/470/235 478/473/235 476/471/235
f 477/470/235 479/474/235 478/473/235
f 479/474/235 480/475/235 478/473/235
f 477/470/235 475/472/235 481/476/561
f 482/477/562 477/470/235 481/476/561
f 483/478/563 482/477/562 481/476/561
f 483/478/563 481/476/561 484/479/564
f 485/480/238 483/478/563 484/479/564
f 485/480/238 484/479/564 486/481/235
f 484/479/564 487/482/235 486/481/235
f 486/481/235 487/482/235 488/483/235
f 487/482/235 489/484/235 488/483/235
f 487/482/235 490/485/235 489/484/235
f 490/485/235 491/486/235 489/484/235
f 490/485/235 492/487/432 491/486/235
f 492/487/432 490/485/235 493/488/235
f 492/487/432 493/488/235 494/489/235
f 493/488/235 495/490/235 494/489/235
f 493/488/235 496/491/235 495/490/235
f 496/491/235 497/492/235 495/490/235
f 496/491/235 498/493/235 497/492/235
f 496/491/235 499/494/235 498/493/235
f 500/495/565 491/486/235 492/487/432
f 500/495/565 492/487/432 501/496/566
f 500/495/565 501/496/566 502/497/567
f 502/497/567 501/496/566 503/498/568
f 504/499/569 502/497/567 503/498/568
f 504/499/569 505/500/570 502/497/567
f 504/499/569 506/501/571 505/500/570
f 499/494/235 507/502/235 498/493/235
f 499/494/235 508/503/235 507/502/235
f 509/504/235 507/502/235 508/503/235
f 510/505/235 509/504/235 508/503/235
f 510/505/235 508/503/235 511/506/235
f 511/506/235 512/507/235 510/505/235
f 511/506/235 513/508/235 512/507/235
f 513/508/235 514/509/235 512/507/235
f 513/508/235 515/510/235 514/509/235
f 513/508/235 516/511/235 515/510/235
f 516/511/235 517/512/235 515/510/235
f 516/511/235 518/513/235 517/512/235
f 518/513/235 519/514/235 517/512/235
f 518/513/235 520/515/432 519/514/235
f 513/508/235 521/516/235 516/511/235
f 523/360/572 2188/357/572 522/361/572
f 523/360/572 2189/356/572 2188/357/572
f 525/376/573 2190/375/573 524/378/573
f 525/376/573 2191/377/574 2190/375/573
f 2194/359/575 2193/378/575 2192/358/575
f 2194/359/575 2195/376/575 2193/378/575
f 528/517/576 527/518/577 526/519/576
f 528/517/576 529/520/577 527/518/577
f 530/521/578 528/517/576 526/519/576
f 530/521/578 526/519/576 531/522/578
f 532/523/579 530/521/578 531/522/578
f 532/523/579 531/522/578 533/524/579
f 536/525/580 535/526/581 534/527/582
f 536/525/580 537/528/583 535/526/581
f 537/528/583 538/529/584 535/526/581
f 537/528/583 539/530/585 538/529/584
f 539/530/585 540/531/586 538/529/584
f 541/532/587 427/445/521 428/446/522
f 543/533/588 2196/524/588 542/534/588
f 543/533/588 2197/523/588 2196/524/588
f 415/433/506 545/535/589 544/536/590
f 415/433/506 416/434/508 545/535/589
f 417/435/509 415/433/506 544/536/590
f 417/435/509 544/536/590 546/537/591
f 544/536/590 545/535/589 547/538/592
f 544/536/590 547/538/592 548/539/593
f 546/537/591 544/536/590 548/539/593
f 546/537/591 548/539/593 549/540/594
f 548/539/593 547/538/592 550/541/595
f 548/539/593 550/541/595 551/542/596
f 549/540/594 548/539/593 551/542/596
f 549/540/594 551/542/596 552/543/597
f 551/542/596 550/541/595 553/544/598
f 550/541/595 554/545/599 553/544/598
f 553/544/598 554/545/599 555/546/600
f 554/545/599 556/547/601 555/546/600
f 2199/435/602 2198/537/603 557/548/604
f 2199/435/602 557/548/604 418/436/512
f 418/436/512 557/548/604 558/549/605
f 418/436/512 558/549/605 419/437/514
f 557/548/604 559/550/606 558/549/605
f 557/548/604 560/551/607 559/550/606
f 2198/537/603 560/551/607 557/548/604
f 2198/537/603 2200/540/608 560/551/607
f 560/551/607 561/552/609 559/550/606
f 560/551/607 562/553/610 561/552/609
f 2200/540/608 562/553/610 560/551/607
f 2200/540/608 552/543/597 562/553/610
f 552/543/597 563/554/611 562/553/610
f 552/543/597 564/555/612 563/554/611
f 562/553/610 565/556/613 561/552/609
f 561/552/609 565/556/613 566/557/614
f 565/556/613 567/558/615 566/557/614
f 566/557/614 567/558/615 568/559/616
f 564/555/612 569/560/617 563/554/611
f 552/543/597 570/561/618 564/555/612
f 552/543/597 551/542/596 570/561/618
f 564/555/612 570/561/618 571/562/619
f 564/555/612 571/562/619 572/563/620
f 564/555/612 572/563/620 569/560/617
f 575/564/621 574/565/622 573/566/623
f 575/564/621 576/567/624 574/565/622
f 577/568/625 575/564/621 573/566/623
f 577/568/625 578/569/626 575/564/621
f 579/570/627 578/569/626 577/568/625
f 579/570/627 577/568/625 580/571/536
f 2202/565/628 2201/567/629 581/572/628
f 579/570/627 580/571/536 582/568/630
f 579/570/627 582/568/630 583/569/631
f 582/568/630 584/564/632 583/569/631
f 582/568/630 585/566/633 584/564/632
f 584/564/632 585/566/633 586/565/634
f 584/564/632 586/565/634 587/567/635
f 2204/565/636 588/572/636 2203/567/637
f 589/570/638 580/571/536 577/568/625
f 589/570/638 577/568/625 590/569/639
f 577/568/625 591/564/640 590/569/639
f 577/568/625 573/566/623 591/564/640
f 591/564/640 573/566/623 574/565/622
f 591/564/640 574/565/622 592/567/641
f 2202/565/628 581/572/628 2205/567/642
f 594/573/643 579/570/627 593/574/644
f 594/573/643 2206/569/645 579/570/627
f 595/575/646 594/573/643 593/574/644
f 595/575/646 593/574/644 596/576/647
f 597/577/648 595/575/646 596/576/647
f 600/578/649 599/579/650 598/580/651
f 600/578/649 601/581/652 599/579/650
f 603/582/653 130/196/214 602/583/654
f 603/582/653 129/197/215 130/196/214
f 135/199/217 2207/291/655 604/584/656
f 135/199/217 133/201/219 2207/291/655
f 605/585/657 2207/291/655 2208/292/658
f 605/585/657 604/584/656 2207/291/655
f 607/586/659 602/583/654 606/587/660
f 607/586/659 603/582/653 602/583/654
f 143/207/225 608/588/661 144/210/228
f 143/207/225 609/589/662 608/588/661
f 611/590/663 609/589/662 610/591/664
f 611/590/663 608/588/661 609/589/662
f 2143/210/231 612/592/665 148/214/234
f 2143/210/231 2209/588/666 612/592/665
f 2210/591/667 614/593/668 613/594/669
f 2210/591/667 2211/589/670 614/593/668
f 129/197/215 615/595/671 162/228/250
f 129/197/215 603/582/653 615/595/671
f 163/229/251 162/228/250 615/595/671
f 163/229/251 615/595/671 616/596/672
f 163/229/251 616/596/672 617/597/673
f 163/229/251 617/597/673 166/232/254
f 618/598/674 616/596/672 615/595/671
f 618/598/674 619/599/675 616/596/672
f 607/586/659 618/598/674 615/595/671
f 607/586/659 615/595/671 603/582/653
f 620/600/676 616/596/672 619/599/675
f 620/600/676 617/597/673 616/596/672
f 598/580/651 617/597/673 620/600/676
f 598/580/651 599/579/650 617/597/673
f 166/232/254 617/597/673 2212/579/677
f 166/232/254 2212/579/677 170/236/259
f 599/579/650 171/237/260 170/236/261
f 599/579/650 601/581/652 171/237/260
f 614/593/668 2147/207/263 172/238/262
f 614/593/668 609/589/678 2147/207/263
f 623/601/679 622/602/680 621/603/681
f 623/601/679 624/604/682 622/602/680
f 624/604/683 2213/601/684 187/253/274
f 624/604/683 187/253/274 188/254/275
f 187/253/274 236/302/329 190/256/277
f 187/253/274 623/601/679 236/302/329
f 237/303/330 236/302/329 623/601/679
f 237/303/330 623/601/679 621/603/681
f 624/604/682 625/605/685 622/602/680
f 624/604/682 2214/592/686 625/605/685
f 612/592/665 624/604/683 188/254/275
f 612/592/665 188/254/275 2215/214/687
f 612/592/665 611/590/688 625/605/689
f 612/592/665 2209/588/666 611/590/688
f 628/606/690 627/607/691 626/608/692
f 628/606/690 629/609/693 627/607/691
f 627/607/691 629/609/693 630/610/694
f 630/610/694 629/609/693 631/611/695
f 631/611/695 629/609/693 628/606/690
f 630/610/694 631/611/695 632/612/696
f 632/612/696 633/613/697 630/610/694
f 632/612/696 634/614/698 633/613/697
f 627/607/691 630/610/694 635/615/699
f 630/610/694 636/616/700 635/615/699
f 630/610/694 633/613/697 636/616/700
f 631/611/695 628/606/690 637/617/701
f 2216/312/702 255/313/348 2153/307/350
f 2216/312/702 638/618/703 255/313/348
f 639/619/704 638/618/703 2216/312/702
f 639/619/704 640/620/705 638/618/703
f 641/621/706 259/318/354 261/320/356
f 641/621/706 642/622/707 259/318/354
f 643/623/708 642/622/707 641/621/706
f 643/623/708 644/624/708 642/622/707
f 2217/622/709 265/323/359 2155/318/361
f 2217/622/709 645/625/710 265/323/359
f 2218/624/711 645/625/710 2217/622/709
f 2218/624/711 646/626/712 645/625/710
f 645/625/710 268/326/364 265/323/359
f 645/625/710 647/627/713 268/326/364
f 646/626/712 647/627/713 645/625/710
f 646/626/712 648/628/714 647/627/713
f 2219/627/715 271/329/368 2158/326/370
f 2219/627/715 649/629/716 271/329/368
f 2220/628/717 649/629/716 2219/627/715
f 2220/628/717 650/630/718 649/629/716
f 651/631/719 274/333/374 276/335/376
f 651/631/719 2221/348/720 274/333/374
f 652/632/721 2221/348/720 651/631/719
f 652/632/721 2222/350/722 2221/348/720
f 655/354/723 654/355/724 653/352/723
f 655/354/723 656/353/724 654/355/724
f 656/353/724 657/357/725 654/355/724
f 656/353/724 658/356/725 657/357/725
f 659/359/726 655/354/723 653/352/723
f 659/359/726 653/352/723 660/358/726
f 663/362/727 662/363/728 661/365/729
f 663/362/727 664/364/730 662/363/728
f 661/365/729 662/363/728 665/366/731
f 661/365/729 665/366/731 666/367/732
f 667/368/733 664/364/730 663/362/727
f 667/368/733 668/369/734 664/364/730
f 669/370/733 668/369/734 667/368/733
f 669/370/733 670/371/734 668/369/734
f 670/371/734 671/372/734 668/369/734
f 670/371/734 672/373/734 671/372/734
f 669/370/733 667/368/733 673/374/735
f 676/367/736 675/363/737 674/365/737
f 676/367/736 677/366/736 675/363/737
f 674/365/737 675/363/737 678/364/738
f 674/365/737 678/364/738 679/362/739
f 678/364/738 680/368/740 679/362/739
f 678/364/738 681/369/741 680/368/740
f 680/368/740 681/369/741 682/370/742
f 680/368/740 682/370/742 683/374/743
f 682/370/742 681/369/741 684/371/235
f 681/369/741 685/373/235 684/371/235
f 681/369/741 686/372/235 685/373/235
f 689/382/438 688/381/744 687/380/438
f 689/382/438 690/379/744 688/381/744
f 690/379/744 691/384/745 688/381/744
f 690/379/744 692/383/746 691/384/745
f 692/383/746 693/375/747 691/384/745
f 692/383/746 694/377/747 693/375/747
f 636/616/700 252/311/345 251/310/344
f 636/616/700 633/613/697 252/311/345
f 633/613/697 695/633/748 252/311/345
f 633/613/697 634/614/698 695/633/748
f 2224/619/749 2223/633/750 696/634/751
f 2223/633/750 253/312/346 252/311/345
f 2223/633/750 2224/619/749 253/312/346
f 698/633/752 697/312/753 2224/619/754
f 698/633/752 699/311/755 697/312/753
f 220/286/313 700/635/756 229/295/322
f 220/286/313 701/636/757 700/635/756
f 209/275/299 701/636/757 220/286/313
f 209/275/299 371/389/456 701/636/757
f 701/636/757 702/637/758 700/635/756
f 2225/636/759 703/638/760 702/637/761
f 2179/389/461 703/638/760 2225/636/759
f 2179/389/461 374/392/462 703/638/760
f 705/639/762 704/640/763 2226/638/764
f 2181/392/466 705/639/762 2226/638/764
f 2181/392/466 377/395/467 705/639/762
f 705/639/762 377/395/467 378/396/468
f 705/639/762 378/396/468 706/641/765
f 706/641/765 378/396/468 380/398/470
f 706/641/765 380/398/470 707/642/766
f 707/642/766 380/398/470 382/400/472
f 707/642/766 382/400/472 708/643/767
f 709/644/768 707/642/766 708/643/767
f 707/642/766 709/644/768 710/645/769
f 707/642/766 710/645/769 706/641/765
f 709/644/768 708/643/767 711/646/770
f 712/647/771 705/639/762 706/641/765
f 706/641/765 710/645/769 712/647/771
f 712/647/771 713/648/772 705/639/762
f 704/640/763 705/639/762 713/648/772
f 703/638/760 704/640/763 702/637/761
f 716/649/773 715/650/774 714/651/775
f 716/649/773 717/652/776 715/650/774
f 394/412/235 717/652/776 716/649/773
f 394/412/235 395/413/483 717/652/776
f 717/652/776 718/653/777 715/650/774
f 717/652/776 719/654/778 718/653/777
f 2228/413/779 719/654/778 2227/652/780
f 2228/413/779 398/416/488 719/654/778
f 718/653/777 719/654/778 720/655/781
f 718/653/777 720/655/781 721/656/782
f 719/654/778 401/419/491 720/655/781
f 719/654/778 398/416/488 401/419/491
f 721/656/782 723/657/783 722/658/784
f 721/656/782 720/655/781 723/657/783
f 720/655/781 404/422/494 723/657/783
f 720/655/781 401/419/491 404/422/494
f 726/439/785 725/438/786 724/441/787
f 726/439/785 727/440/785 725/438/786
f 725/438/786 728/442/788 724/441/787
f 728/442/788 729/443/789 724/441/787
f 728/442/788 730/444/790 729/443/789
f 730/444/790 731/445/791 729/443/789
f 730/444/790 732/446/792 731/445/791
f 735/450/793 734/449/794 733/448/793
f 735/450/793 736/447/794 734/449/794
f 737/451/795 734/449/794 736/447/794
f 737/451/795 738/452/795 734/449/794
f 739/453/796 738/452/795 737/451/795
f 739/453/796 740/454/796 738/452/795
f 741/455/797 740/454/796 739/453/796
f 741/455/797 742/456/797 740/454/796
f 743/457/798 742/456/797 741/455/797
f 743/457/798 744/458/798 742/456/797
f 745/459/799 744/458/798 743/457/798
f 745/459/799 746/460/799 744/458/798
f 747/461/800 746/460/799 745/459/799
f 747/461/800 748/462/800 746/460/799
f 749/463/801 748/462/800 747/461/800
f 749/463/801 750/464/801 748/462/800
f 751/465/802 750/464/801 749/463/801
f 751/465/802 752/466/802 750/464/801
f 753/467/536 752/466/802 751/465/802
f 753/467/536 754/468/535 752/466/802
f 757/470/235 756/472/235 755/471/235
f 757/470/235 755/471/235 758/473/235
f 757/470/235 758/473/235 759/474/235
f 759/474/235 758/473/235 760/475/235
f 757/470/235 761/476/803 756/472/235
f 762/477/804 761/476/803 757/470/235
f 763/478/805 761/476/803 762/477/804
f 763/478/805 764/479/806 761/476/803
f 765/480/807 764/479/806 763/478/805
f 765/480/807 766/481/235 764/479/806
f 764/479/806 766/481/235 767/482/235
f 766/481/235 768/483/235 767/482/235
f 767/482/235 768/483/235 769/484/235
f 767/482/235 769/484/235 770/485/235
f 770/485/235 769/484/235 771/486/235
f 770/485/235 771/486/235 772/487/432
f 772/487/432 773/488/235 770/485/235
f 772/487/432 774/489/235 773/488/235
f 773/488/235 774/489/235 775/490/235
f 773/488/235 775/490/235 776/491/235
f 776/491/235 775/490/235 777/492/235
f 776/491/235 777/492/235 778/493/235
f 776/491/235 778/493/235 779/494/235
f 780/495/808 772/487/432 771/486/235
f 780/495/808 781/496/809 772/487/432
f 780/495/808 782/497/810 781/496/809
f 782/497/810 783/498/811 781/496/809
f 784/499/812 783/498/811 782/497/810
f 784/499/812 782/497/810 785/500/813
f 784/499/812 785/500/813 786/501/814
f 779/494/235 778/493/235 787/502/235
f 779/494/235 787/502/235 788/503/235
f 789/504/235 788/503/235 787/502/235
f 790/505/235 788/503/235 789/504/235
f 790/505/235 791/506/235 788/503/235
f 791/506/235 790/505/235 792/507/235
f 791/506/235 792/507/235 793/508/235
f 793/508/235 792/507/235 794/509/235
f 793/508/235 794/509/235 795/510/235
f 793/508/235 795/510/235 796/511/235
f 796/511/235 795/510/235 797/512/235
f 796/511/235 797/512/235 798/513/235
f 798/513/235 797/512/235 799/514/235
f 798/513/235 799/514/235 800/515/235
f 793/508/235 796/511/235 801/516/235
f 2230/356/815 802/361/816 2229/357/816
f 2230/356/815 803/360/815 802/361/816
f 2232/377/817 804/378/817 2231/375/817
f 2232/377/817 805/376/817 804/378/817
f 2235/376/818 2234/358/818 2233/378/818
f 2235/376/818 2236/359/818 2234/358/818
f 808/442/819 807/443/820 806/444/821
f 808/442/819 809/441/822 807/443/820
f 810/438/823 809/441/822 808/442/819
f 806/444/821 807/443/820 811/445/824
f 806/444/821 811/445/824 812/446/825
f 815/520/826 814/519/827 813/518/826
f 815/520/826 816/517/827 814/519/827
f 816/517/827 817/522/828 814/519/827
f 816/517/827 818/521/828 817/522/828
f 818/521/828 819/524/829 817/522/828
f 818/521/828 820/523/829 819/524/829
f 823/525/830 822/526/831 821/528/583
f 823/525/830 824/527/832 822/526/831
f 821/528/583 822/526/831 825/529/833
f 821/528/583 825/529/833 826/530/834
f 826/530/834 825/529/833 827/531/835
f 828/532/836 812/446/825 811/445/824
f 830/659/837 709/644/768 829/645/838
f 831/642/839 829/645/838 709/644/768
f 709/644/768 832/643/840 831/642/839
f 709/644/768 711/646/770 832/643/840
f 831/642/839 832/643/840 833/400/841
f 831/642/839 833/400/841 834/398/842
f 835/641/843 831/642/839 834/398/842
f 831/642/839 835/641/843 829/645/838
f 835/641/843 834/398/842 836/396/844
f 837/639/845 835/641/843 836/396/844
f 837/639/845 836/396/844 838/395/846
f 839/392/847 837/639/845 838/395/846
f 839/392/847 840/638/848 837/639/845
f 841/647/849 835/641/843 837/639/845
f 835/641/843 841/647/849 829/645/838
f 841/647/849 837/639/845 842/648/850
f 837/639/845 843/640/851 842/648/850
f 840/638/848 843/640/851 837/639/845
f 840/638/848 844/637/852 843/640/851
f 2238/523/853 845/534/853 2237/524/853
f 2238/523/853 846/533/853 845/534/853
f 847/573/854 579/570/627 583/569/631
f 847/573/854 593/574/644 579/570/627
f 848/575/855 593/574/644 847/573/854
f 848/575/855 596/576/647 593/574/644
f 597/577/648 596/576/647 848/575/855
f 127/191/209 849/192/856 128/194/212
f 127/191/209 850/193/857 849/192/856
f 853/195/858 852/196/859 851/198/860
f 853/195/858 854/197/861 852/196/859
f 856/199/862 2239/200/863 855/202/864
f 856/199/862 2240/201/865 2239/200/863
f 137/203/221 2239/200/863 138/204/222
f 137/203/221 855/202/864 2239/200/863
f 139/205/223 851/198/860 140/206/224
f 139/205/223 853/195/858 851/198/860
f 859/207/866 858/208/867 857/210/868
f 859/207/866 860/209/869 858/208/867
f 145/211/229 860/209/869 146/212/230
f 145/211/229 858/208/867 860/209/869
f 2241/210/870 862/213/871 861/214/872
f 2241/210/870 2242/208/873 862/213/871
f 865/215/874 864/221/875 863/218/876
f 865/215/874 866/222/877 864/221/875
f 864/221/875 866/222/877 867/223/878
f 864/221/875 867/223/878 868/224/879
f 865/215/874 863/218/876 869/216/880
f 865/215/874 869/216/880 870/217/881
f 869/216/880 871/219/882 870/217/881
f 869/216/880 872/220/883 871/219/882
f 2145/212/245 873/225/884 160/226/248
f 2145/212/245 2243/209/885 873/225/884
f 854/197/861 875/227/886 874/228/887
f 854/197/861 853/195/858 875/227/886
f 876/229/888 874/228/887 875/227/886
f 876/229/888 875/227/886 877/230/889
f 876/229/888 877/230/889 878/231/890
f 876/229/888 878/231/890 879/232/891
f 167/233/255 877/230/889 875/227/886
f 167/233/255 168/234/256 877/230/889
f 139/205/223 167/233/255 875/227/886
f 139/205/223 875/227/886 853/195/858
f 169/235/257 877/230/889 168/234/256
f 169/235/257 878/231/890 877/230/889
f 128/194/212 878/231/890 169/235/257
f 128/194/212 849/192/856 878/231/890
f 879/232/891 878/231/890 2244/192/892
f 879/232/891 2244/192/892 880/236/893
f 849/192/856 881/237/894 880/236/893
f 849/192/856 850/193/857 881/237/894
f 873/225/895 2245/207/896 882/238/897
f 873/225/895 860/209/869 859/207/866
f 885/246/898 884/247/899 883/248/900
f 885/246/898 886/245/901 884/247/899
f 886/245/901 885/246/898 887/243/876
f 886/245/901 887/243/876 888/244/876
f 889/241/880 888/244/876 887/243/876
f 889/241/880 887/243/876 890/239/902
f 890/239/902 891/660/903 889/241/880
f 890/239/902 892/242/904 891/660/903
f 893/249/905 184/250/271 186/252/273
f 893/249/905 894/251/906 184/250/271
f 894/251/906 2246/249/907 895/253/908
f 894/251/906 895/253/908 896/254/909
f 895/253/908 245/255/338 242/256/335
f 895/253/908 893/249/905 245/255/338
f 191/257/278 245/255/338 893/249/905
f 191/257/278 893/249/905 186/252/273
f 894/251/906 192/258/279 184/250/271
f 894/251/906 2247/213/910 192/258/279
f 862/213/871 894/251/906 896/254/909
f 862/213/871 896/254/909 861/214/872
f 862/213/871 145/211/281 192/258/282
f 862/213/871 2242/208/873 145/211/281
f 899/259/911 898/260/912 897/262/913
f 899/259/911 900/261/914 898/260/912
f 898/260/912 900/261/914 901/263/915
f 901/263/915 900/261/914 902/264/916
f 902/264/916 900/261/914 899/259/911
f 901/263/915 902/264/916 903/265/917
f 903/265/917 904/266/918 901/263/915
f 903/265/917 905/267/919 904/266/918
f 898/260/912 901/263/915 906/268/920
f 901/263/915 907/269/921 906/268/920
f 901/263/915 904/266/918 907/269/921
f 902/264/916 899/259/911 908/270/922
f 367/306/453 910/307/923 909/309/924
f 367/306/453 368/308/452 910/307/923
f 909/309/924 910/307/923 911/310/925
f 699/311/755 911/310/925 910/307/923
f 699/311/755 910/307/923 697/312/753
f 2249/308/926 912/313/927 2248/307/928
f 2249/308/926 913/314/929 912/313/927
f 257/315/351 913/314/929 2249/308/926
f 257/315/351 256/316/352 913/314/929
f 916/317/930 915/318/931 914/320/932
f 916/317/930 917/319/933 915/318/931
f 263/321/357 917/319/933 916/317/930
f 263/321/357 262/322/357 917/319/933
f 2251/319/934 918/323/935 2250/318/936
f 2251/319/934 919/324/937 918/323/935
f 2156/322/362 919/324/937 2251/319/934
f 2156/322/362 266/325/363 919/324/937
f 919/324/937 920/326/938 918/323/935
f 919/324/937 921/327/939 920/326/938
f 266/325/363 921/327/939 919/324/937
f 266/325/363 269/328/366 921/327/939
f 2253/327/940 922/329/941 2252/326/941
f 2253/327/940 923/330/942 922/329/941
f 2159/328/371 923/330/942 2253/327/940
f 2159/328/371 272/331/372 923/330/942
f 925/332/943 2254/333/944 924/335/944
f 925/332/943 2255/334/945 2254/333/944
f 278/336/377 2255/334/945 925/332/943
f 278/336/377 277/337/377 2255/334/945
f 928/355/946 927/354/947 926/353/946
f 928/355/946 929/352/948 927/354/947
f 930/357/949 928/355/946 926/353/946
f 930/357/949 926/353/946 931/356/949
f 929/352/948 932/359/950 927/354/947
f 929/352/948 933/358/951 932/359/950
f 935/361/952 2256/356/952 934/360/953
f 935/361/952 2257/357/952 2256/356/952
f 938/362/418 937/363/419 936/365/954
f 938/362/418 939/364/420 937/363/419
f 936/365/954 937/363/419 940/366/955
f 936/365/954 940/366/955 941/367/956
f 942/368/957 939/364/420 938/362/418
f 942/368/957 943/369/425 939/364/420
f 944/370/957 943/369/425 942/368/957
f 944/370/957 945/371/425 943/369/425
f 945/371/425 946/372/425 943/369/425
f 945/371/425 947/373/425 946/372/425
f 944/370/957 942/368/957 948/374/958
f 951/367/959 950/363/959 949/365/960
f 951/367/959 952/366/959 950/363/959
f 949/365/960 950/363/959 953/364/961
f 949/365/960 953/364/961 954/362/962
f 953/364/961 955/368/963 954/362/962
f 953/364/961 956/369/964 955/368/963
f 955/368/963 956/369/964 957/370/965
f 955/368/963 957/370/965 958/374/966
f 957/370/965 956/369/964 959/371/967
f 956/369/964 960/373/967 959/371/967
f 956/369/964 961/372/967 960/373/967
f 964/378/968 963/377/968 962/376/969
f 964/378/968 965/375/968 963/377/968
f 907/269/921 367/306/453 909/309/924
f 907/269/921 904/266/918 367/306/453
f 904/266/918 2258/385/970 367/306/453
f 904/266/918 905/267/919 2258/385/970
f 2261/358/971 2260/376/971 2259/359/971
f 2261/358/971 2262/378/971 2260/376/971
f 968/381/972 967/382/438 966/379/972
f 968/381/972 969/380/973 967/382/438
f 970/384/974 968/381/972 966/379/972
f 970/384/974 966/379/972 971/383/975
f 2263/375/976 970/384/974 971/383/975
f 2263/375/976 971/383/975 2264/377/976
f 460/271/546 972/387/977 465/273/551
f 460/271/546 973/388/978 972/387/977
f 459/275/545 973/388/978 460/271/546
f 459/275/545 974/389/979 973/388/978
f 973/388/978 975/390/980 972/387/977
f 2265/388/981 976/391/982 975/390/983
f 2266/389/984 976/391/982 2265/388/981
f 2266/389/984 2267/392/985 976/391/982
f 978/394/986 977/393/987 2268/391/988
f 839/392/847 978/394/986 2268/391/988
f 839/392/847 838/395/846 978/394/986
f 978/394/986 838/395/846 836/396/844
f 978/394/986 836/396/844 979/397/989
f 979/397/989 836/396/844 834/398/842
f 979/397/989 834/398/842 980/399/990
f 980/399/990 834/398/842 833/400/841
f 980/399/990 833/400/841 981/401/991
f 384/402/474 980/399/990 981/401/991
f 980/399/990 384/402/474 982/403/992
f 980/399/990 982/403/992 979/397/989
f 384/402/474 981/401/991 386/404/476
f 983/405/993 978/394/986 979/397/989
f 979/397/989 982/403/992 983/405/993
f 983/405/993 984/406/994 978/394/986
f 977/393/987 978/394/986 984/406/994
f 976/391/982 977/393/987 975/390/983
f 985/408/995 391/409/481 393/411/425
f 985/408/995 986/410/996 391/409/481
f 987/412/967 986/410/996 985/408/995
f 987/412/967 988/413/997 986/410/996
f 986/410/998 397/414/484 2269/409/999
f 986/410/998 989/415/1000 397/414/484
f 988/413/1001 989/415/1000 2270/410/1002
f 988/413/1001 990/416/1003 989/415/1000
f 397/414/484 989/415/1000 991/417/1004
f 397/414/484 991/417/1004 400/418/490
f 989/415/1000 992/419/1005 991/417/1004
f 989/415/1000 990/416/1003 992/419/1005
f 400/418/490 993/420/1006 403/421/493
f 400/418/490 991/417/1004 993/420/1006
f 991/417/1004 994/422/1007 993/420/1006
f 991/417/1004 992/419/1005 994/422/1007
f 995/423/1008 406/424/496 408/426/498
f 995/423/1008 996/425/1009 406/424/496
f 997/427/1010 996/425/1009 995/423/1008
f 997/427/1010 998/428/1011 996/425/1009
f 997/427/1010 999/429/1012 998/428/1011
f 997/427/1010 1000/430/1013 999/429/1012
f 1000/430/1013 413/431/503 999/429/1012
f 1000/430/1013 414/432/504 413/431/503
f 2184/424/505 1001/433/1014 416/434/508
f 2184/424/505 2271/425/1015 1001/433/1014
f 2271/425/1015 1002/435/1016 1001/433/1014
f 2271/425/1015 2272/428/1017 1002/435/1016
f 2273/429/1018 1002/435/1016 2272/428/1017
f 2273/429/1018 1003/436/1019 1002/435/1016
f 2187/431/513 1003/436/1019 2273/429/1018
f 2187/431/513 419/437/514 1003/436/1019
f 1006/470/967 1005/472/967 1004/471/967
f 1006/470/967 1004/471/967 1007/473/967
f 1006/470/967 1007/473/967 1008/474/967
f 1008/474/967 1007/473/967 1009/475/967
f 1006/470/967 1010/476/1020 1005/472/967
f 1011/477/1021 1010/476/1020 1006/470/967
f 1012/478/1022 1010/476/1020 1011/477/1021
f 1012/478/1022 1013/479/1023 1010/476/1020
f 1014/480/1024 1013/479/1023 1012/478/1022
f 1014/480/1024 1015/481/967 1013/479/1023
f 1013/479/1023 1015/481/967 1016/482/967
f 1015/481/967 1017/483/967 1016/482/967
f 1016/482/967 1017/483/967 1018/484/967
f 1016/482/967 1018/484/967 1019/485/967
f 1019/485/967 1018/484/967 1020/486/967
f 1019/485/967 1020/486/967 1021/487/967
f 1021/487/967 1022/488/967 1019/485/967
f 1021/487/967 1023/489/967 1022/488/967
f 1022/488/967 1023/489/967 1024/490/967
f 1022/488/967 1024/490/967 1025/491/967
f 1025/491/967 1024/490/967 1026/492/967
f 1025/491/967 1026/492/967 1027/493/967
f 1025/491/967 1027/493/967 1028/494/967
f 1029/495/1025 1021/487/967 1020/486/967
f 1029/495/1025 1030/496/1026 1021/487/967
f 1029/495/1025 1031/497/1027 1030/496/1026
f 1031/497/1027 1032/498/1028 1030/496/1026
f 1033/499/1029 1032/498/1028 1031/497/1027
f 1033/499/1029 1031/497/1027 1034/500/1030
f 1033/499/1029 1034/500/1030 1035/501/1031
f 1028/494/967 1027/493/967 1036/502/967
f 1028/494/967 1036/502/967 1037/503/967
f 1038/504/967 1037/503/967 1036/502/967
f 1039/505/967 1037/503/967 1038/504/967
f 1039/505/967 1040/506/967 1037/503/967
f 1040/506/967 1039/505/967 1041/507/967
f 1040/506/967 1041/507/967 1042/508/967
f 1042/508/967 1041/507/967 1043/509/967
f 1042/508/967 1043/509/967 1044/510/967
f 1042/508/967 1044/510/967 1045/511/967
f 1045/511/967 1044/510/967 1046/512/967
f 1045/511/967 1046/512/967 1047/513/967
f 1047/513/967 1046/512/967 1048/514/967
f 1047/513/967 1048/514/967 1049/515/967
f 1042/508/967 1045/511/967 1050/516/967
f 1053/442/1032 1052/443/1033 1051/444/1034
f 1053/442/1032 1054/441/1035 1052/443/1033
f 1055/438/1036 1054/441/1035 1053/442/1032
f 1051/444/1034 1052/443/1033 1056/445/1037
f 1051/444/1034 1056/445/1037 1057/446/1038
f 1060/525/1039 1059/526/1040 1058/528/1041
f 1060/525/1039 1061/527/1042 1059/526/1040
f 1058/528/1041 1059/526/1040 1062/529/1043
f 1058/528/1041 1062/529/1043 1063/530/1044
f 1063/530/1044 1062/529/1043 1064/531/1045
f 1065/532/1046 1057/446/1038 1056/445/1037
f 1001/433/1014 545/535/589 416/434/508
f 1001/433/1014 1066/536/1047 545/535/589
f 1002/435/1016 1066/536/1047 1001/433/1014
f 1002/435/1016 1067/537/1048 1066/536/1047
f 1066/536/1047 547/538/592 545/535/589
f 1066/536/1047 1068/539/1049 547/538/592
f 1067/537/1048 1068/539/1049 1066/536/1047
f 1067/537/1048 1069/540/1050 1068/539/1049
f 1068/539/1049 550/541/595 547/538/592
f 1068/539/1049 1070/542/1051 550/541/595
f 1069/540/1050 1070/542/1051 1068/539/1049
f 1069/540/1050 1071/543/1052 1070/542/1051
f 1070/542/1051 1072/544/1053 550/541/595
f 2274/541/1054 1072/544/1055 554/545/599
f 1072/544/1055 1073/546/1056 554/545/599
f 554/545/599 1073/546/1056 556/547/601
f 2276/435/1057 1074/548/1058 2275/537/1059
f 2276/435/1057 1003/436/1019 1074/548/1058
f 1003/436/1019 558/549/605 1074/548/1058
f 1003/436/1019 419/437/514 558/549/605
f 1074/548/1058 558/549/605 559/550/606
f 1074/548/1058 559/550/606 1075/551/1060
f 2275/537/1059 1075/551/1060 2277/540/1061
f 2275/537/1059 1074/548/1058 1075/551/1060
f 1075/551/1060 559/550/606 561/552/609
f 1075/551/1060 561/552/609 1076/553/1062
f 2277/540/1061 1076/553/1062 1071/543/1052
f 2277/540/1061 1075/551/1060 1076/553/1062
f 1071/543/1052 1076/553/1062 1077/554/1063
f 1071/543/1052 1077/554/1063 1078/555/1064
f 1076/553/1062 561/552/609 1079/556/1065
f 2278/552/1066 566/557/614 1079/556/1067
f 1079/556/1067 566/557/614 1080/558/1068
f 566/557/614 568/559/616 1080/558/1068
f 1071/543/1052 1078/555/1064 1081/561/1069
f 1071/543/1052 1081/561/1069 1070/542/1051
f 1078/555/1064 1082/562/1070 1081/561/1069
f 1078/555/1064 1083/563/1071 1082/562/1070
f 1078/555/1064 1077/554/1063 1084/560/1072
f 1078/555/1064 1084/560/1072 1083/563/1071
f 1085/573/1073 589/570/638 590/569/639
f 1085/573/1073 1086/574/1074 589/570/638
f 1087/575/1075 1086/574/1074 1085/573/1073
f 1087/575/1075 1088/576/1076 1086/574/1074
f 1089/577/1077 1088/576/1076 1087/575/1075
f 600/578/649 1091/579/1078 1090/581/1079
f 600/578/649 598/580/651 1091/579/1078
f 1092/582/1080 852/196/859 854/197/861
f 1092/582/1080 1093/583/1081 852/196/859
f 856/199/862 2279/291/1082 2240/201/865
f 856/199/862 1094/584/1083 2279/291/1082
f 605/585/657 2279/291/1082 1094/584/1083
f 605/585/657 2208/292/658 2279/291/1082
f 607/586/659 1093/583/1081 1092/582/1080
f 607/586/659 606/587/660 1093/583/1081
f 859/207/866 1096/588/1084 1095/589/1085
f 859/207/866 857/210/868 1096/588/1084
f 611/590/663 1095/589/1085 1096/588/1084
f 611/590/663 610/591/664 1095/589/1085
f 2241/210/870 1097/592/1086 2280/588/1087
f 2241/210/870 861/214/872 1097/592/1086
f 2210/591/667 1098/593/1088 2281/589/1089
f 2210/591/667 613/594/669 1098/593/1088
f 854/197/861 1099/595/1090 1092/582/1080
f 854/197/861 874/228/887 1099/595/1090
f 876/229/888 1099/595/1090 874/228/887
f 876/229/888 1100/596/1091 1099/595/1090
f 876/229/888 1101/597/1092 1100/596/1091
f 876/229/888 879/232/891 1101/597/1092
f 618/598/674 1099/595/1090 1100/596/1091
f 618/598/674 1100/596/1091 619/599/675
f 607/586/659 1099/595/1090 618/598/674
f 607/586/659 1092/582/1080 1099/595/1090
f 620/600/676 1100/596/1091 1101/597/1092
f 620/600/676 619/599/675 1100/596/1091
f 598/580/651 620/600/676 1101/597/1092
f 598/580/651 1101/597/1092 1091/579/1078
f 879/232/891 2282/579/1093 1101/597/1092
f 879/232/891 880/236/893 2282/579/1093
f 1091/579/1078 881/237/894 1090/581/1079
f 1091/579/1078 880/236/893 881/237/894
f 1098/593/1088 882/238/897 2245/207/896
f 1098/593/1088 2245/207/896 1095/589/1085
f 1103/601/1094 622/602/680 1102/604/1095
f 1103/601/1094 621/603/681 622/602/680
f 1102/604/1095 895/253/908 1103/601/1094
f 1102/604/1095 896/254/909 895/253/908
f 895/253/908 241/302/334 1103/601/1094
f 895/253/908 242/256/335 241/302/334
f 237/303/330 1103/601/1094 241/302/334
f 237/303/330 621/603/681 1103/601/1094
f 1102/604/1095 625/605/685 2283/592/1096
f 1102/604/1095 622/602/680 625/605/685
f 1097/592/1086 896/254/909 1102/604/1095
f 1097/592/1086 2284/214/1097 896/254/909
f 1097/592/1086 611/590/688 2280/588/1087
f 1097/592/1086 625/605/689 611/590/688
f 1106/606/1098 1105/607/1099 1104/609/1100
f 1106/606/1098 1107/608/1101 1105/607/1099
f 1105/607/1099 1108/610/1102 1104/609/1100
f 1108/610/1102 1109/611/1103 1104/609/1100
f 1109/611/1103 1106/606/1098 1104/609/1100
f 1108/610/1102 1110/612/1104 1109/611/1103
f 1110/612/1104 1108/610/1102 1111/613/1105
f 1110/612/1104 1111/613/1105 1112/614/1106
f 1105/607/1099 1113/615/1107 1108/610/1102
f 1108/610/1102 1113/615/1107 1114/616/1108
f 1108/610/1102 1114/616/1108 1111/613/1105
f 1109/611/1103 1115/617/1109 1106/606/1098
f 2285/312/1110 912/313/927 1116/618/1111
f 2285/312/1110 2248/307/928 912/313/927
f 639/619/704 1116/618/1111 640/620/705
f 639/619/704 2285/312/1110 1116/618/1111
f 1118/621/1112 915/318/931 1117/622/1113
f 1118/621/1112 914/320/932 915/318/931
f 643/623/708 1117/622/1113 644/624/708
f 643/623/708 1118/621/1112 1117/622/1113
f 2286/622/1114 918/323/935 1119/625/1115
f 2286/622/1114 2250/318/936 918/323/935
f 2218/624/711 1119/625/1115 646/626/712
f 2218/624/711 2286/622/1114 1119/625/1115
f 1119/625/1115 920/326/938 1120/627/1116
f 1119/625/1115 918/323/935 920/326/938
f 646/626/712 1120/627/1116 648/628/714
f 646/626/712 1119/625/1115 1120/627/1116
f 2287/627/1117 922/329/941 1121/629/1118
f 2287/627/1117 2252/326/941 922/329/941
f 2220/628/717 1121/629/1118 650/630/718
f 2220/628/717 2287/627/1117 1121/629/1118
f 1122/631/1119 2254/333/944 2288/348/1120
f 1122/631/1119 924/335/944 2254/333/944
f 652/632/721 2288/348/1120 2222/350/722
f 652/632/721 1122/631/1119 2288/348/1120
f 1125/362/727 1124/363/728 1123/364/730
f 1125/362/727 1126/365/1121 1124/363/728
f 1126/365/1121 1127/366/1122 1124/363/728
f 1126/365/1121 1128/367/1123 1127/366/1122
f 1129/368/1124 1125/362/727 1123/364/730
f 1129/368/1124 1123/364/730 1130/369/734
f 1131/370/1124 1129/368/1124 1130/369/734
f 1131/370/1124 1130/369/734 1132/371/734
f 1132/371/734 1130/369/734 1133/372/734
f 1132/371/734 1133/372/734 1134/373/734
f 1131/370/1124 1135/374/1125 1129/368/1124
f 1138/367/1126 1137/363/1127 1136/366/1126
f 1138/367/1126 1139/365/1128 1137/363/1127
f 1139/365/1128 1140/364/1129 1137/363/1127
f 1139/365/1128 1141/362/1130 1140/364/1129
f 1140/364/1129 1141/362/1130 1142/368/1131
f 1140/364/1129 1142/368/1131 1143/369/967
f 1142/368/1131 1144/370/1132 1143/369/967
f 1142/368/1131 1145/374/1133 1144/370/1132
f 1144/370/1132 1146/371/967 1143/369/967
f 1143/369/967 1146/371/967 1147/373/967
f 1143/369/967 1147/373/967 1148/372/967
f 1114/616/1108 699/311/755 1111/613/1105
f 1114/616/1108 911/310/925 699/311/755
f 1111/613/1105 699/311/755 2289/633/1134
f 1111/613/1105 2289/633/1134 1112/614/1106
f 468/286/554 1150/635/1135 1149/636/1136
f 468/286/554 472/295/558 1150/635/1135
f 459/275/545 468/286/554 1149/636/1136
f 459/275/545 1149/636/1136 974/389/979
f 2291/636/1137 844/637/1138 2290/638/1139
f 1149/636/1136 1150/635/1135 844/637/852
f 2266/389/984 2290/638/1139 2267/392/985
f 2266/389/984 2291/636/1137 2290/638/1139
f 1152/649/1140 715/650/774 1151/652/1141
f 1152/649/1140 714/651/775 715/650/774
f 987/412/967 1152/649/1140 1151/652/1141
f 987/412/967 1151/652/1141 988/413/997
f 1151/652/1141 718/653/777 1153/654/1142
f 1151/652/1141 2292/650/1143 718/653/777
f 2294/413/1144 2293/652/1145 1153/654/1142
f 2294/413/1144 1153/654/1142 990/416/1003
f 718/653/777 1154/655/1146 1153/654/1142
f 718/653/777 721/656/782 1154/655/1146
f 1153/654/1142 992/419/1005 990/416/1003
f 1153/654/1142 1154/655/1146 992/419/1005
f 721/656/782 1155/657/1147 1154/655/1146
f 721/656/782 722/658/784 1155/657/1147
f 1154/655/1146 1155/657/1147 994/422/1007
f 1154/655/1146 994/422/1007 992/419/1005
f 1158/470/967 1157/471/967 1156/472/967
f 1158/470/967 1159/473/967 1157/471/967
f 1158/470/967 1160/474/967 1159/473/967
f 1160/474/967 1161/475/967 1159/473/967
f 1158/470/967 1156/472/967 1162/476/1148
f 1163/477/1149 1158/470/967 1162/476/1148
f 1164/478/961 1163/477/1149 1162/476/1148
f 1164/478/961 1162/476/1148 1165/479/1150
f 1166/480/876 1164/478/961 1165/479/1150
f 1166/480/876 1165/479/1150 1167/481/967
f 1165/479/1150 1168/482/967 1167/481/967
f 1167/481/967 1168/482/967 1169/483/967
f 1168/482/967 1170/484/967 1169/483/967
f 1168/482/967 1171/485/967 1170/484/967
f 1171/485/967 1172/486/967 1170/484/967
f 1171/485/967 1173/487/964 1172/486/967
f 1173/487/964 1171/485/967 1174/488/967
f 1173/487/964 1174/488/967 1175/489/967
f 1174/488/967 1176/490/967 1175/489/967
f 1174/488/967 1177/491/967 1176/490/967
f 1177/491/967 1178/492/967 1176/490/967
f 1177/491/967 1179/493/967 1178/492/967
f 1177/491/967 1180/494/967 1179/493/967
f 1181/495/1151 1172/486/967 1173/487/964
f 1181/495/1151 1173/487/964 1182/496/1152
f 1181/495/1151 1182/496/1152 1183/497/1153
f 1183/497/1153 1182/496/1152 1184/498/1154
f 1185/499/1155 1183/497/1153 1184/498/1154
f 1185/499/1155 1186/500/1156 1183/497/1153
f 1185/499/1155 1187/501/1157 1186/500/1156
f 1180/494/967 1188/502/967 1179/493/967
f 1180/494/967 1189/503/967 1188/502/967
f 1190/504/967 1188/502/967 1189/503/967
f 1191/505/967 1190/504/967 1189/503/967
f 1191/505/967 1189/503/967 1192/506/967
f 1192/506/967 1193/507/967 1191/505/967
f 1192/506/967 1194/508/967 1193/507/967
f 1194/508/967 1195/509/967 1193/507/967
f 1194/508/967 1196/510/967 1195/509/967
f 1194/508/967 1197/511/967 1196/510/967
f 1197/511/967 1198/512/967 1196/510/967
f 1197/511/967 1199/513/967 1198/512/967
f 1199/513/967 1200/514/967 1198/512/967
f 1199/513/967 1201/515/967 1200/514/967
f 1194/508/967 1202/516/967 1197/511/967
f 1205/525/1158 1204/526/1159 1203/527/1160
f 1205/525/1158 1206/528/1041 1204/526/1159
f 1206/528/1041 1207/529/1161 1204/526/1159
f 1206/528/1041 1208/530/1162 1207/529/1161
f 1208/530/1162 1209/531/1163 1207/529/1161
f 1210/532/1164 731/445/791 732/446/792
f 1211/564/1165 586/565/634 585/566/633
f 1211/564/1165 1212/567/1166 586/565/634
f 582/568/630 1211/564/1165 585/566/633
f 582/568/630 1213/569/1167 1211/564/1165
f 589/570/638 1213/569/1167 582/568/630
f 589/570/638 582/568/630 580/571/536
f 2204/565/636 2295/567/1168 588/572/636
f 1214/573/1169 589/570/638 1086/574/1074
f 1214/573/1169 2296/569/1170 589/570/638
f 1215/575/1171 1214/573/1169 1086/574/1074
f 1215/575/1171 1086/574/1074 1088/576/1076
f 1089/577/1077 1215/575/1171 1088/576/1076
f 1218/661/1172 1217/662/1173 1216/663/1174
f 1218/661/1172 1219/664/1175 1217/662/1173
f 2298/661/1176 2297/663/1177 1220/665/1178
f 2298/661/1176 1220/665/1178 1221/666/1179
f 1216/663/1174 1222/667/1180 1220/665/1178
f 1216/663/1174 1223/668/1181 1222/667/1180
f 1217/662/1173 1223/668/1181 1216/663/1174
f 1223/668/1181 1224/669/1182 1222/667/1180
f 2299/668/1183 1225/670/1183 1224/669/1184
f 1226/671/1185 2300/670/1186 1223/668/1181
f 1223/668/1181 1217/662/1173 1226/671/1185
f 2300/670/1186 1227/672/1187 2301/669/1188
f 2300/670/1186 1228/673/1189 1227/672/1187
f 1228/673/1189 1229/674/1190 1227/672/1187
f 1228/673/1189 1230/675/1191 1229/674/1190
f 1231/676/1192 1230/675/1191 1228/673/1189
f 1226/671/1185 1231/676/1192 2300/670/1186
f 1231/676/1192 1228/673/1189 2300/670/1186
f 1231/676/1192 1232/677/1193 1230/675/1191
f 1230/675/1191 1233/678/1194 1229/674/1190
f 1230/675/1191 1234/679/1195 1233/678/1194
f 1232/677/1193 1234/679/1195 1230/675/1191
f 1234/679/1195 1235/680/1196 1233/678/1194
f 1234/679/1195 1236/681/1197 1235/680/1196
f 1236/681/1197 1237/682/1198 1235/680/1196
f 1236/681/1197 1238/683/1199 1237/682/1198
f 2303/681/1200 1239/684/1201 2302/683/1202
f 1236/681/1197 1234/679/1195 1240/685/1203
f 1232/677/1193 1240/685/1203 1234/679/1195
f 2303/681/1200 1240/685/1203 1241/686/1204
f 1239/684/1201 2303/681/1200 1241/686/1204
f 1241/686/1204 1240/685/1203 1242/687/1205
f 1241/686/1204 1242/687/1205 1243/688/1206
f 1243/688/1206 1239/684/1201 1241/686/1204
f 1243/688/1206 1244/689/1207 1239/684/1201
f 1245/690/1208 1239/684/1201 1244/689/1207
f 1246/691/1209 1245/690/1208 1244/689/1207
f 1246/691/1209 1247/692/1210 1245/690/1208
f 1245/690/1208 1248/693/1211 1239/684/1201
f 1244/689/1207 1249/694/1212 1246/691/1209
f 1244/689/1207 1243/688/1206 1249/694/1212
f 1243/688/1206 1250/695/1213 1249/694/1212
f 1243/688/1206 1242/687/1205 1250/695/1213
f 1242/687/1205 1251/696/1214 1250/695/1213
f 1242/687/1205 1252/697/1215 1251/696/1214
f 1252/697/1215 1253/698/1216 1251/696/1214
f 1252/697/1215 1254/699/1217 1253/698/1216
f 1254/699/1217 1242/687/1205 1240/685/1203
f 1254/699/1217 1252/697/1215 1242/687/1205
f 1254/699/1217 1255/700/1218 1253/698/1216
f 2305/700/1219 2304/699/1220 1256/701/1219
f 1254/699/1217 1257/702/1221 2306/701/1222
f 1245/690/1208 1247/692/1210 1258/703/1223
f 1258/703/1223 1248/693/1211 1245/690/1208
f 2307/703/1224 1259/704/1224 1248/693/1211
f 1260/705/1225 2309/693/1226 2308/704/1227
f 2310/684/1228 2309/693/1226 1260/705/1225
f 1232/677/1193 1254/699/1217 1240/685/1203
f 1254/699/1217 2311/677/1229 1257/702/1221
f 2306/701/1222 1257/702/1221 1261/706/1230
f 1261/706/1230 1257/702/1221 2311/677/1229
f 2311/677/1229 2312/676/1231 1261/706/1230
f 1261/706/1232 1231/676/1192 1262/707/1233
f 1231/676/1192 1263/708/1234 1262/707/1233
f 1231/676/1192 1226/671/1185 1263/708/1234
f 1226/671/1185 1264/709/1235 1263/708/1234
f 1226/671/1185 1217/662/1173 1264/709/1235
f 1217/662/1173 1265/710/1236 1264/709/1235
f 1217/662/1173 1219/664/1175 1265/710/1236
f 1268/711/1237 1267/712/1238 1266/713/1239
f 2314/713/1240 2313/712/1241 1269/714/1242
f 2314/713/1240 1269/714/1242 1270/715/1243
f 1271/716/1244 1266/713/1239 2315/715/1245
f 1272/717/1246 1266/713/1239 1271/716/1244
f 1273/718/1247 1272/717/1248 2316/716/1249
f 1273/718/1247 1274/719/1250 1272/717/1248
f 1274/719/1250 1273/718/1247 1275/720/1251
f 1274/719/1250 1275/720/1251 1276/721/1252
f 1277/722/1253 1274/719/1250 1276/721/1252
f 1272/717/1248 1274/719/1250 1277/722/1253
f 1278/723/1254 1272/717/1246 2317/722/1255
f 2317/722/1255 1279/724/1256 1278/723/1254
f 1278/723/1254 1280/725/1257 1272/717/1246
f 1272/717/1246 1280/725/1257 1266/713/1239
f 1280/725/1257 1268/711/1237 1266/713/1239
f 1278/723/1254 1279/724/1256 1281/726/1258
f 1278/723/1254 1281/726/1258 1282/727/1259
f 1280/725/1257 1278/723/1254 1282/727/1259
f 2318/724/1260 1277/722/1253 1283/728/1261
f 1277/722/1253 1276/721/1252 1283/728/1261
f 2318/724/1260 1283/728/1261 1284/729/1262
f 1279/724/1263 1284/729/1262 1285/730/1264
f 1273/718/1247 1286/731/1265 1275/720/1251
f 1273/718/1247 1287/732/1266 1286/731/1265
f 1287/732/1266 1288/733/1267 1286/731/1265
f 1287/732/1266 1289/734/1268 1288/733/1267
f 1289/734/1268 1287/732/1266 1290/735/1269
f 1289/734/1268 1290/735/1269 1291/736/1270
f 1291/736/1270 2319/735/1271 1292/737/1272
f 1291/736/1270 1292/737/1272 1293/738/1273
f 2321/734/1274 1294/739/1275 2320/733/1276
f 1294/739/1275 1295/740/1277 2320/733/1276
f 1294/739/1275 1296/741/1278 1295/740/1277
f 1297/742/1279 1291/736/1270 1293/738/1273
f 1289/734/1268 1291/736/1270 1297/742/1279
f 1298/743/1280 2322/734/1281 1297/742/1279
f 2322/734/1281 1298/743/1280 2323/739/1282
f 1297/742/1279 1293/738/1273 1299/744/1283
f 1300/745/1284 1297/742/1279 1299/744/1283
f 1301/746/1285 1297/742/1279 1300/745/1284
f 1301/746/1285 1298/743/1280 1297/742/1279
f 2302/683/1202 1301/746/1285 1300/745/1284
f 1300/745/1284 1302/747/1286 2302/683/1202
f 1298/743/1280 1301/746/1285 1303/748/1287
f 1300/745/1284 1299/744/1283 1304/749/1288
f 1302/747/1286 1300/745/1284 1304/749/1288
f 1302/747/1286 1304/749/1288 1305/750/1289
f 1306/751/1290 2302/683/1202 1302/747/1286
f 1306/751/1290 1302/747/1286 1307/752/1291
f 1307/752/1291 1302/747/1286 1305/750/1289
f 1306/751/1290 1307/752/1291 1308/753/1292
f 1301/746/1285 2302/683/1202 1239/684/1201
f 1301/746/1293 2324/684/1294 1309/754/1295
f 1303/748/1287 2325/746/1296 1309/754/1295
f 2324/684/1294 1310/755/1297 1309/754/1295
f 2310/684/1228 1260/705/1225 2326/755/1298
f 1311/756/1299 1298/743/1280 1303/748/1287
f 1298/743/1280 1311/756/1299 2323/739/1282
f 1311/756/1299 2327/741/1300 2323/739/1282
f 1311/756/1299 1312/757/1301 2327/741/1300
f 1313/758/1302 1312/757/1301 1311/756/1299
f 1313/758/1302 1311/756/1299 1314/759/1303
f 1311/756/1299 1303/748/1287 1314/759/1303
f 2327/741/1300 1312/757/1301 1315/760/1304
f 1315/760/1304 1312/757/1301 1313/758/1302
f 1295/740/1277 1296/741/1278 2328/760/1305
f 1295/740/1277 2328/760/1305 1316/761/1306
f 2328/760/1305 1317/762/1307 1316/761/1306
f 1315/760/1308 1318/763/1309 1317/762/1307
f 2329/763/1310 1315/760/1304 1319/764/1311
f 1315/760/1304 1313/758/1302 1319/764/1311
f 1268/711/1237 1321/765/1312 1320/766/1313
f 1268/711/1237 1280/725/1257 1321/765/1312
f 1280/725/1257 1282/727/1259 1321/765/1312
f 1267/712/1238 1268/711/1237 1320/766/1313
f 1267/712/1238 1320/766/1313 1322/767/1314
f 1323/768/1315 1267/712/1238 1322/767/1314
f 1323/768/1315 1322/767/1314 1324/769/1316
f 1323/768/1315 1324/769/1316 1325/770/1317
f 2313/712/1241 2331/768/1318 2330/770/1319
f 2313/712/1241 2330/770/1319 1269/714/1242
f 2332/683/1320 1327/771/1321 1326/772/1322
f 1327/771/1323 2302/683/1202 1306/751/1290
f 1306/751/1290 2333/753/1324 1327/771/1323
f 2315/715/1245 2319/735/1271 1271/716/1244
f 2315/715/1245 1292/737/1272 2319/735/1271
f 2316/716/1249 1290/735/1269 1287/732/1266
f 2316/716/1249 1287/732/1266 1273/718/1247
f 1330/661/1325 1329/662/1326 1328/664/1327
f 1330/661/1325 1331/663/1328 1329/662/1326
f 2335/661/1329 1220/665/1178 2334/663/1330
f 2335/661/1329 1221/666/1179 1220/665/1178
f 1331/663/1328 2337/665/1331 2336/667/1332
f 1331/663/1328 2336/667/1332 1332/668/1333
f 1329/662/1326 1331/663/1328 1332/668/1333
f 1332/668/1333 2336/667/1332 1224/669/1182
f 2338/668/1334 1224/669/1335 1333/670/1334
f 1334/671/1336 1332/668/1333 2339/670/1337
f 1332/668/1333 1334/671/1336 1329/662/1326
f 2339/670/1337 2341/669/1338 2340/672/1339
f 2339/670/1337 2340/672/1339 1335/673/1340
f 1335/673/1340 2340/672/1339 2342/674/1341
f 1335/673/1340 2342/674/1341 1336/675/1342
f 1337/676/1343 1335/673/1340 1336/675/1342
f 1334/671/1336 2339/670/1337 1337/676/1343
f 1337/676/1343 2339/670/1337 1335/673/1340
f 1337/676/1343 1336/675/1342 1338/677/1344
f 1336/675/1342 2342/674/1341 2343/678/1345
f 1336/675/1342 2343/678/1345 1339/679/1346
f 1338/677/1344 1336/675/1342 1339/679/1346
f 1339/679/1346 2343/678/1345 2344/680/1347
f 1339/679/1346 1235/680/1196 1340/681/1348
f 1340/681/1348 1235/680/1196 1237/682/1198
f 1340/681/1348 1237/682/1198 1341/683/1349
f 1340/681/1348 1342/685/1350 1339/679/1346
f 1338/677/1344 1339/679/1346 1342/685/1350
f 1343/699/1351 1338/677/1344 1342/685/1350
f 2345/681/1352 1344/686/1353 1342/685/1350
f 2345/681/1352 1345/684/1354 1344/686/1353
f 1345/684/1354 2345/681/1352 2346/683/1355
f 2346/683/1355 1346/746/1356 1345/684/1354
f 1346/746/1357 2348/754/1358 2347/684/1359
f 2349/746/1360 1303/748/1287 2348/754/1361
f 1344/686/1353 1347/687/1362 1342/685/1350
f 1343/699/1351 1342/685/1350 1347/687/1362
f 1344/686/1353 1348/688/1363 1347/687/1362
f 1348/688/1363 1344/686/1353 1345/684/1354
f 1348/688/1363 1345/684/1354 1349/689/1364
f 1345/684/1354 1350/690/1365 1349/689/1364
f 1350/690/1365 1246/691/1209 1349/689/1364
f 1350/690/1365 1247/692/1210 1246/691/1209
f 1345/684/1354 1351/693/1366 1350/690/1365
f 1349/689/1364 1249/694/1212 1348/688/1363
f 1349/689/1364 1246/691/1209 1249/694/1212
f 1348/688/1363 2350/695/1367 1347/687/1362
f 1348/688/1363 1249/694/1212 1250/695/1213
f 1347/687/1362 2350/695/1367 2351/696/1368
f 1347/687/1362 2351/696/1368 1352/697/1369
f 1352/697/1369 2351/696/1368 1253/698/1370
f 1343/699/1351 1352/697/1369 2352/698/1371
f 1343/699/1351 1347/687/1362 1352/697/1369
f 2353/700/1372 1343/699/1351 2352/698/1371
f 2354/699/1373 2305/700/1219 1256/701/1219
f 1343/699/1351 2306/701/1222 1353/702/1374
f 1258/703/1223 1247/692/1210 1350/690/1365
f 1350/690/1365 1351/693/1366 2355/703/1375
f 2355/703/1375 1351/693/1366 2356/704/1376
f 2357/693/1377 1260/705/1225 2308/704/1227
f 2358/684/1378 1260/705/1225 2357/693/1377
f 1353/702/1374 1261/706/1230 2359/677/1379
f 2359/677/1379 1261/706/1230 2360/676/1380
f 1337/676/1343 2362/706/1381 2361/707/1382
f 1337/676/1343 2361/707/1382 2363/708/1383
f 1337/676/1343 2363/708/1383 1334/671/1336
f 1334/671/1336 2363/708/1383 2364/709/1384
f 1334/671/1336 2364/709/1384 1329/662/1326
f 1329/662/1326 2364/709/1384 2365/710/1385
f 1329/662/1326 2365/710/1385 1328/664/1327
f 1353/702/1374 2306/701/1222 1261/706/1230
f 2359/677/1379 1343/699/1351 1353/702/1374
f 1356/773/1386 1355/713/1387 1354/712/1388
f 2368/713/1389 2367/714/1390 2366/712/1391
f 2368/713/1392 1270/715/1243 1269/714/1242
f 1357/716/1393 2369/715/1394 1355/713/1387
f 1358/717/1395 1357/716/1393 1355/713/1387
f 1359/718/1396 2370/716/1397 1358/717/1398
f 1359/718/1396 1358/717/1398 1360/719/1399
f 1360/719/1399 2371/720/1400 1359/718/1396
f 1360/719/1399 2372/721/1401 2371/720/1400
f 1361/722/1402 2372/721/1401 1360/719/1399
f 1358/717/1398 1361/722/1402 1360/719/1399
f 1362/723/1403 2373/722/1404 1358/717/1395
f 2373/722/1404 1362/723/1403 1363/724/1405
f 1362/723/1403 1358/717/1395 1364/725/1406
f 1358/717/1395 1355/713/1387 1364/725/1406
f 1355/713/1387 1356/773/1386 1364/725/1406
f 1362/723/1403 2374/726/1407 1363/724/1405
f 1362/723/1403 2375/727/1408 2374/726/1407
f 1364/725/1406 2375/727/1408 1362/723/1403
f 2377/724/1409 2376/728/1410 1361/722/1402
f 1361/722/1402 2376/728/1410 2372/721/1401
f 2377/724/1409 2378/729/1411 2376/728/1410
f 1363/724/1412 2379/730/1413 2378/729/1414
f 1359/718/1396 2371/720/1400 2380/731/1415
f 1359/718/1396 2380/731/1415 1365/732/1416
f 1365/732/1416 2380/731/1415 1288/733/1417
f 1365/732/1416 1288/733/1417 1366/734/1418
f 1366/734/1418 1367/735/1419 1365/732/1416
f 1366/734/1418 1368/736/1420 1367/735/1419
f 1368/736/1420 2382/737/1421 2381/735/1422
f 1368/736/1420 2383/738/1423 2382/737/1421
f 2385/734/1424 2384/733/1425 1369/739/1426
f 1370/774/1427 2387/734/1428 2386/739/1429
f 1369/739/1426 2384/733/1425 1295/740/1277
f 1369/739/1426 1295/740/1277 1371/741/1430
f 1372/742/1431 2383/738/1423 1368/736/1420
f 1372/742/1431 1368/736/1420 1366/734/1418
f 2387/734/1428 1370/774/1427 1372/742/1431
f 1346/746/1356 1372/742/1431 1370/774/1427
f 1372/742/1431 2388/744/1432 2383/738/1423
f 1373/745/1433 2388/744/1432 1372/742/1431
f 1346/746/1356 1373/745/1433 1372/742/1431
f 1373/745/1433 2389/749/1434 2388/744/1432
f 1374/747/1435 2389/749/1434 1373/745/1433
f 1373/745/1433 2346/683/1355 1374/747/1435
f 1346/746/1356 2346/683/1355 1373/745/1433
f 1374/747/1435 2390/750/1436 2389/749/1434
f 2369/715/1394 2381/735/1422 2382/737/1421
f 2369/715/1394 1357/716/1393 2381/735/1422
f 2370/716/1397 1365/732/1416 1367/735/1419
f 2370/716/1397 1359/718/1396 1365/732/1416
f 1374/747/1435 2391/752/1437 2390/750/1436
f 1375/751/1438 2391/752/1437 1374/747/1435
f 2346/683/1355 1375/751/1438 1374/747/1435
f 1375/751/1438 2392/753/1439 2391/752/1437
f 2393/751/1440 2346/683/1441 1327/771/1323
f 2393/751/1440 1327/771/1323 2394/753/1442
f 1327/771/1321 2395/683/1443 1326/772/1322
f 1377/756/1444 2396/741/1445 1376/757/1446
f 1377/756/1444 2386/739/1429 2396/741/1445
f 1370/774/1427 2386/739/1429 1377/756/1444
f 1376/757/1446 1314/759/1303 1377/756/1444
f 1376/757/1446 1313/758/1302 1314/759/1303
f 2397/756/1447 1314/759/1303 1303/748/1287
f 1377/756/1444 2398/748/1448 1370/774/1427
f 2398/748/1448 1346/746/1356 1370/774/1427
f 1376/757/1446 2396/741/1445 1378/760/1449
f 1378/760/1449 2399/758/1450 1376/757/1446
f 1371/741/1451 2400/761/1452 1378/760/1449
f 2402/760/1453 2400/761/1454 2401/762/1455
f 2401/762/1456 2403/763/1457 1378/760/1449
f 1378/760/1449 2405/763/1458 2404/764/1459
f 1378/760/1449 2404/764/1459 2399/758/1450
f 1371/741/1430 1295/740/1277 1316/761/1306
f 2358/684/1378 2326/755/1298 1260/705/1225
f 2347/684/1460 1309/754/1295 1310/755/1297
f 1356/773/1386 2406/765/1461 1364/725/1406
f 1356/773/1386 2407/766/1462 2406/765/1461
f 1364/725/1406 2406/765/1461 2375/727/1408
f 2408/767/1463 2407/766/1462 1356/773/1386
f 2408/767/1463 1356/773/1386 1354/712/1388
f 1379/768/1464 2408/767/1463 1354/712/1388
f 1379/768/1464 1380/775/1465 2408/767/1463
f 1379/768/1466 2410/770/1467 2409/775/1467
f 2367/714/1390 2411/768/1468 2366/712/1391
f 2367/714/1390 2412/770/1469 2411/768/1468
f 1383/661/1470 1382/662/1471 1381/664/1472
f 1383/661/1470 1384/663/1473 1382/662/1471
f 2414/661/1474 1385/665/1475 2413/663/1476
f 2414/661/1474 1386/666/1477 1385/665/1475
f 1384/663/1473 1385/665/1475 1387/667/1478
f 1384/663/1473 1387/667/1478 1388/668/1479
f 1382/662/1471 1384/663/1473 1388/668/1479
f 1388/668/1479 1387/667/1478 1389/669/1480
f 2415/668/1481 1389/669/1482 1390/670/1481
f 1391/671/1483 1388/668/1479 2416/670/1484
f 1388/668/1479 1391/671/1483 1382/662/1471
f 2416/670/1484 2417/669/1485 1392/672/1486
f 2416/670/1484 1392/672/1486 1393/673/1487
f 1393/673/1487 1392/672/1486 1394/674/1488
f 1393/673/1487 1394/674/1488 1395/675/1489
f 1396/676/1490 1393/673/1487 1395/675/1489
f 1391/671/1483 2416/670/1484 1396/676/1490
f 1396/676/1490 2416/670/1484 1393/673/1487
f 1396/676/1490 1395/675/1489 1397/677/1491
f 1395/675/1489 1394/674/1488 1398/678/1492
f 1395/675/1489 1398/678/1492 1399/679/1493
f 1397/677/1491 1395/675/1489 1399/679/1493
f 1399/679/1493 1398/678/1492 1400/680/1494
f 1399/679/1493 1400/680/1494 1401/681/1495
f 1401/681/1495 1400/680/1494 1402/682/1496
f 1401/681/1495 1402/682/1496 1403/683/1497
f 1404/684/1498 2419/681/1499 2418/683/1500
f 2418/683/1500 1405/746/1501 1404/684/1498
f 1405/746/1502 1406/754/1503 2420/684/1504
f 2421/746/1505 1407/748/1506 1406/754/1507
f 1401/681/1495 1408/685/1508 1399/679/1493
f 1397/677/1491 1399/679/1493 1408/685/1508
f 2419/681/1499 1409/686/1509 1408/685/1508
f 2419/681/1499 1404/684/1498 1409/686/1509
f 1409/686/1509 1410/687/1510 1408/685/1508
f 1409/686/1509 1411/688/1511 1410/687/1510
f 1411/688/1511 1409/686/1509 1404/684/1498
f 1411/688/1511 1404/684/1498 1412/689/1512
f 1412/689/1512 1413/694/1513 1411/688/1511
f 1412/689/1512 1414/691/1514 1413/694/1513
f 1411/688/1511 1415/695/1515 1410/687/1510
f 1411/688/1511 1413/694/1513 1415/695/1515
f 1410/687/1510 1415/695/1515 1416/696/1516
f 1410/687/1510 1416/696/1516 1417/697/1517
f 1418/699/1518 1410/687/1510 1417/697/1517
f 1418/699/1518 1408/685/1508 1410/687/1510
f 1418/699/1518 1417/697/1517 1419/698/1519
f 1417/697/1517 1416/696/1516 1419/698/1519
f 2420/684/1504 1406/754/1503 1420/776/1520
f 1418/699/1518 1397/677/1491 1408/685/1508
f 1421/700/1521 1418/699/1518 1419/698/1519
f 2423/699/1522 2422/700/1523 1422/701/1523
f 1418/699/1518 2424/701/1524 1423/777/1525
f 1424/690/1526 1414/691/1514 1412/689/1512
f 1424/690/1526 1425/692/1527 1414/691/1514
f 1426/703/1528 1425/692/1527 1424/690/1526
f 1426/703/1528 1424/690/1526 1427/693/1529
f 1427/693/1529 1424/690/1526 1412/689/1512
f 1427/693/1529 1412/689/1512 1404/684/1498
f 2425/703/1530 1427/693/1531 1428/704/1530
f 2427/693/1532 1429/705/1533 2426/704/1534
f 2428/684/1535 1429/705/1533 2427/693/1532
f 2428/684/1535 2429/776/1536 1429/705/1533
f 1430/706/1537 2430/677/1538 1423/777/1525
f 2430/677/1538 1430/706/1537 2431/676/1539
f 1396/676/1490 1430/706/1540 1431/707/1541
f 1396/676/1490 1431/707/1541 1432/708/1542
f 1396/676/1490 1432/708/1542 1391/671/1483
f 1391/671/1483 1432/708/1542 1433/709/1543
f 1391/671/1483 1433/709/1543 1382/662/1471
f 1382/662/1471 1433/709/1543 1434/710/1544
f 1382/662/1471 1434/710/1544 1381/664/1472
f 1430/706/1537 1423/777/1525 2424/701/1524
f 2430/677/1538 1418/699/1518 1423/777/1525
f 1437/711/1545 1436/713/1546 1435/712/1547
f 2433/713/1548 1438/714/1549 2432/712/1550
f 2433/713/1548 1439/715/1551 1438/714/1549
f 1440/716/1552 2434/715/1553 1436/713/1546
f 1441/717/1554 1440/716/1552 1436/713/1546
f 1442/718/1555 2435/716/1556 1441/717/1557
f 1442/718/1555 1441/717/1557 1443/719/1558
f 1443/719/1558 1444/720/1559 1442/718/1555
f 1443/719/1558 1445/721/1560 1444/720/1559
f 1446/722/1561 1445/721/1560 1443/719/1558
f 1441/717/1557 1446/722/1561 1443/719/1558
f 1447/723/1562 2436/722/1563 1441/717/1554
f 2436/722/1563 1447/723/1562 1448/724/1564
f 1447/723/1562 1441/717/1554 1449/725/1565
f 1441/717/1554 1436/713/1546 1449/725/1565
f 1436/713/1546 1437/711/1545 1449/725/1565
f 1447/723/1562 1450/726/1566 1448/724/1564
f 1447/723/1562 1451/727/1567 1450/726/1566
f 1449/725/1565 1451/727/1567 1447/723/1562
f 2437/724/1568 1452/728/1569 1446/722/1561
f 1446/722/1561 1452/728/1569 1445/721/1560
f 2437/724/1568 1453/729/1570 1452/728/1569
f 1448/724/1571 1454/730/1572 1453/729/1573
f 1442/718/1555 1444/720/1559 1455/731/1574
f 1442/718/1555 1455/731/1574 1456/732/1575
f 1456/732/1575 1455/731/1574 1457/733/1576
f 1456/732/1575 1457/733/1576 1458/734/1577
f 1458/734/1577 1459/735/1578 1456/732/1575
f 1458/734/1577 1460/736/1579 1459/735/1578
f 1460/736/1579 1461/737/1580 2438/735/1581
f 1460/736/1579 1462/738/1582 1461/737/1580
f 2440/734/1583 2439/733/1584 1463/739/1585
f 1463/739/1585 2439/733/1584 1464/740/1586
f 1463/739/1585 1464/740/1586 1465/741/1587
f 1466/742/1588 1462/738/1582 1460/736/1579
f 1458/734/1577 1466/742/1588 1460/736/1579
f 2441/734/1589 1467/743/1590 1466/742/1588
f 1467/743/1590 2441/734/1589 2442/739/1591
f 1405/746/1501 1466/742/1588 1467/743/1590
f 1466/742/1588 1468/744/1592 1462/738/1582
f 1469/745/1593 1468/744/1592 1466/742/1588
f 1405/746/1501 1469/745/1593 1466/742/1588
f 1469/745/1593 1470/749/1594 1468/744/1592
f 1471/747/1595 1470/749/1594 1469/745/1593
f 1469/745/1593 2418/683/1500 1471/747/1595
f 1405/746/1501 2418/683/1500 1469/745/1593
f 1471/747/1595 1472/750/1596 1470/749/1594
f 1471/747/1595 1473/752/1597 1472/750/1596
f 2418/683/1500 1474/751/1598 1471/747/1595
f 1474/751/1598 1473/752/1597 1471/747/1595
f 1474/751/1598 1475/753/1599 1473/752/1597
f 1467/743/1590 1407/748/1600 1405/746/1501
f 1476/756/1601 1407/748/1600 1467/743/1590
f 1476/756/1601 2443/741/1602 1477/757/1603
f 1476/756/1601 2442/739/1591 2443/741/1602
f 1467/743/1590 2442/739/1591 1476/756/1601
f 1477/757/1603 1478/759/1604 1476/756/1601
f 1476/756/1601 1478/759/1604 1407/748/1600
f 1477/757/1603 1479/758/1605 1478/759/1604
f 1480/760/1606 1479/758/1605 1477/757/1603
f 1477/757/1603 2443/741/1602 1480/760/1606
f 1480/760/1606 1481/764/1607 1479/758/1605
f 1480/760/1606 1482/763/1608 1481/764/1607
f 1483/762/1609 2445/763/1610 2444/760/1611
f 2444/760/1611 1484/761/1612 1483/762/1609
f 1465/741/1587 1484/761/1612 2444/760/1611
f 1465/741/1587 1464/740/1586 1484/761/1612
f 1474/751/1598 1485/771/1613 2446/753/1614
f 2418/683/1500 1485/771/1613 1474/751/1598
f 1485/771/1615 2447/683/1616 1486/772/1617
f 1437/711/1545 1487/765/1618 1449/725/1565
f 1437/711/1545 1488/766/1619 1487/765/1618
f 1449/725/1565 1487/765/1618 1451/727/1567
f 1435/712/1547 1488/766/1619 1437/711/1545
f 1435/712/1547 1489/767/1620 1488/766/1619
f 1490/768/1621 1489/767/1620 1435/712/1547
f 1490/768/1621 1491/769/1622 1489/767/1620
f 1490/768/1621 1492/770/1623 1491/769/1622
f 2432/712/1550 2449/770/1624 2448/768/1625
f 2432/712/1550 1438/714/1549 2449/770/1624
f 2434/715/1553 2438/735/1581 1461/737/1580
f 2434/715/1553 1440/716/1552 2438/735/1581
f 2435/716/1556 1456/732/1575 1459/735/1578
f 2435/716/1556 1442/718/1555 1456/732/1575
f 1495/661/1626 1494/662/1627 1493/663/1628
f 1495/661/1626 1496/664/1629 1494/662/1627
f 2451/661/1630 2450/663/1631 1385/665/1475
f 2451/661/1630 1385/665/1475 1386/666/1477
f 1493/663/1628 2453/667/1632 2452/665/1633
f 1493/663/1628 1497/668/1634 2453/667/1632
f 1494/662/1627 1497/668/1634 1493/663/1628
f 1497/668/1634 1389/669/1480 2453/667/1632
f 2454/668/1635 1498/670/1635 1389/669/1482
f 1499/671/1636 2455/670/1637 1497/668/1634
f 1497/668/1634 1494/662/1627 1499/671/1636
f 2455/670/1637 2457/672/1638 2456/669/1639
f 2455/670/1637 1500/673/1640 2457/672/1638
f 1500/673/1640 2458/674/1641 2457/672/1638
f 1500/673/1640 1501/675/1642 2458/674/1641
f 1502/676/1643 1501/675/1642 1500/673/1640
f 1499/671/1636 1502/676/1643 2455/670/1637
f 1502/676/1643 1500/673/1640 2455/670/1637
f 1502/676/1643 1503/677/1644 1501/675/1642
f 1501/675/1642 2459/678/1645 2458/674/1641
f 1501/675/1642 1504/679/1646 2459/678/1645
f 1503/677/1644 1504/679/1646 1501/675/1642
f 1504/679/1646 2460/680/1647 2459/678/1645
f 1504/679/1646 1505/681/1648 1400/680/1494
f 1505/681/1648 1402/682/1496 1400/680/1494
f 1505/681/1648 1506/683/1649 1402/682/1496
f 1505/681/1648 1504/679/1646 1507/685/1650
f 1503/677/1644 1507/685/1650 1504/679/1646
f 2461/681/1651 1507/685/1650 1508/686/1652
f 1509/684/1653 2461/681/1651 1508/686/1652
f 2461/681/1651 1509/684/1653 2462/683/1654
f 1510/688/1655 1509/684/1653 1508/686/1652
f 1511/746/1656 2462/683/1654 1509/684/1653
f 1511/746/1657 2464/684/1658 2463/754/1659
f 1508/686/1652 1512/687/1660 1510/688/1655
f 1508/686/1652 1507/685/1650 1512/687/1660
f 1510/688/1655 1512/687/1660 2465/695/1661
f 1512/687/1660 2466/696/1662 2465/695/1661
f 1512/687/1660 1513/697/1663 2466/696/1662
f 1510/688/1655 2465/695/1661 1413/694/1513
f 1514/689/1664 1510/688/1655 1413/694/1513
f 1510/688/1655 1514/689/1664 1509/684/1653
f 1514/689/1664 1413/694/1513 1414/691/1514
f 1515/699/1665 1512/687/1660 1507/685/1650
f 1515/699/1665 1513/697/1663 1512/687/1660
f 1513/697/1663 1515/699/1665 2467/698/1666
f 1513/697/1663 2467/698/1666 2466/696/1662
f 2464/684/1667 1420/776/1520 1406/754/1503
f 1503/677/1644 1515/699/1665 1507/685/1650
f 1515/699/1665 2468/700/1668 2467/698/1666
f 2422/700/1523 2469/699/1669 1422/701/1523
f 1407/748/1506 2470/746/1670 2463/754/1671
f 1511/746/1656 1407/748/1600 1516/774/1672
f 1517/756/1673 1516/774/1672 1407/748/1600
f 1516/774/1672 1517/756/1673 1518/739/1674
f 1517/756/1673 1519/741/1675 1518/739/1674
f 1517/756/1673 1520/757/1676 1519/741/1675
f 1479/758/1605 1520/757/1676 1517/756/1673
f 1479/758/1605 1517/756/1673 1478/759/1604
f 1517/756/1673 1407/748/1600 1478/759/1604
f 1511/746/1656 1516/774/1672 1521/742/1677
f 1511/746/1656 1521/742/1677 1522/745/1678
f 1516/774/1672 1523/734/1679 1521/742/1677
f 1522/745/1678 1521/742/1677 2471/744/1680
f 1522/745/1678 2471/744/1680 2472/749/1681
f 1521/742/1677 2473/738/1682 2471/744/1680
f 1521/742/1677 1524/736/1683 2473/738/1682
f 1521/742/1677 1523/734/1679 1524/736/1683
f 1523/734/1679 1525/735/1684 1524/736/1683
f 1523/734/1679 1526/732/1685 1525/735/1684
f 1526/732/1685 2474/734/1686 1457/733/1576
f 1526/732/1685 1457/733/1576 2475/731/1687
f 1527/718/1688 1526/732/1685 2475/731/1687
f 1527/718/1688 2475/731/1687 2476/720/1689
f 1528/719/1690 1527/718/1688 2476/720/1689
f 1527/718/1688 1528/719/1690 1529/717/1691
f 1527/718/1688 1529/717/1691 1530/716/1692
f 1530/716/1692 1526/732/1685 1527/718/1688
f 1530/716/1692 1525/735/1684 1526/732/1685
f 1528/719/1690 2476/720/1689 2477/721/1693
f 1531/722/1694 1528/719/1690 2477/721/1693
f 1529/717/1691 1528/719/1690 1531/722/1694
f 1532/723/1695 1529/717/1691 2478/722/1696
f 2478/722/1696 1533/724/1697 1532/723/1695
f 1532/723/1695 1534/725/1698 1529/717/1691
f 1532/723/1695 1533/724/1697 2479/726/1699
f 1532/723/1695 2479/726/1699 2480/727/1700
f 1534/725/1698 1532/723/1695 2480/727/1700
f 2482/724/1701 1531/722/1694 2481/728/1702
f 1531/722/1694 2477/721/1693 2481/728/1702
f 2482/724/1701 2481/728/1702 2483/729/1703
f 1533/724/1704 2483/729/1705 2484/730/1706
f 1534/725/1698 2480/727/1700 2485/765/1707
f 1535/773/1708 1534/725/1698 2485/765/1707
f 1535/773/1708 2485/765/1707 2486/766/1709
f 1529/717/1691 1534/725/1698 1536/713/1710
f 1529/717/1691 1536/713/1710 1530/716/1692
f 1534/725/1698 1535/773/1708 1536/713/1710
f 1535/773/1708 1537/712/1711 1536/713/1710
f 2489/713/1712 2488/712/1713 2487/714/1714
f 2489/713/1715 1438/714/1549 1439/715/1551
f 2491/716/1716 1536/713/1717 2490/715/1718
f 2487/714/1714 2488/712/1713 1538/768/1719
f 2493/768/1720 1537/712/1711 2492/767/1721
f 2492/767/1721 1535/773/1708 2486/766/1709
f 2492/767/1721 1537/712/1711 1535/773/1708
f 2493/768/1720 2492/767/1721 1539/775/1722
f 2493/768/1723 2495/775/1724 2494/770/1724
f 2487/714/1714 1538/768/1719 2496/770/1725
f 2490/715/1718 2497/735/1726 2491/716/1716
f 2490/715/1718 2498/737/1727 1525/735/1684
f 1524/736/1683 1525/735/1684 2498/737/1727
f 1524/736/1683 2498/737/1727 2473/738/1682
f 1522/745/1678 1540/747/1728 2462/683/1654
f 1540/747/1728 1522/745/1678 2472/749/1681
f 1540/747/1728 2472/749/1681 2499/750/1729
f 2500/752/1730 1540/747/1728 2499/750/1729
f 1541/751/1731 2462/683/1654 1540/747/1728
f 1541/751/1731 1540/747/1728 2500/752/1730
f 1541/751/1731 2500/752/1730 2501/753/1732
f 2462/683/1654 1541/751/1731 2502/771/1733
f 1541/751/1731 2503/753/1734 2502/771/1733
f 2462/683/1654 1511/746/1656 1522/745/1678
f 2504/683/1735 1485/771/1615 1486/772/1617
f 1494/662/1627 2506/710/1736 2505/709/1737
f 1494/662/1627 1496/664/1629 2506/710/1736
f 1499/671/1636 1494/662/1627 2505/709/1737
f 1499/671/1636 2505/709/1737 2507/708/1738
f 1502/676/1643 1499/671/1636 2507/708/1738
f 1502/676/1643 2507/708/1738 2508/707/1739
f 2509/706/1740 1502/676/1643 2508/707/1739
f 2511/677/1741 2510/676/1742 1430/706/1537
f 1542/777/1743 2511/677/1741 1430/706/1537
f 1515/699/1665 1542/777/1743 2424/701/1524
f 1542/777/1743 1430/706/1537 2424/701/1524
f 1515/699/1665 2511/677/1741 1542/777/1743
f 1543/690/1744 1425/692/1527 1426/703/1528
f 1544/693/1745 1543/690/1744 2512/703/1746
f 1509/684/1653 1543/690/1744 1544/693/1745
f 1509/684/1653 1514/689/1664 1543/690/1744
f 1414/691/1514 1543/690/1744 1514/689/1664
f 1414/691/1514 1425/692/1527 1543/690/1744
f 1544/693/1745 2512/703/1746 2513/704/1747
f 1429/705/1533 2514/693/1748 2426/704/1534
f 2515/684/1749 2514/693/1748 1429/705/1533
f 2515/684/1749 1429/705/1533 2429/776/1536
f 2517/763/1750 1545/760/1751 2516/764/1752
f 2520/760/1753 2519/763/1754 2518/762/1755
f 2520/760/1753 2518/762/1755 2521/761/1756
f 1545/760/1751 2522/758/1757 2516/764/1752
f 1545/760/1751 1520/757/1676 2522/758/1757
f 1519/741/1675 1520/757/1676 1545/760/1751
f 1464/740/1758 2520/760/1753 2521/761/1756
f 1464/740/1758 2523/741/1759 2520/760/1753
f 2524/739/1760 2523/741/1759 1464/740/1758
f 2524/739/1760 1464/740/1758 2525/733/1761
f 2526/734/1762 2524/739/1760 2525/733/1761
f 1523/734/1679 1516/774/1672 1518/739/1674
f 1548/778/1763 1547/779/1764 1546/780/1765
f 1548/778/1763 1549/781/1766 1547/779/1764
f 1549/781/1766 1550/782/1767 1547/779/1764
f 1549/781/1766 1551/783/1768 1550/782/1767
f 1552/784/1769 1548/778/1763 1546/780/1765
f 1552/784/1769 1546/780/1765 1553/785/1770
f 1554/786/1771 1552/784/1769 1553/785/1770
f 1554/786/1771 1553/785/1770 1555/787/1772
f 1546/780/1765 1547/779/1764 1556/788/1773
f 1546/780/1765 1556/788/1773 1557/789/1774
f 1553/785/1770 1546/780/1765 1557/789/1774
f 1547/779/1764 1558/790/1775 1556/788/1773
f 1547/779/1764 1550/782/1767 1558/790/1775
f 1555/787/1772 1553/785/1770 1559/791/1776
f 1553/785/1770 1557/789/1774 1559/791/1776
f 1555/787/1772 1559/791/1776 1560/792/1777
f 1557/789/1774 1556/788/1773 1561/793/1778
f 1557/789/1774 1561/793/1778 1562/794/1779
f 1559/791/1776 1557/789/1774 1562/794/1779
f 1556/788/1773 1563/795/1780 1561/793/1778
f 1556/788/1773 1558/790/1775 1563/795/1780
f 1560/792/1777 1559/791/1776 1564/796/1781
f 1559/791/1776 1562/794/1779 1564/796/1781
f 1560/792/1777 1564/796/1781 1565/797/1782
f 1562/794/1779 1561/793/1778 1566/798/1783
f 1562/794/1779 1566/798/1783 1567/799/1784
f 1564/796/1781 1562/794/1779 1567/799/1784
f 1561/793/1778 1568/800/1785 1566/798/1783
f 1561/793/1778 1563/795/1780 1568/800/1785
f 1565/797/1782 1564/796/1781 1569/801/1786
f 1564/796/1781 1567/799/1784 1569/801/1786
f 1565/797/1782 1569/801/1786 1570/802/1787
f 1567/799/1784 1566/798/1783 1571/803/1788
f 1567/799/1784 1571/803/1788 1572/804/1789
f 1569/801/1786 1567/799/1784 1572/804/1789
f 1566/798/1783 1573/805/1790 1571/803/1788
f 1566/798/1783 1568/800/1785 1573/805/1790
f 1570/802/1787 1569/801/1786 1574/806/1791
f 1569/801/1786 1572/804/1789 1574/806/1791
f 1570/802/1787 1574/806/1791 1575/807/1792
f 1572/804/1789 1571/803/1788 1576/808/1793
f 1572/804/1789 1576/808/1793 1577/809/1794
f 1574/806/1791 1572/804/1789 1577/809/1794
f 1571/803/1788 1578/810/1795 1576/808/1793
f 1571/803/1788 1573/805/1790 1578/810/1795
f 1575/807/1792 1574/806/1791 1579/811/1796
f 1574/806/1791 1577/809/1794 1579/811/1796
f 1575/807/1792 1579/811/1796 1580/812/1797
f 1577/809/1794 1576/808/1793 1581/813/1798
f 1577/809/1794 1581/813/1798 1582/814/1799
f 1576/808/1793 1583/815/1800 1581/813/1798
f 1576/808/1793 1578/810/1795 1583/815/1800
f 1580/812/1797 1579/811/1796 1584/816/1801
f 1580/812/1797 1584/816/1801 1585/817/1802
f 1579/811/1796 1582/814/1799 1584/816/1801
f 1579/811/1796 1577/809/1794 1582/814/1799
f 1582/814/1799 1581/813/1798 1586/818/1803
f 1582/814/1799 1586/818/1803 1587/819/1804
f 1581/813/1798 1588/820/1805 1586/818/1803
f 1581/813/1798 1583/815/1800 1588/820/1805
f 1585/817/1802 1584/816/1801 1589/821/1806
f 1585/817/1802 1589/821/1806 1590/822/1807
f 1584/816/1801 1587/819/1804 1589/821/1806
f 1584/816/1801 1582/814/1799 1587/819/1804
f 1591/823/1808 1586/818/1803 1588/820/1805
f 1592/824/1809 1589/821/1806 1587/819/1804
f 1586/818/1803 1593/825/1810 1587/819/1804
f 1592/824/1809 1587/819/1804 1594/826/1811
f 1594/826/1811 1595/827/1812 1592/824/1809
f 1594/826/1811 1596/828/1813 1595/827/1812
f 1596/828/1813 1597/829/1814 1595/827/1812
f 1596/828/1813 1598/830/1815 1597/829/1814
f 1599/831/1816 1598/830/1815 1596/828/1813
f 1599/831/1816 1596/828/1813 1600/832/1817
f 1601/833/1818 1599/831/1816 1600/832/1817
f 1593/825/1810 1601/833/1818 1600/832/1817
f 1601/833/1818 1602/834/1819 1599/831/1816
f 1602/834/1819 1603/835/1820 1599/831/1816
f 1596/828/1813 1593/825/1810 1600/832/1817
f 1596/828/1813 1594/826/1811 1593/825/1810
f 1597/829/1814 1604/836/1821 1595/827/1812
f 1597/829/1814 1605/837/1822 1604/836/1821
f 1595/827/1812 1606/838/1823 1592/824/1809
f 1595/827/1812 1604/836/1821 1606/838/1823
f 1593/825/1810 1607/839/1824 1601/833/1818
f 1608/840/1825 1598/830/1815 1599/831/1816
f 2527/840/1826 1609/841/1827 1597/829/1814
f 1609/841/1827 1605/837/1822 1597/829/1814
f 2527/840/1826 1610/842/1828 1609/841/1827
f 1603/835/1820 1610/842/1829 1608/840/1825
f 1603/835/1820 1608/840/1825 1599/831/1816
f 1598/830/1815 1608/840/1825 1597/829/1814
f 1607/839/1824 1593/825/1810 1611/843/1830
f 1587/819/1804 1593/825/1810 1594/826/1811
f 1586/818/1803 1611/843/1830 1593/825/1810
f 1586/818/1803 1591/823/1808 1611/843/1830
f 1612/844/1831 1611/843/1830 1591/823/1808
f 1607/839/1824 1611/843/1830 1612/844/1831
f 1612/844/1831 1591/823/1808 1613/845/1832
f 1606/838/1823 1615/846/1833 1614/847/1834
f 1614/847/1834 1615/846/1833 1616/848/1835
f 1614/847/1834 1616/848/1835 1617/849/1836
f 1617/849/1836 1589/821/1806 1614/847/1834
f 1589/821/1806 1617/849/1836 1590/822/1807
f 1614/847/1834 1589/821/1806 1592/824/1809
f 1606/838/1823 1614/847/1834 1592/824/1809
f 1620/850/1837 1619/851/536 1618/852/1837
f 1620/850/1837 1621/853/536 1619/851/536
f 1622/854/1838 1620/850/1837 1618/852/1837
f 1622/854/1838 1618/852/1837 1623/855/1838
f 1624/856/1839 1622/854/1838 1623/855/1838
f 1624/856/1839 1623/855/1838 1625/857/1839
f 1626/858/1840 1624/856/1839 1625/857/1839
f 1626/858/1840 1625/857/1839 1627/859/1840
f 1628/860/425 1626/858/1840 1627/859/1840
f 1628/860/425 1627/859/1840 1629/861/1841
f 1630/862/1842 1628/860/425 1629/861/1841
f 1630/862/1842 1629/861/1841 1631/863/1842
f 1632/864/1843 1630/862/1842 1631/863/1842
f 1632/864/1843 1631/863/1842 1633/865/1843
f 1634/866/1844 1632/864/1843 1633/865/1843
f 1634/866/1844 1633/865/1843 1635/867/1845
f 1636/868/1846 1634/866/1844 1635/867/1845
f 1636/868/1846 1635/867/1845 1637/869/1846
f 1638/870/438 1636/868/1846 1637/869/1846
f 1638/870/438 1637/869/1846 1639/871/438
f 1642/872/536 1641/873/1847 1640/874/536
f 1642/872/536 1643/875/1847 1641/873/1847
f 1643/875/1847 1644/876/1848 1641/873/1847
f 1643/875/1847 1645/877/1848 1644/876/1848
f 1645/877/1848 1646/878/1849 1644/876/1848
f 1645/877/1848 1647/879/1850 1646/878/1849
f 1647/879/1850 1648/880/1851 1646/878/1849
f 1647/879/1850 1649/881/1851 1648/880/1851
f 1649/881/1851 1650/882/1852 1648/880/1851
f 1649/881/1851 1651/883/1852 1650/882/1852
f 1651/883/1852 1652/884/1853 1650/882/1852
f 1651/883/1852 1653/885/1853 1652/884/1853
f 1653/885/1853 1654/886/1854 1652/884/1853
f 1653/885/1853 1655/887/1854 1654/886/1854
f 1655/887/1854 1656/888/438 1654/886/1854
f 1655/887/1854 1657/889/438 1656/888/438
f 1656/888/438 1659/887/1855 1658/886/1855
f 1659/887/1855 1660/884/1856 1658/886/1855
f 1659/887/1855 1661/885/1856 1660/884/1856
f 1661/885/1856 1662/882/1857 1660/884/1856
f 1661/885/1856 1663/883/1857 1662/882/1857
f 1656/888/438 1657/889/438 1659/887/1855
f 1666/890/1858 1665/891/1859 1664/892/1860
f 1667/893/1861 1666/890/1858 1664/892/1860
f 1668/894/1862 1667/893/1861 1664/892/1860
f 1669/895/1863 1668/894/1862 1664/892/1860
f 1670/896/1864 1669/895/1863 1664/892/1860
f 1671/897/1865 1670/896/1864 1664/892/1860
f 1672/898/1866 1671/897/1865 1664/892/1860
f 1673/899/1867 1672/898/1866 1664/892/1860
f 1674/890/1868 1664/892/1860 1665/891/1859
f 1675/893/1869 1664/892/1860 1674/890/1868
f 1676/894/1870 1664/892/1860 1675/893/1869
f 1677/895/1871 1664/892/1860 1676/894/1870
f 1678/896/1872 1664/892/1860 1677/895/1871
f 1679/897/1873 1664/892/1860 1678/896/1872
f 1680/898/1874 1664/892/1860 1679/897/1873
f 1673/899/1867 1664/892/1860 1680/898/1874
f 1683/899/1875 1682/898/1876 1681/892/1877
f 1682/898/1876 1684/897/1878 1681/892/1877
f 1684/897/1878 1685/896/1879 1681/892/1877
f 1685/896/1879 1686/895/1880 1681/892/1877
f 1686/895/1880 1687/894/1881 1681/892/1877
f 1687/894/1881 1688/893/1882 1681/892/1877
f 1688/893/1882 1689/890/1883 1681/892/1877
f 1689/890/1883 1690/891/1884 1681/892/1877
f 1683/899/1875 1681/892/1877 1691/898/1885
f 1691/898/1885 1681/892/1877 1692/897/1886
f 1692/897/1886 1681/892/1877 1693/896/1887
f 1693/896/1887 1681/892/1877 1694/895/1888
f 1694/895/1888 1681/892/1877 1695/894/1889
f 1695/894/1889 1681/892/1877 1696/893/1890
f 1696/893/1890 1681/892/1877 1697/890/1891
f 1697/890/1891 1681/892/1877 1690/891/1884
f 1548/778/1763 1698/779/1892 1549/781/1766
f 1548/778/1763 1699/780/1893 1698/779/1892
f 1549/781/1766 1698/779/1892 1700/782/1894
f 1549/781/1766 1700/782/1894 1551/783/1768
f 1552/784/1769 1699/780/1893 1548/778/1763
f 1552/784/1769 1701/785/1895 1699/780/1893
f 1554/786/1771 1701/785/1895 1552/784/1769
f 1554/786/1771 1702/787/1896 1701/785/1895
f 1699/780/1893 1703/788/1897 1698/779/1892
f 1699/780/1893 1704/789/1898 1703/788/1897
f 1701/785/1895 1704/789/1898 1699/780/1893
f 1698/779/1892 1705/790/1899 1700/782/1894
f 1698/779/1892 1703/788/1897 1705/790/1899
f 1702/787/1896 1706/791/1900 1701/785/1895
f 1701/785/1895 1706/791/1900 1704/789/1898
f 1702/787/1896 1707/792/1901 1706/791/1900
f 1704/789/1898 1708/793/1902 1703/788/1897
f 1704/789/1898 1709/794/1903 1708/793/1902
f 1706/791/1900 1709/794/1903 1704/789/1898
f 1703/788/1897 1710/795/1904 1705/790/1899
f 1703/788/1897 1708/793/1902 1710/795/1904
f 1707/792/1901 1711/796/1905 1706/791/1900
f 1706/791/1900 1711/796/1905 1709/794/1903
f 1707/792/1901 1712/797/1906 1711/796/1905
f 1709/794/1903 1713/798/1907 1708/793/1902
f 1709/794/1903 1714/799/1908 1713/798/1907
f 1711/796/1905 1714/799/1908 1709/794/1903
f 1708/793/1902 1715/800/1909 1710/795/1904
f 1708/793/1902 1713/798/1907 1715/800/1909
f 1712/797/1906 1716/801/1910 1711/796/1905
f 1711/796/1905 1716/801/1910 1714/799/1908
f 1712/797/1906 1717/802/1911 1716/801/1910
f 1714/799/1908 1718/803/1912 1713/798/1907
f 1714/799/1908 1719/804/1913 1718/803/1912
f 1716/801/1910 1719/804/1913 1714/799/1908
f 1713/798/1907 1720/805/1914 1715/800/1909
f 1713/798/1907 1718/803/1912 1720/805/1914
f 1717/802/1911 1721/806/1915 1716/801/1910
f 1716/801/1910 1721/806/1915 1719/804/1913
f 1717/802/1911 1722/807/1916 1721/806/1915
f 1719/804/1913 1723/808/1917 1718/803/1912
f 1719/804/1913 1724/809/1918 1723/808/1917
f 1721/806/1915 1724/809/1918 1719/804/1913
f 1718/803/1912 1725/810/1919 1720/805/1914
f 1718/803/1912 1723/808/1917 1725/810/1919
f 1722/807/1916 1726/811/1920 1721/806/1915
f 1721/806/1915 1726/811/1920 1724/809/1918
f 1722/807/1916 1727/812/1921 1726/811/1920
f 1724/809/1918 1728/813/1922 1723/808/1917
f 1724/809/1918 1729/814/1923 1728/813/1922
f 1723/808/1917 1730/815/1924 1725/810/1919
f 1723/808/1917 1728/813/1922 1730/815/1924
f 1727/812/1921 1731/816/1925 1726/811/1920
f 1727/812/1921 1732/817/1926 1731/816/1925
f 1726/811/1920 1729/814/1923 1724/809/1918
f 1726/811/1920 1731/816/1925 1729/814/1923
f 1729/814/1923 1733/818/1927 1728/813/1922
f 1729/814/1923 1734/819/1928 1733/818/1927
f 1728/813/1922 1735/820/1929 1730/815/1924
f 1728/813/1922 1733/818/1927 1735/820/1929
f 1732/817/1926 1736/821/1930 1731/816/1925
f 1732/817/1926 1737/822/1931 1736/821/1930
f 1731/816/1925 1734/819/1928 1729/814/1923
f 1731/816/1925 1736/821/1930 1734/819/1928
f 1733/818/1927 1738/823/1932 1735/820/1929
f 1736/821/1930 1739/824/1933 1734/819/1928
f 1736/821/1930 1740/847/1934 1739/824/1933
f 1741/825/1935 1733/818/1927 1734/819/1928
f 1734/819/1928 1739/824/1933 1742/826/1936
f 1742/826/1936 1739/824/1933 1743/827/1937
f 1742/826/1936 1743/827/1937 1744/828/1938
f 1744/828/1938 1743/827/1937 1745/829/1939
f 1744/828/1938 1745/829/1939 1746/830/1940
f 1747/831/1941 1744/828/1938 1746/830/1940
f 1747/831/1941 1748/832/1942 1744/828/1938
f 2528/833/1943 1748/832/1942 1747/831/1941
f 1741/825/1935 1748/832/1942 2528/833/1943
f 2528/833/1943 1747/831/1941 2529/834/1944
f 2529/834/1944 1747/831/1941 2530/835/1945
f 1744/828/1938 1748/832/1942 1741/825/1935
f 1744/828/1938 1741/825/1935 1742/826/1936
f 1745/829/1939 1743/827/1937 2531/836/1946
f 1745/829/1939 2531/836/1946 2532/837/1947
f 1743/827/1937 1606/838/1823 2531/836/1946
f 1743/827/1937 1739/824/1933 1606/838/1823
f 1749/840/1948 1747/831/1941 1746/830/1940
f 2534/840/1949 1745/829/1939 2533/841/1950
f 2533/841/1950 1745/829/1939 2532/837/1947
f 2534/840/1949 2533/841/1950 1610/842/1828
f 2530/835/1945 1749/840/1948 2535/842/1951
f 2530/835/1945 1747/831/1941 1749/840/1948
f 1740/847/1934 1606/838/1823 1739/824/1933
f 1740/847/1934 1615/846/1833 1606/838/1823
f 1750/849/1952 1615/846/1833 1740/847/1934
f 1750/849/1952 1616/848/1835 1615/846/1833
f 1736/821/1930 1750/849/1952 1740/847/1934
f 1750/849/1952 1736/821/1930 1737/822/1931
f 1746/830/1940 1745/829/1939 1749/840/1948
f 1619/851/536 1752/850/1953 1751/852/1953
f 1619/851/536 1621/853/536 1752/850/1953
f 1751/852/1953 1752/850/1953 1753/854/1954
f 1751/852/1953 1753/854/1954 1754/855/1955
f 1754/855/1955 1753/854/1954 1755/856/1956
f 1754/855/1955 1755/856/1956 1756/857/1957
f 1756/857/1957 1755/856/1956 1757/858/1958
f 1756/857/1957 1757/858/1958 1758/859/1958
f 1758/859/1958 1757/858/1958 1759/860/734
f 1758/859/1958 1759/860/734 1760/861/734
f 1760/861/734 1759/860/734 1761/862/1959
f 1760/861/734 1761/862/1959 1762/863/1959
f 1762/863/1959 1761/862/1959 1763/864/1960
f 1762/863/1959 1763/864/1960 1764/865/1960
f 1764/865/1960 1763/864/1960 1765/866/1961
f 1764/865/1960 1765/866/1961 1766/867/1962
f 1766/867/1962 1765/866/1961 1767/868/1963
f 1766/867/1962 1767/868/1963 1768/869/1963
f 1768/869/1963 1767/868/1963 1638/870/438
f 1768/869/1963 1638/870/438 1639/871/438
f 1741/825/1935 1601/833/1818 1607/839/1824
f 1607/839/1824 1769/843/1964 1741/825/1935
f 1769/843/1964 1733/818/1927 1741/825/1935
f 1738/823/1932 1733/818/1927 1769/843/1964
f 1738/823/1932 1769/843/1964 1612/844/1831
f 1612/844/1831 1769/843/1964 1607/839/1824
f 1738/823/1932 1612/844/1831 1613/845/1832
f 1741/825/1935 1734/819/1928 1742/826/1936
f 1771/875/1965 1640/874/536 1770/873/1965
f 1771/875/1965 1642/872/536 1640/874/536
f 1772/877/1966 1771/875/1965 1770/873/1965
f 1772/877/1966 1770/873/1965 1773/876/1966
f 1774/879/1967 1772/877/1966 1773/876/1966
f 1774/879/1967 1773/876/1966 1775/878/1967
f 1776/881/1968 1774/879/1967 1775/878/1967
f 1776/881/1968 1775/878/1967 1777/880/1968
f 1663/883/1857 1776/881/1968 1777/880/1968
f 1663/883/1857 1777/880/1968 1662/882/1857
f 1780/900/1969 1779/901/1970 1778/902/1971
f 1780/900/1969 1781/903/1970 1779/901/1970
f 1782/904/1972 1780/900/1969 1778/902/1971
f 1782/904/1972 1778/902/1971 1783/905/1973
f 1784/906/1974 1782/904/1972 1783/905/1973
f 1784/906/1974 1783/905/1973 1785/907/1974
f 1788/908/1975 1787/909/1976 1786/910/1977
f 1788/908/1975 1789/911/1976 1787/909/1976
f 1790/912/1978 1788/908/1975 1786/910/1977
f 1790/912/1978 1786/910/1977 1791/913/1978
f 1789/911/1976 1792/914/1979 1787/909/1976
f 1789/911/1976 1793/915/1979 1792/914/1979
f 1793/915/1979 1794/916/1980 1792/914/1979
f 1793/915/1979 1795/917/1981 1794/916/1980
f 2536/903/1982 1790/912/1978 1791/913/1978
f 2536/903/1982 1791/913/1978 2537/901/1982
f 1796/918/1983 1794/916/1980 1795/917/1981
f 1796/918/1983 1797/919/1984 1794/916/1980
f 1795/917/1981 1798/920/1985 1796/918/1983
f 1796/918/1983 1798/920/1985 1799/921/1986
f 1796/918/1983 1799/921/1986 1800/922/1987
f 1799/921/1986 1801/923/1988 1800/922/1987
f 1799/921/1986 1802/924/1989 1801/923/1988
f 1805/925/1990 1804/926/1991 1803/927/1992
f 1805/925/1990 1806/928/1991 1804/926/1991
f 1807/929/1993 1805/925/1990 1803/927/1992
f 1807/929/1993 1803/927/1992 1808/930/1993
f 1806/928/1991 1809/931/1994 1804/926/1991
f 1806/928/1991 1810/932/1994 1809/931/1994
f 1810/932/1994 1811/933/1995 1809/931/1994
f 1810/932/1994 1812/934/1995 1811/933/1995
f 1812/934/1995 1813/935/1996 1811/933/1995
f 1812/934/1995 1814/936/1996 1813/935/1996
f 1814/936/1996 1815/937/1997 1813/935/1996
f 1814/936/1996 1816/938/1997 1815/937/1997
f 1816/938/1997 1817/939/1998 1815/937/1997
f 1816/938/1997 1818/940/1999 1817/939/1998
f 1819/941/2000 1807/929/1993 1808/930/1993
f 1819/941/2000 1820/942/2001 1807/929/1993
f 1819/941/2000 1821/943/2002 1820/942/2001
f 1820/942/2001 1821/943/2002 1822/944/2003
f 1820/942/2001 1822/944/2003 1823/945/2004
f 1826/946/2005 1825/947/2006 1824/948/2006
f 1826/946/2005 1827/949/2007 1825/947/2006
f 1830/950/235 1829/951/235 1828/952/235
f 1829/951/235 1831/953/235 1828/952/235
f 1829/951/235 1832/954/235 1831/953/235
f 1828/952/235 1831/953/235 1833/955/235
f 1831/953/235 1834/956/235 1833/955/235
f 1831/953/235 1835/957/235 1834/956/235
f 1831/953/235 1836/958/235 1835/957/235
f 1835/957/235 1836/958/235 1837/959/235
f 1835/957/235 1837/959/235 1838/960/235
f 1838/960/235 1837/959/235 1839/961/235
f 1838/960/235 1839/961/235 1840/962/235
f 1840/962/235 1839/961/235 1841/963/235
f 1840/962/235 1841/963/235 1842/964/235
f 1845/965/2008 1844/966/2009 1843/967/2008
f 1845/965/2008 1846/968/2010 1844/966/2009
f 1848/969/2011 1843/967/2008 1847/970/2011
f 1848/969/2011 1845/965/2008 1843/967/2008
f 1849/971/2012 1848/969/2011 1847/970/2011
f 1849/971/2012 1850/972/2012 1848/969/2011
f 1851/973/2013 1850/972/2012 1849/971/2012
f 1851/973/2013 1849/971/2012 1852/974/2013
f 1853/975/2014 1851/973/2013 1852/974/2013
f 1853/975/2014 1852/974/2013 1854/976/2014
f 1857/977/2015 1856/978/2016 1855/979/2015
f 1857/977/2015 1858/980/2016 1856/978/2016
f 1858/980/2016 1859/981/2017 1856/978/2016
f 1858/980/2016 1860/982/2017 1859/981/2017
f 1861/983/2018 1857/977/2015 1855/979/2015
f 1861/983/2018 1855/979/2015 1862/984/2018
f 1863/985/2019 1861/983/2018 1862/984/2018
f 1863/985/2019 1862/984/2018 1864/986/2019
f 1860/982/2017 1865/987/2020 1859/981/2017
f 1860/982/2017 1866/988/2020 1865/987/2020
f 1866/988/2020 1867/989/2021 1865/987/2020
f 1866/988/2020 1868/990/2021 1867/989/2021
f 1868/990/2021 2538/948/2022 1867/989/2021
f 1868/990/2021 2539/946/2022 2538/948/2022
f 1871/991/235 1870/992/235 1869/993/235
f 1870/992/235 1872/994/235 1869/993/235
f 1872/994/235 1873/995/235 1869/993/235
f 1872/994/235 1874/996/235 1873/995/235
f 1873/995/235 1874/996/235 1875/997/235
f 1873/995/235 1875/997/235 1876/998/235
f 1875/997/235 1877/999/235 1876/998/235
f 1876/998/235 1877/999/235 1878/1000/235
f 1881/1001/2023 1880/1002/2024 1879/1003/2025
f 1881/1001/2023 1882/1004/2026 1880/1002/2024
f 1883/1005/2027 1881/1001/2023 1879/1003/2025
f 1883/1005/2027 1879/1003/2025 1884/1006/2028
f 1885/1007/2029 1883/1005/2027 1884/1006/2028
f 1885/1007/2029 1884/1006/2028 1886/1008/2030
f 1887/1009/2031 1885/1007/2029 1886/1008/2030
f 1887/1009/2031 1886/1008/2030 1888/1010/2032
f 1891/1011/2033 1890/1012/2034 1889/1013/2035
f 1891/1011/2033 1892/1014/2036 1890/1012/2034
f 1892/1014/2036 1893/1015/2037 1890/1012/2034
f 1892/1014/2036 1894/1016/2038 1893/1015/2037
f 1894/1016/2038 1895/1017/2039 1893/1015/2037
f 1894/1016/2038 1896/1018/2040 1895/1017/2039
f 1896/1018/2040 1897/1019/2041 1895/1017/2039
f 1896/1018/2040 1898/1020/2042 1897/1019/2041
f 2540/999/2043 1900/1021/2044 1899/1022/2045
f 2540/999/2043 2541/997/2046 1900/1021/2044
f 2542/1000/2047 2540/999/2043 1899/1022/2045
f 2542/1000/2047 1899/1022/2045 1901/1023/2048
f 1904/921/2049 1903/923/2050 1902/924/2051
f 1904/921/2049 1905/922/2052 1903/923/2050
f 1906/918/2053 1905/922/2052 1904/921/2049
f 1906/918/2053 1904/921/2049 1907/920/1985
f 1908/917/1984 1906/918/2053 1907/920/1985
f 1911/950/967 1910/952/967 1909/951/967
f 1909/951/967 1910/952/967 1912/953/967
f 1909/951/967 1912/953/967 1913/954/967
f 1910/952/967 1914/955/967 1912/953/967
f 1912/953/967 1914/955/967 1915/956/967
f 1912/953/967 1915/956/967 1916/957/967
f 1912/953/967 1916/957/967 1917/958/967
f 1916/957/967 1918/959/967 1917/958/967
f 1916/957/967 1919/960/967 1918/959/967
f 1919/960/967 1920/961/967 1918/959/967
f 1919/960/967 1921/962/967 1920/961/967
f 1921/962/967 1922/963/967 1920/961/967
f 1921/962/967 1923/964/967 1922/963/967
f 1926/942/2054 1925/945/2054 1924/944/2054
f 1929/991/967 1928/993/967 1927/992/967
f 1927/992/967 1928/993/967 1930/994/967
f 1930/994/967 1928/993/967 1931/995/967
f 1930/994/967 1931/995/967 1932/996/967
f 1931/995/967 1933/997/967 1932/996/967
f 1931/995/967 1934/998/967 1933/997/967
f 1933/997/967 1934/998/967 1935/999/967
f 1934/998/967 1936/1000/967 1935/999/967
f 1939/1001/2055 1938/1002/2056 1937/1004/2057
f 1939/1001/2055 1940/1003/2058 1938/1002/2056
f 1941/1005/2059 1940/1003/2058 1939/1001/2055
f 1941/1005/2059 1942/1006/2060 1940/1003/2058
f 1943/1007/2061 1942/1006/2060 1941/1005/2059
f 1943/1007/2061 1944/1008/2062 1942/1006/2060
f 1945/1009/2063 1944/1008/2062 1943/1007/2061
f 1945/1009/2063 1946/1010/2064 1944/1008/2062
f 1949/1011/2065 1948/1012/2066 1947/1014/2067
f 1949/1011/2065 1950/1013/2068 1948/1012/2066
f 1947/1014/2067 1948/1012/2066 1951/1015/2069
f 1947/1014/2067 1951/1015/2069 1952/1016/2070
f 1952/1016/2070 1951/1015/2069 1953/1017/2071
f 1952/1016/2070 1953/1017/2071 1954/1018/2072
f 1954/1018/2072 1953/1017/2071 1955/1019/2073
f 1954/1018/2072 1955/1019/2073 1956/1020/2074
f 2544/999/2075 1957/1021/2076 2543/997/2077
f 2544/999/2075 1958/1022/2078 1957/1021/2076
f 2545/1000/2079 1958/1022/2078 2544/999/2075
f 2545/1000/2079 1959/1023/2079 1958/1022/2078
f 1962/900/2080 1961/901/2081 1960/903/2081
f 1962/900/2080 1963/902/2082 1961/901/2081
f 1964/904/2083 1963/902/2082 1962/900/2080
f 1964/904/2083 1965/905/2084 1963/902/2082
f 1966/906/2085 1965/905/2084 1964/904/2083
f 1966/906/2085 1967/907/2085 1965/905/2084
f 1970/908/2086 1969/909/2087 1968/911/2087
f 1970/908/2086 1971/910/2086 1969/909/2087
f 1972/912/2088 1971/910/2086 1970/908/2086
f 1972/912/2088 1973/913/2088 1971/910/2086
f 1968/911/2087 1969/909/2087 1974/914/2089
f 1968/911/2087 1974/914/2089 1975/915/2089
f 1975/915/2089 1974/914/2089 1976/916/2090
f 1975/915/2089 1976/916/2090 1977/917/2091
f 2546/903/2092 1973/913/2088 1972/912/2088
f 2546/903/2092 2547/901/2092 1973/913/2088
f 1978/918/2093 1977/917/2091 1976/916/2090
f 1978/918/2093 1976/916/2090 1979/919/2094
f 1977/917/2091 1978/918/2093 1980/920/2095
f 1978/918/2093 1981/921/2096 1980/920/2095
f 1978/918/2093 1982/922/2097 1981/921/2096
f 1981/921/2096 1982/922/2097 1983/923/2098
f 1981/921/2096 1983/923/2098 1984/924/2099
f 1987/925/2100 1986/926/2101 1985/928/2101
f 1987/925/2100 1988/927/2100 1986/926/2101
f 1989/929/2102 1988/927/2100 1987/925/2100
f 1989/929/2102 1990/930/2102 1988/927/2100
f 1985/928/2101 1986/926/2101 1991/931/2103
f 1985/928/2101 1991/931/2103 1992/932/2103
f 1992/932/2103 1991/931/2103 1993/933/2104
f 1992/932/2103 1993/933/2104 1994/934/2104
f 1994/934/2104 1993/933/2104 1995/935/2105
f 1994/934/2104 1995/935/2105 1996/936/2105
f 1996/936/2105 1995/935/2105 1997/937/2106
f 1996/936/2105 1997/937/2106 1998/938/2107
f 1998/938/2107 1997/937/2106 1999/939/2108
f 1998/938/2107 1999/939/2108 2000/940/2108
f 2001/941/2109 1990/930/2102 1989/929/2102
f 2001/941/2109 1989/929/2102 2002/942/2110
f 2001/941/2109 2002/942/2110 2003/943/2111
f 2002/942/2110 2004/944/2112 2003/943/2111
f 2002/942/2110 2005/945/2113 2004/944/2112
f 2008/946/2114 2007/947/2114 2006/949/2114
f 2008/946/2114 2009/948/2114 2007/947/2114
f 2012/950/235 2011/952/235 2010/951/235
f 2010/951/235 2011/952/235 2013/953/235
f 2010/951/235 2013/953/235 2014/954/235
f 2011/952/235 2015/955/235 2013/953/235
f 2013/953/235 2015/955/235 2016/956/235
f 2013/953/235 2016/956/235 2017/957/235
f 2013/953/235 2017/957/235 2018/958/235
f 2017/957/235 2019/959/235 2018/958/235
f 2017/957/235 2020/960/235 2019/959/235
f 2020/960/235 2021/961/235 2019/959/235
f 2020/960/235 2022/962/235 2021/961/235
f 2022/962/235 2023/963/235 2021/961/235
f 2022/962/235 2024/964/235 2023/963/235
f 2027/965/2115 2026/966/2116 2025/968/2116
f 2027/965/2115 2028/967/2115 2026/966/2116
f 2029/969/2117 2028/967/2115 2027/965/2115
f 2029/969/2117 2030/970/2117 2028/967/2115
f 2031/971/2118 2030/970/2117 2029/969/2117
f 2031/971/2118 2029/969/2117 2032/972/2118
f 2033/973/2119 2031/971/2118 2032/972/2118
f 2033/973/2119 2034/974/2119 2031/971/2118
f 2035/975/2120 2034/974/2119 2033/973/2119
f 2035/975/2120 2036/976/2120 2034/974/2119
f 2039/977/2121 2038/978/2122 2037/980/2122
f 2039/977/2121 2040/979/2121 2038/978/2122
f 2037/980/2122 2038/978/2122 2041/981/2123
f 2037/980/2122 2041/981/2123 2042/982/2123
f 2043/983/2124 2040/979/2121 2039/977/2121
f 2043/983/2124 2044/984/2124 2040/979/2121
f 2045/985/2125 2044/984/2124 2043/983/2124
f 2045/985/2125 2046/986/2125 2044/984/2124
f 2042/982/2123 2041/981/2123 2047/987/2126
f 2042/982/2123 2047/987/2126 2048/988/2126
f 2048/988/2126 2047/987/2126 2049/989/2127
f 2048/988/2126 2049/989/2127 2050/990/2127
f 2050/990/2127 2049/989/2127 2548/948/2128
f 2050/990/2127 2548/948/2128 2549/946/2128
f 2053/991/235 2052/993/235 2051/992/235
f 2051/992/235 2052/993/235 2054/994/235
f 2054/994/235 2052/993/235 2055/995/235
f 2054/994/235 2055/995/235 2056/996/235
f 2055/995/235 2057/997/235 2056/996/235
f 2055/995/235 2058/998/235 2057/997/235
f 2057/997/235 2058/998/235 2059/999/235
f 2058/998/235 2060/1000/235 2059/999/235
f 2063/1001/2129 2062/1002/2130 2061/1004/2131
f 2063/1001/2129 2064/1003/2132 2062/1002/2130
f 2065/1005/2133 2064/1003/2132 2063/1001/2129
f 2065/1005/2133 2066/1006/2134 2064/1003/2132
f 2067/1007/2135 2066/1006/2134 2065/1005/2133
f 2067/1007/2135 2068/1008/2136 2066/1006/2134
f 2069/1009/2137 2068/1008/2136 2067/1007/2135
f 2069/1009/2137 2070/1010/2138 2068/1008/2136
f 2073/1011/2139 2072/1012/2140 2071/1014/2141
f 2073/1011/2139 2074/1013/2142 2072/1012/2140
f 2071/1014/2141 2072/1012/2140 2075/1015/2143
f 2071/1014/2141 2075/1015/2143 2076/1016/2144
f 2076/1016/2144 2075/1015/2143 2077/1017/2145
f 2076/1016/2144 2077/1017/2145 2078/1018/2146
f 2078/1018/2146 2077/1017/2145 2079/1019/2147
f 2078/1018/2146 2079/1019/2147 2080/1020/2148
f 2551/999/2149 2081/1021/2150 2550/997/2151
f 2551/999/2149 2082/1022/2152 2081/1021/2150
f 2552/1000/2153 2082/1022/2152 2551/999/2149
f 2552/1000/2153 2083/1023/2153 2082/1022/2152
f 2086/921/2154 2085/923/2155 2084/922/2156
f 2086/921/2154 2087/924/2157 2085/923/2155
f 2088/918/2158 2086/921/2154 2084/922/2156
f 2088/918/2158 2089/920/2095 2086/921/2154
f 2090/917/2159 2089/920/2095 2088/918/2158
f 2093/950/967 2092/951/967 2091/952/967
f 2092/951/967 2094/953/967 2091/952/967
f 2092/951/967 2095/954/967 2094/953/967
f 2091/952/967 2094/953/967 2096/955/967
f 2094/953/967 2097/956/967 2096/955/967
f 2094/953/967 2098/957/967 2097/956/967
f 2094/953/967 2099/958/967 2098/957/967
f 2098/957/967 2099/958/967 2100/959/967
f 2098/957/967 2100/959/967 2101/960/967
f 2101/960/967 2100/959/967 2102/961/967
f 2101/960/967 2102/961/967 2103/962/967
f 2103/962/967 2102/961/967 2104/963/967
f 2103/962/967 2104/963/967 2105/964/967
f 2108/942/2160 2107/944/2160 2106/945/2160
f 2111/991/967 2110/992/967 2109/993/967
f 2110/992/967 2112/994/967 2109/993/967
f 2112/994/967 2113/995/967 2109/993/967
f 2112/994/967 2114/996/967 2113/995/967
f 2113/995/967 2114/996/967 2115/997/967
f 2113/995/967 2115/997/967 2116/998/967
f 2115/997/967 2117/999/967 2116/998/967
f 2116/998/967 2117/999/967 2118/1000/967
f 2121/1001/2161 2120/1002/2162 2119/1003/2163
f 2121/1001/2161 2122/1004/2164 2120/1002/2162
f 2123/1005/2165 2121/1001/2161 2119/1003/2163
f 2123/1005/2165 2119/1003/2163 2124/1006/2166
f 2125/1007/2167 2123/1005/2165 2124/1006/2166
f 2125/1007/2167 2124/1006/2166 2126/1008/2168
f 2127/1009/2169 2125/1007/2167 2126/1008/2168
f 2127/1009/2169 2126/1008/2168 2128/1010/2170
f 2131/1011/2171 2130/1012/2172 2129/1013/2173
f 2131/1011/2171 2132/1014/2174 2130/1012/2172
f 2132/1014/2174 2133/1015/2175 2130/1012/2172
f 2132/1014/2174 2134/1016/2176 2133/1015/2175
f 2134/1016/2176 2135/1017/2177 2133/1015/2175
f 2134/1016/2176 2136/1018/2178 2135/1017/2177
f 2136/1018/2178 2137/1019/2179 2135/1017/2177
f 2136/1018/2178 2138/1020/2180 2137/1019/2179
f 2553/999/2181 2140/1021/2182 2139/1022/2183
f 2553/999/2181 2554/997/2184 2140/1021/2182
f 2555/1000/2185 2553/999/2181 2139/1022/2183
f 2555/1000/2185 2139/1022/2183 2141/1023/2185
