# Blender 5.2.1 LTS
# www.blender.org
mtllib 未命名.mtl
o blade
v -255.294540 0.835967 -3.840432
v -251.053619 0.456478 -6.005881
v -251.053619 2.566952 -5.195745
v -255.294571 -0.948837 -3.793694
v -251.053604 -1.776317 -5.652248
v -230.756958 3.121027 -5.958366
v -230.756958 0.555008 -6.943363
v -230.756958 0.555008 -6.943363
v -230.756958 -2.159725 -6.513395
v -223.671082 3.506119 -6.488400
v -223.671082 0.623493 -7.594933
v -223.671082 0.623493 -7.594933
v -223.671082 -2.426204 -7.111913
v -210.411957 3.740453 -6.810935
v -210.411957 0.665165 -7.991428
v -210.411942 -2.588356 -7.476116
v -197.837769 3.843699 -6.953045
v -197.837769 0.683525 -8.166121
v -197.837769 0.683525 -8.166121
v -197.837769 -2.659801 -7.636590
v -193.748932 4.050891 -7.238224
v -193.748932 0.720374 -8.516683
v -193.748932 0.720374 -8.516683
v -193.748932 -2.803177 -7.958615
v -159.336716 5.129056 -8.722203
v -159.336731 0.912112 -10.340925
v -159.336731 0.912112 -10.340925
v -159.336716 -3.549243 -9.634323
v -151.178925 5.398552 -8.951662
v -151.178925 0.960035 -10.655445
v -151.178925 0.960035 -10.655445
v -151.178925 -3.735724 -9.911699
v -131.431808 5.528298 -8.556676
v -131.431808 0.983111 -10.301415
v -131.431808 0.983111 -10.301415
v -131.431808 -3.825504 -9.539804
v -110.179794 5.061534 -7.273190
v -110.179794 0.900106 -8.870605
v -110.179794 0.900106 -8.870605
v -110.179794 -3.502525 -8.173326
v -96.959221 4.473423 -6.157150
v -96.959221 0.795518 -7.568962
v -96.959221 -3.095547 -6.952679
v -85.436287 3.324511 -4.220853
v -85.436134 5.082060 -2.127297
v -96.959221 6.952678 -3.095531
v -110.179794 5.061534 -7.273190
v -110.179794 7.866735 -3.809054
v -131.431808 5.528298 -8.556676
v -131.431808 8.592186 -4.773099
v -151.178925 5.398552 -8.951662
v -151.178925 8.390530 -5.256866
v -159.336716 5.129056 -8.722203
v -159.336716 7.971675 -5.211854
v -193.748932 4.050891 -7.238224
v -193.748932 6.295977 -4.465776
v -197.837769 3.843699 -6.953045
v -197.837769 5.973955 -4.322403
v -210.411957 5.813478 -4.250957
v -223.671082 3.506119 -6.488400
v -223.671082 5.449276 -4.088802
v -230.756958 3.121027 -5.958366
v -230.756958 4.850760 -3.822322
v -251.053604 3.989614 -3.438905
v -255.294540 0.835967 -3.840432
v -255.294540 2.131061 -2.611435
v -223.671082 5.449276 -4.088802
v -210.411942 6.328794 -0.997443
v -223.671082 5.932310 -1.039110
v -230.756958 4.850760 -3.822322
v -230.756958 5.280732 -1.107592
v -251.053604 3.989614 -3.438905
v -251.053604 4.343253 -1.206120
v -255.294540 2.131061 -2.611435
v -255.294540 2.177797 -0.826629
v -255.294540 2.177797 -0.826629
v -251.053604 3.533117 0.904359
v -251.053619 1.776282 2.327017
v -255.294540 0.948798 0.468466
v -230.756958 2.159690 3.188157
v -230.756958 4.295734 1.458426
v -230.756958 4.295734 1.458426
v -230.756958 5.280732 -1.107592
v -223.671082 4.825766 1.843517
v -223.671082 5.932310 -1.039110
v -223.671082 2.426169 3.786672
v -223.671082 4.825766 1.843517
v -210.411957 5.148298 2.077846
v -210.411957 2.588321 4.150874
v -197.837769 2.659768 4.311341
v -197.837769 5.290411 2.181093
v -197.837769 5.290411 2.181093
v -197.837769 6.503483 -0.979083
v -193.748932 5.575583 2.388283
v -193.748932 6.854048 -0.942244
v -193.748932 2.803143 4.633364
v -193.748932 5.575583 2.388283
v -159.336731 7.059557 3.466438
v -159.336716 8.678282 -0.750511
v -159.336716 3.549212 6.309062
v -151.178925 7.430490 3.877409
v -151.178925 9.134273 -0.561104
v -151.178925 3.735693 6.869382
v -151.178925 7.430490 3.877409
v -131.431808 7.609056 4.580700
v -131.431824 9.353792 0.035503
v -131.431808 3.825476 7.644578
v -131.431808 7.609056 4.580700
v -110.179794 3.502492 7.560190
v -110.179794 6.966618 4.754988
v -110.179794 6.966618 4.754988
v -110.179794 8.564042 0.593561
v -96.959221 3.095528 6.952701
v -96.959221 6.157150 4.473444
v -96.959221 6.157150 4.473444
v -96.959221 7.568964 0.795542
v -85.436539 2.240659 5.032624
v -85.436783 4.476707 3.211400
v -85.436928 5.532813 0.559864
v -96.959221 6.952678 -3.095531
v -110.179794 7.866735 -3.809054
v -110.179794 8.564042 0.593561
v -131.431808 8.592186 -4.773099
v -131.431824 9.353792 0.035503
v -151.178925 8.390530 -5.256866
v -151.178925 9.134273 -0.561104
v -159.336716 7.971675 -5.211854
v -159.336716 8.678282 -0.750511
v -193.748932 6.295977 -4.465776
v -193.748932 6.854048 -0.942244
v -197.837769 5.973955 -4.322403
v -197.837769 6.503483 -0.979083
v -255.294540 0.948798 0.468466
v -251.053619 1.776282 2.327017
v -251.053604 -0.456514 2.680656
v -255.294540 -0.836004 0.515200
v -230.756958 -0.555046 3.618135
v -230.756958 2.159690 3.188157
v -223.671082 -0.623531 4.269699
v -223.671082 2.426169 3.786672
v -210.411957 -0.665200 4.666189
v -197.837769 -0.683560 4.840879
v -197.837769 2.659768 4.311341
v -193.748932 -0.720405 5.191443
v -193.748932 2.803143 4.633364
v -159.336731 -0.912139 7.015667
v -159.336716 3.549212 6.309062
v -151.178925 -0.960063 7.613128
v -151.178925 3.735693 6.869382
v -131.431808 -0.983129 8.406198
v -131.431808 3.825476 7.644578
v -110.179794 -0.900127 8.257488
v -110.179794 3.502492 7.560190
v -96.959221 -0.795538 7.568985
v -96.959221 3.095528 6.952701
v -85.436783 -0.605941 5.505718
v -96.959221 -0.795538 7.568985
v -85.436943 -3.292722 4.515493
v -96.959221 -4.473444 6.157175
v -110.179794 -0.900127 8.257488
v -110.179794 -5.061555 6.660077
v -131.431808 -0.983129 8.406198
v -131.431824 -5.528326 6.661448
v -151.178925 -0.960063 7.613128
v -151.178925 -5.398582 5.909347
v -159.336731 -0.912139 7.015667
v -159.336716 -5.129086 5.396935
v -193.748932 -0.720405 5.191443
v -193.748932 -4.050921 3.912974
v -197.837769 -0.683560 4.840879
v -197.837769 -3.843733 3.627803
v -210.411942 -3.740487 3.485694
v -223.671082 -0.623531 4.269699
v -223.671082 -3.506154 3.163166
v -230.756958 -0.555046 3.618135
v -230.756958 -3.121060 2.633139
v -251.053604 -2.566991 1.870523
v -255.294540 -0.836004 0.515200
v -251.053604 -3.989651 0.113681
v -255.294540 -2.131098 -0.713796
v -230.756958 -4.850795 0.497092
v -230.756958 -3.121060 2.633139
v -223.671082 -5.449313 0.763572
v -223.671082 -3.506154 3.163166
v -210.411957 -5.813513 0.925717
v -197.837769 -5.973984 0.997166
v -197.837769 -3.843733 3.627803
v -193.748932 -6.296000 1.140538
v -193.748932 -4.050921 3.912974
v -159.336716 -7.971706 1.886597
v -159.336716 -5.129086 5.396935
v -151.178925 -8.390556 2.214559
v -151.178925 -5.398582 5.909347
v -131.431808 -8.592205 2.877883
v -131.431824 -5.528326 6.661448
v -110.179794 -7.866753 3.195948
v -110.179794 -5.061555 6.660077
v -96.959221 -6.952700 3.095546
v -85.437698 -5.164838 2.275182
v -255.294540 -2.131098 -0.713796
v -251.053604 -3.989651 0.113681
v -251.053619 -4.343291 -2.119110
v -255.294540 -2.177836 -2.498599
v -230.756958 -5.280767 -2.217647
v -230.756958 -4.850795 0.497092
v -223.671082 -5.932333 -2.286134
v -223.671082 -5.449313 0.763572
v -210.411957 -6.328826 -2.327809
v -210.411957 -5.813513 0.925717
v -197.837769 -6.503515 -2.346169
v -197.837769 -5.973984 0.997166
v -193.748932 -6.854080 -2.383018
v -193.748932 -6.296000 1.140538
v -159.336716 -8.678310 -2.574762
v -159.336716 -7.971706 1.886597
v -151.178925 -9.134300 -2.481219
v -151.178925 -8.390556 2.214559
v -131.431808 -9.353817 -1.930729
v -131.431808 -8.592205 2.877883
v -110.179794 -8.564063 -1.206676
v -110.179794 -7.866753 3.195948
v -96.959221 -7.568984 -0.795520
v -96.959221 -6.952700 3.095546
v -85.437485 -5.561172 -0.550542
v -85.437698 -5.164838 2.275182
v -96.959221 -7.568984 -0.795520
v -85.436691 -4.442863 -3.184336
v -96.959221 -6.157168 -4.473423
v -110.179794 -8.564063 -1.206676
v -110.179794 -6.966638 -5.368103
v -131.431808 -9.353817 -1.930729
v -131.431808 -7.609077 -6.475923
v -151.178925 -9.134300 -2.481219
v -151.178925 -7.430520 -6.919734
v -159.336716 -8.678310 -2.574762
v -159.336731 -7.059579 -6.791704
v -193.748932 -6.854080 -2.383018
v -193.748932 -5.575613 -5.713531
v -197.837769 -6.503515 -2.346169
v -197.837769 -5.290443 -5.506342
v -210.411957 -5.148329 -5.403090
v -223.671082 -5.932333 -2.286134
v -223.671082 -4.825799 -5.168756
v -230.756958 -5.280767 -2.217647
v -230.756958 -4.295772 -4.783659
v -251.053619 -3.533154 -4.229586
v -255.294540 -2.177836 -2.498599
v -251.053604 -1.776317 -5.652248
v -255.294571 -0.948837 -3.793694
v -230.756958 -2.159725 -6.513395
v -230.756958 -4.295772 -4.783659
v -223.671082 -2.426204 -7.111913
v -223.671082 -4.825799 -5.168756
v -197.837769 -2.659801 -7.636590
v -197.837769 -5.290443 -5.506342
v -193.748932 -2.803177 -7.958615
v -193.748932 -5.575613 -5.713531
v -159.336716 -3.549243 -9.634323
v -159.336731 -7.059579 -6.791704
v -151.178925 -3.735724 -9.911699
v -151.178925 -7.430520 -6.919734
v -131.431808 -3.825504 -9.539804
v -131.431808 -7.609077 -6.475923
v -110.179794 -3.502525 -8.173326
v -110.179794 -6.966638 -5.368103
v -96.959221 -3.095547 -6.952679
v -85.436584 -2.196904 -4.902188
v -85.436600 0.647784 -5.272275
v -285.070709 0.742799 0.005794
v -257.463074 0.767729 0.061777
v -257.463043 -0.676467 0.099595
v -285.070709 -0.654507 0.042385
v -286.781860 0.501338 -0.536536
v -286.781860 -0.441760 -0.511838
v -288.646759 -0.000021 -1.662608
v -286.781860 1.150748 -1.220869
v -286.781860 0.501338 -0.536536
v -285.070709 1.704973 -1.008123
v -285.070709 0.742799 0.005794
v -257.463043 1.762190 -0.986166
v -257.463074 0.767729 0.061777
v -286.781860 1.126053 -2.163970
v -286.781860 1.150748 -1.220869
v -285.070709 1.668383 -2.405432
v -285.070709 1.704973 -1.008123
v -257.463074 1.724371 -2.430363
v -257.463043 1.762190 -0.986166
v -286.781830 0.441718 -2.813379
v -286.781860 1.126053 -2.163970
v -285.070709 0.654465 -3.367605
v -285.070709 1.668383 -2.405432
v -257.463074 0.676430 -3.424825
v -257.463074 1.724371 -2.430363
v -285.070709 -0.654507 0.042385
v -257.463043 -0.676467 0.099595
v -257.463074 -1.724409 -0.894865
v -285.070709 -1.668425 -0.919787
v -286.781860 -0.441760 -0.511838
v -286.781860 -1.126095 -1.161248
v -288.646759 -0.000021 -1.662608
v -286.781830 -1.150792 -2.104347
v -286.781860 -1.126095 -1.161248
v -285.070709 -1.705015 -2.317093
v -285.070709 -1.668425 -0.919787
v -257.463074 -1.762228 -2.339061
v -257.463074 -1.724409 -0.894865
v -286.781860 -0.501381 -2.788682
v -286.781830 -1.150792 -2.104347
v -285.070709 -0.742843 -3.331017
v -285.070709 -1.705015 -2.317093
v -257.463074 -0.767767 -3.387004
v -257.463074 -1.762228 -2.339061
v -286.781860 -0.501381 -2.788682
v -286.781830 0.441718 -2.813379
v -285.070709 -0.742843 -3.331017
v -285.070709 0.654465 -3.367605
v -257.463074 -0.767767 -3.387004
v -257.463074 0.676430 -3.424825
v -34.513260 0.796057 1.787985
v -33.585873 1.421053 3.191747
v -33.585873 -1.252067 3.261740
v -34.513260 -0.701401 1.827185
v -32.190720 -1.645980 4.287910
v -32.190720 1.868131 4.195900
v -34.513260 -0.701401 1.827185
v -33.585873 -1.252067 3.261740
v -33.585873 -3.191741 1.421059
v -34.513260 -1.787980 0.796064
v -32.190720 -4.195893 1.868136
v -32.190720 -1.645980 4.287910
v -34.513260 -1.787980 0.796064
v -33.585873 -3.191741 1.421059
v -33.585873 -3.261738 -1.252055
v -34.513260 -1.827189 -0.701375
v -32.190720 -4.287910 -1.645963
v -32.190720 -4.195893 1.868136
v -34.513260 -1.827189 -0.701375
v -33.585873 -3.261738 -1.252055
v -33.585873 -1.421058 -3.191736
v -34.513260 -0.796062 -1.787973
v -32.190720 -1.868135 -4.195889
v -32.190720 -4.287910 -1.645963
v -32.190720 1.868131 4.195900
v -28.719355 1.401699 3.148276
v -28.719355 -1.235015 3.217325
v -32.190720 -1.645980 4.287910
v -25.345572 -0.986692 2.570395
v -25.345572 1.119854 2.515241
v -18.597982 -0.858184 2.235626
v -18.597982 0.974001 2.187649
v -5.102823 -0.838346 2.183949
v -5.102823 0.951489 2.137081
v 13.778739 -1.121076 2.920493
v 13.778738 -2.857824 1.272384
v -5.102823 -2.137087 0.951494
v 14.438266 1.290622 2.898779
v -18.597982 -0.858184 2.235626
v -18.597982 -2.187655 0.974009
v -25.345572 -0.986692 2.570395
v -25.345572 -2.515243 1.119862
v -28.719355 -1.235015 3.217325
v -28.719355 -3.148276 1.401707
v -32.190720 -1.645980 4.287910
v -32.190720 -4.195893 1.868136
v 21.887516 -1.318601 3.435081
v 21.887516 -3.361362 1.496572
v 21.887516 1.496572 3.361349
v 26.705933 -1.115104 2.904934
v 26.705996 1.265611 2.842599
v 28.818357 -0.889482 2.317178
v 28.818357 1.009538 2.267450
v 30.930780 -0.663859 1.729422
v 30.930780 0.753466 1.692301
v 34.177959 0.000003 -0.000006
v 26.705933 -1.115104 2.904934
v 26.705933 -2.842601 1.265604
v 21.887516 -3.361362 1.496572
v 28.818357 -2.267453 1.009532
v 30.930780 -1.692306 0.753459
v 30.930780 -0.663859 1.729422
v 26.705933 -2.842601 1.265604
v 26.705933 -2.904940 -1.115102
v 28.818357 -2.317181 -0.889487
v 30.930780 -1.729422 -0.663872
v 30.930780 -1.692306 0.753459
v 21.887516 -3.435081 -1.318611
v 30.930780 -1.729422 -0.663872
v 30.930780 -0.753461 -1.692311
v 28.818357 -1.009534 -2.267460
v 26.705933 -2.904940 -1.115102
v 26.705933 -1.265606 -2.842607
v 21.887516 -3.435081 -1.318611
v 21.887516 -1.496569 -3.361356
v 13.778740 -2.920497 -1.121072
v 13.778738 -2.857824 1.272384
v -5.102823 -2.137087 0.951494
v -5.102824 -2.183953 -0.838333
v -18.597982 -2.187655 0.974009
v -18.597982 -2.235629 -0.858166
v -25.345572 -2.515243 1.119862
v -25.345572 -2.570400 -0.986669
v -28.719355 -3.148276 1.401707
v -28.719355 -3.217322 -1.235009
v -32.190720 -4.195893 1.868136
v -32.190720 -4.287910 -1.645963
v 13.778738 -1.272385 -2.857830
v 13.778740 -2.920497 -1.121072
v -5.102824 -2.183953 -0.838333
v -5.102824 -0.951490 -2.137079
v -18.597982 -2.235629 -0.858166
v -18.597984 -0.974004 -2.187642
v -25.345572 -2.570400 -0.986669
v -25.345572 -1.119858 -2.515233
v -28.719355 -3.217322 -1.235009
v -28.719355 -1.401703 -3.148267
v -32.190720 -4.287910 -1.645963
v -32.190720 -1.868135 -4.195889
v 21.887516 -1.496569 -3.361356
v 21.887516 1.318605 -3.435089
v 26.705933 -1.265606 -2.842607
v 26.705933 1.115109 -2.904943
v 13.778738 -1.272385 -2.857830
v 13.778739 1.121078 -2.920497
v -5.102824 0.838346 -2.183947
v -5.102824 -0.951490 -2.137079
v -18.597982 0.858181 -2.235620
v -18.597984 -0.974004 -2.187642
v -25.345572 0.986689 -2.570387
v -25.345572 -1.119858 -2.515233
v -28.719355 1.235011 -3.217315
v -28.719355 -1.401703 -3.148267
v -32.190720 1.645975 -4.287899
v -32.190720 -1.868135 -4.195889
v 28.818357 0.889487 -2.317188
v 30.930780 -0.753461 -1.692311
v 30.930780 0.663864 -1.729432
v 34.177959 0.000003 -0.000006
v 28.818357 2.267458 -1.009541
v 30.930780 0.663864 -1.729432
v 30.930780 1.692311 -0.753469
v 26.705933 2.842605 -1.265613
v 26.705933 1.115109 -2.904943
v 21.887516 3.361365 -1.496579
v 21.887516 1.318605 -3.435089
v 13.778739 1.121078 -2.920497
v 13.778738 2.857826 -1.272388
v -5.102824 2.137087 -0.951492
v -5.102824 0.838346 -2.183947
v -18.597982 2.187652 -0.974003
v -18.597982 0.858181 -2.235620
v -25.345572 2.515239 -1.119853
v -25.345572 0.986689 -2.570387
v -28.719355 3.148272 -1.401697
v -28.719355 1.235011 -3.217315
v -32.190720 4.195889 -1.868126
v -32.190720 1.645975 -4.287899
v -255.294571 0.948798 0.468466
v -34.513260 0.796057 1.787985
v -34.513260 -0.701401 1.827185
v -255.294540 -0.836004 0.515200
v -34.513260 -0.701401 1.827185
v -34.513260 -1.787980 0.796064
v -255.294540 -2.131098 -0.713796
v -255.294540 -2.131098 -0.713796
v -34.513260 -1.787980 0.796064
v -34.513260 -1.827189 -0.701375
v -255.294540 -2.177835 -2.498599
v -255.294540 -2.177835 -2.498599
v -34.513260 -1.827189 -0.701375
v -34.513260 -0.796062 -1.787973
v -255.294571 -0.948837 -3.793694
v -257.463074 0.767729 0.061777
v -256.286530 1.705748 2.168595
v -256.286560 -1.502937 2.252624
v -257.463043 -0.676467 0.099595
v -256.286530 -3.831230 0.043151
v -257.463074 -1.724409 -0.894865
v -256.286560 -3.915257 -3.165532
v -257.463074 -1.762228 -2.339061
v -256.286530 -1.705787 -5.493826
v -257.463074 -0.767767 -3.387004
v -256.286560 3.915218 -0.159696
v -257.463043 1.762190 -0.986166
v -256.286530 3.831191 -3.368376
v -257.463074 1.724371 -2.430363
v -257.463074 0.676430 -3.424825
v -256.286560 1.502900 -5.577847
v -257.463074 1.724371 -2.430363
v -256.286530 3.831191 -3.368376
v -256.286530 1.705748 2.168595
v -255.294571 0.948798 0.468466
v -255.294540 -0.836004 0.515200
v -256.286560 -1.502937 2.252624
v -255.294540 -2.131098 -0.713796
v -256.286530 -3.831230 0.043151
v -255.294540 -2.177835 -2.498599
v -256.286560 -3.915257 -3.165532
v -255.294571 -0.948837 -3.793694
v -256.286530 -1.705787 -5.493826
v -255.294540 2.177797 -0.826630
v -256.286560 3.915218 -0.159696
v -255.294540 2.131061 -2.611435
v -256.286530 3.831191 -3.368376
v -256.286560 1.502900 -5.577847
v -255.294540 0.835967 -3.840433
v -256.286530 3.831191 -3.368376
v -255.294540 2.131061 -2.611435
v -34.513260 0.796057 1.787985
v -34.513260 1.827184 0.701387
v -33.585873 3.261734 1.252066
v -33.585873 1.421053 3.191747
v -32.190720 4.287906 1.645973
v -32.190720 1.868131 4.195900
v -34.513260 1.827184 0.701387
v -34.513260 1.787975 -0.796053
v -33.585873 3.191736 -1.421048
v -33.585873 3.261734 1.252066
v -32.190720 4.195889 -1.868126
v -32.190720 4.287906 1.645973
v -34.513260 1.787975 -0.796053
v -34.513260 0.701396 -1.827174
v -33.585873 1.252062 -3.261729
v -33.585873 3.191736 -1.421048
v -32.190720 1.645975 -4.287899
v -32.190720 4.195889 -1.868126
v -34.513260 0.701396 -1.827174
v -34.513260 -0.796062 -1.787973
v -33.585873 -1.421058 -3.191736
v -33.585873 1.252062 -3.261729
v -32.190720 -1.868135 -4.195889
v -32.190720 1.645975 -4.287899
v -32.190720 1.868131 4.195900
v -32.190720 4.287906 1.645973
v -28.719355 3.217317 1.235018
v -28.719355 1.401699 3.148276
v -25.345572 2.570396 0.986677
v -25.345572 1.119854 2.515241
v -18.597982 2.235626 0.858172
v -18.597982 0.974001 2.187649
v -5.102823 2.183952 0.838334
v -5.102823 0.951489 2.137081
v 13.778738 2.920499 1.121067
v 13.778738 2.857826 -1.272388
v -5.102824 2.137087 -0.951492
v -18.597982 2.235626 0.858172
v -18.597982 2.187652 -0.974003
v -25.345572 2.570396 0.986677
v -25.345572 2.515239 -1.119853
v -28.719355 3.217317 1.235018
v -28.719355 3.148272 -1.401697
v -32.190720 4.287906 1.645973
v -32.190720 4.195889 -1.868126
v 21.887516 3.435085 1.318603
v 21.887516 3.361365 -1.496579
v 26.705933 2.842605 -1.265613
v 26.705933 2.904944 1.115093
v 28.818357 2.267458 -1.009541
v 28.818357 2.317186 0.889477
v 30.930780 1.729427 0.663861
v 30.930780 1.692311 -0.753469
v 30.930780 1.729427 0.663861
v 30.930780 0.753466 1.692301
v -255.294571 0.948798 0.468466
v -255.294540 2.177797 -0.826630
v -34.513260 1.827184 0.701387
v -34.513260 0.796057 1.787985
v -255.294540 2.177797 -0.826630
v -255.294540 2.131061 -2.611435
v -34.513260 1.787975 -0.796053
v -34.513260 1.827184 0.701387
v -255.294540 2.131061 -2.611435
v -255.294540 0.835967 -3.840433
v -34.513260 0.701396 -1.827174
v -34.513260 1.787975 -0.796053
v -255.294540 0.835967 -3.840433
v -255.294571 -0.948837 -3.793694
v -34.513260 -0.796062 -1.787973
v -34.513260 0.701396 -1.827174
v -20.216188 14.885407 -18.437199
v -19.631271 13.845412 -19.635334
v -15.187885 16.558388 -19.595764
v -15.648529 17.361998 -19.053204
v -23.190573 10.627292 -18.921566
v -24.314289 12.208007 -17.661932
v -27.452108 9.488736 -16.363697
v -26.272917 7.600183 -17.989428
v -29.818460 6.507685 -14.618800
v -28.909081 4.174496 -16.343760
v -31.978754 2.714641 -11.878799
v -30.862743 0.243974 -14.053777
v -32.111950 -3.643277 -11.188427
v -33.253052 -0.916715 -8.836478
v -33.812653 -3.661752 -6.205659
v -32.392387 -6.641314 -8.679900
v -11.750510 18.882334 -18.741177
v -10.836002 17.012159 -20.660873
v -14.517685 15.722921 -21.243286
v -14.076632 14.898766 -21.208693
v -18.069613 11.580194 -21.678368
v -19.323288 13.398549 -21.858057
v -19.631271 13.845412 -19.635334
v -23.410902 10.229730 -21.571999
v -23.190573 10.627292 -18.921566
v -26.452379 6.347738 -20.769457
v -26.272917 7.600183 -17.989428
v -28.909081 4.174496 -16.343760
v -28.923048 2.054187 -19.156185
v -30.862743 0.243974 -14.053777
v -30.661158 -2.609908 -17.046541
v -32.111950 -3.643277 -11.188427
v -31.553089 -6.776307 -14.482781
v -32.392387 -6.641314 -8.679900
v -31.670712 -9.829854 -11.541052
v -32.115967 -9.428531 -6.016212
v -31.409531 -12.277449 -8.440949
v -27.608227 -13.935431 -10.357780
v -27.275507 -11.777999 -13.089718
v -31.250174 -11.925570 -3.560141
v -30.581581 -13.869192 -5.511471
v -27.484076 -8.854620 -15.208347
v -26.190252 -0.298350 -19.464607
v -24.212404 4.087595 -20.907145
v -21.510469 8.074972 -21.697641
v -28.376501 -14.795603 -7.060438
v -29.516449 -14.777279 -3.415868
v -30.375751 -13.721342 -1.940219
v -27.209423 -4.918123 -17.567217
v -27.484076 -8.854620 -15.208347
v -27.275507 -11.777999 -13.089718
v -26.546516 -10.892311 -16.310753
v -25.777067 -7.430957 -19.752983
v -27.209423 -4.918123 -17.567217
v -24.600248 -3.423748 -22.288979
v -26.190252 -0.298350 -19.464607
v -22.650478 1.495377 -24.038172
v -24.212404 4.087595 -20.907145
v -20.210009 6.425683 -24.869913
v -21.510469 8.074972 -21.697641
v -17.078907 10.918994 -24.618404
v -18.069613 11.580194 -21.678368
v -14.076632 14.898766 -21.208693
v -13.070930 14.430016 -23.190811
v -10.010977 15.914236 -22.156931
v -11.873674 12.389375 -23.211920
v -14.911174 8.619384 -24.523249
v -9.352333 14.752600 -22.230923
v -17.392860 3.938872 -24.808529
v -19.256136 -1.252724 -24.008234
v -20.934181 -6.070583 -22.145498
v -22.403284 -9.135784 -19.898201
v -6.881336 16.802464 -20.976274
v -7.511862 17.989761 -19.796532
v -4.957397 18.342361 -19.319942
v -5.821128 15.257952 -22.857357
v -9.352333 14.752600 -22.230923
v -7.939114 13.632688 -24.454350
v -10.195342 11.685681 -25.759338
v -11.873674 12.389375 -23.211920
v -12.817722 7.522689 -26.892624
v -14.911174 8.619384 -24.523249
v -17.392860 3.938872 -24.808529
v -15.088432 2.738968 -27.103680
v -3.664231 16.505550 -21.528822
v -19.256136 -1.252724 -24.008234
v -17.358831 -2.756995 -25.277443
v -12.075321 1.170735 -26.490240
v -14.628427 -3.900589 -25.325937
v -20.934181 -6.070583 -22.145498
v -19.474096 -6.696327 -22.411270
v -8.123786 9.600033 -25.611771
v -10.132575 5.765602 -26.374502
v -6.455773 11.704592 -24.511879
v -4.739249 13.278576 -23.184923
v -2.810366 14.683372 -21.746351
v -0.423908 16.099361 -20.000078
v -0.833857 17.742764 -19.712490
v 2.393013 17.030346 -17.810934
v 2.161538 18.604267 -17.363527
v 5.429978 17.439863 -15.251121
v 5.212428 18.880526 -14.910974
v 8.615382 17.264120 -12.464695
v 8.674255 18.608810 -11.974957
v 11.699417 16.445646 -9.327120
v 12.011189 17.602085 -8.834880
v 6.055273 20.447851 -8.837744
v 9.719775 19.190649 -5.815962
v 2.545696 21.093351 -11.763620
v -0.442818 21.227009 -13.786774
v -3.438399 21.042080 -15.631166
v -6.253900 20.445728 -16.918158
v -8.544200 19.873234 -17.903137
v 14.705194 14.748117 -5.698839
v 15.234784 15.601507 -5.235895
v 17.466188 12.045723 -2.486151
v 18.146751 12.896407 -1.971470
v 20.567755 8.619656 -0.385298
v 21.417809 9.341062 0.281780
v 25.111832 5.540762 1.323433
v 23.569679 5.164576 0.568562
v 28.818357 2.317186 0.889477
v 25.381105 2.974359 0.660856
v 11.699417 16.445646 -9.327120
v 9.719775 19.190649 -5.815962
v 15.234784 15.601507 -5.235895
v 12.854609 17.333765 -2.602838
v 15.234784 15.601507 -5.235895
v 18.146751 12.896407 -1.971470
v 16.100225 14.197746 0.599724
v 21.417809 9.341062 0.281780
v 19.614849 10.248273 2.767382
v 25.111832 5.540762 1.323433
v 23.376602 5.840394 3.526515
v 28.818357 1.009538 2.267450
v 28.818357 2.317186 0.889477
v -33.718987 -6.493316 -3.144691
v -32.115967 -9.428531 -6.016212
v -33.812653 -3.661752 -6.205659
v -31.250174 -11.925570 -3.560141
v -32.934193 -8.897666 -0.355443
v -32.077507 -10.852835 1.836663
v -30.375751 -13.721342 -1.940219
v -29.162117 -14.975188 0.843236
v -30.937433 -12.834888 3.991717
v -28.364305 -15.191180 4.131389
v -28.375551 -14.920639 6.467159
v 20.567755 8.619656 -0.385298
v 13.184536 7.274974 0.638100
v 13.785167 4.449788 1.547691
v 23.569679 5.164576 0.568562
v 17.466188 12.045723 -2.486151
v 12.157405 10.141299 -1.894940
v 14.705194 14.748117 -5.698839
v 10.893962 12.739885 -4.753304
v 11.699417 16.445646 -9.327120
v 8.928801 15.010518 -8.240161
v 8.615382 17.264120 -12.464695
v 6.909446 15.964973 -11.271485
v 5.429978 17.439863 -15.251121
v 4.397888 16.343014 -14.218038
v 2.393013 17.030346 -17.810934
v 1.671582 16.004694 -16.614233
v -0.423908 16.099361 -20.000078
v -0.872687 15.197253 -18.722139
v -2.810366 14.683372 -21.746351
v -3.237782 14.209067 -20.707253
v -4.739249 13.278576 -23.184923
v -5.050547 13.064206 -22.103827
v -6.455773 11.704592 -24.511879
v -6.722206 11.579152 -23.428009
v -8.123786 9.600033 -25.611771
v -8.341976 9.587743 -24.624525
v -10.132575 5.765602 -26.374502
v -10.337601 5.726780 -25.444510
v -12.075321 1.170735 -26.490240
v -12.160952 1.211290 -25.519194
v -14.628427 -3.900589 -25.325937
v -14.443752 -3.695788 -24.414892
v -17.179947 -6.129822 -23.887402
v -16.836349 -5.908685 -23.049519
v -19.474096 -6.696327 -22.411270
v -19.103146 -6.418936 -21.605061
v -20.934181 -6.070583 -22.145498
v -20.634438 -5.838062 -21.294914
v -24.398993 -11.697659 -16.622700
v -22.403284 -9.135784 -19.898201
v -26.103712 -12.445491 -14.221725
v -17.179947 -6.129822 -23.887402
v -14.893685 15.959873 -18.951687
v -19.097006 12.783240 -19.202339
v -19.763662 14.437152 -17.641094
v -15.405187 16.992453 -18.209772
v -22.550777 9.920871 -18.577888
v -23.823015 11.904209 -16.919682
v -26.821417 9.258204 -15.702525
v -25.570150 6.996256 -17.601442
v -29.065571 6.347901 -14.066895
v -28.094273 3.772021 -15.969066
v -31.135849 2.667055 -11.434823
v -29.982161 0.039090 -13.704307
v -11.651263 18.423904 -17.947351
v -10.884740 16.741589 -19.635908
v -14.409971 15.572494 -20.221727
v -19.035168 12.795554 -21.166161
v -19.097006 12.783240 -19.202339
v -22.899195 9.621446 -20.984409
v -22.550777 9.920871 -18.577888
v -25.863031 5.899031 -20.135277
v -25.570150 6.996256 -17.601442
v -28.094273 3.772021 -15.969066
v -28.239456 1.823633 -18.521681
v -29.982161 0.039090 -13.704307
v -29.923988 -2.621753 -16.427330
v -31.191610 -3.661068 -10.904284
v -30.791943 -6.554120 -13.942155
v -31.464098 -6.494893 -8.479309
v -30.887936 -9.454329 -11.129462
v -17.773642 11.076764 -20.918489
v -13.844705 14.329510 -20.470762
v -31.201168 -9.153355 -5.917887
v -30.630320 -11.769625 -8.203465
v -27.112648 -13.265450 -9.873673
v -26.667580 -11.257067 -12.557180
v -30.368130 -11.545731 -3.545980
v -29.873272 -13.226668 -5.428146
v -26.805326 -8.523878 -14.612033
v -26.568909 -4.767180 -16.867764
v -25.612585 -0.376043 -18.718533
v -27.886709 -14.016565 -6.778740
v -28.897354 -14.042857 -3.399683
v -29.561728 -13.212406 -1.971990
v -12.979633 13.765151 -22.457056
v -13.844705 14.329510 -20.470762
v -16.830046 10.300007 -23.875738
v -17.773642 11.076764 -20.918489
v -10.074196 15.280482 -21.338755
v -21.095968 7.668179 -20.938015
v -19.838108 5.952373 -24.087774
v -23.709574 3.829726 -20.152491
v -22.185406 1.209675 -23.239712
v -25.612585 -0.376043 -18.718533
v -24.043468 -3.441074 -21.514017
v -26.568909 -4.767180 -16.867764
v -25.148932 -7.160584 -19.082756
v -26.805326 -8.523878 -14.612033
v -25.884041 -10.408750 -15.818756
v -26.667580 -11.257067 -12.557180
v -11.775703 11.854795 -22.391972
v -14.743433 8.117494 -23.695211
v -9.304048 14.133482 -21.558319
v -17.098228 3.592703 -23.956745
v -18.911345 -1.354001 -23.139662
v -20.634438 -5.838062 -21.294914
v -22.088938 -8.665851 -19.133343
v -24.039595 -11.067777 -16.006714
v -25.526642 -11.790066 -13.845031
v -6.842856 15.669167 -20.418550
v -8.665570 19.265865 -17.175472
v -6.377620 19.827757 -16.244064
v -4.708721 16.566822 -18.885849
v -3.237782 14.209067 -20.707253
v -5.050547 13.064206 -22.103827
v -8.001922 12.984125 -23.691912
v -9.304048 14.133482 -21.558319
v -10.093416 11.032901 -25.002165
v -11.775703 11.854795 -22.391972
v -12.499916 7.452050 -26.024542
v -14.743433 8.117494 -23.695211
v -17.098228 3.592703 -23.956745
v -14.876835 2.472123 -26.209034
v -18.911345 -1.354001 -23.139662
v -16.846422 -2.750300 -24.404020
v -12.160952 1.211290 -25.519194
v -14.443752 -3.695788 -24.414892
v -20.634438 -5.838062 -21.294914
v -19.103146 -6.418936 -21.605061
v -8.341976 9.587743 -24.624525
v -10.337601 5.726780 -25.444510
v -6.722206 11.579152 -23.428009
v -16.836349 -5.908685 -23.049519
v -31.464098 -6.494893 -8.479309
v -31.201168 -9.153355 -5.917887
v -32.830185 -6.162886 -2.984019
v -32.910442 -3.468837 -5.940804
v -31.191610 -3.661068 -10.904284
v -31.464098 -6.494893 -8.479309
v -32.360912 -0.855890 -8.492925
v -31.135849 2.667055 -11.434823
v -30.368130 -11.545731 -3.545980
v -32.065948 -8.491053 -0.272703
v -31.252502 -10.359000 1.878495
v -29.561728 -13.212406 -1.971990
v -28.420088 -14.367224 0.795019
v -30.204567 -12.211917 3.997025
v -27.712292 -14.491790 4.042378
v -27.722942 -14.220092 6.392715
v -31.201168 -9.153355 -5.917887
v -22.899195 9.621446 -20.984409
v -21.095968 7.668179 -20.938015
v -23.709574 3.829726 -20.152491
v -25.863031 5.899031 -20.135277
v 19.573938 5.420527 3.481966
v 14.389429 4.674129 3.066993
v 13.665031 7.950483 1.951591
v 17.398378 9.400043 2.558814
v 12.577755 11.217992 -0.824535
v 14.732758 13.402375 0.213929
v 11.138435 13.907135 -3.779117
v 12.095317 16.314634 -2.658110
v 14.438266 1.290622 2.898779
v 21.887516 1.496572 3.361349
v 12.157405 10.141299 -1.894940
v 13.184536 7.274974 0.638100
v 14.389429 4.674129 3.066993
v 13.785167 4.449788 1.547691
v 13.778738 2.920499 1.121067
v 14.438266 1.290622 2.898779
v 10.893962 12.739885 -4.753304
v 8.928801 15.010518 -8.240161
v 8.823848 16.258865 -7.158625
v 6.909446 15.964973 -11.271485
v 6.140450 17.690605 -9.917625
v 9.095410 18.193705 -5.786248
v 5.640607 19.522951 -8.692932
v 3.192249 17.926344 -12.883714
v 2.184013 20.145794 -11.544883
v 0.501909 18.038696 -15.031698
v -0.713288 20.322380 -13.448452
v -2.201860 17.549511 -17.111965
v -3.607046 20.198912 -15.165004
v -0.872687 15.197253 -18.722139
v 1.671582 16.004694 -16.614233
v 4.397888 16.343014 -14.218038
v -15.648529 17.361998 -19.053204
v -15.405187 16.992453 -18.209772
v -19.763662 14.437152 -17.641094
v -20.216188 14.885407 -18.437199
v -23.823015 11.904209 -16.919682
v -24.314289 12.208007 -17.661932
v -26.821417 9.258204 -15.702525
v -27.452108 9.488736 -16.363697
v -29.065571 6.347901 -14.066895
v -29.818460 6.507685 -14.618800
v -31.135849 2.667055 -11.434823
v -31.978754 2.714641 -11.878799
v -32.360912 -0.855890 -8.492925
v -33.253052 -0.916715 -8.836478
v -32.910442 -3.468837 -5.940804
v -33.812653 -3.661752 -6.205659
v -32.830185 -6.162886 -2.984019
v -33.718987 -6.493316 -3.144691
v -32.065948 -8.491053 -0.272703
v -32.934193 -8.897666 -0.355443
v -31.252502 -10.359000 1.878495
v -32.077507 -10.852835 1.836663
v -30.204567 -12.211917 3.997025
v -30.937433 -12.834888 3.991717
v -27.722942 -14.220092 6.392715
v -28.375551 -14.920639 6.467159
v -29.516449 -14.777279 -3.415868
v -28.897354 -14.042857 -3.399683
v -27.886709 -14.016565 -6.778740
v -28.376501 -14.795603 -7.060438
v -27.112648 -13.265450 -9.873673
v -27.608227 -13.935431 -10.357780
v -26.667580 -11.257067 -12.557180
v -27.275507 -11.777999 -13.089718
v -30.375751 -13.721342 -1.940219
v -29.561728 -13.212406 -1.971990
v -29.162117 -14.975188 0.843236
v -28.420088 -14.367224 0.795019
v -29.561728 -13.212406 -1.971990
v -30.375751 -13.721342 -1.940219
v -28.364305 -15.191180 4.131389
v -27.712292 -14.491790 4.042378
v -28.375551 -14.920639 6.467159
v -27.722942 -14.220092 6.392715
v -22.403284 -9.135784 -19.898201
v -22.088938 -8.665851 -19.133343
v -20.634438 -5.838062 -21.294914
v -20.934181 -6.070583 -22.145498
v -24.398993 -11.697659 -16.622700
v -24.039595 -11.067777 -16.006714
v -26.103712 -12.445491 -14.221725
v -25.526642 -11.790066 -13.845031
v -27.275507 -11.777999 -13.089718
v -26.667580 -11.257067 -12.557180
v 23.376602 5.840394 3.526515
v 19.573938 5.420527 3.481966
v 17.398378 9.400043 2.558814
v 19.614849 10.248273 2.767382
v 14.732758 13.402375 0.213929
v 16.100225 14.197746 0.599724
v 12.095317 16.314634 -2.658110
v 12.854609 17.333765 -2.602838
v 9.095410 18.193705 -5.786248
v 9.719775 19.190649 -5.815962
v 5.640607 19.522951 -8.692932
v 6.055273 20.447851 -8.837744
v 2.184013 20.145794 -11.544883
v 2.545696 21.093351 -11.763620
v -0.713288 20.322380 -13.448452
v -0.442818 21.227009 -13.786774
v -3.607046 20.198912 -15.165004
v -3.438399 21.042080 -15.631166
v -6.377620 19.827757 -16.244064
v -6.253900 20.445728 -16.918158
v -8.665570 19.265865 -17.175472
v -8.544200 19.873234 -17.903137
v -11.651263 18.423904 -17.947351
v -11.750510 18.882334 -18.741177
v 13.778738 2.920499 1.121067
v 25.381105 2.974359 0.660856
v 21.887516 1.496572 3.361349
v 26.705996 1.265611 2.842599
v 28.818357 1.009538 2.267450
v 14.438266 1.290622 2.898779
v -85.436134 5.082060 -2.127297
v -73.956551 6.607322 -5.490973
v -73.755051 6.733706 -4.165382
v -85.436287 3.324511 -4.220853
v -74.381218 5.701669 -7.038732
v -74.887878 4.465012 -7.976738
v -74.381218 5.701669 -7.038732
v -85.436600 0.647784 -5.272275
v -75.446152 2.938412 -8.602324
v -75.983742 1.373744 -8.689295
v -85.436584 -2.196904 -4.902188
v -76.408813 -0.276665 -8.224440
v -76.856529 -1.805131 -7.173220
v -85.436691 -4.442863 -3.184336
v -76.816948 -3.671494 -5.727805
v -76.817650 -5.033453 -3.878340
v -85.437485 -5.561172 -0.550542
v -76.065041 -6.541754 -1.990021
v -75.345612 -7.177725 -0.011544
v -85.437698 -5.164838 2.275182
v -73.755051 -7.614833 2.229461
v -72.752754 -6.400321 3.964814
v -85.436943 -3.292722 4.515493
v -72.662621 -5.223762 5.484363
v -72.981644 -3.675339 6.444922
v -85.436783 -0.605941 5.505718
v -73.330437 -1.239282 6.918296
v -73.330437 -1.239282 6.918296
v -85.436539 2.240659 5.032624
v -74.035149 2.546432 7.326703
v -85.436783 4.476707 3.211400
v -74.448509 5.197289 6.325086
v -74.482346 7.084331 3.963068
v -74.035149 2.546432 7.326703
v -85.436928 5.532813 0.559864
v -74.085037 7.496560 0.624803
v -73.805412 7.376437 -1.243663
v -74.482346 7.084331 3.963068
v -73.581612 7.115351 -3.240052
v -85.436134 5.082060 -2.127297
v -73.755051 6.733706 -4.165382
v -51.384171 15.482448 -22.540928
v -53.923504 21.246458 -18.796347
v -62.321846 15.046141 -13.480604
v -59.607479 12.242643 -16.807180
v -62.871418 18.017298 -8.676181
v -55.056541 26.446966 -11.428306
v -68.082207 12.608960 -6.821763
v -67.219543 11.637478 -10.209204
v -61.421139 10.091973 -12.047243
v -47.698997 15.464590 -18.594746
v -45.061516 18.558462 -12.001713
v -56.812988 12.251534 -9.010533
v -73.956551 6.607322 -5.490973
v -73.956551 6.607322 -5.490973
v -73.755051 6.733706 -4.165382
v -74.381218 5.701669 -7.038732
v -58.391548 4.582356 -7.797050
v -57.678520 7.142951 -6.908517
v -48.800983 9.641397 -9.122853
v -46.881367 6.815018 -10.816625
v -37.430996 14.483922 -13.256845
v -41.469585 17.871084 -10.498737
v -53.697182 12.389081 -7.491880
v -35.258526 10.390241 -16.351007
v -56.812988 12.251534 -9.010533
v -45.061516 18.558462 -12.001713
v -36.562649 6.528489 -18.658817
v -47.861198 4.293610 -13.139455
v -39.506550 3.585566 -20.918495
v -51.825413 3.659055 -14.686169
v -57.102623 3.151363 -9.880410
v -54.643909 5.404456 -15.506239
v -42.281963 5.489799 -22.309898
v -74.887878 4.465012 -7.976738
v -74.381218 5.701669 -7.038732
v -75.446152 2.938412 -8.602324
v -70.503799 4.140552 -17.467289
v -66.931595 7.986196 -17.385921
v -59.534969 11.358670 -24.110147
v -61.127560 6.270389 -28.598282
v -47.960018 14.256526 -31.944536
v -45.940140 16.780579 -26.609865
v -56.882183 12.075496 -18.172817
v -49.381493 7.871382 -36.762009
v -55.146965 10.243266 -16.236341
v -43.714687 15.119923 -23.817039
v -42.281963 5.489799 -22.309898
v -54.643909 5.404456 -15.506239
v -74.887878 4.465012 -7.976738
v -49.566723 1.982055 -37.262966
v -60.861931 1.181386 -28.570099
v -48.002857 -2.244782 -34.331726
v -58.647923 -0.659043 -24.838045
v -68.123581 0.694757 -19.187138
v -57.068207 1.204124 -23.329395
v -45.611065 0.413989 -32.192516
v -44.233009 8.415544 -30.210646
v -56.874107 6.214896 -21.921053
v -75.983742 1.373744 -8.689295
v -75.983742 1.373744 -8.689295
v -70.503799 4.140552 -17.467289
v -76.408813 -0.276665 -8.224440
v -62.499424 2.436117 -11.523246
v -60.112278 4.877698 -14.287592
v -49.595722 5.521285 -19.868935
v -48.554161 2.511187 -18.310143
v -37.467232 5.225494 -26.584391
v -41.061119 9.115474 -28.347870
v -53.869682 8.010606 -21.500656
v -36.614914 2.006318 -25.678562
v -56.874107 6.214896 -21.921053
v -44.233009 8.415544 -30.210646
v -53.869682 8.010606 -21.500656
v -76.856529 -1.805131 -7.173220
v -60.148705 -0.772070 -12.748121
v -50.836723 -0.759218 -16.522833
v -48.554161 2.511187 -18.310143
v -38.225758 -2.042147 -23.750135
v -42.880680 -4.308642 -22.404711
v -56.940533 -3.633786 -15.553004
v -61.192055 -3.833996 -16.017843
v -47.476604 -5.069328 -23.391855
v -76.816948 -3.671494 -5.727805
v -72.615013 -10.044731 -13.574062
v -72.861549 -6.334943 -16.773296
v -67.040398 -10.371242 -26.125788
v -63.589195 -4.784013 -29.083242
v -70.700958 -3.874658 -18.126408
v -65.535416 -16.267380 -21.608948
v -66.056412 -2.973032 -17.773569
v -57.413441 -3.761925 -28.487579
v -47.476604 -5.069328 -23.391855
v -61.192055 -3.833996 -16.017843
v -76.856529 -1.805131 -7.173220
v -62.415588 -20.077923 -17.538887
v -70.520287 -12.609981 -10.344732
v -53.597435 -23.089287 -12.004107
v -66.640846 -14.150428 -7.867648
v -62.585506 -12.328371 -8.149164
v -47.059341 -21.264421 -11.231320
v -43.661125 -18.542936 -17.526657
v -59.976810 -10.699988 -10.659865
v -76.817650 -5.033453 -3.878340
v -76.817650 -5.033453 -3.878340
v -76.816948 -3.671494 -5.727805
v -76.065041 -6.541754 -1.990021
v -57.065979 -9.023774 -3.907104
v -75.345612 -7.177725 -0.011544
v -55.651337 -10.583505 -0.611232
v -45.147537 -13.780348 -0.517656
v -44.007526 -12.075223 -6.156616
v -32.186310 -20.651024 0.287458
v -36.789135 -22.172203 6.148229
v -49.032883 -15.999100 3.101734
v -30.650114 -17.685291 -8.894030
v -52.623909 -17.390526 1.320172
v -40.175297 -24.136917 5.116925
v -75.345612 -7.177725 -0.011544
v -33.285637 -15.055216 -16.734484
v -47.155006 -11.008986 -10.843364
v -39.323109 -15.166939 -20.043928
v -54.545284 -9.931477 -13.277193
v -57.730061 -8.062931 -7.522130
v -59.976810 -10.699988 -10.659865
v -43.661125 -18.542936 -17.526657
v -53.951469 -20.119316 -1.670931
v -52.623909 -17.390526 1.320172
v -40.175297 -24.136917 5.116925
v -44.253010 -28.033279 -2.634857
v -48.345772 -29.484158 -3.252904
v -56.440063 -21.231415 -2.560615
v -60.725410 -21.024439 0.982192
v -53.357365 -29.188307 3.479211
v -62.871410 -18.503593 7.583975
v -55.056534 -26.189367 12.006914
v -68.082207 -13.512248 4.809489
v -66.570442 -15.315119 0.046817
v -73.755051 -7.614833 2.229461
v -54.026661 -20.597113 18.357689
v -62.085018 -15.047120 12.752123
v -51.535442 -16.584026 19.703888
v -60.104946 -12.026917 13.390236
v -66.238121 -11.768396 8.997110
v -72.752754 -6.400321 3.964814
v -58.659973 -11.273696 11.453543
v -48.686893 -15.943135 17.789877
v -45.075039 -21.006119 9.616023
v -56.937752 -13.814443 7.162364
v -72.752754 -6.400321 3.964814
v -72.662621 -5.223762 5.484363
v -59.138596 -7.038496 6.306379
v -58.401520 -9.546914 5.064900
v -49.177673 -12.586949 7.338381
v -47.397663 -9.320796 10.115525
v -37.395000 -17.080984 11.377617
v -41.449451 -20.576387 8.099252
v -53.713169 -14.492975 5.157620
v -35.323425 -12.440442 15.320212
v -56.937752 -13.814443 7.162364
v -45.075039 -21.006119 9.616023
v -56.882183 12.075496 -18.172817
v -57.120720 10.156686 11.662040
v -46.621853 14.364161 16.976913
v -46.920067 18.194799 14.997149
v -56.193542 13.160100 10.738338
v -72.822144 4.637598 4.061055
v -47.206024 13.146887 19.021669
v -58.426701 8.241218 14.076163
v -66.480705 4.061028 10.251851
v -45.273418 22.254715 11.269857
v -53.369278 16.405268 9.091215
v -48.741173 13.533939 20.679741
v -60.281040 8.071918 15.995391
v -68.570877 3.123580 11.316461
v -68.710411 6.098974 11.884803
v -74.035149 2.546432 7.326703
v -64.505020 8.920866 14.929757
v -68.095505 10.343502 12.289718
v -53.633244 14.871634 21.639320
v -57.290146 17.199945 20.606907
v -69.755112 12.947634 8.599281
v -60.984020 21.186321 15.818757
v -61.620785 24.475115 8.765859
v -69.071968 15.523583 4.614883
v -59.700367 25.670616 3.858237
v -67.162674 17.331364 1.683587
v -74.085037 7.496560 0.624803
v -74.482346 7.084331 3.963068
v -63.469734 17.277016 0.601988
v -60.414268 16.231804 1.420800
v -55.270866 25.811499 0.510149
v -51.014462 25.175068 1.099651
v -45.923988 23.158964 8.605614
v -57.570301 15.019118 4.412589
v -74.085037 7.496560 0.624803
v -74.448509 5.197289 6.325086
v -73.805412 7.376437 -1.243663
v -58.778255 9.357808 -1.053994
v -57.370098 10.853842 1.632622
v -50.033375 15.478011 2.595845
v -48.535454 15.632834 -1.088248
v -39.760143 21.829311 5.234367
v -42.649143 22.065109 8.567037
v -54.360447 15.127099 4.837858
v -38.354916 22.082968 -0.953222
v -57.570301 15.019118 4.412589
v -45.923988 23.158964 8.605614
v -54.360447 15.127099 4.837858
v -39.830658 22.447828 -6.300294
v -49.782001 15.603925 -5.238813
v -42.907730 22.373615 -10.641294
v -53.473461 15.928797 -6.754652
v -58.778255 9.357808 -1.053994
v -57.089367 10.957486 -3.823638
v -56.002937 17.189871 -6.589974
v -45.906357 23.620398 -9.655812
v -73.581612 7.115351 -3.240052
v -73.581612 7.115351 -3.240052
v -73.755051 6.733706 -4.165382
v -68.082207 12.608960 -6.821763
v -65.867928 14.241481 -2.653429
v -61.276100 19.510794 -2.715194
v -62.871418 18.017298 -8.676181
v -53.681713 28.308830 -2.802566
v -50.708984 26.895872 0.815243
v -58.135185 20.024881 -0.118391
v -55.056541 26.446966 -11.428306
v -56.430363 19.455296 -1.308255
v -56.002937 17.189871 -6.589974
v -45.906357 23.620398 -9.655812
v -47.997208 25.357231 0.210870
v -36.692959 21.168755 7.633327
v -30.511028 15.790633 8.050362
v -43.526901 11.072023 4.347294
v -48.087395 15.183250 4.404869
v -41.875187 5.468754 6.468715
v -27.750051 6.972991 9.896395
v -54.466511 3.661768 3.971744
v -52.683887 8.561333 3.357838
v -53.369278 16.405268 9.091215
v -45.273418 22.254715 11.269857
v -72.576172 -0.351887 4.801543
v -53.686092 -0.096300 6.672798
v -44.315155 -0.485851 9.364443
v -41.875187 5.468754 6.468715
v -30.594454 -0.880124 14.416547
v -36.065502 -5.222499 17.394043
v -49.800350 -3.939579 12.594432
v -53.680397 -2.474324 13.740766
v -42.550510 -4.149264 19.663105
v -72.576172 -0.351887 4.801543
v -73.330437 -1.239282 6.918296
v -57.484882 2.828688 13.749898
v -60.451797 3.630920 15.496243
v -50.038727 5.463535 23.412956
v -46.134197 4.302477 20.226521
v -43.977634 1.136585 18.827093
v -54.594402 0.613950 13.368895
v -62.283886 3.035444 16.875074
v -53.446194 4.287682 25.596437
v -63.490536 0.184455 17.518122
v -54.835556 0.581571 26.590761
v -63.052437 -3.164414 17.225309
v -52.705776 -4.417945 25.460829
v -61.204224 -4.372980 16.229223
v -50.813110 -6.280129 24.218140
v -73.330437 -1.239282 6.918296
v -72.981644 -3.675339 6.444922
v -61.429993 -6.622936 15.445038
v -50.854740 -8.681912 24.278130
v -56.594971 -10.924221 26.201574
v -64.574310 -6.682081 16.952295
v -60.037750 -16.746660 26.010618
v -66.916077 -10.194452 17.091909
v -56.543617 -19.008896 22.910078
v -64.156143 -12.255083 15.043735
v -61.692673 -10.824540 14.417537
v -52.289280 -16.949821 21.578024
v -44.584324 -6.266750 23.306904
v -57.994961 -6.513970 15.652024
v -72.981644 -3.675339 6.444922
v -72.662621 -5.223762 5.484363
v -59.138596 -7.038496 6.306379
v -58.357971 -4.063996 9.670609
v -48.835026 -5.564289 13.447027
v -47.397663 -9.320796 10.115525
v -54.338371 -4.113899 15.588709
v -40.597527 -4.399245 22.079208
v -36.845078 -7.874786 19.011034
v -47.397663 -9.320796 10.115525
v -35.323425 -12.440442 15.320212
v -57.994961 -6.513970 15.652024
v -44.584324 -6.266750 23.306904
v -72.576172 -0.351887 4.801543
v -53.680397 -2.474324 13.740766
v -42.550510 -4.149264 19.663105
v -73.330437 -1.239282 6.918296
v -73.330437 -1.239282 6.918296
v -74.035149 2.546432 7.326703
v -73.330437 -1.239282 6.918296
v -66.480705 4.061028 10.251851
v -85.986443 2.410964 5.415137
v -80.921501 2.977587 6.687791
v -80.921501 -0.765226 7.280595
v -85.986443 -0.619611 5.895133
v -91.051376 3.061136 6.875450
v -91.051376 -0.786700 7.484888
v -85.986443 4.795519 3.484162
v -80.921501 5.922555 4.302999
v -85.986443 2.410964 5.415137
v -91.051376 6.088741 4.423740
v -85.986443 5.895118 0.619613
v -80.921501 7.280581 0.765227
v -85.986443 4.795519 3.484162
v -91.051376 7.484873 0.786700
v -85.986443 5.415119 -2.410969
v -80.921501 6.687775 -2.977592
v -85.986443 5.895118 0.619613
v -91.051376 6.875438 -3.061131
v -85.986443 -0.619611 5.895133
v -80.921501 -4.302999 5.922575
v -85.986443 -3.484162 4.795538
v -91.051376 -4.423745 6.088766
v -85.986443 -3.484162 4.795538
v -80.921501 -6.687795 2.977598
v -85.986443 -5.415141 2.410976
v -91.051376 -6.875451 3.061162
v -85.986443 -5.415141 2.410976
v -80.921501 -7.280597 -0.765210
v -85.986443 -5.895134 -0.619594
v -91.051376 -7.484890 -0.786680
v -85.986443 -5.895134 -0.619594
v -80.921501 -5.922575 -4.302980
v -85.986443 -4.795537 -3.484143
v -91.051376 -6.088759 -4.423719
v -85.986443 -4.795537 -3.484143
v -80.921501 -2.977602 -6.687774
v -85.986443 -2.410980 -5.415120
v -91.051376 -3.061153 -6.875430
v -85.986443 -2.410980 -5.415120
v -80.921501 0.765210 -7.280577
v -85.986443 0.619594 -5.895116
v -91.051376 0.786682 -7.484867
v -85.986443 0.619594 -5.895116
v -80.921501 4.302984 -5.922558
v -85.986443 3.484143 -4.795520
v -91.051376 4.423727 -6.088742
v -85.986443 3.484143 -4.795520
v -80.921501 6.687775 -2.977592
v -85.986443 5.415119 -2.410969
v -91.051376 6.875438 -3.061131
vn -0.0947 0.5900 -0.8018
vn -0.0947 0.0979 -0.9907
vn -0.4718 0.3157 -0.8232
vn -0.4558 -0.3620 -0.8132
vn -0.1075 -0.4043 -0.9083
vn -0.0599 0.5867 -0.8076
vn -0.0599 0.1047 -0.9927
vn -0.0599 0.1043 -0.9927
vn -0.0599 -0.4060 -0.9119
vn -0.0502 0.5870 -0.8080
vn -0.0502 0.1044 -0.9933
vn -0.0502 -0.4061 -0.9124
vn -0.0220 0.5876 -0.8088
vn -0.0220 0.1046 -0.9943
vn -0.0220 0.1045 -0.9943
vn -0.0220 -0.4066 -0.9133
vn -0.0325 0.5873 -0.8087
vn -0.0325 0.1045 -0.9940
vn -0.0325 0.1044 -0.9940
vn -0.0325 -0.4065 -0.9131
vn -0.0505 0.5870 -0.8080
vn -0.0505 0.1044 -0.9932
vn -0.0505 0.1044 -0.9933
vn -0.0505 -0.4061 -0.9124
vn -0.0580 0.5867 -0.8077
vn -0.0580 0.1047 -0.9928
vn -0.0580 0.1043 -0.9929
vn -0.0580 -0.4060 -0.9120
vn -0.0670 0.5863 -0.8073
vn -0.0670 0.1043 -0.9923
vn -0.0670 0.1042 -0.9923
vn -0.0670 -0.4057 -0.9116
vn -0.0260 0.5875 -0.8088
vn -0.0260 0.1045 -0.9942
vn -0.0261 0.1041 -0.9942
vn -0.0261 -0.4066 -0.9132
vn 0.0200 0.5876 -0.8089
vn 0.0200 0.1046 -0.9943
vn 0.0200 0.1042 -0.9944
vn 0.0200 -0.4066 -0.9134
vn 0.1009 0.5824 -0.8066
vn 0.1032 0.1064 -0.9890
vn 0.1016 -0.4001 -0.9108
vn 0.0423 0.5889 -0.8071
vn 0.0612 0.9123 -0.4050
vn 0.0969 0.9080 -0.4077
vn 0.0200 0.5877 -0.8088
vn 0.0200 0.9133 -0.4069
vn -0.0260 0.5876 -0.8087
vn -0.0260 0.9132 -0.4067
vn -0.0670 0.5865 -0.8072
vn -0.0670 0.9115 -0.4059
vn -0.0580 0.5869 -0.8076
vn -0.0580 0.9120 -0.4061
vn -0.0505 0.5871 -0.8079
vn -0.0505 0.9124 -0.4062
vn -0.0325 0.5876 -0.8085
vn -0.0325 0.9129 -0.4068
vn -0.0220 0.5877 -0.8088
vn -0.0220 0.9133 -0.4067
vn -0.0502 0.5872 -0.8079
vn -0.0502 0.9124 -0.4062
vn -0.0599 0.5868 -0.8075
vn -0.0599 0.9119 -0.4061
vn -0.0947 0.5902 -0.8017
vn -0.1075 0.9082 -0.4045
vn -0.4718 0.3161 -0.8231
vn -0.4558 0.8130 -0.3622
vn -0.0220 0.9943 0.1045
vn -0.0220 0.9134 -0.4066
vn -0.0502 0.9125 -0.4061
vn -0.0502 0.9933 0.1044
vn -0.0599 0.9119 -0.4060
vn -0.0599 0.9927 0.1043
vn -0.1075 0.9083 -0.4043
vn -0.0947 0.9907 0.0978
vn -0.4558 0.8132 -0.3620
vn -0.4719 0.8231 0.3159
vn -0.0948 0.8017 0.5901
vn -0.0947 0.9907 0.0979
vn -0.4718 0.8231 0.3162
vn -0.1074 0.4045 0.9082
vn -0.4558 0.3622 0.8130
vn -0.0599 0.4061 0.9119
vn -0.0599 0.8075 0.5868
vn -0.0599 0.8077 0.5866
vn -0.0599 0.9927 0.1047
vn -0.0502 0.8080 0.5870
vn -0.0502 0.4062 0.9124
vn -0.0502 0.8079 0.5872
vn -0.0220 0.8089 0.5875
vn -0.0220 0.9943 0.1046
vn -0.0220 0.4067 0.9133
vn -0.0220 0.8088 0.5877
vn -0.0325 0.4068 0.9129
vn -0.0325 0.8085 0.5876
vn -0.0325 0.8087 0.5873
vn -0.0325 0.9940 0.1045
vn -0.0505 0.8080 0.5870
vn -0.0505 0.9932 0.1044
vn -0.0505 0.4062 0.9124
vn -0.0505 0.8079 0.5871
vn -0.0580 0.8077 0.5867
vn -0.0580 0.9928 0.1044
vn -0.0580 0.4061 0.9120
vn -0.0580 0.8076 0.5869
vn -0.0670 0.8073 0.5863
vn -0.0670 0.9923 0.1043
vn -0.0669 0.4059 0.9115
vn -0.0670 0.8072 0.5865
vn -0.0260 0.8088 0.5875
vn -0.0260 0.9942 0.1045
vn -0.0260 0.4067 0.9132
vn -0.0260 0.8087 0.5876
vn 0.0200 0.4069 0.9133
vn 0.0200 0.8087 0.5879
vn 0.0200 0.8089 0.5876
vn 0.0200 0.9943 0.1045
vn 0.0972 0.4056 0.9089
vn 0.0968 0.8045 0.5860
vn 0.0957 0.9898 0.1055
vn 0.0292 0.3193 0.9472
vn 0.0608 0.8122 0.5802
vn 0.0608 0.8123 0.5801
vn 0.0761 0.9909 0.1110
vn 0.0969 0.9081 -0.4074
vn 0.0200 0.9134 -0.4066
vn -0.0260 0.9133 -0.4065
vn -0.0260 0.9942 0.1041
vn -0.0670 0.9115 -0.4058
vn -0.0669 0.9923 0.1042
vn -0.0580 0.9120 -0.4060
vn -0.0580 0.9929 0.1043
vn -0.0505 0.9124 -0.4061
vn -0.0505 0.9933 0.1044
vn -0.0325 0.9131 -0.4065
vn -0.0325 0.9940 0.1044
vn 0.0611 0.9123 -0.4049
vn -0.0947 -0.0978 0.9907
vn -0.1075 0.4043 0.9083
vn -0.4558 0.3619 0.8132
vn -0.4719 -0.3159 0.8231
vn -0.0599 -0.1043 0.9927
vn -0.0599 0.4060 0.9119
vn -0.0502 -0.1044 0.9933
vn -0.0502 0.4061 0.9124
vn -0.0220 -0.1045 0.9943
vn -0.0220 0.4066 0.9134
vn -0.0325 -0.1045 0.9940
vn -0.0325 0.4065 0.9131
vn -0.0505 -0.1044 0.9933
vn -0.0505 0.4061 0.9124
vn -0.0580 -0.1043 0.9929
vn -0.0580 0.4060 0.9120
vn -0.0670 -0.1041 0.9923
vn -0.0670 0.4058 0.9115
vn -0.0260 -0.1042 0.9942
vn -0.0260 0.4064 0.9133
vn 0.0200 -0.1045 0.9943
vn 0.0200 0.4066 0.9134
vn 0.0961 -0.1018 0.9902
vn 0.0364 -0.1020 0.9941
vn 0.0293 0.3191 0.9473
vn 0.0707 -0.5796 0.8118
vn 0.0364 -0.1021 0.9941
vn 0.0961 -0.1023 0.9901
vn 0.0947 -0.5835 0.8066
vn 0.0200 -0.5876 0.8089
vn -0.0260 -0.1048 0.9941
vn -0.0260 -0.5875 0.8088
vn -0.0670 -0.1046 0.9923
vn -0.0669 -0.5863 0.8073
vn -0.0580 -0.1047 0.9928
vn -0.0580 -0.5866 0.8078
vn -0.0505 -0.1044 0.9932
vn -0.0505 -0.5870 0.8080
vn -0.0325 -0.5873 0.8087
vn -0.0220 -0.1046 0.9943
vn -0.0220 -0.5875 0.8089
vn -0.0502 -0.5870 0.8080
vn -0.0599 -0.1047 0.9927
vn -0.0599 -0.5867 0.8076
vn -0.0947 -0.0979 0.9907
vn -0.0948 -0.5901 0.8017
vn -0.4718 -0.3162 0.8231
vn -0.1075 -0.9082 0.4045
vn -0.4558 -0.8131 0.3622
vn -0.0599 -0.9119 0.4061
vn -0.0599 -0.5868 0.8075
vn -0.0502 -0.9124 0.4062
vn -0.0502 -0.5872 0.8079
vn -0.0220 -0.9133 0.4067
vn -0.0220 -0.5877 0.8088
vn -0.0325 -0.9129 0.4068
vn -0.0325 -0.5876 0.8085
vn -0.0505 -0.9124 0.4062
vn -0.0505 -0.5871 0.8079
vn -0.0580 -0.9120 0.4061
vn -0.0580 -0.5870 0.8075
vn -0.0669 -0.9115 0.4059
vn -0.0669 -0.5865 0.8072
vn -0.0260 -0.9132 0.4066
vn -0.0260 -0.5878 0.8086
vn 0.0200 -0.9133 0.4067
vn 0.0200 -0.5877 0.8088
vn 0.0938 -0.9093 0.4054
vn 0.0725 -0.9066 0.4157
vn -0.0947 -0.9907 -0.0978
vn -0.1075 -0.9083 0.4043
vn -0.4558 -0.8131 0.3620
vn -0.4719 -0.8231 -0.3159
vn -0.0599 -0.9927 -0.1043
vn -0.0599 -0.9119 0.4060
vn -0.0502 -0.9933 -0.1044
vn -0.0502 -0.9124 0.4061
vn -0.0220 -0.9943 -0.1045
vn -0.0220 -0.9133 0.4066
vn -0.0325 -0.9940 -0.1044
vn -0.0325 -0.9131 0.4065
vn -0.0505 -0.9933 -0.1044
vn -0.0505 -0.9124 0.4061
vn -0.0580 -0.9929 -0.1042
vn -0.0580 -0.9120 0.4060
vn -0.0669 -0.9923 -0.1043
vn -0.0669 -0.9115 0.4058
vn -0.0260 -0.9942 -0.1045
vn 0.0200 -0.9944 -0.1041
vn 0.0200 -0.9134 0.4066
vn 0.0950 -0.9895 -0.1085
vn 0.0959 -0.9884 -0.1178
vn 0.0724 -0.9067 0.4156
vn 0.1104 -0.7983 -0.5921
vn 0.0958 -0.9884 -0.1179
vn 0.0951 -0.9895 -0.1089
vn 0.0983 -0.8021 -0.5890
vn 0.0200 -0.9943 -0.1045
vn 0.0200 -0.8089 -0.5876
vn -0.0261 -0.8088 -0.5875
vn -0.0670 -0.8072 -0.5864
vn -0.0580 -0.9928 -0.1044
vn -0.0580 -0.8078 -0.5866
vn -0.0505 -0.9932 -0.1044
vn -0.0505 -0.8080 -0.5870
vn -0.0325 -0.9940 -0.1045
vn -0.0325 -0.8087 -0.5873
vn -0.0220 -0.9943 -0.1046
vn -0.0220 -0.8089 -0.5875
vn -0.0502 -0.8080 -0.5870
vn -0.0599 -0.9927 -0.1047
vn -0.0599 -0.8077 -0.5866
vn -0.0947 -0.9907 -0.0979
vn -0.0948 -0.8017 -0.5901
vn -0.4718 -0.8231 -0.3163
vn -0.1075 -0.4045 -0.9082
vn -0.4558 -0.3621 -0.8131
vn -0.0599 -0.4061 -0.9119
vn -0.0599 -0.8075 -0.5868
vn -0.0502 -0.4062 -0.9124
vn -0.0502 -0.8079 -0.5872
vn -0.0220 -0.4067 -0.9133
vn -0.0220 -0.8088 -0.5877
vn -0.0325 -0.4067 -0.9130
vn -0.0325 -0.8085 -0.5876
vn -0.0505 -0.4062 -0.9124
vn -0.0505 -0.8079 -0.5871
vn -0.0580 -0.4061 -0.9120
vn -0.0580 -0.8076 -0.5868
vn -0.0670 -0.4058 -0.9115
vn -0.0670 -0.8072 -0.5865
vn -0.0261 -0.4067 -0.9132
vn -0.0260 -0.8087 -0.5877
vn 0.0200 -0.4068 -0.9133
vn 0.0200 -0.8088 -0.5878
vn 0.1016 -0.4002 -0.9108
vn 0.0846 -0.3980 -0.9135
vn 0.0476 0.1154 -0.9922
vn 0.0846 -0.3977 -0.9136
vn -0.0022 -0.3583 0.9336
vn -0.0022 0.4067 0.9136
vn -0.0177 0.4067 0.9134
vn -0.0177 -0.3583 0.9334
vn -0.3940 0.3738 0.8397
vn -0.3940 -0.3293 0.8581
vn -1.0000 0.0001 -0.0000
vn -1.0000 0.0003 -0.0003
vn -0.3940 0.3739 0.8396
vn -0.3940 0.8581 0.3294
vn -0.0177 0.9334 0.3584
vn -0.0176 0.4067 0.9134
vn -0.0022 0.9336 0.3584
vn -0.0022 0.4069 0.9135
vn -1.0000 -0.0000 -0.0001
vn -0.3940 0.8397 -0.3738
vn -0.0177 0.9134 -0.4066
vn -0.0177 0.9335 0.3583
vn -0.0022 0.9136 -0.4067
vn -0.0022 0.9336 0.3583
vn -0.3940 0.8396 -0.3739
vn -0.3940 0.3294 -0.8581
vn -0.0177 0.3583 -0.9334
vn -0.0177 0.9134 -0.4067
vn -0.0022 0.3584 -0.9336
vn -0.0022 0.9135 -0.4069
vn -0.0022 -0.9135 0.4069
vn -0.0022 -0.3584 0.9336
vn -0.0177 -0.3584 0.9334
vn -0.0177 -0.9134 0.4067
vn -0.3940 -0.3295 0.8580
vn -0.3940 -0.8396 0.3740
vn -1.0000 0.0001 0.0001
vn -0.3940 -0.8397 0.3738
vn -1.0000 -0.0000 0.0001
vn -0.3940 -0.8581 -0.3294
vn -0.0177 -0.9334 -0.3583
vn -0.0022 -0.9336 -0.3583
vn -0.0022 -0.9136 0.4067
vn -0.3940 -0.8580 -0.3294
vn -1.0000 -0.0002 0.0001
vn -0.3940 -0.3740 -0.8396
vn -0.0177 -0.4067 -0.9134
vn -0.0177 -0.9334 -0.3584
vn -0.0022 -0.4069 -0.9135
vn -0.0022 -0.9336 -0.3584
vn -1.0000 -0.0001 -0.0000
vn -0.3940 0.3293 -0.8581
vn -0.3940 -0.3738 -0.8397
vn -0.0177 -0.4066 -0.9134
vn -0.0176 0.3583 -0.9334
vn -0.0022 -0.4067 -0.9136
vn -0.0022 0.3583 -0.9336
vn -0.7041 -0.2544 0.6629
vn -0.7041 0.2888 0.6487
vn -0.8561 0.2101 0.4721
vn -0.8562 -0.1851 0.4824
vn -0.6189 -0.2815 0.7333
vn -0.6189 0.3194 0.7176
vn -0.7041 -0.6487 0.2889
vn -0.7041 -0.2546 0.6629
vn -0.8562 -0.1852 0.4824
vn -0.8562 -0.4720 0.2103
vn -0.6189 -0.7176 0.3195
vn -0.7042 -0.6629 -0.2542
vn -0.7041 -0.6487 0.2888
vn -0.8562 -0.4721 0.2101
vn -0.8562 -0.4824 -0.1851
vn -0.6189 -0.7333 -0.2815
vn -0.6189 -0.7176 0.3194
vn -0.7041 -0.2889 -0.6487
vn -0.7041 -0.6629 -0.2546
vn -0.8562 -0.4824 -0.1852
vn -0.8562 -0.2103 -0.4720
vn -0.6189 -0.3195 -0.7176
vn 0.2701 -0.3450 0.8989
vn 0.2701 0.3916 0.8796
vn 0.3137 0.3861 0.8675
vn 0.3137 -0.3402 0.8865
vn 0.1119 -0.3561 0.9277
vn 0.1119 0.4042 0.9078
vn 0.0215 -0.3582 0.9334
vn 0.0215 0.4065 0.9134
vn -0.0246 -0.3568 0.9339
vn -0.0249 0.4065 0.9133
vn -0.0500 -0.3485 0.9360
vn -0.0510 -0.9123 0.4062
vn -0.0243 -0.9133 0.4066
vn -0.0423 0.4062 0.9128
vn 0.0215 -0.3583 0.9334
vn 0.0215 -0.9133 0.4067
vn 0.1119 -0.9078 0.4042
vn 0.2701 -0.3451 0.8989
vn 0.2701 -0.8796 0.3917
vn 0.3137 -0.3405 0.8864
vn 0.3137 -0.8674 0.3862
vn 0.0015 -0.3629 0.9318
vn 0.0007 -0.9135 0.4068
vn 0.0062 -0.0216 0.9997
vn 0.1601 -0.3537 0.9216
vn 0.1442 0.0056 0.9895
vn 0.2856 -0.3434 0.8947
vn 0.4581 0.4070 0.7903
vn 0.3662 -0.3335 0.8687
vn 0.3662 0.3785 0.8501
vn 1.0000 -0.0001 -0.0000
vn 0.1601 -0.9017 0.4015
vn 0.1601 -0.3539 0.9215
vn 0.0015 -0.3630 0.9318
vn 0.2856 -0.8755 0.3898
vn 0.2856 -0.3435 0.8947
vn 0.3662 -0.8501 0.3785
vn 0.1601 -0.9216 -0.3537
vn 0.1601 -0.9018 0.4015
vn 0.0007 -0.9136 0.4067
vn 0.2856 -0.8947 -0.3434
vn 0.3662 -0.8687 -0.3335
vn 1.0000 -0.0000 -0.0001
vn 0.0007 -0.9336 -0.3583
vn 0.3662 -0.3785 -0.8501
vn 0.2856 -0.8947 -0.3435
vn 0.2856 -0.3898 -0.8755
vn 0.1601 -0.9215 -0.3538
vn 0.1601 -0.4015 -0.9017
vn 0.0007 -0.9336 -0.3584
vn 0.0007 -0.4068 -0.9135
vn 0.0006 -0.9136 0.4066
vn -0.0510 -0.9324 -0.3579
vn -0.0510 -0.9124 0.4062
vn -0.0243 -0.9333 -0.3582
vn 0.0215 -0.9134 0.4065
vn 0.0215 -0.9334 -0.3582
vn 0.1119 -0.9277 -0.3561
vn 0.2701 -0.8796 0.3916
vn 0.2701 -0.8989 -0.3450
vn 0.3137 -0.8675 0.3860
vn 0.3137 -0.8865 -0.3402
vn 0.0006 -0.9336 -0.3584
vn -0.0510 -0.9323 -0.3579
vn -0.0510 -0.4062 -0.9123
vn -0.0243 -0.9333 -0.3583
vn -0.0243 -0.4066 -0.9133
vn 0.0215 -0.9334 -0.3583
vn 0.0215 -0.4067 -0.9133
vn 0.1119 -0.9277 -0.3562
vn 0.1119 -0.4042 -0.9078
vn 0.2701 -0.8989 -0.3451
vn 0.2701 -0.3917 -0.8796
vn 0.3137 -0.8864 -0.3404
vn 0.3137 -0.3862 -0.8674
vn 0.1601 -0.4014 -0.9018
vn 0.0007 -0.4066 -0.9136
vn 0.0007 0.3583 -0.9336
vn 0.1601 0.3535 -0.9216
vn -0.0510 -0.4062 -0.9124
vn -0.0510 0.3579 -0.9324
vn -0.0243 0.3582 -0.9333
vn -0.0243 -0.4065 -0.9133
vn 0.0215 0.3583 -0.9334
vn 0.0215 -0.4066 -0.9134
vn 0.1119 0.3561 -0.9277
vn 0.1119 -0.4041 -0.9078
vn 0.2701 0.3450 -0.8989
vn 0.2701 -0.3916 -0.8796
vn 0.3137 0.3402 -0.8865
vn 0.3137 -0.3861 -0.8675
vn 0.2856 0.3434 -0.8947
vn 0.3662 0.3334 -0.8687
vn 1.0000 0.0001 -0.0000
vn 0.3662 0.3335 -0.8687
vn 0.2856 0.3435 -0.8947
vn 0.2856 0.8755 -0.3898
vn 0.3662 0.8501 -0.3785
vn 0.1601 0.9017 -0.4015
vn 0.1601 0.3538 -0.9215
vn 0.0007 0.9135 -0.4068
vn 0.0007 0.3584 -0.9336
vn -0.0510 0.9123 -0.4063
vn -0.0243 0.9133 -0.4066
vn -0.0243 0.3583 -0.9333
vn 0.0215 0.9133 -0.4067
vn 0.0215 0.3583 -0.9333
vn 0.1119 0.9078 -0.4042
vn 0.1119 0.3562 -0.9277
vn 0.2701 0.8796 -0.3916
vn 0.2701 0.3451 -0.8988
vn 0.3137 0.8674 -0.3862
vn 0.3137 0.3404 -0.8864
vn -0.0003 -0.3584 0.9336
vn -0.0003 0.4067 0.9136
vn -0.0003 -0.3583 0.9336
vn -0.0003 -0.9135 0.4068
vn -0.0003 -0.9336 -0.3583
vn -0.0003 -0.9136 0.4067
vn -0.0003 -0.4067 -0.9135
vn -0.0003 -0.9336 -0.3584
vn -0.0003 -0.4068 -0.9135
vn -0.8908 -0.1628 0.4242
vn -0.8908 0.1848 0.4152
vn -0.8908 0.1848 0.4151
vn -0.8908 -0.4151 0.1848
vn -0.8908 -0.4151 0.1849
vn -0.8908 -0.4243 -0.1629
vn -0.8908 -0.1848 -0.4152
vn -0.8908 0.4242 0.1629
vn -0.8908 0.4243 0.1628
vn -0.8908 0.4152 -0.1846
vn -0.8908 0.4152 -0.1848
vn -0.8908 0.1628 -0.4243
vn -0.8908 0.1629 -0.4243
vn -0.8908 0.4151 -0.1849
vn -0.8908 0.4151 -0.1850
vn 0.8825 -0.1686 0.4391
vn 0.8825 0.1913 0.4297
vn 0.8825 -0.4297 0.1913
vn 0.8825 -0.4391 -0.1686
vn 0.8825 -0.4392 -0.1686
vn 0.8825 -0.1913 -0.4297
vn 0.8825 0.4391 0.1686
vn 0.8824 0.4392 0.1686
vn 0.8825 0.4297 -0.1912
vn 0.8824 0.4298 -0.1912
vn 0.8825 0.1686 -0.4391
vn 0.8825 0.1686 -0.4392
vn 0.8825 0.4297 -0.1914
vn -0.7041 0.6629 0.2545
vn -0.8561 0.4824 0.1852
vn -0.8562 0.2102 0.4720
vn -0.7041 0.2889 0.6487
vn -0.6189 0.7333 0.2815
vn -0.6189 0.3195 0.7176
vn -0.7041 0.6487 -0.2888
vn -0.8561 0.4721 -0.2101
vn -0.8562 0.4824 0.1851
vn -0.7041 0.6629 0.2544
vn -0.6189 0.7176 -0.3194
vn -0.7041 0.2545 -0.6629
vn -0.8561 0.1852 -0.4824
vn -0.8562 0.4720 -0.2103
vn -0.7041 0.6487 -0.2889
vn -0.6189 0.2815 -0.7333
vn -0.6189 0.7176 -0.3195
vn -0.7041 -0.2888 -0.6487
vn -0.8562 -0.2101 -0.4720
vn -0.8562 0.1851 -0.4824
vn -0.7042 0.2544 -0.6629
vn -0.6189 -0.3194 -0.7176
vn 0.2701 0.8989 0.3451
vn 0.3137 0.8864 0.3404
vn 0.3137 0.3862 0.8674
vn 0.1119 0.9277 0.3562
vn 0.0215 0.9333 0.3583
vn 0.0215 0.4067 0.9133
vn -0.0246 0.9327 0.3597
vn -0.0249 0.4066 0.9133
vn -0.0471 0.9507 0.3065
vn -0.0510 0.9124 -0.4062
vn -0.0243 0.9133 -0.4065
vn -0.0422 0.4064 0.9127
vn 0.0215 0.9334 0.3583
vn 0.0215 0.9134 -0.4066
vn 0.1119 0.9277 0.3561
vn 0.1119 0.9078 -0.4041
vn 0.2701 0.8989 0.3450
vn 0.3137 0.8865 0.3402
vn 0.3137 0.8675 -0.3860
vn 0.0006 0.9997 -0.0262
vn 0.0007 0.9136 -0.4066
vn 0.1601 0.9018 -0.4014
vn 0.1482 0.9886 -0.0259
vn 0.5019 0.7829 0.3676
vn 0.3662 0.8687 0.3335
vn 1.0000 -0.0000 0.0001
vn 0.5019 0.7829 0.3677
vn 0.4581 0.4071 0.7902
vn -0.0003 0.9336 0.3584
vn -0.0003 0.4068 0.9135
vn -0.0003 0.4067 0.9135
vn -0.0003 0.9136 -0.4067
vn -0.0003 0.9336 0.3583
vn -0.0003 0.3584 -0.9336
vn -0.0003 0.9135 -0.4068
vn -0.0003 0.9135 -0.4067
vn -0.0003 -0.4066 -0.9136
vn -0.0003 -0.4067 -0.9136
vn -0.0003 0.3583 -0.9336
vn -0.3338 0.7197 -0.6088
vn -0.4253 0.4652 -0.7763
vn -0.4268 0.4638 -0.7764
vn -0.3055 0.5254 -0.7941
vn -0.5149 0.3498 -0.7826
vn -0.5170 0.3462 -0.7829
vn -0.6377 0.2372 -0.7328
vn -0.6388 0.2366 -0.7321
vn -0.7771 0.1395 -0.6137
vn -0.7909 0.1284 -0.5984
vn -0.8745 0.0311 -0.4841
vn -0.8788 0.0241 -0.4766
vn -0.9242 -0.0886 -0.3716
vn -0.9224 -0.0813 -0.3776
vn -0.9384 -0.2179 -0.2680
vn -0.9383 -0.2261 -0.2616
vn -0.1198 0.7128 -0.6911
vn -0.1503 0.7437 -0.6514
vn -0.2100 0.6026 -0.7699
vn 0.1265 0.0044 -0.9920
vn 0.0349 -0.0164 -0.9993
vn -0.3500 0.5309 -0.7718
vn -0.5516 0.7948 -0.2531
vn -0.5187 0.4135 -0.7483
vn -0.7067 0.6935 -0.1401
vn -0.6261 0.2328 -0.7442
vn -0.8129 0.5483 -0.1965
vn -0.8960 0.3639 -0.2545
vn -0.7163 0.0639 -0.6949
vn -0.9513 0.1917 -0.2413
vn -0.7684 -0.1020 -0.6318
vn -0.9817 0.0343 -0.1871
vn -0.7935 -0.2760 -0.5424
vn -0.9878 -0.1111 -0.1092
vn -0.8062 -0.4243 -0.4124
vn -0.9727 -0.2313 -0.0204
vn -0.8044 -0.5327 -0.2629
vn -0.5233 -0.7092 -0.4724
vn -0.4904 -0.6263 -0.6060
vn -0.9405 -0.3349 0.0573
vn -0.7823 -0.6140 -0.1049
vn -0.4299 -0.5203 -0.7379
vn -0.3116 -0.2543 -0.9156
vn -0.2237 -0.1538 -0.9624
vn -0.0961 -0.0607 -0.9935
vn -0.5165 -0.8043 -0.2939
vn -0.6306 -0.7759 -0.0157
vn -0.8620 -0.5020 0.0705
vn -0.3701 -0.3801 -0.8477
vn -0.6698 -0.4771 -0.5690
vn -0.8478 -0.4302 -0.3102
vn -0.9040 -0.1955 -0.3802
vn -0.6476 -0.3460 -0.6788
vn -0.8837 -0.0814 -0.4609
vn -0.5816 -0.1660 -0.7964
vn -0.8356 0.0823 -0.5431
vn -0.5091 0.0148 -0.8606
vn -0.7837 0.2467 -0.5701
vn -0.4274 0.2238 -0.8759
vn -0.7230 0.4499 -0.5243
vn -0.3057 0.4457 -0.8414
vn -0.6214 0.6499 -0.4376
vn -0.4759 0.7640 -0.4358
vn -0.1821 0.5761 -0.7969
vn -0.0280 0.6114 -0.7908
vn 0.2213 0.1550 -0.9628
vn 0.1166 0.0729 -0.9905
vn 0.2449 0.1762 -0.9534
vn -0.0359 -0.0685 -0.9970
vn -0.1523 -0.2207 -0.9634
vn -0.2403 -0.3747 -0.8955
vn -0.3107 -0.5321 -0.7876
vn -0.0689 0.7493 -0.6586
vn 0.0078 0.7325 -0.6807
vn 0.0422 0.7710 -0.6355
vn 0.0728 0.6197 -0.7815
vn -0.3119 0.7486 -0.5850
vn -0.0405 0.6045 -0.7956
vn -0.1922 0.4876 -0.8517
vn -0.4866 0.6410 -0.5936
vn -0.2386 0.2803 -0.9298
vn -0.5716 0.4562 -0.6820
vn -0.6179 0.1982 -0.7609
vn -0.2928 0.0231 -0.9559
vn 0.1963 0.5850 -0.7869
vn -0.5958 -0.0416 -0.8020
vn -0.3651 -0.1714 -0.9151
vn 0.0627 -0.1634 -0.9846
vn -0.0509 -0.2799 -0.9587
vn -0.5182 -0.2216 -0.8260
vn -0.5076 -0.2424 -0.8268
vn 0.2468 0.1494 -0.9575
vn 0.1916 0.0188 -0.9813
vn 0.3357 0.2842 -0.8981
vn 0.3800 0.3278 -0.8649
vn 0.4074 0.3029 -0.8616
vn 0.4788 0.2861 -0.8300
vn 0.2776 0.6923 -0.6661
vn 0.5574 0.2870 -0.7791
vn 0.3310 0.7588 -0.5609
vn 0.6151 0.2697 -0.7409
vn 0.4127 0.7867 -0.4591
vn 0.6741 0.2129 -0.7073
vn 0.4900 0.7980 -0.3509
vn 0.4419 -0.6013 -0.6657
vn 0.5977 0.7629 -0.2463
vn 0.3878 0.8945 -0.2224
vn 0.4867 0.8679 -0.0997
vn 0.3174 0.8840 -0.3433
vn 0.2419 0.8540 -0.4605
vn 0.1732 0.8263 -0.5360
vn 0.0827 0.7605 -0.6440
vn 0.0114 0.7255 -0.6881
vn 0.5977 0.7630 -0.2462
vn 0.7291 -0.0583 -0.6819
vn 0.3494 -0.6020 -0.7180
vn 0.2100 -0.5303 -0.8214
vn 0.6423 -0.0232 -0.7661
vn 0.0748 -0.3313 -0.9406
vn 0.5069 0.1141 -0.8544
vn 0.2857 0.2343 -0.9292
vn 0.0314 -0.0273 -0.9991
vn 0.2012 0.2646 -0.9431
vn 0.0611 0.1581 -0.9855
vn 0.4417 -0.6014 -0.6657
vn 0.5953 0.8029 0.0302
vn 0.4868 0.8678 -0.0997
vn 0.5875 0.8090 0.0185
vn 0.6528 0.7434 0.1459
vn 0.5953 0.8029 0.0303
vn 0.6482 0.7499 0.1322
vn 0.6666 0.6951 0.2692
vn 0.6676 0.7049 0.2396
vn 0.6449 0.6405 0.4171
vn 0.6558 0.6600 0.3665
vn 0.4582 0.4070 0.7902
vn 0.5020 0.7829 0.3676
vn -0.9383 -0.2262 -0.2616
vn -0.9249 -0.3480 -0.1529
vn -0.9256 -0.3451 -0.1556
vn -0.9384 -0.2180 -0.2680
vn -0.8998 -0.4305 -0.0703
vn -0.9005 -0.4288 -0.0719
vn -0.8522 -0.5230 -0.0164
vn -0.8569 -0.5152 -0.0199
vn -0.7834 -0.6206 0.0329
vn -0.7639 -0.6436 0.0464
vn -0.6749 -0.7309 0.1015
vn -0.0719 -0.1764 -0.9817
vn -0.0160 -0.4496 -0.8931
vn 0.0748 -0.3311 -0.9406
vn 0.0313 -0.0273 -0.9991
vn 0.2100 -0.5301 -0.8215
vn 0.0996 -0.6238 -0.7752
vn 0.1950 -0.7240 -0.6617
vn 0.2440 -0.8027 -0.5442
vn 0.3089 -0.8338 -0.4576
vn 0.3104 -0.8335 -0.4571
vn 0.3992 -0.8124 -0.4251
vn 0.4013 -0.8118 -0.4243
vn 0.4887 -0.7858 -0.3791
vn 0.4879 -0.7860 -0.3797
vn 0.5551 -0.7753 -0.3014
vn 0.5522 -0.7750 -0.3074
vn 0.5882 -0.7915 -0.1660
vn 0.5878 -0.7905 -0.1721
vn 0.6222 -0.7828 0.0036
vn 0.6148 -0.7886 -0.0107
vn 0.7003 -0.7073 0.0965
vn 0.6874 -0.7212 0.0858
vn 0.8189 -0.5511 0.1601
vn 0.8071 -0.5696 0.1553
vn 0.8882 -0.4313 0.1582
vn 0.8893 -0.4293 0.1574
vn 0.9096 -0.4087 0.0748
vn 0.9088 -0.4117 0.0673
vn 0.8251 -0.5650 -0.0011
vn 0.8233 -0.5676 -0.0013
vn 0.5295 -0.8467 0.0523
vn 0.5213 -0.8515 0.0563
vn 0.0953 -0.9638 0.2491
vn 0.1011 -0.9638 0.2466
vn -0.2808 -0.8795 0.3843
vn -0.3457 -0.6425 -0.6839
vn -0.5766 -0.7094 -0.4052
vn -0.3610 -0.3716 -0.8553
vn 0.4169 -0.4715 0.7771
vn 0.4229 -0.4670 0.7766
vn 0.3909 -0.7050 0.5918
vn 0.3205 -0.5141 0.7956
vn 0.5139 -0.3729 0.7726
vn 0.5156 -0.3707 0.7725
vn 0.6439 -0.2534 0.7219
vn 0.6485 -0.2501 0.7189
vn 0.7805 -0.1451 0.6080
vn 0.7941 -0.1329 0.5931
vn 0.8755 -0.0327 0.4821
vn 0.8799 -0.0252 0.4744
vn 0.1546 -0.7215 0.6750
vn 0.2030 -0.7377 0.6439
vn 0.2404 -0.6203 0.7466
vn 0.3437 -0.5251 0.7786
vn 0.5945 -0.7995 0.0864
vn 0.5052 -0.4061 0.7615
vn 0.7007 -0.7117 0.0503
vn 0.6194 -0.2215 0.7532
vn 0.8097 -0.5665 0.1531
vn 0.8970 -0.3812 0.2236
vn 0.7117 -0.0533 0.7005
vn 0.9535 -0.2092 0.2171
vn 0.7641 0.1099 0.6357
vn 0.9848 -0.0507 0.1659
vn 0.7900 0.2818 0.5445
vn 0.9913 0.0959 0.0906
vn 0.8036 0.4289 0.4127
vn -0.0630 0.0047 0.9980
vn -0.1077 -0.0967 0.9895
vn 0.9766 0.2148 0.0045
vn 0.8045 0.5334 0.2615
vn 0.5071 0.7169 0.4784
vn 0.4744 0.6333 0.6115
vn 0.9456 0.3174 -0.0720
vn 0.7904 0.6056 0.0922
vn 0.4150 0.5293 0.7400
vn 0.3531 0.3937 0.8487
vn 0.2905 0.2761 0.9162
vn 0.4989 0.8164 0.2908
vn 0.6258 0.7799 0.0128
vn 0.8690 0.4882 -0.0803
vn 0.4660 -0.7538 0.4634
vn 0.1896 -0.5730 0.7973
vn 0.3055 -0.4415 0.8437
vn 0.6201 -0.6472 0.4435
vn 0.0300 -0.6120 0.7903
vn 0.7230 -0.4478 0.5260
vn 0.4298 -0.2188 0.8760
vn 0.7855 -0.2446 0.5684
vn 0.5132 -0.0089 0.8582
vn 0.8388 -0.0791 0.5386
vn 0.5891 0.1704 0.7899
vn 0.8869 0.0844 0.4541
vn 0.6584 0.3445 0.6691
vn 0.9064 0.1951 0.3748
vn 0.6829 0.4687 0.5603
vn 0.8566 0.4106 0.3126
vn -0.2341 -0.1490 0.9607
vn -0.1373 -0.0575 0.9889
vn -0.2176 -0.2204 0.9508
vn 0.0202 0.0838 0.9963
vn 0.1371 0.2361 0.9620
vn 0.2229 0.3903 0.8933
vn 0.2894 0.5481 0.7848
vn 0.3196 0.6580 0.6818
vn 0.5835 0.7112 0.3921
vn -0.1747 -0.6702 0.7213
vn -0.1306 -0.6958 0.7063
vn -0.1901 -0.6782 0.7099
vn -0.2105 -0.6719 0.7101
vn -0.2333 -0.6584 0.7156
vn -0.3068 -0.5998 0.7390
vn -0.0319 -0.6301 0.7759
vn 0.3497 -0.7490 0.5628
vn 0.1984 -0.4985 0.8439
vn 0.4880 -0.6449 0.5882
vn 0.2533 -0.2986 0.9202
vn 0.5822 -0.4499 0.6772
vn 0.6220 -0.1884 0.7600
vn 0.3025 -0.0213 0.9529
vn 0.5819 0.0687 0.8104
vn 0.3620 0.1814 0.9144
vn -0.1053 0.1810 0.9778
vn 0.0187 0.2970 0.9547
vn 0.4952 0.2347 0.8365
vn 0.4893 0.2500 0.8355
vn -0.3224 -0.1154 0.9395
vn -0.2406 0.0187 0.9704
vn -0.3910 -0.4121 0.8230
vn 0.3699 0.3672 0.8534
vn 0.9257 0.3453 0.1543
vn 0.9251 0.3481 0.1515
vn 0.9387 0.2256 0.2608
vn 0.9388 0.2185 0.2663
vn 0.9388 0.2184 0.2664
vn 0.9247 0.0879 0.3705
vn 0.9230 0.0810 0.3761
vn 0.8756 -0.0327 0.4820
vn 0.8800 -0.0252 0.4743
vn 0.9257 0.3453 0.1542
vn 0.9007 0.4286 0.0709
vn 0.9003 0.4297 0.0698
vn 0.8517 0.5237 0.0158
vn 0.8583 0.5128 0.0207
vn 0.7846 0.6191 -0.0321
vn 0.7624 0.6454 -0.0475
vn 0.6724 0.7330 -0.1030
vn 0.0566 0.0958 0.9938
vn 0.5052 -0.4062 0.7614
vn 0.1942 0.1850 0.9634
vn 0.1942 0.1850 0.9633
vn -0.4703 0.2252 0.8533
vn -0.1075 0.0554 0.9927
vn -0.0635 0.0406 0.9972
vn -0.2383 0.2489 0.9387
vn -0.6998 0.1995 0.6859
vn -0.4983 0.2993 0.8137
vn -0.8274 -0.0247 0.5611
vn -0.6855 0.1658 0.7089
vn -0.0637 -0.0165 0.9978
vn -0.9297 -0.0385 0.3663
vn -0.9293 -0.0372 0.3674
vn -0.9311 -0.0628 0.3592
vn -0.9313 -0.0625 0.3588
vn -0.9395 -0.0492 0.3391
vn -0.9096 -0.1788 0.3750
vn -0.8182 -0.4262 0.3859
vn -0.7985 -0.3236 0.5076
vn -0.6431 -0.6368 0.4252
vn -0.6527 -0.5618 0.5083
vn -0.7304 -0.0312 0.6824
vn -0.6756 -0.2337 0.6992
vn -0.5181 -0.6579 0.5465
vn -0.5975 -0.3564 0.7183
vn -0.4062 -0.6724 0.6187
vn -0.4182 -0.6499 0.6347
vn -0.2958 -0.6689 0.6820
vn -0.2868 -0.6669 0.6878
vn -0.3045 -0.6702 0.6769
vn -0.3852 -0.6953 0.6068
vn -0.4953 -0.7117 0.4982
vn -0.3606 0.7493 0.5555
vn -0.3545 0.7834 0.5105
vn -0.3549 0.7822 0.5121
vn -0.3606 0.7482 0.5569
vn -0.3725 0.7243 0.5802
vn -0.3732 0.7239 0.5803
vn -0.3826 0.6915 0.6127
vn -0.3825 0.6909 0.6134
vn -0.3512 0.6664 0.6577
vn -0.3514 0.6664 0.6576
vn -0.3205 0.6692 0.6704
vn -0.3206 0.6692 0.6704
vn -0.3137 0.6807 0.6620
vn -0.3354 0.6884 0.6432
vn -0.3355 0.6884 0.6431
vn -0.3584 0.6692 0.6509
vn -0.3584 0.6693 0.6509
vn -0.3718 0.6366 0.6756
vn -0.3716 0.6369 0.6754
vn -0.4003 0.5879 0.7029
vn -0.4008 0.5872 0.7033
vn -0.4083 0.5012 0.7630
vn -0.4084 0.5018 0.7625
vn -0.3972 0.4574 0.7956
vn -0.3972 0.4573 0.7957
vn 0.7896 -0.5955 0.1484
vn 0.6952 -0.6109 0.3788
vn 0.6925 -0.6109 0.3837
vn 0.7912 -0.5947 0.1426
vn 0.8240 -0.5553 -0.1121
vn 0.8239 -0.5530 -0.1237
vn 0.8113 -0.5138 -0.2788
vn 0.5071 -0.5765 0.6407
vn 0.4830 -0.7097 -0.5129
vn 0.5865 -0.7304 -0.3502
vn 0.5809 -0.7299 -0.3601
vn 0.6983 -0.7114 -0.0791
vn 0.6986 -0.7112 -0.0780
vn 0.7337 -0.6746 0.0814
vn 0.7336 -0.6747 0.0813
vn 0.8568 -0.5046 -0.1063
vn 0.8382 -0.5452 -0.0151
vn 0.8396 -0.5427 -0.0211
vn 0.7711 -0.6227 0.1329
vn 0.7684 -0.6251 0.1368
vn 0.5331 -0.7381 0.4136
vn 0.5445 -0.7358 0.4026
vn 0.2618 -0.7413 0.6180
vn 0.2618 -0.7414 0.6179
vn -0.2383 0.2489 0.9388
vn -0.0634 0.0406 0.9972
vn 0.0261 -0.0011 0.9997
vn -0.1401 0.1943 0.9709
vn -0.3453 0.3150 0.8841
vn -0.6854 0.1659 0.7090
vn -0.5061 0.3610 0.7833
vn -0.7303 -0.0308 0.6825
vn -0.5370 0.3609 0.7625
vn -0.6757 -0.2337 0.6992
vn -0.5345 0.3618 0.7638
vn -0.5976 -0.3565 0.7182
vn -0.5278 0.3848 0.7572
vn -0.4852 0.4323 0.7600
vn -0.4858 0.4305 0.7607
vn -0.4407 0.5350 0.7208
vn -0.4420 0.5326 0.7218
vn -0.4044 0.6631 0.6299
vn -0.4047 0.6651 0.6276
vn -0.3849 0.7467 0.5425
vn -0.3861 0.7456 0.5432
vn -0.3553 0.7871 0.5043
vn -0.3545 0.7891 0.5017
vn 0.0610 0.1579 -0.9856
vn -0.0690 0.0562 -0.9960
vn -0.0637 -0.0164 0.9978
vn -0.4101 0.9016 -0.1375
vn -0.2805 0.6803 -0.6771
vn 0.0611 0.9123 -0.4050
vn 0.0422 0.5889 -0.8071
vn -0.1133 0.7705 -0.6273
vn -0.1133 0.7704 -0.6274
vn -0.3431 0.8803 -0.3275
vn 0.0474 0.1154 -0.9922
vn -0.6496 0.3994 -0.6469
vn -0.2962 -0.4798 -0.8259
vn -0.1819 -0.3908 -0.9023
vn -0.5806 -0.0819 -0.8101
vn 0.1103 -0.7983 -0.5921
vn -0.6802 -0.5213 -0.5153
vn -0.3480 -0.9067 -0.2383
vn 0.0956 -0.9884 -0.1179
vn -0.1594 -0.8820 -0.4435
vn -0.2438 -0.9040 -0.3513
vn 0.0721 -0.9067 0.4156
vn -0.4710 -0.7256 0.5016
vn -0.3077 -0.5131 0.8013
vn 0.0706 -0.5796 0.8118
vn -0.1443 -0.6724 0.7260
vn -0.3397 -0.5675 0.7500
vn -0.4534 0.1270 0.8822
vn 0.0292 0.3190 0.9473
vn 0.0363 -0.1020 0.9941
vn -0.4534 0.1269 0.8822
vn -0.3211 0.0369 0.9463
vn 0.0292 0.3192 0.9472
vn -0.6036 0.4154 0.6805
vn 0.0607 0.8122 0.5802
vn -0.7072 0.6372 0.3063
vn -0.3211 0.0371 0.9463
vn 0.0607 0.8123 0.5801
vn -0.4995 0.8532 -0.1502
vn 0.0761 0.9909 0.1111
vn -0.1481 0.9820 -0.1171
vn -0.2212 0.9568 0.1886
vn 0.0611 0.9124 -0.4047
vn -0.6981 0.4435 -0.5622
vn -0.6870 0.4030 -0.6047
vn -0.2566 -0.6164 -0.7444
vn -0.3219 -0.5391 -0.7783
vn -0.7474 0.6277 -0.2176
vn -0.7505 0.6227 -0.2215
vn -0.7284 0.6707 -0.1401
vn -0.7078 0.4219 -0.5666
vn 0.2999 -0.9526 -0.0507
vn 0.3842 -0.9232 -0.0008
vn 0.3859 -0.9010 -0.1981
vn 0.4032 -0.9150 -0.0123
vn -0.2805 0.6804 -0.6771
vn -0.2804 0.6804 -0.6771
vn -0.4102 0.9016 -0.1374
vn -0.2803 0.6804 -0.6771
vn -0.1748 0.5886 -0.7893
vn -0.1132 0.7705 -0.6273
vn -0.1744 0.1533 -0.9727
vn -0.3659 0.2333 -0.9010
vn -0.4293 0.4812 -0.7643
vn -0.4203 0.2483 -0.8727
vn -0.2654 -0.0238 -0.9638
vn -0.0506 -0.3640 -0.9300
vn -0.4704 0.4719 -0.7457
vn -0.2806 0.6804 -0.6770
vn 0.3859 -0.9011 -0.1978
vn -0.3983 0.7374 -0.5455
vn -0.3382 0.7922 -0.5079
vn -0.1013 0.9911 -0.0858
vn 0.1045 0.9493 0.2965
vn -0.0806 0.9715 -0.2230
vn 0.3940 0.3590 0.8461
vn 0.4360 0.4240 0.7938
vn -0.3431 0.8804 -0.3274
vn -0.1133 0.7703 -0.6275
vn -0.7924 0.2774 -0.5433
vn -0.6497 0.3994 -0.6468
vn -0.5730 0.7821 -0.2449
vn -0.5215 0.7764 -0.3538
vn -0.6532 0.3544 -0.6691
vn -0.4846 0.7791 -0.3977
vn -0.2608 0.9573 0.1249
vn -0.2103 0.9450 0.2503
vn -0.5811 0.3860 -0.7165
vn 0.3381 0.4137 0.8453
vn 0.3388 0.4803 0.8090
vn -0.3432 0.8803 -0.3275
vn -0.5750 -0.3615 -0.7340
vn -0.6204 -0.3905 -0.6802
vn -0.1174 -0.9910 -0.0642
vn -0.0180 -0.9982 0.0574
vn -0.6687 -0.5335 -0.5179
vn 0.5309 -0.4446 0.7214
vn 0.5211 -0.4485 0.7261
vn 0.5088 -0.5666 0.6481
vn 0.5612 -0.4597 0.6883
vn -0.2962 -0.4797 -0.8259
vn -0.6498 0.3993 -0.6468
vn -0.3045 -0.2916 -0.9068
vn -0.1818 -0.3908 -0.9023
vn -0.1508 -0.7885 -0.5963
vn -0.3617 -0.6251 -0.6917
vn -0.4669 -0.3045 -0.8302
vn -0.3977 -0.5847 -0.7071
vn -0.1925 -0.8679 -0.4580
vn 0.0244 -0.9823 -0.1857
vn -0.4918 -0.3157 -0.8114
vn 0.5612 -0.4599 0.6881
vn -0.2962 -0.4798 -0.8258
vn 0.5088 -0.5667 0.6480
vn 0.0244 -0.9823 -0.1858
vn -0.5805 -0.0820 -0.8101
vn -0.3706 0.1760 -0.9119
vn -0.4375 0.1648 -0.8840
vn -0.4669 -0.3042 -0.8303
vn -0.5041 -0.0322 -0.8630
vn -0.4918 -0.3157 -0.8115
vn -0.3467 0.5800 -0.7372
vn -0.1865 0.8362 -0.5157
vn 0.0917 0.9954 -0.0260
vn 0.0309 0.9937 -0.1073
vn -0.8148 -0.5396 -0.2122
vn -0.8836 -0.1456 -0.4449
vn -0.8648 -0.0991 -0.4923
vn -0.3979 0.8499 -0.3454
vn -0.5761 0.6715 -0.4660
vn -0.7831 -0.5811 -0.2216
vn 0.0059 0.9978 -0.0654
vn 0.0540 0.9984 -0.0161
vn 0.0309 0.9938 -0.1072
vn 0.0918 0.9954 -0.0258
vn -0.5711 -0.8020 0.1752
vn -0.6312 -0.7648 0.1288
vn -0.1298 -0.5241 0.8417
vn -0.3178 -0.7174 0.6200
vn 0.2979 0.0977 0.9496
vn 0.4362 0.3975 0.8073
vn 0.4770 0.2985 0.8267
vn 0.4906 0.4476 0.7476
vn -0.3481 -0.9067 -0.2383
vn -0.3480 -0.9067 -0.2382
vn -0.6802 -0.5213 -0.5154
vn -0.2334 -0.9403 -0.2478
vn -0.1593 -0.8820 -0.4435
vn -0.2009 -0.8164 -0.5415
vn -0.3418 -0.8272 -0.4460
vn -0.3651 -0.9033 -0.2254
vn -0.3826 -0.8169 -0.4317
vn -0.1952 -0.6487 -0.7356
vn -0.0221 -0.4160 -0.9091
vn -0.3974 -0.8880 -0.2312
vn 0.3836 0.5357 -0.7522
vn 0.4272 0.3934 -0.8141
vn -0.2438 -0.9039 -0.3513
vn -0.3086 -0.9510 0.0200
vn -0.2613 -0.9624 0.0740
vn -0.0374 -0.8470 0.5302
vn 0.2425 -0.4629 0.8526
vn -0.1865 -0.9818 0.0363
vn 0.4906 0.4475 0.7477
vn 0.4770 0.2983 0.8267
vn 0.3838 0.5359 -0.7520
vn 0.3521 0.5292 -0.7720
vn -0.2438 -0.9040 -0.3512
vn 0.4199 0.5483 -0.7232
vn -0.2848 -0.2264 -0.9315
vn -0.3841 -0.3207 -0.8658
vn -0.7027 -0.6937 -0.1581
vn -0.6981 -0.6785 -0.2288
vn -0.7466 -0.6118 0.2615
vn -0.7484 -0.6061 0.2695
vn -0.7388 -0.6293 0.2412
vn -0.6714 -0.7045 -0.2298
vn -0.2438 -0.9039 -0.3515
vn -0.6889 -0.2671 0.6739
vn -0.7090 -0.3100 0.6335
vn -0.2499 0.5809 0.7747
vn -0.2786 0.5693 0.7735
vn -0.7229 -0.2880 0.6281
vn -0.3078 -0.5130 0.8013
vn 0.4322 0.8981 -0.0811
vn 0.4781 0.8716 -0.1086
vn 0.4813 0.8706 0.1018
vn 0.4981 0.8603 -0.1084
vn -0.3076 -0.5130 0.8014
vn -0.2784 -0.6167 0.7363
vn -0.2340 -0.3219 0.9174
vn -0.3921 -0.3768 0.8392
vn -0.4132 -0.5748 0.7063
vn -0.4246 -0.3937 0.8153
vn -0.2830 -0.0794 0.9558
vn 0.0136 0.3884 0.9214
vn -0.4371 -0.5742 0.6923
vn 0.4981 0.8604 -0.1081
vn -0.3078 -0.5131 0.8013
vn -0.2103 0.9451 0.2501
vn 0.5823 -0.5658 -0.5838
vn 0.5445 -0.5883 -0.5978
vn 0.5334 -0.6056 -0.5906
vn 0.5593 -0.5470 -0.6228
vn 0.5627 -0.4733 0.6778
vn 0.4348 -0.8971 -0.0788
vn 0.4775 -0.8574 -0.1919
vn 0.5393 -0.7667 -0.3484
vn 0.3718 -0.8037 0.4646
vn 0.4607 -0.8458 0.2692
vn 0.1117 -0.8144 0.5694
vn 0.0245 -0.7305 0.6825
vn -0.0795 -0.6665 0.7413
vn -0.5303 -0.1472 0.8349
vn -0.4269 -0.2412 0.8715
vn -0.7064 0.1913 0.6815
vn -0.2762 -0.4220 0.8635
vn -0.6187 0.0385 0.7847
vn -0.8011 0.4387 0.4071
vn -0.7637 0.3865 0.5171
vn -0.7806 0.6097 0.1372
vn -0.8011 0.5867 0.1183
vn -0.6049 0.6129 -0.5084
vn -0.6516 0.6130 -0.4469
vn -0.4997 0.8531 -0.1502
vn -0.7074 0.6371 0.3062
vn -0.1720 0.1983 -0.9649
vn 0.4049 -0.4566 -0.7922
vn -0.0414 0.0465 -0.9981
vn 0.5038 -0.5047 -0.7011
vn 0.4216 -0.1868 -0.8873
vn 0.5073 -0.4462 -0.7373
vn -0.4997 0.8531 -0.1503
vn -0.6037 0.4153 0.6805
vn -0.4996 0.8531 -0.1502
vn -0.3272 0.9449 -0.0080
vn -0.1480 0.9820 -0.1171
vn -0.2855 0.7994 -0.5287
vn -0.4508 0.8413 -0.2983
vn -0.5280 0.8490 0.0193
vn -0.4630 0.8498 -0.2520
vn -0.2730 0.7522 -0.5997
vn -0.1075 0.5812 -0.8067
vn -0.5315 0.8466 0.0295
vn 0.5074 -0.4462 -0.7372
vn -0.4996 0.8532 -0.1502
vn -0.1075 0.5812 -0.8066
vn -0.4893 0.8201 0.2968
vn -0.4659 0.8187 0.3356
vn -0.2608 0.6929 0.6722
vn -0.0404 0.4537 0.8902
vn -0.3075 0.7772 0.5490
vn 0.5111 -0.6335 0.5808
vn 0.5215 -0.5223 0.6747
vn -0.2213 0.9568 0.1887
vn -0.2211 0.9568 0.1886
vn -0.2211 0.9568 0.1887
vn -0.7284 0.6707 -0.1398
vn -0.4102 0.9016 -0.1375
vn -0.7060 0.6858 0.1769
vn -0.7330 0.6603 0.1635
vn -0.7474 0.6277 -0.2175
vn -0.7183 0.6432 0.2652
vn -0.2817 0.1171 0.9523
vn -0.3262 0.1592 0.9318
vn -0.7505 0.6227 -0.2214
vn 0.4872 -0.7387 0.4658
vn 0.5112 -0.6335 0.5808
vn 0.5045 -0.7500 0.4278
vn -0.2271 0.0377 0.9731
vn -0.2579 0.0469 0.9650
vn -0.0648 -0.3641 0.9291
vn 0.1144 -0.5334 0.8381
vn -0.2637 0.3721 0.8899
vn -0.2816 0.3622 0.8886
vn -0.1237 0.3605 0.9245
vn -0.0516 0.0240 0.9984
vn 0.4607 -0.8458 0.2691
vn 0.5627 -0.4734 0.6777
vn -0.1338 0.6100 0.7810
vn -0.1368 0.6772 0.7230
vn -0.2197 0.6376 0.7384
vn -0.2637 0.3722 0.8899
vn -0.2404 0.6107 0.7545
vn -0.2816 0.3624 0.8885
vn -0.1325 0.8308 0.5406
vn 0.0085 0.9584 0.2853
vn 0.4300 0.5169 -0.7402
vn 0.3400 0.8021 -0.4909
vn 0.5626 -0.4734 0.6778
vn -0.4532 0.1269 0.8823
vn -0.1339 0.6101 0.7809
vn -0.1021 0.9837 -0.1480
vn 0.1785 0.8320 -0.5252
vn -0.0488 0.9845 -0.1683
vn 0.2245 0.7930 -0.5663
vn 0.4401 0.2265 -0.8689
vn 0.4159 0.3025 -0.8576
vn -0.5419 0.7489 0.3815
vn -0.4889 0.7849 0.3807
vn -0.7282 0.1595 0.6665
vn -0.7047 0.0087 0.7094
vn -0.6200 -0.5017 0.6033
vn -0.5763 -0.5704 0.5852
vn -0.5834 -0.5293 0.6161
vn -0.6028 -0.4308 0.6716
vn -0.3398 -0.5676 0.7499
vn -0.3103 0.7144 0.6271
vn -0.3710 0.6370 0.6757
vn -0.3696 0.7044 0.6060
vn -0.3914 0.7019 0.5951
vn -0.8522 -0.2853 0.4386
vn -0.8563 -0.1534 0.4932
vn -0.3397 -0.5676 0.7499
vn -0.2485 -0.8329 -0.4945
vn -0.3355 -0.8366 -0.4330
vn 0.3923 -0.3643 -0.8446
vn 0.4217 -0.3314 -0.8440
vn 0.4253 -0.4899 -0.7610
vn 0.4661 -0.3139 -0.8272
vn -0.3398 -0.5678 0.7498
vn -0.2785 -0.6167 0.7363
vn -0.2131 -0.8785 0.4276
vn -0.3359 -0.7930 0.5083
vn 0.0969 -0.9549 -0.2805
vn -0.1480 -0.9750 0.1657
vn -0.3698 -0.7633 0.5298
vn -0.4371 -0.5742 0.6922
vn 0.4661 -0.3140 -0.8271
vn -0.3398 -0.5674 0.7501
vn 0.4253 -0.4900 -0.7610
vn 0.4301 0.5170 -0.7401
vn -0.0795 -0.6665 0.7412
vn -0.3212 0.0368 0.9463
vn -0.4535 0.1267 0.8822
vn 0.5392 -0.7667 -0.3485
vn -0.4535 0.1269 0.8822
vn -0.2652 -0.1005 0.9589
vn -0.2652 0.3920 0.8809
vn 0.0234 0.4066 0.9133
vn 0.0234 -0.1045 0.9943
vn 0.3010 0.3878 0.8712
vn 0.3010 -0.0997 0.9484
vn -0.2652 0.3923 0.8808
vn -0.2652 0.7799 0.5670
vn 0.0234 0.8086 0.5878
vn 0.0234 0.4069 0.9132
vn 0.3010 0.7714 0.5607
vn 0.3010 0.3879 0.8711
vn -0.2652 0.7801 0.5667
vn -0.2652 0.9589 0.1008
vn 0.0234 0.9942 0.1045
vn 0.0234 0.8088 0.5876
vn 0.3010 0.9484 0.0999
vn 0.3010 0.7715 0.5605
vn -0.2652 0.9589 0.1005
vn -0.2652 0.8809 -0.3920
vn 0.0234 0.9133 -0.4066
vn 0.0234 0.9943 0.1045
vn 0.3010 0.8712 -0.3878
vn 0.3010 0.9484 0.0997
vn -0.2652 -0.5667 0.7801
vn -0.2652 -0.1008 0.9589
vn 0.0234 -0.1045 0.9942
vn 0.0234 -0.5876 0.8088
vn 0.3010 -0.0999 0.9484
vn 0.3010 -0.5605 0.7715
vn -0.2652 -0.8808 0.3923
vn -0.2652 -0.5670 0.7799
vn 0.0234 -0.5878 0.8087
vn 0.0234 -0.9132 0.4069
vn 0.3010 -0.5607 0.7714
vn 0.3010 -0.8712 0.3879
vn -0.2652 -0.9589 -0.1005
vn -0.2652 -0.8809 0.3920
vn 0.0234 -0.9133 0.4066
vn 0.0234 -0.9943 -0.1045
vn 0.3010 -0.8712 0.3878
vn 0.3010 -0.9484 -0.0997
vn -0.2652 -0.7801 -0.5667
vn -0.2652 -0.9589 -0.1008
vn 0.0234 -0.9942 -0.1045
vn 0.0234 -0.8088 -0.5876
vn 0.3010 -0.9484 -0.0999
vn 0.3010 -0.7715 -0.5605
vn -0.2652 -0.3923 -0.8808
vn -0.2652 -0.7799 -0.5669
vn 0.0234 -0.8087 -0.5878
vn 0.0234 -0.4069 -0.9132
vn 0.3010 -0.7714 -0.5607
vn 0.3010 -0.3879 -0.8711
vn -0.2652 0.1005 -0.9589
vn -0.2652 -0.3920 -0.8809
vn 0.0234 -0.4066 -0.9133
vn 0.0234 0.1045 -0.9943
vn 0.3010 -0.3878 -0.8712
vn 0.3010 0.0997 -0.9484
vn -0.2652 0.5667 -0.7801
vn -0.2652 0.1008 -0.9589
vn 0.0234 0.1045 -0.9942
vn 0.0234 0.5876 -0.8088
vn 0.3010 0.0999 -0.9484
vn 0.3010 0.5605 -0.7715
vn -0.2652 0.8808 -0.3923
vn -0.2652 0.5669 -0.7799
vn 0.0234 0.5878 -0.8087
vn 0.0234 0.9132 -0.4069
vn 0.3010 0.5607 -0.7714
vn 0.3010 0.8711 -0.3880
vt 0.457568 0.060852
vt 0.445920 0.060852
vt 0.451744 0.009819
vt 0.434273 0.009819
vt 0.434273 0.060852
vt 0.457568 0.236084
vt 0.445920 0.236084
vt 0.434273 0.236084
vt 0.457568 0.288086
vt 0.445920 0.288086
vt 0.434273 0.288086
vt 0.457568 0.376709
vt 0.445920 0.376709
vt 0.434273 0.376709
vt 0.457568 0.457275
vt 0.445920 0.457275
vt 0.434273 0.457275
vt 0.457568 0.482422
vt 0.445920 0.482422
vt 0.434273 0.482422
vt 0.457568 0.666992
vt 0.445920 0.666992
vt 0.434273 0.666992
vt 0.457568 0.695312
vt 0.445920 0.695312
vt 0.434273 0.695312
vt 0.457568 0.767090
vt 0.445920 0.767090
vt 0.434273 0.767090
vt 0.457568 0.839844
vt 0.445920 0.839844
vt 0.434273 0.839844
vt 0.457568 0.914551
vt 0.445920 0.914551
vt 0.434537 0.914551
vt 0.458097 0.988281
vt 0.469215 0.988281
vt 0.469215 0.914551
vt 0.469215 0.839844
vt 0.469215 0.767090
vt 0.469215 0.695312
vt 0.469215 0.666992
vt 0.469215 0.482422
vt 0.469215 0.457275
vt 0.469215 0.376709
vt 0.469215 0.288086
vt 0.469215 0.235840
vt 0.469215 0.060883
vt 0.469215 0.009842
vt 0.480597 0.376709
vt 0.480597 0.287842
vt 0.480597 0.235596
vt 0.480597 0.060883
vt 0.486421 0.009857
vt 0.492245 0.060883
vt 0.503892 0.060883
vt 0.503892 0.009857
vt 0.503892 0.235718
vt 0.492245 0.235718
vt 0.492245 0.287842
vt 0.503892 0.287842
vt 0.492245 0.376709
vt 0.503892 0.376709
vt 0.503892 0.457275
vt 0.492245 0.457275
vt 0.480597 0.457275
vt 0.492245 0.482422
vt 0.480597 0.482422
vt 0.503892 0.482422
vt 0.492245 0.666992
vt 0.480597 0.666992
vt 0.503892 0.666992
vt 0.492245 0.695312
vt 0.480597 0.695312
vt 0.503892 0.695312
vt 0.492245 0.767090
vt 0.480597 0.767090
vt 0.503892 0.767090
vt 0.503892 0.839844
vt 0.492245 0.839844
vt 0.480597 0.839844
vt 0.503892 0.914551
vt 0.492245 0.914551
vt 0.480597 0.914551
vt 0.503892 0.988281
vt 0.492245 0.988281
vt 0.480332 0.988281
vt 0.515539 0.060883
vt 0.521363 0.009865
vt 0.515539 0.235840
vt 0.515539 0.287842
vt 0.515539 0.376709
vt 0.515539 0.457275
vt 0.515539 0.482422
vt 0.515539 0.666992
vt 0.515539 0.695312
vt 0.515539 0.767090
vt 0.515539 0.839844
vt 0.515539 0.914551
vt 0.515539 0.988281
vt 0.527186 0.988281
vt 0.526922 0.914551
vt 0.526922 0.839844
vt 0.526922 0.767090
vt 0.526922 0.695312
vt 0.526922 0.666992
vt 0.526922 0.482422
vt 0.526922 0.457275
vt 0.526922 0.376709
vt 0.526922 0.287842
vt 0.526922 0.235840
vt 0.526922 0.060883
vt 0.538569 0.060883
vt 0.538569 0.009865
vt 0.538569 0.235962
vt 0.538569 0.288086
vt 0.538569 0.376709
vt 0.538569 0.457275
vt 0.538569 0.482422
vt 0.538569 0.666992
vt 0.538569 0.695312
vt 0.538569 0.767578
vt 0.538569 0.839844
vt 0.538569 0.914551
vt 0.538569 0.988281
vt 0.411243 0.060852
vt 0.399596 0.060852
vt 0.399596 0.009819
vt 0.417067 0.009819
vt 0.411243 0.235962
vt 0.399596 0.235840
vt 0.411243 0.288086
vt 0.399596 0.287842
vt 0.411243 0.376709
vt 0.399596 0.376709
vt 0.411243 0.457275
vt 0.399596 0.457275
vt 0.411243 0.482422
vt 0.399596 0.482422
vt 0.411243 0.666992
vt 0.399596 0.666992
vt 0.411243 0.695312
vt 0.399596 0.695312
vt 0.411243 0.767090
vt 0.399596 0.767090
vt 0.411243 0.839844
vt 0.399596 0.839844
vt 0.411243 0.914551
vt 0.399596 0.914551
vt 0.411243 0.988281
vt 0.399596 0.988281
vt 0.423155 0.988281
vt 0.422890 0.914551
vt 0.422890 0.839844
vt 0.422890 0.767090
vt 0.422890 0.695312
vt 0.422890 0.666992
vt 0.422890 0.482422
vt 0.422890 0.457275
vt 0.422890 0.376709
vt 0.422890 0.288086
vt 0.422890 0.235962
vt 0.422890 0.060852
vt 0.434803 0.988281
vt 0.446450 0.988281
vt 0.149180 0.233032
vt 0.144019 0.233032
vt 0.144019 0.049713
vt 0.149180 0.049713
vt 0.144019 0.034332
vt 0.149180 0.034332
vt 0.154343 0.013489
vt 0.138989 0.034332
vt 0.138989 0.049713
vt 0.138989 0.233032
vt 0.134026 0.034332
vt 0.134026 0.049713
vt 0.134026 0.233032
vt 0.174857 0.034332
vt 0.169696 0.034332
vt 0.169696 0.049713
vt 0.174857 0.049713
vt 0.169696 0.232910
vt 0.174857 0.232910
vt 0.154343 0.233032
vt 0.154343 0.049713
vt 0.154343 0.034332
vt 0.159504 0.034332
vt 0.159504 0.049713
vt 0.159504 0.232910
vt 0.164666 0.034332
vt 0.164666 0.049713
vt 0.164666 0.232910
vt 0.079231 0.022018
vt 0.070032 0.022034
vt 0.070032 0.008331
vt 0.079231 0.008331
vt 0.079231 0.031403
vt 0.070032 0.031433
vt 0.088430 0.022034
vt 0.088430 0.008331
vt 0.088430 0.031433
vt 0.097628 0.022018
vt 0.097628 0.008331
vt 0.097628 0.031403
vt 0.106827 0.022018
vt 0.106827 0.008331
vt 0.106827 0.031433
vt 0.079231 0.051300
vt 0.070032 0.051331
vt 0.079231 0.075745
vt 0.070032 0.075745
vt 0.079231 0.133545
vt 0.070032 0.133545
vt 0.079231 0.259033
vt 0.070032 0.259033
vt 0.079231 0.411377
vt 0.088430 0.411377
vt 0.088430 0.259033
vt 0.070032 0.415527
vt 0.088430 0.133545
vt 0.088430 0.075745
vt 0.088430 0.051331
vt 0.079231 0.463379
vt 0.088430 0.463379
vt 0.070032 0.463379
vt 0.079231 0.494629
vt 0.070032 0.494629
vt 0.079231 0.511719
vt 0.070032 0.511719
vt 0.079231 0.532715
vt 0.070032 0.532715
vt 0.088430 0.576660
vt 0.088430 0.494629
vt 0.088430 0.511719
vt 0.088430 0.532715
vt 0.097628 0.494629
vt 0.097628 0.511719
vt 0.097628 0.532715
vt 0.097628 0.463379
vt 0.106827 0.532715
vt 0.106827 0.511719
vt 0.106827 0.494629
vt 0.106827 0.463379
vt 0.097628 0.411133
vt 0.097628 0.259033
vt 0.097628 0.133545
vt 0.097628 0.075684
vt 0.097628 0.051300
vt 0.106827 0.411133
vt 0.106827 0.259033
vt 0.106827 0.133545
vt 0.106827 0.075745
vt 0.106827 0.051300
vt 0.116026 0.463379
vt 0.116026 0.494629
vt 0.116026 0.411133
vt 0.116026 0.259033
vt 0.116026 0.133545
vt 0.116026 0.075684
vt 0.116026 0.051300
vt 0.116026 0.031433
vt 0.116026 0.511719
vt 0.116026 0.532715
vt 0.124563 0.511719
vt 0.124563 0.532715
vt 0.124563 0.494629
vt 0.124563 0.463379
vt 0.124563 0.411133
vt 0.124563 0.259033
vt 0.124563 0.133545
vt 0.124563 0.075684
vt 0.124563 0.051300
vt 0.124563 0.031403
vt 0.031798 0.580078
vt 0.029333 0.580078
vt 0.029333 0.004978
vt 0.031798 0.004978
vt 0.034280 0.580078
vt 0.034280 0.004978
vt 0.036745 0.580078
vt 0.036745 0.004978
vt 0.039227 0.580078
vt 0.039227 0.004978
vt 0.146666 0.463135
vt 0.146666 0.481201
vt 0.136475 0.481201
vt 0.136475 0.463135
vt 0.146666 0.445312
vt 0.136475 0.445312
vt 0.146666 0.427246
vt 0.136475 0.427246
vt 0.146533 0.409180
vt 0.136475 0.409180
vt 0.146666 0.498779
vt 0.136475 0.498779
vt 0.146666 0.516113
vt 0.136475 0.516113
vt 0.136475 0.391113
vt 0.146666 0.391113
vt 0.136475 0.373047
vt 0.146666 0.373047
vt 0.154343 0.463135
vt 0.154343 0.481201
vt 0.154343 0.445312
vt 0.154343 0.427246
vt 0.154343 0.409180
vt 0.154343 0.498779
vt 0.154343 0.516113
vt 0.154343 0.391113
vt 0.154343 0.373047
vt 0.061099 0.022034
vt 0.061099 0.008331
vt 0.061099 0.031433
vt 0.052131 0.022034
vt 0.052131 0.008331
vt 0.052131 0.031403
vt 0.116026 0.022034
vt 0.116026 0.008331
vt 0.124563 0.008331
vt 0.124563 0.022034
vt 0.061099 0.051331
vt 0.061099 0.075684
vt 0.061099 0.133545
vt 0.061099 0.259033
vt 0.061099 0.411377
vt 0.052131 0.411377
vt 0.052131 0.259033
vt 0.052131 0.133545
vt 0.052131 0.075745
vt 0.052131 0.051300
vt 0.061099 0.463379
vt 0.052131 0.463379
vt 0.052131 0.494629
vt 0.061099 0.494629
vt 0.052131 0.511719
vt 0.061099 0.511719
vt 0.061099 0.532715
vt 0.052131 0.532715
vt 0.026934 0.580078
vt 0.026934 0.004978
vt 0.024536 0.580078
vt 0.024536 0.004978
vt 0.041675 0.580078
vt 0.041675 0.004978
vt 0.044157 0.004978
vt 0.044157 0.580078
vt 0.273329 0.318115
vt 0.262873 0.322998
vt 0.261947 0.317139
vt 0.272800 0.313965
vt 0.254006 0.328369
vt 0.252682 0.320801
vt 0.245006 0.324707
vt 0.246462 0.333496
vt 0.238123 0.328125
vt 0.238520 0.337891
vt 0.229520 0.331055
vt 0.230049 0.342041
vt 0.221314 0.344727
vt 0.221314 0.332520
vt 0.214564 0.332764
vt 0.214167 0.346436
vt 0.282330 0.310791
vt 0.283389 0.322998
vt 0.274653 0.325684
vt 0.275182 0.329102
vt 0.265653 0.337891
vt 0.264330 0.330811
vt 0.255594 0.336670
vt 0.247653 0.343018
vt 0.239314 0.349121
vt 0.230447 0.355469
vt 0.222108 0.359863
vt 0.214432 0.361572
vt 0.206755 0.347656
vt 0.206622 0.361572
vt 0.206888 0.379639
vt 0.214829 0.381348
vt 0.199343 0.348633
vt 0.199740 0.359863
vt 0.222505 0.376465
vt 0.240241 0.361328
vt 0.248844 0.353516
vt 0.257314 0.345947
vt 0.199740 0.371826
vt 0.194049 0.358643
vt 0.193652 0.349854
vt 0.231240 0.369873
vt 0.222108 0.386230
vt 0.232432 0.383301
vt 0.241697 0.377441
vt 0.251226 0.368164
vt 0.260094 0.357910
vt 0.268565 0.347656
vt 0.277565 0.336914
vt 0.284977 0.331543
vt 0.279683 0.345215
vt 0.271344 0.357910
vt 0.286036 0.336670
vt 0.262741 0.370605
vt 0.253608 0.384033
vt 0.242888 0.395020
vt 0.233358 0.398438
vt 0.292918 0.327637
vt 0.292124 0.319580
vt 0.298477 0.318848
vt 0.294771 0.339111
vt 0.288947 0.347656
vt 0.283389 0.355225
vt 0.275447 0.368164
vt 0.267109 0.380859
vt 0.300330 0.332275
vt 0.256123 0.393799
vt 0.270947 0.392578
vt 0.259564 0.404297
vt 0.244741 0.401123
vt 0.287095 0.365234
vt 0.279683 0.378662
vt 0.292124 0.356201
vt 0.297153 0.348145
vt 0.302447 0.340332
vt 0.309065 0.332031
vt 0.307742 0.324951
vt 0.316742 0.324463
vt 0.315948 0.317627
vt 0.325212 0.317871
vt 0.324154 0.312012
vt 0.333948 0.312744
vt 0.333683 0.307129
vt 0.343213 0.309082
vt 0.343213 0.304199
vt 0.331566 0.289551
vt 0.342419 0.288574
vt 0.320977 0.293213
vt 0.312507 0.296143
vt 0.304300 0.300049
vt 0.296624 0.303711
vt 0.290535 0.306885
vt 0.353536 0.303223
vt 0.353007 0.307129
vt 0.362272 0.309814
vt 0.363331 0.305908
vt 0.370478 0.317627
vt 0.372331 0.314697
vt 0.378684 0.327637
vt 0.375772 0.328369
vt 0.382125 0.341064
vt 0.377625 0.335205
vt 0.353007 0.288574
vt 0.364390 0.292969
vt 0.374184 0.303955
vt 0.380537 0.320068
vt 0.385037 0.341064
vt 0.207020 0.332031
vt 0.199740 0.330811
vt 0.193652 0.329834
vt 0.186637 0.345459
vt 0.187167 0.328613
vt 0.180946 0.336182
vt 0.178431 0.328125
vt 0.016213 0.138916
vt 0.016213 0.142334
vt 0.011159 0.139648
vt 0.011159 0.134644
vt 0.011159 0.146606
vt 0.016213 0.148071
vt 0.011159 0.155518
vt 0.016213 0.155884
vt 0.011159 0.166748
vt 0.016213 0.167603
vt 0.011159 0.180298
vt 0.016213 0.180542
vt 0.011159 0.197754
vt 0.016213 0.198120
vt 0.011159 0.218018
vt 0.016213 0.217773
vt 0.011159 0.238037
vt 0.016213 0.237183
vt 0.011159 0.259277
vt 0.016213 0.258789
vt 0.011159 0.281250
vt 0.016213 0.279297
vt 0.011159 0.303467
vt 0.016213 0.301514
vt 0.011159 0.328613
vt 0.016213 0.327148
vt 0.011159 0.369629
vt 0.016213 0.369873
vt 0.011159 0.416992
vt 0.016213 0.417725
vt 0.011159 0.471924
vt 0.016213 0.471924
vt 0.011159 0.507324
vt 0.016213 0.507812
vt 0.011159 0.535156
vt 0.016213 0.535156
vt 0.011159 0.550781
vt 0.016213 0.552246
vt 0.222637 0.395996
vt 0.216285 0.388672
vt 0.250829 0.405518
vt 0.260094 0.519531
vt 0.260358 0.510742
vt 0.271080 0.515137
vt 0.270814 0.520996
vt 0.251888 0.507812
vt 0.250961 0.517578
vt 0.243549 0.515625
vt 0.244344 0.504883
vt 0.236799 0.513184
vt 0.236535 0.502441
vt 0.228461 0.512207
vt 0.228196 0.500977
vt 0.280477 0.521484
vt 0.280477 0.510254
vt 0.271741 0.509277
vt 0.261153 0.504395
vt 0.252814 0.500000
vt 0.244873 0.495850
vt 0.236402 0.492188
vt 0.227667 0.488525
vt 0.219726 0.500000
vt 0.219329 0.486328
vt 0.212711 0.500000
vt 0.211917 0.486328
vt 0.262344 0.497314
vt 0.272138 0.503906
vt 0.205564 0.500977
vt 0.204637 0.488281
vt 0.203314 0.471680
vt 0.211123 0.467529
vt 0.198284 0.501465
vt 0.198284 0.491455
vt 0.218667 0.470215
vt 0.227402 0.474609
vt 0.236535 0.480469
vt 0.197358 0.480957
vt 0.192990 0.494141
vt 0.192725 0.501953
vt 0.273859 0.495361
vt 0.264330 0.486816
vt 0.281006 0.499512
vt 0.253741 0.491455
vt 0.255726 0.478760
vt 0.245402 0.486084
vt 0.246594 0.470947
vt 0.236932 0.464600
vt 0.227800 0.461182
vt 0.218005 0.460693
vt 0.275182 0.487061
vt 0.266579 0.476562
vt 0.282065 0.493896
vt 0.257579 0.466309
vt 0.247917 0.455566
vt 0.237197 0.447754
vt 0.227402 0.447510
vt 0.217873 0.452881
vt 0.212711 0.459961
vt 0.289212 0.499023
vt 0.288418 0.522949
vt 0.294771 0.524414
vt 0.295830 0.503418
vt 0.297418 0.488770
vt 0.291859 0.483398
vt 0.283918 0.482666
vt 0.278359 0.475830
vt 0.270682 0.466553
vt 0.261153 0.455566
vt 0.250300 0.445312
vt 0.264064 0.444580
vt 0.252550 0.435791
vt 0.239182 0.441406
vt 0.281271 0.468262
vt 0.273329 0.456055
vt 0.286829 0.476074
vt 0.244476 0.436035
vt 0.207284 0.516602
vt 0.214299 0.514160
vt 0.220520 0.512695
vt 0.200270 0.520020
vt 0.194181 0.522461
vt 0.185975 0.508789
vt 0.188225 0.525879
vt 0.181475 0.520020
vt 0.180019 0.528809
vt 0.365978 0.493408
vt 0.367831 0.483398
vt 0.377625 0.486328
vt 0.372331 0.500977
vt 0.360154 0.502930
vt 0.363595 0.513672
vt 0.351948 0.510254
vt 0.353536 0.521973
vt 0.366772 0.473145
vt 0.381067 0.473145
vt 0.358831 0.498291
vt 0.363860 0.491211
vt 0.365184 0.483154
vt 0.364390 0.478516
vt 0.350625 0.503906
vt 0.339507 0.507812
vt 0.340566 0.514648
vt 0.330242 0.506348
vt 0.330507 0.517090
vt 0.342419 0.524902
vt 0.330771 0.527344
vt 0.320183 0.514160
vt 0.319389 0.526855
vt 0.311712 0.512695
vt 0.310654 0.526367
vt 0.303506 0.508789
vt 0.302447 0.524902
vt 0.304565 0.494629
vt 0.312507 0.499756
vt 0.321242 0.503418
vt 0.007693 0.439941
vt 0.007693 0.488525
vt 0.002638 0.488037
vt 0.002638 0.439453
vt 0.007693 0.393311
vt 0.002638 0.392822
vt 0.007693 0.351074
vt 0.002638 0.351074
vt 0.007693 0.310791
vt 0.002639 0.310791
vt 0.007693 0.261230
vt 0.002638 0.261230
vt 0.007693 0.214355
vt 0.002639 0.214233
vt 0.007693 0.177856
vt 0.002639 0.177856
vt 0.007693 0.138306
vt 0.002638 0.138306
vt 0.007693 0.102417
vt 0.002639 0.102539
vt 0.007693 0.073425
vt 0.002638 0.073242
vt 0.007693 0.043610
vt 0.002639 0.043884
vt 0.007693 0.004471
vt 0.002638 0.004536
vt 0.016213 0.746094
vt 0.016213 0.780762
vt 0.011159 0.781738
vt 0.011159 0.745605
vt 0.016213 0.713379
vt 0.011159 0.712891
vt 0.016213 0.680176
vt 0.011159 0.679688
vt 0.011159 0.799316
vt 0.016213 0.799316
vt 0.016213 0.831055
vt 0.011159 0.830566
vt 0.011159 0.863281
vt 0.016213 0.863281
vt 0.011159 0.886230
vt 0.016213 0.886230
vt 0.016213 0.590820
vt 0.011159 0.590332
vt 0.011159 0.634766
vt 0.016213 0.634766
vt 0.011159 0.663086
vt 0.016213 0.662598
vt 0.007693 0.859375
vt 0.007693 0.875488
vt 0.002638 0.880371
vt 0.002638 0.862305
vt 0.007693 0.833008
vt 0.002638 0.835449
vt 0.007693 0.800293
vt 0.002638 0.800293
vt 0.007693 0.763672
vt 0.002638 0.764160
vt 0.007693 0.723145
vt 0.002638 0.723633
vt 0.007693 0.681641
vt 0.002638 0.682129
vt 0.007693 0.649414
vt 0.002638 0.649902
vt 0.007693 0.617188
vt 0.002638 0.617188
vt 0.007693 0.587402
vt 0.002638 0.586914
vt 0.007693 0.561523
vt 0.002638 0.562012
vt 0.007693 0.529297
vt 0.002638 0.528809
vt 0.011159 0.131836
vt 0.016213 0.137451
vt 0.007693 0.887695
vt 0.003789 0.893555
vt 0.002638 0.895996
vt 0.384507 0.266602
vt 0.377890 0.264648
vt 0.384507 0.149780
vt 0.368890 0.149780
vt 0.369419 0.260254
vt 0.362801 0.255127
vt 0.352213 0.149780
vt 0.356183 0.249634
vt 0.350625 0.244263
vt 0.335801 0.149780
vt 0.344536 0.239990
vt 0.338448 0.235596
vt 0.319124 0.149780
vt 0.329713 0.235962
vt 0.321772 0.235962
vt 0.302447 0.149780
vt 0.313301 0.243408
vt 0.305359 0.250732
vt 0.286036 0.149780
vt 0.297153 0.266602
vt 0.287095 0.276611
vt 0.269491 0.149780
vt 0.277830 0.277344
vt 0.268829 0.274170
vt 0.253344 0.149780
vt 0.257314 0.270752
vt 0.236667 0.149780
vt 0.240770 0.263672
vt 0.229785 0.259521
vt 0.219990 0.149780
vt 0.218931 0.259277
vt 0.206358 0.263184
vt 0.203446 0.149780
vt 0.199211 0.265869
vt 0.191402 0.268311
vt 0.187431 0.149780
vt 0.187431 0.266357
vt 0.366507 0.709473
vt 0.365448 0.762695
vt 0.359889 0.762695
vt 0.362801 0.709473
vt 0.383184 0.709473
vt 0.383184 0.762695
vt 0.383184 0.651367
vt 0.368360 0.661133
vt 0.357242 0.709473
vt 0.355125 0.762695
vt 0.348242 0.762695
vt 0.350095 0.709473
vt 0.355125 0.602051
vt 0.383184 0.594727
vt 0.331301 0.678223
vt 0.330771 0.597656
vt 0.337919 0.683105
vt 0.345331 0.709473
vt 0.331830 0.709473
vt 0.344007 0.762695
vt 0.346389 0.762695
vt 0.346124 0.709473
vt 0.331830 0.762695
vt 0.318860 0.762695
vt 0.318860 0.709473
vt 0.315948 0.762695
vt 0.317801 0.709473
vt 0.325212 0.683594
vt 0.313036 0.709473
vt 0.313301 0.762695
vt 0.310124 0.599121
vt 0.277300 0.651855
vt 0.279947 0.594727
vt 0.290271 0.665527
vt 0.292653 0.709473
vt 0.278888 0.709473
vt 0.292653 0.762695
vt 0.298477 0.762695
vt 0.299271 0.709473
vt 0.278888 0.762695
vt 0.304830 0.709473
vt 0.302183 0.762695
vt 0.266183 0.762695
vt 0.265785 0.709473
vt 0.260094 0.762695
vt 0.260358 0.709473
vt 0.265388 0.662598
vt 0.255461 0.709473
vt 0.255065 0.762695
vt 0.244741 0.762695
vt 0.246594 0.709473
vt 0.253079 0.600098
vt 0.233358 0.667969
vt 0.232829 0.593750
vt 0.237726 0.676758
vt 0.237726 0.709473
vt 0.226873 0.709473
vt 0.238388 0.762695
vt 0.241697 0.762695
vt 0.241961 0.709473
vt 0.226873 0.762695
vt 0.213505 0.592773
vt 0.223167 0.683594
vt 0.214961 0.709473
vt 0.217078 0.762695
vt 0.215623 0.762695
vt 0.214829 0.709473
vt 0.210858 0.709473
vt 0.214432 0.762695
vt 0.177769 0.709473
vt 0.181740 0.583496
vt 0.187034 0.709473
vt 0.188755 0.762695
vt 0.199872 0.762695
vt 0.194843 0.709473
vt 0.177769 0.762695
vt 0.203049 0.709473
vt 0.206358 0.762695
vt 0.167048 0.762695
vt 0.166387 0.709473
vt 0.156725 0.762695
vt 0.160034 0.709473
vt 0.154475 0.709473
vt 0.152622 0.762695
vt 0.147989 0.762695
vt 0.149975 0.709473
vt 0.152886 0.588379
vt 0.127872 0.678223
vt 0.132769 0.585938
vt 0.113974 0.589355
vt 0.119864 0.680176
vt 0.111459 0.709473
vt 0.127342 0.709473
vt 0.107489 0.762695
vt 0.105834 0.762695
vt 0.109871 0.709473
vt 0.127342 0.762695
vt 0.106232 0.709473
vt 0.104379 0.762695
vt 0.144416 0.762695
vt 0.145342 0.709473
vt 0.145740 0.762695
vt 0.145872 0.709473
vt 0.137269 0.681641
vt 0.100275 0.709473
vt 0.101599 0.762695
vt 0.099547 0.762695
vt 0.096702 0.709473
vt 0.093989 0.709473
vt 0.093856 0.762695
vt 0.074135 0.709473
vt 0.074135 0.762695
vt 0.076848 0.652344
vt 0.098224 0.655762
vt 0.086246 0.588379
vt 0.062521 0.762695
vt 0.064010 0.709473
vt 0.057624 0.762695
vt 0.060006 0.709473
vt 0.062488 0.666992
vt 0.048690 0.599121
vt 0.055738 0.709473
vt 0.054183 0.762695
vt 0.045183 0.762695
vt 0.047730 0.709473
vt 0.027497 0.674316
vt 0.027497 0.599609
vt 0.036447 0.679199
vt 0.043264 0.709473
vt 0.027497 0.709473
vt 0.040980 0.762695
vt 0.043694 0.762695
vt 0.045018 0.709473
vt 0.027497 0.762695
vt 0.206226 0.992188
vt 0.202784 0.992188
vt 0.205299 0.938965
vt 0.209270 0.938965
vt 0.259432 0.805664
vt 0.200667 0.992188
vt 0.199740 0.938965
vt 0.219461 0.877441
vt 0.210196 0.992188
vt 0.211123 0.938965
vt 0.198417 0.992188
vt 0.195637 0.938965
vt 0.213770 0.851074
vt 0.197755 0.860840
vt 0.207284 0.770996
vt 0.190211 0.938965
vt 0.181872 0.938965
vt 0.192858 0.992188
vt 0.185711 0.992188
vt 0.168239 0.938965
vt 0.168239 0.992188
vt 0.149446 0.992188
vt 0.149710 0.938965
vt 0.136541 0.992188
vt 0.139122 0.938965
vt 0.094386 0.807617
vt 0.136011 0.785156
vt 0.131114 0.938965
vt 0.123901 0.938965
vt 0.127276 0.992188
vt 0.123107 0.992188
vt 0.119136 0.992188
vt 0.115165 0.938965
vt 0.172210 0.774902
vt 0.087106 0.916992
vt 0.071753 0.809570
vt 0.096768 0.927734
vt 0.106232 0.938965
vt 0.097761 0.938965
vt 0.114305 0.992188
vt 0.117415 0.992188
vt 0.111989 0.938965
vt 0.097761 0.992188
vt 0.079363 0.992188
vt 0.084194 0.938965
vt 0.077312 0.992188
vt 0.077907 0.938965
vt 0.081746 0.927246
vt 0.069702 0.938965
vt 0.074334 0.992188
vt 0.046871 0.818848
vt 0.026570 0.888184
vt 0.026570 0.814941
vt 0.043528 0.900391
vt 0.040650 0.938965
vt 0.026570 0.938965
vt 0.043330 0.992188
vt 0.052098 0.992188
vt 0.048723 0.938965
vt 0.026570 0.992188
vt 0.054646 0.938965
vt 0.056797 0.992188
vt 0.227534 0.938965
vt 0.217211 0.992188
vt 0.214696 0.992188
vt 0.217344 0.938965
vt 0.240638 0.938965
vt 0.240373 0.992188
vt 0.247520 0.911133
vt 0.235873 0.919434
vt 0.285506 0.801758
vt 0.255461 0.915527
vt 0.251359 0.938965
vt 0.260624 0.992188
vt 0.265388 0.992188
vt 0.260226 0.938965
vt 0.266579 0.938965
vt 0.271874 0.992188
vt 0.254138 0.782227
vt 0.284712 0.938965
vt 0.278359 0.938965
vt 0.286829 0.992188
vt 0.282330 0.992188
vt 0.279418 0.992188
vt 0.272800 0.938965
vt 0.289477 0.938965
vt 0.293447 0.992188
vt 0.295300 0.938965
vt 0.295830 0.992188
vt 0.302977 0.938965
vt 0.302183 0.992188
vt 0.313301 0.938965
vt 0.313301 0.992188
vt 0.317007 0.830078
vt 0.353007 0.835938
vt 0.324683 0.938965
vt 0.328124 0.992188
vt 0.334213 0.992188
vt 0.333419 0.938965
vt 0.344271 0.992188
vt 0.342154 0.938965
vt 0.351419 0.992188
vt 0.349566 0.938965
vt 0.354860 0.938965
vt 0.357507 0.992188
vt 0.369154 0.992188
vt 0.364390 0.938965
vt 0.382390 0.915527
vt 0.382390 0.829102
vt 0.373655 0.924805
vt 0.372596 0.938965
vt 0.382390 0.938965
vt 0.371007 0.938965
vt 0.370213 0.992188
vt 0.370743 0.992188
vt 0.382390 0.992188
vt 0.253476 0.117798
vt 0.237064 0.117798
vt 0.237064 0.071411
vt 0.253476 0.071411
vt 0.237064 0.025223
vt 0.253476 0.025223
vt 0.220652 0.117798
vt 0.220652 0.071411
vt 0.220652 0.025223
vt 0.204108 0.117798
vt 0.204108 0.071411
vt 0.204108 0.025223
vt 0.187696 0.117798
vt 0.187696 0.071411
vt 0.187696 0.025223
vt 0.270021 0.117798
vt 0.270021 0.071411
vt 0.270021 0.025223
vt 0.286565 0.117798
vt 0.286565 0.071411
vt 0.286565 0.025223
vt 0.302977 0.117798
vt 0.302977 0.071411
vt 0.302977 0.025223
vt 0.319389 0.117798
vt 0.319389 0.071411
vt 0.319389 0.025223
vt 0.335801 0.117798
vt 0.335801 0.071411
vt 0.335801 0.025223
vt 0.352213 0.117798
vt 0.352213 0.071411
vt 0.352213 0.025223
vt 0.368625 0.117798
vt 0.368625 0.071411
vt 0.368625 0.025223
vt 0.385302 0.117798
vt 0.385302 0.071411
vt 0.385302 0.025223
s 1
usemtl mat1.004
f 3/1/1 2/2/2 1/3/3
f 1/3/3 2/2/2 4/4/4
f 2/2/2 5/5/5 4/4/4
f 3/1/1 6/6/6 2/2/2
f 6/6/6 7/7/7 2/2/2
f 2/2/2 8/7/8 5/5/5
f 8/7/8 9/8/9 5/5/5
f 6/6/6 10/9/10 7/7/7
f 10/9/10 11/10/11 7/7/7
f 8/7/8 12/10/11 9/8/9
f 12/10/11 13/11/12 9/8/9
f 10/9/10 14/12/13 11/10/11
f 14/12/13 15/13/14 11/10/11
f 12/10/11 15/13/15 13/11/12
f 15/13/15 16/14/16 13/11/12
f 14/12/13 17/15/17 15/13/14
f 17/15/17 18/16/18 15/13/14
f 15/13/15 19/16/19 16/14/16
f 19/16/19 20/17/20 16/14/16
f 17/15/17 21/18/21 18/16/18
f 21/18/21 22/19/22 18/16/18
f 19/16/19 23/19/23 20/17/20
f 23/19/23 24/20/24 20/17/20
f 21/18/21 25/21/25 22/19/22
f 25/21/25 26/22/26 22/19/22
f 23/19/23 27/22/27 24/20/24
f 27/22/27 28/23/28 24/20/24
f 25/21/25 29/24/29 26/22/26
f 29/24/29 30/25/30 26/22/26
f 27/22/27 31/25/31 28/23/28
f 31/25/31 32/26/32 28/23/28
f 29/24/29 33/27/33 30/25/30
f 33/27/33 34/28/34 30/25/30
f 31/25/31 35/28/35 32/26/32
f 35/28/35 36/29/36 32/26/32
f 33/27/33 37/30/37 34/28/34
f 37/30/37 38/31/38 34/28/34
f 35/28/35 39/31/39 36/29/36
f 39/31/39 40/32/40 36/29/36
f 37/30/37 41/33/41 38/31/38
f 41/33/41 42/34/42 38/31/38
f 39/31/39 42/34/42 40/32/40
f 42/34/42 43/35/43 40/32/40
f 41/33/41 44/36/44 42/34/42
f 45/37/45 44/36/44 41/33/41
f 46/38/46 45/37/45 41/33/41
f 46/38/46 41/33/41 47/30/47
f 48/39/48 46/38/46 47/30/47
f 48/39/48 47/30/47 49/27/49
f 50/40/50 48/39/48 49/27/49
f 50/40/50 49/27/49 51/24/51
f 52/41/52 50/40/50 51/24/51
f 52/41/52 51/24/51 53/21/53
f 54/42/54 52/41/52 53/21/53
f 54/42/54 53/21/53 55/18/55
f 56/43/56 54/42/54 55/18/55
f 56/43/56 55/18/55 57/15/57
f 58/44/58 56/43/56 57/15/57
f 58/44/58 57/15/57 14/12/59
f 59/45/60 58/44/58 14/12/59
f 59/45/60 14/12/59 60/9/61
f 61/46/62 59/45/60 60/9/61
f 61/46/62 60/9/61 62/6/63
f 63/47/64 61/46/62 62/6/63
f 63/47/64 62/6/63 3/1/65
f 64/48/66 63/47/64 3/1/65
f 64/48/66 3/1/65 65/3/67
f 66/49/68 64/48/66 65/3/67
f 68/50/69 59/45/70 67/46/71
f 69/51/72 68/50/69 67/46/71
f 69/51/72 67/46/71 70/47/73
f 71/52/74 69/51/72 70/47/73
f 71/52/74 70/47/73 72/48/75
f 73/53/76 71/52/74 72/48/75
f 73/53/76 72/48/75 74/49/77
f 75/54/78 73/53/76 74/49/77
f 77/55/79 73/53/80 76/54/81
f 78/56/82 77/55/79 76/54/81
f 79/57/83 78/56/82 76/54/81
f 78/56/82 80/58/84 77/55/79
f 80/58/84 81/59/85 77/55/79
f 77/55/79 82/59/86 73/53/80
f 82/59/86 83/52/87 73/53/80
f 82/59/86 84/60/88 83/52/87
f 84/60/88 85/51/72 83/52/87
f 80/58/84 86/61/89 81/59/85
f 86/61/89 87/60/90 81/59/85
f 84/60/88 88/62/91 85/51/72
f 88/62/91 68/50/92 85/51/72
f 89/63/93 88/62/94 87/60/90
f 86/61/89 89/63/93 87/60/90
f 89/63/93 90/64/95 88/62/94
f 90/64/95 91/65/96 88/62/94
f 88/62/91 92/65/97 68/50/92
f 92/65/97 93/66/98 68/50/92
f 92/65/97 94/67/99 93/66/98
f 94/67/99 95/68/100 93/66/98
f 90/64/95 96/69/101 91/65/96
f 96/69/101 97/67/102 91/65/96
f 94/67/99 98/70/103 95/68/100
f 98/70/103 99/71/104 95/68/100
f 100/72/105 98/70/106 97/67/102
f 96/69/101 100/72/105 97/67/102
f 98/70/103 101/73/107 99/71/104
f 101/73/107 102/74/108 99/71/104
f 100/72/105 103/75/109 98/70/106
f 103/75/109 104/73/110 98/70/106
f 101/73/107 105/76/111 102/74/108
f 105/76/111 106/77/112 102/74/108
f 103/75/109 107/78/113 104/73/110
f 107/78/113 108/76/114 104/73/110
f 107/78/113 109/79/115 108/76/114
f 109/79/115 110/80/116 108/76/114
f 105/76/111 111/80/117 106/77/112
f 111/80/117 112/81/118 106/77/112
f 109/79/115 113/82/119 110/80/116
f 113/82/119 114/83/120 110/80/116
f 111/80/117 115/83/120 112/81/118
f 115/83/120 116/84/121 112/81/118
f 113/82/119 117/85/122 114/83/120
f 117/85/122 118/86/123 114/83/120
f 115/83/120 118/86/124 116/84/121
f 118/86/124 119/87/125 116/84/121
f 116/84/121 119/87/125 120/38/126
f 116/84/121 120/38/126 121/39/127
f 122/81/118 116/84/121 121/39/127
f 122/81/118 121/39/127 123/40/128
f 124/77/129 122/81/118 123/40/128
f 124/77/129 123/40/128 125/41/130
f 126/74/131 124/77/129 125/41/130
f 126/74/131 125/41/130 127/42/132
f 128/71/133 126/74/131 127/42/132
f 128/71/133 127/42/132 129/43/134
f 130/68/135 128/71/133 129/43/134
f 130/68/135 129/43/134 131/44/136
f 132/66/137 130/68/135 131/44/136
f 132/66/137 131/44/136 59/45/70
f 68/50/69 132/66/137 59/45/70
f 119/87/125 45/37/138 120/38/126
f 135/88/139 134/56/140 133/57/141
f 136/89/142 135/88/139 133/57/141
f 135/88/139 137/90/143 134/56/140
f 137/90/143 138/58/144 134/56/140
f 137/90/143 139/91/145 138/58/144
f 139/91/145 140/61/146 138/58/144
f 139/91/145 141/92/147 140/61/146
f 141/92/147 89/63/148 140/61/146
f 141/92/147 142/93/149 89/63/148
f 142/93/149 143/64/150 89/63/148
f 142/93/149 144/94/151 143/64/150
f 144/94/151 145/69/152 143/64/150
f 144/94/151 146/95/153 145/69/152
f 146/95/153 147/72/154 145/69/152
f 146/95/153 148/96/155 147/72/154
f 148/96/155 149/75/156 147/72/154
f 148/96/155 150/97/157 149/75/156
f 150/97/157 151/78/158 149/75/156
f 150/97/157 152/98/159 151/78/158
f 152/98/159 153/79/160 151/78/158
f 152/98/159 154/99/161 153/79/160
f 154/99/161 155/82/119 153/79/160
f 154/99/161 156/100/162 155/82/119
f 156/100/162 117/85/163 155/82/119
f 158/101/164 156/100/165 157/99/166
f 159/102/167 158/101/164 157/99/166
f 159/102/167 157/99/166 160/98/159
f 161/103/168 159/102/167 160/98/159
f 161/103/168 160/98/159 162/97/169
f 163/104/170 161/103/168 162/97/169
f 163/104/170 162/97/169 164/96/171
f 165/105/172 163/104/170 164/96/171
f 165/105/172 164/96/171 166/95/173
f 167/106/174 165/105/172 166/95/173
f 167/106/174 166/95/173 168/94/175
f 169/107/176 167/106/174 168/94/175
f 169/107/176 168/94/175 170/93/149
f 171/108/177 169/107/176 170/93/149
f 171/108/177 170/93/149 141/92/178
f 172/109/179 171/108/177 141/92/178
f 172/109/179 141/92/178 173/91/145
f 174/110/180 172/109/179 173/91/145
f 174/110/180 173/91/145 175/90/181
f 176/111/182 174/110/180 175/90/181
f 176/111/182 175/90/181 135/88/183
f 177/112/184 176/111/182 135/88/183
f 177/112/184 135/88/183 178/89/185
f 179/113/186 177/112/184 178/89/185
f 180/114/187 179/113/186 178/89/185
f 179/113/186 181/115/188 177/112/184
f 181/115/188 182/111/189 177/112/184
f 181/115/188 183/116/190 182/111/189
f 183/116/190 184/110/191 182/111/189
f 185/117/192 172/109/193 184/110/191
f 183/116/190 185/117/192 184/110/191
f 185/117/192 186/118/194 172/109/193
f 186/118/194 187/108/195 172/109/193
f 186/118/194 188/119/196 187/108/195
f 188/119/196 189/107/197 187/108/195
f 188/119/196 190/120/198 189/107/197
f 190/120/198 191/106/199 189/107/197
f 190/120/198 192/121/200 191/106/199
f 192/121/200 193/105/201 191/106/199
f 192/121/200 194/122/202 193/105/201
f 194/122/202 195/104/203 193/105/201
f 194/122/202 196/123/204 195/104/203
f 196/123/204 197/103/205 195/104/203
f 196/123/204 198/124/206 197/103/205
f 198/124/206 159/102/167 197/103/205
f 198/124/206 199/125/207 159/102/167
f 199/125/207 158/101/164 159/102/167
f 202/126/208 201/127/209 200/128/210
f 203/129/211 202/126/208 200/128/210
f 202/126/208 204/130/212 201/127/209
f 204/130/212 205/131/213 201/127/209
f 204/130/212 206/132/214 205/131/213
f 206/132/214 207/133/215 205/131/213
f 206/132/214 208/134/216 207/133/215
f 208/134/216 209/135/217 207/133/215
f 208/134/216 210/136/218 209/135/217
f 210/136/218 211/137/219 209/135/217
f 210/136/218 212/138/220 211/137/219
f 212/138/220 213/139/221 211/137/219
f 212/138/220 214/140/222 213/139/221
f 214/140/222 215/141/223 213/139/221
f 214/140/222 216/142/224 215/141/223
f 216/142/224 217/143/225 215/141/223
f 216/142/224 218/144/226 217/143/225
f 218/144/226 219/145/202 217/143/225
f 218/144/226 220/146/227 219/145/202
f 220/146/227 221/147/228 219/145/202
f 220/146/227 222/148/229 221/147/228
f 222/148/229 223/149/206 221/147/228
f 222/148/229 224/150/230 223/149/206
f 224/150/230 225/151/231 223/149/206
f 227/152/232 224/150/233 226/148/234
f 228/153/235 227/152/232 226/148/234
f 228/153/235 226/148/234 229/146/236
f 230/154/237 228/153/235 229/146/236
f 230/154/237 229/146/236 231/144/226
f 232/155/238 230/154/237 231/144/226
f 232/155/238 231/144/226 233/142/224
f 234/156/239 232/155/238 233/142/224
f 234/156/239 233/142/224 235/140/240
f 236/157/241 234/156/239 235/140/240
f 236/157/241 235/140/240 237/138/242
f 238/158/243 236/157/241 237/138/242
f 238/158/243 237/138/242 239/136/244
f 240/159/245 238/158/243 239/136/244
f 240/159/245 239/136/244 208/134/246
f 241/160/247 240/159/245 208/134/246
f 241/160/247 208/134/246 242/132/214
f 243/161/248 241/160/247 242/132/214
f 243/161/248 242/132/214 244/130/249
f 245/162/250 243/161/248 244/130/249
f 245/162/250 244/130/249 202/126/251
f 246/163/252 245/162/250 202/126/251
f 246/163/252 202/126/251 247/129/253
f 248/5/254 246/163/252 247/129/253
f 249/4/255 248/5/254 247/129/253
f 248/5/254 250/8/256 246/163/252
f 250/8/256 251/162/257 246/163/252
f 250/8/256 252/11/258 251/162/257
f 252/11/258 253/161/259 251/162/257
f 16/14/260 241/160/261 253/161/259
f 252/11/258 16/14/260 253/161/259
f 16/14/260 254/17/262 241/160/261
f 254/17/262 255/159/263 241/160/261
f 254/17/262 256/20/264 255/159/263
f 256/20/264 257/158/265 255/159/263
f 256/20/264 258/23/266 257/158/265
f 258/23/266 259/157/267 257/158/265
f 258/23/266 260/26/268 259/157/267
f 260/26/268 261/156/269 259/157/267
f 260/26/268 262/29/270 261/156/269
f 262/29/270 263/155/271 261/156/269
f 262/29/270 264/32/272 263/155/271
f 264/32/272 265/154/273 263/155/271
f 264/32/272 266/35/274 265/154/273
f 266/35/274 228/153/235 265/154/273
f 266/35/274 267/164/275 228/153/235
f 267/164/275 227/152/232 228/153/235
f 268/165/276 267/164/277 43/35/43
f 42/34/42 268/165/276 43/35/43
f 44/36/44 268/165/276 42/34/42
f 271/166/278 270/167/279 269/168/280
f 272/169/281 271/166/278 269/168/280
f 269/168/280 273/170/282 272/169/281
f 273/170/282 274/171/283 272/169/281
f 273/170/282 275/172/284 274/171/283
f 275/172/285 277/170/286 276/173/287
f 276/173/287 277/170/286 278/174/288
f 277/170/286 279/168/289 278/174/288
f 280/175/290 278/174/288 279/168/289
f 281/167/291 280/175/290 279/168/289
f 275/172/292 283/173/287 282/176/293
f 282/176/293 283/173/287 284/177/294
f 283/173/287 285/174/295 284/177/294
f 286/178/296 284/177/294 285/174/295
f 287/175/297 286/178/296 285/174/295
f 275/172/292 289/179/298 288/180/299
f 288/180/299 289/179/298 290/181/300
f 289/179/298 291/182/301 290/181/300
f 292/183/302 290/181/300 291/182/301
f 293/184/303 292/183/302 291/182/301
f 296/185/304 295/166/305 294/169/306
f 297/186/307 296/185/304 294/169/306
f 294/169/306 298/171/308 297/186/307
f 298/171/308 299/187/309 297/186/307
f 298/171/308 300/172/310 299/187/309
f 302/187/311 300/172/312 301/188/313
f 302/187/311 301/188/313 303/189/314
f 304/186/307 302/187/311 303/189/314
f 303/189/314 305/190/315 304/186/307
f 305/190/315 306/185/316 304/186/307
f 308/188/317 300/172/318 307/191/319
f 308/188/317 307/191/319 309/192/320
f 310/189/321 308/188/317 309/192/320
f 309/192/320 311/193/322 310/189/321
f 311/193/322 312/190/323 310/189/321
f 300/172/324 314/180/325 313/191/326
f 313/191/326 314/180/325 315/192/327
f 314/180/325 316/181/328 315/192/327
f 317/193/329 315/192/327 316/181/328
f 318/183/330 317/193/329 316/181/328
f 321/194/331 320/195/332 319/196/333
f 322/197/334 321/194/331 319/196/333
f 321/194/331 323/198/335 320/195/332
f 323/198/335 324/199/336 320/195/332
f 327/200/337 326/194/338 325/197/339
f 328/201/340 327/200/337 325/197/339
f 327/200/337 329/202/341 326/194/338
f 329/202/341 330/198/335 326/194/338
f 333/203/342 332/200/343 331/201/344
f 334/204/345 333/203/342 331/201/344
f 333/203/342 335/205/346 332/200/343
f 335/205/346 336/202/347 332/200/343
f 339/206/348 338/203/349 337/204/350
f 340/207/351 339/206/348 337/204/350
f 339/206/348 341/208/352 338/203/349
f 341/208/352 342/205/346 338/203/349
f 345/209/353 344/210/354 343/199/355
f 346/198/356 345/209/353 343/199/355
f 345/209/353 347/211/357 344/210/354
f 347/211/357 348/212/358 344/210/354
f 347/211/357 349/213/359 348/212/358
f 349/213/359 350/214/360 348/212/358
f 349/213/359 351/215/361 350/214/360
f 351/215/361 352/216/362 350/214/360
f 351/215/361 353/217/363 352/216/362
f 354/218/364 353/217/363 351/215/361
f 355/219/365 354/218/364 351/215/361
f 353/217/363 356/220/366 352/216/362
f 355/219/365 351/215/361 357/213/367
f 358/221/368 355/219/365 357/213/367
f 358/221/368 357/213/367 359/211/357
f 360/222/369 358/221/368 359/211/357
f 360/222/369 359/211/357 361/209/370
f 362/223/371 360/222/369 361/209/370
f 362/223/371 361/209/370 363/198/372
f 364/202/373 362/223/371 363/198/372
f 365/224/374 353/217/363 354/218/364
f 366/225/375 365/224/374 354/218/364
f 365/224/374 367/226/376 353/217/363
f 365/224/374 368/227/377 367/226/376
f 368/227/377 369/228/378 367/226/376
f 368/227/377 370/229/379 369/228/378
f 370/229/379 371/230/380 369/228/378
f 370/229/379 372/231/381 371/230/380
f 372/231/381 373/232/382 371/230/380
f 372/231/381 374/233/383 373/232/382
f 376/234/384 375/227/385 365/224/386
f 377/225/375 376/234/384 365/224/386
f 378/235/387 370/229/388 375/227/385
f 376/234/384 378/235/387 375/227/385
f 378/235/387 379/236/389 370/229/388
f 379/236/389 380/231/381 370/229/388
f 379/236/389 374/233/383 380/231/381
f 382/237/390 381/234/391 366/225/392
f 383/238/393 378/235/387 381/234/391
f 382/237/390 383/238/393 381/234/391
f 383/238/393 384/239/394 378/235/387
f 384/239/394 385/236/389 378/235/387
f 384/239/394 374/233/395 385/236/389
f 386/240/396 382/237/390 366/225/392
f 388/241/397 387/239/394 383/238/398
f 388/241/397 374/233/395 387/239/394
f 389/242/399 388/241/397 383/238/398
f 389/242/399 383/238/398 390/237/400
f 391/243/401 389/242/399 390/237/400
f 391/243/401 390/237/400 392/240/402
f 393/244/403 391/243/401 392/240/402
f 392/240/396 366/225/404 394/245/405
f 366/225/404 395/218/406 394/245/405
f 394/245/405 395/218/406 396/219/365
f 397/246/407 394/245/405 396/219/365
f 397/246/407 396/219/365 398/221/408
f 399/247/409 397/246/407 398/221/408
f 399/247/409 398/221/408 400/222/369
f 401/248/410 399/247/409 400/222/369
f 401/248/410 400/222/369 402/223/411
f 403/249/412 401/248/410 402/223/411
f 403/249/412 402/223/411 404/202/413
f 405/205/414 403/249/412 404/202/413
f 392/240/415 407/245/416 406/250/417
f 406/250/417 407/245/416 408/246/418
f 409/251/419 406/250/417 408/246/418
f 409/251/419 408/246/418 410/247/420
f 411/252/421 409/251/419 410/247/420
f 411/252/421 410/247/420 412/248/422
f 413/253/423 411/252/421 412/248/422
f 413/253/423 412/248/422 414/249/424
f 415/254/425 413/253/423 414/249/424
f 415/254/425 414/249/424 416/205/426
f 417/208/427 415/254/425 416/205/426
f 418/244/403 392/240/415 406/250/417
f 420/243/428 418/244/429 419/255/430
f 421/256/431 420/243/428 419/255/430
f 419/255/430 418/244/429 422/250/432
f 423/257/433 419/255/430 422/250/432
f 423/257/433 422/250/432 424/258/434
f 422/250/432 425/251/435 424/258/434
f 424/258/434 425/251/435 426/259/436
f 425/251/435 427/252/437 426/259/436
f 426/259/436 427/252/437 428/260/438
f 427/252/437 429/253/439 428/260/438
f 428/260/438 429/253/439 430/261/440
f 429/253/439 431/254/441 430/261/440
f 430/261/440 431/254/441 432/262/442
f 431/254/441 433/208/443 432/262/442
f 389/242/399 420/243/428 421/256/431
f 434/263/444 389/242/399 421/256/431
f 435/241/397 389/242/399 434/263/444
f 436/264/445 435/241/397 434/263/444
f 437/233/446 435/241/397 436/264/445
f 439/264/447 434/263/448 438/265/449
f 440/266/450 439/264/447 438/265/449
f 437/233/446 439/264/447 440/266/450
f 438/265/449 434/263/448 441/267/451
f 434/263/448 442/256/452 441/267/451
f 441/267/451 442/256/452 443/268/453
f 442/256/452 444/255/454 443/268/453
f 443/268/453 444/255/454 445/257/433
f 446/269/455 443/268/453 445/257/433
f 446/269/455 445/257/433 447/270/456
f 445/257/433 448/258/457 447/270/456
f 447/270/456 448/258/457 449/271/458
f 448/258/457 450/259/459 449/271/458
f 449/271/458 450/259/459 451/272/460
f 450/259/459 452/260/461 451/272/460
f 451/272/460 452/260/461 453/273/462
f 452/260/461 454/261/463 453/273/462
f 453/273/462 454/261/463 455/274/464
f 454/261/463 456/262/465 455/274/464
f 459/275/466 458/276/467 457/277/467
f 460/278/468 459/275/466 457/277/467
f 462/279/469 461/275/466 460/278/466
f 463/280/469 462/279/469 460/278/466
f 466/281/470 465/279/471 464/280/471
f 467/282/470 466/281/470 464/280/471
f 470/283/472 469/281/473 468/282/473
f 471/284/474 470/283/472 468/282/473
f 474/285/475 473/286/476 472/287/477
f 475/288/475 474/285/475 472/287/477
f 476/289/478 474/285/475 475/288/475
f 477/290/479 476/289/478 475/288/475
f 478/291/480 476/289/478 477/290/479
f 479/292/480 478/291/480 477/290/479
f 480/293/481 478/291/480 479/292/480
f 481/294/481 480/293/481 479/292/480
f 473/286/476 482/295/482 472/287/477
f 482/295/482 483/296/483 472/287/477
f 482/295/482 484/297/484 483/296/483
f 484/297/484 485/298/485 483/296/483
f 480/293/481 481/294/481 486/299/486
f 487/300/487 480/293/481 486/299/486
f 487/300/487 486/299/486 488/301/488
f 489/302/489 487/300/487 488/301/488
f 492/303/490 491/304/491 490/286/491
f 493/285/490 492/303/490 490/286/491
f 494/305/492 492/303/490 493/285/490
f 495/289/492 494/305/492 493/285/490
f 496/306/493 494/305/492 495/289/492
f 497/291/494 496/306/493 495/289/492
f 498/307/495 496/306/493 497/291/494
f 499/293/495 498/307/495 497/291/494
f 491/304/491 500/308/496 490/286/491
f 500/308/496 501/295/497 490/286/491
f 500/308/496 502/309/498 501/295/497
f 502/309/498 503/297/499 501/295/497
f 498/307/495 499/293/495 504/300/500
f 505/310/501 498/307/495 504/300/500
f 505/310/501 504/300/500 506/302/502
f 507/311/502 505/310/501 506/302/502
f 510/312/503 509/313/504 508/196/505
f 511/195/506 510/312/503 508/196/505
f 512/314/507 510/312/503 511/195/506
f 513/199/508 512/314/507 511/195/506
f 516/315/509 515/316/510 514/313/511
f 517/312/512 516/315/509 514/313/511
f 518/317/513 516/315/509 517/312/512
f 519/314/507 518/317/513 517/312/512
f 522/318/514 521/319/515 520/320/516
f 523/321/517 522/318/514 520/320/516
f 524/262/518 522/318/514 523/321/517
f 525/274/519 524/262/518 523/321/517
f 528/206/520 527/207/521 526/319/522
f 529/318/523 528/206/520 526/319/522
f 530/208/524 528/206/520 529/318/523
f 531/262/518 530/208/524 529/318/523
f 534/322/525 533/314/526 532/199/527
f 535/210/354 534/322/525 532/199/527
f 536/323/528 534/322/525 535/210/354
f 537/212/358 536/323/528 535/210/354
f 538/324/529 536/323/528 537/212/358
f 539/214/530 538/324/529 537/212/358
f 540/325/531 538/324/529 539/214/530
f 541/216/532 540/325/531 539/214/530
f 540/325/531 541/216/532 542/326/533
f 542/326/533 543/327/534 540/325/531
f 543/327/534 544/328/535 540/325/531
f 541/216/532 356/220/536 542/326/533
f 540/325/531 544/328/535 545/324/537
f 544/328/535 546/329/538 545/324/537
f 545/324/537 546/329/538 547/323/539
f 546/329/538 548/330/540 547/323/539
f 547/323/539 548/330/540 549/322/541
f 548/330/540 550/331/462 549/322/541
f 549/322/541 550/331/462 551/314/542
f 550/331/462 552/317/543 551/314/542
f 542/326/533 553/332/544 543/327/534
f 553/332/544 554/333/545 543/327/534
f 555/334/546 554/333/545 553/332/544
f 556/335/547 555/334/546 553/332/544
f 557/336/449 555/334/546 556/335/547
f 558/337/548 557/336/449 556/335/547
f 558/337/548 559/338/549 557/336/449
f 559/338/549 560/339/450 557/336/449
f 437/233/550 560/339/450 559/338/549
f 561/338/549 558/337/551 371/230/552
f 562/232/382 561/338/549 371/230/552
f 437/233/550 561/338/549 562/232/382
f 565/340/553 564/341/553 563/277/554
f 566/276/555 565/340/553 563/277/554
f 569/342/556 568/343/556 567/341/557
f 570/340/557 569/342/556 567/341/557
f 573/344/558 572/345/558 571/346/559
f 574/347/560 573/344/558 571/346/559
f 577/283/561 576/284/562 575/345/563
f 578/344/563 577/283/561 575/345/563
f 581/348/564 580/349/565 579/350/566
f 582/351/567 581/348/564 579/350/566
f 580/349/565 583/352/568 579/350/566
f 583/352/568 584/353/569 579/350/566
f 584/353/569 583/352/568 585/354/570
f 583/352/568 586/355/571 585/354/570
f 585/354/570 586/355/571 587/356/572
f 586/355/571 588/357/573 587/356/572
f 587/356/572 588/357/573 589/358/574
f 588/357/573 590/359/575 589/358/574
f 590/359/575 591/360/576 589/358/574
f 591/360/576 592/361/577 589/358/574
f 592/361/577 591/360/576 593/362/578
f 591/360/576 594/363/579 593/362/578
f 582/351/567 595/364/580 581/348/564
f 581/348/564 595/364/580 596/365/581
f 597/366/582 581/348/564 596/365/581
f 598/367/583 597/366/582 596/365/581
f 598/367/583 599/368/584 597/366/582
f 599/368/584 600/369/585 597/366/582
f 597/366/582 600/369/585 581/348/564
f 600/369/585 601/349/586 581/348/564
f 600/369/585 602/370/587 601/349/586
f 602/370/587 600/369/585 599/368/584
f 602/370/587 603/352/588 601/349/586
f 602/370/587 604/371/589 603/352/588
f 604/371/589 605/355/590 603/352/588
f 606/357/591 605/355/590 604/371/589
f 607/372/592 606/357/591 604/371/589
f 608/359/593 606/357/591 607/372/592
f 609/373/594 608/359/593 607/372/592
f 610/360/595 608/359/593 609/373/594
f 611/374/596 610/360/595 609/373/594
f 612/363/597 610/360/595 611/374/596
f 613/375/598 612/363/597 611/374/596
f 612/363/597 613/375/598 614/376/599
f 613/375/598 615/377/600 614/376/599
f 615/377/600 613/375/598 616/378/601
f 613/375/598 617/379/602 616/378/601
f 618/380/603 614/376/599 615/377/600
f 619/381/604 618/380/603 615/377/600
f 613/375/598 611/374/596 620/382/605
f 617/379/602 613/375/598 620/382/605
f 609/373/594 607/372/592 621/383/606
f 621/383/606 607/372/592 622/384/607
f 607/372/592 604/371/589 622/384/607
f 622/384/607 604/371/589 623/385/608
f 604/371/589 602/370/587 623/385/608
f 623/385/608 602/370/587 599/368/584
f 624/386/609 619/381/604 615/377/600
f 616/378/601 624/386/609 615/377/600
f 625/387/610 619/381/604 624/386/609
f 626/388/611 619/381/604 625/387/610
f 618/380/603 619/381/604 626/388/611
f 627/389/612 609/373/594 621/383/606
f 611/374/596 609/373/594 627/389/612
f 620/382/605 611/374/596 627/389/612
f 630/390/613 629/379/614 628/382/615
f 630/390/613 628/382/615 631/391/616
f 628/382/615 632/389/617 631/391/616
f 631/391/616 632/389/617 633/392/618
f 632/389/617 634/383/619 633/392/618
f 633/392/618 634/383/619 635/393/620
f 634/383/619 636/384/621 635/393/620
f 635/393/620 636/384/621 637/394/622
f 636/384/621 638/385/623 637/394/622
f 637/394/622 638/385/623 639/395/624
f 638/385/623 640/368/625 639/395/624
f 639/395/624 640/368/625 641/367/626
f 642/396/627 639/395/624 641/367/626
f 642/396/627 641/367/626 596/365/581
f 643/397/628 642/396/627 596/365/581
f 639/395/624 642/396/627 644/398/629
f 644/398/629 642/396/627 643/397/628
f 645/399/630 639/395/624 644/398/629
f 637/394/622 639/395/624 645/399/630
f 646/400/631 644/398/629 643/397/628
f 635/393/620 637/394/622 647/401/632
f 647/401/632 637/394/622 645/399/630
f 648/402/633 635/393/620 647/401/632
f 633/392/618 635/393/620 648/402/633
f 649/403/634 633/392/618 648/402/633
f 631/391/616 633/392/618 649/403/634
f 650/404/635 631/391/616 649/403/634
f 646/400/631 643/397/628 651/405/636
f 643/397/628 596/365/581 651/405/636
f 596/365/581 652/406/637 651/405/636
f 652/406/637 653/407/638 651/405/636
f 654/408/639 651/405/636 653/407/638
f 655/400/640 651/405/636 654/408/639
f 656/409/641 655/400/640 654/408/639
f 656/409/641 657/410/642 655/400/640
f 657/410/642 658/398/643 655/400/640
f 657/410/642 659/411/644 658/398/643
f 659/411/644 660/399/645 658/398/643
f 661/401/646 660/399/645 659/411/644
f 662/412/647 661/401/646 659/411/644
f 663/413/648 654/408/639 653/407/638
f 661/401/646 662/412/647 664/402/649
f 662/412/647 665/414/650 664/402/649
f 665/414/650 662/412/647 666/415/651
f 667/416/652 665/414/650 666/415/651
f 668/403/653 664/402/649 665/414/650
f 669/417/654 668/403/653 665/414/650
f 659/411/644 657/410/642 670/418/655
f 671/419/656 659/411/644 670/418/655
f 662/412/647 659/411/644 671/419/656
f 666/415/651 662/412/647 671/419/656
f 657/410/642 656/409/641 672/420/657
f 670/418/655 657/410/642 672/420/657
f 672/420/657 656/409/641 673/421/658
f 656/409/641 654/408/639 673/421/658
f 654/408/639 663/413/648 674/422/659
f 673/421/658 654/408/639 674/422/659
f 674/422/659 663/413/648 675/423/660
f 663/413/648 676/424/661 675/423/660
f 675/423/660 676/424/661 677/425/662
f 676/424/661 678/426/663 677/425/662
f 677/425/662 678/426/663 679/427/664
f 678/426/663 680/428/665 679/427/664
f 679/427/664 680/428/665 681/429/666
f 680/428/665 682/430/667 681/429/666
f 681/429/666 682/430/667 683/431/668
f 682/430/667 684/432/669 683/431/668
f 684/432/669 682/430/667 685/433/670
f 686/434/671 684/432/669 685/433/670
f 682/430/667 680/428/665 687/435/672
f 685/433/670 682/430/667 687/435/672
f 680/428/665 678/426/663 688/436/673
f 687/435/672 680/428/665 688/436/673
f 688/436/673 678/426/663 676/424/661
f 689/437/674 688/436/673 676/424/661
f 689/437/674 676/424/661 653/407/638
f 676/424/661 663/413/648 653/407/638
f 690/438/675 689/437/674 653/407/638
f 690/438/675 653/407/638 652/406/637
f 691/439/676 690/438/675 652/406/637
f 652/406/637 596/365/581 691/439/676
f 596/365/581 595/364/580 691/439/676
f 684/432/677 693/440/678 692/441/679
f 692/441/679 693/440/678 694/442/680
f 693/440/678 695/443/681 694/442/680
f 694/442/680 695/443/681 696/444/682
f 695/443/681 697/445/683 696/444/682
f 697/445/683 698/446/684 696/444/682
f 698/446/684 699/447/685 696/444/682
f 699/447/685 698/446/684 700/448/686
f 701/449/687 699/447/685 700/448/686
f 702/431/688 684/432/677 692/441/679
f 704/440/689 684/432/677 703/434/690
f 705/450/691 704/440/689 703/434/690
f 707/443/692 706/440/693 705/450/691
f 708/451/694 707/443/692 705/450/691
f 709/445/695 707/443/692 708/451/694
f 710/452/696 709/445/695 708/451/694
f 711/446/697 709/445/695 710/452/696
f 712/453/698 711/446/697 710/452/696
f 712/453/698 713/454/699 711/446/697
f 713/454/699 714/448/700 711/446/697
f 594/363/701 716/376/702 715/455/703
f 717/362/704 594/363/701 715/455/703
f 716/376/702 718/380/705 715/455/703
f 718/380/705 719/456/706 715/455/703
f 719/456/706 718/380/705 720/457/707
f 718/380/705 721/388/708 720/457/707
f 721/388/708 722/458/709 720/457/707
f 722/458/709 723/459/710 720/457/707
f 722/458/709 724/460/711 723/459/710
f 724/460/711 725/461/711 723/459/710
f 728/462/712 727/463/713 726/464/714
f 729/465/715 728/462/712 726/464/714
f 726/464/714 727/463/713 730/466/716
f 727/463/713 731/467/717 730/466/716
f 730/466/716 731/467/717 732/468/679
f 731/467/717 733/469/718 732/468/679
f 732/468/679 733/469/718 734/470/668
f 733/469/718 735/471/719 734/470/668
f 734/470/668 735/471/719 736/472/720
f 735/471/719 737/473/721 736/472/720
f 736/472/720 737/473/721 738/474/722
f 737/473/721 739/475/723 738/474/722
f 738/474/722 739/475/723 740/476/724
f 739/475/723 741/477/725 740/476/724
f 740/476/724 741/477/725 742/478/726
f 741/477/725 743/479/727 742/478/726
f 742/478/726 743/479/727 744/480/728
f 743/479/727 745/481/729 744/480/728
f 744/480/728 745/481/729 746/482/730
f 745/481/729 747/483/731 746/482/730
f 746/482/730 747/483/731 748/484/732
f 747/483/731 749/485/733 748/484/732
f 748/484/732 749/485/733 750/486/734
f 749/485/733 751/487/735 750/486/734
f 750/486/734 751/487/735 752/488/736
f 751/487/735 753/489/737 752/488/736
f 752/488/736 753/489/737 754/490/738
f 753/489/737 755/491/739 754/490/738
f 754/490/738 755/491/739 756/492/740
f 755/491/739 757/493/741 756/492/740
f 756/492/740 757/493/741 758/494/742
f 757/493/741 759/495/743 758/494/742
f 758/494/742 759/495/743 760/496/744
f 759/495/743 761/497/745 760/496/744
f 760/496/744 761/497/745 762/498/746
f 761/497/745 763/499/746 762/498/746
f 764/500/747 630/390/613 631/391/616
f 765/404/635 764/500/747 631/391/616
f 764/500/747 766/501/748 630/390/613
f 766/501/748 629/379/614 630/390/613
f 767/502/749 669/417/654 665/414/650
f 667/416/652 767/502/749 665/414/650
f 770/503/750 769/504/751 768/505/752
f 771/506/753 770/503/750 768/505/752
f 769/504/751 770/503/750 772/507/754
f 770/503/750 773/508/755 772/507/754
f 773/508/755 774/509/756 772/507/754
f 774/509/756 775/510/757 772/507/754
f 774/509/756 776/511/758 775/510/757
f 776/511/758 777/512/759 775/510/757
f 776/511/758 778/513/760 777/512/759
f 778/513/760 779/514/761 777/512/759
f 771/506/753 768/505/752 780/515/762
f 781/516/763 780/515/762 768/505/752
f 782/517/764 781/516/763 768/505/752
f 782/517/764 768/505/752 783/518/765
f 768/505/752 784/504/766 783/518/765
f 783/518/765 784/504/766 785/519/767
f 784/504/766 786/507/768 785/519/767
f 785/519/767 786/507/768 787/520/769
f 786/507/768 788/510/770 787/520/769
f 787/520/769 788/510/770 789/512/771
f 790/521/772 787/520/769 789/512/771
f 790/521/772 789/512/771 791/514/773
f 792/522/774 790/521/772 791/514/773
f 792/522/774 791/514/773 793/523/775
f 794/524/776 792/522/774 793/523/775
f 794/524/776 793/523/775 795/525/777
f 796/526/778 794/524/776 795/525/777
f 782/517/764 783/518/765 797/527/779
f 798/528/780 782/517/764 797/527/779
f 795/525/777 799/529/781 796/526/778
f 799/529/781 800/530/782 796/526/778
f 800/530/782 801/531/783 796/526/778
f 801/531/783 802/532/784 796/526/778
f 800/530/782 799/529/781 803/533/785
f 804/534/786 800/530/782 803/533/785
f 805/535/787 794/524/776 796/526/778
f 802/532/784 805/535/787 796/526/778
f 806/536/788 792/522/774 794/524/776
f 805/535/787 806/536/788 794/524/776
f 806/536/788 807/537/789 792/522/774
f 800/530/782 804/534/786 808/538/790
f 801/531/783 800/530/782 808/538/790
f 809/539/791 808/538/790 804/534/786
f 798/528/780 781/516/763 782/517/764
f 810/540/792 809/539/791 804/534/786
f 803/533/785 810/540/792 804/534/786
f 781/516/763 812/528/793 811/541/794
f 811/541/794 812/528/793 813/542/795
f 812/528/793 814/527/796 813/542/795
f 815/543/797 781/516/763 811/541/794
f 813/542/795 814/527/796 816/544/798
f 817/545/799 813/542/795 816/544/798
f 817/545/799 816/544/798 818/546/800
f 819/547/801 817/545/799 818/546/800
f 819/547/801 818/546/800 820/537/802
f 821/548/803 819/547/801 820/537/802
f 821/548/803 820/537/802 822/536/804
f 823/549/805 821/548/803 822/536/804
f 823/549/805 822/536/804 824/535/806
f 825/550/807 823/549/805 824/535/806
f 825/550/807 824/535/806 826/532/808
f 827/551/809 811/541/794 813/542/795
f 828/552/810 827/551/809 813/542/795
f 828/552/810 813/542/795 817/545/799
f 815/543/797 811/541/794 827/551/809
f 829/553/811 815/543/797 827/551/809
f 830/554/812 817/545/799 819/547/801
f 830/554/812 828/552/810 817/545/799
f 831/555/813 830/554/812 819/547/801
f 831/555/813 819/547/801 821/548/803
f 832/556/814 831/555/813 821/548/803
f 832/556/814 821/548/803 823/549/805
f 833/557/815 832/556/814 823/549/805
f 823/549/805 825/550/807 834/558/816
f 833/557/815 823/549/805 834/558/816
f 835/559/817 825/550/807 826/532/808
f 834/558/816 825/550/807 835/559/817
f 829/553/811 836/560/818 815/543/797
f 836/560/818 837/561/819 815/543/797
f 815/543/797 837/561/819 781/516/763
f 837/561/819 780/515/762 781/516/763
f 837/561/819 836/560/818 838/562/820
f 836/560/818 839/563/821 838/562/820
f 839/563/821 836/560/818 840/564/822
f 836/560/818 841/565/823 840/564/822
f 841/565/823 836/560/818 842/566/824
f 842/566/824 836/560/818 843/553/825
f 842/566/824 843/553/825 844/567/826
f 843/553/825 845/551/827 844/567/826
f 844/567/826 845/551/827 846/568/828
f 845/551/827 847/552/829 846/568/828
f 846/568/828 847/552/829 848/554/830
f 849/569/831 846/568/828 848/554/830
f 848/554/830 850/555/832 849/569/831
f 850/555/832 851/570/833 849/569/831
f 852/571/834 849/569/831 851/570/833
f 853/572/835 852/571/834 851/570/833
f 851/570/833 850/555/832 854/556/836
f 855/573/837 851/570/833 854/556/836
f 856/574/838 844/567/826 846/568/828
f 857/575/839 856/574/838 846/568/828
f 857/575/839 846/568/828 849/569/831
f 852/571/834 857/575/839 849/569/831
f 858/576/840 842/566/824 844/567/826
f 856/574/838 858/576/840 844/567/826
f 859/577/841 851/570/833 855/573/837
f 853/572/835 851/570/833 859/577/841
f 858/576/840 841/565/823 842/566/824
f 862/578/842 861/529/843 860/525/844
f 863/579/845 862/578/842 860/525/844
f 863/579/846 865/525/844 864/523/847
f 866/580/848 863/579/846 864/523/847
f 867/513/849 866/580/848 864/523/847
f 779/514/850 867/513/849 864/523/847
f 862/578/851 869/581/852 868/533/853
f 869/581/852 870/582/854 868/533/853
f 870/582/854 871/540/855 868/533/853
f 871/540/855 870/582/854 872/583/856
f 870/582/854 873/584/857 872/583/856
f 872/583/856 873/584/857 874/585/858
f 873/584/857 875/586/858 874/585/858
f 876/529/843 862/578/851 868/533/853
f 878/544/859 877/519/860 787/520/769
f 879/546/861 878/544/859 787/520/769
f 879/546/862 880/520/769 790/521/772
f 807/537/789 879/546/862 790/521/772
f 807/537/789 790/521/772 792/522/774
f 878/544/859 797/527/779 785/519/767
f 797/527/779 783/518/765 785/519/767
f 883/587/863 882/588/864 881/589/865
f 884/590/866 883/587/863 881/589/865
f 885/591/867 883/587/863 884/590/866
f 886/592/868 885/591/867 884/590/866
f 887/593/869 885/591/867 886/592/868
f 888/594/870 887/593/869 886/592/868
f 881/589/865 882/588/864 889/595/871
f 890/596/376 881/589/865 889/595/871
f 883/587/863 885/591/867 891/597/872
f 892/598/873 883/587/863 891/597/872
f 893/588/874 883/587/863 892/598/873
f 894/599/875 893/588/874 892/598/873
f 894/599/875 895/600/876 893/588/874
f 895/600/876 896/595/876 893/588/874
f 885/591/867 887/593/869 897/601/877
f 891/597/872 885/591/867 897/601/877
f 897/601/877 887/593/869 898/602/878
f 887/593/869 899/603/879 898/602/878
f 899/603/879 887/593/869 888/594/870
f 900/604/880 898/602/878 899/603/879
f 901/605/881 900/604/880 899/603/879
f 901/605/881 899/603/879 902/606/882
f 902/606/882 899/603/879 888/594/870
f 903/607/883 901/605/881 902/606/882
f 904/608/884 901/605/881 903/607/883
f 905/609/885 904/608/884 903/607/883
f 906/610/886 904/608/884 905/609/885
f 907/611/887 906/610/886 905/609/885
f 908/612/888 906/610/886 907/611/887
f 909/613/889 908/612/888 907/611/887
f 839/563/821 908/612/888 909/613/889
f 838/562/820 839/563/821 909/613/889
f 839/563/821 840/564/822 908/612/888
f 840/564/822 910/614/890 908/612/888
f 908/612/888 910/614/890 906/610/886
f 910/614/890 911/615/891 906/610/886
f 906/610/886 911/615/891 904/608/884
f 911/615/891 912/616/892 904/608/884
f 912/616/892 900/604/880 901/605/881
f 904/608/884 912/616/892 901/605/881
f 915/617/893 914/618/894 913/619/895
f 916/620/896 915/617/893 913/619/895
f 917/621/897 915/617/893 916/620/896
f 918/622/898 917/621/897 916/620/896
f 919/623/899 917/621/897 918/622/898
f 920/624/900 919/623/899 918/622/898
f 921/625/901 919/623/899 920/624/900
f 922/626/902 921/625/901 920/624/900
f 923/627/903 921/625/901 922/626/902
f 924/628/904 923/627/903 922/626/902
f 925/629/905 923/627/903 924/628/904
f 926/630/905 925/629/905 924/628/904
f 927/631/906 925/629/905 926/630/905
f 928/632/907 927/631/906 926/630/905
f 929/633/908 927/631/906 928/632/907
f 930/634/909 929/633/908 928/632/907
f 931/635/910 929/633/908 930/634/909
f 932/636/911 931/635/910 930/634/909
f 933/637/912 931/635/910 932/636/911
f 934/638/913 933/637/912 932/636/911
f 935/639/914 933/637/912 934/638/913
f 936/640/915 935/639/914 934/638/913
f 937/641/916 935/639/914 936/640/915
f 938/642/917 937/641/916 936/640/915
f 941/643/918 940/644/919 939/645/920
f 942/646/921 941/643/918 939/645/920
f 943/647/922 941/643/918 942/646/921
f 944/648/923 943/647/922 942/646/921
f 945/649/924 943/647/922 944/648/923
f 946/650/924 945/649/924 944/648/923
f 939/645/920 940/644/919 947/651/925
f 940/644/919 948/652/925 947/651/925
f 951/652/926 950/653/927 949/654/928
f 952/651/926 951/652/926 949/654/928
f 949/654/928 950/653/927 953/655/929
f 950/653/927 954/656/930 953/655/929
f 953/655/929 954/656/930 955/657/931
f 954/656/930 956/658/932 955/657/931
f 959/499/933 958/659/934 957/660/935
f 960/498/933 959/499/933 957/660/935
f 957/660/935 958/659/934 961/661/936
f 958/659/934 962/662/937 961/661/936
f 961/661/936 962/662/937 963/663/938
f 962/662/937 964/664/939 963/663/938
f 963/663/938 964/664/939 965/650/940
f 964/664/939 966/649/941 965/650/940
f 969/665/942 968/666/943 967/667/944
f 970/668/945 969/665/942 967/667/944
f 971/669/868 969/665/942 970/668/945
f 972/670/946 971/669/868 970/668/945
f 973/671/947 971/669/868 972/670/946
f 974/672/948 973/671/947 972/670/946
f 975/673/949 973/671/947 974/672/948
f 976/674/950 975/673/949 974/672/948
f 977/675/951 975/673/949 976/674/950
f 978/676/952 977/675/951 976/674/950
f 979/677/953 977/675/951 978/676/952
f 980/678/954 979/677/953 978/676/952
f 981/679/955 979/677/953 980/678/954
f 982/680/956 981/679/955 980/678/954
f 983/681/957 981/679/955 982/680/956
f 984/682/958 983/681/957 982/680/956
f 985/683/959 983/681/957 984/682/958
f 986/684/960 985/683/959 984/682/958
f 987/685/961 985/683/959 986/684/960
f 988/686/962 987/685/961 986/684/960
f 989/687/963 987/685/961 988/686/962
f 990/688/964 989/687/963 988/686/962
f 914/618/894 989/687/963 990/688/964
f 913/619/895 914/618/894 990/688/964
f 992/689/965 991/690/966 728/462/712
f 729/465/715 992/689/965 728/462/712
f 967/667/944 968/666/943 993/691/376
f 994/692/378 967/667/944 993/691/376
f 995/693/380 967/667/944 994/692/378
f 367/226/376 996/220/967 353/217/363
f 999/694/968 998/695/969 997/696/970
f 998/695/969 1000/697/971 997/696/970
f 998/695/969 1001/698/972 1000/697/971
f 1003/698/973 1002/699/974 1000/697/44
f 1002/699/974 1004/700/975 1000/697/44
f 1002/699/974 1005/701/976 1004/700/975
f 1005/701/976 1006/702/977 1004/700/975
f 1006/702/977 1007/703/275 1004/700/975
f 1006/702/977 1008/704/978 1007/703/275
f 1008/704/978 1009/705/979 1007/703/275
f 1009/705/979 1010/706/980 1007/703/275
f 1009/705/979 1011/707/981 1010/706/980
f 1011/707/981 1012/708/982 1010/706/980
f 1012/708/982 1013/709/983 1010/706/980
f 1012/708/982 1014/710/984 1013/709/983
f 1014/710/984 1015/711/985 1013/709/983
f 1015/711/985 1016/712/986 1013/709/983
f 1015/711/985 1017/713/987 1016/712/986
f 1017/713/987 1018/714/988 1016/712/986
f 1016/712/986 1018/714/988 1019/715/989
f 1018/714/988 1020/716/990 1019/715/989
f 1020/716/990 1021/717/991 1019/715/989
f 1019/715/989 1021/717/991 1022/718/165
f 1021/717/991 1023/719/992 1022/718/165
f 1025/720/993 1022/718/994 1024/719/995
f 1026/721/996 1025/720/993 1024/719/995
f 1025/720/997 1028/722/998 1027/723/999
f 1028/722/998 1029/724/1000 1027/723/999
f 1030/721/1001 1028/722/998 1025/720/997
f 1027/723/1002 1032/725/1003 1031/726/1004
f 1032/725/1003 1033/727/1005 1031/726/1004
f 1034/724/1000 1032/725/1003 1027/723/1002
f 1033/727/1005 1035/728/1006 1031/726/1004
f 1031/726/1004 1035/728/1006 1036/729/1007
f 1035/728/1006 1037/730/968 1036/729/1007
f 1040/731/1008 1039/732/1009 1038/733/1010
f 1041/734/1011 1040/731/1008 1038/733/1010
f 1039/732/1009 1040/731/1008 1042/735/1012
f 1043/736/1013 1039/732/1009 1042/735/1012
f 1042/735/1012 1040/731/1008 1044/737/1014
f 1040/731/1008 1045/738/1015 1044/737/1014
f 1045/738/1015 1040/731/1008 1041/734/1011
f 1046/739/1016 1041/734/1011 1038/733/1010
f 1047/740/1017 1046/739/1016 1038/733/1010
f 1047/740/1017 1048/741/1018 1046/739/1016
f 1048/741/1018 1049/742/1019 1046/739/1016
f 1046/739/1016 1049/742/1019 1050/743/1020
f 1041/734/1011 1046/739/1016 1050/743/1020
f 1051/743/1021 1045/738/1015 1041/734/1011
f 1044/737/1014 1045/738/1015 1051/743/1021
f 1044/737/1014 1051/743/1021 1052/744/1022
f 1051/743/1023 1054/745/1024 1053/746/1025
f 1055/747/1026 1054/745/1024 1051/743/1023
f 1055/747/1026 1056/748/1027 1054/745/1024
f 1056/748/1027 1057/749/1028 1054/745/1024
f 1056/748/1027 1058/750/1029 1057/749/1028
f 1058/750/1029 1056/748/1027 1059/751/1030
f 1056/748/1027 1060/752/1031 1059/751/1030
f 1056/748/1027 1055/747/1026 1060/752/1031
f 1055/747/1026 1051/743/1023 1060/752/1031
f 1058/750/1029 1061/753/1032 1057/749/1028
f 1060/752/1031 1062/742/1019 1059/751/1030
f 1062/742/1019 1060/752/1031 1050/743/1033
f 1062/742/1019 1063/741/1034 1059/751/1030
f 1061/753/1032 1064/754/1035 1057/749/1028
f 1064/754/1035 1065/755/1036 1057/749/1028
f 1057/749/1028 1065/755/1036 1054/745/1024
f 1065/755/1036 1064/754/1035 1066/756/1037
f 1067/757/1038 1065/755/1036 1066/756/1037
f 1065/755/1036 1068/758/1039 1054/745/1024
f 1068/758/1039 1065/755/1036 1067/757/1038
f 1069/759/1040 1067/757/1038 1066/756/1037
f 1070/760/1041 1069/759/1040 1066/756/1037
f 1067/757/1038 1069/759/1040 1071/761/1042
f 1071/761/1042 1068/758/1039 1067/757/1038
f 1054/745/1024 1068/758/1039 1071/761/1042
f 1054/745/1024 1071/761/1042 1072/746/1043
f 1071/761/974 1074/762/1044 1073/763/1045
f 1075/764/1046 1074/762/1044 1071/761/974
f 1075/764/1046 1076/765/1047 1074/762/1044
f 1076/765/1047 1077/766/1048 1074/762/1044
f 1076/765/1047 1078/767/1049 1077/766/1048
f 1078/767/1049 1076/765/1047 1079/768/1050
f 1076/765/1047 1080/769/1051 1079/768/1050
f 1076/765/1047 1075/764/1046 1080/769/1051
f 1078/767/1049 1081/770/1052 1077/766/1048
f 1080/769/1051 1082/771/1053 1079/768/1050
f 1082/771/1053 1080/769/1051 1071/761/1042
f 1082/771/1053 1083/772/1054 1079/768/1050
f 1084/760/1041 1083/772/1054 1082/771/1053
f 1085/759/1040 1084/760/1041 1082/771/1053
f 1085/759/1040 1082/771/1053 1086/761/1055
f 1081/770/1052 1087/773/1056 1077/766/1048
f 1087/773/1056 1088/774/1057 1077/766/1048
f 1077/766/1048 1088/774/1057 1074/762/1044
f 1088/774/1057 1087/773/1056 1089/775/1058
f 1090/776/1059 1088/774/1057 1089/775/1058
f 1091/777/1060 1088/774/1057 1090/776/1059
f 1088/774/1057 1091/777/1060 1074/762/1044
f 1092/778/1061 1090/776/1059 1089/775/1058
f 1093/779/1062 1092/778/1061 1089/775/1058
f 1093/779/1062 1094/780/1063 1092/778/1061
f 1094/780/1063 1095/781/1064 1092/778/1061
f 1092/778/1061 1095/781/1064 1096/782/977
f 1090/776/1059 1092/778/1061 1096/782/977
f 1097/782/977 1091/777/1060 1090/776/1059
f 1074/762/1044 1091/777/1060 1097/782/977
f 1098/762/1044 1097/782/1065 1073/763/1066
f 1097/782/1065 1100/783/1067 1099/784/1068
f 1101/785/1069 1100/783/1067 1097/782/1065
f 1101/785/1069 1102/786/1070 1100/783/1067
f 1102/786/1070 1103/787/1071 1100/783/1067
f 1102/786/1070 1104/788/1072 1103/787/1071
f 1104/788/1072 1102/786/1070 1105/789/1073
f 1102/786/1070 1106/790/1074 1105/789/1073
f 1102/786/1070 1101/785/1069 1106/790/1074
f 1104/788/1072 1107/791/1075 1103/787/1071
f 1106/790/1074 1108/781/1076 1105/789/1073
f 1108/781/1076 1106/790/1074 1096/782/1077
f 1108/781/1076 1109/780/1078 1105/789/1073
f 1101/785/1069 1097/782/1065 1110/790/1079
f 1100/783/1067 1111/792/1080 1099/784/1068
f 1100/783/1067 1112/793/1081 1111/792/1080
f 1113/794/1082 1112/793/1081 1100/783/1067
f 1114/787/1083 1113/794/1082 1100/783/1067
f 1115/795/1084 1113/794/1082 1114/787/1083
f 1107/791/1085 1115/795/1084 1114/787/1083
f 1113/794/1082 1115/795/1084 1116/796/1086
f 1117/797/1087 1113/794/1082 1116/796/1086
f 1112/793/1081 1113/794/1082 1117/797/1087
f 1111/792/1080 1112/793/1081 1117/797/1087
f 1118/798/1088 1117/797/1087 1116/796/1086
f 1117/797/1087 1118/798/1088 1111/792/1080
f 1119/799/1089 1118/798/1088 1116/796/1086
f 1111/792/1080 1121/800/1090 1120/801/981
f 1122/802/1091 1121/800/1090 1111/792/1080
f 1122/802/1091 1123/803/1092 1121/800/1090
f 1123/803/1092 1122/802/1091 1124/804/1093
f 1122/802/1091 1125/805/1094 1124/804/1093
f 1122/802/1091 1111/792/1080 1125/805/1094
f 1123/803/1092 1126/806/1095 1121/800/1090
f 1125/805/1094 1127/807/1096 1124/804/1093
f 1127/807/1096 1128/808/1097 1124/804/1093
f 1129/799/1098 1128/808/1097 1127/807/1096
f 1130/798/1099 1129/799/1098 1127/807/1096
f 1130/798/1099 1127/807/1096 1131/792/1080
f 1127/807/1096 1125/805/1094 1111/792/1080
f 1126/806/1095 1132/809/1100 1121/800/1090
f 1132/809/1100 1133/810/1101 1121/800/1090
f 1133/810/1101 1132/809/1100 1134/811/1102
f 1135/812/1103 1133/810/1101 1134/811/1102
f 1136/813/1104 1135/812/1103 1134/811/1102
f 1137/814/1105 1136/813/1104 1134/811/1102
f 1137/814/1105 1138/815/1106 1136/813/1104
f 1138/815/1106 1139/816/1107 1136/813/1104
f 1136/813/1104 1139/816/1107 1140/817/1108
f 1135/812/1103 1136/813/1104 1140/817/1108
f 1141/817/1109 1133/810/1101 1135/812/1103
f 1121/800/1090 1133/810/1101 1141/817/1109
f 1121/800/1090 1141/817/1109 1142/801/1110
f 1141/817/982 1144/818/1111 1143/819/1112
f 1144/818/1111 1145/820/985 1143/819/1112
f 1144/818/1111 1146/821/1113 1145/820/985
f 1147/822/1114 1146/821/1113 1144/818/1111
f 1148/823/1115 1147/822/1114 1144/818/1111
f 1149/824/1116 1147/822/1114 1148/823/1115
f 1147/822/1114 1149/824/1116 1150/825/1117
f 1151/826/1118 1147/822/1114 1150/825/1117
f 1146/821/1113 1147/822/1114 1151/826/1118
f 1145/820/985 1146/821/1113 1151/826/1118
f 1152/827/1119 1149/824/1116 1148/823/1115
f 1153/828/1120 1151/826/1118 1150/825/1117
f 1154/829/1121 1153/828/1120 1150/825/1117
f 1151/826/1118 1153/828/1120 1155/820/1122
f 1156/830/1123 1152/827/1119 1148/823/1115
f 1157/831/1124 1156/830/1123 1148/823/1115
f 1157/831/1124 1148/823/1115 1144/818/1111
f 1156/830/1123 1157/831/1124 1158/832/1125
f 1157/831/1124 1159/833/1126 1158/832/1125
f 1160/834/1127 1157/831/1124 1144/818/1111
f 1157/831/1124 1160/834/1127 1159/833/1126
f 1159/833/1126 1161/816/1128 1158/832/1125
f 1161/816/1128 1162/815/1129 1158/832/1125
f 1161/816/1128 1159/833/1126 1140/817/1108
f 1160/834/1127 1141/817/982 1159/833/1126
f 1160/834/1127 1144/818/1111 1141/817/982
f 1164/828/1130 1163/835/1131 1155/820/1132
f 1164/828/1130 1165/829/1121 1163/835/1131
f 1165/829/1121 1166/836/1133 1163/835/1131
f 1163/835/1131 1166/836/1133 1167/837/1134
f 1168/838/1135 1163/835/1131 1167/837/1134
f 1169/839/1136 1168/838/1135 1167/837/1134
f 1170/840/1137 1169/839/1136 1167/837/1134
f 1169/839/1136 1170/840/1137 1171/841/1138
f 1170/840/1137 1172/842/1139 1171/841/1138
f 1169/839/1136 1171/841/1138 1173/843/1140
f 1174/844/1141 1169/839/1136 1173/843/1140
f 1169/839/1136 1174/844/1141 1168/838/1135
f 1163/835/1131 1168/838/1135 1155/820/1132
f 1174/844/1141 1145/820/1142 1168/838/1135
f 1174/844/1141 1173/843/1140 1145/820/1142
f 1145/820/1142 1173/843/1140 1175/845/987
f 1172/842/1139 1176/846/1143 1171/841/1138
f 1176/846/1143 1177/847/1144 1171/841/1138
f 1171/841/1138 1177/847/1144 1173/843/1140
f 1177/847/1144 1176/846/1143 1178/848/1145
f 1179/849/1146 1177/847/1144 1178/848/1145
f 1177/847/1144 1180/850/1147 1173/843/1140
f 1180/850/1147 1177/847/1144 1179/849/1146
f 1173/843/1140 1181/851/1148 1175/845/987
f 1181/851/1148 1180/850/1147 1179/849/1146
f 1173/843/1140 1180/850/1147 1181/851/1148
f 1182/852/1149 1179/849/1146 1178/848/1145
f 1183/853/1150 1182/852/1149 1178/848/1145
f 1183/853/1150 1184/854/1151 1182/852/1149
f 1184/854/1151 1185/855/1152 1182/852/1149
f 1182/852/1149 1185/855/1152 1186/851/1153
f 1179/849/1146 1182/852/1149 1186/851/1153
f 1181/851/1148 1188/856/1154 1187/857/990
f 1189/858/1155 1188/856/1154 1181/851/1148
f 1189/858/1155 1190/859/1156 1188/856/1154
f 1190/859/1156 1191/860/1157 1188/856/1154
f 1190/859/1156 1192/861/1158 1191/860/1157
f 1192/861/1158 1190/859/1156 1193/862/1159
f 1190/859/1156 1194/863/1160 1193/862/1159
f 1190/859/1156 1189/858/1155 1194/863/1160
f 1189/858/1155 1181/851/1148 1194/863/1160
f 1192/861/1158 1195/864/1161 1191/860/1157
f 1194/863/1160 1196/855/1162 1193/862/1159
f 1196/855/1162 1194/863/1160 1186/851/1163
f 1196/855/1162 1197/854/1151 1193/862/1159
f 1075/764/1046 1071/761/974 1198/769/1164
f 1201/865/1165 1200/866/1166 1199/867/1167
f 1202/868/1168 1201/865/1165 1199/867/1167
f 1202/868/1168 1199/867/1167 1203/869/1169
f 1199/867/1167 1200/866/1166 1204/870/1170
f 1205/871/1171 1199/867/1167 1204/870/1170
f 1199/867/1167 1205/871/1171 1203/869/1169
f 1205/871/1171 1206/872/1172 1203/869/1169
f 1207/873/1173 1201/865/1165 1202/868/1168
f 1208/874/1174 1207/873/1173 1202/868/1168
f 1208/874/1174 1202/868/1168 1203/869/1169
f 1205/871/1171 1204/870/1170 1209/875/1175
f 1210/876/1176 1205/871/1171 1209/875/1175
f 1205/871/1171 1210/876/1176 1206/872/1172
f 1210/876/1176 1211/877/1177 1206/872/1172
f 1212/878/1178 1211/877/1177 1210/876/1176
f 1211/877/1177 1212/878/1178 1213/879/996
f 1214/880/1179 1212/878/1178 1210/876/1176
f 1214/880/1179 1210/876/1176 1209/875/1175
f 1215/881/1180 1212/878/1178 1214/880/1179
f 1215/881/1180 1214/880/1179 1216/882/1181
f 1216/882/1181 1214/880/1179 1209/875/1175
f 1217/883/1182 1215/881/1180 1216/882/1181
f 1215/881/1180 1217/883/1182 1218/884/1183
f 1217/883/1182 1219/885/1184 1218/884/1183
f 1219/885/1184 1220/886/1185 1218/884/1183
f 1220/886/1185 1221/887/1186 1218/884/1183
f 1221/887/1186 1220/886/1185 1222/888/1187
f 1223/889/1188 1221/887/1186 1222/888/1187
f 1218/884/1183 1221/887/1186 1224/890/1189
f 1224/890/1189 1221/887/1186 1223/889/1188
f 1225/891/1190 1218/884/1183 1224/890/1189
f 1224/890/1189 1223/889/1188 1226/892/1191
f 1226/892/1191 1227/893/1192 1224/890/1189
f 1227/893/1192 1226/892/1191 1228/894/1193
f 1223/889/1188 1222/888/1187 1228/894/1193
f 1226/892/1191 1223/889/1188 1228/894/1193
f 1229/895/1194 1227/893/1192 1228/894/1193
f 1229/895/1194 1230/896/1195 1227/893/1192
f 1230/896/1195 1231/897/1196 1227/893/1192
f 1227/893/1192 1231/897/1196 1232/890/1197
f 1225/891/1190 1233/898/1198 1218/884/1183
f 1233/898/1198 1215/881/1180 1218/884/1183
f 1215/881/1180 1233/898/1198 1212/878/1178
f 1233/898/1198 1213/879/996 1212/878/1178
f 1224/890/1199 1235/899/1200 1234/900/1201
f 1236/901/1202 1235/899/1200 1224/890/1199
f 1236/901/1202 1237/902/1203 1235/899/1200
f 1237/902/1203 1238/903/1204 1235/899/1200
f 1237/902/1203 1239/904/1205 1238/903/1204
f 1239/904/1205 1237/902/1203 1240/905/1206
f 1237/902/1203 1241/906/1207 1240/905/1206
f 1237/902/1203 1236/901/1202 1241/906/1207
f 1239/904/1205 1242/907/1208 1238/903/1204
f 1241/906/1207 1243/897/1209 1240/905/1206
f 1243/897/1209 1244/896/1195 1240/905/1206
f 1243/897/1209 1241/906/1207 1224/890/1210
f 1236/901/1202 1224/890/1199 1245/906/1211
f 1242/907/1208 1246/908/1212 1238/903/1204
f 1246/908/1212 1247/909/1213 1238/903/1204
f 1247/909/1213 1246/908/1212 1248/910/1214
f 1249/911/1215 1247/909/1213 1248/910/1214
f 1238/903/1204 1247/909/1213 1250/899/1200
f 1247/909/1213 1251/912/1216 1250/899/1200
f 1251/912/1216 1247/909/1213 1249/911/1215
f 1252/913/1217 1249/911/1215 1248/910/1214
f 1253/914/1218 1252/913/1217 1248/910/1214
f 1249/911/1215 1252/913/1217 1254/915/1219
f 1255/915/1220 1251/912/1216 1249/911/1215
f 1235/899/1200 1251/912/1216 1255/915/1220
f 1235/899/1200 1255/915/1220 1234/900/1201
f 1255/915/1221 1257/916/1222 1256/917/1223
f 1258/918/1224 1257/916/1222 1255/915/1221
f 1258/918/1224 1259/919/1225 1257/916/1222
f 1259/919/1225 1260/920/1226 1257/916/1222
f 1259/919/1225 1261/921/1227 1260/920/1226
f 1261/921/1227 1259/919/1225 1262/922/1228
f 1259/919/1225 1263/923/1229 1262/922/1228
f 1259/919/1225 1258/918/1224 1263/923/1229
f 1258/918/1224 1255/915/1221 1263/923/1229
f 1261/921/1227 1264/924/1230 1260/920/1226
f 1263/923/1229 1265/925/1231 1262/922/1228
f 1265/925/1231 1263/923/1229 1254/915/1221
f 1266/913/1232 1265/925/1231 1254/915/1221
f 1266/913/1232 1267/914/1218 1265/925/1231
f 1267/914/1218 1268/926/1233 1265/925/1231
f 1265/925/1231 1268/926/1233 1262/922/1228
f 1271/927/1234 1270/928/1235 1269/929/1236
f 1272/930/1237 1271/927/1234 1269/929/1236
f 1270/928/1235 1271/927/1234 1273/931/1238
f 1274/932/1239 1270/928/1235 1273/931/1238
f 1273/931/1238 1271/927/1234 1275/933/1240
f 1271/927/1234 1276/934/1241 1275/933/1240
f 1276/934/1241 1271/927/1234 1272/930/1237
f 1277/874/1242 1272/930/1237 1269/929/1236
f 1278/873/1173 1277/874/1242 1269/929/1236
f 1272/930/1237 1277/874/1242 1203/869/1243
f 1203/869/1243 1276/934/1241 1272/930/1237
f 1275/933/1240 1276/934/1241 1203/869/1243
f 1203/869/1243 1279/935/1244 1275/933/1240
f 1280/936/1245 1275/933/1240 1279/935/1244
f 1280/936/1245 1281/937/1246 1275/933/1240
f 1281/937/1246 1282/931/1247 1275/933/1240
f 1283/938/1248 1274/932/1249 1282/931/1247
f 1281/937/1246 1283/938/1248 1282/931/1247
f 1283/938/1248 1281/937/1246 1284/939/1250
f 1281/937/1246 1285/940/1251 1284/939/1250
f 1281/937/1246 1280/936/1245 1285/940/1251
f 1280/936/1245 1279/935/1244 1285/940/1251
f 1285/940/1251 1286/941/1252 1284/939/1250
f 1286/941/1252 1285/940/1251 1279/935/1244
f 1286/941/1252 1287/942/1253 1284/939/1250
f 1203/869/1254 1289/943/1255 1288/935/1256
f 1279/935/1244 1291/944/1257 1290/945/1258
f 1290/945/1258 1291/944/1257 1292/946/1259
f 1293/947/1260 1290/945/1258 1292/946/1259
f 1293/947/1260 1294/948/1261 1290/945/1258
f 1294/948/1261 1295/949/1262 1290/945/1258
f 1291/944/1257 1296/950/1263 1292/946/1259
f 1291/944/1257 1279/935/1244 1296/950/1263
f 1296/950/1263 1297/951/1264 1292/946/1259
f 1296/950/1263 1298/952/1265 1297/951/1264
f 1296/950/1263 1279/935/1244 1298/952/1265
f 1298/952/1265 1299/953/1266 1297/951/1264
f 1299/953/1266 1298/952/1265 1300/954/1267
f 1301/955/1268 1299/953/1266 1300/954/1267
f 1301/955/1268 1300/954/1267 1302/956/1269
f 1303/957/1270 1301/955/1268 1302/956/1269
f 1304/958/992 1302/956/1269 1300/954/1267
f 1279/935/1244 1304/958/992 1298/952/1265
f 1304/958/992 1300/954/1267 1298/952/1265
f 1305/959/1271 1302/956/1269 1304/958/992
f 1306/960/1272 1302/956/1269 1305/959/1271
f 1307/961/1273 1303/957/1270 1302/956/1269
f 1306/960/1272 1307/961/1273 1302/956/1269
f 1308/962/1274 1307/961/1273 1306/960/1272
f 1309/963/1275 1308/962/1274 1306/960/1272
f 1310/964/1276 1308/962/1274 1309/963/1275
f 1311/965/1277 1310/964/1276 1309/963/1275
f 1311/965/1277 1309/963/1275 1305/959/1278
f 1310/964/1276 1311/965/1277 1312/966/1279
f 1311/965/1277 1313/967/1280 1312/966/1279
f 1311/965/1277 1305/959/1278 1313/967/1280
f 1313/967/1280 1314/968/1281 1312/966/1279
f 1314/968/1281 1315/969/1282 1312/966/1279
f 1316/970/1283 1315/969/1282 1314/968/1281
f 1317/971/1284 1316/970/1283 1314/968/1281
f 1317/971/1284 1314/968/1281 1318/959/1271
f 1314/968/1281 1313/967/1280 1318/959/1271
f 1309/963/1275 1306/960/1272 1318/959/1285
f 1320/972/1286 1305/959/1278 1319/973/990
f 1320/972/1286 1321/974/1287 1305/959/1278
f 1322/975/1288 1321/974/1287 1320/972/1286
f 1323/976/1157 1322/975/1288 1320/972/1286
f 1321/974/1287 1322/975/1288 1324/977/1289
f 1324/977/1289 1322/975/1288 1325/978/1290
f 1322/975/1288 1326/979/1291 1325/978/1290
f 1326/979/1291 1322/975/1288 1327/976/1157
f 1328/980/1292 1326/979/1291 1327/976/1157
f 1329/971/1293 1324/977/1289 1325/978/1290
f 1324/977/1289 1329/971/1293 1318/959/1294
f 1330/970/1295 1329/971/1293 1325/978/1290
f 1305/959/1278 1321/974/1287 1324/977/1289
f 1295/949/1262 1332/941/1296 1331/935/1244
f 1333/942/1253 1332/941/1296 1295/949/1262
f 1294/948/1261 1333/942/1253 1295/949/1262
f 1290/945/1258 1295/949/1262 1331/935/1244
f 1206/872/1172 1211/877/1177 1334/943/995
f 1211/877/1297 1336/879/1298 1335/943/1299
f 1203/869/1169 1338/872/1300 1337/943/1301
f 1341/981/1302 1340/982/1303 1339/983/1304
f 1342/984/1305 1341/981/1302 1339/983/1304
f 1342/984/1305 1339/983/1304 1343/985/1306
f 1344/986/1307 1342/984/1305 1343/985/1306
f 1340/982/1308 1346/987/1309 1345/988/1310
f 1347/983/1311 1340/982/1308 1345/988/1310
f 1347/983/1311 1345/988/1310 1348/989/1312
f 1343/985/1313 1347/983/1311 1348/989/1312
f 1346/987/1314 1350/990/1315 1349/991/1316
f 1351/988/1317 1346/987/1314 1349/991/1316
f 1351/988/1317 1349/991/1316 1352/992/1318
f 1348/989/1319 1351/988/1317 1352/992/1318
f 1350/990/1320 1354/993/1321 1353/994/1322
f 1355/991/1323 1350/990/1320 1353/994/1322
f 1355/991/1323 1353/994/1322 1356/995/1324
f 1352/992/1325 1355/991/1323 1356/995/1324
f 1358/996/1326 1341/981/1327 1357/984/1328
f 1359/997/1329 1358/996/1326 1357/984/1328
f 1359/997/1329 1357/984/1328 1344/986/1330
f 1360/998/1331 1359/997/1329 1344/986/1330
f 1362/999/1332 1358/996/1333 1361/997/1334
f 1363/1000/1335 1362/999/1332 1361/997/1334
f 1363/1000/1335 1361/997/1334 1360/998/1336
f 1364/1001/1337 1363/1000/1335 1360/998/1336
f 1366/1002/1338 1362/999/1339 1365/1000/1340
f 1367/1003/1341 1366/1002/1338 1365/1000/1340
f 1367/1003/1341 1365/1000/1340 1364/1001/1342
f 1368/1004/1343 1367/1003/1341 1364/1001/1342
f 1370/1005/1344 1366/1002/1345 1369/1003/1346
f 1371/1006/1347 1370/1005/1344 1369/1003/1346
f 1371/1006/1347 1369/1003/1346 1368/1004/1348
f 1372/1007/1349 1371/1006/1347 1368/1004/1348
f 1374/1008/1350 1370/1005/1351 1373/1006/1352
f 1375/1009/1353 1374/1008/1350 1373/1006/1352
f 1375/1009/1353 1373/1006/1352 1372/1007/1354
f 1376/1010/1355 1375/1009/1353 1372/1007/1354
f 1378/1011/1356 1374/1008/1357 1377/1009/1358
f 1379/1012/1359 1378/1011/1356 1377/1009/1358
f 1379/1012/1359 1377/1009/1358 1376/1010/1360
f 1380/1013/1361 1379/1012/1359 1376/1010/1360
f 1382/1014/1362 1378/1011/1363 1381/1012/1364
f 1383/1015/1365 1382/1014/1362 1381/1012/1364
f 1383/1015/1365 1381/1012/1364 1380/1013/1366
f 1384/1016/1367 1383/1015/1365 1380/1013/1366
f 1386/1017/1368 1382/1014/1369 1385/1015/1370
f 1387/1018/1371 1386/1017/1368 1385/1015/1370
f 1387/1018/1371 1385/1015/1370 1384/1016/1372
f 1388/1019/1373 1387/1018/1371 1384/1016/1372
o effect
v -255.294540 0.835967 -3.840432
v -251.053619 0.456478 -6.005881
v -251.053619 2.566952 -5.195745
v -255.294571 -0.948837 -3.793694
v -251.053604 -1.776317 -5.652248
v -230.756958 3.121027 -5.958366
v -230.756958 0.555008 -6.943363
v -230.756958 0.555008 -6.943363
v -230.756958 -2.159725 -6.513395
v -223.671082 3.506119 -6.488400
v -223.671082 0.623493 -7.594933
v -223.671082 0.623493 -7.594933
v -223.671082 -2.426204 -7.111913
v -210.411957 3.740453 -6.810935
v -210.411957 0.665165 -7.991428
v -210.411942 -2.588356 -7.476116
v -197.837769 3.843699 -6.953045
v -197.837769 0.683525 -8.166121
v -197.837769 0.683525 -8.166121
v -197.837769 -2.659801 -7.636590
v -193.748932 4.050891 -7.238224
v -193.748932 0.720374 -8.516683
v -193.748932 0.720374 -8.516683
v -193.748932 -2.803177 -7.958615
v -159.336716 5.129056 -8.722203
v -159.336731 0.912112 -10.340925
v -159.336731 0.912112 -10.340925
v -159.336716 -3.549243 -9.634323
v -151.178925 5.398552 -8.951662
v -151.178925 0.960035 -10.655445
v -151.178925 0.960035 -10.655445
v -151.178925 -3.735724 -9.911699
v -131.431808 5.528298 -8.556676
v -131.431808 0.983111 -10.301415
v -131.431808 0.983111 -10.301415
v -131.431808 -3.825504 -9.539804
v -110.179794 5.061534 -7.273190
v -110.179794 0.900106 -8.870605
v -110.179794 0.900106 -8.870605
v -110.179794 -3.502525 -8.173326
v -96.959221 4.473423 -6.157150
v -96.959221 0.795518 -7.568962
v -96.959221 -3.095547 -6.952679
v -85.436287 3.324511 -4.220853
v -85.436134 5.082060 -2.127297
v -96.959221 6.952678 -3.095531
v -110.179794 5.061534 -7.273190
v -110.179794 7.866735 -3.809054
v -131.431808 5.528298 -8.556676
v -131.431808 8.592186 -4.773099
v -151.178925 5.398552 -8.951662
v -151.178925 8.390530 -5.256866
v -159.336716 5.129056 -8.722203
v -159.336716 7.971675 -5.211854
v -193.748932 4.050891 -7.238224
v -193.748932 6.295977 -4.465776
v -197.837769 3.843699 -6.953045
v -197.837769 5.973955 -4.322403
v -210.411957 5.813478 -4.250957
v -223.671082 3.506119 -6.488400
v -223.671082 5.449276 -4.088802
v -230.756958 3.121027 -5.958366
v -230.756958 4.850760 -3.822322
v -251.053604 3.989614 -3.438905
v -255.294540 0.835967 -3.840432
v -255.294540 2.131061 -2.611435
v -223.671082 5.449276 -4.088802
v -210.411942 6.328794 -0.997443
v -223.671082 5.932310 -1.039110
v -230.756958 4.850760 -3.822322
v -230.756958 5.280732 -1.107592
v -251.053604 3.989614 -3.438905
v -251.053604 4.343253 -1.206120
v -255.294540 2.131061 -2.611435
v -255.294540 2.177797 -0.826629
v -255.294540 2.177797 -0.826629
v -251.053604 3.533117 0.904359
v -251.053619 1.776282 2.327017
v -255.294540 0.948798 0.468466
v -230.756958 2.159690 3.188157
v -230.756958 4.295734 1.458426
v -230.756958 4.295734 1.458426
v -230.756958 5.280732 -1.107592
v -223.671082 4.825766 1.843517
v -223.671082 5.932310 -1.039110
v -223.671082 2.426169 3.786672
v -223.671082 4.825766 1.843517
v -210.411957 5.148298 2.077846
v -210.411957 2.588321 4.150874
v -197.837769 2.659768 4.311341
v -197.837769 5.290411 2.181093
v -197.837769 5.290411 2.181093
v -197.837769 6.503483 -0.979083
v -193.748932 5.575583 2.388283
v -193.748932 6.854048 -0.942244
v -193.748932 2.803143 4.633364
v -193.748932 5.575583 2.388283
v -159.336731 7.059557 3.466438
v -159.336716 8.678282 -0.750511
v -159.336716 3.549212 6.309062
v -151.178925 7.430490 3.877409
v -151.178925 9.134273 -0.561104
v -151.178925 3.735693 6.869382
v -151.178925 7.430490 3.877409
v -131.431808 7.609056 4.580700
v -131.431824 9.353792 0.035503
v -131.431808 3.825476 7.644578
v -131.431808 7.609056 4.580700
v -110.179794 3.502492 7.560190
v -110.179794 6.966618 4.754988
v -110.179794 6.966618 4.754988
v -110.179794 8.564042 0.593561
v -96.959221 3.095528 6.952701
v -96.959221 6.157150 4.473444
v -96.959221 6.157150 4.473444
v -96.959221 7.568964 0.795542
v -85.436539 2.240659 5.032624
v -85.436783 4.476707 3.211400
v -85.436928 5.532813 0.559864
v -96.959221 6.952678 -3.095531
v -110.179794 7.866735 -3.809054
v -110.179794 8.564042 0.593561
v -131.431808 8.592186 -4.773099
v -131.431824 9.353792 0.035503
v -151.178925 8.390530 -5.256866
v -151.178925 9.134273 -0.561104
v -159.336716 7.971675 -5.211854
v -159.336716 8.678282 -0.750511
v -193.748932 6.295977 -4.465776
v -193.748932 6.854048 -0.942244
v -197.837769 5.973955 -4.322403
v -197.837769 6.503483 -0.979083
v -255.294540 0.948798 0.468466
v -251.053619 1.776282 2.327017
v -251.053604 -0.456514 2.680656
v -255.294540 -0.836004 0.515200
v -230.756958 -0.555046 3.618135
v -230.756958 2.159690 3.188157
v -223.671082 -0.623531 4.269699
v -223.671082 2.426169 3.786672
v -210.411957 -0.665200 4.666189
v -197.837769 -0.683560 4.840879
v -197.837769 2.659768 4.311341
v -193.748932 -0.720405 5.191443
v -193.748932 2.803143 4.633364
v -159.336731 -0.912139 7.015667
v -159.336716 3.549212 6.309062
v -151.178925 -0.960063 7.613128
v -151.178925 3.735693 6.869382
v -131.431808 -0.983129 8.406198
v -131.431808 3.825476 7.644578
v -110.179794 -0.900127 8.257488
v -110.179794 3.502492 7.560190
v -96.959221 -0.795538 7.568985
v -96.959221 3.095528 6.952701
v -85.436783 -0.605941 5.505718
v -96.959221 -0.795538 7.568985
v -85.436943 -3.292722 4.515493
v -96.959221 -4.473444 6.157175
v -110.179794 -0.900127 8.257488
v -110.179794 -5.061555 6.660077
v -131.431808 -0.983129 8.406198
v -131.431824 -5.528326 6.661448
v -151.178925 -0.960063 7.613128
v -151.178925 -5.398582 5.909347
v -159.336731 -0.912139 7.015667
v -159.336716 -5.129086 5.396935
v -193.748932 -0.720405 5.191443
v -193.748932 -4.050921 3.912974
v -197.837769 -0.683560 4.840879
v -197.837769 -3.843733 3.627803
v -210.411942 -3.740487 3.485694
v -223.671082 -0.623531 4.269699
v -223.671082 -3.506154 3.163166
v -230.756958 -0.555046 3.618135
v -230.756958 -3.121060 2.633139
v -251.053604 -2.566991 1.870523
v -255.294540 -0.836004 0.515200
v -251.053604 -3.989651 0.113681
v -255.294540 -2.131098 -0.713796
v -230.756958 -4.850795 0.497092
v -230.756958 -3.121060 2.633139
v -223.671082 -5.449313 0.763572
v -223.671082 -3.506154 3.163166
v -210.411957 -5.813513 0.925717
v -197.837769 -5.973984 0.997166
v -197.837769 -3.843733 3.627803
v -193.748932 -6.296000 1.140538
v -193.748932 -4.050921 3.912974
v -159.336716 -7.971706 1.886597
v -159.336716 -5.129086 5.396935
v -151.178925 -8.390556 2.214559
v -151.178925 -5.398582 5.909347
v -131.431808 -8.592205 2.877883
v -131.431824 -5.528326 6.661448
v -110.179794 -7.866753 3.195948
v -110.179794 -5.061555 6.660077
v -96.959221 -6.952700 3.095546
v -85.437698 -5.164838 2.275182
v -255.294540 -2.131098 -0.713796
v -251.053604 -3.989651 0.113681
v -251.053619 -4.343291 -2.119110
v -255.294540 -2.177836 -2.498599
v -230.756958 -5.280767 -2.217647
v -230.756958 -4.850795 0.497092
v -223.671082 -5.932333 -2.286134
v -223.671082 -5.449313 0.763572
v -210.411957 -6.328826 -2.327809
v -210.411957 -5.813513 0.925717
v -197.837769 -6.503515 -2.346169
v -197.837769 -5.973984 0.997166
v -193.748932 -6.854080 -2.383018
v -193.748932 -6.296000 1.140538
v -159.336716 -8.678310 -2.574762
v -159.336716 -7.971706 1.886597
v -151.178925 -9.134300 -2.481219
v -151.178925 -8.390556 2.214559
v -131.431808 -9.353817 -1.930729
v -131.431808 -8.592205 2.877883
v -110.179794 -8.564063 -1.206676
v -110.179794 -7.866753 3.195948
v -96.959221 -7.568984 -0.795520
v -96.959221 -6.952700 3.095546
v -85.437485 -5.561172 -0.550542
v -85.437698 -5.164838 2.275182
v -96.959221 -7.568984 -0.795520
v -85.436691 -4.442863 -3.184336
v -96.959221 -6.157168 -4.473423
v -110.179794 -8.564063 -1.206676
v -110.179794 -6.966638 -5.368103
v -131.431808 -9.353817 -1.930729
v -131.431808 -7.609077 -6.475923
v -151.178925 -9.134300 -2.481219
v -151.178925 -7.430520 -6.919734
v -159.336716 -8.678310 -2.574762
v -159.336731 -7.059579 -6.791704
v -193.748932 -6.854080 -2.383018
v -193.748932 -5.575613 -5.713531
v -197.837769 -6.503515 -2.346169
v -197.837769 -5.290443 -5.506342
v -210.411957 -5.148329 -5.403090
v -223.671082 -5.932333 -2.286134
v -223.671082 -4.825799 -5.168756
v -230.756958 -5.280767 -2.217647
v -230.756958 -4.295772 -4.783659
v -251.053619 -3.533154 -4.229586
v -255.294540 -2.177836 -2.498599
v -251.053604 -1.776317 -5.652248
v -255.294571 -0.948837 -3.793694
v -230.756958 -2.159725 -6.513395
v -230.756958 -4.295772 -4.783659
v -223.671082 -2.426204 -7.111913
v -223.671082 -4.825799 -5.168756
v -197.837769 -2.659801 -7.636590
v -197.837769 -5.290443 -5.506342
v -193.748932 -2.803177 -7.958615
v -193.748932 -5.575613 -5.713531
v -159.336716 -3.549243 -9.634323
v -159.336731 -7.059579 -6.791704
v -151.178925 -3.735724 -9.911699
v -151.178925 -7.430520 -6.919734
v -131.431808 -3.825504 -9.539804
v -131.431808 -7.609077 -6.475923
v -110.179794 -3.502525 -8.173326
v -110.179794 -6.966638 -5.368103
v -96.959221 -3.095547 -6.952679
v -85.436584 -2.196904 -4.902188
v -85.436600 0.647784 -5.272275
v -285.070709 0.742799 0.005794
v -257.463074 0.767729 0.061777
v -257.463043 -0.676467 0.099595
v -285.070709 -0.654507 0.042385
v -286.781860 0.501338 -0.536536
v -286.781860 -0.441760 -0.511838
v -288.646759 -0.000021 -1.662608
v -286.781860 1.150748 -1.220869
v -286.781860 0.501338 -0.536536
v -285.070709 1.704973 -1.008123
v -285.070709 0.742799 0.005794
v -257.463043 1.762190 -0.986166
v -257.463074 0.767729 0.061777
v -286.781860 1.126053 -2.163970
v -286.781860 1.150748 -1.220869
v -285.070709 1.668383 -2.405432
v -285.070709 1.704973 -1.008123
v -257.463074 1.724371 -2.430363
v -257.463043 1.762190 -0.986166
v -286.781830 0.441718 -2.813379
v -286.781860 1.126053 -2.163970
v -285.070709 0.654465 -3.367605
v -285.070709 1.668383 -2.405432
v -257.463074 0.676430 -3.424825
v -257.463074 1.724371 -2.430363
v -285.070709 -0.654507 0.042385
v -257.463043 -0.676467 0.099595
v -257.463074 -1.724409 -0.894865
v -285.070709 -1.668425 -0.919787
v -286.781860 -0.441760 -0.511838
v -286.781860 -1.126095 -1.161248
v -288.646759 -0.000021 -1.662608
v -286.781830 -1.150792 -2.104347
v -286.781860 -1.126095 -1.161248
v -285.070709 -1.705015 -2.317093
v -285.070709 -1.668425 -0.919787
v -257.463074 -1.762228 -2.339061
v -257.463074 -1.724409 -0.894865
v -286.781860 -0.501381 -2.788682
v -286.781830 -1.150792 -2.104347
v -285.070709 -0.742843 -3.331017
v -285.070709 -1.705015 -2.317093
v -257.463074 -0.767767 -3.387004
v -257.463074 -1.762228 -2.339061
v -286.781860 -0.501381 -2.788682
v -286.781830 0.441718 -2.813379
v -285.070709 -0.742843 -3.331017
v -285.070709 0.654465 -3.367605
v -257.463074 -0.767767 -3.387004
v -257.463074 0.676430 -3.424825
v -34.513260 0.796057 1.787985
v -33.585873 1.421053 3.191747
v -33.585873 -1.252067 3.261740
v -34.513260 -0.701401 1.827185
v -32.190720 -1.645980 4.287910
v -32.190720 1.868131 4.195900
v -34.513260 -0.701401 1.827185
v -33.585873 -1.252067 3.261740
v -33.585873 -3.191741 1.421059
v -34.513260 -1.787980 0.796064
v -32.190720 -4.195893 1.868136
v -32.190720 -1.645980 4.287910
v -34.513260 -1.787980 0.796064
v -33.585873 -3.191741 1.421059
v -33.585873 -3.261738 -1.252055
v -34.513260 -1.827189 -0.701375
v -32.190720 -4.287910 -1.645963
v -32.190720 -4.195893 1.868136
v -34.513260 -1.827189 -0.701375
v -33.585873 -3.261738 -1.252055
v -33.585873 -1.421058 -3.191736
v -34.513260 -0.796062 -1.787973
v -32.190720 -1.868135 -4.195889
v -32.190720 -4.287910 -1.645963
v -32.190720 1.868131 4.195900
v -28.719355 1.401699 3.148276
v -28.719355 -1.235015 3.217325
v -32.190720 -1.645980 4.287910
v -25.345572 -0.986692 2.570395
v -25.345572 1.119854 2.515241
v -18.597982 -0.858184 2.235626
v -18.597982 0.974001 2.187649
v -5.102823 -0.838346 2.183949
v -5.102823 0.951489 2.137081
v 13.778739 -1.121076 2.920493
v 13.778738 -2.857824 1.272384
v -5.102823 -2.137087 0.951494
v 14.438266 1.290622 2.898779
v -18.597982 -0.858184 2.235626
v -18.597982 -2.187655 0.974009
v -25.345572 -0.986692 2.570395
v -25.345572 -2.515243 1.119862
v -28.719355 -1.235015 3.217325
v -28.719355 -3.148276 1.401707
v -32.190720 -1.645980 4.287910
v -32.190720 -4.195893 1.868136
v 21.887516 -1.318601 3.435081
v 21.887516 -3.361362 1.496572
v 21.887516 1.496572 3.361349
v 26.705933 -1.115104 2.904934
v 26.705996 1.265611 2.842599
v 28.818357 -0.889482 2.317178
v 28.818357 1.009538 2.267450
v 30.930780 -0.663859 1.729422
v 30.930780 0.753466 1.692301
v 34.177959 0.000003 -0.000006
v 26.705933 -1.115104 2.904934
v 26.705933 -2.842601 1.265604
v 21.887516 -3.361362 1.496572
v 28.818357 -2.267453 1.009532
v 30.930780 -1.692306 0.753459
v 30.930780 -0.663859 1.729422
v 26.705933 -2.842601 1.265604
v 26.705933 -2.904940 -1.115102
v 28.818357 -2.317181 -0.889487
v 30.930780 -1.729422 -0.663872
v 30.930780 -1.692306 0.753459
v 21.887516 -3.435081 -1.318611
v 30.930780 -1.729422 -0.663872
v 30.930780 -0.753461 -1.692311
v 28.818357 -1.009534 -2.267460
v 26.705933 -2.904940 -1.115102
v 26.705933 -1.265606 -2.842607
v 21.887516 -3.435081 -1.318611
v 21.887516 -1.496569 -3.361356
v 13.778740 -2.920497 -1.121072
v 13.778738 -2.857824 1.272384
v -5.102823 -2.137087 0.951494
v -5.102824 -2.183953 -0.838333
v -18.597982 -2.187655 0.974009
v -18.597982 -2.235629 -0.858166
v -25.345572 -2.515243 1.119862
v -25.345572 -2.570400 -0.986669
v -28.719355 -3.148276 1.401707
v -28.719355 -3.217322 -1.235009
v -32.190720 -4.195893 1.868136
v -32.190720 -4.287910 -1.645963
v 13.778738 -1.272385 -2.857830
v 13.778740 -2.920497 -1.121072
v -5.102824 -2.183953 -0.838333
v -5.102824 -0.951490 -2.137079
v -18.597982 -2.235629 -0.858166
v -18.597984 -0.974004 -2.187642
v -25.345572 -2.570400 -0.986669
v -25.345572 -1.119858 -2.515233
v -28.719355 -3.217322 -1.235009
v -28.719355 -1.401703 -3.148267
v -32.190720 -4.287910 -1.645963
v -32.190720 -1.868135 -4.195889
v 21.887516 -1.496569 -3.361356
v 21.887516 1.318605 -3.435089
v 26.705933 -1.265606 -2.842607
v 26.705933 1.115109 -2.904943
v 13.778738 -1.272385 -2.857830
v 13.778739 1.121078 -2.920497
v -5.102824 0.838346 -2.183947
v -5.102824 -0.951490 -2.137079
v -18.597982 0.858181 -2.235620
v -18.597984 -0.974004 -2.187642
v -25.345572 0.986689 -2.570387
v -25.345572 -1.119858 -2.515233
v -28.719355 1.235011 -3.217315
v -28.719355 -1.401703 -3.148267
v -32.190720 1.645975 -4.287899
v -32.190720 -1.868135 -4.195889
v 28.818357 0.889487 -2.317188
v 30.930780 -0.753461 -1.692311
v 30.930780 0.663864 -1.729432
v 34.177959 0.000003 -0.000006
v 28.818357 2.267458 -1.009541
v 30.930780 0.663864 -1.729432
v 30.930780 1.692311 -0.753469
v 26.705933 2.842605 -1.265613
v 26.705933 1.115109 -2.904943
v 21.887516 3.361365 -1.496579
v 21.887516 1.318605 -3.435089
v 13.778739 1.121078 -2.920497
v 13.778738 2.857826 -1.272388
v -5.102824 2.137087 -0.951492
v -5.102824 0.838346 -2.183947
v -18.597982 2.187652 -0.974003
v -18.597982 0.858181 -2.235620
v -25.345572 2.515239 -1.119853
v -25.345572 0.986689 -2.570387
v -28.719355 3.148272 -1.401697
v -28.719355 1.235011 -3.217315
v -32.190720 4.195889 -1.868126
v -32.190720 1.645975 -4.287899
v -255.294571 0.948798 0.468466
v -34.513260 0.796057 1.787985
v -34.513260 -0.701401 1.827185
v -255.294540 -0.836004 0.515200
v -34.513260 -0.701401 1.827185
v -34.513260 -1.787980 0.796064
v -255.294540 -2.131098 -0.713796
v -255.294540 -2.131098 -0.713796
v -34.513260 -1.787980 0.796064
v -34.513260 -1.827189 -0.701375
v -255.294540 -2.177835 -2.498599
v -255.294540 -2.177835 -2.498599
v -34.513260 -1.827189 -0.701375
v -34.513260 -0.796062 -1.787973
v -255.294571 -0.948837 -3.793694
v -257.463074 0.767729 0.061777
v -256.286530 1.705748 2.168595
v -256.286560 -1.502937 2.252624
v -257.463043 -0.676467 0.099595
v -256.286530 -3.831230 0.043151
v -257.463074 -1.724409 -0.894865
v -256.286560 -3.915257 -3.165532
v -257.463074 -1.762228 -2.339061
v -256.286530 -1.705787 -5.493826
v -257.463074 -0.767767 -3.387004
v -256.286560 3.915218 -0.159696
v -257.463043 1.762190 -0.986166
v -256.286530 3.831191 -3.368376
v -257.463074 1.724371 -2.430363
v -257.463074 0.676430 -3.424825
v -256.286560 1.502900 -5.577847
v -257.463074 1.724371 -2.430363
v -256.286530 3.831191 -3.368376
v -256.286530 1.705748 2.168595
v -255.294571 0.948798 0.468466
v -255.294540 -0.836004 0.515200
v -256.286560 -1.502937 2.252624
v -255.294540 -2.131098 -0.713796
v -256.286530 -3.831230 0.043151
v -255.294540 -2.177835 -2.498599
v -256.286560 -3.915257 -3.165532
v -255.294571 -0.948837 -3.793694
v -256.286530 -1.705787 -5.493826
v -255.294540 2.177797 -0.826630
v -256.286560 3.915218 -0.159696
v -255.294540 2.131061 -2.611435
v -256.286530 3.831191 -3.368376
v -256.286560 1.502900 -5.577847
v -255.294540 0.835967 -3.840433
v -256.286530 3.831191 -3.368376
v -255.294540 2.131061 -2.611435
v -34.513260 0.796057 1.787985
v -34.513260 1.827184 0.701387
v -33.585873 3.261734 1.252066
v -33.585873 1.421053 3.191747
v -32.190720 4.287906 1.645973
v -32.190720 1.868131 4.195900
v -34.513260 1.827184 0.701387
v -34.513260 1.787975 -0.796053
v -33.585873 3.191736 -1.421048
v -33.585873 3.261734 1.252066
v -32.190720 4.195889 -1.868126
v -32.190720 4.287906 1.645973
v -34.513260 1.787975 -0.796053
v -34.513260 0.701396 -1.827174
v -33.585873 1.252062 -3.261729
v -33.585873 3.191736 -1.421048
v -32.190720 1.645975 -4.287899
v -32.190720 4.195889 -1.868126
v -34.513260 0.701396 -1.827174
v -34.513260 -0.796062 -1.787973
v -33.585873 -1.421058 -3.191736
v -33.585873 1.252062 -3.261729
v -32.190720 -1.868135 -4.195889
v -32.190720 1.645975 -4.287899
v -32.190720 1.868131 4.195900
v -32.190720 4.287906 1.645973
v -28.719355 3.217317 1.235018
v -28.719355 1.401699 3.148276
v -25.345572 2.570396 0.986677
v -25.345572 1.119854 2.515241
v -18.597982 2.235626 0.858172
v -18.597982 0.974001 2.187649
v -5.102823 2.183952 0.838334
v -5.102823 0.951489 2.137081
v 13.778738 2.920499 1.121067
v 13.778738 2.857826 -1.272388
v -5.102824 2.137087 -0.951492
v -18.597982 2.235626 0.858172
v -18.597982 2.187652 -0.974003
v -25.345572 2.570396 0.986677
v -25.345572 2.515239 -1.119853
v -28.719355 3.217317 1.235018
v -28.719355 3.148272 -1.401697
v -32.190720 4.287906 1.645973
v -32.190720 4.195889 -1.868126
v 21.887516 3.435085 1.318603
v 21.887516 3.361365 -1.496579
v 26.705933 2.842605 -1.265613
v 26.705933 2.904944 1.115093
v 28.818357 2.267458 -1.009541
v 28.818357 2.317186 0.889477
v 30.930780 1.729427 0.663861
v 30.930780 1.692311 -0.753469
v 30.930780 1.729427 0.663861
v 30.930780 0.753466 1.692301
v -255.294571 0.948798 0.468466
v -255.294540 2.177797 -0.826630
v -34.513260 1.827184 0.701387
v -34.513260 0.796057 1.787985
v -255.294540 2.177797 -0.826630
v -255.294540 2.131061 -2.611435
v -34.513260 1.787975 -0.796053
v -34.513260 1.827184 0.701387
v -255.294540 2.131061 -2.611435
v -255.294540 0.835967 -3.840433
v -34.513260 0.701396 -1.827174
v -34.513260 1.787975 -0.796053
v -255.294540 0.835967 -3.840433
v -255.294571 -0.948837 -3.793694
v -34.513260 -0.796062 -1.787973
v -34.513260 0.701396 -1.827174
v -20.216188 14.885407 -18.437199
v -19.631271 13.845412 -19.635334
v -15.187885 16.558388 -19.595764
v -15.648529 17.361998 -19.053204
v -23.190573 10.627292 -18.921566
v -24.314289 12.208007 -17.661932
v -27.452108 9.488736 -16.363697
v -26.272917 7.600183 -17.989428
v -29.818460 6.507685 -14.618800
v -28.909081 4.174496 -16.343760
v -31.978754 2.714641 -11.878799
v -30.862743 0.243974 -14.053777
v -32.111950 -3.643277 -11.188427
v -33.253052 -0.916715 -8.836478
v -33.812653 -3.661752 -6.205659
v -32.392387 -6.641314 -8.679900
v -11.750510 18.882334 -18.741177
v -10.836002 17.012159 -20.660873
v -14.517685 15.722921 -21.243286
v -14.076632 14.898766 -21.208693
v -18.069613 11.580194 -21.678368
v -19.323288 13.398549 -21.858057
v -19.631271 13.845412 -19.635334
v -23.410902 10.229730 -21.571999
v -23.190573 10.627292 -18.921566
v -26.452379 6.347738 -20.769457
v -26.272917 7.600183 -17.989428
v -28.909081 4.174496 -16.343760
v -28.923048 2.054187 -19.156185
v -30.862743 0.243974 -14.053777
v -30.661158 -2.609908 -17.046541
v -32.111950 -3.643277 -11.188427
v -31.553089 -6.776307 -14.482781
v -32.392387 -6.641314 -8.679900
v -31.670712 -9.829854 -11.541052
v -32.115967 -9.428531 -6.016212
v -31.409531 -12.277449 -8.440949
v -27.608227 -13.935431 -10.357780
v -27.275507 -11.777999 -13.089718
v -31.250174 -11.925570 -3.560141
v -30.581581 -13.869192 -5.511471
v -27.484076 -8.854620 -15.208347
v -26.190252 -0.298350 -19.464607
v -24.212404 4.087595 -20.907145
v -21.510469 8.074972 -21.697641
v -28.376501 -14.795603 -7.060438
v -29.516449 -14.777279 -3.415868
v -30.375751 -13.721342 -1.940219
v -27.209423 -4.918123 -17.567217
v -27.484076 -8.854620 -15.208347
v -27.275507 -11.777999 -13.089718
v -26.546516 -10.892311 -16.310753
v -25.777067 -7.430957 -19.752983
v -27.209423 -4.918123 -17.567217
v -24.600248 -3.423748 -22.288979
v -26.190252 -0.298350 -19.464607
v -22.650478 1.495377 -24.038172
v -24.212404 4.087595 -20.907145
v -20.210009 6.425683 -24.869913
v -21.510469 8.074972 -21.697641
v -17.078907 10.918994 -24.618404
v -18.069613 11.580194 -21.678368
v -14.076632 14.898766 -21.208693
v -13.070930 14.430016 -23.190811
v -10.010977 15.914236 -22.156931
v -11.873674 12.389375 -23.211920
v -14.911174 8.619384 -24.523249
v -9.352333 14.752600 -22.230923
v -17.392860 3.938872 -24.808529
v -19.256136 -1.252724 -24.008234
v -20.934181 -6.070583 -22.145498
v -22.403284 -9.135784 -19.898201
v -6.881336 16.802464 -20.976274
v -7.511862 17.989761 -19.796532
v -4.957397 18.342361 -19.319942
v -5.821128 15.257952 -22.857357
v -9.352333 14.752600 -22.230923
v -7.939114 13.632688 -24.454350
v -10.195342 11.685681 -25.759338
v -11.873674 12.389375 -23.211920
v -12.817722 7.522689 -26.892624
v -14.911174 8.619384 -24.523249
v -17.392860 3.938872 -24.808529
v -15.088432 2.738968 -27.103680
v -3.664231 16.505550 -21.528822
v -19.256136 -1.252724 -24.008234
v -17.358831 -2.756995 -25.277443
v -12.075321 1.170735 -26.490240
v -14.628427 -3.900589 -25.325937
v -20.934181 -6.070583 -22.145498
v -19.474096 -6.696327 -22.411270
v -8.123786 9.600033 -25.611771
v -10.132575 5.765602 -26.374502
v -6.455773 11.704592 -24.511879
v -4.739249 13.278576 -23.184923
v -2.810366 14.683372 -21.746351
v -0.423908 16.099361 -20.000078
v -0.833857 17.742764 -19.712490
v 2.393013 17.030346 -17.810934
v 2.161538 18.604267 -17.363527
v 5.429978 17.439863 -15.251121
v 5.212428 18.880526 -14.910974
v 8.615382 17.264120 -12.464695
v 8.674255 18.608810 -11.974957
v 11.699417 16.445646 -9.327120
v 12.011189 17.602085 -8.834880
v 6.055273 20.447851 -8.837744
v 9.719775 19.190649 -5.815962
v 2.545696 21.093351 -11.763620
v -0.442818 21.227009 -13.786774
v -3.438399 21.042080 -15.631166
v -6.253900 20.445728 -16.918158
v -8.544200 19.873234 -17.903137
v 14.705194 14.748117 -5.698839
v 15.234784 15.601507 -5.235895
v 17.466188 12.045723 -2.486151
v 18.146751 12.896407 -1.971470
v 20.567755 8.619656 -0.385298
v 21.417809 9.341062 0.281780
v 25.111832 5.540762 1.323433
v 23.569679 5.164576 0.568562
v 28.818357 2.317186 0.889477
v 25.381105 2.974359 0.660856
v 11.699417 16.445646 -9.327120
v 9.719775 19.190649 -5.815962
v 15.234784 15.601507 -5.235895
v 12.854609 17.333765 -2.602838
v 15.234784 15.601507 -5.235895
v 18.146751 12.896407 -1.971470
v 16.100225 14.197746 0.599724
v 21.417809 9.341062 0.281780
v 19.614849 10.248273 2.767382
v 25.111832 5.540762 1.323433
v 23.376602 5.840394 3.526515
v 28.818357 1.009538 2.267450
v 28.818357 2.317186 0.889477
v -33.718987 -6.493316 -3.144691
v -32.115967 -9.428531 -6.016212
v -33.812653 -3.661752 -6.205659
v -31.250174 -11.925570 -3.560141
v -32.934193 -8.897666 -0.355443
v -32.077507 -10.852835 1.836663
v -30.375751 -13.721342 -1.940219
v -29.162117 -14.975188 0.843236
v -30.937433 -12.834888 3.991717
v -28.364305 -15.191180 4.131389
v -28.375551 -14.920639 6.467159
v 20.567755 8.619656 -0.385298
v 13.184536 7.274974 0.638100
v 13.785167 4.449788 1.547691
v 23.569679 5.164576 0.568562
v 17.466188 12.045723 -2.486151
v 12.157405 10.141299 -1.894940
v 14.705194 14.748117 -5.698839
v 10.893962 12.739885 -4.753304
v 11.699417 16.445646 -9.327120
v 8.928801 15.010518 -8.240161
v 8.615382 17.264120 -12.464695
v 6.909446 15.964973 -11.271485
v 5.429978 17.439863 -15.251121
v 4.397888 16.343014 -14.218038
v 2.393013 17.030346 -17.810934
v 1.671582 16.004694 -16.614233
v -0.423908 16.099361 -20.000078
v -0.872687 15.197253 -18.722139
v -2.810366 14.683372 -21.746351
v -3.237782 14.209067 -20.707253
v -4.739249 13.278576 -23.184923
v -5.050547 13.064206 -22.103827
v -6.455773 11.704592 -24.511879
v -6.722206 11.579152 -23.428009
v -8.123786 9.600033 -25.611771
v -8.341976 9.587743 -24.624525
v -10.132575 5.765602 -26.374502
v -10.337601 5.726780 -25.444510
v -12.075321 1.170735 -26.490240
v -12.160952 1.211290 -25.519194
v -14.628427 -3.900589 -25.325937
v -14.443752 -3.695788 -24.414892
v -17.179947 -6.129822 -23.887402
v -16.836349 -5.908685 -23.049519
v -19.474096 -6.696327 -22.411270
v -19.103146 -6.418936 -21.605061
v -20.934181 -6.070583 -22.145498
v -20.634438 -5.838062 -21.294914
v -24.398993 -11.697659 -16.622700
v -22.403284 -9.135784 -19.898201
v -26.103712 -12.445491 -14.221725
v -17.179947 -6.129822 -23.887402
v -14.893685 15.959873 -18.951687
v -19.097006 12.783240 -19.202339
v -19.763662 14.437152 -17.641094
v -15.405187 16.992453 -18.209772
v -22.550777 9.920871 -18.577888
v -23.823015 11.904209 -16.919682
v -26.821417 9.258204 -15.702525
v -25.570150 6.996256 -17.601442
v -29.065571 6.347901 -14.066895
v -28.094273 3.772021 -15.969066
v -31.135849 2.667055 -11.434823
v -29.982161 0.039090 -13.704307
v -11.651263 18.423904 -17.947351
v -10.884740 16.741589 -19.635908
v -14.409971 15.572494 -20.221727
v -19.035168 12.795554 -21.166161
v -19.097006 12.783240 -19.202339
v -22.899195 9.621446 -20.984409
v -22.550777 9.920871 -18.577888
v -25.863031 5.899031 -20.135277
v -25.570150 6.996256 -17.601442
v -28.094273 3.772021 -15.969066
v -28.239456 1.823633 -18.521681
v -29.982161 0.039090 -13.704307
v -29.923988 -2.621753 -16.427330
v -31.191610 -3.661068 -10.904284
v -30.791943 -6.554120 -13.942155
v -31.464098 -6.494893 -8.479309
v -30.887936 -9.454329 -11.129462
v -17.773642 11.076764 -20.918489
v -13.844705 14.329510 -20.470762
v -31.201168 -9.153355 -5.917887
v -30.630320 -11.769625 -8.203465
v -27.112648 -13.265450 -9.873673
v -26.667580 -11.257067 -12.557180
v -30.368130 -11.545731 -3.545980
v -29.873272 -13.226668 -5.428146
v -26.805326 -8.523878 -14.612033
v -26.568909 -4.767180 -16.867764
v -25.612585 -0.376043 -18.718533
v -27.886709 -14.016565 -6.778740
v -28.897354 -14.042857 -3.399683
v -29.561728 -13.212406 -1.971990
v -12.979633 13.765151 -22.457056
v -13.844705 14.329510 -20.470762
v -16.830046 10.300007 -23.875738
v -17.773642 11.076764 -20.918489
v -10.074196 15.280482 -21.338755
v -21.095968 7.668179 -20.938015
v -19.838108 5.952373 -24.087774
v -23.709574 3.829726 -20.152491
v -22.185406 1.209675 -23.239712
v -25.612585 -0.376043 -18.718533
v -24.043468 -3.441074 -21.514017
v -26.568909 -4.767180 -16.867764
v -25.148932 -7.160584 -19.082756
v -26.805326 -8.523878 -14.612033
v -25.884041 -10.408750 -15.818756
v -26.667580 -11.257067 -12.557180
v -11.775703 11.854795 -22.391972
v -14.743433 8.117494 -23.695211
v -9.304048 14.133482 -21.558319
v -17.098228 3.592703 -23.956745
v -18.911345 -1.354001 -23.139662
v -20.634438 -5.838062 -21.294914
v -22.088938 -8.665851 -19.133343
v -24.039595 -11.067777 -16.006714
v -25.526642 -11.790066 -13.845031
v -6.842856 15.669167 -20.418550
v -8.665570 19.265865 -17.175472
v -6.377620 19.827757 -16.244064
v -4.708721 16.566822 -18.885849
v -3.237782 14.209067 -20.707253
v -5.050547 13.064206 -22.103827
v -8.001922 12.984125 -23.691912
v -9.304048 14.133482 -21.558319
v -10.093416 11.032901 -25.002165
v -11.775703 11.854795 -22.391972
v -12.499916 7.452050 -26.024542
v -14.743433 8.117494 -23.695211
v -17.098228 3.592703 -23.956745
v -14.876835 2.472123 -26.209034
v -18.911345 -1.354001 -23.139662
v -16.846422 -2.750300 -24.404020
v -12.160952 1.211290 -25.519194
v -14.443752 -3.695788 -24.414892
v -20.634438 -5.838062 -21.294914
v -19.103146 -6.418936 -21.605061
v -8.341976 9.587743 -24.624525
v -10.337601 5.726780 -25.444510
v -6.722206 11.579152 -23.428009
v -16.836349 -5.908685 -23.049519
v -31.464098 -6.494893 -8.479309
v -31.201168 -9.153355 -5.917887
v -32.830185 -6.162886 -2.984019
v -32.910442 -3.468837 -5.940804
v -31.191610 -3.661068 -10.904284
v -31.464098 -6.494893 -8.479309
v -32.360912 -0.855890 -8.492925
v -31.135849 2.667055 -11.434823
v -30.368130 -11.545731 -3.545980
v -32.065948 -8.491053 -0.272703
v -31.252502 -10.359000 1.878495
v -29.561728 -13.212406 -1.971990
v -28.420088 -14.367224 0.795019
v -30.204567 -12.211917 3.997025
v -27.712292 -14.491790 4.042378
v -27.722942 -14.220092 6.392715
v -31.201168 -9.153355 -5.917887
v -22.899195 9.621446 -20.984409
v -21.095968 7.668179 -20.938015
v -23.709574 3.829726 -20.152491
v -25.863031 5.899031 -20.135277
v 19.573938 5.420527 3.481966
v 14.389429 4.674129 3.066993
v 13.665031 7.950483 1.951591
v 17.398378 9.400043 2.558814
v 12.577755 11.217992 -0.824535
v 14.732758 13.402375 0.213929
v 11.138435 13.907135 -3.779117
v 12.095317 16.314634 -2.658110
v 14.438266 1.290622 2.898779
v 21.887516 1.496572 3.361349
v 12.157405 10.141299 -1.894940
v 13.184536 7.274974 0.638100
v 14.389429 4.674129 3.066993
v 13.785167 4.449788 1.547691
v 13.778738 2.920499 1.121067
v 14.438266 1.290622 2.898779
v 10.893962 12.739885 -4.753304
v 8.928801 15.010518 -8.240161
v 8.823848 16.258865 -7.158625
v 6.909446 15.964973 -11.271485
v 6.140450 17.690605 -9.917625
v 9.095410 18.193705 -5.786248
v 5.640607 19.522951 -8.692932
v 3.192249 17.926344 -12.883714
v 2.184013 20.145794 -11.544883
v 0.501909 18.038696 -15.031698
v -0.713288 20.322380 -13.448452
v -2.201860 17.549511 -17.111965
v -3.607046 20.198912 -15.165004
v -0.872687 15.197253 -18.722139
v 1.671582 16.004694 -16.614233
v 4.397888 16.343014 -14.218038
v -15.648529 17.361998 -19.053204
v -15.405187 16.992453 -18.209772
v -19.763662 14.437152 -17.641094
v -20.216188 14.885407 -18.437199
v -23.823015 11.904209 -16.919682
v -24.314289 12.208007 -17.661932
v -26.821417 9.258204 -15.702525
v -27.452108 9.488736 -16.363697
v -29.065571 6.347901 -14.066895
v -29.818460 6.507685 -14.618800
v -31.135849 2.667055 -11.434823
v -31.978754 2.714641 -11.878799
v -32.360912 -0.855890 -8.492925
v -33.253052 -0.916715 -8.836478
v -32.910442 -3.468837 -5.940804
v -33.812653 -3.661752 -6.205659
v -32.830185 -6.162886 -2.984019
v -33.718987 -6.493316 -3.144691
v -32.065948 -8.491053 -0.272703
v -32.934193 -8.897666 -0.355443
v -31.252502 -10.359000 1.878495
v -32.077507 -10.852835 1.836663
v -30.204567 -12.211917 3.997025
v -30.937433 -12.834888 3.991717
v -27.722942 -14.220092 6.392715
v -28.375551 -14.920639 6.467159
v -29.516449 -14.777279 -3.415868
v -28.897354 -14.042857 -3.399683
v -27.886709 -14.016565 -6.778740
v -28.376501 -14.795603 -7.060438
v -27.112648 -13.265450 -9.873673
v -27.608227 -13.935431 -10.357780
v -26.667580 -11.257067 -12.557180
v -27.275507 -11.777999 -13.089718
v -30.375751 -13.721342 -1.940219
v -29.561728 -13.212406 -1.971990
v -29.162117 -14.975188 0.843236
v -28.420088 -14.367224 0.795019
v -29.561728 -13.212406 -1.971990
v -30.375751 -13.721342 -1.940219
v -28.364305 -15.191180 4.131389
v -27.712292 -14.491790 4.042378
v -28.375551 -14.920639 6.467159
v -27.722942 -14.220092 6.392715
v -22.403284 -9.135784 -19.898201
v -22.088938 -8.665851 -19.133343
v -20.634438 -5.838062 -21.294914
v -20.934181 -6.070583 -22.145498
v -24.398993 -11.697659 -16.622700
v -24.039595 -11.067777 -16.006714
v -26.103712 -12.445491 -14.221725
v -25.526642 -11.790066 -13.845031
v -27.275507 -11.777999 -13.089718
v -26.667580 -11.257067 -12.557180
v 23.376602 5.840394 3.526515
v 19.573938 5.420527 3.481966
v 17.398378 9.400043 2.558814
v 19.614849 10.248273 2.767382
v 14.732758 13.402375 0.213929
v 16.100225 14.197746 0.599724
v 12.095317 16.314634 -2.658110
v 12.854609 17.333765 -2.602838
v 9.095410 18.193705 -5.786248
v 9.719775 19.190649 -5.815962
v 5.640607 19.522951 -8.692932
v 6.055273 20.447851 -8.837744
v 2.184013 20.145794 -11.544883
v 2.545696 21.093351 -11.763620
v -0.713288 20.322380 -13.448452
v -0.442818 21.227009 -13.786774
v -3.607046 20.198912 -15.165004
v -3.438399 21.042080 -15.631166
v -6.377620 19.827757 -16.244064
v -6.253900 20.445728 -16.918158
v -8.665570 19.265865 -17.175472
v -8.544200 19.873234 -17.903137
v -11.651263 18.423904 -17.947351
v -11.750510 18.882334 -18.741177
v 13.778738 2.920499 1.121067
v 25.381105 2.974359 0.660856
v 21.887516 1.496572 3.361349
v 26.705996 1.265611 2.842599
v 28.818357 1.009538 2.267450
v 14.438266 1.290622 2.898779
v -85.436134 5.082060 -2.127297
v -73.956551 6.607322 -5.490973
v -73.755051 6.733706 -4.165382
v -85.436287 3.324511 -4.220853
v -74.381218 5.701669 -7.038732
v -74.887878 4.465012 -7.976738
v -74.381218 5.701669 -7.038732
v -85.436600 0.647784 -5.272275
v -75.446152 2.938412 -8.602324
v -75.983742 1.373744 -8.689295
v -85.436584 -2.196904 -4.902188
v -76.408813 -0.276665 -8.224440
v -76.856529 -1.805131 -7.173220
v -85.436691 -4.442863 -3.184336
v -76.816948 -3.671494 -5.727805
v -76.817650 -5.033453 -3.878340
v -85.437485 -5.561172 -0.550542
v -76.065041 -6.541754 -1.990021
v -75.345612 -7.177725 -0.011544
v -85.437698 -5.164838 2.275182
v -73.755051 -7.614833 2.229461
v -72.752754 -6.400321 3.964814
v -85.436943 -3.292722 4.515493
v -72.662621 -5.223762 5.484363
v -72.981644 -3.675339 6.444922
v -85.436783 -0.605941 5.505718
v -73.330437 -1.239282 6.918296
v -73.330437 -1.239282 6.918296
v -85.436539 2.240659 5.032624
v -74.035149 2.546432 7.326703
v -85.436783 4.476707 3.211400
v -74.448509 5.197289 6.325086
v -74.482346 7.084331 3.963068
v -74.035149 2.546432 7.326703
v -85.436928 5.532813 0.559864
v -74.085037 7.496560 0.624803
v -73.805412 7.376437 -1.243663
v -74.482346 7.084331 3.963068
v -73.581612 7.115351 -3.240052
v -85.436134 5.082060 -2.127297
v -73.755051 6.733706 -4.165382
v -51.384171 15.482448 -22.540928
v -53.923504 21.246458 -18.796347
v -62.321846 15.046141 -13.480604
v -59.607479 12.242643 -16.807180
v -62.871418 18.017298 -8.676181
v -55.056541 26.446966 -11.428306
v -68.082207 12.608960 -6.821763
v -67.219543 11.637478 -10.209204
v -61.421139 10.091973 -12.047243
v -47.698997 15.464590 -18.594746
v -45.061516 18.558462 -12.001713
v -56.812988 12.251534 -9.010533
v -73.956551 6.607322 -5.490973
v -73.956551 6.607322 -5.490973
v -73.755051 6.733706 -4.165382
v -74.381218 5.701669 -7.038732
v -58.391548 4.582356 -7.797050
v -57.678520 7.142951 -6.908517
v -48.800983 9.641397 -9.122853
v -46.881367 6.815018 -10.816625
v -37.430996 14.483922 -13.256845
v -41.469585 17.871084 -10.498737
v -53.697182 12.389081 -7.491880
v -35.258526 10.390241 -16.351007
v -56.812988 12.251534 -9.010533
v -45.061516 18.558462 -12.001713
v -36.562649 6.528489 -18.658817
v -47.861198 4.293610 -13.139455
v -39.506550 3.585566 -20.918495
v -51.825413 3.659055 -14.686169
v -57.102623 3.151363 -9.880410
v -54.643909 5.404456 -15.506239
v -42.281963 5.489799 -22.309898
v -74.887878 4.465012 -7.976738
v -74.381218 5.701669 -7.038732
v -75.446152 2.938412 -8.602324
v -70.503799 4.140552 -17.467289
v -66.931595 7.986196 -17.385921
v -59.534969 11.358670 -24.110147
v -61.127560 6.270389 -28.598282
v -47.960018 14.256526 -31.944536
v -45.940140 16.780579 -26.609865
v -56.882183 12.075496 -18.172817
v -49.381493 7.871382 -36.762009
v -55.146965 10.243266 -16.236341
v -43.714687 15.119923 -23.817039
v -42.281963 5.489799 -22.309898
v -54.643909 5.404456 -15.506239
v -74.887878 4.465012 -7.976738
v -49.566723 1.982055 -37.262966
v -60.861931 1.181386 -28.570099
v -48.002857 -2.244782 -34.331726
v -58.647923 -0.659043 -24.838045
v -68.123581 0.694757 -19.187138
v -57.068207 1.204124 -23.329395
v -45.611065 0.413989 -32.192516
v -44.233009 8.415544 -30.210646
v -56.874107 6.214896 -21.921053
v -75.983742 1.373744 -8.689295
v -75.983742 1.373744 -8.689295
v -70.503799 4.140552 -17.467289
v -76.408813 -0.276665 -8.224440
v -62.499424 2.436117 -11.523246
v -60.112278 4.877698 -14.287592
v -49.595722 5.521285 -19.868935
v -48.554161 2.511187 -18.310143
v -37.467232 5.225494 -26.584391
v -41.061119 9.115474 -28.347870
v -53.869682 8.010606 -21.500656
v -36.614914 2.006318 -25.678562
v -56.874107 6.214896 -21.921053
v -44.233009 8.415544 -30.210646
v -53.869682 8.010606 -21.500656
v -76.856529 -1.805131 -7.173220
v -60.148705 -0.772070 -12.748121
v -50.836723 -0.759218 -16.522833
v -48.554161 2.511187 -18.310143
v -38.225758 -2.042147 -23.750135
v -42.880680 -4.308642 -22.404711
v -56.940533 -3.633786 -15.553004
v -61.192055 -3.833996 -16.017843
v -47.476604 -5.069328 -23.391855
v -76.816948 -3.671494 -5.727805
v -72.615013 -10.044731 -13.574062
v -72.861549 -6.334943 -16.773296
v -67.040398 -10.371242 -26.125788
v -63.589195 -4.784013 -29.083242
v -70.700958 -3.874658 -18.126408
v -65.535416 -16.267380 -21.608948
v -66.056412 -2.973032 -17.773569
v -57.413441 -3.761925 -28.487579
v -47.476604 -5.069328 -23.391855
v -61.192055 -3.833996 -16.017843
v -76.856529 -1.805131 -7.173220
v -62.415588 -20.077923 -17.538887
v -70.520287 -12.609981 -10.344732
v -53.597435 -23.089287 -12.004107
v -66.640846 -14.150428 -7.867648
v -62.585506 -12.328371 -8.149164
v -47.059341 -21.264421 -11.231320
v -43.661125 -18.542936 -17.526657
v -59.976810 -10.699988 -10.659865
v -76.817650 -5.033453 -3.878340
v -76.817650 -5.033453 -3.878340
v -76.816948 -3.671494 -5.727805
v -76.065041 -6.541754 -1.990021
v -57.065979 -9.023774 -3.907104
v -75.345612 -7.177725 -0.011544
v -55.651337 -10.583505 -0.611232
v -45.147537 -13.780348 -0.517656
v -44.007526 -12.075223 -6.156616
v -32.186310 -20.651024 0.287458
v -36.789135 -22.172203 6.148229
v -49.032883 -15.999100 3.101734
v -30.650114 -17.685291 -8.894030
v -52.623909 -17.390526 1.320172
v -40.175297 -24.136917 5.116925
v -75.345612 -7.177725 -0.011544
v -33.285637 -15.055216 -16.734484
v -47.155006 -11.008986 -10.843364
v -39.323109 -15.166939 -20.043928
v -54.545284 -9.931477 -13.277193
v -57.730061 -8.062931 -7.522130
v -59.976810 -10.699988 -10.659865
v -43.661125 -18.542936 -17.526657
v -53.951469 -20.119316 -1.670931
v -52.623909 -17.390526 1.320172
v -40.175297 -24.136917 5.116925
v -44.253010 -28.033279 -2.634857
v -48.345772 -29.484158 -3.252904
v -56.440063 -21.231415 -2.560615
v -60.725410 -21.024439 0.982192
v -53.357365 -29.188307 3.479211
v -62.871410 -18.503593 7.583975
v -55.056534 -26.189367 12.006914
v -68.082207 -13.512248 4.809489
v -66.570442 -15.315119 0.046817
v -73.755051 -7.614833 2.229461
v -54.026661 -20.597113 18.357689
v -62.085018 -15.047120 12.752123
v -51.535442 -16.584026 19.703888
v -60.104946 -12.026917 13.390236
v -66.238121 -11.768396 8.997110
v -72.752754 -6.400321 3.964814
v -58.659973 -11.273696 11.453543
v -48.686893 -15.943135 17.789877
v -45.075039 -21.006119 9.616023
v -56.937752 -13.814443 7.162364
v -72.752754 -6.400321 3.964814
v -72.662621 -5.223762 5.484363
v -59.138596 -7.038496 6.306379
v -58.401520 -9.546914 5.064900
v -49.177673 -12.586949 7.338381
v -47.397663 -9.320796 10.115525
v -37.395000 -17.080984 11.377617
v -41.449451 -20.576387 8.099252
v -53.713169 -14.492975 5.157620
v -35.323425 -12.440442 15.320212
v -56.937752 -13.814443 7.162364
v -45.075039 -21.006119 9.616023
v -56.882183 12.075496 -18.172817
v -57.120720 10.156686 11.662040
v -46.621853 14.364161 16.976913
v -46.920067 18.194799 14.997149
v -56.193542 13.160100 10.738338
v -72.822144 4.637598 4.061055
v -47.206024 13.146887 19.021669
v -58.426701 8.241218 14.076163
v -66.480705 4.061028 10.251851
v -45.273418 22.254715 11.269857
v -53.369278 16.405268 9.091215
v -48.741173 13.533939 20.679741
v -60.281040 8.071918 15.995391
v -68.570877 3.123580 11.316461
v -68.710411 6.098974 11.884803
v -74.035149 2.546432 7.326703
v -64.505020 8.920866 14.929757
v -68.095505 10.343502 12.289718
v -53.633244 14.871634 21.639320
v -57.290146 17.199945 20.606907
v -69.755112 12.947634 8.599281
v -60.984020 21.186321 15.818757
v -61.620785 24.475115 8.765859
v -69.071968 15.523583 4.614883
v -59.700367 25.670616 3.858237
v -67.162674 17.331364 1.683587
v -74.085037 7.496560 0.624803
v -74.482346 7.084331 3.963068
v -63.469734 17.277016 0.601988
v -60.414268 16.231804 1.420800
v -55.270866 25.811499 0.510149
v -51.014462 25.175068 1.099651
v -45.923988 23.158964 8.605614
v -57.570301 15.019118 4.412589
v -74.085037 7.496560 0.624803
v -74.448509 5.197289 6.325086
v -73.805412 7.376437 -1.243663
v -58.778255 9.357808 -1.053994
v -57.370098 10.853842 1.632622
v -50.033375 15.478011 2.595845
v -48.535454 15.632834 -1.088248
v -39.760143 21.829311 5.234367
v -42.649143 22.065109 8.567037
v -54.360447 15.127099 4.837858
v -38.354916 22.082968 -0.953222
v -57.570301 15.019118 4.412589
v -45.923988 23.158964 8.605614
v -54.360447 15.127099 4.837858
v -39.830658 22.447828 -6.300294
v -49.782001 15.603925 -5.238813
v -42.907730 22.373615 -10.641294
v -53.473461 15.928797 -6.754652
v -58.778255 9.357808 -1.053994
v -57.089367 10.957486 -3.823638
v -56.002937 17.189871 -6.589974
v -45.906357 23.620398 -9.655812
v -73.581612 7.115351 -3.240052
v -73.581612 7.115351 -3.240052
v -73.755051 6.733706 -4.165382
v -68.082207 12.608960 -6.821763
v -65.867928 14.241481 -2.653429
v -61.276100 19.510794 -2.715194
v -62.871418 18.017298 -8.676181
v -53.681713 28.308830 -2.802566
v -50.708984 26.895872 0.815243
v -58.135185 20.024881 -0.118391
v -55.056541 26.446966 -11.428306
v -56.430363 19.455296 -1.308255
v -56.002937 17.189871 -6.589974
v -45.906357 23.620398 -9.655812
v -47.997208 25.357231 0.210870
v -36.692959 21.168755 7.633327
v -30.511028 15.790633 8.050362
v -43.526901 11.072023 4.347294
v -48.087395 15.183250 4.404869
v -41.875187 5.468754 6.468715
v -27.750051 6.972991 9.896395
v -54.466511 3.661768 3.971744
v -52.683887 8.561333 3.357838
v -53.369278 16.405268 9.091215
v -45.273418 22.254715 11.269857
v -72.576172 -0.351887 4.801543
v -53.686092 -0.096300 6.672798
v -44.315155 -0.485851 9.364443
v -41.875187 5.468754 6.468715
v -30.594454 -0.880124 14.416547
v -36.065502 -5.222499 17.394043
v -49.800350 -3.939579 12.594432
v -53.680397 -2.474324 13.740766
v -42.550510 -4.149264 19.663105
v -72.576172 -0.351887 4.801543
v -73.330437 -1.239282 6.918296
v -57.484882 2.828688 13.749898
v -60.451797 3.630920 15.496243
v -50.038727 5.463535 23.412956
v -46.134197 4.302477 20.226521
v -43.977634 1.136585 18.827093
v -54.594402 0.613950 13.368895
v -62.283886 3.035444 16.875074
v -53.446194 4.287682 25.596437
v -63.490536 0.184455 17.518122
v -54.835556 0.581571 26.590761
v -63.052437 -3.164414 17.225309
v -52.705776 -4.417945 25.460829
v -61.204224 -4.372980 16.229223
v -50.813110 -6.280129 24.218140
v -73.330437 -1.239282 6.918296
v -72.981644 -3.675339 6.444922
v -61.429993 -6.622936 15.445038
v -50.854740 -8.681912 24.278130
v -56.594971 -10.924221 26.201574
v -64.574310 -6.682081 16.952295
v -60.037750 -16.746660 26.010618
v -66.916077 -10.194452 17.091909
v -56.543617 -19.008896 22.910078
v -64.156143 -12.255083 15.043735
v -61.692673 -10.824540 14.417537
v -52.289280 -16.949821 21.578024
v -44.584324 -6.266750 23.306904
v -57.994961 -6.513970 15.652024
v -72.981644 -3.675339 6.444922
v -72.662621 -5.223762 5.484363
v -59.138596 -7.038496 6.306379
v -58.357971 -4.063996 9.670609
v -48.835026 -5.564289 13.447027
v -47.397663 -9.320796 10.115525
v -54.338371 -4.113899 15.588709
v -40.597527 -4.399245 22.079208
v -36.845078 -7.874786 19.011034
v -47.397663 -9.320796 10.115525
v -35.323425 -12.440442 15.320212
v -57.994961 -6.513970 15.652024
v -44.584324 -6.266750 23.306904
v -72.576172 -0.351887 4.801543
v -53.680397 -2.474324 13.740766
v -42.550510 -4.149264 19.663105
v -73.330437 -1.239282 6.918296
v -73.330437 -1.239282 6.918296
v -74.035149 2.546432 7.326703
v -73.330437 -1.239282 6.918296
v -66.480705 4.061028 10.251851
v -85.986443 2.410964 5.415137
v -80.921501 2.977587 6.687791
v -80.921501 -0.765226 7.280595
v -85.986443 -0.619611 5.895133
v -91.051376 3.061136 6.875450
v -91.051376 -0.786700 7.484888
v -85.986443 4.795519 3.484162
v -80.921501 5.922555 4.302999
v -85.986443 2.410964 5.415137
v -91.051376 6.088741 4.423740
v -85.986443 5.895118 0.619613
v -80.921501 7.280581 0.765227
v -85.986443 4.795519 3.484162
v -91.051376 7.484873 0.786700
v -85.986443 5.415119 -2.410969
v -80.921501 6.687775 -2.977592
v -85.986443 5.895118 0.619613
v -91.051376 6.875438 -3.061131
v -85.986443 -0.619611 5.895133
v -80.921501 -4.302999 5.922575
v -85.986443 -3.484162 4.795538
v -91.051376 -4.423745 6.088766
v -85.986443 -3.484162 4.795538
v -80.921501 -6.687795 2.977598
v -85.986443 -5.415141 2.410976
v -91.051376 -6.875451 3.061162
v -85.986443 -5.415141 2.410976
v -80.921501 -7.280597 -0.765210
v -85.986443 -5.895134 -0.619594
v -91.051376 -7.484890 -0.786680
v -85.986443 -5.895134 -0.619594
v -80.921501 -5.922575 -4.302980
v -85.986443 -4.795537 -3.484143
v -91.051376 -6.088759 -4.423719
v -85.986443 -4.795537 -3.484143
v -80.921501 -2.977602 -6.687774
v -85.986443 -2.410980 -5.415120
v -91.051376 -3.061153 -6.875430
v -85.986443 -2.410980 -5.415120
v -80.921501 0.765210 -7.280577
v -85.986443 0.619594 -5.895116
v -91.051376 0.786682 -7.484867
v -85.986443 0.619594 -5.895116
v -80.921501 4.302984 -5.922558
v -85.986443 3.484143 -4.795520
v -91.051376 4.423727 -6.088742
v -85.986443 3.484143 -4.795520
v -80.921501 6.687775 -2.977592
v -85.986443 5.415119 -2.410969
v -91.051376 6.875438 -3.061131
vn -0.0947 0.5900 -0.8018
vn -0.0947 0.0979 -0.9907
vn -0.4718 0.3157 -0.8232
vn -0.4558 -0.3620 -0.8132
vn -0.1075 -0.4043 -0.9083
vn -0.0599 0.5867 -0.8076
vn -0.0599 0.1047 -0.9927
vn -0.0599 0.1043 -0.9927
vn -0.0599 -0.4060 -0.9119
vn -0.0502 0.5870 -0.8080
vn -0.0502 0.1044 -0.9933
vn -0.0502 -0.4061 -0.9124
vn -0.0220 0.5876 -0.8088
vn -0.0220 0.1046 -0.9943
vn -0.0220 0.1045 -0.9943
vn -0.0220 -0.4066 -0.9133
vn -0.0325 0.5873 -0.8087
vn -0.0325 0.1045 -0.9940
vn -0.0325 0.1044 -0.9940
vn -0.0325 -0.4065 -0.9131
vn -0.0505 0.5870 -0.8080
vn -0.0505 0.1044 -0.9932
vn -0.0505 0.1044 -0.9933
vn -0.0505 -0.4061 -0.9124
vn -0.0580 0.5867 -0.8077
vn -0.0580 0.1047 -0.9928
vn -0.0580 0.1043 -0.9929
vn -0.0580 -0.4060 -0.9120
vn -0.0670 0.5863 -0.8073
vn -0.0670 0.1043 -0.9923
vn -0.0670 0.1042 -0.9923
vn -0.0670 -0.4057 -0.9116
vn -0.0260 0.5875 -0.8088
vn -0.0260 0.1045 -0.9942
vn -0.0261 0.1041 -0.9942
vn -0.0261 -0.4066 -0.9132
vn 0.0200 0.5876 -0.8089
vn 0.0200 0.1046 -0.9943
vn 0.0200 0.1042 -0.9944
vn 0.0200 -0.4066 -0.9134
vn 0.1009 0.5824 -0.8066
vn 0.1032 0.1064 -0.9890
vn 0.1016 -0.4001 -0.9108
vn 0.0423 0.5889 -0.8071
vn 0.0612 0.9123 -0.4050
vn 0.0969 0.9080 -0.4077
vn 0.0200 0.5877 -0.8088
vn 0.0200 0.9133 -0.4069
vn -0.0260 0.5876 -0.8087
vn -0.0260 0.9132 -0.4067
vn -0.0670 0.5865 -0.8072
vn -0.0670 0.9115 -0.4059
vn -0.0580 0.5869 -0.8076
vn -0.0580 0.9120 -0.4061
vn -0.0505 0.5871 -0.8079
vn -0.0505 0.9124 -0.4062
vn -0.0325 0.5876 -0.8085
vn -0.0325 0.9129 -0.4068
vn -0.0220 0.5877 -0.8088
vn -0.0220 0.9133 -0.4067
vn -0.0502 0.5872 -0.8079
vn -0.0502 0.9124 -0.4062
vn -0.0599 0.5868 -0.8075
vn -0.0599 0.9119 -0.4061
vn -0.0947 0.5902 -0.8017
vn -0.1075 0.9082 -0.4045
vn -0.4718 0.3161 -0.8231
vn -0.4558 0.8130 -0.3622
vn -0.0220 0.9943 0.1045
vn -0.0220 0.9134 -0.4066
vn -0.0502 0.9125 -0.4061
vn -0.0502 0.9933 0.1044
vn -0.0599 0.9119 -0.4060
vn -0.0599 0.9927 0.1043
vn -0.1075 0.9083 -0.4043
vn -0.0947 0.9907 0.0978
vn -0.4558 0.8132 -0.3620
vn -0.4719 0.8231 0.3159
vn -0.0948 0.8017 0.5901
vn -0.0947 0.9907 0.0979
vn -0.4718 0.8231 0.3162
vn -0.1074 0.4045 0.9082
vn -0.4558 0.3622 0.8130
vn -0.0599 0.4061 0.9119
vn -0.0599 0.8075 0.5868
vn -0.0599 0.8077 0.5866
vn -0.0599 0.9927 0.1047
vn -0.0502 0.8080 0.5870
vn -0.0502 0.4062 0.9124
vn -0.0502 0.8079 0.5872
vn -0.0220 0.8089 0.5875
vn -0.0220 0.9943 0.1046
vn -0.0220 0.4067 0.9133
vn -0.0220 0.8088 0.5877
vn -0.0325 0.4068 0.9129
vn -0.0325 0.8085 0.5876
vn -0.0325 0.8087 0.5873
vn -0.0325 0.9940 0.1045
vn -0.0505 0.8080 0.5870
vn -0.0505 0.9932 0.1044
vn -0.0505 0.4062 0.9124
vn -0.0505 0.8079 0.5871
vn -0.0580 0.8077 0.5867
vn -0.0580 0.9928 0.1044
vn -0.0580 0.4061 0.9120
vn -0.0580 0.8076 0.5869
vn -0.0670 0.8073 0.5863
vn -0.0670 0.9923 0.1043
vn -0.0669 0.4059 0.9115
vn -0.0670 0.8072 0.5865
vn -0.0260 0.8088 0.5875
vn -0.0260 0.9942 0.1045
vn -0.0260 0.4067 0.9132
vn -0.0260 0.8087 0.5876
vn 0.0200 0.4069 0.9133
vn 0.0200 0.8087 0.5879
vn 0.0200 0.8089 0.5876
vn 0.0200 0.9943 0.1045
vn 0.0972 0.4056 0.9089
vn 0.0968 0.8045 0.5860
vn 0.0957 0.9898 0.1055
vn 0.0292 0.3193 0.9472
vn 0.0608 0.8122 0.5802
vn 0.0608 0.8123 0.5801
vn 0.0761 0.9909 0.1110
vn 0.0969 0.9081 -0.4074
vn 0.0200 0.9134 -0.4066
vn -0.0260 0.9133 -0.4065
vn -0.0260 0.9942 0.1041
vn -0.0670 0.9115 -0.4058
vn -0.0669 0.9923 0.1042
vn -0.0580 0.9120 -0.4060
vn -0.0580 0.9929 0.1043
vn -0.0505 0.9124 -0.4061
vn -0.0505 0.9933 0.1044
vn -0.0325 0.9131 -0.4065
vn -0.0325 0.9940 0.1044
vn 0.0611 0.9123 -0.4049
vn -0.0947 -0.0978 0.9907
vn -0.1075 0.4043 0.9083
vn -0.4558 0.3619 0.8132
vn -0.4719 -0.3159 0.8231
vn -0.0599 -0.1043 0.9927
vn -0.0599 0.4060 0.9119
vn -0.0502 -0.1044 0.9933
vn -0.0502 0.4061 0.9124
vn -0.0220 -0.1045 0.9943
vn -0.0220 0.4066 0.9134
vn -0.0325 -0.1045 0.9940
vn -0.0325 0.4065 0.9131
vn -0.0505 -0.1044 0.9933
vn -0.0505 0.4061 0.9124
vn -0.0580 -0.1043 0.9929
vn -0.0580 0.4060 0.9120
vn -0.0670 -0.1041 0.9923
vn -0.0670 0.4058 0.9115
vn -0.0260 -0.1042 0.9942
vn -0.0260 0.4064 0.9133
vn 0.0200 -0.1045 0.9943
vn 0.0200 0.4066 0.9134
vn 0.0961 -0.1018 0.9902
vn 0.0364 -0.1020 0.9941
vn 0.0293 0.3191 0.9473
vn 0.0707 -0.5796 0.8118
vn 0.0364 -0.1021 0.9941
vn 0.0961 -0.1023 0.9901
vn 0.0947 -0.5835 0.8066
vn 0.0200 -0.5876 0.8089
vn -0.0260 -0.1048 0.9941
vn -0.0260 -0.5875 0.8088
vn -0.0670 -0.1046 0.9923
vn -0.0669 -0.5863 0.8073
vn -0.0580 -0.1047 0.9928
vn -0.0580 -0.5866 0.8078
vn -0.0505 -0.1044 0.9932
vn -0.0505 -0.5870 0.8080
vn -0.0325 -0.5873 0.8087
vn -0.0220 -0.1046 0.9943
vn -0.0220 -0.5875 0.8089
vn -0.0502 -0.5870 0.8080
vn -0.0599 -0.1047 0.9927
vn -0.0599 -0.5867 0.8076
vn -0.0947 -0.0979 0.9907
vn -0.0948 -0.5901 0.8017
vn -0.4718 -0.3162 0.8231
vn -0.1075 -0.9082 0.4045
vn -0.4558 -0.8131 0.3622
vn -0.0599 -0.9119 0.4061
vn -0.0599 -0.5868 0.8075
vn -0.0502 -0.9124 0.4062
vn -0.0502 -0.5872 0.8079
vn -0.0220 -0.9133 0.4067
vn -0.0220 -0.5877 0.8088
vn -0.0325 -0.9129 0.4068
vn -0.0325 -0.5876 0.8085
vn -0.0505 -0.9124 0.4062
vn -0.0505 -0.5871 0.8079
vn -0.0580 -0.9120 0.4061
vn -0.0580 -0.5870 0.8075
vn -0.0669 -0.9115 0.4059
vn -0.0669 -0.5865 0.8072
vn -0.0260 -0.9132 0.4066
vn -0.0260 -0.5878 0.8086
vn 0.0200 -0.9133 0.4067
vn 0.0200 -0.5877 0.8088
vn 0.0938 -0.9093 0.4054
vn 0.0725 -0.9066 0.4157
vn -0.0947 -0.9907 -0.0978
vn -0.1075 -0.9083 0.4043
vn -0.4558 -0.8131 0.3620
vn -0.4719 -0.8231 -0.3159
vn -0.0599 -0.9927 -0.1043
vn -0.0599 -0.9119 0.4060
vn -0.0502 -0.9933 -0.1044
vn -0.0502 -0.9124 0.4061
vn -0.0220 -0.9943 -0.1045
vn -0.0220 -0.9133 0.4066
vn -0.0325 -0.9940 -0.1044
vn -0.0325 -0.9131 0.4065
vn -0.0505 -0.9933 -0.1044
vn -0.0505 -0.9124 0.4061
vn -0.0580 -0.9929 -0.1042
vn -0.0580 -0.9120 0.4060
vn -0.0669 -0.9923 -0.1043
vn -0.0669 -0.9115 0.4058
vn -0.0260 -0.9942 -0.1045
vn 0.0200 -0.9944 -0.1041
vn 0.0200 -0.9134 0.4066
vn 0.0950 -0.9895 -0.1085
vn 0.0959 -0.9884 -0.1178
vn 0.0724 -0.9067 0.4156
vn 0.1104 -0.7983 -0.5921
vn 0.0958 -0.9884 -0.1179
vn 0.0951 -0.9895 -0.1089
vn 0.0983 -0.8021 -0.5890
vn 0.0200 -0.9943 -0.1045
vn 0.0200 -0.8089 -0.5876
vn -0.0261 -0.8088 -0.5875
vn -0.0670 -0.8072 -0.5864
vn -0.0580 -0.9928 -0.1044
vn -0.0580 -0.8078 -0.5866
vn -0.0505 -0.9932 -0.1044
vn -0.0505 -0.8080 -0.5870
vn -0.0325 -0.9940 -0.1045
vn -0.0325 -0.8087 -0.5873
vn -0.0220 -0.9943 -0.1046
vn -0.0220 -0.8089 -0.5875
vn -0.0502 -0.8080 -0.5870
vn -0.0599 -0.9927 -0.1047
vn -0.0599 -0.8077 -0.5866
vn -0.0947 -0.9907 -0.0979
vn -0.0948 -0.8017 -0.5901
vn -0.4718 -0.8231 -0.3163
vn -0.1075 -0.4045 -0.9082
vn -0.4558 -0.3621 -0.8131
vn -0.0599 -0.4061 -0.9119
vn -0.0599 -0.8075 -0.5868
vn -0.0502 -0.4062 -0.9124
vn -0.0502 -0.8079 -0.5872
vn -0.0220 -0.4067 -0.9133
vn -0.0220 -0.8088 -0.5877
vn -0.0325 -0.4067 -0.9130
vn -0.0325 -0.8085 -0.5876
vn -0.0505 -0.4062 -0.9124
vn -0.0505 -0.8079 -0.5871
vn -0.0580 -0.4061 -0.9120
vn -0.0580 -0.8076 -0.5868
vn -0.0670 -0.4058 -0.9115
vn -0.0670 -0.8072 -0.5865
vn -0.0261 -0.4067 -0.9132
vn -0.0260 -0.8087 -0.5877
vn 0.0200 -0.4068 -0.9133
vn 0.0200 -0.8088 -0.5878
vn 0.1016 -0.4002 -0.9108
vn 0.0846 -0.3980 -0.9135
vn 0.0476 0.1154 -0.9922
vn 0.0846 -0.3977 -0.9136
vn -0.0022 -0.3583 0.9336
vn -0.0022 0.4067 0.9136
vn -0.0177 0.4067 0.9134
vn -0.0177 -0.3583 0.9334
vn -0.3940 0.3738 0.8397
vn -0.3940 -0.3293 0.8581
vn -1.0000 0.0001 -0.0000
vn -1.0000 0.0003 -0.0003
vn -0.3940 0.3739 0.8396
vn -0.3940 0.8581 0.3294
vn -0.0177 0.9334 0.3584
vn -0.0176 0.4067 0.9134
vn -0.0022 0.9336 0.3584
vn -0.0022 0.4069 0.9135
vn -1.0000 -0.0000 -0.0001
vn -0.3940 0.8397 -0.3738
vn -0.0177 0.9134 -0.4066
vn -0.0177 0.9335 0.3583
vn -0.0022 0.9136 -0.4067
vn -0.0022 0.9336 0.3583
vn -0.3940 0.8396 -0.3739
vn -0.3940 0.3294 -0.8581
vn -0.0177 0.3583 -0.9334
vn -0.0177 0.9134 -0.4067
vn -0.0022 0.3584 -0.9336
vn -0.0022 0.9135 -0.4069
vn -0.0022 -0.9135 0.4069
vn -0.0022 -0.3584 0.9336
vn -0.0177 -0.3584 0.9334
vn -0.0177 -0.9134 0.4067
vn -0.3940 -0.3295 0.8580
vn -0.3940 -0.8396 0.3740
vn -1.0000 0.0001 0.0001
vn -0.3940 -0.8397 0.3738
vn -1.0000 -0.0000 0.0001
vn -0.3940 -0.8581 -0.3294
vn -0.0177 -0.9334 -0.3583
vn -0.0022 -0.9336 -0.3583
vn -0.0022 -0.9136 0.4067
vn -0.3940 -0.8580 -0.3294
vn -1.0000 -0.0002 0.0001
vn -0.3940 -0.3740 -0.8396
vn -0.0177 -0.4067 -0.9134
vn -0.0177 -0.9334 -0.3584
vn -0.0022 -0.4069 -0.9135
vn -0.0022 -0.9336 -0.3584
vn -1.0000 -0.0001 -0.0000
vn -0.3940 0.3293 -0.8581
vn -0.3940 -0.3738 -0.8397
vn -0.0177 -0.4066 -0.9134
vn -0.0176 0.3583 -0.9334
vn -0.0022 -0.4067 -0.9136
vn -0.0022 0.3583 -0.9336
vn -0.7041 -0.2544 0.6629
vn -0.7041 0.2888 0.6487
vn -0.8561 0.2101 0.4721
vn -0.8562 -0.1851 0.4824
vn -0.6189 -0.2815 0.7333
vn -0.6189 0.3194 0.7176
vn -0.7041 -0.6487 0.2889
vn -0.7041 -0.2546 0.6629
vn -0.8562 -0.1852 0.4824
vn -0.8562 -0.4720 0.2103
vn -0.6189 -0.7176 0.3195
vn -0.7042 -0.6629 -0.2542
vn -0.7041 -0.6487 0.2888
vn -0.8562 -0.4721 0.2101
vn -0.8562 -0.4824 -0.1851
vn -0.6189 -0.7333 -0.2815
vn -0.6189 -0.7176 0.3194
vn -0.7041 -0.2889 -0.6487
vn -0.7041 -0.6629 -0.2546
vn -0.8562 -0.4824 -0.1852
vn -0.8562 -0.2103 -0.4720
vn -0.6189 -0.3195 -0.7176
vn 0.2701 -0.3450 0.8989
vn 0.2701 0.3916 0.8796
vn 0.3137 0.3861 0.8675
vn 0.3137 -0.3402 0.8865
vn 0.1119 -0.3561 0.9277
vn 0.1119 0.4042 0.9078
vn 0.0215 -0.3582 0.9334
vn 0.0215 0.4065 0.9134
vn -0.0246 -0.3568 0.9339
vn -0.0249 0.4065 0.9133
vn -0.0500 -0.3485 0.9360
vn -0.0510 -0.9123 0.4062
vn -0.0243 -0.9133 0.4066
vn -0.0423 0.4062 0.9128
vn 0.0215 -0.3583 0.9334
vn 0.0215 -0.9133 0.4067
vn 0.1119 -0.9078 0.4042
vn 0.2701 -0.3451 0.8989
vn 0.2701 -0.8796 0.3917
vn 0.3137 -0.3405 0.8864
vn 0.3137 -0.8674 0.3862
vn 0.0015 -0.3629 0.9318
vn 0.0007 -0.9135 0.4068
vn 0.0062 -0.0216 0.9997
vn 0.1601 -0.3537 0.9216
vn 0.1442 0.0056 0.9895
vn 0.2856 -0.3434 0.8947
vn 0.4581 0.4070 0.7903
vn 0.3662 -0.3335 0.8687
vn 0.3662 0.3785 0.8501
vn 1.0000 -0.0001 -0.0000
vn 0.1601 -0.9017 0.4015
vn 0.1601 -0.3539 0.9215
vn 0.0015 -0.3630 0.9318
vn 0.2856 -0.8755 0.3898
vn 0.2856 -0.3435 0.8947
vn 0.3662 -0.8501 0.3785
vn 0.1601 -0.9216 -0.3537
vn 0.1601 -0.9018 0.4015
vn 0.0007 -0.9136 0.4067
vn 0.2856 -0.8947 -0.3434
vn 0.3662 -0.8687 -0.3335
vn 1.0000 -0.0000 -0.0001
vn 0.0007 -0.9336 -0.3583
vn 0.3662 -0.3785 -0.8501
vn 0.2856 -0.8947 -0.3435
vn 0.2856 -0.3898 -0.8755
vn 0.1601 -0.9215 -0.3538
vn 0.1601 -0.4015 -0.9017
vn 0.0007 -0.9336 -0.3584
vn 0.0007 -0.4068 -0.9135
vn 0.0006 -0.9136 0.4066
vn -0.0510 -0.9324 -0.3579
vn -0.0510 -0.9124 0.4062
vn -0.0243 -0.9333 -0.3582
vn 0.0215 -0.9134 0.4065
vn 0.0215 -0.9334 -0.3582
vn 0.1119 -0.9277 -0.3561
vn 0.2701 -0.8796 0.3916
vn 0.2701 -0.8989 -0.3450
vn 0.3137 -0.8675 0.3860
vn 0.3137 -0.8865 -0.3402
vn 0.0006 -0.9336 -0.3584
vn -0.0510 -0.9323 -0.3579
vn -0.0510 -0.4062 -0.9123
vn -0.0243 -0.9333 -0.3583
vn -0.0243 -0.4066 -0.9133
vn 0.0215 -0.9334 -0.3583
vn 0.0215 -0.4067 -0.9133
vn 0.1119 -0.9277 -0.3562
vn 0.1119 -0.4042 -0.9078
vn 0.2701 -0.8989 -0.3451
vn 0.2701 -0.3917 -0.8796
vn 0.3137 -0.8864 -0.3404
vn 0.3137 -0.3862 -0.8674
vn 0.1601 -0.4014 -0.9018
vn 0.0007 -0.4066 -0.9136
vn 0.0007 0.3583 -0.9336
vn 0.1601 0.3535 -0.9216
vn -0.0510 -0.4062 -0.9124
vn -0.0510 0.3579 -0.9324
vn -0.0243 0.3582 -0.9333
vn -0.0243 -0.4065 -0.9133
vn 0.0215 0.3583 -0.9334
vn 0.0215 -0.4066 -0.9134
vn 0.1119 0.3561 -0.9277
vn 0.1119 -0.4041 -0.9078
vn 0.2701 0.3450 -0.8989
vn 0.2701 -0.3916 -0.8796
vn 0.3137 0.3402 -0.8865
vn 0.3137 -0.3861 -0.8675
vn 0.2856 0.3434 -0.8947
vn 0.3662 0.3334 -0.8687
vn 1.0000 0.0001 -0.0000
vn 0.3662 0.3335 -0.8687
vn 0.2856 0.3435 -0.8947
vn 0.2856 0.8755 -0.3898
vn 0.3662 0.8501 -0.3785
vn 0.1601 0.9017 -0.4015
vn 0.1601 0.3538 -0.9215
vn 0.0007 0.9135 -0.4068
vn 0.0007 0.3584 -0.9336
vn -0.0510 0.9123 -0.4063
vn -0.0243 0.9133 -0.4066
vn -0.0243 0.3583 -0.9333
vn 0.0215 0.9133 -0.4067
vn 0.0215 0.3583 -0.9333
vn 0.1119 0.9078 -0.4042
vn 0.1119 0.3562 -0.9277
vn 0.2701 0.8796 -0.3916
vn 0.2701 0.3451 -0.8988
vn 0.3137 0.8674 -0.3862
vn 0.3137 0.3404 -0.8864
vn -0.0003 -0.3584 0.9336
vn -0.0003 0.4067 0.9136
vn -0.0003 -0.3583 0.9336
vn -0.0003 -0.9135 0.4068
vn -0.0003 -0.9336 -0.3583
vn -0.0003 -0.9136 0.4067
vn -0.0003 -0.4067 -0.9135
vn -0.0003 -0.9336 -0.3584
vn -0.0003 -0.4068 -0.9135
vn -0.8908 -0.1628 0.4242
vn -0.8908 0.1848 0.4152
vn -0.8908 0.1848 0.4151
vn -0.8908 -0.4151 0.1848
vn -0.8908 -0.4151 0.1849
vn -0.8908 -0.4243 -0.1629
vn -0.8908 -0.1848 -0.4152
vn -0.8908 0.4242 0.1629
vn -0.8908 0.4243 0.1628
vn -0.8908 0.4152 -0.1846
vn -0.8908 0.4152 -0.1848
vn -0.8908 0.1628 -0.4243
vn -0.8908 0.1629 -0.4243
vn -0.8908 0.4151 -0.1849
vn -0.8908 0.4151 -0.1850
vn 0.8825 -0.1686 0.4391
vn 0.8825 0.1913 0.4297
vn 0.8825 -0.4297 0.1913
vn 0.8825 -0.4391 -0.1686
vn 0.8825 -0.4392 -0.1686
vn 0.8825 -0.1913 -0.4297
vn 0.8825 0.4391 0.1686
vn 0.8824 0.4392 0.1686
vn 0.8825 0.4297 -0.1912
vn 0.8824 0.4298 -0.1912
vn 0.8825 0.1686 -0.4391
vn 0.8825 0.1686 -0.4392
vn 0.8825 0.4297 -0.1914
vn -0.7041 0.6629 0.2545
vn -0.8561 0.4824 0.1852
vn -0.8562 0.2102 0.4720
vn -0.7041 0.2889 0.6487
vn -0.6189 0.7333 0.2815
vn -0.6189 0.3195 0.7176
vn -0.7041 0.6487 -0.2888
vn -0.8561 0.4721 -0.2101
vn -0.8562 0.4824 0.1851
vn -0.7041 0.6629 0.2544
vn -0.6189 0.7176 -0.3194
vn -0.7041 0.2545 -0.6629
vn -0.8561 0.1852 -0.4824
vn -0.8562 0.4720 -0.2103
vn -0.7041 0.6487 -0.2889
vn -0.6189 0.2815 -0.7333
vn -0.6189 0.7176 -0.3195
vn -0.7041 -0.2888 -0.6487
vn -0.8562 -0.2101 -0.4720
vn -0.8562 0.1851 -0.4824
vn -0.7042 0.2544 -0.6629
vn -0.6189 -0.3194 -0.7176
vn 0.2701 0.8989 0.3451
vn 0.3137 0.8864 0.3404
vn 0.3137 0.3862 0.8674
vn 0.1119 0.9277 0.3562
vn 0.0215 0.9333 0.3583
vn 0.0215 0.4067 0.9133
vn -0.0246 0.9327 0.3597
vn -0.0249 0.4066 0.9133
vn -0.0471 0.9507 0.3065
vn -0.0510 0.9124 -0.4062
vn -0.0243 0.9133 -0.4065
vn -0.0422 0.4064 0.9127
vn 0.0215 0.9334 0.3583
vn 0.0215 0.9134 -0.4066
vn 0.1119 0.9277 0.3561
vn 0.1119 0.9078 -0.4041
vn 0.2701 0.8989 0.3450
vn 0.3137 0.8865 0.3402
vn 0.3137 0.8675 -0.3860
vn 0.0006 0.9997 -0.0262
vn 0.0007 0.9136 -0.4066
vn 0.1601 0.9018 -0.4014
vn 0.1482 0.9886 -0.0259
vn 0.5019 0.7829 0.3676
vn 0.3662 0.8687 0.3335
vn 1.0000 -0.0000 0.0001
vn 0.5019 0.7829 0.3677
vn 0.4581 0.4071 0.7902
vn -0.0003 0.9336 0.3584
vn -0.0003 0.4068 0.9135
vn -0.0003 0.4067 0.9135
vn -0.0003 0.9136 -0.4067
vn -0.0003 0.9336 0.3583
vn -0.0003 0.3584 -0.9336
vn -0.0003 0.9135 -0.4068
vn -0.0003 0.9135 -0.4067
vn -0.0003 -0.4066 -0.9136
vn -0.0003 -0.4067 -0.9136
vn -0.0003 0.3583 -0.9336
vn -0.3338 0.7197 -0.6088
vn -0.4253 0.4652 -0.7763
vn -0.4268 0.4638 -0.7764
vn -0.3055 0.5254 -0.7941
vn -0.5149 0.3498 -0.7826
vn -0.5170 0.3462 -0.7829
vn -0.6377 0.2372 -0.7328
vn -0.6388 0.2366 -0.7321
vn -0.7771 0.1395 -0.6137
vn -0.7909 0.1284 -0.5984
vn -0.8745 0.0311 -0.4841
vn -0.8788 0.0241 -0.4766
vn -0.9242 -0.0886 -0.3716
vn -0.9224 -0.0813 -0.3776
vn -0.9384 -0.2179 -0.2680
vn -0.9383 -0.2261 -0.2616
vn -0.1198 0.7128 -0.6911
vn -0.1503 0.7437 -0.6514
vn -0.2100 0.6026 -0.7699
vn 0.1265 0.0044 -0.9920
vn 0.0349 -0.0164 -0.9993
vn -0.3500 0.5309 -0.7718
vn -0.5516 0.7948 -0.2531
vn -0.5187 0.4135 -0.7483
vn -0.7067 0.6935 -0.1401
vn -0.6261 0.2328 -0.7442
vn -0.8129 0.5483 -0.1965
vn -0.8960 0.3639 -0.2545
vn -0.7163 0.0639 -0.6949
vn -0.9513 0.1917 -0.2413
vn -0.7684 -0.1020 -0.6318
vn -0.9817 0.0343 -0.1871
vn -0.7935 -0.2760 -0.5424
vn -0.9878 -0.1111 -0.1092
vn -0.8062 -0.4243 -0.4124
vn -0.9727 -0.2313 -0.0204
vn -0.8044 -0.5327 -0.2629
vn -0.5233 -0.7092 -0.4724
vn -0.4904 -0.6263 -0.6060
vn -0.9405 -0.3349 0.0573
vn -0.7823 -0.6140 -0.1049
vn -0.4299 -0.5203 -0.7379
vn -0.3116 -0.2543 -0.9156
vn -0.2237 -0.1538 -0.9624
vn -0.0961 -0.0607 -0.9935
vn -0.5165 -0.8043 -0.2939
vn -0.6306 -0.7759 -0.0157
vn -0.8620 -0.5020 0.0705
vn -0.3701 -0.3801 -0.8477
vn -0.6698 -0.4771 -0.5690
vn -0.8478 -0.4302 -0.3102
vn -0.9040 -0.1955 -0.3802
vn -0.6476 -0.3460 -0.6788
vn -0.8837 -0.0814 -0.4609
vn -0.5816 -0.1660 -0.7964
vn -0.8356 0.0823 -0.5431
vn -0.5091 0.0148 -0.8606
vn -0.7837 0.2467 -0.5701
vn -0.4274 0.2238 -0.8759
vn -0.7230 0.4499 -0.5243
vn -0.3057 0.4457 -0.8414
vn -0.6214 0.6499 -0.4376
vn -0.4759 0.7640 -0.4358
vn -0.1821 0.5761 -0.7969
vn -0.0280 0.6114 -0.7908
vn 0.2213 0.1550 -0.9628
vn 0.1166 0.0729 -0.9905
vn 0.2449 0.1762 -0.9534
vn -0.0359 -0.0685 -0.9970
vn -0.1523 -0.2207 -0.9634
vn -0.2403 -0.3747 -0.8955
vn -0.3107 -0.5321 -0.7876
vn -0.0689 0.7493 -0.6586
vn 0.0078 0.7325 -0.6807
vn 0.0422 0.7710 -0.6355
vn 0.0728 0.6197 -0.7815
vn -0.3119 0.7486 -0.5850
vn -0.0405 0.6045 -0.7956
vn -0.1922 0.4876 -0.8517
vn -0.4866 0.6410 -0.5936
vn -0.2386 0.2803 -0.9298
vn -0.5716 0.4562 -0.6820
vn -0.6179 0.1982 -0.7609
vn -0.2928 0.0231 -0.9559
vn 0.1963 0.5850 -0.7869
vn -0.5958 -0.0416 -0.8020
vn -0.3651 -0.1714 -0.9151
vn 0.0627 -0.1634 -0.9846
vn -0.0509 -0.2799 -0.9587
vn -0.5182 -0.2216 -0.8260
vn -0.5076 -0.2424 -0.8268
vn 0.2468 0.1494 -0.9575
vn 0.1916 0.0188 -0.9813
vn 0.3357 0.2842 -0.8981
vn 0.3800 0.3278 -0.8649
vn 0.4074 0.3029 -0.8616
vn 0.4788 0.2861 -0.8300
vn 0.2776 0.6923 -0.6661
vn 0.5574 0.2870 -0.7791
vn 0.3310 0.7588 -0.5609
vn 0.6151 0.2697 -0.7409
vn 0.4127 0.7867 -0.4591
vn 0.6741 0.2129 -0.7073
vn 0.4900 0.7980 -0.3509
vn 0.4419 -0.6013 -0.6657
vn 0.5977 0.7629 -0.2463
vn 0.3878 0.8945 -0.2224
vn 0.4867 0.8679 -0.0997
vn 0.3174 0.8840 -0.3433
vn 0.2419 0.8540 -0.4605
vn 0.1732 0.8263 -0.5360
vn 0.0827 0.7605 -0.6440
vn 0.0114 0.7255 -0.6881
vn 0.5977 0.7630 -0.2462
vn 0.7291 -0.0583 -0.6819
vn 0.3494 -0.6020 -0.7180
vn 0.2100 -0.5303 -0.8214
vn 0.6423 -0.0232 -0.7661
vn 0.0748 -0.3313 -0.9406
vn 0.5069 0.1141 -0.8544
vn 0.2857 0.2343 -0.9292
vn 0.0314 -0.0273 -0.9991
vn 0.2012 0.2646 -0.9431
vn 0.0611 0.1581 -0.9855
vn 0.4417 -0.6014 -0.6657
vn 0.5953 0.8029 0.0302
vn 0.4868 0.8678 -0.0997
vn 0.5875 0.8090 0.0185
vn 0.6528 0.7434 0.1459
vn 0.5953 0.8029 0.0303
vn 0.6482 0.7499 0.1322
vn 0.6666 0.6951 0.2692
vn 0.6676 0.7049 0.2396
vn 0.6449 0.6405 0.4171
vn 0.6558 0.6600 0.3665
vn 0.4582 0.4070 0.7902
vn 0.5020 0.7829 0.3676
vn -0.9383 -0.2262 -0.2616
vn -0.9249 -0.3480 -0.1529
vn -0.9256 -0.3451 -0.1556
vn -0.9384 -0.2180 -0.2680
vn -0.8998 -0.4305 -0.0703
vn -0.9005 -0.4288 -0.0719
vn -0.8522 -0.5230 -0.0164
vn -0.8569 -0.5152 -0.0199
vn -0.7834 -0.6206 0.0329
vn -0.7639 -0.6436 0.0464
vn -0.6749 -0.7309 0.1015
vn -0.0719 -0.1764 -0.9817
vn -0.0160 -0.4496 -0.8931
vn 0.0748 -0.3311 -0.9406
vn 0.0313 -0.0273 -0.9991
vn 0.2100 -0.5301 -0.8215
vn 0.0996 -0.6238 -0.7752
vn 0.1950 -0.7240 -0.6617
vn 0.2440 -0.8027 -0.5442
vn 0.3089 -0.8338 -0.4576
vn 0.3104 -0.8335 -0.4571
vn 0.3992 -0.8124 -0.4251
vn 0.4013 -0.8118 -0.4243
vn 0.4887 -0.7858 -0.3791
vn 0.4879 -0.7860 -0.3797
vn 0.5551 -0.7753 -0.3014
vn 0.5522 -0.7750 -0.3074
vn 0.5882 -0.7915 -0.1660
vn 0.5878 -0.7905 -0.1721
vn 0.6222 -0.7828 0.0036
vn 0.6148 -0.7886 -0.0107
vn 0.7003 -0.7073 0.0965
vn 0.6874 -0.7212 0.0858
vn 0.8189 -0.5511 0.1601
vn 0.8071 -0.5696 0.1553
vn 0.8882 -0.4313 0.1582
vn 0.8893 -0.4293 0.1574
vn 0.9096 -0.4087 0.0748
vn 0.9088 -0.4117 0.0673
vn 0.8251 -0.5650 -0.0011
vn 0.8233 -0.5676 -0.0013
vn 0.5295 -0.8467 0.0523
vn 0.5213 -0.8515 0.0563
vn 0.0953 -0.9638 0.2491
vn 0.1011 -0.9638 0.2466
vn -0.2808 -0.8795 0.3843
vn -0.3457 -0.6425 -0.6839
vn -0.5766 -0.7094 -0.4052
vn -0.3610 -0.3716 -0.8553
vn 0.4169 -0.4715 0.7771
vn 0.4229 -0.4670 0.7766
vn 0.3909 -0.7050 0.5918
vn 0.3205 -0.5141 0.7956
vn 0.5139 -0.3729 0.7726
vn 0.5156 -0.3707 0.7725
vn 0.6439 -0.2534 0.7219
vn 0.6485 -0.2501 0.7189
vn 0.7805 -0.1451 0.6080
vn 0.7941 -0.1329 0.5931
vn 0.8755 -0.0327 0.4821
vn 0.8799 -0.0252 0.4744
vn 0.1546 -0.7215 0.6750
vn 0.2030 -0.7377 0.6439
vn 0.2404 -0.6203 0.7466
vn 0.3437 -0.5251 0.7786
vn 0.5945 -0.7995 0.0864
vn 0.5052 -0.4061 0.7615
vn 0.7007 -0.7117 0.0503
vn 0.6194 -0.2215 0.7532
vn 0.8097 -0.5665 0.1531
vn 0.8970 -0.3812 0.2236
vn 0.7117 -0.0533 0.7005
vn 0.9535 -0.2092 0.2171
vn 0.7641 0.1099 0.6357
vn 0.9848 -0.0507 0.1659
vn 0.7900 0.2818 0.5445
vn 0.9913 0.0959 0.0906
vn 0.8036 0.4289 0.4127
vn -0.0630 0.0047 0.9980
vn -0.1077 -0.0967 0.9895
vn 0.9766 0.2148 0.0045
vn 0.8045 0.5334 0.2615
vn 0.5071 0.7169 0.4784
vn 0.4744 0.6333 0.6115
vn 0.9456 0.3174 -0.0720
vn 0.7904 0.6056 0.0922
vn 0.4150 0.5293 0.7400
vn 0.3531 0.3937 0.8487
vn 0.2905 0.2761 0.9162
vn 0.4989 0.8164 0.2908
vn 0.6258 0.7799 0.0128
vn 0.8690 0.4882 -0.0803
vn 0.4660 -0.7538 0.4634
vn 0.1896 -0.5730 0.7973
vn 0.3055 -0.4415 0.8437
vn 0.6201 -0.6472 0.4435
vn 0.0300 -0.6120 0.7903
vn 0.7230 -0.4478 0.5260
vn 0.4298 -0.2188 0.8760
vn 0.7855 -0.2446 0.5684
vn 0.5132 -0.0089 0.8582
vn 0.8388 -0.0791 0.5386
vn 0.5891 0.1704 0.7899
vn 0.8869 0.0844 0.4541
vn 0.6584 0.3445 0.6691
vn 0.9064 0.1951 0.3748
vn 0.6829 0.4687 0.5603
vn 0.8566 0.4106 0.3126
vn -0.2341 -0.1490 0.9607
vn -0.1373 -0.0575 0.9889
vn -0.2176 -0.2204 0.9508
vn 0.0202 0.0838 0.9963
vn 0.1371 0.2361 0.9620
vn 0.2229 0.3903 0.8933
vn 0.2894 0.5481 0.7848
vn 0.3196 0.6580 0.6818
vn 0.5835 0.7112 0.3921
vn -0.1747 -0.6702 0.7213
vn -0.1306 -0.6958 0.7063
vn -0.1901 -0.6782 0.7099
vn -0.2105 -0.6719 0.7101
vn -0.2333 -0.6584 0.7156
vn -0.3068 -0.5998 0.7390
vn -0.0319 -0.6301 0.7759
vn 0.3497 -0.7490 0.5628
vn 0.1984 -0.4985 0.8439
vn 0.4880 -0.6449 0.5882
vn 0.2533 -0.2986 0.9202
vn 0.5822 -0.4499 0.6772
vn 0.6220 -0.1884 0.7600
vn 0.3025 -0.0213 0.9529
vn 0.5819 0.0687 0.8104
vn 0.3620 0.1814 0.9144
vn -0.1053 0.1810 0.9778
vn 0.0187 0.2970 0.9547
vn 0.4952 0.2347 0.8365
vn 0.4893 0.2500 0.8355
vn -0.3224 -0.1154 0.9395
vn -0.2406 0.0187 0.9704
vn -0.3910 -0.4121 0.8230
vn 0.3699 0.3672 0.8534
vn 0.9257 0.3453 0.1543
vn 0.9251 0.3481 0.1515
vn 0.9387 0.2256 0.2608
vn 0.9388 0.2185 0.2663
vn 0.9388 0.2184 0.2664
vn 0.9247 0.0879 0.3705
vn 0.9230 0.0810 0.3761
vn 0.8756 -0.0327 0.4820
vn 0.8800 -0.0252 0.4743
vn 0.9257 0.3453 0.1542
vn 0.9007 0.4286 0.0709
vn 0.9003 0.4297 0.0698
vn 0.8517 0.5237 0.0158
vn 0.8583 0.5128 0.0207
vn 0.7846 0.6191 -0.0321
vn 0.7624 0.6454 -0.0475
vn 0.6724 0.7330 -0.1030
vn 0.0566 0.0958 0.9938
vn 0.5052 -0.4062 0.7614
vn 0.1942 0.1850 0.9634
vn 0.1942 0.1850 0.9633
vn -0.4703 0.2252 0.8533
vn -0.1075 0.0554 0.9927
vn -0.0635 0.0406 0.9972
vn -0.2383 0.2489 0.9387
vn -0.6998 0.1995 0.6859
vn -0.4983 0.2993 0.8137
vn -0.8274 -0.0247 0.5611
vn -0.6855 0.1658 0.7089
vn -0.0637 -0.0165 0.9978
vn -0.9297 -0.0385 0.3663
vn -0.9293 -0.0372 0.3674
vn -0.9311 -0.0628 0.3592
vn -0.9313 -0.0625 0.3588
vn -0.9395 -0.0492 0.3391
vn -0.9096 -0.1788 0.3750
vn -0.8182 -0.4262 0.3859
vn -0.7985 -0.3236 0.5076
vn -0.6431 -0.6368 0.4252
vn -0.6527 -0.5618 0.5083
vn -0.7304 -0.0312 0.6824
vn -0.6756 -0.2337 0.6992
vn -0.5181 -0.6579 0.5465
vn -0.5975 -0.3564 0.7183
vn -0.4062 -0.6724 0.6187
vn -0.4182 -0.6499 0.6347
vn -0.2958 -0.6689 0.6820
vn -0.2868 -0.6669 0.6878
vn -0.3045 -0.6702 0.6769
vn -0.3852 -0.6953 0.6068
vn -0.4953 -0.7117 0.4982
vn -0.3606 0.7493 0.5555
vn -0.3545 0.7834 0.5105
vn -0.3549 0.7822 0.5121
vn -0.3606 0.7482 0.5569
vn -0.3725 0.7243 0.5802
vn -0.3732 0.7239 0.5803
vn -0.3826 0.6915 0.6127
vn -0.3825 0.6909 0.6134
vn -0.3512 0.6664 0.6577
vn -0.3514 0.6664 0.6576
vn -0.3205 0.6692 0.6704
vn -0.3206 0.6692 0.6704
vn -0.3137 0.6807 0.6620
vn -0.3354 0.6884 0.6432
vn -0.3355 0.6884 0.6431
vn -0.3584 0.6692 0.6509
vn -0.3584 0.6693 0.6509
vn -0.3718 0.6366 0.6756
vn -0.3716 0.6369 0.6754
vn -0.4003 0.5879 0.7029
vn -0.4008 0.5872 0.7033
vn -0.4083 0.5012 0.7630
vn -0.4084 0.5018 0.7625
vn -0.3972 0.4574 0.7956
vn -0.3972 0.4573 0.7957
vn 0.7896 -0.5955 0.1484
vn 0.6952 -0.6109 0.3788
vn 0.6925 -0.6109 0.3837
vn 0.7912 -0.5947 0.1426
vn 0.8240 -0.5553 -0.1121
vn 0.8239 -0.5530 -0.1237
vn 0.8113 -0.5138 -0.2788
vn 0.5071 -0.5765 0.6407
vn 0.4830 -0.7097 -0.5129
vn 0.5865 -0.7304 -0.3502
vn 0.5809 -0.7299 -0.3601
vn 0.6983 -0.7114 -0.0791
vn 0.6986 -0.7112 -0.0780
vn 0.7337 -0.6746 0.0814
vn 0.7336 -0.6747 0.0813
vn 0.8568 -0.5046 -0.1063
vn 0.8382 -0.5452 -0.0151
vn 0.8396 -0.5427 -0.0211
vn 0.7711 -0.6227 0.1329
vn 0.7684 -0.6251 0.1368
vn 0.5331 -0.7381 0.4136
vn 0.5445 -0.7358 0.4026
vn 0.2618 -0.7413 0.6180
vn 0.2618 -0.7414 0.6179
vn -0.2383 0.2489 0.9388
vn -0.0634 0.0406 0.9972
vn 0.0261 -0.0011 0.9997
vn -0.1401 0.1943 0.9709
vn -0.3453 0.3150 0.8841
vn -0.6854 0.1659 0.7090
vn -0.5061 0.3610 0.7833
vn -0.7303 -0.0308 0.6825
vn -0.5370 0.3609 0.7625
vn -0.6757 -0.2337 0.6992
vn -0.5345 0.3618 0.7638
vn -0.5976 -0.3565 0.7182
vn -0.5278 0.3848 0.7572
vn -0.4852 0.4323 0.7600
vn -0.4858 0.4305 0.7607
vn -0.4407 0.5350 0.7208
vn -0.4420 0.5326 0.7218
vn -0.4044 0.6631 0.6299
vn -0.4047 0.6651 0.6276
vn -0.3849 0.7467 0.5425
vn -0.3861 0.7456 0.5432
vn -0.3553 0.7871 0.5043
vn -0.3545 0.7891 0.5017
vn 0.0610 0.1579 -0.9856
vn -0.0690 0.0562 -0.9960
vn -0.0637 -0.0164 0.9978
vn -0.4101 0.9016 -0.1375
vn -0.2805 0.6803 -0.6771
vn 0.0611 0.9123 -0.4050
vn 0.0422 0.5889 -0.8071
vn -0.1133 0.7705 -0.6273
vn -0.1133 0.7704 -0.6274
vn -0.3431 0.8803 -0.3275
vn 0.0474 0.1154 -0.9922
vn -0.6496 0.3994 -0.6469
vn -0.2962 -0.4798 -0.8259
vn -0.1819 -0.3908 -0.9023
vn -0.5806 -0.0819 -0.8101
vn 0.1103 -0.7983 -0.5921
vn -0.6802 -0.5213 -0.5153
vn -0.3480 -0.9067 -0.2383
vn 0.0956 -0.9884 -0.1179
vn -0.1594 -0.8820 -0.4435
vn -0.2438 -0.9040 -0.3513
vn 0.0721 -0.9067 0.4156
vn -0.4710 -0.7256 0.5016
vn -0.3077 -0.5131 0.8013
vn 0.0706 -0.5796 0.8118
vn -0.1443 -0.6724 0.7260
vn -0.3397 -0.5675 0.7500
vn -0.4534 0.1270 0.8822
vn 0.0292 0.3190 0.9473
vn 0.0363 -0.1020 0.9941
vn -0.4534 0.1269 0.8822
vn -0.3211 0.0369 0.9463
vn 0.0292 0.3192 0.9472
vn -0.6036 0.4154 0.6805
vn 0.0607 0.8122 0.5802
vn -0.7072 0.6372 0.3063
vn -0.3211 0.0371 0.9463
vn 0.0607 0.8123 0.5801
vn -0.4995 0.8532 -0.1502
vn 0.0761 0.9909 0.1111
vn -0.1481 0.9820 -0.1171
vn -0.2212 0.9568 0.1886
vn 0.0611 0.9124 -0.4047
vn -0.6981 0.4435 -0.5622
vn -0.6870 0.4030 -0.6047
vn -0.2566 -0.6164 -0.7444
vn -0.3219 -0.5391 -0.7783
vn -0.7474 0.6277 -0.2176
vn -0.7505 0.6227 -0.2215
vn -0.7284 0.6707 -0.1401
vn -0.7078 0.4219 -0.5666
vn 0.2999 -0.9526 -0.0507
vn 0.3842 -0.9232 -0.0008
vn 0.3859 -0.9010 -0.1981
vn 0.4032 -0.9150 -0.0123
vn -0.2805 0.6804 -0.6771
vn -0.2804 0.6804 -0.6771
vn -0.4102 0.9016 -0.1374
vn -0.2803 0.6804 -0.6771
vn -0.1748 0.5886 -0.7893
vn -0.1132 0.7705 -0.6273
vn -0.1744 0.1533 -0.9727
vn -0.3659 0.2333 -0.9010
vn -0.4293 0.4812 -0.7643
vn -0.4203 0.2483 -0.8727
vn -0.2654 -0.0238 -0.9638
vn -0.0506 -0.3640 -0.9300
vn -0.4704 0.4719 -0.7457
vn -0.2806 0.6804 -0.6770
vn 0.3859 -0.9011 -0.1978
vn -0.3983 0.7374 -0.5455
vn -0.3382 0.7922 -0.5079
vn -0.1013 0.9911 -0.0858
vn 0.1045 0.9493 0.2965
vn -0.0806 0.9715 -0.2230
vn 0.3940 0.3590 0.8461
vn 0.4360 0.4240 0.7938
vn -0.3431 0.8804 -0.3274
vn -0.1133 0.7703 -0.6275
vn -0.7924 0.2774 -0.5433
vn -0.6497 0.3994 -0.6468
vn -0.5730 0.7821 -0.2449
vn -0.5215 0.7764 -0.3538
vn -0.6532 0.3544 -0.6691
vn -0.4846 0.7791 -0.3977
vn -0.2608 0.9573 0.1249
vn -0.2103 0.9450 0.2503
vn -0.5811 0.3860 -0.7165
vn 0.3381 0.4137 0.8453
vn 0.3388 0.4803 0.8090
vn -0.3432 0.8803 -0.3275
vn -0.5750 -0.3615 -0.7340
vn -0.6204 -0.3905 -0.6802
vn -0.1174 -0.9910 -0.0642
vn -0.0180 -0.9982 0.0574
vn -0.6687 -0.5335 -0.5179
vn 0.5309 -0.4446 0.7214
vn 0.5211 -0.4485 0.7261
vn 0.5088 -0.5666 0.6481
vn 0.5612 -0.4597 0.6883
vn -0.2962 -0.4797 -0.8259
vn -0.6498 0.3993 -0.6468
vn -0.3045 -0.2916 -0.9068
vn -0.1818 -0.3908 -0.9023
vn -0.1508 -0.7885 -0.5963
vn -0.3617 -0.6251 -0.6917
vn -0.4669 -0.3045 -0.8302
vn -0.3977 -0.5847 -0.7071
vn -0.1925 -0.8679 -0.4580
vn 0.0244 -0.9823 -0.1857
vn -0.4918 -0.3157 -0.8114
vn 0.5612 -0.4599 0.6881
vn -0.2962 -0.4798 -0.8258
vn 0.5088 -0.5667 0.6480
vn 0.0244 -0.9823 -0.1858
vn -0.5805 -0.0820 -0.8101
vn -0.3706 0.1760 -0.9119
vn -0.4375 0.1648 -0.8840
vn -0.4669 -0.3042 -0.8303
vn -0.5041 -0.0322 -0.8630
vn -0.4918 -0.3157 -0.8115
vn -0.3467 0.5800 -0.7372
vn -0.1865 0.8362 -0.5157
vn 0.0917 0.9954 -0.0260
vn 0.0309 0.9937 -0.1073
vn -0.8148 -0.5396 -0.2122
vn -0.8836 -0.1456 -0.4449
vn -0.8648 -0.0991 -0.4923
vn -0.3979 0.8499 -0.3454
vn -0.5761 0.6715 -0.4660
vn -0.7831 -0.5811 -0.2216
vn 0.0059 0.9978 -0.0654
vn 0.0540 0.9984 -0.0161
vn 0.0309 0.9938 -0.1072
vn 0.0918 0.9954 -0.0258
vn -0.5711 -0.8020 0.1752
vn -0.6312 -0.7648 0.1288
vn -0.1298 -0.5241 0.8417
vn -0.3178 -0.7174 0.6200
vn 0.2979 0.0977 0.9496
vn 0.4362 0.3975 0.8073
vn 0.4770 0.2985 0.8267
vn 0.4906 0.4476 0.7476
vn -0.3481 -0.9067 -0.2383
vn -0.3480 -0.9067 -0.2382
vn -0.6802 -0.5213 -0.5154
vn -0.2334 -0.9403 -0.2478
vn -0.1593 -0.8820 -0.4435
vn -0.2009 -0.8164 -0.5415
vn -0.3418 -0.8272 -0.4460
vn -0.3651 -0.9033 -0.2254
vn -0.3826 -0.8169 -0.4317
vn -0.1952 -0.6487 -0.7356
vn -0.0221 -0.4160 -0.9091
vn -0.3974 -0.8880 -0.2312
vn 0.3836 0.5357 -0.7522
vn 0.4272 0.3934 -0.8141
vn -0.2438 -0.9039 -0.3513
vn -0.3086 -0.9510 0.0200
vn -0.2613 -0.9624 0.0740
vn -0.0374 -0.8470 0.5302
vn 0.2425 -0.4629 0.8526
vn -0.1865 -0.9818 0.0363
vn 0.4906 0.4475 0.7477
vn 0.4770 0.2983 0.8267
vn 0.3838 0.5359 -0.7520
vn 0.3521 0.5292 -0.7720
vn -0.2438 -0.9040 -0.3512
vn 0.4199 0.5483 -0.7232
vn -0.2848 -0.2264 -0.9315
vn -0.3841 -0.3207 -0.8658
vn -0.7027 -0.6937 -0.1581
vn -0.6981 -0.6785 -0.2288
vn -0.7466 -0.6118 0.2615
vn -0.7484 -0.6061 0.2695
vn -0.7388 -0.6293 0.2412
vn -0.6714 -0.7045 -0.2298
vn -0.2438 -0.9039 -0.3515
vn -0.6889 -0.2671 0.6739
vn -0.7090 -0.3100 0.6335
vn -0.2499 0.5809 0.7747
vn -0.2786 0.5693 0.7735
vn -0.7229 -0.2880 0.6281
vn -0.3078 -0.5130 0.8013
vn 0.4322 0.8981 -0.0811
vn 0.4781 0.8716 -0.1086
vn 0.4813 0.8706 0.1018
vn 0.4981 0.8603 -0.1084
vn -0.3076 -0.5130 0.8014
vn -0.2784 -0.6167 0.7363
vn -0.2340 -0.3219 0.9174
vn -0.3921 -0.3768 0.8392
vn -0.4132 -0.5748 0.7063
vn -0.4246 -0.3937 0.8153
vn -0.2830 -0.0794 0.9558
vn 0.0136 0.3884 0.9214
vn -0.4371 -0.5742 0.6923
vn 0.4981 0.8604 -0.1081
vn -0.3078 -0.5131 0.8013
vn -0.2103 0.9451 0.2501
vn 0.5823 -0.5658 -0.5838
vn 0.5445 -0.5883 -0.5978
vn 0.5334 -0.6056 -0.5906
vn 0.5593 -0.5470 -0.6228
vn 0.5627 -0.4733 0.6778
vn 0.4348 -0.8971 -0.0788
vn 0.4775 -0.8574 -0.1919
vn 0.5393 -0.7667 -0.3484
vn 0.3718 -0.8037 0.4646
vn 0.4607 -0.8458 0.2692
vn 0.1117 -0.8144 0.5694
vn 0.0245 -0.7305 0.6825
vn -0.0795 -0.6665 0.7413
vn -0.5303 -0.1472 0.8349
vn -0.4269 -0.2412 0.8715
vn -0.7064 0.1913 0.6815
vn -0.2762 -0.4220 0.8635
vn -0.6187 0.0385 0.7847
vn -0.8011 0.4387 0.4071
vn -0.7637 0.3865 0.5171
vn -0.7806 0.6097 0.1372
vn -0.8011 0.5867 0.1183
vn -0.6049 0.6129 -0.5084
vn -0.6516 0.6130 -0.4469
vn -0.4997 0.8531 -0.1502
vn -0.7074 0.6371 0.3062
vn -0.1720 0.1983 -0.9649
vn 0.4049 -0.4566 -0.7922
vn -0.0414 0.0465 -0.9981
vn 0.5038 -0.5047 -0.7011
vn 0.4216 -0.1868 -0.8873
vn 0.5073 -0.4462 -0.7373
vn -0.4997 0.8531 -0.1503
vn -0.6037 0.4153 0.6805
vn -0.4996 0.8531 -0.1502
vn -0.3272 0.9449 -0.0080
vn -0.1480 0.9820 -0.1171
vn -0.2855 0.7994 -0.5287
vn -0.4508 0.8413 -0.2983
vn -0.5280 0.8490 0.0193
vn -0.4630 0.8498 -0.2520
vn -0.2730 0.7522 -0.5997
vn -0.1075 0.5812 -0.8067
vn -0.5315 0.8466 0.0295
vn 0.5074 -0.4462 -0.7372
vn -0.4996 0.8532 -0.1502
vn -0.1075 0.5812 -0.8066
vn -0.4893 0.8201 0.2968
vn -0.4659 0.8187 0.3356
vn -0.2608 0.6929 0.6722
vn -0.0404 0.4537 0.8902
vn -0.3075 0.7772 0.5490
vn 0.5111 -0.6335 0.5808
vn 0.5215 -0.5223 0.6747
vn -0.2213 0.9568 0.1887
vn -0.2211 0.9568 0.1886
vn -0.2211 0.9568 0.1887
vn -0.7284 0.6707 -0.1398
vn -0.4102 0.9016 -0.1375
vn -0.7060 0.6858 0.1769
vn -0.7330 0.6603 0.1635
vn -0.7474 0.6277 -0.2175
vn -0.7183 0.6432 0.2652
vn -0.2817 0.1171 0.9523
vn -0.3262 0.1592 0.9318
vn -0.7505 0.6227 -0.2214
vn 0.4872 -0.7387 0.4658
vn 0.5112 -0.6335 0.5808
vn 0.5045 -0.7500 0.4278
vn -0.2271 0.0377 0.9731
vn -0.2579 0.0469 0.9650
vn -0.0648 -0.3641 0.9291
vn 0.1144 -0.5334 0.8381
vn -0.2637 0.3721 0.8899
vn -0.2816 0.3622 0.8886
vn -0.1237 0.3605 0.9245
vn -0.0516 0.0240 0.9984
vn 0.4607 -0.8458 0.2691
vn 0.5627 -0.4734 0.6777
vn -0.1338 0.6100 0.7810
vn -0.1368 0.6772 0.7230
vn -0.2197 0.6376 0.7384
vn -0.2637 0.3722 0.8899
vn -0.2404 0.6107 0.7545
vn -0.2816 0.3624 0.8885
vn -0.1325 0.8308 0.5406
vn 0.0085 0.9584 0.2853
vn 0.4300 0.5169 -0.7402
vn 0.3400 0.8021 -0.4909
vn 0.5626 -0.4734 0.6778
vn -0.4532 0.1269 0.8823
vn -0.1339 0.6101 0.7809
vn -0.1021 0.9837 -0.1480
vn 0.1785 0.8320 -0.5252
vn -0.0488 0.9845 -0.1683
vn 0.2245 0.7930 -0.5663
vn 0.4401 0.2265 -0.8689
vn 0.4159 0.3025 -0.8576
vn -0.5419 0.7489 0.3815
vn -0.4889 0.7849 0.3807
vn -0.7282 0.1595 0.6665
vn -0.7047 0.0087 0.7094
vn -0.6200 -0.5017 0.6033
vn -0.5763 -0.5704 0.5852
vn -0.5834 -0.5293 0.6161
vn -0.6028 -0.4308 0.6716
vn -0.3398 -0.5676 0.7499
vn -0.3103 0.7144 0.6271
vn -0.3710 0.6370 0.6757
vn -0.3696 0.7044 0.6060
vn -0.3914 0.7019 0.5951
vn -0.8522 -0.2853 0.4386
vn -0.8563 -0.1534 0.4932
vn -0.3397 -0.5676 0.7499
vn -0.2485 -0.8329 -0.4945
vn -0.3355 -0.8366 -0.4330
vn 0.3923 -0.3643 -0.8446
vn 0.4217 -0.3314 -0.8440
vn 0.4253 -0.4899 -0.7610
vn 0.4661 -0.3139 -0.8272
vn -0.3398 -0.5678 0.7498
vn -0.2785 -0.6167 0.7363
vn -0.2131 -0.8785 0.4276
vn -0.3359 -0.7930 0.5083
vn 0.0969 -0.9549 -0.2805
vn -0.1480 -0.9750 0.1657
vn -0.3698 -0.7633 0.5298
vn -0.4371 -0.5742 0.6922
vn 0.4661 -0.3140 -0.8271
vn -0.3398 -0.5674 0.7501
vn 0.4253 -0.4900 -0.7610
vn 0.4301 0.5170 -0.7401
vn -0.0795 -0.6665 0.7412
vn -0.3212 0.0368 0.9463
vn -0.4535 0.1267 0.8822
vn 0.5392 -0.7667 -0.3485
vn -0.4535 0.1269 0.8822
vn -0.2652 -0.1005 0.9589
vn -0.2652 0.3920 0.8809
vn 0.0234 0.4066 0.9133
vn 0.0234 -0.1045 0.9943
vn 0.3010 0.3878 0.8712
vn 0.3010 -0.0997 0.9484
vn -0.2652 0.3923 0.8808
vn -0.2652 0.7799 0.5670
vn 0.0234 0.8086 0.5878
vn 0.0234 0.4069 0.9132
vn 0.3010 0.7714 0.5607
vn 0.3010 0.3879 0.8711
vn -0.2652 0.7801 0.5667
vn -0.2652 0.9589 0.1008
vn 0.0234 0.9942 0.1045
vn 0.0234 0.8088 0.5876
vn 0.3010 0.9484 0.0999
vn 0.3010 0.7715 0.5605
vn -0.2652 0.9589 0.1005
vn -0.2652 0.8809 -0.3920
vn 0.0234 0.9133 -0.4066
vn 0.0234 0.9943 0.1045
vn 0.3010 0.8712 -0.3878
vn 0.3010 0.9484 0.0997
vn -0.2652 -0.5667 0.7801
vn -0.2652 -0.1008 0.9589
vn 0.0234 -0.1045 0.9942
vn 0.0234 -0.5876 0.8088
vn 0.3010 -0.0999 0.9484
vn 0.3010 -0.5605 0.7715
vn -0.2652 -0.8808 0.3923
vn -0.2652 -0.5670 0.7799
vn 0.0234 -0.5878 0.8087
vn 0.0234 -0.9132 0.4069
vn 0.3010 -0.5607 0.7714
vn 0.3010 -0.8712 0.3879
vn -0.2652 -0.9589 -0.1005
vn -0.2652 -0.8809 0.3920
vn 0.0234 -0.9133 0.4066
vn 0.0234 -0.9943 -0.1045
vn 0.3010 -0.8712 0.3878
vn 0.3010 -0.9484 -0.0997
vn -0.2652 -0.7801 -0.5667
vn -0.2652 -0.9589 -0.1008
vn 0.0234 -0.9942 -0.1045
vn 0.0234 -0.8088 -0.5876
vn 0.3010 -0.9484 -0.0999
vn 0.3010 -0.7715 -0.5605
vn -0.2652 -0.3923 -0.8808
vn -0.2652 -0.7799 -0.5669
vn 0.0234 -0.8087 -0.5878
vn 0.0234 -0.4069 -0.9132
vn 0.3010 -0.7714 -0.5607
vn 0.3010 -0.3879 -0.8711
vn -0.2652 0.1005 -0.9589
vn -0.2652 -0.3920 -0.8809
vn 0.0234 -0.4066 -0.9133
vn 0.0234 0.1045 -0.9943
vn 0.3010 -0.3878 -0.8712
vn 0.3010 0.0997 -0.9484
vn -0.2652 0.5667 -0.7801
vn -0.2652 0.1008 -0.9589
vn 0.0234 0.1045 -0.9942
vn 0.0234 0.5876 -0.8088
vn 0.3010 0.0999 -0.9484
vn 0.3010 0.5605 -0.7715
vn -0.2652 0.8808 -0.3923
vn -0.2652 0.5669 -0.7799
vn 0.0234 0.5878 -0.8087
vn 0.0234 0.9132 -0.4069
vn 0.3010 0.5607 -0.7714
vn 0.3010 0.8711 -0.3880
vt 0.457568 0.060852
vt 0.445920 0.060852
vt 0.451744 0.009819
vt 0.434273 0.009819
vt 0.434273 0.060852
vt 0.457568 0.236084
vt 0.445920 0.236084
vt 0.434273 0.236084
vt 0.457568 0.288086
vt 0.445920 0.288086
vt 0.434273 0.288086
vt 0.457568 0.376709
vt 0.445920 0.376709
vt 0.434273 0.376709
vt 0.457568 0.457275
vt 0.445920 0.457275
vt 0.434273 0.457275
vt 0.457568 0.482422
vt 0.445920 0.482422
vt 0.434273 0.482422
vt 0.457568 0.666992
vt 0.445920 0.666992
vt 0.434273 0.666992
vt 0.457568 0.695312
vt 0.445920 0.695312
vt 0.434273 0.695312
vt 0.457568 0.767090
vt 0.445920 0.767090
vt 0.434273 0.767090
vt 0.457568 0.839844
vt 0.445920 0.839844
vt 0.434273 0.839844
vt 0.457568 0.914551
vt 0.445920 0.914551
vt 0.434537 0.914551
vt 0.458097 0.988281
vt 0.469215 0.988281
vt 0.469215 0.914551
vt 0.469215 0.839844
vt 0.469215 0.767090
vt 0.469215 0.695312
vt 0.469215 0.666992
vt 0.469215 0.482422
vt 0.469215 0.457275
vt 0.469215 0.376709
vt 0.469215 0.288086
vt 0.469215 0.235840
vt 0.469215 0.060883
vt 0.469215 0.009842
vt 0.480597 0.376709
vt 0.480597 0.287842
vt 0.480597 0.235596
vt 0.480597 0.060883
vt 0.486421 0.009857
vt 0.492245 0.060883
vt 0.503892 0.060883
vt 0.503892 0.009857
vt 0.503892 0.235718
vt 0.492245 0.235718
vt 0.492245 0.287842
vt 0.503892 0.287842
vt 0.492245 0.376709
vt 0.503892 0.376709
vt 0.503892 0.457275
vt 0.492245 0.457275
vt 0.480597 0.457275
vt 0.492245 0.482422
vt 0.480597 0.482422
vt 0.503892 0.482422
vt 0.492245 0.666992
vt 0.480597 0.666992
vt 0.503892 0.666992
vt 0.492245 0.695312
vt 0.480597 0.695312
vt 0.503892 0.695312
vt 0.492245 0.767090
vt 0.480597 0.767090
vt 0.503892 0.767090
vt 0.503892 0.839844
vt 0.492245 0.839844
vt 0.480597 0.839844
vt 0.503892 0.914551
vt 0.492245 0.914551
vt 0.480597 0.914551
vt 0.503892 0.988281
vt 0.492245 0.988281
vt 0.480332 0.988281
vt 0.515539 0.060883
vt 0.521363 0.009865
vt 0.515539 0.235840
vt 0.515539 0.287842
vt 0.515539 0.376709
vt 0.515539 0.457275
vt 0.515539 0.482422
vt 0.515539 0.666992
vt 0.515539 0.695312
vt 0.515539 0.767090
vt 0.515539 0.839844
vt 0.515539 0.914551
vt 0.515539 0.988281
vt 0.527186 0.988281
vt 0.526922 0.914551
vt 0.526922 0.839844
vt 0.526922 0.767090
vt 0.526922 0.695312
vt 0.526922 0.666992
vt 0.526922 0.482422
vt 0.526922 0.457275
vt 0.526922 0.376709
vt 0.526922 0.287842
vt 0.526922 0.235840
vt 0.526922 0.060883
vt 0.538569 0.060883
vt 0.538569 0.009865
vt 0.538569 0.235962
vt 0.538569 0.288086
vt 0.538569 0.376709
vt 0.538569 0.457275
vt 0.538569 0.482422
vt 0.538569 0.666992
vt 0.538569 0.695312
vt 0.538569 0.767578
vt 0.538569 0.839844
vt 0.538569 0.914551
vt 0.538569 0.988281
vt 0.411243 0.060852
vt 0.399596 0.060852
vt 0.399596 0.009819
vt 0.417067 0.009819
vt 0.411243 0.235962
vt 0.399596 0.235840
vt 0.411243 0.288086
vt 0.399596 0.287842
vt 0.411243 0.376709
vt 0.399596 0.376709
vt 0.411243 0.457275
vt 0.399596 0.457275
vt 0.411243 0.482422
vt 0.399596 0.482422
vt 0.411243 0.666992
vt 0.399596 0.666992
vt 0.411243 0.695312
vt 0.399596 0.695312
vt 0.411243 0.767090
vt 0.399596 0.767090
vt 0.411243 0.839844
vt 0.399596 0.839844
vt 0.411243 0.914551
vt 0.399596 0.914551
vt 0.411243 0.988281
vt 0.399596 0.988281
vt 0.423155 0.988281
vt 0.422890 0.914551
vt 0.422890 0.839844
vt 0.422890 0.767090
vt 0.422890 0.695312
vt 0.422890 0.666992
vt 0.422890 0.482422
vt 0.422890 0.457275
vt 0.422890 0.376709
vt 0.422890 0.288086
vt 0.422890 0.235962
vt 0.422890 0.060852
vt 0.434803 0.988281
vt 0.446450 0.988281
vt 0.149180 0.233032
vt 0.144019 0.233032
vt 0.144019 0.049713
vt 0.149180 0.049713
vt 0.144019 0.034332
vt 0.149180 0.034332
vt 0.154343 0.013489
vt 0.138989 0.034332
vt 0.138989 0.049713
vt 0.138989 0.233032
vt 0.134026 0.034332
vt 0.134026 0.049713
vt 0.134026 0.233032
vt 0.174857 0.034332
vt 0.169696 0.034332
vt 0.169696 0.049713
vt 0.174857 0.049713
vt 0.169696 0.232910
vt 0.174857 0.232910
vt 0.154343 0.233032
vt 0.154343 0.049713
vt 0.154343 0.034332
vt 0.159504 0.034332
vt 0.159504 0.049713
vt 0.159504 0.232910
vt 0.164666 0.034332
vt 0.164666 0.049713
vt 0.164666 0.232910
vt 0.079231 0.022018
vt 0.070032 0.022034
vt 0.070032 0.008331
vt 0.079231 0.008331
vt 0.079231 0.031403
vt 0.070032 0.031433
vt 0.088430 0.022034
vt 0.088430 0.008331
vt 0.088430 0.031433
vt 0.097628 0.022018
vt 0.097628 0.008331
vt 0.097628 0.031403
vt 0.106827 0.022018
vt 0.106827 0.008331
vt 0.106827 0.031433
vt 0.079231 0.051300
vt 0.070032 0.051331
vt 0.079231 0.075745
vt 0.070032 0.075745
vt 0.079231 0.133545
vt 0.070032 0.133545
vt 0.079231 0.259033
vt 0.070032 0.259033
vt 0.079231 0.411377
vt 0.088430 0.411377
vt 0.088430 0.259033
vt 0.070032 0.415527
vt 0.088430 0.133545
vt 0.088430 0.075745
vt 0.088430 0.051331
vt 0.079231 0.463379
vt 0.088430 0.463379
vt 0.070032 0.463379
vt 0.079231 0.494629
vt 0.070032 0.494629
vt 0.079231 0.511719
vt 0.070032 0.511719
vt 0.079231 0.532715
vt 0.070032 0.532715
vt 0.088430 0.576660
vt 0.088430 0.494629
vt 0.088430 0.511719
vt 0.088430 0.532715
vt 0.097628 0.494629
vt 0.097628 0.511719
vt 0.097628 0.532715
vt 0.097628 0.463379
vt 0.106827 0.532715
vt 0.106827 0.511719
vt 0.106827 0.494629
vt 0.106827 0.463379
vt 0.097628 0.411133
vt 0.097628 0.259033
vt 0.097628 0.133545
vt 0.097628 0.075684
vt 0.097628 0.051300
vt 0.106827 0.411133
vt 0.106827 0.259033
vt 0.106827 0.133545
vt 0.106827 0.075745
vt 0.106827 0.051300
vt 0.116026 0.463379
vt 0.116026 0.494629
vt 0.116026 0.411133
vt 0.116026 0.259033
vt 0.116026 0.133545
vt 0.116026 0.075684
vt 0.116026 0.051300
vt 0.116026 0.031433
vt 0.116026 0.511719
vt 0.116026 0.532715
vt 0.124563 0.511719
vt 0.124563 0.532715
vt 0.124563 0.494629
vt 0.124563 0.463379
vt 0.124563 0.411133
vt 0.124563 0.259033
vt 0.124563 0.133545
vt 0.124563 0.075684
vt 0.124563 0.051300
vt 0.124563 0.031403
vt 0.031798 0.580078
vt 0.029333 0.580078
vt 0.029333 0.004978
vt 0.031798 0.004978
vt 0.034280 0.580078
vt 0.034280 0.004978
vt 0.036745 0.580078
vt 0.036745 0.004978
vt 0.039227 0.580078
vt 0.039227 0.004978
vt 0.146666 0.463135
vt 0.146666 0.481201
vt 0.136475 0.481201
vt 0.136475 0.463135
vt 0.146666 0.445312
vt 0.136475 0.445312
vt 0.146666 0.427246
vt 0.136475 0.427246
vt 0.146533 0.409180
vt 0.136475 0.409180
vt 0.146666 0.498779
vt 0.136475 0.498779
vt 0.146666 0.516113
vt 0.136475 0.516113
vt 0.136475 0.391113
vt 0.146666 0.391113
vt 0.136475 0.373047
vt 0.146666 0.373047
vt 0.154343 0.463135
vt 0.154343 0.481201
vt 0.154343 0.445312
vt 0.154343 0.427246
vt 0.154343 0.409180
vt 0.154343 0.498779
vt 0.154343 0.516113
vt 0.154343 0.391113
vt 0.154343 0.373047
vt 0.061099 0.022034
vt 0.061099 0.008331
vt 0.061099 0.031433
vt 0.052131 0.022034
vt 0.052131 0.008331
vt 0.052131 0.031403
vt 0.116026 0.022034
vt 0.116026 0.008331
vt 0.124563 0.008331
vt 0.124563 0.022034
vt 0.061099 0.051331
vt 0.061099 0.075684
vt 0.061099 0.133545
vt 0.061099 0.259033
vt 0.061099 0.411377
vt 0.052131 0.411377
vt 0.052131 0.259033
vt 0.052131 0.133545
vt 0.052131 0.075745
vt 0.052131 0.051300
vt 0.061099 0.463379
vt 0.052131 0.463379
vt 0.052131 0.494629
vt 0.061099 0.494629
vt 0.052131 0.511719
vt 0.061099 0.511719
vt 0.061099 0.532715
vt 0.052131 0.532715
vt 0.026934 0.580078
vt 0.026934 0.004978
vt 0.024536 0.580078
vt 0.024536 0.004978
vt 0.041675 0.580078
vt 0.041675 0.004978
vt 0.044157 0.004978
vt 0.044157 0.580078
vt 0.273329 0.318115
vt 0.262873 0.322998
vt 0.261947 0.317139
vt 0.272800 0.313965
vt 0.254006 0.328369
vt 0.252682 0.320801
vt 0.245006 0.324707
vt 0.246462 0.333496
vt 0.238123 0.328125
vt 0.238520 0.337891
vt 0.229520 0.331055
vt 0.230049 0.342041
vt 0.221314 0.344727
vt 0.221314 0.332520
vt 0.214564 0.332764
vt 0.214167 0.346436
vt 0.282330 0.310791
vt 0.283389 0.322998
vt 0.274653 0.325684
vt 0.275182 0.329102
vt 0.265653 0.337891
vt 0.264330 0.330811
vt 0.255594 0.336670
vt 0.247653 0.343018
vt 0.239314 0.349121
vt 0.230447 0.355469
vt 0.222108 0.359863
vt 0.214432 0.361572
vt 0.206755 0.347656
vt 0.206622 0.361572
vt 0.206888 0.379639
vt 0.214829 0.381348
vt 0.199343 0.348633
vt 0.199740 0.359863
vt 0.222505 0.376465
vt 0.240241 0.361328
vt 0.248844 0.353516
vt 0.257314 0.345947
vt 0.199740 0.371826
vt 0.194049 0.358643
vt 0.193652 0.349854
vt 0.231240 0.369873
vt 0.222108 0.386230
vt 0.232432 0.383301
vt 0.241697 0.377441
vt 0.251226 0.368164
vt 0.260094 0.357910
vt 0.268565 0.347656
vt 0.277565 0.336914
vt 0.284977 0.331543
vt 0.279683 0.345215
vt 0.271344 0.357910
vt 0.286036 0.336670
vt 0.262741 0.370605
vt 0.253608 0.384033
vt 0.242888 0.395020
vt 0.233358 0.398438
vt 0.292918 0.327637
vt 0.292124 0.319580
vt 0.298477 0.318848
vt 0.294771 0.339111
vt 0.288947 0.347656
vt 0.283389 0.355225
vt 0.275447 0.368164
vt 0.267109 0.380859
vt 0.300330 0.332275
vt 0.256123 0.393799
vt 0.270947 0.392578
vt 0.259564 0.404297
vt 0.244741 0.401123
vt 0.287095 0.365234
vt 0.279683 0.378662
vt 0.292124 0.356201
vt 0.297153 0.348145
vt 0.302447 0.340332
vt 0.309065 0.332031
vt 0.307742 0.324951
vt 0.316742 0.324463
vt 0.315948 0.317627
vt 0.325212 0.317871
vt 0.324154 0.312012
vt 0.333948 0.312744
vt 0.333683 0.307129
vt 0.343213 0.309082
vt 0.343213 0.304199
vt 0.331566 0.289551
vt 0.342419 0.288574
vt 0.320977 0.293213
vt 0.312507 0.296143
vt 0.304300 0.300049
vt 0.296624 0.303711
vt 0.290535 0.306885
vt 0.353536 0.303223
vt 0.353007 0.307129
vt 0.362272 0.309814
vt 0.363331 0.305908
vt 0.370478 0.317627
vt 0.372331 0.314697
vt 0.378684 0.327637
vt 0.375772 0.328369
vt 0.382125 0.341064
vt 0.377625 0.335205
vt 0.353007 0.288574
vt 0.364390 0.292969
vt 0.374184 0.303955
vt 0.380537 0.320068
vt 0.385037 0.341064
vt 0.207020 0.332031
vt 0.199740 0.330811
vt 0.193652 0.329834
vt 0.186637 0.345459
vt 0.187167 0.328613
vt 0.180946 0.336182
vt 0.178431 0.328125
vt 0.016213 0.138916
vt 0.016213 0.142334
vt 0.011159 0.139648
vt 0.011159 0.134644
vt 0.011159 0.146606
vt 0.016213 0.148071
vt 0.011159 0.155518
vt 0.016213 0.155884
vt 0.011159 0.166748
vt 0.016213 0.167603
vt 0.011159 0.180298
vt 0.016213 0.180542
vt 0.011159 0.197754
vt 0.016213 0.198120
vt 0.011159 0.218018
vt 0.016213 0.217773
vt 0.011159 0.238037
vt 0.016213 0.237183
vt 0.011159 0.259277
vt 0.016213 0.258789
vt 0.011159 0.281250
vt 0.016213 0.279297
vt 0.011159 0.303467
vt 0.016213 0.301514
vt 0.011159 0.328613
vt 0.016213 0.327148
vt 0.011159 0.369629
vt 0.016213 0.369873
vt 0.011159 0.416992
vt 0.016213 0.417725
vt 0.011159 0.471924
vt 0.016213 0.471924
vt 0.011159 0.507324
vt 0.016213 0.507812
vt 0.011159 0.535156
vt 0.016213 0.535156
vt 0.011159 0.550781
vt 0.016213 0.552246
vt 0.222637 0.395996
vt 0.216285 0.388672
vt 0.250829 0.405518
vt 0.260094 0.519531
vt 0.260358 0.510742
vt 0.271080 0.515137
vt 0.270814 0.520996
vt 0.251888 0.507812
vt 0.250961 0.517578
vt 0.243549 0.515625
vt 0.244344 0.504883
vt 0.236799 0.513184
vt 0.236535 0.502441
vt 0.228461 0.512207
vt 0.228196 0.500977
vt 0.280477 0.521484
vt 0.280477 0.510254
vt 0.271741 0.509277
vt 0.261153 0.504395
vt 0.252814 0.500000
vt 0.244873 0.495850
vt 0.236402 0.492188
vt 0.227667 0.488525
vt 0.219726 0.500000
vt 0.219329 0.486328
vt 0.212711 0.500000
vt 0.211917 0.486328
vt 0.262344 0.497314
vt 0.272138 0.503906
vt 0.205564 0.500977
vt 0.204637 0.488281
vt 0.203314 0.471680
vt 0.211123 0.467529
vt 0.198284 0.501465
vt 0.198284 0.491455
vt 0.218667 0.470215
vt 0.227402 0.474609
vt 0.236535 0.480469
vt 0.197358 0.480957
vt 0.192990 0.494141
vt 0.192725 0.501953
vt 0.273859 0.495361
vt 0.264330 0.486816
vt 0.281006 0.499512
vt 0.253741 0.491455
vt 0.255726 0.478760
vt 0.245402 0.486084
vt 0.246594 0.470947
vt 0.236932 0.464600
vt 0.227800 0.461182
vt 0.218005 0.460693
vt 0.275182 0.487061
vt 0.266579 0.476562
vt 0.282065 0.493896
vt 0.257579 0.466309
vt 0.247917 0.455566
vt 0.237197 0.447754
vt 0.227402 0.447510
vt 0.217873 0.452881
vt 0.212711 0.459961
vt 0.289212 0.499023
vt 0.288418 0.522949
vt 0.294771 0.524414
vt 0.295830 0.503418
vt 0.297418 0.488770
vt 0.291859 0.483398
vt 0.283918 0.482666
vt 0.278359 0.475830
vt 0.270682 0.466553
vt 0.261153 0.455566
vt 0.250300 0.445312
vt 0.264064 0.444580
vt 0.252550 0.435791
vt 0.239182 0.441406
vt 0.281271 0.468262
vt 0.273329 0.456055
vt 0.286829 0.476074
vt 0.244476 0.436035
vt 0.207284 0.516602
vt 0.214299 0.514160
vt 0.220520 0.512695
vt 0.200270 0.520020
vt 0.194181 0.522461
vt 0.185975 0.508789
vt 0.188225 0.525879
vt 0.181475 0.520020
vt 0.180019 0.528809
vt 0.365978 0.493408
vt 0.367831 0.483398
vt 0.377625 0.486328
vt 0.372331 0.500977
vt 0.360154 0.502930
vt 0.363595 0.513672
vt 0.351948 0.510254
vt 0.353536 0.521973
vt 0.366772 0.473145
vt 0.381067 0.473145
vt 0.358831 0.498291
vt 0.363860 0.491211
vt 0.365184 0.483154
vt 0.364390 0.478516
vt 0.350625 0.503906
vt 0.339507 0.507812
vt 0.340566 0.514648
vt 0.330242 0.506348
vt 0.330507 0.517090
vt 0.342419 0.524902
vt 0.330771 0.527344
vt 0.320183 0.514160
vt 0.319389 0.526855
vt 0.311712 0.512695
vt 0.310654 0.526367
vt 0.303506 0.508789
vt 0.302447 0.524902
vt 0.304565 0.494629
vt 0.312507 0.499756
vt 0.321242 0.503418
vt 0.007693 0.439941
vt 0.007693 0.488525
vt 0.002638 0.488037
vt 0.002638 0.439453
vt 0.007693 0.393311
vt 0.002638 0.392822
vt 0.007693 0.351074
vt 0.002638 0.351074
vt 0.007693 0.310791
vt 0.002639 0.310791
vt 0.007693 0.261230
vt 0.002638 0.261230
vt 0.007693 0.214355
vt 0.002639 0.214233
vt 0.007693 0.177856
vt 0.002639 0.177856
vt 0.007693 0.138306
vt 0.002638 0.138306
vt 0.007693 0.102417
vt 0.002639 0.102539
vt 0.007693 0.073425
vt 0.002638 0.073242
vt 0.007693 0.043610
vt 0.002639 0.043884
vt 0.007693 0.004471
vt 0.002638 0.004536
vt 0.016213 0.746094
vt 0.016213 0.780762
vt 0.011159 0.781738
vt 0.011159 0.745605
vt 0.016213 0.713379
vt 0.011159 0.712891
vt 0.016213 0.680176
vt 0.011159 0.679688
vt 0.011159 0.799316
vt 0.016213 0.799316
vt 0.016213 0.831055
vt 0.011159 0.830566
vt 0.011159 0.863281
vt 0.016213 0.863281
vt 0.011159 0.886230
vt 0.016213 0.886230
vt 0.016213 0.590820
vt 0.011159 0.590332
vt 0.011159 0.634766
vt 0.016213 0.634766
vt 0.011159 0.663086
vt 0.016213 0.662598
vt 0.007693 0.859375
vt 0.007693 0.875488
vt 0.002638 0.880371
vt 0.002638 0.862305
vt 0.007693 0.833008
vt 0.002638 0.835449
vt 0.007693 0.800293
vt 0.002638 0.800293
vt 0.007693 0.763672
vt 0.002638 0.764160
vt 0.007693 0.723145
vt 0.002638 0.723633
vt 0.007693 0.681641
vt 0.002638 0.682129
vt 0.007693 0.649414
vt 0.002638 0.649902
vt 0.007693 0.617188
vt 0.002638 0.617188
vt 0.007693 0.587402
vt 0.002638 0.586914
vt 0.007693 0.561523
vt 0.002638 0.562012
vt 0.007693 0.529297
vt 0.002638 0.528809
vt 0.011159 0.131836
vt 0.016213 0.137451
vt 0.007693 0.887695
vt 0.003789 0.893555
vt 0.002638 0.895996
vt 0.384507 0.266602
vt 0.377890 0.264648
vt 0.384507 0.149780
vt 0.368890 0.149780
vt 0.369419 0.260254
vt 0.362801 0.255127
vt 0.352213 0.149780
vt 0.356183 0.249634
vt 0.350625 0.244263
vt 0.335801 0.149780
vt 0.344536 0.239990
vt 0.338448 0.235596
vt 0.319124 0.149780
vt 0.329713 0.235962
vt 0.321772 0.235962
vt 0.302447 0.149780
vt 0.313301 0.243408
vt 0.305359 0.250732
vt 0.286036 0.149780
vt 0.297153 0.266602
vt 0.287095 0.276611
vt 0.269491 0.149780
vt 0.277830 0.277344
vt 0.268829 0.274170
vt 0.253344 0.149780
vt 0.257314 0.270752
vt 0.236667 0.149780
vt 0.240770 0.263672
vt 0.229785 0.259521
vt 0.219990 0.149780
vt 0.218931 0.259277
vt 0.206358 0.263184
vt 0.203446 0.149780
vt 0.199211 0.265869
vt 0.191402 0.268311
vt 0.187431 0.149780
vt 0.187431 0.266357
vt 0.366507 0.709473
vt 0.365448 0.762695
vt 0.359889 0.762695
vt 0.362801 0.709473
vt 0.383184 0.709473
vt 0.383184 0.762695
vt 0.383184 0.651367
vt 0.368360 0.661133
vt 0.357242 0.709473
vt 0.355125 0.762695
vt 0.348242 0.762695
vt 0.350095 0.709473
vt 0.355125 0.602051
vt 0.383184 0.594727
vt 0.331301 0.678223
vt 0.330771 0.597656
vt 0.337919 0.683105
vt 0.345331 0.709473
vt 0.331830 0.709473
vt 0.344007 0.762695
vt 0.346389 0.762695
vt 0.346124 0.709473
vt 0.331830 0.762695
vt 0.318860 0.762695
vt 0.318860 0.709473
vt 0.315948 0.762695
vt 0.317801 0.709473
vt 0.325212 0.683594
vt 0.313036 0.709473
vt 0.313301 0.762695
vt 0.310124 0.599121
vt 0.277300 0.651855
vt 0.279947 0.594727
vt 0.290271 0.665527
vt 0.292653 0.709473
vt 0.278888 0.709473
vt 0.292653 0.762695
vt 0.298477 0.762695
vt 0.299271 0.709473
vt 0.278888 0.762695
vt 0.304830 0.709473
vt 0.302183 0.762695
vt 0.266183 0.762695
vt 0.265785 0.709473
vt 0.260094 0.762695
vt 0.260358 0.709473
vt 0.265388 0.662598
vt 0.255461 0.709473
vt 0.255065 0.762695
vt 0.244741 0.762695
vt 0.246594 0.709473
vt 0.253079 0.600098
vt 0.233358 0.667969
vt 0.232829 0.593750
vt 0.237726 0.676758
vt 0.237726 0.709473
vt 0.226873 0.709473
vt 0.238388 0.762695
vt 0.241697 0.762695
vt 0.241961 0.709473
vt 0.226873 0.762695
vt 0.213505 0.592773
vt 0.223167 0.683594
vt 0.214961 0.709473
vt 0.217078 0.762695
vt 0.215623 0.762695
vt 0.214829 0.709473
vt 0.210858 0.709473
vt 0.214432 0.762695
vt 0.177769 0.709473
vt 0.181740 0.583496
vt 0.187034 0.709473
vt 0.188755 0.762695
vt 0.199872 0.762695
vt 0.194843 0.709473
vt 0.177769 0.762695
vt 0.203049 0.709473
vt 0.206358 0.762695
vt 0.167048 0.762695
vt 0.166387 0.709473
vt 0.156725 0.762695
vt 0.160034 0.709473
vt 0.154475 0.709473
vt 0.152622 0.762695
vt 0.147989 0.762695
vt 0.149975 0.709473
vt 0.152886 0.588379
vt 0.127872 0.678223
vt 0.132769 0.585938
vt 0.113974 0.589355
vt 0.119864 0.680176
vt 0.111459 0.709473
vt 0.127342 0.709473
vt 0.107489 0.762695
vt 0.105834 0.762695
vt 0.109871 0.709473
vt 0.127342 0.762695
vt 0.106232 0.709473
vt 0.104379 0.762695
vt 0.144416 0.762695
vt 0.145342 0.709473
vt 0.145740 0.762695
vt 0.145872 0.709473
vt 0.137269 0.681641
vt 0.100275 0.709473
vt 0.101599 0.762695
vt 0.099547 0.762695
vt 0.096702 0.709473
vt 0.093989 0.709473
vt 0.093856 0.762695
vt 0.074135 0.709473
vt 0.074135 0.762695
vt 0.076848 0.652344
vt 0.098224 0.655762
vt 0.086246 0.588379
vt 0.062521 0.762695
vt 0.064010 0.709473
vt 0.057624 0.762695
vt 0.060006 0.709473
vt 0.062488 0.666992
vt 0.048690 0.599121
vt 0.055738 0.709473
vt 0.054183 0.762695
vt 0.045183 0.762695
vt 0.047730 0.709473
vt 0.027497 0.674316
vt 0.027497 0.599609
vt 0.036447 0.679199
vt 0.043264 0.709473
vt 0.027497 0.709473
vt 0.040980 0.762695
vt 0.043694 0.762695
vt 0.045018 0.709473
vt 0.027497 0.762695
vt 0.206226 0.992188
vt 0.202784 0.992188
vt 0.205299 0.938965
vt 0.209270 0.938965
vt 0.259432 0.805664
vt 0.200667 0.992188
vt 0.199740 0.938965
vt 0.219461 0.877441
vt 0.210196 0.992188
vt 0.211123 0.938965
vt 0.198417 0.992188
vt 0.195637 0.938965
vt 0.213770 0.851074
vt 0.197755 0.860840
vt 0.207284 0.770996
vt 0.190211 0.938965
vt 0.181872 0.938965
vt 0.192858 0.992188
vt 0.185711 0.992188
vt 0.168239 0.938965
vt 0.168239 0.992188
vt 0.149446 0.992188
vt 0.149710 0.938965
vt 0.136541 0.992188
vt 0.139122 0.938965
vt 0.094386 0.807617
vt 0.136011 0.785156
vt 0.131114 0.938965
vt 0.123901 0.938965
vt 0.127276 0.992188
vt 0.123107 0.992188
vt 0.119136 0.992188
vt 0.115165 0.938965
vt 0.172210 0.774902
vt 0.087106 0.916992
vt 0.071753 0.809570
vt 0.096768 0.927734
vt 0.106232 0.938965
vt 0.097761 0.938965
vt 0.114305 0.992188
vt 0.117415 0.992188
vt 0.111989 0.938965
vt 0.097761 0.992188
vt 0.079363 0.992188
vt 0.084194 0.938965
vt 0.077312 0.992188
vt 0.077907 0.938965
vt 0.081746 0.927246
vt 0.069702 0.938965
vt 0.074334 0.992188
vt 0.046871 0.818848
vt 0.026570 0.888184
vt 0.026570 0.814941
vt 0.043528 0.900391
vt 0.040650 0.938965
vt 0.026570 0.938965
vt 0.043330 0.992188
vt 0.052098 0.992188
vt 0.048723 0.938965
vt 0.026570 0.992188
vt 0.054646 0.938965
vt 0.056797 0.992188
vt 0.227534 0.938965
vt 0.217211 0.992188
vt 0.214696 0.992188
vt 0.217344 0.938965
vt 0.240638 0.938965
vt 0.240373 0.992188
vt 0.247520 0.911133
vt 0.235873 0.919434
vt 0.285506 0.801758
vt 0.255461 0.915527
vt 0.251359 0.938965
vt 0.260624 0.992188
vt 0.265388 0.992188
vt 0.260226 0.938965
vt 0.266579 0.938965
vt 0.271874 0.992188
vt 0.254138 0.782227
vt 0.284712 0.938965
vt 0.278359 0.938965
vt 0.286829 0.992188
vt 0.282330 0.992188
vt 0.279418 0.992188
vt 0.272800 0.938965
vt 0.289477 0.938965
vt 0.293447 0.992188
vt 0.295300 0.938965
vt 0.295830 0.992188
vt 0.302977 0.938965
vt 0.302183 0.992188
vt 0.313301 0.938965
vt 0.313301 0.992188
vt 0.317007 0.830078
vt 0.353007 0.835938
vt 0.324683 0.938965
vt 0.328124 0.992188
vt 0.334213 0.992188
vt 0.333419 0.938965
vt 0.344271 0.992188
vt 0.342154 0.938965
vt 0.351419 0.992188
vt 0.349566 0.938965
vt 0.354860 0.938965
vt 0.357507 0.992188
vt 0.369154 0.992188
vt 0.364390 0.938965
vt 0.382390 0.915527
vt 0.382390 0.829102
vt 0.373655 0.924805
vt 0.372596 0.938965
vt 0.382390 0.938965
vt 0.371007 0.938965
vt 0.370213 0.992188
vt 0.370743 0.992188
vt 0.382390 0.992188
vt 0.253476 0.117798
vt 0.237064 0.117798
vt 0.237064 0.071411
vt 0.253476 0.071411
vt 0.237064 0.025223
vt 0.253476 0.025223
vt 0.220652 0.117798
vt 0.220652 0.071411
vt 0.220652 0.025223
vt 0.204108 0.117798
vt 0.204108 0.071411
vt 0.204108 0.025223
vt 0.187696 0.117798
vt 0.187696 0.071411
vt 0.187696 0.025223
vt 0.270021 0.117798
vt 0.270021 0.071411
vt 0.270021 0.025223
vt 0.286565 0.117798
vt 0.286565 0.071411
vt 0.286565 0.025223
vt 0.302977 0.117798
vt 0.302977 0.071411
vt 0.302977 0.025223
vt 0.319389 0.117798
vt 0.319389 0.071411
vt 0.319389 0.025223
vt 0.335801 0.117798
vt 0.335801 0.071411
vt 0.335801 0.025223
vt 0.352213 0.117798
vt 0.352213 0.071411
vt 0.352213 0.025223
vt 0.368625 0.117798
vt 0.368625 0.071411
vt 0.368625 0.025223
vt 0.385302 0.117798
vt 0.385302 0.071411
vt 0.385302 0.025223
s 1
usemtl mat1.004
f 1391/1020/1374 1390/1021/1375 1389/1022/1376
f 1389/1022/1376 1390/1021/1375 1392/1023/1377
f 1390/1021/1375 1393/1024/1378 1392/1023/1377
f 1391/1020/1374 1394/1025/1379 1390/1021/1375
f 1394/1025/1379 1395/1026/1380 1390/1021/1375
f 1390/1021/1375 1396/1026/1381 1393/1024/1378
f 1396/1026/1381 1397/1027/1382 1393/1024/1378
f 1394/1025/1379 1398/1028/1383 1395/1026/1380
f 1398/1028/1383 1399/1029/1384 1395/1026/1380
f 1396/1026/1381 1400/1029/1384 1397/1027/1382
f 1400/1029/1384 1401/1030/1385 1397/1027/1382
f 1398/1028/1383 1402/1031/1386 1399/1029/1384
f 1402/1031/1386 1403/1032/1387 1399/1029/1384
f 1400/1029/1384 1403/1032/1388 1401/1030/1385
f 1403/1032/1388 1404/1033/1389 1401/1030/1385
f 1402/1031/1386 1405/1034/1390 1403/1032/1387
f 1405/1034/1390 1406/1035/1391 1403/1032/1387
f 1403/1032/1388 1407/1035/1392 1404/1033/1389
f 1407/1035/1392 1408/1036/1393 1404/1033/1389
f 1405/1034/1390 1409/1037/1394 1406/1035/1391
f 1409/1037/1394 1410/1038/1395 1406/1035/1391
f 1407/1035/1392 1411/1038/1396 1408/1036/1393
f 1411/1038/1396 1412/1039/1397 1408/1036/1393
f 1409/1037/1394 1413/1040/1398 1410/1038/1395
f 1413/1040/1398 1414/1041/1399 1410/1038/1395
f 1411/1038/1396 1415/1041/1400 1412/1039/1397
f 1415/1041/1400 1416/1042/1401 1412/1039/1397
f 1413/1040/1398 1417/1043/1402 1414/1041/1399
f 1417/1043/1402 1418/1044/1403 1414/1041/1399
f 1415/1041/1400 1419/1044/1404 1416/1042/1401
f 1419/1044/1404 1420/1045/1405 1416/1042/1401
f 1417/1043/1402 1421/1046/1406 1418/1044/1403
f 1421/1046/1406 1422/1047/1407 1418/1044/1403
f 1419/1044/1404 1423/1047/1408 1420/1045/1405
f 1423/1047/1408 1424/1048/1409 1420/1045/1405
f 1421/1046/1406 1425/1049/1410 1422/1047/1407
f 1425/1049/1410 1426/1050/1411 1422/1047/1407
f 1423/1047/1408 1427/1050/1412 1424/1048/1409
f 1427/1050/1412 1428/1051/1413 1424/1048/1409
f 1425/1049/1410 1429/1052/1414 1426/1050/1411
f 1429/1052/1414 1430/1053/1415 1426/1050/1411
f 1427/1050/1412 1430/1053/1415 1428/1051/1413
f 1430/1053/1415 1431/1054/1416 1428/1051/1413
f 1429/1052/1414 1432/1055/1417 1430/1053/1415
f 1433/1056/1418 1432/1055/1417 1429/1052/1414
f 1434/1057/1419 1433/1056/1418 1429/1052/1414
f 1434/1057/1419 1429/1052/1414 1435/1049/1420
f 1436/1058/1421 1434/1057/1419 1435/1049/1420
f 1436/1058/1421 1435/1049/1420 1437/1046/1422
f 1438/1059/1423 1436/1058/1421 1437/1046/1422
f 1438/1059/1423 1437/1046/1422 1439/1043/1424
f 1440/1060/1425 1438/1059/1423 1439/1043/1424
f 1440/1060/1425 1439/1043/1424 1441/1040/1426
f 1442/1061/1427 1440/1060/1425 1441/1040/1426
f 1442/1061/1427 1441/1040/1426 1443/1037/1428
f 1444/1062/1429 1442/1061/1427 1443/1037/1428
f 1444/1062/1429 1443/1037/1428 1445/1034/1430
f 1446/1063/1431 1444/1062/1429 1445/1034/1430
f 1446/1063/1431 1445/1034/1430 1402/1031/1432
f 1447/1064/1433 1446/1063/1431 1402/1031/1432
f 1447/1064/1433 1402/1031/1432 1448/1028/1434
f 1449/1065/1435 1447/1064/1433 1448/1028/1434
f 1449/1065/1435 1448/1028/1434 1450/1025/1436
f 1451/1066/1437 1449/1065/1435 1450/1025/1436
f 1451/1066/1437 1450/1025/1436 1391/1020/1438
f 1452/1067/1439 1451/1066/1437 1391/1020/1438
f 1452/1067/1439 1391/1020/1438 1453/1022/1440
f 1454/1068/1441 1452/1067/1439 1453/1022/1440
f 1456/1069/1442 1447/1064/1443 1455/1065/1444
f 1457/1070/1445 1456/1069/1442 1455/1065/1444
f 1457/1070/1445 1455/1065/1444 1458/1066/1446
f 1459/1071/1447 1457/1070/1445 1458/1066/1446
f 1459/1071/1447 1458/1066/1446 1460/1067/1448
f 1461/1072/1449 1459/1071/1447 1460/1067/1448
f 1461/1072/1449 1460/1067/1448 1462/1068/1450
f 1463/1073/1451 1461/1072/1449 1462/1068/1450
f 1465/1074/1452 1461/1072/1453 1464/1073/1454
f 1466/1075/1455 1465/1074/1452 1464/1073/1454
f 1467/1076/1456 1466/1075/1455 1464/1073/1454
f 1466/1075/1455 1468/1077/1457 1465/1074/1452
f 1468/1077/1457 1469/1078/1458 1465/1074/1452
f 1465/1074/1452 1470/1078/1459 1461/1072/1453
f 1470/1078/1459 1471/1071/1460 1461/1072/1453
f 1470/1078/1459 1472/1079/1461 1471/1071/1460
f 1472/1079/1461 1473/1070/1445 1471/1071/1460
f 1468/1077/1457 1474/1080/1462 1469/1078/1458
f 1474/1080/1462 1475/1079/1463 1469/1078/1458
f 1472/1079/1461 1476/1081/1464 1473/1070/1445
f 1476/1081/1464 1456/1069/1465 1473/1070/1445
f 1477/1082/1466 1476/1081/1467 1475/1079/1463
f 1474/1080/1462 1477/1082/1466 1475/1079/1463
f 1477/1082/1466 1478/1083/1468 1476/1081/1467
f 1478/1083/1468 1479/1084/1469 1476/1081/1467
f 1476/1081/1464 1480/1084/1470 1456/1069/1465
f 1480/1084/1470 1481/1085/1471 1456/1069/1465
f 1480/1084/1470 1482/1086/1472 1481/1085/1471
f 1482/1086/1472 1483/1087/1473 1481/1085/1471
f 1478/1083/1468 1484/1088/1474 1479/1084/1469
f 1484/1088/1474 1485/1086/1475 1479/1084/1469
f 1482/1086/1472 1486/1089/1476 1483/1087/1473
f 1486/1089/1476 1487/1090/1477 1483/1087/1473
f 1488/1091/1478 1486/1089/1479 1485/1086/1475
f 1484/1088/1474 1488/1091/1478 1485/1086/1475
f 1486/1089/1476 1489/1092/1480 1487/1090/1477
f 1489/1092/1480 1490/1093/1481 1487/1090/1477
f 1488/1091/1478 1491/1094/1482 1486/1089/1479
f 1491/1094/1482 1492/1092/1483 1486/1089/1479
f 1489/1092/1480 1493/1095/1484 1490/1093/1481
f 1493/1095/1484 1494/1096/1485 1490/1093/1481
f 1491/1094/1482 1495/1097/1486 1492/1092/1483
f 1495/1097/1486 1496/1095/1487 1492/1092/1483
f 1495/1097/1486 1497/1098/1488 1496/1095/1487
f 1497/1098/1488 1498/1099/1489 1496/1095/1487
f 1493/1095/1484 1499/1099/1490 1494/1096/1485
f 1499/1099/1490 1500/1100/1491 1494/1096/1485
f 1497/1098/1488 1501/1101/1492 1498/1099/1489
f 1501/1101/1492 1502/1102/1493 1498/1099/1489
f 1499/1099/1490 1503/1102/1493 1500/1100/1491
f 1503/1102/1493 1504/1103/1494 1500/1100/1491
f 1501/1101/1492 1505/1104/1495 1502/1102/1493
f 1505/1104/1495 1506/1105/1496 1502/1102/1493
f 1503/1102/1493 1506/1105/1497 1504/1103/1494
f 1506/1105/1497 1507/1106/1498 1504/1103/1494
f 1504/1103/1494 1507/1106/1498 1508/1057/1499
f 1504/1103/1494 1508/1057/1499 1509/1058/1500
f 1510/1100/1491 1504/1103/1494 1509/1058/1500
f 1510/1100/1491 1509/1058/1500 1511/1059/1501
f 1512/1096/1502 1510/1100/1491 1511/1059/1501
f 1512/1096/1502 1511/1059/1501 1513/1060/1503
f 1514/1093/1504 1512/1096/1502 1513/1060/1503
f 1514/1093/1504 1513/1060/1503 1515/1061/1505
f 1516/1090/1506 1514/1093/1504 1515/1061/1505
f 1516/1090/1506 1515/1061/1505 1517/1062/1507
f 1518/1087/1508 1516/1090/1506 1517/1062/1507
f 1518/1087/1508 1517/1062/1507 1519/1063/1509
f 1520/1085/1510 1518/1087/1508 1519/1063/1509
f 1520/1085/1510 1519/1063/1509 1447/1064/1443
f 1456/1069/1442 1520/1085/1510 1447/1064/1443
f 1507/1106/1498 1433/1056/1511 1508/1057/1499
f 1523/1107/1512 1522/1075/1513 1521/1076/1514
f 1524/1108/1515 1523/1107/1512 1521/1076/1514
f 1523/1107/1512 1525/1109/1516 1522/1075/1513
f 1525/1109/1516 1526/1077/1517 1522/1075/1513
f 1525/1109/1516 1527/1110/1518 1526/1077/1517
f 1527/1110/1518 1528/1080/1519 1526/1077/1517
f 1527/1110/1518 1529/1111/1520 1528/1080/1519
f 1529/1111/1520 1477/1082/1521 1528/1080/1519
f 1529/1111/1520 1530/1112/1522 1477/1082/1521
f 1530/1112/1522 1531/1083/1523 1477/1082/1521
f 1530/1112/1522 1532/1113/1524 1531/1083/1523
f 1532/1113/1524 1533/1088/1525 1531/1083/1523
f 1532/1113/1524 1534/1114/1526 1533/1088/1525
f 1534/1114/1526 1535/1091/1527 1533/1088/1525
f 1534/1114/1526 1536/1115/1528 1535/1091/1527
f 1536/1115/1528 1537/1094/1529 1535/1091/1527
f 1536/1115/1528 1538/1116/1530 1537/1094/1529
f 1538/1116/1530 1539/1097/1531 1537/1094/1529
f 1538/1116/1530 1540/1117/1532 1539/1097/1531
f 1540/1117/1532 1541/1098/1533 1539/1097/1531
f 1540/1117/1532 1542/1118/1534 1541/1098/1533
f 1542/1118/1534 1543/1101/1492 1541/1098/1533
f 1542/1118/1534 1544/1119/1535 1543/1101/1492
f 1544/1119/1535 1505/1104/1536 1543/1101/1492
f 1546/1120/1537 1544/1119/1538 1545/1118/1539
f 1547/1121/1540 1546/1120/1537 1545/1118/1539
f 1547/1121/1540 1545/1118/1539 1548/1117/1532
f 1549/1122/1541 1547/1121/1540 1548/1117/1532
f 1549/1122/1541 1548/1117/1532 1550/1116/1542
f 1551/1123/1543 1549/1122/1541 1550/1116/1542
f 1551/1123/1543 1550/1116/1542 1552/1115/1544
f 1553/1124/1545 1551/1123/1543 1552/1115/1544
f 1553/1124/1545 1552/1115/1544 1554/1114/1546
f 1555/1125/1547 1553/1124/1545 1554/1114/1546
f 1555/1125/1547 1554/1114/1546 1556/1113/1548
f 1557/1126/1549 1555/1125/1547 1556/1113/1548
f 1557/1126/1549 1556/1113/1548 1558/1112/1522
f 1559/1127/1550 1557/1126/1549 1558/1112/1522
f 1559/1127/1550 1558/1112/1522 1529/1111/1551
f 1560/1128/1552 1559/1127/1550 1529/1111/1551
f 1560/1128/1552 1529/1111/1551 1561/1110/1518
f 1562/1129/1553 1560/1128/1552 1561/1110/1518
f 1562/1129/1553 1561/1110/1518 1563/1109/1554
f 1564/1130/1555 1562/1129/1553 1563/1109/1554
f 1564/1130/1555 1563/1109/1554 1523/1107/1556
f 1565/1131/1557 1564/1130/1555 1523/1107/1556
f 1565/1131/1557 1523/1107/1556 1566/1108/1558
f 1567/1132/1559 1565/1131/1557 1566/1108/1558
f 1568/1133/1560 1567/1132/1559 1566/1108/1558
f 1567/1132/1559 1569/1134/1561 1565/1131/1557
f 1569/1134/1561 1570/1130/1562 1565/1131/1557
f 1569/1134/1561 1571/1135/1563 1570/1130/1562
f 1571/1135/1563 1572/1129/1564 1570/1130/1562
f 1573/1136/1565 1560/1128/1566 1572/1129/1564
f 1571/1135/1563 1573/1136/1565 1572/1129/1564
f 1573/1136/1565 1574/1137/1567 1560/1128/1566
f 1574/1137/1567 1575/1127/1568 1560/1128/1566
f 1574/1137/1567 1576/1138/1569 1575/1127/1568
f 1576/1138/1569 1577/1126/1570 1575/1127/1568
f 1576/1138/1569 1578/1139/1571 1577/1126/1570
f 1578/1139/1571 1579/1125/1572 1577/1126/1570
f 1578/1139/1571 1580/1140/1573 1579/1125/1572
f 1580/1140/1573 1581/1124/1574 1579/1125/1572
f 1580/1140/1573 1582/1141/1575 1581/1124/1574
f 1582/1141/1575 1583/1123/1576 1581/1124/1574
f 1582/1141/1575 1584/1142/1577 1583/1123/1576
f 1584/1142/1577 1585/1122/1578 1583/1123/1576
f 1584/1142/1577 1586/1143/1579 1585/1122/1578
f 1586/1143/1579 1547/1121/1540 1585/1122/1578
f 1586/1143/1579 1587/1144/1580 1547/1121/1540
f 1587/1144/1580 1546/1120/1537 1547/1121/1540
f 1590/1145/1581 1589/1146/1582 1588/1147/1583
f 1591/1148/1584 1590/1145/1581 1588/1147/1583
f 1590/1145/1581 1592/1149/1585 1589/1146/1582
f 1592/1149/1585 1593/1150/1586 1589/1146/1582
f 1592/1149/1585 1594/1151/1587 1593/1150/1586
f 1594/1151/1587 1595/1152/1588 1593/1150/1586
f 1594/1151/1587 1596/1153/1589 1595/1152/1588
f 1596/1153/1589 1597/1154/1590 1595/1152/1588
f 1596/1153/1589 1598/1155/1591 1597/1154/1590
f 1598/1155/1591 1599/1156/1592 1597/1154/1590
f 1598/1155/1591 1600/1157/1593 1599/1156/1592
f 1600/1157/1593 1601/1158/1594 1599/1156/1592
f 1600/1157/1593 1602/1159/1595 1601/1158/1594
f 1602/1159/1595 1603/1160/1596 1601/1158/1594
f 1602/1159/1595 1604/1161/1597 1603/1160/1596
f 1604/1161/1597 1605/1162/1598 1603/1160/1596
f 1604/1161/1597 1606/1163/1599 1605/1162/1598
f 1606/1163/1599 1607/1164/1575 1605/1162/1598
f 1606/1163/1599 1608/1165/1600 1607/1164/1575
f 1608/1165/1600 1609/1166/1601 1607/1164/1575
f 1608/1165/1600 1610/1167/1602 1609/1166/1601
f 1610/1167/1602 1611/1168/1579 1609/1166/1601
f 1610/1167/1602 1612/1169/1603 1611/1168/1579
f 1612/1169/1603 1613/1170/1604 1611/1168/1579
f 1615/1171/1605 1612/1169/1606 1614/1167/1607
f 1616/1172/1608 1615/1171/1605 1614/1167/1607
f 1616/1172/1608 1614/1167/1607 1617/1165/1609
f 1618/1173/1610 1616/1172/1608 1617/1165/1609
f 1618/1173/1610 1617/1165/1609 1619/1163/1599
f 1620/1174/1611 1618/1173/1610 1619/1163/1599
f 1620/1174/1611 1619/1163/1599 1621/1161/1597
f 1622/1175/1612 1620/1174/1611 1621/1161/1597
f 1622/1175/1612 1621/1161/1597 1623/1159/1613
f 1624/1176/1614 1622/1175/1612 1623/1159/1613
f 1624/1176/1614 1623/1159/1613 1625/1157/1615
f 1626/1177/1616 1624/1176/1614 1625/1157/1615
f 1626/1177/1616 1625/1157/1615 1627/1155/1617
f 1628/1178/1618 1626/1177/1616 1627/1155/1617
f 1628/1178/1618 1627/1155/1617 1596/1153/1619
f 1629/1179/1620 1628/1178/1618 1596/1153/1619
f 1629/1179/1620 1596/1153/1619 1630/1151/1587
f 1631/1180/1621 1629/1179/1620 1630/1151/1587
f 1631/1180/1621 1630/1151/1587 1632/1149/1622
f 1633/1181/1623 1631/1180/1621 1632/1149/1622
f 1633/1181/1623 1632/1149/1622 1590/1145/1624
f 1634/1182/1625 1633/1181/1623 1590/1145/1624
f 1634/1182/1625 1590/1145/1624 1635/1148/1626
f 1636/1024/1627 1634/1182/1625 1635/1148/1626
f 1637/1023/1628 1636/1024/1627 1635/1148/1626
f 1636/1024/1627 1638/1027/1629 1634/1182/1625
f 1638/1027/1629 1639/1181/1630 1634/1182/1625
f 1638/1027/1629 1640/1030/1631 1639/1181/1630
f 1640/1030/1631 1641/1180/1632 1639/1181/1630
f 1404/1033/1633 1629/1179/1634 1641/1180/1632
f 1640/1030/1631 1404/1033/1633 1641/1180/1632
f 1404/1033/1633 1642/1036/1635 1629/1179/1634
f 1642/1036/1635 1643/1178/1636 1629/1179/1634
f 1642/1036/1635 1644/1039/1637 1643/1178/1636
f 1644/1039/1637 1645/1177/1638 1643/1178/1636
f 1644/1039/1637 1646/1042/1639 1645/1177/1638
f 1646/1042/1639 1647/1176/1640 1645/1177/1638
f 1646/1042/1639 1648/1045/1641 1647/1176/1640
f 1648/1045/1641 1649/1175/1642 1647/1176/1640
f 1648/1045/1641 1650/1048/1643 1649/1175/1642
f 1650/1048/1643 1651/1174/1644 1649/1175/1642
f 1650/1048/1643 1652/1051/1645 1651/1174/1644
f 1652/1051/1645 1653/1173/1646 1651/1174/1644
f 1652/1051/1645 1654/1054/1647 1653/1173/1646
f 1654/1054/1647 1616/1172/1608 1653/1173/1646
f 1654/1054/1647 1655/1183/1648 1616/1172/1608
f 1655/1183/1648 1615/1171/1605 1616/1172/1608
f 1656/1184/1649 1655/1183/1650 1431/1054/1416
f 1430/1053/1415 1656/1184/1649 1431/1054/1416
f 1432/1055/1417 1656/1184/1649 1430/1053/1415
f 1659/1185/1651 1658/1186/1652 1657/1187/1653
f 1660/1188/1654 1659/1185/1651 1657/1187/1653
f 1657/1187/1653 1661/1189/1655 1660/1188/1654
f 1661/1189/1655 1662/1190/1656 1660/1188/1654
f 1661/1189/1655 1663/1191/1657 1662/1190/1656
f 1663/1191/1658 1665/1189/1659 1664/1192/1660
f 1664/1192/1660 1665/1189/1659 1666/1193/1661
f 1665/1189/1659 1667/1187/1662 1666/1193/1661
f 1668/1194/1663 1666/1193/1661 1667/1187/1662
f 1669/1186/1664 1668/1194/1663 1667/1187/1662
f 1663/1191/1665 1671/1192/1660 1670/1195/1666
f 1670/1195/1666 1671/1192/1660 1672/1196/1667
f 1671/1192/1660 1673/1193/1668 1672/1196/1667
f 1674/1197/1669 1672/1196/1667 1673/1193/1668
f 1675/1194/1670 1674/1197/1669 1673/1193/1668
f 1663/1191/1665 1677/1198/1671 1676/1199/1672
f 1676/1199/1672 1677/1198/1671 1678/1200/1673
f 1677/1198/1671 1679/1201/1674 1678/1200/1673
f 1680/1202/1675 1678/1200/1673 1679/1201/1674
f 1681/1203/1676 1680/1202/1675 1679/1201/1674
f 1684/1204/1677 1683/1185/1678 1682/1188/1679
f 1685/1205/1680 1684/1204/1677 1682/1188/1679
f 1682/1188/1679 1686/1190/1681 1685/1205/1680
f 1686/1190/1681 1687/1206/1682 1685/1205/1680
f 1686/1190/1681 1688/1191/1683 1687/1206/1682
f 1690/1206/1684 1688/1191/1685 1689/1207/1686
f 1690/1206/1684 1689/1207/1686 1691/1208/1687
f 1692/1205/1680 1690/1206/1684 1691/1208/1687
f 1691/1208/1687 1693/1209/1688 1692/1205/1680
f 1693/1209/1688 1694/1204/1689 1692/1205/1680
f 1696/1207/1690 1688/1191/1691 1695/1210/1692
f 1696/1207/1690 1695/1210/1692 1697/1211/1693
f 1698/1208/1694 1696/1207/1690 1697/1211/1693
f 1697/1211/1693 1699/1212/1695 1698/1208/1694
f 1699/1212/1695 1700/1209/1696 1698/1208/1694
f 1688/1191/1697 1702/1199/1698 1701/1210/1699
f 1701/1210/1699 1702/1199/1698 1703/1211/1700
f 1702/1199/1698 1704/1200/1701 1703/1211/1700
f 1705/1212/1702 1703/1211/1700 1704/1200/1701
f 1706/1202/1703 1705/1212/1702 1704/1200/1701
f 1709/1213/1704 1708/1214/1705 1707/1215/1706
f 1710/1216/1707 1709/1213/1704 1707/1215/1706
f 1709/1213/1704 1711/1217/1708 1708/1214/1705
f 1711/1217/1708 1712/1218/1709 1708/1214/1705
f 1715/1219/1710 1714/1213/1711 1713/1216/1712
f 1716/1220/1713 1715/1219/1710 1713/1216/1712
f 1715/1219/1710 1717/1221/1714 1714/1213/1711
f 1717/1221/1714 1718/1217/1708 1714/1213/1711
f 1721/1222/1715 1720/1219/1716 1719/1220/1717
f 1722/1223/1718 1721/1222/1715 1719/1220/1717
f 1721/1222/1715 1723/1224/1719 1720/1219/1716
f 1723/1224/1719 1724/1221/1720 1720/1219/1716
f 1727/1225/1721 1726/1222/1722 1725/1223/1723
f 1728/1226/1724 1727/1225/1721 1725/1223/1723
f 1727/1225/1721 1729/1227/1725 1726/1222/1722
f 1729/1227/1725 1730/1224/1719 1726/1222/1722
f 1733/1228/1726 1732/1229/1727 1731/1218/1728
f 1734/1217/1729 1733/1228/1726 1731/1218/1728
f 1733/1228/1726 1735/1230/1730 1732/1229/1727
f 1735/1230/1730 1736/1231/1731 1732/1229/1727
f 1735/1230/1730 1737/1232/1732 1736/1231/1731
f 1737/1232/1732 1738/1233/1733 1736/1231/1731
f 1737/1232/1732 1739/1234/1734 1738/1233/1733
f 1739/1234/1734 1740/1235/1735 1738/1233/1733
f 1739/1234/1734 1741/1236/1736 1740/1235/1735
f 1742/1237/1737 1741/1236/1736 1739/1234/1734
f 1743/1238/1738 1742/1237/1737 1739/1234/1734
f 1741/1236/1736 1744/1239/1739 1740/1235/1735
f 1743/1238/1738 1739/1234/1734 1745/1232/1740
f 1746/1240/1741 1743/1238/1738 1745/1232/1740
f 1746/1240/1741 1745/1232/1740 1747/1230/1730
f 1748/1241/1742 1746/1240/1741 1747/1230/1730
f 1748/1241/1742 1747/1230/1730 1749/1228/1743
f 1750/1242/1744 1748/1241/1742 1749/1228/1743
f 1750/1242/1744 1749/1228/1743 1751/1217/1745
f 1752/1221/1746 1750/1242/1744 1751/1217/1745
f 1753/1243/1747 1741/1236/1736 1742/1237/1737
f 1754/1244/1748 1753/1243/1747 1742/1237/1737
f 1753/1243/1747 1755/1245/1749 1741/1236/1736
f 1753/1243/1747 1756/1246/1750 1755/1245/1749
f 1756/1246/1750 1757/1247/1751 1755/1245/1749
f 1756/1246/1750 1758/1248/1752 1757/1247/1751
f 1758/1248/1752 1759/1249/1753 1757/1247/1751
f 1758/1248/1752 1760/1250/1754 1759/1249/1753
f 1760/1250/1754 1761/1251/1755 1759/1249/1753
f 1760/1250/1754 1762/1252/1756 1761/1251/1755
f 1764/1253/1757 1763/1246/1758 1753/1243/1759
f 1765/1244/1748 1764/1253/1757 1753/1243/1759
f 1766/1254/1760 1758/1248/1761 1763/1246/1758
f 1764/1253/1757 1766/1254/1760 1763/1246/1758
f 1766/1254/1760 1767/1255/1762 1758/1248/1761
f 1767/1255/1762 1768/1250/1754 1758/1248/1761
f 1767/1255/1762 1762/1252/1756 1768/1250/1754
f 1770/1256/1763 1769/1253/1764 1754/1244/1765
f 1771/1257/1766 1766/1254/1760 1769/1253/1764
f 1770/1256/1763 1771/1257/1766 1769/1253/1764
f 1771/1257/1766 1772/1258/1767 1766/1254/1760
f 1772/1258/1767 1773/1255/1762 1766/1254/1760
f 1772/1258/1767 1762/1252/1768 1773/1255/1762
f 1774/1259/1769 1770/1256/1763 1754/1244/1765
f 1776/1260/1770 1775/1258/1767 1771/1257/1771
f 1776/1260/1770 1762/1252/1768 1775/1258/1767
f 1777/1261/1772 1776/1260/1770 1771/1257/1771
f 1777/1261/1772 1771/1257/1771 1778/1256/1773
f 1779/1262/1774 1777/1261/1772 1778/1256/1773
f 1779/1262/1774 1778/1256/1773 1780/1259/1775
f 1781/1263/1776 1779/1262/1774 1780/1259/1775
f 1780/1259/1769 1754/1244/1777 1782/1264/1778
f 1754/1244/1777 1783/1237/1779 1782/1264/1778
f 1782/1264/1778 1783/1237/1779 1784/1238/1738
f 1785/1265/1780 1782/1264/1778 1784/1238/1738
f 1785/1265/1780 1784/1238/1738 1786/1240/1781
f 1787/1266/1782 1785/1265/1780 1786/1240/1781
f 1787/1266/1782 1786/1240/1781 1788/1241/1742
f 1789/1267/1783 1787/1266/1782 1788/1241/1742
f 1789/1267/1783 1788/1241/1742 1790/1242/1784
f 1791/1268/1785 1789/1267/1783 1790/1242/1784
f 1791/1268/1785 1790/1242/1784 1792/1221/1786
f 1793/1224/1787 1791/1268/1785 1792/1221/1786
f 1780/1259/1788 1795/1264/1789 1794/1269/1790
f 1794/1269/1790 1795/1264/1789 1796/1265/1791
f 1797/1270/1792 1794/1269/1790 1796/1265/1791
f 1797/1270/1792 1796/1265/1791 1798/1266/1793
f 1799/1271/1794 1797/1270/1792 1798/1266/1793
f 1799/1271/1794 1798/1266/1793 1800/1267/1795
f 1801/1272/1796 1799/1271/1794 1800/1267/1795
f 1801/1272/1796 1800/1267/1795 1802/1268/1797
f 1803/1273/1798 1801/1272/1796 1802/1268/1797
f 1803/1273/1798 1802/1268/1797 1804/1224/1799
f 1805/1227/1800 1803/1273/1798 1804/1224/1799
f 1806/1263/1776 1780/1259/1788 1794/1269/1790
f 1808/1262/1801 1806/1263/1802 1807/1274/1803
f 1809/1275/1804 1808/1262/1801 1807/1274/1803
f 1807/1274/1803 1806/1263/1802 1810/1269/1805
f 1811/1276/1806 1807/1274/1803 1810/1269/1805
f 1811/1276/1806 1810/1269/1805 1812/1277/1807
f 1810/1269/1805 1813/1270/1808 1812/1277/1807
f 1812/1277/1807 1813/1270/1808 1814/1278/1809
f 1813/1270/1808 1815/1271/1810 1814/1278/1809
f 1814/1278/1809 1815/1271/1810 1816/1279/1811
f 1815/1271/1810 1817/1272/1812 1816/1279/1811
f 1816/1279/1811 1817/1272/1812 1818/1280/1813
f 1817/1272/1812 1819/1273/1814 1818/1280/1813
f 1818/1280/1813 1819/1273/1814 1820/1281/1815
f 1819/1273/1814 1821/1227/1816 1820/1281/1815
f 1777/1261/1772 1808/1262/1801 1809/1275/1804
f 1822/1282/1817 1777/1261/1772 1809/1275/1804
f 1823/1260/1770 1777/1261/1772 1822/1282/1817
f 1824/1283/1818 1823/1260/1770 1822/1282/1817
f 1825/1252/1819 1823/1260/1770 1824/1283/1818
f 1827/1283/1820 1822/1282/1821 1826/1284/1822
f 1828/1285/1823 1827/1283/1820 1826/1284/1822
f 1825/1252/1819 1827/1283/1820 1828/1285/1823
f 1826/1284/1822 1822/1282/1821 1829/1286/1824
f 1822/1282/1821 1830/1275/1825 1829/1286/1824
f 1829/1286/1824 1830/1275/1825 1831/1287/1826
f 1830/1275/1825 1832/1274/1827 1831/1287/1826
f 1831/1287/1826 1832/1274/1827 1833/1276/1806
f 1834/1288/1828 1831/1287/1826 1833/1276/1806
f 1834/1288/1828 1833/1276/1806 1835/1289/1829
f 1833/1276/1806 1836/1277/1830 1835/1289/1829
f 1835/1289/1829 1836/1277/1830 1837/1290/1831
f 1836/1277/1830 1838/1278/1832 1837/1290/1831
f 1837/1290/1831 1838/1278/1832 1839/1291/1833
f 1838/1278/1832 1840/1279/1834 1839/1291/1833
f 1839/1291/1833 1840/1279/1834 1841/1292/1835
f 1840/1279/1834 1842/1280/1836 1841/1292/1835
f 1841/1292/1835 1842/1280/1836 1843/1293/1837
f 1842/1280/1836 1844/1281/1838 1843/1293/1837
f 1847/1294/1839 1846/1295/1840 1845/1296/1840
f 1848/1297/1841 1847/1294/1839 1845/1296/1840
f 1850/1298/1842 1849/1294/1839 1848/1297/1839
f 1851/1299/1842 1850/1298/1842 1848/1297/1839
f 1854/1300/1843 1853/1298/1844 1852/1299/1844
f 1855/1301/1843 1854/1300/1843 1852/1299/1844
f 1858/1302/1845 1857/1300/1846 1856/1301/1846
f 1859/1303/1847 1858/1302/1845 1856/1301/1846
f 1862/1304/1848 1861/1305/1849 1860/1306/1850
f 1863/1307/1848 1862/1304/1848 1860/1306/1850
f 1864/1308/1851 1862/1304/1848 1863/1307/1848
f 1865/1309/1852 1864/1308/1851 1863/1307/1848
f 1866/1310/1853 1864/1308/1851 1865/1309/1852
f 1867/1311/1853 1866/1310/1853 1865/1309/1852
f 1868/1312/1854 1866/1310/1853 1867/1311/1853
f 1869/1313/1854 1868/1312/1854 1867/1311/1853
f 1861/1305/1849 1870/1314/1855 1860/1306/1850
f 1870/1314/1855 1871/1315/1856 1860/1306/1850
f 1870/1314/1855 1872/1316/1857 1871/1315/1856
f 1872/1316/1857 1873/1317/1858 1871/1315/1856
f 1868/1312/1854 1869/1313/1854 1874/1318/1859
f 1875/1319/1860 1868/1312/1854 1874/1318/1859
f 1875/1319/1860 1874/1318/1859 1876/1320/1861
f 1877/1321/1862 1875/1319/1860 1876/1320/1861
f 1880/1322/1863 1879/1323/1864 1878/1305/1864
f 1881/1304/1863 1880/1322/1863 1878/1305/1864
f 1882/1324/1865 1880/1322/1863 1881/1304/1863
f 1883/1308/1865 1882/1324/1865 1881/1304/1863
f 1884/1325/1866 1882/1324/1865 1883/1308/1865
f 1885/1310/1867 1884/1325/1866 1883/1308/1865
f 1886/1326/1868 1884/1325/1866 1885/1310/1867
f 1887/1312/1868 1886/1326/1868 1885/1310/1867
f 1879/1323/1864 1888/1327/1869 1878/1305/1864
f 1888/1327/1869 1889/1314/1870 1878/1305/1864
f 1888/1327/1869 1890/1328/1871 1889/1314/1870
f 1890/1328/1871 1891/1316/1872 1889/1314/1870
f 1886/1326/1868 1887/1312/1868 1892/1319/1873
f 1893/1329/1874 1886/1326/1868 1892/1319/1873
f 1893/1329/1874 1892/1319/1873 1894/1321/1875
f 1895/1330/1875 1893/1329/1874 1894/1321/1875
f 1898/1331/1876 1897/1332/1877 1896/1215/1878
f 1899/1214/1879 1898/1331/1876 1896/1215/1878
f 1900/1333/1880 1898/1331/1876 1899/1214/1879
f 1901/1218/1881 1900/1333/1880 1899/1214/1879
f 1904/1334/1882 1903/1335/1883 1902/1332/1884
f 1905/1331/1885 1904/1334/1882 1902/1332/1884
f 1906/1336/1886 1904/1334/1882 1905/1331/1885
f 1907/1333/1880 1906/1336/1886 1905/1331/1885
f 1910/1337/1887 1909/1338/1888 1908/1339/1889
f 1911/1340/1890 1910/1337/1887 1908/1339/1889
f 1912/1281/1891 1910/1337/1887 1911/1340/1890
f 1913/1293/1892 1912/1281/1891 1911/1340/1890
f 1916/1225/1893 1915/1226/1894 1914/1338/1895
f 1917/1337/1896 1916/1225/1893 1914/1338/1895
f 1918/1227/1897 1916/1225/1893 1917/1337/1896
f 1919/1281/1891 1918/1227/1897 1917/1337/1896
f 1922/1341/1898 1921/1333/1899 1920/1218/1900
f 1923/1229/1727 1922/1341/1898 1920/1218/1900
f 1924/1342/1901 1922/1341/1898 1923/1229/1727
f 1925/1231/1731 1924/1342/1901 1923/1229/1727
f 1926/1343/1902 1924/1342/1901 1925/1231/1731
f 1927/1233/1903 1926/1343/1902 1925/1231/1731
f 1928/1344/1904 1926/1343/1902 1927/1233/1903
f 1929/1235/1905 1928/1344/1904 1927/1233/1903
f 1928/1344/1904 1929/1235/1905 1930/1345/1906
f 1930/1345/1906 1931/1346/1907 1928/1344/1904
f 1931/1346/1907 1932/1347/1908 1928/1344/1904
f 1929/1235/1905 1744/1239/1909 1930/1345/1906
f 1928/1344/1904 1932/1347/1908 1933/1343/1910
f 1932/1347/1908 1934/1348/1911 1933/1343/1910
f 1933/1343/1910 1934/1348/1911 1935/1342/1912
f 1934/1348/1911 1936/1349/1913 1935/1342/1912
f 1935/1342/1912 1936/1349/1913 1937/1341/1914
f 1936/1349/1913 1938/1350/1835 1937/1341/1914
f 1937/1341/1914 1938/1350/1835 1939/1333/1915
f 1938/1350/1835 1940/1336/1916 1939/1333/1915
f 1930/1345/1906 1941/1351/1917 1931/1346/1907
f 1941/1351/1917 1942/1352/1918 1931/1346/1907
f 1943/1353/1919 1942/1352/1918 1941/1351/1917
f 1944/1354/1920 1943/1353/1919 1941/1351/1917
f 1945/1355/1822 1943/1353/1919 1944/1354/1920
f 1946/1356/1921 1945/1355/1822 1944/1354/1920
f 1946/1356/1921 1947/1357/1922 1945/1355/1822
f 1947/1357/1922 1948/1358/1823 1945/1355/1822
f 1825/1252/1923 1948/1358/1823 1947/1357/1922
f 1949/1357/1922 1946/1356/1924 1759/1249/1925
f 1950/1251/1755 1949/1357/1922 1759/1249/1925
f 1825/1252/1923 1949/1357/1922 1950/1251/1755
f 1953/1359/1926 1952/1360/1926 1951/1296/1927
f 1954/1295/1928 1953/1359/1926 1951/1296/1927
f 1957/1361/1929 1956/1362/1929 1955/1360/1930
f 1958/1359/1930 1957/1361/1929 1955/1360/1930
f 1961/1363/1931 1960/1364/1931 1959/1365/1932
f 1962/1366/1933 1961/1363/1931 1959/1365/1932
f 1965/1302/1934 1964/1303/1935 1963/1364/1936
f 1966/1363/1936 1965/1302/1934 1963/1364/1936
f 1969/1367/1937 1968/1368/1938 1967/1369/1939
f 1970/1370/1940 1969/1367/1937 1967/1369/1939
f 1968/1368/1938 1971/1371/1941 1967/1369/1939
f 1971/1371/1941 1972/1372/1942 1967/1369/1939
f 1972/1372/1942 1971/1371/1941 1973/1373/1943
f 1971/1371/1941 1974/1374/1944 1973/1373/1943
f 1973/1373/1943 1974/1374/1944 1975/1375/1945
f 1974/1374/1944 1976/1376/1946 1975/1375/1945
f 1975/1375/1945 1976/1376/1946 1977/1377/1947
f 1976/1376/1946 1978/1378/1948 1977/1377/1947
f 1978/1378/1948 1979/1379/1949 1977/1377/1947
f 1979/1379/1949 1980/1380/1950 1977/1377/1947
f 1980/1380/1950 1979/1379/1949 1981/1381/1951
f 1979/1379/1949 1982/1382/1952 1981/1381/1951
f 1970/1370/1940 1983/1383/1953 1969/1367/1937
f 1969/1367/1937 1983/1383/1953 1984/1384/1954
f 1985/1385/1955 1969/1367/1937 1984/1384/1954
f 1986/1386/1956 1985/1385/1955 1984/1384/1954
f 1986/1386/1956 1987/1387/1957 1985/1385/1955
f 1987/1387/1957 1988/1388/1958 1985/1385/1955
f 1985/1385/1955 1988/1388/1958 1969/1367/1937
f 1988/1388/1958 1989/1368/1959 1969/1367/1937
f 1988/1388/1958 1990/1389/1960 1989/1368/1959
f 1990/1389/1960 1988/1388/1958 1987/1387/1957
f 1990/1389/1960 1991/1371/1961 1989/1368/1959
f 1990/1389/1960 1992/1390/1962 1991/1371/1961
f 1992/1390/1962 1993/1374/1963 1991/1371/1961
f 1994/1376/1964 1993/1374/1963 1992/1390/1962
f 1995/1391/1965 1994/1376/1964 1992/1390/1962
f 1996/1378/1966 1994/1376/1964 1995/1391/1965
f 1997/1392/1967 1996/1378/1966 1995/1391/1965
f 1998/1379/1968 1996/1378/1966 1997/1392/1967
f 1999/1393/1969 1998/1379/1968 1997/1392/1967
f 2000/1382/1970 1998/1379/1968 1999/1393/1969
f 2001/1394/1971 2000/1382/1970 1999/1393/1969
f 2000/1382/1970 2001/1394/1971 2002/1395/1972
f 2001/1394/1971 2003/1396/1973 2002/1395/1972
f 2003/1396/1973 2001/1394/1971 2004/1397/1974
f 2001/1394/1971 2005/1398/1975 2004/1397/1974
f 2006/1399/1976 2002/1395/1972 2003/1396/1973
f 2007/1400/1977 2006/1399/1976 2003/1396/1973
f 2001/1394/1971 1999/1393/1969 2008/1401/1978
f 2005/1398/1975 2001/1394/1971 2008/1401/1978
f 1997/1392/1967 1995/1391/1965 2009/1402/1979
f 2009/1402/1979 1995/1391/1965 2010/1403/1980
f 1995/1391/1965 1992/1390/1962 2010/1403/1980
f 2010/1403/1980 1992/1390/1962 2011/1404/1981
f 1992/1390/1962 1990/1389/1960 2011/1404/1981
f 2011/1404/1981 1990/1389/1960 1987/1387/1957
f 2012/1405/1982 2007/1400/1977 2003/1396/1973
f 2004/1397/1974 2012/1405/1982 2003/1396/1973
f 2013/1406/1983 2007/1400/1977 2012/1405/1982
f 2014/1407/1984 2007/1400/1977 2013/1406/1983
f 2006/1399/1976 2007/1400/1977 2014/1407/1984
f 2015/1408/1985 1997/1392/1967 2009/1402/1979
f 1999/1393/1969 1997/1392/1967 2015/1408/1985
f 2008/1401/1978 1999/1393/1969 2015/1408/1985
f 2018/1409/1986 2017/1398/1987 2016/1401/1988
f 2018/1409/1986 2016/1401/1988 2019/1410/1989
f 2016/1401/1988 2020/1408/1990 2019/1410/1989
f 2019/1410/1989 2020/1408/1990 2021/1411/1991
f 2020/1408/1990 2022/1402/1992 2021/1411/1991
f 2021/1411/1991 2022/1402/1992 2023/1412/1993
f 2022/1402/1992 2024/1403/1994 2023/1412/1993
f 2023/1412/1993 2024/1403/1994 2025/1413/1995
f 2024/1403/1994 2026/1404/1996 2025/1413/1995
f 2025/1413/1995 2026/1404/1996 2027/1414/1997
f 2026/1404/1996 2028/1387/1998 2027/1414/1997
f 2027/1414/1997 2028/1387/1998 2029/1386/1999
f 2030/1415/2000 2027/1414/1997 2029/1386/1999
f 2030/1415/2000 2029/1386/1999 1984/1384/1954
f 2031/1416/2001 2030/1415/2000 1984/1384/1954
f 2027/1414/1997 2030/1415/2000 2032/1417/2002
f 2032/1417/2002 2030/1415/2000 2031/1416/2001
f 2033/1418/2003 2027/1414/1997 2032/1417/2002
f 2025/1413/1995 2027/1414/1997 2033/1418/2003
f 2034/1419/2004 2032/1417/2002 2031/1416/2001
f 2023/1412/1993 2025/1413/1995 2035/1420/2005
f 2035/1420/2005 2025/1413/1995 2033/1418/2003
f 2036/1421/2006 2023/1412/1993 2035/1420/2005
f 2021/1411/1991 2023/1412/1993 2036/1421/2006
f 2037/1422/2007 2021/1411/1991 2036/1421/2006
f 2019/1410/1989 2021/1411/1991 2037/1422/2007
f 2038/1423/2008 2019/1410/1989 2037/1422/2007
f 2034/1419/2004 2031/1416/2001 2039/1424/2009
f 2031/1416/2001 1984/1384/1954 2039/1424/2009
f 1984/1384/1954 2040/1425/2010 2039/1424/2009
f 2040/1425/2010 2041/1426/2011 2039/1424/2009
f 2042/1427/2012 2039/1424/2009 2041/1426/2011
f 2043/1419/2013 2039/1424/2009 2042/1427/2012
f 2044/1428/2014 2043/1419/2013 2042/1427/2012
f 2044/1428/2014 2045/1429/2015 2043/1419/2013
f 2045/1429/2015 2046/1417/2016 2043/1419/2013
f 2045/1429/2015 2047/1430/2017 2046/1417/2016
f 2047/1430/2017 2048/1418/2018 2046/1417/2016
f 2049/1420/2019 2048/1418/2018 2047/1430/2017
f 2050/1431/2020 2049/1420/2019 2047/1430/2017
f 2051/1432/2021 2042/1427/2012 2041/1426/2011
f 2049/1420/2019 2050/1431/2020 2052/1421/2022
f 2050/1431/2020 2053/1433/2023 2052/1421/2022
f 2053/1433/2023 2050/1431/2020 2054/1434/2024
f 2055/1435/2025 2053/1433/2023 2054/1434/2024
f 2056/1422/2026 2052/1421/2022 2053/1433/2023
f 2057/1436/2027 2056/1422/2026 2053/1433/2023
f 2047/1430/2017 2045/1429/2015 2058/1437/2028
f 2059/1438/2029 2047/1430/2017 2058/1437/2028
f 2050/1431/2020 2047/1430/2017 2059/1438/2029
f 2054/1434/2024 2050/1431/2020 2059/1438/2029
f 2045/1429/2015 2044/1428/2014 2060/1439/2030
f 2058/1437/2028 2045/1429/2015 2060/1439/2030
f 2060/1439/2030 2044/1428/2014 2061/1440/2031
f 2044/1428/2014 2042/1427/2012 2061/1440/2031
f 2042/1427/2012 2051/1432/2021 2062/1441/2032
f 2061/1440/2031 2042/1427/2012 2062/1441/2032
f 2062/1441/2032 2051/1432/2021 2063/1442/2033
f 2051/1432/2021 2064/1443/2034 2063/1442/2033
f 2063/1442/2033 2064/1443/2034 2065/1444/2035
f 2064/1443/2034 2066/1445/2036 2065/1444/2035
f 2065/1444/2035 2066/1445/2036 2067/1446/2037
f 2066/1445/2036 2068/1447/2038 2067/1446/2037
f 2067/1446/2037 2068/1447/2038 2069/1448/2039
f 2068/1447/2038 2070/1449/2040 2069/1448/2039
f 2069/1448/2039 2070/1449/2040 2071/1450/2041
f 2070/1449/2040 2072/1451/2042 2071/1450/2041
f 2072/1451/2042 2070/1449/2040 2073/1452/2043
f 2074/1453/2044 2072/1451/2042 2073/1452/2043
f 2070/1449/2040 2068/1447/2038 2075/1454/2045
f 2073/1452/2043 2070/1449/2040 2075/1454/2045
f 2068/1447/2038 2066/1445/2036 2076/1455/2046
f 2075/1454/2045 2068/1447/2038 2076/1455/2046
f 2076/1455/2046 2066/1445/2036 2064/1443/2034
f 2077/1456/2047 2076/1455/2046 2064/1443/2034
f 2077/1456/2047 2064/1443/2034 2041/1426/2011
f 2064/1443/2034 2051/1432/2021 2041/1426/2011
f 2078/1457/2048 2077/1456/2047 2041/1426/2011
f 2078/1457/2048 2041/1426/2011 2040/1425/2010
f 2079/1458/2049 2078/1457/2048 2040/1425/2010
f 2040/1425/2010 1984/1384/1954 2079/1458/2049
f 1984/1384/1954 1983/1383/1953 2079/1458/2049
f 2072/1451/2050 2081/1459/2051 2080/1460/2052
f 2080/1460/2052 2081/1459/2051 2082/1461/2053
f 2081/1459/2051 2083/1462/2054 2082/1461/2053
f 2082/1461/2053 2083/1462/2054 2084/1463/2055
f 2083/1462/2054 2085/1464/2056 2084/1463/2055
f 2085/1464/2056 2086/1465/2057 2084/1463/2055
f 2086/1465/2057 2087/1466/2058 2084/1463/2055
f 2087/1466/2058 2086/1465/2057 2088/1467/2059
f 2089/1468/2060 2087/1466/2058 2088/1467/2059
f 2090/1450/2061 2072/1451/2050 2080/1460/2052
f 2092/1459/2062 2072/1451/2050 2091/1453/2063
f 2093/1469/2064 2092/1459/2062 2091/1453/2063
f 2095/1462/2065 2094/1459/2066 2093/1469/2064
f 2096/1470/2067 2095/1462/2065 2093/1469/2064
f 2097/1464/2068 2095/1462/2065 2096/1470/2067
f 2098/1471/2069 2097/1464/2068 2096/1470/2067
f 2099/1465/2070 2097/1464/2068 2098/1471/2069
f 2100/1472/2071 2099/1465/2070 2098/1471/2069
f 2100/1472/2071 2101/1473/2072 2099/1465/2070
f 2101/1473/2072 2102/1467/2073 2099/1465/2070
f 1982/1382/2074 2104/1395/2075 2103/1474/2076
f 2105/1381/2077 1982/1382/2074 2103/1474/2076
f 2104/1395/2075 2106/1399/2078 2103/1474/2076
f 2106/1399/2078 2107/1475/2079 2103/1474/2076
f 2107/1475/2079 2106/1399/2078 2108/1476/2080
f 2106/1399/2078 2109/1407/2081 2108/1476/2080
f 2109/1407/2081 2110/1477/2082 2108/1476/2080
f 2110/1477/2082 2111/1478/2083 2108/1476/2080
f 2110/1477/2082 2112/1479/2084 2111/1478/2083
f 2112/1479/2084 2113/1480/2084 2111/1478/2083
f 2116/1481/2085 2115/1482/2086 2114/1483/2087
f 2117/1484/2088 2116/1481/2085 2114/1483/2087
f 2114/1483/2087 2115/1482/2086 2118/1485/2089
f 2115/1482/2086 2119/1486/2090 2118/1485/2089
f 2118/1485/2089 2119/1486/2090 2120/1487/2052
f 2119/1486/2090 2121/1488/2091 2120/1487/2052
f 2120/1487/2052 2121/1488/2091 2122/1489/2041
f 2121/1488/2091 2123/1490/2092 2122/1489/2041
f 2122/1489/2041 2123/1490/2092 2124/1491/2093
f 2123/1490/2092 2125/1492/2094 2124/1491/2093
f 2124/1491/2093 2125/1492/2094 2126/1493/2095
f 2125/1492/2094 2127/1494/2096 2126/1493/2095
f 2126/1493/2095 2127/1494/2096 2128/1495/2097
f 2127/1494/2096 2129/1496/2098 2128/1495/2097
f 2128/1495/2097 2129/1496/2098 2130/1497/2099
f 2129/1496/2098 2131/1498/2100 2130/1497/2099
f 2130/1497/2099 2131/1498/2100 2132/1499/2101
f 2131/1498/2100 2133/1500/2102 2132/1499/2101
f 2132/1499/2101 2133/1500/2102 2134/1501/2103
f 2133/1500/2102 2135/1502/2104 2134/1501/2103
f 2134/1501/2103 2135/1502/2104 2136/1503/2105
f 2135/1502/2104 2137/1504/2106 2136/1503/2105
f 2136/1503/2105 2137/1504/2106 2138/1505/2107
f 2137/1504/2106 2139/1506/2108 2138/1505/2107
f 2138/1505/2107 2139/1506/2108 2140/1507/2109
f 2139/1506/2108 2141/1508/2110 2140/1507/2109
f 2140/1507/2109 2141/1508/2110 2142/1509/2111
f 2141/1508/2110 2143/1510/2112 2142/1509/2111
f 2142/1509/2111 2143/1510/2112 2144/1511/2113
f 2143/1510/2112 2145/1512/2114 2144/1511/2113
f 2144/1511/2113 2145/1512/2114 2146/1513/2115
f 2145/1512/2114 2147/1514/2116 2146/1513/2115
f 2146/1513/2115 2147/1514/2116 2148/1515/2117
f 2147/1514/2116 2149/1516/2118 2148/1515/2117
f 2148/1515/2117 2149/1516/2118 2150/1517/2119
f 2149/1516/2118 2151/1518/2119 2150/1517/2119
f 2152/1519/2120 2018/1409/1986 2019/1410/1989
f 2153/1423/2008 2152/1519/2120 2019/1410/1989
f 2152/1519/2120 2154/1520/2121 2018/1409/1986
f 2154/1520/2121 2017/1398/1987 2018/1409/1986
f 2155/1521/2122 2057/1436/2027 2053/1433/2023
f 2055/1435/2025 2155/1521/2122 2053/1433/2023
f 2158/1522/2123 2157/1523/2124 2156/1524/2125
f 2159/1525/2126 2158/1522/2123 2156/1524/2125
f 2157/1523/2124 2158/1522/2123 2160/1526/2127
f 2158/1522/2123 2161/1527/2128 2160/1526/2127
f 2161/1527/2128 2162/1528/2129 2160/1526/2127
f 2162/1528/2129 2163/1529/2130 2160/1526/2127
f 2162/1528/2129 2164/1530/2131 2163/1529/2130
f 2164/1530/2131 2165/1531/2132 2163/1529/2130
f 2164/1530/2131 2166/1532/2133 2165/1531/2132
f 2166/1532/2133 2167/1533/2134 2165/1531/2132
f 2159/1525/2126 2156/1524/2125 2168/1534/2135
f 2169/1535/2136 2168/1534/2135 2156/1524/2125
f 2170/1536/2137 2169/1535/2136 2156/1524/2125
f 2170/1536/2137 2156/1524/2125 2171/1537/2138
f 2156/1524/2125 2172/1523/2139 2171/1537/2138
f 2171/1537/2138 2172/1523/2139 2173/1538/2140
f 2172/1523/2139 2174/1526/2141 2173/1538/2140
f 2173/1538/2140 2174/1526/2141 2175/1539/2142
f 2174/1526/2141 2176/1529/2143 2175/1539/2142
f 2175/1539/2142 2176/1529/2143 2177/1531/2144
f 2178/1540/2145 2175/1539/2142 2177/1531/2144
f 2178/1540/2145 2177/1531/2144 2179/1533/2146
f 2180/1541/2147 2178/1540/2145 2179/1533/2146
f 2180/1541/2147 2179/1533/2146 2181/1542/2148
f 2182/1543/2149 2180/1541/2147 2181/1542/2148
f 2182/1543/2149 2181/1542/2148 2183/1544/2150
f 2184/1545/2151 2182/1543/2149 2183/1544/2150
f 2170/1536/2137 2171/1537/2138 2185/1546/2152
f 2186/1547/2153 2170/1536/2137 2185/1546/2152
f 2183/1544/2150 2187/1548/2154 2184/1545/2151
f 2187/1548/2154 2188/1549/2155 2184/1545/2151
f 2188/1549/2155 2189/1550/2156 2184/1545/2151
f 2189/1550/2156 2190/1551/2157 2184/1545/2151
f 2188/1549/2155 2187/1548/2154 2191/1552/2158
f 2192/1553/2159 2188/1549/2155 2191/1552/2158
f 2193/1554/2160 2182/1543/2149 2184/1545/2151
f 2190/1551/2157 2193/1554/2160 2184/1545/2151
f 2194/1555/2161 2180/1541/2147 2182/1543/2149
f 2193/1554/2160 2194/1555/2161 2182/1543/2149
f 2194/1555/2161 2195/1556/2162 2180/1541/2147
f 2188/1549/2155 2192/1553/2159 2196/1557/2163
f 2189/1550/2156 2188/1549/2155 2196/1557/2163
f 2197/1558/2164 2196/1557/2163 2192/1553/2159
f 2186/1547/2153 2169/1535/2136 2170/1536/2137
f 2198/1559/2165 2197/1558/2164 2192/1553/2159
f 2191/1552/2158 2198/1559/2165 2192/1553/2159
f 2169/1535/2136 2200/1547/2166 2199/1560/2167
f 2199/1560/2167 2200/1547/2166 2201/1561/2168
f 2200/1547/2166 2202/1546/2169 2201/1561/2168
f 2203/1562/2170 2169/1535/2136 2199/1560/2167
f 2201/1561/2168 2202/1546/2169 2204/1563/2171
f 2205/1564/2172 2201/1561/2168 2204/1563/2171
f 2205/1564/2172 2204/1563/2171 2206/1565/2173
f 2207/1566/2174 2205/1564/2172 2206/1565/2173
f 2207/1566/2174 2206/1565/2173 2208/1556/2175
f 2209/1567/2176 2207/1566/2174 2208/1556/2175
f 2209/1567/2176 2208/1556/2175 2210/1555/2177
f 2211/1568/2178 2209/1567/2176 2210/1555/2177
f 2211/1568/2178 2210/1555/2177 2212/1554/2179
f 2213/1569/2180 2211/1568/2178 2212/1554/2179
f 2213/1569/2180 2212/1554/2179 2214/1551/2181
f 2215/1570/2182 2199/1560/2167 2201/1561/2168
f 2216/1571/2183 2215/1570/2182 2201/1561/2168
f 2216/1571/2183 2201/1561/2168 2205/1564/2172
f 2203/1562/2170 2199/1560/2167 2215/1570/2182
f 2217/1572/2184 2203/1562/2170 2215/1570/2182
f 2218/1573/2185 2205/1564/2172 2207/1566/2174
f 2218/1573/2185 2216/1571/2183 2205/1564/2172
f 2219/1574/2186 2218/1573/2185 2207/1566/2174
f 2219/1574/2186 2207/1566/2174 2209/1567/2176
f 2220/1575/2187 2219/1574/2186 2209/1567/2176
f 2220/1575/2187 2209/1567/2176 2211/1568/2178
f 2221/1576/2188 2220/1575/2187 2211/1568/2178
f 2211/1568/2178 2213/1569/2180 2222/1577/2189
f 2221/1576/2188 2211/1568/2178 2222/1577/2189
f 2223/1578/2190 2213/1569/2180 2214/1551/2181
f 2222/1577/2189 2213/1569/2180 2223/1578/2190
f 2217/1572/2184 2224/1579/2191 2203/1562/2170
f 2224/1579/2191 2225/1580/2192 2203/1562/2170
f 2203/1562/2170 2225/1580/2192 2169/1535/2136
f 2225/1580/2192 2168/1534/2135 2169/1535/2136
f 2225/1580/2192 2224/1579/2191 2226/1581/2193
f 2224/1579/2191 2227/1582/2194 2226/1581/2193
f 2227/1582/2194 2224/1579/2191 2228/1583/2195
f 2224/1579/2191 2229/1584/2196 2228/1583/2195
f 2229/1584/2196 2224/1579/2191 2230/1585/2197
f 2230/1585/2197 2224/1579/2191 2231/1572/2198
f 2230/1585/2197 2231/1572/2198 2232/1586/2199
f 2231/1572/2198 2233/1570/2200 2232/1586/2199
f 2232/1586/2199 2233/1570/2200 2234/1587/2201
f 2233/1570/2200 2235/1571/2202 2234/1587/2201
f 2234/1587/2201 2235/1571/2202 2236/1573/2203
f 2237/1588/2204 2234/1587/2201 2236/1573/2203
f 2236/1573/2203 2238/1574/2205 2237/1588/2204
f 2238/1574/2205 2239/1589/2206 2237/1588/2204
f 2240/1590/2207 2237/1588/2204 2239/1589/2206
f 2241/1591/2208 2240/1590/2207 2239/1589/2206
f 2239/1589/2206 2238/1574/2205 2242/1575/2209
f 2243/1592/2210 2239/1589/2206 2242/1575/2209
f 2244/1593/2211 2232/1586/2199 2234/1587/2201
f 2245/1594/2212 2244/1593/2211 2234/1587/2201
f 2245/1594/2212 2234/1587/2201 2237/1588/2204
f 2240/1590/2207 2245/1594/2212 2237/1588/2204
f 2246/1595/2213 2230/1585/2197 2232/1586/2199
f 2244/1593/2211 2246/1595/2213 2232/1586/2199
f 2247/1596/2214 2239/1589/2206 2243/1592/2210
f 2241/1591/2208 2239/1589/2206 2247/1596/2214
f 2246/1595/2213 2229/1584/2196 2230/1585/2197
f 2250/1597/2215 2249/1548/2216 2248/1544/2217
f 2251/1598/2218 2250/1597/2215 2248/1544/2217
f 2251/1598/2219 2253/1544/2217 2252/1542/2220
f 2254/1599/2221 2251/1598/2219 2252/1542/2220
f 2255/1532/2222 2254/1599/2221 2252/1542/2220
f 2167/1533/2223 2255/1532/2222 2252/1542/2220
f 2250/1597/2224 2257/1600/2225 2256/1552/2226
f 2257/1600/2225 2258/1601/2227 2256/1552/2226
f 2258/1601/2227 2259/1559/2228 2256/1552/2226
f 2259/1559/2228 2258/1601/2227 2260/1602/2229
f 2258/1601/2227 2261/1603/2230 2260/1602/2229
f 2260/1602/2229 2261/1603/2230 2262/1604/2231
f 2261/1603/2230 2263/1605/2231 2262/1604/2231
f 2264/1548/2216 2250/1597/2224 2256/1552/2226
f 2266/1563/2232 2265/1538/2233 2175/1539/2142
f 2267/1565/2234 2266/1563/2232 2175/1539/2142
f 2267/1565/2235 2268/1539/2142 2178/1540/2145
f 2195/1556/2162 2267/1565/2235 2178/1540/2145
f 2195/1556/2162 2178/1540/2145 2180/1541/2147
f 2266/1563/2232 2185/1546/2152 2173/1538/2140
f 2185/1546/2152 2171/1537/2138 2173/1538/2140
f 2271/1606/2236 2270/1607/2237 2269/1608/2238
f 2272/1609/2239 2271/1606/2236 2269/1608/2238
f 2273/1610/2240 2271/1606/2236 2272/1609/2239
f 2274/1611/2241 2273/1610/2240 2272/1609/2239
f 2275/1612/2242 2273/1610/2240 2274/1611/2241
f 2276/1613/2243 2275/1612/2242 2274/1611/2241
f 2269/1608/2238 2270/1607/2237 2277/1614/2244
f 2278/1615/1749 2269/1608/2238 2277/1614/2244
f 2271/1606/2236 2273/1610/2240 2279/1616/2245
f 2280/1617/2246 2271/1606/2236 2279/1616/2245
f 2281/1607/2247 2271/1606/2236 2280/1617/2246
f 2282/1618/2248 2281/1607/2247 2280/1617/2246
f 2282/1618/2248 2283/1619/2249 2281/1607/2247
f 2283/1619/2249 2284/1614/2249 2281/1607/2247
f 2273/1610/2240 2275/1612/2242 2285/1620/2250
f 2279/1616/2245 2273/1610/2240 2285/1620/2250
f 2285/1620/2250 2275/1612/2242 2286/1621/2251
f 2275/1612/2242 2287/1622/2252 2286/1621/2251
f 2287/1622/2252 2275/1612/2242 2276/1613/2243
f 2288/1623/2253 2286/1621/2251 2287/1622/2252
f 2289/1624/2254 2288/1623/2253 2287/1622/2252
f 2289/1624/2254 2287/1622/2252 2290/1625/2255
f 2290/1625/2255 2287/1622/2252 2276/1613/2243
f 2291/1626/2256 2289/1624/2254 2290/1625/2255
f 2292/1627/2257 2289/1624/2254 2291/1626/2256
f 2293/1628/2258 2292/1627/2257 2291/1626/2256
f 2294/1629/2259 2292/1627/2257 2293/1628/2258
f 2295/1630/2260 2294/1629/2259 2293/1628/2258
f 2296/1631/2261 2294/1629/2259 2295/1630/2260
f 2297/1632/2262 2296/1631/2261 2295/1630/2260
f 2227/1582/2194 2296/1631/2261 2297/1632/2262
f 2226/1581/2193 2227/1582/2194 2297/1632/2262
f 2227/1582/2194 2228/1583/2195 2296/1631/2261
f 2228/1583/2195 2298/1633/2263 2296/1631/2261
f 2296/1631/2261 2298/1633/2263 2294/1629/2259
f 2298/1633/2263 2299/1634/2264 2294/1629/2259
f 2294/1629/2259 2299/1634/2264 2292/1627/2257
f 2299/1634/2264 2300/1635/2265 2292/1627/2257
f 2300/1635/2265 2288/1623/2253 2289/1624/2254
f 2292/1627/2257 2300/1635/2265 2289/1624/2254
f 2303/1636/2266 2302/1637/2267 2301/1638/2268
f 2304/1639/2269 2303/1636/2266 2301/1638/2268
f 2305/1640/2270 2303/1636/2266 2304/1639/2269
f 2306/1641/2271 2305/1640/2270 2304/1639/2269
f 2307/1642/2272 2305/1640/2270 2306/1641/2271
f 2308/1643/2273 2307/1642/2272 2306/1641/2271
f 2309/1644/2274 2307/1642/2272 2308/1643/2273
f 2310/1645/2275 2309/1644/2274 2308/1643/2273
f 2311/1646/2276 2309/1644/2274 2310/1645/2275
f 2312/1647/2277 2311/1646/2276 2310/1645/2275
f 2313/1648/2278 2311/1646/2276 2312/1647/2277
f 2314/1649/2278 2313/1648/2278 2312/1647/2277
f 2315/1650/2279 2313/1648/2278 2314/1649/2278
f 2316/1651/2280 2315/1650/2279 2314/1649/2278
f 2317/1652/2281 2315/1650/2279 2316/1651/2280
f 2318/1653/2282 2317/1652/2281 2316/1651/2280
f 2319/1654/2283 2317/1652/2281 2318/1653/2282
f 2320/1655/2284 2319/1654/2283 2318/1653/2282
f 2321/1656/2285 2319/1654/2283 2320/1655/2284
f 2322/1657/2286 2321/1656/2285 2320/1655/2284
f 2323/1658/2287 2321/1656/2285 2322/1657/2286
f 2324/1659/2288 2323/1658/2287 2322/1657/2286
f 2325/1660/2289 2323/1658/2287 2324/1659/2288
f 2326/1661/2290 2325/1660/2289 2324/1659/2288
f 2329/1662/2291 2328/1663/2292 2327/1664/2293
f 2330/1665/2294 2329/1662/2291 2327/1664/2293
f 2331/1666/2295 2329/1662/2291 2330/1665/2294
f 2332/1667/2296 2331/1666/2295 2330/1665/2294
f 2333/1668/2297 2331/1666/2295 2332/1667/2296
f 2334/1669/2297 2333/1668/2297 2332/1667/2296
f 2327/1664/2293 2328/1663/2292 2335/1670/2298
f 2328/1663/2292 2336/1671/2298 2335/1670/2298
f 2339/1671/2299 2338/1672/2300 2337/1673/2301
f 2340/1670/2299 2339/1671/2299 2337/1673/2301
f 2337/1673/2301 2338/1672/2300 2341/1674/2302
f 2338/1672/2300 2342/1675/2303 2341/1674/2302
f 2341/1674/2302 2342/1675/2303 2343/1676/2304
f 2342/1675/2303 2344/1677/2305 2343/1676/2304
f 2347/1518/2306 2346/1678/2307 2345/1679/2308
f 2348/1517/2306 2347/1518/2306 2345/1679/2308
f 2345/1679/2308 2346/1678/2307 2349/1680/2309
f 2346/1678/2307 2350/1681/2310 2349/1680/2309
f 2349/1680/2309 2350/1681/2310 2351/1682/2311
f 2350/1681/2310 2352/1683/2312 2351/1682/2311
f 2351/1682/2311 2352/1683/2312 2353/1669/2313
f 2352/1683/2312 2354/1668/2314 2353/1669/2313
f 2357/1684/2315 2356/1685/2316 2355/1686/2317
f 2358/1687/2318 2357/1684/2315 2355/1686/2317
f 2359/1688/2241 2357/1684/2315 2358/1687/2318
f 2360/1689/2319 2359/1688/2241 2358/1687/2318
f 2361/1690/2320 2359/1688/2241 2360/1689/2319
f 2362/1691/2321 2361/1690/2320 2360/1689/2319
f 2363/1692/2322 2361/1690/2320 2362/1691/2321
f 2364/1693/2323 2363/1692/2322 2362/1691/2321
f 2365/1694/2324 2363/1692/2322 2364/1693/2323
f 2366/1695/2325 2365/1694/2324 2364/1693/2323
f 2367/1696/2326 2365/1694/2324 2366/1695/2325
f 2368/1697/2327 2367/1696/2326 2366/1695/2325
f 2369/1698/2328 2367/1696/2326 2368/1697/2327
f 2370/1699/2329 2369/1698/2328 2368/1697/2327
f 2371/1700/2330 2369/1698/2328 2370/1699/2329
f 2372/1701/2331 2371/1700/2330 2370/1699/2329
f 2373/1702/2332 2371/1700/2330 2372/1701/2331
f 2374/1703/2333 2373/1702/2332 2372/1701/2331
f 2375/1704/2334 2373/1702/2332 2374/1703/2333
f 2376/1705/2335 2375/1704/2334 2374/1703/2333
f 2377/1706/2336 2375/1704/2334 2376/1705/2335
f 2378/1707/2337 2377/1706/2336 2376/1705/2335
f 2302/1637/2267 2377/1706/2336 2378/1707/2337
f 2301/1638/2268 2302/1637/2267 2378/1707/2337
f 2380/1708/2338 2379/1709/2339 2116/1481/2085
f 2117/1484/2088 2380/1708/2338 2116/1481/2085
f 2355/1686/2317 2356/1685/2316 2381/1710/1749
f 2382/1711/1751 2355/1686/2317 2381/1710/1749
f 2383/1712/1753 2355/1686/2317 2382/1711/1751
f 1755/1245/1749 2384/1239/2340 1741/1236/1736
f 2387/1713/2341 2386/1714/2342 2385/1715/2343
f 2386/1714/2342 2388/1716/2344 2385/1715/2343
f 2386/1714/2342 2389/1717/2345 2388/1716/2344
f 2391/1717/2346 2390/1718/2347 2388/1716/1417
f 2390/1718/2347 2392/1719/2348 2388/1716/1417
f 2390/1718/2347 2393/1720/2349 2392/1719/2348
f 2393/1720/2349 2394/1721/2350 2392/1719/2348
f 2394/1721/2350 2395/1722/1648 2392/1719/2348
f 2394/1721/2350 2396/1723/2351 2395/1722/1648
f 2396/1723/2351 2397/1724/2352 2395/1722/1648
f 2397/1724/2352 2398/1725/2353 2395/1722/1648
f 2397/1724/2352 2399/1726/2354 2398/1725/2353
f 2399/1726/2354 2400/1727/2355 2398/1725/2353
f 2400/1727/2355 2401/1728/2356 2398/1725/2353
f 2400/1727/2355 2402/1729/2357 2401/1728/2356
f 2402/1729/2357 2403/1730/2358 2401/1728/2356
f 2403/1730/2358 2404/1731/2359 2401/1728/2356
f 2403/1730/2358 2405/1732/2360 2404/1731/2359
f 2405/1732/2360 2406/1733/2361 2404/1731/2359
f 2404/1731/2359 2406/1733/2361 2407/1734/2362
f 2406/1733/2361 2408/1735/2363 2407/1734/2362
f 2408/1735/2363 2409/1736/2364 2407/1734/2362
f 2407/1734/2362 2409/1736/2364 2410/1737/1538
f 2409/1736/2364 2411/1738/2365 2410/1737/1538
f 2413/1739/2366 2410/1737/2367 2412/1738/2368
f 2414/1740/2369 2413/1739/2366 2412/1738/2368
f 2413/1739/2370 2416/1741/2371 2415/1742/2372
f 2416/1741/2371 2417/1743/2373 2415/1742/2372
f 2418/1740/2374 2416/1741/2371 2413/1739/2370
f 2415/1742/2375 2420/1744/2376 2419/1745/2377
f 2420/1744/2376 2421/1746/2378 2419/1745/2377
f 2422/1743/2373 2420/1744/2376 2415/1742/2375
f 2421/1746/2378 2423/1747/2379 2419/1745/2377
f 2419/1745/2377 2423/1747/2379 2424/1748/2380
f 2423/1747/2379 2425/1749/2341 2424/1748/2380
f 2428/1750/2381 2427/1751/2382 2426/1752/2383
f 2429/1753/2384 2428/1750/2381 2426/1752/2383
f 2427/1751/2382 2428/1750/2381 2430/1754/2385
f 2431/1755/2386 2427/1751/2382 2430/1754/2385
f 2430/1754/2385 2428/1750/2381 2432/1756/2387
f 2428/1750/2381 2433/1757/2388 2432/1756/2387
f 2433/1757/2388 2428/1750/2381 2429/1753/2384
f 2434/1758/2389 2429/1753/2384 2426/1752/2383
f 2435/1759/2390 2434/1758/2389 2426/1752/2383
f 2435/1759/2390 2436/1760/2391 2434/1758/2389
f 2436/1760/2391 2437/1761/2392 2434/1758/2389
f 2434/1758/2389 2437/1761/2392 2438/1762/2393
f 2429/1753/2384 2434/1758/2389 2438/1762/2393
f 2439/1762/2394 2433/1757/2388 2429/1753/2384
f 2432/1756/2387 2433/1757/2388 2439/1762/2394
f 2432/1756/2387 2439/1762/2394 2440/1763/2395
f 2439/1762/2396 2442/1764/2397 2441/1765/2398
f 2443/1766/2399 2442/1764/2397 2439/1762/2396
f 2443/1766/2399 2444/1767/2400 2442/1764/2397
f 2444/1767/2400 2445/1768/2401 2442/1764/2397
f 2444/1767/2400 2446/1769/2402 2445/1768/2401
f 2446/1769/2402 2444/1767/2400 2447/1770/2403
f 2444/1767/2400 2448/1771/2404 2447/1770/2403
f 2444/1767/2400 2443/1766/2399 2448/1771/2404
f 2443/1766/2399 2439/1762/2396 2448/1771/2404
f 2446/1769/2402 2449/1772/2405 2445/1768/2401
f 2448/1771/2404 2450/1761/2392 2447/1770/2403
f 2450/1761/2392 2448/1771/2404 2438/1762/2406
f 2450/1761/2392 2451/1760/2407 2447/1770/2403
f 2449/1772/2405 2452/1773/2408 2445/1768/2401
f 2452/1773/2408 2453/1774/2409 2445/1768/2401
f 2445/1768/2401 2453/1774/2409 2442/1764/2397
f 2453/1774/2409 2452/1773/2408 2454/1775/2410
f 2455/1776/2411 2453/1774/2409 2454/1775/2410
f 2453/1774/2409 2456/1777/2412 2442/1764/2397
f 2456/1777/2412 2453/1774/2409 2455/1776/2411
f 2457/1778/2413 2455/1776/2411 2454/1775/2410
f 2458/1779/2414 2457/1778/2413 2454/1775/2410
f 2455/1776/2411 2457/1778/2413 2459/1780/2415
f 2459/1780/2415 2456/1777/2412 2455/1776/2411
f 2442/1764/2397 2456/1777/2412 2459/1780/2415
f 2442/1764/2397 2459/1780/2415 2460/1765/2416
f 2459/1780/2347 2462/1781/2417 2461/1782/2418
f 2463/1783/2419 2462/1781/2417 2459/1780/2347
f 2463/1783/2419 2464/1784/2420 2462/1781/2417
f 2464/1784/2420 2465/1785/2421 2462/1781/2417
f 2464/1784/2420 2466/1786/2422 2465/1785/2421
f 2466/1786/2422 2464/1784/2420 2467/1787/2423
f 2464/1784/2420 2468/1788/2424 2467/1787/2423
f 2464/1784/2420 2463/1783/2419 2468/1788/2424
f 2466/1786/2422 2469/1789/2425 2465/1785/2421
f 2468/1788/2424 2470/1790/2426 2467/1787/2423
f 2470/1790/2426 2468/1788/2424 2459/1780/2415
f 2470/1790/2426 2471/1791/2427 2467/1787/2423
f 2472/1779/2414 2471/1791/2427 2470/1790/2426
f 2473/1778/2413 2472/1779/2414 2470/1790/2426
f 2473/1778/2413 2470/1790/2426 2474/1780/2428
f 2469/1789/2425 2475/1792/2429 2465/1785/2421
f 2475/1792/2429 2476/1793/2430 2465/1785/2421
f 2465/1785/2421 2476/1793/2430 2462/1781/2417
f 2476/1793/2430 2475/1792/2429 2477/1794/2431
f 2478/1795/2432 2476/1793/2430 2477/1794/2431
f 2479/1796/2433 2476/1793/2430 2478/1795/2432
f 2476/1793/2430 2479/1796/2433 2462/1781/2417
f 2480/1797/2434 2478/1795/2432 2477/1794/2431
f 2481/1798/2435 2480/1797/2434 2477/1794/2431
f 2481/1798/2435 2482/1799/2436 2480/1797/2434
f 2482/1799/2436 2483/1800/2437 2480/1797/2434
f 2480/1797/2434 2483/1800/2437 2484/1801/2350
f 2478/1795/2432 2480/1797/2434 2484/1801/2350
f 2485/1801/2350 2479/1796/2433 2478/1795/2432
f 2462/1781/2417 2479/1796/2433 2485/1801/2350
f 2486/1781/2417 2485/1801/2438 2461/1782/2439
f 2485/1801/2438 2488/1802/2440 2487/1803/2441
f 2489/1804/2442 2488/1802/2440 2485/1801/2438
f 2489/1804/2442 2490/1805/2443 2488/1802/2440
f 2490/1805/2443 2491/1806/2444 2488/1802/2440
f 2490/1805/2443 2492/1807/2445 2491/1806/2444
f 2492/1807/2445 2490/1805/2443 2493/1808/2446
f 2490/1805/2443 2494/1809/2447 2493/1808/2446
f 2490/1805/2443 2489/1804/2442 2494/1809/2447
f 2492/1807/2445 2495/1810/2448 2491/1806/2444
f 2494/1809/2447 2496/1800/2449 2493/1808/2446
f 2496/1800/2449 2494/1809/2447 2484/1801/2450
f 2496/1800/2449 2497/1799/2451 2493/1808/2446
f 2489/1804/2442 2485/1801/2438 2498/1809/2452
f 2488/1802/2440 2499/1811/2453 2487/1803/2441
f 2488/1802/2440 2500/1812/2454 2499/1811/2453
f 2501/1813/2455 2500/1812/2454 2488/1802/2440
f 2502/1806/2456 2501/1813/2455 2488/1802/2440
f 2503/1814/2457 2501/1813/2455 2502/1806/2456
f 2495/1810/2458 2503/1814/2457 2502/1806/2456
f 2501/1813/2455 2503/1814/2457 2504/1815/2459
f 2505/1816/2460 2501/1813/2455 2504/1815/2459
f 2500/1812/2454 2501/1813/2455 2505/1816/2460
f 2499/1811/2453 2500/1812/2454 2505/1816/2460
f 2506/1817/2461 2505/1816/2460 2504/1815/2459
f 2505/1816/2460 2506/1817/2461 2499/1811/2453
f 2507/1818/2462 2506/1817/2461 2504/1815/2459
f 2499/1811/2453 2509/1819/2463 2508/1820/2354
f 2510/1821/2464 2509/1819/2463 2499/1811/2453
f 2510/1821/2464 2511/1822/2465 2509/1819/2463
f 2511/1822/2465 2510/1821/2464 2512/1823/2466
f 2510/1821/2464 2513/1824/2467 2512/1823/2466
f 2510/1821/2464 2499/1811/2453 2513/1824/2467
f 2511/1822/2465 2514/1825/2468 2509/1819/2463
f 2513/1824/2467 2515/1826/2469 2512/1823/2466
f 2515/1826/2469 2516/1827/2470 2512/1823/2466
f 2517/1818/2471 2516/1827/2470 2515/1826/2469
f 2518/1817/2472 2517/1818/2471 2515/1826/2469
f 2518/1817/2472 2515/1826/2469 2519/1811/2453
f 2515/1826/2469 2513/1824/2467 2499/1811/2453
f 2514/1825/2468 2520/1828/2473 2509/1819/2463
f 2520/1828/2473 2521/1829/2474 2509/1819/2463
f 2521/1829/2474 2520/1828/2473 2522/1830/2475
f 2523/1831/2476 2521/1829/2474 2522/1830/2475
f 2524/1832/2477 2523/1831/2476 2522/1830/2475
f 2525/1833/2478 2524/1832/2477 2522/1830/2475
f 2525/1833/2478 2526/1834/2479 2524/1832/2477
f 2526/1834/2479 2527/1835/2480 2524/1832/2477
f 2524/1832/2477 2527/1835/2480 2528/1836/2481
f 2523/1831/2476 2524/1832/2477 2528/1836/2481
f 2529/1836/2482 2521/1829/2474 2523/1831/2476
f 2509/1819/2463 2521/1829/2474 2529/1836/2482
f 2509/1819/2463 2529/1836/2482 2530/1820/2483
f 2529/1836/2355 2532/1837/2484 2531/1838/2485
f 2532/1837/2484 2533/1839/2358 2531/1838/2485
f 2532/1837/2484 2534/1840/2486 2533/1839/2358
f 2535/1841/2487 2534/1840/2486 2532/1837/2484
f 2536/1842/2488 2535/1841/2487 2532/1837/2484
f 2537/1843/2489 2535/1841/2487 2536/1842/2488
f 2535/1841/2487 2537/1843/2489 2538/1844/2490
f 2539/1845/2491 2535/1841/2487 2538/1844/2490
f 2534/1840/2486 2535/1841/2487 2539/1845/2491
f 2533/1839/2358 2534/1840/2486 2539/1845/2491
f 2540/1846/2492 2537/1843/2489 2536/1842/2488
f 2541/1847/2493 2539/1845/2491 2538/1844/2490
f 2542/1848/2494 2541/1847/2493 2538/1844/2490
f 2539/1845/2491 2541/1847/2493 2543/1839/2495
f 2544/1849/2496 2540/1846/2492 2536/1842/2488
f 2545/1850/2497 2544/1849/2496 2536/1842/2488
f 2545/1850/2497 2536/1842/2488 2532/1837/2484
f 2544/1849/2496 2545/1850/2497 2546/1851/2498
f 2545/1850/2497 2547/1852/2499 2546/1851/2498
f 2548/1853/2500 2545/1850/2497 2532/1837/2484
f 2545/1850/2497 2548/1853/2500 2547/1852/2499
f 2547/1852/2499 2549/1835/2501 2546/1851/2498
f 2549/1835/2501 2550/1834/2502 2546/1851/2498
f 2549/1835/2501 2547/1852/2499 2528/1836/2481
f 2548/1853/2500 2529/1836/2355 2547/1852/2499
f 2548/1853/2500 2532/1837/2484 2529/1836/2355
f 2552/1847/2503 2551/1854/2504 2543/1839/2505
f 2552/1847/2503 2553/1848/2494 2551/1854/2504
f 2553/1848/2494 2554/1855/2506 2551/1854/2504
f 2551/1854/2504 2554/1855/2506 2555/1856/2507
f 2556/1857/2508 2551/1854/2504 2555/1856/2507
f 2557/1858/2509 2556/1857/2508 2555/1856/2507
f 2558/1859/2510 2557/1858/2509 2555/1856/2507
f 2557/1858/2509 2558/1859/2510 2559/1860/2511
f 2558/1859/2510 2560/1861/2512 2559/1860/2511
f 2557/1858/2509 2559/1860/2511 2561/1862/2513
f 2562/1863/2514 2557/1858/2509 2561/1862/2513
f 2557/1858/2509 2562/1863/2514 2556/1857/2508
f 2551/1854/2504 2556/1857/2508 2543/1839/2505
f 2562/1863/2514 2533/1839/2515 2556/1857/2508
f 2562/1863/2514 2561/1862/2513 2533/1839/2515
f 2533/1839/2515 2561/1862/2513 2563/1864/2360
f 2560/1861/2512 2564/1865/2516 2559/1860/2511
f 2564/1865/2516 2565/1866/2517 2559/1860/2511
f 2559/1860/2511 2565/1866/2517 2561/1862/2513
f 2565/1866/2517 2564/1865/2516 2566/1867/2518
f 2567/1868/2519 2565/1866/2517 2566/1867/2518
f 2565/1866/2517 2568/1869/2520 2561/1862/2513
f 2568/1869/2520 2565/1866/2517 2567/1868/2519
f 2561/1862/2513 2569/1870/2521 2563/1864/2360
f 2569/1870/2521 2568/1869/2520 2567/1868/2519
f 2561/1862/2513 2568/1869/2520 2569/1870/2521
f 2570/1871/2522 2567/1868/2519 2566/1867/2518
f 2571/1872/2523 2570/1871/2522 2566/1867/2518
f 2571/1872/2523 2572/1873/2524 2570/1871/2522
f 2572/1873/2524 2573/1874/2525 2570/1871/2522
f 2570/1871/2522 2573/1874/2525 2574/1870/2526
f 2567/1868/2519 2570/1871/2522 2574/1870/2526
f 2569/1870/2521 2576/1875/2527 2575/1876/2363
f 2577/1877/2528 2576/1875/2527 2569/1870/2521
f 2577/1877/2528 2578/1878/2529 2576/1875/2527
f 2578/1878/2529 2579/1879/2530 2576/1875/2527
f 2578/1878/2529 2580/1880/2531 2579/1879/2530
f 2580/1880/2531 2578/1878/2529 2581/1881/2532
f 2578/1878/2529 2582/1882/2533 2581/1881/2532
f 2578/1878/2529 2577/1877/2528 2582/1882/2533
f 2577/1877/2528 2569/1870/2521 2582/1882/2533
f 2580/1880/2531 2583/1883/2534 2579/1879/2530
f 2582/1882/2533 2584/1874/2535 2581/1881/2532
f 2584/1874/2535 2582/1882/2533 2574/1870/2536
f 2584/1874/2535 2585/1873/2524 2581/1881/2532
f 2463/1783/2419 2459/1780/2347 2586/1788/2537
f 2589/1884/2538 2588/1885/2539 2587/1886/2540
f 2590/1887/2541 2589/1884/2538 2587/1886/2540
f 2590/1887/2541 2587/1886/2540 2591/1888/2542
f 2587/1886/2540 2588/1885/2539 2592/1889/2543
f 2593/1890/2544 2587/1886/2540 2592/1889/2543
f 2587/1886/2540 2593/1890/2544 2591/1888/2542
f 2593/1890/2544 2594/1891/2545 2591/1888/2542
f 2595/1892/2546 2589/1884/2538 2590/1887/2541
f 2596/1893/2547 2595/1892/2546 2590/1887/2541
f 2596/1893/2547 2590/1887/2541 2591/1888/2542
f 2593/1890/2544 2592/1889/2543 2597/1894/2548
f 2598/1895/2549 2593/1890/2544 2597/1894/2548
f 2593/1890/2544 2598/1895/2549 2594/1891/2545
f 2598/1895/2549 2599/1896/2550 2594/1891/2545
f 2600/1897/2551 2599/1896/2550 2598/1895/2549
f 2599/1896/2550 2600/1897/2551 2601/1898/2369
f 2602/1899/2552 2600/1897/2551 2598/1895/2549
f 2602/1899/2552 2598/1895/2549 2597/1894/2548
f 2603/1900/2553 2600/1897/2551 2602/1899/2552
f 2603/1900/2553 2602/1899/2552 2604/1901/2554
f 2604/1901/2554 2602/1899/2552 2597/1894/2548
f 2605/1902/2555 2603/1900/2553 2604/1901/2554
f 2603/1900/2553 2605/1902/2555 2606/1903/2556
f 2605/1902/2555 2607/1904/2557 2606/1903/2556
f 2607/1904/2557 2608/1905/2558 2606/1903/2556
f 2608/1905/2558 2609/1906/2559 2606/1903/2556
f 2609/1906/2559 2608/1905/2558 2610/1907/2560
f 2611/1908/2561 2609/1906/2559 2610/1907/2560
f 2606/1903/2556 2609/1906/2559 2612/1909/2562
f 2612/1909/2562 2609/1906/2559 2611/1908/2561
f 2613/1910/2563 2606/1903/2556 2612/1909/2562
f 2612/1909/2562 2611/1908/2561 2614/1911/2564
f 2614/1911/2564 2615/1912/2565 2612/1909/2562
f 2615/1912/2565 2614/1911/2564 2616/1913/2566
f 2611/1908/2561 2610/1907/2560 2616/1913/2566
f 2614/1911/2564 2611/1908/2561 2616/1913/2566
f 2617/1914/2567 2615/1912/2565 2616/1913/2566
f 2617/1914/2567 2618/1915/2568 2615/1912/2565
f 2618/1915/2568 2619/1916/2569 2615/1912/2565
f 2615/1912/2565 2619/1916/2569 2620/1909/2570
f 2613/1910/2563 2621/1917/2571 2606/1903/2556
f 2621/1917/2571 2603/1900/2553 2606/1903/2556
f 2603/1900/2553 2621/1917/2571 2600/1897/2551
f 2621/1917/2571 2601/1898/2369 2600/1897/2551
f 2612/1909/2572 2623/1918/2573 2622/1919/2574
f 2624/1920/2575 2623/1918/2573 2612/1909/2572
f 2624/1920/2575 2625/1921/2576 2623/1918/2573
f 2625/1921/2576 2626/1922/2577 2623/1918/2573
f 2625/1921/2576 2627/1923/2578 2626/1922/2577
f 2627/1923/2578 2625/1921/2576 2628/1924/2579
f 2625/1921/2576 2629/1925/2580 2628/1924/2579
f 2625/1921/2576 2624/1920/2575 2629/1925/2580
f 2627/1923/2578 2630/1926/2581 2626/1922/2577
f 2629/1925/2580 2631/1916/2582 2628/1924/2579
f 2631/1916/2582 2632/1915/2568 2628/1924/2579
f 2631/1916/2582 2629/1925/2580 2612/1909/2583
f 2624/1920/2575 2612/1909/2572 2633/1925/2584
f 2630/1926/2581 2634/1927/2585 2626/1922/2577
f 2634/1927/2585 2635/1928/2586 2626/1922/2577
f 2635/1928/2586 2634/1927/2585 2636/1929/2587
f 2637/1930/2588 2635/1928/2586 2636/1929/2587
f 2626/1922/2577 2635/1928/2586 2638/1918/2573
f 2635/1928/2586 2639/1931/2589 2638/1918/2573
f 2639/1931/2589 2635/1928/2586 2637/1930/2588
f 2640/1932/2590 2637/1930/2588 2636/1929/2587
f 2641/1933/2591 2640/1932/2590 2636/1929/2587
f 2637/1930/2588 2640/1932/2590 2642/1934/2592
f 2643/1934/2593 2639/1931/2589 2637/1930/2588
f 2623/1918/2573 2639/1931/2589 2643/1934/2593
f 2623/1918/2573 2643/1934/2593 2622/1919/2574
f 2643/1934/2594 2645/1935/2595 2644/1936/2596
f 2646/1937/2597 2645/1935/2595 2643/1934/2594
f 2646/1937/2597 2647/1938/2598 2645/1935/2595
f 2647/1938/2598 2648/1939/2599 2645/1935/2595
f 2647/1938/2598 2649/1940/2600 2648/1939/2599
f 2649/1940/2600 2647/1938/2598 2650/1941/2601
f 2647/1938/2598 2651/1942/2602 2650/1941/2601
f 2647/1938/2598 2646/1937/2597 2651/1942/2602
f 2646/1937/2597 2643/1934/2594 2651/1942/2602
f 2649/1940/2600 2652/1943/2603 2648/1939/2599
f 2651/1942/2602 2653/1944/2604 2650/1941/2601
f 2653/1944/2604 2651/1942/2602 2642/1934/2594
f 2654/1932/2605 2653/1944/2604 2642/1934/2594
f 2654/1932/2605 2655/1933/2591 2653/1944/2604
f 2655/1933/2591 2656/1945/2606 2653/1944/2604
f 2653/1944/2604 2656/1945/2606 2650/1941/2601
f 2659/1946/2607 2658/1947/2608 2657/1948/2609
f 2660/1949/2610 2659/1946/2607 2657/1948/2609
f 2658/1947/2608 2659/1946/2607 2661/1950/2611
f 2662/1951/2612 2658/1947/2608 2661/1950/2611
f 2661/1950/2611 2659/1946/2607 2663/1952/2613
f 2659/1946/2607 2664/1953/2614 2663/1952/2613
f 2664/1953/2614 2659/1946/2607 2660/1949/2610
f 2665/1893/2615 2660/1949/2610 2657/1948/2609
f 2666/1892/2546 2665/1893/2615 2657/1948/2609
f 2660/1949/2610 2665/1893/2615 2591/1888/2616
f 2591/1888/2616 2664/1953/2614 2660/1949/2610
f 2663/1952/2613 2664/1953/2614 2591/1888/2616
f 2591/1888/2616 2667/1954/2617 2663/1952/2613
f 2668/1955/2618 2663/1952/2613 2667/1954/2617
f 2668/1955/2618 2669/1956/2619 2663/1952/2613
f 2669/1956/2619 2670/1950/2620 2663/1952/2613
f 2671/1957/2621 2662/1951/2622 2670/1950/2620
f 2669/1956/2619 2671/1957/2621 2670/1950/2620
f 2671/1957/2621 2669/1956/2619 2672/1958/2623
f 2669/1956/2619 2673/1959/2624 2672/1958/2623
f 2669/1956/2619 2668/1955/2618 2673/1959/2624
f 2668/1955/2618 2667/1954/2617 2673/1959/2624
f 2673/1959/2624 2674/1960/2625 2672/1958/2623
f 2674/1960/2625 2673/1959/2624 2667/1954/2617
f 2674/1960/2625 2675/1961/2626 2672/1958/2623
f 2591/1888/2627 2677/1962/2628 2676/1954/2629
f 2667/1954/2617 2679/1963/2630 2678/1964/2631
f 2678/1964/2631 2679/1963/2630 2680/1965/2632
f 2681/1966/2633 2678/1964/2631 2680/1965/2632
f 2681/1966/2633 2682/1967/2634 2678/1964/2631
f 2682/1967/2634 2683/1968/2635 2678/1964/2631
f 2679/1963/2630 2684/1969/2636 2680/1965/2632
f 2679/1963/2630 2667/1954/2617 2684/1969/2636
f 2684/1969/2636 2685/1970/2637 2680/1965/2632
f 2684/1969/2636 2686/1971/2638 2685/1970/2637
f 2684/1969/2636 2667/1954/2617 2686/1971/2638
f 2686/1971/2638 2687/1972/2639 2685/1970/2637
f 2687/1972/2639 2686/1971/2638 2688/1973/2640
f 2689/1974/2641 2687/1972/2639 2688/1973/2640
f 2689/1974/2641 2688/1973/2640 2690/1975/2642
f 2691/1976/2643 2689/1974/2641 2690/1975/2642
f 2692/1977/2365 2690/1975/2642 2688/1973/2640
f 2667/1954/2617 2692/1977/2365 2686/1971/2638
f 2692/1977/2365 2688/1973/2640 2686/1971/2638
f 2693/1978/2644 2690/1975/2642 2692/1977/2365
f 2694/1979/2645 2690/1975/2642 2693/1978/2644
f 2695/1980/2646 2691/1976/2643 2690/1975/2642
f 2694/1979/2645 2695/1980/2646 2690/1975/2642
f 2696/1981/2647 2695/1980/2646 2694/1979/2645
f 2697/1982/2648 2696/1981/2647 2694/1979/2645
f 2698/1983/2649 2696/1981/2647 2697/1982/2648
f 2699/1984/2650 2698/1983/2649 2697/1982/2648
f 2699/1984/2650 2697/1982/2648 2693/1978/2651
f 2698/1983/2649 2699/1984/2650 2700/1985/2652
f 2699/1984/2650 2701/1986/2653 2700/1985/2652
f 2699/1984/2650 2693/1978/2651 2701/1986/2653
f 2701/1986/2653 2702/1987/2654 2700/1985/2652
f 2702/1987/2654 2703/1988/2655 2700/1985/2652
f 2704/1989/2656 2703/1988/2655 2702/1987/2654
f 2705/1990/2657 2704/1989/2656 2702/1987/2654
f 2705/1990/2657 2702/1987/2654 2706/1978/2644
f 2702/1987/2654 2701/1986/2653 2706/1978/2644
f 2697/1982/2648 2694/1979/2645 2706/1978/2658
f 2708/1991/2659 2693/1978/2651 2707/1992/2363
f 2708/1991/2659 2709/1993/2660 2693/1978/2651
f 2710/1994/2661 2709/1993/2660 2708/1991/2659
f 2711/1995/2530 2710/1994/2661 2708/1991/2659
f 2709/1993/2660 2710/1994/2661 2712/1996/2662
f 2712/1996/2662 2710/1994/2661 2713/1997/2663
f 2710/1994/2661 2714/1998/2664 2713/1997/2663
f 2714/1998/2664 2710/1994/2661 2715/1995/2530
f 2716/1999/2665 2714/1998/2664 2715/1995/2530
f 2717/1990/2666 2712/1996/2662 2713/1997/2663
f 2712/1996/2662 2717/1990/2666 2706/1978/2667
f 2718/1989/2668 2717/1990/2666 2713/1997/2663
f 2693/1978/2651 2709/1993/2660 2712/1996/2662
f 2683/1968/2635 2720/1960/2669 2719/1954/2617
f 2721/1961/2626 2720/1960/2669 2683/1968/2635
f 2682/1967/2634 2721/1961/2626 2683/1968/2635
f 2678/1964/2631 2683/1968/2635 2719/1954/2617
f 2594/1891/2545 2599/1896/2550 2722/1962/2368
f 2599/1896/2670 2724/1898/2671 2723/1962/2672
f 2591/1888/2542 2726/1891/2673 2725/1962/2674
f 2729/2000/2675 2728/2001/2676 2727/2002/2677
f 2730/2003/2678 2729/2000/2675 2727/2002/2677
f 2730/2003/2678 2727/2002/2677 2731/2004/2679
f 2732/2005/2680 2730/2003/2678 2731/2004/2679
f 2728/2001/2681 2734/2006/2682 2733/2007/2683
f 2735/2002/2684 2728/2001/2681 2733/2007/2683
f 2735/2002/2684 2733/2007/2683 2736/2008/2685
f 2731/2004/2686 2735/2002/2684 2736/2008/2685
f 2734/2006/2687 2738/2009/2688 2737/2010/2689
f 2739/2007/2690 2734/2006/2687 2737/2010/2689
f 2739/2007/2690 2737/2010/2689 2740/2011/2691
f 2736/2008/2692 2739/2007/2690 2740/2011/2691
f 2738/2009/2693 2742/2012/2694 2741/2013/2695
f 2743/2010/2696 2738/2009/2693 2741/2013/2695
f 2743/2010/2696 2741/2013/2695 2744/2014/2697
f 2740/2011/2698 2743/2010/2696 2744/2014/2697
f 2746/2015/2699 2729/2000/2700 2745/2003/2701
f 2747/2016/2702 2746/2015/2699 2745/2003/2701
f 2747/2016/2702 2745/2003/2701 2732/2005/2703
f 2748/2017/2704 2747/2016/2702 2732/2005/2703
f 2750/2018/2705 2746/2015/2706 2749/2016/2707
f 2751/2019/2708 2750/2018/2705 2749/2016/2707
f 2751/2019/2708 2749/2016/2707 2748/2017/2709
f 2752/2020/2710 2751/2019/2708 2748/2017/2709
f 2754/2021/2711 2750/2018/2712 2753/2019/2713
f 2755/2022/2714 2754/2021/2711 2753/2019/2713
f 2755/2022/2714 2753/2019/2713 2752/2020/2715
f 2756/2023/2716 2755/2022/2714 2752/2020/2715
f 2758/2024/2717 2754/2021/2718 2757/2022/2719
f 2759/2025/2720 2758/2024/2717 2757/2022/2719
f 2759/2025/2720 2757/2022/2719 2756/2023/2721
f 2760/2026/2722 2759/2025/2720 2756/2023/2721
f 2762/2027/2723 2758/2024/2724 2761/2025/2725
f 2763/2028/2726 2762/2027/2723 2761/2025/2725
f 2763/2028/2726 2761/2025/2725 2760/2026/2727
f 2764/2029/2728 2763/2028/2726 2760/2026/2727
f 2766/2030/2729 2762/2027/2730 2765/2028/2731
f 2767/2031/2732 2766/2030/2729 2765/2028/2731
f 2767/2031/2732 2765/2028/2731 2764/2029/2733
f 2768/2032/2734 2767/2031/2732 2764/2029/2733
f 2770/2033/2735 2766/2030/2736 2769/2031/2737
f 2771/2034/2738 2770/2033/2735 2769/2031/2737
f 2771/2034/2738 2769/2031/2737 2768/2032/2739
f 2772/2035/2740 2771/2034/2738 2768/2032/2739
f 2774/2036/2741 2770/2033/2742 2773/2034/2743
f 2775/2037/2744 2774/2036/2741 2773/2034/2743
f 2775/2037/2744 2773/2034/2743 2772/2035/2745
f 2776/2038/2746 2775/2037/2744 2772/2035/2745
o handle
v -255.294540 0.835967 -3.840432
v -251.053619 0.456478 -6.005881
v -251.053619 2.566952 -5.195745
v -255.294571 -0.948837 -3.793694
v -251.053604 -1.776317 -5.652248
v -230.756958 3.121027 -5.958366
v -230.756958 0.555008 -6.943363
v -230.756958 0.555008 -6.943363
v -230.756958 -2.159725 -6.513395
v -223.671082 3.506119 -6.488400
v -223.671082 0.623493 -7.594933
v -223.671082 0.623493 -7.594933
v -223.671082 -2.426204 -7.111913
v -210.411957 3.740453 -6.810935
v -210.411957 0.665165 -7.991428
v -210.411942 -2.588356 -7.476116
v -197.837769 3.843699 -6.953045
v -197.837769 0.683525 -8.166121
v -197.837769 0.683525 -8.166121
v -197.837769 -2.659801 -7.636590
v -193.748932 4.050891 -7.238224
v -193.748932 0.720374 -8.516683
v -193.748932 0.720374 -8.516683
v -193.748932 -2.803177 -7.958615
v -159.336716 5.129056 -8.722203
v -159.336731 0.912112 -10.340925
v -159.336731 0.912112 -10.340925
v -159.336716 -3.549243 -9.634323
v -151.178925 5.398552 -8.951662
v -151.178925 0.960035 -10.655445
v -151.178925 0.960035 -10.655445
v -151.178925 -3.735724 -9.911699
v -131.431808 5.528298 -8.556676
v -131.431808 0.983111 -10.301415
v -131.431808 0.983111 -10.301415
v -131.431808 -3.825504 -9.539804
v -110.179794 5.061534 -7.273190
v -110.179794 0.900106 -8.870605
v -110.179794 0.900106 -8.870605
v -110.179794 -3.502525 -8.173326
v -96.959221 4.473423 -6.157150
v -96.959221 0.795518 -7.568962
v -96.959221 -3.095547 -6.952679
v -85.436287 3.324511 -4.220853
v -85.436134 5.082060 -2.127297
v -96.959221 6.952678 -3.095531
v -110.179794 5.061534 -7.273190
v -110.179794 7.866735 -3.809054
v -131.431808 5.528298 -8.556676
v -131.431808 8.592186 -4.773099
v -151.178925 5.398552 -8.951662
v -151.178925 8.390530 -5.256866
v -159.336716 5.129056 -8.722203
v -159.336716 7.971675 -5.211854
v -193.748932 4.050891 -7.238224
v -193.748932 6.295977 -4.465776
v -197.837769 3.843699 -6.953045
v -197.837769 5.973955 -4.322403
v -210.411957 5.813478 -4.250957
v -223.671082 3.506119 -6.488400
v -223.671082 5.449276 -4.088802
v -230.756958 3.121027 -5.958366
v -230.756958 4.850760 -3.822322
v -251.053604 3.989614 -3.438905
v -255.294540 0.835967 -3.840432
v -255.294540 2.131061 -2.611435
v -223.671082 5.449276 -4.088802
v -210.411942 6.328794 -0.997443
v -223.671082 5.932310 -1.039110
v -230.756958 4.850760 -3.822322
v -230.756958 5.280732 -1.107592
v -251.053604 3.989614 -3.438905
v -251.053604 4.343253 -1.206120
v -255.294540 2.131061 -2.611435
v -255.294540 2.177797 -0.826629
v -255.294540 2.177797 -0.826629
v -251.053604 3.533117 0.904359
v -251.053619 1.776282 2.327017
v -255.294540 0.948798 0.468466
v -230.756958 2.159690 3.188157
v -230.756958 4.295734 1.458426
v -230.756958 4.295734 1.458426
v -230.756958 5.280732 -1.107592
v -223.671082 4.825766 1.843517
v -223.671082 5.932310 -1.039110
v -223.671082 2.426169 3.786672
v -223.671082 4.825766 1.843517
v -210.411957 5.148298 2.077846
v -210.411957 2.588321 4.150874
v -197.837769 2.659768 4.311341
v -197.837769 5.290411 2.181093
v -197.837769 5.290411 2.181093
v -197.837769 6.503483 -0.979083
v -193.748932 5.575583 2.388283
v -193.748932 6.854048 -0.942244
v -193.748932 2.803143 4.633364
v -193.748932 5.575583 2.388283
v -159.336731 7.059557 3.466438
v -159.336716 8.678282 -0.750511
v -159.336716 3.549212 6.309062
v -151.178925 7.430490 3.877409
v -151.178925 9.134273 -0.561104
v -151.178925 3.735693 6.869382
v -151.178925 7.430490 3.877409
v -131.431808 7.609056 4.580700
v -131.431824 9.353792 0.035503
v -131.431808 3.825476 7.644578
v -131.431808 7.609056 4.580700
v -110.179794 3.502492 7.560190
v -110.179794 6.966618 4.754988
v -110.179794 6.966618 4.754988
v -110.179794 8.564042 0.593561
v -96.959221 3.095528 6.952701
v -96.959221 6.157150 4.473444
v -96.959221 6.157150 4.473444
v -96.959221 7.568964 0.795542
v -85.436539 2.240659 5.032624
v -85.436783 4.476707 3.211400
v -85.436928 5.532813 0.559864
v -96.959221 6.952678 -3.095531
v -110.179794 7.866735 -3.809054
v -110.179794 8.564042 0.593561
v -131.431808 8.592186 -4.773099
v -131.431824 9.353792 0.035503
v -151.178925 8.390530 -5.256866
v -151.178925 9.134273 -0.561104
v -159.336716 7.971675 -5.211854
v -159.336716 8.678282 -0.750511
v -193.748932 6.295977 -4.465776
v -193.748932 6.854048 -0.942244
v -197.837769 5.973955 -4.322403
v -197.837769 6.503483 -0.979083
v -255.294540 0.948798 0.468466
v -251.053619 1.776282 2.327017
v -251.053604 -0.456514 2.680656
v -255.294540 -0.836004 0.515200
v -230.756958 -0.555046 3.618135
v -230.756958 2.159690 3.188157
v -223.671082 -0.623531 4.269699
v -223.671082 2.426169 3.786672
v -210.411957 -0.665200 4.666189
v -197.837769 -0.683560 4.840879
v -197.837769 2.659768 4.311341
v -193.748932 -0.720405 5.191443
v -193.748932 2.803143 4.633364
v -159.336731 -0.912139 7.015667
v -159.336716 3.549212 6.309062
v -151.178925 -0.960063 7.613128
v -151.178925 3.735693 6.869382
v -131.431808 -0.983129 8.406198
v -131.431808 3.825476 7.644578
v -110.179794 -0.900127 8.257488
v -110.179794 3.502492 7.560190
v -96.959221 -0.795538 7.568985
v -96.959221 3.095528 6.952701
v -85.436783 -0.605941 5.505718
v -96.959221 -0.795538 7.568985
v -85.436943 -3.292722 4.515493
v -96.959221 -4.473444 6.157175
v -110.179794 -0.900127 8.257488
v -110.179794 -5.061555 6.660077
v -131.431808 -0.983129 8.406198
v -131.431824 -5.528326 6.661448
v -151.178925 -0.960063 7.613128
v -151.178925 -5.398582 5.909347
v -159.336731 -0.912139 7.015667
v -159.336716 -5.129086 5.396935
v -193.748932 -0.720405 5.191443
v -193.748932 -4.050921 3.912974
v -197.837769 -0.683560 4.840879
v -197.837769 -3.843733 3.627803
v -210.411942 -3.740487 3.485694
v -223.671082 -0.623531 4.269699
v -223.671082 -3.506154 3.163166
v -230.756958 -0.555046 3.618135
v -230.756958 -3.121060 2.633139
v -251.053604 -2.566991 1.870523
v -255.294540 -0.836004 0.515200
v -251.053604 -3.989651 0.113681
v -255.294540 -2.131098 -0.713796
v -230.756958 -4.850795 0.497092
v -230.756958 -3.121060 2.633139
v -223.671082 -5.449313 0.763572
v -223.671082 -3.506154 3.163166
v -210.411957 -5.813513 0.925717
v -197.837769 -5.973984 0.997166
v -197.837769 -3.843733 3.627803
v -193.748932 -6.296000 1.140538
v -193.748932 -4.050921 3.912974
v -159.336716 -7.971706 1.886597
v -159.336716 -5.129086 5.396935
v -151.178925 -8.390556 2.214559
v -151.178925 -5.398582 5.909347
v -131.431808 -8.592205 2.877883
v -131.431824 -5.528326 6.661448
v -110.179794 -7.866753 3.195948
v -110.179794 -5.061555 6.660077
v -96.959221 -6.952700 3.095546
v -85.437698 -5.164838 2.275182
v -255.294540 -2.131098 -0.713796
v -251.053604 -3.989651 0.113681
v -251.053619 -4.343291 -2.119110
v -255.294540 -2.177836 -2.498599
v -230.756958 -5.280767 -2.217647
v -230.756958 -4.850795 0.497092
v -223.671082 -5.932333 -2.286134
v -223.671082 -5.449313 0.763572
v -210.411957 -6.328826 -2.327809
v -210.411957 -5.813513 0.925717
v -197.837769 -6.503515 -2.346169
v -197.837769 -5.973984 0.997166
v -193.748932 -6.854080 -2.383018
v -193.748932 -6.296000 1.140538
v -159.336716 -8.678310 -2.574762
v -159.336716 -7.971706 1.886597
v -151.178925 -9.134300 -2.481219
v -151.178925 -8.390556 2.214559
v -131.431808 -9.353817 -1.930729
v -131.431808 -8.592205 2.877883
v -110.179794 -8.564063 -1.206676
v -110.179794 -7.866753 3.195948
v -96.959221 -7.568984 -0.795520
v -96.959221 -6.952700 3.095546
v -85.437485 -5.561172 -0.550542
v -85.437698 -5.164838 2.275182
v -96.959221 -7.568984 -0.795520
v -85.436691 -4.442863 -3.184336
v -96.959221 -6.157168 -4.473423
v -110.179794 -8.564063 -1.206676
v -110.179794 -6.966638 -5.368103
v -131.431808 -9.353817 -1.930729
v -131.431808 -7.609077 -6.475923
v -151.178925 -9.134300 -2.481219
v -151.178925 -7.430520 -6.919734
v -159.336716 -8.678310 -2.574762
v -159.336731 -7.059579 -6.791704
v -193.748932 -6.854080 -2.383018
v -193.748932 -5.575613 -5.713531
v -197.837769 -6.503515 -2.346169
v -197.837769 -5.290443 -5.506342
v -210.411957 -5.148329 -5.403090
v -223.671082 -5.932333 -2.286134
v -223.671082 -4.825799 -5.168756
v -230.756958 -5.280767 -2.217647
v -230.756958 -4.295772 -4.783659
v -251.053619 -3.533154 -4.229586
v -255.294540 -2.177836 -2.498599
v -251.053604 -1.776317 -5.652248
v -255.294571 -0.948837 -3.793694
v -230.756958 -2.159725 -6.513395
v -230.756958 -4.295772 -4.783659
v -223.671082 -2.426204 -7.111913
v -223.671082 -4.825799 -5.168756
v -197.837769 -2.659801 -7.636590
v -197.837769 -5.290443 -5.506342
v -193.748932 -2.803177 -7.958615
v -193.748932 -5.575613 -5.713531
v -159.336716 -3.549243 -9.634323
v -159.336731 -7.059579 -6.791704
v -151.178925 -3.735724 -9.911699
v -151.178925 -7.430520 -6.919734
v -131.431808 -3.825504 -9.539804
v -131.431808 -7.609077 -6.475923
v -110.179794 -3.502525 -8.173326
v -110.179794 -6.966638 -5.368103
v -96.959221 -3.095547 -6.952679
v -85.436584 -2.196904 -4.902188
v -85.436600 0.647784 -5.272275
v -285.070709 0.742799 0.005794
v -257.463074 0.767729 0.061777
v -257.463043 -0.676467 0.099595
v -285.070709 -0.654507 0.042385
v -286.781860 0.501338 -0.536536
v -286.781860 -0.441760 -0.511838
v -288.646759 -0.000021 -1.662608
v -286.781860 1.150748 -1.220869
v -286.781860 0.501338 -0.536536
v -285.070709 1.704973 -1.008123
v -285.070709 0.742799 0.005794
v -257.463043 1.762190 -0.986166
v -257.463074 0.767729 0.061777
v -286.781860 1.126053 -2.163970
v -286.781860 1.150748 -1.220869
v -285.070709 1.668383 -2.405432
v -285.070709 1.704973 -1.008123
v -257.463074 1.724371 -2.430363
v -257.463043 1.762190 -0.986166
v -286.781830 0.441718 -2.813379
v -286.781860 1.126053 -2.163970
v -285.070709 0.654465 -3.367605
v -285.070709 1.668383 -2.405432
v -257.463074 0.676430 -3.424825
v -257.463074 1.724371 -2.430363
v -285.070709 -0.654507 0.042385
v -257.463043 -0.676467 0.099595
v -257.463074 -1.724409 -0.894865
v -285.070709 -1.668425 -0.919787
v -286.781860 -0.441760 -0.511838
v -286.781860 -1.126095 -1.161248
v -288.646759 -0.000021 -1.662608
v -286.781830 -1.150792 -2.104347
v -286.781860 -1.126095 -1.161248
v -285.070709 -1.705015 -2.317093
v -285.070709 -1.668425 -0.919787
v -257.463074 -1.762228 -2.339061
v -257.463074 -1.724409 -0.894865
v -286.781860 -0.501381 -2.788682
v -286.781830 -1.150792 -2.104347
v -285.070709 -0.742843 -3.331017
v -285.070709 -1.705015 -2.317093
v -257.463074 -0.767767 -3.387004
v -257.463074 -1.762228 -2.339061
v -286.781860 -0.501381 -2.788682
v -286.781830 0.441718 -2.813379
v -285.070709 -0.742843 -3.331017
v -285.070709 0.654465 -3.367605
v -257.463074 -0.767767 -3.387004
v -257.463074 0.676430 -3.424825
v -34.513260 0.796057 1.787985
v -33.585873 1.421053 3.191747
v -33.585873 -1.252067 3.261740
v -34.513260 -0.701401 1.827185
v -32.190720 -1.645980 4.287910
v -32.190720 1.868131 4.195900
v -34.513260 -0.701401 1.827185
v -33.585873 -1.252067 3.261740
v -33.585873 -3.191741 1.421059
v -34.513260 -1.787980 0.796064
v -32.190720 -4.195893 1.868136
v -32.190720 -1.645980 4.287910
v -34.513260 -1.787980 0.796064
v -33.585873 -3.191741 1.421059
v -33.585873 -3.261738 -1.252055
v -34.513260 -1.827189 -0.701375
v -32.190720 -4.287910 -1.645963
v -32.190720 -4.195893 1.868136
v -34.513260 -1.827189 -0.701375
v -33.585873 -3.261738 -1.252055
v -33.585873 -1.421058 -3.191736
v -34.513260 -0.796062 -1.787973
v -32.190720 -1.868135 -4.195889
v -32.190720 -4.287910 -1.645963
v -32.190720 1.868131 4.195900
v -28.719355 1.401699 3.148276
v -28.719355 -1.235015 3.217325
v -32.190720 -1.645980 4.287910
v -25.345572 -0.986692 2.570395
v -25.345572 1.119854 2.515241
v -18.597982 -0.858184 2.235626
v -18.597982 0.974001 2.187649
v -5.102823 -0.838346 2.183949
v -5.102823 0.951489 2.137081
v 13.778739 -1.121076 2.920493
v 13.778738 -2.857824 1.272384
v -5.102823 -2.137087 0.951494
v 14.438266 1.290622 2.898779
v -18.597982 -0.858184 2.235626
v -18.597982 -2.187655 0.974009
v -25.345572 -0.986692 2.570395
v -25.345572 -2.515243 1.119862
v -28.719355 -1.235015 3.217325
v -28.719355 -3.148276 1.401707
v -32.190720 -1.645980 4.287910
v -32.190720 -4.195893 1.868136
v 21.887516 -1.318601 3.435081
v 21.887516 -3.361362 1.496572
v 21.887516 1.496572 3.361349
v 26.705933 -1.115104 2.904934
v 26.705996 1.265611 2.842599
v 28.818357 -0.889482 2.317178
v 28.818357 1.009538 2.267450
v 30.930780 -0.663859 1.729422
v 30.930780 0.753466 1.692301
v 34.177959 0.000003 -0.000006
v 26.705933 -1.115104 2.904934
v 26.705933 -2.842601 1.265604
v 21.887516 -3.361362 1.496572
v 28.818357 -2.267453 1.009532
v 30.930780 -1.692306 0.753459
v 30.930780 -0.663859 1.729422
v 26.705933 -2.842601 1.265604
v 26.705933 -2.904940 -1.115102
v 28.818357 -2.317181 -0.889487
v 30.930780 -1.729422 -0.663872
v 30.930780 -1.692306 0.753459
v 21.887516 -3.435081 -1.318611
v 30.930780 -1.729422 -0.663872
v 30.930780 -0.753461 -1.692311
v 28.818357 -1.009534 -2.267460
v 26.705933 -2.904940 -1.115102
v 26.705933 -1.265606 -2.842607
v 21.887516 -3.435081 -1.318611
v 21.887516 -1.496569 -3.361356
v 13.778740 -2.920497 -1.121072
v 13.778738 -2.857824 1.272384
v -5.102823 -2.137087 0.951494
v -5.102824 -2.183953 -0.838333
v -18.597982 -2.187655 0.974009
v -18.597982 -2.235629 -0.858166
v -25.345572 -2.515243 1.119862
v -25.345572 -2.570400 -0.986669
v -28.719355 -3.148276 1.401707
v -28.719355 -3.217322 -1.235009
v -32.190720 -4.195893 1.868136
v -32.190720 -4.287910 -1.645963
v 13.778738 -1.272385 -2.857830
v 13.778740 -2.920497 -1.121072
v -5.102824 -2.183953 -0.838333
v -5.102824 -0.951490 -2.137079
v -18.597982 -2.235629 -0.858166
v -18.597984 -0.974004 -2.187642
v -25.345572 -2.570400 -0.986669
v -25.345572 -1.119858 -2.515233
v -28.719355 -3.217322 -1.235009
v -28.719355 -1.401703 -3.148267
v -32.190720 -4.287910 -1.645963
v -32.190720 -1.868135 -4.195889
v 21.887516 -1.496569 -3.361356
v 21.887516 1.318605 -3.435089
v 26.705933 -1.265606 -2.842607
v 26.705933 1.115109 -2.904943
v 13.778738 -1.272385 -2.857830
v 13.778739 1.121078 -2.920497
v -5.102824 0.838346 -2.183947
v -5.102824 -0.951490 -2.137079
v -18.597982 0.858181 -2.235620
v -18.597984 -0.974004 -2.187642
v -25.345572 0.986689 -2.570387
v -25.345572 -1.119858 -2.515233
v -28.719355 1.235011 -3.217315
v -28.719355 -1.401703 -3.148267
v -32.190720 1.645975 -4.287899
v -32.190720 -1.868135 -4.195889
v 28.818357 0.889487 -2.317188
v 30.930780 -0.753461 -1.692311
v 30.930780 0.663864 -1.729432
v 34.177959 0.000003 -0.000006
v 28.818357 2.267458 -1.009541
v 30.930780 0.663864 -1.729432
v 30.930780 1.692311 -0.753469
v 26.705933 2.842605 -1.265613
v 26.705933 1.115109 -2.904943
v 21.887516 3.361365 -1.496579
v 21.887516 1.318605 -3.435089
v 13.778739 1.121078 -2.920497
v 13.778738 2.857826 -1.272388
v -5.102824 2.137087 -0.951492
v -5.102824 0.838346 -2.183947
v -18.597982 2.187652 -0.974003
v -18.597982 0.858181 -2.235620
v -25.345572 2.515239 -1.119853
v -25.345572 0.986689 -2.570387
v -28.719355 3.148272 -1.401697
v -28.719355 1.235011 -3.217315
v -32.190720 4.195889 -1.868126
v -32.190720 1.645975 -4.287899
v -255.294571 0.948798 0.468466
v -34.513260 0.796057 1.787985
v -34.513260 -0.701401 1.827185
v -255.294540 -0.836004 0.515200
v -34.513260 -0.701401 1.827185
v -34.513260 -1.787980 0.796064
v -255.294540 -2.131098 -0.713796
v -255.294540 -2.131098 -0.713796
v -34.513260 -1.787980 0.796064
v -34.513260 -1.827189 -0.701375
v -255.294540 -2.177835 -2.498599
v -255.294540 -2.177835 -2.498599
v -34.513260 -1.827189 -0.701375
v -34.513260 -0.796062 -1.787973
v -255.294571 -0.948837 -3.793694
v -257.463074 0.767729 0.061777
v -256.286530 1.705748 2.168595
v -256.286560 -1.502937 2.252624
v -257.463043 -0.676467 0.099595
v -256.286530 -3.831230 0.043151
v -257.463074 -1.724409 -0.894865
v -256.286560 -3.915257 -3.165532
v -257.463074 -1.762228 -2.339061
v -256.286530 -1.705787 -5.493826
v -257.463074 -0.767767 -3.387004
v -256.286560 3.915218 -0.159696
v -257.463043 1.762190 -0.986166
v -256.286530 3.831191 -3.368376
v -257.463074 1.724371 -2.430363
v -257.463074 0.676430 -3.424825
v -256.286560 1.502900 -5.577847
v -257.463074 1.724371 -2.430363
v -256.286530 3.831191 -3.368376
v -256.286530 1.705748 2.168595
v -255.294571 0.948798 0.468466
v -255.294540 -0.836004 0.515200
v -256.286560 -1.502937 2.252624
v -255.294540 -2.131098 -0.713796
v -256.286530 -3.831230 0.043151
v -255.294540 -2.177835 -2.498599
v -256.286560 -3.915257 -3.165532
v -255.294571 -0.948837 -3.793694
v -256.286530 -1.705787 -5.493826
v -255.294540 2.177797 -0.826630
v -256.286560 3.915218 -0.159696
v -255.294540 2.131061 -2.611435
v -256.286530 3.831191 -3.368376
v -256.286560 1.502900 -5.577847
v -255.294540 0.835967 -3.840433
v -256.286530 3.831191 -3.368376
v -255.294540 2.131061 -2.611435
v -34.513260 0.796057 1.787985
v -34.513260 1.827184 0.701387
v -33.585873 3.261734 1.252066
v -33.585873 1.421053 3.191747
v -32.190720 4.287906 1.645973
v -32.190720 1.868131 4.195900
v -34.513260 1.827184 0.701387
v -34.513260 1.787975 -0.796053
v -33.585873 3.191736 -1.421048
v -33.585873 3.261734 1.252066
v -32.190720 4.195889 -1.868126
v -32.190720 4.287906 1.645973
v -34.513260 1.787975 -0.796053
v -34.513260 0.701396 -1.827174
v -33.585873 1.252062 -3.261729
v -33.585873 3.191736 -1.421048
v -32.190720 1.645975 -4.287899
v -32.190720 4.195889 -1.868126
v -34.513260 0.701396 -1.827174
v -34.513260 -0.796062 -1.787973
v -33.585873 -1.421058 -3.191736
v -33.585873 1.252062 -3.261729
v -32.190720 -1.868135 -4.195889
v -32.190720 1.645975 -4.287899
v -32.190720 1.868131 4.195900
v -32.190720 4.287906 1.645973
v -28.719355 3.217317 1.235018
v -28.719355 1.401699 3.148276
v -25.345572 2.570396 0.986677
v -25.345572 1.119854 2.515241
v -18.597982 2.235626 0.858172
v -18.597982 0.974001 2.187649
v -5.102823 2.183952 0.838334
v -5.102823 0.951489 2.137081
v 13.778738 2.920499 1.121067
v 13.778738 2.857826 -1.272388
v -5.102824 2.137087 -0.951492
v -18.597982 2.235626 0.858172
v -18.597982 2.187652 -0.974003
v -25.345572 2.570396 0.986677
v -25.345572 2.515239 -1.119853
v -28.719355 3.217317 1.235018
v -28.719355 3.148272 -1.401697
v -32.190720 4.287906 1.645973
v -32.190720 4.195889 -1.868126
v 21.887516 3.435085 1.318603
v 21.887516 3.361365 -1.496579
v 26.705933 2.842605 -1.265613
v 26.705933 2.904944 1.115093
v 28.818357 2.267458 -1.009541
v 28.818357 2.317186 0.889477
v 30.930780 1.729427 0.663861
v 30.930780 1.692311 -0.753469
v 30.930780 1.729427 0.663861
v 30.930780 0.753466 1.692301
v -255.294571 0.948798 0.468466
v -255.294540 2.177797 -0.826630
v -34.513260 1.827184 0.701387
v -34.513260 0.796057 1.787985
v -255.294540 2.177797 -0.826630
v -255.294540 2.131061 -2.611435
v -34.513260 1.787975 -0.796053
v -34.513260 1.827184 0.701387
v -255.294540 2.131061 -2.611435
v -255.294540 0.835967 -3.840433
v -34.513260 0.701396 -1.827174
v -34.513260 1.787975 -0.796053
v -255.294540 0.835967 -3.840433
v -255.294571 -0.948837 -3.793694
v -34.513260 -0.796062 -1.787973
v -34.513260 0.701396 -1.827174
v -20.216188 14.885407 -18.437199
v -19.631271 13.845412 -19.635334
v -15.187885 16.558388 -19.595764
v -15.648529 17.361998 -19.053204
v -23.190573 10.627292 -18.921566
v -24.314289 12.208007 -17.661932
v -27.452108 9.488736 -16.363697
v -26.272917 7.600183 -17.989428
v -29.818460 6.507685 -14.618800
v -28.909081 4.174496 -16.343760
v -31.978754 2.714641 -11.878799
v -30.862743 0.243974 -14.053777
v -32.111950 -3.643277 -11.188427
v -33.253052 -0.916715 -8.836478
v -33.812653 -3.661752 -6.205659
v -32.392387 -6.641314 -8.679900
v -11.750510 18.882334 -18.741177
v -10.836002 17.012159 -20.660873
v -14.517685 15.722921 -21.243286
v -14.076632 14.898766 -21.208693
v -18.069613 11.580194 -21.678368
v -19.323288 13.398549 -21.858057
v -19.631271 13.845412 -19.635334
v -23.410902 10.229730 -21.571999
v -23.190573 10.627292 -18.921566
v -26.452379 6.347738 -20.769457
v -26.272917 7.600183 -17.989428
v -28.909081 4.174496 -16.343760
v -28.923048 2.054187 -19.156185
v -30.862743 0.243974 -14.053777
v -30.661158 -2.609908 -17.046541
v -32.111950 -3.643277 -11.188427
v -31.553089 -6.776307 -14.482781
v -32.392387 -6.641314 -8.679900
v -31.670712 -9.829854 -11.541052
v -32.115967 -9.428531 -6.016212
v -31.409531 -12.277449 -8.440949
v -27.608227 -13.935431 -10.357780
v -27.275507 -11.777999 -13.089718
v -31.250174 -11.925570 -3.560141
v -30.581581 -13.869192 -5.511471
v -27.484076 -8.854620 -15.208347
v -26.190252 -0.298350 -19.464607
v -24.212404 4.087595 -20.907145
v -21.510469 8.074972 -21.697641
v -28.376501 -14.795603 -7.060438
v -29.516449 -14.777279 -3.415868
v -30.375751 -13.721342 -1.940219
v -27.209423 -4.918123 -17.567217
v -27.484076 -8.854620 -15.208347
v -27.275507 -11.777999 -13.089718
v -26.546516 -10.892311 -16.310753
v -25.777067 -7.430957 -19.752983
v -27.209423 -4.918123 -17.567217
v -24.600248 -3.423748 -22.288979
v -26.190252 -0.298350 -19.464607
v -22.650478 1.495377 -24.038172
v -24.212404 4.087595 -20.907145
v -20.210009 6.425683 -24.869913
v -21.510469 8.074972 -21.697641
v -17.078907 10.918994 -24.618404
v -18.069613 11.580194 -21.678368
v -14.076632 14.898766 -21.208693
v -13.070930 14.430016 -23.190811
v -10.010977 15.914236 -22.156931
v -11.873674 12.389375 -23.211920
v -14.911174 8.619384 -24.523249
v -9.352333 14.752600 -22.230923
v -17.392860 3.938872 -24.808529
v -19.256136 -1.252724 -24.008234
v -20.934181 -6.070583 -22.145498
v -22.403284 -9.135784 -19.898201
v -6.881336 16.802464 -20.976274
v -7.511862 17.989761 -19.796532
v -4.957397 18.342361 -19.319942
v -5.821128 15.257952 -22.857357
v -9.352333 14.752600 -22.230923
v -7.939114 13.632688 -24.454350
v -10.195342 11.685681 -25.759338
v -11.873674 12.389375 -23.211920
v -12.817722 7.522689 -26.892624
v -14.911174 8.619384 -24.523249
v -17.392860 3.938872 -24.808529
v -15.088432 2.738968 -27.103680
v -3.664231 16.505550 -21.528822
v -19.256136 -1.252724 -24.008234
v -17.358831 -2.756995 -25.277443
v -12.075321 1.170735 -26.490240
v -14.628427 -3.900589 -25.325937
v -20.934181 -6.070583 -22.145498
v -19.474096 -6.696327 -22.411270
v -8.123786 9.600033 -25.611771
v -10.132575 5.765602 -26.374502
v -6.455773 11.704592 -24.511879
v -4.739249 13.278576 -23.184923
v -2.810366 14.683372 -21.746351
v -0.423908 16.099361 -20.000078
v -0.833857 17.742764 -19.712490
v 2.393013 17.030346 -17.810934
v 2.161538 18.604267 -17.363527
v 5.429978 17.439863 -15.251121
v 5.212428 18.880526 -14.910974
v 8.615382 17.264120 -12.464695
v 8.674255 18.608810 -11.974957
v 11.699417 16.445646 -9.327120
v 12.011189 17.602085 -8.834880
v 6.055273 20.447851 -8.837744
v 9.719775 19.190649 -5.815962
v 2.545696 21.093351 -11.763620
v -0.442818 21.227009 -13.786774
v -3.438399 21.042080 -15.631166
v -6.253900 20.445728 -16.918158
v -8.544200 19.873234 -17.903137
v 14.705194 14.748117 -5.698839
v 15.234784 15.601507 -5.235895
v 17.466188 12.045723 -2.486151
v 18.146751 12.896407 -1.971470
v 20.567755 8.619656 -0.385298
v 21.417809 9.341062 0.281780
v 25.111832 5.540762 1.323433
v 23.569679 5.164576 0.568562
v 28.818357 2.317186 0.889477
v 25.381105 2.974359 0.660856
v 11.699417 16.445646 -9.327120
v 9.719775 19.190649 -5.815962
v 15.234784 15.601507 -5.235895
v 12.854609 17.333765 -2.602838
v 15.234784 15.601507 -5.235895
v 18.146751 12.896407 -1.971470
v 16.100225 14.197746 0.599724
v 21.417809 9.341062 0.281780
v 19.614849 10.248273 2.767382
v 25.111832 5.540762 1.323433
v 23.376602 5.840394 3.526515
v 28.818357 1.009538 2.267450
v 28.818357 2.317186 0.889477
v -33.718987 -6.493316 -3.144691
v -32.115967 -9.428531 -6.016212
v -33.812653 -3.661752 -6.205659
v -31.250174 -11.925570 -3.560141
v -32.934193 -8.897666 -0.355443
v -32.077507 -10.852835 1.836663
v -30.375751 -13.721342 -1.940219
v -29.162117 -14.975188 0.843236
v -30.937433 -12.834888 3.991717
v -28.364305 -15.191180 4.131389
v -28.375551 -14.920639 6.467159
v 20.567755 8.619656 -0.385298
v 13.184536 7.274974 0.638100
v 13.785167 4.449788 1.547691
v 23.569679 5.164576 0.568562
v 17.466188 12.045723 -2.486151
v 12.157405 10.141299 -1.894940
v 14.705194 14.748117 -5.698839
v 10.893962 12.739885 -4.753304
v 11.699417 16.445646 -9.327120
v 8.928801 15.010518 -8.240161
v 8.615382 17.264120 -12.464695
v 6.909446 15.964973 -11.271485
v 5.429978 17.439863 -15.251121
v 4.397888 16.343014 -14.218038
v 2.393013 17.030346 -17.810934
v 1.671582 16.004694 -16.614233
v -0.423908 16.099361 -20.000078
v -0.872687 15.197253 -18.722139
v -2.810366 14.683372 -21.746351
v -3.237782 14.209067 -20.707253
v -4.739249 13.278576 -23.184923
v -5.050547 13.064206 -22.103827
v -6.455773 11.704592 -24.511879
v -6.722206 11.579152 -23.428009
v -8.123786 9.600033 -25.611771
v -8.341976 9.587743 -24.624525
v -10.132575 5.765602 -26.374502
v -10.337601 5.726780 -25.444510
v -12.075321 1.170735 -26.490240
v -12.160952 1.211290 -25.519194
v -14.628427 -3.900589 -25.325937
v -14.443752 -3.695788 -24.414892
v -17.179947 -6.129822 -23.887402
v -16.836349 -5.908685 -23.049519
v -19.474096 -6.696327 -22.411270
v -19.103146 -6.418936 -21.605061
v -20.934181 -6.070583 -22.145498
v -20.634438 -5.838062 -21.294914
v -24.398993 -11.697659 -16.622700
v -22.403284 -9.135784 -19.898201
v -26.103712 -12.445491 -14.221725
v -17.179947 -6.129822 -23.887402
v -14.893685 15.959873 -18.951687
v -19.097006 12.783240 -19.202339
v -19.763662 14.437152 -17.641094
v -15.405187 16.992453 -18.209772
v -22.550777 9.920871 -18.577888
v -23.823015 11.904209 -16.919682
v -26.821417 9.258204 -15.702525
v -25.570150 6.996256 -17.601442
v -29.065571 6.347901 -14.066895
v -28.094273 3.772021 -15.969066
v -31.135849 2.667055 -11.434823
v -29.982161 0.039090 -13.704307
v -11.651263 18.423904 -17.947351
v -10.884740 16.741589 -19.635908
v -14.409971 15.572494 -20.221727
v -19.035168 12.795554 -21.166161
v -19.097006 12.783240 -19.202339
v -22.899195 9.621446 -20.984409
v -22.550777 9.920871 -18.577888
v -25.863031 5.899031 -20.135277
v -25.570150 6.996256 -17.601442
v -28.094273 3.772021 -15.969066
v -28.239456 1.823633 -18.521681
v -29.982161 0.039090 -13.704307
v -29.923988 -2.621753 -16.427330
v -31.191610 -3.661068 -10.904284
v -30.791943 -6.554120 -13.942155
v -31.464098 -6.494893 -8.479309
v -30.887936 -9.454329 -11.129462
v -17.773642 11.076764 -20.918489
v -13.844705 14.329510 -20.470762
v -31.201168 -9.153355 -5.917887
v -30.630320 -11.769625 -8.203465
v -27.112648 -13.265450 -9.873673
v -26.667580 -11.257067 -12.557180
v -30.368130 -11.545731 -3.545980
v -29.873272 -13.226668 -5.428146
v -26.805326 -8.523878 -14.612033
v -26.568909 -4.767180 -16.867764
v -25.612585 -0.376043 -18.718533
v -27.886709 -14.016565 -6.778740
v -28.897354 -14.042857 -3.399683
v -29.561728 -13.212406 -1.971990
v -12.979633 13.765151 -22.457056
v -13.844705 14.329510 -20.470762
v -16.830046 10.300007 -23.875738
v -17.773642 11.076764 -20.918489
v -10.074196 15.280482 -21.338755
v -21.095968 7.668179 -20.938015
v -19.838108 5.952373 -24.087774
v -23.709574 3.829726 -20.152491
v -22.185406 1.209675 -23.239712
v -25.612585 -0.376043 -18.718533
v -24.043468 -3.441074 -21.514017
v -26.568909 -4.767180 -16.867764
v -25.148932 -7.160584 -19.082756
v -26.805326 -8.523878 -14.612033
v -25.884041 -10.408750 -15.818756
v -26.667580 -11.257067 -12.557180
v -11.775703 11.854795 -22.391972
v -14.743433 8.117494 -23.695211
v -9.304048 14.133482 -21.558319
v -17.098228 3.592703 -23.956745
v -18.911345 -1.354001 -23.139662
v -20.634438 -5.838062 -21.294914
v -22.088938 -8.665851 -19.133343
v -24.039595 -11.067777 -16.006714
v -25.526642 -11.790066 -13.845031
v -6.842856 15.669167 -20.418550
v -8.665570 19.265865 -17.175472
v -6.377620 19.827757 -16.244064
v -4.708721 16.566822 -18.885849
v -3.237782 14.209067 -20.707253
v -5.050547 13.064206 -22.103827
v -8.001922 12.984125 -23.691912
v -9.304048 14.133482 -21.558319
v -10.093416 11.032901 -25.002165
v -11.775703 11.854795 -22.391972
v -12.499916 7.452050 -26.024542
v -14.743433 8.117494 -23.695211
v -17.098228 3.592703 -23.956745
v -14.876835 2.472123 -26.209034
v -18.911345 -1.354001 -23.139662
v -16.846422 -2.750300 -24.404020
v -12.160952 1.211290 -25.519194
v -14.443752 -3.695788 -24.414892
v -20.634438 -5.838062 -21.294914
v -19.103146 -6.418936 -21.605061
v -8.341976 9.587743 -24.624525
v -10.337601 5.726780 -25.444510
v -6.722206 11.579152 -23.428009
v -16.836349 -5.908685 -23.049519
v -31.464098 -6.494893 -8.479309
v -31.201168 -9.153355 -5.917887
v -32.830185 -6.162886 -2.984019
v -32.910442 -3.468837 -5.940804
v -31.191610 -3.661068 -10.904284
v -31.464098 -6.494893 -8.479309
v -32.360912 -0.855890 -8.492925
v -31.135849 2.667055 -11.434823
v -30.368130 -11.545731 -3.545980
v -32.065948 -8.491053 -0.272703
v -31.252502 -10.359000 1.878495
v -29.561728 -13.212406 -1.971990
v -28.420088 -14.367224 0.795019
v -30.204567 -12.211917 3.997025
v -27.712292 -14.491790 4.042378
v -27.722942 -14.220092 6.392715
v -31.201168 -9.153355 -5.917887
v -22.899195 9.621446 -20.984409
v -21.095968 7.668179 -20.938015
v -23.709574 3.829726 -20.152491
v -25.863031 5.899031 -20.135277
v 19.573938 5.420527 3.481966
v 14.389429 4.674129 3.066993
v 13.665031 7.950483 1.951591
v 17.398378 9.400043 2.558814
v 12.577755 11.217992 -0.824535
v 14.732758 13.402375 0.213929
v 11.138435 13.907135 -3.779117
v 12.095317 16.314634 -2.658110
v 14.438266 1.290622 2.898779
v 21.887516 1.496572 3.361349
v 12.157405 10.141299 -1.894940
v 13.184536 7.274974 0.638100
v 14.389429 4.674129 3.066993
v 13.785167 4.449788 1.547691
v 13.778738 2.920499 1.121067
v 14.438266 1.290622 2.898779
v 10.893962 12.739885 -4.753304
v 8.928801 15.010518 -8.240161
v 8.823848 16.258865 -7.158625
v 6.909446 15.964973 -11.271485
v 6.140450 17.690605 -9.917625
v 9.095410 18.193705 -5.786248
v 5.640607 19.522951 -8.692932
v 3.192249 17.926344 -12.883714
v 2.184013 20.145794 -11.544883
v 0.501909 18.038696 -15.031698
v -0.713288 20.322380 -13.448452
v -2.201860 17.549511 -17.111965
v -3.607046 20.198912 -15.165004
v -0.872687 15.197253 -18.722139
v 1.671582 16.004694 -16.614233
v 4.397888 16.343014 -14.218038
v -15.648529 17.361998 -19.053204
v -15.405187 16.992453 -18.209772
v -19.763662 14.437152 -17.641094
v -20.216188 14.885407 -18.437199
v -23.823015 11.904209 -16.919682
v -24.314289 12.208007 -17.661932
v -26.821417 9.258204 -15.702525
v -27.452108 9.488736 -16.363697
v -29.065571 6.347901 -14.066895
v -29.818460 6.507685 -14.618800
v -31.135849 2.667055 -11.434823
v -31.978754 2.714641 -11.878799
v -32.360912 -0.855890 -8.492925
v -33.253052 -0.916715 -8.836478
v -32.910442 -3.468837 -5.940804
v -33.812653 -3.661752 -6.205659
v -32.830185 -6.162886 -2.984019
v -33.718987 -6.493316 -3.144691
v -32.065948 -8.491053 -0.272703
v -32.934193 -8.897666 -0.355443
v -31.252502 -10.359000 1.878495
v -32.077507 -10.852835 1.836663
v -30.204567 -12.211917 3.997025
v -30.937433 -12.834888 3.991717
v -27.722942 -14.220092 6.392715
v -28.375551 -14.920639 6.467159
v -29.516449 -14.777279 -3.415868
v -28.897354 -14.042857 -3.399683
v -27.886709 -14.016565 -6.778740
v -28.376501 -14.795603 -7.060438
v -27.112648 -13.265450 -9.873673
v -27.608227 -13.935431 -10.357780
v -26.667580 -11.257067 -12.557180
v -27.275507 -11.777999 -13.089718
v -30.375751 -13.721342 -1.940219
v -29.561728 -13.212406 -1.971990
v -29.162117 -14.975188 0.843236
v -28.420088 -14.367224 0.795019
v -29.561728 -13.212406 -1.971990
v -30.375751 -13.721342 -1.940219
v -28.364305 -15.191180 4.131389
v -27.712292 -14.491790 4.042378
v -28.375551 -14.920639 6.467159
v -27.722942 -14.220092 6.392715
v -22.403284 -9.135784 -19.898201
v -22.088938 -8.665851 -19.133343
v -20.634438 -5.838062 -21.294914
v -20.934181 -6.070583 -22.145498
v -24.398993 -11.697659 -16.622700
v -24.039595 -11.067777 -16.006714
v -26.103712 -12.445491 -14.221725
v -25.526642 -11.790066 -13.845031
v -27.275507 -11.777999 -13.089718
v -26.667580 -11.257067 -12.557180
v 23.376602 5.840394 3.526515
v 19.573938 5.420527 3.481966
v 17.398378 9.400043 2.558814
v 19.614849 10.248273 2.767382
v 14.732758 13.402375 0.213929
v 16.100225 14.197746 0.599724
v 12.095317 16.314634 -2.658110
v 12.854609 17.333765 -2.602838
v 9.095410 18.193705 -5.786248
v 9.719775 19.190649 -5.815962
v 5.640607 19.522951 -8.692932
v 6.055273 20.447851 -8.837744
v 2.184013 20.145794 -11.544883
v 2.545696 21.093351 -11.763620
v -0.713288 20.322380 -13.448452
v -0.442818 21.227009 -13.786774
v -3.607046 20.198912 -15.165004
v -3.438399 21.042080 -15.631166
v -6.377620 19.827757 -16.244064
v -6.253900 20.445728 -16.918158
v -8.665570 19.265865 -17.175472
v -8.544200 19.873234 -17.903137
v -11.651263 18.423904 -17.947351
v -11.750510 18.882334 -18.741177
v 13.778738 2.920499 1.121067
v 25.381105 2.974359 0.660856
v 21.887516 1.496572 3.361349
v 26.705996 1.265611 2.842599
v 28.818357 1.009538 2.267450
v 14.438266 1.290622 2.898779
v -85.436134 5.082060 -2.127297
v -73.956551 6.607322 -5.490973
v -73.755051 6.733706 -4.165382
v -85.436287 3.324511 -4.220853
v -74.381218 5.701669 -7.038732
v -74.887878 4.465012 -7.976738
v -74.381218 5.701669 -7.038732
v -85.436600 0.647784 -5.272275
v -75.446152 2.938412 -8.602324
v -75.983742 1.373744 -8.689295
v -85.436584 -2.196904 -4.902188
v -76.408813 -0.276665 -8.224440
v -76.856529 -1.805131 -7.173220
v -85.436691 -4.442863 -3.184336
v -76.816948 -3.671494 -5.727805
v -76.817650 -5.033453 -3.878340
v -85.437485 -5.561172 -0.550542
v -76.065041 -6.541754 -1.990021
v -75.345612 -7.177725 -0.011544
v -85.437698 -5.164838 2.275182
v -73.755051 -7.614833 2.229461
v -72.752754 -6.400321 3.964814
v -85.436943 -3.292722 4.515493
v -72.662621 -5.223762 5.484363
v -72.981644 -3.675339 6.444922
v -85.436783 -0.605941 5.505718
v -73.330437 -1.239282 6.918296
v -73.330437 -1.239282 6.918296
v -85.436539 2.240659 5.032624
v -74.035149 2.546432 7.326703
v -85.436783 4.476707 3.211400
v -74.448509 5.197289 6.325086
v -74.482346 7.084331 3.963068
v -74.035149 2.546432 7.326703
v -85.436928 5.532813 0.559864
v -74.085037 7.496560 0.624803
v -73.805412 7.376437 -1.243663
v -74.482346 7.084331 3.963068
v -73.581612 7.115351 -3.240052
v -85.436134 5.082060 -2.127297
v -73.755051 6.733706 -4.165382
v -51.384171 15.482448 -22.540928
v -53.923504 21.246458 -18.796347
v -62.321846 15.046141 -13.480604
v -59.607479 12.242643 -16.807180
v -62.871418 18.017298 -8.676181
v -55.056541 26.446966 -11.428306
v -68.082207 12.608960 -6.821763
v -67.219543 11.637478 -10.209204
v -61.421139 10.091973 -12.047243
v -47.698997 15.464590 -18.594746
v -45.061516 18.558462 -12.001713
v -56.812988 12.251534 -9.010533
v -73.956551 6.607322 -5.490973
v -73.956551 6.607322 -5.490973
v -73.755051 6.733706 -4.165382
v -74.381218 5.701669 -7.038732
v -58.391548 4.582356 -7.797050
v -57.678520 7.142951 -6.908517
v -48.800983 9.641397 -9.122853
v -46.881367 6.815018 -10.816625
v -37.430996 14.483922 -13.256845
v -41.469585 17.871084 -10.498737
v -53.697182 12.389081 -7.491880
v -35.258526 10.390241 -16.351007
v -56.812988 12.251534 -9.010533
v -45.061516 18.558462 -12.001713
v -36.562649 6.528489 -18.658817
v -47.861198 4.293610 -13.139455
v -39.506550 3.585566 -20.918495
v -51.825413 3.659055 -14.686169
v -57.102623 3.151363 -9.880410
v -54.643909 5.404456 -15.506239
v -42.281963 5.489799 -22.309898
v -74.887878 4.465012 -7.976738
v -74.381218 5.701669 -7.038732
v -75.446152 2.938412 -8.602324
v -70.503799 4.140552 -17.467289
v -66.931595 7.986196 -17.385921
v -59.534969 11.358670 -24.110147
v -61.127560 6.270389 -28.598282
v -47.960018 14.256526 -31.944536
v -45.940140 16.780579 -26.609865
v -56.882183 12.075496 -18.172817
v -49.381493 7.871382 -36.762009
v -55.146965 10.243266 -16.236341
v -43.714687 15.119923 -23.817039
v -42.281963 5.489799 -22.309898
v -54.643909 5.404456 -15.506239
v -74.887878 4.465012 -7.976738
v -49.566723 1.982055 -37.262966
v -60.861931 1.181386 -28.570099
v -48.002857 -2.244782 -34.331726
v -58.647923 -0.659043 -24.838045
v -68.123581 0.694757 -19.187138
v -57.068207 1.204124 -23.329395
v -45.611065 0.413989 -32.192516
v -44.233009 8.415544 -30.210646
v -56.874107 6.214896 -21.921053
v -75.983742 1.373744 -8.689295
v -75.983742 1.373744 -8.689295
v -70.503799 4.140552 -17.467289
v -76.408813 -0.276665 -8.224440
v -62.499424 2.436117 -11.523246
v -60.112278 4.877698 -14.287592
v -49.595722 5.521285 -19.868935
v -48.554161 2.511187 -18.310143
v -37.467232 5.225494 -26.584391
v -41.061119 9.115474 -28.347870
v -53.869682 8.010606 -21.500656
v -36.614914 2.006318 -25.678562
v -56.874107 6.214896 -21.921053
v -44.233009 8.415544 -30.210646
v -53.869682 8.010606 -21.500656
v -76.856529 -1.805131 -7.173220
v -60.148705 -0.772070 -12.748121
v -50.836723 -0.759218 -16.522833
v -48.554161 2.511187 -18.310143
v -38.225758 -2.042147 -23.750135
v -42.880680 -4.308642 -22.404711
v -56.940533 -3.633786 -15.553004
v -61.192055 -3.833996 -16.017843
v -47.476604 -5.069328 -23.391855
v -76.816948 -3.671494 -5.727805
v -72.615013 -10.044731 -13.574062
v -72.861549 -6.334943 -16.773296
v -67.040398 -10.371242 -26.125788
v -63.589195 -4.784013 -29.083242
v -70.700958 -3.874658 -18.126408
v -65.535416 -16.267380 -21.608948
v -66.056412 -2.973032 -17.773569
v -57.413441 -3.761925 -28.487579
v -47.476604 -5.069328 -23.391855
v -61.192055 -3.833996 -16.017843
v -76.856529 -1.805131 -7.173220
v -62.415588 -20.077923 -17.538887
v -70.520287 -12.609981 -10.344732
v -53.597435 -23.089287 -12.004107
v -66.640846 -14.150428 -7.867648
v -62.585506 -12.328371 -8.149164
v -47.059341 -21.264421 -11.231320
v -43.661125 -18.542936 -17.526657
v -59.976810 -10.699988 -10.659865
v -76.817650 -5.033453 -3.878340
v -76.817650 -5.033453 -3.878340
v -76.816948 -3.671494 -5.727805
v -76.065041 -6.541754 -1.990021
v -57.065979 -9.023774 -3.907104
v -75.345612 -7.177725 -0.011544
v -55.651337 -10.583505 -0.611232
v -45.147537 -13.780348 -0.517656
v -44.007526 -12.075223 -6.156616
v -32.186310 -20.651024 0.287458
v -36.789135 -22.172203 6.148229
v -49.032883 -15.999100 3.101734
v -30.650114 -17.685291 -8.894030
v -52.623909 -17.390526 1.320172
v -40.175297 -24.136917 5.116925
v -75.345612 -7.177725 -0.011544
v -33.285637 -15.055216 -16.734484
v -47.155006 -11.008986 -10.843364
v -39.323109 -15.166939 -20.043928
v -54.545284 -9.931477 -13.277193
v -57.730061 -8.062931 -7.522130
v -59.976810 -10.699988 -10.659865
v -43.661125 -18.542936 -17.526657
v -53.951469 -20.119316 -1.670931
v -52.623909 -17.390526 1.320172
v -40.175297 -24.136917 5.116925
v -44.253010 -28.033279 -2.634857
v -48.345772 -29.484158 -3.252904
v -56.440063 -21.231415 -2.560615
v -60.725410 -21.024439 0.982192
v -53.357365 -29.188307 3.479211
v -62.871410 -18.503593 7.583975
v -55.056534 -26.189367 12.006914
v -68.082207 -13.512248 4.809489
v -66.570442 -15.315119 0.046817
v -73.755051 -7.614833 2.229461
v -54.026661 -20.597113 18.357689
v -62.085018 -15.047120 12.752123
v -51.535442 -16.584026 19.703888
v -60.104946 -12.026917 13.390236
v -66.238121 -11.768396 8.997110
v -72.752754 -6.400321 3.964814
v -58.659973 -11.273696 11.453543
v -48.686893 -15.943135 17.789877
v -45.075039 -21.006119 9.616023
v -56.937752 -13.814443 7.162364
v -72.752754 -6.400321 3.964814
v -72.662621 -5.223762 5.484363
v -59.138596 -7.038496 6.306379
v -58.401520 -9.546914 5.064900
v -49.177673 -12.586949 7.338381
v -47.397663 -9.320796 10.115525
v -37.395000 -17.080984 11.377617
v -41.449451 -20.576387 8.099252
v -53.713169 -14.492975 5.157620
v -35.323425 -12.440442 15.320212
v -56.937752 -13.814443 7.162364
v -45.075039 -21.006119 9.616023
v -56.882183 12.075496 -18.172817
v -57.120720 10.156686 11.662040
v -46.621853 14.364161 16.976913
v -46.920067 18.194799 14.997149
v -56.193542 13.160100 10.738338
v -72.822144 4.637598 4.061055
v -47.206024 13.146887 19.021669
v -58.426701 8.241218 14.076163
v -66.480705 4.061028 10.251851
v -45.273418 22.254715 11.269857
v -53.369278 16.405268 9.091215
v -48.741173 13.533939 20.679741
v -60.281040 8.071918 15.995391
v -68.570877 3.123580 11.316461
v -68.710411 6.098974 11.884803
v -74.035149 2.546432 7.326703
v -64.505020 8.920866 14.929757
v -68.095505 10.343502 12.289718
v -53.633244 14.871634 21.639320
v -57.290146 17.199945 20.606907
v -69.755112 12.947634 8.599281
v -60.984020 21.186321 15.818757
v -61.620785 24.475115 8.765859
v -69.071968 15.523583 4.614883
v -59.700367 25.670616 3.858237
v -67.162674 17.331364 1.683587
v -74.085037 7.496560 0.624803
v -74.482346 7.084331 3.963068
v -63.469734 17.277016 0.601988
v -60.414268 16.231804 1.420800
v -55.270866 25.811499 0.510149
v -51.014462 25.175068 1.099651
v -45.923988 23.158964 8.605614
v -57.570301 15.019118 4.412589
v -74.085037 7.496560 0.624803
v -74.448509 5.197289 6.325086
v -73.805412 7.376437 -1.243663
v -58.778255 9.357808 -1.053994
v -57.370098 10.853842 1.632622
v -50.033375 15.478011 2.595845
v -48.535454 15.632834 -1.088248
v -39.760143 21.829311 5.234367
v -42.649143 22.065109 8.567037
v -54.360447 15.127099 4.837858
v -38.354916 22.082968 -0.953222
v -57.570301 15.019118 4.412589
v -45.923988 23.158964 8.605614
v -54.360447 15.127099 4.837858
v -39.830658 22.447828 -6.300294
v -49.782001 15.603925 -5.238813
v -42.907730 22.373615 -10.641294
v -53.473461 15.928797 -6.754652
v -58.778255 9.357808 -1.053994
v -57.089367 10.957486 -3.823638
v -56.002937 17.189871 -6.589974
v -45.906357 23.620398 -9.655812
v -73.581612 7.115351 -3.240052
v -73.581612 7.115351 -3.240052
v -73.755051 6.733706 -4.165382
v -68.082207 12.608960 -6.821763
v -65.867928 14.241481 -2.653429
v -61.276100 19.510794 -2.715194
v -62.871418 18.017298 -8.676181
v -53.681713 28.308830 -2.802566
v -50.708984 26.895872 0.815243
v -58.135185 20.024881 -0.118391
v -55.056541 26.446966 -11.428306
v -56.430363 19.455296 -1.308255
v -56.002937 17.189871 -6.589974
v -45.906357 23.620398 -9.655812
v -47.997208 25.357231 0.210870
v -36.692959 21.168755 7.633327
v -30.511028 15.790633 8.050362
v -43.526901 11.072023 4.347294
v -48.087395 15.183250 4.404869
v -41.875187 5.468754 6.468715
v -27.750051 6.972991 9.896395
v -54.466511 3.661768 3.971744
v -52.683887 8.561333 3.357838
v -53.369278 16.405268 9.091215
v -45.273418 22.254715 11.269857
v -72.576172 -0.351887 4.801543
v -53.686092 -0.096300 6.672798
v -44.315155 -0.485851 9.364443
v -41.875187 5.468754 6.468715
v -30.594454 -0.880124 14.416547
v -36.065502 -5.222499 17.394043
v -49.800350 -3.939579 12.594432
v -53.680397 -2.474324 13.740766
v -42.550510 -4.149264 19.663105
v -72.576172 -0.351887 4.801543
v -73.330437 -1.239282 6.918296
v -57.484882 2.828688 13.749898
v -60.451797 3.630920 15.496243
v -50.038727 5.463535 23.412956
v -46.134197 4.302477 20.226521
v -43.977634 1.136585 18.827093
v -54.594402 0.613950 13.368895
v -62.283886 3.035444 16.875074
v -53.446194 4.287682 25.596437
v -63.490536 0.184455 17.518122
v -54.835556 0.581571 26.590761
v -63.052437 -3.164414 17.225309
v -52.705776 -4.417945 25.460829
v -61.204224 -4.372980 16.229223
v -50.813110 -6.280129 24.218140
v -73.330437 -1.239282 6.918296
v -72.981644 -3.675339 6.444922
v -61.429993 -6.622936 15.445038
v -50.854740 -8.681912 24.278130
v -56.594971 -10.924221 26.201574
v -64.574310 -6.682081 16.952295
v -60.037750 -16.746660 26.010618
v -66.916077 -10.194452 17.091909
v -56.543617 -19.008896 22.910078
v -64.156143 -12.255083 15.043735
v -61.692673 -10.824540 14.417537
v -52.289280 -16.949821 21.578024
v -44.584324 -6.266750 23.306904
v -57.994961 -6.513970 15.652024
v -72.981644 -3.675339 6.444922
v -72.662621 -5.223762 5.484363
v -59.138596 -7.038496 6.306379
v -58.357971 -4.063996 9.670609
v -48.835026 -5.564289 13.447027
v -47.397663 -9.320796 10.115525
v -54.338371 -4.113899 15.588709
v -40.597527 -4.399245 22.079208
v -36.845078 -7.874786 19.011034
v -47.397663 -9.320796 10.115525
v -35.323425 -12.440442 15.320212
v -57.994961 -6.513970 15.652024
v -44.584324 -6.266750 23.306904
v -72.576172 -0.351887 4.801543
v -53.680397 -2.474324 13.740766
v -42.550510 -4.149264 19.663105
v -73.330437 -1.239282 6.918296
v -73.330437 -1.239282 6.918296
v -74.035149 2.546432 7.326703
v -73.330437 -1.239282 6.918296
v -66.480705 4.061028 10.251851
v -85.986443 2.410964 5.415137
v -80.921501 2.977587 6.687791
v -80.921501 -0.765226 7.280595
v -85.986443 -0.619611 5.895133
v -91.051376 3.061136 6.875450
v -91.051376 -0.786700 7.484888
v -85.986443 4.795519 3.484162
v -80.921501 5.922555 4.302999
v -85.986443 2.410964 5.415137
v -91.051376 6.088741 4.423740
v -85.986443 5.895118 0.619613
v -80.921501 7.280581 0.765227
v -85.986443 4.795519 3.484162
v -91.051376 7.484873 0.786700
v -85.986443 5.415119 -2.410969
v -80.921501 6.687775 -2.977592
v -85.986443 5.895118 0.619613
v -91.051376 6.875438 -3.061131
v -85.986443 -0.619611 5.895133
v -80.921501 -4.302999 5.922575
v -85.986443 -3.484162 4.795538
v -91.051376 -4.423745 6.088766
v -85.986443 -3.484162 4.795538
v -80.921501 -6.687795 2.977598
v -85.986443 -5.415141 2.410976
v -91.051376 -6.875451 3.061162
v -85.986443 -5.415141 2.410976
v -80.921501 -7.280597 -0.765210
v -85.986443 -5.895134 -0.619594
v -91.051376 -7.484890 -0.786680
v -85.986443 -5.895134 -0.619594
v -80.921501 -5.922575 -4.302980
v -85.986443 -4.795537 -3.484143
v -91.051376 -6.088759 -4.423719
v -85.986443 -4.795537 -3.484143
v -80.921501 -2.977602 -6.687774
v -85.986443 -2.410980 -5.415120
v -91.051376 -3.061153 -6.875430
v -85.986443 -2.410980 -5.415120
v -80.921501 0.765210 -7.280577
v -85.986443 0.619594 -5.895116
v -91.051376 0.786682 -7.484867
v -85.986443 0.619594 -5.895116
v -80.921501 4.302984 -5.922558
v -85.986443 3.484143 -4.795520
v -91.051376 4.423727 -6.088742
v -85.986443 3.484143 -4.795520
v -80.921501 6.687775 -2.977592
v -85.986443 5.415119 -2.410969
v -91.051376 6.875438 -3.061131
vn -0.0947 0.5900 -0.8018
vn -0.0947 0.0979 -0.9907
vn -0.4718 0.3157 -0.8232
vn -0.4558 -0.3620 -0.8132
vn -0.1075 -0.4043 -0.9083
vn -0.0599 0.5867 -0.8076
vn -0.0599 0.1047 -0.9927
vn -0.0599 0.1043 -0.9927
vn -0.0599 -0.4060 -0.9119
vn -0.0502 0.5870 -0.8080
vn -0.0502 0.1044 -0.9933
vn -0.0502 -0.4061 -0.9124
vn -0.0220 0.5876 -0.8088
vn -0.0220 0.1046 -0.9943
vn -0.0220 0.1045 -0.9943
vn -0.0220 -0.4066 -0.9133
vn -0.0325 0.5873 -0.8087
vn -0.0325 0.1045 -0.9940
vn -0.0325 0.1044 -0.9940
vn -0.0325 -0.4065 -0.9131
vn -0.0505 0.5870 -0.8080
vn -0.0505 0.1044 -0.9932
vn -0.0505 0.1044 -0.9933
vn -0.0505 -0.4061 -0.9124
vn -0.0580 0.5867 -0.8077
vn -0.0580 0.1047 -0.9928
vn -0.0580 0.1043 -0.9929
vn -0.0580 -0.4060 -0.9120
vn -0.0670 0.5863 -0.8073
vn -0.0670 0.1043 -0.9923
vn -0.0670 0.1042 -0.9923
vn -0.0670 -0.4057 -0.9116
vn -0.0260 0.5875 -0.8088
vn -0.0260 0.1045 -0.9942
vn -0.0261 0.1041 -0.9942
vn -0.0261 -0.4066 -0.9132
vn 0.0200 0.5876 -0.8089
vn 0.0200 0.1046 -0.9943
vn 0.0200 0.1042 -0.9944
vn 0.0200 -0.4066 -0.9134
vn 0.1009 0.5824 -0.8066
vn 0.1032 0.1064 -0.9890
vn 0.1016 -0.4001 -0.9108
vn 0.0423 0.5889 -0.8071
vn 0.0612 0.9123 -0.4050
vn 0.0969 0.9080 -0.4077
vn 0.0200 0.5877 -0.8088
vn 0.0200 0.9133 -0.4069
vn -0.0260 0.5876 -0.8087
vn -0.0260 0.9132 -0.4067
vn -0.0670 0.5865 -0.8072
vn -0.0670 0.9115 -0.4059
vn -0.0580 0.5869 -0.8076
vn -0.0580 0.9120 -0.4061
vn -0.0505 0.5871 -0.8079
vn -0.0505 0.9124 -0.4062
vn -0.0325 0.5876 -0.8085
vn -0.0325 0.9129 -0.4068
vn -0.0220 0.5877 -0.8088
vn -0.0220 0.9133 -0.4067
vn -0.0502 0.5872 -0.8079
vn -0.0502 0.9124 -0.4062
vn -0.0599 0.5868 -0.8075
vn -0.0599 0.9119 -0.4061
vn -0.0947 0.5902 -0.8017
vn -0.1075 0.9082 -0.4045
vn -0.4718 0.3161 -0.8231
vn -0.4558 0.8130 -0.3622
vn -0.0220 0.9943 0.1045
vn -0.0220 0.9134 -0.4066
vn -0.0502 0.9125 -0.4061
vn -0.0502 0.9933 0.1044
vn -0.0599 0.9119 -0.4060
vn -0.0599 0.9927 0.1043
vn -0.1075 0.9083 -0.4043
vn -0.0947 0.9907 0.0978
vn -0.4558 0.8132 -0.3620
vn -0.4719 0.8231 0.3159
vn -0.0948 0.8017 0.5901
vn -0.0947 0.9907 0.0979
vn -0.4718 0.8231 0.3162
vn -0.1074 0.4045 0.9082
vn -0.4558 0.3622 0.8130
vn -0.0599 0.4061 0.9119
vn -0.0599 0.8075 0.5868
vn -0.0599 0.8077 0.5866
vn -0.0599 0.9927 0.1047
vn -0.0502 0.8080 0.5870
vn -0.0502 0.4062 0.9124
vn -0.0502 0.8079 0.5872
vn -0.0220 0.8089 0.5875
vn -0.0220 0.9943 0.1046
vn -0.0220 0.4067 0.9133
vn -0.0220 0.8088 0.5877
vn -0.0325 0.4068 0.9129
vn -0.0325 0.8085 0.5876
vn -0.0325 0.8087 0.5873
vn -0.0325 0.9940 0.1045
vn -0.0505 0.8080 0.5870
vn -0.0505 0.9932 0.1044
vn -0.0505 0.4062 0.9124
vn -0.0505 0.8079 0.5871
vn -0.0580 0.8077 0.5867
vn -0.0580 0.9928 0.1044
vn -0.0580 0.4061 0.9120
vn -0.0580 0.8076 0.5869
vn -0.0670 0.8073 0.5863
vn -0.0670 0.9923 0.1043
vn -0.0669 0.4059 0.9115
vn -0.0670 0.8072 0.5865
vn -0.0260 0.8088 0.5875
vn -0.0260 0.9942 0.1045
vn -0.0260 0.4067 0.9132
vn -0.0260 0.8087 0.5876
vn 0.0200 0.4069 0.9133
vn 0.0200 0.8087 0.5879
vn 0.0200 0.8089 0.5876
vn 0.0200 0.9943 0.1045
vn 0.0972 0.4056 0.9089
vn 0.0968 0.8045 0.5860
vn 0.0957 0.9898 0.1055
vn 0.0292 0.3193 0.9472
vn 0.0608 0.8122 0.5802
vn 0.0608 0.8123 0.5801
vn 0.0761 0.9909 0.1110
vn 0.0969 0.9081 -0.4074
vn 0.0200 0.9134 -0.4066
vn -0.0260 0.9133 -0.4065
vn -0.0260 0.9942 0.1041
vn -0.0670 0.9115 -0.4058
vn -0.0669 0.9923 0.1042
vn -0.0580 0.9120 -0.4060
vn -0.0580 0.9929 0.1043
vn -0.0505 0.9124 -0.4061
vn -0.0505 0.9933 0.1044
vn -0.0325 0.9131 -0.4065
vn -0.0325 0.9940 0.1044
vn 0.0611 0.9123 -0.4049
vn -0.0947 -0.0978 0.9907
vn -0.1075 0.4043 0.9083
vn -0.4558 0.3619 0.8132
vn -0.4719 -0.3159 0.8231
vn -0.0599 -0.1043 0.9927
vn -0.0599 0.4060 0.9119
vn -0.0502 -0.1044 0.9933
vn -0.0502 0.4061 0.9124
vn -0.0220 -0.1045 0.9943
vn -0.0220 0.4066 0.9134
vn -0.0325 -0.1045 0.9940
vn -0.0325 0.4065 0.9131
vn -0.0505 -0.1044 0.9933
vn -0.0505 0.4061 0.9124
vn -0.0580 -0.1043 0.9929
vn -0.0580 0.4060 0.9120
vn -0.0670 -0.1041 0.9923
vn -0.0670 0.4058 0.9115
vn -0.0260 -0.1042 0.9942
vn -0.0260 0.4064 0.9133
vn 0.0200 -0.1045 0.9943
vn 0.0200 0.4066 0.9134
vn 0.0961 -0.1018 0.9902
vn 0.0364 -0.1020 0.9941
vn 0.0293 0.3191 0.9473
vn 0.0707 -0.5796 0.8118
vn 0.0364 -0.1021 0.9941
vn 0.0961 -0.1023 0.9901
vn 0.0947 -0.5835 0.8066
vn 0.0200 -0.5876 0.8089
vn -0.0260 -0.1048 0.9941
vn -0.0260 -0.5875 0.8088
vn -0.0670 -0.1046 0.9923
vn -0.0669 -0.5863 0.8073
vn -0.0580 -0.1047 0.9928
vn -0.0580 -0.5866 0.8078
vn -0.0505 -0.1044 0.9932
vn -0.0505 -0.5870 0.8080
vn -0.0325 -0.5873 0.8087
vn -0.0220 -0.1046 0.9943
vn -0.0220 -0.5875 0.8089
vn -0.0502 -0.5870 0.8080
vn -0.0599 -0.1047 0.9927
vn -0.0599 -0.5867 0.8076
vn -0.0947 -0.0979 0.9907
vn -0.0948 -0.5901 0.8017
vn -0.4718 -0.3162 0.8231
vn -0.1075 -0.9082 0.4045
vn -0.4558 -0.8131 0.3622
vn -0.0599 -0.9119 0.4061
vn -0.0599 -0.5868 0.8075
vn -0.0502 -0.9124 0.4062
vn -0.0502 -0.5872 0.8079
vn -0.0220 -0.9133 0.4067
vn -0.0220 -0.5877 0.8088
vn -0.0325 -0.9129 0.4068
vn -0.0325 -0.5876 0.8085
vn -0.0505 -0.9124 0.4062
vn -0.0505 -0.5871 0.8079
vn -0.0580 -0.9120 0.4061
vn -0.0580 -0.5870 0.8075
vn -0.0669 -0.9115 0.4059
vn -0.0669 -0.5865 0.8072
vn -0.0260 -0.9132 0.4066
vn -0.0260 -0.5878 0.8086
vn 0.0200 -0.9133 0.4067
vn 0.0200 -0.5877 0.8088
vn 0.0938 -0.9093 0.4054
vn 0.0725 -0.9066 0.4157
vn -0.0947 -0.9907 -0.0978
vn -0.1075 -0.9083 0.4043
vn -0.4558 -0.8131 0.3620
vn -0.4719 -0.8231 -0.3159
vn -0.0599 -0.9927 -0.1043
vn -0.0599 -0.9119 0.4060
vn -0.0502 -0.9933 -0.1044
vn -0.0502 -0.9124 0.4061
vn -0.0220 -0.9943 -0.1045
vn -0.0220 -0.9133 0.4066
vn -0.0325 -0.9940 -0.1044
vn -0.0325 -0.9131 0.4065
vn -0.0505 -0.9933 -0.1044
vn -0.0505 -0.9124 0.4061
vn -0.0580 -0.9929 -0.1042
vn -0.0580 -0.9120 0.4060
vn -0.0669 -0.9923 -0.1043
vn -0.0669 -0.9115 0.4058
vn -0.0260 -0.9942 -0.1045
vn 0.0200 -0.9944 -0.1041
vn 0.0200 -0.9134 0.4066
vn 0.0950 -0.9895 -0.1085
vn 0.0959 -0.9884 -0.1178
vn 0.0724 -0.9067 0.4156
vn 0.1104 -0.7983 -0.5921
vn 0.0958 -0.9884 -0.1179
vn 0.0951 -0.9895 -0.1089
vn 0.0983 -0.8021 -0.5890
vn 0.0200 -0.9943 -0.1045
vn 0.0200 -0.8089 -0.5876
vn -0.0261 -0.8088 -0.5875
vn -0.0670 -0.8072 -0.5864
vn -0.0580 -0.9928 -0.1044
vn -0.0580 -0.8078 -0.5866
vn -0.0505 -0.9932 -0.1044
vn -0.0505 -0.8080 -0.5870
vn -0.0325 -0.9940 -0.1045
vn -0.0325 -0.8087 -0.5873
vn -0.0220 -0.9943 -0.1046
vn -0.0220 -0.8089 -0.5875
vn -0.0502 -0.8080 -0.5870
vn -0.0599 -0.9927 -0.1047
vn -0.0599 -0.8077 -0.5866
vn -0.0947 -0.9907 -0.0979
vn -0.0948 -0.8017 -0.5901
vn -0.4718 -0.8231 -0.3163
vn -0.1075 -0.4045 -0.9082
vn -0.4558 -0.3621 -0.8131
vn -0.0599 -0.4061 -0.9119
vn -0.0599 -0.8075 -0.5868
vn -0.0502 -0.4062 -0.9124
vn -0.0502 -0.8079 -0.5872
vn -0.0220 -0.4067 -0.9133
vn -0.0220 -0.8088 -0.5877
vn -0.0325 -0.4067 -0.9130
vn -0.0325 -0.8085 -0.5876
vn -0.0505 -0.4062 -0.9124
vn -0.0505 -0.8079 -0.5871
vn -0.0580 -0.4061 -0.9120
vn -0.0580 -0.8076 -0.5868
vn -0.0670 -0.4058 -0.9115
vn -0.0670 -0.8072 -0.5865
vn -0.0261 -0.4067 -0.9132
vn -0.0260 -0.8087 -0.5877
vn 0.0200 -0.4068 -0.9133
vn 0.0200 -0.8088 -0.5878
vn 0.1016 -0.4002 -0.9108
vn 0.0846 -0.3980 -0.9135
vn 0.0476 0.1154 -0.9922
vn 0.0846 -0.3977 -0.9136
vn -0.0022 -0.3583 0.9336
vn -0.0022 0.4067 0.9136
vn -0.0177 0.4067 0.9134
vn -0.0177 -0.3583 0.9334
vn -0.3940 0.3738 0.8397
vn -0.3940 -0.3293 0.8581
vn -1.0000 0.0001 -0.0000
vn -1.0000 0.0003 -0.0003
vn -0.3940 0.3739 0.8396
vn -0.3940 0.8581 0.3294
vn -0.0177 0.9334 0.3584
vn -0.0176 0.4067 0.9134
vn -0.0022 0.9336 0.3584
vn -0.0022 0.4069 0.9135
vn -1.0000 -0.0000 -0.0001
vn -0.3940 0.8397 -0.3738
vn -0.0177 0.9134 -0.4066
vn -0.0177 0.9335 0.3583
vn -0.0022 0.9136 -0.4067
vn -0.0022 0.9336 0.3583
vn -0.3940 0.8396 -0.3739
vn -0.3940 0.3294 -0.8581
vn -0.0177 0.3583 -0.9334
vn -0.0177 0.9134 -0.4067
vn -0.0022 0.3584 -0.9336
vn -0.0022 0.9135 -0.4069
vn -0.0022 -0.9135 0.4069
vn -0.0022 -0.3584 0.9336
vn -0.0177 -0.3584 0.9334
vn -0.0177 -0.9134 0.4067
vn -0.3940 -0.3295 0.8580
vn -0.3940 -0.8396 0.3740
vn -1.0000 0.0001 0.0001
vn -0.3940 -0.8397 0.3738
vn -1.0000 -0.0000 0.0001
vn -0.3940 -0.8581 -0.3294
vn -0.0177 -0.9334 -0.3583
vn -0.0022 -0.9336 -0.3583
vn -0.0022 -0.9136 0.4067
vn -0.3940 -0.8580 -0.3294
vn -1.0000 -0.0002 0.0001
vn -0.3940 -0.3740 -0.8396
vn -0.0177 -0.4067 -0.9134
vn -0.0177 -0.9334 -0.3584
vn -0.0022 -0.4069 -0.9135
vn -0.0022 -0.9336 -0.3584
vn -1.0000 -0.0001 -0.0000
vn -0.3940 0.3293 -0.8581
vn -0.3940 -0.3738 -0.8397
vn -0.0177 -0.4066 -0.9134
vn -0.0176 0.3583 -0.9334
vn -0.0022 -0.4067 -0.9136
vn -0.0022 0.3583 -0.9336
vn -0.7041 -0.2544 0.6629
vn -0.7041 0.2888 0.6487
vn -0.8561 0.2101 0.4721
vn -0.8562 -0.1851 0.4824
vn -0.6189 -0.2815 0.7333
vn -0.6189 0.3194 0.7176
vn -0.7041 -0.6487 0.2889
vn -0.7041 -0.2546 0.6629
vn -0.8562 -0.1852 0.4824
vn -0.8562 -0.4720 0.2103
vn -0.6189 -0.7176 0.3195
vn -0.7042 -0.6629 -0.2542
vn -0.7041 -0.6487 0.2888
vn -0.8562 -0.4721 0.2101
vn -0.8562 -0.4824 -0.1851
vn -0.6189 -0.7333 -0.2815
vn -0.6189 -0.7176 0.3194
vn -0.7041 -0.2889 -0.6487
vn -0.7041 -0.6629 -0.2546
vn -0.8562 -0.4824 -0.1852
vn -0.8562 -0.2103 -0.4720
vn -0.6189 -0.3195 -0.7176
vn 0.2701 -0.3450 0.8989
vn 0.2701 0.3916 0.8796
vn 0.3137 0.3861 0.8675
vn 0.3137 -0.3402 0.8865
vn 0.1119 -0.3561 0.9277
vn 0.1119 0.4042 0.9078
vn 0.0215 -0.3582 0.9334
vn 0.0215 0.4065 0.9134
vn -0.0246 -0.3568 0.9339
vn -0.0249 0.4065 0.9133
vn -0.0500 -0.3485 0.9360
vn -0.0510 -0.9123 0.4062
vn -0.0243 -0.9133 0.4066
vn -0.0423 0.4062 0.9128
vn 0.0215 -0.3583 0.9334
vn 0.0215 -0.9133 0.4067
vn 0.1119 -0.9078 0.4042
vn 0.2701 -0.3451 0.8989
vn 0.2701 -0.8796 0.3917
vn 0.3137 -0.3405 0.8864
vn 0.3137 -0.8674 0.3862
vn 0.0015 -0.3629 0.9318
vn 0.0007 -0.9135 0.4068
vn 0.0062 -0.0216 0.9997
vn 0.1601 -0.3537 0.9216
vn 0.1442 0.0056 0.9895
vn 0.2856 -0.3434 0.8947
vn 0.4581 0.4070 0.7903
vn 0.3662 -0.3335 0.8687
vn 0.3662 0.3785 0.8501
vn 1.0000 -0.0001 -0.0000
vn 0.1601 -0.9017 0.4015
vn 0.1601 -0.3539 0.9215
vn 0.0015 -0.3630 0.9318
vn 0.2856 -0.8755 0.3898
vn 0.2856 -0.3435 0.8947
vn 0.3662 -0.8501 0.3785
vn 0.1601 -0.9216 -0.3537
vn 0.1601 -0.9018 0.4015
vn 0.0007 -0.9136 0.4067
vn 0.2856 -0.8947 -0.3434
vn 0.3662 -0.8687 -0.3335
vn 1.0000 -0.0000 -0.0001
vn 0.0007 -0.9336 -0.3583
vn 0.3662 -0.3785 -0.8501
vn 0.2856 -0.8947 -0.3435
vn 0.2856 -0.3898 -0.8755
vn 0.1601 -0.9215 -0.3538
vn 0.1601 -0.4015 -0.9017
vn 0.0007 -0.9336 -0.3584
vn 0.0007 -0.4068 -0.9135
vn 0.0006 -0.9136 0.4066
vn -0.0510 -0.9324 -0.3579
vn -0.0510 -0.9124 0.4062
vn -0.0243 -0.9333 -0.3582
vn 0.0215 -0.9134 0.4065
vn 0.0215 -0.9334 -0.3582
vn 0.1119 -0.9277 -0.3561
vn 0.2701 -0.8796 0.3916
vn 0.2701 -0.8989 -0.3450
vn 0.3137 -0.8675 0.3860
vn 0.3137 -0.8865 -0.3402
vn 0.0006 -0.9336 -0.3584
vn -0.0510 -0.9323 -0.3579
vn -0.0510 -0.4062 -0.9123
vn -0.0243 -0.9333 -0.3583
vn -0.0243 -0.4066 -0.9133
vn 0.0215 -0.9334 -0.3583
vn 0.0215 -0.4067 -0.9133
vn 0.1119 -0.9277 -0.3562
vn 0.1119 -0.4042 -0.9078
vn 0.2701 -0.8989 -0.3451
vn 0.2701 -0.3917 -0.8796
vn 0.3137 -0.8864 -0.3404
vn 0.3137 -0.3862 -0.8674
vn 0.1601 -0.4014 -0.9018
vn 0.0007 -0.4066 -0.9136
vn 0.0007 0.3583 -0.9336
vn 0.1601 0.3535 -0.9216
vn -0.0510 -0.4062 -0.9124
vn -0.0510 0.3579 -0.9324
vn -0.0243 0.3582 -0.9333
vn -0.0243 -0.4065 -0.9133
vn 0.0215 0.3583 -0.9334
vn 0.0215 -0.4066 -0.9134
vn 0.1119 0.3561 -0.9277
vn 0.1119 -0.4041 -0.9078
vn 0.2701 0.3450 -0.8989
vn 0.2701 -0.3916 -0.8796
vn 0.3137 0.3402 -0.8865
vn 0.3137 -0.3861 -0.8675
vn 0.2856 0.3434 -0.8947
vn 0.3662 0.3334 -0.8687
vn 1.0000 0.0001 -0.0000
vn 0.3662 0.3335 -0.8687
vn 0.2856 0.3435 -0.8947
vn 0.2856 0.8755 -0.3898
vn 0.3662 0.8501 -0.3785
vn 0.1601 0.9017 -0.4015
vn 0.1601 0.3538 -0.9215
vn 0.0007 0.9135 -0.4068
vn 0.0007 0.3584 -0.9336
vn -0.0510 0.9123 -0.4063
vn -0.0243 0.9133 -0.4066
vn -0.0243 0.3583 -0.9333
vn 0.0215 0.9133 -0.4067
vn 0.0215 0.3583 -0.9333
vn 0.1119 0.9078 -0.4042
vn 0.1119 0.3562 -0.9277
vn 0.2701 0.8796 -0.3916
vn 0.2701 0.3451 -0.8988
vn 0.3137 0.8674 -0.3862
vn 0.3137 0.3404 -0.8864
vn -0.0003 -0.3584 0.9336
vn -0.0003 0.4067 0.9136
vn -0.0003 -0.3583 0.9336
vn -0.0003 -0.9135 0.4068
vn -0.0003 -0.9336 -0.3583
vn -0.0003 -0.9136 0.4067
vn -0.0003 -0.4067 -0.9135
vn -0.0003 -0.9336 -0.3584
vn -0.0003 -0.4068 -0.9135
vn -0.8908 -0.1628 0.4242
vn -0.8908 0.1848 0.4152
vn -0.8908 0.1848 0.4151
vn -0.8908 -0.4151 0.1848
vn -0.8908 -0.4151 0.1849
vn -0.8908 -0.4243 -0.1629
vn -0.8908 -0.1848 -0.4152
vn -0.8908 0.4242 0.1629
vn -0.8908 0.4243 0.1628
vn -0.8908 0.4152 -0.1846
vn -0.8908 0.4152 -0.1848
vn -0.8908 0.1628 -0.4243
vn -0.8908 0.1629 -0.4243
vn -0.8908 0.4151 -0.1849
vn -0.8908 0.4151 -0.1850
vn 0.8825 -0.1686 0.4391
vn 0.8825 0.1913 0.4297
vn 0.8825 -0.4297 0.1913
vn 0.8825 -0.4391 -0.1686
vn 0.8825 -0.4392 -0.1686
vn 0.8825 -0.1913 -0.4297
vn 0.8825 0.4391 0.1686
vn 0.8824 0.4392 0.1686
vn 0.8825 0.4297 -0.1912
vn 0.8824 0.4298 -0.1912
vn 0.8825 0.1686 -0.4391
vn 0.8825 0.1686 -0.4392
vn 0.8825 0.4297 -0.1914
vn -0.7041 0.6629 0.2545
vn -0.8561 0.4824 0.1852
vn -0.8562 0.2102 0.4720
vn -0.7041 0.2889 0.6487
vn -0.6189 0.7333 0.2815
vn -0.6189 0.3195 0.7176
vn -0.7041 0.6487 -0.2888
vn -0.8561 0.4721 -0.2101
vn -0.8562 0.4824 0.1851
vn -0.7041 0.6629 0.2544
vn -0.6189 0.7176 -0.3194
vn -0.7041 0.2545 -0.6629
vn -0.8561 0.1852 -0.4824
vn -0.8562 0.4720 -0.2103
vn -0.7041 0.6487 -0.2889
vn -0.6189 0.2815 -0.7333
vn -0.6189 0.7176 -0.3195
vn -0.7041 -0.2888 -0.6487
vn -0.8562 -0.2101 -0.4720
vn -0.8562 0.1851 -0.4824
vn -0.7042 0.2544 -0.6629
vn -0.6189 -0.3194 -0.7176
vn 0.2701 0.8989 0.3451
vn 0.3137 0.8864 0.3404
vn 0.3137 0.3862 0.8674
vn 0.1119 0.9277 0.3562
vn 0.0215 0.9333 0.3583
vn 0.0215 0.4067 0.9133
vn -0.0246 0.9327 0.3597
vn -0.0249 0.4066 0.9133
vn -0.0471 0.9507 0.3065
vn -0.0510 0.9124 -0.4062
vn -0.0243 0.9133 -0.4065
vn -0.0422 0.4064 0.9127
vn 0.0215 0.9334 0.3583
vn 0.0215 0.9134 -0.4066
vn 0.1119 0.9277 0.3561
vn 0.1119 0.9078 -0.4041
vn 0.2701 0.8989 0.3450
vn 0.3137 0.8865 0.3402
vn 0.3137 0.8675 -0.3860
vn 0.0006 0.9997 -0.0262
vn 0.0007 0.9136 -0.4066
vn 0.1601 0.9018 -0.4014
vn 0.1482 0.9886 -0.0259
vn 0.5019 0.7829 0.3676
vn 0.3662 0.8687 0.3335
vn 1.0000 -0.0000 0.0001
vn 0.5019 0.7829 0.3677
vn 0.4581 0.4071 0.7902
vn -0.0003 0.9336 0.3584
vn -0.0003 0.4068 0.9135
vn -0.0003 0.4067 0.9135
vn -0.0003 0.9136 -0.4067
vn -0.0003 0.9336 0.3583
vn -0.0003 0.3584 -0.9336
vn -0.0003 0.9135 -0.4068
vn -0.0003 0.9135 -0.4067
vn -0.0003 -0.4066 -0.9136
vn -0.0003 -0.4067 -0.9136
vn -0.0003 0.3583 -0.9336
vn -0.3338 0.7197 -0.6088
vn -0.4253 0.4652 -0.7763
vn -0.4268 0.4638 -0.7764
vn -0.3055 0.5254 -0.7941
vn -0.5149 0.3498 -0.7826
vn -0.5170 0.3462 -0.7829
vn -0.6377 0.2372 -0.7328
vn -0.6388 0.2366 -0.7321
vn -0.7771 0.1395 -0.6137
vn -0.7909 0.1284 -0.5984
vn -0.8745 0.0311 -0.4841
vn -0.8788 0.0241 -0.4766
vn -0.9242 -0.0886 -0.3716
vn -0.9224 -0.0813 -0.3776
vn -0.9384 -0.2179 -0.2680
vn -0.9383 -0.2261 -0.2616
vn -0.1198 0.7128 -0.6911
vn -0.1503 0.7437 -0.6514
vn -0.2100 0.6026 -0.7699
vn 0.1265 0.0044 -0.9920
vn 0.0349 -0.0164 -0.9993
vn -0.3500 0.5309 -0.7718
vn -0.5516 0.7948 -0.2531
vn -0.5187 0.4135 -0.7483
vn -0.7067 0.6935 -0.1401
vn -0.6261 0.2328 -0.7442
vn -0.8129 0.5483 -0.1965
vn -0.8960 0.3639 -0.2545
vn -0.7163 0.0639 -0.6949
vn -0.9513 0.1917 -0.2413
vn -0.7684 -0.1020 -0.6318
vn -0.9817 0.0343 -0.1871
vn -0.7935 -0.2760 -0.5424
vn -0.9878 -0.1111 -0.1092
vn -0.8062 -0.4243 -0.4124
vn -0.9727 -0.2313 -0.0204
vn -0.8044 -0.5327 -0.2629
vn -0.5233 -0.7092 -0.4724
vn -0.4904 -0.6263 -0.6060
vn -0.9405 -0.3349 0.0573
vn -0.7823 -0.6140 -0.1049
vn -0.4299 -0.5203 -0.7379
vn -0.3116 -0.2543 -0.9156
vn -0.2237 -0.1538 -0.9624
vn -0.0961 -0.0607 -0.9935
vn -0.5165 -0.8043 -0.2939
vn -0.6306 -0.7759 -0.0157
vn -0.8620 -0.5020 0.0705
vn -0.3701 -0.3801 -0.8477
vn -0.6698 -0.4771 -0.5690
vn -0.8478 -0.4302 -0.3102
vn -0.9040 -0.1955 -0.3802
vn -0.6476 -0.3460 -0.6788
vn -0.8837 -0.0814 -0.4609
vn -0.5816 -0.1660 -0.7964
vn -0.8356 0.0823 -0.5431
vn -0.5091 0.0148 -0.8606
vn -0.7837 0.2467 -0.5701
vn -0.4274 0.2238 -0.8759
vn -0.7230 0.4499 -0.5243
vn -0.3057 0.4457 -0.8414
vn -0.6214 0.6499 -0.4376
vn -0.4759 0.7640 -0.4358
vn -0.1821 0.5761 -0.7969
vn -0.0280 0.6114 -0.7908
vn 0.2213 0.1550 -0.9628
vn 0.1166 0.0729 -0.9905
vn 0.2449 0.1762 -0.9534
vn -0.0359 -0.0685 -0.9970
vn -0.1523 -0.2207 -0.9634
vn -0.2403 -0.3747 -0.8955
vn -0.3107 -0.5321 -0.7876
vn -0.0689 0.7493 -0.6586
vn 0.0078 0.7325 -0.6807
vn 0.0422 0.7710 -0.6355
vn 0.0728 0.6197 -0.7815
vn -0.3119 0.7486 -0.5850
vn -0.0405 0.6045 -0.7956
vn -0.1922 0.4876 -0.8517
vn -0.4866 0.6410 -0.5936
vn -0.2386 0.2803 -0.9298
vn -0.5716 0.4562 -0.6820
vn -0.6179 0.1982 -0.7609
vn -0.2928 0.0231 -0.9559
vn 0.1963 0.5850 -0.7869
vn -0.5958 -0.0416 -0.8020
vn -0.3651 -0.1714 -0.9151
vn 0.0627 -0.1634 -0.9846
vn -0.0509 -0.2799 -0.9587
vn -0.5182 -0.2216 -0.8260
vn -0.5076 -0.2424 -0.8268
vn 0.2468 0.1494 -0.9575
vn 0.1916 0.0188 -0.9813
vn 0.3357 0.2842 -0.8981
vn 0.3800 0.3278 -0.8649
vn 0.4074 0.3029 -0.8616
vn 0.4788 0.2861 -0.8300
vn 0.2776 0.6923 -0.6661
vn 0.5574 0.2870 -0.7791
vn 0.3310 0.7588 -0.5609
vn 0.6151 0.2697 -0.7409
vn 0.4127 0.7867 -0.4591
vn 0.6741 0.2129 -0.7073
vn 0.4900 0.7980 -0.3509
vn 0.4419 -0.6013 -0.6657
vn 0.5977 0.7629 -0.2463
vn 0.3878 0.8945 -0.2224
vn 0.4867 0.8679 -0.0997
vn 0.3174 0.8840 -0.3433
vn 0.2419 0.8540 -0.4605
vn 0.1732 0.8263 -0.5360
vn 0.0827 0.7605 -0.6440
vn 0.0114 0.7255 -0.6881
vn 0.5977 0.7630 -0.2462
vn 0.7291 -0.0583 -0.6819
vn 0.3494 -0.6020 -0.7180
vn 0.2100 -0.5303 -0.8214
vn 0.6423 -0.0232 -0.7661
vn 0.0748 -0.3313 -0.9406
vn 0.5069 0.1141 -0.8544
vn 0.2857 0.2343 -0.9292
vn 0.0314 -0.0273 -0.9991
vn 0.2012 0.2646 -0.9431
vn 0.0611 0.1581 -0.9855
vn 0.4417 -0.6014 -0.6657
vn 0.5953 0.8029 0.0302
vn 0.4868 0.8678 -0.0997
vn 0.5875 0.8090 0.0185
vn 0.6528 0.7434 0.1459
vn 0.5953 0.8029 0.0303
vn 0.6482 0.7499 0.1322
vn 0.6666 0.6951 0.2692
vn 0.6676 0.7049 0.2396
vn 0.6449 0.6405 0.4171
vn 0.6558 0.6600 0.3665
vn 0.4582 0.4070 0.7902
vn 0.5020 0.7829 0.3676
vn -0.9383 -0.2262 -0.2616
vn -0.9249 -0.3480 -0.1529
vn -0.9256 -0.3451 -0.1556
vn -0.9384 -0.2180 -0.2680
vn -0.8998 -0.4305 -0.0703
vn -0.9005 -0.4288 -0.0719
vn -0.8522 -0.5230 -0.0164
vn -0.8569 -0.5152 -0.0199
vn -0.7834 -0.6206 0.0329
vn -0.7639 -0.6436 0.0464
vn -0.6749 -0.7309 0.1015
vn -0.0719 -0.1764 -0.9817
vn -0.0160 -0.4496 -0.8931
vn 0.0748 -0.3311 -0.9406
vn 0.0313 -0.0273 -0.9991
vn 0.2100 -0.5301 -0.8215
vn 0.0996 -0.6238 -0.7752
vn 0.1950 -0.7240 -0.6617
vn 0.2440 -0.8027 -0.5442
vn 0.3089 -0.8338 -0.4576
vn 0.3104 -0.8335 -0.4571
vn 0.3992 -0.8124 -0.4251
vn 0.4013 -0.8118 -0.4243
vn 0.4887 -0.7858 -0.3791
vn 0.4879 -0.7860 -0.3797
vn 0.5551 -0.7753 -0.3014
vn 0.5522 -0.7750 -0.3074
vn 0.5882 -0.7915 -0.1660
vn 0.5878 -0.7905 -0.1721
vn 0.6222 -0.7828 0.0036
vn 0.6148 -0.7886 -0.0107
vn 0.7003 -0.7073 0.0965
vn 0.6874 -0.7212 0.0858
vn 0.8189 -0.5511 0.1601
vn 0.8071 -0.5696 0.1553
vn 0.8882 -0.4313 0.1582
vn 0.8893 -0.4293 0.1574
vn 0.9096 -0.4087 0.0748
vn 0.9088 -0.4117 0.0673
vn 0.8251 -0.5650 -0.0011
vn 0.8233 -0.5676 -0.0013
vn 0.5295 -0.8467 0.0523
vn 0.5213 -0.8515 0.0563
vn 0.0953 -0.9638 0.2491
vn 0.1011 -0.9638 0.2466
vn -0.2808 -0.8795 0.3843
vn -0.3457 -0.6425 -0.6839
vn -0.5766 -0.7094 -0.4052
vn -0.3610 -0.3716 -0.8553
vn 0.4169 -0.4715 0.7771
vn 0.4229 -0.4670 0.7766
vn 0.3909 -0.7050 0.5918
vn 0.3205 -0.5141 0.7956
vn 0.5139 -0.3729 0.7726
vn 0.5156 -0.3707 0.7725
vn 0.6439 -0.2534 0.7219
vn 0.6485 -0.2501 0.7189
vn 0.7805 -0.1451 0.6080
vn 0.7941 -0.1329 0.5931
vn 0.8755 -0.0327 0.4821
vn 0.8799 -0.0252 0.4744
vn 0.1546 -0.7215 0.6750
vn 0.2030 -0.7377 0.6439
vn 0.2404 -0.6203 0.7466
vn 0.3437 -0.5251 0.7786
vn 0.5945 -0.7995 0.0864
vn 0.5052 -0.4061 0.7615
vn 0.7007 -0.7117 0.0503
vn 0.6194 -0.2215 0.7532
vn 0.8097 -0.5665 0.1531
vn 0.8970 -0.3812 0.2236
vn 0.7117 -0.0533 0.7005
vn 0.9535 -0.2092 0.2171
vn 0.7641 0.1099 0.6357
vn 0.9848 -0.0507 0.1659
vn 0.7900 0.2818 0.5445
vn 0.9913 0.0959 0.0906
vn 0.8036 0.4289 0.4127
vn -0.0630 0.0047 0.9980
vn -0.1077 -0.0967 0.9895
vn 0.9766 0.2148 0.0045
vn 0.8045 0.5334 0.2615
vn 0.5071 0.7169 0.4784
vn 0.4744 0.6333 0.6115
vn 0.9456 0.3174 -0.0720
vn 0.7904 0.6056 0.0922
vn 0.4150 0.5293 0.7400
vn 0.3531 0.3937 0.8487
vn 0.2905 0.2761 0.9162
vn 0.4989 0.8164 0.2908
vn 0.6258 0.7799 0.0128
vn 0.8690 0.4882 -0.0803
vn 0.4660 -0.7538 0.4634
vn 0.1896 -0.5730 0.7973
vn 0.3055 -0.4415 0.8437
vn 0.6201 -0.6472 0.4435
vn 0.0300 -0.6120 0.7903
vn 0.7230 -0.4478 0.5260
vn 0.4298 -0.2188 0.8760
vn 0.7855 -0.2446 0.5684
vn 0.5132 -0.0089 0.8582
vn 0.8388 -0.0791 0.5386
vn 0.5891 0.1704 0.7899
vn 0.8869 0.0844 0.4541
vn 0.6584 0.3445 0.6691
vn 0.9064 0.1951 0.3748
vn 0.6829 0.4687 0.5603
vn 0.8566 0.4106 0.3126
vn -0.2341 -0.1490 0.9607
vn -0.1373 -0.0575 0.9889
vn -0.2176 -0.2204 0.9508
vn 0.0202 0.0838 0.9963
vn 0.1371 0.2361 0.9620
vn 0.2229 0.3903 0.8933
vn 0.2894 0.5481 0.7848
vn 0.3196 0.6580 0.6818
vn 0.5835 0.7112 0.3921
vn -0.1747 -0.6702 0.7213
vn -0.1306 -0.6958 0.7063
vn -0.1901 -0.6782 0.7099
vn -0.2105 -0.6719 0.7101
vn -0.2333 -0.6584 0.7156
vn -0.3068 -0.5998 0.7390
vn -0.0319 -0.6301 0.7759
vn 0.3497 -0.7490 0.5628
vn 0.1984 -0.4985 0.8439
vn 0.4880 -0.6449 0.5882
vn 0.2533 -0.2986 0.9202
vn 0.5822 -0.4499 0.6772
vn 0.6220 -0.1884 0.7600
vn 0.3025 -0.0213 0.9529
vn 0.5819 0.0687 0.8104
vn 0.3620 0.1814 0.9144
vn -0.1053 0.1810 0.9778
vn 0.0187 0.2970 0.9547
vn 0.4952 0.2347 0.8365
vn 0.4893 0.2500 0.8355
vn -0.3224 -0.1154 0.9395
vn -0.2406 0.0187 0.9704
vn -0.3910 -0.4121 0.8230
vn 0.3699 0.3672 0.8534
vn 0.9257 0.3453 0.1543
vn 0.9251 0.3481 0.1515
vn 0.9387 0.2256 0.2608
vn 0.9388 0.2185 0.2663
vn 0.9388 0.2184 0.2664
vn 0.9247 0.0879 0.3705
vn 0.9230 0.0810 0.3761
vn 0.8756 -0.0327 0.4820
vn 0.8800 -0.0252 0.4743
vn 0.9257 0.3453 0.1542
vn 0.9007 0.4286 0.0709
vn 0.9003 0.4297 0.0698
vn 0.8517 0.5237 0.0158
vn 0.8583 0.5128 0.0207
vn 0.7846 0.6191 -0.0321
vn 0.7624 0.6454 -0.0475
vn 0.6724 0.7330 -0.1030
vn 0.0566 0.0958 0.9938
vn 0.5052 -0.4062 0.7614
vn 0.1942 0.1850 0.9634
vn 0.1942 0.1850 0.9633
vn -0.4703 0.2252 0.8533
vn -0.1075 0.0554 0.9927
vn -0.0635 0.0406 0.9972
vn -0.2383 0.2489 0.9387
vn -0.6998 0.1995 0.6859
vn -0.4983 0.2993 0.8137
vn -0.8274 -0.0247 0.5611
vn -0.6855 0.1658 0.7089
vn -0.0637 -0.0165 0.9978
vn -0.9297 -0.0385 0.3663
vn -0.9293 -0.0372 0.3674
vn -0.9311 -0.0628 0.3592
vn -0.9313 -0.0625 0.3588
vn -0.9395 -0.0492 0.3391
vn -0.9096 -0.1788 0.3750
vn -0.8182 -0.4262 0.3859
vn -0.7985 -0.3236 0.5076
vn -0.6431 -0.6368 0.4252
vn -0.6527 -0.5618 0.5083
vn -0.7304 -0.0312 0.6824
vn -0.6756 -0.2337 0.6992
vn -0.5181 -0.6579 0.5465
vn -0.5975 -0.3564 0.7183
vn -0.4062 -0.6724 0.6187
vn -0.4182 -0.6499 0.6347
vn -0.2958 -0.6689 0.6820
vn -0.2868 -0.6669 0.6878
vn -0.3045 -0.6702 0.6769
vn -0.3852 -0.6953 0.6068
vn -0.4953 -0.7117 0.4982
vn -0.3606 0.7493 0.5555
vn -0.3545 0.7834 0.5105
vn -0.3549 0.7822 0.5121
vn -0.3606 0.7482 0.5569
vn -0.3725 0.7243 0.5802
vn -0.3732 0.7239 0.5803
vn -0.3826 0.6915 0.6127
vn -0.3825 0.6909 0.6134
vn -0.3512 0.6664 0.6577
vn -0.3514 0.6664 0.6576
vn -0.3205 0.6692 0.6704
vn -0.3206 0.6692 0.6704
vn -0.3137 0.6807 0.6620
vn -0.3354 0.6884 0.6432
vn -0.3355 0.6884 0.6431
vn -0.3584 0.6692 0.6509
vn -0.3584 0.6693 0.6509
vn -0.3718 0.6366 0.6756
vn -0.3716 0.6369 0.6754
vn -0.4003 0.5879 0.7029
vn -0.4008 0.5872 0.7033
vn -0.4083 0.5012 0.7630
vn -0.4084 0.5018 0.7625
vn -0.3972 0.4574 0.7956
vn -0.3972 0.4573 0.7957
vn 0.7896 -0.5955 0.1484
vn 0.6952 -0.6109 0.3788
vn 0.6925 -0.6109 0.3837
vn 0.7912 -0.5947 0.1426
vn 0.8240 -0.5553 -0.1121
vn 0.8239 -0.5530 -0.1237
vn 0.8113 -0.5138 -0.2788
vn 0.5071 -0.5765 0.6407
vn 0.4830 -0.7097 -0.5129
vn 0.5865 -0.7304 -0.3502
vn 0.5809 -0.7299 -0.3601
vn 0.6983 -0.7114 -0.0791
vn 0.6986 -0.7112 -0.0780
vn 0.7337 -0.6746 0.0814
vn 0.7336 -0.6747 0.0813
vn 0.8568 -0.5046 -0.1063
vn 0.8382 -0.5452 -0.0151
vn 0.8396 -0.5427 -0.0211
vn 0.7711 -0.6227 0.1329
vn 0.7684 -0.6251 0.1368
vn 0.5331 -0.7381 0.4136
vn 0.5445 -0.7358 0.4026
vn 0.2618 -0.7413 0.6180
vn 0.2618 -0.7414 0.6179
vn -0.2383 0.2489 0.9388
vn -0.0634 0.0406 0.9972
vn 0.0261 -0.0011 0.9997
vn -0.1401 0.1943 0.9709
vn -0.3453 0.3150 0.8841
vn -0.6854 0.1659 0.7090
vn -0.5061 0.3610 0.7833
vn -0.7303 -0.0308 0.6825
vn -0.5370 0.3609 0.7625
vn -0.6757 -0.2337 0.6992
vn -0.5345 0.3618 0.7638
vn -0.5976 -0.3565 0.7182
vn -0.5278 0.3848 0.7572
vn -0.4852 0.4323 0.7600
vn -0.4858 0.4305 0.7607
vn -0.4407 0.5350 0.7208
vn -0.4420 0.5326 0.7218
vn -0.4044 0.6631 0.6299
vn -0.4047 0.6651 0.6276
vn -0.3849 0.7467 0.5425
vn -0.3861 0.7456 0.5432
vn -0.3553 0.7871 0.5043
vn -0.3545 0.7891 0.5017
vn 0.0610 0.1579 -0.9856
vn -0.0690 0.0562 -0.9960
vn -0.0637 -0.0164 0.9978
vn -0.4101 0.9016 -0.1375
vn -0.2805 0.6803 -0.6771
vn 0.0611 0.9123 -0.4050
vn 0.0422 0.5889 -0.8071
vn -0.1133 0.7705 -0.6273
vn -0.1133 0.7704 -0.6274
vn -0.3431 0.8803 -0.3275
vn 0.0474 0.1154 -0.9922
vn -0.6496 0.3994 -0.6469
vn -0.2962 -0.4798 -0.8259
vn -0.1819 -0.3908 -0.9023
vn -0.5806 -0.0819 -0.8101
vn 0.1103 -0.7983 -0.5921
vn -0.6802 -0.5213 -0.5153
vn -0.3480 -0.9067 -0.2383
vn 0.0956 -0.9884 -0.1179
vn -0.1594 -0.8820 -0.4435
vn -0.2438 -0.9040 -0.3513
vn 0.0721 -0.9067 0.4156
vn -0.4710 -0.7256 0.5016
vn -0.3077 -0.5131 0.8013
vn 0.0706 -0.5796 0.8118
vn -0.1443 -0.6724 0.7260
vn -0.3397 -0.5675 0.7500
vn -0.4534 0.1270 0.8822
vn 0.0292 0.3190 0.9473
vn 0.0363 -0.1020 0.9941
vn -0.4534 0.1269 0.8822
vn -0.3211 0.0369 0.9463
vn 0.0292 0.3192 0.9472
vn -0.6036 0.4154 0.6805
vn 0.0607 0.8122 0.5802
vn -0.7072 0.6372 0.3063
vn -0.3211 0.0371 0.9463
vn 0.0607 0.8123 0.5801
vn -0.4995 0.8532 -0.1502
vn 0.0761 0.9909 0.1111
vn -0.1481 0.9820 -0.1171
vn -0.2212 0.9568 0.1886
vn 0.0611 0.9124 -0.4047
vn -0.6981 0.4435 -0.5622
vn -0.6870 0.4030 -0.6047
vn -0.2566 -0.6164 -0.7444
vn -0.3219 -0.5391 -0.7783
vn -0.7474 0.6277 -0.2176
vn -0.7505 0.6227 -0.2215
vn -0.7284 0.6707 -0.1401
vn -0.7078 0.4219 -0.5666
vn 0.2999 -0.9526 -0.0507
vn 0.3842 -0.9232 -0.0008
vn 0.3859 -0.9010 -0.1981
vn 0.4032 -0.9150 -0.0123
vn -0.2805 0.6804 -0.6771
vn -0.2804 0.6804 -0.6771
vn -0.4102 0.9016 -0.1374
vn -0.2803 0.6804 -0.6771
vn -0.1748 0.5886 -0.7893
vn -0.1132 0.7705 -0.6273
vn -0.1744 0.1533 -0.9727
vn -0.3659 0.2333 -0.9010
vn -0.4293 0.4812 -0.7643
vn -0.4203 0.2483 -0.8727
vn -0.2654 -0.0238 -0.9638
vn -0.0506 -0.3640 -0.9300
vn -0.4704 0.4719 -0.7457
vn -0.2806 0.6804 -0.6770
vn 0.3859 -0.9011 -0.1978
vn -0.3983 0.7374 -0.5455
vn -0.3382 0.7922 -0.5079
vn -0.1013 0.9911 -0.0858
vn 0.1045 0.9493 0.2965
vn -0.0806 0.9715 -0.2230
vn 0.3940 0.3590 0.8461
vn 0.4360 0.4240 0.7938
vn -0.3431 0.8804 -0.3274
vn -0.1133 0.7703 -0.6275
vn -0.7924 0.2774 -0.5433
vn -0.6497 0.3994 -0.6468
vn -0.5730 0.7821 -0.2449
vn -0.5215 0.7764 -0.3538
vn -0.6532 0.3544 -0.6691
vn -0.4846 0.7791 -0.3977
vn -0.2608 0.9573 0.1249
vn -0.2103 0.9450 0.2503
vn -0.5811 0.3860 -0.7165
vn 0.3381 0.4137 0.8453
vn 0.3388 0.4803 0.8090
vn -0.3432 0.8803 -0.3275
vn -0.5750 -0.3615 -0.7340
vn -0.6204 -0.3905 -0.6802
vn -0.1174 -0.9910 -0.0642
vn -0.0180 -0.9982 0.0574
vn -0.6687 -0.5335 -0.5179
vn 0.5309 -0.4446 0.7214
vn 0.5211 -0.4485 0.7261
vn 0.5088 -0.5666 0.6481
vn 0.5612 -0.4597 0.6883
vn -0.2962 -0.4797 -0.8259
vn -0.6498 0.3993 -0.6468
vn -0.3045 -0.2916 -0.9068
vn -0.1818 -0.3908 -0.9023
vn -0.1508 -0.7885 -0.5963
vn -0.3617 -0.6251 -0.6917
vn -0.4669 -0.3045 -0.8302
vn -0.3977 -0.5847 -0.7071
vn -0.1925 -0.8679 -0.4580
vn 0.0244 -0.9823 -0.1857
vn -0.4918 -0.3157 -0.8114
vn 0.5612 -0.4599 0.6881
vn -0.2962 -0.4798 -0.8258
vn 0.5088 -0.5667 0.6480
vn 0.0244 -0.9823 -0.1858
vn -0.5805 -0.0820 -0.8101
vn -0.3706 0.1760 -0.9119
vn -0.4375 0.1648 -0.8840
vn -0.4669 -0.3042 -0.8303
vn -0.5041 -0.0322 -0.8630
vn -0.4918 -0.3157 -0.8115
vn -0.3467 0.5800 -0.7372
vn -0.1865 0.8362 -0.5157
vn 0.0917 0.9954 -0.0260
vn 0.0309 0.9937 -0.1073
vn -0.8148 -0.5396 -0.2122
vn -0.8836 -0.1456 -0.4449
vn -0.8648 -0.0991 -0.4923
vn -0.3979 0.8499 -0.3454
vn -0.5761 0.6715 -0.4660
vn -0.7831 -0.5811 -0.2216
vn 0.0059 0.9978 -0.0654
vn 0.0540 0.9984 -0.0161
vn 0.0309 0.9938 -0.1072
vn 0.0918 0.9954 -0.0258
vn -0.5711 -0.8020 0.1752
vn -0.6312 -0.7648 0.1288
vn -0.1298 -0.5241 0.8417
vn -0.3178 -0.7174 0.6200
vn 0.2979 0.0977 0.9496
vn 0.4362 0.3975 0.8073
vn 0.4770 0.2985 0.8267
vn 0.4906 0.4476 0.7476
vn -0.3481 -0.9067 -0.2383
vn -0.3480 -0.9067 -0.2382
vn -0.6802 -0.5213 -0.5154
vn -0.2334 -0.9403 -0.2478
vn -0.1593 -0.8820 -0.4435
vn -0.2009 -0.8164 -0.5415
vn -0.3418 -0.8272 -0.4460
vn -0.3651 -0.9033 -0.2254
vn -0.3826 -0.8169 -0.4317
vn -0.1952 -0.6487 -0.7356
vn -0.0221 -0.4160 -0.9091
vn -0.3974 -0.8880 -0.2312
vn 0.3836 0.5357 -0.7522
vn 0.4272 0.3934 -0.8141
vn -0.2438 -0.9039 -0.3513
vn -0.3086 -0.9510 0.0200
vn -0.2613 -0.9624 0.0740
vn -0.0374 -0.8470 0.5302
vn 0.2425 -0.4629 0.8526
vn -0.1865 -0.9818 0.0363
vn 0.4906 0.4475 0.7477
vn 0.4770 0.2983 0.8267
vn 0.3838 0.5359 -0.7520
vn 0.3521 0.5292 -0.7720
vn -0.2438 -0.9040 -0.3512
vn 0.4199 0.5483 -0.7232
vn -0.2848 -0.2264 -0.9315
vn -0.3841 -0.3207 -0.8658
vn -0.7027 -0.6937 -0.1581
vn -0.6981 -0.6785 -0.2288
vn -0.7466 -0.6118 0.2615
vn -0.7484 -0.6061 0.2695
vn -0.7388 -0.6293 0.2412
vn -0.6714 -0.7045 -0.2298
vn -0.2438 -0.9039 -0.3515
vn -0.6889 -0.2671 0.6739
vn -0.7090 -0.3100 0.6335
vn -0.2499 0.5809 0.7747
vn -0.2786 0.5693 0.7735
vn -0.7229 -0.2880 0.6281
vn -0.3078 -0.5130 0.8013
vn 0.4322 0.8981 -0.0811
vn 0.4781 0.8716 -0.1086
vn 0.4813 0.8706 0.1018
vn 0.4981 0.8603 -0.1084
vn -0.3076 -0.5130 0.8014
vn -0.2784 -0.6167 0.7363
vn -0.2340 -0.3219 0.9174
vn -0.3921 -0.3768 0.8392
vn -0.4132 -0.5748 0.7063
vn -0.4246 -0.3937 0.8153
vn -0.2830 -0.0794 0.9558
vn 0.0136 0.3884 0.9214
vn -0.4371 -0.5742 0.6923
vn 0.4981 0.8604 -0.1081
vn -0.3078 -0.5131 0.8013
vn -0.2103 0.9451 0.2501
vn 0.5823 -0.5658 -0.5838
vn 0.5445 -0.5883 -0.5978
vn 0.5334 -0.6056 -0.5906
vn 0.5593 -0.5470 -0.6228
vn 0.5627 -0.4733 0.6778
vn 0.4348 -0.8971 -0.0788
vn 0.4775 -0.8574 -0.1919
vn 0.5393 -0.7667 -0.3484
vn 0.3718 -0.8037 0.4646
vn 0.4607 -0.8458 0.2692
vn 0.1117 -0.8144 0.5694
vn 0.0245 -0.7305 0.6825
vn -0.0795 -0.6665 0.7413
vn -0.5303 -0.1472 0.8349
vn -0.4269 -0.2412 0.8715
vn -0.7064 0.1913 0.6815
vn -0.2762 -0.4220 0.8635
vn -0.6187 0.0385 0.7847
vn -0.8011 0.4387 0.4071
vn -0.7637 0.3865 0.5171
vn -0.7806 0.6097 0.1372
vn -0.8011 0.5867 0.1183
vn -0.6049 0.6129 -0.5084
vn -0.6516 0.6130 -0.4469
vn -0.4997 0.8531 -0.1502
vn -0.7074 0.6371 0.3062
vn -0.1720 0.1983 -0.9649
vn 0.4049 -0.4566 -0.7922
vn -0.0414 0.0465 -0.9981
vn 0.5038 -0.5047 -0.7011
vn 0.4216 -0.1868 -0.8873
vn 0.5073 -0.4462 -0.7373
vn -0.4997 0.8531 -0.1503
vn -0.6037 0.4153 0.6805
vn -0.4996 0.8531 -0.1502
vn -0.3272 0.9449 -0.0080
vn -0.1480 0.9820 -0.1171
vn -0.2855 0.7994 -0.5287
vn -0.4508 0.8413 -0.2983
vn -0.5280 0.8490 0.0193
vn -0.4630 0.8498 -0.2520
vn -0.2730 0.7522 -0.5997
vn -0.1075 0.5812 -0.8067
vn -0.5315 0.8466 0.0295
vn 0.5074 -0.4462 -0.7372
vn -0.4996 0.8532 -0.1502
vn -0.1075 0.5812 -0.8066
vn -0.4893 0.8201 0.2968
vn -0.4659 0.8187 0.3356
vn -0.2608 0.6929 0.6722
vn -0.0404 0.4537 0.8902
vn -0.3075 0.7772 0.5490
vn 0.5111 -0.6335 0.5808
vn 0.5215 -0.5223 0.6747
vn -0.2213 0.9568 0.1887
vn -0.2211 0.9568 0.1886
vn -0.2211 0.9568 0.1887
vn -0.7284 0.6707 -0.1398
vn -0.4102 0.9016 -0.1375
vn -0.7060 0.6858 0.1769
vn -0.7330 0.6603 0.1635
vn -0.7474 0.6277 -0.2175
vn -0.7183 0.6432 0.2652
vn -0.2817 0.1171 0.9523
vn -0.3262 0.1592 0.9318
vn -0.7505 0.6227 -0.2214
vn 0.4872 -0.7387 0.4658
vn 0.5112 -0.6335 0.5808
vn 0.5045 -0.7500 0.4278
vn -0.2271 0.0377 0.9731
vn -0.2579 0.0469 0.9650
vn -0.0648 -0.3641 0.9291
vn 0.1144 -0.5334 0.8381
vn -0.2637 0.3721 0.8899
vn -0.2816 0.3622 0.8886
vn -0.1237 0.3605 0.9245
vn -0.0516 0.0240 0.9984
vn 0.4607 -0.8458 0.2691
vn 0.5627 -0.4734 0.6777
vn -0.1338 0.6100 0.7810
vn -0.1368 0.6772 0.7230
vn -0.2197 0.6376 0.7384
vn -0.2637 0.3722 0.8899
vn -0.2404 0.6107 0.7545
vn -0.2816 0.3624 0.8885
vn -0.1325 0.8308 0.5406
vn 0.0085 0.9584 0.2853
vn 0.4300 0.5169 -0.7402
vn 0.3400 0.8021 -0.4909
vn 0.5626 -0.4734 0.6778
vn -0.4532 0.1269 0.8823
vn -0.1339 0.6101 0.7809
vn -0.1021 0.9837 -0.1480
vn 0.1785 0.8320 -0.5252
vn -0.0488 0.9845 -0.1683
vn 0.2245 0.7930 -0.5663
vn 0.4401 0.2265 -0.8689
vn 0.4159 0.3025 -0.8576
vn -0.5419 0.7489 0.3815
vn -0.4889 0.7849 0.3807
vn -0.7282 0.1595 0.6665
vn -0.7047 0.0087 0.7094
vn -0.6200 -0.5017 0.6033
vn -0.5763 -0.5704 0.5852
vn -0.5834 -0.5293 0.6161
vn -0.6028 -0.4308 0.6716
vn -0.3398 -0.5676 0.7499
vn -0.3103 0.7144 0.6271
vn -0.3710 0.6370 0.6757
vn -0.3696 0.7044 0.6060
vn -0.3914 0.7019 0.5951
vn -0.8522 -0.2853 0.4386
vn -0.8563 -0.1534 0.4932
vn -0.3397 -0.5676 0.7499
vn -0.2485 -0.8329 -0.4945
vn -0.3355 -0.8366 -0.4330
vn 0.3923 -0.3643 -0.8446
vn 0.4217 -0.3314 -0.8440
vn 0.4253 -0.4899 -0.7610
vn 0.4661 -0.3139 -0.8272
vn -0.3398 -0.5678 0.7498
vn -0.2785 -0.6167 0.7363
vn -0.2131 -0.8785 0.4276
vn -0.3359 -0.7930 0.5083
vn 0.0969 -0.9549 -0.2805
vn -0.1480 -0.9750 0.1657
vn -0.3698 -0.7633 0.5298
vn -0.4371 -0.5742 0.6922
vn 0.4661 -0.3140 -0.8271
vn -0.3398 -0.5674 0.7501
vn 0.4253 -0.4900 -0.7610
vn 0.4301 0.5170 -0.7401
vn -0.0795 -0.6665 0.7412
vn -0.3212 0.0368 0.9463
vn -0.4535 0.1267 0.8822
vn 0.5392 -0.7667 -0.3485
vn -0.4535 0.1269 0.8822
vn -0.2652 -0.1005 0.9589
vn -0.2652 0.3920 0.8809
vn 0.0234 0.4066 0.9133
vn 0.0234 -0.1045 0.9943
vn 0.3010 0.3878 0.8712
vn 0.3010 -0.0997 0.9484
vn -0.2652 0.3923 0.8808
vn -0.2652 0.7799 0.5670
vn 0.0234 0.8086 0.5878
vn 0.0234 0.4069 0.9132
vn 0.3010 0.7714 0.5607
vn 0.3010 0.3879 0.8711
vn -0.2652 0.7801 0.5667
vn -0.2652 0.9589 0.1008
vn 0.0234 0.9942 0.1045
vn 0.0234 0.8088 0.5876
vn 0.3010 0.9484 0.0999
vn 0.3010 0.7715 0.5605
vn -0.2652 0.9589 0.1005
vn -0.2652 0.8809 -0.3920
vn 0.0234 0.9133 -0.4066
vn 0.0234 0.9943 0.1045
vn 0.3010 0.8712 -0.3878
vn 0.3010 0.9484 0.0997
vn -0.2652 -0.5667 0.7801
vn -0.2652 -0.1008 0.9589
vn 0.0234 -0.1045 0.9942
vn 0.0234 -0.5876 0.8088
vn 0.3010 -0.0999 0.9484
vn 0.3010 -0.5605 0.7715
vn -0.2652 -0.8808 0.3923
vn -0.2652 -0.5670 0.7799
vn 0.0234 -0.5878 0.8087
vn 0.0234 -0.9132 0.4069
vn 0.3010 -0.5607 0.7714
vn 0.3010 -0.8712 0.3879
vn -0.2652 -0.9589 -0.1005
vn -0.2652 -0.8809 0.3920
vn 0.0234 -0.9133 0.4066
vn 0.0234 -0.9943 -0.1045
vn 0.3010 -0.8712 0.3878
vn 0.3010 -0.9484 -0.0997
vn -0.2652 -0.7801 -0.5667
vn -0.2652 -0.9589 -0.1008
vn 0.0234 -0.9942 -0.1045
vn 0.0234 -0.8088 -0.5876
vn 0.3010 -0.9484 -0.0999
vn 0.3010 -0.7715 -0.5605
vn -0.2652 -0.3923 -0.8808
vn -0.2652 -0.7799 -0.5669
vn 0.0234 -0.8087 -0.5878
vn 0.0234 -0.4069 -0.9132
vn 0.3010 -0.7714 -0.5607
vn 0.3010 -0.3879 -0.8711
vn -0.2652 0.1005 -0.9589
vn -0.2652 -0.3920 -0.8809
vn 0.0234 -0.4066 -0.9133
vn 0.0234 0.1045 -0.9943
vn 0.3010 -0.3878 -0.8712
vn 0.3010 0.0997 -0.9484
vn -0.2652 0.5667 -0.7801
vn -0.2652 0.1008 -0.9589
vn 0.0234 0.1045 -0.9942
vn 0.0234 0.5876 -0.8088
vn 0.3010 0.0999 -0.9484
vn 0.3010 0.5605 -0.7715
vn -0.2652 0.8808 -0.3923
vn -0.2652 0.5669 -0.7799
vn 0.0234 0.5878 -0.8087
vn 0.0234 0.9132 -0.4069
vn 0.3010 0.5607 -0.7714
vn 0.3010 0.8711 -0.3880
vt 0.457568 0.060852
vt 0.445920 0.060852
vt 0.451744 0.009819
vt 0.434273 0.009819
vt 0.434273 0.060852
vt 0.457568 0.236084
vt 0.445920 0.236084
vt 0.434273 0.236084
vt 0.457568 0.288086
vt 0.445920 0.288086
vt 0.434273 0.288086
vt 0.457568 0.376709
vt 0.445920 0.376709
vt 0.434273 0.376709
vt 0.457568 0.457275
vt 0.445920 0.457275
vt 0.434273 0.457275
vt 0.457568 0.482422
vt 0.445920 0.482422
vt 0.434273 0.482422
vt 0.457568 0.666992
vt 0.445920 0.666992
vt 0.434273 0.666992
vt 0.457568 0.695312
vt 0.445920 0.695312
vt 0.434273 0.695312
vt 0.457568 0.767090
vt 0.445920 0.767090
vt 0.434273 0.767090
vt 0.457568 0.839844
vt 0.445920 0.839844
vt 0.434273 0.839844
vt 0.457568 0.914551
vt 0.445920 0.914551
vt 0.434537 0.914551
vt 0.458097 0.988281
vt 0.469215 0.988281
vt 0.469215 0.914551
vt 0.469215 0.839844
vt 0.469215 0.767090
vt 0.469215 0.695312
vt 0.469215 0.666992
vt 0.469215 0.482422
vt 0.469215 0.457275
vt 0.469215 0.376709
vt 0.469215 0.288086
vt 0.469215 0.235840
vt 0.469215 0.060883
vt 0.469215 0.009842
vt 0.480597 0.376709
vt 0.480597 0.287842
vt 0.480597 0.235596
vt 0.480597 0.060883
vt 0.486421 0.009857
vt 0.492245 0.060883
vt 0.503892 0.060883
vt 0.503892 0.009857
vt 0.503892 0.235718
vt 0.492245 0.235718
vt 0.492245 0.287842
vt 0.503892 0.287842
vt 0.492245 0.376709
vt 0.503892 0.376709
vt 0.503892 0.457275
vt 0.492245 0.457275
vt 0.480597 0.457275
vt 0.492245 0.482422
vt 0.480597 0.482422
vt 0.503892 0.482422
vt 0.492245 0.666992
vt 0.480597 0.666992
vt 0.503892 0.666992
vt 0.492245 0.695312
vt 0.480597 0.695312
vt 0.503892 0.695312
vt 0.492245 0.767090
vt 0.480597 0.767090
vt 0.503892 0.767090
vt 0.503892 0.839844
vt 0.492245 0.839844
vt 0.480597 0.839844
vt 0.503892 0.914551
vt 0.492245 0.914551
vt 0.480597 0.914551
vt 0.503892 0.988281
vt 0.492245 0.988281
vt 0.480332 0.988281
vt 0.515539 0.060883
vt 0.521363 0.009865
vt 0.515539 0.235840
vt 0.515539 0.287842
vt 0.515539 0.376709
vt 0.515539 0.457275
vt 0.515539 0.482422
vt 0.515539 0.666992
vt 0.515539 0.695312
vt 0.515539 0.767090
vt 0.515539 0.839844
vt 0.515539 0.914551
vt 0.515539 0.988281
vt 0.527186 0.988281
vt 0.526922 0.914551
vt 0.526922 0.839844
vt 0.526922 0.767090
vt 0.526922 0.695312
vt 0.526922 0.666992
vt 0.526922 0.482422
vt 0.526922 0.457275
vt 0.526922 0.376709
vt 0.526922 0.287842
vt 0.526922 0.235840
vt 0.526922 0.060883
vt 0.538569 0.060883
vt 0.538569 0.009865
vt 0.538569 0.235962
vt 0.538569 0.288086
vt 0.538569 0.376709
vt 0.538569 0.457275
vt 0.538569 0.482422
vt 0.538569 0.666992
vt 0.538569 0.695312
vt 0.538569 0.767578
vt 0.538569 0.839844
vt 0.538569 0.914551
vt 0.538569 0.988281
vt 0.411243 0.060852
vt 0.399596 0.060852
vt 0.399596 0.009819
vt 0.417067 0.009819
vt 0.411243 0.235962
vt 0.399596 0.235840
vt 0.411243 0.288086
vt 0.399596 0.287842
vt 0.411243 0.376709
vt 0.399596 0.376709
vt 0.411243 0.457275
vt 0.399596 0.457275
vt 0.411243 0.482422
vt 0.399596 0.482422
vt 0.411243 0.666992
vt 0.399596 0.666992
vt 0.411243 0.695312
vt 0.399596 0.695312
vt 0.411243 0.767090
vt 0.399596 0.767090
vt 0.411243 0.839844
vt 0.399596 0.839844
vt 0.411243 0.914551
vt 0.399596 0.914551
vt 0.411243 0.988281
vt 0.399596 0.988281
vt 0.423155 0.988281
vt 0.422890 0.914551
vt 0.422890 0.839844
vt 0.422890 0.767090
vt 0.422890 0.695312
vt 0.422890 0.666992
vt 0.422890 0.482422
vt 0.422890 0.457275
vt 0.422890 0.376709
vt 0.422890 0.288086
vt 0.422890 0.235962
vt 0.422890 0.060852
vt 0.434803 0.988281
vt 0.446450 0.988281
vt 0.149180 0.233032
vt 0.144019 0.233032
vt 0.144019 0.049713
vt 0.149180 0.049713
vt 0.144019 0.034332
vt 0.149180 0.034332
vt 0.154343 0.013489
vt 0.138989 0.034332
vt 0.138989 0.049713
vt 0.138989 0.233032
vt 0.134026 0.034332
vt 0.134026 0.049713
vt 0.134026 0.233032
vt 0.174857 0.034332
vt 0.169696 0.034332
vt 0.169696 0.049713
vt 0.174857 0.049713
vt 0.169696 0.232910
vt 0.174857 0.232910
vt 0.154343 0.233032
vt 0.154343 0.049713
vt 0.154343 0.034332
vt 0.159504 0.034332
vt 0.159504 0.049713
vt 0.159504 0.232910
vt 0.164666 0.034332
vt 0.164666 0.049713
vt 0.164666 0.232910
vt 0.079231 0.022018
vt 0.070032 0.022034
vt 0.070032 0.008331
vt 0.079231 0.008331
vt 0.079231 0.031403
vt 0.070032 0.031433
vt 0.088430 0.022034
vt 0.088430 0.008331
vt 0.088430 0.031433
vt 0.097628 0.022018
vt 0.097628 0.008331
vt 0.097628 0.031403
vt 0.106827 0.022018
vt 0.106827 0.008331
vt 0.106827 0.031433
vt 0.079231 0.051300
vt 0.070032 0.051331
vt 0.079231 0.075745
vt 0.070032 0.075745
vt 0.079231 0.133545
vt 0.070032 0.133545
vt 0.079231 0.259033
vt 0.070032 0.259033
vt 0.079231 0.411377
vt 0.088430 0.411377
vt 0.088430 0.259033
vt 0.070032 0.415527
vt 0.088430 0.133545
vt 0.088430 0.075745
vt 0.088430 0.051331
vt 0.079231 0.463379
vt 0.088430 0.463379
vt 0.070032 0.463379
vt 0.079231 0.494629
vt 0.070032 0.494629
vt 0.079231 0.511719
vt 0.070032 0.511719
vt 0.079231 0.532715
vt 0.070032 0.532715
vt 0.088430 0.576660
vt 0.088430 0.494629
vt 0.088430 0.511719
vt 0.088430 0.532715
vt 0.097628 0.494629
vt 0.097628 0.511719
vt 0.097628 0.532715
vt 0.097628 0.463379
vt 0.106827 0.532715
vt 0.106827 0.511719
vt 0.106827 0.494629
vt 0.106827 0.463379
vt 0.097628 0.411133
vt 0.097628 0.259033
vt 0.097628 0.133545
vt 0.097628 0.075684
vt 0.097628 0.051300
vt 0.106827 0.411133
vt 0.106827 0.259033
vt 0.106827 0.133545
vt 0.106827 0.075745
vt 0.106827 0.051300
vt 0.116026 0.463379
vt 0.116026 0.494629
vt 0.116026 0.411133
vt 0.116026 0.259033
vt 0.116026 0.133545
vt 0.116026 0.075684
vt 0.116026 0.051300
vt 0.116026 0.031433
vt 0.116026 0.511719
vt 0.116026 0.532715
vt 0.124563 0.511719
vt 0.124563 0.532715
vt 0.124563 0.494629
vt 0.124563 0.463379
vt 0.124563 0.411133
vt 0.124563 0.259033
vt 0.124563 0.133545
vt 0.124563 0.075684
vt 0.124563 0.051300
vt 0.124563 0.031403
vt 0.031798 0.580078
vt 0.029333 0.580078
vt 0.029333 0.004978
vt 0.031798 0.004978
vt 0.034280 0.580078
vt 0.034280 0.004978
vt 0.036745 0.580078
vt 0.036745 0.004978
vt 0.039227 0.580078
vt 0.039227 0.004978
vt 0.146666 0.463135
vt 0.146666 0.481201
vt 0.136475 0.481201
vt 0.136475 0.463135
vt 0.146666 0.445312
vt 0.136475 0.445312
vt 0.146666 0.427246
vt 0.136475 0.427246
vt 0.146533 0.409180
vt 0.136475 0.409180
vt 0.146666 0.498779
vt 0.136475 0.498779
vt 0.146666 0.516113
vt 0.136475 0.516113
vt 0.136475 0.391113
vt 0.146666 0.391113
vt 0.136475 0.373047
vt 0.146666 0.373047
vt 0.154343 0.463135
vt 0.154343 0.481201
vt 0.154343 0.445312
vt 0.154343 0.427246
vt 0.154343 0.409180
vt 0.154343 0.498779
vt 0.154343 0.516113
vt 0.154343 0.391113
vt 0.154343 0.373047
vt 0.061099 0.022034
vt 0.061099 0.008331
vt 0.061099 0.031433
vt 0.052131 0.022034
vt 0.052131 0.008331
vt 0.052131 0.031403
vt 0.116026 0.022034
vt 0.116026 0.008331
vt 0.124563 0.008331
vt 0.124563 0.022034
vt 0.061099 0.051331
vt 0.061099 0.075684
vt 0.061099 0.133545
vt 0.061099 0.259033
vt 0.061099 0.411377
vt 0.052131 0.411377
vt 0.052131 0.259033
vt 0.052131 0.133545
vt 0.052131 0.075745
vt 0.052131 0.051300
vt 0.061099 0.463379
vt 0.052131 0.463379
vt 0.052131 0.494629
vt 0.061099 0.494629
vt 0.052131 0.511719
vt 0.061099 0.511719
vt 0.061099 0.532715
vt 0.052131 0.532715
vt 0.026934 0.580078
vt 0.026934 0.004978
vt 0.024536 0.580078
vt 0.024536 0.004978
vt 0.041675 0.580078
vt 0.041675 0.004978
vt 0.044157 0.004978
vt 0.044157 0.580078
vt 0.273329 0.318115
vt 0.262873 0.322998
vt 0.261947 0.317139
vt 0.272800 0.313965
vt 0.254006 0.328369
vt 0.252682 0.320801
vt 0.245006 0.324707
vt 0.246462 0.333496
vt 0.238123 0.328125
vt 0.238520 0.337891
vt 0.229520 0.331055
vt 0.230049 0.342041
vt 0.221314 0.344727
vt 0.221314 0.332520
vt 0.214564 0.332764
vt 0.214167 0.346436
vt 0.282330 0.310791
vt 0.283389 0.322998
vt 0.274653 0.325684
vt 0.275182 0.329102
vt 0.265653 0.337891
vt 0.264330 0.330811
vt 0.255594 0.336670
vt 0.247653 0.343018
vt 0.239314 0.349121
vt 0.230447 0.355469
vt 0.222108 0.359863
vt 0.214432 0.361572
vt 0.206755 0.347656
vt 0.206622 0.361572
vt 0.206888 0.379639
vt 0.214829 0.381348
vt 0.199343 0.348633
vt 0.199740 0.359863
vt 0.222505 0.376465
vt 0.240241 0.361328
vt 0.248844 0.353516
vt 0.257314 0.345947
vt 0.199740 0.371826
vt 0.194049 0.358643
vt 0.193652 0.349854
vt 0.231240 0.369873
vt 0.222108 0.386230
vt 0.232432 0.383301
vt 0.241697 0.377441
vt 0.251226 0.368164
vt 0.260094 0.357910
vt 0.268565 0.347656
vt 0.277565 0.336914
vt 0.284977 0.331543
vt 0.279683 0.345215
vt 0.271344 0.357910
vt 0.286036 0.336670
vt 0.262741 0.370605
vt 0.253608 0.384033
vt 0.242888 0.395020
vt 0.233358 0.398438
vt 0.292918 0.327637
vt 0.292124 0.319580
vt 0.298477 0.318848
vt 0.294771 0.339111
vt 0.288947 0.347656
vt 0.283389 0.355225
vt 0.275447 0.368164
vt 0.267109 0.380859
vt 0.300330 0.332275
vt 0.256123 0.393799
vt 0.270947 0.392578
vt 0.259564 0.404297
vt 0.244741 0.401123
vt 0.287095 0.365234
vt 0.279683 0.378662
vt 0.292124 0.356201
vt 0.297153 0.348145
vt 0.302447 0.340332
vt 0.309065 0.332031
vt 0.307742 0.324951
vt 0.316742 0.324463
vt 0.315948 0.317627
vt 0.325212 0.317871
vt 0.324154 0.312012
vt 0.333948 0.312744
vt 0.333683 0.307129
vt 0.343213 0.309082
vt 0.343213 0.304199
vt 0.331566 0.289551
vt 0.342419 0.288574
vt 0.320977 0.293213
vt 0.312507 0.296143
vt 0.304300 0.300049
vt 0.296624 0.303711
vt 0.290535 0.306885
vt 0.353536 0.303223
vt 0.353007 0.307129
vt 0.362272 0.309814
vt 0.363331 0.305908
vt 0.370478 0.317627
vt 0.372331 0.314697
vt 0.378684 0.327637
vt 0.375772 0.328369
vt 0.382125 0.341064
vt 0.377625 0.335205
vt 0.353007 0.288574
vt 0.364390 0.292969
vt 0.374184 0.303955
vt 0.380537 0.320068
vt 0.385037 0.341064
vt 0.207020 0.332031
vt 0.199740 0.330811
vt 0.193652 0.329834
vt 0.186637 0.345459
vt 0.187167 0.328613
vt 0.180946 0.336182
vt 0.178431 0.328125
vt 0.016213 0.138916
vt 0.016213 0.142334
vt 0.011159 0.139648
vt 0.011159 0.134644
vt 0.011159 0.146606
vt 0.016213 0.148071
vt 0.011159 0.155518
vt 0.016213 0.155884
vt 0.011159 0.166748
vt 0.016213 0.167603
vt 0.011159 0.180298
vt 0.016213 0.180542
vt 0.011159 0.197754
vt 0.016213 0.198120
vt 0.011159 0.218018
vt 0.016213 0.217773
vt 0.011159 0.238037
vt 0.016213 0.237183
vt 0.011159 0.259277
vt 0.016213 0.258789
vt 0.011159 0.281250
vt 0.016213 0.279297
vt 0.011159 0.303467
vt 0.016213 0.301514
vt 0.011159 0.328613
vt 0.016213 0.327148
vt 0.011159 0.369629
vt 0.016213 0.369873
vt 0.011159 0.416992
vt 0.016213 0.417725
vt 0.011159 0.471924
vt 0.016213 0.471924
vt 0.011159 0.507324
vt 0.016213 0.507812
vt 0.011159 0.535156
vt 0.016213 0.535156
vt 0.011159 0.550781
vt 0.016213 0.552246
vt 0.222637 0.395996
vt 0.216285 0.388672
vt 0.250829 0.405518
vt 0.260094 0.519531
vt 0.260358 0.510742
vt 0.271080 0.515137
vt 0.270814 0.520996
vt 0.251888 0.507812
vt 0.250961 0.517578
vt 0.243549 0.515625
vt 0.244344 0.504883
vt 0.236799 0.513184
vt 0.236535 0.502441
vt 0.228461 0.512207
vt 0.228196 0.500977
vt 0.280477 0.521484
vt 0.280477 0.510254
vt 0.271741 0.509277
vt 0.261153 0.504395
vt 0.252814 0.500000
vt 0.244873 0.495850
vt 0.236402 0.492188
vt 0.227667 0.488525
vt 0.219726 0.500000
vt 0.219329 0.486328
vt 0.212711 0.500000
vt 0.211917 0.486328
vt 0.262344 0.497314
vt 0.272138 0.503906
vt 0.205564 0.500977
vt 0.204637 0.488281
vt 0.203314 0.471680
vt 0.211123 0.467529
vt 0.198284 0.501465
vt 0.198284 0.491455
vt 0.218667 0.470215
vt 0.227402 0.474609
vt 0.236535 0.480469
vt 0.197358 0.480957
vt 0.192990 0.494141
vt 0.192725 0.501953
vt 0.273859 0.495361
vt 0.264330 0.486816
vt 0.281006 0.499512
vt 0.253741 0.491455
vt 0.255726 0.478760
vt 0.245402 0.486084
vt 0.246594 0.470947
vt 0.236932 0.464600
vt 0.227800 0.461182
vt 0.218005 0.460693
vt 0.275182 0.487061
vt 0.266579 0.476562
vt 0.282065 0.493896
vt 0.257579 0.466309
vt 0.247917 0.455566
vt 0.237197 0.447754
vt 0.227402 0.447510
vt 0.217873 0.452881
vt 0.212711 0.459961
vt 0.289212 0.499023
vt 0.288418 0.522949
vt 0.294771 0.524414
vt 0.295830 0.503418
vt 0.297418 0.488770
vt 0.291859 0.483398
vt 0.283918 0.482666
vt 0.278359 0.475830
vt 0.270682 0.466553
vt 0.261153 0.455566
vt 0.250300 0.445312
vt 0.264064 0.444580
vt 0.252550 0.435791
vt 0.239182 0.441406
vt 0.281271 0.468262
vt 0.273329 0.456055
vt 0.286829 0.476074
vt 0.244476 0.436035
vt 0.207284 0.516602
vt 0.214299 0.514160
vt 0.220520 0.512695
vt 0.200270 0.520020
vt 0.194181 0.522461
vt 0.185975 0.508789
vt 0.188225 0.525879
vt 0.181475 0.520020
vt 0.180019 0.528809
vt 0.365978 0.493408
vt 0.367831 0.483398
vt 0.377625 0.486328
vt 0.372331 0.500977
vt 0.360154 0.502930
vt 0.363595 0.513672
vt 0.351948 0.510254
vt 0.353536 0.521973
vt 0.366772 0.473145
vt 0.381067 0.473145
vt 0.358831 0.498291
vt 0.363860 0.491211
vt 0.365184 0.483154
vt 0.364390 0.478516
vt 0.350625 0.503906
vt 0.339507 0.507812
vt 0.340566 0.514648
vt 0.330242 0.506348
vt 0.330507 0.517090
vt 0.342419 0.524902
vt 0.330771 0.527344
vt 0.320183 0.514160
vt 0.319389 0.526855
vt 0.311712 0.512695
vt 0.310654 0.526367
vt 0.303506 0.508789
vt 0.302447 0.524902
vt 0.304565 0.494629
vt 0.312507 0.499756
vt 0.321242 0.503418
vt 0.007693 0.439941
vt 0.007693 0.488525
vt 0.002638 0.488037
vt 0.002638 0.439453
vt 0.007693 0.393311
vt 0.002638 0.392822
vt 0.007693 0.351074
vt 0.002638 0.351074
vt 0.007693 0.310791
vt 0.002639 0.310791
vt 0.007693 0.261230
vt 0.002638 0.261230
vt 0.007693 0.214355
vt 0.002639 0.214233
vt 0.007693 0.177856
vt 0.002639 0.177856
vt 0.007693 0.138306
vt 0.002638 0.138306
vt 0.007693 0.102417
vt 0.002639 0.102539
vt 0.007693 0.073425
vt 0.002638 0.073242
vt 0.007693 0.043610
vt 0.002639 0.043884
vt 0.007693 0.004471
vt 0.002638 0.004536
vt 0.016213 0.746094
vt 0.016213 0.780762
vt 0.011159 0.781738
vt 0.011159 0.745605
vt 0.016213 0.713379
vt 0.011159 0.712891
vt 0.016213 0.680176
vt 0.011159 0.679688
vt 0.011159 0.799316
vt 0.016213 0.799316
vt 0.016213 0.831055
vt 0.011159 0.830566
vt 0.011159 0.863281
vt 0.016213 0.863281
vt 0.011159 0.886230
vt 0.016213 0.886230
vt 0.016213 0.590820
vt 0.011159 0.590332
vt 0.011159 0.634766
vt 0.016213 0.634766
vt 0.011159 0.663086
vt 0.016213 0.662598
vt 0.007693 0.859375
vt 0.007693 0.875488
vt 0.002638 0.880371
vt 0.002638 0.862305
vt 0.007693 0.833008
vt 0.002638 0.835449
vt 0.007693 0.800293
vt 0.002638 0.800293
vt 0.007693 0.763672
vt 0.002638 0.764160
vt 0.007693 0.723145
vt 0.002638 0.723633
vt 0.007693 0.681641
vt 0.002638 0.682129
vt 0.007693 0.649414
vt 0.002638 0.649902
vt 0.007693 0.617188
vt 0.002638 0.617188
vt 0.007693 0.587402
vt 0.002638 0.586914
vt 0.007693 0.561523
vt 0.002638 0.562012
vt 0.007693 0.529297
vt 0.002638 0.528809
vt 0.011159 0.131836
vt 0.016213 0.137451
vt 0.007693 0.887695
vt 0.003789 0.893555
vt 0.002638 0.895996
vt 0.384507 0.266602
vt 0.377890 0.264648
vt 0.384507 0.149780
vt 0.368890 0.149780
vt 0.369419 0.260254
vt 0.362801 0.255127
vt 0.352213 0.149780
vt 0.356183 0.249634
vt 0.350625 0.244263
vt 0.335801 0.149780
vt 0.344536 0.239990
vt 0.338448 0.235596
vt 0.319124 0.149780
vt 0.329713 0.235962
vt 0.321772 0.235962
vt 0.302447 0.149780
vt 0.313301 0.243408
vt 0.305359 0.250732
vt 0.286036 0.149780
vt 0.297153 0.266602
vt 0.287095 0.276611
vt 0.269491 0.149780
vt 0.277830 0.277344
vt 0.268829 0.274170
vt 0.253344 0.149780
vt 0.257314 0.270752
vt 0.236667 0.149780
vt 0.240770 0.263672
vt 0.229785 0.259521
vt 0.219990 0.149780
vt 0.218931 0.259277
vt 0.206358 0.263184
vt 0.203446 0.149780
vt 0.199211 0.265869
vt 0.191402 0.268311
vt 0.187431 0.149780
vt 0.187431 0.266357
vt 0.366507 0.709473
vt 0.365448 0.762695
vt 0.359889 0.762695
vt 0.362801 0.709473
vt 0.383184 0.709473
vt 0.383184 0.762695
vt 0.383184 0.651367
vt 0.368360 0.661133
vt 0.357242 0.709473
vt 0.355125 0.762695
vt 0.348242 0.762695
vt 0.350095 0.709473
vt 0.355125 0.602051
vt 0.383184 0.594727
vt 0.331301 0.678223
vt 0.330771 0.597656
vt 0.337919 0.683105
vt 0.345331 0.709473
vt 0.331830 0.709473
vt 0.344007 0.762695
vt 0.346389 0.762695
vt 0.346124 0.709473
vt 0.331830 0.762695
vt 0.318860 0.762695
vt 0.318860 0.709473
vt 0.315948 0.762695
vt 0.317801 0.709473
vt 0.325212 0.683594
vt 0.313036 0.709473
vt 0.313301 0.762695
vt 0.310124 0.599121
vt 0.277300 0.651855
vt 0.279947 0.594727
vt 0.290271 0.665527
vt 0.292653 0.709473
vt 0.278888 0.709473
vt 0.292653 0.762695
vt 0.298477 0.762695
vt 0.299271 0.709473
vt 0.278888 0.762695
vt 0.304830 0.709473
vt 0.302183 0.762695
vt 0.266183 0.762695
vt 0.265785 0.709473
vt 0.260094 0.762695
vt 0.260358 0.709473
vt 0.265388 0.662598
vt 0.255461 0.709473
vt 0.255065 0.762695
vt 0.244741 0.762695
vt 0.246594 0.709473
vt 0.253079 0.600098
vt 0.233358 0.667969
vt 0.232829 0.593750
vt 0.237726 0.676758
vt 0.237726 0.709473
vt 0.226873 0.709473
vt 0.238388 0.762695
vt 0.241697 0.762695
vt 0.241961 0.709473
vt 0.226873 0.762695
vt 0.213505 0.592773
vt 0.223167 0.683594
vt 0.214961 0.709473
vt 0.217078 0.762695
vt 0.215623 0.762695
vt 0.214829 0.709473
vt 0.210858 0.709473
vt 0.214432 0.762695
vt 0.177769 0.709473
vt 0.181740 0.583496
vt 0.187034 0.709473
vt 0.188755 0.762695
vt 0.199872 0.762695
vt 0.194843 0.709473
vt 0.177769 0.762695
vt 0.203049 0.709473
vt 0.206358 0.762695
vt 0.167048 0.762695
vt 0.166387 0.709473
vt 0.156725 0.762695
vt 0.160034 0.709473
vt 0.154475 0.709473
vt 0.152622 0.762695
vt 0.147989 0.762695
vt 0.149975 0.709473
vt 0.152886 0.588379
vt 0.127872 0.678223
vt 0.132769 0.585938
vt 0.113974 0.589355
vt 0.119864 0.680176
vt 0.111459 0.709473
vt 0.127342 0.709473
vt 0.107489 0.762695
vt 0.105834 0.762695
vt 0.109871 0.709473
vt 0.127342 0.762695
vt 0.106232 0.709473
vt 0.104379 0.762695
vt 0.144416 0.762695
vt 0.145342 0.709473
vt 0.145740 0.762695
vt 0.145872 0.709473
vt 0.137269 0.681641
vt 0.100275 0.709473
vt 0.101599 0.762695
vt 0.099547 0.762695
vt 0.096702 0.709473
vt 0.093989 0.709473
vt 0.093856 0.762695
vt 0.074135 0.709473
vt 0.074135 0.762695
vt 0.076848 0.652344
vt 0.098224 0.655762
vt 0.086246 0.588379
vt 0.062521 0.762695
vt 0.064010 0.709473
vt 0.057624 0.762695
vt 0.060006 0.709473
vt 0.062488 0.666992
vt 0.048690 0.599121
vt 0.055738 0.709473
vt 0.054183 0.762695
vt 0.045183 0.762695
vt 0.047730 0.709473
vt 0.027497 0.674316
vt 0.027497 0.599609
vt 0.036447 0.679199
vt 0.043264 0.709473
vt 0.027497 0.709473
vt 0.040980 0.762695
vt 0.043694 0.762695
vt 0.045018 0.709473
vt 0.027497 0.762695
vt 0.206226 0.992188
vt 0.202784 0.992188
vt 0.205299 0.938965
vt 0.209270 0.938965
vt 0.259432 0.805664
vt 0.200667 0.992188
vt 0.199740 0.938965
vt 0.219461 0.877441
vt 0.210196 0.992188
vt 0.211123 0.938965
vt 0.198417 0.992188
vt 0.195637 0.938965
vt 0.213770 0.851074
vt 0.197755 0.860840
vt 0.207284 0.770996
vt 0.190211 0.938965
vt 0.181872 0.938965
vt 0.192858 0.992188
vt 0.185711 0.992188
vt 0.168239 0.938965
vt 0.168239 0.992188
vt 0.149446 0.992188
vt 0.149710 0.938965
vt 0.136541 0.992188
vt 0.139122 0.938965
vt 0.094386 0.807617
vt 0.136011 0.785156
vt 0.131114 0.938965
vt 0.123901 0.938965
vt 0.127276 0.992188
vt 0.123107 0.992188
vt 0.119136 0.992188
vt 0.115165 0.938965
vt 0.172210 0.774902
vt 0.087106 0.916992
vt 0.071753 0.809570
vt 0.096768 0.927734
vt 0.106232 0.938965
vt 0.097761 0.938965
vt 0.114305 0.992188
vt 0.117415 0.992188
vt 0.111989 0.938965
vt 0.097761 0.992188
vt 0.079363 0.992188
vt 0.084194 0.938965
vt 0.077312 0.992188
vt 0.077907 0.938965
vt 0.081746 0.927246
vt 0.069702 0.938965
vt 0.074334 0.992188
vt 0.046871 0.818848
vt 0.026570 0.888184
vt 0.026570 0.814941
vt 0.043528 0.900391
vt 0.040650 0.938965
vt 0.026570 0.938965
vt 0.043330 0.992188
vt 0.052098 0.992188
vt 0.048723 0.938965
vt 0.026570 0.992188
vt 0.054646 0.938965
vt 0.056797 0.992188
vt 0.227534 0.938965
vt 0.217211 0.992188
vt 0.214696 0.992188
vt 0.217344 0.938965
vt 0.240638 0.938965
vt 0.240373 0.992188
vt 0.247520 0.911133
vt 0.235873 0.919434
vt 0.285506 0.801758
vt 0.255461 0.915527
vt 0.251359 0.938965
vt 0.260624 0.992188
vt 0.265388 0.992188
vt 0.260226 0.938965
vt 0.266579 0.938965
vt 0.271874 0.992188
vt 0.254138 0.782227
vt 0.284712 0.938965
vt 0.278359 0.938965
vt 0.286829 0.992188
vt 0.282330 0.992188
vt 0.279418 0.992188
vt 0.272800 0.938965
vt 0.289477 0.938965
vt 0.293447 0.992188
vt 0.295300 0.938965
vt 0.295830 0.992188
vt 0.302977 0.938965
vt 0.302183 0.992188
vt 0.313301 0.938965
vt 0.313301 0.992188
vt 0.317007 0.830078
vt 0.353007 0.835938
vt 0.324683 0.938965
vt 0.328124 0.992188
vt 0.334213 0.992188
vt 0.333419 0.938965
vt 0.344271 0.992188
vt 0.342154 0.938965
vt 0.351419 0.992188
vt 0.349566 0.938965
vt 0.354860 0.938965
vt 0.357507 0.992188
vt 0.369154 0.992188
vt 0.364390 0.938965
vt 0.382390 0.915527
vt 0.382390 0.829102
vt 0.373655 0.924805
vt 0.372596 0.938965
vt 0.382390 0.938965
vt 0.371007 0.938965
vt 0.370213 0.992188
vt 0.370743 0.992188
vt 0.382390 0.992188
vt 0.253476 0.117798
vt 0.237064 0.117798
vt 0.237064 0.071411
vt 0.253476 0.071411
vt 0.237064 0.025223
vt 0.253476 0.025223
vt 0.220652 0.117798
vt 0.220652 0.071411
vt 0.220652 0.025223
vt 0.204108 0.117798
vt 0.204108 0.071411
vt 0.204108 0.025223
vt 0.187696 0.117798
vt 0.187696 0.071411
vt 0.187696 0.025223
vt 0.270021 0.117798
vt 0.270021 0.071411
vt 0.270021 0.025223
vt 0.286565 0.117798
vt 0.286565 0.071411
vt 0.286565 0.025223
vt 0.302977 0.117798
vt 0.302977 0.071411
vt 0.302977 0.025223
vt 0.319389 0.117798
vt 0.319389 0.071411
vt 0.319389 0.025223
vt 0.335801 0.117798
vt 0.335801 0.071411
vt 0.335801 0.025223
vt 0.352213 0.117798
vt 0.352213 0.071411
vt 0.352213 0.025223
vt 0.368625 0.117798
vt 0.368625 0.071411
vt 0.368625 0.025223
vt 0.385302 0.117798
vt 0.385302 0.071411
vt 0.385302 0.025223
s 1
usemtl mat1.004
f 2779/2039/2747 2778/2040/2748 2777/2041/2749
f 2777/2041/2749 2778/2040/2748 2780/2042/2750
f 2778/2040/2748 2781/2043/2751 2780/2042/2750
f 2779/2039/2747 2782/2044/2752 2778/2040/2748
f 2782/2044/2752 2783/2045/2753 2778/2040/2748
f 2778/2040/2748 2784/2045/2754 2781/2043/2751
f 2784/2045/2754 2785/2046/2755 2781/2043/2751
f 2782/2044/2752 2786/2047/2756 2783/2045/2753
f 2786/2047/2756 2787/2048/2757 2783/2045/2753
f 2784/2045/2754 2788/2048/2757 2785/2046/2755
f 2788/2048/2757 2789/2049/2758 2785/2046/2755
f 2786/2047/2756 2790/2050/2759 2787/2048/2757
f 2790/2050/2759 2791/2051/2760 2787/2048/2757
f 2788/2048/2757 2791/2051/2761 2789/2049/2758
f 2791/2051/2761 2792/2052/2762 2789/2049/2758
f 2790/2050/2759 2793/2053/2763 2791/2051/2760
f 2793/2053/2763 2794/2054/2764 2791/2051/2760
f 2791/2051/2761 2795/2054/2765 2792/2052/2762
f 2795/2054/2765 2796/2055/2766 2792/2052/2762
f 2793/2053/2763 2797/2056/2767 2794/2054/2764
f 2797/2056/2767 2798/2057/2768 2794/2054/2764
f 2795/2054/2765 2799/2057/2769 2796/2055/2766
f 2799/2057/2769 2800/2058/2770 2796/2055/2766
f 2797/2056/2767 2801/2059/2771 2798/2057/2768
f 2801/2059/2771 2802/2060/2772 2798/2057/2768
f 2799/2057/2769 2803/2060/2773 2800/2058/2770
f 2803/2060/2773 2804/2061/2774 2800/2058/2770
f 2801/2059/2771 2805/2062/2775 2802/2060/2772
f 2805/2062/2775 2806/2063/2776 2802/2060/2772
f 2803/2060/2773 2807/2063/2777 2804/2061/2774
f 2807/2063/2777 2808/2064/2778 2804/2061/2774
f 2805/2062/2775 2809/2065/2779 2806/2063/2776
f 2809/2065/2779 2810/2066/2780 2806/2063/2776
f 2807/2063/2777 2811/2066/2781 2808/2064/2778
f 2811/2066/2781 2812/2067/2782 2808/2064/2778
f 2809/2065/2779 2813/2068/2783 2810/2066/2780
f 2813/2068/2783 2814/2069/2784 2810/2066/2780
f 2811/2066/2781 2815/2069/2785 2812/2067/2782
f 2815/2069/2785 2816/2070/2786 2812/2067/2782
f 2813/2068/2783 2817/2071/2787 2814/2069/2784
f 2817/2071/2787 2818/2072/2788 2814/2069/2784
f 2815/2069/2785 2818/2072/2788 2816/2070/2786
f 2818/2072/2788 2819/2073/2789 2816/2070/2786
f 2817/2071/2787 2820/2074/2790 2818/2072/2788
f 2821/2075/2791 2820/2074/2790 2817/2071/2787
f 2822/2076/2792 2821/2075/2791 2817/2071/2787
f 2822/2076/2792 2817/2071/2787 2823/2068/2793
f 2824/2077/2794 2822/2076/2792 2823/2068/2793
f 2824/2077/2794 2823/2068/2793 2825/2065/2795
f 2826/2078/2796 2824/2077/2794 2825/2065/2795
f 2826/2078/2796 2825/2065/2795 2827/2062/2797
f 2828/2079/2798 2826/2078/2796 2827/2062/2797
f 2828/2079/2798 2827/2062/2797 2829/2059/2799
f 2830/2080/2800 2828/2079/2798 2829/2059/2799
f 2830/2080/2800 2829/2059/2799 2831/2056/2801
f 2832/2081/2802 2830/2080/2800 2831/2056/2801
f 2832/2081/2802 2831/2056/2801 2833/2053/2803
f 2834/2082/2804 2832/2081/2802 2833/2053/2803
f 2834/2082/2804 2833/2053/2803 2790/2050/2805
f 2835/2083/2806 2834/2082/2804 2790/2050/2805
f 2835/2083/2806 2790/2050/2805 2836/2047/2807
f 2837/2084/2808 2835/2083/2806 2836/2047/2807
f 2837/2084/2808 2836/2047/2807 2838/2044/2809
f 2839/2085/2810 2837/2084/2808 2838/2044/2809
f 2839/2085/2810 2838/2044/2809 2779/2039/2811
f 2840/2086/2812 2839/2085/2810 2779/2039/2811
f 2840/2086/2812 2779/2039/2811 2841/2041/2813
f 2842/2087/2814 2840/2086/2812 2841/2041/2813
f 2844/2088/2815 2835/2083/2816 2843/2084/2817
f 2845/2089/2818 2844/2088/2815 2843/2084/2817
f 2845/2089/2818 2843/2084/2817 2846/2085/2819
f 2847/2090/2820 2845/2089/2818 2846/2085/2819
f 2847/2090/2820 2846/2085/2819 2848/2086/2821
f 2849/2091/2822 2847/2090/2820 2848/2086/2821
f 2849/2091/2822 2848/2086/2821 2850/2087/2823
f 2851/2092/2824 2849/2091/2822 2850/2087/2823
f 2853/2093/2825 2849/2091/2826 2852/2092/2827
f 2854/2094/2828 2853/2093/2825 2852/2092/2827
f 2855/2095/2829 2854/2094/2828 2852/2092/2827
f 2854/2094/2828 2856/2096/2830 2853/2093/2825
f 2856/2096/2830 2857/2097/2831 2853/2093/2825
f 2853/2093/2825 2858/2097/2832 2849/2091/2826
f 2858/2097/2832 2859/2090/2833 2849/2091/2826
f 2858/2097/2832 2860/2098/2834 2859/2090/2833
f 2860/2098/2834 2861/2089/2818 2859/2090/2833
f 2856/2096/2830 2862/2099/2835 2857/2097/2831
f 2862/2099/2835 2863/2098/2836 2857/2097/2831
f 2860/2098/2834 2864/2100/2837 2861/2089/2818
f 2864/2100/2837 2844/2088/2838 2861/2089/2818
f 2865/2101/2839 2864/2100/2840 2863/2098/2836
f 2862/2099/2835 2865/2101/2839 2863/2098/2836
f 2865/2101/2839 2866/2102/2841 2864/2100/2840
f 2866/2102/2841 2867/2103/2842 2864/2100/2840
f 2864/2100/2837 2868/2103/2843 2844/2088/2838
f 2868/2103/2843 2869/2104/2844 2844/2088/2838
f 2868/2103/2843 2870/2105/2845 2869/2104/2844
f 2870/2105/2845 2871/2106/2846 2869/2104/2844
f 2866/2102/2841 2872/2107/2847 2867/2103/2842
f 2872/2107/2847 2873/2105/2848 2867/2103/2842
f 2870/2105/2845 2874/2108/2849 2871/2106/2846
f 2874/2108/2849 2875/2109/2850 2871/2106/2846
f 2876/2110/2851 2874/2108/2852 2873/2105/2848
f 2872/2107/2847 2876/2110/2851 2873/2105/2848
f 2874/2108/2849 2877/2111/2853 2875/2109/2850
f 2877/2111/2853 2878/2112/2854 2875/2109/2850
f 2876/2110/2851 2879/2113/2855 2874/2108/2852
f 2879/2113/2855 2880/2111/2856 2874/2108/2852
f 2877/2111/2853 2881/2114/2857 2878/2112/2854
f 2881/2114/2857 2882/2115/2858 2878/2112/2854
f 2879/2113/2855 2883/2116/2859 2880/2111/2856
f 2883/2116/2859 2884/2114/2860 2880/2111/2856
f 2883/2116/2859 2885/2117/2861 2884/2114/2860
f 2885/2117/2861 2886/2118/2862 2884/2114/2860
f 2881/2114/2857 2887/2118/2863 2882/2115/2858
f 2887/2118/2863 2888/2119/2864 2882/2115/2858
f 2885/2117/2861 2889/2120/2865 2886/2118/2862
f 2889/2120/2865 2890/2121/2866 2886/2118/2862
f 2887/2118/2863 2891/2121/2866 2888/2119/2864
f 2891/2121/2866 2892/2122/2867 2888/2119/2864
f 2889/2120/2865 2893/2123/2868 2890/2121/2866
f 2893/2123/2868 2894/2124/2869 2890/2121/2866
f 2891/2121/2866 2894/2124/2870 2892/2122/2867
f 2894/2124/2870 2895/2125/2871 2892/2122/2867
f 2892/2122/2867 2895/2125/2871 2896/2076/2872
f 2892/2122/2867 2896/2076/2872 2897/2077/2873
f 2898/2119/2864 2892/2122/2867 2897/2077/2873
f 2898/2119/2864 2897/2077/2873 2899/2078/2874
f 2900/2115/2875 2898/2119/2864 2899/2078/2874
f 2900/2115/2875 2899/2078/2874 2901/2079/2876
f 2902/2112/2877 2900/2115/2875 2901/2079/2876
f 2902/2112/2877 2901/2079/2876 2903/2080/2878
f 2904/2109/2879 2902/2112/2877 2903/2080/2878
f 2904/2109/2879 2903/2080/2878 2905/2081/2880
f 2906/2106/2881 2904/2109/2879 2905/2081/2880
f 2906/2106/2881 2905/2081/2880 2907/2082/2882
f 2908/2104/2883 2906/2106/2881 2907/2082/2882
f 2908/2104/2883 2907/2082/2882 2835/2083/2816
f 2844/2088/2815 2908/2104/2883 2835/2083/2816
f 2895/2125/2871 2821/2075/2884 2896/2076/2872
f 2911/2126/2885 2910/2094/2886 2909/2095/2887
f 2912/2127/2888 2911/2126/2885 2909/2095/2887
f 2911/2126/2885 2913/2128/2889 2910/2094/2886
f 2913/2128/2889 2914/2096/2890 2910/2094/2886
f 2913/2128/2889 2915/2129/2891 2914/2096/2890
f 2915/2129/2891 2916/2099/2892 2914/2096/2890
f 2915/2129/2891 2917/2130/2893 2916/2099/2892
f 2917/2130/2893 2865/2101/2894 2916/2099/2892
f 2917/2130/2893 2918/2131/2895 2865/2101/2894
f 2918/2131/2895 2919/2102/2896 2865/2101/2894
f 2918/2131/2895 2920/2132/2897 2919/2102/2896
f 2920/2132/2897 2921/2107/2898 2919/2102/2896
f 2920/2132/2897 2922/2133/2899 2921/2107/2898
f 2922/2133/2899 2923/2110/2900 2921/2107/2898
f 2922/2133/2899 2924/2134/2901 2923/2110/2900
f 2924/2134/2901 2925/2113/2902 2923/2110/2900
f 2924/2134/2901 2926/2135/2903 2925/2113/2902
f 2926/2135/2903 2927/2116/2904 2925/2113/2902
f 2926/2135/2903 2928/2136/2905 2927/2116/2904
f 2928/2136/2905 2929/2117/2906 2927/2116/2904
f 2928/2136/2905 2930/2137/2907 2929/2117/2906
f 2930/2137/2907 2931/2120/2865 2929/2117/2906
f 2930/2137/2907 2932/2138/2908 2931/2120/2865
f 2932/2138/2908 2893/2123/2909 2931/2120/2865
f 2934/2139/2910 2932/2138/2911 2933/2137/2912
f 2935/2140/2913 2934/2139/2910 2933/2137/2912
f 2935/2140/2913 2933/2137/2912 2936/2136/2905
f 2937/2141/2914 2935/2140/2913 2936/2136/2905
f 2937/2141/2914 2936/2136/2905 2938/2135/2915
f 2939/2142/2916 2937/2141/2914 2938/2135/2915
f 2939/2142/2916 2938/2135/2915 2940/2134/2917
f 2941/2143/2918 2939/2142/2916 2940/2134/2917
f 2941/2143/2918 2940/2134/2917 2942/2133/2919
f 2943/2144/2920 2941/2143/2918 2942/2133/2919
f 2943/2144/2920 2942/2133/2919 2944/2132/2921
f 2945/2145/2922 2943/2144/2920 2944/2132/2921
f 2945/2145/2922 2944/2132/2921 2946/2131/2895
f 2947/2146/2923 2945/2145/2922 2946/2131/2895
f 2947/2146/2923 2946/2131/2895 2917/2130/2924
f 2948/2147/2925 2947/2146/2923 2917/2130/2924
f 2948/2147/2925 2917/2130/2924 2949/2129/2891
f 2950/2148/2926 2948/2147/2925 2949/2129/2891
f 2950/2148/2926 2949/2129/2891 2951/2128/2927
f 2952/2149/2928 2950/2148/2926 2951/2128/2927
f 2952/2149/2928 2951/2128/2927 2911/2126/2929
f 2953/2150/2930 2952/2149/2928 2911/2126/2929
f 2953/2150/2930 2911/2126/2929 2954/2127/2931
f 2955/2151/2932 2953/2150/2930 2954/2127/2931
f 2956/2152/2933 2955/2151/2932 2954/2127/2931
f 2955/2151/2932 2957/2153/2934 2953/2150/2930
f 2957/2153/2934 2958/2149/2935 2953/2150/2930
f 2957/2153/2934 2959/2154/2936 2958/2149/2935
f 2959/2154/2936 2960/2148/2937 2958/2149/2935
f 2961/2155/2938 2948/2147/2939 2960/2148/2937
f 2959/2154/2936 2961/2155/2938 2960/2148/2937
f 2961/2155/2938 2962/2156/2940 2948/2147/2939
f 2962/2156/2940 2963/2146/2941 2948/2147/2939
f 2962/2156/2940 2964/2157/2942 2963/2146/2941
f 2964/2157/2942 2965/2145/2943 2963/2146/2941
f 2964/2157/2942 2966/2158/2944 2965/2145/2943
f 2966/2158/2944 2967/2144/2945 2965/2145/2943
f 2966/2158/2944 2968/2159/2946 2967/2144/2945
f 2968/2159/2946 2969/2143/2947 2967/2144/2945
f 2968/2159/2946 2970/2160/2948 2969/2143/2947
f 2970/2160/2948 2971/2142/2949 2969/2143/2947
f 2970/2160/2948 2972/2161/2950 2971/2142/2949
f 2972/2161/2950 2973/2141/2951 2971/2142/2949
f 2972/2161/2950 2974/2162/2952 2973/2141/2951
f 2974/2162/2952 2935/2140/2913 2973/2141/2951
f 2974/2162/2952 2975/2163/2953 2935/2140/2913
f 2975/2163/2953 2934/2139/2910 2935/2140/2913
f 2978/2164/2954 2977/2165/2955 2976/2166/2956
f 2979/2167/2957 2978/2164/2954 2976/2166/2956
f 2978/2164/2954 2980/2168/2958 2977/2165/2955
f 2980/2168/2958 2981/2169/2959 2977/2165/2955
f 2980/2168/2958 2982/2170/2960 2981/2169/2959
f 2982/2170/2960 2983/2171/2961 2981/2169/2959
f 2982/2170/2960 2984/2172/2962 2983/2171/2961
f 2984/2172/2962 2985/2173/2963 2983/2171/2961
f 2984/2172/2962 2986/2174/2964 2985/2173/2963
f 2986/2174/2964 2987/2175/2965 2985/2173/2963
f 2986/2174/2964 2988/2176/2966 2987/2175/2965
f 2988/2176/2966 2989/2177/2967 2987/2175/2965
f 2988/2176/2966 2990/2178/2968 2989/2177/2967
f 2990/2178/2968 2991/2179/2969 2989/2177/2967
f 2990/2178/2968 2992/2180/2970 2991/2179/2969
f 2992/2180/2970 2993/2181/2971 2991/2179/2969
f 2992/2180/2970 2994/2182/2972 2993/2181/2971
f 2994/2182/2972 2995/2183/2948 2993/2181/2971
f 2994/2182/2972 2996/2184/2973 2995/2183/2948
f 2996/2184/2973 2997/2185/2974 2995/2183/2948
f 2996/2184/2973 2998/2186/2975 2997/2185/2974
f 2998/2186/2975 2999/2187/2952 2997/2185/2974
f 2998/2186/2975 3000/2188/2976 2999/2187/2952
f 3000/2188/2976 3001/2189/2977 2999/2187/2952
f 3003/2190/2978 3000/2188/2979 3002/2186/2980
f 3004/2191/2981 3003/2190/2978 3002/2186/2980
f 3004/2191/2981 3002/2186/2980 3005/2184/2982
f 3006/2192/2983 3004/2191/2981 3005/2184/2982
f 3006/2192/2983 3005/2184/2982 3007/2182/2972
f 3008/2193/2984 3006/2192/2983 3007/2182/2972
f 3008/2193/2984 3007/2182/2972 3009/2180/2970
f 3010/2194/2985 3008/2193/2984 3009/2180/2970
f 3010/2194/2985 3009/2180/2970 3011/2178/2986
f 3012/2195/2987 3010/2194/2985 3011/2178/2986
f 3012/2195/2987 3011/2178/2986 3013/2176/2988
f 3014/2196/2989 3012/2195/2987 3013/2176/2988
f 3014/2196/2989 3013/2176/2988 3015/2174/2990
f 3016/2197/2991 3014/2196/2989 3015/2174/2990
f 3016/2197/2991 3015/2174/2990 2984/2172/2992
f 3017/2198/2993 3016/2197/2991 2984/2172/2992
f 3017/2198/2993 2984/2172/2992 3018/2170/2960
f 3019/2199/2994 3017/2198/2993 3018/2170/2960
f 3019/2199/2994 3018/2170/2960 3020/2168/2995
f 3021/2200/2996 3019/2199/2994 3020/2168/2995
f 3021/2200/2996 3020/2168/2995 2978/2164/2997
f 3022/2201/2998 3021/2200/2996 2978/2164/2997
f 3022/2201/2998 2978/2164/2997 3023/2167/2999
f 3024/2043/3000 3022/2201/2998 3023/2167/2999
f 3025/2042/3001 3024/2043/3000 3023/2167/2999
f 3024/2043/3000 3026/2046/3002 3022/2201/2998
f 3026/2046/3002 3027/2200/3003 3022/2201/2998
f 3026/2046/3002 3028/2049/3004 3027/2200/3003
f 3028/2049/3004 3029/2199/3005 3027/2200/3003
f 2792/2052/3006 3017/2198/3007 3029/2199/3005
f 3028/2049/3004 2792/2052/3006 3029/2199/3005
f 2792/2052/3006 3030/2055/3008 3017/2198/3007
f 3030/2055/3008 3031/2197/3009 3017/2198/3007
f 3030/2055/3008 3032/2058/3010 3031/2197/3009
f 3032/2058/3010 3033/2196/3011 3031/2197/3009
f 3032/2058/3010 3034/2061/3012 3033/2196/3011
f 3034/2061/3012 3035/2195/3013 3033/2196/3011
f 3034/2061/3012 3036/2064/3014 3035/2195/3013
f 3036/2064/3014 3037/2194/3015 3035/2195/3013
f 3036/2064/3014 3038/2067/3016 3037/2194/3015
f 3038/2067/3016 3039/2193/3017 3037/2194/3015
f 3038/2067/3016 3040/2070/3018 3039/2193/3017
f 3040/2070/3018 3041/2192/3019 3039/2193/3017
f 3040/2070/3018 3042/2073/3020 3041/2192/3019
f 3042/2073/3020 3004/2191/2981 3041/2192/3019
f 3042/2073/3020 3043/2202/3021 3004/2191/2981
f 3043/2202/3021 3003/2190/2978 3004/2191/2981
f 3044/2203/3022 3043/2202/3023 2819/2073/2789
f 2818/2072/2788 3044/2203/3022 2819/2073/2789
f 2820/2074/2790 3044/2203/3022 2818/2072/2788
f 3047/2204/3024 3046/2205/3025 3045/2206/3026
f 3048/2207/3027 3047/2204/3024 3045/2206/3026
f 3045/2206/3026 3049/2208/3028 3048/2207/3027
f 3049/2208/3028 3050/2209/3029 3048/2207/3027
f 3049/2208/3028 3051/2210/3030 3050/2209/3029
f 3051/2210/3031 3053/2208/3032 3052/2211/3033
f 3052/2211/3033 3053/2208/3032 3054/2212/3034
f 3053/2208/3032 3055/2206/3035 3054/2212/3034
f 3056/2213/3036 3054/2212/3034 3055/2206/3035
f 3057/2205/3037 3056/2213/3036 3055/2206/3035
f 3051/2210/3038 3059/2211/3033 3058/2214/3039
f 3058/2214/3039 3059/2211/3033 3060/2215/3040
f 3059/2211/3033 3061/2212/3041 3060/2215/3040
f 3062/2216/3042 3060/2215/3040 3061/2212/3041
f 3063/2213/3043 3062/2216/3042 3061/2212/3041
f 3051/2210/3038 3065/2217/3044 3064/2218/3045
f 3064/2218/3045 3065/2217/3044 3066/2219/3046
f 3065/2217/3044 3067/2220/3047 3066/2219/3046
f 3068/2221/3048 3066/2219/3046 3067/2220/3047
f 3069/2222/3049 3068/2221/3048 3067/2220/3047
f 3072/2223/3050 3071/2204/3051 3070/2207/3052
f 3073/2224/3053 3072/2223/3050 3070/2207/3052
f 3070/2207/3052 3074/2209/3054 3073/2224/3053
f 3074/2209/3054 3075/2225/3055 3073/2224/3053
f 3074/2209/3054 3076/2210/3056 3075/2225/3055
f 3078/2225/3057 3076/2210/3058 3077/2226/3059
f 3078/2225/3057 3077/2226/3059 3079/2227/3060
f 3080/2224/3053 3078/2225/3057 3079/2227/3060
f 3079/2227/3060 3081/2228/3061 3080/2224/3053
f 3081/2228/3061 3082/2223/3062 3080/2224/3053
f 3084/2226/3063 3076/2210/3064 3083/2229/3065
f 3084/2226/3063 3083/2229/3065 3085/2230/3066
f 3086/2227/3067 3084/2226/3063 3085/2230/3066
f 3085/2230/3066 3087/2231/3068 3086/2227/3067
f 3087/2231/3068 3088/2228/3069 3086/2227/3067
f 3076/2210/3070 3090/2218/3071 3089/2229/3072
f 3089/2229/3072 3090/2218/3071 3091/2230/3073
f 3090/2218/3071 3092/2219/3074 3091/2230/3073
f 3093/2231/3075 3091/2230/3073 3092/2219/3074
f 3094/2221/3076 3093/2231/3075 3092/2219/3074
f 3097/2232/3077 3096/2233/3078 3095/2234/3079
f 3098/2235/3080 3097/2232/3077 3095/2234/3079
f 3097/2232/3077 3099/2236/3081 3096/2233/3078
f 3099/2236/3081 3100/2237/3082 3096/2233/3078
f 3103/2238/3083 3102/2232/3084 3101/2235/3085
f 3104/2239/3086 3103/2238/3083 3101/2235/3085
f 3103/2238/3083 3105/2240/3087 3102/2232/3084
f 3105/2240/3087 3106/2236/3081 3102/2232/3084
f 3109/2241/3088 3108/2238/3089 3107/2239/3090
f 3110/2242/3091 3109/2241/3088 3107/2239/3090
f 3109/2241/3088 3111/2243/3092 3108/2238/3089
f 3111/2243/3092 3112/2240/3093 3108/2238/3089
f 3115/2244/3094 3114/2241/3095 3113/2242/3096
f 3116/2245/3097 3115/2244/3094 3113/2242/3096
f 3115/2244/3094 3117/2246/3098 3114/2241/3095
f 3117/2246/3098 3118/2243/3092 3114/2241/3095
f 3121/2247/3099 3120/2248/3100 3119/2237/3101
f 3122/2236/3102 3121/2247/3099 3119/2237/3101
f 3121/2247/3099 3123/2249/3103 3120/2248/3100
f 3123/2249/3103 3124/2250/3104 3120/2248/3100
f 3123/2249/3103 3125/2251/3105 3124/2250/3104
f 3125/2251/3105 3126/2252/3106 3124/2250/3104
f 3125/2251/3105 3127/2253/3107 3126/2252/3106
f 3127/2253/3107 3128/2254/3108 3126/2252/3106
f 3127/2253/3107 3129/2255/3109 3128/2254/3108
f 3130/2256/3110 3129/2255/3109 3127/2253/3107
f 3131/2257/3111 3130/2256/3110 3127/2253/3107
f 3129/2255/3109 3132/2258/3112 3128/2254/3108
f 3131/2257/3111 3127/2253/3107 3133/2251/3113
f 3134/2259/3114 3131/2257/3111 3133/2251/3113
f 3134/2259/3114 3133/2251/3113 3135/2249/3103
f 3136/2260/3115 3134/2259/3114 3135/2249/3103
f 3136/2260/3115 3135/2249/3103 3137/2247/3116
f 3138/2261/3117 3136/2260/3115 3137/2247/3116
f 3138/2261/3117 3137/2247/3116 3139/2236/3118
f 3140/2240/3119 3138/2261/3117 3139/2236/3118
f 3141/2262/3120 3129/2255/3109 3130/2256/3110
f 3142/2263/3121 3141/2262/3120 3130/2256/3110
f 3141/2262/3120 3143/2264/3122 3129/2255/3109
f 3141/2262/3120 3144/2265/3123 3143/2264/3122
f 3144/2265/3123 3145/2266/3124 3143/2264/3122
f 3144/2265/3123 3146/2267/3125 3145/2266/3124
f 3146/2267/3125 3147/2268/3126 3145/2266/3124
f 3146/2267/3125 3148/2269/3127 3147/2268/3126
f 3148/2269/3127 3149/2270/3128 3147/2268/3126
f 3148/2269/3127 3150/2271/3129 3149/2270/3128
f 3152/2272/3130 3151/2265/3131 3141/2262/3132
f 3153/2263/3121 3152/2272/3130 3141/2262/3132
f 3154/2273/3133 3146/2267/3134 3151/2265/3131
f 3152/2272/3130 3154/2273/3133 3151/2265/3131
f 3154/2273/3133 3155/2274/3135 3146/2267/3134
f 3155/2274/3135 3156/2269/3127 3146/2267/3134
f 3155/2274/3135 3150/2271/3129 3156/2269/3127
f 3158/2275/3136 3157/2272/3137 3142/2263/3138
f 3159/2276/3139 3154/2273/3133 3157/2272/3137
f 3158/2275/3136 3159/2276/3139 3157/2272/3137
f 3159/2276/3139 3160/2277/3140 3154/2273/3133
f 3160/2277/3140 3161/2274/3135 3154/2273/3133
f 3160/2277/3140 3150/2271/3141 3161/2274/3135
f 3162/2278/3142 3158/2275/3136 3142/2263/3138
f 3164/2279/3143 3163/2277/3140 3159/2276/3144
f 3164/2279/3143 3150/2271/3141 3163/2277/3140
f 3165/2280/3145 3164/2279/3143 3159/2276/3144
f 3165/2280/3145 3159/2276/3144 3166/2275/3146
f 3167/2281/3147 3165/2280/3145 3166/2275/3146
f 3167/2281/3147 3166/2275/3146 3168/2278/3148
f 3169/2282/3149 3167/2281/3147 3168/2278/3148
f 3168/2278/3142 3142/2263/3150 3170/2283/3151
f 3142/2263/3150 3171/2256/3152 3170/2283/3151
f 3170/2283/3151 3171/2256/3152 3172/2257/3111
f 3173/2284/3153 3170/2283/3151 3172/2257/3111
f 3173/2284/3153 3172/2257/3111 3174/2259/3154
f 3175/2285/3155 3173/2284/3153 3174/2259/3154
f 3175/2285/3155 3174/2259/3154 3176/2260/3115
f 3177/2286/3156 3175/2285/3155 3176/2260/3115
f 3177/2286/3156 3176/2260/3115 3178/2261/3157
f 3179/2287/3158 3177/2286/3156 3178/2261/3157
f 3179/2287/3158 3178/2261/3157 3180/2240/3159
f 3181/2243/3160 3179/2287/3158 3180/2240/3159
f 3168/2278/3161 3183/2283/3162 3182/2288/3163
f 3182/2288/3163 3183/2283/3162 3184/2284/3164
f 3185/2289/3165 3182/2288/3163 3184/2284/3164
f 3185/2289/3165 3184/2284/3164 3186/2285/3166
f 3187/2290/3167 3185/2289/3165 3186/2285/3166
f 3187/2290/3167 3186/2285/3166 3188/2286/3168
f 3189/2291/3169 3187/2290/3167 3188/2286/3168
f 3189/2291/3169 3188/2286/3168 3190/2287/3170
f 3191/2292/3171 3189/2291/3169 3190/2287/3170
f 3191/2292/3171 3190/2287/3170 3192/2243/3172
f 3193/2246/3173 3191/2292/3171 3192/2243/3172
f 3194/2282/3149 3168/2278/3161 3182/2288/3163
f 3196/2281/3174 3194/2282/3175 3195/2293/3176
f 3197/2294/3177 3196/2281/3174 3195/2293/3176
f 3195/2293/3176 3194/2282/3175 3198/2288/3178
f 3199/2295/3179 3195/2293/3176 3198/2288/3178
f 3199/2295/3179 3198/2288/3178 3200/2296/3180
f 3198/2288/3178 3201/2289/3181 3200/2296/3180
f 3200/2296/3180 3201/2289/3181 3202/2297/3182
f 3201/2289/3181 3203/2290/3183 3202/2297/3182
f 3202/2297/3182 3203/2290/3183 3204/2298/3184
f 3203/2290/3183 3205/2291/3185 3204/2298/3184
f 3204/2298/3184 3205/2291/3185 3206/2299/3186
f 3205/2291/3185 3207/2292/3187 3206/2299/3186
f 3206/2299/3186 3207/2292/3187 3208/2300/3188
f 3207/2292/3187 3209/2246/3189 3208/2300/3188
f 3165/2280/3145 3196/2281/3174 3197/2294/3177
f 3210/2301/3190 3165/2280/3145 3197/2294/3177
f 3211/2279/3143 3165/2280/3145 3210/2301/3190
f 3212/2302/3191 3211/2279/3143 3210/2301/3190
f 3213/2271/3192 3211/2279/3143 3212/2302/3191
f 3215/2302/3193 3210/2301/3194 3214/2303/3195
f 3216/2304/3196 3215/2302/3193 3214/2303/3195
f 3213/2271/3192 3215/2302/3193 3216/2304/3196
f 3214/2303/3195 3210/2301/3194 3217/2305/3197
f 3210/2301/3194 3218/2294/3198 3217/2305/3197
f 3217/2305/3197 3218/2294/3198 3219/2306/3199
f 3218/2294/3198 3220/2293/3200 3219/2306/3199
f 3219/2306/3199 3220/2293/3200 3221/2295/3179
f 3222/2307/3201 3219/2306/3199 3221/2295/3179
f 3222/2307/3201 3221/2295/3179 3223/2308/3202
f 3221/2295/3179 3224/2296/3203 3223/2308/3202
f 3223/2308/3202 3224/2296/3203 3225/2309/3204
f 3224/2296/3203 3226/2297/3205 3225/2309/3204
f 3225/2309/3204 3226/2297/3205 3227/2310/3206
f 3226/2297/3205 3228/2298/3207 3227/2310/3206
f 3227/2310/3206 3228/2298/3207 3229/2311/3208
f 3228/2298/3207 3230/2299/3209 3229/2311/3208
f 3229/2311/3208 3230/2299/3209 3231/2312/3210
f 3230/2299/3209 3232/2300/3211 3231/2312/3210
f 3235/2313/3212 3234/2314/3213 3233/2315/3213
f 3236/2316/3214 3235/2313/3212 3233/2315/3213
f 3238/2317/3215 3237/2313/3212 3236/2316/3212
f 3239/2318/3215 3238/2317/3215 3236/2316/3212
f 3242/2319/3216 3241/2317/3217 3240/2318/3217
f 3243/2320/3216 3242/2319/3216 3240/2318/3217
f 3246/2321/3218 3245/2319/3219 3244/2320/3219
f 3247/2322/3220 3246/2321/3218 3244/2320/3219
f 3250/2323/3221 3249/2324/3222 3248/2325/3223
f 3251/2326/3221 3250/2323/3221 3248/2325/3223
f 3252/2327/3224 3250/2323/3221 3251/2326/3221
f 3253/2328/3225 3252/2327/3224 3251/2326/3221
f 3254/2329/3226 3252/2327/3224 3253/2328/3225
f 3255/2330/3226 3254/2329/3226 3253/2328/3225
f 3256/2331/3227 3254/2329/3226 3255/2330/3226
f 3257/2332/3227 3256/2331/3227 3255/2330/3226
f 3249/2324/3222 3258/2333/3228 3248/2325/3223
f 3258/2333/3228 3259/2334/3229 3248/2325/3223
f 3258/2333/3228 3260/2335/3230 3259/2334/3229
f 3260/2335/3230 3261/2336/3231 3259/2334/3229
f 3256/2331/3227 3257/2332/3227 3262/2337/3232
f 3263/2338/3233 3256/2331/3227 3262/2337/3232
f 3263/2338/3233 3262/2337/3232 3264/2339/3234
f 3265/2340/3235 3263/2338/3233 3264/2339/3234
f 3268/2341/3236 3267/2342/3237 3266/2324/3237
f 3269/2323/3236 3268/2341/3236 3266/2324/3237
f 3270/2343/3238 3268/2341/3236 3269/2323/3236
f 3271/2327/3238 3270/2343/3238 3269/2323/3236
f 3272/2344/3239 3270/2343/3238 3271/2327/3238
f 3273/2329/3240 3272/2344/3239 3271/2327/3238
f 3274/2345/3241 3272/2344/3239 3273/2329/3240
f 3275/2331/3241 3274/2345/3241 3273/2329/3240
f 3267/2342/3237 3276/2346/3242 3266/2324/3237
f 3276/2346/3242 3277/2333/3243 3266/2324/3237
f 3276/2346/3242 3278/2347/3244 3277/2333/3243
f 3278/2347/3244 3279/2335/3245 3277/2333/3243
f 3274/2345/3241 3275/2331/3241 3280/2338/3246
f 3281/2348/3247 3274/2345/3241 3280/2338/3246
f 3281/2348/3247 3280/2338/3246 3282/2340/3248
f 3283/2349/3248 3281/2348/3247 3282/2340/3248
f 3286/2350/3249 3285/2351/3250 3284/2234/3251
f 3287/2233/3252 3286/2350/3249 3284/2234/3251
f 3288/2352/3253 3286/2350/3249 3287/2233/3252
f 3289/2237/3254 3288/2352/3253 3287/2233/3252
f 3292/2353/3255 3291/2354/3256 3290/2351/3257
f 3293/2350/3258 3292/2353/3255 3290/2351/3257
f 3294/2355/3259 3292/2353/3255 3293/2350/3258
f 3295/2352/3253 3294/2355/3259 3293/2350/3258
f 3298/2356/3260 3297/2357/3261 3296/2358/3262
f 3299/2359/3263 3298/2356/3260 3296/2358/3262
f 3300/2300/3264 3298/2356/3260 3299/2359/3263
f 3301/2312/3265 3300/2300/3264 3299/2359/3263
f 3304/2244/3266 3303/2245/3267 3302/2357/3268
f 3305/2356/3269 3304/2244/3266 3302/2357/3268
f 3306/2246/3270 3304/2244/3266 3305/2356/3269
f 3307/2300/3264 3306/2246/3270 3305/2356/3269
f 3310/2360/3271 3309/2352/3272 3308/2237/3273
f 3311/2248/3100 3310/2360/3271 3308/2237/3273
f 3312/2361/3274 3310/2360/3271 3311/2248/3100
f 3313/2250/3104 3312/2361/3274 3311/2248/3100
f 3314/2362/3275 3312/2361/3274 3313/2250/3104
f 3315/2252/3276 3314/2362/3275 3313/2250/3104
f 3316/2363/3277 3314/2362/3275 3315/2252/3276
f 3317/2254/3278 3316/2363/3277 3315/2252/3276
f 3316/2363/3277 3317/2254/3278 3318/2364/3279
f 3318/2364/3279 3319/2365/3280 3316/2363/3277
f 3319/2365/3280 3320/2366/3281 3316/2363/3277
f 3317/2254/3278 3132/2258/3282 3318/2364/3279
f 3316/2363/3277 3320/2366/3281 3321/2362/3283
f 3320/2366/3281 3322/2367/3284 3321/2362/3283
f 3321/2362/3283 3322/2367/3284 3323/2361/3285
f 3322/2367/3284 3324/2368/3286 3323/2361/3285
f 3323/2361/3285 3324/2368/3286 3325/2360/3287
f 3324/2368/3286 3326/2369/3208 3325/2360/3287
f 3325/2360/3287 3326/2369/3208 3327/2352/3288
f 3326/2369/3208 3328/2355/3289 3327/2352/3288
f 3318/2364/3279 3329/2370/3290 3319/2365/3280
f 3329/2370/3290 3330/2371/3291 3319/2365/3280
f 3331/2372/3292 3330/2371/3291 3329/2370/3290
f 3332/2373/3293 3331/2372/3292 3329/2370/3290
f 3333/2374/3195 3331/2372/3292 3332/2373/3293
f 3334/2375/3294 3333/2374/3195 3332/2373/3293
f 3334/2375/3294 3335/2376/3295 3333/2374/3195
f 3335/2376/3295 3336/2377/3196 3333/2374/3195
f 3213/2271/3296 3336/2377/3196 3335/2376/3295
f 3337/2376/3295 3334/2375/3297 3147/2268/3298
f 3338/2270/3128 3337/2376/3295 3147/2268/3298
f 3213/2271/3296 3337/2376/3295 3338/2270/3128
f 3341/2378/3299 3340/2379/3299 3339/2315/3300
f 3342/2314/3301 3341/2378/3299 3339/2315/3300
f 3345/2380/3302 3344/2381/3302 3343/2379/3303
f 3346/2378/3303 3345/2380/3302 3343/2379/3303
f 3349/2382/3304 3348/2383/3304 3347/2384/3305
f 3350/2385/3306 3349/2382/3304 3347/2384/3305
f 3353/2321/3307 3352/2322/3308 3351/2383/3309
f 3354/2382/3309 3353/2321/3307 3351/2383/3309
f 3357/2386/3310 3356/2387/3311 3355/2388/3312
f 3358/2389/3313 3357/2386/3310 3355/2388/3312
f 3356/2387/3311 3359/2390/3314 3355/2388/3312
f 3359/2390/3314 3360/2391/3315 3355/2388/3312
f 3360/2391/3315 3359/2390/3314 3361/2392/3316
f 3359/2390/3314 3362/2393/3317 3361/2392/3316
f 3361/2392/3316 3362/2393/3317 3363/2394/3318
f 3362/2393/3317 3364/2395/3319 3363/2394/3318
f 3363/2394/3318 3364/2395/3319 3365/2396/3320
f 3364/2395/3319 3366/2397/3321 3365/2396/3320
f 3366/2397/3321 3367/2398/3322 3365/2396/3320
f 3367/2398/3322 3368/2399/3323 3365/2396/3320
f 3368/2399/3323 3367/2398/3322 3369/2400/3324
f 3367/2398/3322 3370/2401/3325 3369/2400/3324
f 3358/2389/3313 3371/2402/3326 3357/2386/3310
f 3357/2386/3310 3371/2402/3326 3372/2403/3327
f 3373/2404/3328 3357/2386/3310 3372/2403/3327
f 3374/2405/3329 3373/2404/3328 3372/2403/3327
f 3374/2405/3329 3375/2406/3330 3373/2404/3328
f 3375/2406/3330 3376/2407/3331 3373/2404/3328
f 3373/2404/3328 3376/2407/3331 3357/2386/3310
f 3376/2407/3331 3377/2387/3332 3357/2386/3310
f 3376/2407/3331 3378/2408/3333 3377/2387/3332
f 3378/2408/3333 3376/2407/3331 3375/2406/3330
f 3378/2408/3333 3379/2390/3334 3377/2387/3332
f 3378/2408/3333 3380/2409/3335 3379/2390/3334
f 3380/2409/3335 3381/2393/3336 3379/2390/3334
f 3382/2395/3337 3381/2393/3336 3380/2409/3335
f 3383/2410/3338 3382/2395/3337 3380/2409/3335
f 3384/2397/3339 3382/2395/3337 3383/2410/3338
f 3385/2411/3340 3384/2397/3339 3383/2410/3338
f 3386/2398/3341 3384/2397/3339 3385/2411/3340
f 3387/2412/3342 3386/2398/3341 3385/2411/3340
f 3388/2401/3343 3386/2398/3341 3387/2412/3342
f 3389/2413/3344 3388/2401/3343 3387/2412/3342
f 3388/2401/3343 3389/2413/3344 3390/2414/3345
f 3389/2413/3344 3391/2415/3346 3390/2414/3345
f 3391/2415/3346 3389/2413/3344 3392/2416/3347
f 3389/2413/3344 3393/2417/3348 3392/2416/3347
f 3394/2418/3349 3390/2414/3345 3391/2415/3346
f 3395/2419/3350 3394/2418/3349 3391/2415/3346
f 3389/2413/3344 3387/2412/3342 3396/2420/3351
f 3393/2417/3348 3389/2413/3344 3396/2420/3351
f 3385/2411/3340 3383/2410/3338 3397/2421/3352
f 3397/2421/3352 3383/2410/3338 3398/2422/3353
f 3383/2410/3338 3380/2409/3335 3398/2422/3353
f 3398/2422/3353 3380/2409/3335 3399/2423/3354
f 3380/2409/3335 3378/2408/3333 3399/2423/3354
f 3399/2423/3354 3378/2408/3333 3375/2406/3330
f 3400/2424/3355 3395/2419/3350 3391/2415/3346
f 3392/2416/3347 3400/2424/3355 3391/2415/3346
f 3401/2425/3356 3395/2419/3350 3400/2424/3355
f 3402/2426/3357 3395/2419/3350 3401/2425/3356
f 3394/2418/3349 3395/2419/3350 3402/2426/3357
f 3403/2427/3358 3385/2411/3340 3397/2421/3352
f 3387/2412/3342 3385/2411/3340 3403/2427/3358
f 3396/2420/3351 3387/2412/3342 3403/2427/3358
f 3406/2428/3359 3405/2417/3360 3404/2420/3361
f 3406/2428/3359 3404/2420/3361 3407/2429/3362
f 3404/2420/3361 3408/2427/3363 3407/2429/3362
f 3407/2429/3362 3408/2427/3363 3409/2430/3364
f 3408/2427/3363 3410/2421/3365 3409/2430/3364
f 3409/2430/3364 3410/2421/3365 3411/2431/3366
f 3410/2421/3365 3412/2422/3367 3411/2431/3366
f 3411/2431/3366 3412/2422/3367 3413/2432/3368
f 3412/2422/3367 3414/2423/3369 3413/2432/3368
f 3413/2432/3368 3414/2423/3369 3415/2433/3370
f 3414/2423/3369 3416/2406/3371 3415/2433/3370
f 3415/2433/3370 3416/2406/3371 3417/2405/3372
f 3418/2434/3373 3415/2433/3370 3417/2405/3372
f 3418/2434/3373 3417/2405/3372 3372/2403/3327
f 3419/2435/3374 3418/2434/3373 3372/2403/3327
f 3415/2433/3370 3418/2434/3373 3420/2436/3375
f 3420/2436/3375 3418/2434/3373 3419/2435/3374
f 3421/2437/3376 3415/2433/3370 3420/2436/3375
f 3413/2432/3368 3415/2433/3370 3421/2437/3376
f 3422/2438/3377 3420/2436/3375 3419/2435/3374
f 3411/2431/3366 3413/2432/3368 3423/2439/3378
f 3423/2439/3378 3413/2432/3368 3421/2437/3376
f 3424/2440/3379 3411/2431/3366 3423/2439/3378
f 3409/2430/3364 3411/2431/3366 3424/2440/3379
f 3425/2441/3380 3409/2430/3364 3424/2440/3379
f 3407/2429/3362 3409/2430/3364 3425/2441/3380
f 3426/2442/3381 3407/2429/3362 3425/2441/3380
f 3422/2438/3377 3419/2435/3374 3427/2443/3382
f 3419/2435/3374 3372/2403/3327 3427/2443/3382
f 3372/2403/3327 3428/2444/3383 3427/2443/3382
f 3428/2444/3383 3429/2445/3384 3427/2443/3382
f 3430/2446/3385 3427/2443/3382 3429/2445/3384
f 3431/2438/3386 3427/2443/3382 3430/2446/3385
f 3432/2447/3387 3431/2438/3386 3430/2446/3385
f 3432/2447/3387 3433/2448/3388 3431/2438/3386
f 3433/2448/3388 3434/2436/3389 3431/2438/3386
f 3433/2448/3388 3435/2449/3390 3434/2436/3389
f 3435/2449/3390 3436/2437/3391 3434/2436/3389
f 3437/2439/3392 3436/2437/3391 3435/2449/3390
f 3438/2450/3393 3437/2439/3392 3435/2449/3390
f 3439/2451/3394 3430/2446/3385 3429/2445/3384
f 3437/2439/3392 3438/2450/3393 3440/2440/3395
f 3438/2450/3393 3441/2452/3396 3440/2440/3395
f 3441/2452/3396 3438/2450/3393 3442/2453/3397
f 3443/2454/3398 3441/2452/3396 3442/2453/3397
f 3444/2441/3399 3440/2440/3395 3441/2452/3396
f 3445/2455/3400 3444/2441/3399 3441/2452/3396
f 3435/2449/3390 3433/2448/3388 3446/2456/3401
f 3447/2457/3402 3435/2449/3390 3446/2456/3401
f 3438/2450/3393 3435/2449/3390 3447/2457/3402
f 3442/2453/3397 3438/2450/3393 3447/2457/3402
f 3433/2448/3388 3432/2447/3387 3448/2458/3403
f 3446/2456/3401 3433/2448/3388 3448/2458/3403
f 3448/2458/3403 3432/2447/3387 3449/2459/3404
f 3432/2447/3387 3430/2446/3385 3449/2459/3404
f 3430/2446/3385 3439/2451/3394 3450/2460/3405
f 3449/2459/3404 3430/2446/3385 3450/2460/3405
f 3450/2460/3405 3439/2451/3394 3451/2461/3406
f 3439/2451/3394 3452/2462/3407 3451/2461/3406
f 3451/2461/3406 3452/2462/3407 3453/2463/3408
f 3452/2462/3407 3454/2464/3409 3453/2463/3408
f 3453/2463/3408 3454/2464/3409 3455/2465/3410
f 3454/2464/3409 3456/2466/3411 3455/2465/3410
f 3455/2465/3410 3456/2466/3411 3457/2467/3412
f 3456/2466/3411 3458/2468/3413 3457/2467/3412
f 3457/2467/3412 3458/2468/3413 3459/2469/3414
f 3458/2468/3413 3460/2470/3415 3459/2469/3414
f 3460/2470/3415 3458/2468/3413 3461/2471/3416
f 3462/2472/3417 3460/2470/3415 3461/2471/3416
f 3458/2468/3413 3456/2466/3411 3463/2473/3418
f 3461/2471/3416 3458/2468/3413 3463/2473/3418
f 3456/2466/3411 3454/2464/3409 3464/2474/3419
f 3463/2473/3418 3456/2466/3411 3464/2474/3419
f 3464/2474/3419 3454/2464/3409 3452/2462/3407
f 3465/2475/3420 3464/2474/3419 3452/2462/3407
f 3465/2475/3420 3452/2462/3407 3429/2445/3384
f 3452/2462/3407 3439/2451/3394 3429/2445/3384
f 3466/2476/3421 3465/2475/3420 3429/2445/3384
f 3466/2476/3421 3429/2445/3384 3428/2444/3383
f 3467/2477/3422 3466/2476/3421 3428/2444/3383
f 3428/2444/3383 3372/2403/3327 3467/2477/3422
f 3372/2403/3327 3371/2402/3326 3467/2477/3422
f 3460/2470/3423 3469/2478/3424 3468/2479/3425
f 3468/2479/3425 3469/2478/3424 3470/2480/3426
f 3469/2478/3424 3471/2481/3427 3470/2480/3426
f 3470/2480/3426 3471/2481/3427 3472/2482/3428
f 3471/2481/3427 3473/2483/3429 3472/2482/3428
f 3473/2483/3429 3474/2484/3430 3472/2482/3428
f 3474/2484/3430 3475/2485/3431 3472/2482/3428
f 3475/2485/3431 3474/2484/3430 3476/2486/3432
f 3477/2487/3433 3475/2485/3431 3476/2486/3432
f 3478/2469/3434 3460/2470/3423 3468/2479/3425
f 3480/2478/3435 3460/2470/3423 3479/2472/3436
f 3481/2488/3437 3480/2478/3435 3479/2472/3436
f 3483/2481/3438 3482/2478/3439 3481/2488/3437
f 3484/2489/3440 3483/2481/3438 3481/2488/3437
f 3485/2483/3441 3483/2481/3438 3484/2489/3440
f 3486/2490/3442 3485/2483/3441 3484/2489/3440
f 3487/2484/3443 3485/2483/3441 3486/2490/3442
f 3488/2491/3444 3487/2484/3443 3486/2490/3442
f 3488/2491/3444 3489/2492/3445 3487/2484/3443
f 3489/2492/3445 3490/2486/3446 3487/2484/3443
f 3370/2401/3447 3492/2414/3448 3491/2493/3449
f 3493/2400/3450 3370/2401/3447 3491/2493/3449
f 3492/2414/3448 3494/2418/3451 3491/2493/3449
f 3494/2418/3451 3495/2494/3452 3491/2493/3449
f 3495/2494/3452 3494/2418/3451 3496/2495/3453
f 3494/2418/3451 3497/2426/3454 3496/2495/3453
f 3497/2426/3454 3498/2496/3455 3496/2495/3453
f 3498/2496/3455 3499/2497/3456 3496/2495/3453
f 3498/2496/3455 3500/2498/3457 3499/2497/3456
f 3500/2498/3457 3501/2499/3457 3499/2497/3456
f 3504/2500/3458 3503/2501/3459 3502/2502/3460
f 3505/2503/3461 3504/2500/3458 3502/2502/3460
f 3502/2502/3460 3503/2501/3459 3506/2504/3462
f 3503/2501/3459 3507/2505/3463 3506/2504/3462
f 3506/2504/3462 3507/2505/3463 3508/2506/3425
f 3507/2505/3463 3509/2507/3464 3508/2506/3425
f 3508/2506/3425 3509/2507/3464 3510/2508/3414
f 3509/2507/3464 3511/2509/3465 3510/2508/3414
f 3510/2508/3414 3511/2509/3465 3512/2510/3466
f 3511/2509/3465 3513/2511/3467 3512/2510/3466
f 3512/2510/3466 3513/2511/3467 3514/2512/3468
f 3513/2511/3467 3515/2513/3469 3514/2512/3468
f 3514/2512/3468 3515/2513/3469 3516/2514/3470
f 3515/2513/3469 3517/2515/3471 3516/2514/3470
f 3516/2514/3470 3517/2515/3471 3518/2516/3472
f 3517/2515/3471 3519/2517/3473 3518/2516/3472
f 3518/2516/3472 3519/2517/3473 3520/2518/3474
f 3519/2517/3473 3521/2519/3475 3520/2518/3474
f 3520/2518/3474 3521/2519/3475 3522/2520/3476
f 3521/2519/3475 3523/2521/3477 3522/2520/3476
f 3522/2520/3476 3523/2521/3477 3524/2522/3478
f 3523/2521/3477 3525/2523/3479 3524/2522/3478
f 3524/2522/3478 3525/2523/3479 3526/2524/3480
f 3525/2523/3479 3527/2525/3481 3526/2524/3480
f 3526/2524/3480 3527/2525/3481 3528/2526/3482
f 3527/2525/3481 3529/2527/3483 3528/2526/3482
f 3528/2526/3482 3529/2527/3483 3530/2528/3484
f 3529/2527/3483 3531/2529/3485 3530/2528/3484
f 3530/2528/3484 3531/2529/3485 3532/2530/3486
f 3531/2529/3485 3533/2531/3487 3532/2530/3486
f 3532/2530/3486 3533/2531/3487 3534/2532/3488
f 3533/2531/3487 3535/2533/3489 3534/2532/3488
f 3534/2532/3488 3535/2533/3489 3536/2534/3490
f 3535/2533/3489 3537/2535/3491 3536/2534/3490
f 3536/2534/3490 3537/2535/3491 3538/2536/3492
f 3537/2535/3491 3539/2537/3492 3538/2536/3492
f 3540/2538/3493 3406/2428/3359 3407/2429/3362
f 3541/2442/3381 3540/2538/3493 3407/2429/3362
f 3540/2538/3493 3542/2539/3494 3406/2428/3359
f 3542/2539/3494 3405/2417/3360 3406/2428/3359
f 3543/2540/3495 3445/2455/3400 3441/2452/3396
f 3443/2454/3398 3543/2540/3495 3441/2452/3396
f 3546/2541/3496 3545/2542/3497 3544/2543/3498
f 3547/2544/3499 3546/2541/3496 3544/2543/3498
f 3545/2542/3497 3546/2541/3496 3548/2545/3500
f 3546/2541/3496 3549/2546/3501 3548/2545/3500
f 3549/2546/3501 3550/2547/3502 3548/2545/3500
f 3550/2547/3502 3551/2548/3503 3548/2545/3500
f 3550/2547/3502 3552/2549/3504 3551/2548/3503
f 3552/2549/3504 3553/2550/3505 3551/2548/3503
f 3552/2549/3504 3554/2551/3506 3553/2550/3505
f 3554/2551/3506 3555/2552/3507 3553/2550/3505
f 3547/2544/3499 3544/2543/3498 3556/2553/3508
f 3557/2554/3509 3556/2553/3508 3544/2543/3498
f 3558/2555/3510 3557/2554/3509 3544/2543/3498
f 3558/2555/3510 3544/2543/3498 3559/2556/3511
f 3544/2543/3498 3560/2542/3512 3559/2556/3511
f 3559/2556/3511 3560/2542/3512 3561/2557/3513
f 3560/2542/3512 3562/2545/3514 3561/2557/3513
f 3561/2557/3513 3562/2545/3514 3563/2558/3515
f 3562/2545/3514 3564/2548/3516 3563/2558/3515
f 3563/2558/3515 3564/2548/3516 3565/2550/3517
f 3566/2559/3518 3563/2558/3515 3565/2550/3517
f 3566/2559/3518 3565/2550/3517 3567/2552/3519
f 3568/2560/3520 3566/2559/3518 3567/2552/3519
f 3568/2560/3520 3567/2552/3519 3569/2561/3521
f 3570/2562/3522 3568/2560/3520 3569/2561/3521
f 3570/2562/3522 3569/2561/3521 3571/2563/3523
f 3572/2564/3524 3570/2562/3522 3571/2563/3523
f 3558/2555/3510 3559/2556/3511 3573/2565/3525
f 3574/2566/3526 3558/2555/3510 3573/2565/3525
f 3571/2563/3523 3575/2567/3527 3572/2564/3524
f 3575/2567/3527 3576/2568/3528 3572/2564/3524
f 3576/2568/3528 3577/2569/3529 3572/2564/3524
f 3577/2569/3529 3578/2570/3530 3572/2564/3524
f 3576/2568/3528 3575/2567/3527 3579/2571/3531
f 3580/2572/3532 3576/2568/3528 3579/2571/3531
f 3581/2573/3533 3570/2562/3522 3572/2564/3524
f 3578/2570/3530 3581/2573/3533 3572/2564/3524
f 3582/2574/3534 3568/2560/3520 3570/2562/3522
f 3581/2573/3533 3582/2574/3534 3570/2562/3522
f 3582/2574/3534 3583/2575/3535 3568/2560/3520
f 3576/2568/3528 3580/2572/3532 3584/2576/3536
f 3577/2569/3529 3576/2568/3528 3584/2576/3536
f 3585/2577/3537 3584/2576/3536 3580/2572/3532
f 3574/2566/3526 3557/2554/3509 3558/2555/3510
f 3586/2578/3538 3585/2577/3537 3580/2572/3532
f 3579/2571/3531 3586/2578/3538 3580/2572/3532
f 3557/2554/3509 3588/2566/3539 3587/2579/3540
f 3587/2579/3540 3588/2566/3539 3589/2580/3541
f 3588/2566/3539 3590/2565/3542 3589/2580/3541
f 3591/2581/3543 3557/2554/3509 3587/2579/3540
f 3589/2580/3541 3590/2565/3542 3592/2582/3544
f 3593/2583/3545 3589/2580/3541 3592/2582/3544
f 3593/2583/3545 3592/2582/3544 3594/2584/3546
f 3595/2585/3547 3593/2583/3545 3594/2584/3546
f 3595/2585/3547 3594/2584/3546 3596/2575/3548
f 3597/2586/3549 3595/2585/3547 3596/2575/3548
f 3597/2586/3549 3596/2575/3548 3598/2574/3550
f 3599/2587/3551 3597/2586/3549 3598/2574/3550
f 3599/2587/3551 3598/2574/3550 3600/2573/3552
f 3601/2588/3553 3599/2587/3551 3600/2573/3552
f 3601/2588/3553 3600/2573/3552 3602/2570/3554
f 3603/2589/3555 3587/2579/3540 3589/2580/3541
f 3604/2590/3556 3603/2589/3555 3589/2580/3541
f 3604/2590/3556 3589/2580/3541 3593/2583/3545
f 3591/2581/3543 3587/2579/3540 3603/2589/3555
f 3605/2591/3557 3591/2581/3543 3603/2589/3555
f 3606/2592/3558 3593/2583/3545 3595/2585/3547
f 3606/2592/3558 3604/2590/3556 3593/2583/3545
f 3607/2593/3559 3606/2592/3558 3595/2585/3547
f 3607/2593/3559 3595/2585/3547 3597/2586/3549
f 3608/2594/3560 3607/2593/3559 3597/2586/3549
f 3608/2594/3560 3597/2586/3549 3599/2587/3551
f 3609/2595/3561 3608/2594/3560 3599/2587/3551
f 3599/2587/3551 3601/2588/3553 3610/2596/3562
f 3609/2595/3561 3599/2587/3551 3610/2596/3562
f 3611/2597/3563 3601/2588/3553 3602/2570/3554
f 3610/2596/3562 3601/2588/3553 3611/2597/3563
f 3605/2591/3557 3612/2598/3564 3591/2581/3543
f 3612/2598/3564 3613/2599/3565 3591/2581/3543
f 3591/2581/3543 3613/2599/3565 3557/2554/3509
f 3613/2599/3565 3556/2553/3508 3557/2554/3509
f 3613/2599/3565 3612/2598/3564 3614/2600/3566
f 3612/2598/3564 3615/2601/3567 3614/2600/3566
f 3615/2601/3567 3612/2598/3564 3616/2602/3568
f 3612/2598/3564 3617/2603/3569 3616/2602/3568
f 3617/2603/3569 3612/2598/3564 3618/2604/3570
f 3618/2604/3570 3612/2598/3564 3619/2591/3571
f 3618/2604/3570 3619/2591/3571 3620/2605/3572
f 3619/2591/3571 3621/2589/3573 3620/2605/3572
f 3620/2605/3572 3621/2589/3573 3622/2606/3574
f 3621/2589/3573 3623/2590/3575 3622/2606/3574
f 3622/2606/3574 3623/2590/3575 3624/2592/3576
f 3625/2607/3577 3622/2606/3574 3624/2592/3576
f 3624/2592/3576 3626/2593/3578 3625/2607/3577
f 3626/2593/3578 3627/2608/3579 3625/2607/3577
f 3628/2609/3580 3625/2607/3577 3627/2608/3579
f 3629/2610/3581 3628/2609/3580 3627/2608/3579
f 3627/2608/3579 3626/2593/3578 3630/2594/3582
f 3631/2611/3583 3627/2608/3579 3630/2594/3582
f 3632/2612/3584 3620/2605/3572 3622/2606/3574
f 3633/2613/3585 3632/2612/3584 3622/2606/3574
f 3633/2613/3585 3622/2606/3574 3625/2607/3577
f 3628/2609/3580 3633/2613/3585 3625/2607/3577
f 3634/2614/3586 3618/2604/3570 3620/2605/3572
f 3632/2612/3584 3634/2614/3586 3620/2605/3572
f 3635/2615/3587 3627/2608/3579 3631/2611/3583
f 3629/2610/3581 3627/2608/3579 3635/2615/3587
f 3634/2614/3586 3617/2603/3569 3618/2604/3570
f 3638/2616/3588 3637/2567/3589 3636/2563/3590
f 3639/2617/3591 3638/2616/3588 3636/2563/3590
f 3639/2617/3592 3641/2563/3590 3640/2561/3593
f 3642/2618/3594 3639/2617/3592 3640/2561/3593
f 3643/2551/3595 3642/2618/3594 3640/2561/3593
f 3555/2552/3596 3643/2551/3595 3640/2561/3593
f 3638/2616/3597 3645/2619/3598 3644/2571/3599
f 3645/2619/3598 3646/2620/3600 3644/2571/3599
f 3646/2620/3600 3647/2578/3601 3644/2571/3599
f 3647/2578/3601 3646/2620/3600 3648/2621/3602
f 3646/2620/3600 3649/2622/3603 3648/2621/3602
f 3648/2621/3602 3649/2622/3603 3650/2623/3604
f 3649/2622/3603 3651/2624/3604 3650/2623/3604
f 3652/2567/3589 3638/2616/3597 3644/2571/3599
f 3654/2582/3605 3653/2557/3606 3563/2558/3515
f 3655/2584/3607 3654/2582/3605 3563/2558/3515
f 3655/2584/3608 3656/2558/3515 3566/2559/3518
f 3583/2575/3535 3655/2584/3608 3566/2559/3518
f 3583/2575/3535 3566/2559/3518 3568/2560/3520
f 3654/2582/3605 3573/2565/3525 3561/2557/3513
f 3573/2565/3525 3559/2556/3511 3561/2557/3513
f 3659/2625/3609 3658/2626/3610 3657/2627/3611
f 3660/2628/3612 3659/2625/3609 3657/2627/3611
f 3661/2629/3613 3659/2625/3609 3660/2628/3612
f 3662/2630/3614 3661/2629/3613 3660/2628/3612
f 3663/2631/3615 3661/2629/3613 3662/2630/3614
f 3664/2632/3616 3663/2631/3615 3662/2630/3614
f 3657/2627/3611 3658/2626/3610 3665/2633/3617
f 3666/2634/3122 3657/2627/3611 3665/2633/3617
f 3659/2625/3609 3661/2629/3613 3667/2635/3618
f 3668/2636/3619 3659/2625/3609 3667/2635/3618
f 3669/2626/3620 3659/2625/3609 3668/2636/3619
f 3670/2637/3621 3669/2626/3620 3668/2636/3619
f 3670/2637/3621 3671/2638/3622 3669/2626/3620
f 3671/2638/3622 3672/2633/3622 3669/2626/3620
f 3661/2629/3613 3663/2631/3615 3673/2639/3623
f 3667/2635/3618 3661/2629/3613 3673/2639/3623
f 3673/2639/3623 3663/2631/3615 3674/2640/3624
f 3663/2631/3615 3675/2641/3625 3674/2640/3624
f 3675/2641/3625 3663/2631/3615 3664/2632/3616
f 3676/2642/3626 3674/2640/3624 3675/2641/3625
f 3677/2643/3627 3676/2642/3626 3675/2641/3625
f 3677/2643/3627 3675/2641/3625 3678/2644/3628
f 3678/2644/3628 3675/2641/3625 3664/2632/3616
f 3679/2645/3629 3677/2643/3627 3678/2644/3628
f 3680/2646/3630 3677/2643/3627 3679/2645/3629
f 3681/2647/3631 3680/2646/3630 3679/2645/3629
f 3682/2648/3632 3680/2646/3630 3681/2647/3631
f 3683/2649/3633 3682/2648/3632 3681/2647/3631
f 3684/2650/3634 3682/2648/3632 3683/2649/3633
f 3685/2651/3635 3684/2650/3634 3683/2649/3633
f 3615/2601/3567 3684/2650/3634 3685/2651/3635
f 3614/2600/3566 3615/2601/3567 3685/2651/3635
f 3615/2601/3567 3616/2602/3568 3684/2650/3634
f 3616/2602/3568 3686/2652/3636 3684/2650/3634
f 3684/2650/3634 3686/2652/3636 3682/2648/3632
f 3686/2652/3636 3687/2653/3637 3682/2648/3632
f 3682/2648/3632 3687/2653/3637 3680/2646/3630
f 3687/2653/3637 3688/2654/3638 3680/2646/3630
f 3688/2654/3638 3676/2642/3626 3677/2643/3627
f 3680/2646/3630 3688/2654/3638 3677/2643/3627
f 3691/2655/3639 3690/2656/3640 3689/2657/3641
f 3692/2658/3642 3691/2655/3639 3689/2657/3641
f 3693/2659/3643 3691/2655/3639 3692/2658/3642
f 3694/2660/3644 3693/2659/3643 3692/2658/3642
f 3695/2661/3645 3693/2659/3643 3694/2660/3644
f 3696/2662/3646 3695/2661/3645 3694/2660/3644
f 3697/2663/3647 3695/2661/3645 3696/2662/3646
f 3698/2664/3648 3697/2663/3647 3696/2662/3646
f 3699/2665/3649 3697/2663/3647 3698/2664/3648
f 3700/2666/3650 3699/2665/3649 3698/2664/3648
f 3701/2667/3651 3699/2665/3649 3700/2666/3650
f 3702/2668/3651 3701/2667/3651 3700/2666/3650
f 3703/2669/3652 3701/2667/3651 3702/2668/3651
f 3704/2670/3653 3703/2669/3652 3702/2668/3651
f 3705/2671/3654 3703/2669/3652 3704/2670/3653
f 3706/2672/3655 3705/2671/3654 3704/2670/3653
f 3707/2673/3656 3705/2671/3654 3706/2672/3655
f 3708/2674/3657 3707/2673/3656 3706/2672/3655
f 3709/2675/3658 3707/2673/3656 3708/2674/3657
f 3710/2676/3659 3709/2675/3658 3708/2674/3657
f 3711/2677/3660 3709/2675/3658 3710/2676/3659
f 3712/2678/3661 3711/2677/3660 3710/2676/3659
f 3713/2679/3662 3711/2677/3660 3712/2678/3661
f 3714/2680/3663 3713/2679/3662 3712/2678/3661
f 3717/2681/3664 3716/2682/3665 3715/2683/3666
f 3718/2684/3667 3717/2681/3664 3715/2683/3666
f 3719/2685/3668 3717/2681/3664 3718/2684/3667
f 3720/2686/3669 3719/2685/3668 3718/2684/3667
f 3721/2687/3670 3719/2685/3668 3720/2686/3669
f 3722/2688/3670 3721/2687/3670 3720/2686/3669
f 3715/2683/3666 3716/2682/3665 3723/2689/3671
f 3716/2682/3665 3724/2690/3671 3723/2689/3671
f 3727/2690/3672 3726/2691/3673 3725/2692/3674
f 3728/2689/3672 3727/2690/3672 3725/2692/3674
f 3725/2692/3674 3726/2691/3673 3729/2693/3675
f 3726/2691/3673 3730/2694/3676 3729/2693/3675
f 3729/2693/3675 3730/2694/3676 3731/2695/3677
f 3730/2694/3676 3732/2696/3678 3731/2695/3677
f 3735/2537/3679 3734/2697/3680 3733/2698/3681
f 3736/2536/3679 3735/2537/3679 3733/2698/3681
f 3733/2698/3681 3734/2697/3680 3737/2699/3682
f 3734/2697/3680 3738/2700/3683 3737/2699/3682
f 3737/2699/3682 3738/2700/3683 3739/2701/3684
f 3738/2700/3683 3740/2702/3685 3739/2701/3684
f 3739/2701/3684 3740/2702/3685 3741/2688/3686
f 3740/2702/3685 3742/2687/3687 3741/2688/3686
f 3745/2703/3688 3744/2704/3689 3743/2705/3690
f 3746/2706/3691 3745/2703/3688 3743/2705/3690
f 3747/2707/3614 3745/2703/3688 3746/2706/3691
f 3748/2708/3692 3747/2707/3614 3746/2706/3691
f 3749/2709/3693 3747/2707/3614 3748/2708/3692
f 3750/2710/3694 3749/2709/3693 3748/2708/3692
f 3751/2711/3695 3749/2709/3693 3750/2710/3694
f 3752/2712/3696 3751/2711/3695 3750/2710/3694
f 3753/2713/3697 3751/2711/3695 3752/2712/3696
f 3754/2714/3698 3753/2713/3697 3752/2712/3696
f 3755/2715/3699 3753/2713/3697 3754/2714/3698
f 3756/2716/3700 3755/2715/3699 3754/2714/3698
f 3757/2717/3701 3755/2715/3699 3756/2716/3700
f 3758/2718/3702 3757/2717/3701 3756/2716/3700
f 3759/2719/3703 3757/2717/3701 3758/2718/3702
f 3760/2720/3704 3759/2719/3703 3758/2718/3702
f 3761/2721/3705 3759/2719/3703 3760/2720/3704
f 3762/2722/3706 3761/2721/3705 3760/2720/3704
f 3763/2723/3707 3761/2721/3705 3762/2722/3706
f 3764/2724/3708 3763/2723/3707 3762/2722/3706
f 3765/2725/3709 3763/2723/3707 3764/2724/3708
f 3766/2726/3710 3765/2725/3709 3764/2724/3708
f 3690/2656/3640 3765/2725/3709 3766/2726/3710
f 3689/2657/3641 3690/2656/3640 3766/2726/3710
f 3768/2727/3711 3767/2728/3712 3504/2500/3458
f 3505/2503/3461 3768/2727/3711 3504/2500/3458
f 3743/2705/3690 3744/2704/3689 3769/2729/3122
f 3770/2730/3124 3743/2705/3690 3769/2729/3122
f 3771/2731/3126 3743/2705/3690 3770/2730/3124
f 3143/2264/3122 3772/2258/3713 3129/2255/3109
f 3775/2732/3714 3774/2733/3715 3773/2734/3716
f 3774/2733/3715 3776/2735/3717 3773/2734/3716
f 3774/2733/3715 3777/2736/3718 3776/2735/3717
f 3779/2736/3719 3778/2737/3720 3776/2735/2790
f 3778/2737/3720 3780/2738/3721 3776/2735/2790
f 3778/2737/3720 3781/2739/3722 3780/2738/3721
f 3781/2739/3722 3782/2740/3723 3780/2738/3721
f 3782/2740/3723 3783/2741/3021 3780/2738/3721
f 3782/2740/3723 3784/2742/3724 3783/2741/3021
f 3784/2742/3724 3785/2743/3725 3783/2741/3021
f 3785/2743/3725 3786/2744/3726 3783/2741/3021
f 3785/2743/3725 3787/2745/3727 3786/2744/3726
f 3787/2745/3727 3788/2746/3728 3786/2744/3726
f 3788/2746/3728 3789/2747/3729 3786/2744/3726
f 3788/2746/3728 3790/2748/3730 3789/2747/3729
f 3790/2748/3730 3791/2749/3731 3789/2747/3729
f 3791/2749/3731 3792/2750/3732 3789/2747/3729
f 3791/2749/3731 3793/2751/3733 3792/2750/3732
f 3793/2751/3733 3794/2752/3734 3792/2750/3732
f 3792/2750/3732 3794/2752/3734 3795/2753/3735
f 3794/2752/3734 3796/2754/3736 3795/2753/3735
f 3796/2754/3736 3797/2755/3737 3795/2753/3735
f 3795/2753/3735 3797/2755/3737 3798/2756/2911
f 3797/2755/3737 3799/2757/3738 3798/2756/2911
f 3801/2758/3739 3798/2756/3740 3800/2757/3741
f 3802/2759/3742 3801/2758/3739 3800/2757/3741
f 3801/2758/3743 3804/2760/3744 3803/2761/3745
f 3804/2760/3744 3805/2762/3746 3803/2761/3745
f 3806/2759/3747 3804/2760/3744 3801/2758/3743
f 3803/2761/3748 3808/2763/3749 3807/2764/3750
f 3808/2763/3749 3809/2765/3751 3807/2764/3750
f 3810/2762/3746 3808/2763/3749 3803/2761/3748
f 3809/2765/3751 3811/2766/3752 3807/2764/3750
f 3807/2764/3750 3811/2766/3752 3812/2767/3753
f 3811/2766/3752 3813/2768/3714 3812/2767/3753
f 3816/2769/3754 3815/2770/3755 3814/2771/3756
f 3817/2772/3757 3816/2769/3754 3814/2771/3756
f 3815/2770/3755 3816/2769/3754 3818/2773/3758
f 3819/2774/3759 3815/2770/3755 3818/2773/3758
f 3818/2773/3758 3816/2769/3754 3820/2775/3760
f 3816/2769/3754 3821/2776/3761 3820/2775/3760
f 3821/2776/3761 3816/2769/3754 3817/2772/3757
f 3822/2777/3762 3817/2772/3757 3814/2771/3756
f 3823/2778/3763 3822/2777/3762 3814/2771/3756
f 3823/2778/3763 3824/2779/3764 3822/2777/3762
f 3824/2779/3764 3825/2780/3765 3822/2777/3762
f 3822/2777/3762 3825/2780/3765 3826/2781/3766
f 3817/2772/3757 3822/2777/3762 3826/2781/3766
f 3827/2781/3767 3821/2776/3761 3817/2772/3757
f 3820/2775/3760 3821/2776/3761 3827/2781/3767
f 3820/2775/3760 3827/2781/3767 3828/2782/3768
f 3827/2781/3769 3830/2783/3770 3829/2784/3771
f 3831/2785/3772 3830/2783/3770 3827/2781/3769
f 3831/2785/3772 3832/2786/3773 3830/2783/3770
f 3832/2786/3773 3833/2787/3774 3830/2783/3770
f 3832/2786/3773 3834/2788/3775 3833/2787/3774
f 3834/2788/3775 3832/2786/3773 3835/2789/3776
f 3832/2786/3773 3836/2790/3777 3835/2789/3776
f 3832/2786/3773 3831/2785/3772 3836/2790/3777
f 3831/2785/3772 3827/2781/3769 3836/2790/3777
f 3834/2788/3775 3837/2791/3778 3833/2787/3774
f 3836/2790/3777 3838/2780/3765 3835/2789/3776
f 3838/2780/3765 3836/2790/3777 3826/2781/3779
f 3838/2780/3765 3839/2779/3780 3835/2789/3776
f 3837/2791/3778 3840/2792/3781 3833/2787/3774
f 3840/2792/3781 3841/2793/3782 3833/2787/3774
f 3833/2787/3774 3841/2793/3782 3830/2783/3770
f 3841/2793/3782 3840/2792/3781 3842/2794/3783
f 3843/2795/3784 3841/2793/3782 3842/2794/3783
f 3841/2793/3782 3844/2796/3785 3830/2783/3770
f 3844/2796/3785 3841/2793/3782 3843/2795/3784
f 3845/2797/3786 3843/2795/3784 3842/2794/3783
f 3846/2798/3787 3845/2797/3786 3842/2794/3783
f 3843/2795/3784 3845/2797/3786 3847/2799/3788
f 3847/2799/3788 3844/2796/3785 3843/2795/3784
f 3830/2783/3770 3844/2796/3785 3847/2799/3788
f 3830/2783/3770 3847/2799/3788 3848/2784/3789
f 3847/2799/3720 3850/2800/3790 3849/2801/3791
f 3851/2802/3792 3850/2800/3790 3847/2799/3720
f 3851/2802/3792 3852/2803/3793 3850/2800/3790
f 3852/2803/3793 3853/2804/3794 3850/2800/3790
f 3852/2803/3793 3854/2805/3795 3853/2804/3794
f 3854/2805/3795 3852/2803/3793 3855/2806/3796
f 3852/2803/3793 3856/2807/3797 3855/2806/3796
f 3852/2803/3793 3851/2802/3792 3856/2807/3797
f 3854/2805/3795 3857/2808/3798 3853/2804/3794
f 3856/2807/3797 3858/2809/3799 3855/2806/3796
f 3858/2809/3799 3856/2807/3797 3847/2799/3788
f 3858/2809/3799 3859/2810/3800 3855/2806/3796
f 3860/2798/3787 3859/2810/3800 3858/2809/3799
f 3861/2797/3786 3860/2798/3787 3858/2809/3799
f 3861/2797/3786 3858/2809/3799 3862/2799/3801
f 3857/2808/3798 3863/2811/3802 3853/2804/3794
f 3863/2811/3802 3864/2812/3803 3853/2804/3794
f 3853/2804/3794 3864/2812/3803 3850/2800/3790
f 3864/2812/3803 3863/2811/3802 3865/2813/3804
f 3866/2814/3805 3864/2812/3803 3865/2813/3804
f 3867/2815/3806 3864/2812/3803 3866/2814/3805
f 3864/2812/3803 3867/2815/3806 3850/2800/3790
f 3868/2816/3807 3866/2814/3805 3865/2813/3804
f 3869/2817/3808 3868/2816/3807 3865/2813/3804
f 3869/2817/3808 3870/2818/3809 3868/2816/3807
f 3870/2818/3809 3871/2819/3810 3868/2816/3807
f 3868/2816/3807 3871/2819/3810 3872/2820/3723
f 3866/2814/3805 3868/2816/3807 3872/2820/3723
f 3873/2820/3723 3867/2815/3806 3866/2814/3805
f 3850/2800/3790 3867/2815/3806 3873/2820/3723
f 3874/2800/3790 3873/2820/3811 3849/2801/3812
f 3873/2820/3811 3876/2821/3813 3875/2822/3814
f 3877/2823/3815 3876/2821/3813 3873/2820/3811
f 3877/2823/3815 3878/2824/3816 3876/2821/3813
f 3878/2824/3816 3879/2825/3817 3876/2821/3813
f 3878/2824/3816 3880/2826/3818 3879/2825/3817
f 3880/2826/3818 3878/2824/3816 3881/2827/3819
f 3878/2824/3816 3882/2828/3820 3881/2827/3819
f 3878/2824/3816 3877/2823/3815 3882/2828/3820
f 3880/2826/3818 3883/2829/3821 3879/2825/3817
f 3882/2828/3820 3884/2819/3822 3881/2827/3819
f 3884/2819/3822 3882/2828/3820 3872/2820/3823
f 3884/2819/3822 3885/2818/3824 3881/2827/3819
f 3877/2823/3815 3873/2820/3811 3886/2828/3825
f 3876/2821/3813 3887/2830/3826 3875/2822/3814
f 3876/2821/3813 3888/2831/3827 3887/2830/3826
f 3889/2832/3828 3888/2831/3827 3876/2821/3813
f 3890/2825/3829 3889/2832/3828 3876/2821/3813
f 3891/2833/3830 3889/2832/3828 3890/2825/3829
f 3883/2829/3831 3891/2833/3830 3890/2825/3829
f 3889/2832/3828 3891/2833/3830 3892/2834/3832
f 3893/2835/3833 3889/2832/3828 3892/2834/3832
f 3888/2831/3827 3889/2832/3828 3893/2835/3833
f 3887/2830/3826 3888/2831/3827 3893/2835/3833
f 3894/2836/3834 3893/2835/3833 3892/2834/3832
f 3893/2835/3833 3894/2836/3834 3887/2830/3826
f 3895/2837/3835 3894/2836/3834 3892/2834/3832
f 3887/2830/3826 3897/2838/3836 3896/2839/3727
f 3898/2840/3837 3897/2838/3836 3887/2830/3826
f 3898/2840/3837 3899/2841/3838 3897/2838/3836
f 3899/2841/3838 3898/2840/3837 3900/2842/3839
f 3898/2840/3837 3901/2843/3840 3900/2842/3839
f 3898/2840/3837 3887/2830/3826 3901/2843/3840
f 3899/2841/3838 3902/2844/3841 3897/2838/3836
f 3901/2843/3840 3903/2845/3842 3900/2842/3839
f 3903/2845/3842 3904/2846/3843 3900/2842/3839
f 3905/2837/3844 3904/2846/3843 3903/2845/3842
f 3906/2836/3845 3905/2837/3844 3903/2845/3842
f 3906/2836/3845 3903/2845/3842 3907/2830/3826
f 3903/2845/3842 3901/2843/3840 3887/2830/3826
f 3902/2844/3841 3908/2847/3846 3897/2838/3836
f 3908/2847/3846 3909/2848/3847 3897/2838/3836
f 3909/2848/3847 3908/2847/3846 3910/2849/3848
f 3911/2850/3849 3909/2848/3847 3910/2849/3848
f 3912/2851/3850 3911/2850/3849 3910/2849/3848
f 3913/2852/3851 3912/2851/3850 3910/2849/3848
f 3913/2852/3851 3914/2853/3852 3912/2851/3850
f 3914/2853/3852 3915/2854/3853 3912/2851/3850
f 3912/2851/3850 3915/2854/3853 3916/2855/3854
f 3911/2850/3849 3912/2851/3850 3916/2855/3854
f 3917/2855/3855 3909/2848/3847 3911/2850/3849
f 3897/2838/3836 3909/2848/3847 3917/2855/3855
f 3897/2838/3836 3917/2855/3855 3918/2839/3856
f 3917/2855/3728 3920/2856/3857 3919/2857/3858
f 3920/2856/3857 3921/2858/3731 3919/2857/3858
f 3920/2856/3857 3922/2859/3859 3921/2858/3731
f 3923/2860/3860 3922/2859/3859 3920/2856/3857
f 3924/2861/3861 3923/2860/3860 3920/2856/3857
f 3925/2862/3862 3923/2860/3860 3924/2861/3861
f 3923/2860/3860 3925/2862/3862 3926/2863/3863
f 3927/2864/3864 3923/2860/3860 3926/2863/3863
f 3922/2859/3859 3923/2860/3860 3927/2864/3864
f 3921/2858/3731 3922/2859/3859 3927/2864/3864
f 3928/2865/3865 3925/2862/3862 3924/2861/3861
f 3929/2866/3866 3927/2864/3864 3926/2863/3863
f 3930/2867/3867 3929/2866/3866 3926/2863/3863
f 3927/2864/3864 3929/2866/3866 3931/2858/3868
f 3932/2868/3869 3928/2865/3865 3924/2861/3861
f 3933/2869/3870 3932/2868/3869 3924/2861/3861
f 3933/2869/3870 3924/2861/3861 3920/2856/3857
f 3932/2868/3869 3933/2869/3870 3934/2870/3871
f 3933/2869/3870 3935/2871/3872 3934/2870/3871
f 3936/2872/3873 3933/2869/3870 3920/2856/3857
f 3933/2869/3870 3936/2872/3873 3935/2871/3872
f 3935/2871/3872 3937/2854/3874 3934/2870/3871
f 3937/2854/3874 3938/2853/3875 3934/2870/3871
f 3937/2854/3874 3935/2871/3872 3916/2855/3854
f 3936/2872/3873 3917/2855/3728 3935/2871/3872
f 3936/2872/3873 3920/2856/3857 3917/2855/3728
f 3940/2866/3876 3939/2873/3877 3931/2858/3878
f 3940/2866/3876 3941/2867/3867 3939/2873/3877
f 3941/2867/3867 3942/2874/3879 3939/2873/3877
f 3939/2873/3877 3942/2874/3879 3943/2875/3880
f 3944/2876/3881 3939/2873/3877 3943/2875/3880
f 3945/2877/3882 3944/2876/3881 3943/2875/3880
f 3946/2878/3883 3945/2877/3882 3943/2875/3880
f 3945/2877/3882 3946/2878/3883 3947/2879/3884
f 3946/2878/3883 3948/2880/3885 3947/2879/3884
f 3945/2877/3882 3947/2879/3884 3949/2881/3886
f 3950/2882/3887 3945/2877/3882 3949/2881/3886
f 3945/2877/3882 3950/2882/3887 3944/2876/3881
f 3939/2873/3877 3944/2876/3881 3931/2858/3878
f 3950/2882/3887 3921/2858/3888 3944/2876/3881
f 3950/2882/3887 3949/2881/3886 3921/2858/3888
f 3921/2858/3888 3949/2881/3886 3951/2883/3733
f 3948/2880/3885 3952/2884/3889 3947/2879/3884
f 3952/2884/3889 3953/2885/3890 3947/2879/3884
f 3947/2879/3884 3953/2885/3890 3949/2881/3886
f 3953/2885/3890 3952/2884/3889 3954/2886/3891
f 3955/2887/3892 3953/2885/3890 3954/2886/3891
f 3953/2885/3890 3956/2888/3893 3949/2881/3886
f 3956/2888/3893 3953/2885/3890 3955/2887/3892
f 3949/2881/3886 3957/2889/3894 3951/2883/3733
f 3957/2889/3894 3956/2888/3893 3955/2887/3892
f 3949/2881/3886 3956/2888/3893 3957/2889/3894
f 3958/2890/3895 3955/2887/3892 3954/2886/3891
f 3959/2891/3896 3958/2890/3895 3954/2886/3891
f 3959/2891/3896 3960/2892/3897 3958/2890/3895
f 3960/2892/3897 3961/2893/3898 3958/2890/3895
f 3958/2890/3895 3961/2893/3898 3962/2889/3899
f 3955/2887/3892 3958/2890/3895 3962/2889/3899
f 3957/2889/3894 3964/2894/3900 3963/2895/3736
f 3965/2896/3901 3964/2894/3900 3957/2889/3894
f 3965/2896/3901 3966/2897/3902 3964/2894/3900
f 3966/2897/3902 3967/2898/3903 3964/2894/3900
f 3966/2897/3902 3968/2899/3904 3967/2898/3903
f 3968/2899/3904 3966/2897/3902 3969/2900/3905
f 3966/2897/3902 3970/2901/3906 3969/2900/3905
f 3966/2897/3902 3965/2896/3901 3970/2901/3906
f 3965/2896/3901 3957/2889/3894 3970/2901/3906
f 3968/2899/3904 3971/2902/3907 3967/2898/3903
f 3970/2901/3906 3972/2893/3908 3969/2900/3905
f 3972/2893/3908 3970/2901/3906 3962/2889/3909
f 3972/2893/3908 3973/2892/3897 3969/2900/3905
f 3851/2802/3792 3847/2799/3720 3974/2807/3910
f 3977/2903/3911 3976/2904/3912 3975/2905/3913
f 3978/2906/3914 3977/2903/3911 3975/2905/3913
f 3978/2906/3914 3975/2905/3913 3979/2907/3915
f 3975/2905/3913 3976/2904/3912 3980/2908/3916
f 3981/2909/3917 3975/2905/3913 3980/2908/3916
f 3975/2905/3913 3981/2909/3917 3979/2907/3915
f 3981/2909/3917 3982/2910/3918 3979/2907/3915
f 3983/2911/3919 3977/2903/3911 3978/2906/3914
f 3984/2912/3920 3983/2911/3919 3978/2906/3914
f 3984/2912/3920 3978/2906/3914 3979/2907/3915
f 3981/2909/3917 3980/2908/3916 3985/2913/3921
f 3986/2914/3922 3981/2909/3917 3985/2913/3921
f 3981/2909/3917 3986/2914/3922 3982/2910/3918
f 3986/2914/3922 3987/2915/3923 3982/2910/3918
f 3988/2916/3924 3987/2915/3923 3986/2914/3922
f 3987/2915/3923 3988/2916/3924 3989/2917/3742
f 3990/2918/3925 3988/2916/3924 3986/2914/3922
f 3990/2918/3925 3986/2914/3922 3985/2913/3921
f 3991/2919/3926 3988/2916/3924 3990/2918/3925
f 3991/2919/3926 3990/2918/3925 3992/2920/3927
f 3992/2920/3927 3990/2918/3925 3985/2913/3921
f 3993/2921/3928 3991/2919/3926 3992/2920/3927
f 3991/2919/3926 3993/2921/3928 3994/2922/3929
f 3993/2921/3928 3995/2923/3930 3994/2922/3929
f 3995/2923/3930 3996/2924/3931 3994/2922/3929
f 3996/2924/3931 3997/2925/3932 3994/2922/3929
f 3997/2925/3932 3996/2924/3931 3998/2926/3933
f 3999/2927/3934 3997/2925/3932 3998/2926/3933
f 3994/2922/3929 3997/2925/3932 4000/2928/3935
f 4000/2928/3935 3997/2925/3932 3999/2927/3934
f 4001/2929/3936 3994/2922/3929 4000/2928/3935
f 4000/2928/3935 3999/2927/3934 4002/2930/3937
f 4002/2930/3937 4003/2931/3938 4000/2928/3935
f 4003/2931/3938 4002/2930/3937 4004/2932/3939
f 3999/2927/3934 3998/2926/3933 4004/2932/3939
f 4002/2930/3937 3999/2927/3934 4004/2932/3939
f 4005/2933/3940 4003/2931/3938 4004/2932/3939
f 4005/2933/3940 4006/2934/3941 4003/2931/3938
f 4006/2934/3941 4007/2935/3942 4003/2931/3938
f 4003/2931/3938 4007/2935/3942 4008/2928/3943
f 4001/2929/3936 4009/2936/3944 3994/2922/3929
f 4009/2936/3944 3991/2919/3926 3994/2922/3929
f 3991/2919/3926 4009/2936/3944 3988/2916/3924
f 4009/2936/3944 3989/2917/3742 3988/2916/3924
f 4000/2928/3945 4011/2937/3946 4010/2938/3947
f 4012/2939/3948 4011/2937/3946 4000/2928/3945
f 4012/2939/3948 4013/2940/3949 4011/2937/3946
f 4013/2940/3949 4014/2941/3950 4011/2937/3946
f 4013/2940/3949 4015/2942/3951 4014/2941/3950
f 4015/2942/3951 4013/2940/3949 4016/2943/3952
f 4013/2940/3949 4017/2944/3953 4016/2943/3952
f 4013/2940/3949 4012/2939/3948 4017/2944/3953
f 4015/2942/3951 4018/2945/3954 4014/2941/3950
f 4017/2944/3953 4019/2935/3955 4016/2943/3952
f 4019/2935/3955 4020/2934/3941 4016/2943/3952
f 4019/2935/3955 4017/2944/3953 4000/2928/3956
f 4012/2939/3948 4000/2928/3945 4021/2944/3957
f 4018/2945/3954 4022/2946/3958 4014/2941/3950
f 4022/2946/3958 4023/2947/3959 4014/2941/3950
f 4023/2947/3959 4022/2946/3958 4024/2948/3960
f 4025/2949/3961 4023/2947/3959 4024/2948/3960
f 4014/2941/3950 4023/2947/3959 4026/2937/3946
f 4023/2947/3959 4027/2950/3962 4026/2937/3946
f 4027/2950/3962 4023/2947/3959 4025/2949/3961
f 4028/2951/3963 4025/2949/3961 4024/2948/3960
f 4029/2952/3964 4028/2951/3963 4024/2948/3960
f 4025/2949/3961 4028/2951/3963 4030/2953/3965
f 4031/2953/3966 4027/2950/3962 4025/2949/3961
f 4011/2937/3946 4027/2950/3962 4031/2953/3966
f 4011/2937/3946 4031/2953/3966 4010/2938/3947
f 4031/2953/3967 4033/2954/3968 4032/2955/3969
f 4034/2956/3970 4033/2954/3968 4031/2953/3967
f 4034/2956/3970 4035/2957/3971 4033/2954/3968
f 4035/2957/3971 4036/2958/3972 4033/2954/3968
f 4035/2957/3971 4037/2959/3973 4036/2958/3972
f 4037/2959/3973 4035/2957/3971 4038/2960/3974
f 4035/2957/3971 4039/2961/3975 4038/2960/3974
f 4035/2957/3971 4034/2956/3970 4039/2961/3975
f 4034/2956/3970 4031/2953/3967 4039/2961/3975
f 4037/2959/3973 4040/2962/3976 4036/2958/3972
f 4039/2961/3975 4041/2963/3977 4038/2960/3974
f 4041/2963/3977 4039/2961/3975 4030/2953/3967
f 4042/2951/3978 4041/2963/3977 4030/2953/3967
f 4042/2951/3978 4043/2952/3964 4041/2963/3977
f 4043/2952/3964 4044/2964/3979 4041/2963/3977
f 4041/2963/3977 4044/2964/3979 4038/2960/3974
f 4047/2965/3980 4046/2966/3981 4045/2967/3982
f 4048/2968/3983 4047/2965/3980 4045/2967/3982
f 4046/2966/3981 4047/2965/3980 4049/2969/3984
f 4050/2970/3985 4046/2966/3981 4049/2969/3984
f 4049/2969/3984 4047/2965/3980 4051/2971/3986
f 4047/2965/3980 4052/2972/3987 4051/2971/3986
f 4052/2972/3987 4047/2965/3980 4048/2968/3983
f 4053/2912/3988 4048/2968/3983 4045/2967/3982
f 4054/2911/3919 4053/2912/3988 4045/2967/3982
f 4048/2968/3983 4053/2912/3988 3979/2907/3989
f 3979/2907/3989 4052/2972/3987 4048/2968/3983
f 4051/2971/3986 4052/2972/3987 3979/2907/3989
f 3979/2907/3989 4055/2973/3990 4051/2971/3986
f 4056/2974/3991 4051/2971/3986 4055/2973/3990
f 4056/2974/3991 4057/2975/3992 4051/2971/3986
f 4057/2975/3992 4058/2969/3993 4051/2971/3986
f 4059/2976/3994 4050/2970/3995 4058/2969/3993
f 4057/2975/3992 4059/2976/3994 4058/2969/3993
f 4059/2976/3994 4057/2975/3992 4060/2977/3996
f 4057/2975/3992 4061/2978/3997 4060/2977/3996
f 4057/2975/3992 4056/2974/3991 4061/2978/3997
f 4056/2974/3991 4055/2973/3990 4061/2978/3997
f 4061/2978/3997 4062/2979/3998 4060/2977/3996
f 4062/2979/3998 4061/2978/3997 4055/2973/3990
f 4062/2979/3998 4063/2980/3999 4060/2977/3996
f 3979/2907/4000 4065/2981/4001 4064/2973/4002
f 4055/2973/3990 4067/2982/4003 4066/2983/4004
f 4066/2983/4004 4067/2982/4003 4068/2984/4005
f 4069/2985/4006 4066/2983/4004 4068/2984/4005
f 4069/2985/4006 4070/2986/4007 4066/2983/4004
f 4070/2986/4007 4071/2987/4008 4066/2983/4004
f 4067/2982/4003 4072/2988/4009 4068/2984/4005
f 4067/2982/4003 4055/2973/3990 4072/2988/4009
f 4072/2988/4009 4073/2989/4010 4068/2984/4005
f 4072/2988/4009 4074/2990/4011 4073/2989/4010
f 4072/2988/4009 4055/2973/3990 4074/2990/4011
f 4074/2990/4011 4075/2991/4012 4073/2989/4010
f 4075/2991/4012 4074/2990/4011 4076/2992/4013
f 4077/2993/4014 4075/2991/4012 4076/2992/4013
f 4077/2993/4014 4076/2992/4013 4078/2994/4015
f 4079/2995/4016 4077/2993/4014 4078/2994/4015
f 4080/2996/3738 4078/2994/4015 4076/2992/4013
f 4055/2973/3990 4080/2996/3738 4074/2990/4011
f 4080/2996/3738 4076/2992/4013 4074/2990/4011
f 4081/2997/4017 4078/2994/4015 4080/2996/3738
f 4082/2998/4018 4078/2994/4015 4081/2997/4017
f 4083/2999/4019 4079/2995/4016 4078/2994/4015
f 4082/2998/4018 4083/2999/4019 4078/2994/4015
f 4084/3000/4020 4083/2999/4019 4082/2998/4018
f 4085/3001/4021 4084/3000/4020 4082/2998/4018
f 4086/3002/4022 4084/3000/4020 4085/3001/4021
f 4087/3003/4023 4086/3002/4022 4085/3001/4021
f 4087/3003/4023 4085/3001/4021 4081/2997/4024
f 4086/3002/4022 4087/3003/4023 4088/3004/4025
f 4087/3003/4023 4089/3005/4026 4088/3004/4025
f 4087/3003/4023 4081/2997/4024 4089/3005/4026
f 4089/3005/4026 4090/3006/4027 4088/3004/4025
f 4090/3006/4027 4091/3007/4028 4088/3004/4025
f 4092/3008/4029 4091/3007/4028 4090/3006/4027
f 4093/3009/4030 4092/3008/4029 4090/3006/4027
f 4093/3009/4030 4090/3006/4027 4094/2997/4017
f 4090/3006/4027 4089/3005/4026 4094/2997/4017
f 4085/3001/4021 4082/2998/4018 4094/2997/4031
f 4096/3010/4032 4081/2997/4024 4095/3011/3736
f 4096/3010/4032 4097/3012/4033 4081/2997/4024
f 4098/3013/4034 4097/3012/4033 4096/3010/4032
f 4099/3014/3903 4098/3013/4034 4096/3010/4032
f 4097/3012/4033 4098/3013/4034 4100/3015/4035
f 4100/3015/4035 4098/3013/4034 4101/3016/4036
f 4098/3013/4034 4102/3017/4037 4101/3016/4036
f 4102/3017/4037 4098/3013/4034 4103/3014/3903
f 4104/3018/4038 4102/3017/4037 4103/3014/3903
f 4105/3009/4039 4100/3015/4035 4101/3016/4036
f 4100/3015/4035 4105/3009/4039 4094/2997/4040
f 4106/3008/4041 4105/3009/4039 4101/3016/4036
f 4081/2997/4024 4097/3012/4033 4100/3015/4035
f 4071/2987/4008 4108/2979/4042 4107/2973/3990
f 4109/2980/3999 4108/2979/4042 4071/2987/4008
f 4070/2986/4007 4109/2980/3999 4071/2987/4008
f 4066/2983/4004 4071/2987/4008 4107/2973/3990
f 3982/2910/3918 3987/2915/3923 4110/2981/3741
f 3987/2915/4043 4112/2917/4044 4111/2981/4045
f 3979/2907/3915 4114/2910/4046 4113/2981/4047
f 4117/3019/4048 4116/3020/4049 4115/3021/4050
f 4118/3022/4051 4117/3019/4048 4115/3021/4050
f 4118/3022/4051 4115/3021/4050 4119/3023/4052
f 4120/3024/4053 4118/3022/4051 4119/3023/4052
f 4116/3020/4054 4122/3025/4055 4121/3026/4056
f 4123/3021/4057 4116/3020/4054 4121/3026/4056
f 4123/3021/4057 4121/3026/4056 4124/3027/4058
f 4119/3023/4059 4123/3021/4057 4124/3027/4058
f 4122/3025/4060 4126/3028/4061 4125/3029/4062
f 4127/3026/4063 4122/3025/4060 4125/3029/4062
f 4127/3026/4063 4125/3029/4062 4128/3030/4064
f 4124/3027/4065 4127/3026/4063 4128/3030/4064
f 4126/3028/4066 4130/3031/4067 4129/3032/4068
f 4131/3029/4069 4126/3028/4066 4129/3032/4068
f 4131/3029/4069 4129/3032/4068 4132/3033/4070
f 4128/3030/4071 4131/3029/4069 4132/3033/4070
f 4134/3034/4072 4117/3019/4073 4133/3022/4074
f 4135/3035/4075 4134/3034/4072 4133/3022/4074
f 4135/3035/4075 4133/3022/4074 4120/3024/4076
f 4136/3036/4077 4135/3035/4075 4120/3024/4076
f 4138/3037/4078 4134/3034/4079 4137/3035/4080
f 4139/3038/4081 4138/3037/4078 4137/3035/4080
f 4139/3038/4081 4137/3035/4080 4136/3036/4082
f 4140/3039/4083 4139/3038/4081 4136/3036/4082
f 4142/3040/4084 4138/3037/4085 4141/3038/4086
f 4143/3041/4087 4142/3040/4084 4141/3038/4086
f 4143/3041/4087 4141/3038/4086 4140/3039/4088
f 4144/3042/4089 4143/3041/4087 4140/3039/4088
f 4146/3043/4090 4142/3040/4091 4145/3041/4092
f 4147/3044/4093 4146/3043/4090 4145/3041/4092
f 4147/3044/4093 4145/3041/4092 4144/3042/4094
f 4148/3045/4095 4147/3044/4093 4144/3042/4094
f 4150/3046/4096 4146/3043/4097 4149/3044/4098
f 4151/3047/4099 4150/3046/4096 4149/3044/4098
f 4151/3047/4099 4149/3044/4098 4148/3045/4100
f 4152/3048/4101 4151/3047/4099 4148/3045/4100
f 4154/3049/4102 4150/3046/4103 4153/3047/4104
f 4155/3050/4105 4154/3049/4102 4153/3047/4104
f 4155/3050/4105 4153/3047/4104 4152/3048/4106
f 4156/3051/4107 4155/3050/4105 4152/3048/4106
f 4158/3052/4108 4154/3049/4109 4157/3050/4110
f 4159/3053/4111 4158/3052/4108 4157/3050/4110
f 4159/3053/4111 4157/3050/4110 4156/3051/4112
f 4160/3054/4113 4159/3053/4111 4156/3051/4112
f 4162/3055/4114 4158/3052/4115 4161/3053/4116
f 4163/3056/4117 4162/3055/4114 4161/3053/4116
f 4163/3056/4117 4161/3053/4116 4160/3054/4118
f 4164/3057/4119 4163/3056/4117 4160/3054/4118
o item_blade
v 0.000000 55.656200 3.999992
v 0.000000 70.710701 -0.000010
v 70.710701 0.000000 0.000000
v 55.656200 0.000000 4.000000
v 0.000000 -70.710602 0.000010
v 0.000000 -55.656101 4.000008
v -70.710701 0.000000 0.000000
v -55.656101 0.000000 4.000000
v 0.000000 55.656200 -4.000008
v 55.656200 -0.000000 -4.000000
v 0.000000 -55.656101 -3.999992
v -55.656101 -0.000000 -4.000000
v 101.915192 -17.535906 4.954292
v 101.481964 -14.499994 4.561398
v 94.486313 -12.127161 -1.388618
v 98.448372 -8.072982 2.553884
v 100.282333 -19.190645 4.130486
v 91.417725 0.994167 -0.888083
v 91.902939 -21.027569 -0.430854
v 76.676720 -13.910295 -13.655068
v 83.180176 9.142938 -4.074729
v 89.508125 -29.027763 -5.163645
v 97.307953 -27.617580 1.204710
v 98.271545 -30.270256 1.233493
v 96.928070 -32.198784 0.191288
v 90.275352 -35.364517 -3.830393
v 80.096527 -38.000019 -9.831266
v 57.879978 -6.840109 -21.021969
v 69.365768 -39.226105 -15.249601
v 73.638458 16.036983 -6.657179
v 58.018200 -38.810490 -19.482864
v 63.014149 21.534880 -8.421385
v 46.269356 -36.918571 -22.169291
v 51.585934 25.350500 -9.516494
v 37.901394 -0.562601 -23.557457
v 34.597553 -33.528305 -23.387209
v 39.767582 26.977037 -10.285625
v 23.706310 -28.373014 -23.339270
v 27.898617 26.532148 -10.957464
v 13.849792 -21.629946 -22.331030
v 16.330259 23.140318 -11.580987
v 17.274899 4.745695 -21.237272
v 5.798850 -12.784340 -20.066067
v 6.470969 16.748304 -12.172599
v 0.804274 -2.584051 -16.738585
v -2.005436 8.455607 -12.727852
v -97.330788 -31.599934 4.954294
v -95.196152 -33.801579 4.561333
v -88.141548 -31.609402 -1.388616
v -88.964348 -37.218151 2.553888
v -96.982948 -29.301321 4.130552
v -77.946571 -40.421135 -0.888077
v -91.283348 -22.890156 -0.430854
v -74.781509 -19.698458 -13.654996
v -66.492790 -42.171387 -4.074653
v -94.048050 -15.010059 -5.163789
v -99.528999 -20.735737 1.204710
v -101.868729 -19.156012 1.233424
v -101.915192 -16.806206 0.191286
v -98.393616 -10.334579 -3.830748
v -91.708008 -2.219420 -9.831272
v -55.419006 -14.369928 -21.021965
v -83.747383 5.079914 -15.249816
v -54.720741 -42.140156 -6.657102
v -74.323204 11.413438 -19.482805
v -42.894020 -40.343613 -8.421375
v -63.705059 16.789146 -22.169298
v -31.405756 -36.712936 -9.516484
v -35.566101 -7.705173 -23.557247
v -52.269878 20.906374 -23.387217
v -20.888531 -31.082310 -10.285618
v -40.428886 23.137514 -23.339211
v -11.547444 -23.745880 -10.957456
v -28.491205 23.475479 -22.330969
v -4.182518 -14.202051 -11.580981
v -15.757977 0.124202 -21.237696
v -16.778521 21.051641 -20.066074
v 0.036220 -3.235572 -12.172318
v -6.741957 15.735121 -16.738346
v 2.019479 8.455607 -12.727852
v -67.545059 88.199951 4.954277
v -68.978821 85.489082 4.561316
v -64.714180 79.457458 -1.388500
v -70.302727 78.506744 2.553870
v -65.251152 88.578941 4.130534
v -69.944328 67.038589 -0.888161
v -57.392231 85.139999 -0.430870
v -49.257744 70.432129 -13.655082
v -68.069756 55.604385 -4.074420
v -50.752407 90.204437 -5.163805
v -57.891647 93.648254 1.204692
v -57.111919 96.360916 1.233408
v -54.891468 97.131187 0.191476
v -47.648777 95.782074 -3.830413
v -37.864697 91.931183 -9.831285
v -38.206993 53.663967 -21.021976
v -28.462847 86.615692 -15.249829
v -64.402466 44.418465 -6.657115
v -19.527336 79.609901 -19.482615
v -59.038181 33.725681 -8.421387
v -11.133100 71.172798 -22.169306
v -52.036015 23.921324 -9.516494
v -25.733509 36.841900 -23.557251
v -3.683643 61.570190 -23.386971
v -43.430313 15.658768 -10.285412
v 2.097898 50.997364 -23.339138
v -33.566975 9.042466 -10.957601
v 6.107798 39.748558 -22.330973
v -22.213854 4.986390 -11.580983
v -12.165889 20.423063 -21.237700
v 7.421717 27.860468 -20.066074
v -10.481004 4.363266 -12.172597
v 5.467101 16.672096 -16.738487
v 1.251425 6.089586 -12.727850
v 55.595856 96.892075 4.954339
v 52.574783 97.418404 4.561382
v 48.156105 91.498230 -1.388634
v 45.524948 96.519348 2.553867
v 56.665054 94.827713 4.130469
v 34.729347 92.634689 -0.888165
v 55.823067 86.291138 -0.430872
v 44.348644 74.009239 -13.655292
v 24.433477 87.318352 -4.074426
v 62.691036 81.540825 -5.163661
v 63.760250 89.394760 1.204692
v 66.581390 89.491722 1.233408
v 67.999557 87.618111 0.191270
v 68.955048 80.312874 -3.830411
v 68.316277 69.817696 -9.831217
v 31.816193 58.317688 -21.021976
v 66.166183 59.233059 -15.249617
v 14.928181 80.373734 -6.657189
v 62.264458 48.569729 -19.482813
v 6.416187 71.968712 -8.421392
v 56.834141 37.979733 -22.169302
v -0.744069 62.278641 -9.516500
v 19.672215 41.256237 -23.557255
v 50.003384 27.927441 -23.387217
v -5.943036 51.541786 -10.285418
v 41.734741 19.162243 -23.339134
v -9.187655 40.115887 -10.957466
v 32.276134 11.871977 -22.331034
v -9.536651 28.065639 -11.580987
v 8.249286 23.279432 -21.237700
v 21.375454 6.948436 -20.066071
v -6.503922 16.713861 -12.172599
v 10.131044 5.350029 -16.738585
v -1.236548 6.089485 -12.727850
v 7.400861 -96.948212 4.954304
v 10.154683 -95.598122 4.561410
v 10.250055 -88.211578 -1.388606
v 15.330010 -90.727310 2.553896
v 5.322779 -95.906670 4.130497
v 21.780872 -81.238617 -0.888071
v 0.986138 -88.505203 -0.431077
v 3.050040 -71.824753 -13.655059
v 26.984854 -70.886177 -4.074650
v -7.362072 -88.699448 -5.163778
v -3.610785 -95.681839 1.204720
v -5.835696 -97.418404 1.233436
v -8.085077 -96.736359 0.191298
v -13.151397 -91.387634 -3.830736
v -18.803772 -82.521492 -9.831259
v 3.965755 -51.763691 -21.021961
v -23.285847 -72.694664 -15.249596
v 30.592930 -59.680744 -6.657100
v -26.396997 -61.774498 -19.482727
v 32.538643 -47.877621 -8.421373
v -28.228426 -50.015182 -22.169287
v 32.635971 -35.829536 -9.516484
v 3.762478 -30.822519 -23.557243
v -28.611053 -37.867599 -23.387209
v 30.531199 -24.087206 -10.285406
v -27.073833 -25.916077 -23.339270
v 26.440098 -12.936320 -10.957458
v -23.706022 -14.458288 -22.331181
v 19.639400 -2.982321 -11.580983
v 2.436877 -9.564705 -21.237696
v -17.781555 -4.068142 -20.066071
v 10.513678 4.418491 -12.172597
v -9.623412 3.834359 -16.738585
v 0.007300 9.917785 -12.727852
v 96.721222 -17.056328 3.823413
v 98.089081 -15.250390 4.586563
v 97.262657 -12.009746 4.084839
v 87.428925 -19.573763 -1.452091
v 94.459282 -6.995815 2.439548
v 87.510704 1.089140 -0.627171
v 79.614372 8.385786 -3.398090
v 70.581230 -14.000359 -6.294004
v 70.636292 14.534708 -5.598601
v 60.708328 19.393803 -7.106659
v 53.490780 -8.436584 -9.948797
v 50.096561 22.758125 -8.074930
v 39.178623 24.170719 -8.778438
v 36.138931 -3.006306 -11.811337
v 28.233992 23.696339 -9.392192
v 17.563545 20.530983 -9.949290
v 18.564631 2.281157 -11.884678
v 8.406397 14.592687 -10.471137
v 0.974180 7.529771 -10.713411
v 3.575330 -1.917817 -14.359270
v 8.218418 -11.381947 -17.479658
v 15.616153 -19.550886 -19.599733
v 24.659842 -25.811380 -20.565950
v 34.658432 -30.636580 -20.655041
v 45.387550 -33.897469 -19.642944
v 56.234585 -35.835537 -17.401062
v 66.789940 -36.448940 -13.815448
v 76.841911 -35.622330 -9.082438
v 86.401955 -33.601143 -3.684541
v 92.994682 -26.762556 0.871439
v 92.280266 -31.112167 -0.046303
v 93.763069 -29.298874 1.010751
v -92.847305 -28.935249 3.823415
v -92.892319 -31.200186 4.586566
v -90.319061 -33.335880 4.084841
v -86.809486 -21.436449 -1.452025
v -85.104088 -35.744484 2.439630
v -74.730324 -38.201275 -0.627165
v -64.052917 -39.462864 -3.398158
v -69.903160 -16.042772 -6.294281
v -53.175301 -39.160297 -5.598729
v -42.287262 -37.256229 -7.106650
v -52.806587 -10.498108 -9.948797
v -31.724707 -33.740154 -8.075166
v -22.061464 -28.465979 -8.778708
v -35.577221 -4.692583 -11.811200
v -13.485922 -21.648817 -9.391976
v -6.713871 -12.815822 -9.949352
v -18.250946 1.359761 -11.884749
v -2.796016 -2.629509 -10.471210
v -0.934554 7.453225 -10.712996
v -8.592570 13.567500 -14.359272
v -17.911686 18.494886 -17.479662
v -28.697813 20.755392 -19.599878
v -39.694164 20.504427 -20.565754
v -50.619205 18.531178 -20.655048
v -61.215977 14.862847 -19.642952
v -71.130867 10.055206 -17.401138
v -80.031090 4.346936 -13.815174
v -87.677681 -2.230178 -9.082305
v -94.223503 -9.484471 -3.684545
v -95.537498 -18.892450 0.871437
v -97.516182 -14.953613 -0.046644
v -97.649757 -17.291862 1.010541
v -63.624969 84.759163 3.823575
v -65.792862 84.102318 4.586349
v -67.029221 80.994377 4.084825
v -54.627293 81.333855 -1.452105
v -67.708252 75.290688 2.439612
v -66.839272 64.665222 -0.627181
v -64.739212 54.121101 -3.398305
v -44.273426 66.921852 -6.294016
v -61.090298 43.869125 -5.598742
v -55.914536 34.102428 -7.106524
v -33.717434 52.375507 -9.948807
v -49.307507 25.143320 -8.075107
v -41.304531 17.583010 -8.778574
v -22.871784 37.783173 -11.811415
v -32.171581 11.533757 -9.392190
v -21.678003 7.822341 -9.949356
v -11.761008 23.175642 -11.884682
v -10.779389 7.244598 -10.471137
v -0.615597 8.589810 -10.713411
v 2.833139 17.762217 -14.359272
v 4.639540 28.147881 -17.479662
v 3.456314 39.105019 -19.599745
v -0.180126 49.485462 -20.565758
v -5.432757 59.266117 -20.655052
v -12.196191 68.210556 -19.642960
v -19.832378 76.154419 -17.401077
v -28.011526 82.855095 -13.815467
v -36.629463 88.094482 -9.082664
v -45.551769 92.078690 -3.684561
v -54.904850 90.421257 0.871625
v -51.770172 93.520111 -0.046246
v -54.035690 92.924751 1.010805
v 53.534451 92.100761 3.823397
v 52.239979 93.959679 4.586547
v 48.902199 94.174713 4.084961
v 53.057255 82.485229 -1.452105
v 43.268024 93.058266 2.439610
v 33.431263 88.948341 -0.626877
v 24.051952 83.693108 -3.397825
v 42.550884 68.184258 -6.294016
v 15.429282 77.054527 -5.598747
v 7.739844 69.113937 -7.106529
v 31.978033 53.649384 -9.948944
v 1.261436 60.061302 -8.074936
v -3.456174 50.114086 -8.778650
v 21.451633 38.825562 -11.811343
v -6.386566 39.558495 -9.392056
v -6.674380 28.431795 -9.949500
v 10.992251 23.744846 -11.884682
v -3.856329 17.888004 -10.471137
v 0.564292 8.637252 -10.713411
v 10.353505 8.191806 -14.359272
v 20.789526 9.683041 -17.479658
v 30.844587 14.194468 -19.599741
v 39.592670 20.860775 -20.565958
v 47.271839 28.878733 -20.654978
v 53.688759 38.075283 -19.642956
v 58.883846 47.792515 -17.400877
v 62.728867 57.641792 -13.815463
v 65.049118 67.457161 -9.082314
v 66.080826 77.174088 -3.684454
v 61.614311 85.557304 0.871627
v 65.529915 83.533562 -0.046385
v 64.263809 85.503998 1.010735
v 6.252396 -91.860634 3.823425
v 8.392211 -92.603409 4.586301
v 11.219166 -90.815826 4.084851
v 0.986138 -83.800873 -1.452081
v 15.121169 -86.600365 2.439423
v 20.663561 -77.493675 -0.627159
v 25.162878 -67.728958 -3.398078
v 1.081241 -66.055580 -6.293996
v 28.236498 -57.289825 -5.598591
v 29.789837 -46.346466 -7.106441
v 1.090695 -48.082142 -9.948792
v 29.709747 -35.214703 -8.075166
v 27.680334 -24.394339 -8.778568
v 0.893815 -29.901991 -11.811334
v 23.846455 -14.131939 -9.392049
v 17.539070 -4.961339 -9.949286
v 0.491157 -11.553713 -11.884676
v 9.061275 1.912008 -10.471135
v 0.047899 6.798032 -10.713064
v -8.133742 1.404497 -14.358956
v -15.699856 -5.936203 -17.479658
v -21.182737 -15.496042 -19.599871
v -24.342838 -26.031403 -20.565950
v -25.841677 -37.031395 -20.655041
v -25.627268 -48.243366 -19.642941
v -24.118408 -59.158436 -17.401058
v -21.440243 -69.386940 -13.815444
v -17.548521 -78.691467 -9.082639
v -12.671429 -87.159195 -3.684533
v -4.130517 -91.315788 0.871449
v -8.488012 -91.980331 -0.046632
v -6.305371 -92.830132 1.010833
v -6.993061 -9.081715 -8.010375
v 0.000070 -10.472993 -8.010448
v 0.000070 -4.317665 -10.396993
v -4.638008 -3.395138 -10.396922
v -12.921982 -5.120234 -8.010448
v -8.570043 -0.768065 -10.396922
v -16.883631 0.808347 -8.010377
v -11.197062 3.163989 -10.396922
v -18.274576 7.801905 -8.010379
v -12.119732 7.801975 -10.396995
v -16.883631 14.795401 -8.010450
v -11.197062 12.439954 -10.396924
v -12.921982 20.724039 -8.010381
v -8.570043 16.371801 -10.396995
v -6.993061 24.685730 -8.010381
v -4.638008 18.998999 -10.396926
v 0.000070 26.076603 -8.010452
v 0.000070 19.921644 -10.396926
v 6.993754 24.685730 -8.010381
v 4.638426 18.998999 -10.396926
v 12.921841 20.724173 -8.010452
v 8.570185 16.371750 -10.396995
v 16.883917 14.795418 -8.010450
v 11.196915 12.440010 -10.396995
v 18.274864 7.801977 -8.010379
v 12.119583 7.801814 -10.396924
v 16.883917 0.808539 -8.010377
v 11.196915 3.163962 -10.396922
v 12.922123 -5.120234 -8.010448
v 8.570185 -0.768065 -10.396922
v 6.993754 -9.081819 -8.010375
v 4.638153 -3.395138 -10.396922
v 0.000070 -4.317681 -20.740971
v -4.638008 -3.395131 -20.740917
v -8.570043 -0.767945 -20.740971
v -11.197062 3.163987 -20.740917
v -12.119732 7.801990 -20.740917
v -11.197062 12.439976 -20.740917
v -8.570043 16.371899 -20.740921
v -4.638008 18.998926 -20.740921
v 0.000070 19.921530 -20.740974
v 4.638426 18.998926 -20.740921
v 8.570185 16.371761 -20.740974
v 11.196915 12.439987 -20.740971
v 12.119583 7.801975 -20.740917
v 11.196915 3.163918 -20.740971
v 8.570185 -0.767945 -20.740971
v 4.638153 -3.395131 -20.740917
v 6.993754 -9.081948 -23.479984
v 0.000070 -10.472925 -23.480045
v 12.922401 -5.120170 -23.480045
v 16.883917 0.808580 -23.480045
v 18.274864 7.801920 -23.480122
v 16.883917 14.795454 -23.480049
v 12.922401 20.724119 -23.480125
v 6.993754 24.685726 -23.479988
v 0.000070 26.076668 -23.479988
v -6.993061 24.685726 -23.479988
v -12.921982 20.724119 -23.480125
v -16.883631 14.795454 -23.480049
v -18.274576 7.801927 -23.479847
v -16.883631 0.808441 -23.480122
v -12.921982 -5.120178 -23.480045
v -6.993061 -9.081717 -23.480045
v -13.711452 7.801920 -26.748592
v -9.695160 17.497694 -26.748711
v -9.695160 -1.893748 -26.748707
v 0.000070 21.513725 -26.748711
v 0.000070 7.802070 -28.447094
v 9.696130 17.497829 -26.748711
v 13.711867 7.801920 -26.748592
v 9.696130 -1.893809 -26.748592
v 0.000070 -5.909756 -26.748707
v 10.385762 18.187687 -3.491877
v 5.620883 21.371544 -3.491879
v 13.569767 13.422568 -3.491945
v 0.000070 22.489660 -3.492090
v 5.803854 13.605490 -0.233903
v -5.620740 21.371498 -3.492090
v 0.000070 16.009449 -0.234113
v -10.385904 18.187567 -3.492088
v -5.803440 13.605526 -0.234113
v -13.569353 13.422568 -3.491945
v -8.207431 7.801970 -0.234181
v -14.687508 7.802104 -3.492086
v -13.569353 2.181313 -3.491875
v 0.000070 7.802123 0.723383
v -10.385904 -2.583841 -3.491875
v -5.803440 1.998250 -0.234179
v -5.620740 -5.767739 -3.491941
v 0.000070 -0.405396 -0.234179
v 0.000070 -6.885688 -3.491941
v 5.620883 -5.767593 -3.492085
v 8.207294 7.802000 -0.234181
v 5.803580 1.998319 -0.234179
v 10.385762 -2.583841 -3.491875
v 13.569767 2.181313 -3.491875
v 14.687642 7.801970 -3.492086
v -34.233288 -112.824745 0.375014
v -32.463139 -106.984276 -0.000013
v -21.792356 -109.565826 -0.000126
v -22.982759 -115.546555 0.660397
v -35.406876 -116.729362 -0.000011
v -12.681032 -121.263634 -0.000004
v -11.546345 -117.242889 1.106307
v -10.947983 -111.173630 -0.000126
v 0.002478 -117.810562 1.590209
v 0.002931 -121.886353 -0.000011
v 0.002931 -111.712257 -0.000013
v 11.949754 -121.298584 -0.000011
v 11.549040 -117.242577 1.981693
v 10.952028 -111.173630 -0.000126
v 23.780542 -119.544014 -0.000011
v 22.984980 -115.546814 2.301469
v 21.795065 -109.565620 0.000045
v 34.199268 -112.737137 2.598441
v 35.383263 -116.637566 -0.000011
v 32.429577 -106.901268 -0.000013
v 46.645638 -112.608322 -0.000011
v 42.753117 -103.208725 -0.000013
v 45.085819 -108.842903 2.883711
v 57.457825 -107.493408 -0.000126
v 55.535851 -103.899155 3.159376
v 52.661903 -98.521172 -0.000128
v 67.717453 -101.344543 0.000045
v 65.454529 -97.956032 3.426849
v 62.065239 -92.885384 -0.000015
v 77.326111 -94.218895 0.000043
v 74.740036 -91.068520 3.676988
v 70.870178 -86.354408 0.000043
v 86.187752 -86.186325 0.000043
v 83.307503 -83.304787 3.859697
v 78.993835 -78.992310 -0.000130
v 94.220337 -77.323532 -0.000017
v 91.068993 -74.737930 3.934746
v 86.356911 -70.869095 -0.000019
v 101.347618 -67.716339 -0.000188
v 97.957367 -65.452141 3.945454
v 92.887222 -62.063801 0.000039
v 107.495270 -57.456612 -0.000021
v 103.899696 -55.535275 3.945309
v 98.524467 -52.660458 0.000037
v 112.606781 -46.643963 0.000037
v 108.845284 -45.083973 3.945279
v 103.212090 -42.750145 0.000035
v 116.635735 -35.381435 0.000035
v 112.735886 -34.198544 3.945279
v 106.903801 -32.428043 -0.000025
v 119.541908 -23.778776 -0.000025
v 115.544220 -22.983644 3.945448
v 109.563744 -21.793959 -0.000025
v 121.296661 -11.946804 -0.000027
v 117.242683 -11.547643 3.945446
v 111.170265 -10.949649 -0.000027
v 121.886391 0.000319 0.000029
v 117.808502 0.000262 3.945301
v 111.709244 0.000418 0.000057
v 121.296661 11.947388 -0.000031
v 117.242683 11.547412 3.945299
v 111.171616 10.949701 0.000027
v 119.541908 23.778734 0.000025
v 115.542801 22.983526 3.945297
v 109.564247 21.793909 -0.000033
v 116.635735 35.381912 -0.000035
v 112.735886 34.198494 3.945295
v 106.904671 32.428318 -0.000033
v 112.606781 46.643799 -0.000037
v 103.210693 42.750656 0.000023
v 108.845284 45.084362 3.945295
v 107.495270 57.457047 0.000021
v 103.901093 55.535507 3.945293
v 98.523064 52.660465 -0.000037
v 101.347618 67.716232 -0.000039
v 97.958809 65.452026 3.945434
v 92.887222 62.064049 0.000019
v 94.220337 77.323463 0.000017
v 86.358231 70.869331 -0.000039
v 91.069901 74.738091 3.945432
v 86.190002 86.186394 0.000015
v 83.307503 83.304985 3.945289
v 78.995239 78.992867 -0.000154
v 77.341553 94.262337 -0.000156
v 74.748154 91.090279 3.945457
v 70.870178 86.354477 0.000015
v 64.957428 103.874855 -0.000010
v 62.065239 92.885414 0.000015
v 62.895596 99.988449 3.909428
v 52.576683 98.515572 0.000015
v 48.046776 115.469276 -0.000047
v 45.871403 110.727608 3.945285
v 42.071354 103.163841 0.000041
v 36.026058 117.127098 3.952310
v 38.568218 122.383804 -0.000047
v 29.931408 129.939514 0.000009
v 33.585491 112.118614 1.799288
v 30.481276 106.644669 -0.000045
v 19.152302 108.361351 -0.000158
v 34.302166 113.537659 2.035456
v 26.781849 124.093628 3.970783
v 22.471388 138.628052 0.000037
v 23.279629 117.669449 -0.000047
v 21.466858 112.109543 1.015383
v 9.332384 107.937614 -0.000045
v 19.407511 131.200607 3.865472
v 14.323166 115.645607 0.000021
v 15.610184 124.461258 -0.000047
v 10.912143 129.965057 -0.000049
v 6.391068 112.041489 0.000015
v 14.438391 138.066681 3.571731
v 7.138842 136.031082 0.000009
v 10.622933 109.607361 0.708526
v 0.489780 106.282776 0.000013
v 10.760282 146.136795 2.964727
v 4.300704 143.950119 0.000007
v 16.232567 148.632278 -0.000051
v 3.145577 153.696762 0.000009
v 7.819698 157.567459 1.800924
v 11.103444 159.920990 -0.000053
v 6.572662 171.920792 -0.000055
v 4.200074 164.526184 0.000005
v -34.233288 -112.824821 -0.375176
v -22.982759 -115.546616 -0.660560
v -11.546345 -117.242744 -1.106639
v 0.002478 -117.810562 -1.590285
v 11.549040 -117.242577 -1.981854
v 22.984980 -115.546799 -2.301662
v 34.199268 -112.737137 -2.598461
v 45.085819 -108.842850 -2.883818
v 55.535851 -103.899155 -3.159483
v 65.454529 -97.956062 -3.427021
v 74.740036 -91.068520 -3.677245
v 83.307503 -83.304848 -3.859842
v 91.068993 -74.737930 -3.934978
v 97.957367 -65.452232 -3.945461
v 103.899696 -55.535275 -3.945463
v 108.845284 -45.083973 -3.945523
v 112.735886 -34.198490 -3.945523
v 115.544220 -22.983669 -3.945525
v 117.242683 -11.547643 -3.945527
v 117.808502 0.000305 -3.945471
v 117.242683 11.547338 -3.945531
v 115.542801 22.983557 -3.945533
v 112.735886 34.198494 -3.945335
v 108.845284 45.084278 -3.945477
v 103.901093 55.535542 -3.945537
v 97.958809 65.452049 -3.945539
v 91.069901 74.738205 -3.945541
v 83.307503 83.304848 -3.945483
v 74.748154 91.090317 -3.945343
v 62.896389 99.987900 -3.909458
v 45.871403 110.727615 -3.945545
v 36.026058 117.127129 -3.952434
v 33.585491 112.118546 -1.799405
v 34.302166 113.537659 -2.035551
v 26.781849 124.093628 -3.970762
v 21.466858 112.109726 -1.015502
v 19.407511 131.200500 -3.865597
v 14.438391 138.066681 -3.571830
v 10.622933 109.607437 -0.708530
v 10.760282 146.136795 -2.964858
v 7.819698 157.567383 -1.800887
v 34.236446 112.825081 0.375091
v 32.466290 106.984489 -0.000045
v 21.795065 109.565491 -0.000158
v 22.985876 115.546921 0.660446
v 35.410961 116.729866 0.000011
v 12.683049 121.263313 -0.000036
v 11.549040 117.242744 1.106413
v 10.952028 111.173912 -0.000158
v 0.002478 117.810631 1.590173
v 0.000665 121.886559 0.000011
v 0.002478 111.712685 0.000013
v -11.946613 121.298828 0.000011
v -11.545890 117.243263 1.981657
v -10.947531 111.173767 0.000013
v -23.778307 119.544159 -0.000160
v -22.982302 115.547211 2.301547
v -21.792356 109.565880 -0.000158
v -34.196125 112.737503 2.598490
v -35.379696 116.637817 -0.000160
v -32.426422 106.901886 0.000013
v -46.640217 112.608330 -0.000047
v -42.748161 103.208557 0.000013
v -45.082218 108.843117 2.883734
v -57.454693 107.493523 -0.000045
v -55.535378 103.899704 3.159427
v -52.660130 98.521355 0.000015
v -67.715256 101.344917 0.000013
v -65.450981 97.956390 3.426879
v -62.062057 92.885544 0.000015
v -77.322113 94.219261 0.000015
v -74.735558 91.068596 3.676960
v -70.869751 86.354744 0.000015
v -86.185585 86.187134 0.000015
v -83.302589 83.305008 3.859673
v -78.990669 78.992867 -0.000154
v -94.216255 77.323906 0.000017
v -91.068108 74.738403 3.934581
v -86.351883 70.869507 0.000019
v -101.344872 67.716652 0.000047
v -97.954262 65.452164 3.945291
v -92.883095 62.064365 0.000019
v -107.491745 57.456966 0.000021
v -103.896599 55.535465 3.945293
v -98.520401 52.660946 -0.000037
v -112.607674 46.644054 0.000021
v -108.840401 45.084263 3.945295
v -103.206200 42.750835 -0.000035
v -116.636238 35.381924 -0.000035
v -112.735916 34.198647 3.945438
v -106.899216 32.428364 -0.000033
v -119.544174 23.778946 0.000025
v -115.545601 22.984102 3.945297
v -109.565186 21.794298 0.000025
v -121.298538 11.947114 0.000027
v -117.242340 11.547700 3.945442
v -111.173042 10.949872 0.000027
v -121.886421 0.000418 0.000029
v -117.809341 0.000177 3.945301
v -111.711082 0.000305 0.000029
v -121.297623 -11.947209 0.000031
v -117.242340 -11.547275 3.945303
v -111.173042 -10.949392 0.000031
v -119.544174 -23.778677 -0.000025
v -115.543808 -22.983854 3.945305
v -109.565186 -21.793802 0.000033
v -116.636238 -35.381592 -0.000023
v -112.735535 -34.198147 3.945450
v -106.900612 -32.427807 -0.000025
v -112.607674 -46.643658 0.000037
v -103.206703 -42.750145 -0.000023
v -108.840401 -45.083710 3.945279
v -107.491745 -57.456478 -0.000021
v -103.896599 -55.535275 3.945281
v -98.520401 -52.660496 0.000037
v -101.344872 -67.715843 0.000039
v -97.954262 -65.451813 3.945454
v -92.884041 -62.063473 0.000039
v -94.216255 -77.323387 -0.000017
v -86.352379 -70.869095 -0.000019
v -91.067589 -74.737846 3.945285
v -86.186012 -86.186394 -0.000015
v -83.302589 -83.304588 3.945285
v -78.990669 -78.991966 0.000041
v -77.338921 -94.262634 -0.000015
v -74.741875 -91.090027 3.945315
v -70.869347 -86.354111 0.000043
v -64.964790 -103.866035 -0.000071
v -62.062531 -92.885155 -0.000128
v -62.887260 -99.992653 3.909255
v -52.573952 -98.515305 -0.000015
v -48.041840 -115.469437 -0.000011
v -45.869148 -110.727020 3.945317
v -42.067764 -103.163948 -0.000013
v -36.023849 -117.127129 3.952486
v -38.565517 -122.383629 -0.000011
v -29.928720 -129.939240 -0.000009
v -33.582348 -112.118324 1.799321
v -30.479496 -106.644295 0.000045
v -19.148699 -108.361130 -0.000013
v -34.296749 -113.537376 2.035352
v -26.777821 -124.092827 3.970508
v -22.467789 -138.627930 -0.000009
v -23.277409 -117.669334 -0.000124
v -21.461468 -112.109848 1.015332
v -9.329690 -107.937386 -0.000013
v -19.405727 -131.199585 3.865259
v -14.322562 -115.646011 0.000010
v -15.606585 -124.460815 -0.000011
v -10.907191 -129.964661 0.000077
v -6.389042 -112.041916 -0.000019
v -14.434791 -138.065948 3.571745
v -7.133889 -136.030487 -0.000009
v -10.620248 -109.607025 0.708530
v -0.483464 -106.282349 0.000045
v -10.757143 -146.137039 2.964742
v -4.296656 -143.950119 -0.000120
v -16.231237 -148.631866 -0.000007
v -3.140518 -153.660263 -0.000000
v -7.815200 -157.567368 1.800689
v -11.098937 -159.920868 -0.000005
v -6.572239 -171.920792 -0.000003
v -4.195115 -164.525757 -0.000005
v 34.236446 112.825165 -0.375325
v 22.985876 115.546921 -0.660454
v 11.549040 117.242958 -1.106618
v 0.002478 117.810738 -1.590321
v -11.545890 117.243179 -1.981864
v -22.982302 115.547340 -2.301641
v -34.196125 112.737457 -2.598497
v -45.082218 108.843254 -2.883711
v -55.535378 103.899681 -3.159487
v -65.450981 97.956429 -3.426991
v -74.735558 91.068596 -3.677019
v -83.302589 83.305008 -3.859838
v -91.068108 74.738487 -3.934804
v -97.954262 65.452141 -3.945339
v -103.896599 55.535542 -3.945537
v -108.840401 45.084248 -3.945535
v -112.735916 34.198666 -3.945535
v -115.545601 22.984146 -3.945475
v -117.242340 11.547681 -3.945473
v -117.809341 0.000262 -3.945471
v -117.242340 -11.547309 -3.945527
v -115.543808 -22.983854 -3.945525
v -112.735535 -34.198235 -3.945523
v -108.840401 -45.083710 -3.945523
v -103.896599 -55.535275 -3.945463
v -97.954262 -65.451889 -3.945319
v -91.067589 -74.737846 -3.945517
v -83.302589 -83.304588 -3.945517
v -74.741875 -91.090027 -3.945572
v -62.882557 -99.995827 -3.909458
v -45.869148 -110.727020 -3.945513
v -36.023849 -117.127129 -3.952450
v -33.582348 -112.118324 -1.799373
v -34.296749 -113.537376 -2.035515
v -26.777821 -124.092827 -3.970783
v -21.461468 -112.109848 -1.015468
v -19.405727 -131.199509 -3.865557
v -14.434791 -138.065948 -3.571929
v -10.620248 -109.607025 -0.708640
v -10.757143 -146.137039 -2.964926
v -7.815200 -157.567368 -1.800980
vn 0.2568 -0.0000 0.9665
vn -0.0000 0.2568 0.9665
vn -0.0000 0.1916 0.9815
vn 0.1916 -0.0000 0.9815
vn -0.0000 -0.2568 0.9665
vn -0.0000 -0.1916 0.9815
vn -0.2568 -0.0000 0.9665
vn -0.1916 -0.0000 0.9815
vn -0.0000 0.1916 -0.9815
vn -0.0000 0.2568 -0.9665
vn 0.2568 -0.0000 -0.9665
vn 0.1916 -0.0000 -0.9815
vn -0.0000 -0.2568 -0.9665
vn -0.0000 -0.1916 -0.9815
vn -0.2568 -0.0000 -0.9665
vn -0.1916 -0.0000 -0.9815
vn 0.5863 -0.0180 -0.8099
vn 0.6513 0.0181 -0.7586
vn 0.6038 -0.0984 -0.7911
vn 0.6320 0.1260 -0.7647
vn 0.5468 -0.1887 -0.8157
vn 0.5445 0.1803 -0.8191
vn 0.6085 -0.0040 -0.7935
vn 0.4596 0.0501 -0.8867
vn 0.4635 0.2300 -0.8557
vn 0.5805 0.0404 -0.8132
vn 0.5885 0.2364 -0.7732
vn 0.5965 0.1254 -0.7928
vn 0.5818 -0.0119 -0.8132
vn 0.5380 -0.1107 -0.8356
vn 0.4603 -0.0582 -0.8858
vn 0.2792 0.1441 -0.9494
vn 0.4117 -0.0164 -0.9112
vn 0.3757 0.2932 -0.8791
vn 0.2873 -0.0448 -0.9568
vn 0.2596 0.3523 -0.8992
vn 0.1567 -0.0280 -0.9873
vn 0.1757 0.3907 -0.9036
vn 0.0648 0.2167 -0.9741
vn 0.0558 -0.0108 -0.9984
vn 0.0771 0.4286 -0.9002
vn -0.0419 0.0135 -0.9990
vn -0.0220 0.4149 -0.9096
vn -0.1208 0.0483 -0.9915
vn -0.1119 0.4328 -0.8945
vn -0.1535 0.2839 -0.9465
vn -0.2470 0.0973 -0.9641
vn -0.2745 0.4098 -0.8699
vn -0.3379 0.1939 -0.9210
vn -0.3337 0.3088 -0.8907
vn -0.4849 -0.3301 -0.8099
vn -0.5163 -0.3974 -0.7586
vn -0.5463 -0.2753 -0.7911
vn -0.4372 -0.4734 -0.7647
vn -0.5533 -0.1688 -0.8157
vn -0.3345 -0.4659 -0.8192
vn -0.4946 -0.3544 -0.7935
vn -0.3424 -0.3107 -0.8867
vn -0.2398 -0.4585 -0.8557
vn -0.4459 -0.3740 -0.8132
vn -0.3372 -0.5372 -0.7731
vn -0.4088 -0.4521 -0.7928
vn -0.4777 -0.3323 -0.8132
vn -0.5003 -0.2267 -0.8356
vn -0.4066 -0.2235 -0.8858
vn -0.1411 -0.2807 -0.9494
vn -0.3427 -0.2287 -0.9112
vn -0.1316 -0.4581 -0.8791
vn -0.2588 -0.1326 -0.9568
vn -0.0029 -0.4376 -0.8992
vn -0.1432 -0.0694 -0.9873
vn 0.0875 -0.4194 -0.9036
vn 0.0749 -0.2134 -0.9741
vn -0.0515 -0.0241 -0.9984
vn 0.1896 -0.3920 -0.9002
vn 0.0418 0.0137 -0.9990
vn 0.2617 -0.3227 -0.9096
vn 0.1261 0.0320 -0.9915
vn 0.3449 -0.2844 -0.8945
vn 0.2911 -0.1394 -0.9465
vn 0.2570 0.0665 -0.9641
vn 0.4631 -0.1702 -0.8698
vn 0.3874 0.0417 -0.9210
vn 0.4515 -0.0537 -0.8907
vn -0.4638 0.3592 -0.8099
vn -0.5376 0.3682 -0.7586
vn -0.4306 0.4345 -0.7911
vn -0.5853 0.2695 -0.7647
vn -0.3314 0.4741 -0.8157
vn -0.5465 0.1742 -0.8192
vn -0.4899 0.3609 -0.7935
vn -0.4013 0.2297 -0.8867
vn -0.5101 0.0864 -0.8557
vn -0.4934 0.3085 -0.8132
vn -0.6151 0.1547 -0.7732
vn -0.5562 0.2492 -0.7928
vn -0.4636 0.3517 -0.8132
vn -0.3702 0.4058 -0.8356
vn -0.3382 0.3177 -0.8858
vn -0.3106 0.0475 -0.9494
vn -0.3234 0.2552 -0.9112
vn -0.4763 -0.0164 -0.8791
vn -0.2061 0.2051 -0.9568
vn -0.4171 -0.1325 -0.8992
vn -0.1103 0.1147 -0.9873
vn -0.3718 -0.2128 -0.9036
vn -0.1798 -0.1372 -0.9741
vn -0.0389 0.0415 -0.9984
vn -0.3143 -0.3014 -0.9002
vn 0.0259 -0.0356 -0.9990
vn -0.2260 -0.3486 -0.9096
vn 0.0694 -0.1101 -0.9915
vn -0.1639 -0.4159 -0.8945
vn -0.0426 -0.3199 -0.9465
vn 0.1427 -0.2238 -0.9641
vn -0.0188 -0.4930 -0.8698
vn 0.1594 -0.3555 -0.9210
vn 0.0885 -0.4460 -0.8907
vn 0.1983 0.5521 -0.8099
vn 0.1841 0.6250 -0.7586
vn 0.2802 0.5438 -0.7911
vn 0.0755 0.6400 -0.7647
vn 0.3484 0.4617 -0.8157
vn -0.0032 0.5736 -0.8191
vn 0.1919 0.5775 -0.7935
vn 0.0944 0.4526 -0.8867
vn -0.0755 0.5119 -0.8557
vn 0.1409 0.5646 -0.8132
vn -0.0430 0.6328 -0.7732
vn 0.0651 0.6060 -0.7928
vn 0.1911 0.5496 -0.8133
vn 0.2715 0.4775 -0.8356
vn 0.1976 0.4198 -0.8858
vn -0.0508 0.3100 -0.9494
vn 0.1428 0.3864 -0.9112
vn -0.1627 0.4480 -0.8791
vn 0.1314 0.2594 -0.9568
vn -0.2549 0.3557 -0.8992
vn 0.0750 0.1403 -0.9873
vn -0.3173 0.2879 -0.9036
vn -0.1861 0.1286 -0.9741
vn 0.0275 0.0498 -0.9984
vn -0.3838 0.2058 -0.9002
vn -0.0258 -0.0356 -0.9990
vn -0.4014 0.1073 -0.9096
vn -0.0832 -0.1000 -0.9915
vn -0.4462 0.0274 -0.8945
vn -0.3174 -0.0583 -0.9465
vn -0.1688 -0.2048 -0.9641
vn -0.4746 -0.1345 -0.8698
vn -0.2889 -0.2614 -0.9210
vn -0.3968 -0.2219 -0.8907
vn 0.1641 -0.5632 -0.8099
vn 0.2184 -0.6139 -0.7586
vn 0.0930 -0.6046 -0.7911
vn 0.3151 -0.5621 -0.7647
vn -0.0105 -0.5784 -0.8157
vn 0.3397 -0.4621 -0.8192
vn 0.1842 -0.5800 -0.7935
vn 0.1896 -0.4217 -0.8867
vn 0.3619 -0.3697 -0.8557
vn 0.2179 -0.5396 -0.8132
vn 0.4067 -0.4867 -0.7731
vn 0.3036 -0.5285 -0.7928
vn 0.1684 -0.5570 -0.8132
vn 0.0610 -0.5459 -0.8356
vn 0.0869 -0.4558 -0.8858
vn 0.2233 -0.2210 -0.9494
vn 0.1116 -0.3966 -0.9112
vn 0.3950 -0.2667 -0.8791
vn 0.0462 -0.2871 -0.9568
vn 0.4153 -0.1380 -0.8992
vn 0.0218 -0.1576 -0.9873
vn 0.4259 -0.0464 -0.9036
vn 0.2261 0.0053 -0.9741
vn 0.0070 -0.0564 -0.9984
vn 0.4314 0.0591 -0.9002
vn -0.0001 0.0440 -0.9990
vn 0.3878 0.1491 -0.9096
vn 0.0086 0.1298 -0.9915
vn 0.3771 0.2401 -0.8945
vn 0.2225 0.2337 -0.9465
vn 0.0162 0.2649 -0.9641
vn 0.3049 0.3878 -0.8699
vn 0.0800 0.3813 -0.9210
vn 0.1906 0.4128 -0.8907
vn -0.3891 -0.2245 0.8934
vn -0.2667 -0.3139 0.9112
vn -0.1474 -0.0943 0.9846
vn -0.2536 -0.1435 0.9566
vn -0.2503 -0.0067 0.9681
vn 0.0010 0.1787 0.9839
vn -0.1953 0.1850 0.9631
vn -0.3771 -0.1021 0.9205
vn -0.1831 0.2149 0.9593
vn 0.0654 0.3446 0.9365
vn -0.1349 0.2176 0.9667
vn 0.0714 0.4074 0.9104
vn -0.0986 0.2312 0.9679
vn 0.0793 0.4338 0.8975
vn -0.2945 -0.1364 0.9459
vn -0.0577 0.2279 0.9720
vn 0.0866 0.4523 0.8876
vn -0.0297 0.2206 0.9749
vn 0.0792 0.4571 0.8859
vn -0.2032 -0.1707 0.9641
vn -0.0326 0.2187 0.9753
vn 0.0413 0.4664 0.8836
vn -0.0509 0.2125 0.9758
vn -0.0281 0.4769 0.8785
vn -0.1138 -0.1984 0.9735
vn -0.0888 0.2124 0.9731
vn -0.1242 0.4682 0.8749
vn -0.1423 0.1929 0.9708
vn -0.2465 0.4281 0.8695
vn -0.0452 -0.2160 0.9754
vn -0.1729 0.1640 0.9712
vn -0.3465 0.3797 0.8577
vn -0.3650 -0.0893 0.9267
vn -0.5627 -0.0559 0.8247
vn -0.3150 -0.4168 0.8527
vn -0.5177 -0.4470 0.7295
vn -0.2985 -0.4468 0.8434
vn -0.4585 -0.5275 0.7152
vn -0.2648 -0.4787 0.8371
vn -0.3871 -0.5961 0.7034
vn -0.2399 -0.4890 0.8386
vn -0.3276 -0.6359 0.6988
vn -0.2339 -0.4966 0.8359
vn -0.2830 -0.6560 0.6997
vn -0.2450 -0.4958 0.8331
vn -0.2647 -0.6620 0.7012
vn -0.2813 -0.4846 0.8282
vn -0.2744 -0.6539 0.7051
vn -0.3273 -0.4625 0.8240
vn -0.2878 -0.6352 0.7167
vn -0.3516 -0.4321 0.8305
vn -0.2839 -0.6235 0.7285
vn -0.3787 -0.3908 0.8390
vn -0.2327 -0.6025 0.7635
vn -0.2592 0.0446 0.9648
vn -0.0511 0.0568 0.9971
vn -0.3263 -0.3627 0.8729
vn -0.1518 -0.4579 0.8759
vn -0.0997 -0.2252 0.9692
vn -0.2398 -0.1693 0.9560
vn 0.1829 0.4103 0.8934
vn 0.0313 0.4107 0.9112
vn 0.0639 0.1629 0.9846
vn 0.1208 0.2652 0.9566
vn 0.1986 0.1525 0.9681
vn 0.1043 -0.1452 0.9839
vn 0.2667 -0.0349 0.9631
vn 0.2450 0.3043 0.9205
vn 0.2744 -0.0662 0.9593
vn 0.1497 -0.3172 0.9365
vn 0.2371 -0.0967 0.9667
vn 0.1818 -0.3715 0.9105
vn 0.2156 -0.1291 0.9679
vn 0.1908 -0.3976 0.8975
vn 0.1581 0.2834 0.9459
vn 0.1806 -0.1504 0.9720
vn 0.1958 -0.4168 0.8877
vn 0.1537 -0.1610 0.9749
vn 0.2046 -0.4164 0.8859
vn 0.0641 0.2576 0.9641
vn 0.1549 -0.1577 0.9753
vn 0.2407 -0.4015 0.8837
vn 0.1660 -0.1419 0.9758
vn 0.3030 -0.3693 0.8785
vn -0.0245 0.2274 0.9735
vn 0.1967 -0.1197 0.9731
vn 0.3757 -0.3058 0.8749
vn 0.2285 -0.0724 0.9708
vn 0.4510 -0.2015 0.8695
vn -0.0904 0.2013 0.9754
vn 0.2362 -0.0310 0.9712
vn 0.5036 -0.1035 0.8577
vn 0.2428 0.2868 0.9267
vn 0.4225 0.3761 0.8247
vn 0.0098 0.5223 0.8527
vn 0.1561 0.6659 0.7295
vn -0.0212 0.5369 0.8434
vn 0.0608 0.6963 0.7152
vn -0.0671 0.5430 0.8371
vn -0.0372 0.7098 0.7034
vn -0.0933 0.5367 0.8386
vn -0.1088 0.7070 0.6988
vn -0.1027 0.5392 0.8359
vn -0.1566 0.6970 0.6997
vn -0.0933 0.5451 0.8332
vn -0.1750 0.6911 0.7013
vn -0.0573 0.5574 0.8283
vn -0.1623 0.6903 0.7051
vn -0.0070 0.5665 0.8240
vn -0.1406 0.6831 0.7167
vn 0.0304 0.5562 0.8305
vn -0.1368 0.6713 0.7285
vn 0.0766 0.5387 0.8390
vn -0.1659 0.6242 0.7635
vn 0.2359 0.1163 0.9648
vn 0.0748 -0.0159 0.9971
vn 0.0508 0.4852 0.8729
vn -0.1462 0.4597 0.8759
vn -0.0517 0.2409 0.9692
vn 0.0945 0.2779 0.9559
vn 0.4467 -0.0471 0.8935
vn 0.4003 0.0972 0.9112
vn 0.1746 -0.0104 0.9846
vn 0.2895 -0.0330 0.9566
vn 0.2064 -0.1417 0.9682
vn -0.1058 -0.1440 0.9839
vn 0.0492 -0.2645 0.9631
vn 0.3651 -0.1390 0.9205
vn 0.0219 -0.2815 0.9593
vn -0.2554 -0.2404 0.9365
vn -0.0188 -0.2554 0.9667
vn -0.2972 -0.2877 0.9104
vn -0.0560 -0.2449 0.9679
vn -0.3190 -0.3043 0.8976
vn 0.3184 -0.0628 0.9459
vn -0.0873 -0.2183 0.9720
vn -0.3359 -0.3150 0.8877
vn -0.1057 -0.1960 0.9749
vn -0.3328 -0.3233 0.8858
vn 0.2648 0.0187 0.9641
vn -0.1021 -0.1961 0.9753
vn -0.3075 -0.3530 0.8836
vn -0.0837 -0.2018 0.9759
vn -0.2575 -0.4023 0.8785
vn 0.2087 0.0936 0.9735
vn -0.0530 -0.2241 0.9731
vn -0.1747 -0.4518 0.8748
vn 0.0017 -0.2397 0.9708
vn -0.0522 -0.4912 0.8695
vn 0.1635 0.1481 0.9754
vn 0.0435 -0.2343 0.9712
vn 0.0572 -0.5109 0.8577
vn 0.3477 -0.1423 0.9267
vn 0.4881 -0.2855 0.8248
vn 0.4998 0.1521 0.8527
vn 0.6815 0.0574 0.7295
vn 0.5041 0.1861 0.8434
vn 0.6810 0.1573 0.7152
vn 0.4956 0.2316 0.8371
vn 0.6635 0.2547 0.7035
vn 0.4815 0.2546 0.8387
vn 0.6387 0.3219 0.6989
vn 0.4811 0.2642 0.8359
vn 0.6144 0.3643 0.6998
vn 0.4896 0.2571 0.8332
vn 0.6032 0.3800 0.7013
vn 0.5124 0.2267 0.8283
vn 0.6063 0.3677 0.7051
vn 0.5366 0.1818 0.8240
vn 0.6062 0.3447 0.7167
vn 0.5384 0.1429 0.8305
vn 0.5962 0.3374 0.7285
vn 0.5361 0.0936 0.8390
vn 0.5424 0.3506 0.7635
vn 0.1835 -0.1885 0.9648
vn 0.0079 -0.0760 0.9971
vn 0.4772 0.1016 0.8729
vn 0.3920 0.2812 0.8760
vn 0.2130 0.1236 0.9692
vn 0.2934 -0.0040 0.9560
vn 0.0932 -0.4394 0.8934
vn 0.2161 -0.3507 0.9112
vn 0.0441 -0.1693 0.9846
vn 0.0581 -0.2855 0.9566
vn -0.0709 -0.2401 0.9681
vn -0.1697 0.0562 0.9839
vn -0.2363 -0.1285 0.9631
vn -0.0194 -0.3902 0.9205
vn -0.2609 -0.1078 0.9593
vn -0.3075 0.1687 0.9365
vn -0.2487 -0.0610 0.9667
vn -0.3655 0.1939 0.9104
vn -0.2503 -0.0223 0.9679
vn -0.3880 0.2095 0.8975
vn 0.0387 -0.3223 0.9459
vn -0.2346 0.0156 0.9720
vn -0.4034 0.2221 0.8876
vn -0.2190 0.0399 0.9749
vn -0.4103 0.2166 0.8859
vn 0.0996 -0.2461 0.9641
vn -0.2180 0.0366 0.9753
vn -0.4308 0.1834 0.8836
vn -0.2177 0.0172 0.9759
vn -0.4621 0.1206 0.8786
vn 0.1535 -0.1696 0.9735
vn -0.2295 -0.0188 0.9731
vn -0.4836 0.0265 0.8749
vn -0.2275 -0.0758 0.9708
vn -0.4833 -0.1021 0.8695
vn 0.1914 -0.1097 0.9754
vn -0.2094 -0.1138 0.9712
vn -0.4683 -0.2123 0.8577
vn -0.0279 -0.3747 0.9267
vn -0.1207 -0.5525 0.8247
vn 0.2991 -0.4283 0.8527
vn 0.2651 -0.6305 0.7295
vn 0.3327 -0.4219 0.8434
vn 0.3600 -0.5991 0.7152
vn 0.3735 -0.3998 0.8371
vn 0.4473 -0.5524 0.7034
vn 0.3909 -0.3793 0.8386
vn 0.5035 -0.5080 0.6989
vn 0.4000 -0.3759 0.8359
vn 0.5364 -0.4718 0.6997
vn 0.3959 -0.3862 0.8332
vn 0.5478 -0.4563 0.7012
vn 0.3740 -0.4173 0.8282
vn 0.5371 -0.4630 0.7051
vn 0.3387 -0.4542 0.8240
vn 0.5152 -0.4700 0.7167
vn 0.3023 -0.4679 0.8305
vn 0.5052 -0.4627 0.7285
vn 0.2546 -0.4809 0.8390
vn 0.5010 -0.4075 0.7635
vn -0.1226 -0.2327 0.9648
vn -0.0698 -0.0310 0.9971
vn 0.2441 -0.4224 0.8729
vn 0.3886 -0.2859 0.8759
vn 0.1835 -0.1645 0.9692
vn 0.0869 -0.2804 0.9560
vn -0.3337 0.3007 0.8934
vn -0.3810 0.1567 0.9112
vn -0.1352 0.1111 0.9846
vn -0.2149 0.1968 0.9566
vn -0.0837 0.2360 0.9681
vn 0.1702 0.0544 0.9839
vn 0.1157 0.2429 0.9631
vn -0.2137 0.3271 0.9205
vn 0.1477 0.2406 0.9593
vn 0.3479 0.0444 0.9365
vn 0.1653 0.1956 0.9667
vn 0.4095 0.0581 0.9105
vn 0.1894 0.1652 0.9679
vn 0.4371 0.0586 0.8975
vn -0.2207 0.2380 0.9459
vn 0.1989 0.1253 0.9720
vn 0.4570 0.0574 0.8876
vn 0.2007 0.0965 0.9749
vn 0.4593 0.0659 0.8859
vn -0.2252 0.1405 0.9641
vn 0.1978 0.0986 0.9753
vn 0.4562 0.1048 0.8837
vn 0.1863 0.1141 0.9759
vn 0.4448 0.1741 0.8786
vn -0.2238 0.0470 0.9735
vn 0.1746 0.1501 0.9731
vn 0.4069 0.2628 0.8749
vn 0.1395 0.1950 0.9708
vn 0.3310 0.3667 0.8695
vn -0.2194 -0.0237 0.9754
vn 0.1025 0.2151 0.9712
vn 0.2541 0.4469 0.8577
vn -0.1977 0.3195 0.9267
vn -0.2271 0.5180 0.8247
vn -0.4938 0.1708 0.8527
vn -0.5851 0.3543 0.7294
vn -0.5172 0.1457 0.8434
vn -0.6434 0.2730 0.7152
vn -0.5371 0.1039 0.8371
vn -0.6865 0.1840 0.7034
vn -0.5392 0.0771 0.8386
vn -0.7060 0.1150 0.6988
vn -0.5445 0.0690 0.8359
vn -0.7113 0.0664 0.6998
vn -0.5472 0.0797 0.8332
vn -0.7113 0.0471 0.7013
vn -0.5478 0.1178 0.8283
vn -0.7066 0.0590 0.7051
vn -0.5410 0.1684 0.8240
vn -0.6931 0.0775 0.7167
vn -0.5196 0.2008 0.8305
vn -0.6807 0.0773 0.7285
vn -0.4887 0.2393 0.8390
vn -0.6449 0.0351 0.7634
vn -0.0376 0.2604 0.9648
vn 0.0383 0.0662 0.9971
vn -0.4458 0.1983 0.8729
vn -0.4824 0.0030 0.8759
vn -0.2450 0.0252 0.9692
vn -0.2351 0.1758 0.9559
vn -0.0000 -0.3615 -0.9324
vn -0.1383 -0.3340 -0.9324
vn -0.2556 -0.2556 -0.9324
vn -0.3340 -0.1383 -0.9324
vn -0.3615 -0.0000 -0.9324
vn -0.3340 0.1384 -0.9324
vn -0.2556 0.2556 -0.9324
vn -0.1383 0.3340 -0.9324
vn -0.0000 0.3615 -0.9324
vn 0.1383 0.3340 -0.9324
vn 0.1384 0.3340 -0.9324
vn 0.2556 0.2556 -0.9324
vn 0.3340 0.1383 -0.9324
vn 0.3615 -0.0000 -0.9324
vn 0.3340 -0.1383 -0.9324
vn 0.2556 -0.2556 -0.9324
vn 0.1383 -0.3340 -0.9324
vn -0.0000 -1.0000 -0.0000
vn -0.3827 -0.9239 -0.0000
vn -0.7071 -0.7071 -0.0000
vn -0.9239 -0.3827 -0.0000
vn -1.0000 -0.0000 -0.0000
vn -0.9239 0.3827 -0.0000
vn -0.7071 0.7071 -0.0000
vn -0.3827 0.9239 -0.0000
vn -0.0000 1.0000 -0.0000
vn 0.3827 0.9239 -0.0000
vn 0.7071 0.7071 -0.0000
vn 0.9239 0.3827 -0.0000
vn 1.0000 -0.0000 -0.0000
vn 0.9239 -0.3827 -0.0000
vn 0.7071 -0.7071 -0.0000
vn 0.3827 -0.9239 -0.0000
vn -0.0000 -0.4066 0.9136
vn 0.1556 -0.3756 0.9136
vn 0.2875 -0.2875 0.9136
vn 0.3756 -0.1556 0.9136
vn 0.4066 -0.0000 0.9136
vn 0.3756 0.1556 0.9136
vn 0.2875 0.2875 0.9136
vn 0.1556 0.3756 0.9136
vn -0.0000 0.4066 0.9136
vn -0.1556 0.3756 0.9136
vn -0.2875 0.2875 0.9136
vn -0.3756 0.1556 0.9136
vn -0.4066 -0.0000 0.9136
vn -0.3756 -0.1556 0.9136
vn -0.2875 -0.2875 0.9136
vn -0.1556 -0.3756 0.9136
vn -0.5823 -0.0000 -0.8129
vn -0.5033 0.2085 -0.8386
vn -0.3829 -0.0000 -0.9238
vn -0.5033 -0.2085 -0.8386
vn -0.2707 0.2707 -0.9238
vn -0.4118 0.4118 -0.8130
vn -0.2085 0.5033 -0.8386
vn -0.2707 -0.2707 -0.9238
vn -0.4118 -0.4118 -0.8130
vn -0.2085 -0.5033 -0.8386
vn -0.0000 0.3829 -0.9238
vn -0.0000 0.5824 -0.8129
vn 0.2085 0.5033 -0.8386
vn -0.0000 -0.0000 -1.0000
vn 0.2708 0.2708 -0.9238
vn 0.4118 0.4118 -0.8129
vn 0.5033 0.2085 -0.8386
vn 0.3829 -0.0000 -0.9238
vn 0.5823 -0.0000 -0.8130
vn 0.5033 -0.2085 -0.8386
vn 0.2708 -0.2707 -0.9238
vn 0.4118 -0.4118 -0.8129
vn 0.2085 -0.5033 -0.8386
vn -0.0000 -0.3829 -0.9238
vn -0.0000 -0.5823 -0.8130
vn 0.4572 0.4572 0.7628
vn 0.5538 0.5538 0.6217
vn 0.2997 0.7236 0.6218
vn 0.7236 0.2997 0.6218
vn 0.2461 0.5943 0.7657
vn -0.0000 0.7832 0.6218
vn 0.5943 0.2461 0.7657
vn -0.0000 0.6466 0.7628
vn -0.2997 0.7236 0.6218
vn 0.2141 0.2141 0.9531
vn -0.2462 0.5942 0.7657
vn -0.5538 0.5538 0.6218
vn -0.0057 0.2958 0.9552
vn -0.4572 0.4572 0.7628
vn -0.7236 0.2997 0.6218
vn -0.1843 0.1843 0.9654
vn -0.5942 0.2461 0.7657
vn -0.7832 -0.0000 0.6218
vn -0.2958 0.0057 0.9552
vn -0.6466 -0.0000 0.7628
vn -0.7236 -0.2997 0.6218
vn -0.5942 -0.2461 0.7657
vn -0.5538 -0.5538 0.6217
vn -0.0000 -0.0000 1.0000
vn -0.4572 -0.4572 0.7628
vn -0.2997 -0.7236 0.6217
vn -0.2141 -0.2141 0.9531
vn -0.2461 -0.5943 0.7657
vn -0.0000 -0.7832 0.6218
vn 0.0057 -0.2958 0.9552
vn -0.0000 -0.6466 0.7628
vn 0.2997 -0.7236 0.6218
vn 0.2462 -0.5942 0.7657
vn 0.5538 -0.5538 0.6218
vn 0.2958 -0.0057 0.9552
vn 0.1843 -0.1843 0.9654
vn 0.4572 -0.4572 0.7628
vn 0.7236 -0.2997 0.6218
vn 0.5942 -0.2461 0.7657
vn 0.7832 -0.0000 0.6218
vn 0.6466 -0.0000 0.7628
vn -0.0008 0.1140 0.9935
vn 0.0145 0.0597 0.9981
vn -0.0185 -0.0058 0.9998
vn -0.0263 -0.0363 0.9990
vn -0.0432 -0.1013 0.9939
vn -0.0566 -0.2536 0.9657
vn -0.0383 -0.0469 0.9982
vn 0.0040 0.1907 0.9816
vn -0.0156 -0.0725 0.9972
vn -0.0000 -0.3635 0.9316
vn -0.0116 0.2614 0.9652
vn 0.0308 -0.4278 0.9033
vn -0.0109 -0.0905 0.9958
vn -0.0402 0.3138 0.9486
vn 0.0793 -0.4850 0.8709
vn -0.0035 -0.0957 0.9954
vn -0.0784 0.3510 0.9331
vn 0.0210 -0.0947 0.9953
vn 0.1560 -0.5144 0.8432
vn -0.1138 0.3751 0.9200
vn 0.2124 -0.5317 0.8198
vn -0.1775 0.3889 0.9040
vn 0.2118 -0.5425 0.8129
vn -0.1840 0.3864 0.9038
vn 0.2807 -0.5395 0.7938
vn -0.2271 0.3941 0.8906
vn 0.2809 -0.5494 0.7869
vn -0.2255 0.4070 0.8852
vn 0.3500 -0.5352 0.7688
vn -0.2806 0.3956 0.8745
vn 0.3509 -0.5441 0.7621
vn -0.2800 0.4076 0.8692
vn 0.4183 -0.5186 0.7457
vn -0.3329 0.3889 0.8591
vn 0.4195 -0.5256 0.7401
vn -0.3331 0.3988 0.8544
vn 0.4817 -0.4873 0.7283
vn -0.3798 0.3719 0.8470
vn 0.4826 -0.4913 0.7250
vn -0.3804 0.3778 0.8442
vn 0.5351 -0.4412 0.7204
vn -0.4191 0.3420 0.8411
vn 0.5355 -0.4425 0.7194
vn -0.4194 0.3439 0.8401
vn 0.5780 -0.3865 0.7187
vn -0.4516 0.3016 0.8397
vn 0.5781 -0.3866 0.7186
vn -0.4517 0.3018 0.8396
vn 0.6134 -0.3277 0.7186
vn -0.4791 0.2562 0.8395
vn 0.6134 -0.3278 0.7185
vn 0.6428 -0.2663 0.7183
vn -0.5019 0.2078 0.8396
vn 0.6657 -0.2018 0.7184
vn -0.5200 0.1577 0.8395
vn 0.6656 -0.2018 0.7185
vn -0.5200 0.1576 0.8395
vn 0.6822 -0.1357 0.7185
vn -0.5328 0.1060 0.8396
vn -0.5328 0.1059 0.8396
vn 0.6923 -0.0683 0.7183
vn -0.5404 0.0532 0.8397
vn 0.6923 -0.0683 0.7184
vn 0.6954 0.0001 0.7186
vn -0.5431 -0.0000 0.8397
vn 0.6923 0.0682 0.7184
vn -0.5404 -0.0533 0.8397
vn -0.5405 -0.0533 0.8397
vn 0.6820 0.1357 0.7186
vn -0.5329 -0.1060 0.8395
vn -0.5330 -0.1059 0.8395
vn 0.6656 0.2018 0.7185
vn -0.5200 -0.1576 0.8395
vn 0.6657 0.2018 0.7184
vn -0.5201 -0.1577 0.8394
vn 0.6429 0.2661 0.7182
vn -0.5019 -0.2078 0.8396
vn -0.5018 -0.2078 0.8396
vn 0.6135 0.3279 0.7185
vn -0.4790 -0.2561 0.8396
vn 0.6134 0.3279 0.7185
vn -0.4790 -0.2560 0.8396
vn 0.5783 0.3864 0.7185
vn -0.4517 -0.3018 0.8396
vn -0.4516 -0.3017 0.8396
vn 0.5377 0.4412 0.7185
vn -0.4200 -0.3446 0.8396
vn -0.4200 -0.3447 0.8395
vn 0.4927 0.4909 0.7185
vn -0.3845 -0.3838 0.8396
vn 0.4924 0.4908 0.7187
vn -0.3841 -0.3837 0.8398
vn 0.4466 0.5312 0.7200
vn -0.3440 -0.4173 0.8412
vn 0.4437 0.5296 0.7230
vn -0.3437 -0.4188 0.8405
vn 0.3906 0.5448 0.7420
vn -0.3005 -0.4342 0.8492
vn 0.3843 0.5391 0.7494
vn -0.2855 -0.4325 0.8552
vn -0.2453 -0.4215 0.8730
vn 0.3336 0.5047 0.7962
vn -0.2080 -0.3746 0.9035
vn 0.3279 0.5108 0.7947
vn -0.1673 -0.3627 0.9168
vn 0.3425 0.4520 0.8236
vn 0.3588 0.4438 0.8211
vn 0.3788 0.3808 0.8435
vn -0.1395 -0.1589 0.9774
vn -0.0592 -0.2813 0.9578
vn -0.0124 -0.2612 0.9652
vn -0.2272 -0.2130 0.9503
vn -0.2520 -0.3589 0.8987
vn -0.0052 -0.0000 1.0000
vn 0.3672 0.2955 0.8820
vn -0.2033 -0.1037 0.9736
vn -0.0496 -0.0133 0.9987
vn 0.0752 -0.4269 0.9012
vn -0.0291 -0.0019 0.9996
vn -0.0616 0.1585 0.9854
vn -0.3251 -0.3260 0.8877
vn -0.3686 -0.2585 0.8929
vn -0.0915 0.1250 0.9879
vn -0.0317 0.0302 0.9990
vn -0.3860 -0.1737 0.9060
vn -0.0020 -0.1415 0.9899
vn -0.0607 -0.0276 0.9978
vn -0.0236 0.0672 0.9975
vn -0.3889 -0.0938 0.9165
vn 0.3852 0.2129 0.8980
vn -0.3786 -0.0001 0.9256
vn -0.0090 0.1041 0.9945
vn 0.3853 0.1581 0.9091
vn -0.0056 0.1240 0.9923
vn -0.3127 0.0823 0.9463
vn -0.0185 -0.0059 -0.9998
vn 0.0144 0.0597 -0.9981
vn -0.0008 0.1140 -0.9935
vn -0.0263 -0.0364 -0.9990
vn -0.0432 -0.1013 -0.9939
vn -0.0566 -0.2536 -0.9656
vn -0.0382 -0.0470 -0.9982
vn 0.0040 0.1907 -0.9816
vn -0.0156 -0.0725 -0.9972
vn -0.0000 -0.3635 -0.9316
vn -0.0116 0.2614 -0.9651
vn 0.0308 -0.4279 -0.9033
vn -0.0109 -0.0905 -0.9958
vn -0.0402 0.3138 -0.9486
vn 0.0793 -0.4850 -0.8709
vn -0.0035 -0.0957 -0.9954
vn -0.0784 0.3510 -0.9331
vn 0.0210 -0.0947 -0.9953
vn 0.1560 -0.5144 -0.8432
vn -0.1138 0.3751 -0.9200
vn 0.2124 -0.5317 -0.8198
vn -0.1775 0.3889 -0.9040
vn 0.2118 -0.5425 -0.8129
vn -0.1840 0.3864 -0.9038
vn 0.2807 -0.5395 -0.7938
vn -0.2271 0.3941 -0.8906
vn 0.2809 -0.5494 -0.7869
vn -0.2255 0.4070 -0.8852
vn 0.3501 -0.5353 -0.7687
vn -0.2806 0.3956 -0.8745
vn 0.3509 -0.5441 -0.7621
vn -0.2800 0.4076 -0.8692
vn 0.4184 -0.5186 -0.7457
vn -0.3329 0.3889 -0.8590
vn 0.4195 -0.5256 -0.7401
vn -0.3331 0.3988 -0.8544
vn 0.4817 -0.4874 -0.7283
vn -0.3798 0.3719 -0.8470
vn 0.4827 -0.4914 -0.7250
vn -0.3804 0.3777 -0.8442
vn 0.5351 -0.4412 -0.7204
vn -0.4191 0.3420 -0.8411
vn 0.5355 -0.4425 -0.7193
vn -0.4195 0.3439 -0.8401
vn 0.5780 -0.3865 -0.7187
vn -0.4516 0.3016 -0.8397
vn 0.5781 -0.3866 -0.7186
vn -0.4517 0.3018 -0.8396
vn 0.6134 -0.3277 -0.7186
vn -0.4792 0.2562 -0.8395
vn 0.6134 -0.3278 -0.7185
vn 0.6428 -0.2663 -0.7182
vn -0.5020 0.2078 -0.8396
vn -0.5020 0.2078 -0.8395
vn 0.6657 -0.2018 -0.7184
vn -0.5200 0.1577 -0.8395
vn 0.6657 -0.2018 -0.7185
vn 0.6822 -0.1357 -0.7185
vn -0.5328 0.1060 -0.8396
vn -0.5328 0.1059 -0.8396
vn 0.6923 -0.0683 -0.7183
vn -0.5404 0.0532 -0.8397
vn 0.6923 -0.0683 -0.7184
vn 0.6954 0.0001 -0.7186
vn -0.5431 -0.0000 -0.8397
vn -0.5431 0.0001 -0.8396
vn 0.6923 0.0682 -0.7184
vn -0.5405 -0.0533 -0.8397
vn -0.5405 -0.0533 -0.8396
vn 0.6821 0.1357 -0.7186
vn -0.5329 -0.1060 -0.8395
vn 0.6820 0.1357 -0.7186
vn -0.5330 -0.1059 -0.8395
vn 0.6656 0.2018 -0.7185
vn -0.5200 -0.1576 -0.8395
vn 0.6657 0.2018 -0.7184
vn -0.5201 -0.1577 -0.8394
vn 0.6429 0.2661 -0.7182
vn -0.5019 -0.2079 -0.8396
vn -0.5019 -0.2078 -0.8396
vn 0.6135 0.3279 -0.7184
vn -0.4791 -0.2561 -0.8396
vn 0.6134 0.3279 -0.7185
vn 0.5783 0.3864 -0.7185
vn -0.4517 -0.3018 -0.8396
vn -0.4516 -0.3017 -0.8396
vn 0.5377 0.4413 -0.7185
vn -0.4200 -0.3446 -0.8396
vn -0.4200 -0.3447 -0.8395
vn 0.4927 0.4909 -0.7185
vn -0.3845 -0.3838 -0.8396
vn 0.4924 0.4908 -0.7187
vn -0.3841 -0.3837 -0.8398
vn 0.4465 0.5311 -0.7201
vn -0.3440 -0.4173 -0.8412
vn 0.4436 0.5296 -0.7230
vn -0.3437 -0.4188 -0.8405
vn 0.3906 0.5448 -0.7420
vn -0.3005 -0.4342 -0.8492
vn 0.3843 0.5391 -0.7494
vn -0.2855 -0.4326 -0.8552
vn -0.2453 -0.4215 -0.8730
vn 0.3336 0.5047 -0.7962
vn -0.2081 -0.3746 -0.9035
vn 0.3279 0.5108 -0.7947
vn -0.1673 -0.3627 -0.9168
vn 0.3425 0.4520 -0.8236
vn 0.3588 0.4438 -0.8211
vn 0.3788 0.3808 -0.8435
vn -0.1395 -0.1589 -0.9774
vn -0.0592 -0.2813 -0.9578
vn -0.0124 -0.2611 -0.9652
vn -0.2272 -0.2130 -0.9503
vn -0.2520 -0.3589 -0.8987
vn -0.0052 -0.0000 -1.0000
vn 0.3672 0.2955 -0.8820
vn -0.2033 -0.1037 -0.9736
vn -0.0496 -0.0133 -0.9987
vn 0.0752 -0.4268 -0.9012
vn -0.0291 -0.0019 -0.9996
vn -0.3251 -0.3260 -0.8877
vn -0.0616 0.1585 -0.9854
vn -0.3686 -0.2585 -0.8929
vn -0.0915 0.1250 -0.9879
vn -0.0317 0.0302 -0.9990
vn -0.3860 -0.1737 -0.9060
vn -0.0020 -0.1415 -0.9899
vn -0.0607 -0.0275 -0.9978
vn -0.0236 0.0672 -0.9975
vn -0.3889 -0.0938 -0.9165
vn 0.3852 0.2129 -0.8980
vn -0.3786 -0.0001 -0.9256
vn -0.0090 0.1041 -0.9945
vn 0.3853 0.1581 -0.9092
vn -0.0056 0.1240 -0.9923
vn -0.3127 0.0823 -0.9463
vn 0.0008 -0.1140 0.9935
vn -0.0145 -0.0597 0.9981
vn 0.0185 0.0058 0.9998
vn 0.0263 0.0363 0.9990
vn 0.0432 0.1013 0.9939
vn 0.0566 0.2536 0.9656
vn 0.0383 0.0469 0.9982
vn -0.0040 -0.1907 0.9816
vn 0.0156 0.0725 0.9972
vn -0.0000 0.3635 0.9316
vn 0.0116 -0.2614 0.9652
vn -0.0308 0.4279 0.9033
vn 0.0109 0.0905 0.9958
vn 0.0402 -0.3138 0.9486
vn -0.0793 0.4850 0.8709
vn 0.0035 0.0958 0.9954
vn 0.0784 -0.3510 0.9331
vn -0.0210 0.0947 0.9953
vn -0.1561 0.5144 0.8432
vn 0.1138 -0.3751 0.9200
vn -0.2124 0.5318 0.8198
vn 0.1775 -0.3889 0.9040
vn -0.2118 0.5426 0.8128
vn 0.1839 -0.3864 0.9038
vn -0.2808 0.5396 0.7937
vn 0.2271 -0.3940 0.8906
vn -0.2810 0.5495 0.7868
vn 0.2254 -0.4069 0.8852
vn -0.3501 0.5352 0.7688
vn 0.2807 -0.3955 0.8745
vn -0.3509 0.5440 0.7622
vn 0.2800 -0.4076 0.8691
vn -0.4183 0.5185 0.7458
vn 0.3329 -0.3890 0.8590
vn -0.4194 0.5255 0.7402
vn 0.3332 -0.3989 0.8543
vn -0.4816 0.4872 0.7285
vn 0.3798 -0.3720 0.8470
vn -0.4825 0.4912 0.7252
vn 0.3804 -0.3778 0.8442
vn -0.5351 0.4414 0.7203
vn 0.4190 -0.3419 0.8412
vn -0.5355 0.4427 0.7192
vn 0.4193 -0.3438 0.8402
vn -0.5780 0.3864 0.7187
vn 0.4516 -0.3015 0.8398
vn -0.5781 0.3865 0.7186
vn 0.4516 -0.3018 0.8396
vn -0.6133 0.3278 0.7186
vn 0.4791 -0.2561 0.8396
vn 0.4791 -0.2561 0.8395
vn -0.6424 0.2661 0.7186
vn 0.5019 -0.2079 0.8396
vn -0.6425 0.2661 0.7186
vn 0.5018 -0.2078 0.8396
vn -0.6655 0.2019 0.7185
vn 0.5198 -0.1577 0.8396
vn -0.6655 0.2020 0.7185
vn -0.6821 0.1357 0.7186
vn 0.5328 -0.1060 0.8396
vn -0.6922 0.0682 0.7185
vn 0.5406 -0.0532 0.8396
vn -0.6921 0.0682 0.7185
vn -0.6954 -0.0001 0.7186
vn 0.5432 -0.0000 0.8396
vn -0.6922 -0.0681 0.7185
vn 0.5405 0.0533 0.8396
vn 0.5406 0.0533 0.8396
vn -0.6819 -0.1357 0.7187
vn 0.5329 0.1060 0.8395
vn -0.6655 -0.2018 0.7186
vn 0.5199 0.1577 0.8396
vn 0.5198 0.1577 0.8396
vn -0.6424 -0.2662 0.7186
vn 0.5019 0.2079 0.8396
vn -0.6134 -0.3278 0.7186
vn 0.4791 0.2561 0.8396
vn -0.5782 -0.3864 0.7186
vn 0.4517 0.3018 0.8396
vn 0.4516 0.3018 0.8396
vn -0.5377 -0.4413 0.7184
vn 0.4199 0.3446 0.8396
vn -0.5378 -0.4413 0.7184
vn 0.4198 0.3446 0.8396
vn -0.4926 -0.4909 0.7186
vn 0.3844 0.3838 0.8396
vn -0.4923 -0.4908 0.7189
vn 0.3842 0.3837 0.8398
vn -0.4464 -0.5310 0.7203
vn 0.3441 0.4174 0.8411
vn -0.4435 -0.5294 0.7232
vn 0.3439 0.4189 0.8404
vn -0.3907 -0.5448 0.7420
vn 0.3005 0.4342 0.8492
vn -0.3844 -0.5392 0.7493
vn 0.2855 0.4325 0.8552
vn 0.2453 0.4215 0.8730
vn -0.3337 -0.5047 0.7962
vn 0.2080 0.3746 0.9035
vn -0.3280 -0.5108 0.7947
vn 0.1673 0.3627 0.9168
vn -0.3425 -0.4520 0.8236
vn -0.3589 -0.4439 0.8211
vn -0.3787 -0.3808 0.8436
vn 0.1395 0.1590 0.9774
vn 0.0592 0.2813 0.9578
vn 0.0124 0.2611 0.9652
vn 0.2272 0.2131 0.9503
vn 0.2519 0.3588 0.8988
vn 0.0053 0.0001 1.0000
vn -0.3672 -0.2954 0.8820
vn 0.2033 0.1037 0.9736
vn 0.0496 0.0132 0.9987
vn -0.0752 0.4269 0.9012
vn 0.0290 0.0019 0.9996
vn 0.0616 -0.1585 0.9854
vn 0.3250 0.3260 0.8878
vn 0.3685 0.2584 0.8930
vn 0.0915 -0.1250 0.9879
vn 0.0317 -0.0302 0.9990
vn 0.3859 0.1736 0.9060
vn 0.0019 0.1416 0.9899
vn 0.0607 0.0275 0.9978
vn 0.0236 -0.0672 0.9975
vn 0.3888 0.0939 0.9165
vn -0.3851 -0.2129 0.8980
vn 0.3786 0.0003 0.9256
vn 0.0091 -0.1041 0.9945
vn -0.3853 -0.1580 0.9092
vn 0.0056 -0.1240 0.9923
vn 0.3125 -0.0823 0.9463
vn 0.0185 0.0059 -0.9998
vn -0.0144 -0.0598 -0.9981
vn 0.0008 -0.1140 -0.9935
vn 0.0263 0.0364 -0.9990
vn 0.0432 0.1013 -0.9939
vn 0.0566 0.2537 -0.9656
vn 0.0383 0.0470 -0.9982
vn -0.0040 -0.1907 -0.9816
vn 0.0156 0.0725 -0.9972
vn -0.0000 0.3635 -0.9316
vn 0.0116 -0.2615 -0.9651
vn -0.0308 0.4279 -0.9033
vn 0.0109 0.0905 -0.9958
vn 0.0402 -0.3138 -0.9486
vn -0.0793 0.4850 -0.8709
vn 0.0035 0.0958 -0.9954
vn 0.0784 -0.3510 -0.9331
vn -0.0210 0.0947 -0.9953
vn -0.1561 0.5144 -0.8432
vn 0.1138 -0.3751 -0.9200
vn -0.2124 0.5318 -0.8198
vn 0.1775 -0.3889 -0.9040
vn -0.2118 0.5426 -0.8128
vn 0.1839 -0.3864 -0.9038
vn -0.2808 0.5396 -0.7937
vn 0.2271 -0.3940 -0.8906
vn -0.2810 0.5495 -0.7868
vn 0.2254 -0.4069 -0.8852
vn -0.3501 0.5352 -0.7688
vn 0.2807 -0.3955 -0.8745
vn -0.3509 0.5440 -0.7622
vn 0.2801 -0.4076 -0.8691
vn -0.4183 0.5185 -0.7457
vn 0.3329 -0.3890 -0.8590
vn -0.4195 0.5255 -0.7402
vn 0.3332 -0.3989 -0.8543
vn -0.4816 0.4872 -0.7285
vn 0.3798 -0.3720 -0.8470
vn -0.4825 0.4912 -0.7251
vn 0.3804 -0.3778 -0.8442
vn -0.5352 0.4414 -0.7203
vn 0.4190 -0.3419 -0.8412
vn -0.5356 0.4427 -0.7192
vn 0.4193 -0.3438 -0.8402
vn -0.5780 0.3864 -0.7187
vn 0.4516 -0.3015 -0.8398
vn -0.5781 0.3865 -0.7186
vn 0.4517 -0.3018 -0.8396
vn -0.6133 0.3278 -0.7186
vn 0.4791 -0.2561 -0.8395
vn -0.6133 0.3279 -0.7186
vn -0.6425 0.2661 -0.7186
vn 0.5019 -0.2079 -0.8396
vn 0.5019 -0.2078 -0.8396
vn -0.6655 0.2019 -0.7185
vn 0.5198 -0.1577 -0.8396
vn -0.6821 0.1357 -0.7186
vn 0.5328 -0.1060 -0.8396
vn -0.6922 0.0682 -0.7185
vn 0.5406 -0.0532 -0.8396
vn -0.6954 -0.0001 -0.7186
vn 0.5432 -0.0000 -0.8396
vn -0.6954 -0.0000 -0.7186
vn -0.6922 -0.0681 -0.7184
vn 0.5406 0.0533 -0.8396
vn -0.6922 -0.0681 -0.7185
vn -0.6820 -0.1357 -0.7187
vn 0.5329 0.1060 -0.8395
vn -0.6819 -0.1357 -0.7187
vn -0.6655 -0.2019 -0.7186
vn 0.5199 0.1577 -0.8396
vn -0.6655 -0.2018 -0.7186
vn 0.5198 0.1577 -0.8396
vn -0.6425 -0.2662 -0.7186
vn 0.5019 0.2079 -0.8396
vn -0.6424 -0.2662 -0.7186
vn -0.6134 -0.3278 -0.7186
vn 0.4792 0.2561 -0.8395
vn -0.5782 -0.3864 -0.7186
vn 0.4517 0.3018 -0.8396
vn 0.4516 0.3018 -0.8396
vn -0.5378 -0.4413 -0.7184
vn 0.4199 0.3446 -0.8396
vn -0.4926 -0.4909 -0.7185
vn 0.3844 0.3838 -0.8396
vn -0.4923 -0.4908 -0.7188
vn 0.3842 0.3837 -0.8397
vn -0.4464 -0.5310 -0.7203
vn 0.3441 0.4174 -0.8411
vn -0.4435 -0.5295 -0.7232
vn 0.3439 0.4190 -0.8404
vn -0.3907 -0.5448 -0.7420
vn 0.3005 0.4342 -0.8492
vn -0.3844 -0.5392 -0.7493
vn 0.2855 0.4325 -0.8552
vn 0.2453 0.4215 -0.8730
vn -0.3337 -0.5048 -0.7962
vn 0.2080 0.3746 -0.9035
vn -0.3280 -0.5109 -0.7946
vn 0.1673 0.3627 -0.9168
vn -0.3425 -0.4520 -0.8236
vn -0.3589 -0.4439 -0.8211
vn -0.3787 -0.3808 -0.8435
vn 0.1395 0.1590 -0.9774
vn 0.0592 0.2813 -0.9578
vn 0.0124 0.2611 -0.9652
vn 0.2272 0.2131 -0.9502
vn 0.2519 0.3588 -0.8988
vn 0.0053 0.0001 -1.0000
vn -0.3672 -0.2954 -0.8820
vn 0.2034 0.1037 -0.9736
vn 0.0496 0.0133 -0.9987
vn -0.0752 0.4269 -0.9012
vn 0.0291 0.0019 -0.9996
vn 0.3250 0.3260 -0.8877
vn 0.0616 -0.1585 -0.9854
vn 0.3685 0.2585 -0.8930
vn 0.0915 -0.1250 -0.9879
vn 0.0317 -0.0302 -0.9990
vn 0.3860 0.1737 -0.9060
vn 0.0019 0.1416 -0.9899
vn 0.0607 0.0275 -0.9978
vn 0.0236 -0.0672 -0.9975
vn 0.3888 0.0939 -0.9165
vn -0.3851 -0.2129 -0.8980
vn 0.3786 0.0003 -0.9256
vn 0.0091 -0.1041 -0.9945
vn -0.3853 -0.1580 -0.9091
vn 0.0056 -0.1240 -0.9923
vn 0.3125 -0.0823 -0.9463
vt 0.628350 0.693120
vt 0.622970 0.693120
vt 0.624770 0.689530
vt 0.626560 0.689530
vt 0.628350 0.682360
vt 0.626560 0.685940
vt 0.622970 0.682360
vt 0.624770 0.685940
vt 0.647010 0.496480
vt 0.756140 0.278220
vt 0.865270 0.496480
vt 0.756140 0.714730
vt 0.624770 0.674350
vt 0.622950 0.677910
vt 0.628400 0.677910
vt 0.626580 0.674350
vt 0.628400 0.667220
vt 0.626580 0.670790
vt 0.622950 0.667220
vt 0.624770 0.670790
vt 0.647590 0.496290
vt 0.756530 0.278400
vt 0.865470 0.496290
vt 0.756530 0.714150
vt 0.621991 0.293948
vt 0.623701 0.294438
vt 0.623951 0.293458
vt 0.622721 0.296148
vt 0.623701 0.292728
vt 0.620771 0.298098
vt 0.622241 0.290768
vt 0.619311 0.290768
vt 0.618821 0.299808
vt 0.621991 0.287358
vt 0.623461 0.289068
vt 0.623951 0.288328
vt 0.623701 0.287358
vt 0.622481 0.285398
vt 0.620771 0.283208
vt 0.615641 0.290768
vt 0.618821 0.281498
vt 0.616871 0.301028
vt 0.616871 0.280278
vt 0.614671 0.301758
vt 0.614671 0.279538
vt 0.612471 0.301758
vt 0.611741 0.290768
vt 0.612471 0.279298
vt 0.610521 0.301268
vt 0.610521 0.280028
vt 0.608561 0.299808
vt 0.608321 0.281498
vt 0.606611 0.297608
vt 0.607831 0.290768
vt 0.606611 0.283938
vt 0.605391 0.294438
vt 0.605391 0.287108
vt 0.604411 0.290768
vt 0.606861 0.322268
vt 0.605881 0.321288
vt 0.605631 0.322268
vt 0.607831 0.320798
vt 0.606371 0.323238
vt 0.605631 0.323238
vt 0.606611 0.324218
vt 0.608811 0.321288
vt 0.607101 0.326658
vt 0.606371 0.326168
vt 0.608811 0.330078
vt 0.607831 0.330078
vt 0.610271 0.333008
vt 0.609541 0.333498
vt 0.612231 0.323728
vt 0.612231 0.335938
vt 0.611741 0.336428
vt 0.614421 0.337888
vt 0.613941 0.338868
vt 0.615891 0.326168
vt 0.616621 0.339358
vt 0.616381 0.340328
vt 0.619061 0.339848
vt 0.618821 0.340818
vt 0.619551 0.328128
vt 0.621261 0.339848
vt 0.621501 0.340818
vt 0.623701 0.338378
vt 0.623951 0.339358
vt 0.623461 0.330568
vt 0.625651 0.335938
vt 0.625901 0.336428
vt 0.627121 0.332518
vt 0.627851 0.333008
vt 0.626631 0.328618
vt 0.627121 0.328618
vt 0.625651 0.324708
vt 0.626141 0.324218
vt 0.623951 0.321288
vt 0.624431 0.320308
vt 0.621991 0.318358
vt 0.622241 0.317388
vt 0.620041 0.316408
vt 0.620041 0.315428
vt 0.617601 0.314938
vt 0.617601 0.313968
vt 0.615401 0.314458
vt 0.614911 0.312988
vt 0.613201 0.313968
vt 0.612471 0.312988
vt 0.611011 0.314458
vt 0.610271 0.313478
vt 0.609051 0.315428
vt 0.608081 0.314458
vt 0.607591 0.318358
vt 0.606611 0.317868
vt 0.607591 0.316408
vt 0.606611 0.315918
vt 0.606371 0.316408
vt 0.607341 0.316898
vt 0.654711 0.318358
vt 0.655681 0.318358
vt 0.655681 0.317388
vt 0.654461 0.321288
vt 0.654711 0.317388
vt 0.655201 0.316408
vt 0.654221 0.316898
vt 0.653491 0.321778
vt 0.653001 0.315918
vt 0.653971 0.314938
vt 0.650801 0.314458
vt 0.651531 0.313478
vt 0.648601 0.313968
vt 0.649091 0.312988
vt 0.649821 0.324218
vt 0.646411 0.314458
vt 0.646651 0.312988
vt 0.643961 0.314938
vt 0.644211 0.313968
vt 0.646161 0.326658
vt 0.641771 0.316408
vt 0.641771 0.315428
vt 0.639571 0.318848
vt 0.639331 0.317868
vt 0.642501 0.329098
vt 0.637861 0.321778
vt 0.637371 0.320798
vt 0.636401 0.325688
vt 0.635911 0.324708
vt 0.638841 0.331548
vt 0.635661 0.329588
vt 0.634931 0.329588
vt 0.635181 0.333988
vt 0.634441 0.334478
vt 0.636881 0.336918
vt 0.636401 0.337398
vt 0.638841 0.338868
vt 0.638591 0.339848
vt 0.641041 0.339848
vt 0.641041 0.340818
vt 0.643481 0.339848
vt 0.643481 0.340818
vt 0.645671 0.338868
vt 0.646161 0.339848
vt 0.648121 0.337398
vt 0.648601 0.337888
vt 0.650071 0.334958
vt 0.650801 0.335938
vt 0.652021 0.332518
vt 0.652751 0.333008
vt 0.653731 0.330078
vt 0.654461 0.330078
vt 0.654951 0.326658
vt 0.655931 0.326658
vt 0.655201 0.322758
vt 0.656171 0.322268
vt 0.655681 0.324708
vt 0.656661 0.323728
vt 0.656661 0.322758
vt 0.655681 0.323728
vt 0.646161 0.374508
vt 0.646651 0.376468
vt 0.647141 0.375978
vt 0.644941 0.374998
vt 0.646651 0.374508
vt 0.647381 0.374998
vt 0.646891 0.373048
vt 0.644211 0.373048
vt 0.647141 0.370608
vt 0.647631 0.372068
vt 0.646891 0.366208
vt 0.647631 0.367188
vt 0.646411 0.361818
vt 0.647141 0.362308
vt 0.642011 0.367188
vt 0.645671 0.357418
vt 0.646411 0.357418
vt 0.644451 0.353028
vt 0.645191 0.353028
vt 0.639811 0.360838
vt 0.643231 0.349118
vt 0.643721 0.348638
vt 0.641521 0.346188
vt 0.642011 0.345218
vt 0.637621 0.354488
vt 0.639571 0.343748
vt 0.639811 0.342288
vt 0.637371 0.341798
vt 0.637371 0.340818
vt 0.635181 0.348638
vt 0.634931 0.341798
vt 0.634931 0.340328
vt 0.632731 0.342288
vt 0.632491 0.341308
vt 0.632001 0.346188
vt 0.631511 0.345708
vt 0.631761 0.350588
vt 0.631031 0.350588
vt 0.632001 0.355468
vt 0.631271 0.355468
vt 0.632731 0.359868
vt 0.632251 0.360348
vt 0.633711 0.363768
vt 0.633471 0.364748
vt 0.635181 0.367678
vt 0.634931 0.369138
vt 0.636881 0.371098
vt 0.636881 0.372558
vt 0.638591 0.374028
vt 0.638591 0.375488
vt 0.640551 0.375978
vt 0.640791 0.377928
vt 0.642261 0.377928
vt 0.642741 0.379398
vt 0.644451 0.376958
vt 0.644941 0.378418
vt 0.643721 0.378418
vt 0.644451 0.379888
vt 0.644701 0.379888
vt 0.644211 0.378418
vt 0.617111 0.377438
vt 0.616381 0.378418
vt 0.616621 0.379398
vt 0.616621 0.374998
vt 0.617351 0.378418
vt 0.617351 0.379888
vt 0.618091 0.378418
vt 0.617111 0.373538
vt 0.619311 0.377928
vt 0.618821 0.379398
vt 0.621501 0.375978
vt 0.621021 0.377438
vt 0.623461 0.374028
vt 0.623211 0.375488
vt 0.619551 0.367188
vt 0.625171 0.371098
vt 0.625411 0.372558
vt 0.626881 0.367678
vt 0.627121 0.368648
vt 0.621751 0.360838
vt 0.628341 0.363768
vt 0.628581 0.364748
vt 0.629321 0.359378
vt 0.629801 0.360348
vt 0.623951 0.354978
vt 0.629801 0.354978
vt 0.630541 0.355468
vt 0.630051 0.350098
vt 0.630541 0.350098
vt 0.626141 0.348148
vt 0.629321 0.345708
vt 0.629801 0.345218
vt 0.628341 0.341798
vt 0.628831 0.340818
vt 0.626391 0.341798
vt 0.626391 0.340328
vt 0.624191 0.342288
vt 0.623951 0.341308
vt 0.621991 0.344238
vt 0.621751 0.343258
vt 0.620041 0.347168
vt 0.619551 0.346188
vt 0.618571 0.350588
vt 0.617841 0.350098
vt 0.617111 0.354488
vt 0.616381 0.354488
vt 0.615891 0.358398
vt 0.615161 0.358888
vt 0.615161 0.362798
vt 0.614421 0.363278
vt 0.614671 0.366698
vt 0.613941 0.368168
vt 0.614421 0.371098
vt 0.613941 0.372558
vt 0.615401 0.374508
vt 0.614911 0.376468
vt 0.614671 0.374028
vt 0.613941 0.375488
vt 0.614421 0.376468
vt 0.614911 0.374508
vt 0.629801 0.286138
vt 0.630051 0.284668
vt 0.629561 0.284178
vt 0.631031 0.287838
vt 0.629321 0.285888
vt 0.629071 0.284668
vt 0.628831 0.286618
vt 0.631031 0.289798
vt 0.628101 0.288578
vt 0.627851 0.286868
vt 0.627121 0.292728
vt 0.626631 0.291258
vt 0.626141 0.296878
vt 0.625651 0.295658
vt 0.631031 0.297368
vt 0.625651 0.301268
vt 0.624921 0.300538
vt 0.625171 0.305668
vt 0.624681 0.305178
vt 0.631031 0.305178
vt 0.625171 0.310548
vt 0.624681 0.310058
vt 0.625651 0.314938
vt 0.624921 0.314938
vt 0.631031 0.312498
vt 0.626391 0.318848
vt 0.625651 0.319828
vt 0.627611 0.322758
vt 0.627121 0.323728
vt 0.631031 0.320308
vt 0.629321 0.326168
vt 0.628831 0.327148
vt 0.631031 0.328128
vt 0.631031 0.329588
vt 0.632731 0.326168
vt 0.633221 0.327148
vt 0.634441 0.323238
vt 0.635181 0.324218
vt 0.635661 0.319338
vt 0.636401 0.319828
vt 0.636641 0.314938
vt 0.637371 0.314938
vt 0.636881 0.310548
vt 0.637621 0.310058
vt 0.636881 0.305668
vt 0.637621 0.305178
vt 0.636641 0.301268
vt 0.637371 0.300538
vt 0.635911 0.296878
vt 0.636641 0.295658
vt 0.634931 0.292728
vt 0.635421 0.291258
vt 0.633961 0.288818
vt 0.634201 0.287108
vt 0.632001 0.286618
vt 0.632001 0.284908
vt 0.632981 0.286618
vt 0.632981 0.284668
vt 0.632491 0.284178
vt 0.632491 0.286138
vt 0.075730 0.636230
vt 0.076030 0.633790
vt 0.075000 0.633790
vt 0.074940 0.636230
vt 0.074140 0.633790
vt 0.074140 0.636230
vt 0.073290 0.633790
vt 0.073230 0.636230
vt 0.072370 0.633790
vt 0.072370 0.636230
vt 0.071460 0.633790
vt 0.071460 0.636230
vt 0.070540 0.633790
vt 0.070540 0.636230
vt 0.069560 0.633790
vt 0.069560 0.636230
vt 0.068650 0.633790
vt 0.068650 0.636230
vt 0.067730 0.633790
vt 0.067790 0.636230
vt 0.066820 0.633790
vt 0.066820 0.636230
vt 0.065900 0.633790
vt 0.065900 0.636230
vt 0.064990 0.633790
vt 0.064990 0.636230
vt 0.064070 0.633790
vt 0.064070 0.636230
vt 0.063220 0.633790
vt 0.063220 0.636230
vt 0.062360 0.633790
vt 0.062420 0.636230
vt 0.061360 0.633790
vt 0.061630 0.636230
vt 0.075730 0.639160
vt 0.074940 0.639160
vt 0.074140 0.639160
vt 0.073230 0.639160
vt 0.072370 0.639160
vt 0.071460 0.639160
vt 0.070540 0.639160
vt 0.069560 0.639160
vt 0.068650 0.639160
vt 0.067790 0.639160
vt 0.066820 0.639160
vt 0.065900 0.639160
vt 0.064990 0.639160
vt 0.064070 0.639160
vt 0.063220 0.639160
vt 0.062420 0.639160
vt 0.061630 0.639160
vt 0.061360 0.641600
vt 0.062360 0.641600
vt 0.063220 0.641600
vt 0.064070 0.641600
vt 0.064990 0.641600
vt 0.065900 0.641600
vt 0.066820 0.641600
vt 0.067730 0.641600
vt 0.068650 0.641600
vt 0.069560 0.641600
vt 0.070540 0.641600
vt 0.071460 0.641600
vt 0.072370 0.641600
vt 0.073290 0.641600
vt 0.074140 0.641600
vt 0.075000 0.641600
vt 0.076030 0.641600
vt 0.209520 0.957030
vt 0.210860 0.958980
vt 0.210370 0.955570
vt 0.208540 0.954590
vt 0.212450 0.957030
vt 0.212450 0.959470
vt 0.214030 0.958980
vt 0.209520 0.951170
vt 0.208300 0.951170
vt 0.208540 0.947750
vt 0.214520 0.955570
vt 0.215380 0.957030
vt 0.216350 0.954590
vt 0.212450 0.951170
vt 0.215500 0.951170
vt 0.216600 0.951170
vt 0.216350 0.947750
vt 0.214520 0.946780
vt 0.215380 0.945310
vt 0.214030 0.943360
vt 0.212450 0.945310
vt 0.212450 0.942870
vt 0.210860 0.943360
vt 0.210370 0.946780
vt 0.209520 0.945310
vt 0.752367 0.161624
vt 0.753097 0.163084
vt 0.753827 0.160644
vt 0.751877 0.164554
vt 0.752857 0.159664
vt 0.754317 0.157714
vt 0.751387 0.162594
vt 0.753097 0.157714
vt 0.753827 0.154294
vt 0.751387 0.159664
vt 0.752857 0.155274
vt 0.753097 0.151854
vt 0.751877 0.157714
vt 0.752367 0.153324
vt 0.751877 0.150394
vt 0.751387 0.155274
vt 0.751387 0.152344
vt 0.750407 0.149904
vt 0.750407 0.154784
vt 0.750407 0.151854
vt 0.748707 0.150394
vt 0.749187 0.152344
vt 0.747477 0.151854
vt 0.750407 0.157714
vt 0.748217 0.153324
vt 0.746747 0.154784
vt 0.749187 0.155274
vt 0.747727 0.155274
vt 0.746507 0.157714
vt 0.748707 0.157714
vt 0.747477 0.157714
vt 0.746747 0.160644
vt 0.747727 0.159664
vt 0.747477 0.163084
vt 0.750407 0.160644
vt 0.749187 0.159664
vt 0.748217 0.161624
vt 0.748947 0.164554
vt 0.749187 0.162594
vt 0.750407 0.165524
vt 0.750407 0.163084
vt 0.626877 0.188474
vt 0.624677 0.188474
vt 0.624677 0.191404
vt 0.626877 0.191404
vt 0.624677 0.193354
vt 0.628937 0.192914
vt 0.629077 0.191404
vt 0.628937 0.193384
vt 0.629077 0.188474
vt 0.631267 0.191404
vt 0.628937 0.193354
vt 0.631267 0.193354
vt 0.631267 0.188474
vt 0.633467 0.193354
vt 0.633467 0.191404
vt 0.633467 0.188474
vt 0.635667 0.193354
vt 0.635667 0.191404
vt 0.635667 0.188474
vt 0.638107 0.191404
vt 0.638107 0.193354
vt 0.638107 0.188474
vt 0.640307 0.193354
vt 0.640307 0.188474
vt 0.640307 0.191404
vt 0.642497 0.193354
vt 0.642497 0.191404
vt 0.642497 0.188474
vt 0.644697 0.193354
vt 0.644697 0.191404
vt 0.644697 0.188474
vt 0.646897 0.193354
vt 0.646897 0.191404
vt 0.646897 0.188474
vt 0.649097 0.193354
vt 0.649097 0.191404
vt 0.649097 0.188474
vt 0.651287 0.193354
vt 0.651287 0.191404
vt 0.651287 0.188474
vt 0.653487 0.193354
vt 0.653487 0.191404
vt 0.653487 0.188474
vt 0.655687 0.193354
vt 0.655687 0.191404
vt 0.655687 0.188474
vt 0.657887 0.193354
vt 0.657887 0.191404
vt 0.657887 0.188474
vt 0.660077 0.193354
vt 0.660077 0.191404
vt 0.660077 0.188474
vt 0.662277 0.193354
vt 0.662277 0.191404
vt 0.662277 0.188474
vt 0.664477 0.193354
vt 0.664477 0.191404
vt 0.664477 0.188474
vt 0.666917 0.193354
vt 0.666917 0.191404
vt 0.666917 0.188474
vt 0.669117 0.193354
vt 0.669117 0.191404
vt 0.669117 0.188474
vt 0.671307 0.193354
vt 0.671307 0.191404
vt 0.671307 0.188474
vt 0.673507 0.193354
vt 0.673507 0.191404
vt 0.673507 0.188474
vt 0.675947 0.193354
vt 0.675947 0.188474
vt 0.675947 0.191404
vt 0.678147 0.193354
vt 0.678147 0.191404
vt 0.678147 0.188474
vt 0.680347 0.193354
vt 0.680347 0.191404
vt 0.680347 0.188474
vt 0.682787 0.193354
vt 0.682787 0.188474
vt 0.682787 0.191404
vt 0.684977 0.193354
vt 0.684977 0.191404
vt 0.684977 0.188474
vt 0.687177 0.193354
vt 0.687177 0.191404
vt 0.687177 0.188474
vt 0.690037 0.193334
vt 0.689377 0.188474
vt 0.690057 0.193344
vt 0.689987 0.191384
vt 0.689987 0.191354
vt 0.689897 0.191304
vt 0.691577 0.188474
vt 0.690037 0.191474
vt 0.690267 0.193354
vt 0.694017 0.193354
vt 0.689987 0.191714
vt 0.693767 0.190914
vt 0.689987 0.191734
vt 0.693527 0.187504
vt 0.696217 0.190914
vt 0.696457 0.193354
vt 0.698897 0.193354
vt 0.695967 0.188474
vt 0.695727 0.186034
vt 0.697187 0.183594
vt 0.695967 0.189454
vt 0.698407 0.190434
vt 0.701097 0.193354
vt 0.697917 0.187504
vt 0.697437 0.185544
vt 0.698407 0.180664
vt 0.700367 0.190434
vt 0.699167 0.184084
vt 0.699877 0.187014
vt 0.701337 0.187014
vt 0.699047 0.184114
vt 0.699467 0.180814
vt 0.702067 0.190434
vt 0.702557 0.187014
vt 0.699537 0.180834
vt 0.698657 0.181644
vt 0.699387 0.177734
vt 0.699327 0.180814
vt 0.703777 0.190914
vt 0.704027 0.187984
vt 0.703777 0.193354
vt 0.705777 0.189474
vt 0.706217 0.191894
vt 0.705847 0.189444
vt 0.706217 0.193354
vt 0.708907 0.193354
vt 0.705967 0.189454
vt 0.707687 0.191404
vt 0.628927 0.192914
vt 0.690027 0.193334
vt 0.689997 0.191714
vt 0.705767 0.189474
vt 0.705837 0.189444
vt 0.705957 0.189444
s 1
f 4167/3058/4120 4166/3059/4121 4165/3060/4122
f 4168/3061/4123 4167/3058/4120 4165/3060/4122
f 4169/3062/4124 4167/3058/4120 4168/3061/4123
f 4170/3063/4125 4169/3062/4124 4168/3061/4123
f 4171/3064/4126 4169/3062/4124 4170/3063/4125
f 4172/3065/4127 4171/3064/4126 4170/3063/4125
f 4166/3059/4121 4171/3064/4126 4172/3065/4127
f 4165/3060/4122 4166/3059/4121 4172/3065/4127
f 4172/3066/4127 4170/3067/4125 4168/3068/4123
f 4165/3069/4122 4172/3066/4127 4168/3068/4123
f 4173/3070/4128 4166/3071/4129 4167/3072/4130
f 4174/3073/4131 4173/3070/4128 4167/3072/4130
f 4174/3073/4131 4167/3072/4130 4169/3074/4132
f 4175/3075/4133 4174/3073/4131 4169/3074/4132
f 4175/3075/4133 4169/3074/4132 4171/3076/4134
f 4176/3077/4135 4175/3075/4133 4171/3076/4134
f 4176/3077/4135 4171/3076/4134 4166/3071/4129
f 4173/3070/4128 4176/3077/4135 4166/3071/4129
f 4174/3078/4131 4175/3079/4133 4176/3080/4135
f 4173/3081/4128 4174/3078/4131 4176/3080/4135
f 4179/3082/4136 4178/3083/4137 4177/3084/4138
f 4180/3085/4139 4178/3083/4137 4179/3082/4136
f 4177/3084/4138 4181/3086/4140 4179/3082/4136
f 4179/3082/4136 4182/3087/4141 4180/3085/4139
f 4179/3082/4136 4181/3086/4140 4183/3088/4142
f 4184/3089/4143 4182/3087/4141 4179/3082/4136
f 4179/3082/4136 4183/3088/4142 4184/3089/4143
f 4185/3090/4144 4182/3087/4141 4184/3089/4143
f 4184/3089/4143 4183/3088/4142 4186/3091/4145
f 4183/3088/4142 4187/3092/4146 4186/3091/4145
f 4186/3091/4145 4187/3092/4146 4188/3093/4147
f 4188/3093/4147 4189/3094/4148 4186/3091/4145
f 4186/3091/4145 4189/3094/4148 4190/3095/4149
f 4190/3095/4149 4191/3096/4150 4186/3091/4145
f 4186/3091/4145 4191/3096/4150 4184/3089/4143
f 4192/3097/4151 4184/3089/4143 4191/3096/4150
f 4184/3089/4143 4192/3097/4151 4185/3090/4144
f 4191/3096/4150 4193/3098/4152 4192/3097/4151
f 4194/3099/4153 4185/3090/4144 4192/3097/4151
f 4192/3097/4151 4193/3098/4152 4195/3100/4154
f 4196/3101/4155 4194/3099/4153 4192/3097/4151
f 4195/3100/4154 4197/3102/4156 4192/3097/4151
f 4198/3103/4157 4196/3101/4155 4192/3097/4151
f 4199/3104/4158 4192/3097/4151 4197/3102/4156
f 4192/3097/4151 4199/3104/4158 4198/3103/4157
f 4197/3102/4156 4200/3105/4159 4199/3104/4158
f 4201/3106/4160 4198/3103/4157 4199/3104/4158
f 4199/3104/4158 4200/3105/4159 4202/3107/4161
f 4203/3108/4162 4201/3106/4160 4199/3104/4158
f 4202/3107/4161 4204/3109/4163 4199/3104/4158
f 4205/3110/4164 4203/3108/4162 4199/3104/4158
f 4206/3111/4165 4199/3104/4158 4204/3109/4163
f 4199/3104/4158 4206/3111/4165 4205/3110/4164
f 4204/3109/4163 4207/3112/4166 4206/3111/4165
f 4208/3113/4167 4205/3110/4164 4206/3111/4165
f 4207/3112/4166 4209/3114/4168 4206/3111/4165
f 4210/3115/4169 4208/3113/4167 4206/3111/4165
f 4209/3114/4168 4210/3115/4169 4206/3111/4165
f 4213/3082/4170 4212/3083/4171 4211/3084/4172
f 4214/3085/4173 4212/3083/4171 4213/3082/4170
f 4211/3084/4172 4215/3086/4174 4213/3082/4170
f 4213/3082/4170 4216/3087/4175 4214/3085/4173
f 4213/3082/4170 4215/3086/4174 4217/3088/4176
f 4218/3089/4177 4216/3087/4175 4213/3082/4170
f 4213/3082/4170 4217/3088/4176 4218/3089/4177
f 4219/3090/4178 4216/3087/4175 4218/3089/4177
f 4218/3089/4177 4217/3088/4176 4220/3091/4179
f 4217/3088/4176 4221/3092/4180 4220/3091/4179
f 4220/3091/4179 4221/3092/4180 4222/3093/4181
f 4222/3093/4181 4223/3094/4182 4220/3091/4179
f 4220/3091/4179 4223/3094/4182 4224/3095/4183
f 4224/3095/4183 4225/3096/4184 4220/3091/4179
f 4220/3091/4179 4225/3096/4184 4218/3089/4177
f 4226/3097/4185 4218/3089/4177 4225/3096/4184
f 4218/3089/4177 4226/3097/4185 4219/3090/4178
f 4225/3096/4184 4227/3098/4186 4226/3097/4185
f 4228/3099/4187 4219/3090/4178 4226/3097/4185
f 4226/3097/4185 4227/3098/4186 4229/3100/4188
f 4230/3101/4189 4228/3099/4187 4226/3097/4185
f 4229/3100/4188 4231/3102/4190 4226/3097/4185
f 4232/3103/4191 4230/3101/4189 4226/3097/4185
f 4233/3104/4192 4226/3097/4185 4231/3102/4190
f 4226/3097/4185 4233/3104/4192 4232/3103/4191
f 4231/3102/4190 4234/3105/4193 4233/3104/4192
f 4235/3106/4194 4232/3103/4191 4233/3104/4192
f 4233/3104/4192 4234/3105/4193 4236/3107/4195
f 4237/3108/4196 4235/3106/4194 4233/3104/4192
f 4236/3107/4195 4238/3109/4197 4233/3104/4192
f 4239/3110/4198 4237/3108/4196 4233/3104/4192
f 4240/3111/4199 4233/3104/4192 4238/3109/4197
f 4233/3104/4192 4240/3111/4199 4239/3110/4198
f 4238/3109/4197 4241/3112/4200 4240/3111/4199
f 4242/3113/4201 4239/3110/4198 4240/3111/4199
f 4241/3112/4200 4243/3114/4202 4240/3111/4199
f 4244/3115/4203 4242/3113/4201 4240/3111/4199
f 4243/3114/4202 4244/3115/4203 4240/3111/4199
f 4247/3082/4204 4246/3083/4205 4245/3084/4206
f 4248/3085/4207 4246/3083/4205 4247/3082/4204
f 4245/3084/4206 4249/3086/4208 4247/3082/4204
f 4247/3082/4204 4250/3087/4209 4248/3085/4207
f 4247/3082/4204 4249/3086/4208 4251/3088/4210
f 4252/3089/4211 4250/3087/4209 4247/3082/4204
f 4247/3082/4204 4251/3088/4210 4252/3089/4211
f 4253/3090/4212 4250/3087/4209 4252/3089/4211
f 4252/3089/4211 4251/3088/4210 4254/3091/4213
f 4251/3088/4210 4255/3092/4214 4254/3091/4213
f 4254/3091/4213 4255/3092/4214 4256/3093/4215
f 4256/3093/4215 4257/3094/4216 4254/3091/4213
f 4254/3091/4213 4257/3094/4216 4258/3095/4217
f 4258/3095/4217 4259/3096/4218 4254/3091/4213
f 4254/3091/4213 4259/3096/4218 4252/3089/4211
f 4260/3097/4219 4252/3089/4211 4259/3096/4218
f 4252/3089/4211 4260/3097/4219 4253/3090/4212
f 4259/3096/4218 4261/3098/4220 4260/3097/4219
f 4262/3099/4221 4253/3090/4212 4260/3097/4219
f 4260/3097/4219 4261/3098/4220 4263/3100/4222
f 4264/3101/4223 4262/3099/4221 4260/3097/4219
f 4263/3100/4222 4265/3102/4224 4260/3097/4219
f 4266/3103/4225 4264/3101/4223 4260/3097/4219
f 4267/3104/4226 4260/3097/4219 4265/3102/4224
f 4260/3097/4219 4267/3104/4226 4266/3103/4225
f 4265/3102/4224 4268/3105/4227 4267/3104/4226
f 4269/3106/4228 4266/3103/4225 4267/3104/4226
f 4267/3104/4226 4268/3105/4227 4270/3107/4229
f 4271/3108/4230 4269/3106/4228 4267/3104/4226
f 4270/3107/4229 4272/3109/4231 4267/3104/4226
f 4273/3110/4232 4271/3108/4230 4267/3104/4226
f 4274/3111/4233 4267/3104/4226 4272/3109/4231
f 4267/3104/4226 4274/3111/4233 4273/3110/4232
f 4272/3109/4231 4275/3112/4234 4274/3111/4233
f 4276/3113/4235 4273/3110/4232 4274/3111/4233
f 4275/3112/4234 4277/3114/4236 4274/3111/4233
f 4278/3115/4237 4276/3113/4235 4274/3111/4233
f 4277/3114/4236 4278/3115/4237 4274/3111/4233
f 4281/3082/4238 4280/3083/4239 4279/3084/4240
f 4282/3085/4241 4280/3083/4239 4281/3082/4238
f 4279/3084/4240 4283/3086/4242 4281/3082/4238
f 4281/3082/4238 4284/3087/4243 4282/3085/4241
f 4281/3082/4238 4283/3086/4242 4285/3088/4244
f 4286/3089/4245 4284/3087/4243 4281/3082/4238
f 4281/3082/4238 4285/3088/4244 4286/3089/4245
f 4287/3090/4246 4284/3087/4243 4286/3089/4245
f 4286/3089/4245 4285/3088/4244 4288/3091/4247
f 4285/3088/4244 4289/3092/4248 4288/3091/4247
f 4288/3091/4247 4289/3092/4248 4290/3093/4249
f 4290/3093/4249 4291/3094/4250 4288/3091/4247
f 4288/3091/4247 4291/3094/4250 4292/3095/4251
f 4292/3095/4251 4293/3096/4252 4288/3091/4247
f 4288/3091/4247 4293/3096/4252 4286/3089/4245
f 4294/3097/4253 4286/3089/4245 4293/3096/4252
f 4286/3089/4245 4294/3097/4253 4287/3090/4246
f 4293/3096/4252 4295/3098/4254 4294/3097/4253
f 4296/3099/4255 4287/3090/4246 4294/3097/4253
f 4294/3097/4253 4295/3098/4254 4297/3100/4256
f 4298/3101/4257 4296/3099/4255 4294/3097/4253
f 4297/3100/4256 4299/3102/4258 4294/3097/4253
f 4300/3103/4259 4298/3101/4257 4294/3097/4253
f 4301/3104/4260 4294/3097/4253 4299/3102/4258
f 4294/3097/4253 4301/3104/4260 4300/3103/4259
f 4299/3102/4258 4302/3105/4261 4301/3104/4260
f 4303/3106/4262 4300/3103/4259 4301/3104/4260
f 4301/3104/4260 4302/3105/4261 4304/3107/4263
f 4305/3108/4264 4303/3106/4262 4301/3104/4260
f 4304/3107/4263 4306/3109/4265 4301/3104/4260
f 4307/3110/4266 4305/3108/4264 4301/3104/4260
f 4308/3111/4267 4301/3104/4260 4306/3109/4265
f 4301/3104/4260 4308/3111/4267 4307/3110/4266
f 4306/3109/4265 4309/3112/4268 4308/3111/4267
f 4310/3113/4269 4307/3110/4266 4308/3111/4267
f 4309/3112/4268 4311/3114/4270 4308/3111/4267
f 4312/3115/4271 4310/3113/4269 4308/3111/4267
f 4311/3114/4270 4312/3115/4271 4308/3111/4267
f 4315/3082/4272 4314/3083/4273 4313/3084/4274
f 4316/3085/4275 4314/3083/4273 4315/3082/4272
f 4313/3084/4274 4317/3086/4276 4315/3082/4272
f 4315/3082/4272 4318/3087/4277 4316/3085/4275
f 4315/3082/4272 4317/3086/4276 4319/3088/4278
f 4320/3089/4279 4318/3087/4277 4315/3082/4272
f 4315/3082/4272 4319/3088/4278 4320/3089/4279
f 4321/3090/4280 4318/3087/4277 4320/3089/4279
f 4320/3089/4279 4319/3088/4278 4322/3091/4281
f 4319/3088/4278 4323/3092/4282 4322/3091/4281
f 4322/3091/4281 4323/3092/4282 4324/3093/4283
f 4324/3093/4283 4325/3094/4284 4322/3091/4281
f 4322/3091/4281 4325/3094/4284 4326/3095/4285
f 4326/3095/4285 4327/3096/4286 4322/3091/4281
f 4322/3091/4281 4327/3096/4286 4320/3089/4279
f 4328/3097/4287 4320/3089/4279 4327/3096/4286
f 4320/3089/4279 4328/3097/4287 4321/3090/4280
f 4327/3096/4286 4329/3098/4288 4328/3097/4287
f 4330/3099/4289 4321/3090/4280 4328/3097/4287
f 4328/3097/4287 4329/3098/4288 4331/3100/4290
f 4332/3101/4291 4330/3099/4289 4328/3097/4287
f 4331/3100/4290 4333/3102/4292 4328/3097/4287
f 4334/3103/4293 4332/3101/4291 4328/3097/4287
f 4335/3104/4294 4328/3097/4287 4333/3102/4292
f 4328/3097/4287 4335/3104/4294 4334/3103/4293
f 4333/3102/4292 4336/3105/4295 4335/3104/4294
f 4337/3106/4296 4334/3103/4293 4335/3104/4294
f 4335/3104/4294 4336/3105/4295 4338/3107/4297
f 4339/3108/4298 4337/3106/4296 4335/3104/4294
f 4338/3107/4297 4340/3109/4299 4335/3104/4294
f 4341/3110/4300 4339/3108/4298 4335/3104/4294
f 4342/3111/4301 4335/3104/4294 4340/3109/4299
f 4335/3104/4294 4342/3111/4301 4341/3110/4300
f 4340/3109/4299 4343/3112/4302 4342/3111/4301
f 4344/3113/4303 4341/3110/4300 4342/3111/4301
f 4343/3112/4302 4345/3114/4304 4342/3111/4301
f 4346/3115/4305 4344/3113/4303 4342/3111/4301
f 4345/3114/4304 4346/3115/4305 4342/3111/4301
f 4347/3116/4306 4181/3117/4307 4177/3118/4308
f 4183/3119/4309 4181/3117/4307 4347/3116/4306
f 4177/3118/4308 4348/3120/4310 4347/3116/4306
f 4348/3120/4310 4177/3118/4308 4178/3121/4311
f 4348/3120/4310 4349/3122/4312 4347/3116/4306
f 4178/3121/4311 4349/3122/4312 4348/3120/4310
f 4347/3116/4306 4350/3123/4313 4183/3119/4309
f 4350/3123/4313 4347/3116/4306 4349/3122/4312
f 4351/3124/4314 4349/3122/4312 4178/3121/4311
f 4349/3122/4312 4351/3124/4314 4350/3123/4313
f 4178/3121/4311 4180/3125/4315 4351/3124/4314
f 4352/3126/4316 4351/3124/4314 4180/3125/4315
f 4350/3123/4313 4351/3124/4314 4352/3126/4316
f 4180/3125/4315 4182/3127/4317 4352/3126/4316
f 4353/3128/4318 4352/3126/4316 4182/3127/4317
f 4182/3127/4317 4185/3129/4319 4353/3128/4318
f 4354/3130/4320 4352/3126/4316 4353/3128/4318
f 4352/3126/4316 4354/3130/4320 4350/3123/4313
f 4355/3131/4321 4353/3128/4318 4185/3129/4319
f 4354/3130/4320 4353/3128/4318 4355/3131/4321
f 4185/3129/4319 4194/3132/4322 4355/3131/4321
f 4356/3133/4323 4355/3131/4321 4194/3132/4322
f 4194/3132/4322 4196/3134/4324 4356/3133/4323
f 4356/3133/4323 4357/3135/4325 4355/3131/4321
f 4355/3131/4321 4357/3135/4325 4354/3130/4320
f 4358/3136/4326 4356/3133/4323 4196/3134/4324
f 4357/3135/4325 4356/3133/4323 4358/3136/4326
f 4196/3134/4324 4198/3137/4327 4358/3136/4326
f 4359/3138/4328 4358/3136/4326 4198/3137/4327
f 4198/3137/4327 4201/3139/4329 4359/3138/4328
f 4358/3136/4326 4359/3138/4328 4360/3140/4330
f 4358/3136/4326 4360/3140/4330 4357/3135/4325
f 4361/3141/4331 4359/3138/4328 4201/3139/4329
f 4359/3138/4328 4361/3141/4331 4360/3140/4330
f 4201/3139/4329 4203/3142/4332 4361/3141/4331
f 4362/3143/4333 4361/3141/4331 4203/3142/4332
f 4203/3142/4332 4205/3144/4334 4362/3143/4333
f 4361/3141/4331 4362/3143/4333 4363/3145/4335
f 4363/3145/4335 4360/3140/4330 4361/3141/4331
f 4364/3146/4336 4362/3143/4333 4205/3144/4334
f 4363/3145/4335 4362/3143/4333 4364/3146/4336
f 4205/3144/4334 4208/3147/4337 4364/3146/4336
f 4365/3148/4338 4364/3146/4336 4208/3147/4337
f 4364/3146/4336 4365/3148/4338 4363/3145/4335
f 4208/3147/4337 4210/3149/4339 4365/3148/4338
f 4366/3150/4340 4365/3148/4338 4210/3149/4339
f 4366/3150/4340 4363/3145/4335 4365/3148/4338
f 4210/3149/4339 4209/3151/4341 4366/3150/4340
f 4366/3150/4340 4367/3152/4342 4363/3145/4335
f 4367/3152/4342 4366/3150/4340 4209/3151/4341
f 4360/3140/4330 4363/3145/4335 4367/3152/4342
f 4209/3151/4341 4207/3153/4343 4367/3152/4342
f 4368/3154/4344 4367/3152/4342 4207/3153/4343
f 4367/3152/4342 4368/3154/4344 4360/3140/4330
f 4207/3153/4343 4204/3155/4345 4368/3154/4344
f 4369/3156/4346 4368/3154/4344 4204/3155/4345
f 4360/3140/4330 4368/3154/4344 4369/3156/4346
f 4204/3155/4345 4202/3157/4347 4369/3156/4346
f 4370/3158/4348 4369/3156/4346 4202/3157/4347
f 4360/3140/4330 4369/3156/4346 4370/3158/4348
f 4202/3157/4347 4200/3159/4349 4370/3158/4348
f 4360/3140/4330 4370/3158/4348 4371/3160/4350
f 4371/3160/4350 4370/3158/4348 4200/3159/4349
f 4371/3160/4350 4357/3135/4325 4360/3140/4330
f 4200/3159/4349 4197/3161/4351 4371/3160/4350
f 4357/3135/4325 4371/3160/4350 4372/3162/4352
f 4372/3162/4352 4371/3160/4350 4197/3161/4351
f 4354/3130/4320 4357/3135/4325 4372/3162/4352
f 4197/3161/4351 4195/3163/4353 4372/3162/4352
f 4373/3164/4354 4372/3162/4352 4195/3163/4353
f 4372/3162/4352 4373/3164/4354 4354/3130/4320
f 4195/3163/4353 4193/3165/4355 4373/3164/4354
f 4354/3130/4320 4373/3164/4354 4374/3166/4356
f 4374/3166/4356 4373/3164/4354 4193/3165/4355
f 4350/3123/4313 4354/3130/4320 4374/3166/4356
f 4193/3165/4355 4191/3167/4357 4374/3166/4356
f 4375/3168/4358 4374/3166/4356 4191/3167/4357
f 4374/3166/4356 4375/3168/4358 4350/3123/4313
f 4191/3167/4357 4190/3169/4359 4375/3168/4358
f 4376/3170/4360 4350/3123/4313 4375/3168/4358
f 4183/3119/4309 4350/3123/4313 4376/3170/4360
f 4376/3170/4360 4187/3171/4361 4183/3119/4309
f 4377/3172/4362 4375/3168/4358 4190/3169/4359
f 4375/3168/4358 4377/3172/4362 4376/3170/4360
f 4190/3169/4359 4189/3173/4363 4377/3172/4362
f 4377/3172/4362 4189/3173/4363 4188/3174/4364
f 4187/3171/4361 4376/3170/4360 4378/3175/4365
f 4378/3175/4365 4188/3174/4364 4187/3171/4361
f 4378/3175/4365 4376/3170/4360 4377/3172/4362
f 4188/3174/4364 4378/3175/4365 4377/3172/4362
f 4379/3176/4366 4215/3177/4367 4211/3178/4368
f 4217/3179/4369 4215/3177/4367 4379/3176/4366
f 4211/3178/4368 4380/3180/4370 4379/3176/4366
f 4380/3180/4370 4211/3178/4368 4212/3181/4371
f 4380/3180/4370 4381/3182/4372 4379/3176/4366
f 4212/3181/4371 4381/3182/4372 4380/3180/4370
f 4379/3176/4366 4382/3183/4373 4217/3179/4369
f 4382/3183/4373 4379/3176/4366 4381/3182/4372
f 4383/3184/4374 4381/3182/4372 4212/3181/4371
f 4381/3182/4372 4383/3184/4374 4382/3183/4373
f 4212/3181/4371 4214/3185/4375 4383/3184/4374
f 4384/3186/4376 4383/3184/4374 4214/3185/4375
f 4382/3183/4373 4383/3184/4374 4384/3186/4376
f 4214/3185/4375 4216/3187/4377 4384/3186/4376
f 4385/3188/4378 4384/3186/4376 4216/3187/4377
f 4216/3187/4377 4219/3189/4379 4385/3188/4378
f 4386/3190/4380 4384/3186/4376 4385/3188/4378
f 4384/3186/4376 4386/3190/4380 4382/3183/4373
f 4387/3191/4381 4385/3188/4378 4219/3189/4379
f 4386/3190/4380 4385/3188/4378 4387/3191/4381
f 4219/3189/4379 4228/3192/4382 4387/3191/4381
f 4388/3193/4383 4387/3191/4381 4228/3192/4382
f 4228/3192/4382 4230/3194/4384 4388/3193/4383
f 4388/3193/4383 4389/3195/4385 4387/3191/4381
f 4387/3191/4381 4389/3195/4385 4386/3190/4380
f 4390/3196/4386 4388/3193/4383 4230/3194/4384
f 4389/3195/4385 4388/3193/4383 4390/3196/4386
f 4230/3194/4384 4232/3197/4387 4390/3196/4386
f 4391/3198/4388 4390/3196/4386 4232/3197/4387
f 4232/3197/4387 4235/3199/4389 4391/3198/4388
f 4390/3196/4386 4391/3198/4388 4392/3200/4390
f 4390/3196/4386 4392/3200/4390 4389/3195/4385
f 4393/3201/4391 4391/3198/4388 4235/3199/4389
f 4391/3198/4388 4393/3201/4391 4392/3200/4390
f 4235/3199/4389 4237/3202/4392 4393/3201/4391
f 4394/3203/4393 4393/3201/4391 4237/3202/4392
f 4237/3202/4392 4239/3204/4394 4394/3203/4393
f 4393/3201/4391 4394/3203/4393 4395/3205/4395
f 4395/3205/4395 4392/3200/4390 4393/3201/4391
f 4396/3206/4396 4394/3203/4393 4239/3204/4394
f 4395/3205/4395 4394/3203/4393 4396/3206/4396
f 4239/3204/4394 4242/3207/4397 4396/3206/4396
f 4397/3208/4398 4396/3206/4396 4242/3207/4397
f 4396/3206/4396 4397/3208/4398 4395/3205/4395
f 4242/3207/4397 4244/3209/4399 4397/3208/4398
f 4398/3210/4400 4397/3208/4398 4244/3209/4399
f 4398/3210/4400 4395/3205/4395 4397/3208/4398
f 4244/3209/4399 4243/3211/4401 4398/3210/4400
f 4398/3210/4400 4399/3212/4402 4395/3205/4395
f 4399/3212/4402 4398/3210/4400 4243/3211/4401
f 4392/3200/4390 4395/3205/4395 4399/3212/4402
f 4243/3211/4401 4241/3213/4403 4399/3212/4402
f 4400/3214/4404 4399/3212/4402 4241/3213/4403
f 4399/3212/4402 4400/3214/4404 4392/3200/4390
f 4241/3213/4403 4238/3215/4405 4400/3214/4404
f 4401/3216/4406 4400/3214/4404 4238/3215/4405
f 4392/3200/4390 4400/3214/4404 4401/3216/4406
f 4238/3215/4405 4236/3217/4407 4401/3216/4406
f 4402/3218/4408 4401/3216/4406 4236/3217/4407
f 4392/3200/4390 4401/3216/4406 4402/3218/4408
f 4236/3217/4407 4234/3219/4409 4402/3218/4408
f 4392/3200/4390 4402/3218/4408 4403/3220/4410
f 4403/3220/4410 4402/3218/4408 4234/3219/4409
f 4403/3220/4410 4389/3195/4385 4392/3200/4390
f 4234/3219/4409 4231/3221/4411 4403/3220/4410
f 4389/3195/4385 4403/3220/4410 4404/3222/4412
f 4404/3222/4412 4403/3220/4410 4231/3221/4411
f 4386/3190/4380 4389/3195/4385 4404/3222/4412
f 4231/3221/4411 4229/3223/4413 4404/3222/4412
f 4405/3224/4414 4404/3222/4412 4229/3223/4413
f 4404/3222/4412 4405/3224/4414 4386/3190/4380
f 4229/3223/4413 4227/3225/4415 4405/3224/4414
f 4386/3190/4380 4405/3224/4414 4406/3226/4416
f 4406/3226/4416 4405/3224/4414 4227/3225/4415
f 4382/3183/4373 4386/3190/4380 4406/3226/4416
f 4227/3225/4415 4225/3227/4417 4406/3226/4416
f 4407/3228/4418 4406/3226/4416 4225/3227/4417
f 4406/3226/4416 4407/3228/4418 4382/3183/4373
f 4225/3227/4417 4224/3229/4419 4407/3228/4418
f 4408/3230/4420 4382/3183/4373 4407/3228/4418
f 4217/3179/4369 4382/3183/4373 4408/3230/4420
f 4408/3230/4420 4221/3231/4421 4217/3179/4369
f 4409/3232/4422 4407/3228/4418 4224/3229/4419
f 4407/3228/4418 4409/3232/4422 4408/3230/4420
f 4224/3229/4419 4223/3233/4423 4409/3232/4422
f 4409/3232/4422 4223/3233/4423 4222/3234/4424
f 4221/3231/4421 4408/3230/4420 4410/3235/4425
f 4410/3235/4425 4222/3234/4424 4221/3231/4421
f 4410/3235/4425 4408/3230/4420 4409/3232/4422
f 4222/3234/4424 4410/3235/4425 4409/3232/4422
f 4411/3236/4426 4249/3237/4427 4245/3238/4428
f 4251/3239/4429 4249/3237/4427 4411/3236/4426
f 4245/3238/4428 4412/3240/4430 4411/3236/4426
f 4412/3240/4430 4245/3238/4428 4246/3241/4431
f 4412/3240/4430 4413/3242/4432 4411/3236/4426
f 4246/3241/4431 4413/3242/4432 4412/3240/4430
f 4411/3236/4426 4414/3243/4433 4251/3239/4429
f 4414/3243/4433 4411/3236/4426 4413/3242/4432
f 4415/3244/4434 4413/3242/4432 4246/3241/4431
f 4413/3242/4432 4415/3244/4434 4414/3243/4433
f 4246/3241/4431 4248/3245/4435 4415/3244/4434
f 4416/3246/4436 4415/3244/4434 4248/3245/4435
f 4414/3243/4433 4415/3244/4434 4416/3246/4436
f 4248/3245/4435 4250/3247/4437 4416/3246/4436
f 4417/3248/4438 4416/3246/4436 4250/3247/4437
f 4250/3247/4437 4253/3249/4439 4417/3248/4438
f 4418/3250/4440 4416/3246/4436 4417/3248/4438
f 4416/3246/4436 4418/3250/4440 4414/3243/4433
f 4419/3251/4441 4417/3248/4438 4253/3249/4439
f 4418/3250/4440 4417/3248/4438 4419/3251/4441
f 4253/3249/4439 4262/3252/4442 4419/3251/4441
f 4420/3253/4443 4419/3251/4441 4262/3252/4442
f 4262/3252/4442 4264/3254/4444 4420/3253/4443
f 4420/3253/4443 4421/3255/4445 4419/3251/4441
f 4419/3251/4441 4421/3255/4445 4418/3250/4440
f 4422/3256/4446 4420/3253/4443 4264/3254/4444
f 4421/3255/4445 4420/3253/4443 4422/3256/4446
f 4264/3254/4444 4266/3257/4447 4422/3256/4446
f 4423/3258/4448 4422/3256/4446 4266/3257/4447
f 4266/3257/4447 4269/3259/4449 4423/3258/4448
f 4422/3256/4446 4423/3258/4448 4424/3260/4450
f 4422/3256/4446 4424/3260/4450 4421/3255/4445
f 4425/3261/4451 4423/3258/4448 4269/3259/4449
f 4423/3258/4448 4425/3261/4451 4424/3260/4450
f 4269/3259/4449 4271/3262/4452 4425/3261/4451
f 4426/3263/4453 4425/3261/4451 4271/3262/4452
f 4271/3262/4452 4273/3264/4454 4426/3263/4453
f 4425/3261/4451 4426/3263/4453 4427/3265/4455
f 4427/3265/4455 4424/3260/4450 4425/3261/4451
f 4428/3266/4456 4426/3263/4453 4273/3264/4454
f 4427/3265/4455 4426/3263/4453 4428/3266/4456
f 4273/3264/4454 4276/3267/4457 4428/3266/4456
f 4429/3268/4458 4428/3266/4456 4276/3267/4457
f 4428/3266/4456 4429/3268/4458 4427/3265/4455
f 4276/3267/4457 4278/3269/4459 4429/3268/4458
f 4430/3270/4460 4429/3268/4458 4278/3269/4459
f 4430/3270/4460 4427/3265/4455 4429/3268/4458
f 4278/3269/4459 4277/3271/4461 4430/3270/4460
f 4430/3270/4460 4431/3272/4462 4427/3265/4455
f 4431/3272/4462 4430/3270/4460 4277/3271/4461
f 4424/3260/4450 4427/3265/4455 4431/3272/4462
f 4277/3271/4461 4275/3273/4463 4431/3272/4462
f 4432/3274/4464 4431/3272/4462 4275/3273/4463
f 4431/3272/4462 4432/3274/4464 4424/3260/4450
f 4275/3273/4463 4272/3275/4465 4432/3274/4464
f 4433/3276/4466 4432/3274/4464 4272/3275/4465
f 4424/3260/4450 4432/3274/4464 4433/3276/4466
f 4272/3275/4465 4270/3277/4467 4433/3276/4466
f 4434/3278/4468 4433/3276/4466 4270/3277/4467
f 4424/3260/4450 4433/3276/4466 4434/3278/4468
f 4270/3277/4467 4268/3279/4469 4434/3278/4468
f 4424/3260/4450 4434/3278/4468 4435/3280/4470
f 4435/3280/4470 4434/3278/4468 4268/3279/4469
f 4435/3280/4470 4421/3255/4445 4424/3260/4450
f 4268/3279/4469 4265/3281/4471 4435/3280/4470
f 4421/3255/4445 4435/3280/4470 4436/3282/4472
f 4436/3282/4472 4435/3280/4470 4265/3281/4471
f 4418/3250/4440 4421/3255/4445 4436/3282/4472
f 4265/3281/4471 4263/3283/4473 4436/3282/4472
f 4437/3284/4474 4436/3282/4472 4263/3283/4473
f 4436/3282/4472 4437/3284/4474 4418/3250/4440
f 4263/3283/4473 4261/3285/4475 4437/3284/4474
f 4418/3250/4440 4437/3284/4474 4438/3286/4476
f 4438/3286/4476 4437/3284/4474 4261/3285/4475
f 4414/3243/4433 4418/3250/4440 4438/3286/4476
f 4261/3285/4475 4259/3287/4477 4438/3286/4476
f 4439/3288/4478 4438/3286/4476 4259/3287/4477
f 4438/3286/4476 4439/3288/4478 4414/3243/4433
f 4259/3287/4477 4258/3289/4479 4439/3288/4478
f 4440/3290/4480 4414/3243/4433 4439/3288/4478
f 4251/3239/4429 4414/3243/4433 4440/3290/4480
f 4440/3290/4480 4255/3291/4481 4251/3239/4429
f 4441/3292/4482 4439/3288/4478 4258/3289/4479
f 4439/3288/4478 4441/3292/4482 4440/3290/4480
f 4258/3289/4479 4257/3293/4483 4441/3292/4482
f 4441/3292/4482 4257/3293/4483 4256/3294/4484
f 4255/3291/4481 4440/3290/4480 4442/3295/4485
f 4442/3295/4485 4256/3294/4484 4255/3291/4481
f 4442/3295/4485 4440/3290/4480 4441/3292/4482
f 4256/3294/4484 4442/3295/4485 4441/3292/4482
f 4443/3296/4486 4283/3297/4487 4279/3298/4488
f 4285/3299/4489 4283/3297/4487 4443/3296/4486
f 4279/3298/4488 4444/3300/4490 4443/3296/4486
f 4444/3300/4490 4279/3298/4488 4280/3301/4491
f 4444/3300/4490 4445/3302/4492 4443/3296/4486
f 4280/3301/4491 4445/3302/4492 4444/3300/4490
f 4443/3296/4486 4446/3303/4493 4285/3299/4489
f 4446/3303/4493 4443/3296/4486 4445/3302/4492
f 4447/3304/4494 4445/3302/4492 4280/3301/4491
f 4445/3302/4492 4447/3304/4494 4446/3303/4493
f 4280/3301/4491 4282/3305/4495 4447/3304/4494
f 4448/3306/4496 4447/3304/4494 4282/3305/4495
f 4446/3303/4493 4447/3304/4494 4448/3306/4496
f 4282/3305/4495 4284/3307/4497 4448/3306/4496
f 4449/3308/4498 4448/3306/4496 4284/3307/4497
f 4284/3307/4497 4287/3309/4499 4449/3308/4498
f 4450/3310/4500 4448/3306/4496 4449/3308/4498
f 4448/3306/4496 4450/3310/4500 4446/3303/4493
f 4451/3311/4501 4449/3308/4498 4287/3309/4499
f 4450/3310/4500 4449/3308/4498 4451/3311/4501
f 4287/3309/4499 4296/3312/4502 4451/3311/4501
f 4452/3313/4503 4451/3311/4501 4296/3312/4502
f 4296/3312/4502 4298/3314/4504 4452/3313/4503
f 4452/3313/4503 4453/3315/4505 4451/3311/4501
f 4451/3311/4501 4453/3315/4505 4450/3310/4500
f 4454/3316/4506 4452/3313/4503 4298/3314/4504
f 4453/3315/4505 4452/3313/4503 4454/3316/4506
f 4298/3314/4504 4300/3317/4507 4454/3316/4506
f 4455/3318/4508 4454/3316/4506 4300/3317/4507
f 4300/3317/4507 4303/3319/4509 4455/3318/4508
f 4454/3316/4506 4455/3318/4508 4456/3320/4510
f 4454/3316/4506 4456/3320/4510 4453/3315/4505
f 4457/3321/4511 4455/3318/4508 4303/3319/4509
f 4455/3318/4508 4457/3321/4511 4456/3320/4510
f 4303/3319/4509 4305/3322/4512 4457/3321/4511
f 4458/3323/4513 4457/3321/4511 4305/3322/4512
f 4305/3322/4512 4307/3324/4514 4458/3323/4513
f 4457/3321/4511 4458/3323/4513 4459/3325/4515
f 4459/3325/4515 4456/3320/4510 4457/3321/4511
f 4460/3326/4516 4458/3323/4513 4307/3324/4514
f 4459/3325/4515 4458/3323/4513 4460/3326/4516
f 4307/3324/4514 4310/3327/4517 4460/3326/4516
f 4461/3328/4518 4460/3326/4516 4310/3327/4517
f 4460/3326/4516 4461/3328/4518 4459/3325/4515
f 4310/3327/4517 4312/3329/4519 4461/3328/4518
f 4462/3330/4520 4461/3328/4518 4312/3329/4519
f 4462/3330/4520 4459/3325/4515 4461/3328/4518
f 4312/3329/4519 4311/3331/4521 4462/3330/4520
f 4462/3330/4520 4463/3332/4522 4459/3325/4515
f 4463/3332/4522 4462/3330/4520 4311/3331/4521
f 4456/3320/4510 4459/3325/4515 4463/3332/4522
f 4311/3331/4521 4309/3333/4523 4463/3332/4522
f 4464/3334/4524 4463/3332/4522 4309/3333/4523
f 4463/3332/4522 4464/3334/4524 4456/3320/4510
f 4309/3333/4523 4306/3335/4525 4464/3334/4524
f 4465/3336/4526 4464/3334/4524 4306/3335/4525
f 4456/3320/4510 4464/3334/4524 4465/3336/4526
f 4306/3335/4525 4304/3337/4527 4465/3336/4526
f 4466/3338/4528 4465/3336/4526 4304/3337/4527
f 4456/3320/4510 4465/3336/4526 4466/3338/4528
f 4304/3337/4527 4302/3339/4529 4466/3338/4528
f 4456/3320/4510 4466/3338/4528 4467/3340/4530
f 4467/3340/4530 4466/3338/4528 4302/3339/4529
f 4467/3340/4530 4453/3315/4505 4456/3320/4510
f 4302/3339/4529 4299/3341/4531 4467/3340/4530
f 4453/3315/4505 4467/3340/4530 4468/3342/4532
f 4468/3342/4532 4467/3340/4530 4299/3341/4531
f 4450/3310/4500 4453/3315/4505 4468/3342/4532
f 4299/3341/4531 4297/3343/4533 4468/3342/4532
f 4469/3344/4534 4468/3342/4532 4297/3343/4533
f 4468/3342/4532 4469/3344/4534 4450/3310/4500
f 4297/3343/4533 4295/3345/4535 4469/3344/4534
f 4450/3310/4500 4469/3344/4534 4470/3346/4536
f 4470/3346/4536 4469/3344/4534 4295/3345/4535
f 4446/3303/4493 4450/3310/4500 4470/3346/4536
f 4295/3345/4535 4293/3347/4537 4470/3346/4536
f 4471/3348/4538 4470/3346/4536 4293/3347/4537
f 4470/3346/4536 4471/3348/4538 4446/3303/4493
f 4293/3347/4537 4292/3349/4539 4471/3348/4538
f 4472/3350/4540 4446/3303/4493 4471/3348/4538
f 4285/3299/4489 4446/3303/4493 4472/3350/4540
f 4472/3350/4540 4289/3351/4541 4285/3299/4489
f 4473/3352/4542 4471/3348/4538 4292/3349/4539
f 4471/3348/4538 4473/3352/4542 4472/3350/4540
f 4292/3349/4539 4291/3353/4543 4473/3352/4542
f 4473/3352/4542 4291/3353/4543 4290/3354/4544
f 4289/3351/4541 4472/3350/4540 4474/3355/4545
f 4474/3355/4545 4290/3354/4544 4289/3351/4541
f 4474/3355/4545 4472/3350/4540 4473/3352/4542
f 4290/3354/4544 4474/3355/4545 4473/3352/4542
f 4475/3356/4546 4317/3357/4547 4313/3358/4548
f 4319/3359/4549 4317/3357/4547 4475/3356/4546
f 4313/3358/4548 4476/3360/4550 4475/3356/4546
f 4476/3360/4550 4313/3358/4548 4314/3361/4551
f 4476/3360/4550 4477/3362/4552 4475/3356/4546
f 4314/3361/4551 4477/3362/4552 4476/3360/4550
f 4475/3356/4546 4478/3363/4553 4319/3359/4549
f 4478/3363/4553 4475/3356/4546 4477/3362/4552
f 4479/3364/4554 4477/3362/4552 4314/3361/4551
f 4477/3362/4552 4479/3364/4554 4478/3363/4553
f 4314/3361/4551 4316/3365/4555 4479/3364/4554
f 4480/3366/4556 4479/3364/4554 4316/3365/4555
f 4478/3363/4553 4479/3364/4554 4480/3366/4556
f 4316/3365/4555 4318/3367/4557 4480/3366/4556
f 4481/3368/4558 4480/3366/4556 4318/3367/4557
f 4318/3367/4557 4321/3369/4559 4481/3368/4558
f 4482/3370/4560 4480/3366/4556 4481/3368/4558
f 4480/3366/4556 4482/3370/4560 4478/3363/4553
f 4483/3371/4561 4481/3368/4558 4321/3369/4559
f 4482/3370/4560 4481/3368/4558 4483/3371/4561
f 4321/3369/4559 4330/3372/4562 4483/3371/4561
f 4484/3373/4563 4483/3371/4561 4330/3372/4562
f 4330/3372/4562 4332/3374/4564 4484/3373/4563
f 4484/3373/4563 4485/3375/4565 4483/3371/4561
f 4483/3371/4561 4485/3375/4565 4482/3370/4560
f 4486/3376/4566 4484/3373/4563 4332/3374/4564
f 4485/3375/4565 4484/3373/4563 4486/3376/4566
f 4332/3374/4564 4334/3377/4567 4486/3376/4566
f 4487/3378/4568 4486/3376/4566 4334/3377/4567
f 4334/3377/4567 4337/3379/4569 4487/3378/4568
f 4486/3376/4566 4487/3378/4568 4488/3380/4570
f 4486/3376/4566 4488/3380/4570 4485/3375/4565
f 4489/3381/4571 4487/3378/4568 4337/3379/4569
f 4487/3378/4568 4489/3381/4571 4488/3380/4570
f 4337/3379/4569 4339/3382/4572 4489/3381/4571
f 4490/3383/4573 4489/3381/4571 4339/3382/4572
f 4339/3382/4572 4341/3384/4574 4490/3383/4573
f 4489/3381/4571 4490/3383/4573 4491/3385/4575
f 4491/3385/4575 4488/3380/4570 4489/3381/4571
f 4492/3386/4576 4490/3383/4573 4341/3384/4574
f 4491/3385/4575 4490/3383/4573 4492/3386/4576
f 4341/3384/4574 4344/3387/4577 4492/3386/4576
f 4493/3388/4578 4492/3386/4576 4344/3387/4577
f 4492/3386/4576 4493/3388/4578 4491/3385/4575
f 4344/3387/4577 4346/3389/4579 4493/3388/4578
f 4494/3390/4580 4493/3388/4578 4346/3389/4579
f 4494/3390/4580 4491/3385/4575 4493/3388/4578
f 4346/3389/4579 4345/3391/4581 4494/3390/4580
f 4494/3390/4580 4495/3392/4582 4491/3385/4575
f 4495/3392/4582 4494/3390/4580 4345/3391/4581
f 4488/3380/4570 4491/3385/4575 4495/3392/4582
f 4345/3391/4581 4343/3393/4583 4495/3392/4582
f 4496/3394/4584 4495/3392/4582 4343/3393/4583
f 4495/3392/4582 4496/3394/4584 4488/3380/4570
f 4343/3393/4583 4340/3395/4585 4496/3394/4584
f 4497/3396/4586 4496/3394/4584 4340/3395/4585
f 4488/3380/4570 4496/3394/4584 4497/3396/4586
f 4340/3395/4585 4338/3397/4587 4497/3396/4586
f 4498/3398/4588 4497/3396/4586 4338/3397/4587
f 4488/3380/4570 4497/3396/4586 4498/3398/4588
f 4338/3397/4587 4336/3399/4589 4498/3398/4588
f 4488/3380/4570 4498/3398/4588 4499/3400/4590
f 4499/3400/4590 4498/3398/4588 4336/3399/4589
f 4499/3400/4590 4485/3375/4565 4488/3380/4570
f 4336/3399/4589 4333/3401/4591 4499/3400/4590
f 4485/3375/4565 4499/3400/4590 4500/3402/4592
f 4500/3402/4592 4499/3400/4590 4333/3401/4591
f 4482/3370/4560 4485/3375/4565 4500/3402/4592
f 4333/3401/4591 4331/3403/4593 4500/3402/4592
f 4501/3404/4594 4500/3402/4592 4331/3403/4593
f 4500/3402/4592 4501/3404/4594 4482/3370/4560
f 4331/3403/4593 4329/3405/4595 4501/3404/4594
f 4482/3370/4560 4501/3404/4594 4502/3406/4596
f 4502/3406/4596 4501/3404/4594 4329/3405/4595
f 4478/3363/4553 4482/3370/4560 4502/3406/4596
f 4329/3405/4595 4327/3407/4597 4502/3406/4596
f 4503/3408/4598 4502/3406/4596 4327/3407/4597
f 4502/3406/4596 4503/3408/4598 4478/3363/4553
f 4327/3407/4597 4326/3409/4599 4503/3408/4598
f 4504/3410/4600 4478/3363/4553 4503/3408/4598
f 4319/3359/4549 4478/3363/4553 4504/3410/4600
f 4504/3410/4600 4323/3411/4601 4319/3359/4549
f 4505/3412/4602 4503/3408/4598 4326/3409/4599
f 4503/3408/4598 4505/3412/4602 4504/3410/4600
f 4326/3409/4599 4325/3413/4603 4505/3412/4602
f 4505/3412/4602 4325/3413/4603 4324/3414/4604
f 4323/3411/4601 4504/3410/4600 4506/3415/4605
f 4506/3415/4605 4324/3414/4604 4323/3411/4601
f 4506/3415/4605 4504/3410/4600 4505/3412/4602
f 4324/3414/4604 4506/3415/4605 4505/3412/4602
f 4509/3416/4606 4508/3417/4606 4507/3418/4607
f 4507/3418/4607 4510/3419/4607 4509/3416/4606
f 4510/3419/4607 4507/3418/4607 4511/3420/4608
f 4511/3420/4608 4512/3421/4608 4510/3419/4607
f 4512/3421/4608 4511/3420/4608 4513/3422/4609
f 4513/3422/4609 4514/3423/4609 4512/3421/4608
f 4514/3423/4609 4513/3422/4609 4515/3424/4610
f 4515/3424/4610 4516/3425/4610 4514/3423/4609
f 4516/3425/4610 4515/3424/4610 4517/3426/4611
f 4517/3426/4611 4518/3427/4611 4516/3425/4610
f 4518/3427/4611 4517/3426/4611 4519/3428/4612
f 4519/3428/4612 4520/3429/4612 4518/3427/4611
f 4520/3429/4612 4519/3428/4612 4521/3430/4613
f 4521/3430/4613 4522/3431/4613 4520/3429/4612
f 4522/3431/4613 4521/3430/4613 4523/3432/4614
f 4523/3432/4614 4524/3433/4614 4522/3431/4613
f 4524/3433/4614 4523/3432/4614 4525/3434/4615
f 4525/3434/4615 4526/3435/4616 4524/3433/4614
f 4526/3435/4616 4525/3434/4615 4527/3436/4617
f 4527/3436/4617 4528/3437/4617 4526/3435/4616
f 4528/3437/4617 4527/3436/4617 4529/3438/4618
f 4529/3438/4618 4530/3439/4618 4528/3437/4617
f 4530/3439/4618 4529/3438/4618 4531/3440/4619
f 4531/3440/4619 4532/3441/4619 4530/3439/4618
f 4532/3441/4619 4531/3440/4619 4533/3442/4620
f 4533/3442/4620 4534/3443/4620 4532/3441/4619
f 4534/3443/4620 4533/3442/4620 4535/3444/4621
f 4535/3444/4621 4536/3445/4621 4534/3443/4620
f 4536/3445/4621 4535/3444/4621 4537/3446/4622
f 4537/3446/4622 4538/3447/4622 4536/3445/4621
f 4538/3447/4622 4537/3446/4622 4508/3448/4606
f 4508/3448/4606 4509/3449/4606 4538/3447/4622
f 4539/3450/4623 4509/3416/4623 4510/3419/4624
f 4510/3419/4624 4540/3451/4624 4539/3450/4623
f 4540/3451/4624 4510/3419/4624 4512/3421/4625
f 4512/3421/4625 4541/3452/4625 4540/3451/4624
f 4541/3452/4625 4512/3421/4625 4514/3423/4626
f 4514/3423/4626 4542/3453/4626 4541/3452/4625
f 4542/3453/4626 4514/3423/4626 4516/3425/4627
f 4516/3425/4627 4543/3454/4627 4542/3453/4626
f 4543/3454/4627 4516/3425/4627 4518/3427/4628
f 4518/3427/4628 4544/3455/4628 4543/3454/4627
f 4544/3455/4628 4518/3427/4628 4520/3429/4629
f 4520/3429/4629 4545/3456/4629 4544/3455/4628
f 4545/3456/4629 4520/3429/4629 4522/3431/4630
f 4522/3431/4630 4546/3457/4630 4545/3456/4629
f 4546/3457/4630 4522/3431/4630 4524/3433/4631
f 4524/3433/4631 4547/3458/4631 4546/3457/4630
f 4547/3458/4631 4524/3433/4631 4526/3435/4632
f 4526/3435/4632 4548/3459/4632 4547/3458/4631
f 4548/3459/4632 4526/3435/4632 4528/3437/4633
f 4528/3437/4633 4549/3460/4633 4548/3459/4632
f 4549/3460/4633 4528/3437/4633 4530/3439/4634
f 4530/3439/4634 4550/3461/4634 4549/3460/4633
f 4550/3461/4634 4530/3439/4634 4532/3441/4635
f 4532/3441/4635 4551/3462/4635 4550/3461/4634
f 4551/3462/4635 4532/3441/4635 4534/3443/4636
f 4534/3443/4636 4552/3463/4636 4551/3462/4635
f 4552/3463/4636 4534/3443/4636 4536/3445/4637
f 4536/3445/4637 4553/3464/4637 4552/3463/4636
f 4553/3464/4637 4536/3445/4637 4538/3447/4638
f 4538/3447/4638 4554/3465/4638 4553/3464/4637
f 4554/3465/4638 4538/3447/4638 4509/3449/4623
f 4509/3449/4623 4539/3466/4623 4554/3465/4638
f 4539/3466/4639 4556/3467/4639 4555/3468/4640
f 4555/3468/4640 4554/3465/4640 4539/3466/4639
f 4554/3465/4640 4555/3468/4640 4557/3469/4641
f 4557/3469/4641 4553/3464/4641 4554/3465/4640
f 4553/3464/4641 4557/3469/4641 4558/3470/4642
f 4558/3470/4642 4552/3463/4642 4553/3464/4641
f 4552/3463/4642 4558/3470/4642 4559/3471/4643
f 4559/3471/4643 4551/3462/4643 4552/3463/4642
f 4551/3462/4643 4559/3471/4643 4560/3472/4644
f 4560/3472/4644 4550/3461/4644 4551/3462/4643
f 4550/3461/4644 4560/3472/4644 4561/3473/4645
f 4561/3473/4645 4549/3460/4645 4550/3461/4644
f 4549/3460/4645 4561/3473/4645 4562/3474/4646
f 4562/3474/4646 4548/3459/4646 4549/3460/4645
f 4548/3459/4646 4562/3474/4646 4563/3475/4647
f 4563/3475/4647 4547/3458/4647 4548/3459/4646
f 4547/3458/4647 4563/3475/4647 4564/3476/4648
f 4564/3476/4648 4546/3457/4648 4547/3458/4647
f 4546/3457/4648 4564/3476/4648 4565/3477/4649
f 4565/3477/4649 4545/3456/4649 4546/3457/4648
f 4545/3456/4649 4565/3477/4649 4566/3478/4650
f 4566/3478/4650 4544/3455/4650 4545/3456/4649
f 4544/3455/4650 4566/3478/4650 4567/3479/4651
f 4567/3479/4651 4543/3454/4651 4544/3455/4650
f 4543/3454/4651 4567/3479/4651 4568/3480/4652
f 4568/3480/4652 4542/3453/4652 4543/3454/4651
f 4542/3453/4652 4568/3480/4652 4569/3481/4653
f 4569/3481/4653 4541/3452/4653 4542/3453/4652
f 4541/3452/4653 4569/3481/4653 4570/3482/4654
f 4570/3482/4654 4540/3451/4654 4541/3452/4653
f 4540/3451/4654 4570/3482/4654 4556/3483/4639
f 4556/3483/4639 4539/3450/4639 4540/3451/4654
f 4567/3484/4655 4566/3485/4656 4571/3486/4657
f 4568/3487/4658 4567/3484/4655 4571/3486/4657
f 4566/3485/4656 4572/3488/4659 4571/3486/4657
f 4566/3485/4656 4565/3489/4660 4572/3488/4659
f 4565/3489/4660 4564/3490/4661 4572/3488/4659
f 4568/3487/4658 4571/3486/4657 4573/3491/4662
f 4569/3492/4663 4568/3487/4658 4573/3491/4662
f 4570/3493/4664 4569/3492/4663 4573/3491/4662
f 4564/3490/4661 4574/3494/4665 4572/3488/4659
f 4564/3490/4661 4563/3495/4666 4574/3494/4665
f 4563/3495/4666 4562/3496/4667 4574/3494/4665
f 4571/3486/4657 4572/3488/4659 4575/3497/4668
f 4572/3488/4659 4574/3494/4665 4575/3497/4668
f 4571/3486/4657 4575/3497/4668 4573/3491/4662
f 4576/3498/4669 4574/3494/4665 4562/3496/4667
f 4575/3497/4668 4574/3494/4665 4576/3498/4669
f 4561/3499/4670 4576/3498/4669 4562/3496/4667
f 4560/3500/4671 4576/3498/4669 4561/3499/4670
f 4577/3501/4672 4576/3498/4669 4560/3500/4671
f 4575/3497/4668 4576/3498/4669 4577/3501/4672
f 4559/3502/4673 4577/3501/4672 4560/3500/4671
f 4559/3502/4673 4558/3503/4674 4577/3501/4672
f 4578/3504/4675 4577/3501/4672 4558/3503/4674
f 4575/3497/4668 4577/3501/4672 4578/3504/4675
f 4557/3505/4676 4578/3504/4675 4558/3503/4674
f 4557/3505/4676 4555/3506/4677 4578/3504/4675
f 4579/3507/4678 4575/3497/4668 4578/3504/4675
f 4555/3506/4677 4579/3507/4678 4578/3504/4675
f 4573/3491/4662 4575/3497/4668 4579/3507/4678
f 4570/3493/4664 4573/3491/4662 4579/3507/4678
f 4555/3506/4677 4556/3508/4679 4579/3507/4678
f 4556/3508/4679 4570/3493/4664 4579/3507/4678
f 4580/3509/4680 4527/3510/4681 4525/3511/4682
f 4529/3512/4683 4527/3510/4681 4580/3509/4680
f 4525/3511/4682 4581/3513/4684 4580/3509/4680
f 4581/3513/4684 4525/3511/4682 4523/3514/4685
f 4580/3509/4680 4582/3515/4686 4529/3512/4683
f 4523/3514/4685 4583/3516/4687 4581/3513/4684
f 4583/3516/4687 4523/3514/4685 4521/3517/4688
f 4580/3509/4680 4581/3513/4684 4584/3518/4689
f 4582/3515/4686 4580/3509/4680 4584/3518/4689
f 4521/3517/4688 4585/3519/4690 4583/3516/4687
f 4585/3519/4690 4521/3517/4688 4519/3520/4691
f 4581/3513/4684 4583/3516/4687 4586/3521/4692
f 4583/3516/4687 4585/3519/4690 4586/3521/4692
f 4584/3518/4689 4581/3513/4684 4586/3521/4692
f 4519/3520/4691 4587/3522/4693 4585/3519/4690
f 4587/3522/4693 4519/3520/4691 4517/3523/4694
f 4585/3519/4690 4588/3524/4695 4586/3521/4692
f 4585/3519/4690 4587/3522/4693 4588/3524/4695
f 4517/3523/4694 4589/3525/4696 4587/3522/4693
f 4587/3522/4693 4589/3525/4696 4588/3524/4695
f 4589/3525/4696 4517/3523/4694 4515/3526/4697
f 4586/3521/4692 4588/3524/4695 4590/3527/4698
f 4588/3524/4695 4589/3525/4696 4590/3527/4698
f 4515/3526/4697 4591/3528/4699 4589/3525/4696
f 4589/3525/4696 4591/3528/4699 4590/3527/4698
f 4591/3528/4699 4515/3526/4697 4513/3529/4700
f 4513/3529/4700 4592/3530/4701 4591/3528/4699
f 4590/3527/4698 4591/3528/4699 4592/3530/4701
f 4592/3530/4701 4513/3529/4700 4511/3531/4702
f 4590/3527/4698 4593/3532/4703 4586/3521/4692
f 4584/3518/4689 4586/3521/4692 4593/3532/4703
f 4511/3531/4702 4594/3533/4704 4592/3530/4701
f 4594/3533/4704 4511/3531/4702 4507/3534/4705
f 4595/3535/4706 4590/3527/4698 4592/3530/4701
f 4595/3535/4706 4592/3530/4701 4594/3533/4704
f 4593/3532/4703 4590/3527/4698 4595/3535/4706
f 4507/3534/4705 4596/3536/4707 4594/3533/4704
f 4596/3536/4707 4595/3535/4706 4594/3533/4704
f 4596/3536/4707 4507/3534/4705 4508/3537/4708
f 4595/3535/4706 4597/3538/4709 4593/3532/4703
f 4597/3538/4709 4595/3535/4706 4596/3536/4707
f 4508/3537/4708 4598/3539/4710 4596/3536/4707
f 4598/3539/4710 4597/3538/4709 4596/3536/4707
f 4598/3539/4710 4508/3537/4708 4537/3540/4711
f 4537/3540/4711 4599/3541/4712 4598/3539/4710
f 4597/3538/4709 4598/3539/4710 4599/3541/4712
f 4599/3541/4712 4537/3540/4711 4535/3542/4713
f 4600/3543/4714 4593/3532/4703 4597/3538/4709
f 4593/3532/4703 4600/3543/4714 4584/3518/4689
f 4582/3515/4686 4584/3518/4689 4600/3543/4714
f 4601/3544/4715 4597/3538/4709 4599/3541/4712
f 4597/3538/4709 4601/3544/4715 4600/3543/4714
f 4535/3542/4713 4602/3545/4716 4599/3541/4712
f 4601/3544/4715 4599/3541/4712 4602/3545/4716
f 4602/3545/4716 4535/3542/4713 4533/3546/4717
f 4603/3547/4718 4601/3544/4715 4602/3545/4716
f 4533/3546/4717 4603/3547/4718 4602/3545/4716
f 4600/3543/4714 4601/3544/4715 4603/3547/4718
f 4603/3547/4718 4533/3546/4717 4531/3548/4719
f 4604/3549/4720 4600/3543/4714 4603/3547/4718
f 4531/3548/4719 4604/3549/4720 4603/3547/4718
f 4604/3549/4720 4582/3515/4686 4600/3543/4714
f 4604/3549/4720 4531/3548/4719 4529/3512/4683
f 4529/3512/4683 4582/3515/4686 4604/3549/4720
f 4607/3550/4721 4606/3551/4722 4605/3552/4723
f 4605/3552/4723 4608/3553/4724 4607/3550/4721
f 4608/3553/4724 4605/3552/4723 4609/3554/4725
f 4609/3554/4725 4610/3555/4726 4608/3553/4724
f 4607/3550/4721 4608/3553/4724 4611/3556/4727
f 4610/3557/4726 4611/3556/4727 4608/3553/4724
f 4611/3556/4727 4612/3558/4728 4607/3550/4721
f 4613/3559/4729 4611/3556/4727 4610/3560/4726
f 4612/3558/4728 4611/3556/4727 4613/3559/4729
f 4610/3560/4726 4614/3561/4730 4613/3559/4729
f 4613/3559/4729 4615/3562/4731 4612/3558/4728
f 4613/3559/4729 4614/3561/4730 4616/3563/4732
f 4615/3562/4731 4613/3559/4729 4617/3564/4733
f 4616/3563/4732 4617/3564/4733 4613/3559/4729
f 4617/3564/4733 4618/3565/4734 4615/3562/4731
f 4617/3564/4733 4616/3563/4732 4619/3566/4735
f 4618/3565/4734 4617/3564/4733 4620/3567/4736
f 4619/3566/4735 4620/3567/4736 4617/3564/4733
f 4620/3567/4736 4621/3568/4737 4618/3565/4734
f 4622/3569/4738 4620/3567/4736 4619/3566/4735
f 4621/3568/4737 4620/3567/4736 4622/3569/4738
f 4619/3566/4735 4623/3570/4739 4622/3569/4738
f 4622/3569/4738 4624/3571/4740 4621/3568/4737
f 4622/3569/4738 4623/3570/4739 4625/3572/4741
f 4626/3573/4742 4624/3571/4740 4622/3569/4738
f 4625/3572/4741 4627/3574/4743 4622/3569/4738
f 4622/3569/4738 4627/3574/4744 4626/3573/4742
f 4627/3574/4743 4625/3572/4741 4628/3575/4745
f 4626/3573/4742 4627/3574/4744 4629/3576/4746
f 4628/3575/4745 4629/3576/4747 4627/3574/4743
f 4629/3576/4746 4630/3577/4748 4626/3573/4742
f 4629/3576/4747 4628/3575/4745 4631/3578/4749
f 4630/3577/4748 4629/3576/4746 4632/3579/4750
f 4631/3578/4749 4632/3579/4751 4629/3576/4747
f 4632/3579/4750 4633/3580/4752 4630/3577/4748
f 4632/3579/4751 4631/3578/4749 4634/3581/4753
f 4633/3580/4752 4632/3579/4750 4635/3582/4754
f 4634/3581/4753 4635/3582/4755 4632/3579/4751
f 4635/3582/4754 4636/3583/4756 4633/3580/4752
f 4635/3582/4755 4634/3581/4753 4637/3584/4757
f 4636/3583/4756 4635/3582/4754 4638/3585/4758
f 4637/3584/4757 4638/3585/4759 4635/3582/4755
f 4638/3585/4758 4639/3586/4760 4636/3583/4756
f 4638/3585/4759 4637/3584/4757 4640/3587/4761
f 4639/3586/4760 4638/3585/4758 4641/3588/4762
f 4640/3587/4761 4641/3588/4763 4638/3585/4759
f 4641/3588/4762 4642/3589/4764 4639/3586/4760
f 4641/3588/4763 4640/3587/4761 4643/3590/4765
f 4642/3589/4764 4641/3588/4762 4644/3591/4766
f 4643/3590/4765 4644/3591/4767 4641/3588/4763
f 4644/3591/4766 4645/3592/4768 4642/3589/4764
f 4644/3591/4767 4643/3590/4765 4646/3593/4769
f 4645/3592/4768 4644/3591/4766 4647/3594/4770
f 4646/3593/4769 4647/3594/4771 4644/3591/4767
f 4647/3594/4770 4648/3595/4770 4645/3592/4768
f 4647/3594/4771 4646/3593/4769 4649/3596/4772
f 4648/3595/4770 4647/3594/4770 4650/3597/4773
f 4649/3596/4772 4650/3597/4772 4647/3594/4771
f 4650/3597/4773 4651/3598/4773 4648/3595/4770
f 4650/3597/4772 4649/3596/4772 4652/3599/4774
f 4651/3598/4773 4650/3597/4773 4653/3600/4775
f 4652/3599/4774 4653/3600/4776 4650/3597/4772
f 4653/3600/4775 4654/3601/4777 4651/3598/4773
f 4653/3600/4776 4652/3599/4774 4655/3602/4778
f 4654/3601/4777 4653/3600/4775 4656/3603/4779
f 4655/3602/4778 4656/3603/4778 4653/3600/4776
f 4656/3603/4779 4657/3604/4780 4654/3601/4777
f 4656/3603/4778 4655/3602/4778 4658/3605/4781
f 4657/3604/4780 4656/3603/4779 4659/3606/4782
f 4658/3605/4781 4659/3606/4783 4656/3603/4778
f 4659/3606/4782 4660/3607/4782 4657/3604/4780
f 4659/3606/4783 4658/3605/4781 4661/3608/4784
f 4660/3607/4782 4659/3606/4782 4662/3609/4785
f 4661/3608/4784 4662/3609/4784 4659/3606/4783
f 4662/3609/4785 4663/3610/4785 4660/3607/4782
f 4662/3609/4784 4661/3608/4784 4664/3611/4786
f 4663/3610/4785 4662/3609/4785 4665/3612/4787
f 4664/3611/4786 4665/3612/4786 4662/3609/4784
f 4665/3612/4787 4666/3613/4788 4663/3610/4785
f 4665/3612/4786 4664/3611/4786 4667/3614/4789
f 4666/3613/4788 4665/3612/4787 4668/3615/4790
f 4667/3614/4789 4668/3615/4789 4665/3612/4786
f 4668/3615/4790 4669/3616/4791 4666/3613/4788
f 4668/3615/4789 4667/3614/4789 4670/3617/4792
f 4669/3616/4791 4668/3615/4790 4671/3618/4793
f 4670/3617/4792 4671/3618/4794 4668/3615/4789
f 4671/3618/4793 4672/3619/4795 4669/3616/4791
f 4671/3618/4794 4670/3617/4792 4673/3620/4796
f 4674/3621/4797 4672/3619/4795 4671/3618/4793
f 4673/3620/4796 4675/3622/4796 4671/3618/4794
f 4671/3618/4793 4675/3622/4798 4674/3621/4797
f 4675/3622/4796 4673/3620/4796 4676/3623/4799
f 4674/3621/4797 4675/3622/4798 4677/3624/4800
f 4676/3623/4799 4677/3624/4801 4675/3622/4796
f 4677/3624/4800 4678/3625/4802 4674/3621/4797
f 4677/3624/4801 4676/3623/4799 4679/3626/4803
f 4678/3625/4802 4677/3624/4800 4680/3627/4804
f 4679/3626/4803 4680/3627/4803 4677/3624/4801
f 4680/3627/4804 4681/3628/4805 4678/3625/4802
f 4680/3627/4803 4679/3626/4803 4682/3629/4806
f 4683/3630/4807 4681/3628/4805 4680/3627/4804
f 4682/3629/4806 4684/3631/4806 4680/3627/4803
f 4680/3627/4804 4684/3631/4808 4683/3630/4807
f 4684/3631/4806 4682/3629/4806 4685/3632/4809
f 4683/3630/4807 4684/3631/4808 4686/3633/4810
f 4685/3632/4809 4686/3633/4811 4684/3631/4806
f 4686/3633/4810 4687/3634/4812 4683/3630/4807
f 4686/3633/4811 4685/3632/4809 4688/3635/4813
f 4687/3634/4812 4686/3633/4810 4689/3636/4814
f 4688/3635/4813 4689/3636/4815 4686/3633/4811
f 4689/3636/4814 4690/3637/4816 4687/3634/4812
f 4689/3636/4815 4688/3635/4813 4691/3638/4817
f 4692/3639/4818 4690/3637/4816 4689/3636/4814
f 4691/3640/4817 4693/3641/4819 4689/3636/4815
f 4689/3636/4814 4693/3642/4820 4692/3639/4818
f 4693/3643/4820 4694/3644/4821 4692/3639/4818
f 4693/3645/4819 4691/3646/4817 4695/3647/4822
f 4694/3644/4821 4693/3648/4820 4696/3649/4823
f 4695/3647/4822 4696/3649/4824 4693/3650/4819
f 4696/3649/4823 4697/3651/4825 4694/3644/4821
f 4698/3652/4826 4696/3649/4824 4695/3647/4822
f 4695/3647/4822 4699/3653/4827 4698/3652/4826
f 4698/3652/4826 4699/3653/4827 4700/3654/4828
f 4697/3651/4825 4696/3649/4823 4701/3655/4829
f 4701/3655/4829 4702/3656/4830 4697/3651/4825
f 4703/3657/4831 4702/3656/4830 4701/3655/4829
f 4704/3658/4832 4696/3649/4823 4698/3652/4833
f 4704/3658/4832 4701/3655/4829 4696/3649/4823
f 4700/3654/4828 4705/3659/4834 4698/3652/4826
f 4704/3658/4832 4698/3652/4833 4705/3659/4834
f 4705/3659/4834 4700/3654/4828 4706/3660/4835
f 4704/3658/4832 4707/3661/4836 4701/3655/4829
f 4705/3659/4834 4707/3661/4836 4704/3658/4832
f 4701/3655/4829 4708/3662/4837 4703/3657/4831
f 4701/3655/4829 4707/3661/4836 4708/3662/4837
f 4709/3663/4838 4703/3657/4831 4708/3662/4837
f 4707/3661/4836 4705/3659/4834 4710/3664/4839
f 4706/3660/4835 4710/3664/4839 4705/3659/4834
f 4711/3665/4840 4708/3662/4837 4707/3661/4836
f 4710/3664/4839 4712/3666/4841 4707/3661/4836
f 4713/3667/4842 4712/3666/4841 4710/3664/4839
f 4708/3662/4837 4711/3668/4840 4714/3669/4843
f 4713/3667/4842 4710/3664/4839 4715/3670/4844
f 4706/3660/4835 4715/3670/4844 4710/3664/4839
f 4713/3667/4842 4715/3670/4844 4716/3671/4845
f 4714/3672/4843 4717/3673/4846 4708/3662/4837
f 4708/3662/4837 4717/3673/4846 4709/3663/4838
f 4709/3663/4838 4717/3673/4846 4718/3674/4847
f 4717/3673/4846 4714/3675/4843 4718/3674/4847
f 4716/3671/4845 4715/3670/4844 4719/3676/4848
f 4719/3676/4848 4715/3670/4844 4706/3660/4835
f 4719/3676/4848 4720/3677/4849 4716/3671/4845
f 4706/3660/4835 4721/3678/4850 4719/3676/4848
f 4722/3679/4851 4720/3677/4849 4719/3676/4848
f 4723/3680/4852 4719/3676/4848 4721/3678/4850
f 4719/3676/4848 4723/3680/4852 4722/3681/4851
f 4721/3678/4850 4724/3682/4853 4723/3680/4852
f 4723/3680/4852 4724/3682/4853 4725/3683/4854
f 4722/3684/4851 4723/3680/4852 4726/3685/4855
f 4726/3685/4855 4723/3680/4852 4725/3683/4854
f 4727/3552/4856 4606/3551/4857 4607/3550/4858
f 4607/3550/4858 4728/3553/4859 4727/3552/4856
f 4609/3554/4860 4727/3552/4856 4728/3553/4859
f 4728/3553/4859 4610/3555/4861 4609/3554/4860
f 4729/3556/4862 4728/3553/4859 4607/3550/4858
f 4728/3553/4859 4729/3556/4862 4610/3557/4861
f 4607/3550/4858 4612/3558/4863 4729/3556/4862
f 4610/3560/4861 4729/3556/4862 4730/3559/4864
f 4730/3559/4864 4729/3556/4862 4612/3558/4863
f 4730/3559/4864 4614/3561/4865 4610/3560/4861
f 4612/3558/4863 4615/3562/4866 4730/3559/4864
f 4616/3563/4867 4614/3561/4865 4730/3559/4864
f 4731/3564/4868 4730/3559/4864 4615/3562/4866
f 4730/3559/4864 4731/3564/4868 4616/3563/4867
f 4615/3562/4866 4618/3565/4869 4731/3564/4868
f 4619/3566/4870 4616/3563/4867 4731/3564/4868
f 4732/3567/4871 4731/3564/4868 4618/3565/4869
f 4731/3564/4868 4732/3567/4871 4619/3566/4870
f 4618/3565/4869 4621/3568/4872 4732/3567/4871
f 4619/3566/4870 4732/3567/4871 4733/3569/4873
f 4733/3569/4873 4732/3567/4871 4621/3568/4872
f 4733/3569/4873 4623/3570/4874 4619/3566/4870
f 4621/3568/4872 4624/3571/4875 4733/3569/4873
f 4625/3572/4876 4623/3570/4874 4733/3569/4873
f 4733/3569/4873 4624/3571/4875 4626/3573/4877
f 4733/3569/4873 4734/3574/4878 4625/3572/4876
f 4626/3573/4877 4734/3574/4879 4733/3569/4873
f 4628/3575/4880 4625/3572/4876 4734/3574/4878
f 4735/3576/4881 4734/3574/4879 4626/3573/4877
f 4734/3574/4878 4735/3576/4882 4628/3575/4880
f 4626/3573/4877 4630/3577/4883 4735/3576/4881
f 4631/3578/4884 4628/3575/4880 4735/3576/4882
f 4736/3579/4885 4735/3576/4881 4630/3577/4883
f 4735/3576/4882 4736/3579/4886 4631/3578/4884
f 4630/3577/4883 4633/3580/4887 4736/3579/4885
f 4634/3581/4888 4631/3578/4884 4736/3579/4886
f 4737/3582/4889 4736/3579/4885 4633/3580/4887
f 4736/3579/4886 4737/3582/4890 4634/3581/4888
f 4633/3580/4887 4636/3583/4891 4737/3582/4889
f 4637/3584/4892 4634/3581/4888 4737/3582/4890
f 4738/3585/4893 4737/3582/4889 4636/3583/4891
f 4737/3582/4890 4738/3585/4894 4637/3584/4892
f 4636/3583/4891 4639/3586/4895 4738/3585/4893
f 4640/3587/4896 4637/3584/4892 4738/3585/4894
f 4739/3588/4897 4738/3585/4893 4639/3586/4895
f 4738/3585/4894 4739/3588/4898 4640/3587/4896
f 4639/3586/4895 4642/3589/4899 4739/3588/4897
f 4643/3590/4900 4640/3587/4896 4739/3588/4898
f 4740/3591/4901 4739/3588/4897 4642/3589/4899
f 4739/3588/4898 4740/3591/4902 4643/3590/4900
f 4642/3589/4899 4645/3592/4903 4740/3591/4901
f 4646/3593/4904 4643/3590/4900 4740/3591/4902
f 4741/3594/4905 4740/3591/4901 4645/3592/4903
f 4740/3591/4902 4741/3594/4906 4646/3593/4904
f 4645/3592/4903 4648/3595/4905 4741/3594/4905
f 4649/3596/4907 4646/3593/4904 4741/3594/4906
f 4742/3597/4908 4741/3594/4905 4648/3595/4905
f 4741/3594/4906 4742/3597/4907 4649/3596/4907
f 4648/3595/4905 4651/3598/4909 4742/3597/4908
f 4652/3599/4910 4649/3596/4907 4742/3597/4907
f 4743/3600/4911 4742/3597/4908 4651/3598/4909
f 4742/3597/4907 4743/3600/4912 4652/3599/4910
f 4651/3598/4909 4654/3601/4911 4743/3600/4911
f 4655/3602/4913 4652/3599/4910 4743/3600/4912
f 4744/3603/4914 4743/3600/4911 4654/3601/4911
f 4743/3600/4912 4744/3603/4913 4655/3602/4913
f 4654/3601/4911 4657/3604/4915 4744/3603/4914
f 4658/3605/4916 4655/3602/4913 4744/3603/4913
f 4745/3606/4917 4744/3603/4914 4657/3604/4915
f 4744/3603/4913 4745/3606/4918 4658/3605/4916
f 4657/3604/4915 4660/3607/4917 4745/3606/4917
f 4661/3608/4919 4658/3605/4916 4745/3606/4918
f 4746/3609/4920 4745/3606/4917 4660/3607/4917
f 4745/3606/4918 4746/3609/4919 4661/3608/4919
f 4660/3607/4917 4663/3610/4921 4746/3609/4920
f 4664/3611/4922 4661/3608/4919 4746/3609/4919
f 4747/3612/4923 4746/3609/4920 4663/3610/4921
f 4746/3609/4919 4747/3612/4922 4664/3611/4922
f 4663/3610/4921 4666/3613/4924 4747/3612/4923
f 4667/3614/4925 4664/3611/4922 4747/3612/4922
f 4748/3615/4926 4747/3612/4923 4666/3613/4924
f 4747/3612/4922 4748/3615/4927 4667/3614/4925
f 4666/3613/4924 4669/3616/4928 4748/3615/4926
f 4670/3617/4929 4667/3614/4925 4748/3615/4927
f 4749/3618/4930 4748/3615/4926 4669/3616/4928
f 4748/3615/4927 4749/3618/4931 4670/3617/4929
f 4669/3616/4928 4672/3619/4932 4749/3618/4930
f 4673/3620/4933 4670/3617/4929 4749/3618/4931
f 4749/3618/4930 4672/3619/4932 4674/3621/4934
f 4749/3618/4931 4750/3622/4933 4673/3620/4933
f 4674/3621/4934 4750/3622/4935 4749/3618/4930
f 4676/3623/4936 4673/3620/4933 4750/3622/4933
f 4751/3624/4937 4750/3622/4935 4674/3621/4934
f 4750/3622/4933 4751/3624/4938 4676/3623/4936
f 4674/3621/4934 4678/3625/4937 4751/3624/4937
f 4679/3626/4939 4676/3623/4936 4751/3624/4938
f 4752/3627/4940 4751/3624/4937 4678/3625/4937
f 4751/3624/4938 4752/3627/4939 4679/3626/4939
f 4678/3625/4937 4681/3628/4941 4752/3627/4940
f 4682/3629/4942 4679/3626/4939 4752/3627/4939
f 4752/3627/4940 4681/3628/4941 4683/3630/4943
f 4752/3627/4939 4753/3631/4942 4682/3629/4942
f 4683/3630/4943 4753/3631/4944 4752/3627/4940
f 4685/3632/4945 4682/3629/4942 4753/3631/4942
f 4754/3633/4946 4753/3631/4944 4683/3630/4943
f 4753/3631/4942 4754/3633/4947 4685/3632/4945
f 4683/3630/4943 4687/3634/4948 4754/3633/4946
f 4688/3635/4949 4685/3632/4945 4754/3633/4947
f 4755/3636/4950 4754/3633/4946 4687/3634/4948
f 4754/3633/4947 4755/3636/4951 4688/3635/4949
f 4687/3634/4948 4690/3637/4952 4755/3636/4950
f 4691/3638/4953 4688/3635/4949 4755/3636/4951
f 4755/3636/4950 4690/3637/4952 4692/3639/4954
f 4755/3636/4951 4756/3641/4955 4691/3640/4953
f 4692/3639/4954 4756/3642/4956 4755/3636/4950
f 4692/3639/4954 4694/3644/4957 4756/3643/4956
f 4695/3647/4958 4691/3646/4953 4756/3645/4955
f 4757/3649/4959 4756/3648/4956 4694/3644/4957
f 4756/3650/4955 4757/3649/4960 4695/3647/4958
f 4694/3644/4957 4697/3651/4961 4757/3649/4959
f 4695/3647/4958 4757/3649/4960 4758/3652/4962
f 4758/3652/4962 4699/3653/4963 4695/3647/4958
f 4700/3654/4964 4699/3653/4963 4758/3652/4962
f 4759/3655/4965 4757/3649/4959 4697/3651/4961
f 4697/3651/4961 4702/3656/4966 4759/3655/4965
f 4759/3655/4965 4702/3656/4966 4703/3657/4967
f 4757/3649/4959 4760/3658/4968 4758/3652/4969
f 4759/3655/4965 4760/3658/4968 4757/3649/4959
f 4758/3652/4962 4761/3659/4970 4700/3654/4964
f 4761/3659/4970 4758/3652/4969 4760/3658/4968
f 4706/3660/4971 4700/3654/4964 4761/3659/4970
f 4707/3661/4972 4760/3658/4968 4759/3655/4965
f 4760/3658/4968 4707/3661/4972 4761/3659/4970
f 4703/3657/4967 4762/3662/4973 4759/3655/4965
f 4707/3661/4972 4759/3655/4965 4762/3662/4973
f 4762/3662/4973 4703/3657/4967 4709/3663/4974
f 4763/3664/4975 4761/3659/4970 4707/3661/4972
f 4761/3659/4970 4763/3664/4975 4706/3660/4971
f 4707/3661/4972 4712/3666/4976 4763/3664/4975
f 4762/3662/4973 4711/3665/4977 4707/3661/4972
f 4712/3666/4976 4713/3667/4978 4763/3664/4975
f 4714/3669/4979 4711/3668/4977 4762/3662/4973
f 4763/3664/4975 4713/3667/4978 4764/3670/4980
f 4764/3670/4980 4706/3660/4971 4763/3664/4975
f 4764/3670/4980 4713/3667/4978 4716/3671/4981
f 4762/3662/4973 4765/3673/4982 4714/3672/4979
f 4709/3663/4974 4765/3673/4982 4762/3662/4973
f 4765/3673/4982 4709/3663/4974 4718/3674/4983
f 4714/3675/4979 4765/3673/4982 4718/3674/4983
f 4764/3670/4980 4716/3671/4981 4766/3676/4984
f 4706/3660/4971 4764/3670/4980 4766/3676/4984
f 4720/3677/4985 4766/3676/4984 4716/3671/4981
f 4766/3676/4984 4721/3678/4986 4706/3660/4971
f 4766/3676/4984 4720/3677/4985 4722/3679/4987
f 4721/3678/4986 4766/3676/4984 4767/3680/4988
f 4722/3681/4987 4767/3680/4988 4766/3676/4984
f 4767/3680/4988 4724/3682/4989 4721/3678/4986
f 4724/3682/4989 4767/3680/4988 4725/3683/4990
f 4767/3680/4988 4722/3684/4987 4726/3685/4991
f 4767/3680/4988 4726/3685/4991 4725/3683/4990
f 4770/3550/4992 4769/3551/4993 4768/3552/4994
f 4768/3552/4994 4771/3553/4995 4770/3550/4992
f 4771/3553/4995 4768/3552/4994 4772/3554/4996
f 4772/3554/4996 4773/3686/4997 4771/3553/4995
f 4770/3550/4992 4771/3553/4995 4774/3556/4998
f 4773/3557/4997 4774/3556/4998 4771/3553/4995
f 4774/3556/4998 4775/3558/4999 4770/3550/4992
f 4776/3559/5000 4774/3556/4998 4773/3560/4997
f 4775/3558/4999 4774/3556/4998 4776/3559/5000
f 4773/3560/4997 4777/3561/5001 4776/3559/5000
f 4776/3559/5000 4778/3562/5002 4775/3558/4999
f 4776/3559/5000 4777/3561/5001 4779/3563/5003
f 4778/3562/5002 4776/3559/5000 4780/3564/5004
f 4779/3563/5003 4780/3564/5004 4776/3559/5000
f 4780/3564/5004 4781/3565/5005 4778/3562/5002
f 4780/3564/5004 4779/3563/5003 4782/3566/5006
f 4781/3565/5005 4780/3564/5004 4783/3567/5007
f 4782/3566/5006 4783/3567/5007 4780/3564/5004
f 4783/3567/5007 4784/3568/5008 4781/3565/5005
f 4785/3569/5009 4783/3567/5007 4782/3566/5006
f 4784/3568/5008 4783/3567/5007 4785/3569/5009
f 4782/3566/5006 4786/3570/5010 4785/3569/5009
f 4785/3569/5009 4787/3571/5011 4784/3568/5008
f 4785/3569/5009 4786/3570/5010 4788/3572/5012
f 4789/3573/5013 4787/3571/5011 4785/3569/5009
f 4788/3572/5012 4790/3574/5014 4785/3569/5009
f 4785/3569/5009 4790/3574/5015 4789/3573/5013
f 4790/3574/5014 4788/3572/5012 4791/3575/5016
f 4789/3573/5013 4790/3574/5015 4792/3576/5017
f 4791/3575/5016 4792/3576/5018 4790/3574/5014
f 4792/3576/5017 4793/3577/5019 4789/3573/5013
f 4792/3576/5018 4791/3575/5016 4794/3578/5020
f 4793/3577/5019 4792/3576/5017 4795/3579/5021
f 4794/3578/5020 4795/3579/5022 4792/3576/5018
f 4795/3579/5021 4796/3580/5023 4793/3577/5019
f 4795/3579/5022 4794/3578/5020 4797/3581/5024
f 4796/3580/5023 4795/3579/5021 4798/3582/5025
f 4797/3581/5024 4798/3582/5026 4795/3579/5022
f 4798/3582/5025 4799/3583/5027 4796/3580/5023
f 4798/3582/5026 4797/3581/5024 4800/3584/5028
f 4799/3583/5027 4798/3582/5025 4801/3585/5029
f 4800/3584/5028 4801/3585/5030 4798/3582/5026
f 4801/3585/5029 4802/3586/5031 4799/3583/5027
f 4801/3585/5030 4800/3584/5028 4803/3587/5032
f 4802/3586/5031 4801/3585/5029 4804/3588/5033
f 4803/3587/5032 4804/3588/5034 4801/3585/5030
f 4804/3588/5033 4805/3589/5035 4802/3586/5031
f 4804/3588/5034 4803/3587/5032 4806/3590/5036
f 4805/3589/5035 4804/3588/5033 4807/3591/5037
f 4806/3590/5036 4807/3591/5038 4804/3588/5034
f 4807/3591/5037 4808/3592/5039 4805/3589/5035
f 4807/3591/5038 4806/3590/5036 4809/3593/5040
f 4808/3592/5039 4807/3591/5037 4810/3594/5041
f 4809/3593/5040 4810/3594/5040 4807/3591/5038
f 4810/3594/5041 4811/3595/5042 4808/3592/5039
f 4810/3594/5040 4809/3593/5040 4812/3596/5043
f 4811/3595/5042 4810/3594/5041 4813/3597/5044
f 4812/3596/5043 4813/3597/5045 4810/3594/5040
f 4813/3597/5044 4814/3598/5046 4811/3595/5042
f 4813/3597/5045 4812/3596/5043 4815/3599/5047
f 4814/3598/5046 4813/3597/5044 4816/3600/5048
f 4815/3599/5047 4816/3600/5049 4813/3597/5045
f 4816/3600/5048 4817/3601/5048 4814/3598/5046
f 4816/3600/5049 4815/3599/5047 4818/3602/5050
f 4817/3601/5048 4816/3600/5048 4819/3603/5051
f 4818/3602/5050 4819/3603/5050 4816/3600/5049
f 4819/3603/5051 4820/3604/5051 4817/3601/5048
f 4819/3603/5050 4818/3602/5050 4821/3605/5052
f 4820/3604/5051 4819/3603/5051 4822/3606/5053
f 4821/3605/5052 4822/3606/5054 4819/3603/5050
f 4822/3606/5053 4823/3607/5053 4820/3604/5051
f 4822/3606/5054 4821/3605/5052 4824/3608/5055
f 4823/3607/5053 4822/3606/5053 4825/3609/5056
f 4824/3608/5055 4825/3609/5055 4822/3606/5054
f 4825/3609/5056 4826/3610/5056 4823/3607/5053
f 4825/3609/5055 4824/3608/5055 4827/3611/5057
f 4826/3610/5056 4825/3609/5056 4828/3612/5058
f 4827/3611/5057 4828/3612/5057 4825/3609/5055
f 4828/3612/5058 4829/3613/5059 4826/3610/5056
f 4828/3612/5057 4827/3611/5057 4830/3614/5060
f 4829/3613/5059 4828/3612/5058 4831/3615/5061
f 4830/3614/5060 4831/3615/5060 4828/3612/5057
f 4831/3615/5061 4832/3616/5061 4829/3613/5059
f 4831/3615/5060 4830/3614/5060 4833/3617/5062
f 4832/3616/5061 4831/3615/5061 4834/3618/5063
f 4833/3617/5062 4834/3618/5062 4831/3615/5060
f 4834/3618/5063 4835/3619/5064 4832/3616/5061
f 4834/3618/5062 4833/3617/5062 4836/3620/5065
f 4837/3621/5066 4835/3619/5064 4834/3618/5063
f 4836/3620/5065 4838/3622/5065 4834/3618/5062
f 4834/3618/5063 4838/3622/5066 4837/3621/5066
f 4838/3622/5065 4836/3620/5065 4839/3623/5067
f 4837/3621/5066 4838/3622/5066 4840/3624/5068
f 4839/3623/5067 4840/3624/5067 4838/3622/5065
f 4840/3624/5068 4841/3625/5068 4837/3621/5066
f 4840/3624/5067 4839/3623/5067 4842/3626/5069
f 4841/3625/5068 4840/3624/5068 4843/3627/5070
f 4842/3626/5069 4843/3627/5069 4840/3624/5067
f 4843/3627/5070 4844/3628/5071 4841/3625/5068
f 4843/3627/5069 4842/3626/5069 4845/3629/5072
f 4846/3630/5073 4844/3628/5071 4843/3627/5070
f 4845/3629/5072 4847/3631/5074 4843/3627/5069
f 4843/3627/5070 4847/3631/5075 4846/3630/5073
f 4847/3631/5074 4845/3629/5072 4848/3632/5076
f 4846/3630/5073 4847/3631/5075 4849/3633/5077
f 4848/3632/5076 4849/3633/5078 4847/3631/5074
f 4849/3633/5077 4850/3634/5079 4846/3630/5073
f 4849/3633/5078 4848/3632/5076 4851/3635/5080
f 4850/3634/5079 4849/3633/5077 4852/3636/5081
f 4851/3635/5080 4852/3636/5082 4849/3633/5078
f 4852/3636/5081 4853/3637/5083 4850/3634/5079
f 4852/3636/5082 4851/3635/5080 4854/3687/5084
f 4855/3639/5085 4853/3637/5083 4852/3636/5081
f 4854/3640/5084 4856/3641/5086 4852/3636/5082
f 4852/3636/5081 4856/3642/5087 4855/3639/5085
f 4856/3643/5087 4857/3644/5088 4855/3639/5085
f 4856/3645/5086 4854/3646/5084 4858/3647/5089
f 4857/3644/5088 4856/3688/5087 4859/3649/5090
f 4858/3647/5089 4859/3649/5091 4856/3650/5086
f 4859/3649/5090 4860/3651/5092 4857/3644/5088
f 4861/3652/5093 4859/3649/5091 4858/3647/5089
f 4858/3647/5089 4862/3653/5094 4861/3652/5093
f 4861/3652/5093 4862/3653/5094 4863/3654/5095
f 4860/3651/5092 4859/3649/5090 4864/3655/5096
f 4864/3655/5096 4865/3656/5097 4860/3651/5092
f 4866/3657/5098 4865/3656/5097 4864/3655/5096
f 4867/3658/5099 4859/3649/5090 4861/3652/5100
f 4867/3658/5099 4864/3655/5096 4859/3649/5090
f 4863/3654/5095 4868/3659/5101 4861/3652/5093
f 4867/3658/5099 4861/3652/5100 4868/3659/5101
f 4868/3659/5101 4863/3654/5095 4869/3660/5102
f 4867/3658/5099 4870/3661/5103 4864/3655/5096
f 4868/3659/5101 4870/3661/5103 4867/3658/5099
f 4864/3655/5096 4871/3662/5104 4866/3657/5098
f 4864/3655/5096 4870/3661/5103 4871/3662/5104
f 4872/3663/5105 4866/3657/5098 4871/3662/5104
f 4870/3661/5103 4868/3659/5101 4873/3664/5106
f 4869/3660/5102 4873/3664/5106 4868/3659/5101
f 4874/3665/5107 4871/3662/5104 4870/3661/5103
f 4873/3664/5106 4875/3666/5108 4870/3661/5103
f 4876/3667/5109 4875/3666/5108 4873/3664/5106
f 4871/3662/5104 4874/3668/5107 4877/3669/5110
f 4876/3667/5109 4873/3664/5106 4878/3670/5111
f 4869/3660/5102 4878/3670/5111 4873/3664/5106
f 4876/3667/5109 4878/3670/5111 4879/3671/5112
f 4877/3672/5110 4880/3673/5113 4871/3662/5104
f 4871/3662/5104 4880/3673/5113 4872/3663/5105
f 4872/3663/5105 4880/3673/5113 4881/3674/5114
f 4880/3673/5113 4877/3675/5110 4881/3674/5114
f 4879/3671/5112 4878/3670/5111 4882/3676/5115
f 4882/3676/5115 4878/3670/5111 4869/3660/5102
f 4882/3676/5115 4883/3677/5116 4879/3671/5112
f 4869/3660/5102 4884/3678/5117 4882/3676/5115
f 4885/3689/5118 4883/3677/5116 4882/3676/5115
f 4886/3680/5119 4882/3676/5115 4884/3678/5117
f 4882/3676/5115 4886/3680/5119 4885/3690/5118
f 4884/3678/5117 4887/3682/5120 4886/3680/5119
f 4886/3680/5119 4887/3682/5120 4888/3683/5121
f 4885/3691/5118 4886/3680/5119 4889/3685/5122
f 4889/3685/5122 4886/3680/5119 4888/3683/5121
f 4890/3552/5123 4769/3551/5124 4770/3550/5125
f 4770/3550/5125 4891/3553/5126 4890/3552/5123
f 4772/3554/5127 4890/3552/5123 4891/3553/5126
f 4891/3553/5126 4773/3686/5128 4772/3554/5127
f 4892/3556/5129 4891/3553/5126 4770/3550/5125
f 4891/3553/5126 4892/3556/5129 4773/3557/5128
f 4770/3550/5125 4775/3558/5130 4892/3556/5129
f 4773/3560/5128 4892/3556/5129 4893/3559/5131
f 4893/3559/5131 4892/3556/5129 4775/3558/5130
f 4893/3559/5131 4777/3561/5132 4773/3560/5128
f 4775/3558/5130 4778/3562/5133 4893/3559/5131
f 4779/3563/5134 4777/3561/5132 4893/3559/5131
f 4894/3564/5135 4893/3559/5131 4778/3562/5133
f 4893/3559/5131 4894/3564/5135 4779/3563/5134
f 4778/3562/5133 4781/3565/5136 4894/3564/5135
f 4782/3566/5137 4779/3563/5134 4894/3564/5135
f 4895/3567/5138 4894/3564/5135 4781/3565/5136
f 4894/3564/5135 4895/3567/5138 4782/3566/5137
f 4781/3565/5136 4784/3568/5139 4895/3567/5138
f 4782/3566/5137 4895/3567/5138 4896/3569/5140
f 4896/3569/5140 4895/3567/5138 4784/3568/5139
f 4896/3569/5140 4786/3570/5141 4782/3566/5137
f 4784/3568/5139 4787/3571/5142 4896/3569/5140
f 4788/3572/5143 4786/3570/5141 4896/3569/5140
f 4896/3569/5140 4787/3571/5142 4789/3573/5144
f 4896/3569/5140 4897/3574/5145 4788/3572/5143
f 4789/3573/5144 4897/3574/5146 4896/3569/5140
f 4791/3575/5147 4788/3572/5143 4897/3574/5145
f 4898/3576/5148 4897/3574/5146 4789/3573/5144
f 4897/3574/5145 4898/3576/5149 4791/3575/5147
f 4789/3573/5144 4793/3577/5150 4898/3576/5148
f 4794/3578/5151 4791/3575/5147 4898/3576/5149
f 4899/3579/5152 4898/3576/5148 4793/3577/5150
f 4898/3576/5149 4899/3579/5153 4794/3578/5151
f 4793/3577/5150 4796/3580/5154 4899/3579/5152
f 4797/3581/5155 4794/3578/5151 4899/3579/5153
f 4900/3582/5156 4899/3579/5152 4796/3580/5154
f 4899/3579/5153 4900/3582/5157 4797/3581/5155
f 4796/3580/5154 4799/3583/5158 4900/3582/5156
f 4800/3584/5159 4797/3581/5155 4900/3582/5157
f 4901/3585/5160 4900/3582/5156 4799/3583/5158
f 4900/3582/5157 4901/3585/5161 4800/3584/5159
f 4799/3583/5158 4802/3586/5162 4901/3585/5160
f 4803/3587/5163 4800/3584/5159 4901/3585/5161
f 4902/3588/5164 4901/3585/5160 4802/3586/5162
f 4901/3585/5161 4902/3588/5165 4803/3587/5163
f 4802/3586/5162 4805/3589/5166 4902/3588/5164
f 4806/3590/5167 4803/3587/5163 4902/3588/5165
f 4903/3591/5168 4902/3588/5164 4805/3589/5166
f 4902/3588/5165 4903/3591/5169 4806/3590/5167
f 4805/3589/5166 4808/3592/5170 4903/3591/5168
f 4809/3593/5171 4806/3590/5167 4903/3591/5169
f 4904/3594/5172 4903/3591/5168 4808/3592/5170
f 4903/3591/5169 4904/3594/5173 4809/3593/5171
f 4808/3592/5170 4811/3595/5172 4904/3594/5172
f 4812/3596/5174 4809/3593/5171 4904/3594/5173
f 4905/3597/5175 4904/3594/5172 4811/3595/5172
f 4904/3594/5173 4905/3597/5174 4812/3596/5174
f 4811/3595/5172 4814/3598/5176 4905/3597/5175
f 4815/3599/5177 4812/3596/5174 4905/3597/5174
f 4906/3600/5178 4905/3597/5175 4814/3598/5176
f 4905/3597/5174 4906/3600/5177 4815/3599/5177
f 4814/3598/5176 4817/3601/5178 4906/3600/5178
f 4818/3602/5179 4815/3599/5177 4906/3600/5177
f 4907/3603/5180 4906/3600/5178 4817/3601/5178
f 4906/3600/5177 4907/3603/5179 4818/3602/5179
f 4817/3601/5178 4820/3604/5180 4907/3603/5180
f 4821/3605/5181 4818/3602/5179 4907/3603/5179
f 4908/3606/5182 4907/3603/5180 4820/3604/5180
f 4907/3603/5179 4908/3606/5181 4821/3605/5181
f 4820/3604/5180 4823/3607/5182 4908/3606/5182
f 4824/3608/5183 4821/3605/5181 4908/3606/5181
f 4909/3609/5184 4908/3606/5182 4823/3607/5182
f 4908/3606/5181 4909/3609/5185 4824/3608/5183
f 4823/3607/5182 4826/3610/5184 4909/3609/5184
f 4827/3611/5186 4824/3608/5183 4909/3609/5185
f 4910/3612/5187 4909/3609/5184 4826/3610/5184
f 4909/3609/5185 4910/3612/5188 4827/3611/5186
f 4826/3610/5184 4829/3613/5187 4910/3612/5187
f 4830/3614/5189 4827/3611/5186 4910/3612/5188
f 4911/3615/5190 4910/3612/5187 4829/3613/5187
f 4910/3612/5188 4911/3615/5191 4830/3614/5189
f 4829/3613/5187 4832/3616/5190 4911/3615/5190
f 4833/3617/5192 4830/3614/5189 4911/3615/5191
f 4912/3618/5193 4911/3615/5190 4832/3616/5190
f 4911/3615/5191 4912/3618/5194 4833/3617/5192
f 4832/3616/5190 4835/3619/5195 4912/3618/5193
f 4836/3620/5196 4833/3617/5192 4912/3618/5194
f 4912/3618/5193 4835/3619/5195 4837/3621/5197
f 4912/3618/5194 4913/3622/5198 4836/3620/5196
f 4837/3621/5197 4913/3622/5197 4912/3618/5193
f 4839/3623/5199 4836/3620/5196 4913/3622/5198
f 4914/3624/5200 4913/3622/5197 4837/3621/5197
f 4913/3622/5198 4914/3624/5199 4839/3623/5199
f 4837/3621/5197 4841/3625/5200 4914/3624/5200
f 4842/3626/5201 4839/3623/5199 4914/3624/5199
f 4915/3627/5202 4914/3624/5200 4841/3625/5200
f 4914/3624/5199 4915/3627/5201 4842/3626/5201
f 4841/3625/5200 4844/3628/5203 4915/3627/5202
f 4845/3629/5204 4842/3626/5201 4915/3627/5201
f 4915/3627/5202 4844/3628/5203 4846/3630/5205
f 4915/3627/5201 4916/3631/5204 4845/3629/5204
f 4846/3630/5205 4916/3631/5205 4915/3627/5202
f 4848/3632/5206 4845/3629/5204 4916/3631/5204
f 4917/3633/5207 4916/3631/5205 4846/3630/5205
f 4916/3631/5204 4917/3633/5208 4848/3632/5206
f 4846/3630/5205 4850/3634/5209 4917/3633/5207
f 4851/3635/5210 4848/3632/5206 4917/3633/5208
f 4918/3636/5211 4917/3633/5207 4850/3634/5209
f 4917/3633/5208 4918/3636/5212 4851/3635/5210
f 4850/3634/5209 4853/3637/5213 4918/3636/5211
f 4854/3638/5214 4851/3635/5210 4918/3636/5212
f 4918/3636/5211 4853/3637/5213 4855/3639/5215
f 4918/3636/5212 4919/3641/5216 4854/3640/5214
f 4855/3639/5215 4919/3642/5217 4918/3636/5211
f 4855/3639/5215 4857/3644/5218 4919/3643/5217
f 4858/3647/5219 4854/3646/5214 4919/3645/5216
f 4920/3649/5220 4919/3688/5217 4857/3644/5218
f 4919/3650/5216 4920/3649/5221 4858/3647/5219
f 4857/3644/5218 4860/3651/5222 4920/3649/5220
f 4858/3647/5219 4920/3649/5221 4921/3652/5223
f 4921/3652/5223 4862/3653/5224 4858/3647/5219
f 4863/3654/5225 4862/3653/5224 4921/3652/5223
f 4922/3655/5226 4920/3649/5220 4860/3651/5222
f 4860/3651/5222 4865/3656/5227 4922/3655/5226
f 4922/3655/5226 4865/3656/5227 4866/3657/5228
f 4920/3649/5220 4923/3658/5229 4921/3652/5230
f 4922/3655/5226 4923/3658/5229 4920/3649/5220
f 4921/3652/5223 4924/3659/5231 4863/3654/5225
f 4924/3659/5231 4921/3652/5230 4923/3658/5229
f 4869/3660/5232 4863/3654/5225 4924/3659/5231
f 4870/3661/5233 4923/3658/5229 4922/3655/5226
f 4923/3658/5229 4870/3661/5233 4924/3659/5231
f 4866/3657/5228 4925/3662/5234 4922/3655/5226
f 4870/3661/5233 4922/3655/5226 4925/3662/5234
f 4925/3662/5234 4866/3657/5228 4872/3663/5235
f 4926/3664/5236 4924/3659/5231 4870/3661/5233
f 4924/3659/5231 4926/3664/5236 4869/3660/5232
f 4870/3661/5233 4875/3666/5237 4926/3664/5236
f 4925/3662/5234 4874/3665/5238 4870/3661/5233
f 4875/3666/5237 4876/3667/5239 4926/3664/5236
f 4877/3669/5240 4874/3668/5238 4925/3662/5234
f 4926/3664/5236 4876/3667/5239 4927/3670/5241
f 4927/3670/5241 4869/3660/5232 4926/3664/5236
f 4927/3670/5241 4876/3667/5239 4879/3671/5242
f 4925/3662/5234 4928/3673/5243 4877/3672/5240
f 4872/3663/5235 4928/3673/5243 4925/3662/5234
f 4928/3673/5243 4872/3663/5235 4881/3674/5244
f 4877/3675/5240 4928/3673/5243 4881/3674/5244
f 4927/3670/5241 4879/3671/5242 4929/3676/5245
f 4869/3660/5232 4927/3670/5241 4929/3676/5245
f 4883/3677/5246 4929/3676/5245 4879/3671/5242
f 4929/3676/5245 4884/3678/5247 4869/3660/5232
f 4929/3676/5245 4883/3677/5246 4885/3689/5248
f 4884/3678/5247 4929/3676/5245 4930/3680/5249
f 4885/3690/5248 4930/3680/5249 4929/3676/5245
f 4930/3680/5249 4887/3682/5250 4884/3678/5247
f 4887/3682/5250 4930/3680/5249 4888/3683/5251
f 4930/3680/5249 4885/3691/5248 4889/3685/5252
f 4930/3680/5249 4889/3685/5252 4888/3683/5251
o sheath
v -255.294540 0.835967 -3.840432
v -251.053619 0.456478 -6.005881
v -251.053619 2.566952 -5.195745
v -255.294571 -0.948837 -3.793694
v -251.053604 -1.776317 -5.652248
v -230.756958 3.121027 -5.958366
v -230.756958 0.555008 -6.943363
v -230.756958 0.555008 -6.943363
v -230.756958 -2.159725 -6.513395
v -223.671082 3.506119 -6.488400
v -223.671082 0.623493 -7.594933
v -223.671082 0.623493 -7.594933
v -223.671082 -2.426204 -7.111913
v -210.411957 3.740453 -6.810935
v -210.411957 0.665165 -7.991428
v -210.411942 -2.588356 -7.476116
v -197.837769 3.843699 -6.953045
v -197.837769 0.683525 -8.166121
v -197.837769 0.683525 -8.166121
v -197.837769 -2.659801 -7.636590
v -193.748932 4.050891 -7.238224
v -193.748932 0.720374 -8.516683
v -193.748932 0.720374 -8.516683
v -193.748932 -2.803177 -7.958615
v -159.336716 5.129056 -8.722203
v -159.336731 0.912112 -10.340925
v -159.336731 0.912112 -10.340925
v -159.336716 -3.549243 -9.634323
v -151.178925 5.398552 -8.951662
v -151.178925 0.960035 -10.655445
v -151.178925 0.960035 -10.655445
v -151.178925 -3.735724 -9.911699
v -131.431808 5.528298 -8.556676
v -131.431808 0.983111 -10.301415
v -131.431808 0.983111 -10.301415
v -131.431808 -3.825504 -9.539804
v -110.179794 5.061534 -7.273190
v -110.179794 0.900106 -8.870605
v -110.179794 0.900106 -8.870605
v -110.179794 -3.502525 -8.173326
v -96.959221 4.473423 -6.157150
v -96.959221 0.795518 -7.568962
v -96.959221 -3.095547 -6.952679
v -85.436287 3.324511 -4.220853
v -85.436134 5.082060 -2.127297
v -96.959221 6.952678 -3.095531
v -110.179794 5.061534 -7.273190
v -110.179794 7.866735 -3.809054
v -131.431808 5.528298 -8.556676
v -131.431808 8.592186 -4.773099
v -151.178925 5.398552 -8.951662
v -151.178925 8.390530 -5.256866
v -159.336716 5.129056 -8.722203
v -159.336716 7.971675 -5.211854
v -193.748932 4.050891 -7.238224
v -193.748932 6.295977 -4.465776
v -197.837769 3.843699 -6.953045
v -197.837769 5.973955 -4.322403
v -210.411957 5.813478 -4.250957
v -223.671082 3.506119 -6.488400
v -223.671082 5.449276 -4.088802
v -230.756958 3.121027 -5.958366
v -230.756958 4.850760 -3.822322
v -251.053604 3.989614 -3.438905
v -255.294540 0.835967 -3.840432
v -255.294540 2.131061 -2.611435
v -223.671082 5.449276 -4.088802
v -210.411942 6.328794 -0.997443
v -223.671082 5.932310 -1.039110
v -230.756958 4.850760 -3.822322
v -230.756958 5.280732 -1.107592
v -251.053604 3.989614 -3.438905
v -251.053604 4.343253 -1.206120
v -255.294540 2.131061 -2.611435
v -255.294540 2.177797 -0.826629
v -255.294540 2.177797 -0.826629
v -251.053604 3.533117 0.904359
v -251.053619 1.776282 2.327017
v -255.294540 0.948798 0.468466
v -230.756958 2.159690 3.188157
v -230.756958 4.295734 1.458426
v -230.756958 4.295734 1.458426
v -230.756958 5.280732 -1.107592
v -223.671082 4.825766 1.843517
v -223.671082 5.932310 -1.039110
v -223.671082 2.426169 3.786672
v -223.671082 4.825766 1.843517
v -210.411957 5.148298 2.077846
v -210.411957 2.588321 4.150874
v -197.837769 2.659768 4.311341
v -197.837769 5.290411 2.181093
v -197.837769 5.290411 2.181093
v -197.837769 6.503483 -0.979083
v -193.748932 5.575583 2.388283
v -193.748932 6.854048 -0.942244
v -193.748932 2.803143 4.633364
v -193.748932 5.575583 2.388283
v -159.336731 7.059557 3.466438
v -159.336716 8.678282 -0.750511
v -159.336716 3.549212 6.309062
v -151.178925 7.430490 3.877409
v -151.178925 9.134273 -0.561104
v -151.178925 3.735693 6.869382
v -151.178925 7.430490 3.877409
v -131.431808 7.609056 4.580700
v -131.431824 9.353792 0.035503
v -131.431808 3.825476 7.644578
v -131.431808 7.609056 4.580700
v -110.179794 3.502492 7.560190
v -110.179794 6.966618 4.754988
v -110.179794 6.966618 4.754988
v -110.179794 8.564042 0.593561
v -96.959221 3.095528 6.952701
v -96.959221 6.157150 4.473444
v -96.959221 6.157150 4.473444
v -96.959221 7.568964 0.795542
v -85.436539 2.240659 5.032624
v -85.436783 4.476707 3.211400
v -85.436928 5.532813 0.559864
v -96.959221 6.952678 -3.095531
v -110.179794 7.866735 -3.809054
v -110.179794 8.564042 0.593561
v -131.431808 8.592186 -4.773099
v -131.431824 9.353792 0.035503
v -151.178925 8.390530 -5.256866
v -151.178925 9.134273 -0.561104
v -159.336716 7.971675 -5.211854
v -159.336716 8.678282 -0.750511
v -193.748932 6.295977 -4.465776
v -193.748932 6.854048 -0.942244
v -197.837769 5.973955 -4.322403
v -197.837769 6.503483 -0.979083
v -255.294540 0.948798 0.468466
v -251.053619 1.776282 2.327017
v -251.053604 -0.456514 2.680656
v -255.294540 -0.836004 0.515200
v -230.756958 -0.555046 3.618135
v -230.756958 2.159690 3.188157
v -223.671082 -0.623531 4.269699
v -223.671082 2.426169 3.786672
v -210.411957 -0.665200 4.666189
v -197.837769 -0.683560 4.840879
v -197.837769 2.659768 4.311341
v -193.748932 -0.720405 5.191443
v -193.748932 2.803143 4.633364
v -159.336731 -0.912139 7.015667
v -159.336716 3.549212 6.309062
v -151.178925 -0.960063 7.613128
v -151.178925 3.735693 6.869382
v -131.431808 -0.983129 8.406198
v -131.431808 3.825476 7.644578
v -110.179794 -0.900127 8.257488
v -110.179794 3.502492 7.560190
v -96.959221 -0.795538 7.568985
v -96.959221 3.095528 6.952701
v -85.436783 -0.605941 5.505718
v -96.959221 -0.795538 7.568985
v -85.436943 -3.292722 4.515493
v -96.959221 -4.473444 6.157175
v -110.179794 -0.900127 8.257488
v -110.179794 -5.061555 6.660077
v -131.431808 -0.983129 8.406198
v -131.431824 -5.528326 6.661448
v -151.178925 -0.960063 7.613128
v -151.178925 -5.398582 5.909347
v -159.336731 -0.912139 7.015667
v -159.336716 -5.129086 5.396935
v -193.748932 -0.720405 5.191443
v -193.748932 -4.050921 3.912974
v -197.837769 -0.683560 4.840879
v -197.837769 -3.843733 3.627803
v -210.411942 -3.740487 3.485694
v -223.671082 -0.623531 4.269699
v -223.671082 -3.506154 3.163166
v -230.756958 -0.555046 3.618135
v -230.756958 -3.121060 2.633139
v -251.053604 -2.566991 1.870523
v -255.294540 -0.836004 0.515200
v -251.053604 -3.989651 0.113681
v -255.294540 -2.131098 -0.713796
v -230.756958 -4.850795 0.497092
v -230.756958 -3.121060 2.633139
v -223.671082 -5.449313 0.763572
v -223.671082 -3.506154 3.163166
v -210.411957 -5.813513 0.925717
v -197.837769 -5.973984 0.997166
v -197.837769 -3.843733 3.627803
v -193.748932 -6.296000 1.140538
v -193.748932 -4.050921 3.912974
v -159.336716 -7.971706 1.886597
v -159.336716 -5.129086 5.396935
v -151.178925 -8.390556 2.214559
v -151.178925 -5.398582 5.909347
v -131.431808 -8.592205 2.877883
v -131.431824 -5.528326 6.661448
v -110.179794 -7.866753 3.195948
v -110.179794 -5.061555 6.660077
v -96.959221 -6.952700 3.095546
v -85.437698 -5.164838 2.275182
v -255.294540 -2.131098 -0.713796
v -251.053604 -3.989651 0.113681
v -251.053619 -4.343291 -2.119110
v -255.294540 -2.177836 -2.498599
v -230.756958 -5.280767 -2.217647
v -230.756958 -4.850795 0.497092
v -223.671082 -5.932333 -2.286134
v -223.671082 -5.449313 0.763572
v -210.411957 -6.328826 -2.327809
v -210.411957 -5.813513 0.925717
v -197.837769 -6.503515 -2.346169
v -197.837769 -5.973984 0.997166
v -193.748932 -6.854080 -2.383018
v -193.748932 -6.296000 1.140538
v -159.336716 -8.678310 -2.574762
v -159.336716 -7.971706 1.886597
v -151.178925 -9.134300 -2.481219
v -151.178925 -8.390556 2.214559
v -131.431808 -9.353817 -1.930729
v -131.431808 -8.592205 2.877883
v -110.179794 -8.564063 -1.206676
v -110.179794 -7.866753 3.195948
v -96.959221 -7.568984 -0.795520
v -96.959221 -6.952700 3.095546
v -85.437485 -5.561172 -0.550542
v -85.437698 -5.164838 2.275182
v -96.959221 -7.568984 -0.795520
v -85.436691 -4.442863 -3.184336
v -96.959221 -6.157168 -4.473423
v -110.179794 -8.564063 -1.206676
v -110.179794 -6.966638 -5.368103
v -131.431808 -9.353817 -1.930729
v -131.431808 -7.609077 -6.475923
v -151.178925 -9.134300 -2.481219
v -151.178925 -7.430520 -6.919734
v -159.336716 -8.678310 -2.574762
v -159.336731 -7.059579 -6.791704
v -193.748932 -6.854080 -2.383018
v -193.748932 -5.575613 -5.713531
v -197.837769 -6.503515 -2.346169
v -197.837769 -5.290443 -5.506342
v -210.411957 -5.148329 -5.403090
v -223.671082 -5.932333 -2.286134
v -223.671082 -4.825799 -5.168756
v -230.756958 -5.280767 -2.217647
v -230.756958 -4.295772 -4.783659
v -251.053619 -3.533154 -4.229586
v -255.294540 -2.177836 -2.498599
v -251.053604 -1.776317 -5.652248
v -255.294571 -0.948837 -3.793694
v -230.756958 -2.159725 -6.513395
v -230.756958 -4.295772 -4.783659
v -223.671082 -2.426204 -7.111913
v -223.671082 -4.825799 -5.168756
v -197.837769 -2.659801 -7.636590
v -197.837769 -5.290443 -5.506342
v -193.748932 -2.803177 -7.958615
v -193.748932 -5.575613 -5.713531
v -159.336716 -3.549243 -9.634323
v -159.336731 -7.059579 -6.791704
v -151.178925 -3.735724 -9.911699
v -151.178925 -7.430520 -6.919734
v -131.431808 -3.825504 -9.539804
v -131.431808 -7.609077 -6.475923
v -110.179794 -3.502525 -8.173326
v -110.179794 -6.966638 -5.368103
v -96.959221 -3.095547 -6.952679
v -85.436584 -2.196904 -4.902188
v -85.436600 0.647784 -5.272275
v -285.070709 0.742799 0.005794
v -257.463074 0.767729 0.061777
v -257.463043 -0.676467 0.099595
v -285.070709 -0.654507 0.042385
v -286.781860 0.501338 -0.536536
v -286.781860 -0.441760 -0.511838
v -288.646759 -0.000021 -1.662608
v -286.781860 1.150748 -1.220869
v -286.781860 0.501338 -0.536536
v -285.070709 1.704973 -1.008123
v -285.070709 0.742799 0.005794
v -257.463043 1.762190 -0.986166
v -257.463074 0.767729 0.061777
v -286.781860 1.126053 -2.163970
v -286.781860 1.150748 -1.220869
v -285.070709 1.668383 -2.405432
v -285.070709 1.704973 -1.008123
v -257.463074 1.724371 -2.430363
v -257.463043 1.762190 -0.986166
v -286.781830 0.441718 -2.813379
v -286.781860 1.126053 -2.163970
v -285.070709 0.654465 -3.367605
v -285.070709 1.668383 -2.405432
v -257.463074 0.676430 -3.424825
v -257.463074 1.724371 -2.430363
v -285.070709 -0.654507 0.042385
v -257.463043 -0.676467 0.099595
v -257.463074 -1.724409 -0.894865
v -285.070709 -1.668425 -0.919787
v -286.781860 -0.441760 -0.511838
v -286.781860 -1.126095 -1.161248
v -288.646759 -0.000021 -1.662608
v -286.781830 -1.150792 -2.104347
v -286.781860 -1.126095 -1.161248
v -285.070709 -1.705015 -2.317093
v -285.070709 -1.668425 -0.919787
v -257.463074 -1.762228 -2.339061
v -257.463074 -1.724409 -0.894865
v -286.781860 -0.501381 -2.788682
v -286.781830 -1.150792 -2.104347
v -285.070709 -0.742843 -3.331017
v -285.070709 -1.705015 -2.317093
v -257.463074 -0.767767 -3.387004
v -257.463074 -1.762228 -2.339061
v -286.781860 -0.501381 -2.788682
v -286.781830 0.441718 -2.813379
v -285.070709 -0.742843 -3.331017
v -285.070709 0.654465 -3.367605
v -257.463074 -0.767767 -3.387004
v -257.463074 0.676430 -3.424825
v -34.513260 0.796057 1.787985
v -33.585873 1.421053 3.191747
v -33.585873 -1.252067 3.261740
v -34.513260 -0.701401 1.827185
v -32.190720 -1.645980 4.287910
v -32.190720 1.868131 4.195900
v -34.513260 -0.701401 1.827185
v -33.585873 -1.252067 3.261740
v -33.585873 -3.191741 1.421059
v -34.513260 -1.787980 0.796064
v -32.190720 -4.195893 1.868136
v -32.190720 -1.645980 4.287910
v -34.513260 -1.787980 0.796064
v -33.585873 -3.191741 1.421059
v -33.585873 -3.261738 -1.252055
v -34.513260 -1.827189 -0.701375
v -32.190720 -4.287910 -1.645963
v -32.190720 -4.195893 1.868136
v -34.513260 -1.827189 -0.701375
v -33.585873 -3.261738 -1.252055
v -33.585873 -1.421058 -3.191736
v -34.513260 -0.796062 -1.787973
v -32.190720 -1.868135 -4.195889
v -32.190720 -4.287910 -1.645963
v -32.190720 1.868131 4.195900
v -28.719355 1.401699 3.148276
v -28.719355 -1.235015 3.217325
v -32.190720 -1.645980 4.287910
v -25.345572 -0.986692 2.570395
v -25.345572 1.119854 2.515241
v -18.597982 -0.858184 2.235626
v -18.597982 0.974001 2.187649
v -5.102823 -0.838346 2.183949
v -5.102823 0.951489 2.137081
v 13.778739 -1.121076 2.920493
v 13.778738 -2.857824 1.272384
v -5.102823 -2.137087 0.951494
v 14.438266 1.290622 2.898779
v -18.597982 -0.858184 2.235626
v -18.597982 -2.187655 0.974009
v -25.345572 -0.986692 2.570395
v -25.345572 -2.515243 1.119862
v -28.719355 -1.235015 3.217325
v -28.719355 -3.148276 1.401707
v -32.190720 -1.645980 4.287910
v -32.190720 -4.195893 1.868136
v 21.887516 -1.318601 3.435081
v 21.887516 -3.361362 1.496572
v 21.887516 1.496572 3.361349
v 26.705933 -1.115104 2.904934
v 26.705996 1.265611 2.842599
v 28.818357 -0.889482 2.317178
v 28.818357 1.009538 2.267450
v 30.930780 -0.663859 1.729422
v 30.930780 0.753466 1.692301
v 34.177959 0.000003 -0.000006
v 26.705933 -1.115104 2.904934
v 26.705933 -2.842601 1.265604
v 21.887516 -3.361362 1.496572
v 28.818357 -2.267453 1.009532
v 30.930780 -1.692306 0.753459
v 30.930780 -0.663859 1.729422
v 26.705933 -2.842601 1.265604
v 26.705933 -2.904940 -1.115102
v 28.818357 -2.317181 -0.889487
v 30.930780 -1.729422 -0.663872
v 30.930780 -1.692306 0.753459
v 21.887516 -3.435081 -1.318611
v 30.930780 -1.729422 -0.663872
v 30.930780 -0.753461 -1.692311
v 28.818357 -1.009534 -2.267460
v 26.705933 -2.904940 -1.115102
v 26.705933 -1.265606 -2.842607
v 21.887516 -3.435081 -1.318611
v 21.887516 -1.496569 -3.361356
v 13.778740 -2.920497 -1.121072
v 13.778738 -2.857824 1.272384
v -5.102823 -2.137087 0.951494
v -5.102824 -2.183953 -0.838333
v -18.597982 -2.187655 0.974009
v -18.597982 -2.235629 -0.858166
v -25.345572 -2.515243 1.119862
v -25.345572 -2.570400 -0.986669
v -28.719355 -3.148276 1.401707
v -28.719355 -3.217322 -1.235009
v -32.190720 -4.195893 1.868136
v -32.190720 -4.287910 -1.645963
v 13.778738 -1.272385 -2.857830
v 13.778740 -2.920497 -1.121072
v -5.102824 -2.183953 -0.838333
v -5.102824 -0.951490 -2.137079
v -18.597982 -2.235629 -0.858166
v -18.597984 -0.974004 -2.187642
v -25.345572 -2.570400 -0.986669
v -25.345572 -1.119858 -2.515233
v -28.719355 -3.217322 -1.235009
v -28.719355 -1.401703 -3.148267
v -32.190720 -4.287910 -1.645963
v -32.190720 -1.868135 -4.195889
v 21.887516 -1.496569 -3.361356
v 21.887516 1.318605 -3.435089
v 26.705933 -1.265606 -2.842607
v 26.705933 1.115109 -2.904943
v 13.778738 -1.272385 -2.857830
v 13.778739 1.121078 -2.920497
v -5.102824 0.838346 -2.183947
v -5.102824 -0.951490 -2.137079
v -18.597982 0.858181 -2.235620
v -18.597984 -0.974004 -2.187642
v -25.345572 0.986689 -2.570387
v -25.345572 -1.119858 -2.515233
v -28.719355 1.235011 -3.217315
v -28.719355 -1.401703 -3.148267
v -32.190720 1.645975 -4.287899
v -32.190720 -1.868135 -4.195889
v 28.818357 0.889487 -2.317188
v 30.930780 -0.753461 -1.692311
v 30.930780 0.663864 -1.729432
v 34.177959 0.000003 -0.000006
v 28.818357 2.267458 -1.009541
v 30.930780 0.663864 -1.729432
v 30.930780 1.692311 -0.753469
v 26.705933 2.842605 -1.265613
v 26.705933 1.115109 -2.904943
v 21.887516 3.361365 -1.496579
v 21.887516 1.318605 -3.435089
v 13.778739 1.121078 -2.920497
v 13.778738 2.857826 -1.272388
v -5.102824 2.137087 -0.951492
v -5.102824 0.838346 -2.183947
v -18.597982 2.187652 -0.974003
v -18.597982 0.858181 -2.235620
v -25.345572 2.515239 -1.119853
v -25.345572 0.986689 -2.570387
v -28.719355 3.148272 -1.401697
v -28.719355 1.235011 -3.217315
v -32.190720 4.195889 -1.868126
v -32.190720 1.645975 -4.287899
v -255.294571 0.948798 0.468466
v -34.513260 0.796057 1.787985
v -34.513260 -0.701401 1.827185
v -255.294540 -0.836004 0.515200
v -34.513260 -0.701401 1.827185
v -34.513260 -1.787980 0.796064
v -255.294540 -2.131098 -0.713796
v -255.294540 -2.131098 -0.713796
v -34.513260 -1.787980 0.796064
v -34.513260 -1.827189 -0.701375
v -255.294540 -2.177835 -2.498599
v -255.294540 -2.177835 -2.498599
v -34.513260 -1.827189 -0.701375
v -34.513260 -0.796062 -1.787973
v -255.294571 -0.948837 -3.793694
v -257.463074 0.767729 0.061777
v -256.286530 1.705748 2.168595
v -256.286560 -1.502937 2.252624
v -257.463043 -0.676467 0.099595
v -256.286530 -3.831230 0.043151
v -257.463074 -1.724409 -0.894865
v -256.286560 -3.915257 -3.165532
v -257.463074 -1.762228 -2.339061
v -256.286530 -1.705787 -5.493826
v -257.463074 -0.767767 -3.387004
v -256.286560 3.915218 -0.159696
v -257.463043 1.762190 -0.986166
v -256.286530 3.831191 -3.368376
v -257.463074 1.724371 -2.430363
v -257.463074 0.676430 -3.424825
v -256.286560 1.502900 -5.577847
v -257.463074 1.724371 -2.430363
v -256.286530 3.831191 -3.368376
v -256.286530 1.705748 2.168595
v -255.294571 0.948798 0.468466
v -255.294540 -0.836004 0.515200
v -256.286560 -1.502937 2.252624
v -255.294540 -2.131098 -0.713796
v -256.286530 -3.831230 0.043151
v -255.294540 -2.177835 -2.498599
v -256.286560 -3.915257 -3.165532
v -255.294571 -0.948837 -3.793694
v -256.286530 -1.705787 -5.493826
v -255.294540 2.177797 -0.826630
v -256.286560 3.915218 -0.159696
v -255.294540 2.131061 -2.611435
v -256.286530 3.831191 -3.368376
v -256.286560 1.502900 -5.577847
v -255.294540 0.835967 -3.840433
v -256.286530 3.831191 -3.368376
v -255.294540 2.131061 -2.611435
v -34.513260 0.796057 1.787985
v -34.513260 1.827184 0.701387
v -33.585873 3.261734 1.252066
v -33.585873 1.421053 3.191747
v -32.190720 4.287906 1.645973
v -32.190720 1.868131 4.195900
v -34.513260 1.827184 0.701387
v -34.513260 1.787975 -0.796053
v -33.585873 3.191736 -1.421048
v -33.585873 3.261734 1.252066
v -32.190720 4.195889 -1.868126
v -32.190720 4.287906 1.645973
v -34.513260 1.787975 -0.796053
v -34.513260 0.701396 -1.827174
v -33.585873 1.252062 -3.261729
v -33.585873 3.191736 -1.421048
v -32.190720 1.645975 -4.287899
v -32.190720 4.195889 -1.868126
v -34.513260 0.701396 -1.827174
v -34.513260 -0.796062 -1.787973
v -33.585873 -1.421058 -3.191736
v -33.585873 1.252062 -3.261729
v -32.190720 -1.868135 -4.195889
v -32.190720 1.645975 -4.287899
v -32.190720 1.868131 4.195900
v -32.190720 4.287906 1.645973
v -28.719355 3.217317 1.235018
v -28.719355 1.401699 3.148276
v -25.345572 2.570396 0.986677
v -25.345572 1.119854 2.515241
v -18.597982 2.235626 0.858172
v -18.597982 0.974001 2.187649
v -5.102823 2.183952 0.838334
v -5.102823 0.951489 2.137081
v 13.778738 2.920499 1.121067
v 13.778738 2.857826 -1.272388
v -5.102824 2.137087 -0.951492
v -18.597982 2.235626 0.858172
v -18.597982 2.187652 -0.974003
v -25.345572 2.570396 0.986677
v -25.345572 2.515239 -1.119853
v -28.719355 3.217317 1.235018
v -28.719355 3.148272 -1.401697
v -32.190720 4.287906 1.645973
v -32.190720 4.195889 -1.868126
v 21.887516 3.435085 1.318603
v 21.887516 3.361365 -1.496579
v 26.705933 2.842605 -1.265613
v 26.705933 2.904944 1.115093
v 28.818357 2.267458 -1.009541
v 28.818357 2.317186 0.889477
v 30.930780 1.729427 0.663861
v 30.930780 1.692311 -0.753469
v 30.930780 1.729427 0.663861
v 30.930780 0.753466 1.692301
v -255.294571 0.948798 0.468466
v -255.294540 2.177797 -0.826630
v -34.513260 1.827184 0.701387
v -34.513260 0.796057 1.787985
v -255.294540 2.177797 -0.826630
v -255.294540 2.131061 -2.611435
v -34.513260 1.787975 -0.796053
v -34.513260 1.827184 0.701387
v -255.294540 2.131061 -2.611435
v -255.294540 0.835967 -3.840433
v -34.513260 0.701396 -1.827174
v -34.513260 1.787975 -0.796053
v -255.294540 0.835967 -3.840433
v -255.294571 -0.948837 -3.793694
v -34.513260 -0.796062 -1.787973
v -34.513260 0.701396 -1.827174
v -20.216188 14.885407 -18.437199
v -19.631271 13.845412 -19.635334
v -15.187885 16.558388 -19.595764
v -15.648529 17.361998 -19.053204
v -23.190573 10.627292 -18.921566
v -24.314289 12.208007 -17.661932
v -27.452108 9.488736 -16.363697
v -26.272917 7.600183 -17.989428
v -29.818460 6.507685 -14.618800
v -28.909081 4.174496 -16.343760
v -31.978754 2.714641 -11.878799
v -30.862743 0.243974 -14.053777
v -32.111950 -3.643277 -11.188427
v -33.253052 -0.916715 -8.836478
v -33.812653 -3.661752 -6.205659
v -32.392387 -6.641314 -8.679900
v -11.750510 18.882334 -18.741177
v -10.836002 17.012159 -20.660873
v -14.517685 15.722921 -21.243286
v -14.076632 14.898766 -21.208693
v -18.069613 11.580194 -21.678368
v -19.323288 13.398549 -21.858057
v -19.631271 13.845412 -19.635334
v -23.410902 10.229730 -21.571999
v -23.190573 10.627292 -18.921566
v -26.452379 6.347738 -20.769457
v -26.272917 7.600183 -17.989428
v -28.909081 4.174496 -16.343760
v -28.923048 2.054187 -19.156185
v -30.862743 0.243974 -14.053777
v -30.661158 -2.609908 -17.046541
v -32.111950 -3.643277 -11.188427
v -31.553089 -6.776307 -14.482781
v -32.392387 -6.641314 -8.679900
v -31.670712 -9.829854 -11.541052
v -32.115967 -9.428531 -6.016212
v -31.409531 -12.277449 -8.440949
v -27.608227 -13.935431 -10.357780
v -27.275507 -11.777999 -13.089718
v -31.250174 -11.925570 -3.560141
v -30.581581 -13.869192 -5.511471
v -27.484076 -8.854620 -15.208347
v -26.190252 -0.298350 -19.464607
v -24.212404 4.087595 -20.907145
v -21.510469 8.074972 -21.697641
v -28.376501 -14.795603 -7.060438
v -29.516449 -14.777279 -3.415868
v -30.375751 -13.721342 -1.940219
v -27.209423 -4.918123 -17.567217
v -27.484076 -8.854620 -15.208347
v -27.275507 -11.777999 -13.089718
v -26.546516 -10.892311 -16.310753
v -25.777067 -7.430957 -19.752983
v -27.209423 -4.918123 -17.567217
v -24.600248 -3.423748 -22.288979
v -26.190252 -0.298350 -19.464607
v -22.650478 1.495377 -24.038172
v -24.212404 4.087595 -20.907145
v -20.210009 6.425683 -24.869913
v -21.510469 8.074972 -21.697641
v -17.078907 10.918994 -24.618404
v -18.069613 11.580194 -21.678368
v -14.076632 14.898766 -21.208693
v -13.070930 14.430016 -23.190811
v -10.010977 15.914236 -22.156931
v -11.873674 12.389375 -23.211920
v -14.911174 8.619384 -24.523249
v -9.352333 14.752600 -22.230923
v -17.392860 3.938872 -24.808529
v -19.256136 -1.252724 -24.008234
v -20.934181 -6.070583 -22.145498
v -22.403284 -9.135784 -19.898201
v -6.881336 16.802464 -20.976274
v -7.511862 17.989761 -19.796532
v -4.957397 18.342361 -19.319942
v -5.821128 15.257952 -22.857357
v -9.352333 14.752600 -22.230923
v -7.939114 13.632688 -24.454350
v -10.195342 11.685681 -25.759338
v -11.873674 12.389375 -23.211920
v -12.817722 7.522689 -26.892624
v -14.911174 8.619384 -24.523249
v -17.392860 3.938872 -24.808529
v -15.088432 2.738968 -27.103680
v -3.664231 16.505550 -21.528822
v -19.256136 -1.252724 -24.008234
v -17.358831 -2.756995 -25.277443
v -12.075321 1.170735 -26.490240
v -14.628427 -3.900589 -25.325937
v -20.934181 -6.070583 -22.145498
v -19.474096 -6.696327 -22.411270
v -8.123786 9.600033 -25.611771
v -10.132575 5.765602 -26.374502
v -6.455773 11.704592 -24.511879
v -4.739249 13.278576 -23.184923
v -2.810366 14.683372 -21.746351
v -0.423908 16.099361 -20.000078
v -0.833857 17.742764 -19.712490
v 2.393013 17.030346 -17.810934
v 2.161538 18.604267 -17.363527
v 5.429978 17.439863 -15.251121
v 5.212428 18.880526 -14.910974
v 8.615382 17.264120 -12.464695
v 8.674255 18.608810 -11.974957
v 11.699417 16.445646 -9.327120
v 12.011189 17.602085 -8.834880
v 6.055273 20.447851 -8.837744
v 9.719775 19.190649 -5.815962
v 2.545696 21.093351 -11.763620
v -0.442818 21.227009 -13.786774
v -3.438399 21.042080 -15.631166
v -6.253900 20.445728 -16.918158
v -8.544200 19.873234 -17.903137
v 14.705194 14.748117 -5.698839
v 15.234784 15.601507 -5.235895
v 17.466188 12.045723 -2.486151
v 18.146751 12.896407 -1.971470
v 20.567755 8.619656 -0.385298
v 21.417809 9.341062 0.281780
v 25.111832 5.540762 1.323433
v 23.569679 5.164576 0.568562
v 28.818357 2.317186 0.889477
v 25.381105 2.974359 0.660856
v 11.699417 16.445646 -9.327120
v 9.719775 19.190649 -5.815962
v 15.234784 15.601507 -5.235895
v 12.854609 17.333765 -2.602838
v 15.234784 15.601507 -5.235895
v 18.146751 12.896407 -1.971470
v 16.100225 14.197746 0.599724
v 21.417809 9.341062 0.281780
v 19.614849 10.248273 2.767382
v 25.111832 5.540762 1.323433
v 23.376602 5.840394 3.526515
v 28.818357 1.009538 2.267450
v 28.818357 2.317186 0.889477
v -33.718987 -6.493316 -3.144691
v -32.115967 -9.428531 -6.016212
v -33.812653 -3.661752 -6.205659
v -31.250174 -11.925570 -3.560141
v -32.934193 -8.897666 -0.355443
v -32.077507 -10.852835 1.836663
v -30.375751 -13.721342 -1.940219
v -29.162117 -14.975188 0.843236
v -30.937433 -12.834888 3.991717
v -28.364305 -15.191180 4.131389
v -28.375551 -14.920639 6.467159
v 20.567755 8.619656 -0.385298
v 13.184536 7.274974 0.638100
v 13.785167 4.449788 1.547691
v 23.569679 5.164576 0.568562
v 17.466188 12.045723 -2.486151
v 12.157405 10.141299 -1.894940
v 14.705194 14.748117 -5.698839
v 10.893962 12.739885 -4.753304
v 11.699417 16.445646 -9.327120
v 8.928801 15.010518 -8.240161
v 8.615382 17.264120 -12.464695
v 6.909446 15.964973 -11.271485
v 5.429978 17.439863 -15.251121
v 4.397888 16.343014 -14.218038
v 2.393013 17.030346 -17.810934
v 1.671582 16.004694 -16.614233
v -0.423908 16.099361 -20.000078
v -0.872687 15.197253 -18.722139
v -2.810366 14.683372 -21.746351
v -3.237782 14.209067 -20.707253
v -4.739249 13.278576 -23.184923
v -5.050547 13.064206 -22.103827
v -6.455773 11.704592 -24.511879
v -6.722206 11.579152 -23.428009
v -8.123786 9.600033 -25.611771
v -8.341976 9.587743 -24.624525
v -10.132575 5.765602 -26.374502
v -10.337601 5.726780 -25.444510
v -12.075321 1.170735 -26.490240
v -12.160952 1.211290 -25.519194
v -14.628427 -3.900589 -25.325937
v -14.443752 -3.695788 -24.414892
v -17.179947 -6.129822 -23.887402
v -16.836349 -5.908685 -23.049519
v -19.474096 -6.696327 -22.411270
v -19.103146 -6.418936 -21.605061
v -20.934181 -6.070583 -22.145498
v -20.634438 -5.838062 -21.294914
v -24.398993 -11.697659 -16.622700
v -22.403284 -9.135784 -19.898201
v -26.103712 -12.445491 -14.221725
v -17.179947 -6.129822 -23.887402
v -14.893685 15.959873 -18.951687
v -19.097006 12.783240 -19.202339
v -19.763662 14.437152 -17.641094
v -15.405187 16.992453 -18.209772
v -22.550777 9.920871 -18.577888
v -23.823015 11.904209 -16.919682
v -26.821417 9.258204 -15.702525
v -25.570150 6.996256 -17.601442
v -29.065571 6.347901 -14.066895
v -28.094273 3.772021 -15.969066
v -31.135849 2.667055 -11.434823
v -29.982161 0.039090 -13.704307
v -11.651263 18.423904 -17.947351
v -10.884740 16.741589 -19.635908
v -14.409971 15.572494 -20.221727
v -19.035168 12.795554 -21.166161
v -19.097006 12.783240 -19.202339
v -22.899195 9.621446 -20.984409
v -22.550777 9.920871 -18.577888
v -25.863031 5.899031 -20.135277
v -25.570150 6.996256 -17.601442
v -28.094273 3.772021 -15.969066
v -28.239456 1.823633 -18.521681
v -29.982161 0.039090 -13.704307
v -29.923988 -2.621753 -16.427330
v -31.191610 -3.661068 -10.904284
v -30.791943 -6.554120 -13.942155
v -31.464098 -6.494893 -8.479309
v -30.887936 -9.454329 -11.129462
v -17.773642 11.076764 -20.918489
v -13.844705 14.329510 -20.470762
v -31.201168 -9.153355 -5.917887
v -30.630320 -11.769625 -8.203465
v -27.112648 -13.265450 -9.873673
v -26.667580 -11.257067 -12.557180
v -30.368130 -11.545731 -3.545980
v -29.873272 -13.226668 -5.428146
v -26.805326 -8.523878 -14.612033
v -26.568909 -4.767180 -16.867764
v -25.612585 -0.376043 -18.718533
v -27.886709 -14.016565 -6.778740
v -28.897354 -14.042857 -3.399683
v -29.561728 -13.212406 -1.971990
v -12.979633 13.765151 -22.457056
v -13.844705 14.329510 -20.470762
v -16.830046 10.300007 -23.875738
v -17.773642 11.076764 -20.918489
v -10.074196 15.280482 -21.338755
v -21.095968 7.668179 -20.938015
v -19.838108 5.952373 -24.087774
v -23.709574 3.829726 -20.152491
v -22.185406 1.209675 -23.239712
v -25.612585 -0.376043 -18.718533
v -24.043468 -3.441074 -21.514017
v -26.568909 -4.767180 -16.867764
v -25.148932 -7.160584 -19.082756
v -26.805326 -8.523878 -14.612033
v -25.884041 -10.408750 -15.818756
v -26.667580 -11.257067 -12.557180
v -11.775703 11.854795 -22.391972
v -14.743433 8.117494 -23.695211
v -9.304048 14.133482 -21.558319
v -17.098228 3.592703 -23.956745
v -18.911345 -1.354001 -23.139662
v -20.634438 -5.838062 -21.294914
v -22.088938 -8.665851 -19.133343
v -24.039595 -11.067777 -16.006714
v -25.526642 -11.790066 -13.845031
v -6.842856 15.669167 -20.418550
v -8.665570 19.265865 -17.175472
v -6.377620 19.827757 -16.244064
v -4.708721 16.566822 -18.885849
v -3.237782 14.209067 -20.707253
v -5.050547 13.064206 -22.103827
v -8.001922 12.984125 -23.691912
v -9.304048 14.133482 -21.558319
v -10.093416 11.032901 -25.002165
v -11.775703 11.854795 -22.391972
v -12.499916 7.452050 -26.024542
v -14.743433 8.117494 -23.695211
v -17.098228 3.592703 -23.956745
v -14.876835 2.472123 -26.209034
v -18.911345 -1.354001 -23.139662
v -16.846422 -2.750300 -24.404020
v -12.160952 1.211290 -25.519194
v -14.443752 -3.695788 -24.414892
v -20.634438 -5.838062 -21.294914
v -19.103146 -6.418936 -21.605061
v -8.341976 9.587743 -24.624525
v -10.337601 5.726780 -25.444510
v -6.722206 11.579152 -23.428009
v -16.836349 -5.908685 -23.049519
v -31.464098 -6.494893 -8.479309
v -31.201168 -9.153355 -5.917887
v -32.830185 -6.162886 -2.984019
v -32.910442 -3.468837 -5.940804
v -31.191610 -3.661068 -10.904284
v -31.464098 -6.494893 -8.479309
v -32.360912 -0.855890 -8.492925
v -31.135849 2.667055 -11.434823
v -30.368130 -11.545731 -3.545980
v -32.065948 -8.491053 -0.272703
v -31.252502 -10.359000 1.878495
v -29.561728 -13.212406 -1.971990
v -28.420088 -14.367224 0.795019
v -30.204567 -12.211917 3.997025
v -27.712292 -14.491790 4.042378
v -27.722942 -14.220092 6.392715
v -31.201168 -9.153355 -5.917887
v -22.899195 9.621446 -20.984409
v -21.095968 7.668179 -20.938015
v -23.709574 3.829726 -20.152491
v -25.863031 5.899031 -20.135277
v 19.573938 5.420527 3.481966
v 14.389429 4.674129 3.066993
v 13.665031 7.950483 1.951591
v 17.398378 9.400043 2.558814
v 12.577755 11.217992 -0.824535
v 14.732758 13.402375 0.213929
v 11.138435 13.907135 -3.779117
v 12.095317 16.314634 -2.658110
v 14.438266 1.290622 2.898779
v 21.887516 1.496572 3.361349
v 12.157405 10.141299 -1.894940
v 13.184536 7.274974 0.638100
v 14.389429 4.674129 3.066993
v 13.785167 4.449788 1.547691
v 13.778738 2.920499 1.121067
v 14.438266 1.290622 2.898779
v 10.893962 12.739885 -4.753304
v 8.928801 15.010518 -8.240161
v 8.823848 16.258865 -7.158625
v 6.909446 15.964973 -11.271485
v 6.140450 17.690605 -9.917625
v 9.095410 18.193705 -5.786248
v 5.640607 19.522951 -8.692932
v 3.192249 17.926344 -12.883714
v 2.184013 20.145794 -11.544883
v 0.501909 18.038696 -15.031698
v -0.713288 20.322380 -13.448452
v -2.201860 17.549511 -17.111965
v -3.607046 20.198912 -15.165004
v -0.872687 15.197253 -18.722139
v 1.671582 16.004694 -16.614233
v 4.397888 16.343014 -14.218038
v -15.648529 17.361998 -19.053204
v -15.405187 16.992453 -18.209772
v -19.763662 14.437152 -17.641094
v -20.216188 14.885407 -18.437199
v -23.823015 11.904209 -16.919682
v -24.314289 12.208007 -17.661932
v -26.821417 9.258204 -15.702525
v -27.452108 9.488736 -16.363697
v -29.065571 6.347901 -14.066895
v -29.818460 6.507685 -14.618800
v -31.135849 2.667055 -11.434823
v -31.978754 2.714641 -11.878799
v -32.360912 -0.855890 -8.492925
v -33.253052 -0.916715 -8.836478
v -32.910442 -3.468837 -5.940804
v -33.812653 -3.661752 -6.205659
v -32.830185 -6.162886 -2.984019
v -33.718987 -6.493316 -3.144691
v -32.065948 -8.491053 -0.272703
v -32.934193 -8.897666 -0.355443
v -31.252502 -10.359000 1.878495
v -32.077507 -10.852835 1.836663
v -30.204567 -12.211917 3.997025
v -30.937433 -12.834888 3.991717
v -27.722942 -14.220092 6.392715
v -28.375551 -14.920639 6.467159
v -29.516449 -14.777279 -3.415868
v -28.897354 -14.042857 -3.399683
v -27.886709 -14.016565 -6.778740
v -28.376501 -14.795603 -7.060438
v -27.112648 -13.265450 -9.873673
v -27.608227 -13.935431 -10.357780
v -26.667580 -11.257067 -12.557180
v -27.275507 -11.777999 -13.089718
v -30.375751 -13.721342 -1.940219
v -29.561728 -13.212406 -1.971990
v -29.162117 -14.975188 0.843236
v -28.420088 -14.367224 0.795019
v -29.561728 -13.212406 -1.971990
v -30.375751 -13.721342 -1.940219
v -28.364305 -15.191180 4.131389
v -27.712292 -14.491790 4.042378
v -28.375551 -14.920639 6.467159
v -27.722942 -14.220092 6.392715
v -22.403284 -9.135784 -19.898201
v -22.088938 -8.665851 -19.133343
v -20.634438 -5.838062 -21.294914
v -20.934181 -6.070583 -22.145498
v -24.398993 -11.697659 -16.622700
v -24.039595 -11.067777 -16.006714
v -26.103712 -12.445491 -14.221725
v -25.526642 -11.790066 -13.845031
v -27.275507 -11.777999 -13.089718
v -26.667580 -11.257067 -12.557180
v 23.376602 5.840394 3.526515
v 19.573938 5.420527 3.481966
v 17.398378 9.400043 2.558814
v 19.614849 10.248273 2.767382
v 14.732758 13.402375 0.213929
v 16.100225 14.197746 0.599724
v 12.095317 16.314634 -2.658110
v 12.854609 17.333765 -2.602838
v 9.095410 18.193705 -5.786248
v 9.719775 19.190649 -5.815962
v 5.640607 19.522951 -8.692932
v 6.055273 20.447851 -8.837744
v 2.184013 20.145794 -11.544883
v 2.545696 21.093351 -11.763620
v -0.713288 20.322380 -13.448452
v -0.442818 21.227009 -13.786774
v -3.607046 20.198912 -15.165004
v -3.438399 21.042080 -15.631166
v -6.377620 19.827757 -16.244064
v -6.253900 20.445728 -16.918158
v -8.665570 19.265865 -17.175472
v -8.544200 19.873234 -17.903137
v -11.651263 18.423904 -17.947351
v -11.750510 18.882334 -18.741177
v 13.778738 2.920499 1.121067
v 25.381105 2.974359 0.660856
v 21.887516 1.496572 3.361349
v 26.705996 1.265611 2.842599
v 28.818357 1.009538 2.267450
v 14.438266 1.290622 2.898779
v -85.436134 5.082060 -2.127297
v -73.956551 6.607322 -5.490973
v -73.755051 6.733706 -4.165382
v -85.436287 3.324511 -4.220853
v -74.381218 5.701669 -7.038732
v -74.887878 4.465012 -7.976738
v -74.381218 5.701669 -7.038732
v -85.436600 0.647784 -5.272275
v -75.446152 2.938412 -8.602324
v -75.983742 1.373744 -8.689295
v -85.436584 -2.196904 -4.902188
v -76.408813 -0.276665 -8.224440
v -76.856529 -1.805131 -7.173220
v -85.436691 -4.442863 -3.184336
v -76.816948 -3.671494 -5.727805
v -76.817650 -5.033453 -3.878340
v -85.437485 -5.561172 -0.550542
v -76.065041 -6.541754 -1.990021
v -75.345612 -7.177725 -0.011544
v -85.437698 -5.164838 2.275182
v -73.755051 -7.614833 2.229461
v -72.752754 -6.400321 3.964814
v -85.436943 -3.292722 4.515493
v -72.662621 -5.223762 5.484363
v -72.981644 -3.675339 6.444922
v -85.436783 -0.605941 5.505718
v -73.330437 -1.239282 6.918296
v -73.330437 -1.239282 6.918296
v -85.436539 2.240659 5.032624
v -74.035149 2.546432 7.326703
v -85.436783 4.476707 3.211400
v -74.448509 5.197289 6.325086
v -74.482346 7.084331 3.963068
v -74.035149 2.546432 7.326703
v -85.436928 5.532813 0.559864
v -74.085037 7.496560 0.624803
v -73.805412 7.376437 -1.243663
v -74.482346 7.084331 3.963068
v -73.581612 7.115351 -3.240052
v -85.436134 5.082060 -2.127297
v -73.755051 6.733706 -4.165382
v -51.384171 15.482448 -22.540928
v -53.923504 21.246458 -18.796347
v -62.321846 15.046141 -13.480604
v -59.607479 12.242643 -16.807180
v -62.871418 18.017298 -8.676181
v -55.056541 26.446966 -11.428306
v -68.082207 12.608960 -6.821763
v -67.219543 11.637478 -10.209204
v -61.421139 10.091973 -12.047243
v -47.698997 15.464590 -18.594746
v -45.061516 18.558462 -12.001713
v -56.812988 12.251534 -9.010533
v -73.956551 6.607322 -5.490973
v -73.956551 6.607322 -5.490973
v -73.755051 6.733706 -4.165382
v -74.381218 5.701669 -7.038732
v -58.391548 4.582356 -7.797050
v -57.678520 7.142951 -6.908517
v -48.800983 9.641397 -9.122853
v -46.881367 6.815018 -10.816625
v -37.430996 14.483922 -13.256845
v -41.469585 17.871084 -10.498737
v -53.697182 12.389081 -7.491880
v -35.258526 10.390241 -16.351007
v -56.812988 12.251534 -9.010533
v -45.061516 18.558462 -12.001713
v -36.562649 6.528489 -18.658817
v -47.861198 4.293610 -13.139455
v -39.506550 3.585566 -20.918495
v -51.825413 3.659055 -14.686169
v -57.102623 3.151363 -9.880410
v -54.643909 5.404456 -15.506239
v -42.281963 5.489799 -22.309898
v -74.887878 4.465012 -7.976738
v -74.381218 5.701669 -7.038732
v -75.446152 2.938412 -8.602324
v -70.503799 4.140552 -17.467289
v -66.931595 7.986196 -17.385921
v -59.534969 11.358670 -24.110147
v -61.127560 6.270389 -28.598282
v -47.960018 14.256526 -31.944536
v -45.940140 16.780579 -26.609865
v -56.882183 12.075496 -18.172817
v -49.381493 7.871382 -36.762009
v -55.146965 10.243266 -16.236341
v -43.714687 15.119923 -23.817039
v -42.281963 5.489799 -22.309898
v -54.643909 5.404456 -15.506239
v -74.887878 4.465012 -7.976738
v -49.566723 1.982055 -37.262966
v -60.861931 1.181386 -28.570099
v -48.002857 -2.244782 -34.331726
v -58.647923 -0.659043 -24.838045
v -68.123581 0.694757 -19.187138
v -57.068207 1.204124 -23.329395
v -45.611065 0.413989 -32.192516
v -44.233009 8.415544 -30.210646
v -56.874107 6.214896 -21.921053
v -75.983742 1.373744 -8.689295
v -75.983742 1.373744 -8.689295
v -70.503799 4.140552 -17.467289
v -76.408813 -0.276665 -8.224440
v -62.499424 2.436117 -11.523246
v -60.112278 4.877698 -14.287592
v -49.595722 5.521285 -19.868935
v -48.554161 2.511187 -18.310143
v -37.467232 5.225494 -26.584391
v -41.061119 9.115474 -28.347870
v -53.869682 8.010606 -21.500656
v -36.614914 2.006318 -25.678562
v -56.874107 6.214896 -21.921053
v -44.233009 8.415544 -30.210646
v -53.869682 8.010606 -21.500656
v -76.856529 -1.805131 -7.173220
v -60.148705 -0.772070 -12.748121
v -50.836723 -0.759218 -16.522833
v -48.554161 2.511187 -18.310143
v -38.225758 -2.042147 -23.750135
v -42.880680 -4.308642 -22.404711
v -56.940533 -3.633786 -15.553004
v -61.192055 -3.833996 -16.017843
v -47.476604 -5.069328 -23.391855
v -76.816948 -3.671494 -5.727805
v -72.615013 -10.044731 -13.574062
v -72.861549 -6.334943 -16.773296
v -67.040398 -10.371242 -26.125788
v -63.589195 -4.784013 -29.083242
v -70.700958 -3.874658 -18.126408
v -65.535416 -16.267380 -21.608948
v -66.056412 -2.973032 -17.773569
v -57.413441 -3.761925 -28.487579
v -47.476604 -5.069328 -23.391855
v -61.192055 -3.833996 -16.017843
v -76.856529 -1.805131 -7.173220
v -62.415588 -20.077923 -17.538887
v -70.520287 -12.609981 -10.344732
v -53.597435 -23.089287 -12.004107
v -66.640846 -14.150428 -7.867648
v -62.585506 -12.328371 -8.149164
v -47.059341 -21.264421 -11.231320
v -43.661125 -18.542936 -17.526657
v -59.976810 -10.699988 -10.659865
v -76.817650 -5.033453 -3.878340
v -76.817650 -5.033453 -3.878340
v -76.816948 -3.671494 -5.727805
v -76.065041 -6.541754 -1.990021
v -57.065979 -9.023774 -3.907104
v -75.345612 -7.177725 -0.011544
v -55.651337 -10.583505 -0.611232
v -45.147537 -13.780348 -0.517656
v -44.007526 -12.075223 -6.156616
v -32.186310 -20.651024 0.287458
v -36.789135 -22.172203 6.148229
v -49.032883 -15.999100 3.101734
v -30.650114 -17.685291 -8.894030
v -52.623909 -17.390526 1.320172
v -40.175297 -24.136917 5.116925
v -75.345612 -7.177725 -0.011544
v -33.285637 -15.055216 -16.734484
v -47.155006 -11.008986 -10.843364
v -39.323109 -15.166939 -20.043928
v -54.545284 -9.931477 -13.277193
v -57.730061 -8.062931 -7.522130
v -59.976810 -10.699988 -10.659865
v -43.661125 -18.542936 -17.526657
v -53.951469 -20.119316 -1.670931
v -52.623909 -17.390526 1.320172
v -40.175297 -24.136917 5.116925
v -44.253010 -28.033279 -2.634857
v -48.345772 -29.484158 -3.252904
v -56.440063 -21.231415 -2.560615
v -60.725410 -21.024439 0.982192
v -53.357365 -29.188307 3.479211
v -62.871410 -18.503593 7.583975
v -55.056534 -26.189367 12.006914
v -68.082207 -13.512248 4.809489
v -66.570442 -15.315119 0.046817
v -73.755051 -7.614833 2.229461
v -54.026661 -20.597113 18.357689
v -62.085018 -15.047120 12.752123
v -51.535442 -16.584026 19.703888
v -60.104946 -12.026917 13.390236
v -66.238121 -11.768396 8.997110
v -72.752754 -6.400321 3.964814
v -58.659973 -11.273696 11.453543
v -48.686893 -15.943135 17.789877
v -45.075039 -21.006119 9.616023
v -56.937752 -13.814443 7.162364
v -72.752754 -6.400321 3.964814
v -72.662621 -5.223762 5.484363
v -59.138596 -7.038496 6.306379
v -58.401520 -9.546914 5.064900
v -49.177673 -12.586949 7.338381
v -47.397663 -9.320796 10.115525
v -37.395000 -17.080984 11.377617
v -41.449451 -20.576387 8.099252
v -53.713169 -14.492975 5.157620
v -35.323425 -12.440442 15.320212
v -56.937752 -13.814443 7.162364
v -45.075039 -21.006119 9.616023
v -56.882183 12.075496 -18.172817
v -57.120720 10.156686 11.662040
v -46.621853 14.364161 16.976913
v -46.920067 18.194799 14.997149
v -56.193542 13.160100 10.738338
v -72.822144 4.637598 4.061055
v -47.206024 13.146887 19.021669
v -58.426701 8.241218 14.076163
v -66.480705 4.061028 10.251851
v -45.273418 22.254715 11.269857
v -53.369278 16.405268 9.091215
v -48.741173 13.533939 20.679741
v -60.281040 8.071918 15.995391
v -68.570877 3.123580 11.316461
v -68.710411 6.098974 11.884803
v -74.035149 2.546432 7.326703
v -64.505020 8.920866 14.929757
v -68.095505 10.343502 12.289718
v -53.633244 14.871634 21.639320
v -57.290146 17.199945 20.606907
v -69.755112 12.947634 8.599281
v -60.984020 21.186321 15.818757
v -61.620785 24.475115 8.765859
v -69.071968 15.523583 4.614883
v -59.700367 25.670616 3.858237
v -67.162674 17.331364 1.683587
v -74.085037 7.496560 0.624803
v -74.482346 7.084331 3.963068
v -63.469734 17.277016 0.601988
v -60.414268 16.231804 1.420800
v -55.270866 25.811499 0.510149
v -51.014462 25.175068 1.099651
v -45.923988 23.158964 8.605614
v -57.570301 15.019118 4.412589
v -74.085037 7.496560 0.624803
v -74.448509 5.197289 6.325086
v -73.805412 7.376437 -1.243663
v -58.778255 9.357808 -1.053994
v -57.370098 10.853842 1.632622
v -50.033375 15.478011 2.595845
v -48.535454 15.632834 -1.088248
v -39.760143 21.829311 5.234367
v -42.649143 22.065109 8.567037
v -54.360447 15.127099 4.837858
v -38.354916 22.082968 -0.953222
v -57.570301 15.019118 4.412589
v -45.923988 23.158964 8.605614
v -54.360447 15.127099 4.837858
v -39.830658 22.447828 -6.300294
v -49.782001 15.603925 -5.238813
v -42.907730 22.373615 -10.641294
v -53.473461 15.928797 -6.754652
v -58.778255 9.357808 -1.053994
v -57.089367 10.957486 -3.823638
v -56.002937 17.189871 -6.589974
v -45.906357 23.620398 -9.655812
v -73.581612 7.115351 -3.240052
v -73.581612 7.115351 -3.240052
v -73.755051 6.733706 -4.165382
v -68.082207 12.608960 -6.821763
v -65.867928 14.241481 -2.653429
v -61.276100 19.510794 -2.715194
v -62.871418 18.017298 -8.676181
v -53.681713 28.308830 -2.802566
v -50.708984 26.895872 0.815243
v -58.135185 20.024881 -0.118391
v -55.056541 26.446966 -11.428306
v -56.430363 19.455296 -1.308255
v -56.002937 17.189871 -6.589974
v -45.906357 23.620398 -9.655812
v -47.997208 25.357231 0.210870
v -36.692959 21.168755 7.633327
v -30.511028 15.790633 8.050362
v -43.526901 11.072023 4.347294
v -48.087395 15.183250 4.404869
v -41.875187 5.468754 6.468715
v -27.750051 6.972991 9.896395
v -54.466511 3.661768 3.971744
v -52.683887 8.561333 3.357838
v -53.369278 16.405268 9.091215
v -45.273418 22.254715 11.269857
v -72.576172 -0.351887 4.801543
v -53.686092 -0.096300 6.672798
v -44.315155 -0.485851 9.364443
v -41.875187 5.468754 6.468715
v -30.594454 -0.880124 14.416547
v -36.065502 -5.222499 17.394043
v -49.800350 -3.939579 12.594432
v -53.680397 -2.474324 13.740766
v -42.550510 -4.149264 19.663105
v -72.576172 -0.351887 4.801543
v -73.330437 -1.239282 6.918296
v -57.484882 2.828688 13.749898
v -60.451797 3.630920 15.496243
v -50.038727 5.463535 23.412956
v -46.134197 4.302477 20.226521
v -43.977634 1.136585 18.827093
v -54.594402 0.613950 13.368895
v -62.283886 3.035444 16.875074
v -53.446194 4.287682 25.596437
v -63.490536 0.184455 17.518122
v -54.835556 0.581571 26.590761
v -63.052437 -3.164414 17.225309
v -52.705776 -4.417945 25.460829
v -61.204224 -4.372980 16.229223
v -50.813110 -6.280129 24.218140
v -73.330437 -1.239282 6.918296
v -72.981644 -3.675339 6.444922
v -61.429993 -6.622936 15.445038
v -50.854740 -8.681912 24.278130
v -56.594971 -10.924221 26.201574
v -64.574310 -6.682081 16.952295
v -60.037750 -16.746660 26.010618
v -66.916077 -10.194452 17.091909
v -56.543617 -19.008896 22.910078
v -64.156143 -12.255083 15.043735
v -61.692673 -10.824540 14.417537
v -52.289280 -16.949821 21.578024
v -44.584324 -6.266750 23.306904
v -57.994961 -6.513970 15.652024
v -72.981644 -3.675339 6.444922
v -72.662621 -5.223762 5.484363
v -59.138596 -7.038496 6.306379
v -58.357971 -4.063996 9.670609
v -48.835026 -5.564289 13.447027
v -47.397663 -9.320796 10.115525
v -54.338371 -4.113899 15.588709
v -40.597527 -4.399245 22.079208
v -36.845078 -7.874786 19.011034
v -47.397663 -9.320796 10.115525
v -35.323425 -12.440442 15.320212
v -57.994961 -6.513970 15.652024
v -44.584324 -6.266750 23.306904
v -72.576172 -0.351887 4.801543
v -53.680397 -2.474324 13.740766
v -42.550510 -4.149264 19.663105
v -73.330437 -1.239282 6.918296
v -73.330437 -1.239282 6.918296
v -74.035149 2.546432 7.326703
v -73.330437 -1.239282 6.918296
v -66.480705 4.061028 10.251851
v -85.986443 2.410964 5.415137
v -80.921501 2.977587 6.687791
v -80.921501 -0.765226 7.280595
v -85.986443 -0.619611 5.895133
v -91.051376 3.061136 6.875450
v -91.051376 -0.786700 7.484888
v -85.986443 4.795519 3.484162
v -80.921501 5.922555 4.302999
v -85.986443 2.410964 5.415137
v -91.051376 6.088741 4.423740
v -85.986443 5.895118 0.619613
v -80.921501 7.280581 0.765227
v -85.986443 4.795519 3.484162
v -91.051376 7.484873 0.786700
v -85.986443 5.415119 -2.410969
v -80.921501 6.687775 -2.977592
v -85.986443 5.895118 0.619613
v -91.051376 6.875438 -3.061131
v -85.986443 -0.619611 5.895133
v -80.921501 -4.302999 5.922575
v -85.986443 -3.484162 4.795538
v -91.051376 -4.423745 6.088766
v -85.986443 -3.484162 4.795538
v -80.921501 -6.687795 2.977598
v -85.986443 -5.415141 2.410976
v -91.051376 -6.875451 3.061162
v -85.986443 -5.415141 2.410976
v -80.921501 -7.280597 -0.765210
v -85.986443 -5.895134 -0.619594
v -91.051376 -7.484890 -0.786680
v -85.986443 -5.895134 -0.619594
v -80.921501 -5.922575 -4.302980
v -85.986443 -4.795537 -3.484143
v -91.051376 -6.088759 -4.423719
v -85.986443 -4.795537 -3.484143
v -80.921501 -2.977602 -6.687774
v -85.986443 -2.410980 -5.415120
v -91.051376 -3.061153 -6.875430
v -85.986443 -2.410980 -5.415120
v -80.921501 0.765210 -7.280577
v -85.986443 0.619594 -5.895116
v -91.051376 0.786682 -7.484867
v -85.986443 0.619594 -5.895116
v -80.921501 4.302984 -5.922558
v -85.986443 3.484143 -4.795520
v -91.051376 4.423727 -6.088742
v -85.986443 3.484143 -4.795520
v -80.921501 6.687775 -2.977592
v -85.986443 5.415119 -2.410969
v -91.051376 6.875438 -3.061131
vn -0.0947 0.5900 -0.8018
vn -0.0947 0.0979 -0.9907
vn -0.4718 0.3157 -0.8232
vn -0.4558 -0.3620 -0.8132
vn -0.1075 -0.4043 -0.9083
vn -0.0599 0.5867 -0.8076
vn -0.0599 0.1047 -0.9927
vn -0.0599 0.1043 -0.9927
vn -0.0599 -0.4060 -0.9119
vn -0.0502 0.5870 -0.8080
vn -0.0502 0.1044 -0.9933
vn -0.0502 -0.4061 -0.9124
vn -0.0220 0.5876 -0.8088
vn -0.0220 0.1046 -0.9943
vn -0.0220 0.1045 -0.9943
vn -0.0220 -0.4066 -0.9133
vn -0.0325 0.5873 -0.8087
vn -0.0325 0.1045 -0.9940
vn -0.0325 0.1044 -0.9940
vn -0.0325 -0.4065 -0.9131
vn -0.0505 0.5870 -0.8080
vn -0.0505 0.1044 -0.9932
vn -0.0505 0.1044 -0.9933
vn -0.0505 -0.4061 -0.9124
vn -0.0580 0.5867 -0.8077
vn -0.0580 0.1047 -0.9928
vn -0.0580 0.1043 -0.9929
vn -0.0580 -0.4060 -0.9120
vn -0.0670 0.5863 -0.8073
vn -0.0670 0.1043 -0.9923
vn -0.0670 0.1042 -0.9923
vn -0.0670 -0.4057 -0.9116
vn -0.0260 0.5875 -0.8088
vn -0.0260 0.1045 -0.9942
vn -0.0261 0.1041 -0.9942
vn -0.0261 -0.4066 -0.9132
vn 0.0200 0.5876 -0.8089
vn 0.0200 0.1046 -0.9943
vn 0.0200 0.1042 -0.9944
vn 0.0200 -0.4066 -0.9134
vn 0.1009 0.5824 -0.8066
vn 0.1032 0.1064 -0.9890
vn 0.1016 -0.4001 -0.9108
vn 0.0423 0.5889 -0.8071
vn 0.0612 0.9123 -0.4050
vn 0.0969 0.9080 -0.4077
vn 0.0200 0.5877 -0.8088
vn 0.0200 0.9133 -0.4069
vn -0.0260 0.5876 -0.8087
vn -0.0260 0.9132 -0.4067
vn -0.0670 0.5865 -0.8072
vn -0.0670 0.9115 -0.4059
vn -0.0580 0.5869 -0.8076
vn -0.0580 0.9120 -0.4061
vn -0.0505 0.5871 -0.8079
vn -0.0505 0.9124 -0.4062
vn -0.0325 0.5876 -0.8085
vn -0.0325 0.9129 -0.4068
vn -0.0220 0.5877 -0.8088
vn -0.0220 0.9133 -0.4067
vn -0.0502 0.5872 -0.8079
vn -0.0502 0.9124 -0.4062
vn -0.0599 0.5868 -0.8075
vn -0.0599 0.9119 -0.4061
vn -0.0947 0.5902 -0.8017
vn -0.1075 0.9082 -0.4045
vn -0.4718 0.3161 -0.8231
vn -0.4558 0.8130 -0.3622
vn -0.0220 0.9943 0.1045
vn -0.0220 0.9134 -0.4066
vn -0.0502 0.9125 -0.4061
vn -0.0502 0.9933 0.1044
vn -0.0599 0.9119 -0.4060
vn -0.0599 0.9927 0.1043
vn -0.1075 0.9083 -0.4043
vn -0.0947 0.9907 0.0978
vn -0.4558 0.8132 -0.3620
vn -0.4719 0.8231 0.3159
vn -0.0948 0.8017 0.5901
vn -0.0947 0.9907 0.0979
vn -0.4718 0.8231 0.3162
vn -0.1074 0.4045 0.9082
vn -0.4558 0.3622 0.8130
vn -0.0599 0.4061 0.9119
vn -0.0599 0.8075 0.5868
vn -0.0599 0.8077 0.5866
vn -0.0599 0.9927 0.1047
vn -0.0502 0.8080 0.5870
vn -0.0502 0.4062 0.9124
vn -0.0502 0.8079 0.5872
vn -0.0220 0.8089 0.5875
vn -0.0220 0.9943 0.1046
vn -0.0220 0.4067 0.9133
vn -0.0220 0.8088 0.5877
vn -0.0325 0.4068 0.9129
vn -0.0325 0.8085 0.5876
vn -0.0325 0.8087 0.5873
vn -0.0325 0.9940 0.1045
vn -0.0505 0.8080 0.5870
vn -0.0505 0.9932 0.1044
vn -0.0505 0.4062 0.9124
vn -0.0505 0.8079 0.5871
vn -0.0580 0.8077 0.5867
vn -0.0580 0.9928 0.1044
vn -0.0580 0.4061 0.9120
vn -0.0580 0.8076 0.5869
vn -0.0670 0.8073 0.5863
vn -0.0670 0.9923 0.1043
vn -0.0669 0.4059 0.9115
vn -0.0670 0.8072 0.5865
vn -0.0260 0.8088 0.5875
vn -0.0260 0.9942 0.1045
vn -0.0260 0.4067 0.9132
vn -0.0260 0.8087 0.5876
vn 0.0200 0.4069 0.9133
vn 0.0200 0.8087 0.5879
vn 0.0200 0.8089 0.5876
vn 0.0200 0.9943 0.1045
vn 0.0972 0.4056 0.9089
vn 0.0968 0.8045 0.5860
vn 0.0957 0.9898 0.1055
vn 0.0292 0.3193 0.9472
vn 0.0608 0.8122 0.5802
vn 0.0608 0.8123 0.5801
vn 0.0761 0.9909 0.1110
vn 0.0969 0.9081 -0.4074
vn 0.0200 0.9134 -0.4066
vn -0.0260 0.9133 -0.4065
vn -0.0260 0.9942 0.1041
vn -0.0670 0.9115 -0.4058
vn -0.0669 0.9923 0.1042
vn -0.0580 0.9120 -0.4060
vn -0.0580 0.9929 0.1043
vn -0.0505 0.9124 -0.4061
vn -0.0505 0.9933 0.1044
vn -0.0325 0.9131 -0.4065
vn -0.0325 0.9940 0.1044
vn 0.0611 0.9123 -0.4049
vn -0.0947 -0.0978 0.9907
vn -0.1075 0.4043 0.9083
vn -0.4558 0.3619 0.8132
vn -0.4719 -0.3159 0.8231
vn -0.0599 -0.1043 0.9927
vn -0.0599 0.4060 0.9119
vn -0.0502 -0.1044 0.9933
vn -0.0502 0.4061 0.9124
vn -0.0220 -0.1045 0.9943
vn -0.0220 0.4066 0.9134
vn -0.0325 -0.1045 0.9940
vn -0.0325 0.4065 0.9131
vn -0.0505 -0.1044 0.9933
vn -0.0505 0.4061 0.9124
vn -0.0580 -0.1043 0.9929
vn -0.0580 0.4060 0.9120
vn -0.0670 -0.1041 0.9923
vn -0.0670 0.4058 0.9115
vn -0.0260 -0.1042 0.9942
vn -0.0260 0.4064 0.9133
vn 0.0200 -0.1045 0.9943
vn 0.0200 0.4066 0.9134
vn 0.0961 -0.1018 0.9902
vn 0.0364 -0.1020 0.9941
vn 0.0293 0.3191 0.9473
vn 0.0707 -0.5796 0.8118
vn 0.0364 -0.1021 0.9941
vn 0.0961 -0.1023 0.9901
vn 0.0947 -0.5835 0.8066
vn 0.0200 -0.5876 0.8089
vn -0.0260 -0.1048 0.9941
vn -0.0260 -0.5875 0.8088
vn -0.0670 -0.1046 0.9923
vn -0.0669 -0.5863 0.8073
vn -0.0580 -0.1047 0.9928
vn -0.0580 -0.5866 0.8078
vn -0.0505 -0.1044 0.9932
vn -0.0505 -0.5870 0.8080
vn -0.0325 -0.5873 0.8087
vn -0.0220 -0.1046 0.9943
vn -0.0220 -0.5875 0.8089
vn -0.0502 -0.5870 0.8080
vn -0.0599 -0.1047 0.9927
vn -0.0599 -0.5867 0.8076
vn -0.0947 -0.0979 0.9907
vn -0.0948 -0.5901 0.8017
vn -0.4718 -0.3162 0.8231
vn -0.1075 -0.9082 0.4045
vn -0.4558 -0.8131 0.3622
vn -0.0599 -0.9119 0.4061
vn -0.0599 -0.5868 0.8075
vn -0.0502 -0.9124 0.4062
vn -0.0502 -0.5872 0.8079
vn -0.0220 -0.9133 0.4067
vn -0.0220 -0.5877 0.8088
vn -0.0325 -0.9129 0.4068
vn -0.0325 -0.5876 0.8085
vn -0.0505 -0.9124 0.4062
vn -0.0505 -0.5871 0.8079
vn -0.0580 -0.9120 0.4061
vn -0.0580 -0.5870 0.8075
vn -0.0669 -0.9115 0.4059
vn -0.0669 -0.5865 0.8072
vn -0.0260 -0.9132 0.4066
vn -0.0260 -0.5878 0.8086
vn 0.0200 -0.9133 0.4067
vn 0.0200 -0.5877 0.8088
vn 0.0938 -0.9093 0.4054
vn 0.0725 -0.9066 0.4157
vn -0.0947 -0.9907 -0.0978
vn -0.1075 -0.9083 0.4043
vn -0.4558 -0.8131 0.3620
vn -0.4719 -0.8231 -0.3159
vn -0.0599 -0.9927 -0.1043
vn -0.0599 -0.9119 0.4060
vn -0.0502 -0.9933 -0.1044
vn -0.0502 -0.9124 0.4061
vn -0.0220 -0.9943 -0.1045
vn -0.0220 -0.9133 0.4066
vn -0.0325 -0.9940 -0.1044
vn -0.0325 -0.9131 0.4065
vn -0.0505 -0.9933 -0.1044
vn -0.0505 -0.9124 0.4061
vn -0.0580 -0.9929 -0.1042
vn -0.0580 -0.9120 0.4060
vn -0.0669 -0.9923 -0.1043
vn -0.0669 -0.9115 0.4058
vn -0.0260 -0.9942 -0.1045
vn 0.0200 -0.9944 -0.1041
vn 0.0200 -0.9134 0.4066
vn 0.0950 -0.9895 -0.1085
vn 0.0959 -0.9884 -0.1178
vn 0.0724 -0.9067 0.4156
vn 0.1104 -0.7983 -0.5921
vn 0.0958 -0.9884 -0.1179
vn 0.0951 -0.9895 -0.1089
vn 0.0983 -0.8021 -0.5890
vn 0.0200 -0.9943 -0.1045
vn 0.0200 -0.8089 -0.5876
vn -0.0261 -0.8088 -0.5875
vn -0.0670 -0.8072 -0.5864
vn -0.0580 -0.9928 -0.1044
vn -0.0580 -0.8078 -0.5866
vn -0.0505 -0.9932 -0.1044
vn -0.0505 -0.8080 -0.5870
vn -0.0325 -0.9940 -0.1045
vn -0.0325 -0.8087 -0.5873
vn -0.0220 -0.9943 -0.1046
vn -0.0220 -0.8089 -0.5875
vn -0.0502 -0.8080 -0.5870
vn -0.0599 -0.9927 -0.1047
vn -0.0599 -0.8077 -0.5866
vn -0.0947 -0.9907 -0.0979
vn -0.0948 -0.8017 -0.5901
vn -0.4718 -0.8231 -0.3163
vn -0.1075 -0.4045 -0.9082
vn -0.4558 -0.3621 -0.8131
vn -0.0599 -0.4061 -0.9119
vn -0.0599 -0.8075 -0.5868
vn -0.0502 -0.4062 -0.9124
vn -0.0502 -0.8079 -0.5872
vn -0.0220 -0.4067 -0.9133
vn -0.0220 -0.8088 -0.5877
vn -0.0325 -0.4067 -0.9130
vn -0.0325 -0.8085 -0.5876
vn -0.0505 -0.4062 -0.9124
vn -0.0505 -0.8079 -0.5871
vn -0.0580 -0.4061 -0.9120
vn -0.0580 -0.8076 -0.5868
vn -0.0670 -0.4058 -0.9115
vn -0.0670 -0.8072 -0.5865
vn -0.0261 -0.4067 -0.9132
vn -0.0260 -0.8087 -0.5877
vn 0.0200 -0.4068 -0.9133
vn 0.0200 -0.8088 -0.5878
vn 0.1016 -0.4002 -0.9108
vn 0.0846 -0.3980 -0.9135
vn 0.0476 0.1154 -0.9922
vn 0.0846 -0.3977 -0.9136
vn -0.0022 -0.3583 0.9336
vn -0.0022 0.4067 0.9136
vn -0.0177 0.4067 0.9134
vn -0.0177 -0.3583 0.9334
vn -0.3940 0.3738 0.8397
vn -0.3940 -0.3293 0.8581
vn -1.0000 0.0001 -0.0000
vn -1.0000 0.0003 -0.0003
vn -0.3940 0.3739 0.8396
vn -0.3940 0.8581 0.3294
vn -0.0177 0.9334 0.3584
vn -0.0176 0.4067 0.9134
vn -0.0022 0.9336 0.3584
vn -0.0022 0.4069 0.9135
vn -1.0000 -0.0000 -0.0001
vn -0.3940 0.8397 -0.3738
vn -0.0177 0.9134 -0.4066
vn -0.0177 0.9335 0.3583
vn -0.0022 0.9136 -0.4067
vn -0.0022 0.9336 0.3583
vn -0.3940 0.8396 -0.3739
vn -0.3940 0.3294 -0.8581
vn -0.0177 0.3583 -0.9334
vn -0.0177 0.9134 -0.4067
vn -0.0022 0.3584 -0.9336
vn -0.0022 0.9135 -0.4069
vn -0.0022 -0.9135 0.4069
vn -0.0022 -0.3584 0.9336
vn -0.0177 -0.3584 0.9334
vn -0.0177 -0.9134 0.4067
vn -0.3940 -0.3295 0.8580
vn -0.3940 -0.8396 0.3740
vn -1.0000 0.0001 0.0001
vn -0.3940 -0.8397 0.3738
vn -1.0000 -0.0000 0.0001
vn -0.3940 -0.8581 -0.3294
vn -0.0177 -0.9334 -0.3583
vn -0.0022 -0.9336 -0.3583
vn -0.0022 -0.9136 0.4067
vn -0.3940 -0.8580 -0.3294
vn -1.0000 -0.0002 0.0001
vn -0.3940 -0.3740 -0.8396
vn -0.0177 -0.4067 -0.9134
vn -0.0177 -0.9334 -0.3584
vn -0.0022 -0.4069 -0.9135
vn -0.0022 -0.9336 -0.3584
vn -1.0000 -0.0001 -0.0000
vn -0.3940 0.3293 -0.8581
vn -0.3940 -0.3738 -0.8397
vn -0.0177 -0.4066 -0.9134
vn -0.0176 0.3583 -0.9334
vn -0.0022 -0.4067 -0.9136
vn -0.0022 0.3583 -0.9336
vn -0.7041 -0.2544 0.6629
vn -0.7041 0.2888 0.6487
vn -0.8561 0.2101 0.4721
vn -0.8562 -0.1851 0.4824
vn -0.6189 -0.2815 0.7333
vn -0.6189 0.3194 0.7176
vn -0.7041 -0.6487 0.2889
vn -0.7041 -0.2546 0.6629
vn -0.8562 -0.1852 0.4824
vn -0.8562 -0.4720 0.2103
vn -0.6189 -0.7176 0.3195
vn -0.7042 -0.6629 -0.2542
vn -0.7041 -0.6487 0.2888
vn -0.8562 -0.4721 0.2101
vn -0.8562 -0.4824 -0.1851
vn -0.6189 -0.7333 -0.2815
vn -0.6189 -0.7176 0.3194
vn -0.7041 -0.2889 -0.6487
vn -0.7041 -0.6629 -0.2546
vn -0.8562 -0.4824 -0.1852
vn -0.8562 -0.2103 -0.4720
vn -0.6189 -0.3195 -0.7176
vn 0.2701 -0.3450 0.8989
vn 0.2701 0.3916 0.8796
vn 0.3137 0.3861 0.8675
vn 0.3137 -0.3402 0.8865
vn 0.1119 -0.3561 0.9277
vn 0.1119 0.4042 0.9078
vn 0.0215 -0.3582 0.9334
vn 0.0215 0.4065 0.9134
vn -0.0246 -0.3568 0.9339
vn -0.0249 0.4065 0.9133
vn -0.0500 -0.3485 0.9360
vn -0.0510 -0.9123 0.4062
vn -0.0243 -0.9133 0.4066
vn -0.0423 0.4062 0.9128
vn 0.0215 -0.3583 0.9334
vn 0.0215 -0.9133 0.4067
vn 0.1119 -0.9078 0.4042
vn 0.2701 -0.3451 0.8989
vn 0.2701 -0.8796 0.3917
vn 0.3137 -0.3405 0.8864
vn 0.3137 -0.8674 0.3862
vn 0.0015 -0.3629 0.9318
vn 0.0007 -0.9135 0.4068
vn 0.0062 -0.0216 0.9997
vn 0.1601 -0.3537 0.9216
vn 0.1442 0.0056 0.9895
vn 0.2856 -0.3434 0.8947
vn 0.4581 0.4070 0.7903
vn 0.3662 -0.3335 0.8687
vn 0.3662 0.3785 0.8501
vn 1.0000 -0.0001 -0.0000
vn 0.1601 -0.9017 0.4015
vn 0.1601 -0.3539 0.9215
vn 0.0015 -0.3630 0.9318
vn 0.2856 -0.8755 0.3898
vn 0.2856 -0.3435 0.8947
vn 0.3662 -0.8501 0.3785
vn 0.1601 -0.9216 -0.3537
vn 0.1601 -0.9018 0.4015
vn 0.0007 -0.9136 0.4067
vn 0.2856 -0.8947 -0.3434
vn 0.3662 -0.8687 -0.3335
vn 1.0000 -0.0000 -0.0001
vn 0.0007 -0.9336 -0.3583
vn 0.3662 -0.3785 -0.8501
vn 0.2856 -0.8947 -0.3435
vn 0.2856 -0.3898 -0.8755
vn 0.1601 -0.9215 -0.3538
vn 0.1601 -0.4015 -0.9017
vn 0.0007 -0.9336 -0.3584
vn 0.0007 -0.4068 -0.9135
vn 0.0006 -0.9136 0.4066
vn -0.0510 -0.9324 -0.3579
vn -0.0510 -0.9124 0.4062
vn -0.0243 -0.9333 -0.3582
vn 0.0215 -0.9134 0.4065
vn 0.0215 -0.9334 -0.3582
vn 0.1119 -0.9277 -0.3561
vn 0.2701 -0.8796 0.3916
vn 0.2701 -0.8989 -0.3450
vn 0.3137 -0.8675 0.3860
vn 0.3137 -0.8865 -0.3402
vn 0.0006 -0.9336 -0.3584
vn -0.0510 -0.9323 -0.3579
vn -0.0510 -0.4062 -0.9123
vn -0.0243 -0.9333 -0.3583
vn -0.0243 -0.4066 -0.9133
vn 0.0215 -0.9334 -0.3583
vn 0.0215 -0.4067 -0.9133
vn 0.1119 -0.9277 -0.3562
vn 0.1119 -0.4042 -0.9078
vn 0.2701 -0.8989 -0.3451
vn 0.2701 -0.3917 -0.8796
vn 0.3137 -0.8864 -0.3404
vn 0.3137 -0.3862 -0.8674
vn 0.1601 -0.4014 -0.9018
vn 0.0007 -0.4066 -0.9136
vn 0.0007 0.3583 -0.9336
vn 0.1601 0.3535 -0.9216
vn -0.0510 -0.4062 -0.9124
vn -0.0510 0.3579 -0.9324
vn -0.0243 0.3582 -0.9333
vn -0.0243 -0.4065 -0.9133
vn 0.0215 0.3583 -0.9334
vn 0.0215 -0.4066 -0.9134
vn 0.1119 0.3561 -0.9277
vn 0.1119 -0.4041 -0.9078
vn 0.2701 0.3450 -0.8989
vn 0.2701 -0.3916 -0.8796
vn 0.3137 0.3402 -0.8865
vn 0.3137 -0.3861 -0.8675
vn 0.2856 0.3434 -0.8947
vn 0.3662 0.3334 -0.8687
vn 1.0000 0.0001 -0.0000
vn 0.3662 0.3335 -0.8687
vn 0.2856 0.3435 -0.8947
vn 0.2856 0.8755 -0.3898
vn 0.3662 0.8501 -0.3785
vn 0.1601 0.9017 -0.4015
vn 0.1601 0.3538 -0.9215
vn 0.0007 0.9135 -0.4068
vn 0.0007 0.3584 -0.9336
vn -0.0510 0.9123 -0.4063
vn -0.0243 0.9133 -0.4066
vn -0.0243 0.3583 -0.9333
vn 0.0215 0.9133 -0.4067
vn 0.0215 0.3583 -0.9333
vn 0.1119 0.9078 -0.4042
vn 0.1119 0.3562 -0.9277
vn 0.2701 0.8796 -0.3916
vn 0.2701 0.3451 -0.8988
vn 0.3137 0.8674 -0.3862
vn 0.3137 0.3404 -0.8864
vn -0.0003 -0.3584 0.9336
vn -0.0003 0.4067 0.9136
vn -0.0003 -0.3583 0.9336
vn -0.0003 -0.9135 0.4068
vn -0.0003 -0.9336 -0.3583
vn -0.0003 -0.9136 0.4067
vn -0.0003 -0.4067 -0.9135
vn -0.0003 -0.9336 -0.3584
vn -0.0003 -0.4068 -0.9135
vn -0.8908 -0.1628 0.4242
vn -0.8908 0.1848 0.4152
vn -0.8908 0.1848 0.4151
vn -0.8908 -0.4151 0.1848
vn -0.8908 -0.4151 0.1849
vn -0.8908 -0.4243 -0.1629
vn -0.8908 -0.1848 -0.4152
vn -0.8908 0.4242 0.1629
vn -0.8908 0.4243 0.1628
vn -0.8908 0.4152 -0.1846
vn -0.8908 0.4152 -0.1848
vn -0.8908 0.1628 -0.4243
vn -0.8908 0.1629 -0.4243
vn -0.8908 0.4151 -0.1849
vn -0.8908 0.4151 -0.1850
vn 0.8825 -0.1686 0.4391
vn 0.8825 0.1913 0.4297
vn 0.8825 -0.4297 0.1913
vn 0.8825 -0.4391 -0.1686
vn 0.8825 -0.4392 -0.1686
vn 0.8825 -0.1913 -0.4297
vn 0.8825 0.4391 0.1686
vn 0.8824 0.4392 0.1686
vn 0.8825 0.4297 -0.1912
vn 0.8824 0.4298 -0.1912
vn 0.8825 0.1686 -0.4391
vn 0.8825 0.1686 -0.4392
vn 0.8825 0.4297 -0.1914
vn -0.7041 0.6629 0.2545
vn -0.8561 0.4824 0.1852
vn -0.8562 0.2102 0.4720
vn -0.7041 0.2889 0.6487
vn -0.6189 0.7333 0.2815
vn -0.6189 0.3195 0.7176
vn -0.7041 0.6487 -0.2888
vn -0.8561 0.4721 -0.2101
vn -0.8562 0.4824 0.1851
vn -0.7041 0.6629 0.2544
vn -0.6189 0.7176 -0.3194
vn -0.7041 0.2545 -0.6629
vn -0.8561 0.1852 -0.4824
vn -0.8562 0.4720 -0.2103
vn -0.7041 0.6487 -0.2889
vn -0.6189 0.2815 -0.7333
vn -0.6189 0.7176 -0.3195
vn -0.7041 -0.2888 -0.6487
vn -0.8562 -0.2101 -0.4720
vn -0.8562 0.1851 -0.4824
vn -0.7042 0.2544 -0.6629
vn -0.6189 -0.3194 -0.7176
vn 0.2701 0.8989 0.3451
vn 0.3137 0.8864 0.3404
vn 0.3137 0.3862 0.8674
vn 0.1119 0.9277 0.3562
vn 0.0215 0.9333 0.3583
vn 0.0215 0.4067 0.9133
vn -0.0246 0.9327 0.3597
vn -0.0249 0.4066 0.9133
vn -0.0471 0.9507 0.3065
vn -0.0510 0.9124 -0.4062
vn -0.0243 0.9133 -0.4065
vn -0.0422 0.4064 0.9127
vn 0.0215 0.9334 0.3583
vn 0.0215 0.9134 -0.4066
vn 0.1119 0.9277 0.3561
vn 0.1119 0.9078 -0.4041
vn 0.2701 0.8989 0.3450
vn 0.3137 0.8865 0.3402
vn 0.3137 0.8675 -0.3860
vn 0.0006 0.9997 -0.0262
vn 0.0007 0.9136 -0.4066
vn 0.1601 0.9018 -0.4014
vn 0.1482 0.9886 -0.0259
vn 0.5019 0.7829 0.3676
vn 0.3662 0.8687 0.3335
vn 1.0000 -0.0000 0.0001
vn 0.5019 0.7829 0.3677
vn 0.4581 0.4071 0.7902
vn -0.0003 0.9336 0.3584
vn -0.0003 0.4068 0.9135
vn -0.0003 0.4067 0.9135
vn -0.0003 0.9136 -0.4067
vn -0.0003 0.9336 0.3583
vn -0.0003 0.3584 -0.9336
vn -0.0003 0.9135 -0.4068
vn -0.0003 0.9135 -0.4067
vn -0.0003 -0.4066 -0.9136
vn -0.0003 -0.4067 -0.9136
vn -0.0003 0.3583 -0.9336
vn -0.3338 0.7197 -0.6088
vn -0.4253 0.4652 -0.7763
vn -0.4268 0.4638 -0.7764
vn -0.3055 0.5254 -0.7941
vn -0.5149 0.3498 -0.7826
vn -0.5170 0.3462 -0.7829
vn -0.6377 0.2372 -0.7328
vn -0.6388 0.2366 -0.7321
vn -0.7771 0.1395 -0.6137
vn -0.7909 0.1284 -0.5984
vn -0.8745 0.0311 -0.4841
vn -0.8788 0.0241 -0.4766
vn -0.9242 -0.0886 -0.3716
vn -0.9224 -0.0813 -0.3776
vn -0.9384 -0.2179 -0.2680
vn -0.9383 -0.2261 -0.2616
vn -0.1198 0.7128 -0.6911
vn -0.1503 0.7437 -0.6514
vn -0.2100 0.6026 -0.7699
vn 0.1265 0.0044 -0.9920
vn 0.0349 -0.0164 -0.9993
vn -0.3500 0.5309 -0.7718
vn -0.5516 0.7948 -0.2531
vn -0.5187 0.4135 -0.7483
vn -0.7067 0.6935 -0.1401
vn -0.6261 0.2328 -0.7442
vn -0.8129 0.5483 -0.1965
vn -0.8960 0.3639 -0.2545
vn -0.7163 0.0639 -0.6949
vn -0.9513 0.1917 -0.2413
vn -0.7684 -0.1020 -0.6318
vn -0.9817 0.0343 -0.1871
vn -0.7935 -0.2760 -0.5424
vn -0.9878 -0.1111 -0.1092
vn -0.8062 -0.4243 -0.4124
vn -0.9727 -0.2313 -0.0204
vn -0.8044 -0.5327 -0.2629
vn -0.5233 -0.7092 -0.4724
vn -0.4904 -0.6263 -0.6060
vn -0.9405 -0.3349 0.0573
vn -0.7823 -0.6140 -0.1049
vn -0.4299 -0.5203 -0.7379
vn -0.3116 -0.2543 -0.9156
vn -0.2237 -0.1538 -0.9624
vn -0.0961 -0.0607 -0.9935
vn -0.5165 -0.8043 -0.2939
vn -0.6306 -0.7759 -0.0157
vn -0.8620 -0.5020 0.0705
vn -0.3701 -0.3801 -0.8477
vn -0.6698 -0.4771 -0.5690
vn -0.8478 -0.4302 -0.3102
vn -0.9040 -0.1955 -0.3802
vn -0.6476 -0.3460 -0.6788
vn -0.8837 -0.0814 -0.4609
vn -0.5816 -0.1660 -0.7964
vn -0.8356 0.0823 -0.5431
vn -0.5091 0.0148 -0.8606
vn -0.7837 0.2467 -0.5701
vn -0.4274 0.2238 -0.8759
vn -0.7230 0.4499 -0.5243
vn -0.3057 0.4457 -0.8414
vn -0.6214 0.6499 -0.4376
vn -0.4759 0.7640 -0.4358
vn -0.1821 0.5761 -0.7969
vn -0.0280 0.6114 -0.7908
vn 0.2213 0.1550 -0.9628
vn 0.1166 0.0729 -0.9905
vn 0.2449 0.1762 -0.9534
vn -0.0359 -0.0685 -0.9970
vn -0.1523 -0.2207 -0.9634
vn -0.2403 -0.3747 -0.8955
vn -0.3107 -0.5321 -0.7876
vn -0.0689 0.7493 -0.6586
vn 0.0078 0.7325 -0.6807
vn 0.0422 0.7710 -0.6355
vn 0.0728 0.6197 -0.7815
vn -0.3119 0.7486 -0.5850
vn -0.0405 0.6045 -0.7956
vn -0.1922 0.4876 -0.8517
vn -0.4866 0.6410 -0.5936
vn -0.2386 0.2803 -0.9298
vn -0.5716 0.4562 -0.6820
vn -0.6179 0.1982 -0.7609
vn -0.2928 0.0231 -0.9559
vn 0.1963 0.5850 -0.7869
vn -0.5958 -0.0416 -0.8020
vn -0.3651 -0.1714 -0.9151
vn 0.0627 -0.1634 -0.9846
vn -0.0509 -0.2799 -0.9587
vn -0.5182 -0.2216 -0.8260
vn -0.5076 -0.2424 -0.8268
vn 0.2468 0.1494 -0.9575
vn 0.1916 0.0188 -0.9813
vn 0.3357 0.2842 -0.8981
vn 0.3800 0.3278 -0.8649
vn 0.4074 0.3029 -0.8616
vn 0.4788 0.2861 -0.8300
vn 0.2776 0.6923 -0.6661
vn 0.5574 0.2870 -0.7791
vn 0.3310 0.7588 -0.5609
vn 0.6151 0.2697 -0.7409
vn 0.4127 0.7867 -0.4591
vn 0.6741 0.2129 -0.7073
vn 0.4900 0.7980 -0.3509
vn 0.4419 -0.6013 -0.6657
vn 0.5977 0.7629 -0.2463
vn 0.3878 0.8945 -0.2224
vn 0.4867 0.8679 -0.0997
vn 0.3174 0.8840 -0.3433
vn 0.2419 0.8540 -0.4605
vn 0.1732 0.8263 -0.5360
vn 0.0827 0.7605 -0.6440
vn 0.0114 0.7255 -0.6881
vn 0.5977 0.7630 -0.2462
vn 0.7291 -0.0583 -0.6819
vn 0.3494 -0.6020 -0.7180
vn 0.2100 -0.5303 -0.8214
vn 0.6423 -0.0232 -0.7661
vn 0.0748 -0.3313 -0.9406
vn 0.5069 0.1141 -0.8544
vn 0.2857 0.2343 -0.9292
vn 0.0314 -0.0273 -0.9991
vn 0.2012 0.2646 -0.9431
vn 0.0611 0.1581 -0.9855
vn 0.4417 -0.6014 -0.6657
vn 0.5953 0.8029 0.0302
vn 0.4868 0.8678 -0.0997
vn 0.5875 0.8090 0.0185
vn 0.6528 0.7434 0.1459
vn 0.5953 0.8029 0.0303
vn 0.6482 0.7499 0.1322
vn 0.6666 0.6951 0.2692
vn 0.6676 0.7049 0.2396
vn 0.6449 0.6405 0.4171
vn 0.6558 0.6600 0.3665
vn 0.4582 0.4070 0.7902
vn 0.5020 0.7829 0.3676
vn -0.9383 -0.2262 -0.2616
vn -0.9249 -0.3480 -0.1529
vn -0.9256 -0.3451 -0.1556
vn -0.9384 -0.2180 -0.2680
vn -0.8998 -0.4305 -0.0703
vn -0.9005 -0.4288 -0.0719
vn -0.8522 -0.5230 -0.0164
vn -0.8569 -0.5152 -0.0199
vn -0.7834 -0.6206 0.0329
vn -0.7639 -0.6436 0.0464
vn -0.6749 -0.7309 0.1015
vn -0.0719 -0.1764 -0.9817
vn -0.0160 -0.4496 -0.8931
vn 0.0748 -0.3311 -0.9406
vn 0.0313 -0.0273 -0.9991
vn 0.2100 -0.5301 -0.8215
vn 0.0996 -0.6238 -0.7752
vn 0.1950 -0.7240 -0.6617
vn 0.2440 -0.8027 -0.5442
vn 0.3089 -0.8338 -0.4576
vn 0.3104 -0.8335 -0.4571
vn 0.3992 -0.8124 -0.4251
vn 0.4013 -0.8118 -0.4243
vn 0.4887 -0.7858 -0.3791
vn 0.4879 -0.7860 -0.3797
vn 0.5551 -0.7753 -0.3014
vn 0.5522 -0.7750 -0.3074
vn 0.5882 -0.7915 -0.1660
vn 0.5878 -0.7905 -0.1721
vn 0.6222 -0.7828 0.0036
vn 0.6148 -0.7886 -0.0107
vn 0.7003 -0.7073 0.0965
vn 0.6874 -0.7212 0.0858
vn 0.8189 -0.5511 0.1601
vn 0.8071 -0.5696 0.1553
vn 0.8882 -0.4313 0.1582
vn 0.8893 -0.4293 0.1574
vn 0.9096 -0.4087 0.0748
vn 0.9088 -0.4117 0.0673
vn 0.8251 -0.5650 -0.0011
vn 0.8233 -0.5676 -0.0013
vn 0.5295 -0.8467 0.0523
vn 0.5213 -0.8515 0.0563
vn 0.0953 -0.9638 0.2491
vn 0.1011 -0.9638 0.2466
vn -0.2808 -0.8795 0.3843
vn -0.3457 -0.6425 -0.6839
vn -0.5766 -0.7094 -0.4052
vn -0.3610 -0.3716 -0.8553
vn 0.4169 -0.4715 0.7771
vn 0.4229 -0.4670 0.7766
vn 0.3909 -0.7050 0.5918
vn 0.3205 -0.5141 0.7956
vn 0.5139 -0.3729 0.7726
vn 0.5156 -0.3707 0.7725
vn 0.6439 -0.2534 0.7219
vn 0.6485 -0.2501 0.7189
vn 0.7805 -0.1451 0.6080
vn 0.7941 -0.1329 0.5931
vn 0.8755 -0.0327 0.4821
vn 0.8799 -0.0252 0.4744
vn 0.1546 -0.7215 0.6750
vn 0.2030 -0.7377 0.6439
vn 0.2404 -0.6203 0.7466
vn 0.3437 -0.5251 0.7786
vn 0.5945 -0.7995 0.0864
vn 0.5052 -0.4061 0.7615
vn 0.7007 -0.7117 0.0503
vn 0.6194 -0.2215 0.7532
vn 0.8097 -0.5665 0.1531
vn 0.8970 -0.3812 0.2236
vn 0.7117 -0.0533 0.7005
vn 0.9535 -0.2092 0.2171
vn 0.7641 0.1099 0.6357
vn 0.9848 -0.0507 0.1659
vn 0.7900 0.2818 0.5445
vn 0.9913 0.0959 0.0906
vn 0.8036 0.4289 0.4127
vn -0.0630 0.0047 0.9980
vn -0.1077 -0.0967 0.9895
vn 0.9766 0.2148 0.0045
vn 0.8045 0.5334 0.2615
vn 0.5071 0.7169 0.4784
vn 0.4744 0.6333 0.6115
vn 0.9456 0.3174 -0.0720
vn 0.7904 0.6056 0.0922
vn 0.4150 0.5293 0.7400
vn 0.3531 0.3937 0.8487
vn 0.2905 0.2761 0.9162
vn 0.4989 0.8164 0.2908
vn 0.6258 0.7799 0.0128
vn 0.8690 0.4882 -0.0803
vn 0.4660 -0.7538 0.4634
vn 0.1896 -0.5730 0.7973
vn 0.3055 -0.4415 0.8437
vn 0.6201 -0.6472 0.4435
vn 0.0300 -0.6120 0.7903
vn 0.7230 -0.4478 0.5260
vn 0.4298 -0.2188 0.8760
vn 0.7855 -0.2446 0.5684
vn 0.5132 -0.0089 0.8582
vn 0.8388 -0.0791 0.5386
vn 0.5891 0.1704 0.7899
vn 0.8869 0.0844 0.4541
vn 0.6584 0.3445 0.6691
vn 0.9064 0.1951 0.3748
vn 0.6829 0.4687 0.5603
vn 0.8566 0.4106 0.3126
vn -0.2341 -0.1490 0.9607
vn -0.1373 -0.0575 0.9889
vn -0.2176 -0.2204 0.9508
vn 0.0202 0.0838 0.9963
vn 0.1371 0.2361 0.9620
vn 0.2229 0.3903 0.8933
vn 0.2894 0.5481 0.7848
vn 0.3196 0.6580 0.6818
vn 0.5835 0.7112 0.3921
vn -0.1747 -0.6702 0.7213
vn -0.1306 -0.6958 0.7063
vn -0.1901 -0.6782 0.7099
vn -0.2105 -0.6719 0.7101
vn -0.2333 -0.6584 0.7156
vn -0.3068 -0.5998 0.7390
vn -0.0319 -0.6301 0.7759
vn 0.3497 -0.7490 0.5628
vn 0.1984 -0.4985 0.8439
vn 0.4880 -0.6449 0.5882
vn 0.2533 -0.2986 0.9202
vn 0.5822 -0.4499 0.6772
vn 0.6220 -0.1884 0.7600
vn 0.3025 -0.0213 0.9529
vn 0.5819 0.0687 0.8104
vn 0.3620 0.1814 0.9144
vn -0.1053 0.1810 0.9778
vn 0.0187 0.2970 0.9547
vn 0.4952 0.2347 0.8365
vn 0.4893 0.2500 0.8355
vn -0.3224 -0.1154 0.9395
vn -0.2406 0.0187 0.9704
vn -0.3910 -0.4121 0.8230
vn 0.3699 0.3672 0.8534
vn 0.9257 0.3453 0.1543
vn 0.9251 0.3481 0.1515
vn 0.9387 0.2256 0.2608
vn 0.9388 0.2185 0.2663
vn 0.9388 0.2184 0.2664
vn 0.9247 0.0879 0.3705
vn 0.9230 0.0810 0.3761
vn 0.8756 -0.0327 0.4820
vn 0.8800 -0.0252 0.4743
vn 0.9257 0.3453 0.1542
vn 0.9007 0.4286 0.0709
vn 0.9003 0.4297 0.0698
vn 0.8517 0.5237 0.0158
vn 0.8583 0.5128 0.0207
vn 0.7846 0.6191 -0.0321
vn 0.7624 0.6454 -0.0475
vn 0.6724 0.7330 -0.1030
vn 0.0566 0.0958 0.9938
vn 0.5052 -0.4062 0.7614
vn 0.1942 0.1850 0.9634
vn 0.1942 0.1850 0.9633
vn -0.4703 0.2252 0.8533
vn -0.1075 0.0554 0.9927
vn -0.0635 0.0406 0.9972
vn -0.2383 0.2489 0.9387
vn -0.6998 0.1995 0.6859
vn -0.4983 0.2993 0.8137
vn -0.8274 -0.0247 0.5611
vn -0.6855 0.1658 0.7089
vn -0.0637 -0.0165 0.9978
vn -0.9297 -0.0385 0.3663
vn -0.9293 -0.0372 0.3674
vn -0.9311 -0.0628 0.3592
vn -0.9313 -0.0625 0.3588
vn -0.9395 -0.0492 0.3391
vn -0.9096 -0.1788 0.3750
vn -0.8182 -0.4262 0.3859
vn -0.7985 -0.3236 0.5076
vn -0.6431 -0.6368 0.4252
vn -0.6527 -0.5618 0.5083
vn -0.7304 -0.0312 0.6824
vn -0.6756 -0.2337 0.6992
vn -0.5181 -0.6579 0.5465
vn -0.5975 -0.3564 0.7183
vn -0.4062 -0.6724 0.6187
vn -0.4182 -0.6499 0.6347
vn -0.2958 -0.6689 0.6820
vn -0.2868 -0.6669 0.6878
vn -0.3045 -0.6702 0.6769
vn -0.3852 -0.6953 0.6068
vn -0.4953 -0.7117 0.4982
vn -0.3606 0.7493 0.5555
vn -0.3545 0.7834 0.5105
vn -0.3549 0.7822 0.5121
vn -0.3606 0.7482 0.5569
vn -0.3725 0.7243 0.5802
vn -0.3732 0.7239 0.5803
vn -0.3826 0.6915 0.6127
vn -0.3825 0.6909 0.6134
vn -0.3512 0.6664 0.6577
vn -0.3514 0.6664 0.6576
vn -0.3205 0.6692 0.6704
vn -0.3206 0.6692 0.6704
vn -0.3137 0.6807 0.6620
vn -0.3354 0.6884 0.6432
vn -0.3355 0.6884 0.6431
vn -0.3584 0.6692 0.6509
vn -0.3584 0.6693 0.6509
vn -0.3718 0.6366 0.6756
vn -0.3716 0.6369 0.6754
vn -0.4003 0.5879 0.7029
vn -0.4008 0.5872 0.7033
vn -0.4083 0.5012 0.7630
vn -0.4084 0.5018 0.7625
vn -0.3972 0.4574 0.7956
vn -0.3972 0.4573 0.7957
vn 0.7896 -0.5955 0.1484
vn 0.6952 -0.6109 0.3788
vn 0.6925 -0.6109 0.3837
vn 0.7912 -0.5947 0.1426
vn 0.8240 -0.5553 -0.1121
vn 0.8239 -0.5530 -0.1237
vn 0.8113 -0.5138 -0.2788
vn 0.5071 -0.5765 0.6407
vn 0.4830 -0.7097 -0.5129
vn 0.5865 -0.7304 -0.3502
vn 0.5809 -0.7299 -0.3601
vn 0.6983 -0.7114 -0.0791
vn 0.6986 -0.7112 -0.0780
vn 0.7337 -0.6746 0.0814
vn 0.7336 -0.6747 0.0813
vn 0.8568 -0.5046 -0.1063
vn 0.8382 -0.5452 -0.0151
vn 0.8396 -0.5427 -0.0211
vn 0.7711 -0.6227 0.1329
vn 0.7684 -0.6251 0.1368
vn 0.5331 -0.7381 0.4136
vn 0.5445 -0.7358 0.4026
vn 0.2618 -0.7413 0.6180
vn 0.2618 -0.7414 0.6179
vn -0.2383 0.2489 0.9388
vn -0.0634 0.0406 0.9972
vn 0.0261 -0.0011 0.9997
vn -0.1401 0.1943 0.9709
vn -0.3453 0.3150 0.8841
vn -0.6854 0.1659 0.7090
vn -0.5061 0.3610 0.7833
vn -0.7303 -0.0308 0.6825
vn -0.5370 0.3609 0.7625
vn -0.6757 -0.2337 0.6992
vn -0.5345 0.3618 0.7638
vn -0.5976 -0.3565 0.7182
vn -0.5278 0.3848 0.7572
vn -0.4852 0.4323 0.7600
vn -0.4858 0.4305 0.7607
vn -0.4407 0.5350 0.7208
vn -0.4420 0.5326 0.7218
vn -0.4044 0.6631 0.6299
vn -0.4047 0.6651 0.6276
vn -0.3849 0.7467 0.5425
vn -0.3861 0.7456 0.5432
vn -0.3553 0.7871 0.5043
vn -0.3545 0.7891 0.5017
vn 0.0610 0.1579 -0.9856
vn -0.0690 0.0562 -0.9960
vn -0.0637 -0.0164 0.9978
vn -0.4101 0.9016 -0.1375
vn -0.2805 0.6803 -0.6771
vn 0.0611 0.9123 -0.4050
vn 0.0422 0.5889 -0.8071
vn -0.1133 0.7705 -0.6273
vn -0.1133 0.7704 -0.6274
vn -0.3431 0.8803 -0.3275
vn 0.0474 0.1154 -0.9922
vn -0.6496 0.3994 -0.6469
vn -0.2962 -0.4798 -0.8259
vn -0.1819 -0.3908 -0.9023
vn -0.5806 -0.0819 -0.8101
vn 0.1103 -0.7983 -0.5921
vn -0.6802 -0.5213 -0.5153
vn -0.3480 -0.9067 -0.2383
vn 0.0956 -0.9884 -0.1179
vn -0.1594 -0.8820 -0.4435
vn -0.2438 -0.9040 -0.3513
vn 0.0721 -0.9067 0.4156
vn -0.4710 -0.7256 0.5016
vn -0.3077 -0.5131 0.8013
vn 0.0706 -0.5796 0.8118
vn -0.1443 -0.6724 0.7260
vn -0.3397 -0.5675 0.7500
vn -0.4534 0.1270 0.8822
vn 0.0292 0.3190 0.9473
vn 0.0363 -0.1020 0.9941
vn -0.4534 0.1269 0.8822
vn -0.3211 0.0369 0.9463
vn 0.0292 0.3192 0.9472
vn -0.6036 0.4154 0.6805
vn 0.0607 0.8122 0.5802
vn -0.7072 0.6372 0.3063
vn -0.3211 0.0371 0.9463
vn 0.0607 0.8123 0.5801
vn -0.4995 0.8532 -0.1502
vn 0.0761 0.9909 0.1111
vn -0.1481 0.9820 -0.1171
vn -0.2212 0.9568 0.1886
vn 0.0611 0.9124 -0.4047
vn -0.6981 0.4435 -0.5622
vn -0.6870 0.4030 -0.6047
vn -0.2566 -0.6164 -0.7444
vn -0.3219 -0.5391 -0.7783
vn -0.7474 0.6277 -0.2176
vn -0.7505 0.6227 -0.2215
vn -0.7284 0.6707 -0.1401
vn -0.7078 0.4219 -0.5666
vn 0.2999 -0.9526 -0.0507
vn 0.3842 -0.9232 -0.0008
vn 0.3859 -0.9010 -0.1981
vn 0.4032 -0.9150 -0.0123
vn -0.2805 0.6804 -0.6771
vn -0.2804 0.6804 -0.6771
vn -0.4102 0.9016 -0.1374
vn -0.2803 0.6804 -0.6771
vn -0.1748 0.5886 -0.7893
vn -0.1132 0.7705 -0.6273
vn -0.1744 0.1533 -0.9727
vn -0.3659 0.2333 -0.9010
vn -0.4293 0.4812 -0.7643
vn -0.4203 0.2483 -0.8727
vn -0.2654 -0.0238 -0.9638
vn -0.0506 -0.3640 -0.9300
vn -0.4704 0.4719 -0.7457
vn -0.2806 0.6804 -0.6770
vn 0.3859 -0.9011 -0.1978
vn -0.3983 0.7374 -0.5455
vn -0.3382 0.7922 -0.5079
vn -0.1013 0.9911 -0.0858
vn 0.1045 0.9493 0.2965
vn -0.0806 0.9715 -0.2230
vn 0.3940 0.3590 0.8461
vn 0.4360 0.4240 0.7938
vn -0.3431 0.8804 -0.3274
vn -0.1133 0.7703 -0.6275
vn -0.7924 0.2774 -0.5433
vn -0.6497 0.3994 -0.6468
vn -0.5730 0.7821 -0.2449
vn -0.5215 0.7764 -0.3538
vn -0.6532 0.3544 -0.6691
vn -0.4846 0.7791 -0.3977
vn -0.2608 0.9573 0.1249
vn -0.2103 0.9450 0.2503
vn -0.5811 0.3860 -0.7165
vn 0.3381 0.4137 0.8453
vn 0.3388 0.4803 0.8090
vn -0.3432 0.8803 -0.3275
vn -0.5750 -0.3615 -0.7340
vn -0.6204 -0.3905 -0.6802
vn -0.1174 -0.9910 -0.0642
vn -0.0180 -0.9982 0.0574
vn -0.6687 -0.5335 -0.5179
vn 0.5309 -0.4446 0.7214
vn 0.5211 -0.4485 0.7261
vn 0.5088 -0.5666 0.6481
vn 0.5612 -0.4597 0.6883
vn -0.2962 -0.4797 -0.8259
vn -0.6498 0.3993 -0.6468
vn -0.3045 -0.2916 -0.9068
vn -0.1818 -0.3908 -0.9023
vn -0.1508 -0.7885 -0.5963
vn -0.3617 -0.6251 -0.6917
vn -0.4669 -0.3045 -0.8302
vn -0.3977 -0.5847 -0.7071
vn -0.1925 -0.8679 -0.4580
vn 0.0244 -0.9823 -0.1857
vn -0.4918 -0.3157 -0.8114
vn 0.5612 -0.4599 0.6881
vn -0.2962 -0.4798 -0.8258
vn 0.5088 -0.5667 0.6480
vn 0.0244 -0.9823 -0.1858
vn -0.5805 -0.0820 -0.8101
vn -0.3706 0.1760 -0.9119
vn -0.4375 0.1648 -0.8840
vn -0.4669 -0.3042 -0.8303
vn -0.5041 -0.0322 -0.8630
vn -0.4918 -0.3157 -0.8115
vn -0.3467 0.5800 -0.7372
vn -0.1865 0.8362 -0.5157
vn 0.0917 0.9954 -0.0260
vn 0.0309 0.9937 -0.1073
vn -0.8148 -0.5396 -0.2122
vn -0.8836 -0.1456 -0.4449
vn -0.8648 -0.0991 -0.4923
vn -0.3979 0.8499 -0.3454
vn -0.5761 0.6715 -0.4660
vn -0.7831 -0.5811 -0.2216
vn 0.0059 0.9978 -0.0654
vn 0.0540 0.9984 -0.0161
vn 0.0309 0.9938 -0.1072
vn 0.0918 0.9954 -0.0258
vn -0.5711 -0.8020 0.1752
vn -0.6312 -0.7648 0.1288
vn -0.1298 -0.5241 0.8417
vn -0.3178 -0.7174 0.6200
vn 0.2979 0.0977 0.9496
vn 0.4362 0.3975 0.8073
vn 0.4770 0.2985 0.8267
vn 0.4906 0.4476 0.7476
vn -0.3481 -0.9067 -0.2383
vn -0.3480 -0.9067 -0.2382
vn -0.6802 -0.5213 -0.5154
vn -0.2334 -0.9403 -0.2478
vn -0.1593 -0.8820 -0.4435
vn -0.2009 -0.8164 -0.5415
vn -0.3418 -0.8272 -0.4460
vn -0.3651 -0.9033 -0.2254
vn -0.3826 -0.8169 -0.4317
vn -0.1952 -0.6487 -0.7356
vn -0.0221 -0.4160 -0.9091
vn -0.3974 -0.8880 -0.2312
vn 0.3836 0.5357 -0.7522
vn 0.4272 0.3934 -0.8141
vn -0.2438 -0.9039 -0.3513
vn -0.3086 -0.9510 0.0200
vn -0.2613 -0.9624 0.0740
vn -0.0374 -0.8470 0.5302
vn 0.2425 -0.4629 0.8526
vn -0.1865 -0.9818 0.0363
vn 0.4906 0.4475 0.7477
vn 0.4770 0.2983 0.8267
vn 0.3838 0.5359 -0.7520
vn 0.3521 0.5292 -0.7720
vn -0.2438 -0.9040 -0.3512
vn 0.4199 0.5483 -0.7232
vn -0.2848 -0.2264 -0.9315
vn -0.3841 -0.3207 -0.8658
vn -0.7027 -0.6937 -0.1581
vn -0.6981 -0.6785 -0.2288
vn -0.7466 -0.6118 0.2615
vn -0.7484 -0.6061 0.2695
vn -0.7388 -0.6293 0.2412
vn -0.6714 -0.7045 -0.2298
vn -0.2438 -0.9039 -0.3515
vn -0.6889 -0.2671 0.6739
vn -0.7090 -0.3100 0.6335
vn -0.2499 0.5809 0.7747
vn -0.2786 0.5693 0.7735
vn -0.7229 -0.2880 0.6281
vn -0.3078 -0.5130 0.8013
vn 0.4322 0.8981 -0.0811
vn 0.4781 0.8716 -0.1086
vn 0.4813 0.8706 0.1018
vn 0.4981 0.8603 -0.1084
vn -0.3076 -0.5130 0.8014
vn -0.2784 -0.6167 0.7363
vn -0.2340 -0.3219 0.9174
vn -0.3921 -0.3768 0.8392
vn -0.4132 -0.5748 0.7063
vn -0.4246 -0.3937 0.8153
vn -0.2830 -0.0794 0.9558
vn 0.0136 0.3884 0.9214
vn -0.4371 -0.5742 0.6923
vn 0.4981 0.8604 -0.1081
vn -0.3078 -0.5131 0.8013
vn -0.2103 0.9451 0.2501
vn 0.5823 -0.5658 -0.5838
vn 0.5445 -0.5883 -0.5978
vn 0.5334 -0.6056 -0.5906
vn 0.5593 -0.5470 -0.6228
vn 0.5627 -0.4733 0.6778
vn 0.4348 -0.8971 -0.0788
vn 0.4775 -0.8574 -0.1919
vn 0.5393 -0.7667 -0.3484
vn 0.3718 -0.8037 0.4646
vn 0.4607 -0.8458 0.2692
vn 0.1117 -0.8144 0.5694
vn 0.0245 -0.7305 0.6825
vn -0.0795 -0.6665 0.7413
vn -0.5303 -0.1472 0.8349
vn -0.4269 -0.2412 0.8715
vn -0.7064 0.1913 0.6815
vn -0.2762 -0.4220 0.8635
vn -0.6187 0.0385 0.7847
vn -0.8011 0.4387 0.4071
vn -0.7637 0.3865 0.5171
vn -0.7806 0.6097 0.1372
vn -0.8011 0.5867 0.1183
vn -0.6049 0.6129 -0.5084
vn -0.6516 0.6130 -0.4469
vn -0.4997 0.8531 -0.1502
vn -0.7074 0.6371 0.3062
vn -0.1720 0.1983 -0.9649
vn 0.4049 -0.4566 -0.7922
vn -0.0414 0.0465 -0.9981
vn 0.5038 -0.5047 -0.7011
vn 0.4216 -0.1868 -0.8873
vn 0.5073 -0.4462 -0.7373
vn -0.4997 0.8531 -0.1503
vn -0.6037 0.4153 0.6805
vn -0.4996 0.8531 -0.1502
vn -0.3272 0.9449 -0.0080
vn -0.1480 0.9820 -0.1171
vn -0.2855 0.7994 -0.5287
vn -0.4508 0.8413 -0.2983
vn -0.5280 0.8490 0.0193
vn -0.4630 0.8498 -0.2520
vn -0.2730 0.7522 -0.5997
vn -0.1075 0.5812 -0.8067
vn -0.5315 0.8466 0.0295
vn 0.5074 -0.4462 -0.7372
vn -0.4996 0.8532 -0.1502
vn -0.1075 0.5812 -0.8066
vn -0.4893 0.8201 0.2968
vn -0.4659 0.8187 0.3356
vn -0.2608 0.6929 0.6722
vn -0.0404 0.4537 0.8902
vn -0.3075 0.7772 0.5490
vn 0.5111 -0.6335 0.5808
vn 0.5215 -0.5223 0.6747
vn -0.2213 0.9568 0.1887
vn -0.2211 0.9568 0.1886
vn -0.2211 0.9568 0.1887
vn -0.7284 0.6707 -0.1398
vn -0.4102 0.9016 -0.1375
vn -0.7060 0.6858 0.1769
vn -0.7330 0.6603 0.1635
vn -0.7474 0.6277 -0.2175
vn -0.7183 0.6432 0.2652
vn -0.2817 0.1171 0.9523
vn -0.3262 0.1592 0.9318
vn -0.7505 0.6227 -0.2214
vn 0.4872 -0.7387 0.4658
vn 0.5112 -0.6335 0.5808
vn 0.5045 -0.7500 0.4278
vn -0.2271 0.0377 0.9731
vn -0.2579 0.0469 0.9650
vn -0.0648 -0.3641 0.9291
vn 0.1144 -0.5334 0.8381
vn -0.2637 0.3721 0.8899
vn -0.2816 0.3622 0.8886
vn -0.1237 0.3605 0.9245
vn -0.0516 0.0240 0.9984
vn 0.4607 -0.8458 0.2691
vn 0.5627 -0.4734 0.6777
vn -0.1338 0.6100 0.7810
vn -0.1368 0.6772 0.7230
vn -0.2197 0.6376 0.7384
vn -0.2637 0.3722 0.8899
vn -0.2404 0.6107 0.7545
vn -0.2816 0.3624 0.8885
vn -0.1325 0.8308 0.5406
vn 0.0085 0.9584 0.2853
vn 0.4300 0.5169 -0.7402
vn 0.3400 0.8021 -0.4909
vn 0.5626 -0.4734 0.6778
vn -0.4532 0.1269 0.8823
vn -0.1339 0.6101 0.7809
vn -0.1021 0.9837 -0.1480
vn 0.1785 0.8320 -0.5252
vn -0.0488 0.9845 -0.1683
vn 0.2245 0.7930 -0.5663
vn 0.4401 0.2265 -0.8689
vn 0.4159 0.3025 -0.8576
vn -0.5419 0.7489 0.3815
vn -0.4889 0.7849 0.3807
vn -0.7282 0.1595 0.6665
vn -0.7047 0.0087 0.7094
vn -0.6200 -0.5017 0.6033
vn -0.5763 -0.5704 0.5852
vn -0.5834 -0.5293 0.6161
vn -0.6028 -0.4308 0.6716
vn -0.3398 -0.5676 0.7499
vn -0.3103 0.7144 0.6271
vn -0.3710 0.6370 0.6757
vn -0.3696 0.7044 0.6060
vn -0.3914 0.7019 0.5951
vn -0.8522 -0.2853 0.4386
vn -0.8563 -0.1534 0.4932
vn -0.3397 -0.5676 0.7499
vn -0.2485 -0.8329 -0.4945
vn -0.3355 -0.8366 -0.4330
vn 0.3923 -0.3643 -0.8446
vn 0.4217 -0.3314 -0.8440
vn 0.4253 -0.4899 -0.7610
vn 0.4661 -0.3139 -0.8272
vn -0.3398 -0.5678 0.7498
vn -0.2785 -0.6167 0.7363
vn -0.2131 -0.8785 0.4276
vn -0.3359 -0.7930 0.5083
vn 0.0969 -0.9549 -0.2805
vn -0.1480 -0.9750 0.1657
vn -0.3698 -0.7633 0.5298
vn -0.4371 -0.5742 0.6922
vn 0.4661 -0.3140 -0.8271
vn -0.3398 -0.5674 0.7501
vn 0.4253 -0.4900 -0.7610
vn 0.4301 0.5170 -0.7401
vn -0.0795 -0.6665 0.7412
vn -0.3212 0.0368 0.9463
vn -0.4535 0.1267 0.8822
vn 0.5392 -0.7667 -0.3485
vn -0.4535 0.1269 0.8822
vn -0.2652 -0.1005 0.9589
vn -0.2652 0.3920 0.8809
vn 0.0234 0.4066 0.9133
vn 0.0234 -0.1045 0.9943
vn 0.3010 0.3878 0.8712
vn 0.3010 -0.0997 0.9484
vn -0.2652 0.3923 0.8808
vn -0.2652 0.7799 0.5670
vn 0.0234 0.8086 0.5878
vn 0.0234 0.4069 0.9132
vn 0.3010 0.7714 0.5607
vn 0.3010 0.3879 0.8711
vn -0.2652 0.7801 0.5667
vn -0.2652 0.9589 0.1008
vn 0.0234 0.9942 0.1045
vn 0.0234 0.8088 0.5876
vn 0.3010 0.9484 0.0999
vn 0.3010 0.7715 0.5605
vn -0.2652 0.9589 0.1005
vn -0.2652 0.8809 -0.3920
vn 0.0234 0.9133 -0.4066
vn 0.0234 0.9943 0.1045
vn 0.3010 0.8712 -0.3878
vn 0.3010 0.9484 0.0997
vn -0.2652 -0.5667 0.7801
vn -0.2652 -0.1008 0.9589
vn 0.0234 -0.1045 0.9942
vn 0.0234 -0.5876 0.8088
vn 0.3010 -0.0999 0.9484
vn 0.3010 -0.5605 0.7715
vn -0.2652 -0.8808 0.3923
vn -0.2652 -0.5670 0.7799
vn 0.0234 -0.5878 0.8087
vn 0.0234 -0.9132 0.4069
vn 0.3010 -0.5607 0.7714
vn 0.3010 -0.8712 0.3879
vn -0.2652 -0.9589 -0.1005
vn -0.2652 -0.8809 0.3920
vn 0.0234 -0.9133 0.4066
vn 0.0234 -0.9943 -0.1045
vn 0.3010 -0.8712 0.3878
vn 0.3010 -0.9484 -0.0997
vn -0.2652 -0.7801 -0.5667
vn -0.2652 -0.9589 -0.1008
vn 0.0234 -0.9942 -0.1045
vn 0.0234 -0.8088 -0.5876
vn 0.3010 -0.9484 -0.0999
vn 0.3010 -0.7715 -0.5605
vn -0.2652 -0.3923 -0.8808
vn -0.2652 -0.7799 -0.5669
vn 0.0234 -0.8087 -0.5878
vn 0.0234 -0.4069 -0.9132
vn 0.3010 -0.7714 -0.5607
vn 0.3010 -0.3879 -0.8711
vn -0.2652 0.1005 -0.9589
vn -0.2652 -0.3920 -0.8809
vn 0.0234 -0.4066 -0.9133
vn 0.0234 0.1045 -0.9943
vn 0.3010 -0.3878 -0.8712
vn 0.3010 0.0997 -0.9484
vn -0.2652 0.5667 -0.7801
vn -0.2652 0.1008 -0.9589
vn 0.0234 0.1045 -0.9942
vn 0.0234 0.5876 -0.8088
vn 0.3010 0.0999 -0.9484
vn 0.3010 0.5605 -0.7715
vn -0.2652 0.8808 -0.3923
vn -0.2652 0.5669 -0.7799
vn 0.0234 0.5878 -0.8087
vn 0.0234 0.9132 -0.4069
vn 0.3010 0.5607 -0.7714
vn 0.3010 0.8711 -0.3880
vt 0.457568 0.060852
vt 0.445920 0.060852
vt 0.451744 0.009819
vt 0.434273 0.009819
vt 0.434273 0.060852
vt 0.457568 0.236084
vt 0.445920 0.236084
vt 0.434273 0.236084
vt 0.457568 0.288086
vt 0.445920 0.288086
vt 0.434273 0.288086
vt 0.457568 0.376709
vt 0.445920 0.376709
vt 0.434273 0.376709
vt 0.457568 0.457275
vt 0.445920 0.457275
vt 0.434273 0.457275
vt 0.457568 0.482422
vt 0.445920 0.482422
vt 0.434273 0.482422
vt 0.457568 0.666992
vt 0.445920 0.666992
vt 0.434273 0.666992
vt 0.457568 0.695312
vt 0.445920 0.695312
vt 0.434273 0.695312
vt 0.457568 0.767090
vt 0.445920 0.767090
vt 0.434273 0.767090
vt 0.457568 0.839844
vt 0.445920 0.839844
vt 0.434273 0.839844
vt 0.457568 0.914551
vt 0.445920 0.914551
vt 0.434537 0.914551
vt 0.458097 0.988281
vt 0.469215 0.988281
vt 0.469215 0.914551
vt 0.469215 0.839844
vt 0.469215 0.767090
vt 0.469215 0.695312
vt 0.469215 0.666992
vt 0.469215 0.482422
vt 0.469215 0.457275
vt 0.469215 0.376709
vt 0.469215 0.288086
vt 0.469215 0.235840
vt 0.469215 0.060883
vt 0.469215 0.009842
vt 0.480597 0.376709
vt 0.480597 0.287842
vt 0.480597 0.235596
vt 0.480597 0.060883
vt 0.486421 0.009857
vt 0.492245 0.060883
vt 0.503892 0.060883
vt 0.503892 0.009857
vt 0.503892 0.235718
vt 0.492245 0.235718
vt 0.492245 0.287842
vt 0.503892 0.287842
vt 0.492245 0.376709
vt 0.503892 0.376709
vt 0.503892 0.457275
vt 0.492245 0.457275
vt 0.480597 0.457275
vt 0.492245 0.482422
vt 0.480597 0.482422
vt 0.503892 0.482422
vt 0.492245 0.666992
vt 0.480597 0.666992
vt 0.503892 0.666992
vt 0.492245 0.695312
vt 0.480597 0.695312
vt 0.503892 0.695312
vt 0.492245 0.767090
vt 0.480597 0.767090
vt 0.503892 0.767090
vt 0.503892 0.839844
vt 0.492245 0.839844
vt 0.480597 0.839844
vt 0.503892 0.914551
vt 0.492245 0.914551
vt 0.480597 0.914551
vt 0.503892 0.988281
vt 0.492245 0.988281
vt 0.480332 0.988281
vt 0.515539 0.060883
vt 0.521363 0.009865
vt 0.515539 0.235840
vt 0.515539 0.287842
vt 0.515539 0.376709
vt 0.515539 0.457275
vt 0.515539 0.482422
vt 0.515539 0.666992
vt 0.515539 0.695312
vt 0.515539 0.767090
vt 0.515539 0.839844
vt 0.515539 0.914551
vt 0.515539 0.988281
vt 0.527186 0.988281
vt 0.526922 0.914551
vt 0.526922 0.839844
vt 0.526922 0.767090
vt 0.526922 0.695312
vt 0.526922 0.666992
vt 0.526922 0.482422
vt 0.526922 0.457275
vt 0.526922 0.376709
vt 0.526922 0.287842
vt 0.526922 0.235840
vt 0.526922 0.060883
vt 0.538569 0.060883
vt 0.538569 0.009865
vt 0.538569 0.235962
vt 0.538569 0.288086
vt 0.538569 0.376709
vt 0.538569 0.457275
vt 0.538569 0.482422
vt 0.538569 0.666992
vt 0.538569 0.695312
vt 0.538569 0.767578
vt 0.538569 0.839844
vt 0.538569 0.914551
vt 0.538569 0.988281
vt 0.411243 0.060852
vt 0.399596 0.060852
vt 0.399596 0.009819
vt 0.417067 0.009819
vt 0.411243 0.235962
vt 0.399596 0.235840
vt 0.411243 0.288086
vt 0.399596 0.287842
vt 0.411243 0.376709
vt 0.399596 0.376709
vt 0.411243 0.457275
vt 0.399596 0.457275
vt 0.411243 0.482422
vt 0.399596 0.482422
vt 0.411243 0.666992
vt 0.399596 0.666992
vt 0.411243 0.695312
vt 0.399596 0.695312
vt 0.411243 0.767090
vt 0.399596 0.767090
vt 0.411243 0.839844
vt 0.399596 0.839844
vt 0.411243 0.914551
vt 0.399596 0.914551
vt 0.411243 0.988281
vt 0.399596 0.988281
vt 0.423155 0.988281
vt 0.422890 0.914551
vt 0.422890 0.839844
vt 0.422890 0.767090
vt 0.422890 0.695312
vt 0.422890 0.666992
vt 0.422890 0.482422
vt 0.422890 0.457275
vt 0.422890 0.376709
vt 0.422890 0.288086
vt 0.422890 0.235962
vt 0.422890 0.060852
vt 0.434803 0.988281
vt 0.446450 0.988281
vt 0.149180 0.233032
vt 0.144019 0.233032
vt 0.144019 0.049713
vt 0.149180 0.049713
vt 0.144019 0.034332
vt 0.149180 0.034332
vt 0.154343 0.013489
vt 0.138989 0.034332
vt 0.138989 0.049713
vt 0.138989 0.233032
vt 0.134026 0.034332
vt 0.134026 0.049713
vt 0.134026 0.233032
vt 0.174857 0.034332
vt 0.169696 0.034332
vt 0.169696 0.049713
vt 0.174857 0.049713
vt 0.169696 0.232910
vt 0.174857 0.232910
vt 0.154343 0.233032
vt 0.154343 0.049713
vt 0.154343 0.034332
vt 0.159504 0.034332
vt 0.159504 0.049713
vt 0.159504 0.232910
vt 0.164666 0.034332
vt 0.164666 0.049713
vt 0.164666 0.232910
vt 0.079231 0.022018
vt 0.070032 0.022034
vt 0.070032 0.008331
vt 0.079231 0.008331
vt 0.079231 0.031403
vt 0.070032 0.031433
vt 0.088430 0.022034
vt 0.088430 0.008331
vt 0.088430 0.031433
vt 0.097628 0.022018
vt 0.097628 0.008331
vt 0.097628 0.031403
vt 0.106827 0.022018
vt 0.106827 0.008331
vt 0.106827 0.031433
vt 0.079231 0.051300
vt 0.070032 0.051331
vt 0.079231 0.075745
vt 0.070032 0.075745
vt 0.079231 0.133545
vt 0.070032 0.133545
vt 0.079231 0.259033
vt 0.070032 0.259033
vt 0.079231 0.411377
vt 0.088430 0.411377
vt 0.088430 0.259033
vt 0.070032 0.415527
vt 0.088430 0.133545
vt 0.088430 0.075745
vt 0.088430 0.051331
vt 0.079231 0.463379
vt 0.088430 0.463379
vt 0.070032 0.463379
vt 0.079231 0.494629
vt 0.070032 0.494629
vt 0.079231 0.511719
vt 0.070032 0.511719
vt 0.079231 0.532715
vt 0.070032 0.532715
vt 0.088430 0.576660
vt 0.088430 0.494629
vt 0.088430 0.511719
vt 0.088430 0.532715
vt 0.097628 0.494629
vt 0.097628 0.511719
vt 0.097628 0.532715
vt 0.097628 0.463379
vt 0.106827 0.532715
vt 0.106827 0.511719
vt 0.106827 0.494629
vt 0.106827 0.463379
vt 0.097628 0.411133
vt 0.097628 0.259033
vt 0.097628 0.133545
vt 0.097628 0.075684
vt 0.097628 0.051300
vt 0.106827 0.411133
vt 0.106827 0.259033
vt 0.106827 0.133545
vt 0.106827 0.075745
vt 0.106827 0.051300
vt 0.116026 0.463379
vt 0.116026 0.494629
vt 0.116026 0.411133
vt 0.116026 0.259033
vt 0.116026 0.133545
vt 0.116026 0.075684
vt 0.116026 0.051300
vt 0.116026 0.031433
vt 0.116026 0.511719
vt 0.116026 0.532715
vt 0.124563 0.511719
vt 0.124563 0.532715
vt 0.124563 0.494629
vt 0.124563 0.463379
vt 0.124563 0.411133
vt 0.124563 0.259033
vt 0.124563 0.133545
vt 0.124563 0.075684
vt 0.124563 0.051300
vt 0.124563 0.031403
vt 0.031798 0.580078
vt 0.029333 0.580078
vt 0.029333 0.004978
vt 0.031798 0.004978
vt 0.034280 0.580078
vt 0.034280 0.004978
vt 0.036745 0.580078
vt 0.036745 0.004978
vt 0.039227 0.580078
vt 0.039227 0.004978
vt 0.146666 0.463135
vt 0.146666 0.481201
vt 0.136475 0.481201
vt 0.136475 0.463135
vt 0.146666 0.445312
vt 0.136475 0.445312
vt 0.146666 0.427246
vt 0.136475 0.427246
vt 0.146533 0.409180
vt 0.136475 0.409180
vt 0.146666 0.498779
vt 0.136475 0.498779
vt 0.146666 0.516113
vt 0.136475 0.516113
vt 0.136475 0.391113
vt 0.146666 0.391113
vt 0.136475 0.373047
vt 0.146666 0.373047
vt 0.154343 0.463135
vt 0.154343 0.481201
vt 0.154343 0.445312
vt 0.154343 0.427246
vt 0.154343 0.409180
vt 0.154343 0.498779
vt 0.154343 0.516113
vt 0.154343 0.391113
vt 0.154343 0.373047
vt 0.061099 0.022034
vt 0.061099 0.008331
vt 0.061099 0.031433
vt 0.052131 0.022034
vt 0.052131 0.008331
vt 0.052131 0.031403
vt 0.116026 0.022034
vt 0.116026 0.008331
vt 0.124563 0.008331
vt 0.124563 0.022034
vt 0.061099 0.051331
vt 0.061099 0.075684
vt 0.061099 0.133545
vt 0.061099 0.259033
vt 0.061099 0.411377
vt 0.052131 0.411377
vt 0.052131 0.259033
vt 0.052131 0.133545
vt 0.052131 0.075745
vt 0.052131 0.051300
vt 0.061099 0.463379
vt 0.052131 0.463379
vt 0.052131 0.494629
vt 0.061099 0.494629
vt 0.052131 0.511719
vt 0.061099 0.511719
vt 0.061099 0.532715
vt 0.052131 0.532715
vt 0.026934 0.580078
vt 0.026934 0.004978
vt 0.024536 0.580078
vt 0.024536 0.004978
vt 0.041675 0.580078
vt 0.041675 0.004978
vt 0.044157 0.004978
vt 0.044157 0.580078
vt 0.273329 0.318115
vt 0.262873 0.322998
vt 0.261947 0.317139
vt 0.272800 0.313965
vt 0.254006 0.328369
vt 0.252682 0.320801
vt 0.245006 0.324707
vt 0.246462 0.333496
vt 0.238123 0.328125
vt 0.238520 0.337891
vt 0.229520 0.331055
vt 0.230049 0.342041
vt 0.221314 0.344727
vt 0.221314 0.332520
vt 0.214564 0.332764
vt 0.214167 0.346436
vt 0.282330 0.310791
vt 0.283389 0.322998
vt 0.274653 0.325684
vt 0.275182 0.329102
vt 0.265653 0.337891
vt 0.264330 0.330811
vt 0.255594 0.336670
vt 0.247653 0.343018
vt 0.239314 0.349121
vt 0.230447 0.355469
vt 0.222108 0.359863
vt 0.214432 0.361572
vt 0.206755 0.347656
vt 0.206622 0.361572
vt 0.206888 0.379639
vt 0.214829 0.381348
vt 0.199343 0.348633
vt 0.199740 0.359863
vt 0.222505 0.376465
vt 0.240241 0.361328
vt 0.248844 0.353516
vt 0.257314 0.345947
vt 0.199740 0.371826
vt 0.194049 0.358643
vt 0.193652 0.349854
vt 0.231240 0.369873
vt 0.222108 0.386230
vt 0.232432 0.383301
vt 0.241697 0.377441
vt 0.251226 0.368164
vt 0.260094 0.357910
vt 0.268565 0.347656
vt 0.277565 0.336914
vt 0.284977 0.331543
vt 0.279683 0.345215
vt 0.271344 0.357910
vt 0.286036 0.336670
vt 0.262741 0.370605
vt 0.253608 0.384033
vt 0.242888 0.395020
vt 0.233358 0.398438
vt 0.292918 0.327637
vt 0.292124 0.319580
vt 0.298477 0.318848
vt 0.294771 0.339111
vt 0.288947 0.347656
vt 0.283389 0.355225
vt 0.275447 0.368164
vt 0.267109 0.380859
vt 0.300330 0.332275
vt 0.256123 0.393799
vt 0.270947 0.392578
vt 0.259564 0.404297
vt 0.244741 0.401123
vt 0.287095 0.365234
vt 0.279683 0.378662
vt 0.292124 0.356201
vt 0.297153 0.348145
vt 0.302447 0.340332
vt 0.309065 0.332031
vt 0.307742 0.324951
vt 0.316742 0.324463
vt 0.315948 0.317627
vt 0.325212 0.317871
vt 0.324154 0.312012
vt 0.333948 0.312744
vt 0.333683 0.307129
vt 0.343213 0.309082
vt 0.343213 0.304199
vt 0.331566 0.289551
vt 0.342419 0.288574
vt 0.320977 0.293213
vt 0.312507 0.296143
vt 0.304300 0.300049
vt 0.296624 0.303711
vt 0.290535 0.306885
vt 0.353536 0.303223
vt 0.353007 0.307129
vt 0.362272 0.309814
vt 0.363331 0.305908
vt 0.370478 0.317627
vt 0.372331 0.314697
vt 0.378684 0.327637
vt 0.375772 0.328369
vt 0.382125 0.341064
vt 0.377625 0.335205
vt 0.353007 0.288574
vt 0.364390 0.292969
vt 0.374184 0.303955
vt 0.380537 0.320068
vt 0.385037 0.341064
vt 0.207020 0.332031
vt 0.199740 0.330811
vt 0.193652 0.329834
vt 0.186637 0.345459
vt 0.187167 0.328613
vt 0.180946 0.336182
vt 0.178431 0.328125
vt 0.016213 0.138916
vt 0.016213 0.142334
vt 0.011159 0.139648
vt 0.011159 0.134644
vt 0.011159 0.146606
vt 0.016213 0.148071
vt 0.011159 0.155518
vt 0.016213 0.155884
vt 0.011159 0.166748
vt 0.016213 0.167603
vt 0.011159 0.180298
vt 0.016213 0.180542
vt 0.011159 0.197754
vt 0.016213 0.198120
vt 0.011159 0.218018
vt 0.016213 0.217773
vt 0.011159 0.238037
vt 0.016213 0.237183
vt 0.011159 0.259277
vt 0.016213 0.258789
vt 0.011159 0.281250
vt 0.016213 0.279297
vt 0.011159 0.303467
vt 0.016213 0.301514
vt 0.011159 0.328613
vt 0.016213 0.327148
vt 0.011159 0.369629
vt 0.016213 0.369873
vt 0.011159 0.416992
vt 0.016213 0.417725
vt 0.011159 0.471924
vt 0.016213 0.471924
vt 0.011159 0.507324
vt 0.016213 0.507812
vt 0.011159 0.535156
vt 0.016213 0.535156
vt 0.011159 0.550781
vt 0.016213 0.552246
vt 0.222637 0.395996
vt 0.216285 0.388672
vt 0.250829 0.405518
vt 0.260094 0.519531
vt 0.260358 0.510742
vt 0.271080 0.515137
vt 0.270814 0.520996
vt 0.251888 0.507812
vt 0.250961 0.517578
vt 0.243549 0.515625
vt 0.244344 0.504883
vt 0.236799 0.513184
vt 0.236535 0.502441
vt 0.228461 0.512207
vt 0.228196 0.500977
vt 0.280477 0.521484
vt 0.280477 0.510254
vt 0.271741 0.509277
vt 0.261153 0.504395
vt 0.252814 0.500000
vt 0.244873 0.495850
vt 0.236402 0.492188
vt 0.227667 0.488525
vt 0.219726 0.500000
vt 0.219329 0.486328
vt 0.212711 0.500000
vt 0.211917 0.486328
vt 0.262344 0.497314
vt 0.272138 0.503906
vt 0.205564 0.500977
vt 0.204637 0.488281
vt 0.203314 0.471680
vt 0.211123 0.467529
vt 0.198284 0.501465
vt 0.198284 0.491455
vt 0.218667 0.470215
vt 0.227402 0.474609
vt 0.236535 0.480469
vt 0.197358 0.480957
vt 0.192990 0.494141
vt 0.192725 0.501953
vt 0.273859 0.495361
vt 0.264330 0.486816
vt 0.281006 0.499512
vt 0.253741 0.491455
vt 0.255726 0.478760
vt 0.245402 0.486084
vt 0.246594 0.470947
vt 0.236932 0.464600
vt 0.227800 0.461182
vt 0.218005 0.460693
vt 0.275182 0.487061
vt 0.266579 0.476562
vt 0.282065 0.493896
vt 0.257579 0.466309
vt 0.247917 0.455566
vt 0.237197 0.447754
vt 0.227402 0.447510
vt 0.217873 0.452881
vt 0.212711 0.459961
vt 0.289212 0.499023
vt 0.288418 0.522949
vt 0.294771 0.524414
vt 0.295830 0.503418
vt 0.297418 0.488770
vt 0.291859 0.483398
vt 0.283918 0.482666
vt 0.278359 0.475830
vt 0.270682 0.466553
vt 0.261153 0.455566
vt 0.250300 0.445312
vt 0.264064 0.444580
vt 0.252550 0.435791
vt 0.239182 0.441406
vt 0.281271 0.468262
vt 0.273329 0.456055
vt 0.286829 0.476074
vt 0.244476 0.436035
vt 0.207284 0.516602
vt 0.214299 0.514160
vt 0.220520 0.512695
vt 0.200270 0.520020
vt 0.194181 0.522461
vt 0.185975 0.508789
vt 0.188225 0.525879
vt 0.181475 0.520020
vt 0.180019 0.528809
vt 0.365978 0.493408
vt 0.367831 0.483398
vt 0.377625 0.486328
vt 0.372331 0.500977
vt 0.360154 0.502930
vt 0.363595 0.513672
vt 0.351948 0.510254
vt 0.353536 0.521973
vt 0.366772 0.473145
vt 0.381067 0.473145
vt 0.358831 0.498291
vt 0.363860 0.491211
vt 0.365184 0.483154
vt 0.364390 0.478516
vt 0.350625 0.503906
vt 0.339507 0.507812
vt 0.340566 0.514648
vt 0.330242 0.506348
vt 0.330507 0.517090
vt 0.342419 0.524902
vt 0.330771 0.527344
vt 0.320183 0.514160
vt 0.319389 0.526855
vt 0.311712 0.512695
vt 0.310654 0.526367
vt 0.303506 0.508789
vt 0.302447 0.524902
vt 0.304565 0.494629
vt 0.312507 0.499756
vt 0.321242 0.503418
vt 0.007693 0.439941
vt 0.007693 0.488525
vt 0.002638 0.488037
vt 0.002638 0.439453
vt 0.007693 0.393311
vt 0.002638 0.392822
vt 0.007693 0.351074
vt 0.002638 0.351074
vt 0.007693 0.310791
vt 0.002639 0.310791
vt 0.007693 0.261230
vt 0.002638 0.261230
vt 0.007693 0.214355
vt 0.002639 0.214233
vt 0.007693 0.177856
vt 0.002639 0.177856
vt 0.007693 0.138306
vt 0.002638 0.138306
vt 0.007693 0.102417
vt 0.002639 0.102539
vt 0.007693 0.073425
vt 0.002638 0.073242
vt 0.007693 0.043610
vt 0.002639 0.043884
vt 0.007693 0.004471
vt 0.002638 0.004536
vt 0.016213 0.746094
vt 0.016213 0.780762
vt 0.011159 0.781738
vt 0.011159 0.745605
vt 0.016213 0.713379
vt 0.011159 0.712891
vt 0.016213 0.680176
vt 0.011159 0.679688
vt 0.011159 0.799316
vt 0.016213 0.799316
vt 0.016213 0.831055
vt 0.011159 0.830566
vt 0.011159 0.863281
vt 0.016213 0.863281
vt 0.011159 0.886230
vt 0.016213 0.886230
vt 0.016213 0.590820
vt 0.011159 0.590332
vt 0.011159 0.634766
vt 0.016213 0.634766
vt 0.011159 0.663086
vt 0.016213 0.662598
vt 0.007693 0.859375
vt 0.007693 0.875488
vt 0.002638 0.880371
vt 0.002638 0.862305
vt 0.007693 0.833008
vt 0.002638 0.835449
vt 0.007693 0.800293
vt 0.002638 0.800293
vt 0.007693 0.763672
vt 0.002638 0.764160
vt 0.007693 0.723145
vt 0.002638 0.723633
vt 0.007693 0.681641
vt 0.002638 0.682129
vt 0.007693 0.649414
vt 0.002638 0.649902
vt 0.007693 0.617188
vt 0.002638 0.617188
vt 0.007693 0.587402
vt 0.002638 0.586914
vt 0.007693 0.561523
vt 0.002638 0.562012
vt 0.007693 0.529297
vt 0.002638 0.528809
vt 0.011159 0.131836
vt 0.016213 0.137451
vt 0.007693 0.887695
vt 0.003789 0.893555
vt 0.002638 0.895996
vt 0.384507 0.266602
vt 0.377890 0.264648
vt 0.384507 0.149780
vt 0.368890 0.149780
vt 0.369419 0.260254
vt 0.362801 0.255127
vt 0.352213 0.149780
vt 0.356183 0.249634
vt 0.350625 0.244263
vt 0.335801 0.149780
vt 0.344536 0.239990
vt 0.338448 0.235596
vt 0.319124 0.149780
vt 0.329713 0.235962
vt 0.321772 0.235962
vt 0.302447 0.149780
vt 0.313301 0.243408
vt 0.305359 0.250732
vt 0.286036 0.149780
vt 0.297153 0.266602
vt 0.287095 0.276611
vt 0.269491 0.149780
vt 0.277830 0.277344
vt 0.268829 0.274170
vt 0.253344 0.149780
vt 0.257314 0.270752
vt 0.236667 0.149780
vt 0.240770 0.263672
vt 0.229785 0.259521
vt 0.219990 0.149780
vt 0.218931 0.259277
vt 0.206358 0.263184
vt 0.203446 0.149780
vt 0.199211 0.265869
vt 0.191402 0.268311
vt 0.187431 0.149780
vt 0.187431 0.266357
vt 0.366507 0.709473
vt 0.365448 0.762695
vt 0.359889 0.762695
vt 0.362801 0.709473
vt 0.383184 0.709473
vt 0.383184 0.762695
vt 0.383184 0.651367
vt 0.368360 0.661133
vt 0.357242 0.709473
vt 0.355125 0.762695
vt 0.348242 0.762695
vt 0.350095 0.709473
vt 0.355125 0.602051
vt 0.383184 0.594727
vt 0.331301 0.678223
vt 0.330771 0.597656
vt 0.337919 0.683105
vt 0.345331 0.709473
vt 0.331830 0.709473
vt 0.344007 0.762695
vt 0.346389 0.762695
vt 0.346124 0.709473
vt 0.331830 0.762695
vt 0.318860 0.762695
vt 0.318860 0.709473
vt 0.315948 0.762695
vt 0.317801 0.709473
vt 0.325212 0.683594
vt 0.313036 0.709473
vt 0.313301 0.762695
vt 0.310124 0.599121
vt 0.277300 0.651855
vt 0.279947 0.594727
vt 0.290271 0.665527
vt 0.292653 0.709473
vt 0.278888 0.709473
vt 0.292653 0.762695
vt 0.298477 0.762695
vt 0.299271 0.709473
vt 0.278888 0.762695
vt 0.304830 0.709473
vt 0.302183 0.762695
vt 0.266183 0.762695
vt 0.265785 0.709473
vt 0.260094 0.762695
vt 0.260358 0.709473
vt 0.265388 0.662598
vt 0.255461 0.709473
vt 0.255065 0.762695
vt 0.244741 0.762695
vt 0.246594 0.709473
vt 0.253079 0.600098
vt 0.233358 0.667969
vt 0.232829 0.593750
vt 0.237726 0.676758
vt 0.237726 0.709473
vt 0.226873 0.709473
vt 0.238388 0.762695
vt 0.241697 0.762695
vt 0.241961 0.709473
vt 0.226873 0.762695
vt 0.213505 0.592773
vt 0.223167 0.683594
vt 0.214961 0.709473
vt 0.217078 0.762695
vt 0.215623 0.762695
vt 0.214829 0.709473
vt 0.210858 0.709473
vt 0.214432 0.762695
vt 0.177769 0.709473
vt 0.181740 0.583496
vt 0.187034 0.709473
vt 0.188755 0.762695
vt 0.199872 0.762695
vt 0.194843 0.709473
vt 0.177769 0.762695
vt 0.203049 0.709473
vt 0.206358 0.762695
vt 0.167048 0.762695
vt 0.166387 0.709473
vt 0.156725 0.762695
vt 0.160034 0.709473
vt 0.154475 0.709473
vt 0.152622 0.762695
vt 0.147989 0.762695
vt 0.149975 0.709473
vt 0.152886 0.588379
vt 0.127872 0.678223
vt 0.132769 0.585938
vt 0.113974 0.589355
vt 0.119864 0.680176
vt 0.111459 0.709473
vt 0.127342 0.709473
vt 0.107489 0.762695
vt 0.105834 0.762695
vt 0.109871 0.709473
vt 0.127342 0.762695
vt 0.106232 0.709473
vt 0.104379 0.762695
vt 0.144416 0.762695
vt 0.145342 0.709473
vt 0.145740 0.762695
vt 0.145872 0.709473
vt 0.137269 0.681641
vt 0.100275 0.709473
vt 0.101599 0.762695
vt 0.099547 0.762695
vt 0.096702 0.709473
vt 0.093989 0.709473
vt 0.093856 0.762695
vt 0.074135 0.709473
vt 0.074135 0.762695
vt 0.076848 0.652344
vt 0.098224 0.655762
vt 0.086246 0.588379
vt 0.062521 0.762695
vt 0.064010 0.709473
vt 0.057624 0.762695
vt 0.060006 0.709473
vt 0.062488 0.666992
vt 0.048690 0.599121
vt 0.055738 0.709473
vt 0.054183 0.762695
vt 0.045183 0.762695
vt 0.047730 0.709473
vt 0.027497 0.674316
vt 0.027497 0.599609
vt 0.036447 0.679199
vt 0.043264 0.709473
vt 0.027497 0.709473
vt 0.040980 0.762695
vt 0.043694 0.762695
vt 0.045018 0.709473
vt 0.027497 0.762695
vt 0.206226 0.992188
vt 0.202784 0.992188
vt 0.205299 0.938965
vt 0.209270 0.938965
vt 0.259432 0.805664
vt 0.200667 0.992188
vt 0.199740 0.938965
vt 0.219461 0.877441
vt 0.210196 0.992188
vt 0.211123 0.938965
vt 0.198417 0.992188
vt 0.195637 0.938965
vt 0.213770 0.851074
vt 0.197755 0.860840
vt 0.207284 0.770996
vt 0.190211 0.938965
vt 0.181872 0.938965
vt 0.192858 0.992188
vt 0.185711 0.992188
vt 0.168239 0.938965
vt 0.168239 0.992188
vt 0.149446 0.992188
vt 0.149710 0.938965
vt 0.136541 0.992188
vt 0.139122 0.938965
vt 0.094386 0.807617
vt 0.136011 0.785156
vt 0.131114 0.938965
vt 0.123901 0.938965
vt 0.127276 0.992188
vt 0.123107 0.992188
vt 0.119136 0.992188
vt 0.115165 0.938965
vt 0.172210 0.774902
vt 0.087106 0.916992
vt 0.071753 0.809570
vt 0.096768 0.927734
vt 0.106232 0.938965
vt 0.097761 0.938965
vt 0.114305 0.992188
vt 0.117415 0.992188
vt 0.111989 0.938965
vt 0.097761 0.992188
vt 0.079363 0.992188
vt 0.084194 0.938965
vt 0.077312 0.992188
vt 0.077907 0.938965
vt 0.081746 0.927246
vt 0.069702 0.938965
vt 0.074334 0.992188
vt 0.046871 0.818848
vt 0.026570 0.888184
vt 0.026570 0.814941
vt 0.043528 0.900391
vt 0.040650 0.938965
vt 0.026570 0.938965
vt 0.043330 0.992188
vt 0.052098 0.992188
vt 0.048723 0.938965
vt 0.026570 0.992188
vt 0.054646 0.938965
vt 0.056797 0.992188
vt 0.227534 0.938965
vt 0.217211 0.992188
vt 0.214696 0.992188
vt 0.217344 0.938965
vt 0.240638 0.938965
vt 0.240373 0.992188
vt 0.247520 0.911133
vt 0.235873 0.919434
vt 0.285506 0.801758
vt 0.255461 0.915527
vt 0.251359 0.938965
vt 0.260624 0.992188
vt 0.265388 0.992188
vt 0.260226 0.938965
vt 0.266579 0.938965
vt 0.271874 0.992188
vt 0.254138 0.782227
vt 0.284712 0.938965
vt 0.278359 0.938965
vt 0.286829 0.992188
vt 0.282330 0.992188
vt 0.279418 0.992188
vt 0.272800 0.938965
vt 0.289477 0.938965
vt 0.293447 0.992188
vt 0.295300 0.938965
vt 0.295830 0.992188
vt 0.302977 0.938965
vt 0.302183 0.992188
vt 0.313301 0.938965
vt 0.313301 0.992188
vt 0.317007 0.830078
vt 0.353007 0.835938
vt 0.324683 0.938965
vt 0.328124 0.992188
vt 0.334213 0.992188
vt 0.333419 0.938965
vt 0.344271 0.992188
vt 0.342154 0.938965
vt 0.351419 0.992188
vt 0.349566 0.938965
vt 0.354860 0.938965
vt 0.357507 0.992188
vt 0.369154 0.992188
vt 0.364390 0.938965
vt 0.382390 0.915527
vt 0.382390 0.829102
vt 0.373655 0.924805
vt 0.372596 0.938965
vt 0.382390 0.938965
vt 0.371007 0.938965
vt 0.370213 0.992188
vt 0.370743 0.992188
vt 0.382390 0.992188
vt 0.253476 0.117798
vt 0.237064 0.117798
vt 0.237064 0.071411
vt 0.253476 0.071411
vt 0.237064 0.025223
vt 0.253476 0.025223
vt 0.220652 0.117798
vt 0.220652 0.071411
vt 0.220652 0.025223
vt 0.204108 0.117798
vt 0.204108 0.071411
vt 0.204108 0.025223
vt 0.187696 0.117798
vt 0.187696 0.071411
vt 0.187696 0.025223
vt 0.270021 0.117798
vt 0.270021 0.071411
vt 0.270021 0.025223
vt 0.286565 0.117798
vt 0.286565 0.071411
vt 0.286565 0.025223
vt 0.302977 0.117798
vt 0.302977 0.071411
vt 0.302977 0.025223
vt 0.319389 0.117798
vt 0.319389 0.071411
vt 0.319389 0.025223
vt 0.335801 0.117798
vt 0.335801 0.071411
vt 0.335801 0.025223
vt 0.352213 0.117798
vt 0.352213 0.071411
vt 0.352213 0.025223
vt 0.368625 0.117798
vt 0.368625 0.071411
vt 0.368625 0.025223
vt 0.385302 0.117798
vt 0.385302 0.071411
vt 0.385302 0.025223
s 1
usemtl mat1.004
f 4933/3692/5253 4932/3693/5254 4931/3694/5255
f 4931/3694/5255 4932/3693/5254 4934/3695/5256
f 4932/3693/5254 4935/3696/5257 4934/3695/5256
f 4933/3692/5253 4936/3697/5258 4932/3693/5254
f 4936/3697/5258 4937/3698/5259 4932/3693/5254
f 4932/3693/5254 4938/3698/5260 4935/3696/5257
f 4938/3698/5260 4939/3699/5261 4935/3696/5257
f 4936/3697/5258 4940/3700/5262 4937/3698/5259
f 4940/3700/5262 4941/3701/5263 4937/3698/5259
f 4938/3698/5260 4942/3701/5263 4939/3699/5261
f 4942/3701/5263 4943/3702/5264 4939/3699/5261
f 4940/3700/5262 4944/3703/5265 4941/3701/5263
f 4944/3703/5265 4945/3704/5266 4941/3701/5263
f 4942/3701/5263 4945/3704/5267 4943/3702/5264
f 4945/3704/5267 4946/3705/5268 4943/3702/5264
f 4944/3703/5265 4947/3706/5269 4945/3704/5266
f 4947/3706/5269 4948/3707/5270 4945/3704/5266
f 4945/3704/5267 4949/3707/5271 4946/3705/5268
f 4949/3707/5271 4950/3708/5272 4946/3705/5268
f 4947/3706/5269 4951/3709/5273 4948/3707/5270
f 4951/3709/5273 4952/3710/5274 4948/3707/5270
f 4949/3707/5271 4953/3710/5275 4950/3708/5272
f 4953/3710/5275 4954/3711/5276 4950/3708/5272
f 4951/3709/5273 4955/3712/5277 4952/3710/5274
f 4955/3712/5277 4956/3713/5278 4952/3710/5274
f 4953/3710/5275 4957/3713/5279 4954/3711/5276
f 4957/3713/5279 4958/3714/5280 4954/3711/5276
f 4955/3712/5277 4959/3715/5281 4956/3713/5278
f 4959/3715/5281 4960/3716/5282 4956/3713/5278
f 4957/3713/5279 4961/3716/5283 4958/3714/5280
f 4961/3716/5283 4962/3717/5284 4958/3714/5280
f 4959/3715/5281 4963/3718/5285 4960/3716/5282
f 4963/3718/5285 4964/3719/5286 4960/3716/5282
f 4961/3716/5283 4965/3719/5287 4962/3717/5284
f 4965/3719/5287 4966/3720/5288 4962/3717/5284
f 4963/3718/5285 4967/3721/5289 4964/3719/5286
f 4967/3721/5289 4968/3722/5290 4964/3719/5286
f 4965/3719/5287 4969/3722/5291 4966/3720/5288
f 4969/3722/5291 4970/3723/5292 4966/3720/5288
f 4967/3721/5289 4971/3724/5293 4968/3722/5290
f 4971/3724/5293 4972/3725/5294 4968/3722/5290
f 4969/3722/5291 4972/3725/5294 4970/3723/5292
f 4972/3725/5294 4973/3726/5295 4970/3723/5292
f 4971/3724/5293 4974/3727/5296 4972/3725/5294
f 4975/3728/5297 4974/3727/5296 4971/3724/5293
f 4976/3729/5298 4975/3728/5297 4971/3724/5293
f 4976/3729/5298 4971/3724/5293 4977/3721/5299
f 4978/3730/5300 4976/3729/5298 4977/3721/5299
f 4978/3730/5300 4977/3721/5299 4979/3718/5301
f 4980/3731/5302 4978/3730/5300 4979/3718/5301
f 4980/3731/5302 4979/3718/5301 4981/3715/5303
f 4982/3732/5304 4980/3731/5302 4981/3715/5303
f 4982/3732/5304 4981/3715/5303 4983/3712/5305
f 4984/3733/5306 4982/3732/5304 4983/3712/5305
f 4984/3733/5306 4983/3712/5305 4985/3709/5307
f 4986/3734/5308 4984/3733/5306 4985/3709/5307
f 4986/3734/5308 4985/3709/5307 4987/3706/5309
f 4988/3735/5310 4986/3734/5308 4987/3706/5309
f 4988/3735/5310 4987/3706/5309 4944/3703/5311
f 4989/3736/5312 4988/3735/5310 4944/3703/5311
f 4989/3736/5312 4944/3703/5311 4990/3700/5313
f 4991/3737/5314 4989/3736/5312 4990/3700/5313
f 4991/3737/5314 4990/3700/5313 4992/3697/5315
f 4993/3738/5316 4991/3737/5314 4992/3697/5315
f 4993/3738/5316 4992/3697/5315 4933/3692/5317
f 4994/3739/5318 4993/3738/5316 4933/3692/5317
f 4994/3739/5318 4933/3692/5317 4995/3694/5319
f 4996/3740/5320 4994/3739/5318 4995/3694/5319
f 4998/3741/5321 4989/3736/5322 4997/3737/5323
f 4999/3742/5324 4998/3741/5321 4997/3737/5323
f 4999/3742/5324 4997/3737/5323 5000/3738/5325
f 5001/3743/5326 4999/3742/5324 5000/3738/5325
f 5001/3743/5326 5000/3738/5325 5002/3739/5327
f 5003/3744/5328 5001/3743/5326 5002/3739/5327
f 5003/3744/5328 5002/3739/5327 5004/3740/5329
f 5005/3745/5330 5003/3744/5328 5004/3740/5329
f 5007/3746/5331 5003/3744/5332 5006/3745/5333
f 5008/3747/5334 5007/3746/5331 5006/3745/5333
f 5009/3748/5335 5008/3747/5334 5006/3745/5333
f 5008/3747/5334 5010/3749/5336 5007/3746/5331
f 5010/3749/5336 5011/3750/5337 5007/3746/5331
f 5007/3746/5331 5012/3750/5338 5003/3744/5332
f 5012/3750/5338 5013/3743/5339 5003/3744/5332
f 5012/3750/5338 5014/3751/5340 5013/3743/5339
f 5014/3751/5340 5015/3742/5324 5013/3743/5339
f 5010/3749/5336 5016/3752/5341 5011/3750/5337
f 5016/3752/5341 5017/3751/5342 5011/3750/5337
f 5014/3751/5340 5018/3753/5343 5015/3742/5324
f 5018/3753/5343 4998/3741/5344 5015/3742/5324
f 5019/3754/5345 5018/3753/5346 5017/3751/5342
f 5016/3752/5341 5019/3754/5345 5017/3751/5342
f 5019/3754/5345 5020/3755/5347 5018/3753/5346
f 5020/3755/5347 5021/3756/5348 5018/3753/5346
f 5018/3753/5343 5022/3756/5349 4998/3741/5344
f 5022/3756/5349 5023/3757/5350 4998/3741/5344
f 5022/3756/5349 5024/3758/5351 5023/3757/5350
f 5024/3758/5351 5025/3759/5352 5023/3757/5350
f 5020/3755/5347 5026/3760/5353 5021/3756/5348
f 5026/3760/5353 5027/3758/5354 5021/3756/5348
f 5024/3758/5351 5028/3761/5355 5025/3759/5352
f 5028/3761/5355 5029/3762/5356 5025/3759/5352
f 5030/3763/5357 5028/3761/5358 5027/3758/5354
f 5026/3760/5353 5030/3763/5357 5027/3758/5354
f 5028/3761/5355 5031/3764/5359 5029/3762/5356
f 5031/3764/5359 5032/3765/5360 5029/3762/5356
f 5030/3763/5357 5033/3766/5361 5028/3761/5358
f 5033/3766/5361 5034/3764/5362 5028/3761/5358
f 5031/3764/5359 5035/3767/5363 5032/3765/5360
f 5035/3767/5363 5036/3768/5364 5032/3765/5360
f 5033/3766/5361 5037/3769/5365 5034/3764/5362
f 5037/3769/5365 5038/3767/5366 5034/3764/5362
f 5037/3769/5365 5039/3770/5367 5038/3767/5366
f 5039/3770/5367 5040/3771/5368 5038/3767/5366
f 5035/3767/5363 5041/3771/5369 5036/3768/5364
f 5041/3771/5369 5042/3772/5370 5036/3768/5364
f 5039/3770/5367 5043/3773/5371 5040/3771/5368
f 5043/3773/5371 5044/3774/5372 5040/3771/5368
f 5041/3771/5369 5045/3774/5372 5042/3772/5370
f 5045/3774/5372 5046/3775/5373 5042/3772/5370
f 5043/3773/5371 5047/3776/5374 5044/3774/5372
f 5047/3776/5374 5048/3777/5375 5044/3774/5372
f 5045/3774/5372 5048/3777/5376 5046/3775/5373
f 5048/3777/5376 5049/3778/5377 5046/3775/5373
f 5046/3775/5373 5049/3778/5377 5050/3729/5378
f 5046/3775/5373 5050/3729/5378 5051/3730/5379
f 5052/3772/5370 5046/3775/5373 5051/3730/5379
f 5052/3772/5370 5051/3730/5379 5053/3731/5380
f 5054/3768/5381 5052/3772/5370 5053/3731/5380
f 5054/3768/5381 5053/3731/5380 5055/3732/5382
f 5056/3765/5383 5054/3768/5381 5055/3732/5382
f 5056/3765/5383 5055/3732/5382 5057/3733/5384
f 5058/3762/5385 5056/3765/5383 5057/3733/5384
f 5058/3762/5385 5057/3733/5384 5059/3734/5386
f 5060/3759/5387 5058/3762/5385 5059/3734/5386
f 5060/3759/5387 5059/3734/5386 5061/3735/5388
f 5062/3757/5389 5060/3759/5387 5061/3735/5388
f 5062/3757/5389 5061/3735/5388 4989/3736/5322
f 4998/3741/5321 5062/3757/5389 4989/3736/5322
f 5049/3778/5377 4975/3728/5390 5050/3729/5378
f 5065/3779/5391 5064/3747/5392 5063/3748/5393
f 5066/3780/5394 5065/3779/5391 5063/3748/5393
f 5065/3779/5391 5067/3781/5395 5064/3747/5392
f 5067/3781/5395 5068/3749/5396 5064/3747/5392
f 5067/3781/5395 5069/3782/5397 5068/3749/5396
f 5069/3782/5397 5070/3752/5398 5068/3749/5396
f 5069/3782/5397 5071/3783/5399 5070/3752/5398
f 5071/3783/5399 5019/3754/5400 5070/3752/5398
f 5071/3783/5399 5072/3784/5401 5019/3754/5400
f 5072/3784/5401 5073/3755/5402 5019/3754/5400
f 5072/3784/5401 5074/3785/5403 5073/3755/5402
f 5074/3785/5403 5075/3760/5404 5073/3755/5402
f 5074/3785/5403 5076/3786/5405 5075/3760/5404
f 5076/3786/5405 5077/3763/5406 5075/3760/5404
f 5076/3786/5405 5078/3787/5407 5077/3763/5406
f 5078/3787/5407 5079/3766/5408 5077/3763/5406
f 5078/3787/5407 5080/3788/5409 5079/3766/5408
f 5080/3788/5409 5081/3769/5410 5079/3766/5408
f 5080/3788/5409 5082/3789/5411 5081/3769/5410
f 5082/3789/5411 5083/3770/5412 5081/3769/5410
f 5082/3789/5411 5084/3790/5413 5083/3770/5412
f 5084/3790/5413 5085/3773/5371 5083/3770/5412
f 5084/3790/5413 5086/3791/5414 5085/3773/5371
f 5086/3791/5414 5047/3776/5415 5085/3773/5371
f 5088/3792/5416 5086/3791/5417 5087/3790/5418
f 5089/3793/5419 5088/3792/5416 5087/3790/5418
f 5089/3793/5419 5087/3790/5418 5090/3789/5411
f 5091/3794/5420 5089/3793/5419 5090/3789/5411
f 5091/3794/5420 5090/3789/5411 5092/3788/5421
f 5093/3795/5422 5091/3794/5420 5092/3788/5421
f 5093/3795/5422 5092/3788/5421 5094/3787/5423
f 5095/3796/5424 5093/3795/5422 5094/3787/5423
f 5095/3796/5424 5094/3787/5423 5096/3786/5425
f 5097/3797/5426 5095/3796/5424 5096/3786/5425
f 5097/3797/5426 5096/3786/5425 5098/3785/5427
f 5099/3798/5428 5097/3797/5426 5098/3785/5427
f 5099/3798/5428 5098/3785/5427 5100/3784/5401
f 5101/3799/5429 5099/3798/5428 5100/3784/5401
f 5101/3799/5429 5100/3784/5401 5071/3783/5430
f 5102/3800/5431 5101/3799/5429 5071/3783/5430
f 5102/3800/5431 5071/3783/5430 5103/3782/5397
f 5104/3801/5432 5102/3800/5431 5103/3782/5397
f 5104/3801/5432 5103/3782/5397 5105/3781/5433
f 5106/3802/5434 5104/3801/5432 5105/3781/5433
f 5106/3802/5434 5105/3781/5433 5065/3779/5435
f 5107/3803/5436 5106/3802/5434 5065/3779/5435
f 5107/3803/5436 5065/3779/5435 5108/3780/5437
f 5109/3804/5438 5107/3803/5436 5108/3780/5437
f 5110/3805/5439 5109/3804/5438 5108/3780/5437
f 5109/3804/5438 5111/3806/5440 5107/3803/5436
f 5111/3806/5440 5112/3802/5441 5107/3803/5436
f 5111/3806/5440 5113/3807/5442 5112/3802/5441
f 5113/3807/5442 5114/3801/5443 5112/3802/5441
f 5115/3808/5444 5102/3800/5445 5114/3801/5443
f 5113/3807/5442 5115/3808/5444 5114/3801/5443
f 5115/3808/5444 5116/3809/5446 5102/3800/5445
f 5116/3809/5446 5117/3799/5447 5102/3800/5445
f 5116/3809/5446 5118/3810/5448 5117/3799/5447
f 5118/3810/5448 5119/3798/5449 5117/3799/5447
f 5118/3810/5448 5120/3811/5450 5119/3798/5449
f 5120/3811/5450 5121/3797/5451 5119/3798/5449
f 5120/3811/5450 5122/3812/5452 5121/3797/5451
f 5122/3812/5452 5123/3796/5453 5121/3797/5451
f 5122/3812/5452 5124/3813/5454 5123/3796/5453
f 5124/3813/5454 5125/3795/5455 5123/3796/5453
f 5124/3813/5454 5126/3814/5456 5125/3795/5455
f 5126/3814/5456 5127/3794/5457 5125/3795/5455
f 5126/3814/5456 5128/3815/5458 5127/3794/5457
f 5128/3815/5458 5089/3793/5419 5127/3794/5457
f 5128/3815/5458 5129/3816/5459 5089/3793/5419
f 5129/3816/5459 5088/3792/5416 5089/3793/5419
f 5132/3817/5460 5131/3818/5461 5130/3819/5462
f 5133/3820/5463 5132/3817/5460 5130/3819/5462
f 5132/3817/5460 5134/3821/5464 5131/3818/5461
f 5134/3821/5464 5135/3822/5465 5131/3818/5461
f 5134/3821/5464 5136/3823/5466 5135/3822/5465
f 5136/3823/5466 5137/3824/5467 5135/3822/5465
f 5136/3823/5466 5138/3825/5468 5137/3824/5467
f 5138/3825/5468 5139/3826/5469 5137/3824/5467
f 5138/3825/5468 5140/3827/5470 5139/3826/5469
f 5140/3827/5470 5141/3828/5471 5139/3826/5469
f 5140/3827/5470 5142/3829/5472 5141/3828/5471
f 5142/3829/5472 5143/3830/5473 5141/3828/5471
f 5142/3829/5472 5144/3831/5474 5143/3830/5473
f 5144/3831/5474 5145/3832/5475 5143/3830/5473
f 5144/3831/5474 5146/3833/5476 5145/3832/5475
f 5146/3833/5476 5147/3834/5477 5145/3832/5475
f 5146/3833/5476 5148/3835/5478 5147/3834/5477
f 5148/3835/5478 5149/3836/5454 5147/3834/5477
f 5148/3835/5478 5150/3837/5479 5149/3836/5454
f 5150/3837/5479 5151/3838/5480 5149/3836/5454
f 5150/3837/5479 5152/3839/5481 5151/3838/5480
f 5152/3839/5481 5153/3840/5458 5151/3838/5480
f 5152/3839/5481 5154/3841/5482 5153/3840/5458
f 5154/3841/5482 5155/3842/5483 5153/3840/5458
f 5157/3843/5484 5154/3841/5485 5156/3839/5486
f 5158/3844/5487 5157/3843/5484 5156/3839/5486
f 5158/3844/5487 5156/3839/5486 5159/3837/5488
f 5160/3845/5489 5158/3844/5487 5159/3837/5488
f 5160/3845/5489 5159/3837/5488 5161/3835/5478
f 5162/3846/5490 5160/3845/5489 5161/3835/5478
f 5162/3846/5490 5161/3835/5478 5163/3833/5476
f 5164/3847/5491 5162/3846/5490 5163/3833/5476
f 5164/3847/5491 5163/3833/5476 5165/3831/5492
f 5166/3848/5493 5164/3847/5491 5165/3831/5492
f 5166/3848/5493 5165/3831/5492 5167/3829/5494
f 5168/3849/5495 5166/3848/5493 5167/3829/5494
f 5168/3849/5495 5167/3829/5494 5169/3827/5496
f 5170/3850/5497 5168/3849/5495 5169/3827/5496
f 5170/3850/5497 5169/3827/5496 5138/3825/5498
f 5171/3851/5499 5170/3850/5497 5138/3825/5498
f 5171/3851/5499 5138/3825/5498 5172/3823/5466
f 5173/3852/5500 5171/3851/5499 5172/3823/5466
f 5173/3852/5500 5172/3823/5466 5174/3821/5501
f 5175/3853/5502 5173/3852/5500 5174/3821/5501
f 5175/3853/5502 5174/3821/5501 5132/3817/5503
f 5176/3854/5504 5175/3853/5502 5132/3817/5503
f 5176/3854/5504 5132/3817/5503 5177/3820/5505
f 5178/3696/5506 5176/3854/5504 5177/3820/5505
f 5179/3695/5507 5178/3696/5506 5177/3820/5505
f 5178/3696/5506 5180/3699/5508 5176/3854/5504
f 5180/3699/5508 5181/3853/5509 5176/3854/5504
f 5180/3699/5508 5182/3702/5510 5181/3853/5509
f 5182/3702/5510 5183/3852/5511 5181/3853/5509
f 4946/3705/5512 5171/3851/5513 5183/3852/5511
f 5182/3702/5510 4946/3705/5512 5183/3852/5511
f 4946/3705/5512 5184/3708/5514 5171/3851/5513
f 5184/3708/5514 5185/3850/5515 5171/3851/5513
f 5184/3708/5514 5186/3711/5516 5185/3850/5515
f 5186/3711/5516 5187/3849/5517 5185/3850/5515
f 5186/3711/5516 5188/3714/5518 5187/3849/5517
f 5188/3714/5518 5189/3848/5519 5187/3849/5517
f 5188/3714/5518 5190/3717/5520 5189/3848/5519
f 5190/3717/5520 5191/3847/5521 5189/3848/5519
f 5190/3717/5520 5192/3720/5522 5191/3847/5521
f 5192/3720/5522 5193/3846/5523 5191/3847/5521
f 5192/3720/5522 5194/3723/5524 5193/3846/5523
f 5194/3723/5524 5195/3845/5525 5193/3846/5523
f 5194/3723/5524 5196/3726/5526 5195/3845/5525
f 5196/3726/5526 5158/3844/5487 5195/3845/5525
f 5196/3726/5526 5197/3855/5527 5158/3844/5487
f 5197/3855/5527 5157/3843/5484 5158/3844/5487
f 5198/3856/5528 5197/3855/5529 4973/3726/5295
f 4972/3725/5294 5198/3856/5528 4973/3726/5295
f 4974/3727/5296 5198/3856/5528 4972/3725/5294
f 5201/3857/5530 5200/3858/5531 5199/3859/5532
f 5202/3860/5533 5201/3857/5530 5199/3859/5532
f 5199/3859/5532 5203/3861/5534 5202/3860/5533
f 5203/3861/5534 5204/3862/5535 5202/3860/5533
f 5203/3861/5534 5205/3863/5536 5204/3862/5535
f 5205/3863/5537 5207/3861/5538 5206/3864/5539
f 5206/3864/5539 5207/3861/5538 5208/3865/5540
f 5207/3861/5538 5209/3859/5541 5208/3865/5540
f 5210/3866/5542 5208/3865/5540 5209/3859/5541
f 5211/3858/5543 5210/3866/5542 5209/3859/5541
f 5205/3863/5544 5213/3864/5539 5212/3867/5545
f 5212/3867/5545 5213/3864/5539 5214/3868/5546
f 5213/3864/5539 5215/3865/5547 5214/3868/5546
f 5216/3869/5548 5214/3868/5546 5215/3865/5547
f 5217/3866/5549 5216/3869/5548 5215/3865/5547
f 5205/3863/5544 5219/3870/5550 5218/3871/5551
f 5218/3871/5551 5219/3870/5550 5220/3872/5552
f 5219/3870/5550 5221/3873/5553 5220/3872/5552
f 5222/3874/5554 5220/3872/5552 5221/3873/5553
f 5223/3875/5555 5222/3874/5554 5221/3873/5553
f 5226/3876/5556 5225/3857/5557 5224/3860/5558
f 5227/3877/5559 5226/3876/5556 5224/3860/5558
f 5224/3860/5558 5228/3862/5560 5227/3877/5559
f 5228/3862/5560 5229/3878/5561 5227/3877/5559
f 5228/3862/5560 5230/3863/5562 5229/3878/5561
f 5232/3878/5563 5230/3863/5564 5231/3879/5565
f 5232/3878/5563 5231/3879/5565 5233/3880/5566
f 5234/3877/5559 5232/3878/5563 5233/3880/5566
f 5233/3880/5566 5235/3881/5567 5234/3877/5559
f 5235/3881/5567 5236/3876/5568 5234/3877/5559
f 5238/3879/5569 5230/3863/5570 5237/3882/5571
f 5238/3879/5569 5237/3882/5571 5239/3883/5572
f 5240/3880/5573 5238/3879/5569 5239/3883/5572
f 5239/3883/5572 5241/3884/5574 5240/3880/5573
f 5241/3884/5574 5242/3881/5575 5240/3880/5573
f 5230/3863/5576 5244/3871/5577 5243/3882/5578
f 5243/3882/5578 5244/3871/5577 5245/3883/5579
f 5244/3871/5577 5246/3872/5580 5245/3883/5579
f 5247/3884/5581 5245/3883/5579 5246/3872/5580
f 5248/3874/5582 5247/3884/5581 5246/3872/5580
f 5251/3885/5583 5250/3886/5584 5249/3887/5585
f 5252/3888/5586 5251/3885/5583 5249/3887/5585
f 5251/3885/5583 5253/3889/5587 5250/3886/5584
f 5253/3889/5587 5254/3890/5588 5250/3886/5584
f 5257/3891/5589 5256/3885/5590 5255/3888/5591
f 5258/3892/5592 5257/3891/5589 5255/3888/5591
f 5257/3891/5589 5259/3893/5593 5256/3885/5590
f 5259/3893/5593 5260/3889/5587 5256/3885/5590
f 5263/3894/5594 5262/3891/5595 5261/3892/5596
f 5264/3895/5597 5263/3894/5594 5261/3892/5596
f 5263/3894/5594 5265/3896/5598 5262/3891/5595
f 5265/3896/5598 5266/3893/5599 5262/3891/5595
f 5269/3897/5600 5268/3894/5601 5267/3895/5602
f 5270/3898/5603 5269/3897/5600 5267/3895/5602
f 5269/3897/5600 5271/3899/5604 5268/3894/5601
f 5271/3899/5604 5272/3896/5598 5268/3894/5601
f 5275/3900/5605 5274/3901/5606 5273/3890/5607
f 5276/3889/5608 5275/3900/5605 5273/3890/5607
f 5275/3900/5605 5277/3902/5609 5274/3901/5606
f 5277/3902/5609 5278/3903/5610 5274/3901/5606
f 5277/3902/5609 5279/3904/5611 5278/3903/5610
f 5279/3904/5611 5280/3905/5612 5278/3903/5610
f 5279/3904/5611 5281/3906/5613 5280/3905/5612
f 5281/3906/5613 5282/3907/5614 5280/3905/5612
f 5281/3906/5613 5283/3908/5615 5282/3907/5614
f 5284/3909/5616 5283/3908/5615 5281/3906/5613
f 5285/3910/5617 5284/3909/5616 5281/3906/5613
f 5283/3908/5615 5286/3911/5618 5282/3907/5614
f 5285/3910/5617 5281/3906/5613 5287/3904/5619
f 5288/3912/5620 5285/3910/5617 5287/3904/5619
f 5288/3912/5620 5287/3904/5619 5289/3902/5609
f 5290/3913/5621 5288/3912/5620 5289/3902/5609
f 5290/3913/5621 5289/3902/5609 5291/3900/5622
f 5292/3914/5623 5290/3913/5621 5291/3900/5622
f 5292/3914/5623 5291/3900/5622 5293/3889/5624
f 5294/3893/5625 5292/3914/5623 5293/3889/5624
f 5295/3915/5626 5283/3908/5615 5284/3909/5616
f 5296/3916/5627 5295/3915/5626 5284/3909/5616
f 5295/3915/5626 5297/3917/5628 5283/3908/5615
f 5295/3915/5626 5298/3918/5629 5297/3917/5628
f 5298/3918/5629 5299/3919/5630 5297/3917/5628
f 5298/3918/5629 5300/3920/5631 5299/3919/5630
f 5300/3920/5631 5301/3921/5632 5299/3919/5630
f 5300/3920/5631 5302/3922/5633 5301/3921/5632
f 5302/3922/5633 5303/3923/5634 5301/3921/5632
f 5302/3922/5633 5304/3924/5635 5303/3923/5634
f 5306/3925/5636 5305/3918/5637 5295/3915/5638
f 5307/3916/5627 5306/3925/5636 5295/3915/5638
f 5308/3926/5639 5300/3920/5640 5305/3918/5637
f 5306/3925/5636 5308/3926/5639 5305/3918/5637
f 5308/3926/5639 5309/3927/5641 5300/3920/5640
f 5309/3927/5641 5310/3922/5633 5300/3920/5640
f 5309/3927/5641 5304/3924/5635 5310/3922/5633
f 5312/3928/5642 5311/3925/5643 5296/3916/5644
f 5313/3929/5645 5308/3926/5639 5311/3925/5643
f 5312/3928/5642 5313/3929/5645 5311/3925/5643
f 5313/3929/5645 5314/3930/5646 5308/3926/5639
f 5314/3930/5646 5315/3927/5641 5308/3926/5639
f 5314/3930/5646 5304/3924/5647 5315/3927/5641
f 5316/3931/5648 5312/3928/5642 5296/3916/5644
f 5318/3932/5649 5317/3930/5646 5313/3929/5650
f 5318/3932/5649 5304/3924/5647 5317/3930/5646
f 5319/3933/5651 5318/3932/5649 5313/3929/5650
f 5319/3933/5651 5313/3929/5650 5320/3928/5652
f 5321/3934/5653 5319/3933/5651 5320/3928/5652
f 5321/3934/5653 5320/3928/5652 5322/3931/5654
f 5323/3935/5655 5321/3934/5653 5322/3931/5654
f 5322/3931/5648 5296/3916/5656 5324/3936/5657
f 5296/3916/5656 5325/3909/5658 5324/3936/5657
f 5324/3936/5657 5325/3909/5658 5326/3910/5617
f 5327/3937/5659 5324/3936/5657 5326/3910/5617
f 5327/3937/5659 5326/3910/5617 5328/3912/5660
f 5329/3938/5661 5327/3937/5659 5328/3912/5660
f 5329/3938/5661 5328/3912/5660 5330/3913/5621
f 5331/3939/5662 5329/3938/5661 5330/3913/5621
f 5331/3939/5662 5330/3913/5621 5332/3914/5663
f 5333/3940/5664 5331/3939/5662 5332/3914/5663
f 5333/3940/5664 5332/3914/5663 5334/3893/5665
f 5335/3896/5666 5333/3940/5664 5334/3893/5665
f 5322/3931/5667 5337/3936/5668 5336/3941/5669
f 5336/3941/5669 5337/3936/5668 5338/3937/5670
f 5339/3942/5671 5336/3941/5669 5338/3937/5670
f 5339/3942/5671 5338/3937/5670 5340/3938/5672
f 5341/3943/5673 5339/3942/5671 5340/3938/5672
f 5341/3943/5673 5340/3938/5672 5342/3939/5674
f 5343/3944/5675 5341/3943/5673 5342/3939/5674
f 5343/3944/5675 5342/3939/5674 5344/3940/5676
f 5345/3945/5677 5343/3944/5675 5344/3940/5676
f 5345/3945/5677 5344/3940/5676 5346/3896/5678
f 5347/3899/5679 5345/3945/5677 5346/3896/5678
f 5348/3935/5655 5322/3931/5667 5336/3941/5669
f 5350/3934/5680 5348/3935/5681 5349/3946/5682
f 5351/3947/5683 5350/3934/5680 5349/3946/5682
f 5349/3946/5682 5348/3935/5681 5352/3941/5684
f 5353/3948/5685 5349/3946/5682 5352/3941/5684
f 5353/3948/5685 5352/3941/5684 5354/3949/5686
f 5352/3941/5684 5355/3942/5687 5354/3949/5686
f 5354/3949/5686 5355/3942/5687 5356/3950/5688
f 5355/3942/5687 5357/3943/5689 5356/3950/5688
f 5356/3950/5688 5357/3943/5689 5358/3951/5690
f 5357/3943/5689 5359/3944/5691 5358/3951/5690
f 5358/3951/5690 5359/3944/5691 5360/3952/5692
f 5359/3944/5691 5361/3945/5693 5360/3952/5692
f 5360/3952/5692 5361/3945/5693 5362/3953/5694
f 5361/3945/5693 5363/3899/5695 5362/3953/5694
f 5319/3933/5651 5350/3934/5680 5351/3947/5683
f 5364/3954/5696 5319/3933/5651 5351/3947/5683
f 5365/3932/5649 5319/3933/5651 5364/3954/5696
f 5366/3955/5697 5365/3932/5649 5364/3954/5696
f 5367/3924/5698 5365/3932/5649 5366/3955/5697
f 5369/3955/5699 5364/3954/5700 5368/3956/5701
f 5370/3957/5702 5369/3955/5699 5368/3956/5701
f 5367/3924/5698 5369/3955/5699 5370/3957/5702
f 5368/3956/5701 5364/3954/5700 5371/3958/5703
f 5364/3954/5700 5372/3947/5704 5371/3958/5703
f 5371/3958/5703 5372/3947/5704 5373/3959/5705
f 5372/3947/5704 5374/3946/5706 5373/3959/5705
f 5373/3959/5705 5374/3946/5706 5375/3948/5685
f 5376/3960/5707 5373/3959/5705 5375/3948/5685
f 5376/3960/5707 5375/3948/5685 5377/3961/5708
f 5375/3948/5685 5378/3949/5709 5377/3961/5708
f 5377/3961/5708 5378/3949/5709 5379/3962/5710
f 5378/3949/5709 5380/3950/5711 5379/3962/5710
f 5379/3962/5710 5380/3950/5711 5381/3963/5712
f 5380/3950/5711 5382/3951/5713 5381/3963/5712
f 5381/3963/5712 5382/3951/5713 5383/3964/5714
f 5382/3951/5713 5384/3952/5715 5383/3964/5714
f 5383/3964/5714 5384/3952/5715 5385/3965/5716
f 5384/3952/5715 5386/3953/5717 5385/3965/5716
f 5389/3966/5718 5388/3967/5719 5387/3968/5719
f 5390/3969/5720 5389/3966/5718 5387/3968/5719
f 5392/3970/5721 5391/3966/5718 5390/3969/5718
f 5393/3971/5721 5392/3970/5721 5390/3969/5718
f 5396/3972/5722 5395/3970/5723 5394/3971/5723
f 5397/3973/5722 5396/3972/5722 5394/3971/5723
f 5400/3974/5724 5399/3972/5725 5398/3973/5725
f 5401/3975/5726 5400/3974/5724 5398/3973/5725
f 5404/3976/5727 5403/3977/5728 5402/3978/5729
f 5405/3979/5727 5404/3976/5727 5402/3978/5729
f 5406/3980/5730 5404/3976/5727 5405/3979/5727
f 5407/3981/5731 5406/3980/5730 5405/3979/5727
f 5408/3982/5732 5406/3980/5730 5407/3981/5731
f 5409/3983/5732 5408/3982/5732 5407/3981/5731
f 5410/3984/5733 5408/3982/5732 5409/3983/5732
f 5411/3985/5733 5410/3984/5733 5409/3983/5732
f 5403/3977/5728 5412/3986/5734 5402/3978/5729
f 5412/3986/5734 5413/3987/5735 5402/3978/5729
f 5412/3986/5734 5414/3988/5736 5413/3987/5735
f 5414/3988/5736 5415/3989/5737 5413/3987/5735
f 5410/3984/5733 5411/3985/5733 5416/3990/5738
f 5417/3991/5739 5410/3984/5733 5416/3990/5738
f 5417/3991/5739 5416/3990/5738 5418/3992/5740
f 5419/3993/5741 5417/3991/5739 5418/3992/5740
f 5422/3994/5742 5421/3995/5743 5420/3977/5743
f 5423/3976/5742 5422/3994/5742 5420/3977/5743
f 5424/3996/5744 5422/3994/5742 5423/3976/5742
f 5425/3980/5744 5424/3996/5744 5423/3976/5742
f 5426/3997/5745 5424/3996/5744 5425/3980/5744
f 5427/3982/5746 5426/3997/5745 5425/3980/5744
f 5428/3998/5747 5426/3997/5745 5427/3982/5746
f 5429/3984/5747 5428/3998/5747 5427/3982/5746
f 5421/3995/5743 5430/3999/5748 5420/3977/5743
f 5430/3999/5748 5431/3986/5749 5420/3977/5743
f 5430/3999/5748 5432/4000/5750 5431/3986/5749
f 5432/4000/5750 5433/3988/5751 5431/3986/5749
f 5428/3998/5747 5429/3984/5747 5434/3991/5752
f 5435/4001/5753 5428/3998/5747 5434/3991/5752
f 5435/4001/5753 5434/3991/5752 5436/3993/5754
f 5437/4002/5754 5435/4001/5753 5436/3993/5754
f 5440/4003/5755 5439/4004/5756 5438/3887/5757
f 5441/3886/5758 5440/4003/5755 5438/3887/5757
f 5442/4005/5759 5440/4003/5755 5441/3886/5758
f 5443/3890/5760 5442/4005/5759 5441/3886/5758
f 5446/4006/5761 5445/4007/5762 5444/4004/5763
f 5447/4003/5764 5446/4006/5761 5444/4004/5763
f 5448/4008/5765 5446/4006/5761 5447/4003/5764
f 5449/4005/5759 5448/4008/5765 5447/4003/5764
f 5452/4009/5766 5451/4010/5767 5450/4011/5768
f 5453/4012/5769 5452/4009/5766 5450/4011/5768
f 5454/3953/5770 5452/4009/5766 5453/4012/5769
f 5455/3965/5771 5454/3953/5770 5453/4012/5769
f 5458/3897/5772 5457/3898/5773 5456/4010/5774
f 5459/4009/5775 5458/3897/5772 5456/4010/5774
f 5460/3899/5776 5458/3897/5772 5459/4009/5775
f 5461/3953/5770 5460/3899/5776 5459/4009/5775
f 5464/4013/5777 5463/4005/5778 5462/3890/5779
f 5465/3901/5606 5464/4013/5777 5462/3890/5779
f 5466/4014/5780 5464/4013/5777 5465/3901/5606
f 5467/3903/5610 5466/4014/5780 5465/3901/5606
f 5468/4015/5781 5466/4014/5780 5467/3903/5610
f 5469/3905/5782 5468/4015/5781 5467/3903/5610
f 5470/4016/5783 5468/4015/5781 5469/3905/5782
f 5471/3907/5784 5470/4016/5783 5469/3905/5782
f 5470/4016/5783 5471/3907/5784 5472/4017/5785
f 5472/4017/5785 5473/4018/5786 5470/4016/5783
f 5473/4018/5786 5474/4019/5787 5470/4016/5783
f 5471/3907/5784 5286/3911/5788 5472/4017/5785
f 5470/4016/5783 5474/4019/5787 5475/4015/5789
f 5474/4019/5787 5476/4020/5790 5475/4015/5789
f 5475/4015/5789 5476/4020/5790 5477/4014/5791
f 5476/4020/5790 5478/4021/5792 5477/4014/5791
f 5477/4014/5791 5478/4021/5792 5479/4013/5793
f 5478/4021/5792 5480/4022/5714 5479/4013/5793
f 5479/4013/5793 5480/4022/5714 5481/4005/5794
f 5480/4022/5714 5482/4008/5795 5481/4005/5794
f 5472/4017/5785 5483/4023/5796 5473/4018/5786
f 5483/4023/5796 5484/4024/5797 5473/4018/5786
f 5485/4025/5798 5484/4024/5797 5483/4023/5796
f 5486/4026/5799 5485/4025/5798 5483/4023/5796
f 5487/4027/5701 5485/4025/5798 5486/4026/5799
f 5488/4028/5800 5487/4027/5701 5486/4026/5799
f 5488/4028/5800 5489/4029/5801 5487/4027/5701
f 5489/4029/5801 5490/4030/5702 5487/4027/5701
f 5367/3924/5802 5490/4030/5702 5489/4029/5801
f 5491/4029/5801 5488/4028/5803 5301/3921/5804
f 5492/3923/5634 5491/4029/5801 5301/3921/5804
f 5367/3924/5802 5491/4029/5801 5492/3923/5634
f 5495/4031/5805 5494/4032/5805 5493/3968/5806
f 5496/3967/5807 5495/4031/5805 5493/3968/5806
f 5499/4033/5808 5498/4034/5808 5497/4032/5809
f 5500/4031/5809 5499/4033/5808 5497/4032/5809
f 5503/4035/5810 5502/4036/5810 5501/4037/5811
f 5504/4038/5812 5503/4035/5810 5501/4037/5811
f 5507/3974/5813 5506/3975/5814 5505/4036/5815
f 5508/4035/5815 5507/3974/5813 5505/4036/5815
f 5511/4039/5816 5510/4040/5817 5509/4041/5818
f 5512/4042/5819 5511/4039/5816 5509/4041/5818
f 5510/4040/5817 5513/4043/5820 5509/4041/5818
f 5513/4043/5820 5514/4044/5821 5509/4041/5818
f 5514/4044/5821 5513/4043/5820 5515/4045/5822
f 5513/4043/5820 5516/4046/5823 5515/4045/5822
f 5515/4045/5822 5516/4046/5823 5517/4047/5824
f 5516/4046/5823 5518/4048/5825 5517/4047/5824
f 5517/4047/5824 5518/4048/5825 5519/4049/5826
f 5518/4048/5825 5520/4050/5827 5519/4049/5826
f 5520/4050/5827 5521/4051/5828 5519/4049/5826
f 5521/4051/5828 5522/4052/5829 5519/4049/5826
f 5522/4052/5829 5521/4051/5828 5523/4053/5830
f 5521/4051/5828 5524/4054/5831 5523/4053/5830
f 5512/4042/5819 5525/4055/5832 5511/4039/5816
f 5511/4039/5816 5525/4055/5832 5526/4056/5833
f 5527/4057/5834 5511/4039/5816 5526/4056/5833
f 5528/4058/5835 5527/4057/5834 5526/4056/5833
f 5528/4058/5835 5529/4059/5836 5527/4057/5834
f 5529/4059/5836 5530/4060/5837 5527/4057/5834
f 5527/4057/5834 5530/4060/5837 5511/4039/5816
f 5530/4060/5837 5531/4040/5838 5511/4039/5816
f 5530/4060/5837 5532/4061/5839 5531/4040/5838
f 5532/4061/5839 5530/4060/5837 5529/4059/5836
f 5532/4061/5839 5533/4043/5840 5531/4040/5838
f 5532/4061/5839 5534/4062/5841 5533/4043/5840
f 5534/4062/5841 5535/4046/5842 5533/4043/5840
f 5536/4048/5843 5535/4046/5842 5534/4062/5841
f 5537/4063/5844 5536/4048/5843 5534/4062/5841
f 5538/4050/5845 5536/4048/5843 5537/4063/5844
f 5539/4064/5846 5538/4050/5845 5537/4063/5844
f 5540/4051/5847 5538/4050/5845 5539/4064/5846
f 5541/4065/5848 5540/4051/5847 5539/4064/5846
f 5542/4054/5849 5540/4051/5847 5541/4065/5848
f 5543/4066/5850 5542/4054/5849 5541/4065/5848
f 5542/4054/5849 5543/4066/5850 5544/4067/5851
f 5543/4066/5850 5545/4068/5852 5544/4067/5851
f 5545/4068/5852 5543/4066/5850 5546/4069/5853
f 5543/4066/5850 5547/4070/5854 5546/4069/5853
f 5548/4071/5855 5544/4067/5851 5545/4068/5852
f 5549/4072/5856 5548/4071/5855 5545/4068/5852
f 5543/4066/5850 5541/4065/5848 5550/4073/5857
f 5547/4070/5854 5543/4066/5850 5550/4073/5857
f 5539/4064/5846 5537/4063/5844 5551/4074/5858
f 5551/4074/5858 5537/4063/5844 5552/4075/5859
f 5537/4063/5844 5534/4062/5841 5552/4075/5859
f 5552/4075/5859 5534/4062/5841 5553/4076/5860
f 5534/4062/5841 5532/4061/5839 5553/4076/5860
f 5553/4076/5860 5532/4061/5839 5529/4059/5836
f 5554/4077/5861 5549/4072/5856 5545/4068/5852
f 5546/4069/5853 5554/4077/5861 5545/4068/5852
f 5555/4078/5862 5549/4072/5856 5554/4077/5861
f 5556/4079/5863 5549/4072/5856 5555/4078/5862
f 5548/4071/5855 5549/4072/5856 5556/4079/5863
f 5557/4080/5864 5539/4064/5846 5551/4074/5858
f 5541/4065/5848 5539/4064/5846 5557/4080/5864
f 5550/4073/5857 5541/4065/5848 5557/4080/5864
f 5560/4081/5865 5559/4070/5866 5558/4073/5867
f 5560/4081/5865 5558/4073/5867 5561/4082/5868
f 5558/4073/5867 5562/4080/5869 5561/4082/5868
f 5561/4082/5868 5562/4080/5869 5563/4083/5870
f 5562/4080/5869 5564/4074/5871 5563/4083/5870
f 5563/4083/5870 5564/4074/5871 5565/4084/5872
f 5564/4074/5871 5566/4075/5873 5565/4084/5872
f 5565/4084/5872 5566/4075/5873 5567/4085/5874
f 5566/4075/5873 5568/4076/5875 5567/4085/5874
f 5567/4085/5874 5568/4076/5875 5569/4086/5876
f 5568/4076/5875 5570/4059/5877 5569/4086/5876
f 5569/4086/5876 5570/4059/5877 5571/4058/5878
f 5572/4087/5879 5569/4086/5876 5571/4058/5878
f 5572/4087/5879 5571/4058/5878 5526/4056/5833
f 5573/4088/5880 5572/4087/5879 5526/4056/5833
f 5569/4086/5876 5572/4087/5879 5574/4089/5881
f 5574/4089/5881 5572/4087/5879 5573/4088/5880
f 5575/4090/5882 5569/4086/5876 5574/4089/5881
f 5567/4085/5874 5569/4086/5876 5575/4090/5882
f 5576/4091/5883 5574/4089/5881 5573/4088/5880
f 5565/4084/5872 5567/4085/5874 5577/4092/5884
f 5577/4092/5884 5567/4085/5874 5575/4090/5882
f 5578/4093/5885 5565/4084/5872 5577/4092/5884
f 5563/4083/5870 5565/4084/5872 5578/4093/5885
f 5579/4094/5886 5563/4083/5870 5578/4093/5885
f 5561/4082/5868 5563/4083/5870 5579/4094/5886
f 5580/4095/5887 5561/4082/5868 5579/4094/5886
f 5576/4091/5883 5573/4088/5880 5581/4096/5888
f 5573/4088/5880 5526/4056/5833 5581/4096/5888
f 5526/4056/5833 5582/4097/5889 5581/4096/5888
f 5582/4097/5889 5583/4098/5890 5581/4096/5888
f 5584/4099/5891 5581/4096/5888 5583/4098/5890
f 5585/4091/5892 5581/4096/5888 5584/4099/5891
f 5586/4100/5893 5585/4091/5892 5584/4099/5891
f 5586/4100/5893 5587/4101/5894 5585/4091/5892
f 5587/4101/5894 5588/4089/5895 5585/4091/5892
f 5587/4101/5894 5589/4102/5896 5588/4089/5895
f 5589/4102/5896 5590/4090/5897 5588/4089/5895
f 5591/4092/5898 5590/4090/5897 5589/4102/5896
f 5592/4103/5899 5591/4092/5898 5589/4102/5896
f 5593/4104/5900 5584/4099/5891 5583/4098/5890
f 5591/4092/5898 5592/4103/5899 5594/4093/5901
f 5592/4103/5899 5595/4105/5902 5594/4093/5901
f 5595/4105/5902 5592/4103/5899 5596/4106/5903
f 5597/4107/5904 5595/4105/5902 5596/4106/5903
f 5598/4094/5905 5594/4093/5901 5595/4105/5902
f 5599/4108/5906 5598/4094/5905 5595/4105/5902
f 5589/4102/5896 5587/4101/5894 5600/4109/5907
f 5601/4110/5908 5589/4102/5896 5600/4109/5907
f 5592/4103/5899 5589/4102/5896 5601/4110/5908
f 5596/4106/5903 5592/4103/5899 5601/4110/5908
f 5587/4101/5894 5586/4100/5893 5602/4111/5909
f 5600/4109/5907 5587/4101/5894 5602/4111/5909
f 5602/4111/5909 5586/4100/5893 5603/4112/5910
f 5586/4100/5893 5584/4099/5891 5603/4112/5910
f 5584/4099/5891 5593/4104/5900 5604/4113/5911
f 5603/4112/5910 5584/4099/5891 5604/4113/5911
f 5604/4113/5911 5593/4104/5900 5605/4114/5912
f 5593/4104/5900 5606/4115/5913 5605/4114/5912
f 5605/4114/5912 5606/4115/5913 5607/4116/5914
f 5606/4115/5913 5608/4117/5915 5607/4116/5914
f 5607/4116/5914 5608/4117/5915 5609/4118/5916
f 5608/4117/5915 5610/4119/5917 5609/4118/5916
f 5609/4118/5916 5610/4119/5917 5611/4120/5918
f 5610/4119/5917 5612/4121/5919 5611/4120/5918
f 5611/4120/5918 5612/4121/5919 5613/4122/5920
f 5612/4121/5919 5614/4123/5921 5613/4122/5920
f 5614/4123/5921 5612/4121/5919 5615/4124/5922
f 5616/4125/5923 5614/4123/5921 5615/4124/5922
f 5612/4121/5919 5610/4119/5917 5617/4126/5924
f 5615/4124/5922 5612/4121/5919 5617/4126/5924
f 5610/4119/5917 5608/4117/5915 5618/4127/5925
f 5617/4126/5924 5610/4119/5917 5618/4127/5925
f 5618/4127/5925 5608/4117/5915 5606/4115/5913
f 5619/4128/5926 5618/4127/5925 5606/4115/5913
f 5619/4128/5926 5606/4115/5913 5583/4098/5890
f 5606/4115/5913 5593/4104/5900 5583/4098/5890
f 5620/4129/5927 5619/4128/5926 5583/4098/5890
f 5620/4129/5927 5583/4098/5890 5582/4097/5889
f 5621/4130/5928 5620/4129/5927 5582/4097/5889
f 5582/4097/5889 5526/4056/5833 5621/4130/5928
f 5526/4056/5833 5525/4055/5832 5621/4130/5928
f 5614/4123/5929 5623/4131/5930 5622/4132/5931
f 5622/4132/5931 5623/4131/5930 5624/4133/5932
f 5623/4131/5930 5625/4134/5933 5624/4133/5932
f 5624/4133/5932 5625/4134/5933 5626/4135/5934
f 5625/4134/5933 5627/4136/5935 5626/4135/5934
f 5627/4136/5935 5628/4137/5936 5626/4135/5934
f 5628/4137/5936 5629/4138/5937 5626/4135/5934
f 5629/4138/5937 5628/4137/5936 5630/4139/5938
f 5631/4140/5939 5629/4138/5937 5630/4139/5938
f 5632/4122/5940 5614/4123/5929 5622/4132/5931
f 5634/4131/5941 5614/4123/5929 5633/4125/5942
f 5635/4141/5943 5634/4131/5941 5633/4125/5942
f 5637/4134/5944 5636/4131/5945 5635/4141/5943
f 5638/4142/5946 5637/4134/5944 5635/4141/5943
f 5639/4136/5947 5637/4134/5944 5638/4142/5946
f 5640/4143/5948 5639/4136/5947 5638/4142/5946
f 5641/4137/5949 5639/4136/5947 5640/4143/5948
f 5642/4144/5950 5641/4137/5949 5640/4143/5948
f 5642/4144/5950 5643/4145/5951 5641/4137/5949
f 5643/4145/5951 5644/4139/5952 5641/4137/5949
f 5524/4054/5953 5646/4067/5954 5645/4146/5955
f 5647/4053/5956 5524/4054/5953 5645/4146/5955
f 5646/4067/5954 5648/4071/5957 5645/4146/5955
f 5648/4071/5957 5649/4147/5958 5645/4146/5955
f 5649/4147/5958 5648/4071/5957 5650/4148/5959
f 5648/4071/5957 5651/4079/5960 5650/4148/5959
f 5651/4079/5960 5652/4149/5961 5650/4148/5959
f 5652/4149/5961 5653/4150/5962 5650/4148/5959
f 5652/4149/5961 5654/4151/5963 5653/4150/5962
f 5654/4151/5963 5655/4152/5963 5653/4150/5962
f 5658/4153/5964 5657/4154/5965 5656/4155/5966
f 5659/4156/5967 5658/4153/5964 5656/4155/5966
f 5656/4155/5966 5657/4154/5965 5660/4157/5968
f 5657/4154/5965 5661/4158/5969 5660/4157/5968
f 5660/4157/5968 5661/4158/5969 5662/4159/5931
f 5661/4158/5969 5663/4160/5970 5662/4159/5931
f 5662/4159/5931 5663/4160/5970 5664/4161/5920
f 5663/4160/5970 5665/4162/5971 5664/4161/5920
f 5664/4161/5920 5665/4162/5971 5666/4163/5972
f 5665/4162/5971 5667/4164/5973 5666/4163/5972
f 5666/4163/5972 5667/4164/5973 5668/4165/5974
f 5667/4164/5973 5669/4166/5975 5668/4165/5974
f 5668/4165/5974 5669/4166/5975 5670/4167/5976
f 5669/4166/5975 5671/4168/5977 5670/4167/5976
f 5670/4167/5976 5671/4168/5977 5672/4169/5978
f 5671/4168/5977 5673/4170/5979 5672/4169/5978
f 5672/4169/5978 5673/4170/5979 5674/4171/5980
f 5673/4170/5979 5675/4172/5981 5674/4171/5980
f 5674/4171/5980 5675/4172/5981 5676/4173/5982
f 5675/4172/5981 5677/4174/5983 5676/4173/5982
f 5676/4173/5982 5677/4174/5983 5678/4175/5984
f 5677/4174/5983 5679/4176/5985 5678/4175/5984
f 5678/4175/5984 5679/4176/5985 5680/4177/5986
f 5679/4176/5985 5681/4178/5987 5680/4177/5986
f 5680/4177/5986 5681/4178/5987 5682/4179/5988
f 5681/4178/5987 5683/4180/5989 5682/4179/5988
f 5682/4179/5988 5683/4180/5989 5684/4181/5990
f 5683/4180/5989 5685/4182/5991 5684/4181/5990
f 5684/4181/5990 5685/4182/5991 5686/4183/5992
f 5685/4182/5991 5687/4184/5993 5686/4183/5992
f 5686/4183/5992 5687/4184/5993 5688/4185/5994
f 5687/4184/5993 5689/4186/5995 5688/4185/5994
f 5688/4185/5994 5689/4186/5995 5690/4187/5996
f 5689/4186/5995 5691/4188/5997 5690/4187/5996
f 5690/4187/5996 5691/4188/5997 5692/4189/5998
f 5691/4188/5997 5693/4190/5998 5692/4189/5998
f 5694/4191/5999 5560/4081/5865 5561/4082/5868
f 5695/4095/5887 5694/4191/5999 5561/4082/5868
f 5694/4191/5999 5696/4192/6000 5560/4081/5865
f 5696/4192/6000 5559/4070/5866 5560/4081/5865
f 5697/4193/6001 5599/4108/5906 5595/4105/5902
f 5597/4107/5904 5697/4193/6001 5595/4105/5902
f 5700/4194/6002 5699/4195/6003 5698/4196/6004
f 5701/4197/6005 5700/4194/6002 5698/4196/6004
f 5699/4195/6003 5700/4194/6002 5702/4198/6006
f 5700/4194/6002 5703/4199/6007 5702/4198/6006
f 5703/4199/6007 5704/4200/6008 5702/4198/6006
f 5704/4200/6008 5705/4201/6009 5702/4198/6006
f 5704/4200/6008 5706/4202/6010 5705/4201/6009
f 5706/4202/6010 5707/4203/6011 5705/4201/6009
f 5706/4202/6010 5708/4204/6012 5707/4203/6011
f 5708/4204/6012 5709/4205/6013 5707/4203/6011
f 5701/4197/6005 5698/4196/6004 5710/4206/6014
f 5711/4207/6015 5710/4206/6014 5698/4196/6004
f 5712/4208/6016 5711/4207/6015 5698/4196/6004
f 5712/4208/6016 5698/4196/6004 5713/4209/6017
f 5698/4196/6004 5714/4195/6018 5713/4209/6017
f 5713/4209/6017 5714/4195/6018 5715/4210/6019
f 5714/4195/6018 5716/4198/6020 5715/4210/6019
f 5715/4210/6019 5716/4198/6020 5717/4211/6021
f 5716/4198/6020 5718/4201/6022 5717/4211/6021
f 5717/4211/6021 5718/4201/6022 5719/4203/6023
f 5720/4212/6024 5717/4211/6021 5719/4203/6023
f 5720/4212/6024 5719/4203/6023 5721/4205/6025
f 5722/4213/6026 5720/4212/6024 5721/4205/6025
f 5722/4213/6026 5721/4205/6025 5723/4214/6027
f 5724/4215/6028 5722/4213/6026 5723/4214/6027
f 5724/4215/6028 5723/4214/6027 5725/4216/6029
f 5726/4217/6030 5724/4215/6028 5725/4216/6029
f 5712/4208/6016 5713/4209/6017 5727/4218/6031
f 5728/4219/6032 5712/4208/6016 5727/4218/6031
f 5725/4216/6029 5729/4220/6033 5726/4217/6030
f 5729/4220/6033 5730/4221/6034 5726/4217/6030
f 5730/4221/6034 5731/4222/6035 5726/4217/6030
f 5731/4222/6035 5732/4223/6036 5726/4217/6030
f 5730/4221/6034 5729/4220/6033 5733/4224/6037
f 5734/4225/6038 5730/4221/6034 5733/4224/6037
f 5735/4226/6039 5724/4215/6028 5726/4217/6030
f 5732/4223/6036 5735/4226/6039 5726/4217/6030
f 5736/4227/6040 5722/4213/6026 5724/4215/6028
f 5735/4226/6039 5736/4227/6040 5724/4215/6028
f 5736/4227/6040 5737/4228/6041 5722/4213/6026
f 5730/4221/6034 5734/4225/6038 5738/4229/6042
f 5731/4222/6035 5730/4221/6034 5738/4229/6042
f 5739/4230/6043 5738/4229/6042 5734/4225/6038
f 5728/4219/6032 5711/4207/6015 5712/4208/6016
f 5740/4231/6044 5739/4230/6043 5734/4225/6038
f 5733/4224/6037 5740/4231/6044 5734/4225/6038
f 5711/4207/6015 5742/4219/6045 5741/4232/6046
f 5741/4232/6046 5742/4219/6045 5743/4233/6047
f 5742/4219/6045 5744/4218/6048 5743/4233/6047
f 5745/4234/6049 5711/4207/6015 5741/4232/6046
f 5743/4233/6047 5744/4218/6048 5746/4235/6050
f 5747/4236/6051 5743/4233/6047 5746/4235/6050
f 5747/4236/6051 5746/4235/6050 5748/4237/6052
f 5749/4238/6053 5747/4236/6051 5748/4237/6052
f 5749/4238/6053 5748/4237/6052 5750/4228/6054
f 5751/4239/6055 5749/4238/6053 5750/4228/6054
f 5751/4239/6055 5750/4228/6054 5752/4227/6056
f 5753/4240/6057 5751/4239/6055 5752/4227/6056
f 5753/4240/6057 5752/4227/6056 5754/4226/6058
f 5755/4241/6059 5753/4240/6057 5754/4226/6058
f 5755/4241/6059 5754/4226/6058 5756/4223/6060
f 5757/4242/6061 5741/4232/6046 5743/4233/6047
f 5758/4243/6062 5757/4242/6061 5743/4233/6047
f 5758/4243/6062 5743/4233/6047 5747/4236/6051
f 5745/4234/6049 5741/4232/6046 5757/4242/6061
f 5759/4244/6063 5745/4234/6049 5757/4242/6061
f 5760/4245/6064 5747/4236/6051 5749/4238/6053
f 5760/4245/6064 5758/4243/6062 5747/4236/6051
f 5761/4246/6065 5760/4245/6064 5749/4238/6053
f 5761/4246/6065 5749/4238/6053 5751/4239/6055
f 5762/4247/6066 5761/4246/6065 5751/4239/6055
f 5762/4247/6066 5751/4239/6055 5753/4240/6057
f 5763/4248/6067 5762/4247/6066 5753/4240/6057
f 5753/4240/6057 5755/4241/6059 5764/4249/6068
f 5763/4248/6067 5753/4240/6057 5764/4249/6068
f 5765/4250/6069 5755/4241/6059 5756/4223/6060
f 5764/4249/6068 5755/4241/6059 5765/4250/6069
f 5759/4244/6063 5766/4251/6070 5745/4234/6049
f 5766/4251/6070 5767/4252/6071 5745/4234/6049
f 5745/4234/6049 5767/4252/6071 5711/4207/6015
f 5767/4252/6071 5710/4206/6014 5711/4207/6015
f 5767/4252/6071 5766/4251/6070 5768/4253/6072
f 5766/4251/6070 5769/4254/6073 5768/4253/6072
f 5769/4254/6073 5766/4251/6070 5770/4255/6074
f 5766/4251/6070 5771/4256/6075 5770/4255/6074
f 5771/4256/6075 5766/4251/6070 5772/4257/6076
f 5772/4257/6076 5766/4251/6070 5773/4244/6077
f 5772/4257/6076 5773/4244/6077 5774/4258/6078
f 5773/4244/6077 5775/4242/6079 5774/4258/6078
f 5774/4258/6078 5775/4242/6079 5776/4259/6080
f 5775/4242/6079 5777/4243/6081 5776/4259/6080
f 5776/4259/6080 5777/4243/6081 5778/4245/6082
f 5779/4260/6083 5776/4259/6080 5778/4245/6082
f 5778/4245/6082 5780/4246/6084 5779/4260/6083
f 5780/4246/6084 5781/4261/6085 5779/4260/6083
f 5782/4262/6086 5779/4260/6083 5781/4261/6085
f 5783/4263/6087 5782/4262/6086 5781/4261/6085
f 5781/4261/6085 5780/4246/6084 5784/4247/6088
f 5785/4264/6089 5781/4261/6085 5784/4247/6088
f 5786/4265/6090 5774/4258/6078 5776/4259/6080
f 5787/4266/6091 5786/4265/6090 5776/4259/6080
f 5787/4266/6091 5776/4259/6080 5779/4260/6083
f 5782/4262/6086 5787/4266/6091 5779/4260/6083
f 5788/4267/6092 5772/4257/6076 5774/4258/6078
f 5786/4265/6090 5788/4267/6092 5774/4258/6078
f 5789/4268/6093 5781/4261/6085 5785/4264/6089
f 5783/4263/6087 5781/4261/6085 5789/4268/6093
f 5788/4267/6092 5771/4256/6075 5772/4257/6076
f 5792/4269/6094 5791/4220/6095 5790/4216/6096
f 5793/4270/6097 5792/4269/6094 5790/4216/6096
f 5793/4270/6098 5795/4216/6096 5794/4214/6099
f 5796/4271/6100 5793/4270/6098 5794/4214/6099
f 5797/4204/6101 5796/4271/6100 5794/4214/6099
f 5709/4205/6102 5797/4204/6101 5794/4214/6099
f 5792/4269/6103 5799/4272/6104 5798/4224/6105
f 5799/4272/6104 5800/4273/6106 5798/4224/6105
f 5800/4273/6106 5801/4231/6107 5798/4224/6105
f 5801/4231/6107 5800/4273/6106 5802/4274/6108
f 5800/4273/6106 5803/4275/6109 5802/4274/6108
f 5802/4274/6108 5803/4275/6109 5804/4276/6110
f 5803/4275/6109 5805/4277/6110 5804/4276/6110
f 5806/4220/6095 5792/4269/6103 5798/4224/6105
f 5808/4235/6111 5807/4210/6112 5717/4211/6021
f 5809/4237/6113 5808/4235/6111 5717/4211/6021
f 5809/4237/6114 5810/4211/6021 5720/4212/6024
f 5737/4228/6041 5809/4237/6114 5720/4212/6024
f 5737/4228/6041 5720/4212/6024 5722/4213/6026
f 5808/4235/6111 5727/4218/6031 5715/4210/6019
f 5727/4218/6031 5713/4209/6017 5715/4210/6019
f 5813/4278/6115 5812/4279/6116 5811/4280/6117
f 5814/4281/6118 5813/4278/6115 5811/4280/6117
f 5815/4282/6119 5813/4278/6115 5814/4281/6118
f 5816/4283/6120 5815/4282/6119 5814/4281/6118
f 5817/4284/6121 5815/4282/6119 5816/4283/6120
f 5818/4285/6122 5817/4284/6121 5816/4283/6120
f 5811/4280/6117 5812/4279/6116 5819/4286/6123
f 5820/4287/5628 5811/4280/6117 5819/4286/6123
f 5813/4278/6115 5815/4282/6119 5821/4288/6124
f 5822/4289/6125 5813/4278/6115 5821/4288/6124
f 5823/4279/6126 5813/4278/6115 5822/4289/6125
f 5824/4290/6127 5823/4279/6126 5822/4289/6125
f 5824/4290/6127 5825/4291/6128 5823/4279/6126
f 5825/4291/6128 5826/4286/6128 5823/4279/6126
f 5815/4282/6119 5817/4284/6121 5827/4292/6129
f 5821/4288/6124 5815/4282/6119 5827/4292/6129
f 5827/4292/6129 5817/4284/6121 5828/4293/6130
f 5817/4284/6121 5829/4294/6131 5828/4293/6130
f 5829/4294/6131 5817/4284/6121 5818/4285/6122
f 5830/4295/6132 5828/4293/6130 5829/4294/6131
f 5831/4296/6133 5830/4295/6132 5829/4294/6131
f 5831/4296/6133 5829/4294/6131 5832/4297/6134
f 5832/4297/6134 5829/4294/6131 5818/4285/6122
f 5833/4298/6135 5831/4296/6133 5832/4297/6134
f 5834/4299/6136 5831/4296/6133 5833/4298/6135
f 5835/4300/6137 5834/4299/6136 5833/4298/6135
f 5836/4301/6138 5834/4299/6136 5835/4300/6137
f 5837/4302/6139 5836/4301/6138 5835/4300/6137
f 5838/4303/6140 5836/4301/6138 5837/4302/6139
f 5839/4304/6141 5838/4303/6140 5837/4302/6139
f 5769/4254/6073 5838/4303/6140 5839/4304/6141
f 5768/4253/6072 5769/4254/6073 5839/4304/6141
f 5769/4254/6073 5770/4255/6074 5838/4303/6140
f 5770/4255/6074 5840/4305/6142 5838/4303/6140
f 5838/4303/6140 5840/4305/6142 5836/4301/6138
f 5840/4305/6142 5841/4306/6143 5836/4301/6138
f 5836/4301/6138 5841/4306/6143 5834/4299/6136
f 5841/4306/6143 5842/4307/6144 5834/4299/6136
f 5842/4307/6144 5830/4295/6132 5831/4296/6133
f 5834/4299/6136 5842/4307/6144 5831/4296/6133
f 5845/4308/6145 5844/4309/6146 5843/4310/6147
f 5846/4311/6148 5845/4308/6145 5843/4310/6147
f 5847/4312/6149 5845/4308/6145 5846/4311/6148
f 5848/4313/6150 5847/4312/6149 5846/4311/6148
f 5849/4314/6151 5847/4312/6149 5848/4313/6150
f 5850/4315/6152 5849/4314/6151 5848/4313/6150
f 5851/4316/6153 5849/4314/6151 5850/4315/6152
f 5852/4317/6154 5851/4316/6153 5850/4315/6152
f 5853/4318/6155 5851/4316/6153 5852/4317/6154
f 5854/4319/6156 5853/4318/6155 5852/4317/6154
f 5855/4320/6157 5853/4318/6155 5854/4319/6156
f 5856/4321/6157 5855/4320/6157 5854/4319/6156
f 5857/4322/6158 5855/4320/6157 5856/4321/6157
f 5858/4323/6159 5857/4322/6158 5856/4321/6157
f 5859/4324/6160 5857/4322/6158 5858/4323/6159
f 5860/4325/6161 5859/4324/6160 5858/4323/6159
f 5861/4326/6162 5859/4324/6160 5860/4325/6161
f 5862/4327/6163 5861/4326/6162 5860/4325/6161
f 5863/4328/6164 5861/4326/6162 5862/4327/6163
f 5864/4329/6165 5863/4328/6164 5862/4327/6163
f 5865/4330/6166 5863/4328/6164 5864/4329/6165
f 5866/4331/6167 5865/4330/6166 5864/4329/6165
f 5867/4332/6168 5865/4330/6166 5866/4331/6167
f 5868/4333/6169 5867/4332/6168 5866/4331/6167
f 5871/4334/6170 5870/4335/6171 5869/4336/6172
f 5872/4337/6173 5871/4334/6170 5869/4336/6172
f 5873/4338/6174 5871/4334/6170 5872/4337/6173
f 5874/4339/6175 5873/4338/6174 5872/4337/6173
f 5875/4340/6176 5873/4338/6174 5874/4339/6175
f 5876/4341/6176 5875/4340/6176 5874/4339/6175
f 5869/4336/6172 5870/4335/6171 5877/4342/6177
f 5870/4335/6171 5878/4343/6177 5877/4342/6177
f 5881/4343/6178 5880/4344/6179 5879/4345/6180
f 5882/4342/6178 5881/4343/6178 5879/4345/6180
f 5879/4345/6180 5880/4344/6179 5883/4346/6181
f 5880/4344/6179 5884/4347/6182 5883/4346/6181
f 5883/4346/6181 5884/4347/6182 5885/4348/6183
f 5884/4347/6182 5886/4349/6184 5885/4348/6183
f 5889/4190/6185 5888/4350/6186 5887/4351/6187
f 5890/4189/6185 5889/4190/6185 5887/4351/6187
f 5887/4351/6187 5888/4350/6186 5891/4352/6188
f 5888/4350/6186 5892/4353/6189 5891/4352/6188
f 5891/4352/6188 5892/4353/6189 5893/4354/6190
f 5892/4353/6189 5894/4355/6191 5893/4354/6190
f 5893/4354/6190 5894/4355/6191 5895/4341/6192
f 5894/4355/6191 5896/4340/6193 5895/4341/6192
f 5899/4356/6194 5898/4357/6195 5897/4358/6196
f 5900/4359/6197 5899/4356/6194 5897/4358/6196
f 5901/4360/6120 5899/4356/6194 5900/4359/6197
f 5902/4361/6198 5901/4360/6120 5900/4359/6197
f 5903/4362/6199 5901/4360/6120 5902/4361/6198
f 5904/4363/6200 5903/4362/6199 5902/4361/6198
f 5905/4364/6201 5903/4362/6199 5904/4363/6200
f 5906/4365/6202 5905/4364/6201 5904/4363/6200
f 5907/4366/6203 5905/4364/6201 5906/4365/6202
f 5908/4367/6204 5907/4366/6203 5906/4365/6202
f 5909/4368/6205 5907/4366/6203 5908/4367/6204
f 5910/4369/6206 5909/4368/6205 5908/4367/6204
f 5911/4370/6207 5909/4368/6205 5910/4369/6206
f 5912/4371/6208 5911/4370/6207 5910/4369/6206
f 5913/4372/6209 5911/4370/6207 5912/4371/6208
f 5914/4373/6210 5913/4372/6209 5912/4371/6208
f 5915/4374/6211 5913/4372/6209 5914/4373/6210
f 5916/4375/6212 5915/4374/6211 5914/4373/6210
f 5917/4376/6213 5915/4374/6211 5916/4375/6212
f 5918/4377/6214 5917/4376/6213 5916/4375/6212
f 5919/4378/6215 5917/4376/6213 5918/4377/6214
f 5920/4379/6216 5919/4378/6215 5918/4377/6214
f 5844/4309/6146 5919/4378/6215 5920/4379/6216
f 5843/4310/6147 5844/4309/6146 5920/4379/6216
f 5922/4380/6217 5921/4381/6218 5658/4153/5964
f 5659/4156/5967 5922/4380/6217 5658/4153/5964
f 5897/4358/6196 5898/4357/6195 5923/4382/5628
f 5924/4383/5630 5897/4358/6196 5923/4382/5628
f 5925/4384/5632 5897/4358/6196 5924/4383/5630
f 5297/3917/5628 5926/3911/6219 5283/3908/5615
f 5929/4385/6220 5928/4386/6221 5927/4387/6222
f 5928/4386/6221 5930/4388/6223 5927/4387/6222
f 5928/4386/6221 5931/4389/6224 5930/4388/6223
f 5933/4389/6225 5932/4390/6226 5930/4388/5296
f 5932/4390/6226 5934/4391/6227 5930/4388/5296
f 5932/4390/6226 5935/4392/6228 5934/4391/6227
f 5935/4392/6228 5936/4393/6229 5934/4391/6227
f 5936/4393/6229 5937/4394/5527 5934/4391/6227
f 5936/4393/6229 5938/4395/6230 5937/4394/5527
f 5938/4395/6230 5939/4396/6231 5937/4394/5527
f 5939/4396/6231 5940/4397/6232 5937/4394/5527
f 5939/4396/6231 5941/4398/6233 5940/4397/6232
f 5941/4398/6233 5942/4399/6234 5940/4397/6232
f 5942/4399/6234 5943/4400/6235 5940/4397/6232
f 5942/4399/6234 5944/4401/6236 5943/4400/6235
f 5944/4401/6236 5945/4402/6237 5943/4400/6235
f 5945/4402/6237 5946/4403/6238 5943/4400/6235
f 5945/4402/6237 5947/4404/6239 5946/4403/6238
f 5947/4404/6239 5948/4405/6240 5946/4403/6238
f 5946/4403/6238 5948/4405/6240 5949/4406/6241
f 5948/4405/6240 5950/4407/6242 5949/4406/6241
f 5950/4407/6242 5951/4408/6243 5949/4406/6241
f 5949/4406/6241 5951/4408/6243 5952/4409/5417
f 5951/4408/6243 5953/4410/6244 5952/4409/5417
f 5955/4411/6245 5952/4409/6246 5954/4410/6247
f 5956/4412/6248 5955/4411/6245 5954/4410/6247
f 5955/4411/6249 5958/4413/6250 5957/4414/6251
f 5958/4413/6250 5959/4415/6252 5957/4414/6251
f 5960/4412/6253 5958/4413/6250 5955/4411/6249
f 5957/4414/6254 5962/4416/6255 5961/4417/6256
f 5962/4416/6255 5963/4418/6257 5961/4417/6256
f 5964/4415/6252 5962/4416/6255 5957/4414/6254
f 5963/4418/6257 5965/4419/6258 5961/4417/6256
f 5961/4417/6256 5965/4419/6258 5966/4420/6259
f 5965/4419/6258 5967/4421/6220 5966/4420/6259
f 5970/4422/6260 5969/4423/6261 5968/4424/6262
f 5971/4425/6263 5970/4422/6260 5968/4424/6262
f 5969/4423/6261 5970/4422/6260 5972/4426/6264
f 5973/4427/6265 5969/4423/6261 5972/4426/6264
f 5972/4426/6264 5970/4422/6260 5974/4428/6266
f 5970/4422/6260 5975/4429/6267 5974/4428/6266
f 5975/4429/6267 5970/4422/6260 5971/4425/6263
f 5976/4430/6268 5971/4425/6263 5968/4424/6262
f 5977/4431/6269 5976/4430/6268 5968/4424/6262
f 5977/4431/6269 5978/4432/6270 5976/4430/6268
f 5978/4432/6270 5979/4433/6271 5976/4430/6268
f 5976/4430/6268 5979/4433/6271 5980/4434/6272
f 5971/4425/6263 5976/4430/6268 5980/4434/6272
f 5981/4434/6273 5975/4429/6267 5971/4425/6263
f 5974/4428/6266 5975/4429/6267 5981/4434/6273
f 5974/4428/6266 5981/4434/6273 5982/4435/6274
f 5981/4434/6275 5984/4436/6276 5983/4437/6277
f 5985/4438/6278 5984/4436/6276 5981/4434/6275
f 5985/4438/6278 5986/4439/6279 5984/4436/6276
f 5986/4439/6279 5987/4440/6280 5984/4436/6276
f 5986/4439/6279 5988/4441/6281 5987/4440/6280
f 5988/4441/6281 5986/4439/6279 5989/4442/6282
f 5986/4439/6279 5990/4443/6283 5989/4442/6282
f 5986/4439/6279 5985/4438/6278 5990/4443/6283
f 5985/4438/6278 5981/4434/6275 5990/4443/6283
f 5988/4441/6281 5991/4444/6284 5987/4440/6280
f 5990/4443/6283 5992/4433/6271 5989/4442/6282
f 5992/4433/6271 5990/4443/6283 5980/4434/6285
f 5992/4433/6271 5993/4432/6286 5989/4442/6282
f 5991/4444/6284 5994/4445/6287 5987/4440/6280
f 5994/4445/6287 5995/4446/6288 5987/4440/6280
f 5987/4440/6280 5995/4446/6288 5984/4436/6276
f 5995/4446/6288 5994/4445/6287 5996/4447/6289
f 5997/4448/6290 5995/4446/6288 5996/4447/6289
f 5995/4446/6288 5998/4449/6291 5984/4436/6276
f 5998/4449/6291 5995/4446/6288 5997/4448/6290
f 5999/4450/6292 5997/4448/6290 5996/4447/6289
f 6000/4451/6293 5999/4450/6292 5996/4447/6289
f 5997/4448/6290 5999/4450/6292 6001/4452/6294
f 6001/4452/6294 5998/4449/6291 5997/4448/6290
f 5984/4436/6276 5998/4449/6291 6001/4452/6294
f 5984/4436/6276 6001/4452/6294 6002/4437/6295
f 6001/4452/6226 6004/4453/6296 6003/4454/6297
f 6005/4455/6298 6004/4453/6296 6001/4452/6226
f 6005/4455/6298 6006/4456/6299 6004/4453/6296
f 6006/4456/6299 6007/4457/6300 6004/4453/6296
f 6006/4456/6299 6008/4458/6301 6007/4457/6300
f 6008/4458/6301 6006/4456/6299 6009/4459/6302
f 6006/4456/6299 6010/4460/6303 6009/4459/6302
f 6006/4456/6299 6005/4455/6298 6010/4460/6303
f 6008/4458/6301 6011/4461/6304 6007/4457/6300
f 6010/4460/6303 6012/4462/6305 6009/4459/6302
f 6012/4462/6305 6010/4460/6303 6001/4452/6294
f 6012/4462/6305 6013/4463/6306 6009/4459/6302
f 6014/4451/6293 6013/4463/6306 6012/4462/6305
f 6015/4450/6292 6014/4451/6293 6012/4462/6305
f 6015/4450/6292 6012/4462/6305 6016/4452/6307
f 6011/4461/6304 6017/4464/6308 6007/4457/6300
f 6017/4464/6308 6018/4465/6309 6007/4457/6300
f 6007/4457/6300 6018/4465/6309 6004/4453/6296
f 6018/4465/6309 6017/4464/6308 6019/4466/6310
f 6020/4467/6311 6018/4465/6309 6019/4466/6310
f 6021/4468/6312 6018/4465/6309 6020/4467/6311
f 6018/4465/6309 6021/4468/6312 6004/4453/6296
f 6022/4469/6313 6020/4467/6311 6019/4466/6310
f 6023/4470/6314 6022/4469/6313 6019/4466/6310
f 6023/4470/6314 6024/4471/6315 6022/4469/6313
f 6024/4471/6315 6025/4472/6316 6022/4469/6313
f 6022/4469/6313 6025/4472/6316 6026/4473/6229
f 6020/4467/6311 6022/4469/6313 6026/4473/6229
f 6027/4473/6229 6021/4468/6312 6020/4467/6311
f 6004/4453/6296 6021/4468/6312 6027/4473/6229
f 6028/4453/6296 6027/4473/6317 6003/4454/6318
f 6027/4473/6317 6030/4474/6319 6029/4475/6320
f 6031/4476/6321 6030/4474/6319 6027/4473/6317
f 6031/4476/6321 6032/4477/6322 6030/4474/6319
f 6032/4477/6322 6033/4478/6323 6030/4474/6319
f 6032/4477/6322 6034/4479/6324 6033/4478/6323
f 6034/4479/6324 6032/4477/6322 6035/4480/6325
f 6032/4477/6322 6036/4481/6326 6035/4480/6325
f 6032/4477/6322 6031/4476/6321 6036/4481/6326
f 6034/4479/6324 6037/4482/6327 6033/4478/6323
f 6036/4481/6326 6038/4472/6328 6035/4480/6325
f 6038/4472/6328 6036/4481/6326 6026/4473/6329
f 6038/4472/6328 6039/4471/6330 6035/4480/6325
f 6031/4476/6321 6027/4473/6317 6040/4481/6331
f 6030/4474/6319 6041/4483/6332 6029/4475/6320
f 6030/4474/6319 6042/4484/6333 6041/4483/6332
f 6043/4485/6334 6042/4484/6333 6030/4474/6319
f 6044/4478/6335 6043/4485/6334 6030/4474/6319
f 6045/4486/6336 6043/4485/6334 6044/4478/6335
f 6037/4482/6337 6045/4486/6336 6044/4478/6335
f 6043/4485/6334 6045/4486/6336 6046/4487/6338
f 6047/4488/6339 6043/4485/6334 6046/4487/6338
f 6042/4484/6333 6043/4485/6334 6047/4488/6339
f 6041/4483/6332 6042/4484/6333 6047/4488/6339
f 6048/4489/6340 6047/4488/6339 6046/4487/6338
f 6047/4488/6339 6048/4489/6340 6041/4483/6332
f 6049/4490/6341 6048/4489/6340 6046/4487/6338
f 6041/4483/6332 6051/4491/6342 6050/4492/6233
f 6052/4493/6343 6051/4491/6342 6041/4483/6332
f 6052/4493/6343 6053/4494/6344 6051/4491/6342
f 6053/4494/6344 6052/4493/6343 6054/4495/6345
f 6052/4493/6343 6055/4496/6346 6054/4495/6345
f 6052/4493/6343 6041/4483/6332 6055/4496/6346
f 6053/4494/6344 6056/4497/6347 6051/4491/6342
f 6055/4496/6346 6057/4498/6348 6054/4495/6345
f 6057/4498/6348 6058/4499/6349 6054/4495/6345
f 6059/4490/6350 6058/4499/6349 6057/4498/6348
f 6060/4489/6351 6059/4490/6350 6057/4498/6348
f 6060/4489/6351 6057/4498/6348 6061/4483/6332
f 6057/4498/6348 6055/4496/6346 6041/4483/6332
f 6056/4497/6347 6062/4500/6352 6051/4491/6342
f 6062/4500/6352 6063/4501/6353 6051/4491/6342
f 6063/4501/6353 6062/4500/6352 6064/4502/6354
f 6065/4503/6355 6063/4501/6353 6064/4502/6354
f 6066/4504/6356 6065/4503/6355 6064/4502/6354
f 6067/4505/6357 6066/4504/6356 6064/4502/6354
f 6067/4505/6357 6068/4506/6358 6066/4504/6356
f 6068/4506/6358 6069/4507/6359 6066/4504/6356
f 6066/4504/6356 6069/4507/6359 6070/4508/6360
f 6065/4503/6355 6066/4504/6356 6070/4508/6360
f 6071/4508/6361 6063/4501/6353 6065/4503/6355
f 6051/4491/6342 6063/4501/6353 6071/4508/6361
f 6051/4491/6342 6071/4508/6361 6072/4492/6362
f 6071/4508/6234 6074/4509/6363 6073/4510/6364
f 6074/4509/6363 6075/4511/6237 6073/4510/6364
f 6074/4509/6363 6076/4512/6365 6075/4511/6237
f 6077/4513/6366 6076/4512/6365 6074/4509/6363
f 6078/4514/6367 6077/4513/6366 6074/4509/6363
f 6079/4515/6368 6077/4513/6366 6078/4514/6367
f 6077/4513/6366 6079/4515/6368 6080/4516/6369
f 6081/4517/6370 6077/4513/6366 6080/4516/6369
f 6076/4512/6365 6077/4513/6366 6081/4517/6370
f 6075/4511/6237 6076/4512/6365 6081/4517/6370
f 6082/4518/6371 6079/4515/6368 6078/4514/6367
f 6083/4519/6372 6081/4517/6370 6080/4516/6369
f 6084/4520/6373 6083/4519/6372 6080/4516/6369
f 6081/4517/6370 6083/4519/6372 6085/4511/6374
f 6086/4521/6375 6082/4518/6371 6078/4514/6367
f 6087/4522/6376 6086/4521/6375 6078/4514/6367
f 6087/4522/6376 6078/4514/6367 6074/4509/6363
f 6086/4521/6375 6087/4522/6376 6088/4523/6377
f 6087/4522/6376 6089/4524/6378 6088/4523/6377
f 6090/4525/6379 6087/4522/6376 6074/4509/6363
f 6087/4522/6376 6090/4525/6379 6089/4524/6378
f 6089/4524/6378 6091/4507/6380 6088/4523/6377
f 6091/4507/6380 6092/4506/6381 6088/4523/6377
f 6091/4507/6380 6089/4524/6378 6070/4508/6360
f 6090/4525/6379 6071/4508/6234 6089/4524/6378
f 6090/4525/6379 6074/4509/6363 6071/4508/6234
f 6094/4519/6382 6093/4526/6383 6085/4511/6384
f 6094/4519/6382 6095/4520/6373 6093/4526/6383
f 6095/4520/6373 6096/4527/6385 6093/4526/6383
f 6093/4526/6383 6096/4527/6385 6097/4528/6386
f 6098/4529/6387 6093/4526/6383 6097/4528/6386
f 6099/4530/6388 6098/4529/6387 6097/4528/6386
f 6100/4531/6389 6099/4530/6388 6097/4528/6386
f 6099/4530/6388 6100/4531/6389 6101/4532/6390
f 6100/4531/6389 6102/4533/6391 6101/4532/6390
f 6099/4530/6388 6101/4532/6390 6103/4534/6392
f 6104/4535/6393 6099/4530/6388 6103/4534/6392
f 6099/4530/6388 6104/4535/6393 6098/4529/6387
f 6093/4526/6383 6098/4529/6387 6085/4511/6384
f 6104/4535/6393 6075/4511/6394 6098/4529/6387
f 6104/4535/6393 6103/4534/6392 6075/4511/6394
f 6075/4511/6394 6103/4534/6392 6105/4536/6239
f 6102/4533/6391 6106/4537/6395 6101/4532/6390
f 6106/4537/6395 6107/4538/6396 6101/4532/6390
f 6101/4532/6390 6107/4538/6396 6103/4534/6392
f 6107/4538/6396 6106/4537/6395 6108/4539/6397
f 6109/4540/6398 6107/4538/6396 6108/4539/6397
f 6107/4538/6396 6110/4541/6399 6103/4534/6392
f 6110/4541/6399 6107/4538/6396 6109/4540/6398
f 6103/4534/6392 6111/4542/6400 6105/4536/6239
f 6111/4542/6400 6110/4541/6399 6109/4540/6398
f 6103/4534/6392 6110/4541/6399 6111/4542/6400
f 6112/4543/6401 6109/4540/6398 6108/4539/6397
f 6113/4544/6402 6112/4543/6401 6108/4539/6397
f 6113/4544/6402 6114/4545/6403 6112/4543/6401
f 6114/4545/6403 6115/4546/6404 6112/4543/6401
f 6112/4543/6401 6115/4546/6404 6116/4542/6405
f 6109/4540/6398 6112/4543/6401 6116/4542/6405
f 6111/4542/6400 6118/4547/6406 6117/4548/6242
f 6119/4549/6407 6118/4547/6406 6111/4542/6400
f 6119/4549/6407 6120/4550/6408 6118/4547/6406
f 6120/4550/6408 6121/4551/6409 6118/4547/6406
f 6120/4550/6408 6122/4552/6410 6121/4551/6409
f 6122/4552/6410 6120/4550/6408 6123/4553/6411
f 6120/4550/6408 6124/4554/6412 6123/4553/6411
f 6120/4550/6408 6119/4549/6407 6124/4554/6412
f 6119/4549/6407 6111/4542/6400 6124/4554/6412
f 6122/4552/6410 6125/4555/6413 6121/4551/6409
f 6124/4554/6412 6126/4546/6414 6123/4553/6411
f 6126/4546/6414 6124/4554/6412 6116/4542/6415
f 6126/4546/6414 6127/4545/6403 6123/4553/6411
f 6005/4455/6298 6001/4452/6226 6128/4460/6416
f 6131/4556/6417 6130/4557/6418 6129/4558/6419
f 6132/4559/6420 6131/4556/6417 6129/4558/6419
f 6132/4559/6420 6129/4558/6419 6133/4560/6421
f 6129/4558/6419 6130/4557/6418 6134/4561/6422
f 6135/4562/6423 6129/4558/6419 6134/4561/6422
f 6129/4558/6419 6135/4562/6423 6133/4560/6421
f 6135/4562/6423 6136/4563/6424 6133/4560/6421
f 6137/4564/6425 6131/4556/6417 6132/4559/6420
f 6138/4565/6426 6137/4564/6425 6132/4559/6420
f 6138/4565/6426 6132/4559/6420 6133/4560/6421
f 6135/4562/6423 6134/4561/6422 6139/4566/6427
f 6140/4567/6428 6135/4562/6423 6139/4566/6427
f 6135/4562/6423 6140/4567/6428 6136/4563/6424
f 6140/4567/6428 6141/4568/6429 6136/4563/6424
f 6142/4569/6430 6141/4568/6429 6140/4567/6428
f 6141/4568/6429 6142/4569/6430 6143/4570/6248
f 6144/4571/6431 6142/4569/6430 6140/4567/6428
f 6144/4571/6431 6140/4567/6428 6139/4566/6427
f 6145/4572/6432 6142/4569/6430 6144/4571/6431
f 6145/4572/6432 6144/4571/6431 6146/4573/6433
f 6146/4573/6433 6144/4571/6431 6139/4566/6427
f 6147/4574/6434 6145/4572/6432 6146/4573/6433
f 6145/4572/6432 6147/4574/6434 6148/4575/6435
f 6147/4574/6434 6149/4576/6436 6148/4575/6435
f 6149/4576/6436 6150/4577/6437 6148/4575/6435
f 6150/4577/6437 6151/4578/6438 6148/4575/6435
f 6151/4578/6438 6150/4577/6437 6152/4579/6439
f 6153/4580/6440 6151/4578/6438 6152/4579/6439
f 6148/4575/6435 6151/4578/6438 6154/4581/6441
f 6154/4581/6441 6151/4578/6438 6153/4580/6440
f 6155/4582/6442 6148/4575/6435 6154/4581/6441
f 6154/4581/6441 6153/4580/6440 6156/4583/6443
f 6156/4583/6443 6157/4584/6444 6154/4581/6441
f 6157/4584/6444 6156/4583/6443 6158/4585/6445
f 6153/4580/6440 6152/4579/6439 6158/4585/6445
f 6156/4583/6443 6153/4580/6440 6158/4585/6445
f 6159/4586/6446 6157/4584/6444 6158/4585/6445
f 6159/4586/6446 6160/4587/6447 6157/4584/6444
f 6160/4587/6447 6161/4588/6448 6157/4584/6444
f 6157/4584/6444 6161/4588/6448 6162/4581/6449
f 6155/4582/6442 6163/4589/6450 6148/4575/6435
f 6163/4589/6450 6145/4572/6432 6148/4575/6435
f 6145/4572/6432 6163/4589/6450 6142/4569/6430
f 6163/4589/6450 6143/4570/6248 6142/4569/6430
f 6154/4581/6451 6165/4590/6452 6164/4591/6453
f 6166/4592/6454 6165/4590/6452 6154/4581/6451
f 6166/4592/6454 6167/4593/6455 6165/4590/6452
f 6167/4593/6455 6168/4594/6456 6165/4590/6452
f 6167/4593/6455 6169/4595/6457 6168/4594/6456
f 6169/4595/6457 6167/4593/6455 6170/4596/6458
f 6167/4593/6455 6171/4597/6459 6170/4596/6458
f 6167/4593/6455 6166/4592/6454 6171/4597/6459
f 6169/4595/6457 6172/4598/6460 6168/4594/6456
f 6171/4597/6459 6173/4588/6461 6170/4596/6458
f 6173/4588/6461 6174/4587/6447 6170/4596/6458
f 6173/4588/6461 6171/4597/6459 6154/4581/6462
f 6166/4592/6454 6154/4581/6451 6175/4597/6463
f 6172/4598/6460 6176/4599/6464 6168/4594/6456
f 6176/4599/6464 6177/4600/6465 6168/4594/6456
f 6177/4600/6465 6176/4599/6464 6178/4601/6466
f 6179/4602/6467 6177/4600/6465 6178/4601/6466
f 6168/4594/6456 6177/4600/6465 6180/4590/6452
f 6177/4600/6465 6181/4603/6468 6180/4590/6452
f 6181/4603/6468 6177/4600/6465 6179/4602/6467
f 6182/4604/6469 6179/4602/6467 6178/4601/6466
f 6183/4605/6470 6182/4604/6469 6178/4601/6466
f 6179/4602/6467 6182/4604/6469 6184/4606/6471
f 6185/4606/6472 6181/4603/6468 6179/4602/6467
f 6165/4590/6452 6181/4603/6468 6185/4606/6472
f 6165/4590/6452 6185/4606/6472 6164/4591/6453
f 6185/4606/6473 6187/4607/6474 6186/4608/6475
f 6188/4609/6476 6187/4607/6474 6185/4606/6473
f 6188/4609/6476 6189/4610/6477 6187/4607/6474
f 6189/4610/6477 6190/4611/6478 6187/4607/6474
f 6189/4610/6477 6191/4612/6479 6190/4611/6478
f 6191/4612/6479 6189/4610/6477 6192/4613/6480
f 6189/4610/6477 6193/4614/6481 6192/4613/6480
f 6189/4610/6477 6188/4609/6476 6193/4614/6481
f 6188/4609/6476 6185/4606/6473 6193/4614/6481
f 6191/4612/6479 6194/4615/6482 6190/4611/6478
f 6193/4614/6481 6195/4616/6483 6192/4613/6480
f 6195/4616/6483 6193/4614/6481 6184/4606/6473
f 6196/4604/6484 6195/4616/6483 6184/4606/6473
f 6196/4604/6484 6197/4605/6470 6195/4616/6483
f 6197/4605/6470 6198/4617/6485 6195/4616/6483
f 6195/4616/6483 6198/4617/6485 6192/4613/6480
f 6201/4618/6486 6200/4619/6487 6199/4620/6488
f 6202/4621/6489 6201/4618/6486 6199/4620/6488
f 6200/4619/6487 6201/4618/6486 6203/4622/6490
f 6204/4623/6491 6200/4619/6487 6203/4622/6490
f 6203/4622/6490 6201/4618/6486 6205/4624/6492
f 6201/4618/6486 6206/4625/6493 6205/4624/6492
f 6206/4625/6493 6201/4618/6486 6202/4621/6489
f 6207/4565/6494 6202/4621/6489 6199/4620/6488
f 6208/4564/6425 6207/4565/6494 6199/4620/6488
f 6202/4621/6489 6207/4565/6494 6133/4560/6495
f 6133/4560/6495 6206/4625/6493 6202/4621/6489
f 6205/4624/6492 6206/4625/6493 6133/4560/6495
f 6133/4560/6495 6209/4626/6496 6205/4624/6492
f 6210/4627/6497 6205/4624/6492 6209/4626/6496
f 6210/4627/6497 6211/4628/6498 6205/4624/6492
f 6211/4628/6498 6212/4622/6499 6205/4624/6492
f 6213/4629/6500 6204/4623/6501 6212/4622/6499
f 6211/4628/6498 6213/4629/6500 6212/4622/6499
f 6213/4629/6500 6211/4628/6498 6214/4630/6502
f 6211/4628/6498 6215/4631/6503 6214/4630/6502
f 6211/4628/6498 6210/4627/6497 6215/4631/6503
f 6210/4627/6497 6209/4626/6496 6215/4631/6503
f 6215/4631/6503 6216/4632/6504 6214/4630/6502
f 6216/4632/6504 6215/4631/6503 6209/4626/6496
f 6216/4632/6504 6217/4633/6505 6214/4630/6502
f 6133/4560/6506 6219/4634/6507 6218/4626/6508
f 6209/4626/6496 6221/4635/6509 6220/4636/6510
f 6220/4636/6510 6221/4635/6509 6222/4637/6511
f 6223/4638/6512 6220/4636/6510 6222/4637/6511
f 6223/4638/6512 6224/4639/6513 6220/4636/6510
f 6224/4639/6513 6225/4640/6514 6220/4636/6510
f 6221/4635/6509 6226/4641/6515 6222/4637/6511
f 6221/4635/6509 6209/4626/6496 6226/4641/6515
f 6226/4641/6515 6227/4642/6516 6222/4637/6511
f 6226/4641/6515 6228/4643/6517 6227/4642/6516
f 6226/4641/6515 6209/4626/6496 6228/4643/6517
f 6228/4643/6517 6229/4644/6518 6227/4642/6516
f 6229/4644/6518 6228/4643/6517 6230/4645/6519
f 6231/4646/6520 6229/4644/6518 6230/4645/6519
f 6231/4646/6520 6230/4645/6519 6232/4647/6521
f 6233/4648/6522 6231/4646/6520 6232/4647/6521
f 6234/4649/6244 6232/4647/6521 6230/4645/6519
f 6209/4626/6496 6234/4649/6244 6228/4643/6517
f 6234/4649/6244 6230/4645/6519 6228/4643/6517
f 6235/4650/6523 6232/4647/6521 6234/4649/6244
f 6236/4651/6524 6232/4647/6521 6235/4650/6523
f 6237/4652/6525 6233/4648/6522 6232/4647/6521
f 6236/4651/6524 6237/4652/6525 6232/4647/6521
f 6238/4653/6526 6237/4652/6525 6236/4651/6524
f 6239/4654/6527 6238/4653/6526 6236/4651/6524
f 6240/4655/6528 6238/4653/6526 6239/4654/6527
f 6241/4656/6529 6240/4655/6528 6239/4654/6527
f 6241/4656/6529 6239/4654/6527 6235/4650/6530
f 6240/4655/6528 6241/4656/6529 6242/4657/6531
f 6241/4656/6529 6243/4658/6532 6242/4657/6531
f 6241/4656/6529 6235/4650/6530 6243/4658/6532
f 6243/4658/6532 6244/4659/6533 6242/4657/6531
f 6244/4659/6533 6245/4660/6534 6242/4657/6531
f 6246/4661/6535 6245/4660/6534 6244/4659/6533
f 6247/4662/6536 6246/4661/6535 6244/4659/6533
f 6247/4662/6536 6244/4659/6533 6248/4650/6523
f 6244/4659/6533 6243/4658/6532 6248/4650/6523
f 6239/4654/6527 6236/4651/6524 6248/4650/6537
f 6250/4663/6538 6235/4650/6530 6249/4664/6242
f 6250/4663/6538 6251/4665/6539 6235/4650/6530
f 6252/4666/6540 6251/4665/6539 6250/4663/6538
f 6253/4667/6409 6252/4666/6540 6250/4663/6538
f 6251/4665/6539 6252/4666/6540 6254/4668/6541
f 6254/4668/6541 6252/4666/6540 6255/4669/6542
f 6252/4666/6540 6256/4670/6543 6255/4669/6542
f 6256/4670/6543 6252/4666/6540 6257/4667/6409
f 6258/4671/6544 6256/4670/6543 6257/4667/6409
f 6259/4662/6545 6254/4668/6541 6255/4669/6542
f 6254/4668/6541 6259/4662/6545 6248/4650/6546
f 6260/4661/6547 6259/4662/6545 6255/4669/6542
f 6235/4650/6530 6251/4665/6539 6254/4668/6541
f 6225/4640/6514 6262/4632/6548 6261/4626/6496
f 6263/4633/6505 6262/4632/6548 6225/4640/6514
f 6224/4639/6513 6263/4633/6505 6225/4640/6514
f 6220/4636/6510 6225/4640/6514 6261/4626/6496
f 6136/4563/6424 6141/4568/6429 6264/4634/6247
f 6141/4568/6549 6266/4570/6550 6265/4634/6551
f 6133/4560/6421 6268/4563/6552 6267/4634/6553
f 6271/4672/6554 6270/4673/6555 6269/4674/6556
f 6272/4675/6557 6271/4672/6554 6269/4674/6556
f 6272/4675/6557 6269/4674/6556 6273/4676/6558
f 6274/4677/6559 6272/4675/6557 6273/4676/6558
f 6270/4673/6560 6276/4678/6561 6275/4679/6562
f 6277/4674/6563 6270/4673/6560 6275/4679/6562
f 6277/4674/6563 6275/4679/6562 6278/4680/6564
f 6273/4676/6565 6277/4674/6563 6278/4680/6564
f 6276/4678/6566 6280/4681/6567 6279/4682/6568
f 6281/4679/6569 6276/4678/6566 6279/4682/6568
f 6281/4679/6569 6279/4682/6568 6282/4683/6570
f 6278/4680/6571 6281/4679/6569 6282/4683/6570
f 6280/4681/6572 6284/4684/6573 6283/4685/6574
f 6285/4682/6575 6280/4681/6572 6283/4685/6574
f 6285/4682/6575 6283/4685/6574 6286/4686/6576
f 6282/4683/6577 6285/4682/6575 6286/4686/6576
f 6288/4687/6578 6271/4672/6579 6287/4675/6580
f 6289/4688/6581 6288/4687/6578 6287/4675/6580
f 6289/4688/6581 6287/4675/6580 6274/4677/6582
f 6290/4689/6583 6289/4688/6581 6274/4677/6582
f 6292/4690/6584 6288/4687/6585 6291/4688/6586
f 6293/4691/6587 6292/4690/6584 6291/4688/6586
f 6293/4691/6587 6291/4688/6586 6290/4689/6588
f 6294/4692/6589 6293/4691/6587 6290/4689/6588
f 6296/4693/6590 6292/4690/6591 6295/4691/6592
f 6297/4694/6593 6296/4693/6590 6295/4691/6592
f 6297/4694/6593 6295/4691/6592 6294/4692/6594
f 6298/4695/6595 6297/4694/6593 6294/4692/6594
f 6300/4696/6596 6296/4693/6597 6299/4694/6598
f 6301/4697/6599 6300/4696/6596 6299/4694/6598
f 6301/4697/6599 6299/4694/6598 6298/4695/6600
f 6302/4698/6601 6301/4697/6599 6298/4695/6600
f 6304/4699/6602 6300/4696/6603 6303/4697/6604
f 6305/4700/6605 6304/4699/6602 6303/4697/6604
f 6305/4700/6605 6303/4697/6604 6302/4698/6606
f 6306/4701/6607 6305/4700/6605 6302/4698/6606
f 6308/4702/6608 6304/4699/6609 6307/4700/6610
f 6309/4703/6611 6308/4702/6608 6307/4700/6610
f 6309/4703/6611 6307/4700/6610 6306/4701/6612
f 6310/4704/6613 6309/4703/6611 6306/4701/6612
f 6312/4705/6614 6308/4702/6615 6311/4703/6616
f 6313/4706/6617 6312/4705/6614 6311/4703/6616
f 6313/4706/6617 6311/4703/6616 6310/4704/6618
f 6314/4707/6619 6313/4706/6617 6310/4704/6618
f 6316/4708/6620 6312/4705/6621 6315/4706/6622
f 6317/4709/6623 6316/4708/6620 6315/4706/6622
f 6317/4709/6623 6315/4706/6622 6314/4707/6624
f 6318/4710/6625 6317/4709/6623 6314/4707/6624
