# Created by Metasequoia

v 67.873810 2.438571 -3.903605
v 67.341217 1.957923 -3.882298
v 67.396378 1.860877 -3.881269
v 65.197693 3.631931 -3.877294
v 65.229507 3.575676 -3.876608
v 66.282944 3.506618 -3.894697
v 67.467117 1.722947 -3.657454
v 67.506348 1.640511 -3.878536
v 65.275620 3.490758 -3.527605
v -104.721039 14.206205 -0.912689
v -103.988853 13.890202 -0.591679
v -103.092880 10.751648 1.171271
v -106.064476 18.206755 0.388906
v -106.652664 20.260132 -0.281083
v -106.158119 18.092905 -0.595185
v -80.750168 -0.277271 -5.697281
v -80.178185 0.698095 -5.602960
v -80.211548 0.452196 -5.120001
v -80.823166 -0.501787 -5.094606
v -81.608459 -1.381308 -4.866430
v -107.078453 -23.350739 -0.077803
v -107.044418 -23.308449 0.538956
v -108.362419 -25.461449 0.231097
v -106.320419 -22.365017 -0.102197
v -135.641159 11.476227 3.257198
v -135.066101 10.628515 3.487367
v -135.239990 10.452068 3.528439
v -134.254196 9.966755 3.805019
v 67.121765 0.868779 -3.855801
v 67.088333 0.865730 -3.855087
v -44.627945 -7.865522 -5.227764
v -43.858276 -7.793825 -5.083470
v -45.642548 -7.812078 -4.187873
v -46.745285 -7.848999 -5.505223
v -46.405670 -7.127245 -2.931233
v -46.342789 -6.691174 -1.610888
v -47.272415 -5.972923 -1.608643
v -47.193329 -7.170168 -3.760323
v -47.816154 -7.630383 -5.453965
v -47.834450 -6.341156 -2.582117
v -48.775696 -4.908981 -1.602914
v -48.078018 -7.296789 -4.103601
v -50.292084 -7.949411 -5.854111
v -48.705124 -6.470312 -3.108297
v -50.392143 -7.755241 -4.742720
v -53.268051 -8.858601 -5.985317
v -51.281021 -5.501974 -3.055830
v -48.820320 -3.286987 -1.635489
v -50.712379 -7.101215 -3.834620
v -53.326920 -8.733475 -5.144158
v -55.481819 -9.944954 -5.777754
v -55.519608 -9.804066 -5.068607
v -57.076660 -11.149761 -5.436638
v -53.559578 -8.242857 -4.423391
v -57.102699 -10.984306 -4.723398
v -58.533127 -12.393539 -5.051832
v -54.200264 -6.801348 -3.848724
v -58.640526 -12.301449 -4.250898
v -59.429588 -13.265257 -4.760744
v -57.363464 -10.542782 -4.101170
v -55.744385 -9.355877 -4.448288
v -56.435287 -8.151875 -3.812811
v -58.253990 -9.436216 -3.418839
v -58.947800 -11.859936 -3.597567
v -59.550545 -13.287186 -3.742256
v -60.190681 -14.599148 -4.101730
v -59.926140 -12.846664 -2.994066
v -60.204079 -14.687189 -2.649469
v -61.088188 -16.405304 -3.128593
v -60.734978 -14.357958 -1.542623
v -61.780022 -13.676849 -1.420262
v -61.395714 -16.311090 -1.135397
v -61.071167 -11.926964 -2.543844
v -60.928169 -16.454277 -2.143082
v -61.541298 -17.632156 -2.394972
v -61.374420 -17.635254 -1.756714
v -61.687874 -17.537033 -1.104744
v -61.806740 -18.762482 -1.707358
v -61.688156 -18.727264 -1.391104
v -61.846886 -18.642563 -1.078949
v -61.817787 -19.866470 -1.054258
v -59.957573 -10.692659 -2.924588
v -62.319176 -10.209770 -2.884033
v -62.577934 -11.243069 -2.606588
v -63.924866 -10.841724 -2.768133
v -59.146523 -8.250172 -3.827741
v -61.041580 -9.439882 -3.295772
v -63.702522 -10.198919 -3.014238
v -65.258080 -10.407497 -3.116489
v -62.643341 -9.830761 -3.628525
v -61.343819 -9.080540 -4.144640
v -63.867393 -10.049660 -3.460171
v -59.442551 -7.912342 -4.916538
v -65.154877 -10.054419 -3.525941
v -57.194977 -6.976393 -4.296085
v -57.583099 -6.515406 -5.559722
v -54.929993 -5.436737 -4.493100
v -55.483437 -4.744984 -5.730562
v -52.296280 -3.061605 -5.690386
v -51.970337 -3.503304 -4.169175
v -49.415970 -1.708317 -5.613322
v -49.281837 -1.819889 -3.592772
v -48.159760 -1.978065 -1.674744
v -47.396194 -0.742373 -1.714238
v -48.806900 -0.668313 -3.803935
v -49.048477 -0.907158 -5.547948
v -49.450661 0.039587 -5.543254
v -48.120567 -0.424185 -2.982367
v -49.039734 0.215218 -4.044405
v -47.400665 0.642494 -2.578882
v -46.496887 0.370207 -1.753761
v -45.100052 1.634557 -1.805532
v -46.898087 1.796567 -3.500972
v -48.839142 1.518018 -3.811148
v -48.569778 2.303612 -4.464282
v -49.909912 1.191837 -4.659124
v -50.330200 1.012537 -5.628483
v -50.047005 2.305572 -4.668608
v -49.813217 2.838492 -5.123419
v -51.032646 3.558680 -5.797714
v -50.837044 2.070664 -5.240450
v -51.207184 1.900220 -5.839967
v -51.242126 3.240551 -5.505804
v -52.267967 4.453266 -6.617453
v -51.753593 3.047775 -5.870910
v -51.984894 2.925056 -6.272234
v -52.418922 4.353479 -6.508944
v -53.077438 5.192593 -7.366291
v -52.608269 4.200348 -6.639156
v -52.681717 4.122322 -6.826115
v 66.776276 1.495111 -3.862392
v 66.856400 1.381369 -3.553649
v 65.907166 1.135406 -3.838852
v 66.022095 0.834579 -3.311598
v 64.886459 0.866747 -3.814548
v 66.928253 1.192568 -3.412943
v 67.032410 0.989161 -3.493546
v 66.159286 0.463449 -3.043059
v 65.017822 0.400930 -3.105563
v 63.777466 0.788292 -3.792544
v 66.292160 0.118310 -3.178986
v 65.166626 -0.048269 -2.637180
v 66.418289 -0.115463 -3.556409
v 63.889648 0.339634 -2.662052
v 62.645966 1.012090 -3.776297
v 65.353989 -0.528805 -2.630434
v 63.973450 -0.301273 -2.105745
v 62.644318 0.565038 -2.135433
v 61.878754 1.400610 -3.770150
v 64.161301 -0.970123 -2.199358
v 61.390823 1.244499 -2.242805
v 61.579651 1.698614 -3.770838
v 62.789688 -0.412199 -1.561554
v 60.686935 1.874156 -2.594005
v 61.812576 2.022873 -3.781798
v 61.041626 0.770762 -1.540908
v 60.974335 -0.541492 -1.308978
v 62.668610 -1.367514 -1.886655
v 60.806503 -1.814423 -1.883761
v 58.754562 -0.692220 -1.241682
v 58.647888 -1.905081 -1.996360
v 62.589355 -2.048439 -2.404168
v 58.871841 0.820827 -1.181797
v 60.670105 -2.550407 -2.772183
v 58.862732 1.952930 -1.653943
v 57.113998 -0.623646 -1.242557
v 57.175766 0.882236 -1.030846
v 57.042236 -1.845720 -2.079274
v 54.567627 -0.378134 -1.324606
v 56.995422 -2.535351 -2.699192
v 54.533478 -1.551647 -2.182105
v 58.583176 -2.571537 -2.667221
v 54.529739 -2.270403 -2.723380
v 56.964462 -3.027020 -3.588350
v 58.535278 -3.005556 -3.617849
v 60.821182 -2.838451 -3.663370
v 54.525589 -2.793623 -3.548277
v 62.538544 -2.746819 -2.901824
v 62.441040 -2.985706 -3.690073
v 51.598969 -1.720211 -2.673612
v 51.600006 -2.220823 -3.506289
v 51.557816 -1.148432 -2.316725
v 49.211243 -1.337484 -2.752221
v 49.221344 -1.732145 -3.472486
v 51.565491 -0.103200 -1.467236
v 46.788040 -1.231785 -3.029346
v 46.795120 -1.444881 -3.433859
v 44.676514 -1.375248 -3.396223
v 46.562988 -0.585523 -1.985025
v 49.114502 -0.798330 -2.249078
v 49.133514 0.132936 -1.512243
v 46.604553 0.327538 -1.430009
v 44.316605 -0.599386 -1.654337
v 44.519196 -1.380960 -2.240885
v 44.854950 -1.964638 -3.387411
v 44.395157 0.409203 -1.259060
v 44.763840 -2.554485 -2.828465
v 45.023544 -2.854935 -3.372014
v 45.049011 -3.789116 -3.353220
v 46.598526 1.369138 -1.183633
v 44.908981 -3.807272 -3.113262
v 44.889618 -4.838428 -3.328660
v 44.027573 -2.459019 -2.728938
v 44.605896 -3.814753 -3.076857
v 44.301636 -3.863447 -3.139453
v 44.105576 -3.890308 -3.333818
v 42.880920 -2.793343 -3.333902
v 43.119247 -2.594936 -2.872471
v 41.499069 -1.852173 -3.327805
v 41.684494 -1.567150 -2.379953
v 40.469070 -1.242823 -3.321482
v 43.290451 -1.201195 -2.172042
v 40.540298 -0.956913 -1.969354
v 42.665237 -0.350134 -1.698546
v 37.297440 -1.310139 -1.652555
v 37.267593 -1.750546 -3.252007
v 34.464264 -1.861240 -3.198076
v 40.515976 0.150110 -1.284274
v 42.581100 0.520252 -1.418676
v 34.470383 -1.365101 -1.477287
v 31.985367 -1.515059 -3.159649
v 37.307449 -0.022537 -0.842521
v 31.991104 -1.111074 -1.597252
v 29.788376 -1.181683 -3.126027
v 34.502304 -0.048456 -0.603094
v 40.515015 1.455160 -1.124253
v 37.312668 1.553791 -0.724474
v 32.009537 0.064240 -0.771338
v 42.466690 1.461304 -1.160410
v 34.510986 1.603952 -0.509730
v 29.796570 -0.870589 -1.713000
v 32.023071 1.565509 -0.674097
v 27.372910 -0.997953 -1.597896
v 27.364960 -1.354212 -3.077863
v 24.955902 -1.710104 -3.026197
v 29.805374 0.176863 -0.942760
v 27.378494 0.135253 -0.799605
v 24.936798 -1.308569 -1.313768
v 22.959061 -1.573254 -2.992135
v 27.406204 1.585718 -0.698616
v 22.777130 -1.170477 -1.422131
v 22.100296 -1.594591 -2.975986
v 24.942734 0.029806 -0.423241
v 21.683075 -1.479031 -2.063025
v 20.681778 -1.973547 -2.942011
v 22.266602 0.127242 -0.491034
v 20.664185 -1.860886 -2.559759
v 19.666443 -2.512436 -2.913406
v 19.561096 -0.983786 -1.578682
v 20.358536 -1.431402 -2.056392
v 20.105453 -1.836336 -2.420496
v 19.508377 -2.471302 -2.671259
v 19.349960 -2.895811 -2.898425
v 19.294724 -2.478613 -2.906036
v 19.523300 -1.773148 -2.537851
v 19.318466 -1.849674 -2.919469
v 18.921082 -1.302416 -2.923510
v 19.519135 -1.367470 -2.124629
v 16.579926 -0.837051 -1.530818
v 16.561905 -1.124346 -2.883669
v 11.985825 -1.651909 -2.788515
v 19.560211 0.244092 -0.719146
v 11.995331 -1.189190 -1.123863
v 7.425797 -1.323753 -2.711344
v 16.586685 0.216341 -0.772196
v 7.423370 -0.968498 -1.229455
v 2.936386 -1.736736 -2.620225
v 12.007675 0.110414 -0.252608
v 2.940475 -1.241747 -0.901823
v -0.129944 -1.511522 -2.568297
v 7.433228 0.193020 -0.431872
v 16.616394 1.585160 -0.657833
v -0.115128 -1.083132 -0.970522
v 12.051041 1.748868 -0.163452
v 2.952911 0.115084 -0.009628
v 7.478088 1.684219 -0.331987
v -3.178680 -0.839183 -1.108617
v -3.207535 -1.159418 -2.518951
v -6.181656 -1.079063 -2.465782
v -0.106644 0.177889 -0.124016
v -6.147736 -0.780262 -1.083355
v -9.068192 -1.704355 -2.399828
v -3.176437 0.270057 -0.334091
v -8.975464 -1.192574 -0.648179
v -12.233978 -2.189894 -2.331516
v -6.154160 0.302325 -0.318394
v -3.145905 1.705976 -0.224686
v 3.001190 1.820050 0.076471
v -0.067032 1.778898 -0.028224
v 3.018723 3.210306 -0.302476
v 7.503693 2.959618 -0.635302
v -0.044403 3.115688 -0.369259
v 12.078171 3.095723 -0.526666
v 7.507233 4.003042 -1.458200
v 12.082169 4.203722 -1.432008
v 16.651611 2.785351 -0.922194
v 12.064957 4.856211 -2.924215
v 7.496658 4.577572 -2.834286
v 16.647903 4.279213 -2.996626
v 3.025330 4.356110 -1.232825
v 3.008469 5.039164 -2.761216
v 16.658142 3.763353 -1.693626
v 19.650620 4.473915 -3.055945
v -0.037659 4.213579 -1.246590
v -0.061356 4.847168 -2.700765
v -3.143860 4.528316 -2.637356
v 19.626053 3.907047 -1.663241
v 22.336975 4.780174 -3.111722
v -3.111404 3.977232 -1.300666
v 22.340256 4.134113 -1.613987
v 24.984070 4.829933 -3.161568
v -3.118820 2.956139 -0.506188
v -6.098480 2.941522 -0.479948
v -6.088837 3.947735 -1.263115
v -6.122665 4.480186 -2.581575
v -6.135925 1.707963 -0.207218
v -8.943207 3.292999 -0.041250
v -8.926529 4.444307 -0.992069
v -9.002991 5.137133 -2.542102
v -8.994614 0.179115 0.262716
v -8.999344 1.896878 0.351480
v -12.146500 3.576262 0.319342
v -12.120941 4.837696 -0.754099
v -12.152390 5.651188 -2.494758
v -15.806686 6.099865 -2.436686
v -15.815643 5.197649 -0.572075
v -20.166412 6.240940 -2.359320
v -12.198746 2.055449 0.795846
v -15.852600 3.831964 0.598137
v -20.250717 5.278566 -0.285378
v -12.205475 0.086998 0.723930
v -15.894669 2.183245 1.137622
v -12.181412 -1.520412 -0.304186
v -15.913879 -0.019290 1.070638
v -15.891769 -1.821157 -0.042660
v -15.907547 -2.618172 -2.255055
v -20.344559 -2.775450 -2.170188
v -20.364151 -1.932787 0.135819
v -23.284332 -2.709595 -2.117435
v -20.387405 -0.105778 1.289913
v -23.323212 -1.877563 0.272511
v -26.190002 -2.684862 -2.064390
v -23.347076 -0.114022 1.410080
v -26.245926 -1.789780 0.521423
v -29.007126 -2.951965 -2.007043
v -20.353088 2.229572 1.369132
v -29.070847 -1.821789 0.773855
v -20.298401 3.976580 0.765455
v -23.300690 2.208905 1.482716
v -23.272690 3.591194 0.854337
v -26.267151 0.008718 1.606750
v -26.201065 2.193688 1.726203
v -29.050079 0.883272 2.229055
v -23.155273 5.814417 -0.181587
v -23.016815 6.149330 -2.304939
v -25.986389 6.096943 -2.249168
v -26.043274 4.154232 1.563383
v -26.022522 5.663080 0.106602
v -28.852600 2.296734 2.428532
v -28.830536 4.105455 1.936108
v -28.894485 5.784328 -0.346340
v -28.953308 5.958433 -1.305202
v -31.358414 5.688229 0.113113
v -28.866104 5.236118 0.774100
v -31.389160 5.398884 0.820080
v -33.910385 5.320843 1.257252
v -34.017776 4.910137 1.859100
v -31.406433 3.804413 2.303128
v -34.078720 3.884820 2.753695
v -34.024261 2.320433 3.361436
v -31.380188 2.291365 2.963303
v -33.847534 0.808838 3.595992
v -31.408600 0.799035 2.907967
v -33.853333 -0.573359 3.058916
v -31.392166 -0.262779 2.475008
v -33.766129 -1.228546 1.722299
v -31.496887 -0.954950 1.373019
v -33.605728 -3.006031 0.007770
v -31.396774 -2.471142 -0.190184
v -31.429260 -3.367237 -1.953856
v -33.577621 -4.087204 -1.899472
v -48.329590 6.489685 -2.784803
v -45.497528 4.651941 -1.860440
v -48.442619 6.393887 -1.842126
v -49.588844 7.312447 -1.839972
v -50.899551 8.055519 -3.694603
v -50.963387 8.563778 -1.840444
v -52.888184 8.948189 -4.234209
v -52.897705 9.283014 -3.260332
v -52.698906 10.290266 -2.775559
v -50.004929 9.624512 -1.879998
v -55.899849 10.169861 -4.340542
v -55.962593 10.103096 -5.293873
v -58.533867 11.118488 -5.776932
v -55.729469 11.042000 -3.535804
v -58.425301 11.063959 -4.856539
v -60.443550 11.972446 -5.800879
v -52.273933 11.744209 -3.054405
v -60.339233 11.894390 -4.936313
v -62.205887 12.837357 -5.476809
v -58.257317 11.971228 -3.908066
v -62.102692 12.763737 -4.649063
v -63.719284 13.685989 -4.728696
v -60.184013 12.776157 -3.918892
v -55.309502 12.403128 -3.754292
v -57.979919 13.207603 -3.977145
v -61.957565 13.629665 -3.652267
v -57.770042 13.616257 -4.854136
v -59.841034 14.019255 -3.946924
v -55.238869 12.862015 -4.645802
v -51.916496 12.239277 -4.360624
v -59.600143 14.387054 -4.842475
v -49.897804 11.747095 -4.262952
v -61.515450 14.906464 -3.643287
v -61.241791 15.284145 -4.532732
v -62.742790 16.362070 -3.729403
v -63.743301 17.235128 -1.783935
v -62.824417 15.859989 -1.772490
v -63.608841 14.436535 -1.728717
v -47.038193 11.469170 -4.615299
v -47.295700 11.376099 -3.289286
v -63.669586 13.654089 -3.853390
v -50.007111 11.684484 -2.267384
v -47.331406 11.179861 -1.961327
v -64.734421 14.201885 -3.151233
v -64.722717 14.706814 -1.713744
v -64.726494 14.206039 -4.096424
v -65.913185 14.563608 -3.264013
v -65.658829 14.035313 -3.620575
v -65.488045 14.009071 -4.415497
v -66.870857 14.215691 -3.847357
v -66.555122 13.744577 -4.141303
v -66.380081 13.682228 -4.847747
v -67.351959 13.307640 -4.701616
v -67.691124 13.676971 -4.482826
v -67.173401 13.240376 -5.294749
v -68.311584 12.964859 -5.139056
v -67.999664 12.718855 -5.282356
v -67.841110 12.669361 -5.730594
v -68.647415 12.221268 -5.684202
v -68.410309 12.084005 -5.769295
v -68.297615 12.056412 -6.061090
v -68.799309 11.375736 -6.192023
v -68.688766 11.336042 -6.222536
v -68.641953 11.330719 -6.338194
v -68.793800 10.807825 -6.475554
v 66.470428 -0.110504 -3.823620
v 65.739487 -0.947540 -3.792890
v 65.608673 -0.961155 -3.397963
v 64.826767 -1.534321 -3.763996
v 64.554657 -1.552498 -3.182802
v 63.365051 -1.947521 -2.891800
v 63.955795 -1.813477 -3.742126
v 64.770554 -2.164230 -3.749935
v 63.749390 -2.338575 -2.443668
v 65.567581 -2.468893 -3.758295
v 64.873489 -2.772552 -2.644784
v 65.745956 -3.177658 -2.897042
v 66.216049 -2.786116 -3.763766
v 66.773605 -3.193336 -3.765605
v 64.174728 -3.060299 -3.032732
v 63.764587 -3.128323 -3.711570
v 64.941071 -3.533983 -3.724806
v 65.256729 -3.449509 -3.157581
v 66.224304 -3.892712 -3.278932
v 65.999466 -3.986305 -3.734989
v 67.059540 -4.515347 -3.743662
v 66.519272 -3.662956 -3.146348
v 67.308655 -4.342268 -3.449860
v 67.434387 -4.103594 -3.758973
v 67.914093 -5.173748 -3.745761
v 67.164474 -4.461601 -3.515654
v -44.495193 -7.716866 1.985748
v -45.547089 -7.705608 0.982517
v -43.731049 -7.652969 1.810186
v -46.601089 -7.687626 2.339660
v -46.356659 -7.072355 -0.272385
v -47.113297 -7.076153 0.586187
v -47.672989 -7.465088 2.318783
v -47.797989 -6.300383 -0.600745
v -47.984528 -7.192356 0.966808
v -50.132210 -7.766718 2.822790
v -48.648582 -6.406965 -0.038258
v -50.273315 -7.622387 1.708912
v -53.100677 -8.671268 3.100975
v -51.225334 -5.439732 -0.035494
v -50.627380 -7.005920 0.787104
v -53.190674 -8.580976 2.258068
v -55.319672 -9.763468 3.019938
v -53.450020 -8.120203 1.526693
v -55.383606 -9.652023 2.307408
v -56.925278 -10.980215 2.787572
v -54.112526 -6.703165 0.917070
v -56.977547 -10.844231 2.069408
v -58.393860 -12.237717 2.508310
v -55.631592 -9.229633 1.677859
v -58.530769 -12.178547 1.708657
v -59.299850 -13.119944 2.286520
v -57.261002 -10.428566 1.439655
v -59.458244 -13.183722 1.274882
v -60.083611 -14.479246 1.711323
v -58.862160 -11.764095 1.049449
v -60.150192 -14.627098 0.265419
v -61.015007 -16.323431 0.847200
v -59.861641 -12.774334 0.523550
v -60.721817 -14.343323 -0.833587
v -61.771439 -13.667095 -0.945414
v -61.022720 -11.872963 0.077925
v -60.891602 -16.412966 -0.140485
v -61.493782 -17.578999 0.181986
v -61.350517 -17.608681 -0.461124
v -61.783691 -18.736412 -0.448147
v -61.676765 -18.714417 -0.769697
v -58.177269 -9.350315 0.745576
v -59.896919 -10.624811 0.366612
v -56.346420 -8.052162 1.019263
v -59.054863 -8.147736 1.137848
v -57.088402 -6.857389 1.481037
v -62.258850 -10.142323 0.392997
v -62.526665 -11.185825 0.168061
v -63.866898 -10.777199 0.362091
v -60.967529 -9.356983 0.725405
v -59.311211 -7.765205 2.222004
v -61.238327 -8.962734 1.569135
v -57.430183 -6.344368 2.738213
v -62.555573 -9.732723 1.132558
v -54.818825 -5.312578 1.531096
v -55.326981 -4.569843 2.758320
v -52.144989 -2.892181 2.531783
v -51.874710 -3.390247 1.018994
v -49.270248 -1.545359 2.293157
v -49.210831 -1.740213 0.275267
v -48.729065 -0.581205 0.421146
v -48.906166 -0.747849 2.181293
v -49.309029 0.198166 2.152405
v -48.073563 -0.371630 -0.434456
v -47.369797 0.676909 -0.907799
v -46.834290 1.867671 -0.053165
v -48.953468 0.311659 0.633416
v -48.762535 1.603658 0.339410
v -48.470032 2.415338 0.949198
v -49.801422 1.313445 1.238981
v -50.185486 1.174569 2.229762
v -49.938927 2.426612 1.207492
v -49.689125 2.977705 1.631091
v -50.883255 3.725937 2.319708
v -50.706955 2.216250 1.817248
v -51.054688 2.070946 2.436625
v -51.102905 3.396299 2.049088
v -52.088181 4.654526 3.146852
v -51.600624 3.219185 2.440454
v -51.816803 3.113265 2.854692
v -52.243172 4.550484 3.047968
v -52.869995 5.424706 3.893924
v -52.427238 4.403042 3.191471
v -52.493675 4.332865 3.384040
v -48.295212 6.491096 -0.908270
v -50.831291 8.094521 0.030249
v -52.799103 9.008392 0.605423
v -52.844444 9.335951 -0.381038
v -52.664833 10.304640 -0.913633
v -55.805954 10.265079 0.771530
v -55.833160 10.232094 1.728536
v -58.385529 11.284286 2.263312
v -55.665672 11.095133 -0.074099
v -58.311127 11.191753 1.342621
v -60.293762 12.139854 2.322378
v -52.230965 11.749825 -0.710287
v -60.221680 12.026253 1.458502
v -62.067711 12.992037 2.027930
v -58.178780 12.059124 0.351948
v -61.995071 12.884319 1.200599
v -63.608109 13.810272 1.301581
v -60.104660 12.865221 0.400496
v -55.239182 12.464844 0.072525
v -57.900322 13.297035 0.359822
v -61.887337 13.708378 0.164356
v -59.761597 14.108189 0.364631
v -57.658356 13.741417 1.210844
v -55.136185 12.959896 0.941271
v -51.826157 12.289572 0.560637
v -59.488266 14.512379 1.234841
v -49.812119 11.777094 0.409363
v -61.446579 14.983311 0.086551
v -61.140701 15.397123 0.948955
v -62.670998 16.442257 0.157721
v -63.590744 13.742355 0.426930
v -64.681114 14.261566 -0.257325
v -64.638474 14.304573 0.685982
v -65.855087 14.628567 -0.116221
v -65.587570 14.115133 0.252185
v -65.387497 14.121464 1.040705
v -66.790733 14.305553 0.515799
v -66.463898 13.846878 0.817100
v -66.262794 13.813482 1.518583
v -67.239044 13.433937 1.423925
v -67.586304 13.794203 1.202682
v -67.038864 13.390926 2.012312
v -68.181801 13.110241 1.910102
v -67.864449 12.870089 2.051797
v -67.689514 12.839039 2.495563
v -68.496887 12.390053 2.497353
v -68.256424 12.256073 2.579310
v -68.133102 12.240551 2.867600
v -68.629272 11.566101 3.044886
v -68.517471 11.527588 3.072935
v -68.466652 11.527100 3.186902
v -68.613014 11.010355 3.351217
v -46.088593 -8.342678 -6.063944
v -45.256439 -9.497854 -7.124100
v -44.244690 -9.249619 -6.353473
v -42.368057 -6.961447 -5.933435
v -42.069412 -6.496170 -5.529643
v -42.688705 -8.473837 -6.922284
v -43.622757 -10.766684 -7.989605
v -44.413116 -10.904152 -8.578083
v -42.706528 -10.185925 -8.304152
v -43.362808 -12.007261 -10.541712
v -42.614334 -11.673096 -10.334038
v -42.970581 -11.905422 -10.234108
v -42.650436 -12.184761 -11.716286
v -28.977081 5.921856 -3.077039
v -28.981415 6.601307 -2.204519
v -31.419754 5.594852 -4.393744
v -31.373474 6.931858 -3.125347
v -31.291718 7.207184 -2.174504
v -33.094025 7.789394 -2.153338
v -33.217499 7.493103 -3.356148
v -35.229980 8.601763 -2.130732
v -33.636871 6.288223 -4.739830
v -34.021225 5.190083 -5.427221
v -35.402786 8.316143 -3.750964
v -36.697952 9.507027 -2.122356
v -36.008820 7.194435 -5.528249
v -36.886337 9.244743 -3.999868
v -36.824585 5.802952 -6.065561
v -37.771332 4.146902 -5.969893
v -37.651901 8.177315 -5.969753
v -38.809464 10.893240 -4.174089
v -38.590988 11.150429 -2.121498
v -40.247452 12.732647 -2.123603
v -39.660324 9.813745 -6.188535
v -40.497559 12.481329 -4.225332
v -41.279236 13.781193 -2.126248
v -40.854691 8.414932 -7.011765
v -41.437988 11.417858 -6.182044
v -41.549683 13.535748 -4.215442
v -42.704498 14.781528 -4.199016
v -42.397827 15.008755 -2.130999
v -42.539124 12.496202 -6.089785
v -44.255447 17.104277 -4.113335
v -43.887283 17.286272 -2.150620
v -44.692413 19.925909 -2.190238
v -43.793411 13.801804 -5.973070
v -45.134277 19.816694 -4.082597
v -44.743378 21.934799 -2.230721
v -45.535324 16.251076 -5.750937
v -45.053909 12.829803 -6.454586
v -45.235107 21.887897 -4.150336
v -44.799835 24.256435 -2.277559
v -46.668564 19.167053 -5.649013
v -45.345718 24.269997 -4.305703
v -45.080856 26.834728 -2.325522
v -47.010452 21.619808 -5.749058
v -47.404541 24.108952 -5.965539
v -45.650665 26.924812 -4.387502
v -45.724335 28.473347 -4.282700
v -45.201462 28.255432 -2.352596
v -45.070358 30.074986 -2.392510
v -47.840698 26.736042 -6.188710
v -48.868584 21.253330 -6.042704
v -45.528793 30.801460 -3.858821
v -44.588455 32.224640 -2.445655
v -49.293129 23.908333 -6.294910
v -44.748337 32.650330 -3.411004
v -43.918243 33.819283 -2.490891
v -47.096939 30.480663 -5.765450
v -43.982773 34.073975 -3.093903
v -43.032944 35.187172 -2.535339
v -45.046371 33.498711 -4.095498
v -43.068771 35.282497 -2.775460
v -42.467590 35.821278 -2.558792
v -44.136185 34.584705 -3.528338
v -43.132401 35.461075 -2.945996
v -46.103882 32.079727 -4.820402
v -43.197556 35.654507 -2.978744
v -45.327164 34.378574 -4.155960
v -43.251862 35.818951 -2.850836
v -43.257965 35.854343 -2.544958
v -44.400528 35.650146 -2.519735
v -44.292053 35.107193 -3.579271
v -44.381241 35.465225 -3.200660
v -45.506042 35.321831 -2.492608
v -45.461853 35.053532 -3.396809
v -46.856812 35.173656 -2.464758
v -46.765289 34.620564 -3.676081
v -47.626251 35.475117 -2.456809
v -46.566071 33.458038 -4.890045
v -47.936501 34.478519 -4.440742
v -48.180054 36.541698 -2.468588
v -47.886322 32.639496 -5.646326
v -48.690056 36.294701 -4.265755
v -49.117851 39.148342 -2.505100
v -49.014015 32.145809 -6.043891
v -49.606262 39.034855 -4.305787
v -49.548889 42.388744 -2.563976
v -49.661209 36.075680 -4.859975
v -49.308403 34.311481 -4.967363
v -48.607582 29.682621 -6.442222
v -50.267784 31.863655 -6.055822
v -50.137512 29.201443 -6.480890
v -49.691971 26.432598 -6.440457
v -51.517487 28.937057 -5.751646
v -50.312874 34.064255 -5.190413
v -51.243401 23.519814 -5.707155
v -50.611778 35.860096 -5.083462
v -51.226051 33.853008 -4.968695
v -50.375526 38.825180 -4.994657
v -51.399017 31.690964 -5.500395
v -51.214729 42.191917 -5.606598
v -52.325134 28.856407 -4.284273
v -50.052834 42.353954 -4.571495
v -49.634438 44.661949 -2.609235
v -50.149918 44.657681 -4.662637
v -49.554031 46.884628 -2.656509
v -51.415764 44.509975 -5.854733
v -50.128777 46.913692 -4.647940
v -49.322731 48.667675 -2.697566
v -51.188370 38.617641 -5.304577
v -50.008461 49.084133 -4.573991
v -48.699913 50.790253 -2.752697
v -51.490616 35.675446 -4.816025
v -49.253410 51.391445 -4.467206
v -47.980377 52.540352 -2.802072
v -52.204453 35.582363 -3.786713
v -48.483597 53.154449 -4.410604
v -46.712265 55.043159 -2.876944
v -52.263344 38.285431 -4.953073
v -47.142395 55.615738 -4.308629
v -45.618576 56.933067 -2.936073
v -50.069778 52.868202 -5.325577
v -45.961472 57.452888 -4.129999
v -49.243286 54.419991 -5.274664
v -47.720932 56.608719 -4.982179
v -44.907211 58.952370 -3.916879
v -44.634720 58.541405 -2.987287
v -46.362274 58.205147 -4.618899
v -44.105438 59.914047 -3.718936
v -43.898834 59.596527 -3.022673
v -45.172058 59.491798 -4.259684
v -43.269669 60.622635 -3.473012
v -43.139709 60.429962 -3.053830
v -42.073517 61.397957 -3.093335
v -43.377426 60.851372 -3.608053
v -44.282776 60.302933 -3.953526
v -43.482224 61.106865 -3.541624
v -43.557449 61.323380 -3.315035
v -43.577652 61.415871 -3.066033
v -44.706421 61.266426 -3.042105
v -44.490891 60.725723 -3.857445
v -44.658234 61.094582 -3.480803
v -45.894516 60.827499 -3.011272
v -45.510056 60.060959 -4.152704
v -45.800201 60.569290 -3.643530
v -47.391190 59.986053 -2.966362
v -46.846954 58.967461 -4.502405
v -47.249405 59.634674 -3.832090
v -48.912224 58.811195 -2.914117
v -48.331146 57.594826 -4.871002
v -48.748665 58.403358 -4.022491
v -50.488251 57.181450 -2.851541
v -50.357071 56.722176 -4.148665
v -51.175598 56.399284 -2.822803
v -49.954674 55.694260 -5.181317
v -51.145645 55.861893 -4.099099
v -51.769020 55.876305 -2.801005
v -50.728195 54.454201 -5.168167
v -51.867706 55.299232 -3.922634
v -51.127785 53.513489 -4.906227
v -50.579712 51.656216 -5.233681
v -52.232704 51.152607 -5.392771
v -53.174126 54.896759 -4.959362
v -51.787025 49.078815 -5.591212
v -52.677956 53.046593 -5.191520
v -51.531517 46.852642 -5.792008
v -53.183395 48.805996 -5.362335
v -52.860626 44.358276 -5.950613
v -52.973961 46.583611 -5.759890
v -53.704094 50.865650 -5.060113
v -52.766365 41.966034 -5.833944
v -53.343758 44.352489 -5.323462
v -54.035027 48.475689 -4.250090
v -53.621277 46.041901 -4.327193
v -54.103127 44.455372 -5.530241
v -53.804352 41.381329 -5.044839
v -55.072449 43.525192 -5.229591
v -55.928238 45.217232 -5.340218
v -53.054901 38.034286 -3.900202
v -55.839523 42.516514 -4.161164
v -52.617157 35.455158 -2.364488
v -54.729645 40.756844 -4.025122
v -53.502747 37.780151 -2.396124
v -55.168800 40.345932 -2.418314
v -56.236778 41.922596 -2.431154
v -57.062363 43.257404 -2.443445
v -52.031555 33.813465 -3.854416
v -52.466110 33.738243 -2.331854
v -52.709396 31.409111 -2.279371
v -52.281219 31.478783 -4.057343
v -52.781075 28.986206 -2.228038
v -53.025375 26.625549 -2.174906
v -52.625275 26.452438 -4.025579
v -53.320305 25.774750 -2.151913
v -51.456261 26.277401 -5.732870
v -52.969826 25.687241 -3.767740
v -53.930252 25.169075 -2.128173
v -52.736168 25.375423 -4.632096
v -53.726151 24.961891 -3.341370
v -54.857430 24.946186 -2.106565
v -52.443771 23.767189 -5.116672
v -54.825562 24.800182 -2.792385
v -56.241470 24.919704 -2.080527
v -54.757370 24.299442 -3.248730
v -53.528931 23.932423 -4.063107
v -54.721550 23.730049 -2.942514
v -54.757660 23.474808 -2.078052
v -53.642738 22.375824 -2.075889
v -53.537041 22.850986 -3.459293
v -52.701988 21.307209 -2.071199
v -52.511787 21.877281 -3.979459
v -52.130058 20.165070 -2.058168
v -50.783539 20.800236 -5.234499
v -51.904884 20.385887 -3.642559
v -51.157196 17.523453 -2.021656
v -50.940880 17.675554 -3.488956
v -49.381828 14.159964 -1.984983
v -49.903191 18.074354 -5.084301
v -49.104347 14.277727 -3.798038
v -48.393486 18.572636 -5.882080
v -48.280769 14.717165 -5.367743
v -46.995911 15.451164 -6.062388
v -46.208893 11.857567 -5.914721
v -43.736374 11.377712 -6.698006
v -44.826004 10.250729 -6.262162
v -45.201691 9.512905 -5.187273
v -44.660248 8.705208 -5.557251
v -42.649261 10.165001 -6.903938
v -43.804596 8.992718 -6.454747
v -41.767929 6.915985 -6.593413
v -41.903931 6.283018 -5.674038
v -39.408051 4.265974 -5.620637
v -38.560516 6.648754 -6.698145
v -38.676208 3.806987 -5.392993
v -39.286133 4.951965 -6.308272
v -41.928116 -6.338169 2.136639
v -42.211517 -6.790134 2.570114
v -42.494247 -8.256195 3.631065
v -44.069397 -9.054977 3.152575
v -45.923645 -8.158178 2.893921
v -45.052216 -9.270058 3.969454
v -43.386169 -10.502316 4.825853
v -42.459717 -9.909864 5.082311
v -44.154678 -10.614975 5.448179
v -42.291794 -11.312277 7.167075
v -43.031784 -11.636986 7.415619
v -42.651443 -11.548231 7.089825
v -42.276382 -11.766455 8.569334
v -31.337997 6.971317 -1.210936
v -33.188766 7.543522 -0.935237
v -33.552505 6.391525 0.511440
v -35.347153 8.371082 -0.494491
v -35.882217 7.311831 1.348735
v -36.690170 5.944275 1.972885
v -37.638443 4.295223 1.980404
v -36.817154 9.295944 -0.229628
v -37.508743 8.297533 1.809614
v -38.733429 10.937019 -0.052484
v -39.509140 9.925518 2.035134
v -40.420227 12.513180 -0.004452
v -40.684647 8.569836 2.959011
v -41.287079 11.513363 2.028137
v -41.472626 13.558062 -0.018910
v -42.628204 14.792973 -0.043970
v -42.391663 12.580786 1.932093
v -44.182693 17.098709 -0.168029
v -43.649826 13.877262 1.808009
v -42.470001 10.305897 2.844835
v -45.064850 19.800062 -0.278014
v -45.401154 16.313946 1.549249
v -44.891953 12.933693 2.375101
v -43.564056 11.500439 2.629396
v -46.849075 15.522026 1.947224
v -46.065186 11.940138 1.918558
v -43.639771 9.115726 2.487164
v -44.669006 10.361860 2.280638
v -41.603104 7.065950 2.635965
v -44.528046 8.795706 1.634115
v -45.083267 9.581619 1.251440
v -41.767288 6.397905 1.748992
v -46.941345 11.488501 0.667860
v -39.287415 4.397251 1.686997
v -48.157997 14.748888 1.331401
v -39.126968 5.106922 2.340483
v -38.557922 3.932531 1.451274
v -38.396835 6.807751 2.633651
v -49.038452 14.230610 -0.187248
v -47.247559 11.315929 -0.642393
v -50.887817 17.621283 -0.568503
v -49.792770 18.060526 0.970381
v -51.847534 20.348503 -0.491519
v -50.668762 20.773689 1.040831
v -52.442917 21.843315 -0.194098
v -48.254715 18.611927 1.690458
v -53.486923 22.810875 -0.716085
v -46.540085 19.216526 1.369247
v -48.725655 21.287586 1.758034
v -46.879471 21.667110 1.380535
v -45.164673 21.877155 -0.292168
v -47.267410 24.160492 1.508919
v -45.271088 24.270138 -0.231140
v -49.142677 23.943474 1.916274
v -45.574692 26.933914 -0.247864
v -51.113335 23.498768 1.417648
v -45.653214 28.481174 -0.413719
v -47.697182 26.797165 1.639243
v -45.474960 30.795883 -0.940133
v -49.537903 26.466515 1.972295
v -46.972229 30.536892 1.034866
v -49.983681 29.231041 1.915152
v -48.456390 29.741287 1.799453
v -51.327133 26.250809 1.337820
v -51.389481 28.909912 1.249103
v -50.131447 31.877884 1.385540
v -52.334442 23.763680 0.861296
v -52.645477 25.310207 0.322872
v -53.457481 23.914795 -0.158046
v -54.690369 23.699451 -1.225423
v -54.714981 24.282768 -0.941743
v -53.682198 24.928680 -0.914349
v -54.800461 24.801090 -1.416334
v -52.911194 25.623024 -0.545402
v -52.558182 26.368668 -0.331305
v -52.250854 28.745056 -0.182357
v -51.282440 31.654358 0.880424
v -52.216934 31.352306 -0.518580
v -51.130852 33.795753 0.253941
v -51.977135 33.669788 -0.826705
v -52.153877 35.419144 -0.960319
v -53.001282 37.883533 -0.916817
v -51.402229 35.598785 0.036197
v -54.672028 40.630974 -0.843327
v -52.171310 38.194920 0.094570
v -53.710052 41.301750 0.115177
v -55.777718 42.416660 -0.739347
v -51.084419 38.577961 0.391527
v -56.696701 43.737476 -0.924789
v -54.972244 43.480808 0.257339
v -57.393623 44.807365 -1.134731
v -57.624977 44.419434 -2.457079
v -55.824814 45.202507 0.328876
v -52.644531 41.914040 0.840859
v -58.058617 45.675514 -1.339709
v -58.174911 45.367306 -2.466494
v -58.903465 46.102409 -2.468209
v -56.804314 46.028873 -0.168083
v -58.804817 46.344913 -1.495264
v -59.588921 46.562649 -2.465084
v -57.672592 46.646431 -0.587153
v -59.582542 46.735737 -1.702453
v -58.514595 47.120602 -0.915381
v -60.415558 46.995209 -1.871130
v -60.398384 46.867863 -2.456483
v -61.248245 47.027229 -2.444134
v -59.446831 47.369133 -1.194196
v -61.269585 47.121845 -2.041897
v -61.919113 46.990543 -2.431040
v -60.384743 47.516342 -1.457133
v -61.946762 47.043671 -2.215267
v -62.818657 46.817501 -2.410885
v -61.286301 47.497433 -1.728792
v -61.991783 47.306976 -1.992740
v -62.019478 47.552322 -2.161978
v -62.011467 47.564045 -2.441169
v -61.260162 47.922966 -2.462344
v -61.274208 47.866844 -1.953772
v -60.282959 48.156963 -2.485157
v -60.313492 48.044193 -1.726837
v -59.185829 48.172806 -2.505725
v -59.251564 48.022984 -1.511009
v -58.173264 48.058987 -2.522022
v -58.207367 47.885105 -1.344857
v -57.078636 47.840794 -2.537641
v -57.199158 47.606796 -1.115561
v -55.934395 47.477894 -2.551325
v -56.100555 47.193943 -0.935154
v -54.626442 46.991074 -2.565304
v -54.880219 46.640415 -0.800548
v -53.858078 46.695805 -2.573355
v -53.556824 46.012497 -0.801941
v -54.271652 48.758347 -2.608272
v -53.993187 44.441399 0.483178
v -53.241951 44.317818 0.253107
v -53.974770 48.480232 -0.964716
v -52.857819 46.586967 0.582912
v -52.736122 44.338566 0.861569
v -54.684708 50.747639 -1.150806
v -54.891548 50.695358 -2.636766
v -55.561890 52.397270 -2.659531
v -53.083328 48.828217 0.101245
v -55.348915 52.475922 -1.293612
v -53.616028 50.915607 -0.266906
v -54.172127 52.751122 -0.408847
v -55.905533 54.189217 -1.447327
v -56.135239 54.084503 -2.683711
v -52.133537 51.207893 -0.000469
v -56.240997 56.179741 -1.711667
v -56.503197 56.075233 -2.718019
v -56.682198 58.192513 -2.758455
v -54.678047 54.557320 -0.527686
v -52.587219 53.124016 -0.263762
v -56.500687 58.266739 -2.037731
v -56.613991 60.706345 -2.811479
v -55.090340 56.557808 -0.915669
v -53.092728 54.987801 -0.554041
v -56.580154 60.722733 -2.516240
v -56.592857 62.334930 -2.845408
v -56.250198 60.818634 -2.255916
v -55.662445 58.550682 -1.445862
v -55.837685 60.933777 -2.280640
v -55.580406 61.006424 -2.565691
v -55.528023 61.017860 -2.837862
v -54.081924 59.129829 -2.231912
v -53.960045 59.245186 -2.830212
v -54.688332 58.888580 -1.536094
v -53.789261 56.998436 -1.006927
v -52.886650 57.325432 -1.957191
v -52.761566 57.596359 -2.818217
v -51.825783 55.346062 -1.653861
v -51.098137 55.914841 -1.527552
v -51.048721 53.594437 -0.625216
v -50.640930 54.552155 -0.417294
v -50.309166 56.775856 -1.542241
v -49.868156 55.791138 -0.483705
v -48.707611 58.449287 -1.796677
v -48.258354 57.676292 -0.931534
v -47.217270 59.670624 -2.092699
v -46.789734 59.031258 -1.410744
v -45.776688 60.595444 -2.372776
v -44.642014 61.112938 -2.599173
v -45.467560 60.108429 -1.854082
v -43.548187 61.333672 -2.814362
v -44.460220 60.759720 -2.213773
v -43.464355 61.126747 -2.581953
v -44.249176 60.340965 -2.108129
v -43.357071 60.873978 -2.508894
v -43.254166 60.639801 -2.638284
v -44.080109 59.942482 -2.332813
v -45.125885 59.543716 -1.736298
v -44.872910 58.990562 -2.066053
v -46.300613 58.274040 -1.280855
v -45.917603 57.501923 -1.752765
v -47.643684 56.694878 -0.802358
v -47.089874 55.674400 -1.455281
v -49.152840 54.521233 -0.364378
v -48.424561 53.199928 -1.202303
v -49.975616 52.963966 -0.218759
v -49.190559 51.421608 -1.044401
v -50.488022 51.731762 -0.241540
v -49.939499 49.099213 -0.814793
v -51.679558 49.112911 0.267023
v -50.055664 46.920788 -0.646927
v -51.415413 46.865986 0.550389
v -50.074600 44.654736 -0.537986
v -51.295944 44.497349 0.706208
v -49.979256 42.352066 -0.537769
v -51.102417 42.164265 0.546699
v -49.540085 39.038189 -0.683180
v -50.283470 38.807144 0.042615
v -48.623764 36.311340 -0.643972
v -49.572289 36.079296 -0.005184
v -50.514168 35.823795 0.262680
v -47.862579 34.499691 -0.422357
v -50.210136 34.049576 0.432281
v -49.214561 34.323006 0.161671
v -48.878838 32.193459 1.315250
v -47.767059 32.691669 0.855930
v -46.720612 34.647179 -1.235277
v -46.475967 33.495201 0.018157
v -46.015427 32.111057 -0.011561
v -45.265335 34.423279 -0.798981
v -45.427902 35.091099 -1.580345
v -44.986679 33.533451 -0.833355
v -44.355881 35.493401 -1.832896
v -44.713226 32.653252 -1.492666
v -43.240387 35.831726 -2.238325
v -44.252716 35.146343 -1.443388
v -43.181396 35.651737 -2.105507
v -43.117676 35.445389 -2.132309
v -44.098633 34.583771 -1.477606
v -43.060013 35.257042 -2.297437
v -43.960693 34.044922 -1.895707
v -135.337311 10.460632 3.661120
v -134.794922 9.631124 4.201057
v -134.601776 9.613480 3.918455
v -134.000412 8.792442 4.843474
v -133.710693 8.766052 4.381681
v -133.216339 8.151083 5.396979
v -133.192734 9.294390 4.149622
v -132.834778 8.114851 4.731924
v -133.146652 7.470966 4.695807
v -134.766525 6.960499 3.778320
v -134.824249 7.447521 4.307436
v -132.033020 6.637627 4.517569
v -136.850143 6.264858 2.605613
v -136.837845 6.639523 3.195837
v -138.757858 5.835310 1.508628
v -134.648163 5.910599 3.469829
v -138.755081 5.542408 0.996533
v -140.757996 4.844166 0.053698
v -140.779816 5.121571 0.486355
v -138.743958 4.951674 0.796299
v -136.845139 5.526276 2.417742
v -142.500885 4.403046 -0.147005
v -142.504852 4.711216 0.243885
v -140.689301 4.274652 -0.262376
v -136.617065 4.829468 2.898476
v -144.337784 4.121483 -0.045338
v -144.341080 4.452131 0.296581
v -142.446701 3.803337 -0.492291
v -146.003998 4.034432 0.294824
v -146.011536 4.367222 0.588622
v -147.357758 4.344906 1.027274
v -144.301651 3.483985 -0.397260
v -145.977432 3.379525 -0.029327
v -147.348831 4.022743 0.763108
v -148.564056 3.997175 1.255967
v -148.572357 4.301279 1.520631
v -147.329086 3.378961 0.507674
v -150.532959 4.116268 1.734463
v -150.544006 4.379801 2.024837
v -148.549835 3.383188 1.034021
v -152.756775 4.576429 1.853821
v -152.771652 4.795971 2.146175
v -150.517807 3.567894 1.494123
v -154.219086 5.005768 1.663982
v -154.230011 5.232609 1.952421
v -152.739548 4.091257 1.584494
v -150.505478 3.000557 1.835228
v -155.578766 5.449207 1.408655
v -155.584198 5.710573 1.693823
v -154.205460 4.519352 1.391466
v -156.847504 5.839533 1.210503
v -156.855621 6.123262 1.486891
v -155.565567 4.931126 1.138660
v -156.826599 5.310810 0.944471
v -158.135376 6.079357 1.021974
v -158.152405 6.330032 1.272564
v -159.506210 6.317560 0.950329
v -158.098602 5.612366 0.772388
v -159.483459 6.119915 0.728258
v -160.960251 5.992481 0.498103
v -160.982620 6.136505 0.684219
v -162.598892 5.687832 0.484784
v -159.437531 5.743532 0.505935
v -162.585159 5.611233 0.371832
v -164.421600 5.059774 0.386047
v -160.919006 5.709900 0.314307
v -162.560623 5.456085 0.262711
v -162.537109 5.306337 0.376387
v -162.526962 5.239193 0.499496
v -160.855820 5.321434 0.700965
v -160.873871 5.439518 0.502163
v -159.385742 5.381062 0.718115
v -159.362198 5.226076 0.942907
v -158.056808 5.163025 0.991893
v -158.035141 4.975550 1.231342
v -156.801727 4.805042 1.184091
v -156.785400 4.595570 1.456238
v -155.549438 4.426941 1.403566
v -155.540131 4.202492 1.723500
v -154.187729 4.029299 1.675953
v -154.181961 3.790561 2.028815
v -152.721375 3.587862 1.886461
v -152.717392 3.336470 2.258016
v -150.501984 2.735948 2.212225
v -148.527451 2.484509 1.684479
v -148.534622 2.764408 1.352116
v -147.292969 2.466348 1.054172
v -147.305893 2.748938 0.761357
v -145.918823 2.488804 0.451136
v -145.943542 2.760840 0.179443
v -144.256409 2.895186 -0.166979
v -144.215088 2.645330 0.142431
v -142.388611 3.244601 -0.219670
v -142.330994 3.007217 0.160478
v -140.625412 3.728923 0.036562
v -140.578323 3.485220 0.483995
v -138.546661 4.114420 1.777603
v -138.591766 4.363045 1.153681
v -136.567001 4.545866 3.695547
v -134.548004 5.054165 4.041766
v -134.480133 4.695320 4.901327
v -131.671204 5.771515 5.151677
v -131.451508 5.197075 5.973343
v -129.847702 5.550261 5.995719
v -130.260590 6.136612 5.318722
v -128.460693 5.981833 5.843490
v -130.494095 6.999893 4.777357
v -128.843765 6.378939 5.175585
v -130.666626 8.335915 4.408001
v -128.956299 7.349329 4.723186
v -126.988724 6.380724 4.453931
v -132.111603 8.168394 4.419001
v -132.146133 8.818470 4.332701
v -130.611801 8.669823 4.466295
v -129.058060 8.523495 4.461583
v -130.605560 9.310711 5.022627
v -131.653793 9.475506 4.768959
v -132.730499 9.752047 4.565133
v -130.634186 9.835850 5.931681
v -132.053864 10.020695 5.531631
v -133.491394 10.453844 4.856979
v -128.685211 9.361874 5.210121
v -129.365799 9.787273 5.911162
v -128.397827 9.706989 5.752013
v -127.116119 10.170288 5.319408
v -126.741409 9.469103 4.012062
v -133.913971 10.261030 4.146267
v -134.850281 10.757893 3.706877
v -134.683426 10.873713 4.061749
v -126.981735 7.423094 4.106604
v -123.733215 7.711567 1.849976
v -126.434113 10.343475 4.346865
v -125.668228 10.309982 3.423914
v -126.926758 11.515118 4.568598
v -127.400146 11.425713 5.384613
v -126.260605 11.655273 3.863907
v -127.032127 12.684151 4.600304
v -127.294479 12.676006 5.307107
v -126.963020 14.015734 5.131840
v -126.475067 12.739456 4.076568
v -126.830818 14.020378 4.770193
v -126.325897 15.350883 4.797166
v -126.551208 14.046986 4.501886
v -125.964355 12.834732 4.085866
v -126.295319 14.094955 4.517277
v -126.168503 14.126781 4.750061
v -125.711731 12.898113 4.525080
v -124.580673 11.752914 3.775013
v -125.346077 11.714207 3.763495
v -123.084175 10.657495 2.449180
v -124.350975 10.603512 3.078749
v -123.374458 9.156136 2.127423
v -121.399979 9.696068 0.875422
v -121.585159 8.516819 0.496338
v -119.683525 8.710587 -0.149821
v -121.894432 7.416441 0.333797
v -119.865082 8.040291 -0.836547
v -117.979477 7.952707 -1.523542
v -120.189880 7.146639 -1.096869
v -122.298065 6.315063 1.426476
v -118.109177 7.424637 -2.189708
v -116.233849 7.104294 -2.409614
v -118.355156 6.584551 -2.407526
v -116.352539 6.617975 -3.066831
v -114.039597 5.144684 -3.429122
v -113.908066 5.550215 -2.774593
v -116.552284 5.726248 -3.305727
v -111.712021 3.359682 -3.303510
v -111.561569 3.693029 -2.666639
v -114.258049 4.362490 -3.643335
v -109.545189 0.817458 -2.473214
v -109.433311 1.243281 -1.813825
v -107.839958 -1.702608 -0.840281
v -111.963379 2.648331 -3.487432
v -114.454239 3.592637 -3.324749
v -112.191467 1.920948 -3.218074
v -109.903694 0.018023 -2.674654
v -107.924484 -2.126017 -1.288231
v -106.403770 -4.766413 -0.515302
v -108.313583 -3.002876 -1.605892
v -106.656296 -5.298321 -0.655430
v -104.939285 -7.176369 -1.347266
v -107.114204 -6.270868 -0.819075
v -105.548889 -8.293880 -1.339226
v -108.780434 -3.873035 -1.249983
v -107.511055 -7.165417 -0.450832
v -106.126106 -9.601036 -0.779837
v -110.320099 -0.771704 -2.379900
v -107.640526 -7.514460 0.223299
v -108.940041 -4.204065 -0.589441
v -106.752907 -10.786816 0.175650
v -110.566383 -1.094124 -1.752522
v -112.268562 1.581018 -2.605756
v -114.520554 3.271076 -2.707094
v -116.734299 4.860458 -2.948829
v -116.797913 4.514202 -2.334329
v -118.619049 5.633337 -1.994061
v -118.709595 5.265377 -1.348392
v -120.524078 6.068022 -0.619653
v -120.669556 5.588722 0.063592
v -122.601257 5.639614 2.192019
v -124.605179 5.922308 3.816818
v -124.192604 6.691357 2.916821
v -126.874336 5.744675 4.382156
v -126.897758 5.146147 5.279907
v -128.405533 4.545458 5.819674
v -128.393707 4.843779 5.372066
v -128.505280 5.163782 5.408508
v -128.933151 5.303871 5.936395
v -129.023285 4.392906 5.719856
v -129.029144 4.243065 5.947179
v -129.560989 3.816458 6.013494
v -129.080643 4.552925 5.734026
v -129.294128 4.622694 5.985209
v -34.149933 4.747799 -6.006965
v -37.894455 3.800123 -7.127312
v -34.228851 3.686303 -6.855884
v -34.195480 2.098247 -7.400013
v -39.565964 3.467021 -4.806484
v -37.703461 1.920057 -7.839672
v -40.530029 2.798200 -5.452558
v -40.678726 2.806713 -3.725045
v -40.261215 1.342710 -7.692057
v -37.583405 0.139915 -8.081196
v -34.014175 0.578062 -7.578405
v -34.010757 -0.780200 -6.985107
v -42.872696 1.954620 -1.853119
v -41.349686 2.654619 -1.895559
v -37.399170 -1.754515 -7.427519
v -37.173950 -2.628265 -6.815263
v -39.588211 -4.263655 -6.218896
v -43.063477 1.830338 -3.095457
v -39.774139 -2.947859 -7.537779
v -44.848236 1.456360 -3.335198
v -43.380478 1.266960 -5.551309
v -45.278625 1.000397 -5.549582
v -47.224823 1.468250 -5.648966
v -46.761322 -0.314364 -6.603184
v -48.808578 2.114115 -5.868311
v -48.445953 0.664634 -6.353898
v -50.000862 2.710062 -6.090435
v -49.688400 1.464165 -6.333739
v -48.554337 -1.110788 -6.784146
v -50.704231 2.216142 -6.398833
v -51.642349 3.121354 -6.602602
v -51.150543 3.461008 -6.420746
v -52.307556 4.391224 -6.891335
v -52.528030 4.214130 -6.952295
v -49.621742 -2.841652 -7.962391
v -48.000084 -2.327520 -8.087276
v -52.093620 -3.824844 -7.159727
v -45.957520 -1.549068 -8.023169
v -48.947273 -4.868824 -8.427109
v -43.423141 -0.248841 -7.783451
v -47.502922 -4.319206 -8.521294
v -42.835602 -2.179508 -8.506363
v -45.449249 -3.340176 -8.716850
v -40.266434 -0.883123 -8.354076
v -42.042435 -4.475906 -7.951647
v -44.896515 -4.984879 -8.869894
v -42.864395 -6.247025 -7.905361
v -46.671387 -6.168413 -8.184080
v -44.695618 -6.057043 -8.924021
v -43.179245 -7.874653 -8.319763
v -43.028717 -9.762209 -9.297626
v -44.326767 -7.776108 -9.331181
v -42.752670 -11.486675 -10.818886
v -43.814148 -9.685690 -10.122728
v -45.825836 -7.409552 -7.894657
v -43.097534 -11.475868 -11.188194
v -43.343231 -11.751518 -10.957993
v -44.370331 -10.335899 -9.558872
v -45.129395 -8.770931 -8.432549
v -48.483299 -6.469666 -7.908369
v -50.846016 -7.066496 -7.541174
v -51.473709 -5.513680 -7.880083
v -53.656448 -8.153534 -6.972282
v -55.037071 -5.570286 -6.637175
v -54.368004 -6.835186 -7.193804
v -57.202560 -7.108974 -6.210014
v -59.195702 -8.358772 -5.705207
v -56.597862 -8.224354 -6.896395
v -55.866692 -9.353788 -6.566612
v -57.488136 -10.625980 -6.200798
v -58.401375 -9.523472 -6.479019
v -61.129936 -9.518894 -5.125824
v -60.097214 -10.818403 -5.991722
v -58.973274 -11.932461 -5.800417
v -62.432480 -10.263126 -4.672471
v -59.897049 -12.847816 -5.502357
v -61.197205 -11.709990 -5.608360
v -63.789612 -10.315907 -4.038301
v -60.710251 -14.338808 -4.734104
v -61.758133 -13.659565 -4.623932
v -61.552345 -16.280115 -3.636869
v -62.598457 -11.193378 -4.545186
v -61.922668 -12.085272 -4.207043
v -61.892334 -17.604431 -2.783542
v -62.270454 -15.915594 -3.417768
v -62.005417 -18.783661 -1.943731
v -62.412987 -17.415234 -2.562619
v -62.309212 -18.714241 -1.788218
v -62.455452 -18.610004 -1.477718
v -62.446999 -18.514832 -1.070606
v -62.651855 -17.294655 -1.893349
v -62.627632 -17.170578 -1.095065
v -62.613525 -15.747967 -2.411371
v -62.552368 -15.632988 -1.128125
v -62.225647 -13.420471 -3.439455
v -62.858620 -11.717466 -3.653860
v -63.900124 -10.857872 -3.993565
v -64.097542 -11.222393 -3.359879
v -65.224220 -10.461899 -3.734813
v -65.353233 -10.653471 -3.406103
v -66.102013 -10.033314 -3.474127
v -65.145576 -10.200678 -3.755189
v -66.075928 -10.083664 -3.780869
v -66.141495 -10.185793 -3.614630
v -66.641190 -9.720127 -3.741068
v -66.028664 -9.955814 -3.786388
v -65.994499 -9.883574 -3.708811
v -66.664337 -9.797176 -3.807859
v -67.113358 -9.384342 -4.003145
v -66.622925 -9.752960 -3.890822
v -66.593346 -9.691841 -3.895735
v -66.574905 -9.655663 -3.857918
v -37.719086 4.011944 3.154479
v -39.470108 3.569427 0.912495
v -40.421463 2.944224 1.620626
v -40.611588 2.869597 -0.099423
v -37.508774 2.162977 3.936619
v -40.056808 1.581882 3.906633
v -37.377975 0.394074 4.246607
v -43.017670 1.881565 -0.600367
v -43.242966 1.420268 1.886560
v -44.791916 1.519331 -0.280081
v -45.140106 1.155327 1.965324
v -43.202469 -0.002185 4.179243
v -47.081741 1.628374 2.116898
v -46.582153 -0.113943 3.126257
v -48.275696 0.855319 2.899060
v -48.656662 2.283825 2.367787
v -49.840858 2.889377 2.608989
v -49.518631 1.654199 2.891787
v -48.366776 -0.900793 3.405859
v -50.531708 2.409007 2.963116
v -51.462372 3.322721 3.163826
v -50.977882 3.654042 2.949975
v -52.117599 4.604036 3.424314
v -52.335388 4.429668 3.500600
v -49.388962 -2.580711 4.692898
v -47.764053 -2.063179 4.736716
v -51.887428 -3.590275 4.022969
v -45.725708 -1.289597 4.565415
v -54.847000 -5.357433 3.681409
v -51.240738 -5.248016 4.788985
v -48.696136 -4.587545 5.215420
v -47.249802 -4.035709 5.233924
v -50.624397 -6.818441 4.491468
v -48.250343 -6.208672 4.746534
v -45.190781 -3.050976 5.313224
v -46.429672 -5.897856 4.942787
v -53.453072 -7.925865 4.071690
v -55.675949 -9.140213 3.797410
v -54.156898 -6.594877 4.264723
v -56.395157 -7.997437 4.107101
v -57.308678 -10.424900 3.544234
v -57.025627 -6.910877 3.397959
v -59.034805 -8.178919 3.018831
v -58.211884 -9.311451 3.810114
v -60.988281 -9.360584 2.559282
v -62.306152 -10.121693 2.185159
v -59.923622 -10.623821 3.439354
v -58.806511 -11.745872 3.252876
v -59.739891 -12.672140 3.026957
v -61.036285 -11.529831 3.133753
v -60.579681 -14.192642 2.351257
v -61.631493 -13.517818 2.251632
v -61.460258 -16.177046 1.366689
v -61.812492 -11.961954 1.776733
v -61.830399 -17.535099 0.581805
v -62.185982 -15.821325 1.159121
v -61.973480 -18.747906 -0.203939
v -62.282745 -18.684616 -0.350921
v -62.358665 -17.354736 0.372546
v -62.440125 -18.593086 -0.659828
v -62.622246 -17.261703 -0.291903
v -62.565987 -15.694971 0.160006
v -62.142517 -13.327274 1.076568
v -62.768425 -11.616581 1.243713
v -62.476074 -11.056328 2.102478
v -64.017639 -11.133057 0.975114
v -65.186928 -10.327988 0.741392
v -63.797424 -10.742744 1.585765
v -63.685852 -10.199665 1.603981
v -63.784782 -9.957325 1.018636
v -65.130157 -10.356880 1.359805
v -65.271286 -10.561779 1.044128
v -66.017578 -9.938770 1.114036
v -65.051315 -10.095135 1.366455
v -65.069229 -9.958488 1.131836
v -66.051895 -10.085186 1.262137
v -66.546661 -9.614269 1.387366
v -65.980057 -9.976370 1.421418
v -66.567360 -9.688576 1.458101
v -67.009140 -9.267803 1.652786
v -65.932693 -9.848562 1.419971
v -66.522888 -9.641129 1.537840
v -65.901619 -9.779398 1.338335
v -66.493149 -9.579916 1.539101
v -66.476227 -9.545181 1.499158
v -49.994667 11.648880 -1.576996
v -40.171631 5.967579 -2.208570
v -40.318527 6.450703 -2.812719
v -44.926727 8.032097 -3.096755
v -44.758392 7.481588 -2.499406
v -49.135452 8.979206 -3.350186
v -39.839035 4.763239 -1.904346
v -48.944092 8.465452 -2.754137
v -53.141243 8.929832 -3.603740
v -44.442825 6.220673 -2.199006
v -39.580154 3.684216 -1.994547
v -48.648872 7.296211 -2.449761
v -52.936279 8.471027 -2.997628
v -56.674973 7.876198 -3.885054
v -44.201233 5.125538 -2.312558
v -39.482864 3.064491 -2.480552
v -44.131683 4.509655 -2.793783
v -48.445625 6.241407 -2.578824
v -48.415489 5.636087 -3.055856
v -52.675041 7.467892 -2.677402
v -52.529228 6.471161 -2.811728
v -52.547104 5.870441 -3.291259
v -56.186363 4.941957 -3.544956
v -56.458817 7.452871 -3.252861
v -60.074066 6.050131 -4.176281
v -56.223755 6.524879 -2.908969
v -56.124077 5.548336 -3.042332
v -59.855080 5.662104 -3.509034
v -59.591751 3.787318 -3.256684
v -59.703079 3.136214 -3.787743
v -59.648872 4.757771 -3.133108
v -63.017853 1.525365 -3.572009
v -63.204994 0.819513 -4.164839
v -63.031158 2.531158 -3.447746
v -63.224022 3.402050 -3.849039
v -63.466316 3.776079 -4.556763
v -66.885788 1.529670 -4.998890
v -66.602417 1.141460 -4.253546
v -70.350990 -0.149506 -5.465288
v -66.398293 0.252439 -3.842657
v -66.420265 -0.759156 -3.986917
v -66.667236 -1.465029 -4.672606
v -70.114784 -3.300451 -5.292644
v -69.765953 -1.594484 -4.294810
v -69.801788 -2.588888 -4.482187
v -73.805496 -5.073105 -5.896217
v -70.004135 -0.611465 -4.691691
v -74.140259 -1.335917 -5.828665
v -73.393318 -3.145329 -4.678268
v -73.392593 -4.255100 -4.952592
v -73.696846 -1.942419 -5.034423
v -78.009102 -1.948399 -5.842346
v -77.085503 -5.987011 -5.098425
v -77.492195 -6.883436 -6.064488
v -77.078629 -4.337185 -4.657160
v -80.962105 -8.742641 -5.525607
v -77.452988 -2.782316 -4.989815
v -81.673622 -1.942509 -5.361403
v -80.282921 -4.994810 -4.100388
v -80.765457 -3.117262 -4.421477
v -80.184525 -6.944019 -4.500766
v -82.370903 -4.764755 -3.557010
v -82.258995 -1.720268 -4.607338
v -81.327484 -8.162674 -4.249109
v -81.338142 -1.210129 -5.541496
v -81.962456 -0.972353 -4.719381
v -83.056602 -1.679739 -4.474104
v -82.640465 -2.809929 -3.933819
v -84.975128 -4.560465 -2.318954
v -81.026367 -0.113689 -4.868860
v -79.769455 1.849422 -5.556876
v -80.358704 0.740235 -5.058102
v -81.803619 0.199467 -5.023473
v -80.749283 1.053719 -5.268304
v -81.245758 0.987559 -5.724291
v -82.853325 0.078893 -5.626156
v -84.371246 -0.673993 -5.160524
v -82.972443 -0.616778 -4.754983
v -85.916344 -1.258448 -3.585257
v -85.441963 -2.450043 -2.559140
v -87.430618 -1.277779 -2.094621
v -87.038658 -1.981758 -1.236146
v -88.808632 -0.732816 -0.608230
v -88.413368 -1.355772 0.313188
v -89.685104 -0.658697 1.900382
v -90.041847 0.012127 0.908002
v -91.187775 0.747187 2.385008
v -88.302086 -2.893841 0.822845
v -86.804543 -3.714520 -0.869023
v -87.543030 -5.478251 -0.628345
v -90.977112 0.073256 3.362686
v -92.366364 1.528879 3.685196
v -89.713188 -2.056318 2.519468
v -91.169502 -1.193668 3.979015
v -92.345230 0.883478 4.587181
v -89.004562 -4.563923 1.079936
v -93.746628 1.829256 5.501101
v -93.606262 2.426457 4.694094
v -92.713074 -0.270277 5.123678
v -94.213737 0.762678 5.926034
v -95.407791 3.069918 6.048584
v -95.195549 3.620651 5.326382
v -95.938034 2.101332 6.367138
v -97.028336 4.482876 6.167070
v -96.788307 4.977482 5.483828
v -97.589417 3.607225 6.409931
v -98.388565 5.938805 5.976706
v -98.115410 6.365383 5.287498
v -98.988533 5.160168 6.176516
v -99.688049 7.635185 5.513774
v -99.336678 7.983221 4.822677
v -99.765587 4.314106 5.627909
v -100.756439 9.403301 4.809757
v -100.328201 9.678307 4.131221
v -100.338562 6.973608 5.604530
v -101.423515 8.853830 4.759776
v -101.076385 6.256939 4.952972
v -101.813065 11.697231 3.651543
v -101.297104 11.830002 3.051417
v -102.471207 11.373386 3.397459
v -102.075714 8.277328 4.005877
v -102.674454 14.619198 1.860838
v -102.195618 14.507343 1.297542
v -102.923416 18.046209 -0.518147
v -103.419708 14.893225 1.679446
v -103.167313 18.056095 -0.054209
v -103.089066 25.075653 2.802916
v -102.923241 25.093784 2.019658
v -103.286926 27.258682 2.245544
v -103.685867 18.050360 0.970501
v -103.375008 27.224903 2.661056
v -104.038025 29.025158 2.594318
v -103.584114 27.074577 3.084848
v -104.719116 26.112682 3.282502
v -104.483826 28.658806 3.518605
v -104.052773 23.378387 2.446569
v -104.927826 29.992363 2.946178
v -104.720284 30.144173 2.406414
v -105.160667 31.172707 1.959439
v -105.208443 28.339027 4.051888
v -105.589325 29.948059 3.479603
v -105.770294 30.989380 2.480632
v -106.268784 33.158203 -0.492174
v -106.394020 31.097530 2.265739
v -106.925865 31.222775 1.765196
v -107.108353 30.241737 2.430147
v -106.436348 30.131115 3.073933
v -106.270401 28.604919 3.601746
v -107.025673 28.740364 2.799856
v -105.962059 27.425472 3.774242
v -106.691353 26.616745 2.685468
v -105.092987 25.741524 3.156698
v -105.591736 25.225761 2.578156
v -105.977058 24.803726 2.328474
v -104.794456 22.087177 1.847099
v -106.998367 25.869858 3.591034
v -108.334259 27.897335 2.988611
v -106.324051 24.302460 2.556609
v -105.463074 21.151245 1.190613
v -108.741531 27.451332 3.598930
v -110.347328 28.545792 3.066362
v -108.938644 27.188408 3.498809
v -109.887451 26.072723 3.036594
v -107.640770 25.061226 3.238738
v -109.028748 23.793251 2.172157
v -106.941307 23.590420 1.965461
v -108.200638 22.354935 1.145546
v -106.306381 20.492691 0.117266
v -105.237923 18.168640 0.939268
v -105.397942 16.276897 1.137517
v -104.514366 18.043985 1.029701
v -104.046463 14.206978 1.248910
v -105.062180 14.281139 0.438951
v -102.884941 9.696362 2.345589
v -102.969772 10.915764 2.607567
v -101.982285 7.588951 3.366147
v -101.014854 5.719006 4.118796
v -99.836723 3.892673 4.588691
v -98.471474 2.198456 4.687998
v -98.335640 2.661040 5.911825
v -96.591469 1.072675 5.947691
v -96.679222 0.424028 4.521146
v -94.707169 -1.369167 4.222132
v -94.772095 -0.377984 5.587450
v -93.630547 -2.282967 3.870232
v -93.344124 -1.498642 4.903167
v -91.857895 -2.585562 3.975144
v -92.332733 -3.490459 3.254013
v -90.418907 -3.613617 2.694667
v -91.076385 -4.744608 2.266136
v -89.774452 -5.982035 0.892881
v -88.441956 -7.143147 -0.709364
v -85.848839 -6.518944 -2.170188
v -87.062263 -8.331356 -2.447393
v -82.293831 -6.786684 -3.662603
v -82.604256 -8.201702 -4.035094
v -80.931213 -9.110664 -4.465916
v -83.643471 -9.168436 -4.148882
v -84.524742 -9.636320 -4.627914
v -83.389244 -10.355408 -5.094700
v -81.309837 -9.769547 -4.143814
v -82.374687 -10.180847 -4.406598
v -81.283234 -11.396177 -4.410627
v -82.558304 -11.139008 -5.160951
v -80.090546 -11.347706 -4.166481
v -79.820763 -10.708166 -4.424471
v -80.014702 -10.114426 -5.068935
v -79.653976 -12.775135 -4.837805
v -79.514534 -12.456161 -4.966600
v -79.669128 -12.160835 -5.335037
v -79.303360 -15.097031 -5.227503
v -80.319427 -12.803200 -5.028165
v -80.964333 -12.673147 -5.471057
v -105.104187 15.785816 -1.377987
v -106.377342 11.241085 -0.593261
v -106.485397 12.214893 -1.136181
v -107.292152 9.671528 -0.188857
v -105.277885 16.554319 -1.329794
v -107.334145 10.372110 -0.755018
v -108.205566 8.203800 0.445073
v -106.833664 13.931255 -0.945123
v -105.822037 17.378769 -0.942640
v -107.754364 11.856791 -0.583439
v -108.235168 8.722887 -0.120585
v -109.201820 6.775133 1.350349
v -106.979721 14.617279 -0.619837
v -107.155975 14.661533 -0.148388
v -107.877426 12.500565 -0.174134
v -107.948494 12.557735 0.410796
v -108.769913 10.550140 0.492958
v -108.826073 10.678513 1.193097
v -108.567978 9.865959 -0.042998
v -109.233574 7.176208 0.793273
v -110.440559 5.342289 2.475908
v -109.484818 8.066772 0.787925
v -109.742722 8.772251 1.407052
v -109.806900 8.969879 2.170054
v -111.024933 7.369743 3.225145
v -110.463890 5.678514 1.919401
v -112.099739 3.955215 3.528968
v -110.713577 6.434471 1.863975
v -110.962082 7.123587 2.481773
v -112.665833 5.944107 4.089596
v -112.605530 5.662888 3.421768
v -112.368622 4.970980 2.854601
v -114.600830 4.519424 3.798554
v -114.645432 4.834084 4.394754
v -112.114250 4.280558 2.966385
v -116.819649 3.641277 3.333935
v -116.850914 4.020369 3.911954
v -114.091141 3.096717 3.455762
v -114.111221 2.730890 4.054451
v -114.368240 3.789675 3.291857
v -116.575478 2.798938 2.874022
v -119.003258 2.941682 1.882337
v -119.064018 3.425117 2.534328
v -116.281693 2.041574 3.096642
v -116.399124 1.576098 3.773371
v -118.526268 0.422783 2.457496
v -118.715729 1.920746 1.459085
v -118.383766 1.092792 1.740420
v -119.740799 -0.860061 0.097107
v -121.100578 2.178553 -0.332646
v -121.238052 2.750601 0.485714
v -123.433960 2.029961 -0.813879
v -120.363205 0.034091 -0.517882
v -120.724243 0.993166 -0.680960
v -123.053497 1.517555 -1.704673
v -125.278564 1.055487 -2.671426
v -124.930824 1.779137 -1.395068
v -126.074905 1.622911 -1.973020
v -122.711647 0.218549 -2.257347
v -124.499641 -0.317600 -3.044219
v -122.272560 -0.861001 -2.060235
v -124.190903 -1.568428 -2.879080
v -126.101639 -0.590591 -4.061604
v -120.355927 -0.908756 -0.905837
v -124.045525 -2.325430 -2.476120
v -121.973038 -1.598219 -1.892210
v -120.065033 -1.342363 -0.835041
v -125.834015 -2.004604 -3.873699
v -122.759338 -2.623907 -1.740218
v -125.732483 -2.684204 -3.525008
v -120.988777 -2.030476 -1.503008
v -121.365662 -2.857533 -1.115402
v -120.175674 -2.444092 -0.975199
v -120.067444 -3.186174 -0.187551
v -119.547379 -1.986647 -0.526685
v -119.317627 -1.657650 0.216559
v -119.468208 -2.999096 -0.243221
v -119.141281 -3.593546 0.633224
v -119.145821 -2.773836 -0.014739
v -119.015747 -2.588127 0.536639
v -127.377266 -2.358450 -4.422217
v -127.353508 -2.950953 -4.170340
v -127.610535 -0.798621 -4.639785
v -129.142563 -2.453999 -4.911544
v -129.175934 -2.996092 -4.243216
v -126.585068 0.625968 -3.706593
v -130.909119 -2.357359 -5.011677
v -130.369324 -2.775993 -4.059392
v -126.456787 1.397992 -2.596130
v -126.645401 2.079413 -2.500205
v -126.413879 2.149799 -2.162804
v -125.881714 3.185684 -2.210960
v -127.049332 1.154596 -3.236573
v -126.916023 1.980628 -2.964311
v -127.150902 2.005402 -2.678235
v -127.650955 2.025179 -2.659646
v -128.439178 1.250243 -2.859198
v -127.512344 1.194911 -2.960125
v -127.760880 0.690730 -3.800195
v -128.993195 1.008292 -2.830452
v -129.820648 0.812220 -3.007439
v -129.050079 -1.067663 -4.891024
v -129.238525 0.430634 -3.846496
v -130.661667 -1.119549 -4.529867
v -130.611038 0.351912 -3.811983
v -130.679001 0.769041 -2.972293
v -132.030411 0.911629 -2.900351
v -132.000580 0.561814 -3.681971
v -133.506790 1.357663 -2.524092
v -132.102875 -0.732082 -4.314610
v -133.505676 1.042895 -3.246067
v -134.899750 1.723938 -2.498821
v -134.883667 2.022517 -1.856122
v -133.472580 0.066977 -3.825109
v -132.156494 -1.687519 -4.949688
v -133.584778 -0.739984 -4.174742
v -134.915359 1.086266 -2.981748
v -136.197662 2.392242 -1.554415
v -136.183548 2.673264 -0.937106
v -137.643158 3.332015 -0.028825
v -136.211197 1.834532 -1.963616
v -137.675751 3.066627 -0.638544
v -139.141235 3.920145 0.625154
v -134.965073 0.394359 -2.787695
v -137.694702 2.493440 -0.942883
v -134.227264 -1.826546 -3.275577
v -137.707001 1.976782 -0.546227
v -133.137085 -2.457968 -4.388453
v -139.204926 3.037508 -0.215224
v -139.174225 3.648945 0.013535
v -140.773346 4.212963 0.644254
v -140.756485 4.487162 1.201201
v -140.794830 3.633824 0.405455
v -142.557327 4.819183 1.023726
v -142.551193 5.126869 1.511541
v -144.451187 5.628586 1.424965
v -142.579422 4.223650 0.754542
v -144.458466 5.303547 1.016818
v -146.263992 5.821758 1.027038
v -144.491501 4.697586 0.727324
v -146.273224 5.490917 0.676779
v -147.607819 5.538960 0.451117
v -147.603790 5.850199 0.765379
v -146.305511 4.934124 0.405366
v -148.679092 5.552982 0.280017
v -148.677872 5.796146 0.559715
v -150.620865 5.394453 0.739602
v -147.624588 5.038696 0.202799
v -150.627350 5.172430 0.451177
v -152.755951 4.869204 0.898708
v -148.685654 5.093082 0.036451
v -147.640625 4.537098 0.477265
v -152.765549 4.621784 0.599995
v -150.633392 4.723383 0.198315
v -148.695572 4.627605 0.293039
v -154.230515 4.266567 0.838108
v -154.217148 4.516947 1.133209
v -152.780106 4.139162 0.347198
v -155.676239 3.875758 1.290258
v -155.658829 4.110348 1.565754
v -154.251678 3.753989 0.570470
v -155.712570 3.352671 1.005314
v -157.165451 3.476227 1.679691
v -157.146301 3.685403 1.934381
v -157.216003 2.977523 1.389594
v -158.731155 3.198442 1.951670
v -158.708328 3.382493 2.199415
v -160.338455 3.259635 2.284416
v -158.789627 2.758039 1.676682
v -160.363113 3.096035 2.022742
v -161.987671 3.326324 2.248863
v -160.425491 2.727678 1.754326
v -162.012070 3.191733 2.004446
v -164.308640 3.660889 2.066758
v -164.320419 3.593908 1.944016
v -166.626617 4.380716 1.875441
v -162.070526 2.910631 1.766933
v -164.349274 3.453324 1.825169
v -164.380081 3.317121 1.925610
v -164.396057 3.252651 2.030062
v -162.163376 2.509330 2.175560
v -162.130829 2.636945 1.966870
v -160.489807 2.360806 1.964456
v -160.525726 2.177378 2.187260
v -158.850494 2.306086 1.851794
v -158.884583 2.067823 2.048873
v -157.270416 2.456600 1.531597
v -157.300003 2.182173 1.711505
v -155.762085 2.546041 1.384824
v -155.745193 2.816771 1.180637
v -154.262955 3.247893 0.804413
v -154.266861 3.012432 1.054310
v -152.782898 3.466761 0.878955
v -152.783478 3.672442 0.606565
v -150.630310 4.277142 0.457374
v -150.624344 4.058637 0.727680
v -148.700729 4.369717 0.568850
v -147.648972 4.257629 0.775878
v -146.328720 4.366539 0.705706
v -146.339249 4.073452 1.038675
v -144.516525 4.101406 1.066811
v -144.531616 3.805894 1.473675
v -142.606079 3.346182 1.694321
v -142.596344 3.632557 1.163424
v -140.801483 2.808842 1.483677
v -140.805511 3.066827 0.863918
v -139.191452 2.292626 0.760848
v -139.229568 2.510794 0.218054
v -137.653961 1.836565 -0.085896
v -136.254211 1.289690 -1.610126
v -136.224960 1.172092 -1.203643
v -135.002197 0.155550 -2.404825
v -134.486115 -1.481697 -2.679267
v -133.095978 -4.106445 -3.367001
v -133.075394 -3.988209 -3.537622
v -132.499802 -5.866467 -3.620338
v -132.508972 -5.929253 -3.537968
v -131.735870 -7.847691 -3.663195
v -132.186279 -6.003851 -3.885275
v -132.385757 -4.249714 -4.117298
v -131.742920 -6.296757 -4.015029
v -131.463211 -6.429300 -4.005552
v -131.332092 -6.525976 -3.776389
v -131.850235 -3.015394 -4.858905
v -130.870682 -5.096415 -4.328484
v -130.604797 -5.283833 -3.855505
v -131.425461 -4.826057 -4.374446
v -130.837662 -3.586264 -4.689598
v -130.265244 -3.727896 -3.930282
v 64.340225 3.784945 -3.426940
v 64.303421 3.886113 -3.866004
v 62.811584 4.048926 -3.036935
v 62.855698 4.149054 -3.844806
v 61.650452 4.231541 -3.824327
v 61.429184 4.150993 -2.818521
v 61.143051 4.234200 -3.815015
v 64.452530 3.485250 -3.164139
v 63.012238 3.393099 -2.599959
v 64.503281 2.990839 -3.426288
v 65.301895 3.183256 -3.616319
v 65.287323 2.959454 -3.865024
v 64.482834 2.643360 -3.843751
v 63.122986 2.735305 -3.159750
v 63.200836 2.323304 -3.813576
v 61.737701 2.500505 -2.979057
v 61.674210 3.290685 -2.255317
v 61.012177 2.374888 -2.777455
v 60.368973 4.186245 -2.680591
v 60.713760 3.208630 -2.102335
v 58.945786 3.033629 -1.791737
v 61.318649 4.906973 -3.131199
v 61.739929 4.777546 -3.837227
v 62.240860 5.244585 -3.856073
v 58.992599 3.979304 -2.334085
v 61.953293 5.398096 -3.302493
v 62.730179 5.872005 -3.878021
v 59.931671 4.827713 -2.644804
v 60.692581 5.333519 -2.821819
v 62.552582 5.996279 -3.478668
v 63.109314 6.772369 -3.674176
v 63.165710 6.663292 -3.902431
v 63.715561 8.018888 -3.940416
v 62.136765 6.456867 -3.277514
v 62.877335 7.103439 -3.576797
v 62.746048 7.274609 -3.706015
v 62.685486 7.343233 -3.907507
v 61.441681 5.918270 -3.034395
v 61.932724 6.733791 -3.511989
v 61.820221 6.842482 -3.881255
v 61.183792 6.289761 -3.356655
v 61.032715 6.436005 -3.858339
v 60.354019 5.822409 -3.222999
v 60.125763 6.003395 -3.832839
v 59.226776 5.602526 -3.807971
v 59.531937 5.430557 -3.122191
v 58.148697 5.138451 -3.778576
v 58.565979 5.011377 -3.025468
v 57.062363 4.434708 -3.009054
v 56.849747 4.701927 -3.745577
v 54.516220 4.368080 -3.695797
v 57.223831 3.752151 -2.302921
v 54.508560 3.582930 -2.286504
v 51.521179 4.154442 -3.636181
v 57.203995 3.039107 -1.730043
v 57.189499 2.005553 -1.309622
v 54.539032 2.154391 -1.266481
v 54.568069 1.004066 -1.005131
v 51.510422 3.525613 -2.301382
v 51.523834 2.320845 -1.354404
v 51.563370 1.092354 -1.104900
v 49.137634 2.483208 -1.420877
v 49.117691 1.213707 -1.187043
v 49.128708 3.573134 -2.240950
v 49.131012 4.167475 -3.592396
v 46.623459 4.213013 -3.547205
v 46.626343 2.631533 -1.395378
v 46.628021 3.642326 -2.166573
v 44.402893 1.468178 -1.106318
v 44.428268 2.707454 -1.297126
v 44.440948 3.670919 -2.087156
v 44.429825 4.231876 -3.507233
v 42.491943 4.130203 -3.469445
v 42.504181 2.678665 -1.338699
v 42.506485 3.607665 -2.107624
v 40.545013 4.137798 -3.433804
v 40.555161 2.678919 -1.346130
v 40.561920 3.622128 -2.112155
v 37.347809 2.924081 -1.046772
v 37.349823 4.030519 -1.923629
v 37.334579 4.680506 -3.385853
v 34.541489 2.989779 -0.880945
v 34.540283 4.135071 -1.804832
v 34.531906 4.822298 -3.337178
v 32.059311 3.898324 -1.861794
v 32.048615 4.502598 -3.284886
v 32.053009 2.843616 -1.003529
v 29.860764 3.671999 -1.910244
v 29.847153 4.193291 -3.237879
v 27.424866 4.392469 -3.197373
v 29.850586 2.708253 -1.119586
v 27.440414 3.831085 -1.826450
v 29.817535 1.530788 -0.836832
v 27.431763 2.820422 -1.004519
v 25.005768 3.071056 -0.717003
v 25.015015 4.195414 -1.644190
v 24.969254 1.707330 -0.336151
v 22.337402 3.033216 -0.703578
v 22.314621 1.696089 -0.356798
v 19.627686 2.880292 -0.828760
v 19.623505 1.626561 -0.548412
v -102.141983 8.177872 2.587328
v -101.122765 6.157700 3.536711
v -101.189186 8.414570 2.625091
v -102.156441 10.652102 1.411316
v -99.787643 4.216745 4.160165
v -103.191467 13.629795 -0.361765
v -98.286713 2.582964 4.328230
v -98.933044 4.973928 4.013875
v -96.465797 1.075678 4.095922
v -97.586662 3.487188 4.195088
v -96.003128 2.021003 3.948292
v -94.674400 -0.548624 3.449341
v -97.075600 4.628048 4.690432
v -93.684601 -1.998880 3.068517
v -94.435394 0.546467 3.163445
v -92.556114 -3.013317 2.050102
v -93.577400 -1.331429 2.428183
v -91.434631 -4.084141 0.804865
v -92.425011 -2.145901 1.155340
v -90.209175 -5.205471 -0.733377
v -91.333054 -3.048512 -0.354839
v -88.846092 -6.278616 -2.389893
v -90.147217 -4.054146 -2.104534
v -88.744141 -5.038677 -3.852743
v -87.230911 -7.284851 -4.037259
v -84.797394 -9.260752 -5.709199
v -87.028244 -5.852819 -5.315770
v -83.656448 -10.061642 -6.246660
v -84.484077 -8.002186 -6.480337
v -84.278923 -6.568291 -6.599331
v -86.878632 -4.202307 -5.400959
v -88.548470 -3.427284 -3.991745
v -89.917908 -2.508169 -2.298574
v -87.982864 -1.729952 -3.163300
v -91.090446 -1.587576 -0.545098
v -89.347595 -1.044956 -1.622244
v -92.204422 -0.749136 1.047956
v -90.607132 -0.371120 -0.055747
v -93.389198 0.019341 2.377024
v -91.761497 0.306824 1.452723
v -92.909393 1.063670 2.781327
v -94.055420 1.970829 3.787303
v -95.558105 3.221062 4.476616
v -98.361588 6.032948 4.516592
v -100.181496 6.664661 3.456112
v -99.569862 7.607254 3.943661
v -100.563744 9.225826 3.103867
v -101.545372 11.297375 1.906698
v -102.433304 13.970840 0.363692
v -103.177299 17.886578 -1.206889
v -103.781136 17.186012 -1.784175
v -103.331085 24.531902 0.528602
v -104.493790 16.249573 -1.699719
v -105.615662 20.777351 -1.195987
v -105.061935 21.598450 -1.563131
v -106.988129 23.473518 0.232015
v -107.822021 25.035080 1.186783
v -106.413757 24.190636 0.239841
v -104.284927 22.914497 -1.108625
v -105.654266 25.114944 1.099550
v -107.298683 25.826374 1.583647
v -108.944824 27.145996 2.377054
v -108.652023 27.528931 2.366821
v -106.275475 27.281342 1.908649
v -106.553177 28.714176 1.786501
v -105.591194 28.406105 1.104269
v -105.065872 25.777321 -0.029258
v -104.173820 26.559624 0.567265
v -103.749329 26.927429 0.999416
v -103.526245 27.087708 1.462542
v -104.549530 28.762672 1.629983
v -104.830215 30.129395 2.213332
v -105.186989 29.969505 1.559498
v -105.357422 31.185623 1.576693
v -105.583939 31.077408 1.187955
v -105.956657 29.709770 1.253920
v -106.100418 30.902222 1.050103
v -106.562408 31.020134 1.348912
v -106.662704 29.920822 1.733486
v -48.435951 -8.764988 -1.529567
v -48.044983 -9.035309 -2.991543
v -50.222664 -11.044262 -1.449693
v -47.157928 -9.522331 -4.081275
v -49.769997 -11.379906 -3.109509
v -51.234161 -13.440956 -1.381599
v -48.870132 -11.889864 -4.229874
v -45.786957 -10.303173 -4.719496
v -47.313339 -12.593706 -4.848797
v -50.977997 -13.995312 -3.249467
v -52.210205 -16.281670 -1.305022
v -50.186501 -14.363266 -4.461541
v -52.040276 -16.926506 -3.520011
v -53.380959 -17.624748 -1.255764
v -48.314270 -15.014624 -5.194360
v -53.339851 -18.108128 -2.888887
v -54.568962 -18.856068 -1.208499
v -54.580551 -19.112309 -2.100503
v -55.777489 -20.041958 -1.161852
v -53.610001 -19.321903 -3.237221
v -54.697777 -19.683220 -2.212986
v -54.720840 -20.051231 -1.912190
v -54.884720 -20.112747 -1.176767
v -53.696541 -20.184933 -2.739711
v -54.017807 -20.254745 -1.189875
v -52.447205 -18.873856 -4.313555
v -52.708054 -20.475208 -3.712843
v -53.097290 -20.506439 -1.201666
v -51.594902 -18.738640 -5.047400
v -52.824898 -23.285961 -3.179417
v -53.064873 -23.093697 -1.148974
v -52.649246 -25.903301 -1.098679
v -51.878983 -20.401482 -5.069112
v -52.077583 -23.266491 -4.695252
v -52.504501 -25.989128 -2.766211
v -52.174011 -28.864594 -1.046357
v -51.772362 -26.085159 -4.144814
v -51.992981 -28.976177 -2.430328
v -52.833412 -30.737370 -0.995618
v -51.362854 -29.070599 -3.634846
v -52.593727 -30.950912 -2.475229
v -54.369980 -33.094913 -0.918689
v -51.829674 -31.275654 -3.786192
v -54.057617 -33.443439 -2.597383
v -55.878235 -35.100685 -0.849474
v -55.564911 -35.523312 -2.603951
v -57.129166 -37.184361 -0.783524
v -52.885345 -34.187687 -4.145634
v -56.888054 -37.520878 -2.354732
v -54.155670 -36.604202 -4.060362
v -57.564194 -38.759342 -2.019490
v -57.714828 -38.463406 -0.746460
v -58.408585 -39.626030 -0.709676
v -50.729790 -31.447338 -4.211154
v -58.336075 -39.876438 -1.698733
v -51.702980 -34.660015 -4.163859
v -56.627556 -39.878960 -3.097664
v -59.245552 -40.756603 -1.427216
v -59.266907 -40.556786 -0.674660
v -57.869133 -40.670193 -2.476713
v -55.460815 -38.648022 -3.595402
v -60.330116 -41.303391 -1.179241
v -60.322487 -41.161831 -0.642769
v -59.027046 -41.394363 -2.004807
v -61.515228 -41.545799 -0.917463
v -61.490013 -41.467827 -0.614942
v -62.827141 -41.501675 -0.589655
v -60.269913 -41.771328 -1.581808
v -61.557587 -41.810173 -1.130225
v -61.558189 -42.080719 -0.930048
v -61.535049 -42.151470 -0.600014
v -60.134758 -42.264874 -1.246042
v -60.067261 -42.405910 -0.621754
v -58.694855 -42.074131 -1.550774
v -58.561913 -42.291553 -0.651926
v -57.242035 -41.559532 -1.905315
v -57.026596 -41.871143 -0.688832
v -55.757561 -40.960308 -2.416996
v -55.532990 -41.299881 -0.728149
v -54.053955 -40.569046 -0.770473
v -53.576851 -39.589382 -2.482412
v -54.140045 -42.759068 -2.560713
v -54.655457 -42.304169 -0.723557
v -55.763123 -45.353031 -0.640299
v -52.658920 -37.405392 -3.579134
v -55.042542 -45.590210 -2.423651
v -51.104355 -38.355167 -3.964149
v -52.597397 -43.889084 -3.758062
v -51.826241 -41.102848 -3.798059
v -55.857887 -47.791943 -2.308946
v -56.566322 -47.498672 -0.581338
v -53.503716 -46.454193 -3.560819
v -56.564690 -49.956017 -2.147873
v -57.174942 -49.734291 -0.524014
v -57.062721 -51.887417 -1.811481
v -57.516708 -51.736156 -0.476414
v -55.209793 -50.502205 -2.904756
v -57.312363 -53.828373 -1.290210
v -57.573738 -53.755558 -0.433763
v -55.996315 -52.222237 -2.367897
v -57.239052 -55.411438 -0.739874
v -57.342987 -55.384933 -0.404365
v -57.008125 -56.487579 -0.387858
v -56.640961 -53.960815 -1.646431
v -56.975372 -55.438110 -0.891225
v -56.695580 -55.458420 -0.733538
v -56.569328 -55.480682 -0.416644
v -55.692505 -54.216522 -0.458829
v -55.947777 -54.106461 -1.197111
v -54.446487 -53.004948 -0.506810
v -54.849548 -52.710560 -1.674960
v -53.241554 -51.762524 -0.554563
v -53.774025 -51.273739 -2.112318
v -51.981720 -50.317909 -0.607592
v -54.316444 -48.564816 -3.321647
v -52.711838 -49.528728 -2.583489
v -51.843910 -47.602711 -3.066059
v -51.084671 -49.126614 -2.742187
v -49.789696 -52.708256 -0.598578
v -51.202187 -45.377842 -3.917099
v -50.128120 -46.558361 -3.875900
v -50.203888 -42.429176 -3.080866
v -49.294022 -51.561504 -2.216480
v -47.576324 -54.545715 -0.601537
v -48.542778 -49.588158 -3.529971
v -47.333023 -53.831501 -1.696770
v -45.993195 -55.386276 -0.613342
v -46.861404 -52.555286 -2.759254
v -47.773148 -48.205334 -2.540855
v -45.863007 -54.938965 -1.392545
v -49.231834 -45.037964 -2.754765
v -48.991478 -44.896057 -0.774358
v -47.507156 -47.958591 -0.738566
v -49.525467 -42.654434 -0.810779
v -49.364037 -38.965515 -0.889800
v -46.218628 -51.461681 -2.098817
v -45.976364 -51.211330 -0.699653
v -45.146957 -53.362843 -1.703253
v -44.983765 -53.160206 -0.677828
v -45.573456 -54.134552 -2.148778
v -44.110733 -54.741928 -1.314647
v -44.047104 -54.610214 -0.665140
v -42.591644 -56.021805 -0.662807
v -44.306793 -55.211788 -1.600862
v -44.475800 -55.643616 -1.126941
v -44.561478 -55.866287 -0.629827
v -49.911713 -38.879765 -3.069403
v -49.432938 -35.365639 -2.926623
v -49.044189 -35.536053 -0.966439
v -50.354561 -35.172142 -3.940998
v -48.521378 -31.720905 -2.828903
v -48.196739 -31.803974 -1.059056
v -49.476952 -31.581364 -3.878639
v -47.419220 -28.718842 -3.164405
v -47.173248 -29.202339 -1.131421
v -46.802872 -29.651043 -1.128948
v -48.786613 -28.956409 -3.932667
v -50.156998 -29.053085 -4.135062
v -50.097481 -26.012066 -4.750417
v -48.225578 -25.952087 -4.587688
v -50.023201 -23.237396 -5.393016
v -49.677277 -20.457581 -5.748213
v -47.876648 -23.328777 -5.013661
v -46.523331 -27.699570 -3.624353
v -45.838440 -25.505569 -3.068245
v -46.817902 -29.341927 -2.686878
v -46.228897 -30.089233 -1.130514
v -46.170624 -29.954918 -2.307502
v -45.765228 -28.784359 -3.094105
v -45.348343 -30.406723 -1.938671
v -45.405212 -30.473282 -1.137747
v -45.031906 -29.606972 -2.512853
v -44.455292 -30.710396 -1.619059
v -44.531219 -30.729248 -1.148697
v -42.979126 -30.828026 -1.175135
v -44.246063 -30.265297 -1.966431
v -44.108765 -29.707867 -1.762243
v -44.133255 -29.568344 -1.179818
v -44.598358 -28.573185 -1.191772
v -44.679001 -28.726288 -2.006406
v -44.987793 -27.447929 -1.207831
v -45.237518 -27.623974 -2.334278
v -45.330673 -26.188717 -1.227535
v -45.670090 -26.440018 -2.615139
v -45.480225 -25.251644 -1.244086
v -45.223206 -23.224228 -1.290616
v -45.595444 -23.280136 -3.200075
v -44.934784 -20.777294 -1.346344
v -47.452438 -20.570225 -5.187755
v -45.325897 -20.796547 -3.310957
v -44.886520 -18.174988 -1.400938
v -45.268570 -18.170387 -3.381885
v -44.728531 -15.822451 -1.452311
v -47.039169 -17.818527 -5.095977
v -45.051804 -15.798826 -3.264256
v -44.226288 -13.829525 -1.502712
v -49.010025 -17.407719 -5.526604
v -46.613892 -15.448771 -4.818185
v -44.521973 -13.789366 -3.129618
v -42.562698 -11.300961 -1.585441
v -45.811874 -13.247562 -4.558372
v -51.103691 -17.086617 -4.797153
v -44.088211 -10.639009 -4.480018
v -42.878632 -11.298841 -3.097879
v -41.023254 -9.505205 -1.650696
v -42.450790 -8.524216 -4.741507
v -41.368591 -9.363485 -3.167816
v -39.300674 -7.878313 -1.715954
v -39.691360 -7.550478 -3.307371
v -37.632599 -6.458902 -1.775986
v -40.969940 -6.864752 -5.036079
v -39.129776 -4.903688 -5.247639
v -38.105881 -5.916759 -3.468770
v -37.064575 -3.139585 -5.417483
v -36.349319 -4.499882 -3.639482
v -35.838486 -5.218929 -1.834547
v -33.676331 -3.085505 -3.847359
v -33.875870 -1.379887 -5.626765
v -31.444946 -2.544460 -3.753065
v -31.594528 -1.093952 -5.372872
v -29.148392 -1.937035 -4.828088
v -31.517532 -0.447921 -6.505511
v -26.304382 -1.896931 -4.681256
v -31.551117 0.595118 -6.980734
v -29.170441 0.705510 -6.393260
v -26.356812 -0.144588 -5.838411
v -23.372360 -1.976309 -4.536738
v -23.420441 -0.261400 -5.744318
v -20.407898 -2.028084 -4.506857
v -23.402130 2.056197 -5.914431
v -15.920105 -1.912313 -4.497971
v -20.457306 -0.250404 -5.733486
v -15.966507 -0.158198 -5.682837
v -12.206528 -1.604242 -4.385851
v -8.986954 -1.264719 -4.173869
v -12.240067 -0.041018 -5.477679
v -6.143555 -0.837177 -3.860356
v -9.018631 0.067886 -5.139216
v -6.142731 0.212770 -4.668904
v -3.170364 -0.897261 -3.942109
v -3.165237 0.178650 -4.761559
v -0.106110 -1.148987 -4.182645
v 2.949387 -1.312399 -4.357233
v -0.100937 0.075905 -5.080192
v 7.444641 -1.029280 -4.206405
v 2.955429 0.006216 -5.304548
v 7.450073 0.097914 -5.051043
v 12.010376 -1.257652 -4.471179
v 12.016129 0.004929 -5.394670
v 16.603622 -0.892786 -4.247934
v 16.608047 0.128115 -5.048920
v 12.030624 1.637403 -5.552521
v 16.620605 1.490602 -5.220483
v 19.571808 0.151886 -5.212427
v 7.466141 1.583174 -5.213619
v 19.615555 1.525521 -5.441887
v 2.971970 1.705599 -5.461903
v 7.475800 2.869843 -4.964023
v 2.984283 3.109926 -5.141600
v -0.090714 1.671027 -5.243046
v 12.043335 2.997717 -5.246306
v 7.489258 3.946388 -4.185472
v 16.631226 2.700352 -5.007164
v 12.059326 4.142540 -4.388205
v 16.644333 3.709609 -4.277234
v 19.606873 2.789434 -5.213778
v 19.611832 3.849641 -4.422826
v 3.000839 4.293060 -4.260121
v 22.317673 4.072271 -4.581083
v -0.060181 4.153908 -4.127769
v -0.075882 3.020415 -4.958441
v -3.129181 3.922216 -3.950932
v -3.144348 2.869139 -4.701878
v -3.160751 1.608536 -4.930602
v -6.126221 2.855898 -4.617891
v -6.107666 3.893450 -3.877703
v -6.150955 1.611990 -4.838248
v -8.989777 3.191084 -4.965387
v -8.957504 4.380692 -4.064240
v -9.049850 1.780119 -5.298200
v -12.205978 3.461396 -5.219283
v -12.158295 4.766068 -4.200422
v -15.859970 5.120985 -4.261236
v -12.262085 1.922619 -5.630610
v -15.918213 3.708162 -5.372121
v -15.962585 2.038986 -5.841261
v -20.305389 5.193520 -4.387477
v -20.440262 2.079328 -5.910105
v -20.376755 3.849461 -5.381436
v -23.359299 3.463011 -5.344808
v -23.217987 5.727093 -4.406395
v -26.306442 2.033209 -6.049801
v -26.162247 3.998666 -5.974110
v -28.986633 2.109141 -6.657823
v -26.085617 5.565948 -4.582500
v -28.947647 3.936392 -6.241653
v -31.525391 2.083670 -7.098522
v -31.529007 3.622561 -6.500935
v -28.950623 5.114063 -5.126844
v -31.484543 5.276794 -5.086371
v -28.947311 5.707869 -4.029636
v -42.230316 5.339394 -5.536594
v -42.726547 3.988026 -3.998444
v -42.992630 3.386213 -1.880339
v -45.139709 7.377249 -5.799767
v -45.547119 5.801147 -4.313911
v -47.929832 8.918518 -5.707899
v -48.316895 7.523605 -4.595808
v -50.742065 8.828972 -5.052914
v -50.406403 10.005775 -5.770548
v -52.638069 9.626842 -5.570881
v -50.046265 11.071671 -5.471283
v -55.861732 10.835108 -6.334602
v -52.256462 10.643641 -5.856603
v -47.529236 10.129162 -5.754023
v -51.923187 11.584904 -5.501587
v -55.368629 12.519020 -5.788000
v -55.559532 11.747326 -6.211444
v -57.930389 13.342043 -5.924191
v -58.414017 11.709019 -6.280229
v -58.173912 12.604797 -6.390776
v -59.789162 14.078850 -5.873632
v -60.054321 13.370922 -6.321348
v -60.315033 12.518555 -6.229141
v -61.468987 14.911388 -5.549094
v -61.773048 14.216824 -6.049057
v -62.060791 13.414513 -6.004783
v -63.563515 14.367794 -5.505348
v -62.966042 15.848398 -4.812658
v -63.268837 15.139706 -5.453329
v -64.568939 14.981899 -5.082386
v -64.259171 15.760464 -4.870024
v -63.995071 16.521074 -4.160505
v -64.475578 18.114880 -1.788618
v -64.770088 16.024990 -4.500406
v -65.490639 14.631821 -5.285164
v -65.942619 15.502514 -4.977694
v -66.422318 14.186447 -5.580885
v -67.257362 13.620918 -5.929301
v -66.958275 14.864634 -5.545284
v -67.956490 12.914738 -6.224919
v -67.758087 14.103645 -6.031675
v -68.406158 12.186214 -6.387667
v -68.347488 13.216421 -6.372053
v -68.705620 11.353079 -6.469359
v -68.817535 11.405964 -6.515134
v -68.674698 12.347765 -6.503977
v -68.882935 11.425434 -6.363838
v -68.832748 12.376400 -6.121887
v -68.575623 13.253073 -5.787687
v -68.035423 14.125715 -5.271961
v -67.272667 14.832151 -4.668148
v -66.334389 15.360786 -4.001305
v -65.594498 15.637421 -3.520162
v -65.373650 15.435688 -1.716783
v -66.035950 16.598083 -1.728582
v -65.473328 17.158581 -4.264380
v -66.040123 16.725283 -3.670625
v -64.722641 17.593069 -3.770153
v -66.011536 18.297316 -3.772377
v -66.632225 18.094736 -3.232616
v -66.751732 18.005440 -1.744440
v -65.425186 18.615389 -3.291563
v -65.268974 18.951866 -1.791235
v -66.457703 19.415693 -3.236874
v -66.968437 19.363945 -2.805399
v -67.103004 19.366997 -1.766094
v -66.030205 19.674700 -2.791395
v -65.910614 19.881565 -1.798609
v -67.074127 20.834747 -2.279056
v -67.139206 20.840874 -1.795763
v -67.127106 22.309547 -1.826258
v -66.824890 20.854759 -2.480293
v -66.602844 20.986076 -2.259671
v -66.536545 21.093987 -1.812068
v -47.991150 -8.964273 -0.073382
v -47.064362 -9.417683 1.002257
v -49.708794 -11.304554 0.204605
v -48.768166 -11.759888 1.311024
v -45.670044 -10.172396 1.621223
v -50.909073 -13.917959 0.496504
v -50.073273 -14.223919 1.692469
v -51.958336 -16.834826 0.926562
v -48.174843 -14.858431 2.382606
v -53.279404 -18.040390 0.393126
v -47.189148 -12.454651 1.900895
v -54.547546 -19.075336 -0.306975
v -53.535698 -19.236000 0.800820
v -54.659607 -19.640923 -0.166910
v -54.693817 -20.021095 -0.451077
v -53.639992 -20.121300 0.342643
v -52.334694 -18.747643 1.814288
v -52.615837 -20.372108 1.290108
v -51.455894 -18.582829 2.509986
v -52.750275 -23.202377 0.877607
v -51.737648 -20.243111 2.610678
v -51.947777 -23.121071 2.362753
v -52.443100 -25.920609 0.564582
v -51.660698 -25.960205 1.918097
v -51.941948 -28.919319 0.333414
v -51.267914 -28.964386 1.516804
v -49.964935 -25.863468 2.458250
v -52.539162 -30.890041 0.481679
v -51.727295 -31.160866 1.775846
v -53.995720 -33.374241 0.760323
v -50.612175 -31.315907 2.166747
v -55.500397 -35.450951 0.908091
v -52.766830 -34.054848 2.293810
v -54.037590 -36.475269 2.354977
v -56.829979 -37.455975 0.790133
v -57.516991 -38.680111 0.530773
v -56.540787 -39.762024 1.619193
v -58.299591 -39.829506 0.285408
v -59.217484 -40.725288 0.084262
v -57.803558 -40.597000 1.077875
v -55.357346 -38.532288 2.022955
v -55.695473 -40.890820 0.952470
v -58.977592 -41.339291 0.679142
v -60.310524 -41.281162 -0.100949
v -57.197403 -41.509602 0.521033
v -61.504204 -41.533230 -0.308725
v -60.235039 -41.732014 0.318052
v -61.538452 -41.788486 -0.083925
v -61.546135 -42.067150 -0.272573
v -60.112129 -42.239178 -0.001932
v -58.661453 -42.037159 0.241489
v -53.514984 -39.519928 0.880987
v -54.072731 -42.683449 1.110572
v -52.558846 -37.293331 1.852402
v -54.977417 -45.517147 1.123612
v -51.584145 -34.526974 2.287910
v -55.794510 -47.721176 1.129741
v -52.485939 -43.764378 2.295830
v -53.397011 -46.334457 2.237991
v -56.505165 -49.889366 1.084208
v -57.014061 -51.832561 0.846181
v -55.123123 -50.404884 1.812521
v -57.281013 -53.793186 0.414899
v -55.927162 -52.145058 1.376287
v -57.226921 -55.397629 -0.072146
v -56.596680 -53.911316 0.751370
v -56.957619 -55.418076 0.070405
v -56.683807 -55.445251 -0.096497
v -55.920296 -54.075943 0.283161
v -54.806297 -52.662525 0.662263
v -53.716751 -51.209759 1.000196
v -54.216347 -48.452686 2.116043
v -52.639351 -49.447460 1.359667
v -51.755547 -47.503880 1.730223
v -51.007889 -49.040382 1.441657
v -51.084663 -45.246243 2.464723
v -50.011826 -46.428181 2.432603
v -49.235657 -51.496136 0.951306
v -48.438080 -49.470852 2.153753
v -47.293228 -53.787006 0.453691
v -46.783737 -52.468555 1.444660
v -45.834625 -54.907516 0.141426
v -45.517990 -54.072662 0.852818
v -44.457550 -55.623352 -0.145619
v -44.271667 -55.172482 0.303581
v -44.086624 -54.714905 -0.008789
v -45.108810 -53.320255 0.360441
v -46.166824 -51.403622 0.716539
v -47.706467 -48.130474 1.080898
v -49.158722 -44.956089 1.217564
v -50.120079 -42.335426 1.471434
v -51.715874 -40.979324 2.192738
v -49.831169 -38.789799 1.303145
v -50.990288 -38.227650 2.218687
v -49.360435 -35.284698 0.998048
v -50.244431 -35.048874 2.036873
v -49.372543 -31.464352 1.794452
v -48.455963 -31.647903 0.716768
v -50.044113 -28.927288 1.971255
v -48.682686 -28.839973 1.714690
v -47.344635 -28.635372 0.887583
v -48.100014 -25.811562 2.224370
v -46.760437 -29.277966 0.414270
v -46.433395 -27.598671 1.271821
v -49.868950 -23.064777 2.982487
v -49.512238 -20.272903 3.209992
v -47.737679 -23.173309 2.528667
v -45.770645 -25.429962 0.600961
v -47.309631 -20.410122 2.573122
v -45.524918 -23.212822 0.632286
v -45.253311 -20.724472 0.630695
v -45.618774 -26.382496 0.180922
v -45.195480 -18.095543 0.591213
v -45.195999 -27.597633 -0.066353
v -45.694351 -28.704750 0.759305
v -44.648758 -28.701218 -0.369079
v -46.127213 -29.906544 0.036998
v -44.982391 -29.551365 0.185724
v -44.087265 -29.694756 -0.593277
v -45.318878 -30.373901 -0.342977
v -44.216660 -30.232269 -0.361683
v -44.438034 -30.690994 -0.682510
v -46.902008 -17.665009 2.352961
v -44.984741 -15.733131 0.367990
v -48.856430 -17.235191 2.838476
v -46.488998 -15.308945 1.962234
v -44.461792 -13.727943 0.131220
v -50.975365 -16.942856 2.173952
v -45.698746 -13.120964 1.582639
v -43.980789 -10.519207 1.333534
v -42.822784 -11.241009 -0.063531
v -42.336609 -8.399401 1.447387
v -41.312592 -9.303713 -0.128995
v -39.633026 -7.484884 -0.126137
v -40.852798 -6.727839 1.618727
v -39.001816 -4.762825 1.681371
v -39.434113 -4.081133 2.641741
v -38.043564 -5.850918 -0.090512
v -36.944077 -2.992769 1.702456
v -37.000458 -2.424530 3.080971
v -36.291443 -4.425816 -0.043022
v -42.097702 5.456844 1.662394
v -42.663818 4.056108 0.200853
v -44.997070 7.480225 1.948663
v -45.457855 5.860809 0.544537
v -47.789986 9.006222 1.896389
v -48.216743 7.577808 0.857406
v -50.624344 8.910748 1.349129
v -50.263542 10.105894 2.005087
v -52.500732 9.742859 1.902935
v -49.915550 11.151857 1.649143
v -55.694695 11.004589 2.733877
v -52.109749 10.756561 2.132586
v -47.389191 10.209003 1.877864
v -51.790390 11.683643 1.726994
v -55.223351 12.662315 2.100679
v -55.398155 11.908760 2.562290
v -57.779121 13.511578 2.296536
v -58.247986 11.894930 2.737140
v -58.004631 12.794395 2.801785
v -59.638924 14.247002 2.284071
v -59.886902 13.558296 2.770144
v -60.150009 12.703226 2.722715
v -61.330292 15.066780 1.987377
v -61.615341 14.393719 2.526561
v -61.903763 13.590374 2.525923
v -62.854218 15.973774 1.268490
v -63.424553 14.523376 2.043283
v -63.132561 15.292240 1.948719
v -64.445374 15.120359 1.632526
v -64.144279 15.889221 1.377132
v -63.906708 16.619854 0.627611
v -64.668388 16.138842 1.015977
v -65.358704 14.779606 1.883488
v -65.822174 15.637421 1.557281
v -66.278336 14.347471 2.231392
v -67.099884 13.797503 2.633308
v -66.815704 15.024166 2.187404
v -67.786873 13.104620 2.983311
v -67.596626 14.284470 2.734035
v -68.229591 12.383686 3.192312
v -68.172493 13.412384 3.131973
v -68.525078 11.554893 3.319378
v -68.635643 11.609718 3.366938
v -68.494194 12.550076 3.311746
v -68.706688 11.623032 3.217209
v -68.665970 12.563145 2.934871
v -68.422081 13.425144 2.555534
v -67.901749 14.275341 1.984785
v -67.162651 14.955627 1.324800
v -66.249252 15.455750 0.602642
v -65.528152 15.711761 0.083588
v -65.380943 17.262142 0.759523
v -65.968796 16.805164 0.205359
v -66.577568 18.155886 -0.266616
v -65.937515 18.380144 0.241158
v -64.649345 17.675350 0.220500
v -66.930183 19.406715 -0.733125
v -65.369644 18.677700 -0.273603
v -66.403618 19.475773 -0.323210
v -65.993469 19.715799 -0.794431
v -67.056274 20.854561 -1.315350
v -66.799599 20.882812 -1.124389
v -66.586273 21.004681 -1.358243
v -37.972000 -1.594772 -2.679256
v -37.848694 -0.986980 -3.682041
v -47.971916 -0.214045 -1.631780
v -48.051651 -1.055367 -0.560288
v -38.276550 -2.496572 -2.416101
v -51.150620 -1.105160 0.141265
v -51.054665 -0.232151 -0.936553
v -54.051643 0.072107 -0.282435
v -48.303947 -2.014572 -0.277555
v -48.620148 -2.745928 -0.622863
v -38.631317 -3.239380 -2.807138
v -38.826340 -3.596582 -3.529352
v -48.809677 -3.059052 -1.302248
v -51.384605 -2.018761 0.419993
v -51.673004 -2.688309 0.079401
v -51.832382 -2.962904 -0.588337
v -54.771164 -2.560646 0.067428
v -54.368988 -1.670843 1.061970
v -54.634186 -2.294029 0.723518
v -57.444016 -1.348591 1.313732
v -57.568954 -1.643547 0.661750
v -57.196648 -0.736532 1.657330
v -54.152817 -0.794783 0.790281
v -56.897903 0.963067 0.340594
v -59.740173 -0.092819 1.881645
v -59.858910 -0.400677 1.216409
v -62.029381 1.063594 1.801206
v -56.996078 0.130569 1.397325
v -59.312477 1.387332 2.009774
v -59.221146 2.190880 0.980649
v -61.413574 3.647339 1.678211
v -59.502731 0.516494 2.245956
v -61.917145 1.369872 2.486058
v -61.686882 1.974960 2.877178
v -61.498924 2.861027 2.671475
v -64.135567 4.859612 3.632994
v -64.085312 5.606556 2.706963
v -64.296242 4.007019 3.775217
v -64.515907 3.417414 3.326842
v -64.614273 3.136495 2.595342
v -67.136978 6.825874 4.708026
v -67.135162 7.538034 3.837885
v -70.028633 9.305332 4.677372
v -67.491295 5.404963 4.237891
v -67.577354 5.156513 3.417995
v -70.443115 6.826723 4.022023
v -67.263962 6.004854 4.778949
v -70.350899 7.080788 4.963522
v -73.482162 8.203901 4.424486
v -70.080261 7.765369 5.602602
v -73.355667 8.531139 5.549429
v -75.127541 8.721436 4.514547
v -69.971931 8.609364 5.572361
v -72.921722 11.172382 5.144894
v -72.993889 9.412403 6.309726
v -72.819542 10.453724 6.207836
v -74.334221 11.527382 6.389804
v -74.477554 12.315960 5.131877
v -74.516998 10.178589 6.608583
v -74.970665 9.136805 5.773761
v -76.542854 11.642284 7.040772
v -76.295792 12.961533 6.231226
v -76.062950 13.395508 4.992769
v -77.797424 14.723389 4.776751
v -78.084702 13.985422 5.861427
v -79.431038 15.994860 4.450790
v -76.372009 9.484367 6.033086
v -76.871704 8.807032 4.397628
v -77.916908 11.946581 6.918015
v -79.970016 14.657265 5.823675
v -80.259720 15.668602 5.514862
v -80.093102 17.887018 4.495082
v -78.082115 10.304005 6.123066
v -80.573982 17.565937 5.437038
v -78.525635 9.218477 4.977365
v -79.798874 10.651142 6.039165
v -79.543884 12.384069 6.692520
v -79.395935 7.955893 5.227360
v -78.805946 7.707520 4.322330
v -80.749001 6.781162 4.778925
v -81.080559 7.024303 5.453308
v -84.518425 5.956341 5.200853
v -80.657066 8.455711 5.843534
v -81.779671 7.411270 5.846615
v -82.821571 7.735783 5.408470
v -83.435570 7.869204 4.509756
v -82.947350 9.392408 3.533001
v -81.891472 8.887253 4.954637
v -82.129219 10.445690 4.025760
v -81.094971 10.158817 5.212637
v -80.257889 9.845612 5.615169
v -81.219910 10.679663 5.314568
v -81.311485 12.020489 6.529171
v -82.690742 11.000153 4.710287
v -84.136101 10.506042 3.576778
v -81.508095 13.935516 6.352769
v -83.032433 11.967426 6.044904
v -83.185020 13.499619 6.164863
v -84.491287 11.174358 4.666058
v -85.242661 12.664948 5.467737
v -83.613136 15.183201 5.927855
v -86.832047 10.527851 2.530256
v -86.661064 10.354105 1.796705
v -87.690964 11.863598 3.490738
v -88.991722 9.988800 0.412198
v -88.854843 9.885132 -0.491540
v -90.973045 9.073029 -2.630176
v -86.553116 14.626566 4.683252
v -91.111893 9.261978 -1.647000
v -93.197258 7.824816 -4.288895
v -84.741364 16.349186 4.560297
v -93.321518 8.101318 -3.327286
v -95.477722 6.109913 -5.333118
v -88.016624 15.829067 2.811685
v -88.880135 13.860945 2.656931
v -90.128159 15.035191 0.809233
v -90.865242 12.853233 0.289301
v -91.918686 13.896051 -1.409967
v -89.779396 11.164959 1.271004
v -92.752068 11.645203 -1.862768
v -93.649178 12.495640 -3.436666
v -91.811958 10.347437 -0.853054
v -95.509148 10.789822 -5.033855
v -93.951103 9.162001 -2.605613
v -94.769516 10.175079 -3.593276
v -97.502426 8.764297 -6.073271
v -95.579681 6.430056 -4.440975
v -96.160728 7.473608 -3.821908
v -96.899979 8.358196 -4.806747
v -99.508591 6.376822 -6.330581
v -97.771637 4.267527 -4.780460
v -97.680779 3.942114 -5.596075
v -99.617043 1.381605 -4.995089
v -98.997383 6.080879 -5.341884
v -101.317970 3.598221 -5.635728
v -98.306664 5.232182 -4.296018
v -99.716202 1.690855 -4.238182
v -100.840912 3.287508 -5.102027
v -102.832611 0.412390 -4.056776
v -100.197159 2.477352 -3.871771
v -102.313377 -0.000496 -4.096927
v -101.256966 -1.289749 -2.854388
v -101.124985 -1.575630 -3.591869
v -101.694527 -0.749167 -2.515811
v -103.441093 -3.527977 -2.299335
v -104.018593 -3.196192 -2.116314
v -102.764313 -4.354279 -0.412416
v -102.313576 -4.613434 -0.848445
v -102.137596 -4.859591 -1.612324
v -102.767235 -8.463001 0.178690
v -102.967003 -8.277702 0.891864
v -104.559464 -7.069347 0.320064
v -103.689522 -8.501848 1.638868
v -103.567993 -13.497707 1.418423
v -103.412605 -13.579229 0.972911
v -105.290329 -6.959435 -0.025228
v -103.834366 -17.283249 0.888654
v -103.549614 -17.365852 0.225704
v -104.280190 -19.567322 0.313630
v -106.564339 -5.079388 0.261859
v -104.344231 -19.474442 0.554028
v -105.433441 -21.429096 0.443753
v -107.983009 -2.106186 -0.216022
v -104.564209 -19.207386 0.879669
v -109.476967 0.762891 -1.137537
v -108.290115 -2.985846 0.351240
v -106.940483 -6.066643 1.151361
v -111.648018 3.327959 -2.009780
v -105.639587 -8.583088 0.922775
v -113.982147 5.136833 -2.096907
v -111.868469 2.628560 -1.747494
v -109.797005 -0.058349 -0.854733
v -114.170212 4.381514 -1.811931
v -116.301453 6.612659 -1.723248
v -112.110909 1.936847 -1.937722
v -116.475441 5.747124 -1.408827
v -114.383209 3.638516 -2.040173
v -118.048370 7.474276 -0.797671
v -118.284012 6.560799 -0.420961
v -116.675430 4.903772 -1.671717
v -110.222519 -0.801496 -1.066355
v -108.637573 -3.798855 0.161180
v -107.381569 -7.004230 0.983569
v -106.474800 -10.060535 0.758465
v -106.369492 -12.419903 0.538853
v -107.441376 -13.124994 0.192080
v -104.807129 -8.860653 1.343157
v -107.094589 -13.220629 0.506435
v -109.237732 -14.758512 0.219536
v -105.739700 -12.358379 1.299615
v -108.068314 -15.742695 1.313203
v -110.381294 -15.934582 0.238013
v -106.188118 -13.644995 1.354946
v -104.800797 -12.603619 1.976791
v -104.078255 -13.037258 1.807653
v -105.482910 -14.507278 1.507861
v -104.752907 -15.743668 1.351512
v -105.753983 -18.198517 1.329193
v -107.041092 -16.964653 0.746330
v -106.617493 -20.299633 1.306491
v -106.123260 -17.855087 1.185324
v -106.634575 -17.389015 0.714999
v -107.207275 -19.487465 1.047442
v -108.135818 -18.654079 0.202339
v -107.325096 -16.604490 1.438126
v -108.581329 -17.874702 1.389073
v -109.233643 -17.117180 1.291694
v -110.358582 -19.370735 0.827686
v -110.744240 -18.955635 0.753513
v -111.532303 -18.045795 0.278930
v -112.295761 -20.306290 0.312153
v -110.162628 -19.706646 0.259699
v -108.091850 -20.872719 0.952340
v -108.945511 -21.016357 0.222086
v -109.091965 -22.072090 0.227931
v -108.396271 -21.913754 0.777205
v -108.433014 -22.924255 0.597381
v -108.973106 -23.107594 0.229886
v -107.725647 -22.867699 0.766315
v -107.311584 -21.605835 1.038112
v -105.940315 -20.790245 0.872706
v -106.632393 -22.070671 0.707411
v -106.388092 -22.392372 0.335516
v -106.500519 12.022022 0.147156
v -106.774574 13.456009 0.757637
v -107.404442 10.306297 0.447872
v -108.232826 8.668215 1.133924
v -107.631889 11.478340 1.028476
v -109.164986 7.140980 2.083931
v -108.433006 9.648636 1.698336
v -109.333885 7.980804 2.633018
v -110.391426 5.690254 3.162445
v -109.656937 8.564075 2.695189
v -112.016563 4.322241 4.133606
v -110.520950 6.423208 3.690304
v -113.951828 3.145737 4.552607
v -112.117165 5.021568 4.646881
v -110.834381 7.017038 3.709677
v -114.049057 3.861040 5.087601
v -116.109314 2.128689 4.180836
v -112.440277 5.623131 4.570986
v -116.233025 2.921157 4.784619
v -108.736748 10.190670 1.798269
v -107.922501 11.969595 1.122243
v -107.161491 13.960138 0.684922
v -106.215271 16.911255 0.455300
v -114.382561 4.521141 4.916065
v -116.575623 3.694641 4.529177
v -118.796005 3.065557 3.321390
v -118.437241 2.149946 3.663227
v -118.251747 1.214387 2.958080
v -120.546097 1.382860 1.933472
v -120.963150 2.379729 1.446959
v -120.299271 0.227885 1.270577
v -122.633965 0.607885 0.270836
v -122.943619 1.702815 0.146852
v -122.112373 -0.665064 0.211883
v -124.949493 1.147699 -0.788458
v -124.710663 0.031365 -0.722695
v -121.063049 -1.333952 0.424714
v -124.123505 -1.466427 -1.253099
v -120.194138 -1.960434 0.686499
v -122.587517 -1.966578 -0.642179
v -119.444077 -2.753822 0.765877
v -119.991417 -2.959953 0.312737
v -121.238525 -2.405941 -0.255627
v -125.797630 -1.919430 -2.364969
v -126.197418 -0.263449 -1.719631
v -127.367966 -2.250572 -2.989046
v -126.501007 0.800274 -1.679458
v -127.583954 -0.542934 -2.301659
v -129.081482 -2.298597 -3.258015
v -129.024048 -0.868943 -2.586357
v -127.952271 0.433675 -2.255410
v -130.350418 -2.281546 -3.076037
v -130.655090 -0.957636 -2.587848
v -130.458984 -3.593349 -3.317799
v -131.850891 -1.664492 -2.705925
v -130.584595 -5.098694 -3.368265
v -131.551437 -2.975996 -2.794020
v -131.323715 -6.431904 -3.533661
v -131.198792 -4.779484 -3.206615
v -131.629883 -6.281662 -3.434371
v -132.136948 -5.989670 -3.288107
v -132.288361 -4.208780 -2.898402
v -132.501022 -5.842144 -3.363733
v -133.078247 -3.938942 -3.007030
v -132.972290 -2.411650 -2.507046
v -134.225113 -1.766363 -2.535989
v -133.461853 -0.738391 -2.176905
v -134.961884 0.458158 -1.594643
v -132.089737 -0.587513 -2.297449
v -133.455719 0.213005 -1.759472
v -136.278305 1.303688 -0.533493
v -134.900223 1.242786 -0.959543
v -137.715500 2.006085 0.488802
v -136.201981 1.999859 0.137407
v -139.206360 2.567900 1.278194
v -137.648773 2.592043 1.039846
v -139.176071 3.106845 1.683998
v -140.781815 3.126835 1.926603
v -142.590210 3.700836 2.120192
v -140.760910 3.681561 2.283312
v -144.509857 4.174839 1.896659
v -142.572815 4.298771 2.503881
v -139.164764 3.657353 1.114252
v -140.755127 4.214809 1.688616
v -144.480728 4.799185 2.312590
v -142.562286 4.843372 1.961523
v -144.460083 5.344597 1.841294
v -137.677246 3.090220 0.511634
v -136.225098 2.454877 -0.305840
v -134.926514 1.803277 -1.177704
v -133.516357 1.104493 -1.954981
v -131.998398 0.611568 -2.417076
v -130.595444 0.406052 -2.451778
v -129.328354 0.354785 -2.419965
v -128.297607 0.978272 -2.536621
v -127.018837 1.271024 -2.277124
v -127.126266 2.064384 -2.298241
v -126.901711 2.047411 -2.468838
v -126.404808 1.368505 -1.877326
v -126.581421 2.094010 -2.115134
v -39.645859 3.412351 -3.374677
v -44.305817 4.937120 -3.676312
v -44.581253 6.048622 -4.258076
v -39.927612 4.433376 -3.956388
v -40.196014 5.773628 -3.636622
v -48.598358 6.030993 -3.927749
v -44.835709 7.412121 -3.952930
v -48.859032 7.088314 -4.511949
v -49.085556 8.391819 -4.228592
v -53.139038 8.361614 -4.487890
v -52.958565 7.137365 -4.740852
v -52.730087 6.184464 -4.153658
v -56.372589 5.214659 -4.401123
v -56.575333 6.106720 -4.985828
v -56.715324 7.297138 -4.756711
v -59.889259 3.372622 -4.638208
v -60.060806 4.223822 -5.219418
v -60.154503 5.422132 -5.019942
v -63.397781 1.043638 -5.008097
v -63.600624 3.112333 -5.365662
v -63.550125 1.872491 -5.574169
v -66.872696 -1.218054 -5.517294
v -67.033768 -0.376322 -6.064299
v -70.332039 -3.003660 -6.156646
v -67.078575 0.903563 -5.787884
v -70.538574 -2.067694 -6.686931
v -70.607925 -0.678905 -6.268975
v -74.362747 -3.466957 -7.363382
v -74.469536 -1.838367 -6.760637
v -74.055061 -4.677790 -6.829362
v -78.625732 -2.782688 -7.184788
v -78.292229 -4.494728 -7.736702
v -78.044411 -6.293196 -7.173256
v -82.038376 -3.351122 -6.777981
v -81.246376 -6.486786 -6.978399
v -81.656097 -4.901131 -7.230747
v -82.240059 -7.812975 -6.097173
v -84.402367 -4.835251 -6.559282
v -81.633011 -8.864162 -5.961740
v -82.726967 -9.327675 -6.224545
v -80.884888 -10.371712 -6.066724
v -80.102486 -12.289175 -5.852899
v -81.736412 -10.789259 -6.450134
v -82.422112 -11.094311 -6.379297
v -80.600937 -12.485432 -6.167159
v -80.896065 -12.633324 -6.075780
v -84.448830 -3.080891 -6.144566
v -86.509705 -2.450920 -4.755184
v -85.332443 -1.511200 -4.955961
v -82.995377 -1.881754 -5.896362
v -84.264969 -1.710310 -6.198107
v -83.760490 -0.793446 -5.986456
v -83.041939 -0.970737 -6.450598
v -82.554001 0.055018 -6.131433
v -82.095879 -1.116432 -6.104631
v -81.986877 -0.074404 -6.392019
v -81.123352 0.860207 -5.998035
v -81.367889 -0.200300 -6.251435
v -80.847969 0.795801 -6.113989
v -80.482513 0.735747 -5.915454
v -65.064461 -10.102943 -3.314198
v -65.957031 -9.904060 -3.614077
v -66.559731 -9.665371 -3.808219
v -56.752258 43.830853 -3.996319
v -57.441872 44.877193 -3.804469
v -56.889877 46.022961 -4.840962
v -58.099968 45.717335 -3.610381
v -54.944534 46.633781 -4.304971
v -58.840630 46.372379 -3.454764
v -57.742775 46.631271 -4.415453
v -56.159554 47.169533 -4.147948
v -57.251015 47.576881 -3.944123
v -54.739555 50.690540 -4.130381
v -58.250435 47.860195 -3.689418
v -58.572479 47.105232 -4.076193
v -59.287766 47.995300 -3.490841
v -59.610519 46.755161 -3.234953
v -59.494156 47.356403 -3.773546
v -60.436920 47.013229 -3.046520
v -60.422005 47.501701 -3.482083
v -61.284554 47.136433 -2.849448
v -60.341217 48.025417 -3.236915
v -61.312820 47.493168 -3.176873
v -61.954659 47.063461 -2.648188
v -61.292740 47.853611 -2.967569
v -62.007805 47.300331 -2.879263
v -62.029770 47.540798 -2.719105
v -55.399559 52.419365 -4.034422
v -55.951508 54.137939 -3.931280
v -54.256462 52.660225 -4.972677
v -54.758636 54.466995 -4.909664
v -56.278343 56.137932 -3.736853
v -55.157829 56.482216 -4.589480
v -56.527237 58.236717 -3.487715
v -53.854919 56.924965 -4.564405
v -56.590996 60.710625 -3.108177
v -56.270966 60.795471 -3.384361
v -55.711815 58.495399 -4.121138
v -55.857964 60.910934 -3.379461
v -55.590271 60.995155 -3.107471
v -54.735153 58.836281 -4.080852
v -54.103714 59.105309 -3.418300
v -52.917862 57.290306 -3.662252
v -37.216537 -1.529552 3.665296
v -39.572830 -2.711775 3.911450
v -40.038361 -0.615089 4.659538
v -41.813431 -4.223719 4.470789
v -42.601028 -1.902052 4.959820
v -44.631577 -4.688488 5.513430
v -42.635147 -5.992306 4.527672
v -44.427658 -5.757566 5.604254
v -42.933319 -7.599691 5.020053
v -45.594650 -7.150381 4.673549
v -44.043213 -7.458574 6.068178
v -42.745331 -9.445415 6.068686
v -44.877441 -8.488935 5.241301
v -42.412155 -11.105953 7.648486
v -43.500153 -9.334410 6.918300
v -42.743500 -11.079781 8.029527
v -42.997208 -11.364330 7.820028
v -44.075989 -10.006813 6.402582
v -66.462982 -9.557032 1.449369
v -65.867599 -9.803940 1.243171
v -64.986473 -10.015720 0.919096
v -63.636391 -10.124859 0.573435
v -119.825455 8.112055 0.448734
v -120.122627 7.021893 1.123981
v -121.530792 8.603111 1.649098
v -118.555557 5.641827 -0.665792
v -120.469513 6.012815 0.801297
v -122.241112 6.228039 2.539127
v -121.820465 7.252262 2.709827
v -124.105621 6.623297 4.043089
v -123.644737 7.611584 4.379057
v -123.340103 9.155348 3.215795
v -125.560326 6.096273 4.890928
v -124.320190 10.609791 4.160915
v -126.961922 5.558346 5.873991
v -127.041992 6.414797 6.324257
v -128.391907 4.799007 6.176577
v -124.724655 9.121473 5.250090
v -128.481232 5.180502 6.311293
v -129.023636 4.370186 6.124516
v -129.068756 4.561394 6.186737
v -129.202118 4.617483 6.122499
v -128.749176 5.293087 6.202442
v -128.140427 6.614500 6.610165
v -129.196838 6.518177 6.747310
v -127.043274 7.466322 6.722137
v -128.207581 7.433464 7.130579
v -130.293732 6.312531 6.863129
v -126.032852 9.035843 6.260021
v -129.381409 7.398611 7.362492
v -131.642273 5.777729 6.824835
v -127.072144 9.031202 6.582243
v -128.309418 8.918139 6.947004
v -125.600616 10.353678 5.826477
v -129.316345 8.798903 7.133500
v -129.828140 8.741280 7.050301
v -130.752090 8.139896 7.424488
v -130.637268 9.074654 6.830530
v -131.433517 9.503647 6.479524
v -130.684265 7.056849 7.457629
v -132.094971 8.868767 6.892953
v -131.974380 6.692421 7.336312
v -132.531952 9.741785 5.868632
v -133.770752 10.243885 5.034214
v -133.156464 9.332531 6.038286
v -134.822678 10.781673 4.129517
v -134.231094 9.992611 5.050333
v -135.054443 10.641308 4.101038
v -135.211487 10.560583 3.901345
v -134.545364 9.830437 4.667816
v -133.625519 9.091200 5.516038
v -132.719131 8.548998 6.249199
v -134.757568 7.012093 5.420568
v -134.595322 5.967644 6.316272
v -136.858841 6.320053 4.110454
v -136.809219 5.565559 4.855393
v -134.503815 5.134621 5.753073
v -136.644302 4.904869 4.453020
v -138.580856 4.415569 2.385161
v -138.668381 4.989828 2.715986
v -140.575470 3.762346 0.947925
v -138.733978 5.558411 2.207486
v -140.706726 4.832706 0.986484
v -140.613968 4.322557 1.259113
v -142.423065 4.421982 0.687759
v -142.339783 3.888549 0.958193
v -142.311661 3.301836 0.603503
v -144.282654 4.156937 0.683211
v -144.222931 3.583706 0.946305
v -144.202042 2.961617 0.563192
v -145.915359 2.813785 0.833567
v -145.931732 3.452335 1.184093
v -145.974518 4.058920 0.930673
v -147.336075 4.019078 1.371591
v -147.306625 3.400184 1.687571
v -147.294159 2.777619 1.406239
v -148.557861 3.967849 1.908051
v -148.529648 2.772254 2.049578
v -148.539032 3.358797 2.292486
v -150.532974 4.076055 2.451447
v -150.521057 3.519368 2.851104
v -150.508636 2.998064 2.614178
v -152.726547 3.597981 2.668636
v -152.743652 4.072040 2.918703
v -152.758392 4.553810 2.561652
v -154.217529 5.000221 2.344547
v -154.202637 4.532879 2.678196
v -154.188599 4.056965 2.426975
v -155.572800 5.450163 2.048874
v -155.543533 4.463943 2.103268
v -155.556595 4.960747 2.363470
v -156.838821 5.836916 1.797692
v -156.814285 5.333939 2.084149
v -156.792282 4.833317 1.800527
v -158.080688 5.628555 1.826729
v -158.045624 5.180075 1.529470
v -158.123138 6.074123 1.561834
v -159.417633 5.759039 1.467209
v -159.469833 6.117722 1.226621
v -159.375244 5.395382 1.202703
v -160.905914 5.726376 1.123679
v -160.951126 5.991838 0.916664
v -162.579742 5.610970 0.625300
v -162.553070 5.466152 0.750933
v -160.868790 5.454884 0.919036
v -162.533112 5.316126 0.632795
v -126.859627 11.547382 5.658907
v -126.992676 12.708685 5.825500
v -126.205956 11.695084 5.979178
v -126.812119 14.031921 5.379865
v -126.430008 12.774044 5.905966
v -126.530014 14.064421 5.408007
v -125.114716 11.760893 4.956656
v -125.955536 12.854916 5.338777
v -126.292114 14.104626 5.142647
v -80.683357 19.147551 4.380550
v -81.074593 18.863815 5.109173
v -81.385345 20.290054 4.209126
v -81.609993 20.078297 4.708475
v -82.343071 22.639328 3.895429
v -82.064430 19.773912 4.854204
v -81.812836 18.301907 5.351303
v -82.490898 19.673882 4.703321
v -82.734375 19.648869 4.285923
v -82.411545 17.788980 5.061301
v -82.701241 17.537125 4.443968
v -82.726738 15.872108 4.685049
v -82.155922 16.326492 5.521864
v -81.544624 16.756575 5.940912
v -81.659607 15.422554 5.865649
v -48.619980 -2.682272 -1.928441
v -38.611710 -3.283112 -4.126151
v -48.314110 -1.560791 -2.460508
v -38.276199 -2.403011 -4.523343
v -51.621162 -2.599749 -1.216901
v -51.296959 -1.466404 -1.766978
v -48.082214 -0.615303 -2.246020
v -37.997345 -1.488972 -4.287176
v -51.113396 -0.574802 -1.552736
v -54.072304 -0.261013 -0.897650
v -54.552589 -2.248333 -0.558123
v -54.215950 -1.133114 -1.110930
v -57.358612 -1.404968 0.042488
v -59.655975 -0.200069 0.609345
v -57.014771 -0.327391 -0.495074
v -59.315742 0.835241 0.109979
v -61.835999 1.248814 1.207766
v -56.898743 0.577698 -0.276619
v -59.214050 1.758265 0.350881
v -61.499039 2.248578 0.757299
v -61.408745 3.170067 1.032073
v -64.067535 5.137070 2.024541
v -64.130844 4.222248 1.686504
v -67.087433 7.101871 3.103823
v -64.415733 3.320496 2.035604
v -67.112923 6.192823 2.682201
v -67.343056 5.381622 2.897363
v -69.955887 8.856730 3.886575
v -70.145683 7.126602 3.497610
v -69.944733 7.907768 3.392801
v -72.864998 10.641806 4.300178
v -72.872482 9.546350 3.788624
v -73.110130 8.635077 3.857857
v -74.383896 11.635435 4.264164
v -74.352280 10.326885 3.792217
v -74.631233 9.218376 3.904993
v -75.944107 12.431290 4.078869
v -75.620644 10.691517 3.764212
v -77.897034 14.380558 4.065611
v -78.128365 12.987751 3.627867
v -79.728539 13.392635 3.236778
v -76.176285 9.499992 3.789364
v -78.160332 11.554317 3.470951
v -79.742775 11.983746 3.177426
v -78.362480 10.209274 3.470675
v -78.596169 9.257278 3.680557
v -79.550011 7.952227 3.827490
v -80.167519 9.931520 3.539721
v -81.137543 6.993170 4.114952
v -80.994827 8.562611 3.414566
v -79.932198 10.620722 3.365695
v -81.262970 10.205643 3.435834
v -81.965935 7.377523 3.687986
v -82.068390 9.102720 3.503111
v -82.973831 7.737133 3.891088
v -82.124840 11.129776 2.721417
v -84.104973 11.102489 2.251827
v -82.055588 12.181767 2.577427
v -82.215111 14.034489 2.440355
v -84.295410 12.454576 1.908745
v -86.853920 11.097595 0.253468
v -85.837212 12.694761 0.956717
v -84.460342 15.009556 2.760003
v -89.214890 10.586615 -1.935165
v -88.138870 12.488667 -0.907916
v -91.410889 9.665539 -3.919323
v -90.288788 11.753716 -2.859446
v -89.524437 14.007843 -0.389078
v -91.384094 13.013771 -2.452063
v -87.367409 14.653034 1.440470
v -93.181717 11.692234 -4.326936
v -82.249657 16.318993 3.664734
v -81.676178 16.705761 3.363949
v -82.309914 17.895905 3.888382
v -82.484001 19.652836 3.771957
v -82.122055 19.747307 3.526987
v -81.897530 18.245451 3.491941
v -81.641197 20.094358 3.688187
v -81.201874 18.774364 3.639669
v -80.703033 17.394709 3.665517
v -92.339607 10.648125 -4.636190
v -95.133125 10.089283 -5.789598
v -93.654053 8.317463 -5.434306
v -94.458626 9.191166 -6.023985
v -97.209373 8.171591 -6.732787
v -96.632233 7.358158 -6.890493
v -95.923920 6.536568 -6.361187
v -98.739006 5.092796 -7.041237
v -99.251495 5.838715 -6.971618
v -98.101166 4.311935 -6.523401
v -101.051476 3.044818 -6.390409
v -100.583916 2.371789 -6.352758
v -102.492142 -0.221210 -5.075477
v -99.998894 1.666291 -5.826830
v -101.460823 -1.426996 -4.368414
v -102.020035 -0.842741 -4.937366
v -102.423958 -4.915012 -2.406464
v -103.512047 -3.892534 -3.245319
v -102.984894 -4.507463 -3.068016
v -103.011002 -8.756905 -0.708751
v -103.637856 -8.775661 -1.372205
v -104.209793 -7.898212 -1.541824
v -104.787468 -11.916288 -0.856343
v -104.138100 -12.744911 -0.795488
v -103.536339 -13.332687 -0.206146
v -105.663422 -11.058985 -0.761213
v -106.407974 -10.233597 -0.491265
v -106.346825 -13.892769 -1.010174
v -105.763161 -14.786961 -1.741580
v -108.140404 -15.980190 -0.873055
v -109.191643 -17.169304 -0.796638
v -107.523514 -16.692865 -1.143369
v -110.692139 -19.003929 -0.282735
v -108.700447 -17.933067 -0.648379
v -110.429207 -19.379650 -0.313601
v -107.153610 -17.068817 -0.682986
v -106.747208 -17.521355 -0.823741
v -107.747314 -19.435474 -1.007363
v -104.940544 -16.008183 -1.583442
v -105.981918 -18.370705 -1.732072
v -108.188568 -20.783321 -0.753295
v -106.985107 -20.708763 -1.380070
v -105.202293 -19.024582 -1.502088
v -103.930817 -17.182312 -0.844630
v -104.634216 -19.364841 -1.003834
v -104.433159 -19.518063 -0.576460
v -105.911514 -21.175201 -0.823807
v -107.633621 -21.863701 -0.980494
v -106.737206 -22.215275 -0.691884
v -107.379562 -23.213806 -0.433350
v -108.006241 -22.982353 -0.580423
v -108.530922 -23.007137 -0.261744
v -108.493469 -21.909325 -0.505456
v 44.293915 -3.871548 -3.536147
v 43.107376 -2.614204 -3.811755
v 44.595825 -3.825626 -3.611941
v 44.900345 -3.816849 -3.586995
v 44.008270 -2.485035 -3.994013
v 41.677780 -1.606310 -4.293341
v 44.743973 -2.576811 -3.917688
v 43.268921 -1.250465 -4.575027
v 44.489960 -1.428446 -4.543733
v 40.529282 -1.012495 -4.686427
v 42.644852 -0.418986 -5.059854
v 37.290070 -1.375957 -4.868883
v 40.488617 0.065172 -5.414818
v 44.281769 -0.671322 -5.154284
v 42.553741 0.438902 -5.371973
v 37.281387 -0.123024 -5.730690
v 34.464920 -1.435940 -4.937489
v 40.512283 1.361868 -5.628671
v 31.990860 -1.175482 -4.737007
v 34.475784 -0.156785 -5.865591
v 37.298630 1.446445 -5.913760
v 29.801895 -0.928570 -4.550688
v 31.991577 -0.035403 -5.610554
v 34.491592 1.489742 -6.027199
v 27.380432 -1.058569 -4.571091
v 24.934448 -1.378702 -4.752548
v 27.380997 0.040353 -5.415202
v 29.798752 0.085806 -5.363048
v 22.773193 -1.235039 -4.570354
v 24.938766 -0.078428 -5.696899
v 27.392029 1.484680 -5.576420
v 32.012100 1.460055 -5.769983
v 29.816055 1.433676 -5.525160
v 34.499084 2.889297 -5.714680
v 29.829193 2.621782 -5.292308
v 27.405136 2.730642 -5.322933
v 32.022003 2.750540 -5.494776
v 24.969299 2.971146 -5.530950
v 27.421310 3.774727 -4.544189
v 32.036865 3.839741 -4.681479
v 29.843445 3.617136 -4.542930
v 34.511902 4.071825 -4.839439
v 37.322296 3.970083 -4.819628
v 24.990036 4.132774 -4.651884
v 22.305893 2.934738 -5.444676
v 24.947922 1.593019 -5.853543
v 22.299088 1.584776 -5.735094
v 22.278503 0.023545 -5.534720
v 19.572449 -1.039572 -4.303514
v 21.682434 -1.516144 -3.877289
v 19.528259 -1.400646 -3.740907
v 20.656662 -1.876642 -3.327712
v 20.359756 -1.467890 -3.837164
v 20.104279 -1.857288 -3.447566
v 19.520477 -1.788721 -3.311365
v 19.512482 -2.480997 -3.148906
v 37.310837 2.828790 -5.649728
v 40.527725 2.593778 -5.458694
v 40.539795 3.567801 -4.733000
v 42.485855 3.551563 -4.808628
v 42.465149 1.368135 -5.664465
v 42.473328 2.591432 -5.537850
v 44.417740 3.612488 -4.902538
v 44.401566 2.617195 -5.651501
v 44.398560 1.371200 -5.789913
v 46.602966 3.585367 -4.902725
v 44.372513 0.319801 -5.593339
v 46.595810 2.543538 -5.631095
v 46.591354 1.274166 -5.789508
v 46.577972 0.243587 -5.500678
v 46.535110 -0.645639 -4.907410
v 49.107162 0.050703 -5.503613
v 46.772690 -1.248611 -3.846042
v 49.090927 -0.849401 -4.728854
v 49.189117 -1.367535 -4.207453
v 51.531479 -1.198063 -4.736679
v 51.572220 -1.754761 -4.358271
v 54.508850 -2.304945 -4.393599
v 51.536407 -0.188842 -5.628433
v 56.962845 -2.572453 -4.497648
v 54.500412 -1.608614 -4.963964
v 58.547455 -2.611042 -4.586477
v 56.985916 -1.908979 -5.146523
v 58.587067 -1.972881 -5.286188
v 60.637070 -2.587234 -4.559494
v 62.509430 -2.779423 -4.490626
v 60.740158 -1.888638 -5.481833
v 64.149612 -3.088623 -4.406922
v 62.541275 -2.102594 -5.018114
v 65.235382 -3.473043 -4.306291
v 64.833298 -2.817781 -4.832029
v 63.702240 -2.391830 -5.009254
v 66.207184 -3.911770 -4.202494
v 65.714386 -3.212488 -4.595613
v 63.334534 -1.981779 -4.564090
v 66.497330 -3.687668 -4.355177
v 67.297760 -4.354961 -4.053280
v 67.156158 -4.471106 -3.977449
v 62.600998 -1.443388 -5.565888
v 64.103851 -1.034559 -5.324762
v 62.709000 -0.502054 -5.934268
v 64.533249 -1.576309 -4.333522
v 60.886185 -0.640605 -6.114311
v 65.594040 -0.977356 -4.181961
v 65.311188 -0.576723 -4.956507
v 66.408569 -0.126535 -4.088191
v 63.911621 -0.370096 -5.438983
v 66.268906 0.091555 -4.470053
v 65.123917 -0.096363 -4.962793
v 67.459015 1.713753 -4.101627
v 67.018951 0.974346 -4.218873
v 66.130173 0.431252 -4.615095
v 66.911789 1.174093 -4.304165
v 66.845245 1.368912 -4.168709
v 66.002838 0.813287 -4.357228
v 64.991837 0.371992 -4.508204
v 63.848022 0.293244 -4.906838
v 62.584229 0.497640 -5.396122
v 61.335220 1.182093 -5.270686
v 60.960312 0.680023 -5.939131
v 60.644104 1.826296 -4.920179
v 58.665405 -0.792186 -6.093637
v 58.779175 0.716912 -6.219847
v 57.025589 -0.722564 -6.035227
v 58.786072 1.867509 -5.794882
v 57.078735 0.773499 -6.310966
v 54.501465 -0.471895 -5.869781
v 57.101929 1.907264 -6.079348
v 51.525604 0.990675 -6.039222
v 54.489944 0.895707 -6.245749
v 49.108612 1.116426 -5.872375
v 49.107361 2.394887 -5.691912
v 51.489410 2.227562 -5.839483
v 54.469360 2.055968 -6.030996
v 51.484985 3.470840 -4.942867
v 49.101349 3.517678 -4.917675
v 54.475647 3.525271 -5.070359
v 57.131012 2.957247 -5.702480
v 57.035507 4.404358 -4.477822
v 57.171310 3.692953 -5.160829
v 58.873505 2.953041 -5.705023
v 58.939911 3.920101 -5.204193
v 58.538269 4.980122 -4.540587
v 59.506424 5.401974 -4.496872
v 59.888794 4.779957 -4.963061
v 60.331833 5.797447 -4.442275
v 60.328110 4.140343 -4.917330
v 61.165268 6.269289 -4.358853
v 60.654846 5.292072 -4.835527
v 61.919083 6.718559 -4.249631
v 61.411499 5.884365 -4.674800
v 62.738739 7.266304 -4.108091
v 62.114594 6.431875 -4.479866
v 62.865707 7.089773 -4.234973
v 63.100830 6.762932 -4.132664
v 62.538223 5.979809 -4.275299
v 61.933090 5.375095 -4.404680
v 61.292755 4.877924 -4.532065
v 61.392776 4.109844 -4.817118
v 61.616943 3.226886 -5.353113
v 62.782028 4.015636 -4.645561
v 60.651779 3.139196 -5.467102
v 60.975403 2.333657 -4.769562
v 61.707779 2.467085 -4.600195
v 62.966507 3.342190 -5.062429
v 63.098434 2.708051 -4.480417
v 64.487640 2.973295 -4.275453
v 64.427139 3.456606 -4.555737
v 64.324432 3.766855 -4.301758
v 65.263031 3.476486 -4.223359
v 65.292603 3.172854 -4.122910
v -146.319366 4.434481 1.426453
v -147.640152 4.582237 1.134083
v -146.291321 5.041874 1.835186
v -147.627029 5.111197 1.520550
v -146.268616 5.537210 1.410143
v -147.610519 5.567526 1.127196
v -148.684494 5.562775 0.898971
v -148.696991 5.125757 1.265652
v -150.622513 5.165981 1.049745
v -148.703705 4.647142 0.888674
v -150.627747 4.727228 1.384392
v -152.750610 4.612103 1.186001
v -150.632080 4.281870 1.013070
v -152.756088 4.143330 1.503222
v -152.774261 3.682547 1.143324
v -154.229126 3.754280 1.715569
v -154.215088 4.256891 1.412635
v -154.254745 3.255836 1.329726
v -155.668732 3.858700 1.813871
v -155.702042 3.334322 2.079921
v -155.744858 2.811310 1.659078
v -157.167953 3.456007 2.157267
v -157.273300 2.451266 1.993920
v -158.731384 3.189435 2.436117
v -158.848328 2.315501 2.338496
v -160.361801 3.097897 2.548126
v -157.215408 2.956778 2.415274
v -158.782852 2.762274 2.733701
v -160.483948 2.382897 2.489120
v -160.416855 2.752296 2.878089
v -162.119781 2.659415 2.452496
v -162.005188 3.196154 2.497296
v -164.373535 3.327635 2.168439
v -162.052216 2.936108 2.803625
v -164.339752 3.464888 2.344235
v -164.316589 3.594914 2.190557
v -95.477165 -5.533184 -3.608561
v -94.615082 -3.201832 -4.571718
v -93.603065 -2.824419 -3.377285
v -90.939766 -3.152477 -4.399755
v -93.474556 -2.292105 -5.935051
v -95.423561 -2.019285 -5.598516
v -88.373894 -2.237892 -6.944493
v -86.458549 -3.559025 -5.365374
v -92.684532 0.806431 -6.170760
v -95.205566 1.282426 -5.832022
v -89.426010 0.353641 -7.191395
v -85.040306 -2.534281 -8.001123
v -82.778618 -3.951290 -6.417744
v -86.266617 0.308681 -8.544399
v -81.059593 -2.087318 -9.440804
v -79.091095 -3.578972 -7.352158
v -82.285446 0.913915 -10.339159
v -77.370384 -1.329660 -10.803421
v -75.667587 -2.842297 -8.265024
v -78.623764 1.956216 -12.078346
v -73.684326 -0.280382 -12.144613
v -72.360016 -1.910686 -9.223249
v -74.977089 3.265074 -13.663046
v -70.098152 0.710068 -13.259670
v -69.162605 -1.041153 -10.049740
v -71.466118 4.531813 -14.867229
v -66.515373 1.432214 -13.945183
v -66.014633 -0.525111 -10.543564
v -67.810242 5.442928 -15.531609
v -62.885750 1.715105 -13.930000
v -62.870049 -0.376842 -10.631981
v -63.738075 5.647644 -15.381769
v -59.338791 1.596415 -13.405773
v -59.821068 -0.511249 -10.389156
v -59.667610 5.475407 -14.680271
v -55.999405 1.218149 -12.610996
v -56.816650 -0.999592 -9.866035
v -55.780792 5.091812 -13.656836
v -52.808517 0.455808 -11.601883
v -54.220718 -1.810930 -9.136240
v -52.170090 4.434916 -12.432348
v -49.872749 -0.553996 -10.458212
v -51.694748 -2.748423 -8.175200
v -48.777893 3.350775 -11.087296
v -47.040207 -1.480679 -9.128605
v -49.040771 -3.482445 -7.061087
v -45.696381 2.147116 -9.604900
v -44.376144 -2.113853 -7.643044
v -46.344177 -3.833742 -5.855477
v -42.970657 1.057917 -7.988859
v -41.866837 -2.499432 -6.052332
v -43.632812 -3.902708 -4.575680
v -39.412628 -2.732164 -4.396967
v -40.867538 -3.846804 -3.226110
v -38.308853 -0.639662 -4.570608
v -40.557877 0.131096 -6.295869
v -38.339874 1.204743 -3.333937
v -40.677948 2.351326 -4.758024
v -39.285294 1.890872 -1.659030
v -43.209152 3.585284 -6.196548
v -41.826035 3.183127 -2.728286
v -40.655884 1.171278 -0.410166
v -46.073868 4.843239 -7.677668
v -44.517075 4.472322 -3.867264
v -43.438980 2.364295 -1.183143
v -41.781570 -0.615558 -0.275586
v -49.293777 6.072165 -9.184656
v -44.804596 0.251182 -0.921106
v -41.899033 -2.784431 -1.477236
v -46.280136 3.514359 -2.054834
v -47.458359 5.685001 -5.159901
v -44.955093 -2.444431 -2.349808
v -47.780807 1.097555 -1.633038
v -47.921196 -2.002274 -3.192550
v -49.223541 4.587278 -3.154508
v -50.708115 1.934268 -2.533271
v -50.786919 -1.377571 -4.076404
v -50.659042 6.790386 -6.588737
v -53.478531 -0.561186 -5.040699
v -53.565384 2.719758 -3.637043
v -52.273735 5.563114 -4.459512
v -55.920013 0.285158 -5.994013
v -56.289841 3.374461 -4.835712
v -55.378586 6.357803 -5.813425
v -58.176491 0.907932 -6.781798
v -58.935226 3.833069 -5.865234
v -60.716560 1.188680 -7.360668
v -61.534309 3.972044 -6.535408
v -58.575172 6.854223 -6.951862
v -61.586823 7.003901 -7.659260
v -63.348724 1.111231 -7.586533
v -64.160378 3.778278 -6.824320
v -66.068016 0.687265 -7.417372
v -66.767517 3.288458 -6.679660
v -64.543282 6.811480 -7.977139
v -67.394882 6.281277 -7.860817
v -68.782333 -0.039322 -6.901799
v -69.323402 2.596359 -6.123783
v -71.576187 -0.900885 -6.174690
v -71.844360 1.811443 -5.269740
v -70.141891 5.609755 -7.364677
v -72.771896 4.801607 -6.509359
v -74.503853 -1.594473 -5.507332
v -74.362854 1.135391 -4.316252
v -77.399162 -2.120180 -4.914968
v -76.900497 0.652708 -3.314621
v -75.304352 4.094883 -5.478382
v -77.759254 3.507177 -4.279092
v -80.429062 -2.280193 -4.148073
v -79.428856 0.454004 -2.341566
v -83.747566 -2.118374 -3.008114
v -82.170074 0.504603 -1.157508
v -80.191719 3.137205 -2.998146
v -82.823418 3.068092 -1.634444
v -87.359642 -1.681221 -2.060991
v -84.951050 0.768485 -0.127201
v -91.121712 -0.947617 -1.486519
v -88.398590 1.329261 0.623443
v -95.386024 -1.317783 -1.808011
v -94.141609 0.196581 -0.405481
v -95.494606 -0.322942 -0.615875
v -94.620110 0.819397 2.057279
v -92.281387 1.890437 2.575958
v -95.155579 5.348160 3.204263
v -92.991814 4.189283 3.329866
v -95.361938 4.783068 2.003969
v -89.073486 3.587814 0.496907
v -92.767250 4.745789 -1.170214
v -95.261139 4.724688 0.092505
v -95.156944 4.946989 -2.901939
v -95.142410 5.478907 -5.874226
v -85.544182 3.222947 -0.485460
v -88.315498 4.339758 -2.399192
v -91.868538 4.063306 -4.243197
v -94.799355 3.825968 -5.218819
v -85.247536 4.125971 -3.744286
v -88.202110 3.476318 -5.421797
v -82.364464 4.272785 -5.279200
v -84.838188 3.713867 -7.305374
v -79.625443 4.837465 -6.851258
v -81.512352 4.291723 -9.198093
v -76.884079 5.620716 -8.215061
v -78.332413 5.192888 -10.913286
v -74.032646 6.528395 -9.364260
v -75.084534 6.258663 -12.372807
v -71.030609 7.410227 -10.218880
v -71.812454 7.257267 -13.438444
v -67.877113 8.083729 -10.620911
v -68.340309 7.993832 -13.972412
v -64.554596 8.447002 -10.527271
v -64.467339 8.268444 -13.767864
v -61.164955 8.542633 -10.086689
v -60.457352 8.150158 -13.037640
v -57.723167 8.313141 -9.262051
v -56.641136 7.797350 -11.993519
v -54.091232 7.718531 -8.029331
v -52.836098 7.122238 -10.671005
v -41.713837 0.563657 -1.281323
v -42.091873 2.744880 -2.512947
v -44.527222 1.552975 -3.364809
v -44.101028 -0.701171 -2.110704
v -47.314743 0.726187 -4.123398
v -40.014923 -1.931894 -1.528873
v -46.774765 -1.659941 -2.807361
v -50.435265 0.031845 -4.731192
v -42.449463 -3.318535 -2.382351
v -38.258759 -2.925320 -3.016930
v -49.717033 -2.514729 -3.279943
v -53.709473 -0.693577 -5.082472
v -45.216156 -4.357195 -3.098541
v -40.672501 -4.457653 -3.927493
v -37.101974 -2.622902 -4.812429
v -52.770775 -3.380482 -3.420339
v -56.800003 -1.397779 -5.073560
v -39.483200 -4.247530 -5.787663
v -37.588501 -0.682247 -5.906905
v -43.434540 -5.618217 -4.741127
v -48.183914 -5.270359 -3.569324
v -39.975372 -2.217552 -6.936443
v -39.040939 1.462478 -5.886464
v -42.237289 -5.473476 -6.712770
v -46.504852 -6.567432 -5.375273
v -41.465302 0.090869 -6.900837
v -40.942841 2.817778 -4.433412
v -42.765121 -3.308510 -7.949608
v -43.422440 1.625924 -5.366623
v -44.320541 -0.814625 -7.887196
v -46.300659 0.840926 -6.250740
v -46.066757 -4.162487 -8.927362
v -49.578354 0.172388 -7.070953
v -47.681541 -1.525030 -8.850393
v -53.153473 -0.480762 -7.691158
v -51.500725 -2.240810 -9.620138
v -56.617546 -1.120340 -7.934422
v -55.352882 -3.001841 -9.922289
v -49.885414 -5.015238 -9.686039
v -53.866699 -5.963484 -9.943333
v -59.894150 -1.804350 -7.654919
v -59.615417 -2.096563 -4.657278
v -59.121101 -3.866184 -9.534840
v -63.101669 -2.544468 -6.652284
v -62.252640 -2.832045 -3.759447
v -62.889458 -4.766478 -8.231871
v -57.851807 -7.091000 -9.429831
v -61.876968 -8.235895 -7.986254
v -66.331551 -3.354969 -4.952412
v -65.222328 -3.647627 -2.147356
v -66.321709 -5.589272 -6.341367
v -69.377548 -4.163475 -3.188317
v -68.166557 -4.453707 -0.361227
v -69.520050 -6.406660 -4.520643
v -65.400345 -9.101078 -6.113446
v -68.756767 -9.926931 -4.263828
v -72.335289 -4.596832 -2.022254
v -71.175362 -4.904865 0.996118
v -72.568642 -6.770432 -3.435719
v -75.452637 -4.473526 -1.592931
v -74.364243 -4.818012 1.552670
v -75.847412 -6.684877 -3.012503
v -72.010391 -10.432348 -2.986786
v -75.507713 -10.382328 -2.401763
v -78.934166 -4.248739 -1.361399
v -77.913063 -4.502274 1.516833
v -79.692696 -6.569950 -2.813414
v -82.418221 -3.915041 -1.267823
v -81.468925 -4.061245 1.191995
v -83.538757 -6.322189 -2.807875
v -79.776566 -10.181793 -2.207062
v -84.050720 -9.793537 -2.308655
v -85.928551 -3.460564 -1.183962
v -85.124123 -3.593588 0.977220
v -87.282295 -5.811764 -2.870820
v -89.074364 -2.628687 -1.242702
v -88.620552 -2.987921 0.725325
v -90.467041 -5.063944 -3.050414
v -88.133278 -9.152424 -2.445988
v -90.897446 -8.815754 -2.915014
v -92.217804 -1.669693 -1.269325
v -91.687881 -1.645256 1.059770
v -93.801872 -4.029215 -3.272317
v -95.156189 -1.073158 -1.116304
v -95.860497 -9.073906 -2.363089
v -93.381737 -8.960461 -2.703002
v -95.166885 -10.996513 -0.379704
v -92.834503 -11.292484 -0.478845
v -90.602486 -11.416187 -0.542328
v -92.842110 -9.953388 1.882862
v -95.492599 -8.561722 1.927911
v -95.337814 -6.045103 2.780865
v -88.151100 -11.700129 -0.364323
v -89.952232 -10.834682 2.054701
v -92.597427 -7.533600 3.440577
v -83.734009 -12.439772 -0.134420
v -87.112099 -11.461601 2.352930
v -89.271835 -8.813080 3.750091
v -92.325005 -3.771587 2.436197
v -95.134308 -2.712507 2.665232
v -88.666992 -5.370758 3.127773
v -85.879402 -9.500513 4.258350
v -85.203339 -6.089684 3.554501
v -82.597412 -12.218121 2.625418
v -81.456375 -10.264095 4.575733
v -81.095161 -6.587776 3.869097
v -79.130219 -12.957729 0.189269
v -77.148018 -7.207575 4.430120
v -74.542160 -13.225525 0.088590
v -78.020844 -12.892960 3.080914
v -70.841850 -13.199223 -0.708657
v -73.487419 -13.234116 2.992200
v -77.091377 -11.102196 5.148266
v -72.784096 -11.569605 5.126129
v -69.761597 -13.038532 1.912888
v -67.414055 -12.563999 -2.288958
v -73.237755 -7.582172 4.522532
v -69.127457 -11.264069 3.904529
v -69.817207 -7.382872 3.598341
v -66.327324 -12.332232 0.206976
v -65.782211 -10.530079 2.167294
v -66.646606 -6.805784 2.016138
v -64.013840 -11.655006 -4.111040
v -63.650864 -6.177221 0.245672
v -60.593529 -10.784027 -5.861425
v -63.058807 -11.451454 -1.593417
v -56.763748 -9.615896 -7.393394
v -59.891022 -10.603333 -3.277088
v -62.675026 -9.734634 0.395271
v -59.742874 -8.993664 -1.238100
v -56.603226 -9.566429 -4.690123
v -52.918968 -8.415024 -8.123676
v -60.771378 -5.565626 -1.387397
v -57.036209 -8.155045 -2.494521
v -58.309067 -4.939295 -2.462833
v -53.260178 -8.491434 -5.508640
v -54.230492 -7.183880 -3.340784
v -55.657028 -4.222485 -3.151846
v -51.263710 -6.191711 -3.682220
v -49.856430 -7.483200 -5.683517
v -45.434097 -6.439396 -7.540279
v -49.085701 -7.379581 -8.085159
v -39.478775 4.074503 -5.461745
v -37.795135 1.548034 -4.131286
v -40.200577 1.219530 -2.964435
v -41.807999 3.856854 -4.397775
v -43.347351 1.314392 -2.003194
v -39.787781 6.498306 -5.348476
v -44.771774 3.947513 -3.503378
v -47.469681 1.980315 -1.139080
v -42.033646 6.488857 -4.350430
v -39.211670 7.824738 -4.005715
v -48.458855 4.335999 -2.696399
v -52.026756 2.911614 -0.157781
v -44.780869 6.776268 -3.469681
v -41.406860 7.907137 -2.957953
v -38.281311 7.320354 -2.422853
v -52.372932 4.765282 -1.875413
v -56.329292 3.671202 0.775386
v -40.530869 7.362087 -1.274288
v -36.861740 4.900612 -1.330265
v -43.966492 8.291100 -1.990845
v -47.950653 7.267181 -2.596583
v -39.316956 4.785965 -0.124495
v -36.037979 2.113934 -1.211536
v -43.058472 7.742325 -0.169453
v -46.777817 8.842615 -1.046774
v -38.573135 1.960793 -0.007612
v -36.388977 0.887089 -2.424933
v -42.208908 5.067898 1.007691
v -38.895523 0.624183 -1.235702
v -41.701508 2.304283 1.040256
v -42.128555 0.817462 -0.221999
v -45.436462 5.749588 2.235379
v -46.259247 1.615686 0.775815
v -45.417206 3.163838 2.144099
v -50.892860 2.821510 2.107841
v -49.542229 4.404707 3.609824
v -55.446327 4.026484 3.406262
v -53.765823 5.848389 5.005737
v -48.857529 6.848251 3.637386
v -52.396751 8.132589 4.892275
v -59.638161 4.980093 4.274101
v -60.229057 4.271908 1.466117
v -57.750275 7.142313 5.945396
v -63.411964 5.710285 4.900877
v -63.717789 4.854698 2.048304
v -61.495209 8.029137 6.581119
v -55.998169 9.405304 5.787457
v -59.513802 10.549278 6.408071
v -66.980621 6.511732 5.341749
v -66.963196 5.658340 2.443800
v -65.270294 8.760002 7.012533
v -70.219002 7.439875 5.507818
v -69.933411 6.605093 2.604783
v -68.891808 9.640186 7.187643
v -63.238846 11.409445 6.748177
v -66.878578 12.341707 6.876889
v -73.236221 8.227489 5.438582
v -72.799408 7.430393 2.550591
v -72.302193 10.632845 7.124237
v -76.378578 8.820229 5.175694
v -75.776703 8.040182 2.324459
v -75.809937 11.686329 6.819462
v -70.620049 13.383068 6.794203
v -74.521805 14.559059 6.424107
v -79.731239 9.035419 4.637536
v -78.828537 8.414280 1.919626
v -79.563911 12.153713 6.119789
v -83.335381 8.757555 3.548904
v -81.960587 8.318064 1.292451
v -83.575951 11.862526 5.144100
v -78.594490 15.189850 5.641933
v -82.899460 15.108311 4.499324
v -86.867798 8.069048 2.432883
v -85.028175 7.772408 0.579930
v -87.592422 11.256281 4.154645
v -90.243584 7.146978 1.775759
v -88.044907 6.875317 -0.095389
v -91.373161 10.758003 3.392854
v -87.421661 14.771427 3.210921
v -91.067757 13.796818 2.510719
v -94.375496 10.457710 2.987272
v -93.456345 5.548164 2.719044
v -90.088951 6.065334 -0.316551
v -93.562027 5.267628 -0.152780
v -96.085175 9.553680 2.870234
v -96.393005 13.346024 1.689054
v -94.463287 13.535049 1.818476
v -96.180183 16.324600 -1.215207
v -91.591187 15.583738 1.238866
v -93.337563 16.109688 -0.853000
v -89.125130 15.765808 1.613769
v -94.305031 15.262478 0.685428
v -92.707214 16.656256 -0.324823
v -91.386490 15.142937 -2.958706
v -95.717979 13.688103 -2.931673
v -94.162918 16.389973 -0.470994
v -91.401833 16.849438 -0.279103
v -93.594917 16.761383 -1.272824
v -94.200836 17.945227 -2.056347
v -93.356995 16.314066 -0.967497
v -92.776985 16.648846 -2.478828
v -91.975327 15.811817 -2.726032
v -91.229652 17.048172 -2.160547
v -90.146202 17.225262 -1.876681
v -89.323402 16.484156 -2.152481
v -90.219368 17.347725 -0.798904
v -87.150108 16.665476 -1.606509
v -87.861115 16.953827 0.228294
v -86.149620 16.796524 0.967813
v -84.374977 16.244106 -1.325437
v -81.618896 16.924915 2.362598
v -88.141357 15.833172 -2.232910
v -77.103859 16.927773 3.400727
v -80.130409 16.158974 -0.215376
v -72.943962 16.220123 4.214240
v -76.188026 15.777718 0.723857
v -69.045715 15.306925 4.628942
v -72.410583 15.018246 1.386138
v -65.390839 14.419842 4.645076
v -68.619278 14.263754 1.692610
v -61.888191 13.567593 4.523002
v -64.866806 13.534243 1.761439
v -58.407188 12.746075 4.223047
v -61.878616 12.682896 1.514210
v -55.123764 11.387634 3.734828
v -58.697220 11.837538 1.290113
v -51.841957 10.249268 3.082882
v -55.578659 10.864889 1.080293
v -48.748932 9.194496 2.137284
v -52.494881 10.156292 0.709112
v -45.800613 8.353722 0.987788
v -49.653648 9.462259 -0.073530
v -51.190590 7.727022 -1.704344
v -54.228043 8.156506 -0.994190
v -56.011444 5.168819 -1.114812
v -59.322525 5.643318 -0.533758
v -57.128021 8.707024 -0.490596
v -62.388962 6.193481 -0.035078
v -60.167572 9.239553 -0.087517
v -65.307106 6.949188 0.312005
v -63.024796 10.037209 0.169466
v -68.154617 7.850800 0.483947
v -65.787857 10.949736 0.267860
v -71.148651 8.688484 0.463797
v -69.184120 11.726046 0.235959
v -74.274223 9.357834 0.234102
v -72.739258 12.368439 -0.042666
v -77.393990 9.872160 -0.198821
v -76.220810 12.948515 -0.626980
v -80.527336 10.138817 -0.760989
v -79.754555 13.372078 -1.397377
v -83.629623 10.021618 -1.411789
v -83.273781 13.451033 -2.242956
v -86.690163 9.426542 -2.103869
v -86.790390 13.059988 -3.054463
v -89.299843 8.500492 -2.762442
v -89.712563 12.290901 -3.723457
v -91.965134 7.289522 -3.798462
v -92.668465 11.214432 -4.435145
v -95.208092 10.707180 -4.824450
v -98.271339 -10.222687 -0.582079
v -98.388687 -6.481564 -3.177488
v -101.308922 -9.541401 -0.540805
v -101.508720 -5.893423 -2.176187
v -98.442780 -2.159523 -4.531145
v -101.678780 -2.011431 -3.754772
v -105.201591 -5.196125 -2.028140
v -105.238365 -8.591061 -0.489255
v -105.181519 -1.533916 -3.507585
v -101.677216 2.883189 -4.901072
v -98.357536 1.743888 -5.590658
v -98.226257 5.228880 -5.823937
v -98.544060 10.308620 -4.872788
v -101.478745 8.802834 -4.492113
v -98.361427 13.239269 -3.050110
v -98.169189 16.199596 -1.128667
v -101.107323 15.747837 -1.065924
v -101.270180 12.978041 -2.733471
v -105.200035 8.276279 -4.324458
v -105.087952 12.505344 -2.628049
v -104.990410 15.249609 -0.985374
v -105.251648 3.238232 -4.534466
v -108.779495 12.067287 -2.459877
v -108.731033 14.628643 -0.905146
v -112.339920 14.436008 -0.836580
v -108.820915 8.175644 -4.053956
v -112.501938 11.804306 -2.349676
v -116.867844 11.400476 -2.166736
v -116.720566 13.878365 -0.746886
v -121.786179 13.083954 -0.639882
v -112.669907 7.955654 -3.904789
v -121.777519 10.796963 -1.906968
v -117.030869 7.771303 -3.618483
v -126.270477 10.344631 -1.586729
v -126.239487 12.503239 -0.547935
v -130.154144 12.435419 -0.475889
v -121.748260 7.410717 -3.207522
v -130.178162 10.214268 -1.498968
v -126.309998 7.079535 -2.702702
v -134.056763 10.339853 -1.408415
v -134.026001 12.634541 -0.409542
v -130.210449 6.919825 -2.616260
v -137.253693 10.501080 -1.337509
v -137.218491 12.936258 -0.357353
v -134.095276 6.983923 -2.500242
v -137.294846 7.036535 -2.431936
v -140.295776 10.468727 -1.286959
v -140.263947 12.960028 -0.301744
v -140.335129 6.938938 -2.385386
v -143.034073 10.497135 -1.195081
v -143.004089 12.805334 -0.248102
v -143.072357 7.118088 -2.273716
v -140.363113 3.260271 -2.807848
v -147.243408 10.461525 -1.106196
v -147.214050 12.676405 -0.167906
v -147.281006 7.192127 -2.180943
v -151.820969 10.640022 -1.065532
v -151.790710 12.885992 -0.087958
v -151.859467 7.317741 -2.172996
v -156.414642 10.541435 -1.015808
v -156.398056 12.878368 -0.002975
v -161.067001 12.840151 0.083801
v -156.438751 7.148832 -2.133919
v -161.072098 10.539307 -0.904601
v -166.119171 10.579109 -0.803240
v -166.112732 12.907166 0.175311
v -171.198364 12.787296 0.271444
v -161.085236 7.153549 -2.003396
v -166.134552 7.042957 -1.915712
v -171.225830 10.588772 -0.696929
v -176.956223 10.860273 -0.721976
v -176.869217 13.206989 0.367193
v -171.262360 7.201635 -1.809832
v -182.179733 10.776321 -0.744719
v -181.979950 13.107117 0.463378
v -177.051178 7.352367 -1.885396
v -182.385971 7.286680 -1.953780
v -187.420609 10.041065 -0.634078
v -187.395432 11.994511 0.586032
v -187.454025 6.937565 -1.837691
v -191.761749 9.463203 -0.493908
v -191.746750 11.137238 0.683811
v -195.628067 11.005077 0.757992
v -191.790222 6.646330 -1.660697
v -195.657440 9.282484 -0.330132
v -197.871918 9.221676 -0.244898
v -197.799911 11.014513 0.797796
v -195.693298 6.438766 -1.433153
v -200.382553 9.221933 -0.160773
v -200.261566 11.221760 0.838858
v -197.937195 6.327372 -1.322765
v -200.482788 6.151834 -1.219001
v -202.950073 9.159504 -0.139437
v -201.101196 11.339544 0.851901
v -202.446182 11.705606 0.869101
v -204.782928 11.798695 0.910222
v -206.423767 11.603024 0.944471
v -203.387726 5.899879 -1.108923
v -207.420425 8.958605 0.063370
v -207.379501 11.366501 0.966934
v -203.374222 2.575124 -1.386003
v -211.085373 8.388088 0.179696
v -211.057587 10.553911 1.051402
v -215.538879 10.232086 1.140545
v -207.466446 5.812185 -0.922606
v -211.118988 5.489624 -0.783555
v -215.566513 8.013731 0.300828
v -207.492859 2.322823 -1.312534
v -211.146149 2.028072 -1.215014
v -215.599869 5.073706 -0.639443
v -220.369629 7.767632 0.368314
v -220.398468 10.140057 1.231905
v -220.346436 4.690765 -0.593746
v -226.136993 7.876114 0.426378
v -226.101166 10.419827 1.331149
v -226.178497 4.629032 -0.574186
v -232.284088 8.398294 0.514262
v -232.234482 10.999104 1.432148
v -232.339981 5.068985 -0.502759
v -226.205017 1.304850 -1.026915
v -238.767548 9.346622 0.457786
v -238.806396 12.019817 1.532087
v -238.767532 5.602695 -0.650064
v -244.465118 10.269920 0.730721
v -244.458435 12.812412 1.619866
v -244.497528 6.065378 -0.293276
v -232.367432 1.625040 -0.971456
v -249.260742 9.930923 0.770308
v -249.227600 12.375780 1.716672
v -249.302475 5.977970 -0.282080
v -254.597046 9.646915 0.928692
v -254.532898 11.929806 1.823561
v -254.648865 5.980965 -0.073064
v -259.355103 9.496502 1.053232
v -259.308502 11.740223 1.915423
v -264.084412 11.550529 2.007256
v -259.399658 5.916473 0.076969
v -264.110535 9.445927 1.215344
v -269.278076 9.448986 1.345096
v -269.251343 11.474045 2.103976
v -274.418427 11.397373 2.200701
v -264.144745 6.235212 0.305668
v -274.445831 9.452099 1.474770
v -279.899109 11.157272 2.306545
v -269.312561 6.335873 0.446703
v -264.169373 2.902625 -0.048768
v -279.932465 9.436916 1.633473
v -285.407532 11.275551 2.405561
v -274.480225 6.436466 0.587728
v -285.452637 9.466679 1.713795
v -292.418732 11.326344 2.533662
v -279.969238 6.604778 0.783669
v -269.335724 3.057460 0.026755
v -292.463898 9.445202 1.853207
v -264.070221 -0.174954 0.068755
v -285.495148 6.567659 0.857270
v -299.736481 9.397259 1.981311
v -299.706879 11.315065 2.668041
v -307.551025 11.499760 2.808678
v -307.567993 9.552126 1.997621
v -314.652527 11.813877 2.932966
v -299.782684 6.490450 1.163912
v -292.519318 6.510033 1.019300
v -314.680664 9.835827 2.141612
v -292.549072 3.333388 0.558117
v -307.577789 6.609135 1.120030
v -299.834656 3.391128 0.755162
v -307.557617 3.490468 0.912755
v -314.707642 6.813013 1.287077
v -314.702881 3.538944 1.089583
v -321.892578 7.112984 1.539907
v -321.869263 10.296968 2.339210
v -321.861084 12.344456 3.054756
v -328.701477 12.974482 3.167713
v -328.703186 10.800840 2.544957
v -321.936035 3.550999 1.278110
v -336.078552 10.523525 2.623023
v -336.054932 12.596870 3.310940
v -344.117065 12.187832 3.467787
v -328.724854 7.397076 1.810427
v -336.123962 7.350571 1.876865
v -343.996124 10.100399 2.813989
v -352.461914 9.770235 3.043887
v -352.341858 11.824780 3.626780
v -361.275818 11.185516 3.804510
v -343.877747 7.190937 2.090868
v -361.346863 9.262180 3.278608
v -352.580658 7.188908 2.413240
v -370.875366 8.754860 3.506161
v -370.779907 10.576773 3.992107
v -381.632477 9.568222 4.212824
v -361.432068 6.877295 2.708882
v -381.713257 8.101316 3.772247
v -387.387817 8.907684 4.332438
v -370.971527 6.932903 3.020103
v -361.530029 3.873755 2.424746
v -387.454987 7.624731 3.963708
v -393.142029 8.246956 4.452053
v -381.793884 6.634584 3.332098
v -393.196655 7.147964 4.155276
v -399.476898 7.333870 4.587534
v -387.522034 6.341606 3.595151
v -371.007996 3.874300 2.674504
v -399.514771 6.466774 4.301867
v -405.811798 6.420364 4.723022
v -393.250793 6.048370 3.858322
v -405.832794 5.785604 4.448683
v -381.826721 3.885054 2.977541
v -387.548981 3.928359 3.240962
v -399.552582 5.600018 4.016283
v -393.271240 3.971405 3.504474
v -414.792816 4.647648 4.733451
v -414.774719 5.026958 4.916824
v -418.941101 4.256578 5.009480
v -405.853638 5.150894 4.174116
v -414.811127 4.268257 4.550100
v -399.565979 4.013676 3.811761
v -405.861084 4.056317 4.119124
v -414.823853 3.798461 4.751565
v -414.838074 3.328951 4.952922
v -405.855103 3.227013 4.095387
v -405.841980 2.362378 4.454880
v -405.829803 1.715992 4.820305
v -399.552704 2.765670 3.830452
v -399.523132 1.606277 4.279337
v -399.496704 0.774859 4.723083
v -393.250488 2.304531 3.565343
v -393.204346 0.850235 4.103556
v -393.164124 -0.165941 4.625825
v -387.526550 2.069736 3.335436
v -387.467316 0.349289 3.947551
v -387.413635 -0.882742 4.534689
v -381.801514 1.834917 3.105658
v -381.730286 -0.151758 3.791327
v -381.664795 -1.599773 4.443570
v -370.976685 1.278781 2.774522
v -370.854004 -1.022152 3.532354
v -370.740997 -2.640762 4.263855
v -361.326385 -3.512747 4.108427
v -361.492737 0.777418 2.489513
v -361.404602 -1.774767 3.307541
v -352.539764 0.339955 2.270260
v -352.466400 -2.390150 3.136368
v -352.401978 -4.219734 3.958720
v -344.063232 -4.727499 3.815570
v -352.570709 3.764020 2.104327
v -343.958801 -2.897724 2.971268
v -343.860901 -0.084305 2.057704
v -343.885406 3.657589 1.793718
v -336.124268 -0.471817 1.935486
v -336.120972 -3.410667 2.849428
v -336.136597 -5.279646 3.681030
v -336.197632 3.597661 1.622656
v -328.802612 -0.953848 1.793032
v -328.802307 -3.965847 2.718287
v -328.797363 -5.796078 3.556460
v -328.784180 3.541343 1.461302
v -321.926331 -0.545160 1.618633
v -321.937805 -3.379284 2.559950
v -321.950928 -5.218761 3.418536
v -314.739349 -4.750736 3.276045
v -314.650970 -0.164953 1.383786
v -314.688965 -2.907467 2.365663
v -307.635376 0.079972 1.173177
v -307.647400 -2.630085 2.188360
v -307.640259 -4.511841 3.140457
v -299.857849 0.067424 0.858213
v -299.854736 -2.608269 1.939776
v -299.845734 -4.476532 2.996164
v -292.364441 -4.367596 2.856173
v -292.466583 -2.552948 1.787031
v -292.564667 0.057661 0.686367
v -285.488953 3.282303 0.360358
v -285.502106 0.364697 0.519674
v -279.979980 3.253546 0.251114
v -285.630981 -2.052721 1.645704
v -287.156372 -4.284842 2.758604
v -286.202301 -3.856285 2.732193
v -285.389587 -3.617977 2.712303
v -284.148956 -3.583248 2.688751
v -279.993225 0.381598 0.403976
v -279.984863 -2.029827 1.449903
v -279.970825 -3.694485 2.614111
v -274.467346 -3.775000 2.514409
v -274.495178 -2.040310 1.319111
v -274.514557 0.407494 0.249084
v -274.501801 3.212004 0.102515
v -269.292328 0.116345 0.158971
v -269.290802 -2.291460 1.225595
v -269.305939 -3.924109 2.422480
v -264.144165 -4.073505 2.330504
v -264.085571 -2.542896 1.131879
v -259.317688 -2.999050 1.104282
v -259.294708 -4.758415 2.255318
v -254.444412 -5.443073 2.180094
v -259.352600 -0.379519 0.043867
v -254.549393 -3.455090 1.076666
v -249.382278 -6.286278 2.104312
v -259.395538 2.861560 -0.183156
v -254.622009 2.820416 -0.317320
v -254.634552 -0.584179 0.019197
v -249.322754 2.531325 -0.523849
v -244.556946 2.266916 -0.601850
v -249.334488 -1.010347 -0.103802
v -249.358948 -4.098661 0.990902
v -244.571442 -1.335604 -0.311195
v -238.895523 2.123486 -0.758883
v -244.542114 -4.740551 0.822846
v -244.502045 -7.274429 2.034819
v -238.904572 -1.487419 -0.496621
v -232.367752 -1.733158 -0.807568
v -238.927521 -4.444801 0.655193
v -238.951019 -6.765312 1.922075
v -232.361847 -6.582922 1.796967
v -232.365250 -4.456257 0.415310
v -226.212036 -4.384167 0.283147
v -226.197723 -6.377054 1.679242
v -226.220093 -1.834347 -0.933226
v -220.379669 -4.149712 0.247310
v -220.365494 -5.955034 1.563164
v -220.387756 -1.763447 -0.914277
v -220.373291 1.361798 -1.059058
v -215.627289 1.663936 -1.115176
v -215.641617 -1.532387 -0.936371
v -211.158386 -1.227285 -0.922959
v -215.633759 -3.838945 0.196149
v -215.619675 -5.528427 1.466987
v -211.151520 -3.648106 0.181179
v -211.139572 -5.452522 1.382917
v -207.504013 -1.005743 -0.924130
v -207.498627 -3.655186 0.166113
v -207.488708 -5.704838 1.320923
v -203.398727 -0.988468 -0.915665
v -203.317291 -3.889879 0.150705
v -203.214386 -6.160091 1.251599
v -199.987961 -7.135536 1.212299
v -200.415497 2.695056 -1.408110
v -200.138428 -4.400358 0.093487
v -200.298584 -1.052700 -0.977407
v -197.917007 2.770390 -1.436199
v -197.945801 -1.056225 -1.031081
v -197.845932 -4.545006 0.044422
v -197.720001 -7.420525 1.176410
v -195.721436 -7.236786 1.135816
v -195.727097 -4.452240 -0.009435
v -191.837006 -6.767378 1.054609
v -195.714081 2.816760 -1.481427
v -195.728119 -1.034395 -1.091807
v -191.844818 -4.101904 -0.171923
v -187.482208 -6.290146 0.964596
v -191.832535 2.955978 -1.624794
v -191.847275 -0.764046 -1.308752
v -187.490250 -3.838821 -0.208549
v -182.407288 -5.984715 0.864842
v -187.480270 3.223462 -1.783783
v -187.493378 -0.641684 -1.337167
v -182.406570 3.544992 -1.956158
v -182.415405 -3.605135 -0.291265
v -182.418732 -0.436273 -1.428503
v -177.076096 3.601916 -2.125329
v -177.088882 -0.224722 -1.669293
v -177.084839 -3.455402 -0.477736
v -177.075790 -5.958963 0.766171
v -171.305801 -0.231006 -1.946095
v -171.292023 3.381371 -2.276642
v -171.291656 -3.604408 -0.691926
v -171.270370 -6.333931 0.666971
v -165.939041 -6.475445 0.571714
v -166.069962 -3.775896 -0.781877
v -166.177643 -0.428934 -2.028215
v -166.163559 3.183435 -2.348165
v -161.114441 3.209530 -2.413398
v -161.128586 -0.394092 -2.105310
v -161.096786 -3.588728 -0.870167
v -161.054657 -6.112072 0.474288
v -156.480927 -0.265847 -2.212399
v -156.466873 3.331902 -2.525260
v -156.472549 -3.435198 -0.967875
v -156.458160 -5.931599 0.385936
v -151.886475 -5.850857 0.300098
v -151.897858 -3.337208 -1.069511
v -151.903381 -0.156517 -2.330471
v -151.889557 3.428317 -2.653764
v -147.311432 3.383522 -2.686722
v -147.326996 -0.515400 -2.380097
v -143.102524 3.247049 -2.761987
v -147.320923 -3.528191 -1.138819
v -147.308258 -5.744753 0.213593
v -143.118500 -0.731325 -2.439394
v -143.112946 -3.845886 -1.200101
v -143.101166 -6.151920 0.144508
v -140.363861 -6.573929 0.102783
v -140.374466 -4.041313 -1.238523
v -140.379013 -0.728275 -2.477451
v -137.317078 3.348987 -2.856785
v -137.332565 -0.654780 -2.518873
v -137.329056 -4.107180 -1.283431
v -137.319519 -6.793549 0.051227
v -134.122650 3.141973 -2.845339
v -134.138123 -0.646357 -2.556788
v -134.133667 -3.873478 -1.342570
v -134.123093 -6.379337 -0.015728
v -130.229492 -5.519154 -0.104324
v -130.240799 3.008024 -2.965683
v -130.212891 -3.405697 -1.443671
v -130.208313 -0.571129 -2.670403
v -126.342255 3.028154 -2.987082
v -126.366577 -0.613520 -2.632983
v -126.354034 -3.374252 -1.448422
v -126.330986 -5.379494 -0.177577
v -121.736107 -6.016504 -0.247057
v -121.670967 3.419513 -3.328860
v -121.806824 -3.525105 -1.632854
v -121.839783 -0.715625 -2.885683
v -117.091843 3.624796 -3.746962
v -117.134857 -0.647017 -3.223410
v -116.997269 -3.930035 -1.840477
v -116.827255 -6.945082 -0.315567
v -112.690361 3.660015 -4.075612
v -112.634659 -0.886433 -3.159197
v -112.545425 -4.271326 -1.802596
v -112.451370 -7.357426 -0.385189
v -108.845505 -7.776487 -0.441342
v -108.855263 -4.564823 -1.898702
v -108.853249 -1.065557 -3.290497
v -108.791588 3.585443 -4.206898
v -98.241364 -7.427946 0.682662
v -101.413628 -6.619743 0.698549
v -98.211319 -4.558460 1.957548
v -101.525139 -2.355366 2.243930
v -105.289818 -5.757439 0.635641
v -105.359283 -1.573002 2.085756
v -108.841644 -5.062263 0.621355
v -108.813805 -1.056940 2.001059
v -112.497772 -4.572556 0.667866
v -112.503082 -0.576756 1.983078
v -116.888443 -4.279415 0.669807
v -116.921036 -0.447199 1.879280
v -121.549011 -3.738396 0.701210
v -126.250458 -3.393452 0.756719
v -121.355377 -0.392490 1.829462
v -130.026184 -3.353882 0.896091
v -126.173889 -0.465592 1.826903
v -129.852188 -0.344589 1.995204
v -134.064407 -3.820515 1.031293
v -134.009521 -0.564067 2.138545
v -137.161865 -4.059940 1.136482
v -140.372238 -3.981508 1.202404
v -137.024323 -0.642610 2.268813
v -143.289124 -3.805960 1.256399
v -140.361481 -0.705252 2.346125
v -147.355911 -3.430700 1.332364
v -143.186401 -0.776176 2.407816
v -151.838181 -3.235817 1.416621
v -147.374359 -0.469288 2.494785
v -151.798874 -0.178633 2.579685
v -156.377899 -3.348650 1.484512
v -156.308167 -0.093830 2.623466
v -160.987106 -3.533632 1.560284
v -166.003326 -3.796947 1.659700
v -160.934601 -0.261659 2.686114
v -171.232849 -3.624084 1.754896
v -166.067886 -0.401173 2.790289
v -171.194870 -0.193091 2.887124
v -177.156357 -3.329411 1.831677
v -177.245590 0.013274 2.941456
v -182.313385 -3.411501 1.892065
v -182.235092 -0.016978 2.969242
v -187.512512 -3.804302 1.956153
v -187.515427 -0.468777 2.998765
v -182.312286 3.669113 3.158708
v -191.770050 -4.251007 2.012621
v -191.709808 -0.858431 3.017838
v -195.691071 -4.647310 2.012696
v -191.743744 3.081762 3.197191
v -197.826797 -4.751135 2.042075
v -195.654724 -1.148087 2.951244
v -200.249252 -4.593060 2.073399
v -197.928757 -1.175322 2.973162
v -203.536423 -4.048908 2.121053
v -200.507187 -1.165092 3.007514
v -207.533630 -3.753666 2.245330
v -203.855560 -1.102613 3.071795
v -211.137512 -3.683632 2.412254
v -207.559067 -0.900316 3.242956
v -211.130463 -1.040442 3.466877
v -215.768448 -3.853952 2.505527
v -215.904510 -1.322086 3.564037
v -220.419937 -4.180096 2.625563
v -220.493958 -1.553310 3.706171
v -226.246399 -4.518274 2.746153
v -232.342606 -4.677217 2.795929
v -226.309235 -1.770226 3.844732
v -238.891388 -4.639174 2.831130
v -232.290741 -1.807899 3.859189
v -238.825745 -1.506733 3.823551
v -244.502502 -4.953506 2.916348
v -244.496948 -1.672318 3.871585
v -249.325882 -4.286045 2.982195
v -249.259613 -1.031429 3.990137
v -244.469482 2.363962 4.154986
v -254.506775 -3.625942 3.062352
v -254.576080 -0.624666 4.013080
v -259.317352 -3.159412 3.208686
v -259.341125 -0.420435 4.189800
v -264.127930 -2.692625 3.355046
v -269.291321 -2.434908 3.422061
v -254.596375 2.835475 4.193060
v -274.455017 -2.176788 3.488886
v -249.232941 2.631482 4.352326
v -269.271393 0.097690 4.424845
v -279.946838 -2.163021 3.561071
v -264.105743 -0.216216 4.366545
v -285.568604 -2.315994 3.614068
v -292.431458 -2.577919 3.705054
v -285.427002 0.362839 4.615280
v -279.917511 0.381563 4.528603
v -299.821869 -2.687654 3.758005
v -274.437073 0.411869 4.482988
v -292.493134 0.106727 4.592956
v -307.617523 -2.715631 3.838614
v -299.790894 0.209012 4.587530
v -314.716248 -2.920315 3.984377
v -307.588013 0.129516 4.606341
v -314.685425 0.101376 4.763654
v -321.927368 -3.306881 4.120226
v -321.896240 -0.154757 4.886569
v -328.773376 -3.778168 4.239228
v -336.136597 -3.339005 4.380905
v -328.741547 -0.414545 4.982096
v -343.929810 -2.873718 4.529359
v -336.134766 -0.429638 5.118741
v -352.438019 -2.367100 4.650419
v -343.800476 -0.112379 5.270920
v -361.377075 -1.751987 4.776103
v -352.481079 0.317113 5.351778
v -370.825195 -1.025341 4.900334
v -381.701355 -0.171932 5.035114
v -370.920288 1.383913 5.526825
v -387.443542 0.366217 5.058481
v -381.746399 1.894132 5.620553
v -361.437683 0.940048 5.431557
v -393.185699 0.904136 5.081717
v -387.477966 2.143482 5.580739
v -399.506653 1.670188 5.094276
v -393.209778 2.392513 5.540880
v -381.768372 3.938764 5.582819
v -387.494202 3.975872 5.560690
v -399.518585 2.777685 5.468404
v -370.947968 3.932005 5.475821
v -393.220337 4.013088 5.538734
v -361.470398 3.934488 5.372089
v -405.828949 2.436043 5.106981
v -352.506226 3.831146 5.367661
v -414.818726 3.679124 5.080623
v -414.784576 4.283617 5.300838
v -405.827332 3.162640 5.396146
v -399.521545 4.048275 5.485685
v -405.821625 4.083168 5.432446
v -414.780121 4.655281 5.108973
v -405.828430 5.174835 5.332386
v -405.819702 5.797752 5.027754
v -399.528198 5.624592 5.215903
v -399.502625 6.479111 4.901758
v -393.227722 6.074121 5.099380
v -393.185181 7.160622 4.775687
v -387.494781 6.233505 5.130803
v -387.440948 7.640104 4.719715
v -381.761597 6.393047 5.162311
v -381.696594 8.119888 4.663788
v -370.924683 6.738918 5.013963
v -370.850220 8.925133 4.459024
v -361.358398 9.305948 4.329830
v -361.445099 6.867661 4.937902
v -352.476593 7.074499 4.934127
v -352.406097 9.779219 4.236350
v -343.966431 10.072008 4.159651
v -343.816528 7.242630 4.937955
v -343.816956 3.731207 5.363226
v -336.107483 7.385866 4.861856
v -336.078857 10.368767 4.046407
v -336.129547 3.672680 5.255068
v -328.699585 10.726686 3.912395
v -328.702515 7.342972 4.771469
v -328.716431 3.617523 5.147013
v -321.860077 7.114616 4.676621
v -321.858612 10.261299 3.806215
v -321.871918 3.626838 5.067307
v -314.651672 6.908907 4.555108
v -314.650574 9.864925 3.682779
v -314.662537 3.605469 4.957095
v -307.552063 9.572632 3.557838
v -307.565460 3.537273 4.815102
v -307.554657 6.879566 4.401665
v -299.769531 3.470251 4.769020
v -299.761139 6.681322 4.267167
v -292.472778 3.418834 4.712534
v -299.733276 9.346336 3.413228
v -292.442413 9.311943 3.233377
v -292.467194 6.513996 4.090597
v -285.406860 9.259354 3.054696
v -285.409821 3.370957 4.655985
v -285.406769 6.460964 3.896147
v -279.896851 9.286806 2.987095
v -279.900818 3.342291 4.564749
v -279.895874 6.593102 3.848879
v -274.420471 3.303001 4.515448
v -274.415558 9.478228 2.929131
v -274.414246 6.698938 3.830991
v -269.254791 3.147735 4.408009
v -269.246735 6.645395 3.797569
v -269.248169 9.477966 2.877800
v -264.089386 2.992353 4.300694
v -264.080566 9.477514 2.826529
v -264.079529 6.553112 3.771919
v -259.343048 2.913902 4.246851
v -259.309509 6.433285 3.777081
v -254.539368 6.575279 3.677125
v -259.304810 9.507614 2.790185
v -254.529358 9.699621 2.688671
v -249.223068 10.048134 2.663237
v -249.221222 6.738245 3.753262
v -244.503662 10.271255 2.584438
v -244.533569 6.694569 3.665981
v -238.737991 9.630516 2.522394
v -238.806122 2.217936 4.108355
v -238.695618 6.271940 3.627792
v -232.174332 8.719376 2.310141
v -232.167664 1.763884 4.068435
v -232.124573 5.537380 3.358066
v -226.362000 1.523749 3.927759
v -226.181747 8.240292 2.164382
v -226.280029 5.241140 3.165636
v -220.566208 1.602658 3.739296
v -220.590378 5.150938 3.025436
v -220.497238 8.036810 2.050001
v -215.851212 1.856337 3.604887
v -215.788467 5.188540 2.988904
v -215.656830 8.077709 1.996891
v -211.109695 2.199674 3.528540
v -211.059357 5.555182 2.967630
v -211.052795 8.424496 1.947834
v -207.487015 2.439016 3.487824
v -207.410080 5.869892 2.958464
v -207.386475 8.996571 1.904373
v -203.828552 2.665277 3.411303
v -203.808380 6.195133 2.957558
v -203.183609 9.135738 1.948856
v -200.479797 2.817071 3.309837
v -200.440491 6.494282 2.953078
v -200.346909 9.263496 1.856522
v -197.901611 2.897890 3.239592
v -197.873825 6.680790 2.959321
v -197.833862 9.264833 1.847673
v -195.627686 2.943830 3.200258
v -195.610397 6.799860 2.986063
v -195.617340 9.327454 1.848385
v -191.733551 9.505550 1.854335
v -191.724716 7.008104 3.055676
v -187.380585 10.091967 1.795279
v -187.388535 3.350629 3.192767
v -187.369492 7.320553 3.038056
v -182.293457 7.674252 2.985237
v -182.134583 10.829092 1.705376
v -177.288025 3.710955 3.127383
v -177.079956 7.722874 2.714942
v -176.951889 10.904129 1.495951
v -171.193588 3.470169 3.075027
v -171.189774 10.626732 1.264259
v -171.183258 7.563782 2.403950
v -166.065903 3.273399 2.967859
v -166.054749 7.409237 2.332401
v -166.082611 10.617790 1.184110
v -161.017731 3.280762 2.849174
v -161.035217 10.559967 1.102828
v -161.006180 7.366638 2.252817
v -156.369537 3.348064 2.788404
v -156.358261 7.306498 2.216596
v -151.797958 3.211100 2.751513
v -151.805389 7.357531 2.017583
v -156.376892 10.538620 1.044127
v -151.784790 10.667252 0.902007
v -147.205750 7.299160 1.896209
v -147.208847 10.483379 0.778736
v -147.216064 2.874578 2.674702
v -143.093918 2.699919 2.600347
v -143.011887 7.102444 1.879597
v -142.998978 10.441746 0.737913
v -140.259003 2.794811 2.530778
v -140.255753 7.117989 1.818878
v -140.259338 10.518774 0.681564
v -137.138840 2.843171 2.471108
v -137.196854 7.170605 1.751620
v -137.213715 10.532372 0.619485
v -134.034119 3.004965 2.415756
v -134.017944 7.278202 1.690233
v -134.020203 10.425526 0.562031
v -130.103973 7.381861 1.620543
v -130.141678 10.362015 0.489660
v -129.987366 3.229626 2.386740
v -126.231949 10.321709 0.518272
v -126.194527 3.520968 2.389362
v -126.220123 7.484831 1.657925
v -121.645752 11.006413 0.555704
v -121.475098 8.058559 1.900608
v -121.334656 4.099317 2.579241
v -116.713821 8.502350 2.105722
v -116.708206 11.641254 0.599798
v -116.795212 4.442589 2.840683
v -112.313271 8.963902 2.262432
v -112.325027 12.093243 0.675924
v -112.322617 4.449402 3.107656
v -108.709641 4.293806 3.359390
v -108.702934 9.044163 2.298368
v -108.716217 12.358349 0.581687
v -105.435852 4.020603 3.477522
v -105.369659 9.075050 2.242334
v -105.172630 12.715765 0.496356
v -101.549469 3.193073 3.544451
v -101.158958 12.925829 0.494980
v -101.271179 8.866632 2.320095
v -97.966568 2.202833 3.568964
v -98.314949 8.559139 2.817915
v -98.279518 13.072063 0.763596
v -305.911591 -3.643682 -2.781834
v -295.488159 1.589707 8.123925
v -296.042786 1.733473 8.291126
v -306.427185 -3.488586 -2.610211
v -296.624481 1.909602 8.465589
v -306.978821 -3.311844 -2.433342
v -297.262695 2.150479 8.654052
v -307.598633 -3.091953 -2.246326
v -297.953033 2.455273 8.858348
v -308.263550 -2.840965 -2.061497
v -298.692139 2.822802 9.080296
v -308.947968 -2.570248 -1.890965
v -299.526855 3.270414 9.324471
v -309.651550 -2.281967 -1.735864
v -300.500610 3.815241 9.595634
v -310.371765 -1.978373 -1.596111
v -301.623230 4.452271 9.885008
v -311.130554 -1.651714 -1.468646
v -302.904663 5.176807 10.184391
v -311.945312 -1.293800 -1.350432
v -304.232727 5.921394 10.469816
v -312.755432 -0.936010 -1.251513
v -305.494568 6.619987 10.717279
v -313.497803 -0.609272 -1.182094
v -306.786865 7.318682 10.939329
v -314.257233 -0.279829 -1.136414
v -315.119568 0.085676 -1.108608
v -308.205139 8.064188 11.147144
v -316.002869 0.448991 -1.102240
v -309.728180 8.846111 11.341358
v -316.823578 0.771239 -1.121032
v -311.335510 9.654377 11.521902
v -317.616699 1.067391 -1.158886
v -313.016602 10.485888 11.687290
v -318.413483 1.352102 -1.209681
v -314.762268 11.337631 11.837074
v -319.222900 1.628217 -1.271731
v -316.514099 12.168915 11.955593
v -320.050934 1.898404 -1.343322
v -318.211487 12.938927 12.028120
v -320.966797 2.175092 -1.433034
v -319.890961 13.663965 12.058277
v -322.036560 2.469165 -1.549875
v -321.590088 14.360178 12.049238
v -323.162354 2.731468 -1.702109
v -323.415771 15.083569 12.014458
v -324.245728 2.912302 -1.898461
v -325.477722 15.891064 11.966730
v -325.271606 3.004168 -2.076941
v -327.609253 16.690617 11.883842
v -329.644562 17.390436 11.743420
v -326.223938 3.000297 -2.175720
v -327.136597 2.908107 -2.237678
v -331.734863 18.023806 11.530823
v -334.027588 18.624334 11.231236
v -328.044495 2.735335 -2.305648
v -336.476196 19.158758 10.855419
v -329.068573 2.465851 -2.392537
v -339.034119 19.594522 10.412987
v -330.326599 2.083826 -2.509727
v -331.719910 1.628954 -2.640699
v -341.656372 19.872976 9.913105
v -344.297241 19.936543 9.364728
v -333.148895 1.141432 -2.767759
v -346.894226 19.815178 8.801524
v -334.704651 0.604226 -2.889283
v -349.384186 19.539587 8.256891
v -336.477997 0.000961 -3.003369
v -338.469666 -0.651757 -3.099895
v -351.896790 19.107574 7.714958
v -354.561981 18.517418 7.159682
v -340.682068 -1.337677 -3.168733
v -357.163391 17.833822 6.637657
v -343.005859 -2.012846 -3.205469
v -345.330078 -2.632805 -3.205211
v -359.481750 17.121494 6.196079
v -361.733704 16.339029 5.788857
v -347.594452 -3.207331 -3.185638
v -364.134125 15.444542 5.370163
v -349.738525 -3.745533 -3.164731
v -366.397461 14.544397 4.994807
v -351.961121 -4.289557 -3.135904
v -354.464661 -4.880657 -3.093460
v -368.238312 13.745157 4.717845
v -357.047455 -5.462763 -3.036315
v -369.913574 12.961258 4.496904
v -359.511108 -5.978569 -2.963289
v -371.679535 12.106903 4.288927
v -361.912140 -6.433048 -2.870358
v -373.359131 11.274757 4.117605
v -364.306885 -6.830757 -2.753160
v -374.772766 10.557590 4.006432
v -366.790466 -7.155544 -2.595232
v -376.052948 9.900471 3.937461
v -369.453369 -7.391651 -2.381306
v -377.331665 9.248512 3.893293
v -372.016541 -7.562340 -2.154051
v -378.546021 8.659874 3.874333
v -374.195312 -7.692947 -1.957193
v -379.636841 8.191978 3.881296
v -380.661560 7.822638 3.906981
v -376.216370 -7.761295 -1.761221
v -381.678528 7.527086 3.943499
v -378.304871 -7.745407 -1.536950
v -382.712494 7.322332 3.993191
v -380.459534 -7.649296 -1.290700
v -383.786560 7.224146 4.058688
v -382.680939 -7.476265 -1.028626
v -384.851990 7.193203 4.130262
v -384.989197 -7.222178 -0.752077
v -385.857788 7.188463 4.199336
v -387.403076 -6.881910 -0.462504
v -386.821655 7.204956 4.266150
v -389.726440 -6.498365 -0.183580
v -387.759033 7.237545 4.331253
v -391.764282 -6.113535 0.060468
v -388.746704 7.291119 4.400347
v -393.617920 -5.723846 0.281553
v -389.862000 7.369881 4.478132
v -395.386322 -5.325352 0.491792
v -391.058594 7.471558 4.561536
v -397.143646 -4.904964 0.699406
v -392.287445 7.593096 4.647223
v -398.961609 -4.447891 0.913096
v -393.550720 7.736813 4.735154
v -400.713318 -3.990486 1.117651
v -394.851746 7.903486 4.825972
v -402.271240 -3.568726 1.297861
v -396.186096 8.091488 4.919021
v -403.744812 -3.155638 1.466621
v -397.547485 8.298628 5.014449
v -405.242767 -2.724403 1.636294
v -398.892212 8.518736 5.109333
v -406.760437 -2.277596 1.805834
v -400.175110 8.746113 5.200750
v -408.295258 -1.818304 1.974530
v -401.443542 8.987217 5.292122
v -409.845978 -1.348265 2.141978
v -402.746765 9.250494 5.387522
v -411.414978 -0.867978 2.307831
v -404.033844 9.522202 5.482777
v -412.900330 -0.411602 2.461367
v -405.256958 9.789616 5.575011
v -414.195251 -0.013298 2.591338
v -406.380310 10.039989 5.660767
v -415.395294 0.357347 2.708595
v -407.369751 10.259373 5.737346
v -416.595276 0.730829 2.824293
v -417.796387 1.105927 2.938951
v -408.292328 10.462990 5.809103
v -41.893936 6.645823 -2.883862
v -45.933533 0.287916 -0.227704
v -46.123505 0.334851 -0.472853
v -42.615555 6.645443 -3.540009
v -46.320847 0.359862 -0.709665
v -43.203140 6.507061 -4.154583
v -46.533875 0.340672 -0.929235
v -43.522568 6.093353 -4.686291
v -46.778702 0.290853 -1.158416
v -43.743439 5.584143 -5.169053
v -47.072861 0.223151 -1.423796
v -44.034225 5.159145 -5.636280
v -47.372284 0.135316 -1.665337
v -44.439697 4.727751 -6.166935
v -47.634338 0.024966 -1.821908
v -45.002975 4.199774 -6.839052
v -47.913361 -0.132487 -1.909453
v -45.746918 3.582466 -7.639799
v -48.263306 -0.362225 -1.944308
v -46.692200 2.883599 -8.556393
v -48.610794 -0.625832 -1.905475
v -47.685509 2.204263 -9.444256
v -48.574951 1.645631 -10.159115
v -48.882545 -0.885115 -1.772242
v -49.492996 1.116647 -10.797462
v -49.135567 -1.159145 -1.531008
v -49.428246 -1.467556 -1.167779
v -50.572830 0.526188 -11.454645
v -49.759003 -1.763157 -0.706596
v -51.895401 -0.185845 -12.137707
v -53.540245 -1.080383 -12.852865
v -50.126991 -1.999960 -0.171359
v -55.210846 -2.014656 -13.500546
v -50.493744 -2.185661 0.370538
v -56.609756 -2.846653 -13.981640
v -50.819130 -2.328951 0.851667
v -57.788147 -3.587341 -14.313463
v -51.294044 -2.438137 1.467339
v -52.108170 -2.521463 2.412639
v -58.797699 -4.248108 -14.513023
v -53.172699 -2.534227 3.562910
v -59.805763 -4.935163 -14.606894
v -54.396683 -2.430956 4.793530
v -60.979172 -5.754599 -14.621082
v -55.751129 -2.222319 6.066412
v -62.272774 -6.670841 -14.550121
v -57.205246 -1.918512 7.342633
v -63.641167 -7.648146 -14.388592
v -58.773125 -1.474058 8.628294
v -65.089737 -8.652773 -14.127033
v -60.468506 -0.843317 9.928471
v -66.622742 -9.651966 -13.755665
v -62.387558 -0.047758 11.253714
v -68.168335 -10.551924 -13.338737
v -69.653328 -11.258759 -12.940083
v -64.624039 0.891138 12.614016
v -71.077980 -11.880833 -12.590115
v -66.963348 1.832537 13.872864
v -72.441254 -12.526119 -12.318699
v -69.189789 2.636223 14.893480
v -73.909752 -13.246929 -12.110416
v -71.448486 3.337209 15.736519
v -75.647934 -14.095108 -11.950344
v -73.883995 3.970666 16.462168
v -77.470787 -15.014736 -11.815662
v -76.519455 4.482834 17.032688
v -79.374947 4.819427 17.410210
v -79.191597 -15.948635 -11.683880
v -82.335541 5.028786 17.551367
v -80.911583 -16.878185 -11.607635
v -82.731537 -17.784092 -11.640705
v -85.284790 5.158903 17.412718
v -88.282135 5.303513 17.043512
v -84.677048 -18.705109 -11.689869
v -86.775322 -19.680862 -11.662895
v -91.387077 5.555809 16.493275
v -94.338684 5.833122 15.765074
v -88.810966 -20.593723 -11.592617
v -96.873909 6.052708 14.862041
v -90.570641 -21.326195 -11.512154
v -99.169838 6.227451 13.771828
v -92.435768 -21.999859 -11.372265
v -101.403564 6.370655 12.482807
v -94.787300 -22.736206 -11.123835
v -103.535500 6.499989 11.139309
v -97.123657 -23.404541 -10.843166
v -105.526230 6.633272 9.885761
v -98.943047 -23.874218 -10.605858
v -107.341789 6.741016 8.775586
v -100.800339 -24.228821 -10.305201
v -108.949356 6.794407 7.861938
v -103.250725 -24.551903 -9.835098
v -110.437950 6.804548 7.111955
v -106.029457 -24.753311 -9.203165
v -111.896347 6.782394 6.491909
v -108.872612 -24.742950 -8.417343
v -113.341675 6.733669 6.018295
v -111.601624 -24.550728 -7.565544
v -114.792374 6.663742 5.708250
v -114.037567 -24.205826 -6.736249
v -116.136566 6.595701 5.562118
v -116.241638 -23.727875 -5.932423
v -117.262589 6.552530 5.580656
v -118.275604 -23.136898 -5.157602
v -118.204903 6.540476 5.693740
v -120.202644 -22.423435 -4.400238
v -118.998184 6.565487 5.831568
v -122.084869 -21.578583 -3.648582
v -119.757698 6.627794 5.987238
v -124.021835 -20.551483 -2.877398
v -120.598328 6.726089 6.154135
v -126.113022 -19.291016 -2.061473
v -121.530449 6.864496 6.348101
v -128.234650 -17.908554 -1.251786
v -122.563583 7.046783 6.585382
v -130.262268 -16.515236 -0.500196
v -123.689293 7.277229 6.872158
v -132.140991 -15.139677 0.185720
v -124.898727 7.559586 7.215168
v -133.815048 -13.809673 0.797758
v -126.119690 7.874956 7.585556
v -135.308517 -12.543797 1.352223
v -127.279739 8.203753 7.954531
v -136.645844 -11.360432 1.865582
v -128.369995 8.539076 8.310573
v -137.913651 -10.172195 2.412827
v -129.381638 8.874741 8.641850
v -139.199387 -8.893272 3.068548
v -130.346283 9.221973 8.951324
v -140.438522 -7.606981 3.754749
v -131.296387 9.592308 9.242234
v -141.566299 -6.397560 4.393812
v -132.210999 9.978617 9.503273
v -142.598251 -5.274696 4.964264
v -133.068817 10.374077 9.722946
v -143.548615 -4.248562 5.444473
v -133.880676 10.781261 9.899731
v -144.424149 -3.319750 5.830858
v -134.656158 11.202690 10.031715
v -145.231705 -2.489758 6.120111
v -135.406296 11.644783 10.116898
v -145.972702 -1.758854 6.318424
v -136.141357 12.113201 10.153166
v -146.647736 -1.127956 6.432777
v -136.874222 12.608513 10.143761
v -147.261719 -0.583239 6.483229
v -147.819977 -0.111211 6.490757
v -137.618195 13.130646 10.092001
v -148.350998 0.324800 6.476808
v -138.367538 13.666336 10.019146
v -284.597473 6.870119 8.054321
v -287.258301 13.033785 -6.231920
v -288.116943 12.544353 -6.281818
v -284.949951 6.653049 8.076170
v -288.949982 12.071480 -6.327812
v -285.368744 6.391636 8.105257
v -285.920044 6.042034 8.148644
v -289.732117 11.631098 -6.365547
v -286.552216 5.635057 8.205564
v -290.536804 11.185200 -6.400803
v -287.213867 5.201717 8.274778
v -291.437561 10.694675 -6.438232
v -287.927551 4.727011 8.358179
v -292.392822 10.186230 -6.477310
v -288.717468 4.195292 8.457415
v -293.361359 9.685787 -6.517171
v -289.562622 3.625074 8.570979
v -294.374756 9.178940 -6.558096
v -290.440918 3.033598 8.697270
v -295.465881 8.651413 -6.599867
v -291.305389 2.457576 8.831387
v -296.683014 8.085451 -6.641603
v -292.107422 1.933128 8.967968
v -298.074463 7.463987 -6.681822
v -292.969849 1.388556 9.130114
v -299.524475 6.839890 -6.715345
v -294.013275 0.751815 9.340445
v -300.916687 6.265720 -6.736908
v -295.223419 0.046940 9.598316
v -302.274597 5.730148 -6.746701
v -296.582764 -0.702888 9.902603
v -303.621765 5.221708 -6.744609
v -298.053406 -1.465290 10.244726
v -305.013550 4.724564 -6.727996
v -299.597290 -2.208464 10.616215
v -306.502563 4.222979 -6.693731
v -301.160492 -2.891485 11.003376
v -308.069519 3.735213 -6.635717
v -302.686157 -3.473476 11.392336
v -309.694275 3.281248 -6.548346
v -304.391724 -4.003548 11.839233
v -311.390045 2.856514 -6.431953
v -306.496368 -4.531151 12.400999
v -313.168457 2.457583 -6.287773
v -308.675690 -4.964903 12.987629
v -314.938232 2.113827 -6.119403
v -316.607178 1.855202 -5.931555
v -310.604889 -5.214012 13.509432
v -318.273376 1.673717 -5.710317
v -312.350616 -5.320795 13.982365
v -320.034363 1.562051 -5.441706
v -313.979553 -5.328091 14.422012
v -321.863220 1.554266 -5.122931
v -315.778839 -5.178864 14.903307
v -323.732788 1.684915 -4.751764
v -318.037384 -4.815548 15.502020
v -325.453430 1.915646 -4.384004
v -320.443604 -4.287251 16.126646
v -326.836060 2.208649 -4.076338
v -322.685059 -3.642155 16.686211
v -328.022217 2.551362 -3.808800
v -324.780914 -2.903927 17.179987
v -329.152710 2.932256 -3.561866
v -326.749634 -2.096003 17.607016
v -330.233643 3.341008 -3.338781
v -328.587708 -1.253769 17.966900
v -331.272003 3.768640 -3.143695
v -330.293640 -0.412659 18.258734
v -332.298706 4.217588 -2.974283
v -331.938568 0.446365 18.481024
v -333.346252 4.691174 -2.828706
v -333.594330 1.341909 18.632875
v -334.355591 5.154724 -2.713010
v -335.219482 2.237250 18.722958
v -335.267151 5.574627 -2.632750
v -336.771698 3.096174 18.760748
v -336.139893 5.971884 -2.582675
v -338.317810 3.946030 18.744232
v -337.031738 6.368788 -2.557612
v -339.927551 4.815998 18.671980
v -337.946564 6.760021 -2.557669
v -341.516174 5.649897 18.552094
v -338.890350 7.140926 -2.582750
v -343.002411 6.391474 18.392754
v -339.912140 7.515207 -2.637824
v -344.439270 7.058634 18.192825
v -345.883667 7.668650 17.951605
v -341.064087 7.886406 -2.727470
v -347.407898 8.252113 17.664650
v -342.307251 8.241140 -2.841779
v -343.602417 8.566114 -2.970907
v -349.085999 8.840729 17.327824
v -344.867798 8.850178 -3.104226
v -350.755554 9.377794 16.974886
v -346.020020 9.081261 -3.231208
v -352.257843 9.806936 16.639965
v -347.262207 9.280457 -3.374649
v -353.709595 10.160366 16.299891
v -348.796692 9.468813 -3.557376
v -355.234009 10.469622 15.932165
v -356.794006 10.736664 15.548302
v -350.509308 9.616684 -3.762974
v -352.281982 9.694412 -3.974896
v -358.354156 10.962154 15.160717
v -354.081757 9.706371 -4.185303
v -360.047180 11.153708 14.737423
v -362.003754 11.318081 14.247122
v -355.876587 9.656523 -4.386858
v -364.052185 11.429674 13.734823
v -357.687286 9.554724 -4.581667
v -366.022949 11.463583 13.245802
v -359.538940 9.410717 -4.772165
v -367.934662 11.428707 12.776512
v -361.407776 9.228790 -4.953186
v -363.270203 9.012634 -5.119738
v -369.806030 11.334385 12.324152
v -365.075806 8.777824 -5.267250
v -371.708008 11.180313 11.873482
v -366.778259 8.539299 -5.391414
v -373.706421 10.966974 11.409864
v -368.361237 8.305868 -5.492577
v -375.557800 10.733822 10.991064
v -369.810150 8.085871 -5.571141
v -377.015686 10.521076 10.674225
v -371.326599 7.851833 -5.631839
v -378.331360 10.303829 10.407373
v -373.111542 7.576151 -5.679764
v -379.755554 10.058220 10.137800
v -375.048096 7.280190 -5.708071
v -381.205505 9.802807 9.883110
v -377.018127 6.984865 -5.710352
v -382.594452 9.557671 9.661160
v -378.972595 6.699989 -5.688318
v -383.974701 9.316307 9.464550
v -380.859314 6.434143 -5.643796
v -385.395569 9.073633 9.285567
v -382.787170 6.175041 -5.572670
v -386.839905 8.834696 9.126814
v -384.866425 5.909363 -5.470472
v -388.288177 8.604464 8.990679
v -386.880920 5.662739 -5.352789
v -389.712036 8.388161 8.878294
v -388.612610 5.461067 -5.234759
v -391.081116 8.190529 8.790407
v -390.322235 5.278894 -5.088307
v -392.434662 8.007240 8.725565
v -392.267395 5.091196 -4.885347
v -393.814087 7.834164 8.681814
v -394.267914 4.913193 -4.650852
v -395.234314 7.669575 8.658499
v -396.145020 4.761147 -4.409903
v -396.709503 7.511784 8.654466
v -398.003784 4.624893 -4.153934
v -398.273438 7.359295 8.672107
v -399.948578 4.494724 -3.874246
v -399.960480 7.210655 8.712535
v -401.887787 4.375593 -3.585985
v -401.662842 7.072941 8.770630
v -403.731995 4.272400 -3.304057
v -403.276672 6.954485 8.840189
v -405.444336 4.185034 -3.036605
v -404.759827 6.854584 8.914661
v -406.989685 4.111803 -2.791173
v -406.074463 6.773407 8.987183
v -408.457397 4.051182 -2.553902
v -407.323059 6.703533 9.063838
v -409.935883 4.000645 -2.310762
v -408.615082 6.638277 9.151098
v -411.368286 3.957693 -2.072042
v -409.892792 6.579464 9.245506
v -412.703430 3.921593 -1.848086
v -411.097778 6.530231 9.343679
v -413.982727 3.890825 -1.630411
v -412.259155 6.488228 9.446178
v -415.253174 3.864941 -1.410671
v -413.403687 6.451862 9.554090
v -416.437805 3.845456 -1.199403
v -414.474670 6.421083 9.660049
v -417.459412 3.833404 -1.007403
v -415.417938 6.397259 9.757612
v -416.296631 6.376883 9.850559
v -418.399231 3.824834 -0.824826
v -171.480103 2.426908 6.722492
v -171.224442 2.368119 6.805452
v -162.575775 18.784981 8.942689
v -163.183716 19.453291 8.506824
v -171.751373 2.469169 6.629318
v -163.904404 20.204865 8.015460
v -172.052780 2.478601 6.516472
v -164.851151 21.123398 7.412496
v -172.381607 2.453241 6.377007
v -165.995041 22.146748 6.720895
v -172.735062 2.390866 6.204926
v -167.308365 23.213837 5.962923
v -173.121216 2.289052 6.010527
v -168.802170 24.277046 5.136391
v -170.488129 25.288197 4.238523
v -173.548447 2.145424 5.804017
v -172.391068 26.236977 3.245728
v -173.986450 1.975854 5.599277
v -174.535828 27.112415 2.134174
v -174.405899 1.796538 5.409727
v -176.891602 27.864113 0.943401
v -174.858810 1.581320 5.211710
v -175.397415 1.304893 4.981504
v -179.427551 28.441261 -0.286332
v -176.044037 0.957247 4.720760
v -182.150620 28.827217 -1.566792
v -176.821304 0.528175 4.430719
v -185.068588 29.005714 -2.910153
v -177.708160 0.034151 4.121267
v -187.954086 28.935234 -4.204693
v -178.682861 -0.508193 3.801544
v -190.580627 28.575226 -5.338905
v -193.064346 27.973576 -6.360924
v -179.731552 -1.090979 3.479331
v -180.840790 -1.705894 3.162313
v -195.520569 27.178738 -7.319241
v -197.999329 26.199142 -8.210457
v -182.147614 -2.425005 2.829218
v -183.789932 -3.320133 2.458982
v -200.550690 25.043217 -9.031569
v -203.091370 23.786659 -9.769249
v -185.564392 -4.272469 2.131948
v -187.267868 -5.163452 1.928257
v -205.536865 22.504997 -10.410053
v -207.839996 21.238087 -10.944141
v -188.955139 -6.023890 1.825891
v -190.680359 -6.884357 1.802675
v -209.953186 20.025682 -11.361864
v -211.908936 18.852053 -11.659767
v -192.374725 -7.708668 1.851903
v -193.969818 -8.459854 1.967238
v -213.740387 17.701818 -11.834980
v -195.471527 -9.145588 2.130480
v -215.471130 16.578548 -11.900433
v -196.885803 -9.773108 2.323326
v -217.125320 15.486362 -11.869347
v -198.286057 -10.377056 2.546124
v -218.617950 14.496555 -11.752010
v -199.746078 -10.992336 2.799351
v -219.865417 13.680080 -11.558781
v -201.405899 -11.651482 3.134800
v -221.022232 12.947872 -11.290752
v -203.404953 -12.387358 3.604453
v -222.243881 12.210354 -10.949673
v -205.463440 -13.085011 4.150618
v -223.350861 11.566273 -10.606033
v -207.300720 -13.629864 4.715393
v -224.165222 11.114658 -10.331615
v -209.287933 -14.089741 5.432720
v -224.855087 10.762836 -10.073681
v -211.795685 -14.532843 6.436477
v -225.588882 10.418961 -9.780155
v -214.418015 -14.869400 7.560806
v -226.335510 10.107229 -9.460308
v -216.748413 -15.008642 8.640022
v -227.064133 9.852058 -9.123337
v -227.721039 9.675480 -8.800680
v -218.918930 -14.926641 9.725719
v -221.062424 -14.599365 10.869118
v -228.252823 9.599583 -8.523878
v -228.756180 9.608135 -8.249098
v -223.114059 -14.065746 12.006796
v -225.009628 -13.364843 13.075212
v -229.327286 9.685127 -7.932903
v -229.904480 9.833544 -7.615824
v -226.889114 -12.465885 14.113083
v -228.891525 -11.337980 15.158508
v -230.425858 10.056509 -7.338957
v -230.937286 10.344688 -7.089458
v -230.943604 -10.058630 16.141073
v -232.971527 -8.704683 16.990591
v -231.484543 10.689339 -6.854414
v -234.936340 -7.365131 17.665710
v -232.106491 11.102091 -6.629836
v -236.799606 -6.129242 18.125240
v -232.842087 11.594707 -6.412168
v -238.638626 -4.953192 18.422476
v -233.691223 12.144918 -6.222713
v -240.530457 -3.793243 18.610609
v -234.653732 12.730349 -6.083292
v -242.491226 -2.639793 18.697899
v -235.713409 13.323503 -5.996887
v -244.538849 -1.483881 18.693312
v -236.854752 13.897331 -5.967247
v -238.096741 14.449982 -5.990778
v -246.504105 -0.411984 18.617279
v -248.219727 0.488966 18.489771
v -239.458450 14.979727 -6.064710
v -240.959290 15.496666 -6.181107
v -249.875778 1.316767 18.296282
v -251.662170 2.169225 18.022560
v -242.616852 16.010151 -6.332191
v -244.331055 16.470566 -6.510039
v -253.665985 3.071660 17.639568
v -255.973541 4.050110 17.119024
v -246.000961 16.827309 -6.706631
v -247.667511 17.098864 -6.920607
v -258.289856 4.986170 16.541393
v -260.318756 5.762197 15.986694
v -249.369110 17.303339 -7.150623
v -251.152176 17.426748 -7.398090
v -262.205597 6.425468 15.419861
v -264.096008 7.023800 14.804836
v -253.061584 17.454948 -7.664429
v -255.072754 17.359722 -7.938433
v -265.907623 7.566799 14.193594
v -267.559265 8.064606 13.637741
v -257.160522 17.113777 -8.208744
v -259.263489 16.739582 -8.464470
v -269.150391 8.520908 13.091415
v -270.779236 8.939468 12.509319
v -261.318329 16.260506 -8.694771
v -263.231506 15.727310 -8.891869
v -272.433624 9.305632 11.896183
v -274.100311 9.603630 11.256996
v -264.907654 15.191578 -9.049002
v -266.540161 14.593477 -9.180197
v -275.578430 9.790329 10.672211
v -276.671143 9.822411 10.222149
v -268.318665 13.872475 -9.299484
v -277.655823 9.736649 9.803459
v -270.039917 13.118435 -9.393192
v -278.809998 9.569670 9.313356
v -271.500366 12.421297 -9.447191
v -279.932007 9.338463 8.840606
v -272.887085 11.696465 -9.462891
v -280.819397 9.060583 8.474498
v -274.385498 10.859856 -9.441307
v -281.596863 8.730270 8.165020
v -275.896149 9.978830 -9.386303
v -282.392822 8.342716 7.862345
v -277.318024 9.120548 -9.302147
v -283.160889 7.929268 7.585313
v -278.670990 8.281895 -9.193176
v -283.856995 7.522264 7.353336
v -279.975037 7.460463 -9.064720
v -284.512787 7.113747 7.154860
v -281.250366 6.649242 -8.915562
v -285.161560 6.695618 6.979179
v -282.517639 5.840672 -8.744873
v -285.760468 6.298586 6.836365
v -283.681030 5.100233 -8.570095
v -286.268463 5.952845 6.737084
v -284.647064 4.492825 -8.409275
v -285.534241 3.938463 -8.249378
v -286.722076 5.637253 6.669584
v -287.159973 5.331078 6.622107
v -286.462646 3.356830 -8.076939
v -287.336975 2.807979 -7.911676
v -287.589600 5.030952 6.594007
v -288.018890 4.733311 6.584093
v -288.064636 2.349956 -7.772852
v -288.718140 1.937849 -7.647398
v -288.447845 4.436939 6.583359
v -153.525589 2.814365 5.597920
v -153.031952 2.739285 5.732735
v -149.304108 19.070459 7.918309
v -150.358063 19.434547 7.595714
v -154.109741 2.865907 5.419970
v -151.432114 19.823374 7.255718
v -154.874069 2.869881 5.156384
v -152.545914 20.261265 6.881471
v -155.734528 2.837719 4.843500
v -153.739731 20.759674 6.481859
v -156.607208 2.780741 4.517820
v -155.052994 21.329651 6.066148
v -157.444031 2.695523 4.201698
v -156.458725 21.963821 5.637105
v -158.196991 2.578972 3.917048
v -157.929474 22.655952 5.197616
v -158.884247 2.439508 3.659727
v -159.631424 23.460350 4.677749
v -159.523560 2.285961 3.425359
v -161.731506 24.430901 4.007267
v -160.186111 2.089855 3.187608
v -164.150681 25.443497 3.254984
v -160.942871 1.822720 2.920664
v -166.810425 26.374039 2.489551
v -161.751801 1.501463 2.643721
v -169.605011 27.154564 1.719669
v -162.570847 1.142659 2.375518
v -172.429688 27.717793 0.954586
v -163.333572 0.784399 2.134750
v -175.234451 28.073559 0.184423
v -177.969574 28.232094 -0.601162
v -163.973358 0.464526 1.939655
v -180.524475 28.198265 -1.375080
v -164.614151 0.113406 1.746664
v -182.789001 27.976860 -2.110110
v -165.380096 -0.339020 1.511814
v -184.986633 27.565708 -2.873188
v -166.257385 -0.875284 1.240953
v -187.341248 26.962391 -3.730777
v -167.232681 -1.477247 0.940300
v -189.595871 26.224899 -4.572767
v -168.367920 -2.189434 0.597916
v -191.494110 25.410751 -5.288771
v -169.724930 -3.056292 0.201825
v -193.142044 24.585297 -5.904732
v -171.157562 -3.978464 -0.198749
v -194.644928 23.813698 -6.446548
v -172.519440 -4.857098 -0.554172
v -196.192566 22.988224 -6.958222
v -173.940598 -5.773050 -0.894053
v -197.974365 22.002014 -7.483376
v -175.549911 -6.806826 -1.248082
v -199.819168 20.946701 -7.932812
v -177.220276 -7.873178 -1.575316
v -201.555710 19.914331 -8.218212
v -178.824661 -8.885788 -1.835049
v -203.165848 18.932512 -8.363537
v -180.577820 -9.970692 -2.029910
v -182.694885 -11.253813 -2.163366
v -204.633881 18.028984 -8.393219
v -184.895737 -12.561932 -2.212029
v -205.950790 17.217640 -8.326803
v -186.900787 -13.722185 -2.152814
v -207.109344 16.511795 -8.183626
v -188.704803 -14.732697 -2.003107
v -208.218216 15.843121 -7.987574
v -190.302109 -15.591423 -1.780846
v -209.387268 15.142876 -7.762333
v -191.975159 -16.423447 -1.418026
v -210.532745 14.487505 -7.482136
v -194.006561 -17.353436 -0.847283
v -211.571136 13.954004 -7.121613
v -196.060333 -18.222939 -0.177621
v -212.543060 13.495441 -6.719827
v -197.801025 -18.872711 0.481544
v -213.488358 13.065641 -6.315788
v -199.502441 -19.383320 1.230146
v -214.372833 12.691433 -5.920208
v -201.437485 -19.834389 2.167188
v -215.162445 12.399757 -5.543827
v -203.522049 -20.164753 3.245632
v -215.845001 12.185905 -5.200764
v -205.671448 -20.313225 4.417772
v -216.407349 12.044708 -4.905186
v -207.933182 -20.257099 5.694508
v -216.881607 11.959557 -4.645229
v -210.355408 -19.973698 7.086714
v -217.300217 11.913696 -4.408752
v -212.864746 -19.424118 8.536861
v -217.646851 11.913717 -4.210040
v -215.387787 -18.570312 9.987370
v -217.905029 11.966621 -4.062576
v -217.865906 -17.476673 11.387852
v -218.167084 12.087204 -3.920904
v -218.525818 12.290270 -3.739046
v -220.239685 -16.207706 12.687111
v -219.003769 12.590050 -3.495121
v -222.570496 -14.763382 13.898617
v -219.623947 13.000607 -3.167929
v -224.919891 -13.143810 15.035149
v -220.387253 13.515100 -2.793889
v -227.224182 -11.453207 16.049742
v -229.417725 -9.796206 16.895618
v -221.293640 14.126541 -2.409012
v -231.615936 -8.124630 17.591568
v -222.410614 14.863235 -2.006021
v -233.932007 -6.390430 18.156076
v -223.806335 15.752974 -1.576672
v -236.085571 -4.809219 18.560526
v -225.297333 16.669762 -1.178472
v -237.795425 -3.596167 18.775940
v -226.700928 17.487751 -0.868611
v -239.374435 -2.521740 18.876520
v -228.120392 18.257137 -0.618875
v -241.134888 -1.355930 18.936647
v -229.659454 19.028963 -0.401391
v -243.018066 -0.154703 18.935581
v -231.346878 19.797134 -0.218792
v -244.965729 1.026131 18.852827
v -233.210754 20.555855 -0.073340
v -246.883575 2.137848 18.707483
v -235.146713 21.266624 0.033089
v -237.048843 21.891212 0.097872
v -248.675781 3.131773 18.518003
v -238.936462 22.430489 0.122518
v -250.399338 4.036022 18.279953
v -240.829407 22.885109 0.108871
v -252.110321 4.879261 17.988026
v -242.792480 23.262192 0.055519
v -253.798569 5.660913 17.653965
v -244.891693 23.568523 -0.038527
v -255.452545 6.380896 17.290018
v -247.076538 23.801514 -0.168036
v -257.120667 7.059288 16.886791
v -249.295609 23.958847 -0.327614
v -258.852966 7.716097 16.435200
v -251.488922 24.024834 -0.517205
v -260.592773 8.322437 15.950851
v -253.595581 23.984062 -0.737537
v -262.282928 8.850470 15.448734
v -255.570129 23.866798 -0.974467
v -263.905212 9.274921 14.933554
v -257.367737 23.703094 -1.214345
v -265.440704 9.571205 14.408979
v -259.010315 23.494919 -1.459608
v -266.906738 9.760052 13.878994
v -260.519226 23.243534 -1.713231
v -268.320343 9.862072 13.346947
v -261.899292 22.962616 -1.969651
v -269.722290 9.892818 12.804098
v -263.154694 22.664413 -2.223483
v -271.153687 9.866766 12.242092
v -264.427124 22.321693 -2.501508
v -272.578430 9.800785 11.681335
v -265.858704 21.906326 -2.830772
v -273.961426 9.711327 11.142870
v -267.336823 21.464264 -3.177473
v -275.295837 9.602066 10.631329
v -268.750458 21.041069 -3.508204
v -276.571716 9.476788 10.151455
v -269.996277 20.665550 -3.797481
v -277.699188 9.344826 9.734503
v -270.971527 20.366264 -4.020401
v -278.587463 9.215958 9.411596
v -279.356171 9.088722 9.135661
v -271.811584 20.105183 -4.210169
v -44.467056 3.965666 -9.671547
v -43.527237 4.070635 -9.702290
v -42.384048 0.304910 5.099136
v -43.016281 0.160725 5.149889
v -43.601212 0.026163 5.212122
v -45.438629 3.838359 -9.633183
v -46.473434 3.665689 -9.579893
v -44.089218 -0.089228 5.297461
v -44.517242 -0.192511 5.408169
v -47.569595 3.478727 -9.529192
v -48.722328 3.307560 -9.499092
v -44.924179 -0.291056 5.546812
v -45.317169 -0.385182 5.713894
v -49.945518 3.154709 -9.460049
v -51.253952 3.022563 -9.382671
v -45.702835 -0.475013 5.910210
v -46.125671 -0.559501 6.176447
v -52.592834 2.921479 -9.259630
v -53.908302 2.860977 -9.083622
v -46.632233 -0.637976 6.552652
v -55.197754 2.842877 -8.858208
v -47.218292 -0.695332 7.041910
v -56.457596 2.869588 -8.586426
v -47.879311 -0.716291 7.647776
v -57.773438 2.956699 -8.246872
v -48.563736 -0.696695 8.310910
v -59.231865 3.120522 -7.819105
v -49.218521 -0.632742 8.973136
v -60.733498 3.378317 -7.330395
v -49.970566 -0.477045 9.760342
v -62.179825 3.746559 -6.808912
v -50.947296 -0.181514 10.798317
v -63.516640 4.194630 -6.295380
v -52.047997 0.241476 11.968708
v -64.688766 4.692873 -5.829729
v -53.172188 0.779256 13.152933
v -65.676689 5.197124 -5.433964
v -54.355225 1.451038 14.371742
v -66.460838 5.663036 -5.129629
v -55.631126 2.275774 15.646835
v -67.123230 6.116282 -4.888062
v -56.976700 3.234781 16.938047
v -67.746040 6.581915 -4.680107
v -58.368561 4.308712 18.205648
v -59.944710 5.617043 19.504238
v -68.285309 7.020737 -4.513503
v -68.696388 7.393438 -4.394985
v -61.840782 7.279976 20.887957
v -63.788849 9.037228 22.139418
v -69.003426 7.694733 -4.336542
v -69.229843 7.920151 -4.350363
v -65.521851 10.628109 23.041862
v -69.460419 8.110386 -4.413351
v -67.297668 12.269505 23.703646
v -69.777969 8.306408 -4.502905
v -69.376518 14.178619 24.233761
v -70.161728 8.498859 -4.643211
v -71.638786 16.217804 24.556221
v -73.967857 18.248726 24.594624
v -70.589027 8.678463 -4.857792
v -71.007713 8.840260 -5.101812
v -76.532166 20.376762 24.331503
v -71.364838 8.979206 -5.330886
v -79.501266 22.706924 23.748575
v -82.640404 25.010872 22.886238
v -71.774338 9.129242 -5.607308
v -72.349640 9.323627 -5.993593
v -85.714607 27.061306 21.785189
v -88.594276 28.757088 20.550449
v -73.045036 9.539482 -6.459087
v -73.814148 9.753651 -6.972311
v -91.150940 29.996796 19.287127
v -93.463463 30.861885 18.034027
v -74.722374 9.958090 -7.574427
v -75.835365 10.143978 -8.307190
v -95.612022 31.434128 16.829208
v -97.767639 31.774673 15.611298
v -77.135185 10.275936 -9.147078
v -78.605713 10.318367 -10.071957
v -100.101463 31.944397 14.318642
v -80.120163 10.279587 -11.002083
v -102.432236 31.924789 13.064861
v -81.553230 10.168592 -11.858000
v -104.578781 31.697449 11.963142
v -83.023048 9.964016 -12.685553
v -106.620018 31.278099 10.990679
v -84.647537 9.644316 -13.530567
v -108.636101 30.681892 10.124435
v -86.423241 9.204615 -14.377018
v -110.593216 29.959980 9.376461
v -88.345459 8.640095 -15.208633
v -112.457275 29.163456 8.757942
v -90.300316 7.991600 -15.974710
v -114.329483 28.266922 8.227918
v -92.174629 7.300100 -16.625053
v -116.310226 27.244770 7.744405
v -94.171661 6.477478 -17.201012
v -118.171738 26.231804 7.343414
v -96.495369 5.435076 -17.743664
v -119.687210 25.362640 7.060484
v -98.869606 4.300873 -18.198990
v -121.092056 24.514587 6.861081
v -101.017784 3.202583 -18.512039
v -122.622856 23.565598 6.709887
v -102.964867 2.142993 -18.711275
v -124.240891 22.537060 6.630423
v -104.735596 1.125204 -18.824814
v -125.908165 21.451172 6.645407
v -106.420944 0.092879 -18.857594
v -127.527786 20.374065 6.740456
v -108.110878 -1.009443 -18.813656
v -129.001938 19.371906 6.901342
v -109.710800 -2.112013 -18.717524
v -130.418564 18.391832 7.104534
v -111.125641 -3.143635 -18.592325
v -131.864792 17.381895 7.327126
v -133.243195 16.421434 7.539494
v -112.509460 -4.201759 -18.428898
v -114.017242 -5.383043 -18.216856
v -134.456619 15.591095 7.712346
v -135.597244 14.824656 7.851525
v -115.566772 -6.599895 -17.952427
v -117.076904 -7.764099 -17.631731
v -136.756714 14.055632 7.963094
v -137.892639 13.309418 8.044888
v -118.513832 -8.847744 -17.273380
v -119.843239 -9.823162 -16.895800
v -138.962952 12.611341 8.095173
v -139.963608 11.963417 8.117728
v -121.238274 -10.801924 -16.446693
v -122.872063 -11.895224 -15.871994
v -140.890701 11.368004 8.116347
v -141.745361 10.823586 8.120990
v -124.576736 -12.985291 -15.235998
v -126.183441 -13.953625 -14.602512
v -142.528564 10.329117 8.162023
v -143.233215 9.887434 8.229380
v -127.817886 -14.851143 -13.922100
v -129.603699 -15.728567 -13.144905
v -143.853638 9.501984 8.313269
v -144.419785 9.153996 8.410536
v -131.624207 -16.549305 -12.221769
v -133.961639 -17.276932 -11.105068
v -144.961685 8.824917 8.518056
v -145.502548 8.502945 8.641587
v -136.658417 -17.767757 -9.754360
v -139.757538 -17.877312 -8.130209
v -146.065582 8.176229 8.787343
v -146.590118 7.879240 8.934221
v -142.823303 -17.694702 -6.478225
v -145.421814 -17.308388 -5.044199
v -147.015671 7.646496 9.061570
v -147.386246 7.456047 9.180885
v -147.798492 -16.670921 -3.685726
v -150.200409 -15.735567 -2.260857
v -147.746078 7.286169 9.303084
v -152.499405 -14.577351 -0.838585
v -148.113632 7.140116 9.439653
v -148.506409 7.021378 9.601540
v -154.568207 -13.272255 0.512120
v -148.912994 6.966274 9.778969
v -156.408875 -11.868492 1.792641
v -158.022629 -10.415020 3.005085
v -149.322754 7.011087 9.962147
v -149.709183 7.121803 10.139885
v -159.372192 -9.040289 4.084026
v -160.420532 -7.873974 4.964628
v -150.045959 7.264277 10.301308
v -150.370972 7.435860 10.454895
v -161.255615 -6.885303 5.671260
v -161.966095 -6.043539 6.228068
v -150.721405 7.633587 10.609276
v -151.105759 7.872663 10.763622
v -162.614807 -5.294876 6.671961
v -163.265152 -4.585159 7.039875
v -151.531128 8.168411 10.917360
v -151.951904 8.482553 11.057312
v -163.869751 -3.956715 7.327509
v -164.381958 -3.451036 7.530338
v -152.321960 8.776611 11.170948
v -152.671555 9.074862 11.265659
v -164.845123 -3.017553 7.673104
v -165.303009 -2.605665 7.780595
v -153.031158 9.401449 11.349121
v -153.395645 9.741831 11.426865
v -165.758148 -2.204538 7.870237
v 0.000000 55.656200 4.000000
v 0.000000 70.710701 0.000000
v 70.710701 0.000000 0.000000
v 55.656200 0.000000 4.000000
v 0.000000 -70.710602 0.000000
v 0.000000 -55.656101 4.000000
v -70.710701 0.000000 0.000000
v -55.656101 0.000000 4.000000
v 0.000000 55.656200 -4.000000
v 55.656200 0.000000 -4.000000
v 0.000000 -55.656101 -4.000000
v -55.656101 0.000000 -4.000000
# 5832 vertices

vt 0.61888 0.76001
vt 0.61974 0.75990
vt 0.61888 0.75810
vt 0.57475 0.76519
vt 0.57457 0.76795
vt 0.57531 0.76801
vt 0.55004 0.75810
vt 0.54859 0.76011
vt 0.54927 0.76015
vt 0.57364 0.76786
vt 0.55004 0.76001
vt 0.71767 0.94814
vt 0.71632 0.94482
vt 0.71595 0.94447
vt 0.71262 0.93937
vt 0.71434 0.93842
vt 0.71533 0.94056
vt 0.68328 0.97173
vt 0.68267 0.97161
vt 0.68501 0.97221
vt 0.68871 0.97280
vt 0.68587 0.97244
vt 0.84648 0.94518
vt 0.84475 0.94293
vt 0.84451 0.94304
vt 0.84327 0.94186
vt 0.75773 0.96011
vt 0.75785 0.96023
vt 0.75551 0.96023
vt 0.75970 0.95928
vt 0.61537 0.76169
vt 0.61580 0.76189
vt 0.61746 0.76011
vt 0.85215 0.95549
vt 0.85831 0.95336
vt 0.85708 0.95478
vt 0.85313 0.95822
vt 0.84697 0.95561
vt 0.84081 0.95561
vt 0.84401 0.95431
vt 0.84722 0.95751
vt 0.85067 0.95976
vt 0.84204 0.95739
vt 0.83588 0.95763
vt 0.84648 0.95917
vt 0.84771 0.96403
vt 0.84155 0.95917
vt 0.84451 0.96355
vt 0.84524 0.96960
vt 0.83366 0.96260
vt 0.83144 0.95632
vt 0.84081 0.96332
vt 0.84278 0.96936
vt 0.84401 0.97398
vt 0.84179 0.97398
vt 0.84401 0.97766
vt 0.83982 0.96924
vt 0.84179 0.97778
vt 0.84451 0.98133
vt 0.83341 0.96877
vt 0.84229 0.98169
vt 0.84500 0.98370
vt 0.83908 0.97778
vt 0.83908 0.97386
vt 0.83317 0.97375
vt 0.83317 0.97801
vt 0.83933 0.98181
vt 0.84253 0.98441
vt 0.84648 0.98655
vt 0.83933 0.98477
vt 0.84303 0.98773
vt 0.84820 0.99046
vt 0.83933 0.98868
vt 0.83440 0.98880
vt 0.84278 0.99212
vt 0.83341 0.98513
vt 0.84574 0.99117
vt 0.84894 0.99307
vt 0.84722 0.99354
vt 0.84524 0.99402
vt 0.84943 0.99544
vt 0.84845 0.99556
vt 0.84746 0.99579
vt 0.84993 0.99769
vt 0.83341 0.98204
vt 0.82478 0.98513
vt 0.82774 0.98690
vt 0.82232 0.98868
vt 0.82676 0.97801
vt 0.82602 0.98216
vt 0.82059 0.98738
vt 0.81665 0.99022
vt 0.82133 0.98489
vt 0.82232 0.98193
vt 0.81887 0.98714
vt 0.82232 0.97790
vt 0.81517 0.98928
vt 0.82700 0.97375
vt 0.82183 0.97375
vt 0.82626 0.96877
vt 0.82059 0.96924
vt 0.81837 0.96332
vt 0.82380 0.96237
vt 0.81542 0.95798
vt 0.82158 0.95632
vt 0.82725 0.95348
vt 0.82306 0.95087
vt 0.81714 0.95442
vt 0.81418 0.95668
vt 0.81098 0.95632
vt 0.81862 0.95253
vt 0.81295 0.95383
vt 0.81616 0.94992
vt 0.82010 0.94814
vt 0.81763 0.94435
vt 0.81098 0.94791
vt 0.80851 0.95205
vt 0.80457 0.95087
vt 0.80679 0.95478
vt 0.80605 0.95668
vt 0.80186 0.95395
vt 0.79939 0.95312
vt 0.79348 0.95514
vt 0.80087 0.95608
vt 0.80087 0.95751
vt 0.79495 0.95585
vt 0.78657 0.95727
vt 0.79446 0.95727
vt 0.79446 0.95822
vt 0.78707 0.95774
vt 0.78140 0.95869
vt 0.78731 0.95834
vt 0.78731 0.95869
vt 0.55177 0.76171
vt 0.55090 0.75990
vt 0.55004 0.76194
vt 0.55324 0.76412
vt 0.55004 0.76453
vt 0.55475 0.76693
vt 0.54896 0.76208
vt 0.54693 0.76189
vt 0.54785 0.76204
vt 0.54773 0.76463
vt 0.55004 0.76744
vt 0.55623 0.76986
vt 0.54588 0.76447
vt 0.54671 0.76743
vt 0.54425 0.76401
vt 0.55004 0.77054
vt 0.55759 0.77266
vt 0.54418 0.76710
vt 0.54557 0.77048
vt 0.55004 0.77386
vt 0.55861 0.77444
vt 0.54206 0.77001
vt 0.55386 0.77682
vt 0.55925 0.77509
vt 0.54425 0.77349
vt 0.55827 0.77841
vt 0.56064 0.77478
vt 0.55004 0.77783
vt 0.54295 0.77794
vt 0.53879 0.77345
vt 0.53562 0.77813
vt 0.54169 0.78357
vt 0.53436 0.78367
vt 0.53417 0.77328
vt 0.55004 0.78342
vt 0.53016 0.77834
vt 0.55691 0.78352
vt 0.54166 0.78776
vt 0.55004 0.78776
vt 0.53409 0.78779
vt 0.54234 0.79425
vt 0.52949 0.78785
vt 0.53496 0.79422
vt 0.52973 0.78373
vt 0.53038 0.79422
vt 0.52486 0.78788
vt 0.52506 0.78374
vt 0.52616 0.77786
vt 0.52587 0.79428
vt 0.52966 0.77353
vt 0.52603 0.77395
vt 0.53300 0.80169
vt 0.52852 0.80178
vt 0.53648 0.80181
vt 0.53436 0.80759
vt 0.53061 0.80759
vt 0.54326 0.80181
vt 0.53343 0.81333
vt 0.53138 0.81322
vt 0.53047 0.81775
vt 0.53892 0.81419
vt 0.53799 0.80788
vt 0.54394 0.80791
vt 0.54431 0.81425
vt 0.53805 0.81982
vt 0.53263 0.81971
vt 0.52758 0.81799
vt 0.54406 0.81976
vt 0.52528 0.81929
vt 0.52298 0.81816
vt 0.51798 0.81858
vt 0.55004 0.81434
vt 0.51808 0.81905
vt 0.51242 0.81929
vt 0.52642 0.82101
vt 0.51828 0.81988
vt 0.51817 0.82065
vt 0.51805 0.82119
vt 0.52414 0.82403
vt 0.52602 0.82320
vt 0.52830 0.82700
vt 0.53243 0.82634
vt 0.52989 0.82925
vt 0.53436 0.82255
vt 0.53582 0.82919
vt 0.53962 0.82403
vt 0.53385 0.83683
vt 0.52668 0.83666
vt 0.52580 0.84341
vt 0.54264 0.82931
vt 0.54462 0.82427
vt 0.53341 0.84341
vt 0.52754 0.84940
vt 0.54153 0.83689
vt 0.53451 0.84910
vt 0.52935 0.85420
vt 0.54129 0.84341
vt 0.55004 0.82925
vt 0.55004 0.83689
vt 0.54178 0.84910
vt 0.55004 0.82451
vt 0.55004 0.84335
vt 0.53554 0.85414
vt 0.55004 0.84910
vt 0.53482 0.85959
vt 0.52822 0.85936
vt 0.52597 0.86493
vt 0.54231 0.85414
vt 0.54194 0.85959
vt 0.53346 0.86505
vt 0.52664 0.86955
vt 0.55004 0.85959
vt 0.53360 0.86985
vt 0.52685 0.87145
vt 0.54129 0.86505
vt 0.53078 0.87234
vt 0.52647 0.87441
vt 0.54160 0.87097
vt 0.52810 0.87459
vt 0.52439 0.87643
vt 0.53462 0.87702
vt 0.53126 0.87524
vt 0.52848 0.87583
vt 0.52463 0.87690
vt 0.52214 0.87714
vt 0.52443 0.87726
vt 0.52847 0.87702
vt 0.52722 0.87773
vt 0.52859 0.87868
vt 0.53150 0.87714
vt 0.53571 0.88342
vt 0.52986 0.88342
vt 0.52654 0.89326
vt 0.54234 0.87690
vt 0.53383 0.89326
vt 0.52796 0.90298
vt 0.54234 0.88342
vt 0.53446 0.90310
vt 0.52684 0.91258
vt 0.54147 0.89338
vt 0.53406 0.91258
vt 0.52816 0.91934
vt 0.54172 0.90310
vt 0.55004 0.88342
vt 0.53483 0.91910
vt 0.55004 0.89338
vt 0.54163 0.91258
vt 0.55004 0.90310
vt 0.53586 0.92550
vt 0.53023 0.92574
vt 0.53019 0.93131
vt 0.54197 0.91898
vt 0.53566 0.93167
vt 0.52625 0.93700
vt 0.54237 0.92550
vt 0.53352 0.93759
vt 0.52235 0.94364
vt 0.54224 0.93178
vt 0.55004 0.92550
vt 0.55004 0.91258
vt 0.55004 0.91898
vt 0.55747 0.91258
vt 0.55691 0.90310
vt 0.55716 0.91898
vt 0.55725 0.89338
vt 0.56344 0.90310
vt 0.56412 0.89338
vt 0.55654 0.88342
vt 0.57112 0.89326
vt 0.56982 0.90310
vt 0.56871 0.88342
vt 0.56452 0.91258
vt 0.57167 0.91258
vt 0.56267 0.88342
vt 0.56976 0.87702
vt 0.56394 0.91910
vt 0.57069 0.91922
vt 0.56905 0.92574
vt 0.56326 0.87690
vt 0.57124 0.87103
vt 0.56295 0.92550
vt 0.56418 0.87097
vt 0.57161 0.86511
vt 0.55666 0.92550
vt 0.55660 0.93190
vt 0.56280 0.93190
vt 0.56887 0.93178
vt 0.55004 0.93190
vt 0.55744 0.93807
vt 0.56455 0.93795
vt 0.57173 0.93783
vt 0.54126 0.93783
vt 0.55004 0.93818
vt 0.55814 0.94494
vt 0.56603 0.94470
vt 0.57420 0.94447
vt 0.57623 0.95229
vt 0.56742 0.95253
vt 0.57703 0.96154
vt 0.55004 0.94494
vt 0.55888 0.95265
vt 0.56726 0.96201
vt 0.54015 0.94470
vt 0.55004 0.95277
vt 0.53107 0.94435
vt 0.53892 0.95265
vt 0.52881 0.95229
vt 0.51905 0.95182
vt 0.51733 0.96166
vt 0.52751 0.96201
vt 0.51695 0.96806
vt 0.53799 0.96225
vt 0.52741 0.96841
vt 0.51615 0.97446
vt 0.53776 0.96865
vt 0.52754 0.97493
vt 0.51412 0.98074
vt 0.55004 0.96225
vt 0.52741 0.98133
vt 0.55944 0.96213
vt 0.55004 0.96865
vt 0.55777 0.96853
vt 0.53818 0.97517
vt 0.55004 0.97505
vt 0.54267 0.98145
vt 0.56871 0.96818
vt 0.57703 0.96758
vt 0.57753 0.97398
vt 0.55928 0.97481
vt 0.56807 0.97446
vt 0.55004 0.98110
vt 0.55845 0.98098
vt 0.57155 0.98062
vt 0.57562 0.98050
vt 0.57142 0.98619
vt 0.56619 0.98074
vt 0.56773 0.98631
vt 0.56708 0.99212
vt 0.56409 0.99212
vt 0.55904 0.98655
vt 0.55716 0.99212
vt 0.55004 0.99212
vt 0.55004 0.98690
vt 0.54252 0.99212
vt 0.54212 0.98679
vt 0.53565 0.99212
vt 0.53610 0.98667
vt 0.53029 0.99212
vt 0.53113 0.98690
vt 0.51841 0.99212
vt 0.52059 0.98667
vt 0.51169 0.98643
vt 0.50899 0.99212
vt 0.76143 0.90630
vt 0.76882 0.90096
vt 0.76439 0.90701
vt 0.75847 0.90867
vt 0.76118 0.91151
vt 0.75477 0.91163
vt 0.75761 0.91626
vt 0.75354 0.91602
vt 0.74812 0.91554
vt 0.75169 0.90950
vt 0.74997 0.92195
vt 0.75342 0.92266
vt 0.75009 0.92740
vt 0.74442 0.92135
vt 0.74688 0.92669
vt 0.74762 0.93095
vt 0.74060 0.91483
vt 0.74467 0.93036
vt 0.74516 0.93427
vt 0.74109 0.92633
vt 0.74245 0.93392
vt 0.74282 0.93759
vt 0.73912 0.93024
vt 0.73702 0.92064
vt 0.73480 0.92586
vt 0.73752 0.93404
vt 0.73086 0.92515
vt 0.73320 0.92977
vt 0.73259 0.92029
vt 0.73456 0.91436
vt 0.72963 0.92894
vt 0.73591 0.91057
vt 0.73160 0.93356
vt 0.72827 0.93273
vt 0.72704 0.93653
vt 0.72987 0.93700
vt 0.72593 0.93949
vt 0.73616 0.93771
vt 0.74183 0.90488
vt 0.73789 0.90476
vt 0.74023 0.93736
vt 0.74257 0.91057
vt 0.74503 0.90523
vt 0.73838 0.93949
vt 0.73579 0.93925
vt 0.74121 0.93984
vt 0.73542 0.94091
vt 0.73801 0.94115
vt 0.74010 0.94150
vt 0.73505 0.94281
vt 0.73715 0.94293
vt 0.73875 0.94340
vt 0.73628 0.94482
vt 0.73468 0.94470
vt 0.73739 0.94530
vt 0.73419 0.94660
vt 0.73530 0.94672
vt 0.73616 0.94708
vt 0.73394 0.94826
vt 0.73456 0.94838
vt 0.73505 0.94862
vt 0.73357 0.94992
vt 0.73382 0.95004
vt 0.73394 0.95004
vt 0.73333 0.95099
vt 0.54653 0.76169
vt 0.54366 0.76361
vt 0.54049 0.76530
vt 0.54123 0.76599
vt 0.53767 0.76716
vt 0.53851 0.76831
vt 0.53491 0.77090
vt 0.53540 0.76856
vt 0.53277 0.76663
vt 0.53124 0.77036
vt 0.52999 0.76482
vt 0.52759 0.76761
vt 0.52469 0.76544
vt 0.52736 0.76339
vt 0.52449 0.76218
vt 0.52613 0.76955
vt 0.52405 0.77093
vt 0.52130 0.76796
vt 0.52311 0.76682
vt 0.52030 0.76430
vt 0.51867 0.76512
vt 0.51598 0.76223
vt 0.52160 0.76349
vt 0.51753 0.76146
vt 0.51899 0.76080
vt 0.51289 0.75978
vt 0.51681 0.76184
vt 0.67379 0.91341
vt 0.68575 0.91341
vt 0.67687 0.91519
vt 0.67921 0.91910
vt 0.68575 0.91815
vt 0.69055 0.91341
vt 0.70276 0.91341
vt 0.70042 0.91460
vt 0.69573 0.91851
vt 0.68575 0.92408
vt 0.68069 0.92455
vt 0.69203 0.92420
vt 0.68328 0.93060
vt 0.68834 0.93036
vt 0.68575 0.93024
vt 0.68575 0.93368
vt 0.66492 0.75821
vt 0.66566 0.76464
vt 0.66110 0.76441
vt 0.65506 0.76925
vt 0.66294 0.76993
vt 0.66677 0.76980
vt 0.66751 0.77392
vt 0.66270 0.77419
vt 0.66960 0.77911
vt 0.65432 0.77420
vt 0.64754 0.77392
vt 0.66344 0.77958
vt 0.67145 0.78331
vt 0.65481 0.77995
vt 0.66442 0.78383
vt 0.64754 0.78004
vt 0.63817 0.78016
vt 0.65543 0.78447
vt 0.66566 0.78992
vt 0.67330 0.78960
vt 0.67391 0.79538
vt 0.65617 0.79034
vt 0.66590 0.79541
vt 0.67355 0.79902
vt 0.64754 0.79111
vt 0.65629 0.79549
vt 0.66553 0.79890
vt 0.66492 0.80293
vt 0.67293 0.80305
vt 0.65592 0.79878
vt 0.66467 0.80957
vt 0.67244 0.80954
vt 0.67318 0.81585
vt 0.65518 0.80281
vt 0.66578 0.81615
vt 0.67465 0.82024
vt 0.65518 0.80954
vt 0.64754 0.80320
vt 0.66714 0.82065
vt 0.67626 0.82516
vt 0.65604 0.81633
vt 0.66837 0.82557
vt 0.67724 0.83061
vt 0.65666 0.82136
vt 0.65678 0.82646
vt 0.66911 0.83103
vt 0.66997 0.83411
vt 0.67761 0.83352
vt 0.67848 0.83731
vt 0.65666 0.83168
vt 0.64754 0.82208
vt 0.67293 0.83879
vt 0.68106 0.84164
vt 0.64754 0.82723
vt 0.67786 0.84264
vt 0.68439 0.84495
vt 0.66257 0.83861
vt 0.68254 0.84567
vt 0.68846 0.84827
vt 0.67552 0.84442
vt 0.68772 0.84857
vt 0.69080 0.85005
vt 0.68131 0.84679
vt 0.68723 0.84893
vt 0.66898 0.84152
vt 0.68686 0.84934
vt 0.67478 0.84620
vt 0.68686 0.84981
vt 0.68686 0.85035
vt 0.68082 0.85017
vt 0.68082 0.84786
vt 0.68082 0.84893
vt 0.67502 0.84981
vt 0.67502 0.84810
vt 0.66886 0.84976
vt 0.66787 0.84744
vt 0.66615 0.85023
vt 0.66726 0.84436
vt 0.66097 0.84709
vt 0.66467 0.85201
vt 0.65974 0.84306
vt 0.65777 0.85082
vt 0.66282 0.85699
vt 0.65382 0.84247
vt 0.65580 0.85663
vt 0.66233 0.86345
vt 0.65247 0.85058
vt 0.65321 0.84691
vt 0.65481 0.83755
vt 0.64754 0.84235
vt 0.64754 0.83713
vt 0.64754 0.83209
vt 0.63928 0.83743
vt 0.64754 0.84667
vt 0.63620 0.82753
vt 0.64754 0.85047
vt 0.64261 0.84667
vt 0.65136 0.85639
vt 0.64125 0.84247
vt 0.64754 0.86362
vt 0.63188 0.83826
vt 0.65444 0.86356
vt 0.66270 0.86801
vt 0.65481 0.86837
vt 0.66319 0.87240
vt 0.64754 0.86848
vt 0.65530 0.87299
vt 0.66405 0.87560
vt 0.64754 0.85622
vt 0.65691 0.87737
vt 0.66775 0.87927
vt 0.64285 0.85041
vt 0.66270 0.88176
vt 0.67281 0.88212
vt 0.63743 0.85047
vt 0.66886 0.88484
vt 0.68217 0.88626
vt 0.64137 0.85574
vt 0.67909 0.88887
vt 0.68994 0.88970
vt 0.66023 0.88567
vt 0.68747 0.89207
vt 0.66677 0.88828
vt 0.67761 0.89172
vt 0.69462 0.89456
vt 0.69659 0.89278
vt 0.68636 0.89409
vt 0.69980 0.89622
vt 0.70128 0.89480
vt 0.69388 0.89610
vt 0.70473 0.89729
vt 0.70572 0.89646
vt 0.71139 0.89847
vt 0.70436 0.89788
vt 0.69931 0.89729
vt 0.70424 0.89859
vt 0.70436 0.89919
vt 0.70461 0.89978
vt 0.69906 0.90037
vt 0.69894 0.89836
vt 0.69894 0.89954
vt 0.69277 0.90049
vt 0.69327 0.89764
vt 0.69277 0.89919
vt 0.68427 0.90013
vt 0.68538 0.89622
vt 0.68464 0.89836
vt 0.67478 0.89907
vt 0.67638 0.89433
vt 0.67564 0.89681
vt 0.66430 0.89693
vt 0.66553 0.89444
vt 0.66011 0.89563
vt 0.66590 0.89136
vt 0.66023 0.89314
vt 0.65764 0.89468
vt 0.65999 0.88935
vt 0.65543 0.89267
vt 0.65592 0.88781
vt 0.65617 0.88330
vt 0.64754 0.88295
vt 0.64754 0.89195
vt 0.64754 0.87820
vt 0.64754 0.88745
vt 0.64754 0.87340
vt 0.63990 0.87844
vt 0.63891 0.86854
vt 0.63903 0.87340
vt 0.63928 0.88342
vt 0.63916 0.86345
vt 0.63472 0.86866
vt 0.63349 0.87856
vt 0.63096 0.87305
vt 0.63034 0.86866
vt 0.63299 0.86191
vt 0.62541 0.86635
vt 0.61900 0.86961
vt 0.63533 0.85515
vt 0.62061 0.86356
vt 0.63133 0.85058
vt 0.62701 0.86019
vt 0.62923 0.85396
vt 0.62134 0.85799
vt 0.61524 0.86090
vt 0.60982 0.86345
vt 0.63657 0.84721
vt 0.63016 0.84798
vt 0.62652 0.84418
vt 0.63386 0.84300
vt 0.62356 0.83998
vt 0.62048 0.83600
vt 0.62751 0.83411
vt 0.61857 0.83476
vt 0.63706 0.83269
vt 0.62455 0.83298
vt 0.61586 0.83387
vt 0.62775 0.83180
vt 0.61950 0.83191
vt 0.61142 0.83322
vt 0.62929 0.82871
vt 0.61265 0.83191
vt 0.60415 0.83227
vt 0.61401 0.83061
vt 0.62178 0.82948
vt 0.61358 0.82931
vt 0.61081 0.82818
vt 0.61524 0.82557
vt 0.62005 0.82723
vt 0.61863 0.82326
vt 0.62560 0.82510
vt 0.62030 0.82119
vt 0.63607 0.82231
vt 0.62689 0.82202
vt 0.62270 0.81662
vt 0.62893 0.81698
vt 0.62363 0.81025
vt 0.63792 0.81698
vt 0.62517 0.80361
vt 0.63003 0.80382
vt 0.63121 0.81019
vt 0.63472 0.80385
vt 0.64754 0.81680
vt 0.63928 0.81016
vt 0.64754 0.80999
vt 0.64063 0.80332
vt 0.64754 0.79834
vt 0.64051 0.79905
vt 0.63509 0.79893
vt 0.63484 0.79535
vt 0.64754 0.79564
vt 0.63953 0.79597
vt 0.63928 0.79043
vt 0.63497 0.78989
vt 0.63497 0.78339
vt 0.64754 0.78474
vt 0.63447 0.78152
vt 0.63879 0.78397
vt 0.61432 0.86594
vt 0.60914 0.86795
vt 0.60544 0.86576
vt 0.60440 0.86973
vt 0.60150 0.86777
vt 0.59731 0.86949
vt 0.61229 0.87115
vt 0.59953 0.87115
vt 0.59355 0.87050
vt 0.60643 0.87234
vt 0.59472 0.87198
vt 0.60101 0.87329
vt 0.58985 0.87263
vt 0.58924 0.87145
vt 0.58468 0.87222
vt 0.59546 0.87382
vt 0.58492 0.87305
vt 0.58110 0.87269
vt 0.59004 0.87411
vt 0.58110 0.87317
vt 0.57623 0.87323
vt 0.58498 0.87417
vt 0.58110 0.87394
vt 0.58073 0.87459
vt 0.58011 0.87506
vt 0.58394 0.87607
vt 0.58468 0.87512
vt 0.58917 0.87702
vt 0.58979 0.87548
vt 0.59534 0.87761
vt 0.59565 0.87560
vt 0.60119 0.87785
vt 0.60150 0.87548
vt 0.60779 0.87797
vt 0.60742 0.87506
vt 0.61487 0.87773
vt 0.61413 0.87447
vt 0.62270 0.87702
vt 0.62178 0.87364
vt 0.62621 0.87619
vt 0.62664 0.87975
vt 0.63250 0.88401
vt 0.62609 0.88401
vt 0.62547 0.88840
vt 0.63133 0.88828
vt 0.63879 0.88792
vt 0.63108 0.89278
vt 0.62591 0.89302
vt 0.63324 0.89776
vt 0.62893 0.89836
vt 0.63386 0.90357
vt 0.63879 0.89231
vt 0.63669 0.90286
vt 0.64224 0.90855
vt 0.64014 0.89729
vt 0.64310 0.90819
vt 0.64754 0.91104
vt 0.64507 0.90772
vt 0.64199 0.90227
vt 0.64754 0.90736
vt 0.64914 0.90736
vt 0.65013 0.90748
vt 0.65148 0.90203
vt 0.65370 0.90250
vt 0.64754 0.90179
vt 0.64754 0.89693
vt 0.65296 0.89753
vt 0.65617 0.89824
vt 0.75995 0.96000
vt 0.75970 0.95976
vt 0.76241 0.95952
vt 0.76192 0.95905
vt 0.76414 0.95928
vt 0.76192 0.95846
vt 0.76463 0.95893
vt 0.76562 0.95952
vt 0.76537 0.96094
vt 0.76439 0.96118
vt 0.76833 0.95822
vt 0.76513 0.96332
vt 0.76463 0.96332
vt 0.76463 0.96580
vt 0.76784 0.96118
vt 0.76513 0.96580
vt 0.76488 0.96782
vt 0.76439 0.96782
vt 0.76636 0.96592
vt 0.76685 0.96355
vt 0.76463 0.97031
vt 0.76389 0.97019
vt 0.76611 0.96806
vt 0.76833 0.96367
vt 0.76414 0.97209
vt 0.76340 0.97197
vt 0.76587 0.97043
vt 0.76315 0.97422
vt 0.76241 0.97398
vt 0.76143 0.97529
vt 0.76537 0.97232
vt 0.76463 0.97446
vt 0.76217 0.97541
vt 0.76143 0.97635
vt 0.76069 0.97624
vt 0.76365 0.97564
vt 0.75896 0.97801
vt 0.75847 0.97790
vt 0.76266 0.97659
vt 0.75551 0.98003
vt 0.75502 0.98003
vt 0.76020 0.97825
vt 0.75342 0.98121
vt 0.75292 0.98110
vt 0.75637 0.98027
vt 0.76143 0.97849
vt 0.75132 0.98240
vt 0.75083 0.98216
vt 0.75440 0.98145
vt 0.74997 0.98347
vt 0.74935 0.98335
vt 0.75243 0.98264
vt 0.75095 0.98370
vt 0.74849 0.98453
vt 0.74799 0.98453
vt 0.74688 0.98596
vt 0.74960 0.98465
vt 0.74738 0.98596
vt 0.74651 0.98738
vt 0.74614 0.98738
vt 0.74577 0.98939
vt 0.74824 0.98607
vt 0.74602 0.98939
vt 0.74577 0.99153
vt 0.74725 0.98738
vt 0.74639 0.98939
vt 0.74664 0.98939
vt 0.74688 0.98951
vt 0.74824 0.98762
vt 0.74787 0.98750
vt 0.74898 0.98619
vt 0.74947 0.98619
vt 0.75046 0.98489
vt 0.75107 0.98489
vt 0.75206 0.98382
vt 0.75255 0.98382
vt 0.75354 0.98276
vt 0.75403 0.98287
vt 0.75551 0.98157
vt 0.75601 0.98169
vt 0.75736 0.98038
vt 0.75798 0.98050
vt 0.76192 0.97861
vt 0.76439 0.97707
vt 0.76389 0.97683
vt 0.76562 0.97588
vt 0.76488 0.97588
vt 0.76661 0.97481
vt 0.76587 0.97458
vt 0.76661 0.97256
vt 0.76735 0.97268
vt 0.76735 0.97066
vt 0.76784 0.97078
vt 0.76735 0.96829
vt 0.76808 0.96841
vt 0.76808 0.96604
vt 0.76759 0.96604
vt 0.76907 0.96379
vt 0.76956 0.96142
vt 0.77055 0.96154
vt 0.77055 0.95822
vt 0.77178 0.95869
vt 0.77228 0.95691
vt 0.77080 0.95715
vt 0.77277 0.95549
vt 0.76882 0.95703
vt 0.77154 0.95561
vt 0.76587 0.95668
vt 0.76932 0.95537
vt 0.77301 0.95336
vt 0.76513 0.95822
vt 0.76365 0.95751
vt 0.76537 0.95644
vt 0.76685 0.95502
vt 0.76389 0.95632
vt 0.76291 0.95668
vt 0.76167 0.95774
vt 0.76291 0.95573
vt 0.76143 0.95715
vt 0.75921 0.95846
vt 0.76537 0.95431
vt 0.76414 0.95454
vt 0.76488 0.95359
vt 0.76488 0.95241
vt 0.76685 0.95229
vt 0.75946 0.95881
vt 0.75773 0.95988
vt 0.75748 0.95952
vt 0.77080 0.95300
vt 0.77326 0.94980
vt 0.76513 0.95170
vt 0.76587 0.95087
vt 0.76241 0.95170
vt 0.76217 0.95229
vt 0.76266 0.95099
vt 0.75970 0.95134
vt 0.75946 0.95170
vt 0.75711 0.95087
vt 0.76020 0.95075
vt 0.75724 0.95075
vt 0.75477 0.94968
vt 0.75736 0.95039
vt 0.76020 0.95028
vt 0.75748 0.95016
vt 0.75761 0.94968
vt 0.76044 0.94968
vt 0.76389 0.94909
vt 0.76315 0.95004
vt 0.76735 0.94802
vt 0.76636 0.94945
vt 0.77030 0.94885
vt 0.77129 0.94672
vt 0.77351 0.94719
vt 0.77573 0.94542
vt 0.77597 0.94802
vt 0.77721 0.94577
vt 0.77942 0.94399
vt 0.77868 0.94648
vt 0.77770 0.94885
vt 0.78041 0.94423
vt 0.78288 0.94245
vt 0.78214 0.94470
vt 0.78386 0.94269
vt 0.78879 0.94115
vt 0.78805 0.94067
vt 0.78559 0.94316
vt 0.79372 0.93913
vt 0.79323 0.93890
vt 0.79027 0.94162
vt 0.79890 0.93795
vt 0.79841 0.93759
vt 0.80383 0.93688
vt 0.79495 0.93961
vt 0.79150 0.94210
vt 0.79619 0.94008
vt 0.80013 0.93854
vt 0.80457 0.93724
vt 0.80975 0.93641
vt 0.80555 0.93783
vt 0.81024 0.93676
vt 0.81468 0.93558
vt 0.81172 0.93736
vt 0.81616 0.93641
vt 0.80679 0.93842
vt 0.81295 0.93807
vt 0.81788 0.93736
vt 0.80112 0.93913
vt 0.81320 0.93842
vt 0.80728 0.93878
vt 0.81961 0.93842
vt 0.80161 0.93961
vt 0.79668 0.94056
vt 0.79224 0.94233
vt 0.78707 0.94387
vt 0.78781 0.94423
vt 0.78386 0.94530
vt 0.78460 0.94577
vt 0.78066 0.94719
vt 0.78140 0.94755
vt 0.77868 0.94945
vt 0.77597 0.95134
vt 0.77499 0.95063
vt 0.77474 0.95359
vt 0.77573 0.95371
vt 0.77647 0.95585
vt 0.77499 0.95573
vt 0.77425 0.95573
vt 0.77375 0.95608
vt 0.77548 0.95656
vt 0.77647 0.95656
vt 0.77622 0.95727
vt 0.77499 0.95656
vt 0.77449 0.95680
vt 0.83218 0.75874
vt 0.83464 0.75874
vt 0.83415 0.76536
vt 0.82996 0.76571
vt 0.82725 0.75874
vt 0.83563 0.76733
vt 0.82010 0.75874
vt 0.83711 0.76925
vt 0.82109 0.76628
vt 0.83366 0.77153
vt 0.84007 0.77165
vt 0.82281 0.77207
vt 0.81295 0.76670
vt 0.81295 0.75876
vt 0.80531 0.75876
vt 0.84672 0.77269
vt 0.84722 0.77632
vt 0.80358 0.76746
vt 0.79865 0.76743
vt 0.79446 0.77389
vt 0.84278 0.77706
vt 0.84919 0.78087
vt 0.80235 0.77380
vt 0.84327 0.78099
vt 0.84648 0.78503
vt 0.83341 0.77863
vt 0.83563 0.78312
vt 0.84031 0.78734
vt 0.84919 0.78850
vt 0.83095 0.78764
vt 0.84598 0.79043
vt 0.83834 0.79078
vt 0.85067 0.79259
vt 0.85239 0.79102
vt 0.85683 0.79348
vt 0.84451 0.79289
vt 0.83785 0.79380
vt 0.84303 0.79502
vt 0.84845 0.79618
vt 0.83021 0.79244
vt 0.83390 0.79437
vt 0.83193 0.79573
vt 0.84968 0.79455
vt 0.85535 0.79591
vt 0.85461 0.79695
vt 0.85609 0.79452
vt 0.86151 0.79745
vt 0.86250 0.79638
vt 0.86275 0.79591
vt 0.86743 0.79763
vt 0.86201 0.79701
vt 0.82232 0.79612
vt 0.82873 0.80287
vt 0.82232 0.79203
vt 0.82207 0.80258
vt 0.82207 0.78678
vt 0.81295 0.79618
vt 0.82281 0.78002
vt 0.81295 0.79256
vt 0.81295 0.78019
vt 0.81295 0.78702
vt 0.81295 0.77399
vt 0.80038 0.78005
vt 0.78731 0.77939
vt 0.80334 0.78731
vt 0.79323 0.78321
vt 0.78657 0.78053
vt 0.78140 0.78266
vt 0.80186 0.79256
vt 0.79742 0.78779
vt 0.78559 0.78521
vt 0.77277 0.78462
vt 0.77474 0.78672
vt 0.76340 0.78740
vt 0.78731 0.78838
vt 0.76389 0.78847
vt 0.75921 0.78957
vt 0.77573 0.78906
vt 0.79348 0.79200
vt 0.76414 0.78954
vt 0.76414 0.79057
vt 0.76365 0.79155
vt 0.77375 0.79363
vt 0.77474 0.79135
vt 0.78485 0.79161
vt 0.78312 0.79446
vt 0.78904 0.79538
vt 0.79126 0.79653
vt 0.79372 0.79822
vt 0.80432 0.79689
vt 0.80506 0.80287
vt 0.79693 0.80323
vt 0.81295 0.80258
vt 0.80531 0.81043
vt 0.79964 0.81073
vt 0.82010 0.81046
vt 0.82577 0.81070
vt 0.82380 0.81668
vt 0.81295 0.81037
vt 0.81961 0.81656
vt 0.82035 0.82208
vt 0.82429 0.82219
vt 0.81295 0.81656
vt 0.82577 0.82759
vt 0.80580 0.81662
vt 0.80112 0.81686
vt 0.80555 0.82160
vt 0.80087 0.82172
vt 0.81295 0.82190
vt 0.82158 0.82753
vt 0.81295 0.82705
vt 0.80482 0.82623
vt 0.80062 0.82611
vt 0.82232 0.83120
vt 0.82700 0.83109
vt 0.80383 0.82913
vt 0.79964 0.82871
vt 0.81295 0.83049
vt 0.82676 0.83393
vt 0.82922 0.83357
vt 0.79816 0.83227
vt 0.79471 0.83138
vt 0.80358 0.83393
vt 0.78978 0.83618
vt 0.78707 0.83529
vt 0.81911 0.83292
vt 0.81295 0.83387
vt 0.78386 0.83873
vt 0.78189 0.83802
vt 0.79274 0.83760
vt 0.77819 0.84086
vt 0.77721 0.84045
vt 0.77252 0.84264
vt 0.78583 0.83980
vt 0.77918 0.84152
vt 0.77992 0.84217
vt 0.78041 0.84294
vt 0.78682 0.84116
vt 0.78781 0.84264
vt 0.79446 0.83956
vt 0.79594 0.84193
vt 0.80555 0.83618
vt 0.80580 0.84003
vt 0.81295 0.83666
vt 0.81837 0.83488
vt 0.81714 0.83707
vt 0.82306 0.83760
vt 0.82503 0.83494
vt 0.82404 0.83630
vt 0.82922 0.83838
vt 0.83070 0.83689
vt 0.82996 0.83760
vt 0.83366 0.83891
vt 0.83144 0.83642
vt 0.83243 0.83612
vt 0.83440 0.83814
vt 0.83390 0.83849
vt 0.83686 0.83932
vt 0.83489 0.83790
vt 0.83514 0.83772
vt 0.83686 0.83909
vt 0.83957 0.83968
vt 0.83711 0.83897
vt 0.83736 0.83885
vt 0.83736 0.83873
vt 0.64593 0.97754
vt 0.64248 0.97718
vt 0.64470 0.97896
vt 0.64803 0.97920
vt 0.64766 0.97778
vt 0.64581 0.98027
vt 0.64976 0.97932
vt 0.65050 0.97801
vt 0.64914 0.98050
vt 0.64643 0.98145
vt 0.65087 0.98050
vt 0.65259 0.97944
vt 0.65284 0.97813
vt 0.64976 0.98157
vt 0.64680 0.98216
vt 0.65025 0.98228
vt 0.65148 0.98157
vt 0.65197 0.98228
vt 0.65358 0.98062
vt 0.65419 0.98169
vt 0.65481 0.98228
vt 0.65703 0.98240
vt 0.65481 0.97944
vt 0.65592 0.97813
vt 0.65580 0.98074
vt 0.65641 0.98181
vt 0.65777 0.97944
vt 0.65937 0.98169
vt 0.65999 0.98240
vt 0.65875 0.98074
vt 0.66257 0.98169
vt 0.66331 0.98240
vt 0.66196 0.98074
vt 0.66085 0.97944
vt 0.65925 0.97825
vt 0.66245 0.97813
vt 0.66393 0.97920
vt 0.66566 0.97790
vt 0.66492 0.98062
vt 0.66566 0.98169
vt 0.66640 0.98228
vt 0.66960 0.98228
vt 0.66812 0.98038
vt 0.66886 0.98157
vt 0.67700 0.98193
vt 0.66701 0.97908
vt 0.67391 0.97707
vt 0.67613 0.97944
vt 0.67724 0.98121
vt 0.67478 0.97790
vt 0.68082 0.97576
vt 0.68451 0.98074
vt 0.68599 0.98157
vt 0.68291 0.97896
vt 0.69512 0.98157
vt 0.68143 0.97695
vt 0.68932 0.97339
vt 0.69055 0.97742
vt 0.68932 0.97517
vt 0.69290 0.97908
vt 0.69524 0.97576
vt 0.69068 0.97268
vt 0.69684 0.97979
vt 0.68760 0.97292
vt 0.68908 0.97209
vt 0.69240 0.97209
vt 0.69327 0.97351
vt 0.70325 0.97292
vt 0.68587 0.97185
vt 0.68032 0.97066
vt 0.68328 0.97138
vt 0.68710 0.97102
vt 0.68353 0.97078
vt 0.68439 0.97066
vt 0.68945 0.97066
vt 0.69376 0.97055
vt 0.69068 0.97114
vt 0.69832 0.96972
vt 0.70066 0.97114
vt 0.70263 0.96794
vt 0.70399 0.96889
vt 0.70461 0.96675
vt 0.70621 0.96711
vt 0.70818 0.96545
vt 0.70658 0.96521
vt 0.70843 0.96367
vt 0.70904 0.96818
vt 0.70683 0.97031
vt 0.70941 0.97185
vt 0.70991 0.96391
vt 0.70991 0.96225
vt 0.71077 0.96640
vt 0.71237 0.96474
vt 0.71114 0.96237
vt 0.71176 0.96960
vt 0.71274 0.96083
vt 0.71151 0.96047
vt 0.71373 0.96355
vt 0.71521 0.96225
vt 0.71397 0.95905
vt 0.71299 0.95857
vt 0.71669 0.96000
vt 0.71595 0.95632
vt 0.71385 0.95608
vt 0.71890 0.95632
vt 0.71656 0.95431
vt 0.71397 0.95419
vt 0.71890 0.95478
vt 0.71632 0.95277
vt 0.71385 0.95265
vt 0.72137 0.95525
vt 0.71582 0.95063
vt 0.71323 0.95063
vt 0.71866 0.95324
vt 0.71804 0.95087
vt 0.72100 0.95359
vt 0.71397 0.94838
vt 0.71200 0.94862
vt 0.71607 0.94838
vt 0.72014 0.95099
vt 0.71188 0.94577
vt 0.70966 0.94530
vt 0.70621 0.94222
vt 0.71360 0.94577
vt 0.70781 0.94186
vt 0.70140 0.93641
vt 0.69918 0.93605
vt 0.69906 0.93356
vt 0.70991 0.94174
vt 0.69918 0.93119
vt 0.70042 0.93344
vt 0.70436 0.93392
vt 0.70128 0.93131
vt 0.70535 0.93747
vt 0.70079 0.92965
vt 0.69968 0.92965
vt 0.69968 0.92835
vt 0.70374 0.93119
vt 0.70276 0.92929
vt 0.70165 0.92811
vt 0.69968 0.92574
vt 0.70300 0.92764
vt 0.70362 0.92716
vt 0.70559 0.92823
vt 0.70448 0.92870
vt 0.70584 0.93036
vt 0.70719 0.92989
vt 0.70621 0.93178
vt 0.70830 0.93238
vt 0.70547 0.93415
vt 0.70707 0.93439
vt 0.70830 0.93463
vt 0.70830 0.93783
vt 0.71052 0.93285
vt 0.71102 0.92989
vt 0.70991 0.93487
vt 0.71065 0.93818
vt 0.71262 0.92989
vt 0.71434 0.92764
vt 0.71323 0.93012
vt 0.71607 0.93060
vt 0.71262 0.93321
vt 0.71656 0.93356
vt 0.71176 0.93522
vt 0.71607 0.93558
vt 0.71262 0.93830
vt 0.71311 0.94079
vt 0.71533 0.94222
vt 0.71176 0.94127
vt 0.71533 0.94506
vt 0.71619 0.94399
vt 0.72026 0.94873
vt 0.72162 0.95111
vt 0.72273 0.95371
vt 0.72309 0.95537
vt 0.72285 0.95727
vt 0.72149 0.95691
vt 0.71890 0.96071
vt 0.72125 0.96094
vt 0.71977 0.96355
vt 0.71730 0.96320
vt 0.71878 0.96521
vt 0.71693 0.96521
vt 0.71607 0.96628
vt 0.71792 0.96687
vt 0.71521 0.96841
vt 0.71669 0.96889
vt 0.71545 0.97102
vt 0.71373 0.97327
vt 0.70559 0.97469
vt 0.71015 0.97647
vt 0.69746 0.97790
vt 0.69980 0.97944
vt 0.69672 0.98133
vt 0.70313 0.97979
vt 0.70535 0.97979
vt 0.70510 0.98133
vt 0.69955 0.98121
vt 0.70251 0.98157
vt 0.70177 0.98370
vt 0.70473 0.98276
vt 0.69943 0.98430
vt 0.69820 0.98394
vt 0.69647 0.98347
vt 0.70017 0.98619
vt 0.69931 0.98607
vt 0.69820 0.98596
vt 0.70177 0.98904
vt 0.70177 0.98596
vt 0.70337 0.98548
vt 0.82750 0.88721
vt 0.82010 0.88923
vt 0.81689 0.88864
vt 0.82528 0.88698
vt 0.83070 0.88615
vt 0.81517 0.88840
vt 0.82922 0.88603
vt 0.83366 0.88520
vt 0.82183 0.88650
vt 0.81320 0.88769
vt 0.82602 0.88555
vt 0.83292 0.88508
vt 0.83637 0.88389
vt 0.82059 0.88591
vt 0.81172 0.88709
vt 0.81911 0.88591
vt 0.82454 0.88508
vt 0.82355 0.88496
vt 0.82848 0.88413
vt 0.82774 0.88413
vt 0.82996 0.88461
vt 0.83538 0.88389
vt 0.83933 0.88259
vt 0.83292 0.88354
vt 0.83119 0.88306
vt 0.83045 0.88283
vt 0.83366 0.88140
vt 0.83810 0.88259
vt 0.84401 0.88022
vt 0.83612 0.88235
vt 0.83440 0.88188
vt 0.83810 0.87927
vt 0.83933 0.87951
vt 0.84130 0.87975
vt 0.84303 0.87654
vt 0.84204 0.87619
vt 0.84327 0.88010
vt 0.84574 0.87281
vt 0.84451 0.87246
vt 0.84697 0.87690
vt 0.84820 0.87690
vt 0.84475 0.87678
vt 0.84796 0.87311
vt 0.84771 0.86902
vt 0.84623 0.86896
vt 0.85042 0.87311
vt 0.85215 0.87305
vt 0.85511 0.86991
vt 0.85091 0.86925
vt 0.85338 0.86967
vt 0.85979 0.86724
vt 0.85017 0.86540
vt 0.84820 0.86522
vt 0.85017 0.86191
vt 0.85658 0.86653
vt 0.85363 0.86588
vt 0.85116 0.86250
vt 0.85264 0.85948
vt 0.85067 0.85948
vt 0.85116 0.85776
vt 0.85486 0.86297
vt 0.85634 0.85989
vt 0.85905 0.86380
vt 0.86151 0.86072
vt 0.85757 0.85764
vt 0.85979 0.86635
vt 0.86373 0.86096
vt 0.86176 0.86398
vt 0.86127 0.86677
vt 0.86250 0.85823
vt 0.86472 0.86279
vt 0.86521 0.85853
vt 0.86324 0.86540
vt 0.86595 0.86487
vt 0.86497 0.86659
vt 0.86743 0.86677
vt 0.86349 0.86754
vt 0.86250 0.86789
vt 0.86694 0.86765
vt 0.86891 0.86813
vt 0.86620 0.86813
vt 0.86571 0.86831
vt 0.86373 0.85592
vt 0.86620 0.85622
vt 0.85831 0.85562
vt 0.86423 0.85349
vt 0.86669 0.85361
vt 0.85387 0.85716
vt 0.86447 0.85171
vt 0.86669 0.85213
vt 0.85239 0.85740
vt 0.85042 0.85710
vt 0.85017 0.85746
vt 0.84722 0.85823
vt 0.85338 0.85651
vt 0.85091 0.85675
vt 0.85067 0.85639
vt 0.85017 0.85544
vt 0.85313 0.85456
vt 0.85313 0.85586
vt 0.85486 0.85550
vt 0.85387 0.85379
vt 0.85437 0.85230
vt 0.85954 0.85355
vt 0.85585 0.85343
vt 0.86028 0.85147
vt 0.85658 0.85147
vt 0.85461 0.85112
vt 0.85461 0.84916
vt 0.85634 0.84946
vt 0.85412 0.84709
vt 0.86053 0.84934
vt 0.85560 0.84732
vt 0.85412 0.84543
vt 0.85313 0.84543
vt 0.85757 0.84727
vt 0.86299 0.84958
vt 0.86078 0.84727
vt 0.85609 0.84537
vt 0.85264 0.84371
vt 0.85116 0.84347
vt 0.84943 0.84164
vt 0.85412 0.84359
vt 0.85067 0.84158
vt 0.84771 0.83956
vt 0.85757 0.84513
vt 0.85215 0.84158
vt 0.86447 0.84620
vt 0.85338 0.84140
vt 0.86595 0.84804
vt 0.84968 0.83950
vt 0.84820 0.83950
vt 0.84623 0.83737
vt 0.84549 0.83731
vt 0.84771 0.83737
vt 0.84377 0.83434
vt 0.84278 0.83440
vt 0.84155 0.83186
vt 0.84574 0.83429
vt 0.84253 0.83186
vt 0.84105 0.82913
vt 0.84451 0.83180
vt 0.84179 0.82913
vt 0.84204 0.82682
vt 0.84130 0.82682
vt 0.84377 0.82901
vt 0.84278 0.82534
vt 0.84179 0.82522
vt 0.84377 0.82249
vt 0.84352 0.82688
vt 0.84451 0.82255
vt 0.84672 0.81894
vt 0.84451 0.82534
vt 0.84500 0.82682
vt 0.84746 0.81894
vt 0.84598 0.82255
vt 0.84574 0.82534
vt 0.84845 0.81710
vt 0.84771 0.81704
vt 0.84870 0.81899
vt 0.84943 0.81520
vt 0.84894 0.81514
vt 0.84993 0.81710
vt 0.85091 0.81520
vt 0.85017 0.81313
vt 0.84968 0.81313
vt 0.85165 0.81310
vt 0.85042 0.81102
vt 0.84993 0.81105
vt 0.84993 0.80874
vt 0.85165 0.81099
vt 0.85067 0.80868
vt 0.84993 0.80622
vt 0.85141 0.80859
vt 0.85017 0.80619
vt 0.84919 0.80281
vt 0.84943 0.80281
vt 0.84746 0.79955
vt 0.85091 0.80616
vt 0.84968 0.80281
vt 0.85017 0.80275
vt 0.85042 0.80270
vt 0.85239 0.80598
vt 0.85190 0.80604
vt 0.85264 0.80847
vt 0.85313 0.80833
vt 0.85338 0.81093
vt 0.85412 0.81090
vt 0.85313 0.81301
vt 0.85412 0.81310
vt 0.85387 0.81508
vt 0.85264 0.81514
vt 0.85141 0.81704
vt 0.85239 0.81704
vt 0.85091 0.81894
vt 0.85017 0.81899
vt 0.84746 0.82255
vt 0.84796 0.82255
vt 0.84648 0.82534
vt 0.84598 0.82682
vt 0.84574 0.82901
vt 0.84648 0.82895
vt 0.84598 0.83180
vt 0.84722 0.83174
vt 0.84820 0.83429
vt 0.84722 0.83434
vt 0.85067 0.83725
vt 0.84968 0.83731
vt 0.85239 0.83938
vt 0.85165 0.83932
vt 0.85437 0.84140
vt 0.85535 0.84341
vt 0.85658 0.84318
vt 0.85880 0.84495
vt 0.86398 0.84590
vt 0.87211 0.84750
vt 0.87113 0.84792
vt 0.87778 0.84910
vt 0.87778 0.84851
vt 0.88395 0.84999
vt 0.87828 0.84952
vt 0.87187 0.84904
vt 0.87877 0.85011
vt 0.87902 0.85053
vt 0.87951 0.85082
vt 0.86718 0.85005
vt 0.87409 0.85112
vt 0.87483 0.85177
vt 0.87310 0.85023
vt 0.86891 0.85159
vt 0.86965 0.85213
vt 0.57438 0.77036
vt 0.57629 0.77039
vt 0.57358 0.77438
vt 0.57673 0.77428
vt 0.57685 0.77681
vt 0.57278 0.77768
vt 0.57697 0.77780
vt 0.57247 0.77001
vt 0.57013 0.77370
vt 0.56982 0.76947
vt 0.57216 0.76759
vt 0.57062 0.76730
vt 0.56742 0.76904
vt 0.56677 0.77282
vt 0.56388 0.77214
vt 0.56357 0.77596
vt 0.56794 0.77694
vt 0.56160 0.77777
vt 0.57272 0.78045
vt 0.56653 0.77927
vt 0.56317 0.78363
vt 0.57975 0.77918
vt 0.58030 0.77742
vt 0.58369 0.77688
vt 0.56908 0.78388
vt 0.58375 0.77826
vt 0.58794 0.77657
vt 0.57525 0.78216
vt 0.57981 0.78106
vt 0.58806 0.77754
vt 0.59312 0.77712
vt 0.59287 0.77657
vt 0.60070 0.77700
vt 0.58917 0.77909
vt 0.59417 0.77805
vt 0.59484 0.77857
vt 0.59540 0.77896
vt 0.58474 0.78008
vt 0.59028 0.77994
vt 0.59127 0.78065
vt 0.58628 0.78115
vt 0.58751 0.78210
vt 0.58190 0.78241
vt 0.58338 0.78363
vt 0.57999 0.78509
vt 0.57820 0.78376
vt 0.57685 0.78711
vt 0.57469 0.78560
vt 0.57106 0.78900
vt 0.57426 0.78983
vt 0.57210 0.79532
vt 0.56656 0.78826
vt 0.56492 0.79502
vt 0.57062 0.80267
vt 0.56206 0.78806
vt 0.55623 0.78788
vt 0.55623 0.79466
vt 0.55004 0.79440
vt 0.56415 0.80255
vt 0.55660 0.80225
vt 0.55004 0.80192
vt 0.55688 0.80824
vt 0.55004 0.80803
vt 0.56366 0.80847
vt 0.57013 0.80859
vt 0.56976 0.81473
vt 0.55688 0.81449
vt 0.56323 0.81461
vt 0.55004 0.81976
vt 0.55676 0.81982
vt 0.56289 0.81994
vt 0.56951 0.82000
vt 0.56890 0.82462
vt 0.55663 0.82451
vt 0.56258 0.82457
vt 0.56896 0.82919
vt 0.55670 0.82925
vt 0.56277 0.82925
vt 0.55747 0.83689
vt 0.56443 0.83689
vt 0.57142 0.83678
vt 0.55753 0.84341
vt 0.56471 0.84341
vt 0.57198 0.84347
vt 0.56369 0.84910
vt 0.57044 0.84928
vt 0.55700 0.84910
vt 0.56270 0.85414
vt 0.56887 0.85420
vt 0.56970 0.85953
vt 0.55651 0.85414
vt 0.56323 0.85965
vt 0.55004 0.85414
vt 0.55679 0.85965
vt 0.55744 0.86511
vt 0.56446 0.86511
vt 0.55004 0.86511
vt 0.55725 0.87097
vt 0.55004 0.87091
vt 0.55679 0.87690
vt 0.55004 0.87678
vt 0.72174 0.95111
vt 0.72285 0.95371
vt 0.72112 0.95359
vt 0.72309 0.95525
vt 0.71816 0.95087
vt 0.72149 0.95525
vt 0.72137 0.96094
vt 0.71743 0.96320
vt 0.71607 0.95632
vt 0.71706 0.96521
vt 0.71890 0.96521
vt 0.71533 0.96225
vt 0.71619 0.96628
vt 0.71595 0.96462
vt 0.71533 0.96841
vt 0.71681 0.96889
vt 0.71459 0.96557
vt 0.71348 0.97019
vt 0.71558 0.97090
vt 0.71348 0.96758
vt 0.71163 0.97280
vt 0.71028 0.97647
vt 0.71176 0.96948
vt 0.70954 0.97185
vt 0.70806 0.97564
vt 0.69980 0.97718
vt 0.70337 0.97292
vt 0.70411 0.96889
vt 0.71089 0.96640
vt 0.70633 0.96699
vt 0.71249 0.96474
vt 0.71373 0.96343
vt 0.71003 0.96391
vt 0.71126 0.96237
vt 0.71003 0.96225
vt 0.70276 0.96794
vt 0.71397 0.95893
vt 0.71397 0.95608
vt 0.71410 0.95419
vt 0.71397 0.95265
vt 0.70855 0.94222
vt 0.71052 0.94257
vt 0.70152 0.93641
vt 0.71311 0.94293
vt 0.71508 0.94304
vt 0.71471 0.94233
vt 0.71114 0.93866
vt 0.71521 0.94127
vt 0.70880 0.93830
vt 0.71188 0.93546
vt 0.71237 0.93344
vt 0.70966 0.93522
vt 0.70547 0.93759
vt 0.70707 0.93463
vt 0.71040 0.93297
vt 0.71299 0.93036
vt 0.71619 0.93060
vt 0.71188 0.93012
vt 0.70645 0.93202
vt 0.70547 0.93036
vt 0.70313 0.93131
vt 0.70424 0.93439
vt 0.70140 0.93404
vt 0.70017 0.93380
vt 0.69955 0.93368
vt 0.70042 0.93143
vt 0.69992 0.92965
vt 0.70079 0.92977
vt 0.70005 0.92823
vt 0.70066 0.92835
vt 0.70288 0.92965
vt 0.70202 0.92823
vt 0.70313 0.92775
vt 0.70387 0.92728
vt 0.70461 0.92894
vt 0.71323 0.78524
vt 0.70843 0.78389
vt 0.70461 0.79025
vt 0.71077 0.79069
vt 0.70140 0.79603
vt 0.71743 0.79099
vt 0.71964 0.78616
vt 0.70843 0.79668
vt 0.69918 0.80109
vt 0.71533 0.79709
vt 0.72568 0.79123
vt 0.72655 0.78447
vt 0.72457 0.79721
vt 0.70658 0.80249
vt 0.69610 0.80693
vt 0.71299 0.80287
vt 0.70424 0.80892
vt 0.69253 0.81022
vt 0.72383 0.80287
vt 0.69807 0.81200
vt 0.68846 0.81330
vt 0.69129 0.81443
vt 0.68365 0.81650
vt 0.69807 0.81473
vt 0.69092 0.81568
vt 0.68994 0.81656
vt 0.68760 0.81757
vt 0.69659 0.81674
vt 0.69105 0.81858
vt 0.70535 0.81336
vt 0.70350 0.81722
vt 0.69438 0.81976
vt 0.71052 0.81256
vt 0.70609 0.82338
vt 0.69844 0.82474
vt 0.70374 0.83020
vt 0.71052 0.81615
vt 0.71249 0.82214
vt 0.70978 0.82901
vt 0.70917 0.83571
vt 0.71619 0.82812
vt 0.71459 0.83517
vt 0.70880 0.83938
vt 0.72038 0.83464
vt 0.71471 0.83968
vt 0.70461 0.84472
vt 0.72137 0.83992
vt 0.71114 0.84584
vt 0.69955 0.84952
vt 0.70621 0.85100
vt 0.69475 0.85444
vt 0.71989 0.84697
vt 0.70066 0.85568
vt 0.71582 0.85290
vt 0.69659 0.85853
vt 0.69203 0.85734
vt 0.68908 0.86013
vt 0.72716 0.83962
vt 0.69240 0.86125
vt 0.72630 0.84744
vt 0.70288 0.86084
vt 0.68772 0.86362
vt 0.68550 0.86256
vt 0.69610 0.86309
vt 0.70978 0.85793
vt 0.68217 0.86546
vt 0.68106 0.86457
vt 0.68981 0.86522
vt 0.67638 0.86688
vt 0.67589 0.86629
vt 0.66972 0.86801
vt 0.68341 0.86665
vt 0.67663 0.86760
vt 0.67675 0.86837
vt 0.67663 0.86902
vt 0.68402 0.86801
vt 0.68439 0.86925
vt 0.69142 0.86706
vt 0.69240 0.86878
vt 0.69906 0.86546
vt 0.70079 0.86783
vt 0.70670 0.86345
vt 0.70904 0.86647
vt 0.71607 0.86445
vt 0.72038 0.86060
vt 0.72383 0.86837
vt 0.71582 0.86819
vt 0.71570 0.87595
vt 0.72420 0.85444
vt 0.72371 0.87560
vt 0.73370 0.85550
vt 0.73370 0.86937
vt 0.73370 0.86226
vt 0.72408 0.88152
vt 0.71619 0.88188
vt 0.73370 0.87607
vt 0.72556 0.88709
vt 0.71853 0.88781
vt 0.72753 0.89195
vt 0.72186 0.89278
vt 0.73370 0.88686
vt 0.72987 0.89658
vt 0.72655 0.89729
vt 0.73370 0.89160
vt 0.73209 0.90037
vt 0.73086 0.90061
vt 0.73370 0.90298
vt 0.73370 0.89622
vt 0.73370 0.90013
vt 0.73517 0.90025
vt 0.73653 0.90037
vt 0.74060 0.89693
vt 0.73752 0.89634
vt 0.74479 0.89302
vt 0.74010 0.89195
vt 0.74812 0.88911
vt 0.74195 0.88769
vt 0.75107 0.88508
vt 0.73370 0.88164
vt 0.74331 0.88271
vt 0.74479 0.87749
vt 0.75231 0.87986
vt 0.76611 0.88745
vt 0.74343 0.87163
vt 0.75083 0.87329
vt 0.74405 0.86404
vt 0.76587 0.88318
vt 0.78041 0.88864
vt 0.76439 0.87773
vt 0.77992 0.88591
vt 0.78978 0.88840
vt 0.77868 0.88212
vt 0.76562 0.87382
vt 0.78904 0.88662
vt 0.75292 0.86884
vt 0.75822 0.86635
vt 0.76981 0.87115
vt 0.75268 0.86279
vt 0.74935 0.85533
vt 0.77992 0.87892
vt 0.78312 0.87678
vt 0.78904 0.88188
vt 0.79150 0.88022
vt 0.78830 0.88413
vt 0.79668 0.88389
vt 0.79816 0.88283
vt 0.80629 0.88579
vt 0.79643 0.88532
vt 0.79693 0.88662
vt 0.79717 0.88769
vt 0.74084 0.85592
vt 0.73973 0.84774
vt 0.74750 0.84786
vt 0.73370 0.84786
vt 0.73961 0.83921
vt 0.74664 0.83968
vt 0.73370 0.83932
vt 0.74183 0.83203
vt 0.74775 0.83482
vt 0.74984 0.83523
vt 0.73370 0.83298
vt 0.72692 0.83393
vt 0.72457 0.82694
vt 0.73370 0.82587
vt 0.72285 0.82083
vt 0.72211 0.81485
vt 0.73370 0.81988
vt 0.74479 0.82889
vt 0.74713 0.82368
vt 0.74762 0.83257
vt 0.75317 0.83559
vt 0.75280 0.83346
vt 0.75144 0.83055
vt 0.75773 0.83411
vt 0.75785 0.83565
vt 0.75736 0.83191
vt 0.76266 0.83440
vt 0.76266 0.83535
vt 0.77055 0.83417
vt 0.76266 0.83310
vt 0.76291 0.83180
vt 0.76463 0.83091
vt 0.76094 0.82889
vt 0.75847 0.82984
vt 0.75761 0.82688
vt 0.75354 0.82788
vt 0.75514 0.82468
vt 0.74972 0.82563
vt 0.75428 0.82297
vt 0.75453 0.81864
vt 0.74688 0.81882
vt 0.75428 0.81310
vt 0.73370 0.81381
vt 0.74639 0.81330
vt 0.75280 0.80702
vt 0.74479 0.80744
vt 0.75083 0.80145
vt 0.73370 0.80776
vt 0.74356 0.80190
vt 0.74910 0.79659
vt 0.72285 0.80824
vt 0.73370 0.80246
vt 0.74257 0.79686
vt 0.74873 0.78948
vt 0.73370 0.79712
vt 0.71139 0.80889
vt 0.73370 0.78989
vt 0.74257 0.78972
vt 0.74972 0.78404
vt 0.73370 0.78379
vt 0.72655 0.78022
vt 0.74331 0.78404
vt 0.75071 0.77865
vt 0.74368 0.77854
vt 0.75132 0.77353
vt 0.73333 0.77937
vt 0.73370 0.77386
vt 0.72655 0.77322
vt 0.74356 0.77330
vt 0.73370 0.76616
vt 0.72655 0.76553
vt 0.74368 0.76773
vt 0.75218 0.76836
vt 0.75477 0.76257
vt 0.74565 0.76078
vt 0.73308 0.75832
vt 0.72655 0.75702
vt 0.61906 0.91471
vt 0.62399 0.91365
vt 0.62375 0.91578
vt 0.61906 0.92266
vt 0.62363 0.92325
vt 0.62566 0.93155
vt 0.60994 0.92171
vt 0.61105 0.91578
vt 0.60273 0.91649
vt 0.60088 0.92112
vt 0.59971 0.92846
vt 0.61906 0.93119
vt 0.60964 0.93012
vt 0.60230 0.93736
vt 0.61906 0.93901
vt 0.61081 0.93842
vt 0.61247 0.94553
vt 0.60588 0.94506
vt 0.61906 0.94601
vt 0.61339 0.95087
vt 0.60692 0.95051
vt 0.62473 0.94613
vt 0.61407 0.95964
vt 0.60846 0.95917
vt 0.61906 0.95099
vt 0.61031 0.96604
vt 0.62492 0.93937
vt 0.63256 0.93949
vt 0.62819 0.93356
vt 0.63047 0.94672
vt 0.62424 0.95111
vt 0.62960 0.95170
vt 0.62344 0.95988
vt 0.62831 0.95988
vt 0.61906 0.95976
vt 0.62356 0.96640
vt 0.62837 0.96640
vt 0.62831 0.97161
vt 0.61413 0.96604
vt 0.61906 0.96628
vt 0.62350 0.97126
vt 0.62788 0.97683
vt 0.61906 0.97102
vt 0.61432 0.97090
vt 0.61087 0.97078
vt 0.62338 0.97612
vt 0.61906 0.97564
vt 0.61463 0.97552
vt 0.61081 0.97541
vt 0.61031 0.97967
vt 0.61487 0.97991
vt 0.60902 0.98216
vt 0.62326 0.98074
vt 0.62677 0.98133
vt 0.61906 0.98027
vt 0.61438 0.98323
vt 0.60668 0.98335
vt 0.61906 0.98359
vt 0.62399 0.98370
vt 0.62917 0.98347
vt 0.63262 0.98465
vt 0.61906 0.98536
vt 0.61007 0.98501
vt 0.60304 0.98489
vt 0.61296 0.98714
vt 0.60507 0.98643
vt 0.59860 0.98643
vt 0.60008 0.98785
vt 0.59417 0.98821
vt 0.60655 0.98845
vt 0.59534 0.98928
vt 0.59053 0.98975
vt 0.60119 0.98963
vt 0.59139 0.99046
vt 0.58714 0.99141
vt 0.59639 0.99058
vt 0.58745 0.99165
vt 0.58498 0.99236
vt 0.58788 0.99200
vt 0.59226 0.99129
vt 0.58813 0.99224
vt 0.58813 0.99271
vt 0.59337 0.99319
vt 0.59293 0.99200
vt 0.59749 0.99165
vt 0.59891 0.99319
vt 0.60267 0.99093
vt 0.60526 0.99271
vt 0.60803 0.99010
vt 0.61105 0.99188
vt 0.61401 0.98904
vt 0.61574 0.99117
vt 0.61906 0.99259
vt 0.61906 0.98892
vt 0.62036 0.99022
vt 0.62332 0.99022
vt 0.62615 0.98726
vt 0.62443 0.98868
vt 0.62862 0.98572
vt 0.63176 0.98856
vt 0.63065 0.99010
vt 0.62929 0.99165
vt 0.63386 0.98726
vt 0.63743 0.98607
vt 0.63755 0.98999
vt 0.63694 0.99153
vt 0.63632 0.99307
vt 0.63990 0.98892
vt 0.64273 0.98809
vt 0.64544 0.99295
vt 0.64520 0.99390
vt 0.65481 0.99437
vt 0.64581 0.99212
vt 0.64717 0.99153
vt 0.64877 0.99105
vt 0.82183 0.89267
vt 0.82454 0.89124
vt 0.82552 0.89160
vt 0.82256 0.89302
vt 0.82799 0.89278
vt 0.82133 0.89350
vt 0.82059 0.89326
vt 0.81887 0.89409
vt 0.82503 0.89397
vt 0.82577 0.89468
vt 0.82848 0.89326
vt 0.82897 0.89373
vt 0.82602 0.89504
vt 0.82380 0.89444
vt 0.82478 0.89516
vt 0.82478 0.89551
vt 0.82306 0.89622
vt 0.82232 0.89504
vt 0.82306 0.89575
vt 0.82133 0.89658
vt 0.82158 0.89705
vt 0.82059 0.89587
vt 0.81985 0.89421
vt 0.81714 0.89480
vt 0.82010 0.89717
vt 0.82035 0.89753
vt 0.81887 0.89812
vt 0.81813 0.89504
vt 0.81665 0.89563
vt 0.81591 0.89527
vt 0.81468 0.89587
vt 0.81936 0.89634
vt 0.81862 0.89776
vt 0.81788 0.89693
vt 0.81542 0.89610
vt 0.81418 0.89670
vt 0.81344 0.89646
vt 0.81616 0.89764
vt 0.81714 0.89836
vt 0.81739 0.89883
vt 0.81123 0.89800
vt 0.81024 0.89776
vt 0.80679 0.89919
vt 0.81443 0.89966
vt 0.81468 0.90013
vt 0.81196 0.90132
vt 0.81320 0.89883
vt 0.81147 0.90096
vt 0.80901 0.90274
vt 0.81024 0.90013
vt 0.80851 0.90215
vt 0.80679 0.90405
vt 0.80777 0.89942
vt 0.80334 0.90037
vt 0.80703 0.90120
vt 0.80457 0.90061
vt 0.80112 0.90179
vt 0.79989 0.90156
vt 0.80457 0.90239
vt 0.80629 0.90357
vt 0.80210 0.90381
vt 0.79841 0.90298
vt 0.79619 0.90274
vt 0.79224 0.90405
vt 0.79298 0.90452
vt 0.78830 0.90511
vt 0.80408 0.90499
vt 0.80506 0.90606
vt 0.79816 0.90594
vt 0.79052 0.90654
vt 0.78830 0.90618
vt 0.78411 0.90499
vt 0.80112 0.90689
vt 0.78460 0.90606
vt 0.80284 0.90748
vt 0.79890 0.90796
vt 0.79569 0.90689
vt 0.80482 0.90843
vt 0.80580 0.90808
vt 0.80629 0.91068
vt 0.80531 0.91460
vt 0.80284 0.90962
vt 0.80408 0.91116
vt 0.80284 0.91199
vt 0.80210 0.91282
vt 0.79939 0.91163
vt 0.80112 0.91068
vt 0.79767 0.91045
vt 0.79890 0.90938
vt 0.80013 0.90867
vt 0.79791 0.90926
vt 0.79495 0.90879
vt 0.79619 0.91057
vt 0.79693 0.91222
vt 0.79101 0.90819
vt 0.79372 0.91045
vt 0.79052 0.90997
vt 0.79446 0.91211
vt 0.79076 0.91222
vt 0.78682 0.90962
vt 0.79422 0.91471
vt 0.79619 0.91460
vt 0.79101 0.91495
vt 0.79422 0.91685
vt 0.79594 0.91649
vt 0.79594 0.91815
vt 0.78534 0.91341
vt 0.79422 0.91851
vt 0.79668 0.92017
vt 0.78361 0.91057
vt 0.79495 0.92040
vt 0.79890 0.92254
vt 0.78238 0.91365
vt 0.78608 0.91543
vt 0.78288 0.91590
vt 0.78657 0.91756
vt 0.78435 0.91803
vt 0.79101 0.91720
vt 0.78855 0.91922
vt 0.78608 0.91934
vt 0.79150 0.91886
vt 0.78830 0.92171
vt 0.79249 0.92064
vt 0.79002 0.92100
vt 0.79002 0.92372
vt 0.79668 0.92277
vt 0.79422 0.92289
vt 0.79200 0.92325
vt 0.79397 0.92669
vt 0.79964 0.92550
vt 0.80136 0.92526
vt 0.80334 0.92681
vt 0.79569 0.92645
vt 0.79643 0.92823
vt 0.79717 0.92609
vt 0.80161 0.92716
vt 0.79742 0.92764
vt 0.80186 0.93095
vt 0.79939 0.92728
vt 0.80284 0.93024
vt 0.80629 0.92977
vt 0.80777 0.92941
vt 0.80432 0.93001
vt 0.80876 0.93332
vt 0.80802 0.93356
vt 0.81049 0.93285
vt 0.81221 0.93238
vt 0.81295 0.93178
vt 0.81911 0.93368
vt 0.81887 0.93439
vt 0.81566 0.93570
vt 0.81837 0.93487
vt 0.82700 0.93641
vt 0.82750 0.93605
vt 0.81443 0.93617
vt 0.83390 0.93795
vt 0.83464 0.93712
vt 0.83908 0.93878
vt 0.83785 0.93913
vt 0.84204 0.94067
vt 0.83736 0.93925
vt 0.80555 0.93771
vt 0.81665 0.93688
vt 0.77942 0.94387
vt 0.80136 0.93913
vt 0.80161 0.93949
vt 0.81320 0.93830
vt 0.81887 0.93783
vt 0.82281 0.93866
vt 0.82330 0.93984
vt 0.81788 0.93617
vt 0.82380 0.93949
vt 0.82503 0.94198
vt 0.82330 0.93807
vt 0.82774 0.94127
vt 0.82651 0.94352
vt 0.82552 0.93890
vt 0.82454 0.93724
vt 0.82577 0.93676
vt 0.82750 0.93854
vt 0.83045 0.93818
vt 0.83440 0.94008
vt 0.83095 0.94067
vt 0.83834 0.94198
vt 0.83341 0.94020
vt 0.83193 0.94056
vt 0.83514 0.94222
vt 0.83341 0.94233
vt 0.82996 0.94091
vt 0.83144 0.94257
vt 0.82947 0.94281
vt 0.83341 0.94482
vt 0.83243 0.94494
vt 0.82996 0.94542
vt 0.83415 0.94719
vt 0.83415 0.94470
vt 0.83810 0.94340
vt 0.83760 0.94411
vt 0.83957 0.94470
vt 0.83982 0.94399
vt 0.84204 0.94447
vt 0.84179 0.94506
vt 0.84229 0.94399
vt 0.84007 0.94281
vt 0.84007 0.94115
vt 0.84155 0.94233
vt 0.82035 0.88923
vt 0.85067 0.87311
vt 0.83834 0.87927
vt 0.83070 0.88283
vt 0.82799 0.88413
vt 0.84648 0.86902
vt 0.84820 0.86516
vt 0.85387 0.86588
vt 0.86127 0.86534
vt 0.86349 0.86659
vt 0.86275 0.86297
vt 0.86620 0.86765
vt 0.86669 0.86682
vt 0.86743 0.86671
vt 0.86447 0.86499
vt 0.86571 0.86475
vt 0.86472 0.86262
vt 0.85412 0.85716
vt 0.87926 0.85053
vt 0.87803 0.84851
vt 0.87138 0.84792
vt 0.86423 0.84590
vt 0.85757 0.84519
vt 0.85486 0.84916
vt 0.85042 0.85544
vt 0.69129 0.97505
vt 0.69203 0.97707
vt 0.69832 0.97529
vt 0.69647 0.97327
vt 0.69696 0.97078
vt 0.69203 0.97280
vt 0.69450 0.97185
vt 0.69240 0.97114
vt 0.69080 0.97185
vt 0.68858 0.97090
vt 0.68895 0.97244
vt 0.68747 0.97149
vt 0.68451 0.97090
vt 0.68624 0.97197
vt 0.68513 0.97232
vt 0.68390 0.97114
vt 0.81591 0.98939
vt 0.81246 0.99082
vt 0.81221 0.99034
vt 0.81196 0.99034
vt 0.80975 0.99105
vt 0.80975 0.99129
vt 0.80950 0.99105
vt 0.80703 0.99165
vt 0.78066 0.94708
vt 0.77893 0.94933
vt 0.77055 0.94885
vt 0.76759 0.94802
vt 0.77499 0.95205
vt 0.76636 0.94921
vt 0.76389 0.94897
vt 0.77523 0.95573
vt 0.76932 0.95004
vt 0.77449 0.95668
vt 0.77178 0.95442
vt 0.77104 0.95549
vt 0.76981 0.95419
vt 0.76833 0.95134
vt 0.76907 0.95537
vt 0.76759 0.95241
vt 0.76661 0.95371
vt 0.76587 0.95051
vt 0.76611 0.95478
vt 0.76587 0.95525
vt 0.76636 0.95644
vt 0.76439 0.95597
vt 0.76167 0.95763
vt 0.75748 0.95940
vt 0.75761 0.95964
vt 0.75970 0.95964
vt 0.76389 0.95834
vt 0.76463 0.96320
vt 0.76463 0.96569
vt 0.76808 0.96829
vt 0.76439 0.96770
vt 0.76365 0.97552
vt 0.76488 0.97576
vt 0.76463 0.97707
vt 0.75637 0.98015
vt 0.75342 0.98110
vt 0.75453 0.98133
vt 0.75551 0.98145
vt 0.75144 0.98228
vt 0.75366 0.98264
vt 0.75255 0.98240
vt 0.75009 0.98335
vt 0.75107 0.98347
vt 0.75218 0.98370
vt 0.75058 0.98477
vt 0.75107 0.98477
vt 0.74873 0.98453
vt 0.74836 0.98596
vt 0.74750 0.98596
vt 0.74688 0.98584
vt 0.74910 0.98607
vt 0.74738 0.98738
vt 0.74664 0.98738
vt 0.74614 0.98939
vt 0.74651 0.98939
vt 0.74799 0.98750
vt 0.74676 0.98951
vt 0.76241 0.95134
vt 0.75995 0.95099
vt 0.76266 0.95063
vt 0.75724 0.95063
vt 0.76020 0.95039
vt 0.75748 0.95004
vt 0.76340 0.94956
vt 0.76044 0.94992
vt 0.75761 0.94980
vt 0.78140 0.90594
vt 0.78115 0.90499
vt 0.77819 0.90511
vt 0.77844 0.90571
vt 0.77277 0.90523
vt 0.77868 0.90642
vt 0.78189 0.90677
vt 0.77868 0.90677
vt 0.77844 0.90713
vt 0.78238 0.90748
vt 0.78288 0.90808
vt 0.78608 0.90855
vt 0.78559 0.90808
vt 0.78534 0.90689
vt 0.78781 0.90760
vt 0.79594 0.90535
vt 0.79348 0.90677
vt 0.79643 0.90748
vt 0.80013 0.90879
vt 0.80506 0.91092
vt 0.79890 0.90819
vt 0.79890 0.90974
vt 0.79643 0.91009
vt 0.79422 0.90962
vt 0.79027 0.90891
vt 0.79200 0.91151
vt 0.78657 0.91068
vt 0.79422 0.92301
vt 0.79890 0.92266
vt 0.79545 0.92645
vt 0.80136 0.92716
vt 0.81270 0.93178
vt 0.81640 0.93510
vt 0.82454 0.93736
vt 0.82084 0.93736
vt 0.82528 0.93890
vt 0.82947 0.94293
vt 0.83612 0.93961
vt 0.84179 0.94067
vt 0.84327 0.94352
vt 0.83957 0.94399
vt 0.39590 0.78018
vt 0.39980 0.77971
vt 0.39746 0.78047
vt 0.39746 0.77806
vt 0.40188 0.77806
vt 0.40188 0.77892
vt 0.40188 0.77645
vt 0.39746 0.77645
vt 0.40630 0.77806
vt 0.40630 0.77844
vt 0.40630 0.77645
vt 0.40188 0.77482
vt 0.39746 0.77482
vt 0.40630 0.77482
vt 0.40188 0.77316
vt 0.39746 0.77316
vt 0.40630 0.77316
vt 0.40188 0.77148
vt 0.39746 0.77148
vt 0.40630 0.77148
vt 0.40188 0.76980
vt 0.39746 0.76980
vt 0.40630 0.76980
vt 0.40188 0.76819
vt 0.39746 0.76819
vt 0.40630 0.76819
vt 0.40188 0.76668
vt 0.39746 0.76668
vt 0.40630 0.76668
vt 0.40188 0.76519
vt 0.39746 0.76519
vt 0.40630 0.76519
vt 0.40188 0.76368
vt 0.39746 0.76368
vt 0.40630 0.76368
vt 0.40188 0.76203
vt 0.39746 0.76203
vt 0.40630 0.76203
vt 0.40188 0.76034
vt 0.39746 0.76034
vt 0.40630 0.76034
vt 0.40188 0.75859
vt 0.39746 0.75859
vt 0.40630 0.75859
vt 0.40188 0.75680
vt 0.39746 0.75680
vt 0.40630 0.75680
vt 0.40188 0.75502
vt 0.39746 0.75502
vt 0.40630 0.75502
vt 0.40188 0.75325
vt 0.39746 0.75325
vt 0.39746 0.75147
vt 0.40188 0.75147
vt 0.40630 0.75147
vt 0.40630 0.75325
vt 0.41021 0.75147
vt 0.41021 0.75325
vt 0.41385 0.75147
vt 0.41021 0.75502
vt 0.41385 0.75325
vt 0.41749 0.75147
vt 0.41021 0.75680
vt 0.41385 0.75502
vt 0.41749 0.75325
vt 0.42113 0.75147
vt 0.41021 0.75859
vt 0.42113 0.75325
vt 0.42477 0.75147
vt 0.41749 0.75502
vt 0.41385 0.75680
vt 0.42477 0.75325
vt 0.42893 0.75147
vt 0.42893 0.75325
vt 0.42113 0.75502
vt 0.42477 0.75502
vt 0.42893 0.75502
vt 0.41749 0.75680
vt 0.42113 0.75680
vt 0.42477 0.75680
vt 0.42893 0.75680
vt 0.41385 0.75859
vt 0.42477 0.75859
vt 0.42893 0.75859
vt 0.42113 0.75859
vt 0.41749 0.75859
vt 0.42477 0.76034
vt 0.42893 0.76034
vt 0.42113 0.76034
vt 0.41749 0.76034
vt 0.42477 0.76203
vt 0.42893 0.76203
vt 0.42113 0.76203
vt 0.42477 0.76368
vt 0.42893 0.76368
vt 0.42113 0.76368
vt 0.41749 0.76203
vt 0.41749 0.76368
vt 0.42477 0.76519
vt 0.42893 0.76519
vt 0.42113 0.76519
vt 0.42477 0.76668
vt 0.42893 0.76668
vt 0.42113 0.76668
vt 0.41749 0.76519
vt 0.41749 0.76668
vt 0.42477 0.76819
vt 0.42893 0.76819
vt 0.42113 0.76819
vt 0.42477 0.76980
vt 0.42893 0.76980
vt 0.42113 0.76980
vt 0.41749 0.76819
vt 0.41749 0.76980
vt 0.42477 0.77148
vt 0.42893 0.77148
vt 0.42113 0.77148
vt 0.42477 0.77316
vt 0.42893 0.77316
vt 0.42113 0.77316
vt 0.41749 0.77148
vt 0.41749 0.77316
vt 0.42477 0.77482
vt 0.42893 0.77482
vt 0.42113 0.77482
vt 0.42477 0.77645
vt 0.42893 0.77645
vt 0.42113 0.77645
vt 0.41749 0.77482
vt 0.41749 0.77645
vt 0.42477 0.77806
vt 0.42893 0.77806
vt 0.42113 0.77806
vt 0.42477 0.77971
vt 0.42841 0.77987
vt 0.42113 0.77971
vt 0.42633 0.78138
vt 0.42893 0.78047
vt 0.42477 0.78138
vt 0.42477 0.78199
vt 0.42113 0.78271
vt 0.42113 0.78138
vt 0.41749 0.78237
vt 0.41749 0.78138
vt 0.41411 0.78138
vt 0.41749 0.77971
vt 0.41385 0.77971
vt 0.41385 0.78126
vt 0.41047 0.77971
vt 0.41021 0.77964
vt 0.41749 0.77806
vt 0.41385 0.77806
vt 0.41021 0.77806
vt 0.40812 0.77901
vt 0.41385 0.77645
vt 0.41021 0.77645
vt 0.41385 0.77482
vt 0.41021 0.77482
vt 0.41385 0.77316
vt 0.41021 0.77316
vt 0.41385 0.77148
vt 0.41021 0.77148
vt 0.41385 0.76980
vt 0.41021 0.76980
vt 0.41385 0.76819
vt 0.41021 0.76819
vt 0.41385 0.76668
vt 0.41021 0.76668
vt 0.41385 0.76519
vt 0.41021 0.76519
vt 0.41385 0.76368
vt 0.41021 0.76368
vt 0.41385 0.76203
vt 0.41021 0.76203
vt 0.41385 0.76034
vt 0.41021 0.76034
vt 0.46795 0.75274
vt 0.46795 0.75114
vt 0.47185 0.75114
vt 0.47185 0.75274
vt 0.46795 0.75439
vt 0.47575 0.75114
vt 0.47185 0.75439
vt 0.46795 0.75615
vt 0.47575 0.75274
vt 0.47913 0.75114
vt 0.47185 0.75615
vt 0.46795 0.75803
vt 0.47575 0.75439
vt 0.47913 0.75274
vt 0.48251 0.75114
vt 0.47185 0.75803
vt 0.46795 0.75986
vt 0.48251 0.75274
vt 0.48616 0.75114
vt 0.47913 0.75439
vt 0.47575 0.75615
vt 0.48616 0.75274
vt 0.49006 0.75114
vt 0.48251 0.75439
vt 0.47913 0.75615
vt 0.49006 0.75274
vt 0.49344 0.75114
vt 0.48616 0.75439
vt 0.49344 0.75274
vt 0.49682 0.75114
vt 0.49682 0.75274
vt 0.49006 0.75439
vt 0.49344 0.75439
vt 0.49682 0.75439
vt 0.48616 0.75615
vt 0.49344 0.75615
vt 0.49682 0.75615
vt 0.49006 0.75615
vt 0.49344 0.75803
vt 0.49682 0.75803
vt 0.49006 0.75803
vt 0.49344 0.75986
vt 0.49682 0.75986
vt 0.49006 0.75986
vt 0.48616 0.75803
vt 0.48616 0.75986
vt 0.49344 0.76165
vt 0.49682 0.76165
vt 0.49006 0.76165
vt 0.49344 0.76347
vt 0.49682 0.76347
vt 0.49006 0.76347
vt 0.48616 0.76165
vt 0.48616 0.76347
vt 0.49344 0.76534
vt 0.49682 0.76534
vt 0.49006 0.76534
vt 0.49344 0.76722
vt 0.49682 0.76722
vt 0.49006 0.76722
vt 0.48616 0.76534
vt 0.48616 0.76722
vt 0.49344 0.76914
vt 0.49682 0.76914
vt 0.49006 0.76914
vt 0.49344 0.77111
vt 0.49682 0.77111
vt 0.49006 0.77111
vt 0.48616 0.76914
vt 0.48616 0.77111
vt 0.49344 0.77317
vt 0.49682 0.77317
vt 0.49006 0.77317
vt 0.49344 0.77523
vt 0.49682 0.77523
vt 0.49006 0.77523
vt 0.48616 0.77317
vt 0.48616 0.77523
vt 0.49344 0.77721
vt 0.49682 0.77721
vt 0.49006 0.77721
vt 0.49344 0.77914
vt 0.49682 0.77914
vt 0.49006 0.77914
vt 0.48616 0.77721
vt 0.48642 0.77901
vt 0.49344 0.78094
vt 0.49682 0.78094
vt 0.49006 0.78094
vt 0.49344 0.78271
vt 0.49682 0.78332
vt 0.49344 0.78294
vt 0.49266 0.78271
vt 0.48876 0.78180
vt 0.48564 0.78164
vt 0.48616 0.78056
vt 0.48095 0.78135
vt 0.48251 0.78094
vt 0.48251 0.77914
vt 0.47809 0.78078
vt 0.47809 0.78170
vt 0.47601 0.78224
vt 0.48251 0.77721
vt 0.47887 0.77911
vt 0.47601 0.78088
vt 0.48251 0.77523
vt 0.47913 0.77721
vt 0.47575 0.77914
vt 0.47081 0.78094
vt 0.47263 0.78284
vt 0.46795 0.78332
vt 0.46795 0.78094
vt 0.47185 0.77914
vt 0.46795 0.77914
vt 0.47575 0.77721
vt 0.47185 0.77721
vt 0.46795 0.77721
vt 0.47913 0.77523
vt 0.47575 0.77523
vt 0.47185 0.77523
vt 0.46795 0.77523
vt 0.48251 0.77317
vt 0.47185 0.77317
vt 0.46795 0.77317
vt 0.48251 0.77111
vt 0.47913 0.77317
vt 0.48251 0.76914
vt 0.47913 0.77111
vt 0.47575 0.77317
vt 0.47575 0.77111
vt 0.47913 0.76914
vt 0.48251 0.76722
vt 0.47185 0.77111
vt 0.46795 0.77111
vt 0.47575 0.76914
vt 0.47185 0.76914
vt 0.46795 0.76914
vt 0.47913 0.76722
vt 0.47575 0.76722
vt 0.47185 0.76722
vt 0.46795 0.76722
vt 0.48251 0.76534
vt 0.47185 0.76534
vt 0.46795 0.76534
vt 0.48251 0.76347
vt 0.47913 0.76534
vt 0.48251 0.76165
vt 0.47913 0.76347
vt 0.47575 0.76534
vt 0.47575 0.76347
vt 0.47913 0.76165
vt 0.48251 0.75986
vt 0.47185 0.76347
vt 0.46795 0.76347
vt 0.47575 0.76165
vt 0.47185 0.76165
vt 0.46795 0.76165
vt 0.47913 0.75986
vt 0.47575 0.75986
vt 0.47185 0.75986
vt 0.47575 0.75803
vt 0.47913 0.75803
vt 0.48251 0.75615
vt 0.48251 0.75803
vt 0.43413 0.75298
vt 0.43413 0.75147
vt 0.43804 0.75147
vt 0.43804 0.75298
vt 0.43413 0.75463
vt 0.44194 0.75147
vt 0.43804 0.75463
vt 0.43413 0.75645
vt 0.44194 0.75298
vt 0.44558 0.75147
vt 0.43804 0.75645
vt 0.43413 0.75832
vt 0.44194 0.75463
vt 0.44558 0.75298
vt 0.44870 0.75147
vt 0.43804 0.75832
vt 0.43413 0.76015
vt 0.44870 0.75298
vt 0.45234 0.75147
vt 0.44558 0.75463
vt 0.44194 0.75645
vt 0.45234 0.75298
vt 0.45624 0.75147
vt 0.44870 0.75463
vt 0.44558 0.75645
vt 0.45624 0.75298
vt 0.45989 0.75147
vt 0.45234 0.75463
vt 0.45989 0.75298
vt 0.46327 0.75147
vt 0.46327 0.75298
vt 0.45624 0.75463
vt 0.45989 0.75463
vt 0.46327 0.75463
vt 0.45234 0.75645
vt 0.45989 0.75645
vt 0.46327 0.75645
vt 0.45624 0.75645
vt 0.45989 0.75832
vt 0.46327 0.75832
vt 0.45624 0.75832
vt 0.45989 0.76015
vt 0.46327 0.76015
vt 0.45624 0.76015
vt 0.45234 0.75832
vt 0.45234 0.76015
vt 0.45989 0.76192
vt 0.46327 0.76192
vt 0.45624 0.76192
vt 0.45989 0.76366
vt 0.46327 0.76366
vt 0.45624 0.76366
vt 0.45234 0.76192
vt 0.45234 0.76366
vt 0.45989 0.76538
vt 0.46327 0.76538
vt 0.45624 0.76538
vt 0.45989 0.76714
vt 0.46327 0.76714
vt 0.45624 0.76714
vt 0.45234 0.76538
vt 0.45234 0.76714
vt 0.45989 0.76898
vt 0.46327 0.76898
vt 0.45624 0.76898
vt 0.45989 0.77086
vt 0.46327 0.77086
vt 0.45624 0.77086
vt 0.45234 0.76898
vt 0.45234 0.77086
vt 0.45989 0.77278
vt 0.46327 0.77278
vt 0.45624 0.77278
vt 0.45989 0.77475
vt 0.46327 0.77475
vt 0.45624 0.77475
vt 0.45234 0.77278
vt 0.45234 0.77475
vt 0.45989 0.77680
vt 0.46327 0.77680
vt 0.45624 0.77680
vt 0.45989 0.77876
vt 0.46327 0.77876
vt 0.45624 0.77876
vt 0.45234 0.77680
vt 0.45312 0.77876
vt 0.45624 0.78053
vt 0.45989 0.78053
vt 0.46327 0.78009
vt 0.46327 0.78202
vt 0.46327 0.78294
vt 0.46093 0.78202
vt 0.45989 0.78167
vt 0.45676 0.78094
vt 0.45312 0.78075
vt 0.45312 0.78059
vt 0.44922 0.78157
vt 0.45130 0.77876
vt 0.44870 0.78053
vt 0.45130 0.77746
vt 0.45130 0.77996
vt 0.45026 0.77873
vt 0.44558 0.78053
vt 0.44584 0.78189
vt 0.45026 0.77945
vt 0.45000 0.77812
vt 0.44896 0.77999
vt 0.44896 0.77869
vt 0.44896 0.78025
vt 0.44740 0.77955
vt 0.44636 0.78002
vt 0.44740 0.77873
vt 0.44766 0.77803
vt 0.44662 0.77876
vt 0.44896 0.77784
vt 0.44662 0.77743
vt 0.44896 0.77733
vt 0.44870 0.77680
vt 0.44558 0.77680
vt 0.44870 0.77475
vt 0.44558 0.77876
vt 0.44870 0.77278
vt 0.44558 0.77475
vt 0.44870 0.77086
vt 0.44558 0.77278
vt 0.44870 0.76898
vt 0.44558 0.77086
vt 0.44870 0.76714
vt 0.44558 0.76898
vt 0.44870 0.76538
vt 0.44558 0.76714
vt 0.44870 0.76366
vt 0.44558 0.76538
vt 0.44870 0.76192
vt 0.44558 0.76366
vt 0.44870 0.76015
vt 0.44558 0.76192
vt 0.44870 0.75832
vt 0.44558 0.76015
vt 0.44870 0.75645
vt 0.44558 0.75832
vt 0.44194 0.75832
vt 0.44194 0.76015
vt 0.43804 0.76015
vt 0.43413 0.76192
vt 0.43804 0.76192
vt 0.43413 0.76366
vt 0.44194 0.76192
vt 0.43804 0.76366
vt 0.43413 0.76538
vt 0.44194 0.76366
vt 0.43804 0.76538
vt 0.43413 0.76714
vt 0.44194 0.76538
vt 0.43804 0.76714
vt 0.43413 0.76898
vt 0.44194 0.76714
vt 0.43804 0.76898
vt 0.43413 0.77086
vt 0.44194 0.76898
vt 0.43804 0.77086
vt 0.43413 0.77278
vt 0.44194 0.77086
vt 0.43804 0.77278
vt 0.43413 0.77475
vt 0.44194 0.77278
vt 0.43804 0.77475
vt 0.43413 0.77680
vt 0.44194 0.77475
vt 0.43804 0.77680
vt 0.43413 0.77876
vt 0.44194 0.77680
vt 0.43804 0.77876
vt 0.43413 0.78009
vt 0.44194 0.77876
vt 0.43804 0.78028
vt 0.43413 0.78202
vt 0.44194 0.78053
vt 0.43804 0.78183
vt 0.43413 0.78294
vt 0.43622 0.78306
vt 0.43804 0.78319
vt 0.44194 0.78208
vt 0.44246 0.78275
vt 0.44584 0.78585
vt 0.44272 0.78775
vt 0.44168 0.78559
vt 0.45078 0.78753
vt 0.45130 0.78534
vt 0.44376 0.78990
vt 0.45468 0.78499
vt 0.44948 0.78984
vt 0.45728 0.78743
vt 0.45780 0.78518
vt 0.46171 0.78518
vt 0.45572 0.78980
vt 0.45026 0.79237
vt 0.44480 0.79253
vt 0.45624 0.79221
vt 0.46327 0.78971
vt 0.46197 0.78737
vt 0.46509 0.78480
vt 0.46691 0.78718
vt 0.46743 0.78496
vt 0.47419 0.78734
vt 0.47497 0.78499
vt 0.48069 0.78550
vt 0.47159 0.78946
vt 0.47913 0.78781
vt 0.48590 0.78594
vt 0.48512 0.78727
vt 0.48433 0.78936
vt 0.47887 0.78936
vt 0.47055 0.79205
vt 0.47783 0.79205
vt 0.48329 0.79205
vt 0.46431 0.79215
vt 0.47705 0.79471
vt 0.48251 0.79474
vt 0.48225 0.79727
vt 0.47029 0.79468
vt 0.47679 0.79734
vt 0.47627 0.80038
vt 0.48199 0.80038
vt 0.48147 0.80389
vt 0.46951 0.79740
vt 0.47627 0.80383
vt 0.46925 0.80044
vt 0.47679 0.80690
vt 0.48147 0.80690
vt 0.48199 0.80965
vt 0.46951 0.80376
vt 0.47705 0.80965
vt 0.47003 0.80696
vt 0.47757 0.81244
vt 0.48277 0.81231
vt 0.47029 0.80978
vt 0.47809 0.81471
vt 0.48355 0.81465
vt 0.47081 0.81256
vt 0.47107 0.81484
vt 0.47835 0.81687
vt 0.48382 0.81680
vt 0.47133 0.81699
vt 0.47861 0.81883
vt 0.48382 0.81877
vt 0.47185 0.81889
vt 0.46509 0.81706
vt 0.47861 0.82180
vt 0.48355 0.82180
vt 0.47159 0.82187
vt 0.47809 0.82510
vt 0.48329 0.82503
vt 0.47107 0.82516
vt 0.47783 0.82826
vt 0.48329 0.82820
vt 0.48355 0.83143
vt 0.47081 0.82839
vt 0.47809 0.83155
vt 0.47835 0.83516
vt 0.48382 0.83504
vt 0.48382 0.83877
vt 0.47081 0.83168
vt 0.47081 0.83529
vt 0.47861 0.83883
vt 0.47835 0.84295
vt 0.48407 0.84295
vt 0.47107 0.83890
vt 0.47809 0.84675
vt 0.48407 0.84675
vt 0.47081 0.84301
vt 0.47055 0.84675
vt 0.47731 0.85055
vt 0.48277 0.85074
vt 0.47029 0.85029
vt 0.47679 0.85365
vt 0.48199 0.85396
vt 0.48121 0.85662
vt 0.47003 0.85333
vt 0.47627 0.85637
vt 0.47627 0.85789
vt 0.48121 0.85808
vt 0.46977 0.85612
vt 0.47601 0.85966
vt 0.48095 0.85972
vt 0.46951 0.85770
vt 0.46925 0.85953
vt 0.47575 0.86156
vt 0.48095 0.86029
vt 0.48121 0.86124
vt 0.48121 0.86283
vt 0.48121 0.86397
vt 0.46925 0.86162
vt 0.47575 0.86441
vt 0.48095 0.86460
vt 0.46379 0.86162
vt 0.47575 0.86713
vt 0.48069 0.86719
vt 0.48069 0.87036
vt 0.46951 0.86454
vt 0.46977 0.86713
vt 0.47601 0.87036
vt 0.46379 0.86447
vt 0.46379 0.86707
vt 0.46977 0.87030
vt 0.47601 0.87365
vt 0.48095 0.87378
vt 0.46977 0.87365
vt 0.47627 0.87783
vt 0.48147 0.87783
vt 0.46977 0.87770
vt 0.47653 0.88213
vt 0.48173 0.88213
vt 0.47003 0.88213
vt 0.46379 0.87770
vt 0.47679 0.88669
vt 0.48199 0.88682
vt 0.46951 0.88669
vt 0.47731 0.89074
vt 0.48199 0.89087
vt 0.46977 0.89074
vt 0.46379 0.88201
vt 0.47627 0.89416
vt 0.48121 0.89429
vt 0.46925 0.89416
vt 0.47549 0.89796
vt 0.47991 0.89796
vt 0.46873 0.89783
vt 0.47497 0.90138
vt 0.47913 0.90138
vt 0.47861 0.90467
vt 0.46847 0.90125
vt 0.47445 0.90467
vt 0.47445 0.90834
vt 0.47835 0.90834
vt 0.47809 0.91189
vt 0.46873 0.90467
vt 0.47445 0.91189
vt 0.47809 0.91569
vt 0.46873 0.90822
vt 0.46301 0.90467
vt 0.47471 0.91581
vt 0.47835 0.91948
vt 0.46873 0.91189
vt 0.47471 0.91961
vt 0.47965 0.92442
vt 0.46899 0.91581
vt 0.46301 0.90822
vt 0.47549 0.92455
vt 0.45806 0.90454
vt 0.46925 0.91974
vt 0.47601 0.92974
vt 0.48043 0.92974
vt 0.47965 0.93544
vt 0.47523 0.93544
vt 0.47913 0.94050
vt 0.46977 0.92974
vt 0.46951 0.92468
vt 0.47497 0.94037
vt 0.46353 0.92468
vt 0.46925 0.93531
vt 0.46379 0.92987
vt 0.46353 0.93531
vt 0.46899 0.94037
vt 0.46353 0.94037
vt 0.46899 0.94544
vt 0.47471 0.94544
vt 0.47861 0.94544
vt 0.47809 0.95025
vt 0.47445 0.95025
vt 0.46327 0.94544
vt 0.47341 0.95481
vt 0.47731 0.95494
vt 0.47653 0.95987
vt 0.46873 0.95025
vt 0.46769 0.95481
vt 0.47263 0.95975
vt 0.47211 0.96418
vt 0.47575 0.96418
vt 0.47445 0.96886
vt 0.46769 0.95962
vt 0.47133 0.96886
vt 0.46769 0.96405
vt 0.47029 0.97342
vt 0.47315 0.97342
vt 0.47159 0.97874
vt 0.46743 0.96874
vt 0.46925 0.97874
vt 0.47055 0.98165
vt 0.46743 0.97342
vt 0.46327 0.96874
vt 0.46847 0.98165
vt 0.46951 0.98456
vt 0.46691 0.97874
vt 0.46795 0.98443
vt 0.46821 0.98798
vt 0.46665 0.98152
vt 0.46327 0.97329
vt 0.46665 0.98798
vt 0.46691 0.99153
vt 0.46613 0.98443
vt 0.46561 0.99153
vt 0.46301 0.97861
vt 0.46301 0.98152
vt 0.46535 0.98798
vt 0.46301 0.98443
vt 0.46379 0.99710
vt 0.46457 0.99710
vt 0.46275 1.00001
vt 0.46457 0.99140
vt 0.46301 0.99710
vt 0.46301 0.98798
vt 0.46301 0.99140
vt 0.46223 0.99710
vt 0.46145 0.99710
vt 0.46171 0.99140
vt 0.45989 0.99153
vt 0.45858 0.99153
vt 0.46119 0.98798
vt 0.45910 0.98798
vt 0.45728 0.98798
vt 0.46067 0.98443
vt 0.45806 0.98443
vt 0.45598 0.98443
vt 0.46041 0.98152
vt 0.45754 0.98152
vt 0.45520 0.98165
vt 0.46015 0.97861
vt 0.45702 0.97874
vt 0.45442 0.97874
vt 0.45963 0.97329
vt 0.45572 0.97342
vt 0.45286 0.97342
vt 0.45156 0.96886
vt 0.45910 0.96874
vt 0.45468 0.96874
vt 0.45832 0.96405
vt 0.45390 0.96418
vt 0.45052 0.96418
vt 0.44948 0.95987
vt 0.46327 0.96405
vt 0.45286 0.95975
vt 0.45780 0.95962
vt 0.46327 0.95962
vt 0.45728 0.95481
vt 0.45208 0.95494
vt 0.44844 0.95494
vt 0.46301 0.95481
vt 0.45598 0.95025
vt 0.45078 0.95025
vt 0.44740 0.95025
vt 0.46301 0.95012
vt 0.45676 0.94544
vt 0.45130 0.94531
vt 0.44740 0.94531
vt 0.44714 0.94025
vt 0.45702 0.94025
vt 0.45130 0.94012
vt 0.45728 0.93531
vt 0.45130 0.93518
vt 0.44714 0.93518
vt 0.45728 0.92974
vt 0.45156 0.92974
vt 0.44714 0.92974
vt 0.44740 0.92455
vt 0.45182 0.92455
vt 0.45728 0.92468
vt 0.46327 0.91961
vt 0.45624 0.91974
vt 0.46301 0.91581
vt 0.45156 0.91974
vt 0.44792 0.92100
vt 0.44818 0.92024
vt 0.44844 0.91961
vt 0.44870 0.91872
vt 0.45806 0.91569
vt 0.45286 0.91581
vt 0.44896 0.91581
vt 0.44896 0.91201
vt 0.45312 0.91201
vt 0.45806 0.91189
vt 0.46301 0.91189
vt 0.45806 0.90822
vt 0.45312 0.90822
vt 0.44896 0.90822
vt 0.44896 0.90442
vt 0.45286 0.90442
vt 0.45260 0.90113
vt 0.44896 0.90100
vt 0.44870 0.89771
vt 0.45780 0.90113
vt 0.45234 0.89771
vt 0.44896 0.89404
vt 0.46327 0.90125
vt 0.46353 0.89783
vt 0.45754 0.89783
vt 0.46353 0.89404
vt 0.46379 0.89074
vt 0.45780 0.89404
vt 0.45260 0.89404
vt 0.45806 0.89074
vt 0.46379 0.88669
vt 0.45260 0.89062
vt 0.44870 0.89062
vt 0.45780 0.88669
vt 0.45780 0.88201
vt 0.45208 0.88657
vt 0.44740 0.88657
vt 0.44688 0.88213
vt 0.45182 0.88213
vt 0.45208 0.87770
vt 0.44714 0.87783
vt 0.45806 0.87770
vt 0.45234 0.87365
vt 0.44714 0.87365
vt 0.45806 0.87353
vt 0.46379 0.87353
vt 0.46379 0.87023
vt 0.45806 0.87023
vt 0.45806 0.86707
vt 0.45234 0.87030
vt 0.44740 0.87042
vt 0.45208 0.86719
vt 0.44688 0.86732
vt 0.45806 0.86447
vt 0.45182 0.86460
vt 0.44610 0.86466
vt 0.45806 0.86162
vt 0.45130 0.86156
vt 0.44558 0.86150
vt 0.44532 0.85909
vt 0.46405 0.85947
vt 0.45130 0.85922
vt 0.45806 0.85941
vt 0.46405 0.85770
vt 0.45806 0.85770
vt 0.45130 0.85764
vt 0.44532 0.85751
vt 0.44480 0.85605
vt 0.45104 0.85612
vt 0.44532 0.85339
vt 0.46405 0.85612
vt 0.45806 0.85612
vt 0.45156 0.85339
vt 0.44532 0.85036
vt 0.46431 0.85339
vt 0.45832 0.85339
vt 0.45104 0.85036
vt 0.44532 0.84675
vt 0.46431 0.85029
vt 0.45780 0.85029
vt 0.46431 0.84675
vt 0.45078 0.84675
vt 0.45754 0.84675
vt 0.46457 0.84301
vt 0.45780 0.84301
vt 0.45104 0.84301
vt 0.44506 0.84301
vt 0.45858 0.83890
vt 0.46457 0.83890
vt 0.45130 0.83890
vt 0.44480 0.83890
vt 0.44532 0.83510
vt 0.45156 0.83523
vt 0.45832 0.83529
vt 0.46431 0.83529
vt 0.46431 0.83174
vt 0.45832 0.83174
vt 0.45156 0.83174
vt 0.44558 0.83168
vt 0.45832 0.82845
vt 0.46431 0.82845
vt 0.45156 0.82845
vt 0.44558 0.82845
vt 0.44532 0.82529
vt 0.45156 0.82529
vt 0.45832 0.82522
vt 0.46431 0.82522
vt 0.46483 0.82193
vt 0.45832 0.82199
vt 0.46509 0.81896
vt 0.45156 0.82206
vt 0.44584 0.82206
vt 0.45832 0.81902
vt 0.45156 0.81908
vt 0.44584 0.81908
vt 0.44558 0.81712
vt 0.45156 0.81712
vt 0.45832 0.81712
vt 0.46509 0.81490
vt 0.45832 0.81497
vt 0.45156 0.81497
vt 0.44558 0.81497
vt 0.46405 0.81263
vt 0.45806 0.81269
vt 0.45156 0.81269
vt 0.44610 0.81269
vt 0.44688 0.80990
vt 0.46405 0.80984
vt 0.45208 0.80990
vt 0.45832 0.80990
vt 0.46301 0.80715
vt 0.45780 0.80728
vt 0.45208 0.80724
vt 0.44740 0.80715
vt 0.44740 0.80395
vt 0.46301 0.80383
vt 0.45234 0.80402
vt 0.45754 0.80405
vt 0.46353 0.80057
vt 0.45754 0.80066
vt 0.45208 0.80066
vt 0.44662 0.80063
vt 0.46379 0.79740
vt 0.45676 0.79743
vt 0.45104 0.79743
vt 0.44584 0.79746
vt 0.44558 0.79496
vt 0.45104 0.79487
vt 0.45676 0.79477
vt 0.46431 0.79468
vt 0.43127 0.78572
vt 0.43648 0.78588
vt 0.43544 0.78794
vt 0.43075 0.78772
vt 0.42997 0.78996
vt 0.43466 0.78999
vt 0.42581 0.78749
vt 0.42737 0.78550
vt 0.42243 0.78528
vt 0.42347 0.78996
vt 0.42919 0.79272
vt 0.43387 0.79275
vt 0.42269 0.79268
vt 0.42867 0.79515
vt 0.43309 0.79522
vt 0.42243 0.79506
vt 0.42815 0.79765
vt 0.43283 0.79762
vt 0.42191 0.79765
vt 0.42763 0.80076
vt 0.43231 0.80072
vt 0.43153 0.80411
vt 0.42165 0.80079
vt 0.42737 0.80402
vt 0.42711 0.80731
vt 0.43153 0.80728
vt 0.42139 0.80392
vt 0.42685 0.80997
vt 0.43179 0.80997
vt 0.42113 0.80734
vt 0.42035 0.80990
vt 0.42711 0.81282
vt 0.43283 0.81282
vt 0.43309 0.81503
vt 0.42035 0.81282
vt 0.42737 0.81497
vt 0.42711 0.81725
vt 0.43309 0.81725
vt 0.43283 0.81921
vt 0.42009 0.81490
vt 0.42711 0.81927
vt 0.42009 0.81718
vt 0.42711 0.82212
vt 0.43283 0.82212
vt 0.42035 0.81915
vt 0.42711 0.82522
vt 0.43309 0.82535
vt 0.42009 0.82206
vt 0.42009 0.82516
vt 0.42685 0.82839
vt 0.43283 0.82845
vt 0.43283 0.83162
vt 0.42009 0.82833
vt 0.42685 0.83162
vt 0.42737 0.83510
vt 0.43335 0.83504
vt 0.41983 0.83162
vt 0.42737 0.83877
vt 0.43335 0.83877
vt 0.42009 0.83516
vt 0.42009 0.83877
vt 0.42711 0.84289
vt 0.43309 0.84282
vt 0.42009 0.84301
vt 0.42711 0.84649
vt 0.43283 0.84662
vt 0.41983 0.84643
vt 0.42685 0.85017
vt 0.43257 0.85023
vt 0.41983 0.85010
vt 0.41385 0.84649
vt 0.42685 0.85314
vt 0.43257 0.85327
vt 0.43283 0.85599
vt 0.41983 0.85308
vt 0.42711 0.85593
vt 0.43231 0.85732
vt 0.41385 0.85308
vt 0.42685 0.85738
vt 0.42009 0.85580
vt 0.42711 0.85896
vt 0.43283 0.85871
vt 0.43231 0.86099
vt 0.42009 0.85745
vt 0.42685 0.86131
vt 0.42009 0.85922
vt 0.42633 0.86416
vt 0.43153 0.86416
vt 0.42009 0.86162
vt 0.42607 0.86669
vt 0.43101 0.86675
vt 0.41957 0.86416
vt 0.41957 0.86669
vt 0.42581 0.86992
vt 0.43049 0.86992
vt 0.41957 0.86998
vt 0.42581 0.87315
vt 0.43049 0.87327
vt 0.43049 0.87732
vt 0.41957 0.87315
vt 0.42607 0.87732
vt 0.42633 0.88150
vt 0.43075 0.88163
vt 0.41983 0.87720
vt 0.42607 0.88606
vt 0.42997 0.88606
vt 0.42035 0.88150
vt 0.42035 0.88606
vt 0.42503 0.89011
vt 0.42841 0.89011
vt 0.42035 0.88998
vt 0.42529 0.89340
vt 0.42841 0.89340
vt 0.42009 0.89340
vt 0.41411 0.89011
vt 0.42555 0.89707
vt 0.42893 0.89707
vt 0.42009 0.89707
vt 0.42503 0.90049
vt 0.42841 0.90049
vt 0.42789 0.90378
vt 0.41983 0.90049
vt 0.42451 0.90378
vt 0.42451 0.90746
vt 0.42789 0.90746
vt 0.42789 0.91100
vt 0.41411 0.89707
vt 0.42425 0.91100
vt 0.41411 0.89340
vt 0.41905 0.90746
vt 0.42451 0.91493
vt 0.42815 0.91493
vt 0.41931 0.90378
vt 0.42633 0.91910
vt 0.42841 0.91784
vt 0.42867 0.91860
vt 0.42893 0.91923
vt 0.42919 0.91999
vt 0.42971 0.92354
vt 0.42555 0.92366
vt 0.42997 0.92873
vt 0.42113 0.91872
vt 0.41931 0.91493
vt 0.42581 0.92873
vt 0.41905 0.91100
vt 0.41983 0.92366
vt 0.42581 0.93417
vt 0.42997 0.93417
vt 0.41957 0.92873
vt 0.42581 0.93924
vt 0.42997 0.93911
vt 0.41983 0.93417
vt 0.41983 0.93924
vt 0.42581 0.94430
vt 0.42971 0.94430
vt 0.42945 0.94911
vt 0.41983 0.94417
vt 0.42555 0.94911
vt 0.42477 0.95367
vt 0.42841 0.95367
vt 0.42737 0.95861
vt 0.41983 0.94898
vt 0.42399 0.95848
vt 0.41983 0.95354
vt 0.42321 0.96278
vt 0.42633 0.96291
vt 0.42529 0.96747
vt 0.41931 0.95823
vt 0.42217 0.96734
vt 0.41853 0.96278
vt 0.42113 0.97203
vt 0.42373 0.97203
vt 0.42243 0.97722
vt 0.41983 0.97722
vt 0.42165 0.98013
vt 0.41723 0.97190
vt 0.41931 0.98013
vt 0.42061 0.98304
vt 0.41645 0.97722
vt 0.41775 0.96734
vt 0.41879 0.98292
vt 0.41931 0.98646
vt 0.41619 0.98000
vt 0.41775 0.98646
vt 0.41801 0.98988
vt 0.41619 0.98292
vt 0.41385 0.97722
vt 0.41385 0.98000
vt 0.41567 0.98633
vt 0.41385 0.97190
vt 0.41385 0.98292
vt 0.41359 0.96734
vt 0.41671 0.98988
vt 0.41359 0.96278
vt 0.41463 0.99545
vt 0.41541 0.99545
vt 0.41385 0.99836
vt 0.41359 0.99545
vt 0.41515 0.98988
vt 0.41385 0.98633
vt 0.41385 0.98988
vt 0.41307 0.99545
vt 0.41229 0.99545
vt 0.41229 0.98988
vt 0.41099 0.98988
vt 0.40995 0.98988
vt 0.41151 0.98633
vt 0.40995 0.98646
vt 0.40865 0.98646
vt 0.41073 0.98292
vt 0.40890 0.98292
vt 0.40734 0.98292
vt 0.41047 0.98013
vt 0.40838 0.98013
vt 0.40630 0.98013
vt 0.41021 0.97722
vt 0.40760 0.97722
vt 0.40526 0.97734
vt 0.40969 0.97190
vt 0.40630 0.97203
vt 0.40370 0.97203
vt 0.40240 0.96747
vt 0.40552 0.96747
vt 0.40942 0.96734
vt 0.40917 0.96278
vt 0.40474 0.96278
vt 0.40136 0.96278
vt 0.40032 0.95861
vt 0.40396 0.95848
vt 0.40865 0.95835
vt 0.41385 0.95835
vt 0.40838 0.95354
vt 0.40344 0.95367
vt 0.39954 0.95367
vt 0.39876 0.94911
vt 0.41385 0.95354
vt 0.40266 0.94898
vt 0.40838 0.94898
vt 0.41385 0.94898
vt 0.40812 0.94417
vt 0.40240 0.94430
vt 0.39850 0.94430
vt 0.41385 0.94417
vt 0.40786 0.93924
vt 0.40214 0.93924
vt 0.39798 0.93924
vt 0.41359 0.93924
vt 0.40188 0.93430
vt 0.39772 0.93430
vt 0.41359 0.93417
vt 0.40734 0.93417
vt 0.41359 0.92873
vt 0.40708 0.92873
vt 0.41385 0.92366
vt 0.40136 0.92873
vt 0.39694 0.92873
vt 0.39798 0.92341
vt 0.40214 0.92354
vt 0.39902 0.91860
vt 0.40786 0.92366
vt 0.40292 0.91872
vt 0.39928 0.91480
vt 0.41411 0.91872
vt 0.40838 0.91885
vt 0.40318 0.91493
vt 0.39928 0.91100
vt 0.41411 0.91493
vt 0.40838 0.91493
vt 0.41411 0.91100
vt 0.40292 0.91100
vt 0.40838 0.91100
vt 0.41411 0.90746
vt 0.40812 0.90746
vt 0.40292 0.90746
vt 0.39902 0.90746
vt 0.39876 0.90391
vt 0.41411 0.90378
vt 0.40292 0.90378
vt 0.40812 0.90378
vt 0.41411 0.90049
vt 0.40838 0.90049
vt 0.40786 0.89707
vt 0.40266 0.90049
vt 0.39824 0.90049
vt 0.39798 0.89720
vt 0.40214 0.89720
vt 0.39668 0.89353
vt 0.40110 0.89340
vt 0.40734 0.89340
vt 0.40058 0.89011
vt 0.39564 0.89011
vt 0.39590 0.88606
vt 0.40708 0.89011
vt 0.40058 0.88606
vt 0.39642 0.88150
vt 0.41411 0.88606
vt 0.40708 0.88606
vt 0.40110 0.88150
vt 0.39668 0.87720
vt 0.41411 0.88137
vt 0.40734 0.88137
vt 0.41411 0.87732
vt 0.40110 0.87732
vt 0.40708 0.87732
vt 0.41411 0.87327
vt 0.40734 0.87327
vt 0.40136 0.87327
vt 0.39694 0.87327
vt 0.41411 0.86992
vt 0.40786 0.86998
vt 0.40188 0.86998
vt 0.39720 0.86992
vt 0.41411 0.86669
vt 0.40812 0.86669
vt 0.40214 0.86669
vt 0.39746 0.86675
vt 0.41411 0.86416
vt 0.40838 0.86409
vt 0.40214 0.86397
vt 0.39694 0.86416
vt 0.39668 0.86352
vt 0.39668 0.86238
vt 0.41385 0.86162
vt 0.40838 0.86156
vt 0.40214 0.86124
vt 0.39668 0.86080
vt 0.39694 0.85985
vt 0.41385 0.85922
vt 0.40812 0.85915
vt 0.40188 0.85922
vt 0.39668 0.85928
vt 0.41385 0.85738
vt 0.40786 0.85738
vt 0.40162 0.85745
vt 0.39668 0.85751
vt 0.41385 0.85580
vt 0.40786 0.85580
vt 0.40162 0.85586
vt 0.39642 0.85593
vt 0.39616 0.85320
vt 0.40136 0.85314
vt 0.39512 0.85010
vt 0.40786 0.85308
vt 0.40084 0.85010
vt 0.41385 0.85004
vt 0.40760 0.85004
vt 0.40734 0.84649
vt 0.40032 0.84643
vt 0.39434 0.84637
vt 0.41385 0.84295
vt 0.40708 0.84282
vt 0.39980 0.84282
vt 0.39382 0.84282
vt 0.39460 0.83858
vt 0.41385 0.83871
vt 0.40006 0.83864
vt 0.40708 0.83871
vt 0.41411 0.83516
vt 0.40708 0.83510
vt 0.40006 0.83497
vt 0.39460 0.83478
vt 0.39512 0.83111
vt 0.41411 0.83162
vt 0.40058 0.83136
vt 0.40734 0.83162
vt 0.41437 0.82839
vt 0.40760 0.82833
vt 0.41437 0.82522
vt 0.40734 0.82510
vt 0.40084 0.82814
vt 0.39564 0.82795
vt 0.40084 0.82503
vt 0.39590 0.82497
vt 0.40682 0.82187
vt 0.40032 0.82180
vt 0.39538 0.82174
vt 0.41437 0.82199
vt 0.41437 0.81908
vt 0.40682 0.81896
vt 0.40032 0.81883
vt 0.39512 0.81877
vt 0.41437 0.81712
vt 0.40708 0.81699
vt 0.40032 0.81693
vt 0.39512 0.81680
vt 0.41437 0.81490
vt 0.40708 0.81484
vt 0.40058 0.81478
vt 0.39564 0.81471
vt 0.41437 0.81269
vt 0.40734 0.81263
vt 0.40084 0.81250
vt 0.39616 0.81244
vt 0.40760 0.80984
vt 0.40136 0.80978
vt 0.39694 0.80971
vt 0.39746 0.80705
vt 0.41437 0.80990
vt 0.40214 0.80705
vt 0.41437 0.80731
vt 0.40812 0.80709
vt 0.40214 0.80395
vt 0.39746 0.80408
vt 0.40838 0.80383
vt 0.41437 0.80389
vt 0.40838 0.80057
vt 0.40214 0.80057
vt 0.39720 0.80060
vt 0.41437 0.80069
vt 0.40812 0.79750
vt 0.40188 0.79753
vt 0.39668 0.79756
vt 0.41463 0.79756
vt 0.41463 0.79500
vt 0.40786 0.79496
vt 0.40136 0.79503
vt 0.39668 0.79509
vt 0.41489 0.79268
vt 0.40760 0.79265
vt 0.40084 0.79256
vt 0.39564 0.79249
vt 0.39460 0.78980
vt 0.41541 0.79003
vt 0.40032 0.78977
vt 0.40760 0.78980
vt 0.41619 0.78759
vt 0.41749 0.78515
vt 0.41177 0.78559
vt 0.40812 0.78768
vt 0.40578 0.78607
vt 0.39954 0.78626
vt 0.40006 0.78778
vt 0.39278 0.78654
vt 0.39382 0.78781
vt 0.50417 0.75326
vt 0.50417 0.75124
vt 0.99533 0.75124
vt 0.99533 0.75326
vt 0.50417 0.75516
vt 0.99533 0.75516
vt 0.50417 0.75680
vt 0.99533 0.75680
vt 0.50417 0.75837
vt 0.99533 0.75837
vt 0.50417 0.76003
vt 0.99533 0.76003
vt 0.50417 0.76184
vt 0.99533 0.76184
vt 0.50417 0.76385
vt 0.99533 0.76385
vt 0.50417 0.76608
vt 0.99533 0.76608
vt 0.50417 0.76856
vt 0.99533 0.76856
vt 0.50417 0.77107
vt 0.99533 0.77107
vt 0.50417 0.77343
vt 0.99533 0.77343
vt 0.50417 0.77582
vt 0.99533 0.77582
vt 0.99533 0.77846
vt 0.50417 0.77846
vt 0.99533 0.78122
vt 0.50417 0.78122
vt 0.99533 0.78400
vt 0.50417 0.78400
vt 0.99533 0.78683
vt 0.50417 0.78683
vt 0.99533 0.78970
vt 0.50417 0.78970
vt 0.99533 0.79259
vt 0.50417 0.79259
vt 0.99533 0.79543
vt 0.50417 0.79543
vt 0.99533 0.79832
vt 0.50417 0.79832
vt 0.99533 0.80137
vt 0.50417 0.80137
vt 0.99533 0.80460
vt 0.50417 0.80460
vt 0.99533 0.80803
vt 0.50417 0.80803
vt 0.99533 0.81150
vt 0.50417 0.81150
vt 0.50417 0.81470
vt 0.99533 0.81470
vt 0.99533 0.81790
vt 0.50417 0.81790
vt 0.50417 0.82133
vt 0.99533 0.82133
vt 0.50417 0.82507
vt 0.99533 0.82507
vt 0.50417 0.82918
vt 0.99533 0.82918
vt 0.99533 0.83346
vt 0.50417 0.83346
vt 0.50417 0.83780
vt 0.99533 0.83780
vt 0.50417 0.84227
vt 0.99533 0.84227
vt 0.50417 0.84685
vt 0.99533 0.84685
vt 0.99533 0.85174
vt 0.50417 0.85174
vt 0.50417 0.85698
vt 0.99533 0.85698
vt 0.50417 0.86235
vt 0.99533 0.86235
vt 0.99533 0.86736
vt 0.50417 0.86736
vt 0.50417 0.87230
vt 0.99533 0.87230
vt 0.50417 0.87719
vt 0.99533 0.87719
vt 0.50417 0.88214
vt 0.99533 0.88214
vt 0.99533 0.88684
vt 0.50417 0.88684
vt 0.99533 0.89155
vt 0.50417 0.89155
vt 0.99533 0.89613
vt 0.50417 0.89613
vt 0.99533 0.90072
vt 0.50417 0.90072
vt 0.99533 0.90482
vt 0.50417 0.90482
vt 0.99533 0.90892
vt 0.50417 0.90892
vt 0.99533 0.91314
vt 0.50417 0.91314
vt 0.99533 0.91724
vt 0.50417 0.91724
vt 0.99533 0.92074
vt 0.50417 0.92074
vt 0.50417 0.92388
vt 0.99533 0.92388
vt 0.50417 0.92726
vt 0.99533 0.92726
vt 0.50417 0.93051
vt 0.99533 0.93051
vt 0.50417 0.93401
vt 0.99533 0.93401
vt 0.50417 0.93751
vt 0.99533 0.93751
vt 0.50417 0.94113
vt 0.99533 0.94113
vt 0.50417 0.94451
vt 0.99533 0.94451
vt 0.50417 0.94764
vt 0.99533 0.94764
vt 0.50417 0.95066
vt 0.99533 0.95066
vt 0.50417 0.95368
vt 0.99533 0.95368
vt 0.50417 0.95681
vt 0.99533 0.95681
vt 0.50417 0.96007
vt 0.99533 0.96007
vt 0.50417 0.96321
vt 0.99533 0.96321
vt 0.50417 0.96634
vt 0.99533 0.96634
vt 0.50417 0.96924
vt 0.99533 0.96924
vt 0.50417 0.97237
vt 0.99533 0.97237
vt 0.50417 0.97539
vt 0.99533 0.97539
vt 0.50417 0.97841
vt 0.99533 0.97841
vt 0.50417 0.98142
vt 0.99533 0.98142
vt 0.50417 0.98444
vt 0.99533 0.98444
vt 0.50417 0.98745
vt 0.99533 0.98745
vt 0.50417 0.99011
vt 0.99533 0.99011
vt 0.50417 0.99276
vt 0.99533 0.99276
vt 0.50417 0.99554
vt 0.99533 0.99554
vt 0.99533 0.99831
vt 0.50417 0.99831
vt 0.99533 0.75239
vt 0.50417 0.75239
vt 0.99533 0.75353
vt 0.50417 0.75353
vt 0.99533 0.75465
vt 0.50417 0.75465
vt 0.99533 0.75578
vt 0.50417 0.75578
vt 0.99533 0.75693
vt 0.50417 0.75693
vt 0.99533 0.75818
vt 0.50417 0.75818
vt 0.99533 0.75958
vt 0.50417 0.75958
vt 0.99533 0.76125
vt 0.50417 0.76125
vt 0.99533 0.76326
vt 0.50417 0.76326
vt 0.99533 0.76528
vt 0.50417 0.76528
vt 0.50417 0.76703
vt 0.99533 0.76703
vt 0.50417 0.76880
vt 0.99533 0.76880
vt 0.99533 0.77085
vt 0.50417 0.77085
vt 0.99533 0.77325
vt 0.50417 0.77325
vt 0.50417 0.77608
vt 0.99533 0.77608
vt 0.50417 0.77892
vt 0.99533 0.77892
vt 0.50417 0.78134
vt 0.99533 0.78134
vt 0.50417 0.78370
vt 0.99533 0.78370
vt 0.99533 0.78632
vt 0.50417 0.78632
vt 0.99533 0.78928
vt 0.50417 0.78928
vt 0.99533 0.79265
vt 0.50417 0.79265
vt 0.99533 0.79630
vt 0.50417 0.79630
vt 0.99533 0.80019
vt 0.50417 0.80019
vt 0.99533 0.80426
vt 0.50417 0.80426
vt 0.99533 0.80861
vt 0.50417 0.80861
vt 0.99533 0.81313
vt 0.50417 0.81313
vt 0.50417 0.82254
vt 0.99533 0.82254
vt 0.50417 0.82688
vt 0.99533 0.82688
vt 0.50417 0.83135
vt 0.99533 0.83135
vt 0.50417 0.83617
vt 0.99533 0.83617
vt 0.50417 0.84130
vt 0.99533 0.84130
vt 0.99533 0.84643
vt 0.50417 0.84643
vt 0.99533 0.85168
vt 0.50417 0.85168
vt 0.99533 0.86247
vt 0.50417 0.86247
vt 0.50417 0.86826
vt 0.99533 0.86826
vt 0.99533 0.87381
vt 0.50417 0.87381
vt 0.99533 0.87864
vt 0.50417 0.87864
vt 0.99533 0.88334
vt 0.50417 0.88334
vt 0.99533 0.88865
vt 0.50417 0.88865
vt 0.99533 0.89384
vt 0.50417 0.89384
vt 0.99533 0.89830
vt 0.50417 0.89830
vt 0.99533 0.90252
vt 0.50417 0.90252
vt 0.99533 0.90711
vt 0.50417 0.90711
vt 0.99533 0.91181
vt 0.50417 0.91181
vt 0.99533 0.91664
vt 0.50417 0.91664
vt 0.99533 0.92122
vt 0.50417 0.92122
vt 0.99533 0.92545
vt 0.50417 0.92545
vt 0.99533 0.92943
vt 0.50417 0.92943
vt 0.99533 0.93293
vt 0.50417 0.93293
vt 0.99533 0.93618
vt 0.50417 0.93618
vt 0.99533 0.93932
vt 0.50417 0.93932
vt 0.99533 0.94258
vt 0.50417 0.94258
vt 0.99533 0.94620
vt 0.50417 0.94620
vt 0.99533 0.94994
vt 0.50417 0.94994
vt 0.99533 0.95380
vt 0.50417 0.95380
vt 0.99533 0.95754
vt 0.50417 0.95754
vt 0.99533 0.96116
vt 0.50417 0.96116
vt 0.99533 0.96465
vt 0.50417 0.96465
vt 0.99533 0.96791
vt 0.50417 0.96791
vt 0.99533 0.97117
vt 0.50417 0.97117
vt 0.99533 0.97431
vt 0.50417 0.97431
vt 0.99533 0.97744
vt 0.50417 0.97744
vt 0.99533 0.98034
vt 0.50417 0.98034
vt 0.99533 0.98311
vt 0.50417 0.98311
vt 0.99533 0.98564
vt 0.50417 0.98564
vt 0.99533 0.98806
vt 0.50417 0.98806
vt 0.99533 0.99023
vt 0.50417 0.99023
vt 0.99533 0.99228
vt 0.50417 0.99228
vt 0.99533 0.99409
vt 0.50417 0.99409
vt 0.99533 0.99578
vt 0.50417 0.99578
vt 0.50417 0.99711
vt 0.99533 0.99711
vt 0.99533 0.75305
vt 0.50417 0.75305
vt 0.99533 0.75476
vt 0.50417 0.75476
vt 0.50417 0.75627
vt 0.99533 0.75627
vt 0.50417 0.75776
vt 0.99533 0.75776
vt 0.50417 0.75937
vt 0.99533 0.75937
vt 0.50417 0.76109
vt 0.99533 0.76109
vt 0.50417 0.76291
vt 0.99533 0.76291
vt 0.50417 0.76482
vt 0.99533 0.76482
vt 0.50417 0.76684
vt 0.99533 0.76684
vt 0.50417 0.76896
vt 0.99533 0.76896
vt 0.50417 0.77116
vt 0.99533 0.77116
vt 0.50417 0.77349
vt 0.99533 0.77349
vt 0.50417 0.77591
vt 0.99533 0.77591
vt 0.50417 0.77848
vt 0.99533 0.77848
vt 0.50417 0.78116
vt 0.99533 0.78116
vt 0.50417 0.78397
vt 0.99533 0.78397
vt 0.50417 0.78692
vt 0.99533 0.78692
vt 0.50417 0.78991
vt 0.99533 0.78991
vt 0.50417 0.79289
vt 0.99533 0.79289
vt 0.50417 0.79609
vt 0.99533 0.79609
vt 0.50417 0.79971
vt 0.99533 0.79971
vt 0.50417 0.80336
vt 0.99533 0.80336
vt 0.99533 0.80665
vt 0.50417 0.80665
vt 0.99533 0.80975
vt 0.50417 0.80975
vt 0.99533 0.81283
vt 0.50417 0.81283
vt 0.99533 0.81615
vt 0.50417 0.81615
vt 0.99533 0.81995
vt 0.50417 0.81995
vt 0.99533 0.82375
vt 0.50417 0.82375
vt 0.99533 0.82719
vt 0.50417 0.82719
vt 0.99533 0.83032
vt 0.50417 0.83032
vt 0.99533 0.83334
vt 0.50417 0.83334
vt 0.99533 0.83889
vt 0.50417 0.83889
vt 0.99533 0.84160
vt 0.50417 0.84160
vt 0.99533 0.84426
vt 0.50417 0.84426
vt 0.99533 0.84691
vt 0.50417 0.84691
vt 0.99533 0.84938
vt 0.50417 0.84938
vt 0.99533 0.85180
vt 0.50417 0.85180
vt 0.99533 0.85427
vt 0.50417 0.85427
vt 0.99533 0.85674
vt 0.50417 0.85674
vt 0.99533 0.85916
vt 0.50417 0.85916
vt 0.99533 0.86151
vt 0.50417 0.86151
vt 0.50417 0.86404
vt 0.99533 0.86404
vt 0.50417 0.86663
vt 0.99533 0.86663
vt 0.99533 0.86941
vt 0.50417 0.86941
vt 0.99533 0.87218
vt 0.50417 0.87218
vt 0.99533 0.87466
vt 0.50417 0.87466
vt 0.99533 0.87707
vt 0.50417 0.87707
vt 0.99533 0.87984
vt 0.50417 0.87984
vt 0.50417 0.88286
vt 0.99533 0.88286
vt 0.99533 0.88588
vt 0.50417 0.88588
vt 0.99533 0.88901
vt 0.50417 0.88901
vt 0.50417 0.89251
vt 0.99533 0.89251
vt 0.50417 0.89601
vt 0.99533 0.89601
vt 0.50417 0.89939
vt 0.99533 0.89939
vt 0.50417 0.90289
vt 0.99533 0.90289
vt 0.99533 0.90626
vt 0.50417 0.90626
vt 0.99533 0.90952
vt 0.50417 0.90952
vt 0.99533 0.91290
vt 0.50417 0.91290
vt 0.99533 0.91604
vt 0.50417 0.91604
vt 0.99533 0.91869
vt 0.50417 0.91869
vt 0.99533 0.92412
vt 0.50417 0.92412
vt 0.99533 0.93027
vt 0.50417 0.93027
vt 0.99533 0.93329
vt 0.50417 0.93329
vt 0.99533 0.94246
vt 0.50417 0.94246
vt 0.99533 0.94547
vt 0.50417 0.94547
vt 0.99533 0.94825
vt 0.50417 0.94825
vt 0.99533 0.95102
vt 0.50417 0.95102
vt 0.99533 0.95404
vt 0.50417 0.95404
vt 0.99533 0.95705
vt 0.50417 0.95705
vt 0.99533 0.96309
vt 0.50417 0.96309
vt 0.99533 0.96960
vt 0.50417 0.96960
vt 0.99533 0.97274
vt 0.50417 0.97274
vt 0.99533 0.97563
vt 0.50417 0.97563
vt 0.99533 0.97817
vt 0.50417 0.97817
vt 0.99533 0.98058
vt 0.50417 0.98058
vt 0.99533 0.98552
vt 0.50417 0.98552
vt 0.99533 0.98770
vt 0.50417 0.98770
vt 0.99533 0.98999
vt 0.50417 0.98999
vt 0.99533 0.99216
vt 0.50417 0.99216
vt 0.99533 0.99421
vt 0.50417 0.99421
vt 0.99533 0.99626
vt 0.50417 0.99626
vt 0.99533 0.75309
vt 0.50417 0.75309
vt 0.99533 0.75490
vt 0.50417 0.75490
vt 0.99533 0.75664
vt 0.50417 0.75664
vt 0.99533 0.75843
vt 0.50417 0.75843
vt 0.99533 0.76041
vt 0.50417 0.76041
vt 0.99533 0.76257
vt 0.50417 0.76257
vt 0.50417 0.76491
vt 0.99533 0.76491
vt 0.50417 0.76741
vt 0.99533 0.76741
vt 0.50417 0.77011
vt 0.99533 0.77011
vt 0.50417 0.77299
vt 0.99533 0.77299
vt 0.99533 0.77944
vt 0.50417 0.77944
vt 0.99533 0.78306
vt 0.50417 0.78306
vt 0.99533 0.78680
vt 0.50417 0.78680
vt 0.99533 0.79036
vt 0.50417 0.79036
vt 0.50417 0.79386
vt 0.99533 0.79386
vt 0.99533 0.79742
vt 0.50417 0.79742
vt 0.50417 0.80125
vt 0.99533 0.80125
vt 0.99533 0.80547
vt 0.50417 0.80547
vt 0.50417 0.80984
vt 0.99533 0.80984
vt 0.99533 0.81398
vt 0.50417 0.81398
vt 0.50417 0.81802
vt 0.99533 0.81802
vt 0.99533 0.82188
vt 0.50417 0.82188
vt 0.50417 0.82556
vt 0.99533 0.82556
vt 0.99533 0.82900
vt 0.50417 0.82900
vt 0.99533 0.83225
vt 0.50417 0.83225
vt 0.99533 0.83539
vt 0.50417 0.83539
vt 0.99533 0.83834
vt 0.50417 0.83834
vt 0.99533 0.84106
vt 0.50417 0.84106
vt 0.99533 0.84389
vt 0.50417 0.84389
vt 0.99533 0.84709
vt 0.50417 0.84709
vt 0.99533 0.85023
vt 0.50417 0.85023
vt 0.99533 0.85282
vt 0.50417 0.85282
vt 0.99533 0.85542
vt 0.50417 0.85542
vt 0.99533 0.85861
vt 0.50417 0.85861
vt 0.99533 0.86187
vt 0.50417 0.86187
vt 0.99533 0.86489
vt 0.50417 0.86489
vt 0.50417 0.86766
vt 0.99533 0.86766
vt 0.99533 0.87037
vt 0.50417 0.87037
vt 0.50417 0.87297
vt 0.99533 0.87297
vt 0.99533 0.87550
vt 0.50417 0.87550
vt 0.50417 0.87816
vt 0.99533 0.87816
vt 0.99533 0.88093
vt 0.50417 0.88093
vt 0.50417 0.88383
vt 0.99533 0.88383
vt 0.99533 0.88672
vt 0.50417 0.88672
vt 0.99533 0.88950
vt 0.50417 0.88950
vt 0.99533 0.89239
vt 0.50417 0.89239
vt 0.99533 0.89517
vt 0.50417 0.89517
vt 0.99533 0.89818
vt 0.50417 0.89818
vt 0.99533 0.90120
vt 0.50417 0.90120
vt 0.99533 0.90445
vt 0.50417 0.90445
vt 0.50417 0.90759
vt 0.99533 0.90759
vt 0.99533 0.91061
vt 0.50417 0.91061
vt 0.50417 0.91362
vt 0.99533 0.91362
vt 0.99533 0.91688
vt 0.50417 0.91688
vt 0.50417 0.92038
vt 0.99533 0.92038
vt 0.50417 0.92786
vt 0.99533 0.92786
vt 0.99533 0.93136
vt 0.50417 0.93136
vt 0.50417 0.93474
vt 0.99533 0.93474
vt 0.99533 0.93835
vt 0.50417 0.93835
vt 0.50417 0.94185
vt 0.99533 0.94185
vt 0.99533 0.94523
vt 0.50417 0.94523
vt 0.50417 0.94873
vt 0.99533 0.94873
vt 0.99533 0.95211
vt 0.50417 0.95211
vt 0.50417 0.95549
vt 0.99533 0.95549
vt 0.99533 0.95862
vt 0.50417 0.95862
vt 0.50417 0.96152
vt 0.99533 0.96152
vt 0.99533 0.96429
vt 0.50417 0.96429
vt 0.99533 0.96683
vt 0.50417 0.96683
vt 0.99533 0.96936
vt 0.50417 0.96936
vt 0.99533 0.97189
vt 0.50417 0.97189
vt 0.99533 0.97418
vt 0.50417 0.97418
vt 0.99533 0.97660
vt 0.50417 0.97660
vt 0.99533 0.97889
vt 0.50417 0.97889
vt 0.99533 0.98106
vt 0.50417 0.98106
vt 0.99533 0.98516
vt 0.50417 0.98516
vt 0.99533 0.98721
vt 0.50417 0.98721
vt 0.99533 0.98902
vt 0.50417 0.98902
vt 0.99533 0.99059
vt 0.50417 0.99059
vt 0.50417 0.99204
vt 0.99533 0.99204
vt 0.99533 0.99349
vt 0.50417 0.99349
vt 0.50417 0.99493
vt 0.99533 0.99493
vt 0.99533 0.99662
vt 0.50417 0.99662
vt 0.50417 0.75287
vt 0.99533 0.75287
vt 0.50417 0.75457
vt 0.99533 0.75457
vt 0.50417 0.75640
vt 0.99533 0.75640
vt 0.50417 0.75838
vt 0.99533 0.75838
vt 0.50417 0.76049
vt 0.99533 0.76049
vt 0.50417 0.76266
vt 0.99533 0.76266
vt 0.50417 0.76484
vt 0.99533 0.76484
vt 0.50417 0.76718
vt 0.99533 0.76718
vt 0.50417 0.76988
vt 0.99533 0.76988
vt 0.50417 0.77290
vt 0.99533 0.77290
vt 0.50417 0.77619
vt 0.99533 0.77619
vt 0.50417 0.77959
vt 0.99533 0.77959
vt 0.50417 0.78300
vt 0.99533 0.78300
vt 0.99533 0.78946
vt 0.50417 0.78946
vt 0.99533 0.79244
vt 0.50417 0.79244
vt 0.99533 0.79531
vt 0.50417 0.79531
vt 0.99533 0.79829
vt 0.50417 0.79829
vt 0.99533 0.80158
vt 0.50417 0.80158
vt 0.99533 0.80499
vt 0.50417 0.80499
vt 0.99533 0.80834
vt 0.50417 0.80834
vt 0.99533 0.81153
vt 0.50417 0.81153
vt 0.99533 0.81452
vt 0.50417 0.81452
vt 0.99533 0.81760
vt 0.50417 0.81760
vt 0.99533 0.82115
vt 0.50417 0.82115
vt 0.99533 0.82477
vt 0.50417 0.82477
vt 0.99533 0.82821
vt 0.50417 0.82821
vt 0.99533 0.83165
vt 0.50417 0.83165
vt 0.50417 0.83533
vt 0.99533 0.83533
vt 0.50417 0.84215
vt 0.99533 0.84215
vt 0.50417 0.84504
vt 0.99533 0.84504
vt 0.50417 0.84788
vt 0.99533 0.84788
vt 0.50417 0.85071
vt 0.99533 0.85071
vt 0.50417 0.85379
vt 0.99533 0.85379
vt 0.50417 0.85680
vt 0.99533 0.85680
vt 0.50417 0.85952
vt 0.99533 0.85952
vt 0.50417 0.86205
vt 0.99533 0.86205
vt 0.50417 0.86483
vt 0.99533 0.86483
vt 0.50417 0.86754
vt 0.99533 0.86754
vt 0.50417 0.87025
vt 0.99533 0.87025
vt 0.50417 0.87303
vt 0.99533 0.87303
vt 0.50417 0.87586
vt 0.99533 0.87586
vt 0.50417 0.87876
vt 0.99533 0.87876
vt 0.50417 0.88165
vt 0.99533 0.88165
vt 0.50417 0.88467
vt 0.99533 0.88467
vt 0.99533 0.88769
vt 0.50417 0.88769
vt 0.99533 0.89082
vt 0.50417 0.89082
vt 0.99533 0.89420
vt 0.50417 0.89420
vt 0.99533 0.89770
vt 0.50417 0.89770
vt 0.50417 0.91616
vt 0.99533 0.91616
vt 0.50417 0.91917
vt 0.99533 0.91917
vt 0.50417 0.92255
vt 0.99533 0.92255
vt 0.50417 0.92617
vt 0.99533 0.92617
vt 0.50417 0.92991
vt 0.99533 0.92991
vt 0.50417 0.93365
vt 0.99533 0.93365
vt 0.99533 0.93715
vt 0.50417 0.93715
vt 0.99533 0.94053
vt 0.50417 0.94053
vt 0.99533 0.94390
vt 0.50417 0.94390
vt 0.99533 0.94728
vt 0.50417 0.94728
vt 0.99533 0.95078
vt 0.50417 0.95078
vt 0.99533 0.95428
vt 0.50417 0.95428
vt 0.99533 0.95790
vt 0.50417 0.95790
vt 0.99533 0.96490
vt 0.50417 0.96490
vt 0.99533 0.96815
vt 0.50417 0.96815
vt 0.99533 0.97406
vt 0.50417 0.97406
vt 0.99533 0.97672
vt 0.50417 0.97672
vt 0.99533 0.97925
vt 0.50417 0.97925
vt 0.99533 0.98178
vt 0.50417 0.98178
vt 0.99533 0.98420
vt 0.50417 0.98420
vt 0.99533 0.98685
vt 0.50417 0.98685
vt 0.99533 0.98951
vt 0.50417 0.98951
vt 0.99533 0.99433
vt 0.50417 0.99433
vt 0.99533 0.99638
vt 0.50417 0.99638
vt 0.99533 0.75327
vt 0.50417 0.75327
vt 0.50417 0.75512
vt 0.99533 0.75512
vt 0.99533 0.75662
vt 0.50417 0.75662
vt 0.50417 0.75797
vt 0.99533 0.75797
vt 0.99533 0.75935
vt 0.50417 0.75935
vt 0.50417 0.76079
vt 0.99533 0.76079
vt 0.99533 0.76230
vt 0.50417 0.76230
vt 0.50417 0.76390
vt 0.99533 0.76390
vt 0.99533 0.76559
vt 0.50417 0.76559
vt 0.99533 0.76738
vt 0.50417 0.76738
vt 0.99533 0.76926
vt 0.50417 0.76926
vt 0.99533 0.77125
vt 0.50417 0.77125
vt 0.99533 0.77338
vt 0.50417 0.77338
vt 0.99533 0.77570
vt 0.50417 0.77570
vt 0.99533 0.77833
vt 0.50417 0.77833
vt 0.99533 0.78104
vt 0.50417 0.78104
vt 0.99533 0.78367
vt 0.50417 0.78367
vt 0.99533 0.78623
vt 0.50417 0.78623
vt 0.99533 0.78876
vt 0.50417 0.78876
vt 0.99533 0.79127
vt 0.50417 0.79127
vt 0.99533 0.79377
vt 0.50417 0.79377
vt 0.50417 0.79645
vt 0.99533 0.79645
vt 0.99533 0.79935
vt 0.50417 0.79935
vt 0.50417 0.80215
vt 0.99533 0.80215
vt 0.99533 0.80454
vt 0.50417 0.80454
vt 0.99533 0.80689
vt 0.50417 0.80689
vt 0.99533 0.80957
vt 0.50417 0.80957
vt 0.99533 0.81250
vt 0.50417 0.81250
vt 0.50417 0.81542
vt 0.99533 0.81542
vt 0.99533 0.81862
vt 0.50417 0.81862
vt 0.99533 0.82212
vt 0.50417 0.82212
vt 0.50417 0.82586
vt 0.99533 0.82586
vt 0.99533 0.82966
vt 0.50417 0.82966
vt 0.99533 0.83672
vt 0.50417 0.83672
vt 0.50417 0.83997
vt 0.99533 0.83997
vt 0.99533 0.84323
vt 0.50417 0.84323
vt 0.50417 0.84661
vt 0.99533 0.84661
vt 0.99533 0.85035
vt 0.50417 0.85035
vt 0.99533 0.85415
vt 0.50417 0.85415
vt 0.99533 0.85765
vt 0.50417 0.85765
vt 0.99533 0.86109
vt 0.50417 0.86109
vt 0.99533 0.86464
vt 0.50417 0.86464
vt 0.99533 0.87200
vt 0.50417 0.87200
vt 0.99533 0.87574
vt 0.50417 0.87574
vt 0.99533 0.87948
vt 0.50417 0.87948
vt 0.99533 0.88708
vt 0.50417 0.88708
vt 0.99533 0.89094
vt 0.50417 0.89094
vt 0.99533 0.89456
vt 0.50417 0.89456
vt 0.99533 0.90168
vt 0.50417 0.90168
vt 0.99533 0.90506
vt 0.50417 0.90506
vt 0.99533 0.90832
vt 0.50417 0.90832
vt 0.99533 0.91157
vt 0.50417 0.91157
vt 0.99533 0.91459
vt 0.50417 0.91459
vt 0.50417 0.91748
vt 0.99533 0.91748
vt 0.99533 0.92050
vt 0.50417 0.92050
vt 0.50417 0.92340
vt 0.99533 0.92340
vt 0.50417 0.92894
vt 0.99533 0.92894
vt 0.99533 0.93148
vt 0.50417 0.93148
vt 0.99533 0.93679
vt 0.50417 0.93679
vt 0.50417 0.93944
vt 0.99533 0.93944
vt 0.99533 0.94197
vt 0.50417 0.94197
vt 0.50417 0.94439
vt 0.99533 0.94439
vt 0.99533 0.94692
vt 0.50417 0.94692
vt 0.50417 0.94945
vt 0.99533 0.94945
vt 0.99533 0.95235
vt 0.50417 0.95235
vt 0.50417 0.95561
vt 0.99533 0.95561
vt 0.99533 0.95910
vt 0.50417 0.95910
vt 0.50417 0.96272
vt 0.99533 0.96272
vt 0.99533 0.96574
vt 0.50417 0.96574
vt 0.50417 0.96851
vt 0.99533 0.96851
vt 0.99533 0.97141
vt 0.50417 0.97141
vt 0.50417 0.97708
vt 0.99533 0.97708
vt 0.50417 0.97973
vt 0.99533 0.97973
vt 0.99533 0.98227
vt 0.50417 0.98227
vt 0.50417 0.98456
vt 0.99533 0.98456
vt 0.99533 0.98649
vt 0.50417 0.98649
vt 0.50417 0.99083
vt 0.99533 0.99083
vt 0.99533 0.99445
vt 0.50417 0.99445
vt 0.99533 0.99686
vt 0.50417 0.99686
vt 0.35564 0.72099
vt 0.35564 0.74189
vt 0.53736 0.64347
vt 0.49867 0.64352
vt 0.35564 0.54505
vt 0.35564 0.56605
vt 0.16811 0.62679
vt 0.21260 0.64352
vt 0.35564 0.72089
vt 0.49867 0.64342
vt 0.35564 0.56596
vt 0.21260 0.64342
# 4825 texture vertices

vn -0.004000 1.000000 -0.004000
vn -0.397200 -0.641100 0.656700
vn 0.270500 -0.952900 0.137200
vn -0.846300 0.161400 0.507700
vn 0.296500 -0.304400 0.905200
vn 0.865100 0.304200 -0.398900
vn 0.051300 0.248700 0.967200
vn -0.658400 0.532200 0.532200
vn -0.128800 -0.839800 -0.527300
vn 0.019700 -0.875500 -0.482900
vn -0.223100 -0.434300 -0.872700
vn -0.950700 -0.285600 0.121300
vn -0.916200 -0.271300 -0.294900
vn -0.690800 0.722500 -0.027600
vn 0.857300 0.343700 -0.383200
vn 0.814600 -0.436700 -0.381700
vn 0.734400 -0.451600 -0.506600
vn 0.635000 0.666500 -0.390500
vn 0.746800 0.462300 -0.478100
vn 0.175900 -0.074400 0.981600
vn -0.543300 -0.710000 0.448100
vn 0.767400 -0.334400 -0.547000
vn 0.737600 -0.358900 -0.572000
vn -0.238200 -0.839600 -0.488100
vn 0.381500 -0.924300 0.011800
vn 0.540300 0.051300 -0.839900
vn 0.318500 -0.947700 -0.019700
vn -0.816800 0.256400 0.516800
vn -0.003900 1.000000 -0.003900
vn -0.004000 1.000000 -0.003900
vn -0.570000 -0.821600 -0.011800
vn 0.254900 -0.787900 -0.560500
vn 0.137300 -0.506100 0.851400
vn 0.278400 0.121500 0.952700
vn -0.964800 -0.261700 0.027400
vn -0.519100 -0.003900 -0.854700
vn -0.856100 -0.004000 0.516800
vn 0.191700 -0.363800 0.911500
vn 0.082500 -0.286700 -0.954400
vn 0.316800 -0.481100 0.817400
vn 0.629100 0.003900 0.777400
vn 0.011800 -0.397700 0.917400
vn 0.216500 -0.287300 -0.933000
vn 0.161500 -0.673800 0.721100
vn -0.145200 -0.396400 0.906500
vn 0.316900 -0.332600 -0.888200
vn -0.407200 0.913300 -0.011900
vn -0.888900 -0.004000 0.458100
vn 0.011900 -0.778100 0.628000
vn -0.302100 -0.396300 0.867000
vn 0.444100 -0.357700 -0.821500
vn -0.485500 -0.414500 0.769700
vn 0.551000 -0.340000 -0.762100
vn -0.114800 -0.827200 0.550100
vn -0.620700 -0.423000 0.660200
vn 0.600400 -0.317900 -0.733800
vn 0.153500 -0.987500 0.035400
vn 0.695700 0.404800 -0.593500
vn 0.719500 -0.302700 -0.625100
vn -0.454600 -0.818300 0.351800
vn -0.320600 -0.835000 0.447200
vn -0.067000 -0.997700 -0.004000
vn -0.194300 -0.979600 -0.051600
vn -0.502900 -0.827500 0.249500
vn 0.873200 0.320000 -0.367500
vn 0.781000 -0.317800 -0.537600
vn 0.631100 0.774000 0.051600
vn 0.923200 0.233800 -0.305100
vn 0.782500 -0.349900 -0.515100
vn 0.758900 0.647700 0.067500
vn -0.668200 0.541600 0.510100
vn 0.970400 -0.004000 -0.241600
vn -0.075000 0.982600 0.169700
vn 0.923000 0.186200 -0.336700
vn 0.784400 -0.405900 -0.469000
vn 0.944900 0.138400 -0.296500
vn 0.981200 -0.004000 -0.193100
vn 0.817400 -0.430300 -0.383000
vn 0.970900 0.114900 -0.210000
vn 0.995800 -0.004000 -0.091200
vn 0.168800 0.003900 0.985600
vn 0.225700 0.969900 0.091100
vn -0.059200 0.880700 0.470000
vn 0.247500 -0.789500 0.561700
vn -0.264600 0.920200 -0.288400
vn -0.209500 0.786500 0.581000
vn -0.122500 0.841800 0.525700
vn -0.091400 0.782600 0.615800
vn -0.342700 0.933400 -0.106400
vn -0.391000 -0.019800 0.920200
vn -0.531800 -0.011800 0.846800
vn -0.122200 -0.074900 0.989700
vn -0.564300 -0.035500 0.824800
vn -0.043500 0.170000 -0.984500
vn -0.320400 0.771400 0.549800
vn -0.610300 -0.035500 0.791400
vn -0.408800 0.750100 0.519900
vn 0.573400 0.035600 -0.818500
vn 0.499900 0.082700 -0.862100
vn -0.525800 0.628500 0.573200
vn -0.580100 -0.185400 0.793100
vn -0.691200 0.470000 0.549000
vn -0.884000 -0.003900 0.467500
vn -0.875600 -0.004000 0.483000
vn -0.962200 0.247500 0.113900
vn -0.997800 0.003900 0.066500
vn -0.800100 -0.519200 -0.300600
vn -0.747300 0.573300 0.336000
vn -0.814200 0.538800 -0.216300
vn -0.555600 0.721200 0.413800
vn -0.738000 -0.004000 0.674800
vn 0.263700 0.004000 -0.964600
vn 0.027700 0.177700 0.983700
vn -0.455300 0.827500 0.328600
vn 0.169600 0.287900 0.942500
vn -0.726700 0.616800 -0.302400
vn -0.692500 -0.270000 -0.669000
vn -0.398000 0.863000 0.311300
vn 0.290000 0.297800 0.909500
vn 0.391500 0.288600 0.873800
vn -0.688900 0.681100 -0.248000
vn -0.714800 -0.207000 -0.667900
vn -0.374900 0.864200 0.335400
vn 0.456900 0.274100 0.846200
vn -0.704300 0.696400 -0.137700
vn -0.770100 -0.199400 -0.605900
vn -0.390900 0.833200 0.391000
vn -0.597200 -0.106700 0.795000
vn -0.744500 0.665700 -0.051200
vn -0.811300 -0.231200 -0.537000
vn -0.445600 -0.003900 0.895200
vn -0.399200 0.636300 0.660100
vn -0.281700 0.670500 0.686400
vn -0.335100 -0.004000 0.942200
vn -0.216700 0.658100 0.721100
vn 0.099100 0.004000 -0.995100
vn 0.138700 0.947100 0.289300
vn -0.272700 0.707400 0.652100
vn 0.708300 0.676500 -0.201800
vn 0.843500 0.297000 -0.447500
vn -0.723500 -0.589100 0.359800
vn 0.170500 0.931600 0.321000
vn -0.019800 0.614400 0.788800
vn 0.154700 -0.003900 0.988000
vn -0.635800 -0.691100 0.343600
vn 0.778700 0.415100 -0.470400
vn 0.225900 0.891600 0.392300
vn 0.730400 0.406600 -0.548800
vn 0.209200 0.548800 0.809400
vn 0.351500 -0.003900 0.936200
vn -0.509300 -0.754200 0.414500
vn 0.320100 0.904900 0.280600
vn 0.320300 0.620700 0.715600
vn 0.511000 -0.003900 0.859600
vn -0.389900 -0.768000 0.508100
vn 0.447400 0.392000 0.803800
vn 0.887200 -0.004000 0.461400
vn -0.241500 -0.969800 -0.035600
vn 0.441100 0.798700 0.409300
vn -0.461300 0.004000 0.887200
vn 0.194200 0.915400 0.352700
vn -0.090700 -0.981400 0.169500
vn -0.241600 -0.820000 0.518900
vn -0.043400 -0.801600 0.596300
vn -0.011800 -0.957600 0.287700
vn 0.027600 -0.784800 0.619100
vn -0.098500 -0.791800 0.602700
vn 0.123100 0.973100 0.194600
vn -0.003900 -0.513300 0.858200
vn 0.234300 0.917400 0.321700
vn 0.051400 -0.922000 0.383800
vn -0.011900 -0.999900 -0.011900
vn 0.090400 -0.781900 0.616800
vn 0.090600 -0.894700 0.437500
vn 0.074500 -0.600200 0.796400
vn 0.113700 -0.780000 0.615400
vn -0.003900 -0.531800 0.846900
vn 0.121700 -0.631900 0.765400
vn 0.066500 0.003900 0.997800
vn -0.027500 0.003900 0.999600
vn 0.003900 0.003900 1.000000
vn 0.152300 0.003900 0.988300
vn 0.067000 -0.539700 0.839200
vn 0.113900 0.003900 0.993500
vn 0.145500 -0.625200 0.766800
vn 0.184100 0.003900 0.982900
vn 0.106100 -0.773800 0.624500
vn 0.114000 -0.570000 0.813700
vn 0.161200 0.003900 0.986900
vn 0.090900 -0.873500 0.478300
vn 0.035300 -0.482700 0.875100
vn 0.090500 0.003900 0.995900
vn 0.247100 -0.003900 -0.969000
vn -0.011800 -0.679100 0.734000
vn 0.059100 -0.736700 0.673700
vn 0.043500 -0.881400 0.470400
vn -0.019700 -0.917300 0.397600
vn -0.082800 -0.761400 0.643000
vn -0.455900 -0.820500 0.344800
vn 0.986700 0.004000 0.162500
vn 0.011900 -0.947000 0.321000
vn 0.464700 0.853900 -0.234300
vn 0.997200 -0.003900 0.074900
vn 0.999600 -0.004000 -0.027700
vn -0.004000 -0.999400 0.035600
vn -0.477200 -0.863800 0.161700
vn -0.098400 0.003900 0.995100
vn 0.035700 -0.915700 0.400400
vn 0.043400 -0.959000 0.280200
vn 0.342400 -0.814600 0.468300
vn 0.679100 0.003900 0.734000
vn 0.561000 0.011800 0.827700
vn 0.271000 -0.758100 0.593100
vn 0.479600 0.011700 0.877400
vn 0.224400 -0.689100 0.689100
vn -0.003900 0.003900 1.000000
vn 0.035400 -0.861100 0.507200
vn -0.051100 -0.640500 0.766300
vn 0.027600 -0.878600 0.476700
vn -0.098000 -0.552900 0.827400
vn -0.090500 0.003900 0.995900
vn 0.043100 0.003900 0.999100
vn -0.098800 -0.936700 0.335900
vn 0.019700 -0.947700 0.318500
vn 0.035800 -0.546200 0.836900
vn 0.129300 0.003900 0.991600
vn -0.091000 -0.937400 0.336200
vn 0.130300 -0.525100 0.841000
vn 0.035300 0.003900 0.999400
vn 0.011800 -0.942100 0.335100
vn -0.074900 -0.997200 -0.003900
vn 0.083300 0.995900 0.035700
vn 0.106300 -0.933400 0.342700
vn 0.027600 -0.999200 0.027600
vn -0.011800 0.998200 0.059200
vn 0.035500 -0.516500 0.855600
vn -0.091100 0.994100 0.059400
vn -0.114000 -0.522700 0.844900
vn -0.106100 0.003900 0.994300
vn -0.043100 0.003900 0.999100
vn 0.027600 -0.933200 0.358300
vn -0.098300 -0.931600 0.349800
vn -0.043200 -0.546000 0.836700
vn 0.027400 0.003900 0.999600
vn 0.083300 0.995200 0.051500
vn 0.066800 -0.609300 0.790100
vn -0.153500 0.003900 0.988100
vn -0.035600 -0.938200 0.344400
vn -0.051100 -0.397200 0.916300
vn -0.294900 0.003900 0.955500
vn 0.082600 -0.924000 0.373500
vn -0.216300 -0.444500 0.869300
vn -0.461300 -0.003900 0.887200
vn 0.082300 -0.639200 0.764700
vn 0.074900 -0.595200 0.800100
vn 0.051200 -0.744500 0.665700
vn 0.043400 -0.855300 0.516300
vn 0.089800 0.003900 0.995900
vn -0.979600 -0.027300 -0.199100
vn 0.531900 -0.705200 0.468800
vn -0.896600 -0.019600 -0.442400
vn 0.168900 0.003900 0.985600
vn 0.445600 -0.579700 0.682200
vn -0.051200 -0.540200 0.839900
vn -0.050900 0.003900 0.998700
vn -0.019600 0.003900 0.999800
vn 0.074900 -0.917800 0.390000
vn -0.019900 -0.537300 0.843200
vn -0.011800 0.003900 0.999900
vn -0.043300 -0.932700 0.358100
vn -0.011800 -0.546500 0.837400
vn -0.011900 -0.938700 0.344600
vn -0.019600 -0.546400 0.837300
vn 0.082100 0.003900 0.996600
vn -0.004000 -0.942200 0.335100
vn -0.035500 -0.998400 -0.043400
vn 0.082600 -0.539100 0.838200
vn -0.011800 -0.998600 -0.051300
vn -0.019700 -0.942000 0.335000
vn 0.004000 0.998200 0.059200
vn 0.066800 -0.530600 0.845000
vn 0.075300 -0.938600 0.336600
vn -0.090200 -0.529600 0.843400
vn -0.161200 0.003900 0.986900
vn 0.059200 -0.934500 0.350900
vn -0.161200 -0.546500 0.821800
vn -0.121600 0.003900 0.992600
vn -0.090700 -0.934900 0.343200
vn 0.051300 -0.997700 -0.043400
vn 0.019700 0.998100 0.059200
vn -0.075400 0.995400 0.059500
vn 0.019700 0.902800 0.429700
vn 0.003900 0.902900 0.429800
vn -0.074900 0.903400 0.422100
vn 0.011900 0.905900 0.423300
vn 0.011900 0.605600 0.795700
vn 0.019800 0.605600 0.795500
vn 0.027700 0.905600 0.423200
vn 0.019800 -0.003900 0.999800
vn 0.011800 -0.003900 0.999900
vn 0.043400 -0.003900 0.999000
vn 0.019800 0.614400 0.788800
vn 0.035600 0.605300 0.795200
vn -0.091300 -0.003900 0.995800
vn -0.075500 0.607800 0.790500
vn 0.090500 0.003900 -0.995900
vn -0.067100 -0.003900 0.997700
vn -0.083200 0.598600 0.796700
vn 0.074900 0.003900 -0.997200
vn -0.059700 0.608400 0.791400
vn -0.067500 0.599300 0.797700
vn -0.059200 0.003900 -0.998200
vn -0.051500 0.907800 0.416200
vn 0.075200 0.906400 0.415600
vn 0.083400 0.607400 0.790000
vn 0.099100 -0.003900 0.995100
vn 0.083300 0.995600 0.043700
vn 0.138200 0.888200 0.438200
vn 0.155200 0.601000 0.784000
vn -0.170200 0.004000 -0.985400
vn -0.153500 -0.932600 0.326600
vn 0.146600 0.986900 0.067400
vn 0.098800 0.881200 0.462300
vn 0.107000 0.606000 0.788200
vn -0.122600 0.004000 -0.992500
vn 0.059400 0.613400 0.787500
vn 0.090900 0.991700 0.090900
vn 0.051600 0.884300 0.464000
vn 0.043500 0.661500 0.748700
vn -0.098800 -0.944800 0.312300
vn 0.051500 0.993800 0.099000
vn -0.114200 -0.578900 0.807400
vn -0.051200 -0.949000 0.311100
vn -0.066900 -0.586600 0.807100
vn -0.066500 0.003900 0.997800
vn -0.011800 0.003800 0.999900
vn -0.019700 -0.587800 0.808800
vn 0.011700 0.003900 0.999900
vn -0.027600 -0.949900 0.311400
vn -0.003900 -0.579000 0.815300
vn -0.035300 0.003900 0.999400
vn -0.027500 -0.939300 0.341900
vn -0.035300 -0.537100 0.842800
vn 0.027800 0.996100 0.083400
vn -0.067000 -0.626600 0.776400
vn 0.011900 0.890400 0.455100
vn 0.107000 0.923400 0.368600
vn -0.059100 -0.934500 0.350900
vn -0.170200 -0.985300 -0.011900
vn -0.193300 -0.919200 0.343200
vn 0.075300 0.566800 0.820400
vn -0.035500 -0.003900 0.999400
vn -0.003900 -0.003900 1.000000
vn 0.170100 0.914100 0.368000
vn 0.003900 0.501700 0.865100
vn 0.194500 0.980300 0.035700
vn 0.075300 0.860600 0.503700
vn -0.004000 0.304400 0.952600
vn 0.154500 0.487100 0.859600
vn 0.225700 0.613900 0.756500
vn 0.011900 0.645200 0.763900
vn 0.067700 0.616900 0.784100
vn 0.161900 0.825300 0.541000
vn 0.027700 0.627900 0.777800
vn 0.091200 0.829200 0.551500
vn 0.115100 0.860800 0.495800
vn 0.122700 0.954100 0.273100
vn 0.154400 0.970300 0.186200
vn -0.186200 -0.978300 0.091100
vn -0.240600 -0.942300 0.232600
vn -0.311900 -0.746100 0.588200
vn -0.193900 -0.732100 0.653000
vn -0.311400 -0.579600 0.753100
vn -0.066700 -0.639900 0.765500
vn -0.153100 -0.538200 0.828800
vn -0.247200 0.003900 0.969000
vn 0.381600 -0.003900 -0.924300
vn -0.537300 -0.019700 -0.843200
vn -0.473600 -0.011800 -0.880700
vn -0.426200 -0.371400 -0.824900
vn -0.598100 -0.011700 -0.801400
vn -0.427700 -0.255000 -0.867200
vn -0.714800 -0.011800 -0.699200
vn -0.317600 -0.223500 -0.921500
vn 0.475300 -0.663800 0.577400
vn -0.342100 0.939700 0.003900
vn -0.907200 0.019700 0.420300
vn 0.396400 -0.482700 0.781000
vn -0.277300 -0.308500 -0.909900
vn -0.316200 -0.394300 -0.862900
vn 0.279400 -0.940600 0.192800
vn 0.380600 -0.412000 0.827900
vn -0.404300 -0.419900 -0.812500
vn -0.114900 0.780700 0.614300
vn 0.365700 -0.389200 0.845400
vn -0.504900 -0.403100 -0.763300
vn 0.217100 -0.919500 0.327600
vn 0.286300 -0.333400 0.898200
vn -0.567000 -0.379300 -0.731200
vn 0.129900 -0.901300 0.413200
vn -0.027600 0.840700 0.540800
vn 0.090700 0.886800 0.453200
vn -0.193000 -0.792000 0.579200
vn 0.319900 0.083000 0.943800
vn 0.241300 0.898000 0.367900
vn 0.224600 0.043400 0.973500
vn -0.170100 0.035600 -0.984800
vn 0.415800 0.067400 0.906900
vn -0.130300 0.217100 -0.967400
vn 0.631400 0.750600 0.194600
vn -0.479900 0.035700 -0.876600
vn 0.573000 -0.051300 0.818000
vn 0.985400 -0.004000 0.170200
vn 0.640600 -0.004000 0.767900
vn 0.939100 0.129700 -0.318300
vn 0.521600 0.843300 -0.129400
vn 0.263100 -0.255100 0.930400
vn -0.067300 0.660700 0.747700
vn 0.914400 -0.019700 -0.404300
vn 0.246500 -0.223100 0.943100
vn -0.658800 -0.003900 -0.752300
vn -0.207100 -0.394700 -0.895100
vn 0.659000 -0.737900 0.145900
vn 0.067000 -0.350800 0.934100
vn 0.387800 -0.293800 -0.873700
vn 0.619400 -0.785000 0.011800
vn -0.059000 -0.476100 0.877400
vn 0.491400 -0.239800 -0.837300
vn -0.145200 -0.529600 0.835700
vn 0.686300 -0.725500 0.050900
vn 0.618100 -0.169200 -0.767700
vn 0.728900 -0.673700 0.122100
vn -0.247100 -0.584500 0.772800
vn 0.743800 -0.121900 -0.657200
vn -0.736000 0.641500 -0.216500
vn -0.366300 -0.642000 0.673500
vn 0.856600 -0.082900 -0.509200
vn 0.710200 -0.639500 0.294200
vn -0.453900 -0.682900 0.572400
vn 0.920600 -0.075000 -0.383200
vn 0.364100 0.082200 0.927700
vn -0.818300 -0.249100 0.517900
vn -0.818400 -0.249100 0.517900
vn 0.774300 -0.003900 -0.632800
vn 0.619400 -0.003900 -0.785100
vn -0.571300 -0.445200 0.689500
vn 0.413800 -0.003900 -0.910400
vn -0.406400 -0.453700 0.793100
vn -0.547300 -0.736400 0.397700
vn 0.970400 -0.004000 0.241600
vn 0.391100 -0.003900 0.920400
vn 0.256600 0.880400 0.398700
vn 0.439300 -0.003900 0.898300
vn -0.256600 -0.943600 -0.209300
vn 0.311600 0.926900 0.209000
vn 0.564700 -0.004000 0.825300
vn 0.726700 -0.004000 0.687000
vn 0.169200 -0.491900 0.854000
vn 0.215700 0.003900 0.976500
vn 0.349000 0.003900 0.937100
vn 0.247000 -0.529300 0.811700
vn 0.279500 -0.586800 0.760000
vn 0.410900 0.003900 0.911700
vn 0.483000 0.003900 0.875600
vn -0.408300 -0.892000 -0.194200
vn -0.495900 -0.853000 -0.162600
vn 0.835100 -0.004000 0.550100
vn 0.730400 -0.003900 -0.683000
vn 0.311600 -0.627100 0.713900
vn -0.256400 -0.784900 0.564100
vn 0.573700 -0.819000 0.011900
vn -0.136800 -0.511900 -0.848100
vn -0.278600 0.113800 -0.953600
vn -0.966700 0.254400 0.027400
vn -0.856100 -0.003900 0.516900
vn -0.198600 -0.370000 -0.907500
vn -0.082700 -0.279500 0.956600
vn -0.316800 -0.481100 -0.817400
vn -0.629000 -0.003900 -0.777400
vn -0.003900 -0.404300 -0.914600
vn -0.217100 -0.280100 0.935100
vn -0.160700 -0.678000 -0.717200
vn 0.144700 -0.403000 -0.903700
vn -0.317800 -0.325600 0.890500
vn 0.404300 0.914600 0.011800
vn -0.888800 -0.003800 0.458200
vn -0.011800 -0.781200 -0.624200
vn 0.301200 -0.402800 -0.864300
vn -0.445400 -0.350800 0.823800
vn 0.114100 -0.829600 -0.546600
vn 0.483900 -0.421000 -0.767200
vn -0.552500 -0.333100 0.764100
vn 0.152200 0.987700 0.035100
vn 0.618600 -0.429500 -0.658000
vn -0.601900 -0.310800 0.735600
vn 0.318500 -0.837400 -0.444300
vn 0.693400 -0.411400 -0.591600
vn 0.721200 0.295500 -0.626600
vn 0.451700 -0.820800 -0.349600
vn 0.871000 -0.327100 -0.366500
vn -0.782900 -0.310800 0.539000
vn 0.499600 -0.830000 -0.247800
vn 0.921500 -0.241200 -0.304500
vn 0.784600 0.343000 -0.516400
vn 0.627200 -0.777100 0.051300
vn 0.755000 -0.652200 0.067200
vn 0.665300 0.547200 -0.507900
vn 0.074400 0.982900 -0.168400
vn 0.921600 -0.193800 -0.336200
vn 0.786900 0.399300 -0.470500
vn 0.943900 -0.146100 -0.296200
vn 0.981200 -0.003900 -0.193100
vn 0.820100 0.423900 -0.384300
vn 0.970000 -0.122700 -0.209800
vn 0.995800 -0.004000 -0.091300
vn 0.192800 -0.979900 0.051100
vn -0.223900 0.970400 -0.090400
vn -0.066500 0.997800 -0.003900
vn 0.208200 0.789500 -0.577400
vn 0.318500 0.774600 -0.546500
vn 0.058900 0.882400 -0.466800
vn -0.245900 -0.792400 -0.558200
vn 0.262700 0.921400 0.286300
vn 0.121700 0.844100 -0.522200
vn 0.564500 -0.027600 -0.825000
vn 0.531800 -0.004000 -0.846900
vn 0.610400 -0.027600 -0.791600
vn 0.391100 -0.011800 -0.920300
vn 0.406400 0.753500 -0.516800
vn 0.573400 -0.035600 -0.818500
vn 0.499900 -0.082700 -0.862100
vn 0.523100 0.633300 -0.570400
vn -0.580900 0.177800 0.794300
vn -0.688600 -0.476100 0.546900
vn -0.875600 -0.003900 0.483000
vn -0.960300 -0.254800 0.113700
vn -0.997700 -0.011800 0.066500
vn -0.803400 0.513400 -0.301700
vn -0.743900 -0.578600 0.334500
vn 0.552500 0.724900 -0.411400
vn -0.738000 -0.003900 0.674800
vn 0.263800 0.003900 -0.964600
vn -0.027600 0.185400 -0.982300
vn -0.810700 -0.544400 -0.215400
vn 0.452300 0.829900 -0.326500
vn -0.169200 0.295100 -0.940400
vn -0.723200 -0.621600 -0.301000
vn -0.693900 0.262700 -0.670400
vn 0.395200 0.865000 -0.309200
vn -0.289300 0.305100 -0.907300
vn -0.390600 0.295800 -0.871800
vn -0.685300 -0.685200 -0.246700
vn -0.716000 0.199600 -0.669000
vn 0.372300 0.866200 -0.333200
vn -0.455900 0.281400 -0.844400
vn -0.700400 -0.700500 -0.137000
vn -0.771300 0.191900 -0.606800
vn 0.388400 0.835600 -0.388400
vn 0.597700 -0.098900 -0.795600
vn -0.740600 -0.670000 -0.050900
vn 0.812700 -0.223800 0.537900
vn 0.473600 0.011700 0.880700
vn -0.537300 -0.019500 -0.843200
vn 0.427000 -0.348600 0.834300
vn -0.598100 -0.011700 -0.801300
vn -0.435800 0.239400 -0.867600
vn -0.714800 -0.011600 -0.699200
vn 0.326300 -0.200500 0.923800
vn -0.472800 -0.668200 -0.574400
vn 0.339600 0.940600 -0.003900
vn 0.907200 -0.019600 -0.420300
vn -0.401400 -0.487100 -0.775600
vn 0.278000 -0.301400 0.912100
vn 0.325200 -0.380000 0.865900
vn -0.277400 -0.941500 -0.191400
vn -0.380600 -0.412000 -0.827900
vn 0.405600 -0.413400 0.815200
vn 0.113700 0.780000 -0.615400
vn -0.364600 -0.395900 -0.842800
vn 0.506500 -0.396500 0.765700
vn -0.215500 -0.920800 -0.325200
vn -0.285600 -0.340400 -0.895900
vn 0.568600 -0.372500 0.733400
vn -0.129000 -0.902800 -0.410300
vn 0.019600 0.843200 -0.537300
vn -0.090000 0.888400 -0.450100
vn 0.191800 -0.794900 -0.575600
vn -0.239600 0.899500 -0.365300
vn -0.319600 0.090800 -0.943200
vn 0.233900 -0.043600 0.971300
vn -0.177800 -0.027700 -0.983700
vn -0.415600 0.075300 -0.906400
vn 0.138300 0.209400 0.968000
vn -0.627700 0.754000 -0.193500
vn 0.480100 0.027800 0.876800
vn 0.573200 0.043500 0.818300
vn 0.985400 -0.003900 0.170200
vn -0.262500 -0.262500 -0.928500
vn -0.246100 -0.230500 -0.941400
vn 0.207800 -0.388100 0.897900
vn -0.655100 -0.741500 -0.145100
vn -0.066800 -0.357700 -0.931500
vn -0.388700 -0.286600 0.875600
vn -0.615500 -0.788000 -0.011700
vn 0.058800 -0.482100 -0.874100
vn 0.492300 0.232300 -0.838900
vn 0.144600 -0.535300 -0.832200
vn -0.682400 -0.729200 -0.050600
vn 0.618900 0.161600 -0.768700
vn -0.725000 -0.677900 -0.121400
vn 0.246000 -0.589600 -0.769300
vn 0.744500 0.114200 -0.657800
vn -0.732300 -0.646100 -0.215300
vn 0.364400 -0.646600 -0.670100
vn 0.857100 0.075000 -0.509600
vn -0.706700 -0.644100 -0.292700
vn 0.451500 -0.687100 -0.569300
vn 0.921100 0.067200 -0.383500
vn 0.364300 -0.074400 0.928300
vn 0.278400 0.121600 0.952700
vn 0.137300 -0.506200 0.851400
vn 0.718800 -0.011800 0.695100
vn 0.742500 -0.168900 0.648200
vn -0.193100 -0.681900 0.705500
vn 0.254800 -0.787900 -0.560600
vn 0.514200 -0.655300 -0.553300
vn 0.905600 0.027700 -0.423100
vn 0.911500 0.248600 -0.327600
vn -0.208100 -0.608600 0.765700
vn 0.701900 -0.121500 0.701800
vn 0.927200 0.280100 -0.248600
vn 0.574600 -0.050800 0.816900
vn 0.940100 0.216300 -0.263500
vn -0.264700 -0.445600 0.855200
vn 0.467300 -0.428000 -0.773600
vn 0.004000 0.003900 -1.000000
vn -0.311500 0.003900 -0.950200
vn -0.153900 0.493200 -0.856200
vn -0.224700 0.618800 -0.752700
vn -0.304200 0.549200 -0.778300
vn -0.287700 0.004000 -0.957700
vn -0.344600 0.004000 -0.938700
vn -0.368000 0.494600 -0.787400
vn -0.448800 0.004000 -0.893600
vn -0.360000 0.747800 -0.557900
vn -0.161600 0.831300 -0.531800
vn -0.470100 0.430600 -0.770400
vn 0.605700 0.003900 0.795700
vn -0.437300 0.752500 -0.492500
vn -0.589000 0.375600 -0.715500
vn -0.319400 0.942500 -0.098600
vn 0.019700 -0.977900 0.208100
vn -0.476300 0.744000 -0.468500
vn 0.627300 -0.374800 0.682600
vn 0.670500 0.003900 0.741900
vn 0.691100 0.003900 0.722700
vn -0.460500 0.744000 -0.484200
vn -0.633600 0.381700 -0.672900
vn 0.718900 0.003900 0.695100
vn -0.098100 0.992900 -0.066700
vn -0.435600 0.749600 -0.498400
vn -0.644300 0.399300 -0.652200
vn 0.701500 -0.432000 0.566800
vn 0.795700 0.003900 0.605700
vn -0.414500 0.769700 -0.485500
vn 0.781800 -0.467500 0.412500
vn 0.898300 0.003900 0.439300
vn 0.980900 0.003900 0.194600
vn -0.421300 0.807200 -0.413400
vn 0.839300 -0.508300 0.193100
vn 0.999400 -0.004000 0.035600
vn -0.438200 0.848700 -0.296100
vn 0.098000 0.991800 -0.082300
vn 0.840500 -0.540600 0.035500
vn 0.997200 -0.004000 0.074900
vn -0.460600 0.878000 -0.129900
vn 0.823900 -0.563700 0.059100
vn 0.995100 -0.004000 0.099100
vn 0.461300 -0.887200 0.011900
vn 0.461300 -0.887200 0.011800
vn 0.832200 -0.548200 0.082800
vn 0.837500 -0.546500 0.003900
vn 0.999900 -0.004000 0.011900
vn 0.990400 -0.004000 -0.138100
vn 0.458100 -0.888800 0.011700
vn -0.090100 -0.991100 -0.097900
vn 0.869500 -0.484000 -0.098400
vn 0.952500 -0.011900 -0.304300
vn -0.074700 -0.994400 -0.074700
vn 0.838900 -0.484400 -0.248100
vn 0.891900 -0.019700 -0.451800
vn 0.577700 -0.813500 0.066800
vn 0.805100 -0.467400 -0.365200
vn 0.830900 -0.035500 -0.555300
vn 0.648000 -0.758000 -0.074600
vn 0.752800 -0.484800 -0.445300
vn 0.947100 0.004000 0.321000
vn 0.639100 -0.756800 -0.137200
vn 0.617200 -0.766600 -0.176900
vn 0.662400 -0.748600 0.027400
vn -0.311300 0.863000 -0.398000
vn -0.208100 0.867700 -0.451500
vn 0.067100 0.438300 -0.896300
vn 0.170100 0.004000 -0.985400
vn 0.273200 0.004000 -0.962000
vn -0.231300 0.874100 -0.427200
vn 0.185300 0.469200 -0.863400
vn 0.232300 0.004000 -0.972600
vn 0.169500 0.516300 -0.839500
vn -0.051400 -0.003900 -0.998700
vn -0.074900 0.595200 -0.800100
vn 0.738000 0.003900 0.674800
vn -0.311400 0.847600 -0.429700
vn -0.444300 0.703800 -0.554400
vn 0.929800 0.003900 0.368000
vn -0.309900 0.874700 -0.372600
vn 0.784800 -0.540300 0.303700
vn 0.976100 -0.004000 0.217400
vn -0.129700 0.939100 -0.318300
vn 0.862600 -0.476600 0.169400
vn 0.995800 -0.004000 0.091200
vn -0.403800 0.905700 -0.129400
vn -0.200300 0.915200 -0.349600
vn -0.184700 0.978600 -0.090400
vn 0.216000 0.946500 -0.239600
vn 0.183800 0.981600 -0.050800
vn -0.106100 -0.993700 -0.035400
vn -0.670300 -0.740800 0.043200
vn 0.113700 0.960300 -0.254800
vn -0.419700 -0.898400 -0.129500
vn -0.003900 1.000000 -0.003900
vn -0.643700 -0.753000 0.136500
vn 0.530800 -0.845400 0.059000
vn -0.686900 -0.710400 0.153100
vn 0.461300 -0.887200 -0.011800
vn -0.920400 -0.387700 0.050900
vn 0.880200 -0.469700 0.067100
vn 0.873600 -0.486200 0.019800
vn 0.999000 -0.004000 -0.043500
vn 0.420200 -0.907200 0.019600
vn 0.835000 -0.550100 0.011900
vn 0.982600 -0.004000 -0.185500
vn -0.035300 -0.992000 -0.121500
vn 0.708600 -0.700800 -0.082200
vn 0.944700 -0.004000 -0.328000
vn -0.568300 -0.811300 -0.137200
vn 0.752800 -0.603000 -0.264100
vn 0.906000 -0.004000 -0.423300
vn -0.858000 -0.466200 -0.215500
vn 0.717600 -0.615700 -0.325500
vn 0.882200 -0.004000 -0.470800
vn -0.514700 -0.813400 -0.271100
vn 0.705500 -0.611100 -0.359000
vn 0.861600 -0.004000 -0.507500
vn 0.255100 -0.961900 -0.098100
vn 0.695500 -0.609100 -0.381200
vn 0.317500 -0.944700 -0.082300
vn -0.334500 0.940500 0.059000
vn 0.690500 -0.603700 -0.398500
vn 0.841000 -0.004000 -0.541000
vn -0.341900 0.939300 0.027500
vn 0.648900 -0.617600 -0.444400
vn 0.791900 -0.003900 -0.610600
vn -0.342000 0.939700 0.003900
vn 0.595300 -0.634700 -0.492800
vn 0.718800 -0.003900 -0.695200
vn -0.913300 0.004000 -0.407200
vn 0.365100 -0.930300 0.035300
vn -0.348900 0.937000 -0.019600
vn -0.098200 0.821300 -0.561900
vn 0.043400 0.540400 -0.840300
vn 0.280400 0.004000 -0.959900
vn 0.003900 0.856100 -0.516800
vn 0.200300 0.569500 -0.797200
vn 0.455100 0.003900 -0.890400
vn 0.090300 0.883600 -0.459500
vn 0.333400 0.592300 -0.733500
vn -0.570000 -0.003900 0.821600
vn 0.129500 0.898400 -0.419800
vn 0.428500 0.585700 -0.688000
vn -0.674800 -0.004000 0.738000
vn 0.192500 0.907600 -0.373200
vn 0.539100 0.554900 -0.633600
vn -0.730400 -0.004000 0.683000
vn 0.610800 0.539800 -0.579200
vn -0.718800 -0.004000 0.695200
vn 0.262800 0.913800 -0.309800
vn 0.654400 0.576000 -0.489900
vn -0.501700 0.003900 -0.865100
vn 0.410700 0.887900 -0.207300
vn -0.294600 0.805200 -0.514600
vn 0.035400 0.964000 -0.263600
vn 0.232300 -0.972600 0.011800
vn -0.051200 0.995900 -0.074800
vn -0.193300 0.942700 -0.272100
vn -0.207600 0.975400 -0.074400
vn -0.043000 0.982000 -0.183900
vn -0.350100 0.932300 -0.090500
vn -0.504100 -0.863600 0.011700
vn -0.261800 -0.964900 0.019500
vn -0.488100 -0.870800 0.058600
vn -0.426500 -0.903800 -0.035200
vn -0.152400 -0.980900 -0.121100
vn -0.576400 -0.796100 0.184300
vn -0.911500 -0.371600 -0.176100
vn 0.670200 0.678000 -0.301800
vn 0.035400 0.979000 -0.200500
vn -0.472300 -0.831400 -0.292700
vn -0.449800 -0.848800 -0.277700
vn -0.254600 -0.959400 0.121400
vn -0.771200 -0.505000 -0.387500
vn -0.679100 -0.584900 -0.443600
vn -0.968800 -0.019700 -0.247100
vn -0.691800 -0.558900 -0.457300
vn -0.885100 -0.035100 -0.464000
vn -0.833300 -0.035200 -0.551600
vn -0.857900 -0.027500 -0.513100
vn -0.906200 -0.419800 0.051000
vn -0.999600 -0.003900 0.027400
vn -0.997800 -0.004000 0.066500
vn -0.917800 -0.386700 0.089800
vn -0.998300 -0.003900 0.058700
vn -0.988100 0.003900 0.153500
vn -0.909900 -0.394400 0.128800
vn -0.861600 0.011800 0.507500
vn -0.561000 -0.827700 0.011800
vn -0.820200 -0.341400 0.459100
vn -0.550000 0.019700 0.834900
vn -0.684300 -0.707700 0.176000
vn 0.648300 0.530500 -0.546200
vn 0.170100 -0.019700 -0.985200
vn -0.634600 -0.759300 -0.144100
vn 0.295300 0.523600 -0.799200
vn -0.995900 -0.003900 -0.089900
vn 0.566000 0.823700 -0.035100
vn -0.669400 -0.739900 -0.066500
vn -0.653900 -0.481600 -0.583500
vn -0.686900 -0.027500 -0.726200
vn -0.722300 -0.027300 -0.691100
vn -0.683700 -0.496200 -0.535200
vn -0.833700 -0.019600 -0.551900
vn -0.715700 -0.559200 -0.418500
vn -0.925300 -0.019600 -0.378700
vn -0.521300 -0.819200 -0.239100
vn -0.834400 -0.427000 -0.348600
vn -0.907200 -0.019700 -0.420200
vn -0.830100 -0.417000 -0.370200
vn -0.858000 -0.019700 -0.513200
vn -0.600500 -0.765400 -0.231600
vn -0.914400 0.019600 0.404200
vn -0.939100 -0.129600 0.318300
vn -0.801600 -0.402800 -0.441900
vn -0.521700 -0.843300 0.129500
vn -0.136900 -0.989600 -0.043000
vn -0.597100 -0.761000 -0.253700
vn 0.137000 0.990200 -0.027400
vn -0.551700 -0.786500 -0.277800
vn 0.043100 0.991700 -0.121500
vn -0.489400 -0.834100 -0.254500
vn -0.394000 -0.916700 -0.066300
vn -0.113800 -0.993100 -0.027500
vn -0.019600 0.993300 -0.113900
vn -0.402000 -0.870200 -0.284900
vn -0.285200 -0.886900 -0.363400
vn -0.294000 -0.866300 -0.403700
vn -0.293100 -0.770000 -0.566800
vn 0.208200 -0.977900 0.019600
vn 0.586500 0.618000 -0.523500
vn -0.160500 -0.904400 -0.395400
vn 0.905400 -0.035600 -0.423100
vn 0.516800 0.650800 -0.556200
vn -0.256400 -0.784900 0.564000
vn 0.909700 -0.256000 -0.326900
vn 0.192000 -0.686100 -0.701700
vn -0.136800 -0.512000 -0.848000
vn -0.278700 0.113900 -0.953600
vn -0.718600 -0.019600 -0.695100
vn -0.741500 -0.176500 -0.647300
vn 0.207100 -0.613500 -0.762000
vn 0.925200 -0.287400 -0.248000
vn -0.701200 -0.129200 -0.701200
vn 0.938500 -0.223800 -0.263100
vn -0.574300 -0.058600 -0.816500
vn 0.262900 -0.451700 -0.852500
vn -0.468900 -0.421600 0.776200
vn 0.311400 -0.004000 0.950300
vn 0.004000 0.004000 -1.000000
vn 0.154500 0.487200 0.859500
vn 0.225800 0.613900 0.756400
vn 0.305600 0.543600 0.781700
vn 0.287700 -0.003900 0.957700
vn 0.344600 -0.003900 0.938700
vn 0.369400 0.488600 0.790500
vn 0.448800 -0.003900 0.893600
vn 0.362200 0.744200 0.561200
vn 0.465500 0.425700 0.775900
vn 0.605700 0.004000 0.795700
vn 0.439900 0.749000 0.495400
vn 0.321800 0.941600 0.099300
vn 0.011900 0.977700 0.209800
vn 0.583800 0.377300 0.718900
vn 0.479200 0.740500 0.471200
vn 0.622500 0.376700 0.686000
vn 0.670500 0.004000 0.741900
vn 0.691100 0.004000 0.722700
vn 0.463300 0.740400 0.487000
vn 0.632200 0.385700 0.672000
vn 0.718900 0.004000 0.695100
vn 0.098900 0.992800 0.067200
vn 0.431800 0.748700 0.503100
vn 0.647700 0.401300 0.647700
vn 0.701500 0.432000 0.566800
vn 0.795700 0.004000 0.605700
vn 0.417000 0.766500 0.488500
vn 0.778800 0.470400 0.415100
vn 0.898300 0.004000 0.439300
vn 0.417500 0.807100 0.417500
vn 0.980900 0.004000 0.194600
vn 0.019800 0.993200 0.114700
vn 0.842600 0.502400 0.193800
vn 0.999400 -0.003900 0.035500
vn 0.438200 0.848700 0.296100
vn -0.098800 0.991600 0.083000
vn -0.043400 0.990500 0.130200
vn 0.138100 -0.990000 -0.027600
vn 0.555100 -0.783400 0.279500
vn 0.403800 -0.866300 0.294000
vn 0.492700 -0.831600 0.256200
vn 0.287200 -0.885200 0.365900
vn 0.114700 -0.993000 0.027600
vn -0.396800 0.915500 -0.066800
vn 0.296100 -0.864300 0.406500
vn -0.525100 0.841000 0.130300
vn 0.294900 -0.766800 0.570100
vn 0.599400 -0.756200 0.262500
vn 0.161100 -0.900100 0.404800
vn -0.589700 0.605600 0.534300
vn -0.209800 -0.977600 -0.019800
vn -0.811800 0.380400 -0.443100
vn 0.941700 -0.106400 -0.319200
vn -0.858000 -0.019500 -0.513200
vn -0.838100 0.397400 -0.373800
vn -0.907200 -0.019600 -0.420200
vn 0.604100 -0.762100 0.232900
vn -0.844900 0.404800 -0.349700
vn -0.925300 -0.019500 -0.378700
vn 0.524700 -0.816600 0.240600
vn -0.726300 0.537900 -0.427900
vn -0.833700 -0.019500 -0.551900
vn 0.138000 -0.989500 0.043400
vn 0.695300 -0.467400 0.546000
vn 0.454400 0.881200 0.130400
vn 0.090800 -0.991000 0.098700
vn 0.464600 0.885500 0.011900
vn 0.844100 0.535000 0.035700
vn 0.827500 0.558300 0.059400
vn 0.995100 -0.003900 0.099100
vn 0.067400 -0.994900 0.075300
vn 0.835800 0.542700 0.083200
vn 0.422700 -0.896800 0.130400
vn 0.841000 0.541000 0.004000
vn 0.999900 -0.003900 0.011900
vn 0.990400 -0.003900 -0.138100
vn 0.461300 0.887100 0.011800
vn 0.872900 0.477900 -0.098700
vn 0.952500 -0.011800 -0.304300
vn 0.106900 -0.993600 0.035600
vn 0.581400 0.810800 0.067200
vn -0.185300 0.981400 0.051200
vn 0.186200 0.978300 0.091100
vn -0.564600 0.825200 0.011800
vn -0.674200 0.737300 0.043300
vn -0.225200 0.944100 0.241000
vn -0.642200 0.752500 -0.145800
vn -0.683900 0.707500 0.177900
vn -0.673300 0.736300 -0.066900
vn 0.669300 -0.450100 0.591100
vn -0.686900 -0.027400 -0.726200
vn -0.996000 -0.003900 -0.089800
vn -0.564300 0.824800 0.035500
vn -0.633600 0.547000 0.547100
vn -0.288000 0.548400 0.785100
vn -0.170100 0.019800 0.985200
vn -0.550000 0.019800 0.834900
vn -0.813100 0.357400 0.459500
vn -0.908500 0.397200 0.129800
vn -0.988100 0.004000 0.153500
vn -0.923100 0.381000 0.051100
vn -0.690700 0.706500 0.153900
vn -0.919400 0.382700 0.090700
vn -0.997800 -0.003900 0.066500
vn -0.651300 0.746100 0.138200
vn -0.909200 0.413300 0.051200
vn -0.968800 -0.019600 -0.247100
vn -0.869300 0.444500 -0.216300
vn -0.781000 0.482700 -0.396400
vn -0.885100 -0.035000 -0.464000
vn -0.571900 0.808600 -0.138100
vn -0.711700 0.530800 -0.460100
vn 0.514700 -0.813400 0.271100
vn 0.469300 -0.832100 0.295800
vn -0.694200 0.560900 -0.451100
vn -0.833300 -0.035200 -0.551700
vn -0.857900 -0.027400 -0.513100
vn 0.035600 -0.991800 0.122500
vn -0.727200 0.554300 -0.404900
vn 0.453800 -0.848500 0.272300
vn -0.747400 0.528200 -0.403000
vn -0.863300 -0.027300 -0.503900
vn -0.256700 0.959700 0.114600
vn 0.153600 -0.980600 0.122100
vn 0.696300 -0.515300 0.499600
vn -0.781000 -0.027400 -0.624000
vn -0.632600 -0.027500 -0.774000
vn -0.351800 0.929000 0.114600
vn 0.575600 -0.520800 0.630400
vn -0.442200 -0.035200 -0.896200
vn 0.367300 -0.928200 -0.059200
vn 0.428300 -0.514800 0.742700
vn 0.335100 -0.942100 -0.011800
vn 0.303000 -0.507600 0.806600
vn 0.278200 0.035200 0.959900
vn 0.113800 0.043100 0.992600
vn 0.311200 -0.949400 0.043300
vn 0.168800 -0.522000 0.836100
vn -0.090400 0.058900 0.994200
vn 0.312300 -0.944800 0.098800
vn 0.011800 -0.555600 0.831400
vn 0.988300 0.011700 0.152300
vn 0.328000 -0.936700 0.122500
vn -0.366700 0.918800 -0.145900
vn -0.557000 0.422700 0.715000
vn -0.516800 -0.004000 0.856100
vn -0.304300 0.003900 0.952600
vn -0.352400 0.479100 0.803900
vn -0.107000 0.004000 0.994300
vn -0.177800 0.509800 0.841700
vn 0.043400 0.004000 0.999000
vn -0.043500 0.525600 0.849600
vn 0.154700 0.004000 0.987900
vn 0.051500 0.534600 0.843500
vn 0.256400 0.004000 0.966600
vn 0.138400 0.557500 0.818500
vn 0.335100 0.011900 0.942100
vn 0.209500 0.581000 0.786500
vn 0.374800 0.011900 0.927000
vn 0.257500 0.629800 0.732800
vn 0.935700 0.000700 -0.352700
vn -0.665800 0.681600 0.303400
vn -0.969000 -0.003900 -0.247100
vn -0.027700 0.980500 0.194600
vn -0.580000 0.793200 0.185500
vn -0.914200 0.364900 -0.176500
vn -0.491500 0.868900 0.059000
vn -0.263700 0.964400 0.019700
vn -0.859300 0.443400 -0.255000
vn -0.943100 -0.003900 -0.332600
vn -0.939700 -0.003900 -0.342100
vn -0.507500 0.861600 0.011800
vn -0.819300 0.513600 -0.254800
vn -0.429500 0.902400 -0.035500
vn -0.367600 0.929000 -0.043500
vn -0.813100 0.561700 -0.153200
vn 0.051600 0.996400 0.067500
vn -0.807800 0.587200 -0.051200
vn -0.990600 -0.003900 -0.137000
vn -0.998700 -0.003900 -0.050900
vn -0.341900 0.939100 0.035400
vn 0.043400 0.983100 0.177700
vn -0.811500 0.584200 0.011800
vn -1.000000 -0.003900 0.003900
vn -0.342300 0.932600 0.114100
vn 0.194700 0.941800 0.274200
vn -0.829600 0.554300 0.066800
vn -0.367300 0.904400 0.217200
vn -0.351600 0.920600 0.169900
vn 0.233600 0.867300 0.439600
vn 0.623100 0.511900 0.591300
vn 0.756700 -0.003900 0.653700
vn 0.639100 0.543800 0.543800
vn 0.785100 -0.003900 0.619400
vn 0.257400 0.883200 0.392100
vn 0.272500 0.904600 0.327800
vn 0.668800 0.581700 0.463000
vn 0.841000 -0.003900 0.541000
vn -0.501700 0.004000 -0.865100
vn 0.290400 0.807600 0.513300
vn -0.657400 0.570800 0.492000
vn -0.718800 -0.003900 0.695200
vn -0.035800 0.965400 0.258200
vn -0.413600 0.886200 0.208700
vn -0.613400 0.534200 0.581700
vn -0.730400 -0.003900 0.683000
vn -0.264700 0.912500 0.312000
vn -0.541500 0.549400 0.636300
vn -0.674800 -0.003900 0.738000
vn -0.193900 0.906100 0.375900
vn -0.430500 0.580600 0.691100
vn -0.130400 0.896800 0.422800
vn -0.335000 0.587200 0.736900
vn 0.455100 0.004000 -0.890400
vn -0.201200 0.564100 0.800800
vn -0.280400 -0.003900 0.959900
vn -0.091000 0.881800 0.462700
vn -0.043600 0.534800 0.843800
vn -0.099100 -0.003900 0.995100
vn 0.913300 -0.003900 0.407200
vn -0.004000 0.854000 0.520300
vn 0.098900 0.818700 0.565600
vn 0.351500 0.936000 0.019800
vn -0.367700 -0.929200 -0.035600
vn -0.598200 -0.630000 0.495200
vn 0.791900 -0.003900 -0.610700
vn -0.652100 -0.612600 0.446600
vn 0.841000 -0.003900 -0.541000
vn -0.344600 -0.938700 0.004000
vn -0.693800 -0.598600 0.400400
vn 0.861600 -0.003900 -0.507500
vn -0.344500 -0.938400 0.027700
vn -0.698900 -0.604100 0.383000
vn -0.337000 -0.939600 0.059500
vn -0.709100 -0.606000 0.360500
vn 0.882200 -0.003900 -0.470800
vn -0.319900 -0.943800 0.082900
vn 0.722900 0.612300 -0.320000
vn 0.906000 -0.003900 -0.423300
vn -0.257100 -0.961300 0.098900
vn 0.757900 0.599200 -0.257900
vn 0.944700 -0.003900 -0.328000
vn 0.234100 0.972100 0.011900
vn 0.708600 0.700700 -0.083100
vn 0.982600 -0.003900 -0.185500
vn 0.209200 0.975000 0.075000
vn 0.838600 0.544500 0.011900
vn 0.999000 -0.003900 -0.043400
vn 0.352900 0.931900 0.083300
vn 0.877000 0.480100 0.019800
vn 0.423300 0.905800 0.019800
vn 0.883500 0.463500 0.067400
vn 0.995800 -0.003900 0.091200
vn 0.464600 0.885500 -0.011900
vn 0.860600 0.479900 0.170500
vn 0.976100 -0.003900 0.217300
vn 0.534400 0.843200 0.059400
vn 0.781700 0.543600 0.305500
vn 0.929800 0.004000 0.368000
vn 0.400100 0.907100 0.130700
vn 0.003900 1.000000 0.004000
vn 0.439900 0.709300 0.550800
vn 0.738000 0.004000 0.674800
vn -0.122300 0.958800 0.256500
vn 0.122800 0.939100 0.321000
vn 0.304900 0.875000 0.376100
vn 0.067100 0.604300 0.793900
vn 0.051300 0.004000 0.998700
vn 0.312500 0.850400 0.423200
vn 0.666300 0.745200 0.027600
vn 0.210300 0.868800 0.448300
vn -0.169900 0.525500 0.833700
vn -0.232300 -0.003900 0.972600
vn 0.651900 0.754600 -0.075100
vn -0.177700 0.469900 0.864700
vn -0.273100 -0.003900 0.962000
vn 0.843600 0.471300 -0.257400
vn 0.891900 -0.019600 -0.451800
vn -0.059300 0.438500 0.896800
vn -0.170100 -0.003900 0.985400
vn 0.241900 0.876400 0.416400
vn 0.328400 0.866500 0.375900
vn 0.621800 0.764400 -0.170300
vn 0.639000 0.758000 -0.131000
vn 0.761900 0.461900 -0.454000
vn 0.830900 -0.035400 -0.555300
vn 0.811000 0.455000 -0.367900
vn -0.902700 0.152400 -0.402500
vn -0.238200 -0.839600 -0.488200
vn 0.540200 0.051200 -0.840000
vn -0.818500 0.184100 -0.544300
vn -0.207200 -0.785900 -0.582600
vn -0.748000 0.207600 -0.630500
vn -0.222700 -0.738200 -0.636700
vn -0.775400 0.405400 0.484100
vn -0.223000 0.974200 0.035200
vn -0.324000 -0.886000 -0.331700
vn -0.090400 0.821900 -0.562400
vn -0.263300 0.805700 -0.530600
vn -0.358400 -0.019600 0.933400
vn 0.263600 -0.955900 -0.129800
vn -0.335900 0.770700 -0.541500
vn 0.358400 0.019700 -0.933400
vn 0.374800 0.003900 -0.927100
vn 0.445000 -0.886100 -0.129900
vn -0.296800 0.732000 -0.613300
vn -0.059000 0.751500 -0.657100
vn -0.320900 0.019800 0.946900
vn 0.584200 -0.811600 0.003900
vn 0.560500 -0.827000 -0.043100
vn 0.090500 0.775000 -0.625500
vn 0.209800 -0.011900 -0.977700
vn 0.325300 -0.944600 0.043100
vn 0.523700 -0.602400 -0.602400
vn 0.153800 0.800300 -0.579500
vn 0.130300 0.011800 -0.991400
vn 0.043300 -0.995600 0.082600
vn 0.231700 0.820700 -0.522300
vn 0.067000 0.011800 -0.997700
vn 0.035500 -0.019800 -0.999200
vn -0.113400 -0.989500 0.090000
vn 0.270500 0.960400 -0.066600
vn 0.317100 0.826100 -0.465900
vn 0.239100 0.842800 -0.482200
vn -0.027600 -0.059200 -0.997900
vn -0.372000 -0.928200 0.003900
vn 0.035300 0.827300 -0.560700
vn -0.130100 -0.067100 -0.989200
vn 0.294400 0.953900 0.058900
vn -0.169100 0.774600 -0.609500
vn -0.224600 -0.051200 -0.973100
vn 0.136800 0.988900 0.058600
vn -0.310800 0.735600 -0.601900
vn -0.289700 -0.035700 -0.956400
vn 0.027400 -0.999200 -0.027400
vn -0.207100 -0.762000 -0.613500
vn -0.320000 0.754600 -0.572800
vn -0.297100 -0.019800 -0.954600
vn 0.168900 -0.985600 0.011800
vn -0.264200 0.776700 -0.571700
vn -0.224800 -0.019800 -0.974200
vn -0.193000 0.980800 -0.027600
vn -0.168600 0.984400 -0.051000
vn -0.216000 0.781600 -0.585200
vn -0.074900 -0.019800 -0.997000
vn 0.067000 -0.019700 -0.997600
vn -0.176200 0.982600 -0.058700
vn -0.137800 0.767600 -0.625900
vn -0.003900 0.752800 -0.658200
vn 0.193000 -0.019800 -0.981000
vn 0.294900 -0.019700 -0.955300
vn 0.121400 0.732500 -0.669800
vn -0.985600 -0.003900 -0.168900
vn 0.098300 -0.994800 0.027500
vn -0.019600 0.999800 -0.003900
vn 0.113800 -0.710300 -0.694600
vn -0.058700 -0.011700 0.998200
vn -0.011800 0.011800 -0.999900
vn 0.105300 -0.737400 -0.667200
vn 0.090400 -0.781900 -0.616900
vn 0.121600 -0.003900 0.992600
vn 0.027400 -0.817600 -0.575100
vn -0.247200 0.011800 -0.968900
vn -0.027400 -0.817600 -0.575100
vn -0.302000 0.019700 -0.953100
vn -0.027400 -0.794500 -0.606600
vn 0.302000 -0.019600 0.953100
vn -0.050800 -0.769500 -0.636700
vn 0.302100 -0.003900 0.953300
vn -0.137200 -0.756800 -0.639100
vn -0.271000 -0.019600 -0.962400
vn -0.191600 -0.027300 -0.981100
vn -0.066500 -0.011700 -0.997700
vn -0.285500 -0.778300 -0.559300
vn 0.027400 0.019600 -0.999400
vn -0.331600 -0.807600 -0.487700
vn 0.066900 0.051200 -0.996400
vn -0.215300 -0.849600 -0.481500
vn -0.003900 -0.843300 -0.537400
vn 0.136900 0.050900 -0.989300
vn 0.192200 -0.788400 -0.584400
vn 0.215600 0.027500 -0.976100
vn 0.443200 -0.686400 -0.576600
vn -0.254500 -0.011700 0.967000
vn 0.208200 0.019600 -0.977900
vn 0.595200 -0.595200 -0.540000
vn -0.106100 -0.027500 0.994000
vn 0.412400 -0.655900 -0.632300
vn 0.137000 0.011800 -0.990500
vn 0.356700 -0.709600 -0.607600
vn 0.215600 0.011800 -0.976400
vn 0.263400 0.051200 -0.963300
vn 0.168800 -0.781400 -0.600800
vn -0.325600 -0.121600 -0.937700
vn 0.121600 -0.945500 -0.302100
vn -0.051000 -0.773300 -0.632000
vn 0.082600 -0.987000 -0.137600
vn -0.121600 -0.961300 -0.247200
vn -0.448800 -0.847000 -0.284900
vn -0.004000 -0.995100 -0.098300
vn -0.121400 0.983100 -0.137100
vn -0.098700 0.864200 -0.493300
vn 0.074600 0.969900 -0.231700
vn -0.114400 0.674300 -0.729500
vn -0.264100 0.666100 -0.697600
vn -0.388600 0.647600 -0.655500
vn 0.090800 0.098700 0.991000
vn -0.202200 0.019800 -0.979200
vn -0.313800 0.019800 -0.949300
vn 0.169400 0.586900 -0.791700
vn 0.011900 0.439300 0.898300
vn 0.027700 -0.470600 -0.881900
vn -0.555100 0.429100 0.712500
vn 0.476300 0.854100 -0.208700
vn -0.517400 0.635900 -0.572700
vn -0.611300 0.619100 -0.493000
vn 0.407100 -0.027700 0.913000
vn -0.460100 -0.884700 -0.074700
vn -0.542000 -0.838300 -0.058500
vn -0.769100 -0.636400 0.058600
vn 0.463900 0.861500 -0.206600
vn -0.781300 -0.616400 -0.098100
vn -0.994800 0.027500 -0.098300
vn 0.465300 0.879700 -0.097700
vn -0.813100 -0.577400 0.074600
vn -0.995000 0.019600 0.098300
vn -0.958300 0.011700 0.285500
vn -0.436100 -0.883900 0.168900
vn -0.812800 -0.537900 0.223800
vn 0.153500 0.004000 -0.988100
vn 0.435200 0.858700 -0.270600
vn -0.232000 0.877000 -0.420800
vn -0.453300 0.816000 -0.358700
vn 0.952500 0.011900 0.304300
vn 0.828500 -0.035700 0.558900
vn 0.705500 -0.067000 0.705500
vn 0.122000 0.909400 -0.397600
vn -0.573400 0.035600 -0.818500
vn 0.295300 0.885700 -0.358200
vn 0.483400 0.821400 -0.302600
vn -0.327800 0.043400 -0.943700
vn 0.513700 0.780300 -0.356800
vn -0.320700 0.043600 -0.946200
vn -0.637200 -0.770200 -0.027400
vn 0.396600 0.765600 -0.506500
vn -0.367900 0.019700 -0.929700
vn -0.605800 -0.793400 0.058600
vn -0.638300 -0.669600 -0.379800
vn 0.248300 0.776400 -0.579300
vn -0.486300 0.003900 -0.873800
vn 0.491200 0.868500 -0.066800
vn -0.058800 0.826400 -0.560000
vn -0.319200 0.799900 -0.508300
vn -0.573700 -0.003900 -0.819000
vn -0.278300 -0.960400 0.011800
vn -0.540300 0.745400 -0.390400
vn 0.058700 0.997900 0.027400
vn 0.691600 -0.683600 0.233200
vn 0.822700 0.011900 0.568300
vn 0.898300 -0.011900 0.439200
vn 0.129900 -0.988100 -0.082700
vn -0.371100 -0.769600 -0.519600
vn -0.341500 -0.796800 -0.498500
vn 0.270300 -0.951800 -0.144900
vn 0.673000 -0.728100 0.129900
vn -0.814000 0.273900 -0.512200
vn 0.255400 -0.954600 -0.153200
vn -0.145100 0.984500 -0.098100
vn 0.545600 0.734000 -0.404300
vn -0.097800 -0.989600 -0.105600
vn -0.208200 -0.978100 -0.003900
vn -0.435500 -0.796400 -0.419800
vn -0.606200 -0.739200 -0.293300
vn -0.396400 -0.914400 -0.082400
vn -0.340200 -0.817200 -0.465300
vn -0.943900 0.058700 -0.325100
vn -0.919000 0.074300 -0.387100
vn -0.992900 0.035400 -0.113800
vn -0.871500 0.043100 -0.488500
vn -0.737400 0.027300 -0.674900
vn 0.537200 -0.027500 0.843000
vn -0.459600 -0.750200 -0.475300
vn 0.420300 -0.011800 0.907300
vn -0.551100 -0.730900 -0.402600
vn -0.261700 -0.019500 -0.964900
vn -0.637000 -0.691800 -0.340000
vn 0.168500 0.058800 0.983900
vn -0.183400 -0.082000 -0.979600
vn 0.098000 -0.090000 -0.991100
vn -0.482400 -0.741300 -0.466700
vn -0.200300 -0.797300 -0.569400
vn 0.372100 -0.003900 -0.928200
vn 0.363600 -0.097700 -0.926400
vn -0.152600 -0.825300 -0.543600
vn -0.618200 -0.759900 0.200800
vn -0.811300 -0.231200 0.536900
vn 0.003900 -0.839800 -0.542900
vn -0.476100 0.059000 0.877400
vn 0.839700 0.003900 0.543000
vn -0.613500 -0.769800 0.175800
vn -0.859400 -0.341500 0.380600
vn -0.027600 0.636400 -0.770800
vn -0.161500 0.831300 -0.531900
vn -0.019600 0.977900 -0.208100
vn 0.184400 0.718100 -0.671000
vn -0.114300 0.862800 -0.492500
vn -0.121800 0.954800 -0.271100
vn -0.449200 -0.863200 -0.230500
vn 0.059100 0.934500 -0.350900
vn 0.437000 0.468500 -0.767800
vn 0.788200 0.576400 -0.215700
vn 0.262200 0.802300 -0.536200
vn -0.145500 0.987100 0.066900
vn 0.184700 -0.978600 -0.090400
vn 0.310000 -0.749600 -0.584700
vn -0.969000 -0.003800 -0.247100
vn -0.304300 -0.004000 0.952600
vn 0.238400 -0.887300 -0.394800
vn 0.404100 -0.576700 -0.710000
vn 0.427400 -0.647000 -0.631400
vn 0.287700 0.122200 -0.949900
vn 0.263800 0.004000 -0.964600
vn 0.333600 -0.836000 -0.435700
vn 0.003900 0.153500 -0.988100
vn 0.319600 0.422200 -0.848300
vn -0.051400 0.438700 -0.897100
vn -0.272200 0.509000 -0.816600
vn 0.162100 0.747200 -0.644500
vn -0.398800 0.533000 -0.746200
vn 0.043200 0.961700 -0.270800
vn -0.484600 0.610600 -0.626400
vn 0.289900 0.297900 0.909500
vn 0.391400 0.288600 0.873800
vn -0.043000 -0.996300 -0.074300
vn -0.714900 -0.207000 -0.667900
vn 0.443700 0.710700 -0.545900
vn -0.580100 -0.185500 0.793200
vn -0.027300 -0.979600 -0.199000
vn 0.011700 -0.967000 -0.254500
vn -0.563200 0.657700 -0.500200
vn -0.811300 -0.231200 -0.536900
vn -0.625500 0.680600 -0.381600
vn 0.456900 0.274200 0.846200
vn 0.597200 0.106800 -0.794900
vn 0.059000 -0.956000 -0.287200
vn 0.381500 0.751100 -0.538800
vn 0.255700 0.845800 -0.468200
vn 0.388200 0.748900 -0.537200
vn 0.169200 0.814600 -0.554900
vn 0.161200 0.986900 0.011800
vn 0.223100 0.763100 -0.606600
vn 0.113800 0.992600 -0.043200
vn -0.082200 0.990100 -0.113500
vn 0.011700 0.990500 -0.137000
vn -0.090500 0.995800 -0.011800
vn 0.435300 -0.850900 -0.294100
vn 0.514100 -0.655300 -0.553400
vn 0.090200 -0.992500 -0.082300
vn 0.761800 -0.643400 -0.075000
vn 0.911500 0.248700 -0.327500
vn -0.239300 -0.851300 -0.466800
vn -0.035300 0.999300 0.011700
vn 0.835600 -0.510900 0.202000
vn 0.927200 0.280200 -0.248600
vn 0.833000 -0.406600 0.375100
vn 0.940100 0.216400 -0.263600
vn 0.050900 0.967700 -0.246800
vn 0.811900 -0.344600 0.471300
vn 0.043300 0.902100 -0.429400
vn -0.708600 -0.630300 -0.317100
vn 0.035400 0.852100 -0.522200
vn -0.846200 -0.503100 -0.175500
vn -0.574500 0.050800 -0.816900
vn -0.701800 0.121600 -0.701900
vn -0.865500 -0.481700 -0.137100
vn -0.843900 -0.514200 -0.153100
vn -0.742500 0.169000 -0.648200
vn -0.718700 0.011700 -0.695200
vn -0.278300 -0.121600 -0.952800
vn 0.082500 -0.286800 -0.954400
vn 0.027400 -0.755900 -0.654100
vn 0.074500 -0.796400 -0.600200
vn 0.216500 -0.287400 -0.933000
vn 0.215700 0.976400 -0.011800
vn 0.097900 -0.857500 -0.505100
vn 0.317000 -0.332600 -0.888200
vn 0.388100 0.803800 -0.450900
vn 0.610300 0.035400 -0.791400
vn 0.200500 0.978700 -0.043200
vn 0.426400 0.809800 -0.403000
vn 0.481000 0.770400 -0.418400
vn -0.200400 -0.978400 0.051100
vn 0.531700 0.011800 -0.846800
vn 0.145400 -0.884100 -0.444000
vn 0.444100 -0.357700 -0.821400
vn 0.145400 -0.891900 -0.428300
vn 0.247000 0.968100 -0.043100
vn 0.500100 0.752100 -0.429300
vn -0.278200 -0.959900 0.035300
vn 0.121700 -0.906500 -0.404200
vn 0.484100 0.775400 -0.405400
vn 0.043100 -0.903500 -0.426400
vn 0.719500 -0.302800 -0.625100
vn -0.489900 -0.858300 -0.152800
vn 0.279000 0.805600 -0.522600
vn 0.122200 0.075000 -0.989700
vn -0.003900 -0.884000 -0.467500
vn 0.780900 -0.317900 -0.537600
vn -0.662900 -0.725700 -0.184400
vn -0.003900 -0.867000 -0.498200
vn 0.782400 -0.350000 -0.515100
vn -0.527900 -0.739100 -0.418400
vn -0.982700 -0.019600 -0.184100
vn 0.011800 -0.837400 -0.546500
vn 0.784300 -0.406000 -0.469000
vn -0.743100 -0.640900 -0.192600
vn 0.043100 -0.810900 -0.583700
vn 0.817300 -0.430400 -0.383000
vn -0.761600 -0.581900 -0.285100
vn -0.723300 -0.543400 -0.426100
vn -0.953900 -0.129500 -0.270800
vn -0.974800 -0.003900 -0.223200
vn -0.984800 -0.153000 -0.082400
vn -0.999600 -0.003900 -0.027400
vn -0.987800 -0.106200 0.114100
vn -0.976500 -0.003900 0.215700
vn -0.971400 -0.051200 0.232000
vn -0.668200 0.541600 0.510000
vn 0.442100 0.043000 0.895900
vn 0.264600 -0.920300 0.288300
vn -0.380400 -0.811800 -0.443100
vn 0.404200 0.019600 0.914400
vn 0.342600 -0.933400 0.106300
vn -0.262500 -0.826700 -0.497600
vn 0.451900 -0.003900 0.892000
vn 0.382100 -0.918000 -0.106400
vn 0.043400 0.864200 -0.501200
vn -0.168100 -0.832600 -0.527700
vn 0.551500 -0.043000 0.833100
vn 0.351500 -0.912500 -0.209400
vn -0.192800 0.916600 -0.350200
vn -0.280000 0.303600 -0.910800
vn -0.632000 0.051000 -0.773300
vn 0.822800 0.122000 -0.555100
vn -0.160500 -0.833700 -0.528400
vn -0.294600 0.930900 -0.216000
vn -0.441100 0.393400 -0.806600
vn 0.027600 0.627800 0.777900
vn -0.185500 0.714200 0.674900
vn 0.115000 0.860800 0.495800
vn -0.452300 0.861200 -0.232000
vn 0.122700 0.954100 0.273200
vn -0.438600 0.462300 0.770600
vn -0.791700 0.571200 0.216600
vn -0.059600 0.933500 0.353500
vn -0.969000 -0.003900 -0.247200
vn -0.263900 0.799500 0.539600
vn -0.146700 -0.986900 0.067400
vn -0.311900 -0.746200 0.588200
vn -0.288000 0.114400 0.950800
vn -0.263700 -0.003900 0.964600
vn -0.320700 0.415700 0.851100
vn -0.003900 0.145800 0.989300
vn 0.051500 0.432300 0.900200
vn -0.224400 0.759800 0.610200
vn 0.273300 0.503100 0.819900
vn -0.163100 0.743700 0.648300
vn -0.043500 0.961100 0.272900
vn 0.400500 0.527400 0.749300
vn 0.486900 0.605700 0.629400
vn 0.289200 -0.305100 0.907300
vn 0.390500 -0.295900 0.871800
vn 0.043300 -0.996300 0.074800
vn 0.803300 -0.513400 0.301700
vn 0.716000 -0.199500 0.669000
vn -0.446200 0.706800 0.548900
vn -0.997700 -0.011700 0.066500
vn -0.580900 0.177900 0.794300
vn 0.027600 -0.979300 0.200600
vn -0.011800 -0.966500 0.256400
vn 0.771300 -0.191800 0.606800
vn 0.566100 0.653200 0.502800
vn 0.628800 0.676300 0.383600
vn 0.455900 -0.281500 0.844400
vn -0.597600 0.098900 0.795600
vn -0.059500 -0.955400 0.289400
vn -0.383700 0.747700 0.542000
vn -0.500000 0.082700 0.862100
vn -0.257400 0.843600 0.471300
vn -0.390500 0.745400 0.540300
vn -0.170300 0.811900 0.558400
vn -0.390600 0.801000 0.453700
vn -0.610400 0.027500 0.791600
vn -0.217300 0.976000 0.011900
vn 0.162400 -0.986700 0.011900
vn 0.114700 -0.992500 -0.043500
vn -0.075000 -0.793500 0.604000
vn -0.027600 -0.752500 0.658000
vn -0.011800 0.990300 0.138100
vn 0.240900 -0.849200 0.470000
vn -0.217000 -0.280200 0.935100
vn 0.278700 -0.113800 0.953600
vn -0.098500 -0.855400 0.508500
vn -0.718700 -0.019600 -0.695100
vn -0.146400 -0.882400 0.447100
vn -0.202000 0.978400 0.043500
vn -0.201900 0.978000 0.051500
vn -0.146400 -0.890300 0.431300
vn -0.429100 0.807100 0.405500
vn -0.483900 0.767200 0.421000
vn -0.531800 0.003900 0.846900
vn -0.248800 0.967600 0.043500
vn -0.503100 0.748600 0.431800
vn -0.487100 0.772200 0.407900
vn -0.391000 0.011900 0.920300
vn 0.280300 -0.959300 -0.035500
vn -0.122500 -0.905100 0.407100
vn -0.043400 -0.902100 0.429400
vn -0.721100 -0.295600 0.626600
vn 0.493200 -0.856200 0.153900
vn 0.003900 -0.882200 0.470800
vn 0.666700 -0.721900 0.185400
vn 0.003900 -0.865100 0.501700
vn -0.784600 -0.343100 0.516500
vn -0.982800 0.011800 -0.184100
vn -0.011900 -0.835000 0.550100
vn 0.786800 0.399400 -0.470500
vn -0.746800 0.636200 -0.193600
vn -0.043300 -0.808100 0.587400
vn 0.820100 0.424000 -0.384300
vn 0.765100 -0.576700 0.286400
vn -0.954800 0.121800 -0.271100
vn -0.974800 -0.003900 -0.223100
vn -0.985900 0.145300 -0.082500
vn -0.988600 0.098500 0.114200
vn -0.971700 0.043300 0.232100
vn 0.074400 0.982900 -0.168500
vn -0.442200 0.035200 -0.896200
vn -0.262700 -0.921500 -0.286200
vn 0.531000 -0.735500 0.420900
vn 0.404300 -0.011800 0.914600
vn -0.340100 -0.934400 -0.105500
vn 0.382800 -0.809100 0.446000
vn -0.280800 0.802800 0.526000
vn -0.122300 0.067100 0.990200
vn 0.264200 -0.824200 0.500900
vn 0.451900 0.011800 0.892000
vn 0.379400 0.919200 -0.105600
vn -0.043700 0.862200 0.504600
vn 0.043600 0.162300 0.985800
vn -0.551300 -0.050800 -0.832800
vn -0.349000 -0.913800 0.207900
vn 0.169200 -0.830200 0.531200
vn 0.631700 0.058900 0.773000
vn -0.823500 0.114300 0.555700
vn 0.161500 -0.831300 0.531800
vn 0.280600 0.296400 0.912900
vn 0.296800 0.929800 0.217600
vn 0.442500 0.386700 0.809100
vn -0.525100 0.841000 0.130200
vn 0.059300 0.652600 -0.755400
vn 0.914400 -0.019600 -0.404300
vn -0.272700 0.059300 -0.960300
vn -0.320100 0.075100 -0.944400
vn 0.083400 0.885700 0.456700
vn 0.059300 0.888900 0.454300
vn 0.106800 -0.051500 0.992900
vn -0.059100 0.996900 0.051200
vn -0.019700 0.887100 0.461200
vn 0.145700 0.043300 -0.988400
vn 0.067000 -0.996400 -0.051200
vn 0.192500 -0.907500 0.373300
vn -0.074800 0.996300 0.043300
vn -0.146300 0.865900 0.478400
vn -0.390900 -0.027700 0.920000
vn 0.177300 -0.910200 0.374300
vn 0.310500 -0.145400 0.939400
vn 0.287200 -0.137600 0.947900
vn 0.129600 -0.915400 0.381100
vn 0.168400 -0.144800 0.975000
vn 0.099000 -0.993800 -0.051500
vn 0.043500 -0.922300 0.384000
vn -0.082300 -0.160600 0.983600
vn -0.343400 -0.146100 0.927800
vn -0.288200 0.825300 0.485700
vn -0.522400 -0.027500 0.852300
vn 0.130100 -0.989200 -0.067000
vn -0.059100 -0.918800 0.390400
vn -0.389700 0.783400 0.484200
vn -0.130300 -0.904200 0.406700
vn -0.491500 -0.129700 0.861200
vn 0.169600 -0.982000 -0.082800
vn -0.154200 -0.889200 0.430800
vn -0.537500 -0.113700 0.835600
vn 0.209000 -0.973700 -0.090700
vn -0.445400 0.752800 0.484800
vn 0.561000 0.003900 -0.827800
vn -0.507200 0.035400 0.861100
vn -0.421900 0.761000 0.492900
vn -0.382100 0.106300 0.918000
vn 0.216600 -0.972800 -0.082700
vn -0.137600 -0.868800 0.475700
vn -0.499600 -0.090400 0.861500
vn -0.435200 -0.066700 0.897900
vn 0.177600 -0.982800 -0.051300
vn -0.122000 -0.838300 0.531300
vn -0.420300 -0.003900 0.907400
vn -0.328000 0.810100 0.486000
vn -0.248800 0.130300 0.959700
vn 0.067000 -0.997700 0.003900
vn -0.170000 -0.818100 0.549400
vn -0.193000 0.870400 0.452900
vn -0.091200 0.218100 0.971700
vn -0.256900 -0.825900 0.501900
vn 0.435600 -0.051000 -0.898700
vn 0.082700 0.996200 -0.027600
vn 0.617500 -0.334400 -0.711900
vn -0.011900 0.898300 0.439300
vn 0.122400 -0.138100 0.982800
vn -0.209800 -0.977700 0.004000
vn 0.170500 0.900300 0.400600
vn -0.303700 -0.903100 0.303700
vn 0.327600 0.943400 0.051300
vn 0.487900 0.805200 0.337100
vn -0.477800 -0.856900 0.193500
vn -0.635000 -0.666600 0.390500
vn 0.720100 -0.436800 -0.539100
vn 0.734300 -0.451700 -0.506700
vn 0.115100 0.988400 0.099200
vn -0.746800 -0.462400 0.478100
vn 0.297000 0.843500 0.447500
vn 0.354300 0.871800 0.338400
vn 0.857300 0.343800 -0.383200
vn 0.501500 0.864700 0.027600
vn 0.082900 0.990000 0.114300
vn 0.814600 -0.436800 -0.381700
vn 0.415400 -0.146300 0.897800
vn 0.067200 0.975500 0.209300
vn -0.258400 0.775200 0.576500
vn -0.335700 0.722700 0.604200
vn -0.506700 0.129700 0.852300
vn -0.485900 0.169900 0.857300
vn 0.455000 -0.019800 -0.890300
vn -0.027600 0.808600 0.587700
vn 0.075400 0.353200 0.932500
vn 0.506100 0.745200 0.434300
vn -0.241600 0.004000 -0.970400
vn 0.677200 0.590000 0.439600
vn 0.390900 -0.027600 0.920000
vn 0.755600 0.478700 0.447100
vn 0.767200 0.473000 0.433300
vn 0.432500 -0.043700 0.900600
vn -0.454700 0.043500 -0.889600
vn 0.741900 0.670400 -0.011900
vn 0.678800 0.734300 -0.004000
vn -0.582400 -0.756700 0.297100
vn 0.739500 0.541800 0.399400
vn 0.501500 -0.027600 0.864700
vn 0.718600 0.694800 -0.027800
vn 0.622100 0.780600 -0.059400
vn 0.683500 0.644000 0.343700
vn -0.610400 -0.728500 0.311100
vn 0.567500 0.758000 0.321500
vn 0.568400 0.003900 0.822800
vn -0.477900 -0.872900 0.098800
vn -0.272900 -0.953100 0.130500
vn 0.424500 0.837100 0.345100
vn -0.622600 -0.043600 -0.781300
vn -0.043500 -0.992500 0.114700
vn 0.320100 0.873200 0.367500
vn 0.685000 0.075200 0.724600
vn 0.137700 -0.987600 0.074800
vn 0.249200 0.882200 0.399500
vn 0.754100 0.082900 0.651500
vn -0.304300 0.952400 -0.019800
vn 0.186000 0.882700 0.431500
vn 0.819900 0.083200 0.566400
vn -0.688100 0.617300 -0.381400
vn 0.091300 0.885100 0.456400
vn 0.877400 0.083300 0.472400
vn -0.460900 0.886400 0.043300
vn -0.620700 0.778800 0.090900
vn -0.793200 0.548500 -0.264400
vn 0.920600 0.075000 0.383200
vn -0.650600 0.745200 0.145900
vn -0.866800 0.474600 -0.153000
vn 0.447600 0.764700 0.463600
vn 0.960700 0.051400 0.272800
vn 0.995900 -0.035700 0.083300
vn -0.288300 0.936100 0.201400
vn 0.859000 0.510700 0.035600
vn 0.706600 0.682900 -0.185500
vn 0.994300 -0.083200 0.067300
vn 0.960600 -0.138300 0.241100
vn -0.272700 -0.952100 0.138300
vn 0.890000 0.391600 0.233400
vn 0.881100 -0.051400 0.470200
vn 0.431700 0.898900 -0.075200
vn -0.186100 -0.954300 0.233700
vn 0.599600 0.774300 0.202500
vn 0.098600 -0.950200 0.295700
vn 0.544500 0.663800 0.512700
vn 0.834000 0.288600 0.470400
vn 0.572300 0.454000 0.682900
vn 0.122600 0.992500 0.004000
vn 0.067200 0.866500 0.494600
vn 0.099200 0.662800 0.742200
vn -0.027600 -0.035600 0.999000
vn -0.296000 0.651300 0.698700
vn -0.928300 0.105700 0.356400
vn -0.982600 0.152600 0.105700
vn -0.491200 0.797700 0.349700
vn -0.627500 0.777400 0.043400
vn -0.984800 0.137300 -0.106000
vn 0.476900 -0.815800 0.327100
vn -0.773400 0.224800 0.592700
vn 0.295000 -0.845800 0.444500
vn 0.391100 -0.825500 0.406900
vn -0.067100 -0.966300 0.248500
vn 0.256700 -0.912100 0.319800
vn 0.374600 0.926800 -0.027600
vn 0.535000 0.035600 0.844100
vn 0.003900 -0.899900 0.436200
vn 0.374500 -0.878900 0.295600
vn 0.043600 0.980000 0.194400
vn -0.774200 -0.019600 0.632600
vn 0.279200 -0.916300 0.287000
vn -0.961900 0.035400 -0.270900
vn 0.122500 -0.865300 0.486000
vn 0.903800 -0.035300 0.426500
vn 0.145600 -0.791000 0.594200
vn 0.858300 0.152900 0.489900
vn 0.453800 -0.793100 0.406400
vn -0.436100 0.899700 -0.019600
vn 0.201000 -0.973800 0.106400
vn -0.177800 0.984100 0.004000
vn -0.746100 0.651300 -0.138200
vn -0.382600 -0.737700 0.556200
vn -0.223100 -0.434400 -0.872700
vn -0.941800 0.050900 -0.332200
vn -0.860200 0.506600 -0.058900
vn -0.923500 0.043300 -0.381200
vn -0.872000 0.027400 -0.488800
vn -0.805100 0.011800 -0.593000
vn -0.726000 -0.035300 -0.686800
vn 0.569200 -0.647700 0.506400
vn 0.437200 -0.681400 0.586900
vn -0.678400 -0.043100 -0.733400
vn 0.649000 -0.051100 0.759100
vn 0.239300 -0.757000 0.608000
vn 0.483800 -0.358000 0.798600
vn -0.059100 -0.839600 0.540000
vn -0.311300 -0.839500 0.445400
vn 0.459600 -0.357400 0.813100
vn -0.518500 -0.771800 0.368100
vn 0.348600 -0.395500 0.849700
vn 0.216400 -0.428700 0.877100
vn 0.145400 -0.444000 0.884100
vn -0.439200 -0.850700 0.288900
vn 0.129400 -0.521600 0.843300
vn -0.328600 -0.930400 0.162300
vn -0.240600 -0.919200 0.311600
vn 0.567000 0.765100 0.305300
vn -0.043200 -0.836700 0.546000
vn 0.365700 -0.263500 0.892700
vn 0.555300 -0.319000 0.768000
vn -0.035500 -0.997100 0.067000
vn 0.239900 -0.892700 0.381500
vn 0.366200 -0.799300 0.476400
vn 0.646200 -0.262400 0.716700
vn -0.059200 -0.982300 0.177500
vn 0.807300 0.489200 0.330100
vn 0.799100 -0.523700 0.295200
vn -0.083000 -0.935500 0.343400
vn 0.982600 0.161800 0.090800
vn 0.846200 -0.499800 0.185000
vn 0.389700 -0.429100 -0.814900
vn 0.413700 -0.760500 0.500500
vn 0.695300 -0.255400 0.671800
vn 0.845500 -0.208400 -0.491500
vn -0.223000 -0.434400 -0.872700
vn 0.050800 -0.989300 -0.136800
vn 0.035300 -0.991000 -0.129300
vn 0.873700 -0.011800 -0.486300
vn -0.426000 -0.902800 0.058600
vn -0.129100 -0.974400 -0.184000
vn 0.846600 -0.027500 -0.531600
vn -0.443500 -0.890900 0.098100
vn -0.632500 -0.766100 0.113900
vn -0.582600 -0.809400 0.074300
vn -0.199500 -0.934900 -0.293400
vn 0.784100 -0.051200 -0.618600
vn -0.718600 -0.663500 0.208100
vn -0.950700 -0.285500 0.121300
vn -0.947300 -0.035400 0.318400
vn -0.863600 -0.426000 0.269600
vn -0.905300 0.105800 0.411500
vn -0.877600 -0.389600 0.279400
vn -0.858200 0.138400 0.494300
vn -0.670100 -0.740600 0.050900
vn -0.207900 -0.890700 -0.404200
vn 0.686500 -0.043200 -0.725800
vn -0.694600 -0.718100 0.043200
vn -0.850500 -0.419400 0.317500
vn -0.791900 0.137800 0.594900
vn -0.689200 0.129900 0.712800
vn -0.121200 -0.864000 -0.488700
vn 0.569700 -0.035400 -0.821100
vn -0.622500 -0.779100 0.074400
vn -0.772900 -0.482600 0.412000
vn -0.565100 0.106700 0.818100
vn 0.600400 0.584700 -0.545500
vn -0.428700 -0.892900 0.137700
vn 0.294500 0.695100 -0.655800
vn -0.431600 0.075200 0.898900
vn 0.051100 -0.851500 -0.521900
vn -0.098700 0.738300 -0.667200
vn 0.311400 -0.019700 -0.950100
vn 0.279500 -0.814900 -0.507800
vn -0.476700 0.027600 0.878600
vn 0.082200 0.974800 -0.207500
vn -0.317500 0.913400 -0.254800
vn -0.390200 0.681800 -0.618800
vn 0.241500 0.035600 -0.969700
vn 0.532300 -0.729400 -0.429700
vn 0.442500 -0.004000 -0.896800
vn 0.522200 0.035300 -0.852100
vn 0.586700 -0.760000 0.279600
vn 0.745300 -0.642700 -0.177400
vn 0.705900 0.508700 -0.492900
vn -0.390400 0.674200 -0.626900
vn 0.248500 0.067000 -0.966300
vn 0.233600 0.067300 -0.970000
vn 0.721100 -0.689600 0.067000
vn -0.597600 0.747900 -0.288900
vn -0.249000 0.723200 -0.644200
vn -0.271200 0.711300 -0.648400
vn 0.162400 0.035700 -0.986100
vn -0.082700 -0.003900 -0.996600
vn -0.444500 0.853600 -0.271400
vn -0.428600 0.868900 -0.247700
vn 0.501200 -0.864300 0.043400
vn 0.484300 -0.870200 -0.090600
vn -0.419400 0.881800 -0.215600
vn -0.580500 0.777800 -0.240900
vn 0.145700 -0.350400 -0.925200
vn 0.445200 -0.894400 -0.043300
vn 0.634600 -0.729200 0.256200
vn 0.476700 -0.870600 -0.122100
vn -0.160200 -0.168000 -0.972700
vn -0.168700 -0.043200 0.984700
vn 0.412600 -0.892000 -0.184700
vn -0.152900 -0.152900 -0.976300
vn 0.442900 -0.819100 -0.364500
vn -0.199100 -0.175600 -0.964100
vn 0.769600 -0.619700 0.153900
vn 0.724400 0.463200 0.510600
vn 0.444800 -0.721100 -0.531200
vn 0.319900 0.225100 -0.920300
vn 0.860800 -0.507100 -0.043200
vn 0.865500 0.415000 0.280600
vn 0.302700 -0.931800 -0.200500
vn 0.090400 0.051100 -0.994600
vn -0.216400 0.948300 -0.232200
vn 0.082100 -0.965700 -0.246300
vn -0.003900 0.027500 -0.999600
vn -0.296200 0.770200 -0.564800
vn 0.113800 -0.993100 -0.027500
vn 0.538800 -0.145500 -0.829800
vn -0.381900 0.578800 -0.720500
vn 0.825300 -0.564700 -0.004000
vn 0.982600 -0.090800 0.161800
vn 0.090900 0.090900 -0.991700
vn -0.176900 0.680100 -0.711500
vn -0.254600 0.889300 -0.380000
vn 0.262100 0.841000 -0.473300
vn 0.587100 0.201000 -0.784200
vn 0.428600 0.247700 -0.868900
vn 0.161400 0.736100 -0.657400
vn -0.019700 0.759900 -0.649700
vn -0.233900 -0.043600 0.971300
vn 0.138100 -0.027600 -0.990000
vn -0.011700 0.943000 -0.332600
vn 0.074700 0.743300 -0.664700
vn 0.035500 0.909800 -0.413500
vn 0.043300 0.759400 -0.649200
vn -0.035500 0.011900 -0.999300
vn 0.202200 -0.019900 0.979100
vn -0.027400 0.741300 -0.670700
vn -0.351400 0.019800 -0.936000
vn 0.011700 0.880700 -0.473600
vn -0.027500 0.695000 -0.718500
vn 0.011800 0.649800 -0.760000
vn -0.416700 0.019900 -0.908800
vn 0.192300 0.875400 -0.443600
vn 0.137500 0.970000 -0.200300
vn -0.521100 -0.850200 0.074500
vn 0.449900 0.848800 -0.277700
vn 0.067100 0.635200 -0.769400
vn -0.400600 0.011900 -0.916200
vn -0.367900 0.004000 -0.929800
vn 0.558700 0.824500 -0.089900
vn 0.051200 0.665700 -0.744500
vn -0.328000 -0.011800 -0.944600
vn -0.747000 -0.645200 -0.160400
vn 0.497900 0.866500 0.035300
vn -0.794300 -0.551700 -0.254300
vn -0.552400 -0.527800 -0.645200
vn -0.614500 -0.763200 -0.199600
vn -0.417600 -0.901600 -0.113200
vn 0.035300 0.702700 -0.710600
vn -0.027500 0.726200 -0.686900
vn -0.313800 -0.011900 -0.949400
vn 0.301800 0.944600 0.129300
vn -0.129600 0.750300 -0.648200
vn -0.280500 0.003900 -0.959900
vn -0.177800 0.027600 -0.983700
vn 0.097900 0.990400 0.097900
vn -0.192800 0.775000 -0.601900
vn -0.067000 0.035400 -0.997100
vn -0.098200 0.994200 0.043200
vn -0.200600 0.790800 -0.578300
vn -0.161400 0.799300 -0.578800
vn 0.003900 0.027600 -0.999600
vn 0.176400 -0.984100 -0.019600
vn 0.059000 0.790500 -0.609600
vn 0.145800 -0.004000 -0.989300
vn -0.232300 0.019700 0.972400
vn -0.161200 0.986900 0.011800
vn 0.192100 0.764400 -0.615400
vn 0.248900 -0.027700 -0.968100
vn 0.090200 -0.812000 -0.576700
vn 0.058700 0.998200 -0.011700
vn 0.074400 -0.809300 -0.582600
vn 0.317100 0.747800 -0.583400
vn 0.256300 -0.035500 -0.966000
vn -0.082100 -0.996400 0.019500
vn 0.357300 0.734300 -0.577200
vn 0.272900 -0.043500 -0.961100
vn -0.207700 -0.975900 0.066600
vn 0.271100 0.954800 -0.121800
vn 0.287800 0.737300 -0.611200
vn 0.232100 -0.043300 -0.971700
vn 0.231100 0.959600 -0.160600
vn 0.152900 0.733200 -0.662600
vn 0.130300 -0.035600 -0.990800
vn 0.019800 -0.019800 -0.999600
vn 0.129000 0.981000 -0.144600
vn 0.003900 0.703200 -0.711000
vn -0.091200 -0.011900 -0.995800
vn 0.027500 0.994000 -0.106100
vn -0.105900 0.662800 -0.741300
vn -0.177800 -0.011900 -0.984000
vn -0.177500 0.642700 -0.745300
vn 0.979700 0.003900 -0.200600
vn 0.003900 -0.995900 0.090500
vn -0.011800 0.996500 -0.082700
vn -0.206900 -0.722300 -0.659900
vn -0.348900 0.019600 -0.936900
vn -0.254400 0.019600 -0.966900
vn -0.137300 -0.749600 -0.647500
vn -0.074200 -0.815700 -0.573700
vn -0.113900 0.011800 -0.993400
vn -0.089700 -0.885300 -0.456300
vn -0.113300 -0.918400 -0.379100
vn 0.153400 -0.027500 -0.987800
vn 0.254500 -0.019600 -0.966900
vn -0.090000 -0.903700 -0.418600
vn -0.003900 -0.854700 -0.519100
vn 0.285600 -0.011700 -0.958300
vn 0.271100 -0.011700 -0.962500
vn 0.105400 -0.800700 -0.589700
vn 0.097900 -0.794800 -0.599000
vn 0.223200 -0.003900 -0.974800
vn 0.066500 0.011800 -0.997700
vn -0.136900 0.043100 -0.989600
vn 0.082200 -0.802400 -0.591100
vn 0.168600 -0.058800 0.983900
vn -0.027500 -0.767000 -0.641100
vn -0.215300 0.058800 -0.974800
vn -0.270800 0.043200 -0.961700
vn -0.223200 -0.685300 -0.693200
vn 0.294800 -0.035300 0.954900
vn -0.380900 -0.600800 -0.702900
vn 0.292700 -0.019500 0.956000
vn -0.465400 -0.551500 -0.692300
vn -0.355800 -0.004000 -0.934500
vn -0.683700 -0.535200 -0.496200
vn -0.504100 -0.011800 -0.863600
vn -0.807900 -0.004000 -0.589300
vn -0.911700 0.003900 -0.410800
vn -0.899900 0.003900 -0.436200
vn -0.769300 -0.550600 -0.324100
vn -0.718600 -0.663500 -0.208100
vn -0.943100 -0.004000 -0.332600
vn -0.457100 0.066400 -0.886900
vn -0.512900 -0.841800 -0.168300
vn -0.561700 -0.781700 -0.271000
vn -0.237900 -0.955300 -0.175500
vn 0.350300 -0.877800 -0.326700
vn 0.854200 -0.255900 -0.452700
vn -0.270100 -0.943500 -0.191800
vn 0.404500 -0.875800 -0.263100
vn 0.920000 -0.256700 -0.296200
vn -0.247400 -0.938800 -0.239600
vn 0.420200 -0.891600 -0.168900
vn 0.961300 -0.257200 -0.098900
vn 0.297200 0.297200 0.907400
vn 0.297200 0.297100 0.907400
vn 0.250000 0.472200 0.845300
vn 0.209800 -0.003900 0.977700
vn 0.170600 0.519700 0.837100
vn 0.122600 -0.003900 0.992500
vn 0.051300 -0.003900 0.998700
vn 0.297700 0.472300 0.829600
vn 0.392100 0.906900 0.154500
vn 0.099300 0.560200 0.822400
vn 0.938700 -0.004000 0.344600
vn 0.353200 0.932500 0.075400
vn -0.273000 -0.961400 0.035600
vn -0.280000 -0.705900 0.650700
vn -0.336500 -0.764100 0.550300
vn 0.413800 -0.004000 -0.910400
vn -0.302100 0.003900 0.953300
vn -0.224200 -0.656900 0.719800
vn -0.239800 0.003900 0.970800
vn -0.216600 -0.649800 0.728600
vn -0.202100 -0.978700 0.035700
vn -0.398600 -0.840500 0.367000
vn 0.258000 0.892900 0.369100
vn -0.161900 -0.983300 -0.082900
vn 0.163100 0.958300 0.234600
vn -0.517000 -0.769500 0.374900
vn 0.703200 -0.003900 -0.711000
vn 0.730400 -0.004000 -0.683000
vn -0.043500 0.858800 0.510500
vn -0.500200 -0.791700 0.350600
vn 0.821600 -0.003900 -0.570000
vn -0.003900 0.942200 0.335100
vn 0.083000 0.968800 0.233300
vn -0.543000 -0.796600 0.265500
vn 0.581900 0.787800 -0.201900
vn 0.892100 -0.003900 -0.451900
vn 0.812600 -0.003900 0.582800
vn 0.169800 0.967800 0.185700
vn -0.343800 0.660000 0.667900
vn -0.522600 -0.003900 0.852600
vn 0.114600 0.975900 0.185700
vn -0.327700 0.635700 0.698900
vn -0.486300 -0.003900 0.873800
vn -0.320500 0.629000 0.708200
vn -0.304600 0.637000 0.708200
vn -0.429800 -0.003900 0.902900
vn -0.404300 -0.003900 0.914600
vn -0.280200 0.666800 0.690500
vn -0.368000 -0.003900 0.929800
vn -0.249300 0.668800 0.700400
vn -0.169700 0.595700 0.785100
vn 0.106900 0.004000 -0.994300
vn -0.082800 0.793000 0.603600
vn -0.067300 0.685400 0.725000
vn -0.035600 -0.004000 0.999400
vn -0.011900 0.885500 0.464600
vn 0.051600 0.964800 0.258100
vn -0.027800 0.915900 0.400500
vn -0.043400 0.998100 -0.043400
vn -0.019800 0.653600 0.756600
vn -0.027800 0.908600 0.416600
vn 0.059000 -0.996000 0.066900
vn -0.004000 0.920400 0.391100
vn -0.035500 0.997600 -0.059100
vn 0.011800 0.628000 0.778100
vn 0.011900 -0.003900 0.999900
vn 0.011900 0.923100 0.384300
vn 0.011800 -0.999500 0.027700
vn -0.011800 0.923100 0.384300
vn -0.019700 0.587800 0.808700
vn -0.027700 -0.003900 0.999600
vn -0.035700 0.922600 0.384100
vn -0.035700 0.582400 0.812200
vn 0.091300 -0.003900 0.995800
vn 0.059400 0.914600 0.399900
vn 0.074900 0.595200 0.800100
vn -0.019700 0.902700 0.429700
vn -0.035700 0.614100 0.788400
vn -0.043500 -0.003900 0.999000
vn -0.114600 0.596700 0.794300
vn -0.138100 -0.003900 0.990400
vn -0.098800 0.897000 0.430700
vn -0.027700 0.596600 0.802100
vn 0.035600 0.003900 -0.999400
vn -0.027600 0.902600 0.429600
vn 0.106800 0.597200 0.795000
vn -0.027600 0.998300 0.051300
vn 0.091000 0.897700 0.431100
vn 0.043500 0.897500 0.438900
vn 0.051700 0.599800 0.798400
vn 0.043400 0.997300 0.059100
vn -0.059200 0.896800 0.438500
vn -0.075000 0.903500 0.422100
vn 0.074800 -0.996800 -0.027600
vn -0.941800 0.050800 -0.332200
vn -0.128900 -0.839800 -0.527300
vn -0.923500 0.043200 -0.381200
vn -0.223200 -0.833800 -0.505000
vn -0.872000 0.027300 -0.488800
vn -0.176600 -0.882700 -0.435500
vn 0.444400 -0.869300 -0.216300
vn 0.484700 -0.831400 -0.271900
vn 0.019700 -0.875500 -0.482800
vn -0.176400 -0.929000 -0.325400
vn 0.547300 -0.799300 -0.248100
vn -0.239600 -0.946500 -0.216000
vn 0.263800 -0.964600 -0.003900
vn -0.403500 -0.889200 -0.215500
vn -0.106200 0.986900 -0.121900
vn 0.105600 0.974200 -0.199500
vn -0.648900 0.051200 -0.759100
vn -0.438600 0.770600 -0.462300
vn -0.762600 -0.395000 -0.512300
vn -0.483900 0.358000 -0.798600
vn 0.348400 0.904300 -0.246600
vn -0.788500 -0.325600 -0.521800
vn -0.459600 0.357500 -0.813000
vn -0.733200 -0.670500 -0.113700
vn -0.803800 -0.286200 -0.521500
vn -0.348500 0.395500 -0.849800
vn -0.798500 -0.588100 -0.128500
vn -0.786300 -0.293400 -0.543800
vn 0.216300 -0.428800 0.877100
vn 0.145400 -0.444000 0.884200
vn -0.834700 -0.529000 -0.152800
vn -0.752500 -0.362600 -0.549800
vn -0.826700 -0.528900 -0.192000
vn -0.754800 -0.614000 -0.230700
vn -0.698800 -0.550500 -0.456800
vn -0.620500 -0.534700 -0.573700
vn -0.598200 -0.778100 -0.191600
vn -0.473600 -0.716200 -0.512700
vn -0.347100 -0.916500 -0.198800
vn -0.316400 -0.933600 -0.168000
vn 0.483100 0.852300 -0.200300
vn -0.613900 -0.739000 0.277600
vn 0.681200 0.673300 -0.287400
vn 0.372800 0.624000 -0.686800
vn 0.709800 0.647000 -0.278400
vn 0.319000 0.586800 -0.744300
vn 0.667600 0.691000 -0.277200
vn 0.318600 0.578100 -0.751200
vn 0.553400 0.773100 -0.310000
vn 0.278900 0.608900 -0.742600
vn 0.176800 0.672000 -0.719100
vn -0.432400 0.043600 -0.900600
vn -0.390900 0.027700 -0.920000
vn -0.501500 0.027700 -0.864700
vn -0.568400 -0.004000 -0.822700
vn -0.075400 -0.353100 -0.932500
vn -0.035400 0.759600 -0.649400
vn -0.240500 0.784500 -0.571600
vn -0.602600 0.720700 -0.342600
vn 0.372000 -0.920200 -0.121400
vn 0.729700 -0.643000 0.232700
vn 0.818500 -0.557500 0.138400
vn 0.863900 -0.501000 0.051300
vn 0.870200 -0.492200 -0.019700
vn 0.856000 -0.508900 0.090700
vn 0.569200 -0.820600 0.051000
vn 0.840500 -0.509100 0.185500
vn 0.994200 -0.083200 0.067400
vn 0.960600 -0.138400 0.241100
vn -0.136800 -0.981100 -0.136800
vn 0.050800 -0.989300 -0.136900
vn -0.583200 -0.810200 0.058700
vn -0.858300 -0.152800 -0.489900
vn 0.207900 0.937600 -0.278500
vn -0.583300 -0.794700 0.168300
vn 0.537900 0.820700 -0.192500
vn -0.903800 0.035200 -0.426500
vn 0.176800 0.829100 -0.530400
vn -0.365800 0.885200 -0.287300
vn -0.545800 -0.757900 0.357400
vn -0.066900 0.783300 -0.618000
vn 0.497900 0.858700 -0.121600
vn -0.962000 0.035300 -0.270900
vn 0.774200 0.019700 -0.632700
vn -0.074700 0.829100 -0.554100
vn -0.535000 -0.035700 -0.844100
vn 0.777200 -0.224900 -0.587700
vn -0.820500 -0.569300 -0.051000
vn -0.984800 0.137300 -0.105900
vn -0.771600 -0.622800 -0.129300
vn -0.982600 0.152700 0.105700
vn 0.316400 0.925800 -0.207000
vn 0.562200 0.806100 -0.184800
vn -0.421300 0.815100 -0.397700
vn -0.573300 0.691900 -0.438900
vn 0.861300 -0.389400 0.326400
vn -0.548300 0.721900 -0.422100
vn 0.822100 -0.491700 0.287200
vn 0.616300 -0.765600 0.184500
vn 0.878100 -0.476500 0.043300
vn 0.572400 0.454000 0.682900
vn 0.027600 0.035500 -0.999000
vn 0.649000 -0.743500 -0.161300
vn -0.089800 -0.995600 -0.027300
vn -0.097700 -0.926400 -0.363500
vn -0.691500 -0.660300 -0.293000
vn -0.928300 0.105800 0.356500
vn -0.731000 -0.668500 -0.136800
vn -0.964800 -0.261700 0.027300
vn -0.767200 -0.004000 0.641300
vn 0.671700 0.483100 -0.561700
vn -0.861600 -0.004000 0.507500
vn 0.441800 0.809300 -0.387100
vn -0.741300 -0.482400 0.466700
vn -0.930900 -0.004000 0.365300
vn 0.437400 0.831400 -0.342800
vn 0.090300 0.993700 -0.066800
vn 0.051100 0.988000 -0.145700
vn -0.832500 -0.418200 0.363500
vn -0.887200 -0.004000 0.461400
vn 0.480300 0.823900 -0.300700
vn -0.804500 -0.427800 0.412100
vn 0.043100 0.984700 -0.168700
vn -0.724900 -0.411400 0.552500
vn -0.715000 -0.004000 0.699200
vn -0.726300 -0.396600 0.561400
vn -0.982900 -0.003800 0.184000
vn -0.691300 -0.714800 0.105400
vn -0.679000 -0.733900 0.019600
vn -0.380100 -0.458500 -0.803300
vn -0.505000 -0.481500 -0.716300
vn -0.261800 -0.004000 -0.965100
vn -0.715300 -0.676300 0.175900
vn -0.898300 -0.411900 -0.153000
vn -0.967100 -0.003900 -0.254500
vn 0.457400 0.871700 -0.175900
vn -0.950100 -0.301100 -0.082100
vn -0.997800 -0.004000 -0.066500
vn -0.986900 -0.004000 -0.161200
vn -0.569800 -0.821300 -0.027500
vn -0.583000 -0.802100 -0.129100
vn -0.942100 -0.285400 -0.175900
vn -0.999900 -0.004000 0.011800
vn -0.943100 -0.332600 -0.003900
vn -0.896800 -0.003900 0.442500
vn -0.640700 -0.766500 -0.043300
vn -0.820200 -0.419900 0.388500
vn -0.831400 -0.004000 0.555600
vn 0.546200 0.797700 -0.255400
vn -0.731800 -0.504800 0.457900
vn -0.704700 -0.570900 0.421300
vn 0.412200 0.883200 -0.223800
vn -0.724500 -0.599200 0.340700
vn 0.270900 0.962000 -0.035300
vn -0.740500 -0.583800 0.333000
vn -0.811600 -0.004000 0.584200
vn -0.011700 0.999000 -0.043100
vn 0.708700 0.536400 -0.458100
vn 0.027400 -0.999000 -0.035300
vn -0.231900 -0.955000 -0.184700
vn 0.586500 0.523500 -0.618000
vn -0.649800 -0.004000 0.760100
vn 0.341300 0.929900 0.137300
vn -0.191400 -0.973000 -0.129000
vn 0.398100 0.524200 -0.752800
vn 0.407200 0.004000 -0.913300
vn 0.308100 0.947800 0.081900
vn 0.233200 0.525600 -0.818100
vn 0.193100 0.004000 -0.981200
vn 0.302000 0.952900 0.027400
vn -0.332600 -0.942900 0.019500
vn -0.277300 -0.519400 -0.808300
vn -0.239800 -0.004000 -0.970800
vn -0.081900 -0.550100 -0.831100
vn -0.011800 -0.004000 -0.999900
vn 0.089800 -0.581800 -0.808300
vn 0.193100 -0.004000 -0.981200
vn 0.152300 -0.589900 -0.793000
vn 0.302100 -0.004000 -0.953300
vn 0.293900 -0.623000 -0.724900
vn 0.436200 -0.004000 -0.899900
vn 0.781300 0.003900 0.624200
vn -0.300700 -0.925500 -0.230400
vn -0.740800 -0.638800 0.207700
vn -0.962500 -0.004000 0.271100
vn -0.947900 -0.004000 0.318600
vn -0.082200 -0.982300 -0.168300
vn -0.727300 -0.648700 0.224100
vn 0.137700 -0.987600 -0.074700
vn 0.253900 0.964900 -0.066400
vn 0.113800 0.992900 -0.035300
vn -0.716000 -0.669000 0.199500
vn -0.953300 -0.003900 0.302100
vn -0.261800 -0.964900 -0.019500
vn -0.738500 -0.660300 0.136700
vn -0.974800 -0.004000 0.223100
vn -0.770300 -0.637300 0.019600
vn -0.993500 -0.004000 0.113900
vn -0.105900 -0.977100 -0.184400
vn -0.780000 -0.615400 -0.113700
vn -0.999600 -0.004000 -0.027500
vn -0.074500 -0.952900 -0.294100
vn -0.772800 -0.584500 -0.247200
vn -0.984300 -0.004000 -0.176500
vn 0.106100 0.003900 0.994300
vn -0.051100 -0.923100 -0.381000
vn -0.019600 -0.904200 -0.426600
vn 0.622100 -0.598600 -0.504700
vn 0.841000 -0.004000 -0.540900
vn 0.748900 -0.004000 -0.662700
vn 0.545000 -0.623400 -0.560700
vn 0.722700 -0.004000 -0.691100
vn 0.499800 -0.665100 -0.554900
vn 0.760100 -0.003900 -0.649800
vn 0.498100 -0.709900 -0.498100
vn -0.137000 -0.003800 -0.990600
vn -0.152900 -0.984100 -0.090200
vn 0.467500 -0.781800 -0.412500
vn 0.011700 -0.948600 -0.316200
vn -0.449300 -0.785300 -0.425900
vn 0.699300 0.003900 0.714900
vn 0.153400 -0.987800 -0.027500
vn -0.161000 0.985600 0.051100
vn 0.739800 -0.668600 0.075200
vn -0.451600 -0.750100 -0.483100
vn -0.606800 -0.003900 -0.794800
vn 0.144700 -0.982000 -0.121300
vn -0.409600 -0.721800 -0.557900
vn -0.433100 -0.003900 -0.901300
vn 0.160900 -0.969600 -0.184500
vn 0.808800 -0.477400 0.343300
vn -0.301800 -0.678000 -0.670200
vn 0.803100 -0.502400 0.320400
vn 0.929800 -0.004000 0.368000
vn 0.906000 -0.004000 0.423300
vn 0.996600 -0.004000 0.082700
vn 0.996600 -0.004000 -0.082700
vn 0.801000 -0.501100 0.327500
vn 0.901400 -0.004000 0.432900
vn 0.768600 -0.524300 0.366600
vn 0.868500 -0.004000 0.495700
vn 0.191600 -0.950100 -0.246300
vn -0.724100 0.518300 -0.455000
vn 0.791900 -0.004000 0.610700
vn 0.927100 -0.004000 -0.374800
vn 0.254100 -0.926500 -0.277500
vn -0.168600 -0.631400 -0.756900
vn 0.254500 0.003900 0.967100
vn 0.862100 -0.500000 -0.082700
vn 0.889200 -0.430800 -0.154100
vn 0.985400 -0.004000 -0.170200
vn 0.412100 -0.906700 -0.090300
vn 0.867200 -0.427700 -0.255100
vn 0.957700 -0.004000 -0.287700
vn 0.482700 -0.867300 -0.121700
vn 0.633400 -0.649200 -0.421000
vn -0.837500 0.003900 0.546500
vn -0.670900 -0.004000 -0.741500
vn 0.357600 -0.915400 -0.184700
vn -0.074500 -0.992400 -0.098100
vn -0.090300 -0.977200 -0.192300
vn 0.358000 -0.916800 -0.177100
vn -0.058600 -0.987800 -0.144500
vn -0.011800 -0.999900 -0.011800
vn 0.435100 -0.889800 -0.137200
vn 0.442400 -0.880900 -0.168300
vn 0.782400 -0.617200 -0.082500
vn -0.386900 -0.582200 -0.715100
vn -0.537400 -0.004000 -0.843300
vn -0.253300 -0.627300 -0.736400
vn 0.461700 -0.872100 -0.161800
vn -0.136800 -0.582400 -0.801300
vn -0.372000 -0.004000 -0.928200
vn 0.452200 -0.869100 -0.200600
vn -0.019500 -0.542800 -0.839600
vn 0.199100 0.003900 0.980000
vn 0.947900 -0.003900 -0.318600
vn 0.427200 -0.874100 -0.231300
vn 0.785800 -0.485700 0.383000
vn 0.838700 0.004000 0.544600
vn 0.916200 -0.004000 0.400600
vn 0.823900 -0.492800 0.279900
vn 0.949500 -0.004000 0.313800
vn 0.831400 -0.508300 0.224600
vn 0.979300 -0.004000 0.202200
vn 0.886100 -0.445000 0.129900
vn 0.998700 -0.004000 -0.051300
vn 0.993400 -0.004000 -0.114800
vn 0.805800 -0.577800 -0.129700
vn 0.997700 -0.004000 -0.067000
vn 0.476100 -0.877400 -0.059000
vn 0.838700 -0.539400 -0.074800
vn 0.999000 -0.004000 -0.043400
vn 0.861100 -0.507200 -0.035400
vn 0.989300 -0.004000 -0.145900
vn 0.498200 -0.867000 0.011800
vn 0.863600 -0.492900 -0.106500
vn 0.011800 0.991500 -0.129400
vn 0.507500 -0.861600 -0.003900
vn 0.797700 -0.491200 -0.349700
vn 0.808900 -0.004000 -0.587900
vn 0.465800 -0.872900 -0.144800
vn 0.511300 0.808000 -0.292700
vn 0.403800 -0.866300 -0.294000
vn 0.709800 -0.490200 -0.505900
vn 0.741500 -0.004000 -0.670900
vn 0.388500 -0.820200 -0.419900
vn 0.514100 -0.655400 -0.553300
vn 0.642300 -0.492600 -0.587200
vn 0.695200 -0.004000 -0.718800
vn 0.601500 -0.507200 -0.617200
vn 0.632800 -0.004000 -0.774300
vn 0.444300 -0.727400 -0.522900
vn 0.482200 -0.631100 -0.607600
vn 0.427500 -0.647000 -0.631400
vn 0.546600 -0.538800 -0.641000
vn 0.427700 -0.569000 -0.702400
vn 0.404100 -0.576600 -0.710100
vn 0.421300 -0.570900 -0.704700
vn 0.507500 -0.004000 -0.861600
vn 0.310000 -0.584800 -0.749600
vn 0.310100 -0.584800 -0.749600
vn 0.310000 -0.749600 -0.584800
vn 0.381500 -0.003900 -0.924300
vn 0.247200 -0.004000 -0.969000
vn 0.153200 -0.538100 -0.828800
vn 0.090600 -0.004000 -0.995900
vn 0.066400 -0.644500 -0.761700
vn 0.066700 -0.631400 -0.772600
vn 0.193200 -0.735700 -0.649200
vn 0.035100 -0.542600 -0.839200
vn 0.035300 -0.004000 -0.999400
vn 0.238700 -0.943200 -0.230900
vn 0.191900 -0.920400 -0.340700
vn 0.058700 -0.935500 -0.348400
vn 0.003900 -0.584200 -0.811600
vn 0.027300 -0.940200 -0.339400
vn 0.019600 -0.593000 -0.805000
vn 0.011800 -0.004000 -0.999900
vn -0.028300 0.996200 -0.082700
vn 0.058800 -0.592000 -0.803800
vn 0.066500 -0.004000 -0.997800
vn 0.121600 -0.004000 -0.992600
vn 0.027400 -0.950700 -0.309000
vn 0.050800 -0.949800 -0.308800
vn 0.114200 -0.578900 -0.807300
vn 0.160500 -0.552000 -0.818200
vn 0.161200 -0.004000 -0.986900
vn 0.098100 -0.945700 -0.310000
vn 0.090200 -0.529600 -0.843400
vn 0.090500 -0.004000 -0.995900
vn 0.152400 -0.933600 -0.324200
vn 0.090100 -0.935900 -0.340600
vn -0.066500 -0.536200 -0.841500
vn -0.066500 -0.004000 -0.997800
vn -0.058700 -0.935500 -0.348300
vn 0.019600 -0.551900 -0.833700
vn 0.019600 -0.004000 -0.999800
vn -0.074700 -0.939600 -0.334200
vn 0.011700 -0.551900 -0.833800
vn 0.019500 -0.942900 -0.332500
vn 0.003900 -0.943000 -0.332600
vn 0.019500 -0.542800 -0.839600
vn 0.011800 -0.939600 -0.342000
vn 0.051000 -0.545800 -0.836400
vn 0.050900 -0.004000 -0.998700
vn -0.168900 -0.004000 -0.985600
vn 0.043000 -0.933700 -0.355500
vn -0.011800 0.998600 -0.050900
vn -0.035200 0.998500 -0.043100
vn -0.066700 -0.922300 -0.380700
vn -0.003900 0.998300 -0.058700
vn 0.074200 0.996900 -0.027400
vn 0.019600 -0.998100 0.058700
vn -0.003900 0.904400 -0.426700
vn -0.019600 0.904200 -0.426700
vn 0.074800 0.995500 -0.059000
vn -0.011800 0.907300 -0.420300
vn -0.011800 0.610600 -0.791900
vn -0.027500 0.907000 -0.420100
vn -0.019700 0.610500 -0.791700
vn -0.035600 0.605300 -0.795200
vn 0.074700 0.907800 -0.412600
vn -0.043400 0.004000 -0.999000
vn -0.019800 0.004000 -0.999800
vn 0.091200 0.004000 -0.995800
vn -0.011800 0.004000 -0.999900
vn 0.082800 0.603600 -0.793000
vn -0.019700 0.619300 -0.784900
vn 0.067100 0.604300 -0.793900
vn 0.074700 0.617700 -0.782900
vn 0.067000 0.004000 -0.997700
vn 0.074400 0.904900 -0.419100
vn 0.059400 0.613400 -0.787500
vn 0.051300 0.912100 -0.406800
vn -0.050900 -0.997800 0.043000
vn -0.074700 0.907800 -0.412600
vn -0.082500 0.608600 -0.789200
vn -0.099100 0.004000 -0.995100
vn -0.082600 0.995600 -0.043300
vn -0.137200 0.889900 -0.435100
vn -0.153500 0.602300 -0.783400
vn -0.137800 0.988200 -0.066900
vn -0.098100 0.882900 -0.459100
vn -0.106400 0.611000 -0.784400
vn -0.059100 0.618300 -0.783700
vn -0.090200 0.991800 -0.090200
vn -0.051200 0.886100 -0.460700
vn -0.043200 0.994200 -0.098200
vn -0.043300 0.665900 -0.744700
vn -0.027600 0.996200 -0.082700
vn -0.011800 0.892000 -0.451900
vn -0.106200 0.924600 -0.365900
vn -0.075000 0.572100 -0.816800
vn 0.035500 0.004000 -0.999400
vn 0.168800 -0.985600 0.011800
vn -0.168900 0.915400 -0.365400
vn -0.193000 0.980600 -0.035400
vn -0.003900 0.507500 -0.861600
vn -0.074800 0.862600 -0.500300
vn -0.153300 0.970800 -0.184700
vn -0.090700 0.831700 -0.547800
vn -0.027700 0.636400 -0.770800
vn -0.011800 0.649800 -0.760000
vn -0.067000 0.626600 -0.776400
vn -0.161500 0.831200 -0.531900
vn -0.224600 0.618700 -0.752800
vn 0.003900 0.311500 -0.950200
vn -0.586600 -0.617900 0.523500
vn -0.293100 -0.770000 -0.566700
vn -0.222800 -0.848100 -0.480700
vn -0.294000 -0.866400 -0.403700
vn -0.379800 -0.544300 -0.748000
vn -0.788200 -0.576400 0.215600
vn -0.464300 -0.011800 -0.885600
vn -0.184100 -0.912900 -0.364300
vn -0.388600 -0.577000 -0.718300
vn -0.426100 -0.371500 -0.824900
vn -0.137000 -0.943600 -0.301500
vn -0.300200 -0.682200 -0.666700
vn -0.207100 -0.699500 -0.683900
vn -0.427700 -0.255100 -0.867200
vn -0.035100 -0.980900 -0.191500
vn -0.074400 -0.779100 -0.622500
vn -0.121700 0.813000 -0.569400
vn -0.051100 -0.860500 -0.506800
vn -0.129200 0.990700 -0.043100
vn -0.316300 -0.394300 -0.862800
vn -0.129900 0.901300 -0.413300
vn 0.521700 0.843300 -0.129400
vn -0.130300 0.217200 -0.967400
vn -0.224400 0.689100 -0.689100
vn -0.256000 0.626200 -0.736500
vn -0.224700 -0.043300 -0.973500
vn -0.153500 0.972100 -0.177200
vn -0.287700 0.571500 -0.768500
vn -0.319900 -0.082900 -0.943800
vn -0.415800 -0.067300 -0.906900
vn -0.113200 -0.924900 -0.362900
vn -0.098000 0.968000 -0.231200
vn -0.279600 0.586700 -0.760000
vn -0.027400 0.968600 -0.247000
vn -0.200000 -0.937100 -0.286200
vn -0.404300 -0.420000 -0.812500
vn -0.247500 0.593200 -0.766100
vn 0.058900 0.938000 -0.341500
vn -0.357800 -0.900400 -0.247700
vn -0.504900 -0.403200 -0.763200
vn -0.483100 -0.844400 -0.231700
vn -0.207200 -0.394800 -0.895100
vn -0.186000 0.542300 -0.819300
vn -0.572900 0.051400 -0.818000
vn 0.122200 0.878900 -0.461100
vn 0.176000 0.973700 0.144700
vn 0.387900 -0.293800 -0.873600
vn 0.160900 0.827800 -0.537500
vn -0.399700 0.518500 -0.755900
vn 0.756700 -0.004000 0.653700
vn 0.239500 0.828400 -0.506400
vn 0.380300 -0.913400 -0.145100
vn 0.177600 0.548600 -0.817000
vn 0.489800 -0.850400 -0.192000
vn 0.618100 -0.169300 -0.767700
vn 0.570200 -0.790400 -0.224200
vn 0.743800 -0.122000 -0.657200
vn 0.201200 0.635200 -0.745700
vn 0.632000 -0.741900 -0.223800
vn 0.271900 0.737000 -0.618800
vn 0.670000 -0.717100 -0.192000
vn 0.920600 -0.075100 -0.383200
vn 0.364500 0.819100 -0.442900
vn 0.687700 -0.711300 -0.145400
vn -0.364000 -0.082200 -0.927800
vn 0.490900 0.868000 -0.074600
vn 0.449100 0.863200 -0.230400
vn -0.999800 0.019600 -0.003900
vn -0.986000 0.043200 0.161100
vn -0.922600 0.098100 0.373000
vn -0.815800 0.185200 0.547800
vn -0.686300 0.725500 -0.051000
vn -0.690500 0.280200 0.666800
vn -0.642200 0.350700 0.681600
vn -0.659000 0.737900 -0.146000
vn -0.998500 -0.019500 -0.050800
vn -0.858200 -0.003900 -0.513400
vn -0.899900 -0.003900 -0.436200
vn 0.239700 0.954600 -0.176800
vn -0.872600 -0.317000 -0.371700
vn -0.620100 0.470100 -0.628100
vn 0.208400 0.916300 -0.342100
vn -0.904300 -0.348400 -0.246600
vn -0.934500 -0.004000 -0.355800
vn -0.636600 0.446800 -0.628600
vn 0.775000 -0.004000 0.631900
vn 0.145300 0.899300 -0.412400
vn -0.913800 -0.404000 -0.043100
vn -0.708700 0.431500 -0.558200
vn 0.844600 -0.004000 0.535300
vn -0.904300 -0.418900 0.082200
vn -0.999600 -0.004000 -0.027400
vn 0.351600 0.003900 -0.936100
vn 0.106300 0.893300 -0.436800
vn 0.740000 -0.447100 0.502500
vn 0.885500 -0.004000 0.464600
vn -0.767200 -0.003900 0.641400
vn -0.966700 0.254300 0.027300
vn -0.674200 0.477100 0.563800
vn -0.861600 -0.003900 0.507500
vn -0.444600 0.806600 0.389500
vn -0.573700 0.819000 -0.011800
vn -0.744000 0.476400 0.468500
vn -0.930900 -0.003900 0.365300
vn -0.440200 0.828900 0.345100
vn -0.091000 0.993600 0.067300
vn -0.837900 0.405200 0.365800
vn -0.887200 -0.003900 0.461400
vn -0.483400 0.821400 0.302600
vn -0.807200 0.421300 0.413400
vn -0.043500 0.984500 0.170000
vn -0.727200 0.404900 0.554300
vn -0.715000 -0.003900 0.699200
vn -0.051600 0.987800 0.146800
vn -0.730800 0.383200 0.564900
vn -0.982900 -0.004000 0.184000
vn -0.695200 0.711000 0.106000
vn 0.682900 -0.730300 -0.019700
vn 0.381500 -0.452200 0.806200
vn 0.506900 -0.475400 0.719000
vn 0.261800 0.003900 0.965100
vn -0.719100 0.672000 0.176900
vn -0.901200 0.405400 -0.153500
vn -0.460500 0.869800 0.177100
vn -0.952300 0.293900 -0.082400
vn -0.997800 -0.003900 -0.066500
vn -0.986900 -0.003900 -0.161200
vn -0.573500 0.818700 -0.027700
vn 0.586700 -0.799300 0.129900
vn -0.944200 0.278200 -0.176300
vn -0.999900 -0.003900 0.011800
vn -0.618200 0.760000 -0.200800
vn -0.945500 0.325600 -0.003900
vn -0.644600 0.763300 -0.043500
vn 0.090900 -0.976800 0.193800
vn -0.822900 0.413400 0.389800
vn -0.831400 -0.003900 0.555600
vn -0.549700 0.794900 0.257000
vn -0.734700 0.498900 0.459700
vn 0.011800 0.999000 0.043400
vn -0.707900 0.565500 0.423200
vn -0.415000 0.881500 0.225300
vn -0.272900 0.961400 0.035600
vn -0.727900 0.594100 0.342300
vn -0.747300 0.573300 0.336100
vn -0.811600 -0.003900 0.584200
vn -0.233600 0.954300 -0.186100
vn -0.714300 0.532700 0.453800
vn -0.588900 0.517800 0.620500
vn -0.649800 -0.003900 0.760100
vn 0.343800 -0.928800 0.138300
vn 0.185300 -0.974000 0.130100
vn -0.295300 -0.618200 0.728400
vn 0.310400 -0.947000 0.082500
vn -0.399700 0.518500 0.755900
vn -0.407200 -0.003900 0.913300
vn -0.154000 -0.588400 0.793800
vn -0.234100 0.519900 0.821500
vn -0.193100 -0.003900 0.981200
vn 0.304200 -0.952200 0.027700
vn 0.335100 -0.942000 -0.019700
vn 0.278400 -0.513600 0.811600
vn 0.239800 0.003900 0.970800
vn 0.082300 -0.544700 0.834600
vn 0.011800 0.003900 0.999900
vn -0.090200 -0.576600 0.812000
vn -0.193100 0.003900 0.981200
vn -0.436200 0.003900 0.899900
vn 0.781300 0.004000 0.624200
vn 0.302900 -0.924300 0.232100
vn -0.744500 0.634200 0.208800
vn -0.962500 -0.003900 0.271100
vn -0.947900 -0.003900 0.318600
vn 0.082800 -0.982000 0.169600
vn -0.731000 0.644100 0.225200
vn -0.027600 -0.999000 0.035500
vn -0.719700 0.664700 0.200600
vn -0.255800 0.964400 0.066900
vn -0.263700 0.964400 -0.019700
vn -0.742300 0.655800 0.137500
vn -0.974800 -0.003900 0.223100
vn -0.774200 0.632700 0.019600
vn -0.993500 -0.003900 0.113900
vn 0.106800 -0.976800 0.185900
vn -0.783800 0.610500 -0.114200
vn -0.999600 -0.003900 -0.027500
vn 0.075100 -0.952100 0.296300
vn 0.776400 -0.579300 0.248300
vn -0.984300 -0.003800 -0.176500
vn 0.019700 -0.902800 0.429700
vn 0.625000 0.593500 -0.507100
vn 0.841100 -0.003900 -0.540900
vn 0.748900 -0.003900 -0.662600
vn -0.547700 -0.618600 0.563400
vn 0.722700 -0.003900 -0.691100
vn -0.502400 -0.660700 0.557800
vn -0.500800 -0.705900 0.500800
vn 0.137000 0.004000 0.990600
vn 0.154100 -0.983900 0.090900
vn -0.470400 -0.778700 0.415100
vn -0.011800 -0.947800 0.318600
vn 0.452100 -0.782300 0.428500
vn -0.154600 -0.987600 0.027700
vn 0.162300 0.985400 -0.051400
vn 0.454300 -0.746700 0.485900
vn 0.606800 0.004000 0.794800
vn -0.145900 -0.981700 0.122200
vn 0.412000 -0.718000 0.561100
vn 0.433100 0.004000 0.901300
vn -0.162100 -0.969100 0.185900
vn 0.303400 -0.673800 0.673800
vn -0.193000 -0.949300 0.248200
vn 0.169500 -0.626600 0.760700
vn -0.927100 0.003900 0.374800
vn -0.256000 -0.925400 0.279600
vn 0.727100 0.512500 0.456900
vn 0.791900 -0.003900 0.610700
vn 0.868500 -0.003900 0.495700
vn 0.771800 0.518500 0.368100
vn 0.901500 -0.003900 0.432900
vn 0.804200 0.495200 0.328800
vn 0.906000 -0.003900 0.423300
vn 0.811900 0.471300 0.344600
vn 0.929800 -0.003900 0.368000
vn 0.806300 0.496400 0.321700
vn 0.743700 0.664200 0.075600
vn 0.996600 -0.003900 0.082700
vn 0.996600 -0.003900 -0.082700
vn 0.114700 -0.992800 -0.035600
vn 0.865500 0.494000 -0.083000
vn -0.138800 -0.987500 0.075300
vn 0.892200 0.424300 -0.154700
vn 0.985400 -0.003900 -0.170200
vn 0.415100 0.905200 -0.090900
vn 0.486000 0.865300 -0.122500
vn 0.870100 0.421300 -0.255900
vn 0.957700 -0.003900 -0.287700
vn 0.075100 -0.992300 0.098800
vn -0.360100 -0.914200 0.186000
vn -0.636700 -0.644600 0.423200
vn -0.670900 -0.003900 -0.741500
vn -0.360700 -0.915500 0.178300
vn 0.388600 -0.577000 0.718300
vn -0.537400 -0.003900 -0.843300
vn 0.445500 0.879100 -0.169500
vn 0.059000 -0.987600 0.145600
vn -0.011900 0.999900 -0.011900
vn -0.438200 -0.888200 0.138200
vn 0.786200 0.612300 -0.083000
vn 0.479400 0.875600 -0.059500
vn 0.809500 0.572500 -0.130300
vn 0.993400 -0.003900 -0.114800
vn 0.997700 -0.003900 -0.067000
vn 0.998700 -0.003900 -0.051300
vn 0.842300 0.533800 -0.075100
vn 0.889200 0.438600 0.130400
vn 0.979300 -0.003900 0.202200
vn 0.864500 0.501300 -0.035500
vn 0.989300 -0.003900 -0.145900
vn 0.838000 0.496400 0.226400
vn 0.949500 -0.003900 0.313900
vn -0.464900 -0.870200 0.162900
vn 0.827100 0.486800 0.281000
vn 0.916200 -0.003900 0.400600
vn 0.254500 -0.622500 0.740000
vn -0.455300 -0.867100 0.201900
vn 0.788800 0.479600 0.384500
vn -0.947900 0.004000 0.318600
vn 0.137400 -0.577200 0.805000
vn 0.372100 0.003900 0.928200
vn -0.430200 -0.872200 0.232800
vn 0.019600 -0.537300 0.843200
vn 0.501600 0.865000 0.011800
vn 0.866900 0.486900 -0.106900
vn -0.011900 0.991400 0.130400
vn 0.511000 0.859600 -0.004000
vn 0.800800 0.485200 -0.351100
vn 0.808900 -0.003900 -0.587900
vn -0.514600 0.805300 0.294600
vn -0.469000 -0.871100 0.145800
vn -0.406500 -0.864400 0.296000
vn -0.712500 -0.484200 0.507800
vn 0.741500 -0.003900 -0.670900
vn -0.391100 -0.817600 0.422600
vn -0.516700 -0.650900 0.556200
vn -0.644800 -0.486600 0.589400
vn 0.695200 -0.003900 -0.718800
vn -0.603900 -0.501300 0.619700
vn 0.632800 -0.003900 -0.774300
vn -0.446900 -0.723700 0.525900
vn -0.484500 -0.634100 0.602600
vn -0.429600 -0.642500 0.634600
vn -0.549000 -0.533100 0.643700
vn -0.427700 -0.569000 0.702400
vn -0.405900 -0.571300 0.713300
vn -0.421300 -0.570900 0.704700
vn -0.507500 0.003900 0.861600
vn -0.381500 0.004000 0.924300
vn -0.311500 -0.579600 0.753000
vn 0.452200 -0.861200 0.232000
vn 0.294900 -0.766800 0.570200
vn 0.224300 -0.845900 0.483900
vn 0.296000 -0.864400 0.406500
vn -0.114700 0.993000 -0.027700
vn 0.381500 -0.538800 0.751100
vn 0.791800 -0.571100 -0.216600
vn -0.969000 -0.004000 -0.247200
vn 0.464200 0.011600 0.885600
vn 0.184900 -0.908900 0.373700
vn 0.388200 -0.568500 0.725300
vn 0.427000 -0.348700 0.834300
vn 0.138000 -0.942700 0.303700
vn 0.209400 -0.691400 0.691400
vn 0.435700 -0.239500 0.867600
vn 0.035400 -0.979100 0.200500
vn 0.074900 -0.776000 0.626300
vn 0.123300 0.807500 0.576800
vn 0.059300 -0.858100 0.510100
vn 0.277900 -0.301500 0.912100
vn 0.138000 0.989500 0.043400
vn 0.325200 -0.380100 0.865900
vn 0.130800 0.899800 0.416200
vn 0.234400 0.687400 0.687400
vn 0.264600 0.620100 0.738600
vn 0.154700 0.971700 0.178500
vn 0.289000 0.566100 0.772000
vn 0.319600 -0.090700 0.943200
vn 0.415600 -0.075200 0.906400
vn 0.114000 -0.923800 0.365600
vn 0.098700 0.967500 0.233000
vn 0.280900 0.581500 0.763500
vn 0.027700 0.968100 0.248900
vn 0.201400 -0.936100 0.288300
vn 0.405600 -0.413500 0.815200
vn 0.248600 0.588100 0.769600
vn -0.059300 0.937100 0.344000
vn 0.360300 -0.898800 0.249500
vn 0.506500 -0.396500 0.765600
vn 0.568700 -0.372600 0.733300
vn 0.186800 0.536600 0.822900
vn 0.486300 -0.842100 0.233300
vn 0.207800 -0.388200 0.897900
vn -0.123000 0.877100 0.464300
vn -0.177300 0.973300 -0.145800
vn -0.388700 -0.286700 0.875600
vn -0.162000 0.825400 0.540900
vn 0.401300 0.512700 0.759000
vn 0.640600 -0.003900 0.767900
vn -0.241100 0.825900 0.509700
vn -0.383000 -0.912100 0.146100
vn -0.492300 -0.232400 0.838800
vn -0.178400 0.543100 0.820500
vn -0.493100 -0.848200 0.193300
vn 0.573700 0.787400 -0.225600
vn 0.744500 0.114300 -0.657800
vn -0.202200 0.630400 0.749400
vn 0.635700 0.738400 -0.225100
vn 0.857200 0.075100 -0.509500
vn -0.273500 0.733400 0.622400
vn 0.673800 0.713200 -0.193100
vn 0.921100 0.067300 -0.383500
vn -0.366800 0.816600 0.445700
vn 0.691600 0.707400 -0.146200
vn 0.494300 -0.866100 -0.075100
vn -0.452200 0.861200 0.232000
vn -0.999600 -0.027400 -0.003900
vn -0.706700 -0.644100 -0.292800
vn -0.732200 -0.646100 -0.215400
vn -0.985600 -0.051000 0.161000
vn -0.921900 -0.105900 0.372700
vn -0.725000 -0.678000 -0.121500
vn -0.814600 -0.192800 0.547000
vn -0.682400 -0.729200 -0.050700
vn -0.689000 -0.287400 0.665400
vn -0.615500 -0.788000 -0.011800
vn 0.640400 0.357500 -0.679700
vn -0.655200 -0.741400 -0.145100
vn -0.998600 0.011800 -0.050900
vn -0.858100 -0.003900 -0.513400
vn -0.241400 0.953900 0.178100
vn -0.874700 0.309900 -0.372600
vn -0.906700 0.341600 -0.247300
vn -0.934500 -0.003900 -0.355800
vn -0.209900 0.915000 0.344600
vn 0.622400 0.463900 0.630400
vn -0.916600 0.397400 -0.043200
vn 0.638800 0.440400 0.630900
vn 0.775000 -0.003900 0.631900
vn -0.146400 0.897800 0.415300
vn 0.711100 0.425000 0.560100
vn 0.844600 -0.003900 0.535300
vn -0.907300 0.412400 0.082500
vn -0.351600 -0.004000 0.936100
vn -0.107000 0.891700 0.439900
vn 0.742600 0.440800 0.504300
vn 0.885500 -0.003900 0.464600
vn 0.082800 0.209100 0.974400
vn -0.091300 -0.178500 -0.979700
vn 0.178300 0.804400 0.566600
vn 0.178000 0.810800 0.557600
vn -0.178500 -0.971700 0.154700
vn 0.178800 0.814300 0.552200
vn 0.098800 0.312300 0.944800
vn 0.242400 0.314000 0.918000
vn 0.186400 0.971500 -0.146700
vn -0.106500 -0.658400 0.745100
vn -0.098600 -0.658900 0.745700
vn 0.050900 0.035200 0.998100
vn 0.050900 0.043100 0.997800
vn -0.185300 -0.974000 0.130100
vn -0.082800 -0.643000 0.761400
vn -0.090200 -0.082400 -0.992500
vn 0.222600 0.066400 0.972600
vn -0.162300 -0.978000 0.130700
vn 0.035400 -0.657800 0.752300
vn 0.160600 -0.670000 0.724800
vn -0.381400 -0.027500 -0.924000
vn -0.154500 -0.978200 0.138600
vn 0.265000 0.802900 0.534000
vn -0.408400 -0.281600 -0.868300
vn 0.248000 -0.665100 0.704400
vn -0.504100 0.003900 -0.863600
vn 0.584200 0.003900 0.811600
vn 0.375600 0.778900 0.502200
vn 0.470900 0.755800 0.455100
vn 0.533800 0.241200 0.810500
vn 0.599600 0.202500 0.774300
vn -0.161600 -0.973500 0.161600
vn 0.318900 -0.633800 0.704700
vn -0.153700 -0.965800 0.208900
vn 0.527000 0.741000 0.416100
vn 0.536200 0.742700 0.401100
vn 0.592600 0.187000 0.783500
vn -0.130500 -0.953200 0.272900
vn 0.335000 -0.587100 0.736900
vn -0.589100 -0.027300 -0.807600
vn 0.496100 0.766000 0.408800
vn 0.558400 0.170300 0.811900
vn 0.542900 0.138700 0.828200
vn 0.326800 -0.539600 0.775900
vn -0.535900 -0.074300 -0.841000
vn -0.464100 -0.120800 -0.877500
vn -0.075000 -0.936100 0.343600
vn 0.302400 -0.522400 0.797300
vn -0.387800 -0.129200 -0.912600
vn -0.019700 -0.926900 0.374700
vn 0.263900 -0.539600 0.799500
vn 0.199700 0.097800 0.975000
vn 0.463900 0.773300 0.432200
vn 0.560200 0.099400 0.822400
vn -0.011900 -0.936100 0.351500
vn 0.438600 0.770600 0.462300
vn 0.408800 0.750100 0.519900
vn 0.568000 0.035800 0.822200
vn -0.059300 -0.976000 0.209400
vn 0.160800 -0.623700 0.764900
vn 0.003900 0.997200 -0.074900
vn 0.367300 0.707000 0.604300
vn 0.564300 0.035600 0.824800
vn 0.573600 0.114700 0.811000
vn 0.186300 0.796800 0.574800
vn 0.778200 -0.098800 0.620200
vn 0.153900 -0.706500 0.690700
vn -0.168300 0.082200 0.982300
vn 0.099000 -0.994100 0.043600
vn 0.146900 0.893300 0.424800
vn 0.548600 0.817000 0.177600
vn 0.923000 -0.186200 0.336700
vn 0.177100 -0.838300 0.515600
vn 0.533200 0.817600 0.217200
vn -0.067200 -0.857700 0.509800
vn 0.185700 -0.849500 0.493900
vn -0.043400 0.998100 0.043400
vn -0.392200 -0.835800 0.384300
vn -0.467100 0.043200 0.883100
vn -0.342000 0.019700 0.939500
vn -0.303400 -0.681600 0.665900
vn 0.372000 -0.011700 0.928100
vn -0.019700 0.997600 0.067000
vn -0.091100 0.994500 -0.051500
vn -0.501000 0.721900 0.477300
vn -0.858700 0.082300 0.505800
vn -0.862000 0.122000 0.492000
vn -0.563200 0.728600 0.389900
vn 0.521700 -0.058800 0.851100
vn -0.649800 0.744400 0.153500
vn 0.083200 -0.970600 0.225800
vn 0.381800 -0.633600 0.672900
vn 0.233200 -0.897000 0.375400
vn 0.207500 -0.536300 0.818100
vn -0.082700 0.035500 0.995900
vn -0.067300 0.985700 0.154400
vn 0.280200 -0.832700 0.477500
vn -0.280200 0.959000 0.043400
vn 0.280400 -0.572800 0.770300
vn 0.499800 -0.822500 0.271500
vn -0.319400 0.863500 0.390300
vn 0.309500 -0.521100 0.795400
vn -0.286600 0.192400 0.938500
vn 0.593900 -0.704000 0.389400
vn 0.254700 -0.474200 0.842700
vn 0.489500 -0.254500 -0.834000
vn 0.563800 -0.232600 -0.792500
vn -0.582500 0.796400 0.162500
vn 0.121700 -0.522100 0.844100
vn 0.610600 -0.193000 -0.768100
vn -0.004000 -0.067000 0.997700
vn -0.066900 -0.618000 0.783300
vn 0.672900 -0.169200 -0.720100
vn -0.288700 0.090900 0.953100
vn -0.730300 0.683000 0.011800
vn -0.563800 0.169500 0.808300
vn -0.781200 0.624200 0.003900
vn -0.697800 0.161600 0.697800
vn -0.625000 0.672200 -0.397000
vn -0.766100 0.632500 0.113900
vn 0.720500 -0.129900 -0.681100
vn 0.585600 -0.734900 0.341900
vn 0.720300 -0.082600 -0.688800
vn 0.483100 -0.844400 0.231700
vn -0.720300 0.641600 0.263700
vn -0.751800 0.051200 0.657400
vn -0.294500 -0.695100 0.655800
vn -0.360300 0.930400 -0.067300
vn -0.676300 0.628800 0.383600
vn -0.814800 0.035400 0.578600
vn -0.527200 -0.701500 0.479600
vn 0.737000 -0.153700 -0.658200
vn 0.822000 -0.129700 -0.554500
vn -0.633400 0.633400 0.444600
vn -0.878100 0.043300 0.476400
vn 0.256200 -0.957800 -0.130100
vn 0.726000 0.630800 -0.273800
vn -0.574300 0.669300 0.471300
vn -0.936500 0.035200 0.348800
vn -0.248600 0.911600 0.327500
vn -0.508700 0.705900 0.492900
vn 0.841700 0.533500 -0.083000
vn 0.913700 -0.075100 -0.399500
vn -0.334100 0.813700 0.475600
vn -0.570700 0.657400 0.492000
vn -0.964000 -0.114100 0.240000
vn 0.545700 0.734000 -0.404300
vn -0.280100 0.808900 0.516900
vn 0.864500 0.501300 0.035500
vn 0.970200 -0.019800 -0.241600
vn 0.990300 0.011900 -0.138100
vn 0.835100 0.550100 0.004000
vn -0.556700 0.643600 0.525200
vn -0.035600 0.956500 0.289700
vn 0.737700 0.666700 -0.106500
vn 0.995800 0.011900 -0.090500
vn 0.662900 0.567600 0.488300
vn 0.814000 -0.274000 0.512200
vn 0.532400 0.824100 -0.193200
vn 0.990000 -0.027600 -0.138100
vn 0.934500 -0.059100 -0.350900
vn 0.708400 0.581700 0.399700
vn 0.675800 0.652000 -0.343800
vn 0.789200 0.082400 -0.608600
vn 0.552000 0.702900 0.448700
vn -0.321100 -0.923500 0.210100
vn 0.352800 0.788800 0.503400
vn -0.114300 0.965800 0.232600
vn 0.210000 0.962800 0.170300
vn 0.329000 0.788800 0.519200
vn -0.122400 0.982800 0.138100
vn 0.400600 0.765400 0.503700
vn 0.573700 0.004000 0.819000
vn 0.486300 -0.004000 0.873800
vn -0.146500 0.986300 0.075300
vn -0.264000 0.949500 0.169400
vn -0.067000 -0.997700 0.003900
vn 0.487700 0.749300 0.448000
vn 0.367900 -0.019800 0.929700
vn 0.570300 -0.735500 0.365800
vn -0.289400 -0.955400 0.059500
vn 0.310000 -0.773100 0.553300
vn 0.597500 0.708300 0.375900
vn 0.527100 0.844000 -0.099100
vn -0.737400 0.027400 -0.674900
vn 0.035500 -0.784600 0.619000
vn -0.710500 0.679100 -0.184500
vn -0.871500 0.043000 -0.488500
vn -0.919000 0.074400 -0.387100
vn -0.735600 0.664800 -0.129800
vn -0.943900 0.058800 -0.325100
vn -0.612300 0.770400 -0.177800
vn 0.446600 -0.873500 0.193700
vn -0.992900 0.035300 -0.113800
vn -0.571400 0.815700 0.090700
vn -0.781700 -0.271000 0.561700
vn -0.503100 0.843900 0.186200
vn -0.516800 0.753500 0.406300
vn -0.730500 -0.177600 0.659400
vn -0.557000 0.817600 0.146200
vn -0.342600 0.901700 0.263800
vn -0.855800 -0.027600 0.516600
vn -0.351200 0.927200 0.130200
vn 0.287400 -0.956800 -0.043300
vn -0.311500 -0.942400 0.122200
vn 0.059300 -0.985000 0.162200
vn -0.035500 -0.988700 0.145700
vn -0.122800 -0.986700 0.107000
vn -0.232700 -0.856000 0.461600
vn -0.019700 -0.990200 0.138100
vn -0.444900 0.877900 0.177200
vn -0.367900 0.929800 0.011900
vn -0.484600 0.854900 0.185200
vn 0.663300 -0.467000 0.584800
vn -0.178500 -0.955700 0.234000
vn -0.200600 -0.877000 0.436500
vn -0.375300 0.912600 0.162000
vn -0.090600 -0.846900 0.523900
vn -0.405800 0.910200 0.082700
vn -0.929300 -0.058700 0.364700
vn 0.770400 0.019500 0.637300
vn -0.436000 0.027500 0.899500
vn -0.499200 0.860900 0.098300
vn -0.956800 0.137800 0.255900
vn -0.999400 0.035200 -0.003900
vn 0.414700 -0.904600 0.098800
vn 0.391600 -0.905800 0.162200
vn -0.975400 0.074400 -0.207600
vn 0.176000 -0.074300 0.981600
vn 0.019700 -0.974200 0.224800
vn -0.543300 -0.709900 0.448100
vn -0.019700 -0.972400 0.232300
vn -0.328000 -0.897000 0.296400
vn -0.312000 -0.888800 0.335700
vn -0.641000 -0.538700 0.546700
vn 0.737600 -0.358900 -0.571900
vn -0.382700 -0.737700 0.556200
vn 0.845500 -0.208500 -0.491600
vn -0.635500 -0.674900 0.375000
vn 0.873700 -0.011900 -0.486300
vn -0.169900 -0.975700 0.138200
vn -0.201100 0.973800 -0.106400
vn 0.776700 0.571700 -0.264200
vn 0.845000 0.464100 -0.265800
vn 0.606000 0.788200 -0.106900
vn 0.839400 0.421700 -0.342900
vn 0.784100 -0.051200 -0.618500
vn 0.686600 -0.043100 -0.725800
vn 0.717300 0.693500 -0.067400
vn 0.709500 0.701500 -0.067400
vn 0.768000 0.452900 -0.452900
vn 0.569700 -0.035300 -0.821100
vn 0.075000 0.887900 0.453800
vn -0.610900 -0.547800 0.571500
vn 0.623500 0.774400 -0.107200
vn -0.343800 -0.675800 0.652000
vn -0.429700 -0.886900 0.169500
vn 0.059700 0.878900 0.473300
vn -0.107100 -0.964300 0.242100
vn 0.043200 -0.773600 0.632200
vn -0.442500 0.003900 0.896800
vn -0.522300 -0.035300 0.852100
vn -0.067300 0.875100 0.479200
vn 0.232100 -0.924300 0.302900
vn -0.791900 0.137900 0.594900
vn -0.067600 0.902500 0.425400
vn -0.858200 0.138500 0.494300
vn -0.391800 0.843200 0.368100
vn -0.905300 0.105900 0.411500
vn -0.701600 0.662500 0.262600
vn -0.947300 -0.035300 0.318400
vn -0.782900 0.586200 0.208500
vn -0.690900 0.722400 -0.027600
vn -0.249400 0.858900 0.447300
vn -0.455100 0.803400 0.383900
vn -0.629100 0.708200 0.320500
vn -0.241400 -0.035600 0.969800
vn 0.483400 -0.821400 0.302600
vn -0.248500 -0.067100 0.966300
vn 0.325200 -0.724900 0.607300
vn 0.546200 -0.797700 0.255400
vn 0.334500 -0.767400 0.547000
vn 0.483900 -0.845900 0.224300
vn -0.566100 0.772000 0.289000
vn -0.162300 -0.035600 0.986100
vn 0.357800 -0.837500 0.412900
vn -0.509200 0.832800 0.217100
vn 0.451800 -0.844700 0.286800
vn 0.082700 0.004000 0.996600
vn 0.248400 -0.902900 0.350900
vn 0.404900 -0.727200 0.554300
vn 0.225100 -0.967600 0.114500
vn 0.724400 0.463100 0.510600
vn 0.452900 -0.649800 0.610400
vn 0.209600 -0.969100 0.130500
vn 0.865500 0.414900 0.280600
vn -0.320000 -0.225200 0.920300
vn 0.553500 -0.600600 0.577000
vn 0.199000 0.175700 0.964100
vn 0.473900 -0.622700 0.622700
vn 0.152900 0.153000 0.976300
vn 0.160100 0.168000 0.972700
vn 0.271000 -0.718800 0.640200
vn 0.406900 -0.849500 0.335800
vn 0.145800 -0.752500 0.642200
vn 0.003900 -0.027400 0.999600
vn -0.470800 0.882200 0.011900
vn 0.233100 -0.912600 0.335800
vn 0.043500 -0.770400 0.636100
vn 0.066900 -0.948100 0.310800
vn -0.295900 0.950900 0.090700
vn -0.226100 -0.876700 0.424500
vn -0.051300 -0.958600 0.280100
vn 0.613700 0.779900 -0.122700
vn 0.961300 -0.257100 -0.098900
vn -0.169500 -0.957700 0.232500
vn 0.588100 0.769600 -0.248700
vn 0.920000 -0.256600 -0.296200
vn 0.854200 -0.255800 -0.452700
vn -0.217000 -0.966400 0.138000
vn -0.542000 -0.755600 0.367900
vn 0.457200 -0.066400 0.886900
vn -0.177200 -0.965100 0.193000
vn 0.027700 -0.970000 0.241500
vn 0.027700 -0.968100 0.248900
vn 0.548500 -0.769400 0.327500
vn 0.476700 -0.791700 0.382100
vn -0.899900 0.004000 -0.436200
vn -0.027700 -0.970000 0.241500
vn 0.396500 -0.820300 0.412100
vn -0.911700 0.003900 -0.410900
vn -0.066900 -0.940100 0.334300
vn 0.193000 -0.768100 0.610600
vn -0.807900 -0.003900 -0.589300
vn -0.504100 -0.011700 -0.863600
vn -0.264000 -0.949500 0.169400
vn 0.059000 -0.530800 0.845400
vn 0.355800 0.003900 0.934600
vn -0.382200 -0.894400 0.232400
vn 0.011800 -0.555500 0.831400
vn -0.477100 -0.855600 0.201100
vn -0.019700 -0.632700 0.774200
vn 0.438500 0.896800 -0.059300
vn -0.392500 -0.916000 -0.083200
vn 0.059200 -0.705900 0.705900
vn 0.200500 -0.727200 0.656500
vn 0.270900 -0.043200 0.961700
vn 0.215300 -0.058700 0.974800
vn 0.265300 0.954200 0.138600
vn 0.272400 -0.722400 0.635600
vn -0.027700 -0.993900 -0.106900
vn 0.446700 0.557400 0.699800
vn 0.375600 0.589000 0.715500
vn 0.177700 -0.983100 -0.043400
vn 0.225200 0.644100 0.731000
vn 0.280500 -0.004000 0.959900
vn 0.328100 0.011800 0.944600
vn 0.368000 -0.004000 0.929800
vn 0.019700 0.691000 0.722600
vn 0.177800 -0.027700 0.983700
vn 0.067000 -0.035500 0.997100
vn 0.513100 0.513100 0.688100
vn 0.599900 0.480700 0.639600
vn 0.416700 -0.019800 0.908800
vn 0.613700 0.558300 0.558300
vn 0.495900 0.733900 0.464200
vn 0.351500 -0.019700 0.936000
vn 0.273200 0.851500 0.447600
vn 0.035700 0.980300 0.194500
vn 0.035600 -0.011900 0.999300
vn -0.114900 0.986700 0.115000
vn -0.138100 0.027500 0.990000
vn -0.368400 0.875400 0.312900
vn -0.587100 -0.201000 0.784100
vn -0.423300 0.866400 0.265000
vn -0.335100 0.918700 0.209000
vn -0.350700 0.934100 0.067000
vn -0.486500 0.755400 0.439000
vn -0.501900 0.818100 0.280600
vn -0.287200 0.137700 -0.947900
vn -0.183500 -0.675300 -0.714400
vn -0.152300 -0.691000 -0.706600
vn 0.043300 -0.995000 -0.090500
vn -0.239600 0.813200 -0.530300
vn -0.058800 -0.702000 -0.709800
vn -0.168400 0.144900 -0.975000
vn 0.082300 0.160700 -0.983600
vn -0.216300 0.814100 -0.538900
vn -0.058800 0.992600 0.105900
vn -0.121800 0.828900 -0.546000
vn -0.106800 0.051400 -0.992900
vn 0.011900 0.841000 -0.540900
vn 0.089900 -0.988600 -0.121100
vn 0.129300 -0.693300 -0.709000
vn 0.343400 0.146100 -0.927700
vn 0.326300 -0.656500 -0.680100
vn 0.491500 0.129800 -0.861100
vn -0.144600 0.981000 0.129000
vn 0.137100 0.842400 -0.521100
vn 0.390900 0.027600 -0.920000
vn 0.450800 -0.623300 -0.639000
vn 0.537400 0.113700 -0.835600
vn -0.192700 0.971500 0.137700
vn 0.208400 0.845500 -0.491600
vn 0.498900 -0.608900 -0.616700
vn 0.499600 0.090500 -0.861500
vn 0.200300 0.852300 -0.483100
vn -0.223200 0.967200 0.121400
vn 0.476100 -0.633500 -0.609900
vn 0.216800 -0.973300 -0.074900
vn 0.420100 -0.687100 -0.592800
vn 0.435200 0.066600 -0.897900
vn 0.146000 0.848300 -0.509000
vn 0.382100 -0.106400 -0.918000
vn -0.193100 0.981200 0.004000
vn 0.074700 0.829100 -0.554100
vn 0.248800 -0.130400 -0.959700
vn -0.145700 0.988700 -0.035500
vn 0.051000 0.804100 -0.592300
vn 0.091200 -0.218200 -0.971600
vn 0.340900 -0.771800 -0.536800
vn 0.098300 0.798500 -0.593900
vn -0.122400 0.138200 -0.982800
vn -0.011800 0.999300 -0.035300
vn 0.160500 -0.857200 -0.489300
vn 0.617500 -0.334300 -0.712000
vn 0.145300 0.899400 -0.412400
vn -0.074500 -0.945300 -0.317700
vn 0.144600 0.988600 -0.043000
vn 0.105500 -0.965400 -0.238400
vn 0.302400 0.946400 -0.113900
vn -0.350700 0.918000 -0.185200
vn 0.799100 -0.523600 0.295200
vn -0.035300 0.998800 -0.035300
vn -0.523200 0.822200 -0.224200
vn 0.626600 -0.768400 0.130000
vn 0.846100 -0.499900 0.184900
vn -0.160400 0.982200 -0.097800
vn -0.534100 -0.635500 -0.557500
vn -0.646200 0.262300 -0.716700
vn -0.695400 0.255300 -0.671800
vn 0.287200 -0.956100 -0.059000
vn -0.581200 -0.526700 -0.620300
vn 0.310700 0.908600 -0.279300
vn 0.458800 0.741100 -0.490200
vn 0.609100 0.640500 -0.467700
vn -0.145700 0.980800 -0.129900
vn 0.348200 0.927300 -0.137000
vn 0.545500 0.600400 -0.584700
vn -0.168600 -0.983900 0.058800
vn 0.420800 0.617400 -0.664600
vn -0.486000 0.169900 0.857300
vn 0.341600 -0.828500 -0.443700
vn 0.011700 0.982800 -0.184100
vn 0.341000 0.607600 -0.717300
vn -0.415400 0.146400 -0.897800
vn 0.449800 -0.840800 -0.301100
vn 0.734400 -0.451700 -0.506600
vn -0.090300 0.946400 -0.310200
vn 0.537500 -0.827800 -0.160900
vn 0.814600 -0.436800 -0.381600
vn -0.083100 0.708600 0.700700
vn -0.382100 0.918000 0.106300
vn 0.011900 0.628000 0.778100
vn -0.279900 0.303500 -0.910800
vn 0.139200 0.584500 0.799300
vn -0.351600 0.912500 0.209300
vn 0.822700 0.122100 -0.555200
vn -0.713900 -0.573500 -0.401800
vn -0.734000 -0.545600 -0.404300
vn -0.863300 -0.027400 -0.503900
vn 0.349300 0.930100 -0.113800
vn -0.683700 -0.535200 -0.496100
vn -0.781000 -0.027500 -0.624000
vn -0.248100 0.610400 -0.752200
vn -0.565600 -0.534400 -0.628100
vn -0.442200 -0.035300 -0.896200
vn 0.364500 0.928800 -0.066600
vn -0.208700 0.563200 -0.799500
vn 0.937100 -0.003900 -0.349000
vn -0.374800 -0.011800 -0.927000
vn -0.335100 -0.011800 -0.942100
vn -0.137800 0.539400 -0.830700
vn -0.256400 -0.003900 -0.966600
vn -0.853300 -0.455800 -0.253200
vn -0.939700 -0.004000 -0.342100
vn -0.051000 0.521900 -0.851500
vn -0.154700 -0.003900 -0.987900
vn 0.332600 0.943000 -0.011700
vn 0.043500 0.510600 -0.858700
vn -0.043400 -0.003900 -0.999000
vn -0.419100 -0.536600 -0.732400
vn 0.308900 0.950100 0.043000
vn -0.294000 -0.529300 -0.795900
vn -0.278200 -0.035300 -0.959900
vn -0.113800 -0.043200 -0.992600
vn 0.310000 0.945700 0.098100
vn -0.161200 -0.546500 -0.821800
vn 0.090400 -0.059000 -0.994200
vn 0.178100 0.494700 -0.850700
vn 0.107000 -0.003900 -0.994300
vn 0.325600 0.937600 0.121600
vn -0.003900 -0.575300 -0.817900
vn -0.988300 -0.011700 -0.152400
vn 0.357400 0.459500 -0.813100
vn -0.304300 0.004000 0.952600
vn 0.356800 0.921600 0.153000
vn 0.555600 0.413800 -0.721200
vn -0.516800 -0.003900 0.856100
vn -0.816000 -0.519300 -0.253800
vn -0.809500 -0.567000 -0.152500
vn -0.969000 -0.004000 -0.247100
vn -0.364900 -0.930000 -0.043200
vn -0.341800 -0.939100 0.035400
vn -0.804100 -0.592300 -0.051000
vn -0.990600 -0.004000 -0.137000
vn -0.998700 -0.004000 -0.050900
vn 0.339800 0.933600 -0.113300
vn -0.807800 -0.589300 0.011700
vn -1.000000 -0.004000 0.003900
vn -0.270600 0.906000 -0.325500
vn -0.826000 -0.559700 0.066500
vn 0.280500 0.003900 -0.959900
vn 0.364700 0.905800 -0.215700
vn 0.349100 0.921800 -0.168700
vn -0.232000 0.869200 -0.436600
vn -0.620500 0.517800 -0.588900
vn -0.255700 0.884900 -0.389400
vn -0.636400 0.549400 -0.541500
vn 0.785100 -0.004000 0.619400
vn 0.665700 -0.586900 0.460900
vn 0.841000 -0.004000 0.541000
vn -0.405900 -0.571400 0.713200
vn -0.240100 -0.885600 0.397500
vn -0.335800 -0.833600 0.438500
vn -0.091200 -0.995800 -0.011900
vn -0.438200 -0.848700 0.296100
vn 0.082800 0.990000 0.114400
vn 0.516800 0.650900 -0.556200
vn -0.090900 -0.992400 0.083000
vn 0.765700 0.638800 -0.075400
vn 0.905400 -0.035500 -0.423000
vn 0.909700 -0.256100 -0.326900
vn 0.035500 0.999300 -0.011900
vn 0.839000 0.505000 0.202800
vn 0.925100 -0.287400 -0.248100
vn -0.712100 0.625600 -0.318700
vn -0.051300 0.967200 0.248700
vn 0.835700 0.400000 0.376300
vn 0.938400 -0.223900 -0.263100
vn -0.847300 0.508400 -0.153700
vn -0.701100 -0.129300 -0.701200
vn 0.814100 0.337600 0.472600
vn -0.468800 -0.421500 0.776200
vn -0.043700 0.900600 0.432400
vn -0.035600 0.849900 0.525800
vn -0.849600 0.497200 -0.176200
vn -0.574300 -0.058700 -0.816500
vn -0.868800 0.475700 -0.137600
vn 0.442500 0.386600 0.809100
vn 0.823500 -0.114300 -0.555600
vn -0.138600 0.589700 -0.795600
vn 0.349100 0.913800 -0.207800
vn -0.011800 0.632700 -0.774300
vn -0.043500 -0.162300 -0.985800
vn 0.082700 0.712500 -0.696800
vn 0.340200 0.934400 0.105600
vn 0.090800 0.785700 -0.612000
vn 0.122300 -0.067000 -0.990200
vn 0.622800 0.694200 0.361000
vn 0.327700 -0.043400 0.943800
vn 0.630800 0.773600 -0.059500
vn 0.650300 0.681800 0.335000
vn -0.280000 -0.705900 0.650600
vn -0.470000 -0.635900 0.612200
vn 0.183400 0.081900 0.979600
vn -0.516300 -0.658200 0.547800
vn 0.658200 0.752800 0.011800
vn -0.516800 -0.682500 0.516800
vn -0.097900 0.090100 0.991100
vn 0.637900 0.764700 -0.091100
vn 0.723900 0.636900 0.265100
vn -0.580800 -0.628300 0.517600
vn -0.372000 0.004000 0.928200
vn 0.766100 0.607300 0.210400
vn -0.509500 -0.675400 0.533200
vn -0.363500 0.097800 0.926400
vn -0.398800 -0.833200 0.383000
vn -0.383200 -0.730800 0.564900
vn 0.685400 0.725000 0.067300
vn -0.145800 -0.957700 0.248300
vn -0.312400 -0.763300 0.565500
vn 0.137900 -0.980800 0.137900
vn -0.611600 0.753600 0.240700
vn -0.859400 -0.341400 0.380600
vn -0.811300 -0.231300 0.536900
vn 0.325700 0.121600 0.937600
vn -0.153700 -0.776600 0.611000
vn -0.185100 -0.744200 0.641800
vn -0.263400 -0.051100 0.963300
vn 0.456600 0.877500 -0.146900
vn -0.216900 -0.966400 0.138000
vn -0.168800 -0.749800 0.639800
vn 0.415100 0.905200 0.090900
vn -0.122800 -0.986600 0.107000
vn 0.019600 -0.695100 0.718700
vn -0.215600 -0.011700 0.976400
vn 0.138500 0.866800 0.478900
vn -0.555100 0.429100 0.712600
vn -0.027700 0.470700 0.881900
vn 0.470900 0.858800 0.201800
vn 0.043300 0.840300 0.540400
vn 0.011900 0.828900 0.559200
vn -0.091100 0.962000 0.257300
vn 0.043400 0.840200 0.540500
vn -0.107200 0.710900 0.695000
vn 0.019800 -0.970200 0.241600
vn -0.383700 0.882200 0.273000
vn -0.423200 0.905800 0.019700
vn -0.185300 0.658500 0.729400
vn -0.233100 0.699400 0.675700
vn 0.313800 -0.019900 0.949300
vn -0.507500 0.790800 0.342200
vn -0.297200 0.717300 0.630200
vn -0.540300 -0.051200 0.839900
vn -0.548400 0.769400 0.327500
vn -0.595400 0.737300 0.319300
vn -0.829600 0.546500 -0.114000
vn -0.902700 0.152400 -0.402400
vn -0.781600 0.585200 -0.216000
vn -0.818400 0.184100 -0.544300
vn -0.747900 0.207600 -0.630500
vn -0.737300 0.611100 -0.287800
vn -0.785200 0.603700 -0.138100
vn -0.517600 0.580800 0.628200
vn 0.485700 -0.872600 0.051300
vn -0.617800 0.476200 0.625700
vn -0.674400 0.737500 0.035500
vn 0.193600 -0.636200 0.746800
vn 0.367400 -0.565000 0.738800
vn 0.364500 -0.584100 0.725200
vn -0.208200 -0.019700 0.977900
vn -0.699000 0.714800 -0.019800
vn 0.137700 -0.688500 0.712100
vn -0.652400 0.486300 0.581200
vn -0.484300 0.641800 0.594600
vn -0.431900 0.899400 -0.067400
vn -0.201500 0.770600 0.604600
vn -0.130300 -0.011900 0.991400
vn 0.090700 -0.990200 0.106500
vn -0.059100 -0.729100 0.681800
vn -0.215600 -0.027400 0.976100
vn -0.027700 0.812400 0.582500
vn -0.059300 -0.992500 0.106700
vn -0.122000 -0.743800 0.657200
vn -0.136900 -0.050800 0.989300
vn -0.224400 -0.759800 0.610200
vn -0.067000 -0.051200 0.996400
vn 0.226000 0.971200 -0.075300
vn 0.146800 0.821200 0.551400
vn -0.067100 -0.011900 0.997700
vn -0.035600 0.019700 0.999200
vn 0.266100 0.790300 0.552000
vn -0.368000 -0.929800 -0.011900
vn -0.342000 -0.758800 0.554300
vn -0.027500 -0.019500 0.999400
vn 0.249300 0.755800 0.605400
vn 0.027600 0.059100 0.997900
vn -0.239800 -0.774300 0.585600
vn 0.066600 0.011800 0.997700
vn 0.319700 0.943200 0.090800
vn 0.186400 0.725700 0.662300
vn 0.130100 0.067000 0.989200
vn -0.146000 -0.982600 -0.114400
vn 0.019700 -0.759900 0.649700
vn 0.191500 0.027400 0.981100
vn 0.271100 0.019700 0.962400
vn 0.231800 -0.711000 0.663900
vn -0.035700 0.995200 0.091200
vn 0.139200 0.704200 0.696200
vn 0.075300 0.716900 0.693100
vn 0.297100 0.019700 0.954600
vn 0.185200 -0.981400 -0.051300
vn 0.342000 -0.680000 0.648600
vn 0.035600 0.756300 0.653300
vn 0.224800 0.019700 0.974200
vn 0.366200 -0.681200 0.633900
vn -0.224800 0.974200 0.019700
vn -0.011900 0.795600 0.605700
vn 0.074900 0.019600 0.997000
vn 0.232200 -0.972300 0.027500
vn 0.350700 -0.681600 0.642200
vn 0.265200 -0.961800 0.067300
vn 0.310500 -0.672100 0.672200
vn 0.247200 -0.011700 0.968900
vn -0.122600 0.786800 0.604900
vn 0.272400 -0.959300 0.075000
vn -0.209800 0.748200 0.629400
vn 0.231800 -0.663900 0.711000
vn -0.248600 0.966800 -0.059200
vn -0.258100 0.702700 0.663000
vn -0.193000 0.019700 0.981000
vn -0.305000 0.669400 0.677400
vn 0.232100 -0.971700 0.043300
vn 0.129800 -0.664800 0.735600
vn 0.011800 -0.011700 0.999900
vn 0.051200 -0.657400 0.751800
vn 0.429700 -0.886900 0.169500
vn -0.995000 0.019700 0.098300
vn -0.557000 0.825600 0.090800
vn -0.493700 -0.864900 -0.090800
vn -0.563300 0.744500 0.358400
vn -0.153600 -0.003900 0.988100
vn 0.351500 0.912500 0.209400
vn 0.328500 0.882600 0.336400
vn 0.756700 0.582300 0.297100
vn 0.828500 -0.035600 0.558900
vn 0.777200 0.516800 0.359000
vn 0.829200 0.495900 0.257900
vn 0.408200 0.820400 0.400300
vn 0.891100 -0.075300 0.447500
vn 0.898000 -0.027700 0.439100
vn 0.401600 0.823100 0.401600
vn -0.451900 0.011900 0.892000
vn -0.209300 0.943600 0.256600
vn -0.233900 0.939600 0.249800
vn -0.720500 0.681200 0.129900
vn -0.998300 -0.050900 0.027400
vn -0.761400 0.643000 0.082900
vn -0.999000 -0.043100 -0.011800
vn -0.595500 -0.067100 0.800600
vn -0.755900 0.654100 0.027400
vn -0.051200 0.989100 0.137900
vn 0.004000 0.932500 0.361100
vn -0.191600 -0.817200 -0.543500
vn -0.050900 -0.043000 -0.997800
vn -0.191600 -0.817300 -0.543500
vn -0.200400 -0.978400 -0.051100
vn 0.191400 0.980600 0.042900
vn -0.207500 -0.818100 -0.536300
vn -0.222700 -0.066400 -0.972600
vn 0.215000 0.973200 0.082100
vn 0.129800 0.822000 -0.554600
vn 0.113500 0.826100 -0.552000
vn -0.082900 -0.209100 -0.974400
vn 0.145100 0.804000 -0.576600
vn -0.098900 -0.312400 -0.944800
vn 0.059000 0.813900 -0.578000
vn -0.270600 -0.804000 -0.529500
vn -0.223900 -0.970400 -0.090400
vn -0.371000 -0.785100 -0.496000
vn -0.456400 -0.768400 -0.448600
vn 0.246500 0.966300 0.074300
vn -0.278100 -0.959600 -0.043100
vn -0.513700 -0.756900 -0.404000
vn -0.027500 0.827500 -0.560800
vn -0.082500 0.828600 -0.553700
vn -0.533800 -0.241300 -0.810500
vn 0.302100 0.953300 -0.003900
vn -0.114000 0.813700 -0.570000
vn -0.599600 -0.202600 -0.774300
vn -0.129700 0.782200 -0.609300
vn -0.558400 -0.170400 -0.811900
vn 0.270300 0.959900 -0.074400
vn -0.169900 0.738900 -0.652000
vn -0.513800 -0.772700 -0.372600
vn 0.184700 0.970800 -0.153300
vn -0.441300 -0.824000 -0.355400
vn -0.256600 0.706700 -0.659300
vn -0.326200 -0.884300 -0.334100
vn -0.464100 -0.120900 -0.877500
vn 0.050900 0.975200 -0.215400
vn -0.327500 0.706400 -0.627500
vn -0.560200 -0.099300 -0.822400
vn -0.568000 -0.035700 -0.822200
vn -0.050900 0.975200 -0.215400
vn -0.214900 -0.918400 -0.332200
vn -0.367900 0.755600 -0.542000
vn -0.122000 0.979300 -0.161300
vn -0.058500 -0.932900 -0.355200
vn -0.389200 0.798100 -0.460000
vn -0.564300 -0.035500 -0.824800
vn -0.397900 0.783900 -0.476700
vn 0.573700 0.114700 0.811000
vn 0.778200 -0.098700 0.620200
vn -0.239300 0.953300 -0.184400
vn -0.382200 0.894400 -0.232500
vn 0.082200 -0.959300 -0.270200
vn 0.168300 -0.082100 -0.982300
vn 0.161200 -0.986700 0.019700
vn 0.239700 -0.970500 -0.027500
vn 0.097900 -0.990400 -0.097900
vn 0.152900 -0.952700 -0.262700
vn 0.238200 -0.894300 -0.378800
vn 0.467100 -0.043100 -0.883200
vn 0.342000 -0.019600 -0.939500
vn 0.082400 -0.992500 -0.090200
vn 0.168400 -0.700900 -0.693100
vn -0.372100 0.011800 -0.928100
vn 0.059000 -0.987600 -0.145600
vn 0.145400 -0.970500 -0.192500
vn -0.098000 -0.984500 -0.145200
vn -0.051000 -0.913400 -0.403800
vn -0.191500 -0.981300 0.019500
vn -0.380700 -0.914400 -0.137400
vn -0.858700 0.082400 0.505800
vn 0.862000 -0.122100 -0.492000
vn -0.521700 0.058900 -0.851100
vn 0.176400 -0.897700 -0.403800
vn 0.434700 -0.755900 -0.489600
vn 0.082700 -0.035400 -0.995900
vn 0.270000 -0.958700 -0.090000
vn -0.145100 0.913400 -0.380300
vn -0.319200 0.926100 -0.200900
vn 0.625500 -0.680600 -0.381600
vn 0.286700 -0.192500 -0.938500
vn -0.513300 0.787600 -0.340900
vn -0.256000 0.736500 -0.626200
vn 0.702300 -0.655200 -0.278500
vn -0.564800 0.746600 -0.351600
vn 0.689900 -0.674100 -0.264100
vn 0.610600 -0.193100 -0.768100
vn -0.563000 0.752100 -0.342600
vn -0.357200 0.624200 -0.694800
vn -0.303300 0.657800 -0.689400
vn -0.335100 0.666200 -0.666200
vn 0.563800 -0.169500 -0.808400
vn 0.697800 -0.161600 -0.697900
vn -0.288700 0.091000 0.953100
vn 0.003900 0.067100 -0.997700
vn -0.595500 -0.067000 0.800600
vn -0.200200 0.741900 -0.639900
vn -0.801300 -0.582400 0.136800
vn -0.113800 0.969700 -0.216000
vn -0.755900 -0.654100 -0.027400
vn -0.756100 -0.654200 -0.019600
vn 0.451900 -0.011800 -0.892000
vn 0.160800 0.984700 -0.066700
vn 0.144500 0.987800 -0.058600
vn -0.545900 0.805200 -0.231700
vn 0.891100 -0.075200 0.447500
vn -0.506700 0.836600 -0.208200
vn -0.499800 0.822500 -0.271500
vn -0.043300 0.830700 -0.555100
vn 0.630300 -0.708600 -0.317100
vn -0.405300 0.901200 -0.153500
vn 0.160700 0.889700 -0.427200
vn 0.751900 -0.051200 -0.657300
vn 0.278300 -0.960500 -0.003900
vn 0.563200 -0.728600 -0.389900
vn 0.672900 -0.169300 -0.720100
vn 0.144700 -0.973700 -0.176000
vn 0.405400 0.877600 -0.255800
vn -0.814800 0.035500 0.578600
vn -0.878100 0.043300 0.476500
vn 0.497100 -0.732000 -0.465800
vn -0.616900 -0.781900 0.090400
vn -0.936500 0.035300 0.348800
vn 0.066400 -0.941000 -0.331900
vn -0.729600 -0.682900 -0.035100
vn 0.482300 -0.709700 -0.513600
vn 0.822000 -0.129800 -0.554500
vn 0.569800 -0.640600 -0.514800
vn 0.913700 -0.075200 -0.399500
vn 0.090000 -0.896200 -0.434400
vn 0.743900 -0.531300 -0.405400
vn 0.970200 -0.019900 -0.241600
vn -0.661000 -0.739200 -0.129100
vn 0.223800 -0.875600 -0.428000
vn 0.864300 -0.445900 -0.232800
vn 0.990300 0.011800 -0.138100
vn 0.358100 -0.893300 -0.271500
vn -0.443500 -0.883100 -0.153100
vn -0.074300 -0.997200 0.011700
vn 0.531800 -0.846900 0.003900
vn 0.885200 -0.460300 -0.066900
vn 0.995800 0.011700 -0.090500
vn 0.990000 -0.027700 -0.138100
vn -0.223100 -0.974700 -0.011700
vn -0.663400 -0.741800 -0.098100
vn 0.465200 0.840500 -0.277600
vn 0.401900 0.862300 -0.308200
vn 0.730500 0.177700 -0.659400
vn 0.349100 0.921800 -0.168600
vn -0.098100 -0.985600 -0.137500
vn 0.365900 0.924600 -0.106200
vn -0.929300 -0.058800 0.364700
vn -0.770300 -0.019600 -0.637400
vn 0.153000 -0.898300 -0.411900
vn 0.436000 -0.027400 -0.899500
vn -0.663300 0.467100 -0.584700
vn 0.058600 -0.887400 -0.457300
vn 0.488200 0.863200 -0.128900
vn -0.645100 -0.723300 0.246300
vn 0.097800 0.990400 -0.097900
vn -0.701900 -0.701800 0.121600
vn -0.956800 0.137800 0.256000
vn -0.097700 -0.988700 -0.113300
vn 0.397200 -0.900500 -0.177000
vn 0.807500 -0.586900 -0.059100
vn 0.601800 -0.688300 -0.405100
vn 0.846700 -0.334800 -0.413500
vn 0.934500 -0.059200 -0.351000
vn 0.531900 -0.705200 -0.468800
vn 0.737600 -0.359000 -0.571900
vn -0.105500 -0.965400 -0.238400
vn 0.442800 -0.779700 -0.442800
vn 0.340500 -0.849400 -0.403200
vn 0.767400 -0.334500 -0.547000
vn -0.176100 0.074300 -0.981600
vn -0.160500 -0.951500 -0.262400
vn -0.607300 -0.779700 -0.152800
vn -0.975400 0.074500 -0.207600
vn -0.999400 0.035300 -0.003900
vn -0.615200 -0.787600 -0.035300
vn -0.561000 -0.011700 -0.827700
vn -0.679100 -0.003900 -0.734100
vn 0.098300 -0.004000 -0.995100
vn -0.276600 -0.759800 -0.588400
vn -0.479700 -0.011700 -0.877400
vn -0.043100 -0.959600 -0.278100
vn 0.474000 -0.865700 -0.160600
vn 0.999600 -0.003900 -0.027700
vn -0.035400 -0.916900 -0.397500
vn -0.223200 -0.693200 -0.685300
vn 0.003900 -0.004000 -1.000000
vn 0.466900 -0.851300 -0.239300
vn 0.986700 0.003900 0.162500
vn -0.035100 -0.863100 -0.503800
vn 0.451700 -0.820900 -0.349500
vn 0.050800 -0.645100 -0.762400
vn -0.027400 -0.880400 -0.473500
vn 0.098000 -0.552900 -0.827400
vn -0.043100 -0.004000 -0.999100
vn 0.098100 -0.937700 -0.333500
vn 0.090100 -0.764100 -0.638700
vn -0.019500 -0.948500 -0.316200
vn 0.090300 -0.938300 -0.333700
vn -0.035200 -0.551600 -0.833300
vn -0.129300 -0.004000 -0.991600
vn 0.074300 -0.997200 0.003900
vn -0.129200 -0.536400 -0.834000
vn -0.011700 -0.943000 -0.332600
vn -0.082700 0.995900 -0.035400
vn -0.035300 -0.522200 -0.852100
vn -0.105600 -0.934400 -0.340200
vn -0.011700 -0.998200 0.058700
vn 0.113500 -0.528300 -0.841400
vn 0.106100 -0.004000 -0.994300
vn 0.043100 -0.004000 -0.999100
vn 0.043200 -0.546000 -0.836700
vn -0.027400 -0.004000 -0.999600
vn 0.097600 -0.932700 -0.347300
vn -0.027400 -0.934200 -0.355700
vn -0.066500 -0.614200 -0.786300
vn 0.153500 -0.004000 -0.988100
vn 0.035500 -0.939100 -0.341800
vn 0.082600 -0.995300 0.051100
vn 0.090400 0.994200 -0.059000
vn 0.027400 0.998300 -0.050900
vn 0.019600 0.904200 -0.426700
vn 0.027400 0.904000 -0.426600
vn -0.090300 0.899200 -0.428000
vn 0.098100 0.898600 -0.427700
vn -0.043200 0.899000 -0.435800
vn -0.106800 0.597200 -0.794900
vn 0.114800 0.605500 -0.787500
vn 0.027500 0.601700 -0.798300
vn 0.035500 0.619000 -0.784600
vn 0.138100 0.004000 -0.990400
vn 0.043400 0.004000 -0.999000
vn -0.083000 0.612400 -0.786200
vn -0.091200 0.004000 -0.995800
vn -0.051400 0.604900 -0.794700
vn 0.059000 0.901300 -0.429100
vn -0.043000 0.997400 -0.058700
vn 0.066500 0.996900 -0.043000
vn -0.082200 -0.927700 -0.364100
vn -0.081900 -0.643800 -0.760800
vn 0.058800 -0.403600 -0.913000
vn 0.294900 -0.004000 -0.955500
vn -0.435500 -0.600300 -0.670900
vn 0.214900 -0.441500 -0.871200
vn -0.074500 -0.600200 -0.796400
vn -0.050900 -0.755200 -0.653500
vn -0.519300 -0.722300 -0.456800
vn -0.043000 -0.857400 -0.512900
vn -0.089900 -0.003900 -0.995900
vn -0.059000 0.915900 -0.397000
vn -0.074500 0.600200 -0.796400
vn 0.035500 0.587600 -0.808400
vn 0.027400 0.999200 0.027400
vn 0.035400 0.923800 -0.381300
vn 0.019600 0.592900 -0.805000
vn 0.027700 0.004000 -0.999600
vn -0.011900 0.004000 -0.999900
vn 0.011800 0.924300 -0.381500
vn 0.011700 0.999600 0.027400
vn -0.011800 -0.947800 -0.318600
vn -0.011800 0.924300 -0.381500
vn 0.003900 -0.999400 -0.035300
vn 0.019600 -0.918600 -0.394800
vn 0.011700 -0.683200 -0.730100
vn -0.043200 -0.883100 -0.467100
vn -0.035200 -0.488700 -0.871800
vn -0.058800 -0.740300 -0.669800
vn -0.113500 -0.575300 -0.810100
vn -0.105400 -0.776900 -0.620700
vn -0.144800 -0.630000 -0.763000
vn -0.152400 -0.003900 -0.988300
vn -0.121100 -0.636600 -0.761600
vn -0.090300 -0.875300 -0.475000
vn -0.074200 -0.605200 -0.792600
vn -0.113500 -0.786700 -0.606800
vn 0.003900 -0.537400 -0.843300
vn 0.027500 -0.004000 -0.999600
vn -0.003900 -0.004000 -1.000000
vn -0.089800 -0.784900 -0.613100
vn -0.027400 -0.787800 -0.615300
vn 0.003900 -0.519100 -0.854700
vn -0.066700 -0.545300 -0.835600
vn -0.113900 -0.004000 -0.993500
vn 0.043200 -0.804400 -0.592500
vn -0.168600 -0.497900 -0.850700
vn -0.215700 -0.004000 -0.976500
vn -0.349000 -0.004000 -0.937100
vn -0.246000 -0.535000 -0.808300
vn 0.254700 -0.944400 0.207700
vn -0.254800 0.882200 -0.396000
vn -0.278300 -0.591900 -0.756500
vn -0.410900 -0.004000 -0.911700
vn -0.309300 0.928100 -0.207500
vn -0.439300 0.004000 -0.898300
vn -0.391000 0.004000 -0.920400
vn -0.564600 0.003900 -0.825300
vn -0.726700 0.003900 -0.686900
vn 0.544200 -0.739900 -0.395400
vn 0.970400 -0.003900 0.241600
vn -0.405400 0.893600 -0.192900
vn -0.492600 0.855200 -0.161500
vn 0.835100 -0.003900 0.550100
vn 0.730400 -0.004000 -0.683100
vn -0.310000 -0.631900 -0.710300
vn 0.240100 -0.822500 -0.515600
vn 0.387600 -0.771200 -0.505000
vn 0.239600 -0.970200 0.035400
vn 0.404900 -0.459900 -0.790200
vn 0.090000 -0.981600 -0.168200
vn 0.569300 -0.451400 -0.687100
vn 0.619400 -0.004000 -0.785100
vn 0.506300 -0.757500 -0.412100
vn 0.728000 -0.413200 -0.547000
vn 0.774300 -0.004000 -0.632800
vn -0.317800 0.906300 -0.278600
vn 0.797600 -0.381100 -0.467500
vn 0.816700 -0.256500 -0.516900
vn 0.632400 -0.695200 -0.341700
vn -0.224300 0.893300 -0.389600
vn 0.830000 -0.365800 -0.421000
vn 0.631300 -0.764700 -0.129400
vn -0.270500 0.952900 -0.137300
vn 0.720200 -0.594200 -0.358100
vn -0.169200 0.932600 -0.318700
vn -0.137700 0.947900 -0.287100
vn 0.389400 0.704000 -0.593900
vn 0.397200 0.641000 -0.656800
vn 0.445600 0.004000 -0.895200
vn 0.280200 0.674800 -0.682700
vn 0.335100 0.003900 -0.942200
vn 0.215600 0.662500 -0.717400
vn 0.019700 0.619300 -0.784900
vn -0.154700 0.004000 -0.988000
vn -0.208400 0.554300 -0.805800
vn -0.351600 0.004000 -0.936200
vn -0.318700 0.625600 -0.712100
vn -0.511000 0.004000 -0.859600
vn -0.446000 0.398700 -0.801300
vn 0.887200 -0.003900 0.461300
vn -0.192800 0.916600 -0.350100
vn -0.438300 0.801500 -0.406700
vn 0.461400 -0.003900 -0.887200
vn 0.011700 -0.958300 -0.285500
vn -0.122200 0.973500 -0.193100
vn -0.051100 -0.923100 -0.381100
vn -0.232600 0.918600 -0.319400
vn -0.011800 0.999900 -0.011800
vn -0.090000 -0.896200 -0.434400
vn -0.051200 0.965300 -0.256100
vn -0.058500 -0.996100 -0.066400
vn 0.043100 0.998100 0.043000
vn 0.035200 0.997700 0.058700
vn 0.003800 0.921600 -0.388200
vn 0.027600 0.910000 -0.413600
vn 0.027600 0.917200 -0.397600
vn 0.019700 0.658100 -0.752700
vn -0.011800 0.632800 -0.774300
vn 0.067000 0.689600 -0.721100
vn 0.106900 0.003900 -0.994300
vn 0.011800 0.887200 -0.461300
vn 0.168800 0.600800 -0.781400
vn 0.368000 0.004000 -0.929800
vn 0.082300 0.795900 -0.599900
vn -0.161800 0.959000 -0.232800
vn 0.043200 0.860800 -0.507100
vn 0.248000 0.673100 -0.696700
vn 0.278700 0.671200 -0.686900
vn 0.404300 0.004000 -0.914600
vn 0.003900 0.943100 -0.332600
vn 0.303100 0.641600 -0.704600
vn 0.429800 0.004000 -0.902900
vn -0.256100 0.894500 -0.366500
vn 0.318900 0.633800 -0.704700
vn 0.486300 0.004000 -0.873800
vn -0.082400 0.969300 -0.231500
vn 0.326100 0.640400 -0.695400
vn 0.522600 0.004000 -0.852600
vn -0.113700 0.976300 -0.184300
vn 0.342100 0.664500 -0.664400
vn -0.812700 0.004000 -0.582700
vn -0.153300 0.970800 -0.184800
vn -0.168600 0.968300 -0.184300
vn 0.578300 -0.790700 -0.200700
vn 0.821600 -0.004000 -0.570000
vn 0.539600 -0.799500 -0.263900
vn 0.497200 -0.794600 -0.348400
vn 0.513800 -0.772700 -0.372600
vn 0.703100 -0.003900 -0.711100
vn -0.938700 0.003900 -0.344600
vn -0.098900 0.565600 -0.818700
vn -0.051300 0.004000 -0.998700
vn -0.200500 0.979000 0.035400
vn -0.169900 0.525500 -0.833700
vn -0.209800 0.004000 -0.977700
vn -0.160700 0.983600 -0.082300
vn 0.395900 -0.842800 -0.364600
vn 0.215500 -0.654300 -0.724900
vn 0.270900 -0.962000 -0.035300
vn 0.223100 -0.661400 -0.716100
vn 0.278400 -0.709800 -0.647100
vn -0.350600 0.933500 -0.074800
vn -0.249100 0.478400 -0.842100
vn -0.296400 0.304400 -0.905300
vn -0.358300 0.862200 -0.358200
vn -0.233500 0.407800 -0.882700
vn 0.846200 -0.161500 -0.507800
vn 0.334500 -0.767400 -0.547000
vn 0.270800 -0.726100 0.631900
vn 0.231700 -0.718500 0.655800
vn 0.136900 -0.043000 0.989700
vn 0.263800 -0.964500 -0.011800
vn -0.256400 0.966500 -0.011900
vn -0.122200 0.697800 0.705800
vn -0.003900 -0.027700 0.999600
vn -0.161600 0.697800 0.697800
vn -0.138500 0.708200 0.692300
vn -0.145900 0.003900 0.989300
vn 0.067000 -0.997100 0.035400
vn -0.130600 0.732000 0.668700
vn -0.019700 -0.714800 0.699000
vn -0.066500 -0.011700 0.997700
vn -0.051200 -0.996900 0.059100
vn -0.114500 0.769900 0.627800
vn -0.249000 0.027600 0.968100
vn -0.256300 0.035400 0.966000
vn -0.192100 -0.693900 0.693900
vn -0.223100 0.003900 0.974800
vn -0.271100 0.011800 0.962500
vn -0.240600 -0.690300 0.682400
vn -0.285500 0.011800 0.958300
vn 0.202300 0.971600 -0.123000
vn -0.011900 0.812600 0.582700
vn -0.303300 -0.689400 0.657800
vn 0.027800 0.838400 0.544300
vn -0.232100 0.043200 0.971700
vn -0.241400 -0.953900 0.178100
vn -0.312100 -0.683500 0.659800
vn 0.027600 0.831100 0.555400
vn -0.247500 -0.681100 0.689100
vn -0.153500 0.027600 0.987800
vn -0.130200 0.035500 0.990800
vn 0.011900 0.771100 0.636600
vn -0.114400 -0.674300 0.729500
vn 0.003900 0.683000 0.730400
vn -0.019800 0.019700 0.999600
vn 0.209100 0.958600 -0.193300
vn -0.115100 -0.980000 0.162700
vn 0.059100 -0.627000 0.776800
vn 0.019800 -0.992300 0.122500
vn 0.231600 -0.569100 0.789000
vn 0.348900 -0.019600 0.937000
vn 0.027700 0.614300 0.788600
vn 0.091300 0.011900 0.995800
vn 0.334500 -0.547000 0.767400
vn 0.161900 -0.983300 0.082900
vn 0.231900 -0.970900 0.059000
vn 0.075400 0.598900 0.797300
vn 0.177800 0.011800 0.984000
vn -0.233200 -0.525600 0.818100
vn 0.144500 -0.667700 -0.730300
vn 0.066800 -0.955600 -0.287000
vn 0.035200 -0.066500 0.997200
vn -0.129400 -0.857600 -0.497700
vn -0.191500 -0.895100 -0.402600
vn -0.238300 -0.777400 -0.582100
vn -0.082100 0.011700 -0.996600
vn 0.106100 0.970600 -0.216100
vn 0.027300 0.996900 -0.074300
vn 0.286200 0.937100 -0.200000
vn -0.247200 -0.741500 -0.623800
vn 0.003900 0.058700 0.998300
vn 0.396400 0.914400 -0.082400
vn -0.160000 -0.761200 -0.628500
vn -0.105500 0.105500 0.988800
vn 0.404300 0.914600 -0.011800
vn -0.089700 -0.753100 -0.651700
vn -0.184900 0.145600 0.971900
vn 0.378500 0.924900 0.035100
vn -0.043100 -0.748200 -0.662000
vn 0.215900 -0.168800 -0.961700
vn 0.325400 0.944900 0.035300
vn -0.011700 -0.763300 -0.645900
vn 0.199600 -0.160500 -0.966600
vn 0.230500 0.972900 -0.019500
vn 0.035300 -0.787600 -0.615200
vn 0.129400 -0.121600 -0.984100
vn 0.066700 0.992100 -0.105900
vn 0.090000 -0.801900 -0.590600
vn 0.043200 -0.098200 -0.994200
vn -0.113600 0.982900 -0.144900
vn 0.121500 -0.819200 -0.560500
vn 0.058800 0.113700 0.991800
vn -0.230800 0.958400 -0.168200
vn 0.144800 -0.841500 -0.520500
vn -0.168600 -0.184200 -0.968300
vn -0.310300 0.930900 -0.192500
vn 0.159900 -0.853900 -0.495200
vn -0.231300 -0.231300 -0.945000
vn -0.390900 0.896300 -0.209300
vn 0.200100 -0.843600 -0.498300
vn -0.215200 -0.223000 -0.950800
vn -0.459200 0.867300 -0.192300
vn 0.270600 -0.804000 -0.529400
vn -0.137200 -0.168500 -0.976100
vn -0.522000 0.836100 -0.168800
vn 0.342600 -0.752100 -0.563100
vn -0.051000 -0.113700 -0.992200
vn -0.577800 0.805800 -0.129700
vn 0.396000 -0.701900 -0.592100
vn -0.011700 0.074300 0.997200
vn 0.066600 -0.121400 -0.990400
vn 0.427200 -0.709400 -0.560500
vn 0.633100 -0.766800 0.106200
vn -0.616400 0.781300 -0.098200
vn -0.595700 0.382700 -0.706200
vn -0.583900 0.361500 -0.726900
vn 0.360300 0.249500 0.898900
vn -0.552400 0.361600 -0.751100
vn 0.327900 0.296300 0.897000
vn -0.003900 0.829000 0.559200
vn -0.503600 0.368800 -0.781200
vn 0.296300 0.280600 0.913000
vn -0.027700 0.844300 0.535200
vn -0.263300 0.954900 -0.137500
vn -0.446000 0.382800 -0.809100
vn 0.272900 -0.953100 0.130500
vn 0.272400 -0.635600 0.722400
vn -0.059200 0.817600 0.572700
vn 0.242200 0.266000 0.933000
vn 0.294400 -0.647700 0.702700
vn -0.066600 0.121300 0.990400
vn 0.303100 -0.948700 0.090500
vn 0.334900 -0.642200 0.689500
vn 0.051000 0.113800 0.992200
vn -0.107100 0.781400 0.614800
vn 0.358100 -0.932700 0.043300
vn 0.405600 -0.618200 0.673300
vn 0.137200 0.168600 0.976100
vn 0.185400 0.248600 0.950700
vn 0.461100 -0.595100 0.658200
vn 0.215200 0.223100 0.950800
vn 0.397600 -0.917300 0.019700
vn -0.146400 0.756300 0.637600
vn 0.444100 -0.601300 0.664200
vn 0.231300 0.231400 0.945000
vn 0.397700 -0.917400 0.011800
vn -0.177400 0.745300 0.642700
vn 0.340300 -0.661000 0.668800
vn 0.168600 0.184300 0.968300
vn 0.318500 -0.947800 0.011800
vn 0.176800 -0.719200 0.672000
vn 0.193100 -0.981200 -0.004000
vn -0.169200 0.753700 0.635000
vn -0.154900 0.766400 0.623400
vn -0.003900 -0.745400 0.666600
vn -0.043200 0.098300 0.994200
vn 0.051300 -0.998300 -0.027600
vn -0.184400 -0.725700 0.662900
vn -0.129400 0.121500 0.984100
vn -0.083200 -0.994800 -0.059400
vn -0.122900 0.773000 0.622400
vn -0.067300 0.780300 0.621800
vn -0.319300 -0.674000 0.666100
vn -0.199600 0.160400 0.966700
vn -0.201600 -0.976600 -0.075100
vn -0.359200 -0.627600 0.690700
vn -0.272800 -0.960700 -0.051400
vn -0.011900 0.771100 0.636600
vn 0.043600 0.756000 0.653100
vn -0.326700 -0.602300 0.728300
vn -0.311400 -0.950100 0.019700
vn -0.265000 -0.589300 0.763300
vn -0.328600 -0.938400 0.106900
vn 0.106500 0.737700 0.666700
vn 0.170100 0.723900 0.668600
vn -0.201200 -0.595900 0.777400
vn -0.343700 -0.920500 0.185700
vn -0.122600 -0.604900 0.786800
vn -0.328200 -0.913300 0.241200
vn 0.241800 0.709500 0.661900
vn 0.288800 0.700300 0.652800
vn -0.035300 -0.623800 0.780800
vn -0.224500 -0.933500 0.279600
vn -0.011800 -0.628000 0.778100
vn -0.233200 -0.525700 0.818100
vn -0.201500 -0.904700 0.375300
vn -0.913100 -0.383400 0.138400
vn 0.066800 -0.955600 -0.287100
vn -0.153100 -0.514200 0.843900
vn 0.957300 0.098500 -0.271800
vn -0.470900 -0.850800 0.233400
vn -0.209400 -0.857400 0.470200
vn -0.209100 -0.974400 0.082800
vn 0.218500 0.862200 0.456900
vn 0.980400 0.131000 0.146900
vn 0.345600 0.679200 0.647500
vn 0.138900 0.074900 0.987500
vn -0.963200 0.099100 -0.249800
vn 0.947100 -0.004000 0.321000
vn -0.311100 0.949000 0.051300
vn 0.264800 0.731300 0.628500
vn 0.091200 0.043600 0.994900
vn -0.138400 0.557500 -0.818500
vn -0.168900 0.985600 -0.003900
vn -0.035700 -0.091200 -0.995200
vn 0.177200 0.539600 -0.823100
vn -0.051400 0.170000 0.984100
vn 0.335000 0.484800 -0.808000
vn -0.129800 0.232200 0.964000
vn 0.415100 0.470400 -0.778800
vn -0.178000 0.273000 0.945400
vn 0.453400 0.477000 -0.752900
vn -0.201400 0.288300 0.936100
vn 0.427400 0.482300 -0.764700
vn -0.193400 0.296000 0.935400
vn 0.334500 0.499800 -0.798900
vn -0.146800 0.281700 0.948200
vn 0.161400 0.507800 -0.846300
vn -0.091100 0.257400 0.962000
vn -0.027700 0.501500 -0.864700
vn -0.019700 0.224800 0.974200
vn 0.043400 0.217200 0.975200
vn -0.256700 0.462000 -0.848900
vn 0.114300 0.232600 0.965800
vn -0.359000 0.422100 -0.832400
vn -0.445800 0.430000 0.785100
vn -0.519200 0.329000 0.788800
vn -0.381000 0.923100 0.051100
vn 0.334700 -0.940900 -0.051200
vn -0.335000 0.484800 0.808000
vn 0.019600 -0.843200 0.537300
vn 0.257300 -0.962000 -0.091000
vn -0.265900 0.504100 0.821700
vn 0.035400 -0.846400 0.531400
vn -0.357800 -0.412900 0.837500
vn -0.169900 0.975700 0.138300
vn -0.209500 0.510000 0.834300
vn 0.035600 -0.849900 0.525700
vn -0.286900 -0.420500 0.860700
vn 0.626600 -0.429600 -0.650200
vn -0.067300 0.977100 0.201800
vn -0.162000 0.501900 0.849600
vn 0.559900 -0.387700 -0.732200
vn 0.435900 -0.899300 -0.035300
vn -0.215900 -0.380800 0.899100
vn -0.027600 -0.864700 0.501500
vn 0.419100 -0.904900 -0.074400
vn -0.138200 0.880300 -0.453900
vn 0.436400 -0.444300 -0.782400
vn -0.200300 -0.349600 0.915200
vn -0.145800 0.871100 -0.469000
vn 0.208700 0.515800 -0.830900
vn 0.356700 -0.929100 -0.098000
vn 0.177700 0.454300 -0.873000
vn -0.153400 0.861600 -0.483900
vn 0.106500 0.398300 -0.911000
vn -0.335000 0.484800 0.807900
vn 0.278100 -0.951800 -0.129300
vn 0.106300 0.365900 -0.924600
vn -0.266000 0.504100 0.821700
vn -0.122100 0.870600 -0.476600
vn 0.138600 0.360300 -0.922500
vn -0.209500 0.510000 0.834200
vn -0.051000 0.898700 -0.435600
vn 0.201500 0.375300 -0.904700
vn -0.162000 0.501800 0.849700
vn 0.074400 0.928300 -0.364300
vn 0.192500 -0.962300 -0.192400
vn 0.066700 -0.960400 -0.270400
vn 0.296700 0.383800 -0.874400
vn -0.106900 0.486800 0.866900
vn 0.247800 0.932300 -0.263500
vn 0.382600 0.366800 -0.848000
vn -0.043400 0.460900 0.886400
vn 0.412600 0.892000 -0.184700
vn -0.098000 -0.929100 -0.356700
vn -0.246800 -0.873700 -0.419200
vn 0.413500 0.334800 -0.846700
vn -0.004000 0.445600 0.895200
vn 0.495200 0.853900 -0.159900
vn 0.335500 0.335500 -0.880300
vn 0.027700 0.439100 0.898000
vn 0.429100 0.885700 -0.177100
vn -0.325600 -0.843300 -0.427600
vn -0.293100 -0.855900 -0.426000
vn 0.137800 0.373900 -0.917200
vn 0.059200 0.438500 0.896800
vn 0.230900 0.950600 -0.207300
vn -0.003900 0.420300 -0.907400
vn 0.059700 0.425600 0.903000
vn 0.066900 0.972200 -0.224400
vn -0.191700 -0.880200 -0.434200
vn -0.089700 -0.900700 -0.425000
vn -0.059100 0.444900 -0.893600
vn 0.051500 0.416200 0.907800
vn -0.003900 0.978100 -0.208200
vn -0.098800 0.462300 -0.881200
vn 0.067300 0.399700 0.914200
vn -0.043100 0.975600 -0.215500
vn -0.019500 -0.911500 -0.410800
vn -0.011700 -0.918700 -0.394800
vn -0.161300 0.452300 -0.877100
vn 0.099100 0.408100 0.907500
vn -0.098200 0.969700 -0.223800
vn -0.265000 0.454800 -0.850300
vn 0.217800 0.431700 0.875300
vn -0.121900 0.963100 -0.239800
vn 0.027500 -0.924000 -0.381400
vn 0.027300 -0.934200 -0.355700
vn -0.232000 0.452200 -0.861200
vn 0.376300 0.431700 0.819800
vn -0.043300 0.949400 -0.311200
vn -0.524200 0.476900 -0.705600
vn 0.470900 0.850700 -0.233500
vn 0.913200 0.383400 -0.138400
vn -0.066900 0.955600 0.287000
vn -0.082000 -0.855300 -0.511600
vn -0.003900 -0.904400 -0.426700
vn 0.271000 0.019700 0.962400
vn -0.121100 -0.199200 -0.972500
vn -0.105800 -0.309700 -0.944900
vn 0.264000 -0.658000 0.705300
vn 0.381500 -0.782800 0.491700
vn 0.279600 -0.949000 0.145700
vn -0.113500 -0.356200 -0.927500
vn 0.232200 -0.531300 0.814700
vn 0.193000 -0.965100 0.177300
vn -0.105600 -0.379400 -0.919200
vn 0.208700 -0.476200 0.854200
vn 0.193400 -0.951100 0.240700
vn 0.122500 0.944700 0.304300
vn 0.067000 0.997100 0.035500
vn -0.470900 -0.850700 0.233400
vn 0.003900 0.906000 0.423300
vn 0.217900 0.431700 0.875300
vn 0.162100 -0.952700 0.257000
vn -0.027600 0.890100 0.455000
vn 0.099100 0.408200 0.907500
vn 0.177100 -0.429100 0.885700
vn 0.162200 -0.945900 0.281000
vn -0.043400 0.881400 0.470300
vn -0.082100 -0.386900 -0.918500
vn -0.027700 0.890100 0.455000
vn 0.051500 0.416300 0.907800
vn -0.058700 -0.387600 -0.920000
vn 0.129600 -0.381100 0.915400
vn -0.011800 -0.388200 -0.921500
vn -0.035500 -0.334900 0.941600
vn -0.130200 -0.911300 0.390600
vn -0.231500 -0.286400 0.929700
vn 0.019600 -0.420300 -0.907200
vn 0.107000 0.891700 0.439900
vn 0.059700 0.425600 0.902900
vn -0.376100 -0.843300 0.384000
vn 0.256800 0.857200 0.446400
vn 0.059300 0.438500 0.896800
vn -0.350200 -0.255800 0.901100
vn -0.495700 -0.797100 0.344900
vn 0.321500 0.829600 0.456500
vn 0.027700 0.439200 0.898000
vn 0.027400 -0.426600 -0.904000
vn 0.328600 0.827500 0.455300
vn -0.003900 0.445700 0.895200
vn 0.074500 -0.435000 -0.897400
vn -0.374000 -0.248000 0.893600
vn 0.153000 -0.474600 -0.866800
vn -0.380000 -0.254600 0.889300
vn -0.516000 -0.791800 0.326900
vn -0.486600 -0.803000 0.344200
vn -0.372400 -0.262700 0.890100
vn 0.223400 -0.489900 -0.842700
vn 0.280600 0.857700 0.430800
vn -0.043300 0.461000 0.886400
vn -0.406700 -0.833000 0.375100
vn 0.177800 0.912900 0.367500
vn -0.106900 0.486900 0.866900
vn -0.318600 -0.295000 0.900800
vn -0.272400 -0.864500 0.422400
vn 0.051500 0.955800 0.289500
vn -0.138100 -0.872000 0.469500
vn -0.246800 -0.325200 0.912900
vn 0.342000 -0.483500 -0.805800
vn 0.279900 -0.492800 -0.823900
vn -0.168900 -0.545800 -0.820700
vn -0.144600 -0.558800 -0.816600
vn -0.347900 -0.879600 -0.324500
vn -0.310000 -0.898800 -0.310000
vn -0.206800 -0.503400 -0.838900
vn 0.365700 0.845400 -0.389300
vn -0.254800 -0.921200 -0.294000
vn -0.239400 -0.451400 -0.859600
vn 0.293900 0.866300 -0.403800
vn 0.075100 0.201600 -0.976600
vn -0.239400 -0.930100 -0.278600
vn -0.237900 -0.362700 -0.901000
vn 0.192300 0.890700 -0.412000
vn 0.011900 0.224900 -0.974300
vn 0.273200 0.574000 0.771900
vn -0.238900 -0.928000 -0.285800
vn -0.208000 -0.278600 -0.937600
vn 0.290300 0.560700 0.775500
vn 0.392300 0.867800 0.305100
vn -0.067100 0.272600 -0.959800
vn 0.153100 0.883100 -0.443500
vn 0.366700 0.879400 0.303600
vn -0.415600 -0.835200 0.360200
vn 0.328900 0.542900 0.772700
vn -0.091000 0.312600 -0.945500
vn -0.343900 -0.873700 0.343900
vn -0.192400 -0.192500 0.962300
vn 0.353400 0.901400 0.250200
vn -0.121400 -0.223200 0.967200
vn -0.144500 -0.558700 -0.816700
vn -0.225200 -0.905400 0.359800
vn 0.019700 -0.294800 0.955300
vn -0.206800 -0.503300 -0.839000
vn 0.375900 0.906100 0.193900
vn 0.098500 -0.343000 0.934200
vn -0.185300 -0.894900 0.406000
vn 0.106100 -0.404900 0.908200
vn -0.238000 -0.362700 -0.901000
vn -0.161200 -0.885100 0.436700
vn 0.090300 -0.474900 0.875400
vn -0.207900 -0.278600 -0.937600
vn -0.114000 -0.900100 0.420500
vn 0.367500 0.912900 0.177800
vn 0.321000 0.923500 0.210100
vn 0.074600 -0.530300 0.844500
vn 0.199800 0.231200 0.952200
vn -0.074700 -0.924500 0.373800
vn 0.098700 -0.556500 0.824900
vn 0.223000 0.215200 0.950800
vn -0.043400 -0.941300 0.334800
vn 0.265500 0.931200 0.249700
vn 0.193300 0.935400 0.296000
vn 0.168500 -0.560300 0.811000
vn -0.270400 -0.223300 -0.936500
vn 0.011900 -0.952500 0.304300
vn 0.224700 -0.555900 0.800300
vn -0.269900 -0.230800 -0.934800
vn 0.075200 -0.961300 0.265100
vn 0.130300 0.935700 0.327700
vn 0.091300 0.924900 0.369100
vn 0.232600 -0.563800 0.792500
vn -0.207700 -0.223400 -0.952300
vn 0.130000 -0.965800 0.224500
vn 0.208500 -0.586200 0.782900
vn -0.129300 -0.215500 -0.967900
vn 0.177100 -0.972100 0.153500
vn 0.043600 0.908100 0.416400
vn -0.043400 0.873000 0.485900
vn 0.161200 -0.601600 0.782400
vn -0.011800 -0.215600 -0.976400
vn 0.239800 -0.963100 0.121900
vn -0.121400 0.223200 0.967200
vn 0.263600 -0.955900 0.129800
vn -0.170300 0.827700 0.534600
vn -0.257700 0.804600 0.535000
vn -0.011800 -0.624200 0.781200
vn -0.239600 0.216000 0.946500
vn 0.224500 -0.964700 0.137900
vn -0.208100 -0.718600 0.663600
vn 0.364900 -0.176500 -0.914200
vn 0.114700 -0.992800 0.035600
vn -0.258100 0.814100 0.520200
vn -0.248400 0.879400 0.406200
vn -0.067100 0.990200 0.122300
vn -0.256800 -0.691300 0.675400
vn 0.413700 -0.122100 -0.902200
vn 0.365200 -0.121700 -0.922900
vn 0.962200 -0.110400 0.249100
vn 0.980500 0.130900 0.146900
vn -0.209100 -0.974400 0.082900
vn -0.130700 0.978000 0.162300
vn -0.225100 0.849100 0.477900
vn -0.216900 0.855900 0.469400
vn -0.177400 -0.067000 0.981800
vn -0.225200 0.731000 0.644100
vn -0.739100 -0.567000 0.363700
vn -0.194200 0.677600 0.709300
vn -0.951100 0.146000 0.272300
vn -0.194100 0.669500 0.717000
vn 0.019600 0.921400 -0.388100
vn 0.066900 0.854200 -0.515700
vn -0.991600 0.043100 0.121500
vn -0.130100 0.626600 0.768400
vn -0.568800 -0.545200 -0.615800
vn -0.750700 -0.334100 0.569900
vn -0.620700 -0.566000 -0.542600
vn -0.388200 -0.913500 -0.121600
vn 0.396800 0.915500 0.066800
vn -0.129900 0.878000 -0.460700
vn -0.193400 0.517500 -0.833500
vn -0.153600 0.878200 -0.452900
vn 0.043500 0.272900 0.961100
vn -0.193200 0.532400 -0.824200
vn 0.011800 0.287700 0.957700
vn -0.059400 0.265300 0.962300
vn -0.169500 0.626600 -0.760700
vn 0.067200 -0.201700 -0.977100
vn -0.160600 0.897200 -0.411400
vn -0.051300 -0.177600 -0.982800
vn -0.185400 0.611500 -0.769200
vn -0.162400 -0.217800 -0.962400
vn -0.224600 0.618800 -0.752800
vn 0.202300 0.273800 0.940300
vn -0.232300 0.626100 -0.744300
vn 0.217600 0.296800 0.929800
vn -0.193000 0.610500 -0.768100
vn 0.233800 0.305100 0.923200
vn -0.177300 0.594900 -0.784000
vn 0.304400 0.296500 0.905200
vn -0.161800 0.627500 -0.761600
vn 0.352800 0.329000 0.876000
vn -0.169100 0.609400 -0.774600
vn 0.360100 0.399700 0.842900
vn -0.162300 0.550100 -0.819200
vn 0.384900 0.464300 0.797600
vn -0.130400 0.438600 -0.889200
vn 0.368100 0.518500 0.771800
vn -0.106200 0.365900 -0.924600
vn 0.129500 0.882900 -0.451300
vn 0.090600 0.902200 -0.421600
vn -0.208000 -0.922300 -0.325800
vn -0.190900 -0.915400 -0.354500
vn 0.043300 0.932700 -0.358100
vn -0.183600 -0.910200 -0.371200
vn 0.027600 0.957400 -0.287600
vn -0.168600 -0.906000 -0.388300
vn -0.269900 -0.230700 -0.934800
vn -0.003900 0.969000 -0.247100
vn -0.043100 0.968100 -0.246900
vn -0.066400 -0.886900 -0.457100
vn -0.129300 -0.215600 -0.967900
vn -0.090400 0.970400 -0.223900
vn 0.019500 -0.863500 -0.504000
vn -0.011700 -0.215700 -0.976400
vn -0.160900 0.969600 -0.184500
vn 0.098000 -0.842800 -0.529200
vn 0.121400 -0.223300 -0.967200
vn -0.215100 0.965800 -0.144700
vn 0.191500 -0.832500 -0.519900
vn -0.239800 0.963100 -0.121900
vn 0.270800 -0.828200 -0.490700
vn -0.247800 0.963800 -0.098300
vn 0.333200 -0.819300 -0.466500
vn -0.231400 0.968700 -0.090200
vn 0.371600 -0.794000 -0.481100
vn 0.365200 -0.121800 -0.922900
vn -0.200900 0.972900 -0.114200
vn 0.467700 -0.734800 -0.491200
vn 0.963200 -0.099100 0.249700
vn 0.947100 -0.003900 0.321000
vn 0.311100 -0.949000 -0.051200
vn -0.200900 0.957100 -0.208800
vn -0.106100 0.930900 -0.349600
vn -0.082100 -0.855300 -0.511600
vn 0.388100 0.027400 0.921200
vn -0.183300 -0.900700 -0.393800
vn 0.066900 -0.955600 -0.287100
vn -0.309100 0.027300 -0.950600
vn 0.144500 -0.667800 -0.730200
vn -0.176200 -0.904800 -0.387800
vn -0.200400 -0.939200 -0.279000
vn 0.027400 0.996900 -0.074300
vn -0.168700 -0.945500 -0.278500
vn -0.090300 -0.923300 -0.373200
vn -0.230500 -0.004000 -0.973100
vn -0.089800 -0.956600 -0.277200
vn -0.168400 -0.982900 -0.074400
vn -0.145200 -0.985300 -0.090300
vn 0.168800 -0.985600 0.003900
vn 0.098100 0.992400 -0.074500
vn -0.311000 0.949000 0.051200
vn 0.121700 0.922900 -0.365200
vn -0.106000 0.930900 -0.349600
vn 0.152900 0.952700 -0.262700
vn 0.105800 0.842100 -0.528800
vn 0.177400 0.067000 -0.981900
vn 0.232300 0.011800 -0.972600
vn 0.170000 -0.035600 -0.984800
vn 0.121700 0.867300 -0.482700
vn 0.082500 0.884200 -0.459800
vn 0.138100 -0.019700 -0.990200
vn -0.074700 -0.995000 -0.066900
vn 0.066900 0.885200 -0.460300
vn 0.114800 -0.004000 -0.993400
vn 0.051200 0.973100 -0.224600
vn 0.058800 0.890500 -0.451200
vn 0.082500 0.892200 -0.444100
vn -0.162500 0.004000 0.986700
vn 0.177900 -0.011900 -0.984000
vn 0.050800 0.973500 -0.222900
vn 0.090300 0.899200 -0.428000
vn 0.074800 0.971700 -0.224200
vn 0.058900 0.915900 -0.397000
vn -0.114800 0.011900 0.993300
vn 0.004000 -0.011800 -0.999900
vn 0.090500 0.972100 -0.216400
vn -0.003900 0.930900 -0.365300
vn -0.043400 -0.011800 -0.999000
vn 0.011800 0.976400 -0.215700
vn -0.003900 0.933500 -0.358400
vn -0.027700 -0.011800 -0.999500
vn 0.003900 0.974800 -0.223100
vn 0.003900 0.974800 -0.223200
vn 0.011700 0.937100 -0.349000
vn 0.027600 -0.011800 -0.999500
vn 0.011700 0.974700 -0.223100
vn 0.011800 0.933500 -0.358400
vn 0.043400 -0.011800 -0.999000
vn 0.011800 0.972600 -0.232300
vn 0.003900 0.999400 -0.035300
vn -0.003900 -0.011800 -0.999900
vn -0.003900 0.970800 -0.239800
vn -0.003900 0.928200 -0.372100
vn -0.011800 -0.011800 -0.999900
vn 0.011700 0.928100 -0.372000
vn 0.011900 -0.011800 -0.999900
vn 0.011800 -0.011800 -0.999900
vn 0.011800 0.930800 -0.365300
vn 0.004000 0.930900 -0.365300
vn -0.027600 -0.011800 -0.999500
vn -0.011700 0.928100 -0.372000
vn -0.019600 0.921400 -0.388200
vn -0.035600 -0.003900 -0.999400
vn -0.011700 0.974700 -0.223100
vn 0.035300 0.906800 -0.420000
vn 0.090500 -0.003900 -0.995900
vn -0.011800 0.978000 -0.208200
vn 0.011800 0.981100 -0.193100
vn 0.075000 0.887900 -0.453800
vn -0.177800 0.011900 0.984000
vn 0.035400 0.980600 -0.193000
vn 0.066900 0.877000 -0.475900
vn 0.122600 -0.011900 -0.992400
vn 0.051300 -0.011900 -0.998600
vn 0.043200 0.978800 -0.200400
vn 0.043200 0.883200 -0.467000
vn 0.019600 0.899700 -0.436100
vn 0.035300 0.977500 -0.208100
vn 0.011800 0.914600 -0.404300
vn -0.019800 -0.011800 -0.999700
vn 0.027500 0.977700 -0.208100
vn 0.019600 0.977900 -0.208100
vn -0.145800 -0.011800 -0.989200
vn 0.074800 -0.003900 -0.997200
vn 0.170100 -0.003900 -0.985400
vn 0.058800 0.938000 -0.341500
vn 0.232300 -0.011800 -0.972600
vn 0.003900 1.000000 0.003900
vn 0.058700 0.935500 -0.348400
vn 0.153600 -0.011800 -0.988100
vn 0.067000 -0.011800 -0.997700
vn 0.035200 0.974200 -0.223000
vn 0.035400 0.972000 -0.232200
vn 0.027500 0.939300 -0.341900
vn 0.003900 0.999900 -0.011800
vn 0.011800 0.999300 -0.035300
vn 0.027500 0.970500 -0.239700
vn 0.003900 0.942200 -0.335100
vn 0.003900 -0.003900 -1.000000
vn 0.003900 0.972600 -0.232300
vn -0.019600 0.942900 -0.332600
vn -0.059100 -0.003900 -0.998200
vn -0.011800 0.972600 -0.232300
vn -0.043300 0.941300 -0.334800
vn -0.130300 -0.003900 -0.991500
vn -0.027400 0.976100 -0.215600
vn -0.003900 0.997800 -0.066500
vn -0.035300 0.944900 -0.325400
vn -0.011700 0.981400 -0.191600
vn 0.003900 0.947900 -0.318600
vn -0.011900 -0.003900 -0.999900
vn 0.011800 0.984200 -0.176500
vn 0.003900 0.999100 -0.043100
vn 0.027500 0.947500 -0.318500
vn 0.090500 -0.011800 -0.995800
vn 0.011700 0.984200 -0.176500
vn 0.027500 0.945100 -0.325500
vn 0.074900 -0.011800 -0.997100
vn 0.019600 0.982700 -0.184000
vn 0.019600 0.945300 -0.325600
vn 0.051300 -0.011800 -0.998600
vn 0.035600 -0.011800 -0.999300
vn 0.019500 0.981300 -0.191600
vn 0.011800 0.945400 -0.325600
vn 0.027700 -0.011800 -0.999500
vn 0.043500 -0.019700 -0.998900
vn 0.011800 0.978000 -0.208300
vn 0.011700 0.943000 -0.332600
vn 0.027700 -0.027600 -0.999200
vn 0.003900 0.976500 -0.215700
vn 0.011700 0.999000 -0.043100
vn 0.011800 0.942100 -0.335100
vn 0.003900 -0.035500 -0.999400
vn 0.003900 0.943000 -0.332600
vn 0.004000 -0.027600 -0.999600
vn 0.011800 0.970800 -0.239700
vn 0.003900 0.998300 -0.058700
vn 0.003900 0.945500 -0.325600
vn -0.011800 -0.978000 -0.208200
vn -0.003900 0.945500 -0.325600
vn -0.011800 -0.019700 -0.999700
vn -0.027700 -0.019700 -0.999400
vn -0.011800 0.939600 -0.342000
vn -0.043400 -0.019700 -0.998900
vn -0.004000 0.976400 -0.215800
vn 0.011800 0.974700 -0.223100
vn -0.003900 0.943000 -0.332600
vn 0.011700 0.997700 -0.066500
vn -0.004000 0.981200 -0.193100
vn 0.003900 0.998700 -0.050900
vn 0.003900 0.999600 -0.027400
vn 0.003900 0.982900 -0.184100
vn 0.011800 0.999900 -0.011800
vn -0.003900 0.953300 -0.302100
vn -0.059200 -0.011800 -0.998200
vn -0.004000 -0.003900 -1.000000
vn 0.003900 0.960500 -0.278300
vn 0.019600 0.960300 -0.278300
vn 0.059200 -0.011800 -0.998200
vn 0.067100 -0.011800 -0.997700
vn 0.004000 0.985600 -0.168900
vn 0.011800 0.985600 -0.168800
vn 0.027500 0.962200 -0.271000
vn 0.074800 -0.011800 -0.997100
vn 0.082700 -0.011800 -0.996500
vn 0.019600 0.984100 -0.176400
vn 0.027400 0.982500 -0.184000
vn 0.027400 0.960100 -0.278200
vn 0.106900 -0.011800 -0.994200
vn 0.019500 0.982700 -0.184000
vn 0.035400 0.954900 -0.294700
vn 0.130300 -0.011800 -0.991400
vn 0.019700 0.979500 -0.200600
vn 0.019600 0.998500 -0.050900
vn 0.043200 0.954600 -0.294600
vn 0.130400 -0.003900 -0.991500
vn 0.027400 0.974400 -0.223100
vn 0.138100 -0.003900 -0.990400
vn 0.043300 0.973500 -0.224700
vn 0.011800 0.998600 -0.050900
vn 0.043300 0.941300 -0.334800
vn 0.145800 0.004000 -0.989300
vn 0.059000 0.915900 -0.397000
vn 0.035200 0.997200 -0.066500
vn 0.035400 0.970200 -0.239600
vn 0.082800 0.895300 -0.437800
vn 0.177800 -0.003900 -0.984100
vn -1.000000 -0.003900 0.004000
vn 0.043100 0.968100 -0.246900
vn 0.082700 0.995900 -0.035400
vn 0.027300 0.996900 -0.074400
vn 0.027400 0.997900 -0.058700
vn -0.082100 -0.918400 -0.386900
vn -0.199100 0.019500 -0.979800
vn -0.051000 -0.984400 -0.168600
vn -0.066600 -0.912600 -0.403400
vn -0.161200 0.027400 -0.986500
vn -0.043100 -0.983400 -0.176300
vn -0.058800 -0.913100 -0.403600
vn -0.144700 0.027300 -0.989100
vn -0.035200 -0.983700 -0.176400
vn -0.050900 -0.920400 -0.387700
vn -0.129400 0.011700 -0.991500
vn -0.043000 -0.927300 -0.371700
vn -0.027400 -0.983900 -0.176400
vn -0.042900 -0.933700 -0.355500
vn -0.106100 -0.004000 -0.994300
vn -0.019700 -0.986700 -0.161100
vn -0.035200 -0.936600 -0.348700
vn -0.089800 0.003900 -0.995900
vn -0.019500 -0.988100 -0.152300
vn -0.035300 -0.936500 -0.348800
vn -0.019700 -0.986700 -0.161200
vn -0.027500 -0.939300 -0.341900
vn -0.066500 0.011700 -0.997700
vn -0.058700 0.011700 -0.998200
vn 0.019600 0.999200 -0.035300
vn -0.019500 -0.939400 -0.342200
vn -0.019700 -0.985500 -0.168800
vn 0.011700 0.999600 -0.027400
vn -0.011800 -0.985600 -0.168900
vn -0.027300 -0.940200 -0.339400
vn 0.003900 0.999800 -0.019600
vn -0.003900 -0.984300 -0.176500
vn -0.003900 -0.939700 -0.342100
vn 0.003900 0.019500 -0.999800
vn -0.011700 -0.999700 0.019600
vn -0.003900 -0.982900 -0.184000
vn 0.019600 -0.934400 -0.355800
vn 0.066500 0.019500 -0.997600
vn 0.043100 0.019500 -0.998900
vn -0.003900 -0.981500 -0.191600
vn 0.011700 -0.928100 -0.372100
vn -0.011700 -0.981400 -0.191600
vn -0.003900 -0.921600 -0.388200
vn 0.011700 0.027400 -0.999600
vn -0.003900 -0.911700 -0.410800
vn 0.003900 0.027400 -0.999600
vn 0.019600 0.019600 -0.999600
vn 0.011700 -0.904300 -0.426700
vn -0.003900 -0.978100 -0.208200
vn 0.003900 0.997800 -0.066600
vn -0.003900 -0.976500 -0.215700
vn 0.027400 -0.888600 -0.458000
vn -0.144700 -0.003900 0.989500
vn -0.371900 0.027400 0.927900
vn 0.161200 -0.027500 -0.986500
vn 0.003900 -0.011700 -0.999900
vn -0.011700 -0.976400 -0.215600
vn -0.011700 -0.880700 -0.473600
vn -0.027400 0.003900 -0.999600
vn 0.011800 0.997700 -0.066500
vn -0.011800 -0.976400 -0.215600
vn -0.019600 -0.875500 -0.482900
vn -0.074300 -0.011700 -0.997200
vn -0.027500 -0.875300 -0.482800
vn -0.035100 -0.893100 -0.448500
vn -0.121700 0.003900 -0.992600
vn -0.043100 -0.913800 -0.403900
vn -0.161200 0.003900 -0.986900
vn 0.011800 0.999600 -0.027400
vn 0.019600 0.999700 -0.011800
vn -0.019600 -0.977900 -0.208100
vn 0.011800 0.999900 -0.003900
vn -0.035400 -0.979000 -0.200500
vn -0.058900 -0.922700 -0.380900
vn -0.027400 -0.981100 -0.191500
vn -0.011800 -0.999700 0.019600
vn -0.027300 -0.925100 -0.378600
vn -0.050900 0.011700 -0.998600
vn -0.019700 -0.979500 -0.200600
vn -0.019600 -0.976300 -0.215600
vn -0.003900 -0.914600 -0.404300
vn -0.035300 -0.019600 0.999200
vn 0.011800 0.019600 -0.999700
vn -0.003900 -0.892100 -0.451900
vn 0.019700 -0.875400 -0.482900
vn 0.043000 0.019600 -0.998900
vn 0.011700 -0.974700 -0.223100
vn 0.035300 -0.866500 -0.497900
vn 0.074300 0.019500 -0.997000
vn 0.019600 -0.972900 -0.230500
vn 0.019700 -0.970600 -0.239700
vn 0.019600 -0.970600 -0.239700
vn 0.058700 0.019600 -0.998100
vn 0.019700 -0.883800 -0.467400
vn -0.011700 -0.011800 0.999900
vn 0.011700 -0.973000 -0.230600
vn -0.003900 -0.907400 -0.420300
vn -0.043100 0.011700 -0.999000
vn -0.035200 -0.927600 -0.371800
vn -0.152300 0.003800 -0.988300
vn -0.003900 -0.999900 -0.011800
vn -0.043000 -0.942200 -0.332300
vn -0.011700 -0.979900 -0.199100
vn -0.011700 -0.999700 -0.019600
vn -0.004100 -0.982900 -0.183900
vn -0.011700 0.003800 -0.999900
vn 0.074300 0.003800 -0.997200
vn 0.011700 -0.943000 -0.332600
vn 0.090600 0.011800 -0.995800
vn -0.019600 -0.999400 -0.027400
vn -0.011700 -0.982800 -0.184100
vn 0.019600 -0.936900 -0.348900
vn 0.082100 0.011700 -0.996600
vn -0.019600 -0.999200 -0.035300
vn 0.027500 -0.930600 -0.365100
vn 0.027400 0.011700 -0.999600
vn -0.011700 -0.999000 -0.043100
vn 0.003900 -0.978100 -0.208200
vn -0.011800 -0.999300 -0.035300
vn 0.003900 -0.928200 -0.372100
vn -0.019600 -0.976300 -0.215700
vn -0.019500 -0.925300 -0.378700
vn -0.027500 0.011700 -0.999600
vn -0.019600 -0.925300 -0.378700
vn 0.019600 0.019500 -0.999600
vn 0.003900 -0.921600 -0.388200
vn 0.011800 -0.918700 -0.394800
vn 0.050900 0.019500 -0.998500
vn 0.003900 -0.914600 -0.404300
vn 0.027400 0.019500 -0.999400
vn -0.003900 -0.978100 -0.208100
vn -0.003900 0.999100 -0.043100
vn -0.011800 -0.976400 -0.215700
vn -0.019500 -0.904200 -0.426700
vn 0.050900 -0.019600 0.998500
vn -0.035300 -0.906800 -0.420100
vn -0.098300 0.019600 -0.995000
vn -0.074300 0.019500 -0.997000
vn -0.019500 -0.918600 -0.394800
vn -0.003900 -0.979700 -0.200700
vn -0.003900 0.999400 -0.035300
vn 0.003900 -0.980000 -0.199100
vn 0.011800 -0.921500 -0.388200
vn 0.035200 0.019600 -0.999200
vn 0.035300 -0.914100 -0.404100
vn 0.137000 0.027300 -0.990200
vn 0.106100 0.035300 -0.993700
vn 0.027500 -0.899500 -0.436000
vn 0.011800 -0.976400 -0.215700
vn 0.027400 0.999600 0.003900
vn -0.011700 -0.973000 -0.230600
vn -0.011700 -0.896700 -0.442500
vn -0.035200 0.035200 -0.998800
vn -0.137000 0.035200 -0.990000
vn 0.066500 0.997600 0.019600
vn -0.050800 -0.903200 -0.426200
vn -0.051100 -0.969600 -0.239400
vn -0.050900 -0.998100 -0.035200
vn -0.035300 -0.968400 -0.247000
vn -0.035200 -0.914100 -0.404100
vn -0.113900 0.027400 -0.993100
vn -0.027400 -0.998300 -0.051000
vn -0.019500 -0.964900 -0.261800
vn -0.027400 -0.921200 -0.388100
vn -0.098400 0.011800 -0.995100
vn -0.176400 0.003900 -0.984300
vn -0.066400 -0.926200 -0.371200
vn -0.058800 -0.960900 -0.270600
vn -0.050900 -0.997000 -0.058700
vn 0.381500 -0.782700 0.491700
vn 0.280600 -0.857700 0.430800
vn 0.122000 -0.909400 0.397600
vn 0.309000 -0.027500 0.950700
vn 0.217000 -0.935100 0.280100
vn 0.067000 0.997100 0.035400
vn 0.106900 -0.946400 0.304900
vn 0.098900 -0.921500 0.375700
vn 0.230500 0.003900 0.973100
vn 0.098800 -0.944800 0.312300
vn 0.075000 -0.927200 0.366900
vn 0.176500 -0.003900 0.984300
vn 0.074800 -0.949900 0.303400
vn 0.051100 -0.932300 0.358000
vn 0.098300 -0.011800 0.995100
vn 0.059000 -0.956100 0.287200
vn 0.113800 -0.027600 0.993100
vn 0.137000 -0.035300 0.989900
vn 0.051400 -0.960700 0.272800
vn 0.043300 -0.926200 0.374400
vn 0.011800 -0.917400 0.397700
vn 0.035300 -0.035300 0.998800
vn 0.035700 -0.963400 0.265600
vn -0.035400 -0.916900 0.397500
vn -0.106100 -0.035400 0.993700
vn 0.011800 -0.964500 0.263800
vn -0.011900 -0.968400 0.249000
vn -0.051400 -0.922000 0.383800
vn -0.137000 -0.027500 0.990200
vn -0.011800 -0.927000 0.374800
vn 0.019700 -0.920200 0.391000
vn 0.074300 -0.019600 0.997000
vn 0.098300 -0.019700 0.995000
vn -0.011900 -0.976000 0.217300
vn 0.027600 -0.910000 0.413700
vn 0.004000 -0.976100 0.217400
vn 0.027600 -0.910000 0.413600
vn 0.011800 -0.972600 0.232300
vn 0.003900 -0.917500 0.397700
vn -0.003900 -0.019600 0.999800
vn 0.019700 -0.972400 0.232300
vn 0.011800 -0.974300 0.224800
vn -0.003900 -0.920400 0.391100
vn -0.027500 -0.019600 0.999400
vn -0.050900 -0.019600 0.998500
vn 0.003900 -0.976100 0.217300
vn -0.011800 -0.924300 0.381500
vn -0.004000 -0.927100 0.374800
vn -0.019600 -0.019700 0.999600
vn -0.003900 -0.977700 0.209900
vn 0.019800 -0.929600 0.367900
vn 0.043100 -0.011800 0.999000
vn 0.004000 -0.977700 0.209800
vn 0.011900 -0.977700 0.209800
vn 0.011900 -0.929800 0.367900
vn 0.027400 -0.011800 0.999600
vn -0.004000 -0.933500 0.358400
vn -0.027400 -0.011800 0.999600
vn 0.003900 -0.979700 0.200700
vn -0.019700 -0.933400 0.358400
vn -0.082100 -0.011800 0.996600
vn -0.003900 -0.979700 0.200600
vn 0.011900 -0.999700 0.019800
vn -0.019700 -0.939500 0.342000
vn -0.090500 -0.011900 0.995800
vn -0.074400 -0.004000 0.997200
vn 0.003900 -0.981200 0.193000
vn -0.011700 -0.947800 0.318600
vn 0.011800 -0.004000 0.999900
vn 0.011800 -0.950200 0.311500
vn 0.011800 -0.982600 0.185500
vn 0.043400 -0.943800 0.327800
vn 0.152300 -0.004000 0.988300
vn 0.161200 -0.004000 0.986900
vn 0.003900 -0.982600 0.185400
vn 0.035600 -0.929200 0.367800
vn 0.011800 -0.979600 0.200600
vn 0.004000 -0.913300 0.407200
vn 0.004000 -0.976100 0.217300
vn -0.011800 -0.895200 0.445600
vn -0.011800 -0.974300 0.224900
vn -0.019700 -0.974200 0.224800
vn -0.027800 -0.881900 0.470600
vn -0.058700 -0.019500 0.998100
vn -0.011900 -0.974300 0.224800
vn -0.035600 -0.881700 0.470500
vn -0.074300 -0.019600 0.997000
vn -0.043100 -0.019600 0.998900
vn -0.011900 -0.890400 0.455100
vn 0.003900 -0.906000 0.423300
vn -0.011700 -0.019600 0.999700
vn -0.003900 -0.974400 0.224900
vn 0.003900 -0.927100 0.374800
vn 0.019700 -0.977600 0.209800
vn 0.019700 -0.933400 0.358400
vn 0.050900 -0.011800 0.998600
vn 0.011800 -0.976000 0.217300
vn 0.051400 -0.928600 0.367500
vn 0.027700 -0.977400 0.209700
vn 0.003900 -1.000000 0.004000
vn 0.043500 -0.912500 0.406900
vn 0.121600 -0.004000 0.992600
vn 0.019800 -0.977600 0.209800
vn 0.035300 -0.891500 0.451600
vn 0.074300 0.011800 0.997200
vn 0.003900 -0.979300 0.202200
vn 0.035400 -0.869900 0.492000
vn 0.027700 -0.873500 0.486100
vn 0.027500 -0.003900 0.999600
vn -0.019700 0.999600 0.019800
vn 0.019800 -0.882100 0.470700
vn -0.019800 0.999800 0.003900
vn 0.019800 -0.977600 0.209700
vn 0.004000 -0.882200 0.470800
vn -0.027700 -0.890100 0.454900
vn -0.003900 0.011800 0.999900
vn -0.161100 0.027500 0.986500
vn 0.004000 -0.920400 0.391100
vn -0.003900 -0.027500 0.999600
vn 0.011800 -0.933500 0.358400
vn 0.011900 -0.979300 0.202200
vn 0.003900 -0.939700 0.342000
vn -0.011800 -0.027500 0.999600
vn 0.019700 -0.981000 0.193100
vn -0.011900 -0.944600 0.328000
vn 0.004000 -0.982600 0.185500
vn -0.004000 -0.984100 0.177800
vn -0.011800 -0.950200 0.311500
vn -0.066500 -0.019600 0.997600
vn -0.004000 -0.019700 0.999800
vn -0.004000 -0.985400 0.170200
vn 0.003900 -0.952600 0.304300
vn 0.019600 -0.950000 0.311500
vn 0.066500 -0.011800 0.997700
vn 0.058700 -0.011800 0.998200
vn 0.004000 -0.986700 0.162500
vn 0.019800 -0.944500 0.328000
vn 0.011900 -0.986600 0.162500
vn 0.027600 -0.944300 0.327900
vn 0.082100 -0.011800 0.996600
vn 0.011700 -0.986700 0.162400
vn 0.027700 -0.944300 0.327900
vn 0.019700 -0.988000 0.153500
vn 0.027600 -0.941800 0.335000
vn 0.089800 -0.004000 0.995900
vn 0.106200 0.003900 0.994300
vn 0.035500 -0.935600 0.351300
vn 0.113800 0.003900 0.993500
vn 0.019700 -0.989100 0.145800
vn 0.043300 -0.932700 0.358100
vn 0.129300 -0.011800 0.991500
vn 0.027500 -0.987800 0.153400
vn 0.019700 -0.990200 0.138100
vn 0.144700 -0.027400 0.989100
vn 0.035600 -0.986100 0.162400
vn 0.059100 -0.925500 0.374100
vn 0.161100 -0.027600 0.986500
vn 0.035500 -0.983400 0.177700
vn -0.027600 0.996800 0.074900
vn 0.043300 -0.980300 0.192900
vn -0.011800 0.997700 0.067000
vn -0.019700 0.998100 0.059200
vn 0.067200 -0.921100 0.383500
vn -0.019700 0.998900 0.043400
vn 0.074700 -0.924500 0.373700
vn -1.000000 -0.004000 0.004000
vn 0.082700 -0.995900 -0.035400
vn 0.051300 -0.974800 0.217100
vn 0.035500 -0.999200 -0.019700
vn -0.083100 0.898400 0.431300
vn -0.177800 0.004000 0.984100
vn -0.043400 0.967600 0.248800
vn -0.059400 0.914600 0.399900
vn -0.145800 -0.003900 0.989300
vn -0.027800 0.971800 0.234100
vn -0.043500 0.943800 0.327800
vn -0.138100 0.004000 0.990400
vn -0.027600 0.974000 0.224800
vn -0.035600 0.961400 0.273000
vn -0.130400 0.004000 0.991500
vn -0.035600 0.977100 0.209700
vn -0.035600 0.963400 0.265700
vn -0.130400 0.011900 0.991400
vn -0.027800 0.980500 0.194500
vn -0.027600 0.966200 0.256300
vn -0.106900 0.011900 0.994200
vn -0.019700 0.982500 0.185400
vn -0.019800 0.970200 0.241500
vn -0.082700 0.011900 0.996500
vn -0.019800 0.972000 0.234200
vn -0.019800 0.985200 0.170100
vn -0.027700 0.985000 0.170100
vn -0.027600 0.968100 0.248900
vn -0.074900 0.011900 0.997100
vn -0.067100 0.011900 0.997700
vn -0.019900 0.965800 0.258400
vn -0.011900 0.999500 0.027700
vn -0.011800 0.986600 0.162500
vn -0.019800 0.963800 0.265800
vn -0.059100 0.011900 0.998200
vn 0.003900 0.004000 1.000000
vn 0.011800 -0.999900 -0.011900
vn -0.003900 0.964000 0.265800
vn -0.004000 0.987900 0.154700
vn 0.004000 -1.000000 -0.004000
vn -0.004000 0.986700 0.162500
vn 0.011900 0.959800 0.280400
vn 0.059200 0.011900 0.998200
vn 0.004000 0.984100 0.177800
vn 0.004000 0.954800 0.297200
vn 0.043400 0.019800 0.998900
vn 0.003900 -1.000000 -0.004000
vn 0.004000 0.952600 0.304400
vn 0.027600 0.019800 0.999400
vn -0.003900 0.999900 0.011900
vn -0.003900 0.981200 0.193100
vn 0.011800 -0.999500 -0.027600
vn -0.004000 0.977700 0.209800
vn 0.003900 0.952600 0.304300
vn 0.011900 0.019800 0.999700
vn -0.004000 0.027700 0.999600
vn 0.004000 0.957000 0.289900
vn -0.004000 0.035600 0.999400
vn 0.004000 0.974400 0.224900
vn -0.003900 0.959900 0.280500
vn -0.027700 0.027700 0.999200
vn -0.011800 0.997100 0.074900
vn -0.004000 0.972200 0.234100
vn -0.019800 0.954600 0.297100
vn -0.043400 0.019800 0.998900
vn -0.019800 0.972000 0.234100
vn -0.019700 0.950100 0.311400
vn -0.011800 0.972600 0.232400
vn -0.003900 0.997700 0.067000
vn -0.011800 0.976000 0.217300
vn -0.011800 0.950200 0.311500
vn -0.027600 0.011900 0.999500
vn -0.035500 0.011900 0.999300
vn -0.004000 0.998700 0.051300
vn -0.011900 0.949400 0.313800
vn -0.011900 0.977700 0.209700
vn -0.003900 0.999400 0.035600
vn -0.011900 0.980800 0.194600
vn -0.027800 0.979000 0.202100
vn -0.027800 0.949100 0.313700
vn -0.090500 0.011900 0.995800
vn -0.019900 0.980700 0.194600
vn 0.004000 0.949500 0.313800
vn 0.011800 0.004000 0.999900
vn 0.130400 0.004000 0.991500
vn 0.004000 0.981200 0.193000
vn 0.035600 0.946500 0.320800
vn 0.130300 0.004000 0.991500
vn 0.011900 -0.999900 -0.011800
vn 0.019800 0.979100 0.202200
vn 0.059200 0.004000 0.998200
vn -0.004000 0.999400 0.035500
vn 0.027700 0.975700 0.217300
vn 0.003900 0.998200 0.059200
vn 0.019900 0.949300 0.313800
vn 0.011900 0.972100 0.234100
vn 0.003900 0.997700 0.067000
vn -0.004000 0.947100 0.321000
vn -0.004000 0.004000 1.000000
vn -0.004000 0.998200 0.059200
vn -0.019900 0.972000 0.234000
vn -0.027600 0.944300 0.327900
vn -0.011800 0.999000 0.043400
vn -0.035500 0.973800 0.224700
vn -0.051300 0.943400 0.327600
vn -0.153500 0.011900 0.988100
vn 0.004000 -0.999800 -0.019600
vn -0.035500 0.975500 0.217200
vn -0.059200 0.943000 0.327500
vn -0.170200 0.004000 0.985400
vn -0.074900 0.004000 0.997200
vn -0.027700 0.977400 0.209700
vn -0.019800 0.941100 0.337600
vn 0.145800 0.011900 0.989200
vn 0.004000 -0.999900 0.011900
vn -0.011800 0.920300 0.391100
vn 0.019700 0.011900 0.999700
vn -0.027700 0.975700 0.217200
vn -0.011900 0.011900 0.999900
vn -0.019700 0.999400 -0.027700
vn -0.035500 0.886700 0.461100
vn -0.122500 0.011800 0.992400
vn -0.043500 0.976800 0.209600
vn -0.075300 0.891100 0.447500
vn -0.035700 0.978700 0.202100
vn -0.011900 0.979300 0.202200
vn -0.035700 0.908400 0.416500
vn -0.090600 0.004000 0.995900
vn 0.004000 -1.000000 -0.003900
vn 0.019800 0.977600 0.209700
vn 0.019800 0.923000 0.384300
vn 0.035500 0.004000 0.999400
vn 0.027700 0.011900 0.999500
vn 0.003900 -0.999800 -0.019800
vn 0.011900 0.932500 0.361100
vn 0.011800 0.974300 0.224800
vn -0.003900 0.999600 0.027700
vn -0.004000 0.974400 0.224900
vn -0.004000 0.936200 0.351500
vn -0.011800 0.011900 0.999900
vn -0.004000 0.976100 0.217400
vn 0.004000 -0.999600 -0.027700
vn -0.003900 0.976100 0.217400
vn 0.003900 0.974400 0.224800
vn 0.004000 0.938700 0.344600
vn 0.011900 0.011900 0.999900
vn 0.004000 0.941300 0.337600
vn 0.004000 0.011900 0.999900
vn -0.004000 0.976100 0.217300
vn -0.011800 0.942100 0.335100
vn -0.043400 0.011900 0.999000
vn -0.011800 0.944600 0.328000
vn -0.027700 0.011900 0.999500
vn -0.003900 0.976100 0.217300
vn 0.003900 0.944600 0.328100
vn 0.004000 -0.999800 -0.019700
vn -0.011900 0.972100 0.234100
vn 0.043400 0.011900 0.999000
vn -0.027700 0.970000 0.241500
vn -0.011800 0.929800 0.368000
vn -0.004000 0.011900 0.999900
vn 0.011900 -0.999900 -0.011900
vn -0.059200 0.918800 0.390400
vn -0.035600 0.999400 -0.003900
vn -0.066900 0.964400 0.255900
vn -0.091300 0.900800 0.424600
vn -0.177900 0.011800 0.984000
vn -0.090700 0.958000 0.272000
vn 0.067000 -0.997600 0.019700
vn -0.091200 0.955200 0.281400
vn -0.091300 0.885100 0.456400
vn 0.074900 -0.996800 0.027600
vn -0.067000 0.950400 0.303700
vn -0.059700 0.878900 0.473200
vn -0.107000 -0.003900 0.994300
vn 0.074800 -0.996600 0.035400
vn 0.059200 -0.997600 0.035500
vn -0.035700 0.948900 0.313600
vn -0.043500 0.881400 0.470300
vn -0.114800 0.003900 0.993400
vn 0.051300 -0.998500 0.019700
vn -0.027600 0.949900 0.311400
vn -0.051400 0.889300 0.454500
vn -0.138000 0.019700 0.990200
vn 0.067000 -0.996800 0.043300
vn -0.082800 0.895300 0.437800
vn -0.059500 0.955400 0.289400
vn 0.059400 0.994100 -0.091100
vn -0.130500 0.969000 0.209600
vn -0.130700 0.978000 0.162400
vn -0.209500 0.865700 0.454600
vn -0.232200 -0.011800 0.972600
vn 0.098100 -0.474600 0.874700
vn 0.090600 -0.468900 0.878600
vn 0.106100 -0.483500 0.868900
vn 0.129300 -0.497400 0.857800
vn 0.137800 -0.500300 0.854800
vn 0.168800 -0.522100 0.836000
vn 0.192400 -0.538000 0.820700
vn 0.201300 -0.540600 0.816800
vn 0.215900 -0.553400 0.804500
vn 0.239000 -0.568100 0.787500
vn 0.240500 -0.571600 0.784500
vn 0.255700 -0.578200 0.774800
vn 0.254500 -0.583400 0.771300
vn 0.263400 -0.585700 0.766500
vn 0.263700 -0.594400 0.759700
vn 0.271000 -0.593100 0.758100
vn 0.278600 -0.600400 0.749600
vn 0.287500 -0.602700 0.744400
vn 0.287500 -0.602600 0.744400
vn 0.294700 -0.601200 0.742700
vn 0.294700 -0.601300 0.742700
vn 0.302200 -0.608300 0.733900
vn 0.302100 -0.608400 0.733900
vn 0.302200 -0.608400 0.733900
vn 0.309300 -0.606900 0.732200
vn 0.309300 -0.606900 0.732100
vn 0.295100 -0.609700 0.735600
vn 0.295000 -0.609800 0.735600
vn 0.286500 -0.616100 0.733800
vn 0.286400 -0.616100 0.733800
vn 0.277900 -0.622300 0.731800
vn 0.270600 -0.623600 0.733400
vn 0.248800 -0.635900 0.730600
vn 0.247500 -0.640500 0.727000
vn 0.216700 -0.658100 0.721100
vn 0.192000 -0.678100 0.709400
vn 0.192100 -0.678100 0.709500
vn 0.169300 -0.704700 0.689000
vn 0.176900 -0.696000 0.695900
vn 0.146100 -0.730400 0.667200
vn 0.145300 -0.726600 0.671600
vn 0.121800 -0.758300 0.640400
vn 0.121900 -0.751100 0.648800
vn 0.098700 -0.778200 0.620200
vn 0.098600 -0.785100 0.611500
vn 0.074800 -0.806600 0.586300
vn 0.074700 -0.806700 0.586300
vn 0.051200 -0.830300 0.554900
vn 0.051200 -0.824200 0.563900
vn 0.027700 -0.850100 0.525900
vn 0.019700 -0.864900 0.501500
vn 0.011900 -0.865000 0.501700
vn 0.004000 -0.878900 0.476900
vn 0.003900 -0.879000 0.476900
vn -0.011800 -0.892000 0.451900
vn -0.004000 -0.890400 0.455100
vn -0.019700 -0.902800 0.429700
vn -0.019700 -0.910200 0.413700
vn -0.027600 -0.917200 0.397600
vn -0.027700 -0.913000 0.407100
vn -0.035600 -0.922600 0.384100
vn -0.035500 -0.919800 0.390800
vn -0.043500 -0.929000 0.367600
vn -0.051400 -0.928600 0.367500
vn -0.051100 -0.932300 0.358000
vn -0.067200 -0.936600 0.343800
vn -0.075300 -0.938600 0.336600
vn -0.074700 -0.939600 0.334100
vn -0.082700 -0.941400 0.326900
vn -0.090500 -0.940800 0.326700
vn -0.091200 -0.939900 0.329200
vn -0.099100 -0.939200 0.328900
vn -0.083100 -0.938000 0.336400
vn -0.059300 -0.937100 0.344000
vn -0.051400 -0.937500 0.344100
vn -0.051400 -0.937500 0.344200
vn -0.043500 -0.937900 0.344300
vn -0.035600 -0.938100 0.344400
vn -0.027700 -0.938400 0.344500
vn -0.027500 -0.939300 0.342000
vn -0.019800 -0.942000 0.335000
vn -0.011800 -0.942100 0.335100
vn -0.011800 -0.942100 0.335000
vn -0.003900 -0.942200 0.335100
vn -0.004000 -0.944700 0.328000
vn 0.004000 -0.944600 0.328100
vn 0.003900 -0.944700 0.328000
vn 0.004000 -0.944700 0.328100
vn 0.011900 -0.944600 0.328100
vn 0.011900 -0.947000 0.320900
vn 0.011800 -0.947800 0.318600
vn 0.011800 -0.947800 0.318500
vn 0.011700 -0.947800 0.318500
vn 0.592800 -0.553500 -0.585000
vn 0.561500 -0.592900 -0.577200
vn 0.592800 -0.553500 -0.584900
vn 0.720500 -0.381900 -0.578800
vn 0.712300 -0.397400 -0.578500
vn 0.815800 -0.185300 -0.547800
vn 0.814600 -0.192800 -0.547000
vn 0.799300 -0.161500 -0.578800
vn 0.806800 -0.153400 -0.570600
vn 0.743200 -0.216300 -0.633100
vn 0.751700 -0.208500 -0.625700
vn 0.722300 -0.209200 -0.659200
vn 0.721100 -0.216700 -0.658000
vn 0.704400 -0.200700 -0.680800
vn 0.712100 -0.200600 -0.672800
vn 0.679700 -0.208300 -0.703300
vn 0.679700 -0.208200 -0.703300
vn 0.655400 -0.208000 -0.726100
vn 0.638900 -0.207700 -0.740800
vn 0.616200 -0.215700 -0.757500
vn 0.611300 -0.216900 -0.761100
vn 0.584200 -0.223500 -0.780200
vn 0.579000 -0.224500 -0.783800
vn 0.541400 -0.225200 -0.810100
vn 0.546900 -0.224300 -0.806600
vn 0.505800 -0.215700 -0.835200
vn 0.509200 -0.217100 -0.832800
vn 0.489100 -0.199500 -0.849100
vn 0.484600 -0.185200 -0.854900
vn 0.484500 -0.185100 -0.855000
vn 0.452900 -0.153600 -0.878200
vn 0.452900 -0.153600 -0.878300
vn 0.382500 -0.098600 -0.918700
vn 0.389100 -0.098200 -0.915900
vn 0.332200 -0.043000 -0.942200
vn 0.332400 -0.043000 -0.942200
vn -0.309100 -0.003900 0.951000
vn 0.309200 0.003900 -0.951000
vn -0.301600 -0.050900 0.952100
vn 0.301700 0.050900 -0.952000
vn -0.295600 -0.098600 0.950200
vn 0.295800 0.098600 -0.950200
vn -0.279200 -0.153400 0.947900
vn -0.279300 -0.153400 0.947900
vn -0.246900 -0.215600 0.944700
vn -0.254800 -0.207700 0.944400
vn -0.200300 -0.279000 0.939200
vn -0.208400 -0.271300 0.939700
vn -0.144900 -0.341000 0.928800
vn -0.145500 -0.334000 0.931300
vn -0.106100 -0.388800 0.915200
vn -0.106000 -0.388800 0.915200
vn -0.106300 -0.420900 0.900900
vn -0.113600 -0.427000 0.897100
vn -0.129600 -0.451200 0.882900
vn -0.129400 -0.451300 0.882900
vn -0.137700 -0.475600 0.868800
vn -0.137000 -0.481700 0.865600
vn -0.146000 -0.509000 0.848300
vn -0.145900 -0.509000 0.848300
vn -0.153900 -0.532500 0.832300
vn -0.153800 -0.532500 0.832300
vn -0.146100 -0.556900 0.817600
vn -0.146200 -0.556900 0.817600
vn -0.114200 -0.578900 0.807300
vn -0.113700 -0.584100 0.803700
vn -0.075100 -0.604000 0.793500
vn -0.074900 -0.604000 0.793500
vn -0.043300 -0.627500 0.777400
vn -0.043500 -0.627500 0.777400
vn -0.004000 -0.649800 0.760100
vn -0.011800 -0.649800 0.760000
vn 0.035500 -0.674400 0.737500
vn 0.035400 -0.674400 0.737500
vn 0.074900 -0.689200 0.720700
vn 0.082600 -0.688800 0.720300
vn 0.098900 -0.715400 0.691700
vn 0.098800 -0.715400 0.691700
vn 0.113700 -0.740600 0.662300
vn 0.114200 -0.744500 0.657800
vn 0.146400 -0.763500 0.629000
vn 0.145500 -0.766800 0.625200
vn 0.169700 -0.785100 0.595700
vn 0.169600 -0.785100 0.595700
vn 0.121600 -0.819200 0.560500
vn 0.122200 -0.816600 0.564100
vn 0.051300 -0.855000 0.516100
vn 0.051000 -0.851500 0.521800
vn 0.004000 -0.875600 0.483000
vn 0.003900 -0.875600 0.482900
vn -0.035400 -0.894700 0.445300
vn -0.035500 -0.894700 0.445300
vn -0.059200 -0.904400 0.422600
vn -0.059300 -0.904400 0.422600
vn -0.091100 -0.915300 0.392300
vn -0.090900 -0.912500 0.398900
vn -0.130000 -0.918100 0.374300
vn -0.130100 -0.918100 0.374300
vn -0.161300 -0.916600 0.365900
vn -0.161300 -0.916600 0.365800
vn -0.177100 -0.916800 0.358000
vn -0.169400 -0.918000 0.358500
vn -0.154500 -0.923000 0.352500
vn -0.154500 -0.923000 0.352600
vn -0.130200 -0.927200 0.351200
vn -0.137900 -0.926200 0.350800
vn -0.122400 -0.928100 0.351500
vn -0.114600 -0.929000 0.351800
vn -0.106800 -0.929800 0.352100
vn -0.106500 -0.927200 0.359100
vn -0.106500 -0.927200 0.359000
vn -0.106700 -0.920700 0.375400
vn -0.107000 -0.923400 0.368600
vn -0.114200 -0.917200 0.381800
vn -0.122400 -0.912200 0.391000
vn -0.122400 -0.912200 0.390900
vn -0.106400 -0.918000 0.382100
vn -0.091000 -0.922100 0.376000
vn -0.059000 -0.931900 0.357800
vn -0.027700 -0.944300 0.327900
vn -0.027600 -0.941800 0.335000
vn 0.019800 -0.952400 0.304300
vn 0.019700 -0.952400 0.304300
vn 0.067300 -0.961800 0.265200
vn 0.059400 -0.962300 0.265300
vn 0.106700 -0.968400 0.225300
vn 0.154200 -0.968800 0.193800
vn 0.178000 -0.969200 0.170100
vn 0.193500 -0.967600 0.161900
vn -0.476300 0.429000 0.767500
vn -0.479200 0.431600 0.764300
vn -0.479100 0.431600 0.764300
vn -0.476200 0.429000 0.767600
vn -0.476100 0.429000 0.767600
vn -0.476200 0.429000 0.767500
vn -0.470100 0.430600 0.770400
vn -0.470200 0.430600 0.770400
vn -0.470100 0.430900 0.770300
vn -0.461100 0.429600 0.776400
vn -0.453300 0.437600 0.776600
vn -0.444300 0.436400 0.782400
vn -0.437900 0.438100 0.785000
vn -0.431500 0.439400 0.787800
vn -0.431500 0.439900 0.787600
vn -0.414400 0.446000 0.793300
vn -0.407900 0.447400 0.795900
vn -0.398700 0.446100 0.801300
vn -0.398700 0.446000 0.801300
vn -0.382800 0.446000 0.809100
vn -0.366800 0.445700 0.816500
vn -0.360000 0.447000 0.818900
vn -0.343800 0.446600 0.826000
vn -0.320600 0.447200 0.835000
vn -0.296100 0.438200 0.848700
vn -0.264200 0.429700 0.863400
vn -0.256800 0.430600 0.865200
vn -0.226100 0.424500 0.876700
vn -0.217100 0.422300 0.880100
vn -0.178300 0.416100 0.891700
vn -0.146200 0.399200 0.905100
vn -0.138500 0.399700 0.906100
vn -0.099300 0.385300 0.917500
vn -0.098600 0.382500 0.918700
vn -0.051400 0.367500 0.928600
vn -0.004000 0.344600 0.938700
vn -0.003900 0.351600 0.936200
vn 0.059200 0.327500 0.943000
vn 0.051300 0.327600 0.943400
vn 0.130600 0.296800 0.946000
vn 0.122800 0.297100 0.946900
vn 0.193700 0.264800 0.944700
vn 0.186100 0.265200 0.946100
vn 0.249300 0.241400 0.937900
vn 0.306200 0.218700 0.926500
vn 0.352100 0.201800 0.913900
vn 0.392100 0.194100 0.899200
vn 0.392200 0.194100 0.899200
vn 0.415500 0.186000 0.890400
vn 0.432100 0.178400 0.884000
vn 0.438500 0.177800 0.881000
vn 0.448600 0.170700 0.877300
vn 0.455500 0.162400 0.875300
vn 0.449700 0.155200 0.879600
vn 0.440300 0.154700 0.884400
vn 0.440200 0.154700 0.884500
vn 0.431300 0.146400 0.890300
vn 0.415800 0.138600 0.898800
vn 0.409200 0.139000 0.901800
vn 0.383800 0.130600 0.914100
vn 0.351500 0.122400 0.928100
vn 0.312000 0.106600 0.944100
vn 0.321600 0.107200 0.940800
vn 0.288700 0.091000 0.953100
vn 0.288500 0.098800 0.952400
vn 0.264900 0.083000 0.960700
vn 0.241100 0.067200 0.968200
vn 0.209500 0.051400 0.976500
vn 0.209500 0.051400 0.976400
vn 0.170100 0.035600 0.984800
vn 0.138100 0.019700 0.990200
vn 0.130300 0.011800 0.991400
vn -0.107000 0.004000 -0.994300
vn -0.074800 0.019700 -0.997000
vn -0.074900 0.019700 -0.997000
vn -0.051300 0.043400 -0.997700
vn -0.043400 0.043400 -0.998100
vn -0.019700 0.059200 -0.998100
vn -0.027600 0.059200 -0.997900
vn 0.003900 0.082700 -0.996600
vn 0.004000 0.082700 -0.996600
vn 0.027700 0.106900 -0.993900
vn 0.051300 0.122400 -0.991200
vn 0.074700 0.137700 -0.987600
vn 0.075300 0.138800 -0.987500
vn 0.090900 0.154100 -0.983900
vn 0.106200 0.169200 -0.979800
vn 0.106300 0.169200 -0.979800
vn 0.114700 0.178100 -0.977300
vn 0.114700 0.178000 -0.977300
vn 0.130100 0.185300 -0.974000
vn 0.130200 0.185300 -0.974000
vn 0.137600 0.192700 -0.971500
vn 0.137700 0.192700 -0.971500
vn 0.146400 0.194000 -0.970000
vn 0.146500 0.194000 -0.970000
vn 0.146300 0.201600 -0.968500
vn 0.138500 0.201900 -0.969600
vn 0.138500 0.201800 -0.969600
vn 0.129900 0.192900 -0.972600
vn 0.122200 0.193200 -0.973500
vn 0.122200 0.193100 -0.973500
vn 0.114400 0.193300 -0.974400
vn 0.106600 0.193500 -0.975300
vn 0.098800 0.193600 -0.976100
vn 0.098800 0.193700 -0.976100
vn 0.090900 0.193700 -0.976800
vn 0.090900 0.193800 -0.976800
vn 0.090800 0.201400 -0.975300
vn 0.083000 0.201500 -0.976000
vn 0.067300 0.201700 -0.977100
vn 0.067200 0.201700 -0.977100
vn 0.067300 0.201800 -0.977100
vn 0.067200 0.201800 -0.977100
vn 0.059400 0.201800 -0.977600
vn 0.059400 0.201900 -0.977600
vn 0.059300 0.209400 -0.976000
vn 0.051400 0.209500 -0.976500
vn -0.462700 0.881900 0.090900
vn -0.462600 0.881900 0.090900
vn -0.453200 0.886800 0.090600
vn -0.452800 0.886100 0.098400
vn -0.452900 0.886100 0.098500
vn -0.446600 0.889300 0.098800
vn -0.446900 0.889900 0.091000
vn -0.447000 0.889900 0.091000
vn -0.437500 0.894600 0.090600
vn -0.437500 0.894700 0.090600
vn -0.437500 0.894700 0.090700
vn -0.431100 0.897700 0.091000
vn -0.431000 0.897700 0.091000
vn -0.421200 0.901600 0.098400
vn -0.421300 0.901600 0.098400
vn -0.414800 0.904600 0.098800
vn -0.414700 0.904600 0.098800
vn -0.407800 0.906800 0.106900
vn -0.397600 0.909400 0.122000
vn -0.391000 0.912200 0.122400
vn -0.373900 0.917200 0.137800
vn -0.374000 0.917200 0.137800
vn -0.359400 0.920400 0.154100
vn -0.359500 0.920400 0.154000
vn -0.334700 0.925500 0.177200
vn -0.334800 0.925500 0.177200
vn -0.312100 0.928400 0.201500
vn -0.288500 0.928700 0.233200
vn -0.289000 0.930400 0.225700
vn -0.265000 0.929400 0.257100
vn -0.264400 0.927400 0.264400
vn -0.233100 0.928700 0.288500
vn -0.240600 0.926900 0.288000
vn -0.210000 0.923500 0.321100
vn -0.210100 0.923500 0.321000
vn -0.185100 0.918000 0.350700
vn -0.185200 0.918000 0.350700
vn -0.162000 0.912600 0.375300
vn -0.130300 0.904200 0.406700
vn -0.090700 0.894700 0.437500
vn -0.091300 0.893100 0.440600
vn -0.051600 0.884300 0.464000
vn -0.051400 0.881100 0.470200
vn -0.019700 0.870200 0.492200
vn -0.019800 0.868300 0.495600
vn 0.011900 0.859500 0.511000
vn 0.019700 0.855900 0.516700
vn 0.067400 0.836800 0.543300
vn 0.123100 0.813900 0.567800
vn 0.122500 0.810300 0.573100
vn 0.170400 0.788800 0.590600
vn 0.210400 0.766100 0.607300
vn 0.210300 0.766100 0.607300
vn 0.273500 0.733400 0.622400
vn 0.271900 0.737000 0.618800
vn 0.343400 0.698700 0.627600
vn 0.345300 0.694600 0.631100
vn 0.423100 0.652500 0.628700
vn 0.423000 0.652500 0.628700
vn 0.478500 0.620900 0.620900
vn 0.528600 0.592200 0.608100
vn 0.566600 0.566600 0.598300
vn 0.590300 0.550600 0.590200
vn 0.590300 0.550600 0.590300
vn 0.600700 0.545000 0.584800
vn 0.566400 0.558500 0.606000
vn 0.561000 0.561000 0.608700
vn 0.525700 0.573200 0.628500
vn 0.525800 0.573200 0.628500
vn 0.486300 0.581200 0.652400
vn 0.480300 0.583500 0.654900
vn 0.439800 0.589900 0.677200
vn 0.439600 0.590100 0.677200
vn 0.400100 0.590200 0.701100
vn 0.361900 0.592500 0.719700
vn 0.320900 0.590200 0.740700
vn 0.320800 0.590200 0.740700
vn 0.249400 0.574000 0.779900
vn 0.217600 0.565800 0.795300
vn 0.186400 0.551400 0.813200
vn 0.154200 0.541700 0.826300
vn 0.122500 0.525700 0.841800
vn 0.123000 0.519900 0.845300
vn 0.083200 0.503400 0.860100
vn 0.091100 0.503000 0.859500
vn 0.051500 0.479600 0.876000
vn 0.043600 0.479800 0.876300
vn 0.011900 0.448800 0.893600
vn -0.019800 0.423200 0.905800
vn -0.019800 0.416700 0.908800
vn -0.051400 0.383900 0.922000
vn -0.051500 0.383800 0.922000
vn -0.083000 0.343400 0.935500
vn -0.082800 0.343400 0.935500
vn -0.106900 0.304900 0.946400
vn -0.123000 0.265800 0.956100
vn -0.130700 0.265600 0.955200
vn -0.162300 0.217900 0.962400
vn -0.154400 0.225600 0.961900
vn -0.210300 0.162600 0.964000
vn -0.225600 0.154400 0.961900
vn -0.281300 0.099000 0.954500
vn -0.320500 0.051500 0.945800
vn -0.320400 0.059300 0.945400
vn -0.351400 0.019800 0.936000
vn -0.344500 0.027700 0.938400
vn -0.397600 -0.019700 0.917300
vn -0.391100 -0.011900 0.920300
vn -0.444800 -0.059000 0.893700
vn -0.438500 -0.059300 0.896800
vn -0.478600 -0.083100 0.874100
vn -0.475300 -0.082500 0.876000
vn -0.493300 -0.098700 0.864200
vn -0.493300 -0.098700 0.864300
vn -0.516900 -0.114400 0.848400
vn -0.507700 -0.114100 0.854000
vn -0.525700 -0.122500 0.841800
vn -0.539900 -0.130100 0.831600
vn -0.540000 -0.130100 0.831600
vn -0.548500 -0.138100 0.824700
vn -0.549000 -0.130400 0.825600
vn -0.553900 -0.137500 0.821100
vn -0.554500 -0.129800 0.822000
vn -0.554600 -0.129800 0.822000
vn -0.558200 -0.130600 0.819400
vn -0.563600 -0.130100 0.815800
vn -0.563600 -0.130000 0.815800
vn 0.319900 -0.943800 0.082900
vn 0.326900 -0.941400 0.082700
vn 0.343600 -0.936100 0.075000
vn 0.343600 -0.936100 0.075100
vn -0.357400 0.930900 -0.074600
vn -0.357400 0.931000 -0.074600
vn -0.357500 0.930900 -0.074600
vn 0.350600 -0.933500 0.074800
vn 0.343400 -0.935500 0.082900
vn 0.350400 -0.933000 0.082700
vn 0.350300 -0.933000 0.082700
vn 0.313000 -0.946800 0.075300
vn 0.310600 -0.947600 0.074700
vn 0.303500 -0.949900 0.074900
vn 0.296400 -0.952100 0.075000
vn 0.296300 -0.952100 0.075100
vn 0.303300 -0.949300 0.082700
vn 0.312800 -0.946200 0.083200
vn 0.319900 -0.943800 0.083000
vn 0.326700 -0.940800 0.090500
vn 0.327200 -0.942000 0.074900
vn 0.320300 -0.944900 0.067200
vn -0.320200 0.945000 -0.067200
vn 0.311000 -0.948600 0.059100
vn -0.311000 0.948600 -0.059000
vn -0.296900 0.953900 -0.043500
vn -0.304100 0.951700 -0.043400
vn -0.287600 0.957400 -0.027600
vn -0.263800 0.964600 -0.003900
vn -0.232300 0.972400 0.019700
vn -0.241500 0.970200 0.019800
vn -0.161900 0.983300 0.082900
vn -0.122800 0.986600 0.107000
vn -0.083300 0.987900 0.130900
vn -0.083200 0.986800 0.138700
vn -0.043600 0.985800 0.162300
vn -0.043500 0.985800 0.162300
vn -0.003900 0.984100 0.177800
vn -0.003900 0.984000 0.177900
vn 0.043500 0.976800 0.209600
vn 0.098500 0.965700 0.240400
vn 0.154000 0.952000 0.264700
vn 0.154000 0.952000 0.264600
vn 0.194200 0.939700 0.281500
vn 0.194300 0.939700 0.281500
vn 0.241200 0.921500 0.304500
vn 0.280500 0.904900 0.320100
vn 0.289900 0.901400 0.321600
vn 0.368600 0.860100 0.352700
vn 0.409000 0.837900 0.361400
vn 0.448600 0.813900 0.369200
vn 0.478000 0.794100 0.375300
vn 0.511200 0.772700 0.376400
vn 0.517000 0.769500 0.374900
vn 0.545300 0.752100 0.370100
vn 0.550800 0.748900 0.368500
vn 0.565000 0.738800 0.367400
vn 0.566600 0.740900 0.360500
vn 0.580500 0.730600 0.359400
vn 0.575300 0.734000 0.361000
vn 0.583900 0.726900 0.361500
vn 0.580600 0.730600 0.359400
vn 0.568200 0.735200 0.369600
vn 0.568300 0.735200 0.369600
vn 0.542000 0.747700 0.383700
vn 0.510900 0.756600 0.408000
vn 0.505200 0.759600 0.409700
vn 0.473000 0.767200 0.433200
vn 0.441800 0.776200 0.449800
vn 0.441900 0.776200 0.449800
vn 0.400200 0.780900 0.479600
vn 0.401800 0.783800 0.473500
vn 0.368000 0.787400 0.494600
vn 0.336000 0.786700 0.517900
vn 0.335500 0.786800 0.518000
vn 0.297800 0.790000 0.535900
vn 0.305000 0.788100 0.534600
vn 0.264900 0.786800 0.557500
vn 0.234500 0.782900 0.576300
vn 0.234500 0.782900 0.576200
vn 0.202200 0.781100 0.590800
vn 0.201200 0.777400 0.595900
vn 0.170100 0.771400 0.613200
vn 0.162400 0.772400 0.614000
vn 0.130800 0.765200 0.630400
vn 0.098600 0.753000 0.650500
vn 0.090800 0.753600 0.651000
vn 0.059400 0.740600 0.669300
vn 0.035500 0.729900 0.682600
vn 0.027600 0.730100 0.682800
vn 0.004000 0.718900 0.695100
vn -0.004000 0.715000 0.699200
vn -0.035700 0.702700 0.710600
vn -0.035500 0.698700 0.714500
vn -0.075200 0.676800 0.732300
vn -0.107100 0.662300 0.741600
vn -0.114900 0.661700 0.740900
vn -0.154300 0.636800 0.755400
vn -0.193200 0.619100 0.761100
vn -0.201800 0.613300 0.763600
vn -0.232600 0.595500 0.769000
vn -0.240100 0.594300 0.767500
vn -0.265800 0.575200 0.773600
vn -0.273200 0.574000 0.771900
vn -0.288500 0.557300 0.778600
vn -0.295700 0.556000 0.776800
vn -0.312700 0.542300 0.779800
vn -0.327600 0.525000 0.785500
vn -0.336000 0.517900 0.786700
vn -0.335300 0.508900 0.792900
vn -0.343600 0.501600 0.793900
vn -0.351900 0.494300 0.794900
vn -0.352000 0.494300 0.794900
vn -0.353300 0.488300 0.798000
vn 0.144600 -0.277500 -0.949800
vn 0.153100 -0.286500 -0.945800
vn 0.160700 -0.286100 -0.944600
vn 0.153000 -0.286500 -0.945800
vn 0.129200 -0.278100 -0.951800
vn 0.129300 -0.278100 -0.951800
vn 0.106100 -0.278900 -0.954500
vn 0.066800 -0.263200 -0.962400
vn 0.074600 -0.263100 -0.961900
vn 0.027400 -0.254400 -0.966700
vn -0.011700 -0.230600 -0.973000
vn -0.011700 -0.230500 -0.973000
vn -0.058800 -0.207800 -0.976400
vn -0.105900 -0.184400 -0.977100
vn -0.106000 -0.184400 -0.977100
vn -0.145100 -0.160800 -0.976300
vn -0.145100 -0.160700 -0.976300
vn -0.199200 -0.121100 -0.972500
vn -0.255600 -0.082600 -0.963300
vn -0.308900 -0.043000 -0.950100
vn -0.362600 -0.003900 -0.931900
vn -0.355800 -0.003900 -0.934500
vn -0.410700 0.027400 -0.911400
vn -0.451100 0.058800 -0.890500
vn -0.451100 0.058900 -0.890500
vn -0.490600 0.082400 -0.867500
vn -0.520100 0.097700 -0.848500
vn -0.520100 0.097800 -0.848500
vn -0.552000 0.113500 -0.826100
vn -0.583600 0.121400 -0.802900
vn -0.578400 0.122000 -0.806600
vn -0.600400 0.130400 -0.789000
vn -0.605600 0.128900 -0.785300
vn -0.622800 0.129300 -0.771600
vn -0.631300 0.129400 -0.764700
vn -0.636000 0.128800 -0.760900
vn -0.636000 0.128800 -0.760800
vn -0.622100 0.136900 -0.770900
vn -0.622100 0.137000 -0.770800
vn 0.621500 -0.144600 0.770000
vn 0.621400 -0.144600 0.770000
vn 0.615900 -0.153000 0.772900
vn -0.615900 0.153000 -0.772800
vn 0.606500 -0.160500 0.778700
vn -0.606500 0.160400 -0.778700
vn 0.585300 -0.184600 0.789500
vn 0.586100 -0.177100 0.790700
vn 0.559600 -0.207500 0.802300
vn 0.559700 -0.207400 0.802300
vn 0.527000 -0.238100 0.815800
vn 0.530300 -0.239700 0.813200
vn 0.489600 -0.278100 0.826400
vn 0.483600 -0.279200 0.829600
vn 0.443100 -0.325500 0.835300
vn 0.444300 -0.318400 0.837400
vn 0.395900 -0.364600 0.842800
vn 0.388100 -0.372500 0.843000
vn 0.341700 -0.412400 0.844500
vn 0.348600 -0.411300 0.842200
vn 0.301300 -0.449900 0.840700
vn 0.294000 -0.450800 0.842800
vn 0.255500 -0.483500 0.837200
vn 0.247200 -0.490400 0.835700
vn 0.191900 -0.528700 0.826800
vn 0.193200 -0.532400 0.824200
vn 0.137200 -0.568300 0.811300
vn 0.130300 -0.572600 0.809500
vn 0.075000 -0.604000 0.793500
vn 0.027500 -0.632600 0.774000
vn 0.019700 -0.632700 0.774200
vn -0.027600 -0.649600 0.759800
vn -0.027600 -0.658000 0.752500
vn -0.074800 -0.672900 0.735900
vn -0.113800 -0.686600 0.718000
vn -0.121500 -0.686000 0.717400
vn -0.153100 -0.694800 0.702700
vn -0.154000 -0.698700 0.698700
vn -0.185500 -0.706600 0.682900
vn -0.225500 -0.716000 0.660700
vn -0.265000 -0.723900 0.636900
vn -0.263500 -0.727700 0.633300
vn -0.296700 -0.732000 0.613300
vn -0.303900 -0.730300 0.611800
vn -0.335000 -0.736900 0.587200
vn -0.367400 -0.738800 0.565000
vn -0.375900 -0.739900 0.557900
vn -0.397100 -0.743100 0.538600
vn -0.398800 -0.746200 0.533000
vn -0.420100 -0.742100 0.522200
vn -0.421900 -0.745200 0.516500
vn -0.436400 -0.743100 0.507200
vn -0.444500 -0.743500 0.499600
vn -0.446300 -0.746400 0.493700
vn -0.445400 -0.752800 0.484800
vn -0.445300 -0.752800 0.484800
vn -0.444400 -0.759000 0.475800
vn -0.444300 -0.759000 0.475900
vn -0.447600 -0.764700 0.463600
vn -0.446000 -0.761800 0.469700
vn -0.452900 -0.768000 0.452900
vn -0.456100 -0.773400 0.440300
vn -0.456100 -0.773400 0.440200
vn -0.461100 -0.776400 0.429600
vn -0.470400 -0.778700 0.415000
vn -0.472000 -0.781300 0.408500
vn -0.471900 -0.781300 0.408500
vn -0.469000 -0.784300 0.406000
vn -0.455100 -0.787500 0.415500
vn -0.431800 -0.796200 0.423800
vn -0.438200 -0.793500 0.422400
vn -0.413300 -0.799000 0.436900
vn -0.392000 -0.803800 0.447500
vn -0.374700 -0.808600 0.453600
vn -0.367900 -0.811000 0.454900
vn -0.343600 -0.817500 0.462100
vn -0.343600 -0.817600 0.462100
vn -0.312100 -0.825600 0.470100
vn -0.287500 -0.830900 0.476500
vn -0.264600 -0.833100 0.485700
vn -0.272900 -0.834500 0.478600
vn -0.240700 -0.840500 0.485400
vn -0.248100 -0.838900 0.484400
vn -0.224300 -0.845900 0.483900
vn -0.225100 -0.849100 0.477900
vn -0.208600 -0.854200 0.476300
vn -0.194200 -0.860100 0.471700
vn -0.169500 -0.871000 0.461100
vn -0.138100 -0.888200 0.438200
vn -0.138200 -0.888200 0.438200
vn -0.098800 -0.904600 0.414800
vn -0.106600 -0.903800 0.414400
vn -0.067200 -0.921100 0.383500
vn -0.035400 -0.933000 0.358200
vn 0.043300 -0.956800 0.287400
vn 0.043300 -0.956800 0.287500
vn 0.051300 -0.958600 0.280100
vn 0.000000 0.191590 0.981470
vn 0.000000 0.256790 0.966470
vn 0.256790 0.000000 0.966470
vn 0.191590 0.000000 0.981480
vn 0.000000 -0.256790 0.966470
vn 0.000000 -0.191590 0.981480
vn -0.256790 0.000000 0.966470
vn -0.191590 0.000000 0.981480
vn 0.256790 0.000000 -0.966470
vn 0.000000 0.256790 -0.966470
vn 0.000000 0.191590 -0.981470
vn 0.191590 0.000000 -0.981480
vn 0.000000 -0.256790 -0.966470
vn -0.000000 -0.191590 -0.981480
vn -0.256790 -0.000000 -0.966470
vn -0.191590 0.000000 -0.981480
# 6165 normal vertices

g blade
s 1
f 1/3/3 2/2/2 3/1/1
f 4/6/5 5/5/1 6/4/4
f 7/9/6 8/8/6 1/7/6
f 9/10/7 6/4/7 5/5/7
f 1/7/8 3/11/8 7/9/8
f 10/14/11 11/13/10 12/12/9
f 13/17/14 14/16/13 15/15/12
f 16/20/17 17/19/16 18/18/15
f 16/20/17 19/22/19 20/21/18
f 21/25/22 22/24/21 23/23/20
f 22/24/21 21/25/22 24/26/23
f 25/29/26 26/28/25 27/27/24
f 27/27/24 26/28/25 28/30/27
f 8/33/30 30/32/29 29/31/28
f 31/36/33 32/35/32 33/34/31
f 34/37/34 31/36/33 33/34/31
f 34/37/34 33/34/31 35/38/35
f 35/38/35 36/40/37 37/39/36
f 38/41/38 34/37/34 35/38/35
f 39/42/39 34/37/34 38/41/38
f 35/38/35 37/39/36 40/43/40
f 35/38/35 40/43/40 38/41/38
f 37/39/36 41/44/41 40/43/40
f 38/41/38 42/45/42 39/42/39
f 43/46/43 39/42/39 42/45/42
f 38/41/38 40/43/40 44/47/44
f 44/47/44 42/45/42 38/41/38
f 44/47/44 40/43/40 41/44/41
f 42/45/42 45/48/45 43/46/43
f 45/48/45 42/45/42 44/47/44
f 46/49/46 43/46/43 45/48/45
f 47/50/47 44/47/44 41/44/41
f 47/50/47 41/44/41 48/51/48
f 44/47/44 49/52/49 45/48/45
f 49/52/49 44/47/44 47/50/47
f 45/48/45 50/53/50 46/49/46
f 50/53/50 45/48/45 49/52/49
f 51/54/51 46/49/46 50/53/50
f 50/53/50 52/55/52 51/54/51
f 53/56/53 51/54/51 52/55/52
f 49/52/49 54/57/54 50/53/50
f 52/55/52 50/53/50 54/57/54
f 52/55/52 55/58/55 53/56/53
f 56/59/56 53/56/53 55/58/55
f 57/60/57 54/57/54 49/52/49
f 49/52/49 47/50/47 57/60/57
f 55/58/55 58/61/58 56/59/56
f 59/62/59 56/59/56 58/61/58
f 60/63/60 55/58/55 52/55/52
f 58/61/58 55/58/55 60/63/60
f 54/57/54 61/64/61 52/55/52
f 52/55/52 61/64/61 60/63/60
f 62/65/62 61/64/61 54/57/54
f 54/57/54 57/60/57 62/65/62
f 63/66/63 60/63/60 61/64/61
f 61/64/61 62/65/62 63/66/63
f 60/63/60 64/67/64 58/61/58
f 64/67/64 60/63/60 63/66/63
f 58/61/58 65/68/65 59/62/59
f 66/69/66 59/62/59 65/68/65
f 58/61/58 64/67/64 67/70/67
f 67/70/67 65/68/65 58/61/58
f 65/68/65 68/71/68 66/69/66
f 69/72/69 66/69/66 68/71/68
f 65/68/65 67/70/67 70/73/70
f 70/73/70 68/71/68 65/68/65
f 71/74/71 70/73/70 67/70/67
f 68/71/68 70/73/70 72/75/72
f 67/70/67 73/76/73 71/74/71
f 73/76/73 67/70/67 64/67/64
f 68/71/68 74/77/74 69/72/69
f 72/75/72 74/77/74 68/71/68
f 75/78/75 69/72/69 74/77/74
f 76/79/76 74/77/74 72/75/72
f 74/77/74 76/79/76 75/78/75
f 72/75/72 77/80/77 76/79/76
f 78/81/78 75/78/75 76/79/76
f 79/82/79 76/79/76 77/80/77
f 76/79/76 79/82/79 78/81/78
f 77/80/77 80/83/80 79/82/79
f 81/84/81 78/81/78 79/82/79
f 81/84/81 79/82/79 80/83/80
f 64/67/64 82/85/82 73/76/73
f 63/66/63 82/85/82 64/67/64
f 83/86/83 73/76/73 82/85/82
f 83/86/83 84/87/84 73/76/73
f 85/88/85 84/87/84 83/86/83
f 82/85/82 63/66/63 86/89/86
f 86/89/86 63/66/63 62/65/62
f 82/85/82 87/90/87 83/86/83
f 86/89/86 87/90/87 82/85/82
f 83/86/83 88/91/88 85/88/85
f 89/92/89 85/88/85 88/91/88
f 90/93/90 83/86/83 87/90/87
f 88/91/88 83/86/83 90/93/90
f 87/90/87 91/94/91 90/93/90
f 90/93/90 92/95/92 88/91/88
f 93/96/93 91/94/91 87/90/87
f 87/90/87 86/89/86 93/96/93
f 88/91/88 92/95/92 94/97/94
f 93/96/93 86/89/86 95/98/95
f 62/65/62 95/98/95 86/89/86
f 95/98/95 96/99/96 93/96/93
f 95/98/95 62/65/62 57/60/57
f 96/99/96 95/98/95 97/100/97
f 57/60/57 97/100/97 95/98/95
f 97/100/97 98/101/98 96/99/96
f 97/100/97 57/60/57 47/50/47
f 99/102/99 98/101/98 97/100/97
f 97/100/97 100/103/100 99/102/99
f 47/50/47 100/103/100 97/100/97
f 101/104/101 99/102/99 100/103/100
f 102/105/102 100/103/100 47/50/47
f 100/103/100 102/105/102 101/104/101
f 47/50/47 48/51/48 102/105/102
f 102/105/102 48/51/48 103/106/103
f 102/105/102 103/106/103 104/107/104
f 101/104/101 102/105/102 105/108/105
f 105/108/105 106/109/106 101/104/101
f 107/110/107 106/109/106 105/108/105
f 104/107/104 108/111/108 102/105/102
f 102/105/102 108/111/108 105/108/105
f 105/108/105 109/112/109 107/110/107
f 105/108/105 108/111/108 109/112/109
f 110/113/110 108/111/108 104/107/104
f 109/112/109 108/111/108 110/113/110
f 104/107/104 111/114/111 110/113/110
f 110/113/110 111/114/111 112/115/112
f 112/115/112 113/116/113 110/113/110
f 114/117/114 110/113/110 113/116/113
f 109/112/109 110/113/110 114/117/114
f 113/116/113 115/118/115 114/117/114
f 107/110/107 109/112/109 116/119/116
f 114/117/114 116/119/116 109/112/109
f 116/119/116 117/120/117 107/110/107
f 118/121/118 114/117/114 115/118/115
f 116/119/116 114/117/114 118/121/118
f 115/118/115 119/122/119 118/121/118
f 118/121/118 119/122/119 120/123/120
f 117/120/117 116/119/116 121/124/121
f 118/121/118 121/124/121 116/119/116
f 121/124/121 122/125/122 117/120/117
f 120/123/120 123/126/123 118/121/118
f 121/124/121 118/121/118 123/126/123
f 123/126/123 120/123/120 124/127/124
f 122/125/122 121/124/121 125/128/125
f 123/126/123 125/128/125 121/124/121
f 125/128/125 126/129/126 122/125/122
f 124/127/124 127/130/127 123/126/123
f 125/128/125 123/126/123 127/130/127
f 124/127/124 128/131/128 127/130/127
f 126/129/126 125/128/125 129/132/129
f 127/130/127 129/132/129 125/128/125
f 129/132/129 127/130/127 128/131/128
f 129/132/129 130/133/130 126/129/126
f 130/133/130 129/132/129 128/131/128
f 3/11/132 2/135/132 131/134/131
f 131/134/131 132/136/133 3/11/132
f 132/136/133 131/134/131 133/137/134
f 133/137/134 134/138/135 132/136/133
f 134/138/135 133/137/134 135/139/136
f 136/140/137 132/136/133 134/138/135
f 3/11/138 132/136/133 136/140/137
f 136/140/137 7/9/139 3/11/138
f 30/141/140 8/8/140 7/9/139
f 7/9/139 137/142/141 30/141/140
f 136/140/137 137/142/141 7/9/139
f 134/138/135 138/143/142 136/140/137
f 137/142/141 136/140/137 138/143/142
f 135/139/136 139/144/143 134/138/135
f 138/143/142 134/138/135 139/144/143
f 139/144/143 135/139/136 140/145/144
f 138/143/142 141/146/145 137/142/141
f 30/141/146 137/142/141 141/146/145
f 139/144/143 142/147/147 138/143/142
f 141/146/145 138/143/142 142/147/147
f 141/146/145 143/148/148 30/141/146
f 140/145/144 144/149/149 139/144/143
f 142/147/147 139/144/143 144/149/149
f 144/149/149 140/145/144 145/150/150
f 142/147/147 146/151/151 141/146/145
f 143/148/148 141/146/145 146/151/151
f 144/149/149 147/152/152 142/147/147
f 146/151/151 142/147/147 147/152/152
f 145/150/150 148/153/153 144/149/149
f 147/152/152 144/149/149 148/153/153
f 148/153/153 145/150/150 149/154/154
f 147/152/152 150/155/155 146/151/151
f 149/154/154 151/156/156 148/153/153
f 151/156/156 149/154/154 152/157/157
f 148/153/153 153/158/158 147/152/152
f 150/155/155 147/152/152 153/158/158
f 152/157/157 154/159/159 151/156/156
f 154/159/159 152/157/157 155/160/160
f 156/161/161 148/153/153 151/156/156
f 156/161/161 151/156/156 154/159/159
f 157/162/162 153/158/158 148/153/153
f 148/153/153 156/161/161 157/162/162
f 153/158/158 158/163/163 150/155/155
f 153/158/158 157/162/162 159/164/164
f 159/164/164 158/163/163 153/158/158
f 160/165/165 157/162/162 156/161/161
f 161/166/166 159/164/164 157/162/162
f 157/162/162 160/165/165 161/166/166
f 162/167/167 158/163/163 159/164/164
f 156/161/161 163/168/168 160/165/165
f 162/167/167 159/164/164 164/169/169
f 164/169/169 159/164/164 161/166/166
f 165/170/170 163/168/168 156/161/161
f 156/161/161 154/159/159 165/170/170
f 166/171/171 160/165/165 163/168/168
f 167/172/172 163/168/168 165/170/170
f 163/168/168 167/172/172 166/171/171
f 160/165/165 166/171/171 168/173/173
f 168/173/173 161/166/166 160/165/165
f 169/174/174 166/171/171 167/172/172
f 161/166/166 168/173/173 170/175/175
f 171/176/176 168/173/173 166/171/171
f 166/171/171 169/174/174 171/176/176
f 170/175/175 172/177/177 161/166/166
f 161/166/166 172/177/177 164/169/169
f 173/178/178 170/175/175 168/173/173
f 168/173/173 171/176/176 173/178/178
f 172/177/177 170/175/175 174/179/179
f 174/179/179 170/175/175 173/178/178
f 174/179/179 175/180/180 172/177/177
f 172/177/177 175/180/180 176/181/181
f 176/181/181 164/169/169 172/177/177
f 173/178/178 177/182/182 174/179/179
f 178/183/183 164/169/169 176/181/181
f 164/169/169 178/183/183 162/167/167
f 176/181/181 179/184/184 178/183/183
f 177/182/182 173/178/178 180/185/185
f 180/185/185 181/186/186 177/182/182
f 182/187/187 180/185/185 173/178/178
f 173/178/178 171/176/176 182/187/187
f 181/186/186 180/185/185 183/188/188
f 183/188/188 180/185/185 182/187/187
f 183/188/188 184/189/189 181/186/186
f 185/190/190 182/187/187 171/176/176
f 171/176/176 169/174/174 185/190/190
f 184/189/189 183/188/188 186/191/191
f 186/191/191 187/192/192 184/189/189
f 187/192/192 186/191/191 188/193/193
f 189/194/194 186/191/191 183/188/188
f 188/193/193 186/191/191 189/194/194
f 182/187/187 190/195/195 183/188/188
f 183/188/188 190/195/195 189/194/194
f 191/196/196 190/195/195 182/187/187
f 182/187/187 185/190/190 191/196/196
f 192/197/197 189/194/194 190/195/195
f 190/195/195 191/196/196 192/197/197
f 189/194/194 193/198/198 188/193/193
f 193/198/198 189/194/194 192/197/197
f 188/193/193 193/198/198 194/199/199
f 194/199/199 195/200/200 188/193/193
f 192/197/197 196/201/201 193/198/198
f 195/200/200 194/199/199 197/202/202
f 197/202/202 198/203/203 195/200/200
f 199/204/204 198/203/203 197/202/202
f 196/201/201 192/197/197 200/205/205
f 200/205/205 192/197/197 191/196/196
f 197/202/202 201/206/206 199/204/204
f 201/206/206 202/207/207 199/204/204
f 201/206/206 197/202/202 203/208/208
f 204/209/209 202/207/207 201/206/206
f 203/208/208 204/209/209 201/206/206
f 205/210/210 202/207/207 204/209/209
f 206/211/211 202/207/207 205/210/210
f 207/212/212 206/211/211 205/210/210
f 208/213/213 205/210/210 204/209/209
f 205/210/210 208/213/213 207/212/212
f 204/209/209 203/208/208 208/213/213
f 209/214/214 207/212/212 208/213/213
f 208/213/213 210/215/215 209/214/214
f 210/215/215 208/213/213 203/208/208
f 211/216/216 209/214/214 210/215/215
f 212/217/217 203/208/208 197/202/202
f 203/208/208 212/217/217 210/215/215
f 197/202/202 194/199/199 212/217/217
f 210/215/215 213/218/218 211/216/216
f 213/218/218 210/215/215 212/217/217
f 214/219/219 212/217/217 194/199/199
f 212/217/217 214/219/219 213/218/218
f 194/199/199 193/198/198 214/219/219
f 211/216/216 213/218/218 215/220/220
f 215/220/220 216/221/221 211/216/216
f 217/222/222 216/221/221 215/220/220
f 218/223/223 213/218/218 214/219/219
f 215/220/220 213/218/218 218/223/223
f 219/224/224 214/219/219 193/198/198
f 214/219/219 219/224/224 218/223/223
f 193/198/198 196/201/201 219/224/224
f 215/220/220 220/225/225 217/222/222
f 221/226/226 217/222/222 220/225/225
f 218/223/223 222/227/227 215/220/220
f 220/225/225 215/220/220 222/227/227
f 220/225/225 223/228/228 221/226/226
f 224/229/229 221/226/226 223/228/228
f 222/227/227 225/230/230 220/225/225
f 223/228/228 220/225/225 225/230/230
f 222/227/227 218/223/223 226/231/231
f 226/231/231 218/223/223 219/224/224
f 225/230/230 222/227/227 227/232/232
f 226/231/231 227/232/232 222/227/227
f 225/230/230 228/233/233 223/228/228
f 219/224/224 229/234/234 226/231/231
f 228/233/233 225/230/230 230/235/235
f 227/232/232 230/235/235 225/230/230
f 231/236/236 223/228/228 228/233/233
f 223/228/228 231/236/236 224/229/229
f 230/235/235 232/237/237 228/233/233
f 224/229/229 231/236/236 233/238/238
f 233/238/238 234/239/239 224/229/229
f 235/240/240 234/239/239 233/238/238
f 228/233/233 236/241/241 231/236/236
f 236/241/241 228/233/233 232/237/237
f 237/242/242 233/238/238 231/236/236
f 231/236/236 236/241/241 237/242/242
f 233/238/238 238/243/243 235/240/240
f 238/243/243 233/238/238 237/242/242
f 239/244/244 235/240/240 238/243/243
f 240/245/245 237/242/242 236/241/241
f 238/243/243 241/246/246 239/244/244
f 242/247/247 239/244/244 241/246/246
f 237/242/242 243/248/248 238/243/243
f 241/246/246 238/243/243 243/248/248
f 243/248/248 237/242/242 240/245/245
f 241/246/246 244/249/249 242/247/247
f 245/250/250 242/247/247 244/249/249
f 243/248/248 246/251/251 241/246/246
f 244/249/249 247/252/252 245/250/250
f 247/252/252 248/253/253 245/250/250
f 244/249/249 241/246/246 249/254/254
f 249/254/254 241/246/246 246/251/251
f 247/252/252 244/249/249 250/255/255
f 249/254/254 250/255/255 244/249/249
f 248/253/253 247/252/252 251/256/256
f 250/255/255 251/256/256 247/252/252
f 251/256/256 252/257/257 248/253/253
f 248/253/253 252/257/257 253/258/258
f 254/259/259 253/258/258 252/257/257
f 252/257/257 251/256/256 255/260/260
f 255/260/260 254/259/259 252/257/257
f 255/260/260 251/256/256 250/255/255
f 256/261/261 254/259/259 255/260/260
f 257/262/262 256/261/261 255/260/260
f 250/255/255 258/263/263 255/260/260
f 255/260/260 258/263/263 257/262/262
f 249/254/254 258/263/263 250/255/255
f 257/262/262 258/263/263 249/254/254
f 257/262/262 249/254/254 259/264/264
f 259/264/264 260/265/265 257/262/262
f 261/266/266 260/265/265 259/264/264
f 259/264/264 249/254/254 262/267/267
f 246/251/251 262/267/267 249/254/254
f 259/264/264 263/268/268 261/266/266
f 264/269/269 261/266/266 263/268/268
f 262/267/267 265/270/270 259/264/264
f 263/268/268 259/264/264 265/270/270
f 263/268/268 266/271/271 264/269/269
f 267/272/266 264/269/269 266/271/271
f 265/270/270 268/273/272 263/268/268
f 266/271/271 263/268/268 268/273/272
f 266/271/271 269/274/273 267/272/266
f 270/275/274 267/272/266 269/274/273
f 268/273/272 271/276/275 266/271/271
f 269/274/273 266/271/271 271/276/275
f 268/273/272 265/270/270 272/277/276
f 269/274/273 273/278/277 270/275/274
f 271/276/275 268/273/272 274/279/278
f 272/277/276 274/279/278 268/273/272
f 271/276/275 275/280/279 269/274/273
f 273/278/277 269/274/273 275/280/279
f 274/279/278 276/281/280 271/276/275
f 275/280/279 271/276/275 276/281/280
f 270/275/274 273/278/277 277/282/281
f 277/282/281 278/283/179 270/275/274
f 279/284/221 278/283/179 277/282/281
f 275/280/279 280/285/282 273/278/277
f 277/282/281 281/286/283 279/284/221
f 282/287/284 279/284/221 281/286/283
f 283/288/285 277/282/281 273/278/277
f 281/286/283 277/282/281 283/288/285
f 273/278/277 280/285/282 283/288/285
f 281/286/283 284/289/286 282/287/284
f 285/290/287 282/287/284 284/289/286
f 283/288/285 286/291/288 281/286/283
f 284/289/286 281/286/283 286/291/288
f 287/292/289 283/288/285 280/285/282
f 286/291/288 283/288/285 287/292/289
f 280/285/282 275/280/279 288/293/290
f 276/281/280 288/293/290 275/280/279
f 288/293/290 289/294/291 280/285/282
f 280/285/282 289/294/291 287/292/289
f 290/295/292 288/293/290 276/281/280
f 289/294/291 288/293/290 290/295/292
f 276/281/280 291/296/293 290/295/292
f 291/296/293 276/281/280 274/279/278
f 290/295/292 292/297/294 289/294/291
f 274/279/278 293/298/295 291/296/293
f 293/298/295 274/279/278 272/277/276
f 290/295/292 291/296/293 294/299/296
f 291/296/293 293/298/295 295/300/297
f 295/300/297 294/299/296 291/296/293
f 272/277/276 296/301/298 293/298/295
f 294/299/296 295/300/297 297/302/299
f 297/302/299 298/303/300 294/299/296
f 299/304/301 297/302/299 295/300/297
f 300/305/302 294/299/296 298/303/300
f 294/299/296 300/305/302 290/295/292
f 292/297/294 290/295/292 300/305/302
f 298/303/300 301/306/299 300/305/302
f 295/300/297 302/307/303 299/304/301
f 302/307/303 295/300/297 293/298/295
f 293/298/295 296/301/298 302/307/303
f 303/308/304 299/304/301 302/307/303
f 304/309/305 300/305/302 301/306/299
f 300/305/302 304/309/305 292/297/294
f 301/306/299 305/310/306 304/309/305
f 304/309/305 305/310/306 306/311/307
f 302/307/303 307/312/308 303/308/304
f 307/312/308 302/307/303 296/301/298
f 308/313/309 303/308/304 307/312/308
f 306/311/307 309/314/310 304/309/305
f 292/297/294 304/309/305 309/314/310
f 307/312/308 310/315/311 308/313/309
f 311/316/312 308/313/309 310/315/311
f 309/314/310 312/317/313 292/297/294
f 289/294/291 292/297/294 312/317/313
f 312/317/313 287/292/289 289/294/291
f 313/318/314 312/317/313 309/314/310
f 287/292/289 312/317/313 313/318/314
f 314/319/315 309/314/310 306/311/307
f 309/314/310 314/319/315 313/318/314
f 306/311/307 315/320/316 314/319/315
f 313/318/314 316/321/317 287/292/289
f 287/292/289 316/321/317 286/291/288
f 317/322/318 313/318/314 314/319/315
f 316/321/317 313/318/314 317/322/318
f 318/323/319 314/319/315 315/320/316
f 314/319/315 318/323/319 317/322/318
f 315/320/316 319/324/320 318/323/319
f 320/325/321 286/291/288 316/321/317
f 286/291/288 320/325/321 284/289/286
f 317/322/318 321/326/322 316/321/317
f 316/321/317 321/326/322 320/325/321
f 322/327/323 317/322/318 318/323/319
f 321/326/322 317/322/318 322/327/323
f 323/328/324 318/323/319 319/324/320
f 318/323/319 323/328/324 322/327/323
f 319/324/320 324/329/325 323/328/324
f 323/328/324 324/329/325 325/330/312
f 325/330/312 326/331/326 323/328/324
f 322/327/323 323/328/324 326/331/326
f 326/331/326 325/330/312 327/332/301
f 322/327/323 328/333/327 321/326/322
f 326/331/326 329/334/328 322/327/323
f 328/333/327 322/327/323 329/334/328
f 327/332/301 330/335/329 326/331/326
f 329/334/328 326/331/326 330/335/329
f 321/326/322 328/333/327 331/336/330
f 331/336/330 320/325/321 321/326/322
f 329/334/328 332/337/331 328/333/327
f 331/336/330 328/333/327 332/337/331
f 320/325/321 331/336/330 333/338/332
f 333/338/332 284/289/286 320/325/321
f 284/289/286 333/338/332 285/290/287
f 333/338/332 331/336/330 334/339/333
f 332/337/331 334/339/333 331/336/330
f 285/290/287 333/338/332 335/340/334
f 334/339/333 335/340/334 333/338/332
f 335/340/334 336/341/335 285/290/287
f 337/342/336 336/341/335 335/340/334
f 335/340/334 338/343/337 337/342/336
f 338/343/337 335/340/334 334/339/333
f 339/344/338 337/342/336 338/343/337
f 340/345/339 334/339/333 332/337/331
f 334/339/333 340/345/339 338/343/337
f 338/343/337 341/346/340 339/344/338
f 342/347/341 339/344/338 341/346/340
f 343/348/342 341/346/340 338/343/337
f 338/343/337 340/345/339 343/348/342
f 341/346/340 344/349/343 342/347/341
f 344/349/343 341/346/340 343/348/342
f 345/350/221 342/347/341 344/349/343
f 332/337/331 346/351/344 340/345/339
f 344/349/343 347/352/345 345/350/221
f 348/353/346 346/351/344 332/337/331
f 332/337/331 329/334/328 348/353/346
f 330/335/329 348/353/346 329/334/328
f 340/345/339 346/351/344 349/354/344
f 346/351/344 348/353/346 349/354/344
f 349/354/344 343/348/342 340/345/339
f 348/353/346 330/335/329 350/355/347
f 349/354/344 348/353/346 350/355/347
f 343/348/342 351/356/348 344/349/343
f 349/354/344 351/356/348 343/348/342
f 344/349/343 351/356/348 347/352/345
f 352/357/349 351/356/348 349/354/344
f 349/354/344 350/355/347 352/357/349
f 347/352/345 351/356/348 353/358/350
f 351/356/348 352/357/349 353/358/350
f 350/355/347 330/335/329 354/359/351
f 330/335/329 327/332/301 354/359/351
f 354/359/351 327/332/301 355/360/352
f 355/360/352 356/361/353 354/359/351
f 352/357/349 350/355/347 357/362/354
f 350/355/347 354/359/351 357/362/354
f 354/359/351 356/361/353 358/363/355
f 357/362/354 354/359/351 358/363/355
f 357/362/354 359/364/356 352/357/349
f 353/358/350 352/357/349 359/364/356
f 358/363/355 360/365/357 357/362/354
f 360/365/357 359/364/356 357/362/354
f 356/361/353 361/366/358 358/363/355
f 362/367/359 361/366/358 356/361/353
f 361/366/358 362/367/359 363/368/360
f 358/363/355 361/366/358 364/369/361
f 364/369/361 360/365/357 358/363/355
f 363/368/360 365/370/362 361/366/358
f 365/370/362 364/369/361 361/366/358
f 365/370/362 363/368/360 366/371/363
f 366/371/363 367/372/364 365/370/362
f 365/370/362 368/373/365 364/369/361
f 368/373/365 365/370/362 367/372/364
f 364/369/361 368/373/365 360/365/357
f 367/372/364 369/374/366 368/373/365
f 370/375/367 368/373/365 369/374/366
f 368/373/365 371/376/368 360/365/357
f 371/376/368 368/373/365 370/375/367
f 360/365/357 371/376/368 359/364/356
f 372/377/369 371/376/368 370/375/367
f 371/376/368 373/378/370 359/364/356
f 373/378/370 371/376/368 372/377/369
f 359/364/356 373/378/370 353/358/350
f 374/379/371 373/378/370 372/377/369
f 353/358/350 373/378/370 375/380/372
f 375/380/372 373/378/370 374/379/371
f 353/358/350 375/380/372 347/352/345
f 376/381/373 375/380/372 374/379/371
f 377/382/374 375/380/372 376/381/373
f 375/380/372 377/382/374 347/352/345
f 377/382/374 376/381/373 378/383/373
f 377/382/374 379/384/375 347/352/345
f 378/383/373 379/384/375 377/382/374
f 345/350/221 347/352/345 379/384/375
f 345/350/221 379/384/375 380/385/376
f 380/385/376 379/384/375 378/383/373
f 378/383/373 381/386/377 380/385/376
f 382/389/380 383/388/379 384/387/378
f 382/389/380 384/387/378 385/390/381
f 385/390/381 386/391/382 382/389/380
f 387/392/383 386/391/382 385/390/381
f 388/393/384 386/391/382 387/392/383
f 389/394/385 388/393/384 387/392/383
f 390/395/386 389/394/385 387/392/383
f 387/392/383 391/396/387 390/395/386
f 388/393/384 389/394/385 392/397/388
f 392/397/388 393/398/389 388/393/384
f 394/399/390 393/398/389 392/397/388
f 389/394/385 390/395/386 395/400/391
f 395/400/391 392/397/388 389/394/385
f 392/397/388 396/401/392 394/399/390
f 396/401/392 392/397/388 395/400/391
f 397/402/393 394/399/390 396/401/392
f 395/400/391 390/395/386 398/403/394
f 398/403/394 390/395/386 391/396/387
f 396/401/392 399/404/395 397/402/393
f 400/405/396 397/402/393 399/404/395
f 395/400/391 401/406/397 396/401/392
f 399/404/395 396/401/392 401/406/397
f 399/404/395 402/407/398 400/405/396
f 403/408/399 400/405/396 402/407/398
f 401/406/397 404/409/400 399/404/395
f 402/407/398 399/404/395 404/409/400
f 401/406/397 395/400/391 405/410/401
f 398/403/394 405/410/401 395/400/391
f 404/409/400 401/406/397 406/411/402
f 405/410/401 406/411/402 401/406/397
f 404/409/400 407/412/403 402/407/398
f 408/413/404 406/411/402 405/410/401
f 406/411/402 409/414/405 404/409/400
f 409/414/405 406/411/402 408/413/404
f 407/412/403 404/409/400 409/414/405
f 405/410/401 410/415/406 408/413/404
f 411/416/407 410/415/406 405/410/401
f 405/410/401 398/403/394 411/416/407
f 408/413/404 412/417/408 409/414/405
f 413/418/409 411/416/407 398/403/394
f 414/419/410 409/414/405 412/417/408
f 409/414/405 414/419/410 407/412/403
f 412/417/408 415/420/411 414/419/410
f 415/420/411 416/421/412 414/419/410
f 416/421/412 417/423/414 418/422/413
f 416/421/412 418/422/413 414/419/410
f 414/419/410 418/422/413 419/424/250
f 419/424/250 407/412/403 414/419/410
f 420/426/416 413/418/409 421/425/415
f 407/412/403 419/424/250 422/427/417
f 422/427/417 402/407/398 407/412/403
f 402/407/398 422/427/417 403/408/399
f 413/418/409 423/428/418 421/425/415
f 398/403/394 423/428/418 413/418/409
f 421/425/415 423/428/418 424/429/419
f 391/396/387 423/428/418 398/403/394
f 391/396/387 424/429/419 423/428/418
f 403/408/399 422/427/417 425/430/420
f 425/430/420 422/427/417 419/424/250
f 419/424/250 426/431/421 425/430/420
f 425/430/420 427/432/422 403/408/399
f 425/430/420 426/431/421 428/433/423
f 427/432/422 425/430/420 429/434/424
f 428/433/423 429/434/424 425/430/420
f 429/434/424 430/435/425 427/432/422
f 429/434/424 428/433/423 431/436/426
f 430/435/425 429/434/424 432/437/427
f 431/436/426 432/437/427 429/434/424
f 432/437/427 433/438/428 430/435/425
f 434/439/429 432/437/427 431/436/426
f 433/438/428 432/437/427 434/439/429
f 431/436/426 435/440/430 434/439/429
f 434/439/429 436/441/431 433/438/428
f 434/439/429 435/440/430 437/442/432
f 436/441/431 434/439/429 438/443/433
f 437/442/432 438/443/433 434/439/429
f 438/443/433 439/444/434 436/441/431
f 438/443/433 437/442/432 440/445/435
f 439/444/434 438/443/433 441/446/436
f 440/445/435 441/446/436 438/443/433
f 441/446/436 442/447/437 439/444/434
f 441/446/436 440/445/435 443/448/438
f 442/447/437 441/446/436 444/449/439
f 443/448/438 444/449/439 441/446/436
f 444/449/439 445/450/440 442/447/437
f 444/449/439 443/448/438 446/451/441
f 445/450/440 444/449/439 446/451/441
f 447/453/444 29/452/443 30/141/442
f 30/141/442 143/148/148 447/453/444
f 448/454/445 447/453/444 143/148/148
f 143/148/148 449/455/446 448/454/445
f 146/151/151 449/455/446 143/148/148
f 450/456/447 448/454/445 449/455/446
f 451/457/448 449/455/446 146/151/151
f 449/455/446 451/457/448 450/456/447
f 146/151/151 150/155/155 451/457/448
f 450/456/447 451/457/448 452/458/449
f 452/458/449 451/457/448 150/155/155
f 452/458/449 453/459/450 450/456/447
f 150/155/155 158/163/163 452/458/449
f 454/460/451 453/459/450 452/458/449
f 158/163/163 162/167/167 452/458/449
f 452/458/449 455/461/452 454/460/451
f 452/458/449 162/167/167 455/461/452
f 456/462/453 454/460/451 455/461/452
f 162/167/167 178/183/183 455/461/452
f 455/461/452 457/463/454 456/462/453
f 457/463/454 455/461/452 178/183/183
f 456/462/453 457/463/454 458/464/455
f 458/464/455 459/465/456 456/462/453
f 460/466/457 459/465/456 458/464/455
f 178/183/183 461/467/458 457/463/454
f 461/467/458 178/183/183 179/184/184
f 179/184/184 462/468/459 461/467/458
f 461/467/458 462/468/459 463/469/460
f 457/463/454 461/467/458 464/470/461
f 463/469/460 464/470/461 461/467/458
f 464/470/461 458/464/455 457/463/454
f 465/471/462 464/470/461 463/469/460
f 458/464/455 464/470/461 465/471/462
f 463/469/460 466/472/463 465/471/462
f 465/471/462 466/472/463 467/473/464
f 458/464/455 468/474/465 460/466/457
f 465/471/462 468/474/465 458/464/455
f 460/466/457 468/474/465 469/475/466
f 469/475/466 468/474/465 465/471/462
f 469/475/466 470/476/467 460/466/457
f 471/477/468 470/476/467 469/475/466
f 467/473/464 472/478/469 465/471/462
f 467/473/464 471/477/468 472/478/469
f 465/471/462 472/478/469 469/475/466
f 469/475/466 472/478/469 471/477/468
f 473/36/472 474/34/471 475/35/470
f 476/37/473 474/34/471 473/36/472
f 476/37/473 477/38/474 474/34/471
f 477/38/474 37/39/36 36/40/475
f 477/38/474 476/37/473 478/41/476
f 478/41/476 476/37/473 479/42/477
f 477/38/474 480/43/478 37/39/36
f 478/41/476 480/43/478 477/38/474
f 37/39/36 480/43/478 41/44/479
f 479/42/477 481/45/480 478/41/476
f 481/45/480 479/42/477 482/46/481
f 483/47/482 480/43/478 478/41/476
f 478/41/476 481/45/480 483/47/482
f 483/47/482 41/44/479 480/43/478
f 482/46/481 484/48/483 481/45/480
f 483/47/482 481/45/480 484/48/483
f 484/48/483 482/46/481 485/49/484
f 486/50/485 41/44/479 483/47/482
f 486/50/485 48/51/486 41/44/479
f 484/48/483 487/52/487 483/47/482
f 487/52/487 486/50/485 483/47/482
f 485/49/484 488/53/488 484/48/483
f 487/52/487 484/48/483 488/53/488
f 488/53/488 485/49/484 489/54/489
f 488/53/488 490/57/490 487/52/487
f 489/54/489 491/55/491 488/53/488
f 490/57/490 488/53/488 491/55/491
f 491/55/491 489/54/489 492/56/492
f 487/52/487 490/57/490 493/60/493
f 493/60/493 486/50/485 487/52/487
f 492/56/492 494/58/494 491/55/491
f 494/58/494 492/56/492 495/59/495
f 491/55/491 496/64/496 490/57/490
f 495/59/495 497/61/497 494/58/494
f 497/61/497 495/59/495 498/62/498
f 491/55/491 494/58/494 499/63/499
f 499/63/499 494/58/494 497/61/497
f 499/63/499 496/64/496 491/55/491
f 498/62/498 500/68/500 497/61/497
f 500/68/500 498/62/498 501/69/501
f 497/61/497 502/67/502 499/63/499
f 501/69/501 503/71/503 500/68/500
f 503/71/503 501/69/501 504/72/504
f 497/61/497 500/68/500 505/70/505
f 505/70/505 502/67/502 497/61/497
f 500/68/500 503/71/503 506/73/506
f 506/73/506 505/70/505 500/68/500
f 505/70/505 506/73/506 507/74/507
f 72/75/72 506/73/506 503/71/503
f 507/74/507 508/76/508 505/70/505
f 502/67/502 505/70/505 508/76/508
f 503/71/503 509/77/509 72/75/72
f 504/72/504 509/77/509 503/71/503
f 509/77/509 504/72/504 510/78/510
f 72/75/72 509/77/509 511/79/511
f 510/78/510 511/79/511 509/77/509
f 511/79/511 77/80/512 72/75/72
f 511/79/511 510/78/510 512/81/513
f 77/80/512 511/79/511 513/82/514
f 512/81/513 513/82/514 511/79/511
f 513/82/514 80/83/515 77/80/512
f 81/84/81 513/82/514 512/81/513
f 81/84/81 80/83/515 513/82/514
f 514/66/516 499/63/499 502/67/502
f 496/64/496 499/63/499 514/66/516
f 502/67/502 515/85/517 514/66/516
f 508/76/508 515/85/517 502/67/502
f 514/66/516 516/65/518 496/64/496
f 490/57/490 496/64/496 516/65/518
f 516/65/518 493/60/493 490/57/490
f 516/65/518 514/66/516 517/89/519
f 517/89/519 514/66/516 515/85/517
f 493/60/493 516/65/518 518/98/520
f 517/89/519 518/98/520 516/65/518
f 515/85/517 508/76/508 519/86/521
f 519/86/521 508/76/508 520/87/522
f 519/86/521 520/87/522 521/88/523
f 515/85/517 522/90/524 517/89/519
f 519/86/521 522/90/524 515/85/517
f 518/98/520 517/89/519 523/96/525
f 523/96/525 517/89/519 522/90/524
f 522/90/524 524/94/526 523/96/525
f 523/96/525 525/99/527 518/98/520
f 526/93/528 524/94/526 522/90/524
f 522/90/524 519/86/521 526/93/528
f 527/100/529 518/98/520 525/99/527
f 518/98/520 527/100/529 493/60/493
f 525/99/527 528/101/530 527/100/529
f 486/50/485 493/60/493 527/100/529
f 527/100/529 528/101/530 529/102/531
f 529/102/531 530/103/532 527/100/529
f 527/100/529 530/103/532 486/50/485
f 530/103/532 529/102/531 531/104/533
f 486/50/485 530/103/532 532/105/534
f 531/104/533 532/105/534 530/103/532
f 532/105/534 48/51/486 486/50/485
f 532/105/534 103/106/103 48/51/486
f 104/107/535 103/106/103 532/105/534
f 533/108/536 532/105/534 531/104/533
f 531/104/533 534/109/537 533/108/536
f 533/108/536 534/109/537 535/110/538
f 532/105/534 536/111/539 104/107/535
f 532/105/534 533/108/536 536/111/539
f 104/107/535 536/111/539 537/113/540
f 537/113/540 111/114/541 104/107/535
f 112/115/542 111/114/541 537/113/540
f 537/113/540 538/116/543 112/115/542
f 533/108/536 539/112/544 536/111/539
f 539/112/544 537/113/540 536/111/539
f 535/110/538 539/112/544 533/108/536
f 538/116/543 537/113/540 540/117/545
f 540/117/545 537/113/540 539/112/544
f 540/117/545 541/118/546 538/116/543
f 542/119/547 539/112/544 535/110/538
f 539/112/544 542/119/547 540/117/545
f 535/110/538 543/120/548 542/119/547
f 541/118/546 540/117/545 544/121/549
f 544/121/549 540/117/545 542/119/547
f 544/121/549 545/122/550 541/118/546
f 546/123/551 545/122/550 544/121/549
f 547/124/552 542/119/547 543/120/548
f 542/119/547 547/124/552 544/121/549
f 543/120/548 548/125/553 547/124/552
f 544/121/549 549/126/554 546/123/551
f 549/126/554 544/121/549 547/124/552
f 550/127/555 546/123/551 549/126/554
f 551/128/556 547/124/552 548/125/553
f 547/124/552 551/128/556 549/126/554
f 548/125/553 552/129/557 551/128/556
f 549/126/554 553/130/558 550/127/555
f 553/130/558 549/126/554 551/128/556
f 550/127/555 553/130/558 554/131/559
f 555/132/560 551/128/556 552/129/557
f 551/128/556 555/132/560 553/130/558
f 555/132/560 554/131/559 553/130/558
f 552/129/557 556/133/561 555/132/560
f 556/133/561 554/131/559 555/132/560
f 557/389/564 384/387/563 383/388/562
f 385/390/565 384/387/563 557/389/564
f 557/389/564 558/391/566 385/390/565
f 387/392/567 385/390/565 558/391/566
f 559/393/568 387/392/567 558/391/566
f 560/394/569 387/392/567 559/393/568
f 387/392/567 560/394/569 561/395/570
f 561/395/570 391/396/571 387/392/567
f 562/397/572 560/394/569 559/393/568
f 559/393/568 563/398/573 562/397/572
f 562/397/572 563/398/573 564/399/574
f 565/400/575 561/395/570 560/394/569
f 560/394/569 562/397/572 565/400/575
f 564/399/574 566/401/576 562/397/572
f 565/400/575 562/397/572 566/401/576
f 566/401/576 564/399/574 567/402/577
f 568/403/578 561/395/570 565/400/575
f 391/396/571 561/395/570 568/403/578
f 567/402/577 569/404/579 566/401/576
f 569/404/579 567/402/577 570/405/580
f 566/401/576 571/406/581 565/400/575
f 571/406/581 566/401/576 569/404/579
f 570/405/580 572/407/582 569/404/579
f 572/407/582 570/405/580 573/408/583
f 569/404/579 574/409/584 571/406/581
f 574/409/584 569/404/579 572/407/582
f 575/410/585 565/400/575 571/406/581
f 565/400/575 575/410/585 568/403/578
f 576/411/586 571/406/581 574/409/584
f 571/406/581 576/411/586 575/410/585
f 572/407/582 577/412/587 574/409/584
f 574/409/584 578/414/588 576/411/586
f 578/414/588 574/409/584 577/412/587
f 575/410/585 576/411/586 579/413/589
f 579/413/589 576/411/586 578/414/588
f 579/413/589 580/415/590 575/410/585
f 575/410/585 580/415/590 581/416/591
f 581/416/591 568/403/578 575/410/585
f 578/414/588 582/417/592 579/413/589
f 568/403/578 581/416/591 583/418/593
f 582/417/592 578/414/588 584/419/594
f 577/412/587 584/419/594 578/414/588
f 584/419/594 585/420/595 582/417/592
f 585/420/595 584/419/594 586/421/596
f 586/421/596 418/422/597 417/423/414
f 586/421/596 584/419/594 418/422/597
f 419/424/250 418/422/597 584/419/594
f 584/419/594 577/412/587 419/424/250
f 587/427/598 419/424/250 577/412/587
f 577/412/587 572/407/582 587/427/598
f 573/408/583 587/427/598 572/407/582
f 419/424/250 587/427/598 588/430/599
f 588/430/599 587/427/598 573/408/583
f 588/430/599 426/431/421 419/424/250
f 573/408/583 589/432/600 588/430/599
f 590/433/601 426/431/421 588/430/599
f 591/434/602 588/430/599 589/432/600
f 588/430/599 591/434/602 590/433/601
f 589/432/600 592/435/603 591/434/602
f 593/436/604 590/433/601 591/434/602
f 594/437/605 591/434/602 592/435/603
f 591/434/602 594/437/605 593/436/604
f 592/435/603 595/438/606 594/437/605
f 593/436/604 594/437/605 596/439/607
f 596/439/607 594/437/605 595/438/606
f 596/439/607 597/440/608 593/436/604
f 595/438/606 598/441/609 596/439/607
f 599/442/610 597/440/608 596/439/607
f 600/443/611 596/439/607 598/441/609
f 596/439/607 600/443/611 599/442/610
f 598/441/609 601/444/612 600/443/611
f 602/445/613 599/442/610 600/443/611
f 603/446/614 600/443/611 601/444/612
f 600/443/611 603/446/614 602/445/613
f 601/444/612 604/447/615 603/446/614
f 605/448/616 602/445/613 603/446/614
f 606/449/617 603/446/614 604/447/615
f 603/446/614 606/449/617 605/448/616
f 604/447/615 607/450/618 606/449/617
f 606/449/617 608/451/619 605/448/616
f 607/450/618 608/451/619 606/449/617
f 609/481/622 31/480/621 34/479/620
f 31/480/621 609/481/622 610/482/623
f 610/482/623 611/483/624 31/480/621
f 31/480/621 611/483/624 32/484/625
f 32/484/625 612/486/627 613/485/626
f 614/487/628 612/486/627 32/484/625
f 32/484/625 611/483/624 614/487/628
f 615/488/629 611/483/624 610/482/623
f 614/487/628 611/483/624 615/488/629
f 610/482/623 616/489/630 615/488/629
f 615/488/629 617/490/631 614/487/628
f 615/488/629 616/489/630 618/491/632
f 619/492/633 617/490/631 615/488/629
f 618/491/632 620/493/634 615/488/629
f 615/488/629 620/493/634 619/492/633
f 618/491/632 621/494/635 620/493/634
f 621/494/635 619/492/633 620/493/634
f 622/497/638 623/496/637 356/495/636
f 623/496/637 622/497/638 624/498/639
f 624/498/639 625/499/640 623/496/637
f 626/500/641 623/496/637 625/499/640
f 627/501/642 626/500/641 625/499/640
f 625/499/640 628/502/643 627/501/642
f 628/502/643 625/499/640 624/498/639
f 629/503/644 627/501/642 628/502/643
f 624/498/639 630/504/645 628/502/643
f 630/504/645 624/498/639 631/505/646
f 628/502/643 632/506/647 629/503/644
f 632/506/647 628/502/643 630/504/645
f 633/507/648 629/503/644 632/506/647
f 634/508/649 630/504/645 631/505/646
f 630/504/645 634/508/649 632/506/647
f 632/506/647 635/509/650 633/507/648
f 635/509/650 632/506/647 634/508/649
f 631/505/646 636/510/651 634/508/649
f 631/505/646 637/511/652 636/510/651
f 634/508/649 638/512/653 635/509/650
f 638/512/653 634/508/649 636/510/651
f 633/507/648 635/509/650 639/513/654
f 639/513/654 640/514/655 633/507/648
f 641/515/656 640/514/655 639/513/654
f 642/516/657 639/513/654 635/509/650
f 635/509/650 638/512/653 642/516/657
f 639/513/654 643/517/658 641/515/656
f 643/517/658 639/513/654 642/516/657
f 644/518/659 641/515/656 643/517/658
f 645/519/660 642/516/657 638/512/653
f 642/516/657 646/520/661 643/517/658
f 646/520/661 642/516/657 645/519/660
f 643/517/658 647/521/662 644/518/659
f 647/521/662 643/517/658 646/520/661
f 644/518/659 647/521/662 648/522/663
f 648/522/663 649/523/664 644/518/659
f 646/520/661 650/524/665 647/521/662
f 649/523/664 648/522/663 651/525/666
f 651/525/666 652/526/667 649/523/664
f 653/527/668 652/526/667 651/525/666
f 654/528/669 648/522/663 647/521/662
f 651/525/666 648/522/663 654/528/669
f 647/521/662 650/524/665 654/528/669
f 651/525/666 655/529/670 653/527/668
f 656/530/671 653/527/668 655/529/670
f 654/528/669 657/531/672 651/525/666
f 655/529/670 651/525/666 657/531/672
f 658/532/673 654/528/669 650/524/665
f 657/531/672 654/528/669 658/532/673
f 655/529/670 659/533/674 656/530/671
f 660/534/675 656/530/671 659/533/674
f 657/531/672 661/535/676 655/529/670
f 659/533/674 662/536/677 660/534/675
f 663/537/678 660/534/675 662/536/677
f 664/538/679 659/533/674 655/529/670
f 655/529/670 661/535/676 664/538/679
f 665/539/680 662/536/677 659/533/674
f 659/533/674 664/538/679 665/539/680
f 662/536/677 666/540/681 663/537/678
f 666/540/681 662/536/677 665/539/680
f 663/537/678 666/540/681 667/541/682
f 667/541/682 668/542/683 663/537/678
f 669/543/684 668/542/683 667/541/682
f 665/539/680 670/544/685 666/540/681
f 667/541/682 666/540/681 670/544/685
f 665/539/680 664/538/679 671/545/686
f 671/545/686 664/538/679 661/535/676
f 667/541/682 672/546/687 669/543/684
f 673/547/688 669/543/684 672/546/687
f 671/545/686 674/548/689 665/539/680
f 670/544/685 665/539/680 674/548/689
f 672/546/687 675/549/690 673/547/688
f 676/550/691 673/547/688 675/549/690
f 672/546/687 667/541/682 677/551/692
f 667/541/682 670/544/685 677/551/692
f 675/549/690 678/552/693 676/550/691
f 679/553/694 676/550/691 678/552/693
f 680/554/695 675/549/690 672/546/687
f 678/552/693 681/555/696 679/553/694
f 682/556/697 679/553/694 681/555/696
f 683/557/698 678/552/693 675/549/690
f 675/549/690 680/554/695 683/557/698
f 684/558/699 681/555/696 678/552/693
f 678/552/693 683/557/698 684/558/699
f 684/558/699 682/556/697 681/555/696
f 672/546/687 685/559/700 680/554/695
f 677/551/692 685/559/700 672/546/687
f 686/560/701 682/556/697 684/558/699
f 687/561/702 680/554/695 685/559/700
f 683/557/698 680/554/695 687/561/702
f 682/556/697 686/560/701 688/562/703
f 689/563/704 682/556/697 688/562/703
f 690/564/705 689/563/704 688/562/703
f 691/565/706 686/560/701 684/558/699
f 684/558/699 683/557/698 691/565/706
f 688/562/703 686/560/701 691/565/706
f 687/561/702 691/565/706 683/557/698
f 688/562/703 692/566/707 690/564/705
f 691/565/706 692/566/707 688/562/703
f 693/567/708 690/564/705 692/566/707
f 694/568/709 692/566/707 691/565/706
f 692/566/707 694/568/709 693/567/708
f 691/565/706 687/561/702 694/568/709
f 695/569/710 693/567/708 694/568/709
f 694/568/709 696/570/711 695/569/710
f 696/570/711 694/568/709 687/561/702
f 697/571/712 695/569/710 696/570/711
f 687/561/702 698/572/713 696/570/711
f 685/559/700 698/572/713 687/561/702
f 696/570/711 699/573/714 697/571/712
f 699/573/714 696/570/711 698/572/713
f 700/574/715 697/571/712 699/573/714
f 701/575/716 698/572/713 685/559/700
f 698/572/713 701/575/716 699/573/714
f 685/559/700 677/551/692 701/575/716
f 699/573/714 702/576/717 700/574/715
f 703/577/718 700/574/715 702/576/717
f 704/578/719 701/575/716 677/551/692
f 699/573/714 701/575/716 704/578/719
f 702/576/717 705/579/720 703/577/718
f 706/580/721 703/577/718 705/579/720
f 707/581/722 702/576/717 699/573/714
f 705/579/720 702/576/717 707/581/722
f 704/578/719 708/582/723 699/573/714
f 699/573/714 708/582/723 707/581/722
f 677/551/692 709/583/724 704/578/719
f 677/551/692 670/544/685 709/583/724
f 710/584/725 704/578/719 709/583/724
f 708/582/723 704/578/719 710/584/725
f 711/585/726 709/583/724 670/544/685
f 709/583/724 711/585/726 710/584/725
f 670/544/685 712/586/727 711/585/726
f 674/548/689 712/586/727 670/544/685
f 710/584/725 711/585/726 713/587/728
f 713/587/728 711/585/726 712/586/727
f 710/584/725 714/588/729 708/582/723
f 712/586/727 674/548/689 715/589/730
f 708/582/723 714/588/729 716/590/731
f 716/590/731 707/581/722 708/582/723
f 717/591/732 714/588/729 710/584/725
f 716/590/731 714/588/729 717/591/732
f 718/592/733 707/581/722 716/590/731
f 707/581/722 718/592/733 705/579/720
f 710/584/725 719/593/734 717/591/732
f 713/587/728 719/593/734 710/584/725
f 705/579/720 718/592/733 720/594/735
f 719/593/734 713/587/728 721/595/736
f 720/594/735 722/596/737 705/579/720
f 705/579/720 722/596/737 706/580/721
f 723/597/683 706/580/721 722/596/737
f 722/596/737 724/598/738 723/597/683
f 725/599/739 723/597/683 724/598/738
f 726/600/740 724/598/738 722/596/737
f 722/596/737 720/594/735 726/600/740
f 724/598/738 727/601/741 725/599/739
f 727/601/741 724/598/738 726/600/740
f 728/602/742 725/599/739 727/601/741
f 729/603/743 720/594/735 718/592/733
f 716/590/731 729/603/743 718/592/733
f 727/601/741 730/604/744 728/602/742
f 731/605/745 728/602/742 730/604/744
f 729/603/743 716/590/731 732/606/746
f 717/591/732 732/606/746 716/590/731
f 730/604/744 733/607/747 731/605/745
f 734/608/748 731/605/745 733/607/747
f 735/609/749 732/606/746 717/591/732
f 733/607/747 736/610/750 734/608/748
f 737/611/751 734/608/748 736/610/750
f 738/612/752 732/606/746 735/609/749
f 732/606/746 738/612/752 729/603/743
f 736/610/750 739/613/753 737/611/751
f 740/614/754 737/611/751 739/613/753
f 736/610/750 733/607/747 741/615/755
f 739/613/753 742/616/756 740/614/754
f 739/613/753 736/610/750 743/617/757
f 741/615/755 743/617/757 736/610/750
f 742/616/756 739/613/753 744/618/758
f 743/617/757 744/618/758 739/613/753
f 740/614/754 742/616/756 745/619/759
f 745/619/759 746/620/760 740/614/754
f 744/618/758 747/621/761 742/616/756
f 745/619/759 742/616/756 747/621/761
f 746/620/760 745/619/759 748/622/762
f 748/622/762 749/623/763 746/620/760
f 747/621/761 750/624/764 745/619/759
f 748/622/762 745/619/759 750/624/764
f 749/623/763 748/622/762 751/625/765
f 751/625/765 752/626/766 749/623/763
f 751/625/765 753/627/767 752/626/766
f 754/628/768 751/625/765 748/622/762
f 753/627/767 751/625/765 754/628/768
f 748/622/762 755/629/769 754/628/768
f 750/624/764 755/629/769 748/622/762
f 753/627/767 754/628/768 756/630/770
f 756/630/770 754/628/768 755/629/769
f 753/627/767 756/630/770 757/631/771
f 753/627/767 757/631/771 758/632/136
f 759/633/772 758/632/136 757/631/771
f 755/629/769 760/634/773 756/630/770
f 757/631/771 756/630/770 760/634/773
f 757/631/771 761/635/774 759/633/772
f 760/634/773 761/635/774 757/631/771
f 762/636/775 759/633/772 761/635/774
f 763/637/776 760/634/773 755/629/769
f 761/635/774 760/634/773 763/637/776
f 755/629/769 750/624/764 763/637/776
f 761/635/774 764/638/777 762/636/775
f 763/637/776 764/638/777 761/635/774
f 765/639/778 762/636/775 764/638/777
f 766/640/779 763/637/776 750/624/764
f 764/638/777 763/637/776 766/640/779
f 750/624/764 747/621/761 766/640/779
f 764/638/777 767/641/780 765/639/778
f 766/640/779 767/641/780 764/638/777
f 768/642/781 765/639/778 767/641/780
f 769/643/782 766/640/779 747/621/761
f 747/621/761 744/618/758 769/643/782
f 770/644/783 767/641/780 766/640/779
f 767/641/780 770/644/783 768/642/781
f 766/640/779 769/643/782 770/644/783
f 771/645/784 768/642/781 770/644/783
f 770/644/783 772/646/785 771/645/784
f 772/646/785 770/644/783 769/643/782
f 773/647/786 771/645/784 772/646/785
f 774/648/787 769/643/782 744/618/758
f 769/643/782 774/648/787 772/646/785
f 744/618/758 743/617/757 774/648/787
f 772/646/785 775/649/788 773/647/786
f 775/649/788 772/646/785 774/648/787
f 776/650/789 773/647/786 775/649/788
f 777/651/790 774/648/787 743/617/757
f 774/648/787 777/651/790 775/649/788
f 743/617/757 741/615/755 777/651/790
f 775/649/788 778/652/791 776/650/789
f 778/652/791 775/649/788 777/651/790
f 779/653/792 777/651/790 741/615/755
f 777/651/790 779/653/792 778/652/791
f 741/615/755 780/654/793 779/653/792
f 780/654/793 741/615/755 733/607/747
f 733/607/747 730/604/744 780/654/793
f 779/653/792 780/654/793 781/655/794
f 781/655/794 780/654/793 730/604/744
f 782/656/795 778/652/791 779/653/792
f 730/604/744 783/657/796 781/655/794
f 783/657/796 730/604/744 727/601/741
f 781/655/794 784/658/797 779/653/792
f 779/653/792 784/658/797 782/656/795
f 727/601/741 785/659/798 783/657/796
f 726/600/740 785/659/798 727/601/741
f 781/655/794 783/657/796 786/660/799
f 786/660/799 783/657/796 785/659/798
f 785/659/798 726/600/740 787/661/800
f 785/659/798 788/662/801 786/660/799
f 787/661/800 788/662/801 785/659/798
f 786/660/799 789/663/802 781/655/794
f 790/664/803 787/661/800 726/600/740
f 726/600/740 720/594/735 790/664/803
f 720/594/735 729/603/743 790/664/803
f 788/662/801 787/661/800 791/665/804
f 790/664/803 791/665/804 787/661/800
f 792/666/805 786/660/799 788/662/801
f 789/663/802 786/660/799 792/666/805
f 791/665/804 793/667/806 788/662/801
f 788/662/801 793/667/806 792/666/805
f 794/668/807 791/665/804 790/664/803
f 794/668/807 793/667/806 791/665/804
f 795/669/808 790/664/803 729/603/743
f 729/603/743 738/612/752 795/669/808
f 796/670/809 794/668/807 790/664/803
f 790/664/803 795/669/808 796/670/809
f 797/671/810 794/668/807 796/670/809
f 793/667/806 794/668/807 797/671/810
f 795/669/808 738/612/752 798/672/811
f 735/609/749 798/672/811 738/612/752
f 799/673/812 796/670/809 795/669/808
f 798/672/811 735/609/749 800/674/813
f 798/672/811 801/675/814 795/669/808
f 795/669/808 801/675/814 799/673/812
f 800/674/813 802/676/815 798/672/811
f 801/675/814 798/672/811 802/676/815
f 802/676/815 803/677/816 801/675/814
f 799/673/812 801/675/814 803/677/816
f 803/677/816 804/678/816 799/673/812
f 799/673/812 804/678/816 805/679/817
f 800/674/813 735/609/749 806/680/818
f 806/680/818 807/681/819 800/674/813
f 717/591/732 806/680/818 735/609/749
f 808/682/820 807/681/819 806/680/818
f 809/683/821 806/680/818 717/591/732
f 806/680/818 809/683/821 808/682/820
f 717/591/732 719/593/734 809/683/821
f 810/684/822 808/682/820 809/683/821
f 721/595/736 809/683/821 719/593/734
f 809/683/821 721/595/736 810/684/822
f 811/685/823 810/684/822 721/595/736
f 721/595/736 812/686/824 811/685/823
f 812/686/824 721/595/736 713/587/728
f 813/687/825 811/685/823 812/686/824
f 713/587/728 814/688/826 812/686/824
f 712/586/727 814/688/826 713/587/728
f 812/686/824 815/689/827 813/687/825
f 715/589/730 814/688/826 712/586/727
f 816/690/828 813/687/825 815/689/827
f 812/686/824 814/688/826 817/691/829
f 817/691/829 815/689/827 812/686/824
f 815/689/827 818/692/830 816/690/828
f 818/692/830 815/689/827 817/691/829
f 819/693/831 816/690/828 818/692/830
f 820/694/832 817/691/829 814/688/826
f 814/688/826 715/589/730 820/694/832
f 818/692/830 821/695/833 819/693/831
f 822/696/834 819/693/831 821/695/833
f 823/697/835 821/695/833 818/692/830
f 822/696/834 821/695/833 823/697/835
f 824/698/836 818/692/830 817/691/829
f 818/692/830 824/698/836 823/697/835
f 817/691/829 820/694/832 824/698/836
f 825/699/837 822/696/834 823/697/835
f 825/699/837 823/697/835 824/698/836
f 826/700/838 822/696/834 825/699/837
f 827/701/839 826/700/838 825/699/837
f 824/698/836 828/702/840 825/699/837
f 825/699/837 828/702/840 827/701/839
f 828/702/840 824/698/836 820/694/832
f 829/703/841 827/701/839 828/702/840
f 820/694/832 830/704/842 828/702/840
f 828/702/840 830/704/842 829/703/841
f 830/704/842 820/694/832 715/589/730
f 831/705/843 829/703/841 830/704/842
f 715/589/730 832/706/844 830/704/842
f 832/706/844 715/589/730 674/548/689
f 830/704/842 833/707/845 831/705/843
f 833/707/845 830/704/842 832/706/844
f 834/708/846 831/705/843 833/707/845
f 674/548/689 671/545/686 832/706/844
f 833/707/845 835/709/847 834/708/846
f 835/709/847 833/707/845 832/706/844
f 836/710/848 834/708/846 835/709/847
f 837/711/849 832/706/844 671/545/686
f 832/706/844 837/711/849 835/709/847
f 836/710/848 421/713/851 424/712/850
f 835/709/847 838/714/852 836/710/848
f 836/710/848 838/714/852 421/713/851
f 838/714/852 835/709/847 837/711/849
f 838/714/852 420/715/853 421/713/851
f 671/545/686 839/716/854 837/711/849
f 661/535/676 839/716/854 671/545/686
f 837/711/849 840/717/855 838/714/852
f 840/717/855 837/711/849 839/716/854
f 420/715/853 838/714/852 840/717/855
f 841/718/856 839/716/854 661/535/676
f 839/716/854 841/718/856 840/717/855
f 661/535/676 657/531/672 841/718/856
f 658/532/673 841/718/856 657/531/672
f 842/719/857 840/717/855 841/718/856
f 841/718/856 658/532/673 842/719/857
f 840/717/855 842/719/857 420/715/853
f 842/719/857 658/532/673 843/720/858
f 650/524/665 843/720/858 658/532/673
f 420/715/853 842/719/857 844/721/859
f 843/720/858 844/721/859 842/719/857
f 844/721/859 845/722/860 420/715/853
f 846/723/861 845/722/860 844/721/859
f 847/724/862 843/720/858 650/524/665
f 650/524/665 646/520/661 847/724/862
f 848/725/863 844/721/859 843/720/858
f 844/721/859 848/725/863 846/723/861
f 843/720/858 847/724/862 848/725/863
f 645/519/660 847/724/862 646/520/661
f 846/723/861 848/725/863 849/726/864
f 849/726/864 848/725/863 847/724/862
f 847/724/862 645/519/660 849/726/864
f 849/726/864 850/727/865 846/723/861
f 851/728/866 850/727/865 849/726/864
f 849/726/864 645/519/660 852/729/867
f 638/512/653 852/729/867 645/519/660
f 636/510/651 852/729/867 638/512/653
f 852/729/867 636/510/651 637/511/652
f 637/511/652 853/730/868 851/728/866
f 852/729/867 854/731/869 849/726/864
f 854/731/869 852/729/867 637/511/652
f 849/726/864 854/731/869 851/728/866
f 851/728/866 854/731/869 637/511/652
f 475/484/872 855/485/871 856/486/870
f 475/484/872 856/486/870 857/487/873
f 857/487/873 858/483/874 475/484/872
f 473/480/875 475/484/872 858/483/874
f 859/481/877 476/479/876 473/480/875
f 860/482/878 859/481/877 473/480/875
f 473/480/875 858/483/874 860/482/878
f 861/488/879 858/483/874 857/487/873
f 860/482/878 858/483/874 861/488/879
f 857/487/873 862/490/880 861/488/879
f 861/488/879 863/489/881 860/482/878
f 861/488/879 862/490/880 864/492/882
f 865/491/883 863/489/881 861/488/879
f 864/492/882 866/493/884 861/488/879
f 861/488/879 866/493/884 865/491/883
f 867/494/885 866/493/884 864/492/882
f 865/491/883 866/493/884 867/494/885
f 362/497/888 356/495/887 623/496/886
f 363/498/889 362/497/888 623/496/886
f 623/496/886 868/499/890 363/498/889
f 626/500/891 868/499/890 623/496/886
f 868/499/890 626/500/891 627/501/892
f 627/501/892 869/502/893 868/499/890
f 363/498/889 868/499/890 869/502/893
f 869/502/893 627/501/892 629/503/894
f 869/502/893 870/504/895 363/498/889
f 870/504/895 366/505/363 363/498/889
f 629/503/894 871/506/896 869/502/893
f 870/504/895 869/502/893 871/506/896
f 871/506/896 629/503/894 633/507/897
f 366/505/363 870/504/895 872/508/898
f 871/506/896 872/508/898 870/504/895
f 872/508/898 873/510/899 366/505/363
f 366/505/363 873/510/899 874/511/900
f 872/508/898 871/506/896 875/509/901
f 633/507/897 875/509/901 871/506/896
f 873/510/899 872/508/898 876/512/902
f 875/509/901 876/512/902 872/508/898
f 877/513/903 875/509/901 633/507/897
f 633/507/897 640/514/904 877/513/903
f 877/513/903 640/514/904 641/515/905
f 875/509/901 877/513/903 878/516/906
f 878/516/906 876/512/902 875/509/901
f 641/515/905 879/517/907 877/513/903
f 878/516/906 877/513/903 879/517/907
f 879/517/907 641/515/905 644/518/908
f 876/512/902 878/516/906 880/519/909
f 879/517/907 881/520/910 878/516/906
f 880/519/909 878/516/906 881/520/910
f 644/518/908 882/521/911 879/517/907
f 881/520/910 879/517/907 882/521/911
f 883/522/912 882/521/911 644/518/908
f 644/518/908 649/523/913 883/522/912
f 882/521/911 884/524/914 881/520/910
f 885/525/915 883/522/912 649/523/913
f 649/523/913 652/526/916 885/525/915
f 882/521/911 883/522/912 886/528/917
f 886/528/917 883/522/912 885/525/915
f 886/528/917 884/524/914 882/521/911
f 885/525/915 652/526/916 653/527/918
f 887/724/919 881/520/910 884/524/914
f 881/520/910 887/724/919 880/519/909
f 653/527/918 888/529/920 885/525/915
f 888/529/920 653/527/918 656/530/921
f 885/525/915 889/531/922 886/528/917
f 889/531/922 885/525/915 888/529/920
f 884/524/914 886/528/917 890/532/923
f 890/532/923 886/528/917 889/531/922
f 890/532/923 891/720/924 884/524/914
f 884/524/914 891/720/924 887/724/919
f 889/531/922 892/718/925 890/532/923
f 891/720/924 890/532/923 893/719/926
f 893/719/926 890/532/923 892/718/925
f 894/725/927 887/724/919 891/720/924
f 893/719/926 895/721/928 891/720/924
f 891/720/924 895/721/928 894/725/927
f 887/724/919 894/725/927 896/726/929
f 896/726/929 880/519/909 887/724/919
f 897/723/930 894/725/927 895/721/928
f 896/726/929 894/725/927 897/723/930
f 895/721/928 898/722/931 897/723/930
f 897/723/930 899/727/932 896/726/929
f 900/715/933 898/722/931 895/721/928
f 895/721/928 893/719/926 900/715/933
f 896/726/929 899/727/932 901/728/934
f 900/715/933 893/719/926 902/717/935
f 892/718/925 902/717/935 893/719/926
f 901/728/934 903/731/936 896/726/929
f 901/728/934 904/730/937 874/511/900
f 874/511/900 903/731/936 901/728/934
f 896/726/929 903/731/936 905/729/938
f 903/731/936 874/511/900 905/729/938
f 905/729/938 880/519/909 896/726/929
f 905/729/938 874/511/900 873/510/899
f 880/519/909 905/729/938 876/512/902
f 876/512/902 905/729/938 873/510/899
f 902/717/935 906/714/939 900/715/933
f 906/714/939 907/713/940 900/715/933
f 836/710/941 424/712/850 907/713/940
f 836/710/941 907/713/940 906/714/939
f 836/710/941 906/714/939 908/709/942
f 908/709/942 834/708/943 836/710/941
f 906/714/939 902/717/935 909/711/944
f 909/711/944 908/709/942 906/714/939
f 834/708/943 908/709/942 910/707/945
f 910/707/945 831/705/946 834/708/943
f 908/709/942 909/711/944 911/706/947
f 911/706/947 910/707/945 908/709/942
f 831/705/946 910/707/945 912/704/948
f 910/707/945 911/706/947 912/704/948
f 912/704/948 829/703/949 831/705/946
f 913/716/950 909/711/944 902/717/935
f 902/717/935 892/718/925 913/716/950
f 829/703/949 912/704/948 914/702/951
f 914/702/951 827/701/839 829/703/949
f 915/535/952 913/716/950 892/718/925
f 892/718/925 889/531/922 915/535/952
f 888/529/920 915/535/952 889/531/922
f 909/711/944 913/716/950 916/545/953
f 916/545/953 913/716/950 915/535/952
f 916/545/953 911/706/947 909/711/944
f 917/538/954 915/535/952 888/529/920
f 915/535/952 917/538/954 916/545/953
f 888/529/920 918/533/955 917/538/954
f 656/530/921 918/533/955 888/529/920
f 918/533/955 656/530/921 660/534/203
f 916/545/953 917/538/954 919/539/954
f 919/539/954 917/538/954 918/533/955
f 660/534/203 920/536/956 918/533/955
f 918/533/955 920/536/956 919/539/954
f 920/536/956 660/534/203 663/537/957
f 919/539/954 921/548/958 916/545/953
f 911/706/947 916/545/953 921/548/958
f 919/539/954 920/536/956 922/540/959
f 663/537/957 922/540/959 920/536/956
f 921/548/958 923/589/960 911/706/947
f 912/704/948 911/706/947 923/589/960
f 924/541/961 922/540/959 663/537/957
f 663/537/957 668/542/962 924/541/961
f 924/541/961 668/542/962 669/543/963
f 922/540/959 925/544/964 919/539/954
f 924/541/961 925/544/964 922/540/959
f 921/548/958 919/539/954 925/544/964
f 669/543/963 926/546/965 924/541/961
f 926/546/965 669/543/963 673/547/966
f 925/544/964 927/586/967 921/548/958
f 923/589/960 921/548/958 927/586/967
f 924/541/961 928/551/968 925/544/964
f 928/551/968 924/541/961 926/546/965
f 929/585/969 927/586/967 925/544/964
f 928/551/968 930/583/970 925/544/964
f 925/544/964 930/583/970 929/585/969
f 927/586/967 931/688/971 923/589/960
f 927/586/967 929/585/969 932/587/972
f 932/587/972 931/688/971 927/586/967
f 933/584/973 929/585/969 930/583/970
f 932/587/972 929/585/969 933/584/973
f 934/694/974 923/589/960 931/688/971
f 923/589/960 934/694/974 912/704/948
f 914/702/951 912/704/948 934/694/974
f 931/688/971 935/691/975 934/694/974
f 934/694/974 936/698/976 914/702/951
f 936/698/976 934/694/974 935/691/975
f 937/699/977 914/702/951 936/698/976
f 827/701/839 914/702/951 937/699/977
f 937/699/977 826/700/978 827/701/839
f 826/700/978 937/699/977 822/696/979
f 936/698/976 938/697/980 937/699/977
f 937/699/977 938/697/980 822/696/979
f 938/697/980 936/698/976 939/692/981
f 935/691/975 939/692/981 936/698/976
f 822/696/979 938/697/980 940/695/982
f 939/692/981 940/695/982 938/697/980
f 822/696/979 940/695/982 819/693/983
f 819/693/983 940/695/982 939/692/981
f 939/692/981 816/690/984 819/693/983
f 816/690/984 939/692/981 941/689/985
f 939/692/981 935/691/975 941/689/985
f 941/689/985 813/687/825 816/690/984
f 942/686/986 941/689/985 935/691/975
f 813/687/825 941/689/985 942/686/986
f 935/691/975 931/688/971 942/686/986
f 942/686/986 811/685/987 813/687/825
f 942/686/986 931/688/971 932/587/972
f 811/685/987 942/686/986 943/595/988
f 932/587/972 943/595/988 942/686/986
f 943/595/988 810/684/822 811/685/987
f 943/595/988 932/587/972 944/593/989
f 933/584/973 944/593/989 932/587/972
f 810/684/822 943/595/988 945/683/990
f 944/593/989 945/683/990 943/595/988
f 945/683/990 808/682/991 810/684/822
f 945/683/990 944/593/989 946/591/992
f 946/591/992 944/593/989 933/584/973
f 808/682/991 945/683/990 947/680/993
f 946/591/992 947/680/993 945/683/990
f 947/680/993 807/681/819 808/682/991
f 800/674/994 807/681/819 947/680/993
f 947/680/993 948/609/995 800/674/994
f 948/609/995 947/680/993 946/591/992
f 800/674/994 948/609/995 949/672/996
f 949/672/996 802/676/997 800/674/994
f 946/591/992 950/606/998 948/609/995
f 802/676/997 949/672/996 951/675/999
f 951/675/999 803/677/816 802/676/997
f 952/612/1000 949/672/996 948/609/995
f 948/609/995 950/606/998 952/612/1000
f 953/669/1001 951/675/999 949/672/996
f 949/672/996 952/612/1000 953/669/1001
f 803/677/816 951/675/999 954/673/1002
f 954/673/1002 951/675/999 953/669/1001
f 954/673/1002 804/678/1003 803/677/816
f 805/679/1004 804/678/1003 954/673/1002
f 953/669/1001 952/612/1000 955/603/1005
f 955/603/1005 952/612/1000 950/606/998
f 954/673/1002 956/732/1006 805/679/1004
f 953/669/1001 957/670/1007 954/673/1002
f 956/732/1006 954/673/1002 957/670/1007
f 805/679/1004 956/732/1006 958/733/1008
f 958/733/1008 959/734/1009 805/679/1004
f 957/670/1007 960/671/1010 956/732/1006
f 958/733/1008 956/732/1006 960/671/1010
f 957/670/1007 953/669/1001 961/664/1011
f 955/603/1005 961/664/1011 953/669/1001
f 959/734/1009 958/733/1008 962/735/1012
f 962/735/1012 963/736/1013 959/734/1009
f 964/737/1014 963/736/1013 962/735/1012
f 962/735/1012 958/733/1008 965/738/1015
f 960/671/1010 965/738/1015 958/733/1008
f 962/735/1012 966/739/1016 964/737/1014
f 967/740/1017 964/737/1014 966/739/1016
f 965/738/1015 968/741/1018 962/735/1012
f 966/739/1016 962/735/1012 968/741/1018
f 966/739/1016 969/742/1019 967/740/1017
f 968/741/1018 970/743/1020 966/739/1016
f 969/742/1019 966/739/1016 970/743/1020
f 967/740/1017 969/742/1019 971/744/1021
f 971/744/1021 972/745/1022 967/740/1017
f 973/746/1023 972/745/1022 971/744/1021
f 970/743/1020 974/747/1024 969/742/1019
f 971/744/1021 969/742/1019 974/747/1024
f 971/744/1021 975/748/1025 973/746/1023
f 976/749/1026 973/746/1023 975/748/1025
f 974/747/1024 977/750/1027 971/744/1021
f 975/748/1025 971/744/1021 977/750/1027
f 975/748/1025 978/751/1028 976/749/1026
f 976/749/1026 978/751/1028 979/752/1029
f 978/751/1028 975/748/1025 980/753/1030
f 977/750/1027 980/753/1030 975/748/1025
f 981/754/1031 979/752/1029 978/751/1028
f 980/753/1030 981/754/1031 978/751/1028
f 982/755/1032 979/752/1029 981/754/1031
f 979/752/1029 982/755/1032 983/756/1033
f 984/757/1034 983/756/1033 982/755/1032
f 985/758/1035 982/755/1032 981/754/1031
f 982/755/1032 985/758/1035 984/757/1034
f 981/754/1031 980/753/1030 985/758/1035
f 986/759/1036 984/757/1034 985/758/1035
f 987/760/1037 985/758/1035 980/753/1030
f 985/758/1035 987/760/1037 986/759/1036
f 980/753/1030 977/750/1027 987/760/1037
f 988/761/1038 986/759/1036 987/760/1037
f 989/762/1039 987/760/1037 977/750/1027
f 987/760/1037 989/762/1039 988/761/1038
f 977/750/1027 974/747/1024 989/762/1039
f 990/763/1040 988/761/1038 989/762/1039
f 991/764/1041 989/762/1039 974/747/1024
f 989/762/1039 991/764/1041 990/763/1040
f 974/747/1024 970/743/1020 991/764/1041
f 992/765/1042 990/763/1040 991/764/1041
f 993/766/1043 991/764/1041 970/743/1020
f 991/764/1041 993/766/1043 992/765/1042
f 970/743/1020 968/741/1018 993/766/1043
f 994/767/1044 992/765/1042 993/766/1043
f 995/768/1045 993/766/1043 968/741/1018
f 993/766/1043 995/768/1045 994/767/1044
f 968/741/1018 965/738/1015 995/768/1045
f 996/769/1046 994/767/1044 995/768/1045
f 997/770/1047 995/768/1045 965/738/1015
f 995/768/1045 997/770/1047 996/769/1046
f 965/738/1015 960/671/1010 997/770/1047
f 998/771/1048 996/769/1046 997/770/1047
f 997/770/1047 999/667/1049 998/771/1048
f 999/667/1049 997/770/1047 960/671/1010
f 1000/772/1050 998/771/1048 999/667/1049
f 960/671/1010 1001/668/1051 999/667/1049
f 960/671/1010 957/670/1007 1001/668/1051
f 961/664/1011 1001/668/1051 957/670/1007
f 1001/668/1051 1002/665/1052 999/667/1049
f 1001/668/1051 961/664/1011 1002/665/1052
f 999/667/1049 1003/666/1053 1000/772/1050
f 1004/662/1054 999/667/1049 1002/665/1052
f 1003/666/1053 999/667/1049 1004/662/1054
f 961/664/1011 1005/661/1055 1002/665/1052
f 1002/665/1052 1005/661/1055 1004/662/1054
f 1000/772/1050 1003/666/1053 1006/773/1056
f 1006/773/1056 1007/774/1057 1000/772/1050
f 1008/775/1058 1007/774/1057 1006/773/1056
f 1004/662/1054 1009/660/1059 1003/666/1053
f 1006/773/1056 1010/776/1060 1008/775/1058
f 1011/663/1061 1006/773/1056 1003/666/1053
f 1003/666/1053 1009/660/1059 1011/663/1061
f 1012/777/1062 1010/776/1060 1006/773/1056
f 1006/773/1056 1011/663/1061 1012/777/1062
f 1008/775/1058 1010/776/1060 1013/778/1063
f 1013/778/1063 1010/776/1060 1012/777/1062
f 1013/778/1063 1014/779/1050 1008/775/1058
f 1012/777/1062 1011/663/1061 1015/655/1064
f 1015/655/1064 1011/663/1061 1009/660/1059
f 1014/779/1050 1013/778/1063 1016/780/1065
f 1016/780/1065 1017/781/1066 1014/779/1050
f 1018/782/1067 1017/781/1066 1016/780/1065
f 1012/777/1062 1019/783/1068 1013/778/1063
f 1016/780/1065 1013/778/1063 1019/783/1068
f 1019/783/1068 1012/777/1062 1020/658/1069
f 1015/655/1064 1020/658/1069 1012/777/1062
f 1016/780/1065 1021/784/1070 1018/782/1067
f 1022/785/1071 1018/782/1067 1021/784/1070
f 1019/783/1068 1023/786/1072 1016/780/1065
f 1021/784/1070 1016/780/1065 1023/786/1072
f 1020/658/1069 1024/656/1073 1019/783/1068
f 1023/786/1072 1019/783/1068 1024/656/1073
f 1021/784/1070 1025/787/1074 1022/785/1071
f 1022/785/1071 1025/787/1074 1026/788/772
f 1027/789/1075 1025/787/1074 1021/784/1070
f 1026/788/772 1025/787/1074 1027/789/1075
f 1023/786/1072 1028/790/1076 1021/784/1070
f 1021/784/1070 1028/790/1076 1027/789/1075
f 1027/789/1075 1029/791/1077 1026/788/772
f 1029/791/1077 1027/789/1075 1028/790/1076
f 1030/792/1078 1026/788/772 1029/791/1077
f 1026/788/772 1030/792/1078 1031/793/1079
f 1031/793/1079 1030/792/1078 1032/794/1080
f 1032/794/1080 1030/792/1078 1029/791/1077
f 1032/794/1080 1033/795/1081 1031/793/1079
f 1028/790/1076 1034/796/1082 1029/791/1077
f 1029/791/1077 1034/796/1082 1032/794/1080
f 1028/790/1076 1023/786/1072 1035/797/1083
f 1035/797/1083 1034/796/1082 1028/790/1076
f 1024/656/1073 1035/797/1083 1023/786/1072
f 1036/798/1084 1032/794/1080 1034/796/1082
f 1033/795/1081 1032/794/1080 1036/798/1084
f 1034/796/1082 1035/797/1083 1036/798/1084
f 1036/798/1084 1037/799/1085 1033/795/1081
f 776/650/1086 1037/799/1085 1036/798/1084
f 1038/652/1087 1036/798/1084 1035/797/1083
f 1036/798/1084 1038/652/1087 776/650/1086
f 1035/797/1083 1024/656/1073 1038/652/1087
f 776/650/1086 1038/652/1087 1039/649/1088
f 1039/649/1088 773/647/1089 776/650/1086
f 1040/653/1090 1038/652/1087 1024/656/1073
f 1024/656/1073 1020/658/1069 1040/653/1090
f 1040/653/1090 1020/658/1069 1015/655/1064
f 1041/651/1091 1039/649/1088 1038/652/1087
f 1038/652/1087 1040/653/1090 1041/651/1091
f 773/647/1089 1039/649/1088 1042/646/1092
f 1042/646/1092 771/645/1093 773/647/1089
f 1039/649/1088 1041/651/1091 1043/648/1094
f 1043/648/1094 1042/646/1092 1039/649/1088
f 771/645/1093 1042/646/1092 1044/644/1095
f 1044/644/1095 768/642/1096 771/645/1093
f 1042/646/1092 1043/648/1094 1045/643/1097
f 1045/643/1097 1044/644/1095 1042/646/1092
f 768/642/1096 1044/644/1095 1046/641/1098
f 1046/641/1098 765/639/778 768/642/1096
f 1044/644/1095 1045/643/1097 1047/640/1099
f 1047/640/1099 1046/641/1098 1044/644/1095
f 765/639/778 1046/641/1098 1048/638/1100
f 1048/638/1100 1046/641/1098 1047/640/1099
f 1048/638/1100 762/636/1101 765/639/778
f 762/636/1101 1048/638/1100 1049/635/1102
f 1049/635/1102 759/633/1103 762/636/1101
f 1047/640/1099 1050/637/1104 1048/638/1100
f 1049/635/1102 1048/638/1100 1050/637/1104
f 759/633/1103 1049/635/1102 1051/631/1105
f 1051/631/1105 758/632/1106 759/633/1103
f 753/627/1107 758/632/1106 1051/631/1105
f 1051/631/1105 1049/635/1102 1052/634/1108
f 1050/637/1104 1052/634/1108 1049/635/1102
f 753/627/1107 1051/631/1105 1053/630/1109
f 1052/634/1108 1053/630/1109 1051/631/1105
f 1054/629/1110 1052/634/1108 1050/637/1104
f 1053/630/1109 1052/634/1108 1054/629/1110
f 753/627/1107 1053/630/1109 1055/628/1111
f 1054/629/1110 1055/628/1111 1053/630/1109
f 753/627/1107 1055/628/1111 1056/625/1112
f 1056/625/1112 752/626/766 753/627/1107
f 749/623/1113 752/626/766 1056/625/1112
f 1057/622/1114 1056/625/1112 1055/628/1111
f 1056/625/1112 1057/622/1114 749/623/1113
f 1055/628/1111 1054/629/1110 1057/622/1114
f 746/620/1115 749/623/1113 1057/622/1114
f 1050/637/1104 1058/624/1116 1054/629/1110
f 1057/622/1114 1054/629/1110 1058/624/1116
f 1058/624/1116 1050/637/1104 1047/640/1099
f 1057/622/1114 1059/619/1117 746/620/1115
f 1058/624/1116 1059/619/1117 1057/622/1114
f 740/614/1118 746/620/1115 1059/619/1117
f 1047/640/1099 1060/621/1119 1058/624/1116
f 1059/619/1117 1058/624/1116 1060/621/1119
f 1060/621/1119 1047/640/1099 1045/643/1097
f 1059/619/1117 1061/616/1120 740/614/1118
f 1060/621/1119 1061/616/1120 1059/619/1117
f 1045/643/1097 1062/618/1121 1060/621/1119
f 1061/616/1120 1060/621/1119 1062/618/1121
f 1062/618/1121 1045/643/1097 1043/648/1094
f 740/614/1118 1061/616/1120 1063/613/1122
f 1062/618/1121 1063/613/1122 1061/616/1120
f 1063/613/1122 737/611/1123 740/614/1118
f 1043/648/1094 1064/617/1124 1062/618/1121
f 1063/613/1122 1062/618/1121 1064/617/1124
f 1064/617/1124 1043/648/1094 1041/651/1091
f 737/611/1123 1063/613/1122 1065/610/1125
f 1064/617/1124 1065/610/1125 1063/613/1122
f 1065/610/1125 734/608/1126 737/611/1123
f 1041/651/1091 1066/615/1127 1064/617/1124
f 1065/610/1125 1064/617/1124 1066/615/1127
f 1066/615/1127 1041/651/1091 1040/653/1090
f 734/608/1126 1065/610/1125 1067/607/1128
f 1066/615/1127 1067/607/1128 1065/610/1125
f 1067/607/1128 731/605/1129 734/608/1126
f 1040/653/1090 1068/654/1130 1066/615/1127
f 1067/607/1128 1066/615/1127 1068/654/1130
f 1015/655/1064 1068/654/1130 1040/653/1090
f 731/605/1129 1067/607/1128 1069/604/1131
f 1068/654/1130 1069/604/1131 1067/607/1128
f 1069/604/1131 1068/654/1130 1015/655/1064
f 1069/604/1131 728/602/1132 731/605/1129
f 1015/655/1064 1070/657/1133 1069/604/1131
f 1009/660/1059 1070/657/1133 1015/655/1064
f 728/602/1132 1069/604/1131 1071/601/1134
f 1071/601/1134 1069/604/1131 1070/657/1133
f 1071/601/1134 725/599/1135 728/602/1132
f 1072/659/1136 1070/657/1133 1009/660/1059
f 1070/657/1133 1072/659/1136 1071/601/1134
f 1009/660/1059 1004/662/1054 1072/659/1136
f 1072/659/1136 1004/662/1054 1005/661/1055
f 725/599/1135 1071/601/1134 1073/598/1137
f 1073/598/1137 723/597/962 725/599/1135
f 1071/601/1134 1072/659/1136 1074/600/1138
f 1005/661/1055 1074/600/1138 1072/659/1136
f 1074/600/1138 1073/598/1137 1071/601/1134
f 1074/600/1138 1005/661/1055 961/664/1011
f 723/597/962 1073/598/1137 1075/596/1139
f 1075/596/1139 1073/598/1137 1074/600/1138
f 1075/596/1139 706/580/1140 723/597/962
f 961/664/1011 1076/594/1141 1074/600/1138
f 1074/600/1138 1076/594/1141 1075/596/1139
f 1076/594/1141 961/664/1011 955/603/1005
f 706/580/1140 1075/596/1139 1077/579/1142
f 1077/579/1142 1075/596/1139 1076/594/1141
f 1077/579/1142 703/577/1143 706/580/1140
f 955/603/1005 1078/592/1144 1076/594/1141
f 1076/594/1141 1078/592/1144 1077/579/1142
f 703/577/1143 1077/579/1142 1079/576/1145
f 1079/576/1145 700/574/1146 703/577/1143
f 1077/579/1142 1078/592/1144 1080/581/1147
f 1080/581/1147 1079/576/1145 1077/579/1142
f 1078/592/1144 955/603/1005 1081/590/1148
f 1081/590/1148 1080/581/1147 1078/592/1144
f 950/606/998 1081/590/1148 955/603/1005
f 1081/590/1148 950/606/998 946/591/992
f 700/574/1146 1079/576/1145 1082/573/1149
f 1082/573/1149 1079/576/1145 1080/581/1147
f 1082/573/1149 697/571/1150 700/574/1146
f 946/591/992 1083/588/1151 1081/590/1148
f 933/584/973 1083/588/1151 946/591/992
f 1084/582/161 1080/581/1147 1081/590/1148
f 1081/590/1148 1083/588/1151 1084/582/161
f 1084/582/161 1083/588/1151 933/584/973
f 1080/581/1147 1084/582/161 1082/573/1149
f 933/584/973 1085/578/1152 1084/582/161
f 1082/573/1149 1084/582/161 1085/578/1152
f 930/583/970 1085/578/1152 933/584/973
f 1085/578/1152 930/583/970 928/551/968
f 1085/578/1152 1086/575/1153 1082/573/1149
f 928/551/968 1086/575/1153 1085/578/1152
f 697/571/1150 1082/573/1149 1087/570/1154
f 1087/570/1154 695/569/1155 697/571/1150
f 1082/573/1149 1086/575/1153 1088/572/1156
f 1088/572/1156 1087/570/1154 1082/573/1149
f 1086/575/1153 928/551/968 1089/559/1157
f 1089/559/1157 1088/572/1156 1086/575/1153
f 926/546/965 1089/559/1157 928/551/968
f 1087/570/1154 1088/572/1156 1090/561/1158
f 1090/561/1158 1088/572/1156 1089/559/1157
f 695/569/1155 1087/570/1154 1091/568/1159
f 1090/561/1158 1091/568/1159 1087/570/1154
f 1091/568/1159 693/567/1160 695/569/1155
f 1089/559/1157 1092/554/1161 1090/561/1158
f 1092/554/1161 1089/559/1157 926/546/965
f 693/567/1160 1091/568/1159 1093/566/1162
f 1093/566/1162 690/564/1163 693/567/1160
f 926/546/965 1094/549/1164 1092/554/1161
f 673/547/966 1094/549/1164 926/546/965
f 1094/549/1164 673/547/966 676/550/1165
f 690/564/1163 1093/566/1162 1095/562/1166
f 1095/562/1166 689/563/1167 690/564/1163
f 689/563/1167 1095/562/1166 682/556/697
f 1096/565/1168 1093/566/1162 1091/568/1159
f 1095/562/1166 1093/566/1162 1096/565/1168
f 1091/568/1159 1090/561/1158 1096/565/1168
f 682/556/697 1095/562/1166 1097/560/1169
f 1096/565/1168 1097/560/1169 1095/562/1166
f 1097/560/1169 1098/558/1170 682/556/697
f 1098/558/1170 1097/560/1169 1096/565/1168
f 1099/557/1171 1096/565/1168 1090/561/1158
f 1096/565/1168 1099/557/1171 1098/558/1170
f 1090/561/1158 1092/554/1161 1099/557/1171
f 1099/557/1171 1092/554/1161 1094/549/1164
f 1098/558/1170 1100/555/1172 682/556/697
f 682/556/697 1100/555/1172 679/553/1173
f 1098/558/1170 1099/557/1171 1101/552/1174
f 1101/552/1174 1100/555/1172 1098/558/1170
f 1094/549/1164 1101/552/1174 1099/557/1171
f 679/553/1173 1100/555/1172 1101/552/1174
f 676/550/1165 1101/552/1174 1094/549/1164
f 1101/552/1174 676/550/1165 679/553/1173
f 25/29/1177 27/27/1176 1102/28/1175
f 1103/800/1178 1102/28/1175 27/27/1176
f 27/27/1176 1104/801/1179 1103/800/1178
f 1105/802/1180 1103/800/1178 1104/801/1179
f 28/30/27 1104/801/1179 27/27/1176
f 1104/801/1179 1106/803/1181 1105/802/1180
f 1106/803/1181 1104/801/1179 28/30/27
f 1107/804/1182 1105/802/1180 1106/803/1181
f 28/30/27 1108/805/1183 1106/803/1181
f 1106/803/1181 1109/806/1184 1107/804/1182
f 1109/806/1184 1106/803/1181 1108/805/1183
f 1107/804/1182 1109/806/1184 1110/807/1185
f 1107/804/1182 1110/807/1185 1111/808/1186
f 1111/808/1186 1112/809/1187 1107/804/1182
f 1110/807/1185 1109/806/1184 1113/810/1188
f 1113/810/1188 1111/808/1186 1110/807/1185
f 1112/809/1187 1111/808/1186 1114/811/1189
f 1114/811/1189 1115/812/1190 1112/809/1187
f 1116/813/1191 1115/812/1190 1114/811/1189
f 1117/814/1192 1111/808/1186 1113/810/1188
f 1114/811/1189 1111/808/1186 1117/814/1192
f 1114/811/1189 1118/815/1193 1116/813/1191
f 1116/813/1191 1118/815/1193 1119/816/1194
f 1119/816/1194 1120/817/1195 1116/813/1191
f 1121/818/1196 1118/815/1193 1114/811/1189
f 1119/816/1194 1118/815/1193 1121/818/1196
f 1117/814/1192 1122/819/1197 1114/811/1189
f 1114/811/1189 1122/819/1197 1121/818/1196
f 1120/817/1195 1119/816/1194 1123/820/1198
f 1123/820/1198 1124/821/1199 1120/817/1195
f 1121/818/1196 1125/822/1200 1119/816/1194
f 1123/820/1198 1119/816/1194 1125/822/1200
f 1121/818/1196 1122/819/1197 1126/823/1201
f 1126/823/1201 1122/819/1197 1117/814/1192
f 1124/821/1199 1123/820/1198 1127/824/1202
f 1127/824/1202 1128/825/1203 1124/821/1199
f 1125/822/1200 1129/826/1204 1123/820/1198
f 1128/825/1203 1127/824/1202 1130/827/1205
f 1130/827/1205 1131/828/1206 1128/825/1203
f 1132/829/1207 1131/828/1206 1130/827/1205
f 1133/830/1208 1127/824/1202 1123/820/1198
f 1123/820/1198 1129/826/1204 1133/830/1208
f 1134/831/1209 1130/827/1205 1127/824/1202
f 1127/824/1202 1133/830/1208 1134/831/1209
f 1130/827/1205 1135/832/1210 1132/829/1207
f 1135/832/1210 1130/827/1205 1134/831/1209
f 1132/829/1207 1135/832/1210 1136/833/1211
f 1136/833/1211 1137/834/1212 1132/829/1207
f 1134/831/1209 1138/835/1213 1135/832/1210
f 1137/834/1212 1136/833/1211 1139/836/1214
f 1139/836/1214 1140/837/1215 1137/834/1212
f 1141/838/1216 1136/833/1211 1135/832/1210
f 1139/836/1214 1136/833/1211 1141/838/1216
f 1135/832/1210 1138/835/1213 1141/838/1216
f 1140/837/1215 1139/836/1214 1142/839/1217
f 1142/839/1217 1143/840/1218 1140/837/1215
f 1142/839/1217 1139/836/1214 1144/841/1219
f 1141/838/1216 1144/841/1219 1139/836/1214
f 1143/840/1218 1142/839/1217 1145/842/1220
f 1145/842/1220 1146/843/1221 1143/840/1218
f 1144/841/1219 1147/844/1222 1142/839/1217
f 1145/842/1220 1142/839/1217 1147/844/1222
f 1148/845/1223 1144/841/1219 1141/838/1216
f 1147/844/1222 1144/841/1219 1148/845/1223
f 1146/843/1221 1145/842/1220 1149/846/1224
f 1149/846/1224 1150/847/1225 1146/843/1221
f 1147/844/1222 1151/848/1226 1145/842/1220
f 1150/847/1225 1149/846/1224 1152/849/1227
f 1152/849/1227 1153/850/1228 1150/847/1225
f 1154/851/1229 1149/846/1224 1145/842/1220
f 1145/842/1220 1151/848/1226 1154/851/1229
f 1155/852/1230 1152/849/1227 1149/846/1224
f 1149/846/1224 1154/851/1229 1155/852/1230
f 1153/850/1228 1152/849/1227 1156/853/1231
f 1156/853/1231 1157/854/1232 1153/850/1228
f 1158/855/1233 1157/854/1232 1156/853/1231
f 1159/856/1234 1156/853/1231 1152/849/1227
f 1152/849/1227 1155/852/1230 1159/856/1234
f 1156/853/1231 1160/857/1235 1158/855/1233
f 1160/857/1235 1156/853/1231 1159/856/1234
f 1158/855/1233 1160/857/1235 1161/858/1236
f 1161/858/1236 1162/859/1237 1158/855/1233
f 1163/860/1238 1162/859/1237 1161/858/1236
f 1159/856/1234 1164/861/1230 1160/857/1235
f 1161/858/1236 1160/857/1235 1164/861/1230
f 1161/858/1236 1165/862/1239 1163/860/1238
f 1163/860/1238 1165/862/1239 1166/863/1240
f 1164/861/1230 1167/864/1241 1161/858/1236
f 1165/862/1239 1161/858/1236 1167/864/1241
f 1166/863/1240 1165/862/1239 1168/865/1242
f 1167/864/1241 1168/865/1242 1165/862/1239
f 1168/865/1242 1169/866/1243 1166/863/1240
f 1169/866/1243 1168/865/1242 1167/864/1241
f 1169/866/1243 1170/867/1244 1166/863/1240
f 1171/868/1245 1170/867/1244 1169/866/1243
f 1167/864/1241 1172/869/1246 1169/866/1243
f 1169/866/1243 1172/869/1246 1171/868/1245
f 1173/870/1247 1172/869/1246 1167/864/1241
f 1171/868/1245 1172/869/1246 1173/870/1247
f 1167/864/1241 1164/861/1230 1173/870/1247
f 1173/870/1247 1164/861/1230 1159/856/1234
f 1173/870/1247 1174/871/1248 1171/868/1245
f 1159/856/1234 1175/872/1249 1173/870/1247
f 1174/871/1248 1173/870/1247 1175/872/1249
f 1175/872/1249 1159/856/1234 1155/852/1230
f 1175/872/1249 1176/873/1250 1174/871/1248
f 1155/852/1230 1177/874/1251 1175/872/1249
f 1176/873/1250 1175/872/1249 1177/874/1251
f 1177/874/1251 1155/852/1230 1154/851/1229
f 1177/874/1251 1178/875/1252 1176/873/1250
f 1154/851/1229 1179/876/1253 1177/874/1251
f 1178/875/1252 1177/874/1251 1179/876/1253
f 1179/876/1253 1154/851/1229 1151/848/1226
f 1179/876/1253 1180/877/1254 1178/875/1252
f 1151/848/1226 1181/878/1255 1179/876/1253
f 1180/877/1254 1179/876/1253 1181/878/1255
f 1181/878/1255 1151/848/1226 1147/844/1222
f 1181/878/1255 1182/879/1256 1180/877/1254
f 1147/844/1222 1183/880/1257 1181/878/1255
f 1182/879/1256 1181/878/1255 1183/880/1257
f 1183/880/1257 1184/881/1258 1182/879/1256
f 1185/882/1259 1184/881/1258 1183/880/1257
f 1148/845/1223 1183/880/1257 1147/844/1222
f 1183/880/1257 1148/845/1223 1185/882/1259
f 1186/883/1260 1185/882/1259 1148/845/1223
f 1148/845/1223 1187/884/1261 1186/883/1260
f 1141/838/1216 1187/884/1261 1148/845/1223
f 1188/885/1262 1186/883/1260 1187/884/1261
f 1189/886/1263 1187/884/1261 1141/838/1216
f 1187/884/1261 1189/886/1263 1188/885/1262
f 1141/838/1216 1138/835/1213 1189/886/1263
f 1190/887/1264 1188/885/1262 1189/886/1263
f 1191/888/1265 1189/886/1263 1138/835/1213
f 1189/886/1263 1191/888/1265 1190/887/1264
f 1138/835/1213 1134/831/1209 1191/888/1265
f 1191/888/1265 1134/831/1209 1133/830/1208
f 1190/887/1264 1191/888/1265 1192/889/1266
f 1133/830/1208 1192/889/1266 1191/888/1265
f 1192/889/1266 1193/890/1267 1190/887/1264
f 1194/891/1268 1192/889/1266 1133/830/1208
f 1193/890/1267 1192/889/1266 1194/891/1268
f 1133/830/1208 1129/826/1204 1194/891/1268
f 1194/891/1268 1195/892/1269 1193/890/1267
f 1196/893/1270 1194/891/1268 1129/826/1204
f 1195/892/1269 1194/891/1268 1196/893/1270
f 1129/826/1204 1125/822/1200 1196/893/1270
f 1196/893/1270 1197/894/1271 1195/892/1269
f 1196/893/1270 1125/822/1200 1121/818/1196
f 1198/895/1272 1197/894/1271 1196/893/1270
f 1121/818/1196 1199/896/1273 1196/893/1270
f 1196/893/1270 1199/896/1273 1198/895/1272
f 1126/823/1201 1199/896/1273 1121/818/1196
f 1198/895/1272 1199/896/1273 1126/823/1201
f 1126/823/1201 1200/897/1274 1198/895/1272
f 1200/897/1274 1126/823/1201 1201/898/1275
f 1201/898/1275 1202/899/1276 1200/897/1274
f 1117/814/1192 1201/898/1275 1126/823/1201
f 1202/899/1276 1201/898/1275 1203/900/1277
f 1203/900/1277 1201/898/1275 1117/814/1192
f 1203/900/1277 1204/901/1278 1202/899/1276
f 1205/902/1279 1204/901/1278 1203/900/1277
f 1117/814/1192 1113/810/1188 1203/900/1277
f 1203/900/1277 1206/903/1280 1205/902/1279
f 1206/903/1280 1203/900/1277 1113/810/1188
f 1207/904/1281 1205/902/1279 1206/903/1280
f 1113/810/1188 1208/905/1282 1206/903/1280
f 1206/903/1280 1209/906/1283 1207/904/1281
f 1209/906/1283 1206/903/1280 1208/905/1282
f 1210/907/1284 1208/905/1282 1113/810/1188
f 1208/905/1282 1211/908/1285 1209/906/1283
f 1211/908/1285 1208/905/1282 1210/907/1284
f 1207/904/1281 1209/906/1283 1212/909/1286
f 1212/909/1286 1209/906/1283 1211/908/1285
f 1113/810/1188 1213/910/1287 1210/907/1284
f 1113/810/1188 1109/806/1184 1213/910/1287
f 1214/911/1288 1213/910/1287 1109/806/1184
f 1210/907/1284 1213/910/1287 1214/911/1288
f 1108/805/1183 1214/911/1288 1109/806/1184
f 1214/911/1288 1215/912/1289 1210/907/1284
f 1216/913/1290 1210/907/1284 1215/912/1289
f 1210/907/1284 1216/913/1290 1211/908/1285
f 1217/914/1291 1215/912/1289 1214/911/1288
f 1216/913/1290 1215/912/1289 1217/914/1291
f 1218/915/1292 1214/911/1288 1108/805/1183
f 1214/911/1288 1218/915/1292 1217/914/1291
f 1108/805/1183 1219/916/1293 1218/915/1292
f 1220/917/1294 1217/914/1291 1218/915/1292
f 1218/915/1292 1219/916/1293 1221/918/1295
f 1221/918/1295 1220/917/1294 1218/915/1292
f 1222/919/1296 1221/918/1295 1219/916/1293
f 1223/920/1297 1217/914/1291 1220/917/1294
f 1217/914/1291 1223/920/1297 1216/913/1290
f 1220/917/1294 1224/921/1298 1223/920/1297
f 1224/921/1298 1225/922/1299 1223/920/1297
f 1226/923/1300 1223/920/1297 1225/922/1299
f 1216/913/1290 1223/920/1297 1227/924/1301
f 1223/920/1297 1226/923/1300 1227/924/1301
f 1211/908/1285 1216/913/1290 1227/924/1301
f 1228/925/1302 1219/916/1293 1108/805/1183
f 1219/916/1293 1228/925/1302 1222/919/1296
f 1108/805/1183 28/30/27 1228/925/1302
f 1222/919/1296 1228/925/1302 1229/926/1303
f 1229/926/1303 1228/925/1302 28/30/27
f 1229/926/1303 1230/927/1304 1222/919/1296
f 28/30/27 26/28/25 1229/926/1303
f 1229/926/1303 25/29/1177 1230/927/1304
f 26/28/25 25/29/1177 1229/926/1303
f 1211/908/1285 1227/924/1301 1231/928/1305
f 1231/928/1305 1212/909/1286 1211/908/1285
f 1232/929/1306 1231/928/1305 1227/924/1301
f 1232/929/1306 1212/909/1286 1231/928/1305
f 1226/923/1300 1233/930/1307 1227/924/1301
f 1234/931/1308 1232/929/1306 1227/924/1301
f 1234/931/1308 1227/924/1301 1233/930/1307
f 1235/932/1309 1233/930/1307 1226/923/1300
f 1236/933/1310 1235/932/1309 1226/923/1300
f 1237/934/1311 1234/931/1308 1233/930/1307
f 1233/930/1307 1235/932/1309 1237/934/1311
f 1238/935/1312 1235/932/1309 1236/933/1310
f 1236/933/1310 1239/936/1313 1238/935/1312
f 1238/935/1312 1239/936/1313 1240/937/1314
f 1235/932/1309 1238/935/1312 1241/938/1315
f 1241/938/1315 1237/934/1311 1235/932/1309
f 1240/937/1314 1242/939/1316 1238/935/1312
f 1241/938/1315 1238/935/1312 1242/939/1316
f 1243/940/1317 1242/939/1316 1240/937/1314
f 1242/939/1316 1244/941/1318 1241/938/1315
f 1244/941/1318 1242/939/1316 1243/940/1317
f 1237/934/1311 1241/938/1315 1245/942/1319
f 1245/942/1319 1241/938/1315 1244/941/1318
f 1243/940/1317 1246/943/1320 1244/941/1318
f 1244/941/1318 1246/943/1320 1245/942/1319
f 1243/940/1317 1247/944/1321 1246/943/1320
f 1246/943/1320 1247/944/1321 1248/945/1322
f 1248/945/1322 1245/942/1319 1246/943/1320
f 1245/942/1319 1248/945/1322 1249/946/1323
f 1245/942/1319 1250/947/1324 1237/934/1311
f 1249/946/1323 1250/947/1324 1245/942/1319
f 1234/931/1308 1237/934/1311 1250/947/1324
f 1250/947/1324 1249/946/1323 1251/948/1325
f 1250/947/1324 1252/949/1326 1234/931/1308
f 1251/948/1325 1252/949/1326 1250/947/1324
f 1234/931/1308 1252/949/1326 1253/950/1327
f 1251/948/1325 1253/950/1327 1252/949/1326
f 1234/931/1308 1253/950/1327 1232/929/1306
f 1253/950/1327 1251/948/1325 1254/951/1328
f 1254/951/1328 1255/952/1329 1253/950/1327
f 1255/952/1329 1254/951/1328 1256/953/1330
f 1257/954/1331 1232/929/1306 1253/950/1327
f 1253/950/1327 1255/952/1329 1257/954/1331
f 1256/953/1330 1258/955/1332 1255/952/1329
f 1258/955/1332 1256/953/1330 1259/956/1333
f 1260/957/1334 1257/954/1331 1255/952/1329
f 1255/952/1329 1258/955/1332 1260/957/1334
f 1232/929/1306 1257/954/1331 1261/958/1335
f 1261/958/1335 1257/954/1331 1260/957/1334
f 1259/956/1333 1262/959/1336 1258/955/1332
f 1262/959/1336 1259/956/1333 1263/960/1337
f 1264/961/1338 1260/957/1334 1258/955/1332
f 1258/955/1332 1262/959/1336 1264/961/1338
f 1263/960/1337 1265/962/1339 1262/959/1336
f 1264/961/1338 1262/959/1336 1265/962/1339
f 1266/963/1340 1265/962/1339 1263/960/1337
f 1263/960/1337 1267/964/1341 1266/963/1340
f 1265/962/1339 1268/965/1342 1264/961/1338
f 1269/966/1343 1266/963/1340 1267/964/1341
f 1267/964/1341 1270/967/656 1269/966/1343
f 1265/962/1339 1266/963/1340 1271/968/1344
f 1271/968/1344 1266/963/1340 1269/966/1343
f 1271/968/1344 1268/965/1342 1265/962/1339
f 1272/969/1345 1269/966/1343 1270/967/656
f 1270/967/656 1273/970/1346 1272/969/1345
f 1272/969/1345 1273/970/1346 1274/971/1347
f 1269/966/1343 1275/972/1348 1271/968/1344
f 1275/972/1348 1269/966/1343 1272/969/1345
f 1268/965/1342 1271/968/1344 1276/973/1349
f 1271/968/1344 1275/972/1348 1277/974/1350
f 1277/974/1350 1276/973/1349 1271/968/1344
f 1272/969/1345 1278/975/1351 1275/972/1348
f 1277/974/1350 1275/972/1348 1278/975/1351
f 1274/971/1347 1279/976/1352 1272/969/1345
f 1279/976/1352 1274/971/1347 1280/977/1353
f 1281/978/1354 1278/975/1351 1272/969/1345
f 1272/969/1345 1279/976/1352 1281/978/1354
f 1280/977/1353 1282/979/1355 1279/976/1352
f 1282/979/1355 1280/977/1353 1283/980/1356
f 1279/976/1352 1282/979/1355 1284/981/1357
f 1284/981/1357 1281/978/1354 1279/976/1352
f 1283/980/1356 1285/982/1358 1282/979/1355
f 1284/981/1357 1282/979/1355 1285/982/1358
f 1278/975/1351 1281/978/1354 1286/983/1359
f 1281/978/1354 1284/981/1357 1287/984/1360
f 1287/984/1360 1286/983/1359 1281/978/1354
f 1285/982/1358 1288/985/1361 1284/981/1357
f 1287/984/1360 1284/981/1357 1288/985/1361
f 1286/983/1359 1289/986/1362 1278/975/1351
f 1278/975/1351 1289/986/1362 1277/974/1350
f 1286/983/1359 1287/984/1360 1290/987/1363
f 1290/987/1363 1291/988/1364 1286/983/1359
f 1289/986/1362 1286/983/1359 1291/988/1364
f 1292/989/1365 1290/987/1363 1287/984/1360
f 1291/988/1364 1293/990/1366 1289/986/1362
f 1289/986/1362 1293/990/1366 1294/991/1367
f 1294/991/1367 1277/974/1350 1289/986/1362
f 1276/973/1349 1277/974/1350 1294/991/1367
f 1294/991/1367 1295/992/1368 1276/973/1349
f 1296/993/1369 1276/973/1349 1295/992/1368
f 1276/973/1349 1296/993/1369 1268/965/1342
f 1295/992/1368 1297/994/1370 1296/993/1369
f 1264/961/1338 1268/965/1342 1296/993/1369
f 1298/995/1371 1296/993/1369 1297/994/1370
f 1296/993/1369 1298/995/1371 1264/961/1338
f 1297/994/1370 1299/996/1372 1298/995/1371
f 1264/961/1338 1298/995/1371 1300/997/1373
f 1300/997/1373 1298/995/1371 1299/996/1372
f 1300/997/1373 1260/957/1334 1264/961/1338
f 1299/996/1372 1301/998/1374 1300/997/1373
f 1300/997/1373 1301/998/1374 1302/999/1375
f 1260/957/1334 1300/997/1373 1261/958/1335
f 1302/999/1375 1261/958/1335 1300/997/1373
f 1261/958/1335 1302/999/1375 1303/1000/1376
f 1303/1000/1376 1304/1001/1377 1261/958/1335
f 1261/958/1335 1304/1001/1377 1232/929/1306
f 1232/929/1306 1304/1001/1377 1212/909/1286
f 1303/1000/1376 1305/1002/1378 1304/1001/1377
f 1304/1001/1377 1305/1002/1378 1212/909/1286
f 1303/1000/1376 1306/1003/1379 1305/1002/1378
f 1305/1002/1378 1306/1003/1379 1307/1004/1380
f 1212/909/1286 1305/1002/1378 1308/1005/1381
f 1307/1004/1380 1308/1005/1381 1305/1002/1378
f 1308/1005/1381 1309/1006/1382 1212/909/1286
f 1207/904/1281 1212/909/1286 1309/1006/1382
f 1309/1006/1382 1310/1007/1383 1207/904/1281
f 1311/1008/1384 1308/1005/1381 1307/1004/1380
f 1307/1004/1380 1312/1009/1385 1311/1008/1384
f 1313/1010/1386 1311/1008/1384 1312/1009/1385
f 1314/1011/1387 1309/1006/1382 1308/1005/1381
f 1308/1005/1381 1311/1008/1384 1314/1011/1387
f 1310/1007/1383 1309/1006/1382 1314/1011/1387
f 1314/1011/1387 1311/1008/1384 1313/1010/1386
f 1314/1011/1387 1315/1012/1388 1310/1007/1383
f 1313/1010/1386 1315/1012/1388 1314/1011/1387
f 637/1015/1391 631/1014/1390 1316/1013/1389
f 1316/1013/1389 1317/1016/1392 637/1015/1391
f 1317/1016/1392 1316/1013/1389 1318/1017/1393
f 1317/1016/1392 853/1018/868 637/1015/1391
f 1317/1016/1392 1318/1017/1393 1319/1019/1394
f 1320/1020/1395 853/1018/868 1317/1016/1392
f 1319/1019/1394 1321/1021/1396 1317/1016/1392
f 1317/1016/1392 1322/1022/1397 1320/1020/1395
f 1322/1022/1397 1323/1023/1398 1320/1020/1395
f 1317/1016/1392 1321/1021/1396 1324/1024/1399
f 1324/1024/1399 1322/1022/1397 1317/1016/1392
f 1325/1025/1400 1321/1021/1396 1319/1019/1394
f 1324/1024/1399 1321/1021/1396 1325/1025/1400
f 1319/1019/1394 1326/1026/1401 1325/1025/1400
f 1325/1025/1400 1326/1026/1401 1327/1027/1402
f 1328/1029/1404 1329/1028/1403 1323/1023/1398
f 1327/1027/1402 1330/1030/1405 1325/1025/1400
f 1330/1030/1405 1327/1027/1402 1331/1031/1406
f 1330/1030/1405 1331/1031/1406 1332/1032/1407
f 1323/1023/1398 1333/1033/1408 1328/1029/1404
f 112/1034/1409 1328/1029/1404 1333/1033/1408
f 1332/1032/1407 1334/1035/1410 1330/1030/1405
f 1325/1025/1400 1330/1030/1405 1334/1035/1410
f 1333/1033/1408 1335/1036/1411 112/1034/1409
f 112/1034/1409 1335/1036/1411 113/1037/113
f 1323/1023/1398 1336/1038/1412 1333/1033/1408
f 1335/1036/1411 1333/1033/1408 1336/1038/1412
f 1322/1022/1397 1336/1038/1412 1323/1023/1398
f 1336/1038/1412 1322/1022/1397 1324/1024/1399
f 113/1037/113 1335/1036/1411 1337/1039/1413
f 1336/1038/1412 1337/1039/1413 1335/1036/1411
f 1337/1039/1413 1338/1040/1414 113/1037/113
f 115/1041/115 113/1037/113 1338/1040/1414
f 1339/1042/1415 1337/1039/1413 1336/1038/1412
f 1338/1040/1414 1340/1043/1416 115/1041/115
f 1341/1044/1417 1338/1040/1414 1337/1039/1413
f 1340/1043/1416 1338/1040/1414 1341/1044/1417
f 1337/1039/1413 1339/1042/1415 1341/1044/1417
f 115/1041/115 1340/1043/1416 1342/1045/1418
f 1342/1045/1418 119/1046/1419 115/1041/115
f 120/1047/1420 119/1046/1419 1342/1045/1418
f 1341/1044/1417 1343/1048/1421 1340/1043/1416
f 1342/1045/1418 1340/1043/1416 1343/1048/1421
f 107/1049/107 1341/1044/1417 1339/1042/1415
f 1343/1048/1421 1341/1044/1417 107/1049/107
f 107/1049/107 117/1050/117 1343/1048/1421
f 1343/1048/1421 117/1050/117 122/1051/1422
f 1339/1042/1415 1344/1052/1423 107/1049/107
f 1344/1052/1423 106/1053/106 107/1049/107
f 101/1054/1424 106/1053/106 1344/1052/1423
f 122/1051/1422 1345/1055/1425 1343/1048/1421
f 1343/1048/1421 1345/1055/1425 1342/1045/1418
f 1346/1056/1426 1345/1055/1425 122/1051/1422
f 122/1051/1422 126/1057/126 1346/1056/1426
f 1347/1058/1427 1342/1045/1418 1345/1055/1425
f 1345/1055/1425 1346/1056/1426 1347/1058/1427
f 1342/1045/1418 1347/1058/1427 120/1047/1420
f 1346/1056/1426 126/1057/126 130/1059/1428
f 120/1047/1420 1347/1058/1427 1348/1060/1429
f 1348/1060/1429 1347/1058/1427 1346/1056/1426
f 1348/1060/1429 124/1061/1430 120/1047/1420
f 124/1061/1430 1348/1060/1429 128/1062/1431
f 130/1059/1428 1349/1063/1432 1346/1056/1426
f 1346/1056/1426 1349/1063/1432 1348/1060/1429
f 1349/1063/1432 130/1059/1428 128/1062/1431
f 1348/1060/1429 1349/1063/1432 128/1062/1431
f 1350/1064/1433 101/1054/1424 1344/1052/1423
f 99/1065/99 101/1054/1424 1350/1064/1433
f 1344/1052/1423 1351/1066/1434 1350/1064/1433
f 1350/1064/1433 1352/1067/1435 99/1065/99
f 1353/1068/1436 1351/1066/1434 1344/1052/1423
f 1344/1052/1423 1339/1042/1415 1353/1068/1436
f 1354/1069/1437 1350/1064/1433 1351/1066/1434
f 1355/1070/1438 1353/1068/1436 1339/1042/1415
f 1339/1042/1415 1336/1038/1412 1355/1070/1438
f 1324/1024/1399 1355/1070/1438 1336/1038/1412
f 1356/1071/1439 1351/1066/1434 1353/1068/1436
f 1351/1066/1434 1356/1071/1439 1354/1069/1437
f 1353/1068/1436 1355/1070/1438 1357/1072/1440
f 1357/1072/1440 1355/1070/1438 1324/1024/1399
f 1353/1068/1436 1358/1073/1441 1356/1071/1439
f 1357/1072/1440 1358/1073/1441 1353/1068/1436
f 1324/1024/1399 1359/1074/1442 1357/1072/1440
f 1325/1025/1400 1359/1074/1442 1324/1024/1399
f 1334/1035/1410 1359/1074/1442 1325/1025/1400
f 1357/1072/1440 1359/1074/1442 1334/1035/1410
f 1334/1035/1410 1360/1075/1443 1357/1072/1440
f 1358/1073/1441 1357/1072/1440 1360/1075/1443
f 1360/1075/1443 1334/1035/1410 1332/1032/1407
f 1332/1032/1407 613/1076/1444 1360/1075/1443
f 1360/1075/1443 1361/1077/1445 1358/1073/1441
f 1362/1078/1446 1360/1075/1443 613/1076/1444
f 1361/1077/1445 1360/1075/1443 1362/1078/1446
f 613/1076/1444 612/1079/627 1362/1078/1446
f 1362/1078/1446 612/1079/627 614/1080/1447
f 1358/1073/1441 1361/1077/1445 1363/1081/1448
f 1363/1081/1448 1356/1071/1439 1358/1073/1441
f 1362/1078/1446 1364/1082/1449 1361/1077/1445
f 1363/1081/1448 1361/1077/1445 1364/1082/1449
f 614/1080/1447 1365/1083/1450 1362/1078/1446
f 1364/1082/1449 1362/1078/1446 1365/1083/1450
f 1365/1083/1450 614/1080/1447 617/1084/1451
f 617/1084/1451 1366/1085/1452 1365/1083/1450
f 1366/1085/1452 617/1084/1451 619/1086/1453
f 1365/1083/1450 1367/1087/1454 1364/1082/1449
f 1367/1087/1454 1365/1083/1450 1366/1085/1452
f 619/1086/1453 1368/1088/1455 1366/1085/1452
f 1368/1088/1455 619/1086/1453 621/1089/635
f 1366/1085/1452 1369/1090/1456 1367/1087/1454
f 1369/1090/1456 1366/1085/1452 1368/1088/1455
f 1370/1091/1457 1364/1082/1449 1367/1087/1454
f 1364/1082/1449 1370/1091/1457 1363/1081/1448
f 621/1089/635 1371/1092/1458 1368/1088/1455
f 1368/1088/1455 1371/1092/1458 1369/1090/1456
f 621/1089/635 1372/1093/1459 1371/1092/1458
f 1369/1090/1456 1371/1092/1458 1372/1093/1459
f 1372/1093/1459 621/1089/635 618/1094/1460
f 1372/1093/1459 618/1094/1460 616/1095/1461
f 1372/1093/1459 1373/1096/1462 1369/1090/1456
f 616/1095/1461 1373/1096/1462 1372/1093/1459
f 1369/1090/1456 1373/1096/1462 1374/1097/1463
f 1374/1097/1463 1373/1096/1462 616/1095/1461
f 1374/1097/1463 1367/1087/1454 1369/1090/1456
f 1367/1087/1454 1374/1097/1463 1370/1091/1457
f 616/1095/1461 610/1098/1464 1374/1097/1463
f 1374/1097/1463 610/1098/1464 609/1099/1465
f 609/1099/1465 1370/1091/1457 1374/1097/1463
f 1363/1081/1448 1370/1091/1457 609/1099/1465
f 609/1099/1465 34/1100/1466 1363/1081/1448
f 1363/1081/1448 34/1100/1466 39/1101/1467
f 39/1101/1467 1375/1102/1468 1363/1081/1448
f 1356/1071/1439 1363/1081/1448 1375/1102/1468
f 1375/1102/1468 1354/1069/1437 1356/1071/1439
f 1376/1103/1469 1375/1102/1468 39/1101/1467
f 1354/1069/1437 1375/1102/1468 1376/1103/1469
f 39/1101/1467 43/1104/1470 1376/1103/1469
f 1376/1103/1469 1377/1105/1471 1354/1069/1437
f 1350/1064/1433 1354/1069/1437 1377/1105/1471
f 1377/1105/1471 1352/1067/1435 1350/1064/1433
f 1378/1106/1472 1376/1103/1469 43/1104/1470
f 1377/1105/1471 1376/1103/1469 1378/1106/1472
f 43/1104/1470 46/1107/1473 1378/1106/1472
f 1379/1108/1474 1352/1067/1435 1377/1105/1471
f 99/1065/99 1352/1067/1435 1379/1108/1474
f 1379/1108/1474 98/1109/98 99/1065/99
f 96/1110/1475 98/1109/98 1379/1108/1474
f 1377/1105/1471 1380/1111/1476 1379/1108/1474
f 1378/1106/1472 1380/1111/1476 1377/1105/1471
f 1379/1108/1474 1381/1112/1477 96/1110/1475
f 1381/1112/1477 1379/1108/1474 1380/1111/1476
f 96/1110/1475 1381/1112/1477 1382/1113/1478
f 1382/1113/1478 93/1114/93 96/1110/1475
f 1380/1111/1476 1383/1115/1479 1381/1112/1477
f 1383/1115/1479 1380/1111/1476 1378/1106/1472
f 1382/1113/1478 1381/1112/1477 1383/1115/1479
f 91/1116/1480 93/1114/93 1382/1113/1478
f 1378/1106/1472 1384/1117/1481 1383/1115/1479
f 1384/1117/1481 1378/1106/1472 46/1107/1473
f 46/1107/1473 51/1118/1482 1384/1117/1481
f 1385/1119/1483 1384/1117/1481 51/1118/1482
f 1383/1115/1479 1384/1117/1481 1385/1119/1483
f 51/1118/1482 53/1120/53 1385/1119/1483
f 1383/1115/1479 1386/1121/1484 1382/1113/1478
f 1385/1119/1483 1386/1121/1484 1383/1115/1479
f 1387/1122/1485 1382/1113/1478 1386/1121/1484
f 1382/1113/1478 1387/1122/1485 91/1116/1480
f 1388/1123/1486 1386/1121/1484 1385/1119/1483
f 1386/1121/1484 1388/1123/1486 1387/1122/1485
f 1389/1124/1487 1385/1119/1483 53/1120/53
f 1385/1119/1483 1389/1124/1487 1388/1123/1486
f 53/1120/53 56/1125/56 1389/1124/1487
f 91/1116/1480 1387/1122/1485 1390/1126/1488
f 1390/1126/1488 1387/1122/1485 1388/1123/1486
f 1390/1126/1488 90/1127/90 91/1116/1480
f 1391/1128/1489 1389/1124/1487 56/1125/56
f 1388/1123/1486 1389/1124/1487 1391/1128/1489
f 56/1125/56 59/1129/1490 1391/1128/1489
f 1388/1123/1486 1392/1130/1491 1390/1126/1488
f 1391/1128/1489 1392/1130/1491 1388/1123/1486
f 90/1127/90 1390/1126/1488 1393/1131/1492
f 1393/1131/1492 92/1132/1493 90/1127/90
f 1394/1133/1494 1391/1128/1489 59/1129/1490
f 59/1129/1490 66/1134/1495 1394/1133/1494
f 1391/1128/1489 1394/1133/1494 1395/1135/1496
f 1395/1135/1496 1392/1130/1491 1391/1128/1489
f 1396/1136/1497 1394/1133/1494 66/1134/1495
f 1395/1135/1496 1394/1133/1494 1396/1136/1497
f 66/1134/1495 69/1137/1498 1396/1136/1497
f 1392/1130/1491 1397/1138/1499 1390/1126/1488
f 1393/1131/1492 1390/1126/1488 1397/1138/1499
f 1398/1139/1500 1392/1130/1491 1395/1135/1496
f 1397/1138/1499 1392/1130/1491 1398/1139/1500
f 1399/1140/1501 1396/1136/1497 69/1137/1498
f 69/1137/1498 75/1141/1502 1399/1140/1501
f 1396/1136/1497 1400/1142/1503 1395/1135/1496
f 1401/1143/1504 1399/1140/1501 75/1141/1502
f 75/1141/1502 78/1144/1505 1401/1143/1504
f 78/1144/1505 81/1145/262 1401/1143/1504
f 1396/1136/1497 1399/1140/1501 1402/1146/1506
f 1402/1146/1506 1400/1142/1503 1396/1136/1497
f 1399/1140/1501 1401/1143/1504 1403/1147/1507
f 1403/1147/1507 1402/1146/1506 1399/1140/1501
f 1403/1147/1507 1401/1143/1504 81/1145/262
f 1403/1147/1507 81/1145/262 1404/1148/1508
f 1402/1146/1506 1403/1147/1507 1404/1148/1508
f 1405/1149/1509 1404/1148/1508 81/1145/262
f 1404/1148/1508 1406/1150/1510 1402/1146/1506
f 1406/1150/1510 1404/1148/1508 1405/1149/1509
f 1400/1142/1503 1402/1146/1506 1406/1150/1510
f 1405/1149/1509 1407/1151/1511 1406/1150/1510
f 1408/1152/1512 1406/1150/1510 1407/1151/1511
f 1406/1150/1510 1408/1152/1512 1400/1142/1503
f 1407/1151/1511 1409/1153/1513 1408/1152/1512
f 1400/1142/1503 1408/1152/1512 1410/1154/1514
f 1410/1154/1514 1408/1152/1512 1409/1153/1513
f 1410/1154/1514 1395/1135/1496 1400/1142/1503
f 1409/1153/1513 71/1155/1515 1410/1154/1514
f 1395/1135/1496 1410/1154/1514 1398/1139/1500
f 1410/1154/1514 71/1155/1515 73/1156/73
f 73/1156/73 1398/1139/1500 1410/1154/1514
f 1411/1157/1516 1398/1139/1500 73/1156/73
f 73/1156/73 84/1158/84 1411/1157/1516
f 1398/1139/1500 1411/1157/1516 1397/1138/1499
f 1411/1157/1516 84/1158/84 85/1159/1517
f 1412/1160/1518 1397/1138/1499 1411/1157/1516
f 1397/1138/1499 1412/1160/1518 1393/1131/1492
f 85/1159/1517 1413/1161/1519 1411/1157/1516
f 1411/1157/1516 1413/1161/1519 1412/1160/1518
f 1413/1161/1519 85/1159/1517 89/1162/1520
f 1393/1131/1492 1412/1160/1518 1414/1163/1521
f 1414/1163/1521 1412/1160/1518 1413/1161/1519
f 89/1162/1520 1415/1164/1522 1413/1161/1519
f 1413/1161/1519 1415/1164/1522 1414/1163/1521
f 1415/1164/1522 89/1162/1520 1416/1165/1523
f 1414/1163/1521 1417/1166/1524 1393/1131/1492
f 92/1132/1493 1393/1131/1492 1417/1166/1524
f 1417/1166/1524 94/1167/94 92/1132/1493
f 1418/1168/1525 1414/1163/1521 1415/1164/1522
f 1417/1166/1524 1414/1163/1521 1418/1168/1525
f 1416/1165/1523 1419/1169/1526 1415/1164/1522
f 1415/1164/1522 1419/1169/1526 1418/1168/1525
f 1419/1169/1526 1416/1165/1523 1420/1170/1527
f 94/1167/94 1417/1166/1524 1421/1171/1528
f 1418/1168/1525 1421/1171/1528 1417/1166/1524
f 1421/1171/1528 1422/1172/1529 94/1167/94
f 1420/1170/1527 1423/1173/1530 1419/1169/1526
f 1418/1168/1525 1419/1169/1526 1423/1173/1530
f 1423/1173/1530 1420/1170/1527 1424/1174/1531
f 1423/1173/1530 1425/1175/1532 1418/1168/1525
f 1425/1175/1532 1423/1173/1530 1424/1174/1531
f 1421/1171/1528 1418/1168/1525 1425/1175/1532
f 1426/1176/1533 1425/1175/1532 1424/1174/1531
f 1425/1175/1532 1426/1176/1533 1421/1171/1528
f 1422/1172/1529 1421/1171/1528 1426/1176/1533
f 1424/1174/1531 1427/1177/1534 1426/1176/1533
f 1426/1176/1533 1427/1177/1534 1422/1172/1529
f 367/1013/1535 366/1014/363 874/1015/900
f 874/1015/900 1428/1016/1536 367/1013/1535
f 1428/1016/1536 874/1015/900 904/1018/937
f 1428/1016/1536 369/1017/1537 367/1013/1535
f 1428/1016/1536 904/1018/937 1429/1020/1538
f 370/1019/1539 369/1017/1537 1428/1016/1536
f 1429/1020/1538 1430/1022/1540 1428/1016/1536
f 1430/1022/1540 1429/1020/1538 1431/1023/1541
f 1428/1016/1536 1432/1021/1542 370/1019/1539
f 1431/1023/1541 1329/1028/1543 1328/1029/1404
f 1433/1024/1544 1432/1021/1542 1428/1016/1536
f 1428/1016/1536 1430/1022/1540 1433/1024/1544
f 370/1019/1539 1432/1021/1542 1434/1025/1545
f 1434/1025/1545 1432/1021/1542 1433/1024/1544
f 1434/1025/1545 372/1026/369 370/1019/1539
f 374/1027/1546 372/1026/369 1434/1025/1545
f 1328/1029/1404 1435/1033/1547 1431/1023/1541
f 1435/1033/1547 1328/1029/1404 112/1034/1548
f 1430/1022/1540 1431/1023/1541 1436/1038/1549
f 1431/1023/1541 1435/1033/1547 1436/1038/1549
f 1433/1024/1544 1430/1022/1540 1436/1038/1549
f 112/1034/1548 1437/1036/1550 1435/1033/1547
f 1436/1038/1549 1435/1033/1547 1437/1036/1550
f 112/1034/1548 538/1037/543 1437/1036/1550
f 1437/1036/1550 1438/1039/1551 1436/1038/1549
f 1438/1039/1551 1437/1036/1550 538/1037/543
f 1436/1038/1549 1439/1070/1552 1433/1024/1544
f 538/1037/543 1440/1040/1553 1438/1039/1551
f 1440/1040/1553 538/1037/543 541/1041/546
f 1441/1042/1554 1436/1038/1549 1438/1039/1551
f 1439/1070/1552 1436/1038/1549 1441/1042/1554
f 1438/1039/1551 1440/1040/1553 1442/1044/1555
f 1442/1044/1555 1441/1042/1554 1438/1039/1551
f 541/1041/546 1443/1043/1556 1440/1040/1553
f 1442/1044/1555 1440/1040/1553 1443/1043/1556
f 1444/1045/1557 1443/1043/1556 541/1041/546
f 541/1041/546 545/1046/1558 1444/1045/1557
f 1444/1045/1557 545/1046/1558 546/1047/1559
f 1443/1043/1556 1445/1048/1560 1442/1044/1555
f 1445/1048/1560 1443/1043/1556 1444/1045/1557
f 1441/1042/1554 1442/1044/1555 535/1049/1561
f 535/1049/1561 1442/1044/1555 1445/1048/1560
f 1445/1048/1560 543/1050/548 535/1049/1561
f 548/1051/1562 543/1050/548 1445/1048/1560
f 535/1049/1561 1446/1052/1563 1441/1042/1554
f 1446/1052/1563 535/1049/1561 534/1053/1564
f 531/1054/1565 1446/1052/1563 534/1053/1564
f 1445/1048/1560 1447/1055/1566 548/1051/1562
f 1444/1045/1557 1447/1055/1566 1445/1048/1560
f 548/1051/1562 1447/1055/1566 1448/1056/1567
f 1448/1056/1567 552/1057/1568 548/1051/1562
f 1447/1055/1566 1444/1045/1557 1449/1058/1569
f 1449/1058/1569 1448/1056/1567 1447/1055/1566
f 546/1047/1559 1449/1058/1569 1444/1045/1557
f 556/1059/561 552/1057/1568 1448/1056/1567
f 1450/1060/1570 1449/1058/1569 546/1047/1559
f 1448/1056/1567 1449/1058/1569 1450/1060/1570
f 546/1047/1559 550/1061/1571 1450/1060/1570
f 550/1061/1571 554/1062/1572 1450/1060/1570
f 1448/1056/1567 1451/1063/1573 556/1059/561
f 1451/1063/1573 554/1062/1572 556/1059/561
f 1450/1060/1570 1451/1063/1573 1448/1056/1567
f 1450/1060/1570 554/1062/1572 1451/1063/1573
f 1446/1052/1563 531/1054/1565 1452/1064/1574
f 1452/1064/1574 531/1054/1565 529/1065/1575
f 1452/1064/1574 1453/1066/1576 1446/1052/1563
f 529/1065/1575 1454/1067/1577 1452/1064/1574
f 1446/1052/1563 1453/1066/1576 1455/1068/1578
f 1455/1068/1578 1441/1042/1554 1446/1052/1563
f 1441/1042/1554 1455/1068/1578 1439/1070/1552
f 1456/1108/1579 1454/1067/1577 529/1065/1575
f 529/1065/1575 528/1109/530 1456/1108/1579
f 1456/1108/1579 528/1109/530 525/1110/1580
f 1452/1064/1574 1454/1067/1577 1457/1105/1581
f 1457/1105/1581 1454/1067/1577 1456/1108/1579
f 1453/1066/1576 1452/1064/1574 1458/1069/1582
f 1457/1105/1581 1458/1069/1582 1452/1064/1574
f 1458/1069/1582 1459/1071/1583 1453/1066/1576
f 1455/1068/1578 1453/1066/1576 1459/1071/1583
f 1458/1069/1582 1457/1105/1581 1460/1103/1584
f 1459/1071/1583 1458/1069/1582 1461/1102/1585
f 1460/1103/1584 1461/1102/1585 1458/1069/1582
f 1459/1071/1583 1462/1073/1586 1455/1068/1578
f 479/1101/477 1461/1102/1585 1460/1103/1584
f 1461/1102/1585 1463/1081/1587 1459/1071/1583
f 1463/1081/1587 1461/1102/1585 479/1101/477
f 1462/1073/1586 1459/1071/1583 1463/1081/1587
f 1460/1103/1584 482/1104/1588 479/1101/477
f 479/1101/477 476/1100/1589 1463/1081/1587
f 482/1104/1588 1460/1103/1584 1464/1106/1590
f 1464/1106/1590 1460/1103/1584 1457/1105/1581
f 1464/1106/1590 485/1107/484 482/1104/1588
f 1463/1081/1587 476/1100/1589 859/1099/1591
f 485/1107/484 1464/1106/1590 1465/1117/1592
f 1465/1117/1592 489/1118/489 485/1107/484
f 1457/1105/1581 1466/1111/1593 1464/1106/1590
f 1456/1108/1579 1466/1111/1593 1457/1105/1581
f 1467/1115/1594 1465/1117/1592 1464/1106/1590
f 1464/1106/1590 1466/1111/1593 1467/1115/1594
f 489/1118/489 1465/1117/1592 1468/1119/1595
f 1468/1119/1595 1465/1117/1592 1467/1115/1594
f 1468/1119/1595 492/1120/492 489/1118/489
f 1466/1111/1593 1456/1108/1579 1469/1112/1596
f 1469/1112/1596 1467/1115/1594 1466/1111/1593
f 525/1110/1580 1469/1112/1596 1456/1108/1579
f 1470/1113/1597 1469/1112/1596 525/1110/1580
f 1467/1115/1594 1469/1112/1596 1470/1113/1597
f 525/1110/1580 523/1114/525 1470/1113/1597
f 1470/1113/1597 523/1114/525 524/1116/1598
f 1470/1113/1597 1471/1121/1599 1467/1115/1594
f 1467/1115/1594 1471/1121/1599 1468/1119/1595
f 524/1116/1598 1472/1122/1600 1470/1113/1597
f 1471/1121/1599 1470/1113/1597 1472/1122/1600
f 1473/1126/1601 1472/1122/1600 524/1116/1598
f 524/1116/1598 526/1127/1602 1473/1126/1601
f 1472/1122/1600 1474/1123/1603 1471/1121/1599
f 1468/1119/1595 1471/1121/1599 1474/1123/1603
f 1474/1123/1603 1472/1122/1600 1473/1126/1601
f 492/1120/492 1468/1119/1595 1475/1124/1604
f 1474/1123/1603 1475/1124/1604 1468/1119/1595
f 1475/1124/1604 495/1125/495 492/1120/492
f 495/1125/495 1475/1124/1604 1476/1128/1605
f 1476/1128/1605 1475/1124/1604 1474/1123/1603
f 1476/1128/1605 498/1129/1606 495/1125/495
f 1473/1126/1601 1477/1130/1607 1474/1123/1603
f 1474/1123/1603 1477/1130/1607 1476/1128/1605
f 498/1129/1606 1476/1128/1605 1478/1133/1608
f 1478/1133/1608 501/1134/501 498/1129/1606
f 1479/1135/1609 1478/1133/1608 1476/1128/1605
f 1476/1128/1605 1477/1130/1607 1479/1135/1609
f 501/1134/501 1478/1133/1608 1480/1136/1610
f 1480/1136/1610 1478/1133/1608 1479/1135/1609
f 1480/1136/1610 504/1137/1611 501/1134/501
f 1479/1135/1609 1477/1130/1607 1481/1139/1612
f 504/1137/1611 1480/1136/1610 1482/1140/1613
f 1482/1140/1613 510/1141/1614 504/1137/1611
f 1479/1135/1609 1483/1142/1615 1480/1136/1610
f 510/1141/1614 1482/1140/1613 1484/1143/1616
f 1484/1143/1616 512/1144/1617 510/1141/1614
f 512/1144/1617 1484/1143/1616 81/1145/81
f 1485/1147/948 1484/1143/1616 1482/1140/1613
f 1485/1147/948 81/1145/81 1484/1143/1616
f 1486/1146/1618 1482/1140/1613 1480/1136/1610
f 1482/1140/1613 1486/1146/1618 1485/1147/948
f 1480/1136/1610 1483/1142/1615 1486/1146/1618
f 1485/1147/948 1487/1148/1619 81/1145/81
f 1487/1148/1619 1485/1147/948 1486/1146/1618
f 1405/1149/1620 81/1145/81 1487/1148/1619
f 1486/1146/1618 1488/1150/1621 1487/1148/1619
f 1405/1149/1620 1487/1148/1619 1488/1150/1621
f 1488/1150/1621 1486/1146/1618 1483/1142/1615
f 1488/1150/1621 1407/1151/1511 1405/1149/1620
f 1407/1151/1511 1488/1150/1621 1489/1152/1622
f 1483/1142/1615 1489/1152/1622 1488/1150/1621
f 1489/1152/1622 1409/1153/1513 1407/1151/1511
f 1490/1154/1623 1489/1152/1622 1483/1142/1615
f 1409/1153/1513 1489/1152/1622 1490/1154/1623
f 1483/1142/1615 1479/1135/1609 1490/1154/1623
f 1490/1154/1623 507/1155/507 1409/1153/1513
f 1481/1139/1612 1490/1154/1623 1479/1135/1609
f 508/1156/1624 507/1155/507 1490/1154/1623
f 1490/1154/1623 1481/1139/1612 508/1156/1624
f 508/1156/1624 1481/1139/1612 1491/1157/1625
f 1491/1157/1625 520/1158/522 508/1156/1624
f 521/1159/1626 520/1158/522 1491/1157/1625
f 1492/1138/1627 1491/1157/1625 1481/1139/1612
f 1481/1139/1612 1477/1130/1607 1492/1138/1627
f 1477/1130/1607 1473/1126/1601 1492/1138/1627
f 1491/1157/1625 1493/1161/1628 521/1159/1626
f 1494/1162/1629 521/1159/1626 1493/1161/1628
f 1491/1157/1625 1492/1138/1627 1495/1160/1630
f 1495/1160/1630 1493/1161/1628 1491/1157/1625
f 1492/1138/1627 1473/1126/1601 1496/1131/1631
f 1496/1131/1631 1495/1160/1630 1492/1138/1627
f 1496/1131/1631 1473/1126/1601 526/1127/1602
f 526/1127/1602 1497/1132/1632 1496/1131/1631
f 1493/1161/1628 1495/1160/1630 1498/1163/1633
f 1498/1163/1633 1495/1160/1630 1496/1131/1631
f 1493/1161/1628 1499/1164/1634 1494/1162/1629
f 1498/1163/1633 1499/1164/1634 1493/1161/1628
f 1500/1165/1635 1494/1162/1629 1499/1164/1634
f 1501/1166/1636 1496/1131/1631 1497/1132/1632
f 1496/1131/1631 1501/1166/1636 1498/1163/1633
f 1497/1132/1632 1502/1167/1637 1501/1166/1636
f 1499/1164/1634 1503/1169/1638 1500/1165/1635
f 1504/1170/1639 1500/1165/1635 1503/1169/1638
f 1499/1164/1634 1498/1163/1633 1505/1168/1640
f 1505/1168/1640 1503/1169/1638 1499/1164/1634
f 1505/1168/1640 1498/1163/1633 1501/1166/1636
f 1503/1169/1638 1506/1173/1641 1504/1170/1639
f 1506/1173/1641 1503/1169/1638 1505/1168/1640
f 1506/1173/1641 1507/1174/1642 1504/1170/1639
f 1501/1166/1636 1508/1171/161 1505/1168/1640
f 1508/1171/161 1501/1166/1636 1502/1167/1637
f 1505/1168/1640 1509/1175/1643 1506/1173/1641
f 1509/1175/1643 1507/1174/1642 1506/1173/1641
f 1509/1175/1643 1505/1168/1640 1508/1171/161
f 1502/1167/1637 1510/1172/1644 1508/1171/161
f 1511/1176/1645 1507/1174/1642 1509/1175/1643
f 1508/1171/161 1511/1176/1645 1509/1175/1643
f 1511/1176/1645 1508/1171/161 1510/1172/1644
f 1507/1174/1642 1511/1176/1645 1512/1177/1646
f 1510/1172/1644 1512/1177/1646 1511/1176/1645
f 900/426/1647 907/425/940 583/418/593
f 583/418/593 907/425/940 1513/428/1648
f 583/418/593 1513/428/1648 568/403/578
f 907/425/940 424/429/1649 1513/428/1648
f 568/403/578 1513/428/1648 391/396/571
f 391/396/571 1513/428/1648 424/429/1649
f 1514/1180/1652 1515/1179/1651 1516/1178/1650
f 1516/1178/1650 1517/1181/1653 1514/1180/1652
f 1517/1181/1653 1516/1178/1650 1518/1182/1654
f 1519/1183/1655 1514/1180/1652 1517/1181/1653
f 1518/1182/1654 1520/1184/1656 1517/1181/1653
f 1520/1184/1656 1518/1182/1654 1521/1185/1657
f 1517/1181/1653 1522/1186/1658 1519/1183/1655
f 1523/1187/1659 1519/1183/1655 1522/1186/1658
f 1517/1181/1653 1520/1184/1656 1524/1188/1660
f 1524/1188/1660 1522/1186/1658 1517/1181/1653
f 1521/1185/1657 1525/1189/1661 1520/1184/1656
f 1524/1188/1660 1520/1184/1656 1525/1189/1661
f 1525/1189/1661 1521/1185/1657 1526/1190/1662
f 1522/1186/1658 1527/1191/1663 1523/1187/1659
f 1528/1192/1664 1523/1187/1659 1527/1191/1663
f 1527/1191/1663 1529/1193/1665 1528/1192/1664
f 1530/1194/1666 1527/1191/1663 1522/1186/1658
f 1529/1193/1665 1527/1191/1663 1530/1194/1666
f 1522/1186/1658 1524/1188/1660 1530/1194/1666
f 1530/1194/1666 1531/1195/1667 1529/1193/1665
f 1525/1189/1661 1532/1196/1668 1524/1188/1660
f 1530/1194/1666 1524/1188/1660 1532/1196/1668
f 1531/1195/1667 1530/1194/1666 1533/1197/1669
f 1532/1196/1668 1533/1197/1669 1530/1194/1666
f 1533/1197/1669 1534/1198/1670 1531/1195/1667
f 1535/1199/1671 1534/1198/1670 1533/1197/1669
f 1532/1196/1668 1525/1189/1661 1536/1200/1672
f 1526/1190/1662 1536/1200/1672 1525/1189/1661
f 1536/1200/1672 1526/1190/1662 1537/1201/1673
f 1533/1197/1669 1532/1196/1668 1538/1202/1674
f 1536/1200/1672 1538/1202/1674 1532/1196/1668
f 1533/1197/1669 1539/1203/1675 1535/1199/1671
f 1538/1202/1674 1539/1203/1675 1533/1197/1669
f 1537/1201/1673 1540/1204/1676 1536/1200/1672
f 1538/1202/1674 1536/1200/1672 1540/1204/1676
f 1535/1199/1671 1539/1203/1675 1541/1205/1677
f 1541/1205/1677 1542/1206/1678 1535/1199/1671
f 1539/1203/1675 1538/1202/1674 1543/1207/1679
f 1543/1207/1679 1541/1205/1677 1539/1203/1675
f 1540/1204/1676 1543/1207/1679 1538/1202/1674
f 1542/1206/1678 1541/1205/1677 1544/1208/1680
f 1544/1208/1680 1545/1209/1681 1542/1206/1678
f 1541/1205/1677 1543/1207/1679 1546/1210/1682
f 1546/1210/1682 1544/1208/1680 1541/1205/1677
f 1543/1207/1679 1540/1204/1676 1547/1211/1683
f 1547/1211/1683 1546/1210/1682 1543/1207/1679
f 1547/1211/1683 1540/1204/1676 1537/1201/1673
f 1537/1201/1673 1548/1212/1684 1547/1211/1683
f 1547/1211/1683 1548/1212/1684 1549/1213/1685
f 1549/1213/1685 1550/1214/1686 1547/1211/1683
f 1546/1210/1682 1547/1211/1683 1550/1214/1686
f 1550/1214/1686 1549/1213/1685 1551/1215/1687
f 1544/1208/1680 1546/1210/1682 1552/1216/1688
f 1550/1214/1686 1552/1216/1688 1546/1210/1682
f 1545/1209/1681 1544/1208/1680 1553/1217/1689
f 1552/1216/1688 1553/1217/1689 1544/1208/1680
f 1553/1217/1689 1554/1218/1690 1545/1209/1681
f 1555/1219/1691 1554/1218/1690 1553/1217/1689
f 1556/1220/1692 1552/1216/1688 1550/1214/1686
f 1553/1217/1689 1552/1216/1688 1556/1220/1692
f 1553/1217/1689 1557/1221/1693 1555/1219/1691
f 1556/1220/1692 1557/1221/1693 1553/1217/1689
f 1558/1222/1694 1555/1219/1691 1557/1221/1693
f 1550/1214/1686 1559/1223/1695 1556/1220/1692
f 1551/1215/1687 1559/1223/1695 1550/1214/1686
f 1559/1223/1695 1551/1215/1687 1560/1224/1696
f 1557/1221/1693 1556/1220/1692 1561/1225/1697
f 1561/1225/1697 1556/1220/1692 1559/1223/1695
f 1557/1221/1693 1562/1226/1698 1558/1222/1694
f 1561/1225/1697 1562/1226/1698 1557/1221/1693
f 1560/1224/1696 1563/1227/1699 1559/1223/1695
f 1559/1223/1695 1563/1227/1699 1561/1225/1697
f 1563/1227/1699 1560/1224/1696 1564/1228/1700
f 1558/1222/1694 1562/1226/1698 1565/1229/1701
f 1565/1229/1701 1562/1226/1698 1561/1225/1697
f 1565/1229/1701 1566/1230/1702 1558/1222/1694
f 1567/1231/1703 1561/1225/1697 1563/1227/1699
f 1561/1225/1697 1567/1231/1703 1565/1229/1701
f 1565/1229/1701 1568/1232/1704 1566/1230/1702
f 1564/1228/1700 1569/1233/1705 1563/1227/1699
f 1563/1227/1699 1569/1233/1705 1567/1231/1703
f 1569/1233/1705 1564/1228/1700 1570/1234/1706
f 1565/1229/1701 1567/1231/1703 1571/1235/1707
f 1567/1231/1703 1569/1233/1705 1572/1236/1708
f 1572/1236/1708 1571/1235/1707 1567/1231/1703
f 1570/1234/1706 1572/1236/1708 1569/1233/1705
f 1571/1235/1707 1573/1237/1709 1565/1229/1701
f 1573/1237/1709 1568/1232/1704 1565/1229/1701
f 1574/1238/1710 1571/1235/1707 1572/1236/1708
f 1573/1237/1709 1571/1235/1707 1574/1238/1710
f 1570/1234/1706 1575/1239/1711 1572/1236/1708
f 1568/1232/1704 1573/1237/1709 1576/1240/1712
f 1570/1234/1706 20/21/1713 1575/1239/1711
f 1577/1241/1714 20/21/1713 1570/1234/1706
f 20/21/1713 1577/1241/1714 16/20/1715
f 1575/1239/1711 20/21/1713 1578/1242/1716
f 1578/1242/1716 20/21/1713 19/22/1717
f 1572/1236/1708 1575/1239/1711 1579/1243/1718
f 1578/1242/1716 1579/1243/1718 1575/1239/1711
f 1579/1243/1718 1580/1244/1719 1572/1236/1708
f 1572/1236/1708 1580/1244/1719 1574/1238/1710
f 18/18/1720 19/22/1717 16/20/17
f 1581/1245/1721 1574/1238/1710 1580/1244/1719
f 1582/1246/1722 19/22/1717 18/18/1720
f 19/22/1717 1582/1246/1722 1578/1242/1716
f 1583/1247/1724 18/18/1720 17/19/1723
f 18/18/1720 1584/1248/1725 1582/1246/1722
f 1583/1247/1724 1584/1248/1725 18/18/1720
f 1578/1242/1716 1582/1246/1722 1585/1249/1726
f 1585/1249/1726 1582/1246/1722 1584/1248/1725
f 1583/1247/1724 1586/1250/1727 1584/1248/1725
f 1584/1248/1725 1586/1250/1727 1585/1249/1726
f 1583/1247/1724 1587/1251/1728 1586/1250/1727
f 1585/1249/1726 1586/1250/1727 1587/1251/1728
f 1587/1251/1728 1588/1252/1729 1585/1249/1726
f 1585/1249/1726 1588/1252/1729 1589/1253/1730
f 1585/1249/1726 1590/1254/1731 1578/1242/1716
f 1589/1253/1730 1590/1254/1731 1585/1249/1726
f 1590/1254/1731 1579/1243/1718 1578/1242/1716
f 1589/1253/1730 1591/1255/1732 1590/1254/1731
f 1590/1254/1731 1591/1255/1732 1579/1243/1718
f 1579/1243/1718 1591/1255/1732 1592/1256/1733
f 1592/1256/1733 1580/1244/1719 1579/1243/1718
f 1592/1256/1733 1591/1255/1732 1593/1257/1734
f 1580/1244/1719 1592/1256/1733 1581/1245/1721
f 1593/1257/1734 1594/1258/1735 1592/1256/1733
f 1581/1245/1721 1592/1256/1733 1594/1258/1735
f 1594/1258/1735 1593/1257/1734 1595/1259/1736
f 1595/1259/1736 1596/1260/1737 1594/1258/1735
f 1597/1261/1738 1596/1260/1737 1595/1259/1736
f 1595/1259/1736 1598/1262/1739 1597/1261/1738
f 1597/1261/1738 1598/1262/1739 1599/1263/1740
f 1594/1258/1735 1596/1260/1737 1600/1264/1741
f 1600/1264/1741 1596/1260/1737 1597/1261/1738
f 1594/1258/1735 1601/1265/1742 1581/1245/1721
f 1600/1264/1741 1601/1265/1742 1594/1258/1735
f 1581/1245/1721 1601/1265/1742 1602/1266/1743
f 1602/1266/1743 1601/1265/1742 1600/1264/1741
f 1599/1263/1740 1603/1267/1744 1597/1261/1738
f 1603/1267/1744 1599/1263/1740 1604/1268/1745
f 1597/1261/1738 1605/1269/1746 1600/1264/1741
f 1597/1261/1738 1603/1267/1744 1606/1270/1747
f 1606/1270/1747 1605/1269/1746 1597/1261/1738
f 1604/1268/1745 1607/1271/1748 1603/1267/1744
f 1608/1272/1749 1600/1264/1741 1605/1269/1746
f 1600/1264/1741 1608/1272/1749 1602/1266/1743
f 1609/1273/1750 1607/1271/1748 1604/1268/1745
f 1604/1268/1745 1610/1274/1751 1609/1273/1750
f 1603/1267/1744 1607/1271/1748 1611/1275/1752
f 1611/1275/1752 1606/1270/1747 1603/1267/1744
f 1607/1271/1748 1609/1273/1750 1612/1276/1753
f 1612/1276/1753 1611/1275/1752 1607/1271/1748
f 1613/1277/1754 1609/1273/1750 1610/1274/1751
f 1610/1274/1751 1614/1278/1755 1613/1277/1754
f 1615/1279/1756 1612/1276/1753 1609/1273/1750
f 1609/1273/1750 1613/1277/1754 1615/1279/1756
f 1616/1280/1757 1613/1277/1754 1614/1278/1755
f 1614/1278/1755 1617/1281/1758 1616/1280/1757
f 1618/1282/1759 1615/1279/1756 1613/1277/1754
f 1613/1277/1754 1616/1280/1757 1618/1282/1759
f 1619/1283/1760 1616/1280/1757 1617/1281/1758
f 1617/1281/1758 1620/1284/1761 1619/1283/1760
f 1616/1280/1757 1619/1283/1760 1621/1285/1762
f 1621/1285/1762 1618/1282/1759 1616/1280/1757
f 1622/1286/1763 1619/1283/1760 1620/1284/1761
f 1621/1285/1762 1619/1283/1760 1622/1286/1763
f 1620/1284/1761 1623/1287/1764 1622/1286/1763
f 1618/1282/1759 1621/1285/1762 1624/1288/1765
f 1625/1289/1766 1622/1286/1763 1623/1287/1764
f 1623/1287/1764 1626/1290/1767 1625/1289/1766
f 1622/1286/1763 1627/1291/1768 1621/1285/1762
f 1624/1288/1765 1621/1285/1762 1627/1291/1768
f 1628/1292/1769 1627/1291/1768 1622/1286/1763
f 1622/1286/1763 1625/1289/1766 1628/1292/1769
f 1627/1291/1768 1629/1293/1770 1624/1288/1765
f 1629/1293/1770 1627/1291/1768 1628/1292/1769
f 1630/1294/1537 1625/1289/1766 1626/1290/1767
f 1626/1290/1767 1631/1295/1771 1630/1294/1537
f 1632/1296/1772 1628/1292/1769 1625/1289/1766
f 1625/1289/1766 1630/1294/1537 1632/1296/1772
f 1628/1292/1769 1633/1297/1773 1629/1293/1770
f 1633/1297/1773 1628/1292/1769 1632/1296/1772
f 1634/1298/1774 1630/1294/1537 1631/1295/1771
f 1631/1295/1771 1635/1299/1775 1634/1298/1774
f 1634/1298/1774 1635/1299/1775 1636/1300/1776
f 1630/1294/1537 1634/1298/1774 1637/1301/1777
f 1637/1301/1777 1632/1296/1772 1630/1294/1537
f 1636/1300/1776 1638/1302/1778 1634/1298/1774
f 1637/1301/1777 1634/1298/1774 1638/1302/1778
f 1639/1303/1779 1638/1302/1778 1636/1300/1776
f 1636/1300/1776 1640/1304/1780 1639/1303/1779
f 1639/1303/1779 1640/1304/1780 1641/1305/1781
f 1638/1302/1778 1642/1306/1782 1637/1301/1777
f 1638/1302/1778 1639/1303/1779 1642/1306/1782
f 1641/1305/1781 1643/1305/1783 1639/1303/1779
f 1643/1305/1783 1641/1305/1781 1644/1307/1784
f 1645/1308/1785 1639/1303/1779 1643/1305/1783
f 1645/1308/1785 1643/1305/1783 1644/1307/1784
f 1639/1303/1779 1645/1308/1785 1646/1309/1786
f 1644/1307/1784 1647/1310/1787 1645/1308/1785
f 1646/1309/1786 1648/1311/1788 1639/1303/1779
f 1642/1306/1782 1639/1303/1779 1648/1311/1788
f 1649/1312/1789 1647/1310/1787 1644/1307/1784
f 1644/1307/1784 1650/1313/1790 1649/1312/1789
f 1649/1312/1789 1650/1313/1790 1651/1314/1791
f 1645/1308/1785 1647/1310/1787 1652/1315/1792
f 1652/1315/1792 1646/1309/1786 1645/1308/1785
f 1647/1310/1787 1649/1312/1789 1653/1316/1793
f 1653/1316/1793 1652/1315/1792 1647/1310/1787
f 1649/1312/1789 1651/1314/1791 1654/1317/1794
f 1654/1317/1794 1653/1316/1793 1649/1312/1789
f 1655/1318/1795 1654/1317/1794 1651/1314/1791
f 1656/1319/1796 1654/1317/1794 1655/1318/1795
f 1653/1316/1793 1654/1317/1794 1656/1319/1796
f 1656/1319/1796 1655/1318/1795 1657/1320/1797
f 1656/1319/1796 1657/1320/1797 1658/1321/1798
f 1656/1319/1796 1659/1322/1799 1653/1316/1793
f 1658/1321/1798 1659/1322/1799 1656/1319/1796
f 1652/1315/1792 1653/1316/1793 1659/1322/1799
f 1660/1323/1800 1659/1322/1799 1658/1321/1798
f 1659/1322/1799 1660/1323/1800 1652/1315/1792
f 1658/1321/1798 1661/1324/1801 1660/1323/1800
f 1662/1325/1802 1652/1315/1792 1660/1323/1800
f 1662/1325/1802 1660/1323/1800 1661/1324/1801
f 1646/1309/1786 1652/1315/1792 1662/1325/1802
f 1661/1324/1801 1663/1326/1803 1662/1325/1802
f 1662/1325/1802 1664/1327/1804 1646/1309/1786
f 1664/1327/1804 1648/1311/1788 1646/1309/1786
f 1665/1328/1805 1664/1327/1804 1662/1325/1802
f 1665/1328/1805 1648/1311/1788 1664/1327/1804
f 1662/1325/1802 1663/1326/1803 1665/1328/1805
f 1648/1311/1788 1665/1328/1805 1666/1329/1806
f 1665/1328/1805 1663/1326/1803 1666/1329/1806
f 1666/1329/1806 1667/1330/1807 1648/1311/1788
f 1648/1311/1788 1667/1330/1807 1642/1306/1782
f 1666/1329/1806 1663/1326/1803 1668/1331/1808
f 1668/1331/1808 1663/1326/1803 1669/1332/1809
f 1667/1330/1807 1666/1329/1806 1670/1333/1810
f 1668/1331/1808 1670/1333/1810 1666/1329/1806
f 1642/1306/1782 1667/1330/1807 1671/1334/1811
f 1670/1333/1810 1671/1334/1811 1667/1330/1807
f 1672/1335/1812 1668/1331/1808 1669/1332/1809
f 1669/1332/1809 1673/1336/1813 1672/1335/1812
f 1672/1335/1812 1673/1336/1813 1674/1337/1814
f 1668/1331/1808 1672/1335/1812 1674/1337/1814
f 1674/1337/1814 1673/1336/1813 1675/1338/1815
f 1674/1337/1814 1676/1339/1816 1668/1331/1808
f 1676/1339/1816 1674/1337/1814 1675/1338/1815
f 1670/1333/1810 1668/1331/1808 1676/1339/1816
f 1675/1338/1815 1677/1340/1817 1676/1339/1816
f 1678/1341/1818 1676/1339/1816 1677/1340/1817
f 1676/1339/1816 1678/1341/1818 1670/1333/1810
f 1677/1340/1817 1679/1342/1819 1678/1341/1818
f 1678/1341/1818 1679/1342/1819 14/16/13
f 1670/1333/1810 1678/1341/1818 1680/1343/1820
f 14/16/13 1680/1343/1820 1678/1341/1818
f 1680/1343/1820 1671/1334/1811 1670/1333/1810
f 1680/1343/1820 14/16/13 13/17/14
f 1680/1343/1820 13/17/14 1681/1344/1821
f 1681/1344/1821 1671/1334/1811 1680/1343/1820
f 1681/1344/1821 13/17/14 1682/1345/1822
f 1681/1344/1821 1683/1346/1823 1671/1334/1811
f 1642/1306/1782 1671/1334/1811 1683/1346/1823
f 1683/1346/1823 1637/1301/1777 1642/1306/1782
f 1682/1345/1822 1684/1347/1824 1681/1344/1821
f 1683/1346/1823 1681/1344/1821 1684/1347/1824
f 1684/1347/1824 1637/1301/1777 1683/1346/1823
f 1682/1345/1822 1685/1348/1825 1684/1347/1824
f 1685/1348/1825 10/13/1826 1684/1347/1824
f 1632/1296/1772 1637/1301/1777 1684/1347/1824
f 1686/1349/1827 1684/1347/1824 10/13/1826
f 1684/1347/1824 1687/12/1828 1632/1296/1772
f 1686/1349/1827 1687/12/1828 1684/1347/1824
f 1632/1296/1772 1687/12/1828 1633/1297/1773
f 1687/12/1828 1686/1349/1827 1688/1350/1829
f 1688/1350/1829 1633/1297/1773 1687/12/1828
f 1633/1297/1773 1688/1350/1829 1689/1351/1830
f 1689/1351/1830 1629/1293/1770 1633/1297/1773
f 1629/1293/1770 1689/1351/1830 1690/1352/1831
f 1690/1352/1831 1624/1288/1765 1629/1293/1770
f 1624/1288/1765 1690/1352/1831 1691/1353/1832
f 1691/1353/1832 1692/1354/1833 1624/1288/1765
f 1624/1288/1765 1692/1354/1833 1618/1282/1759
f 1615/1279/1756 1618/1282/1759 1692/1354/1833
f 1693/1355/1834 1692/1354/1833 1691/1353/1832
f 1692/1354/1833 1693/1355/1834 1615/1279/1756
f 1691/1353/1832 1694/1356/1835 1693/1355/1834
f 1612/1276/1753 1615/1279/1756 1693/1355/1834
f 1693/1355/1834 1694/1356/1835 1695/1357/1836
f 1693/1355/1834 1696/1358/1837 1612/1276/1753
f 1695/1357/1836 1696/1358/1837 1693/1355/1834
f 1611/1275/1752 1612/1276/1753 1696/1358/1837
f 1696/1358/1837 1695/1357/1836 1697/1359/1838
f 1696/1358/1837 1698/1360/1839 1611/1275/1752
f 1697/1359/1838 1698/1360/1839 1696/1358/1837
f 1606/1270/1747 1611/1275/1752 1698/1360/1839
f 1699/1361/1840 1698/1360/1839 1697/1359/1838
f 1698/1360/1839 1699/1361/1840 1606/1270/1747
f 1697/1359/1838 1700/1362/1841 1699/1361/1840
f 1605/1269/1746 1606/1270/1747 1699/1361/1840
f 1701/1363/1842 1699/1361/1840 1700/1362/1841
f 1699/1361/1840 1701/1363/1842 1605/1269/1746
f 1700/1362/1841 1702/1364/1843 1701/1363/1842
f 1605/1269/1746 1701/1363/1842 1608/1272/1749
f 1701/1363/1842 1702/1364/1843 1703/1365/1844
f 1703/1365/1844 1608/1272/1749 1701/1363/1842
f 1608/1272/1749 1703/1365/1844 1704/1366/1845
f 1704/1366/1845 1602/1266/1743 1608/1272/1749
f 1705/1367/1846 1602/1266/1743 1704/1366/1845
f 1602/1266/1743 1705/1367/1846 1581/1245/1721
f 1704/1366/1845 1706/1368/1847 1705/1367/1846
f 1581/1245/1721 1705/1367/1846 1707/1369/1848
f 1581/1245/1721 1707/1369/1848 1574/1238/1710
f 1574/1238/1710 1707/1369/1848 1573/1237/1709
f 1573/1237/1709 1707/1369/1848 1576/1240/1712
f 1708/1370/1849 1707/1369/1848 1705/1367/1846
f 1576/1240/1712 1707/1369/1848 1708/1370/1849
f 1706/1368/1847 1708/1370/1849 1705/1367/1846
f 1709/1371/1850 1576/1240/1712 1708/1370/1849
f 1576/1240/1712 1709/1371/1850 1568/1232/1704
f 1706/1368/1847 1710/1372/1851 1708/1370/1849
f 1711/1373/1852 1710/1372/1851 1706/1368/1847
f 1710/1372/1851 1711/1373/1852 1712/1374/1853
f 1713/1375/1854 1708/1370/1849 1710/1372/1851
f 1708/1370/1849 1713/1375/1854 1709/1371/1850
f 1712/1374/1853 1714/1376/1855 1710/1372/1851
f 1710/1372/1851 1714/1376/1855 1713/1375/1854
f 1715/1377/1856 1714/1376/1855 1712/1374/1853
f 1712/1374/1853 1716/1378/1857 1715/1377/1856
f 1717/1379/1858 1713/1375/1854 1714/1376/1855
f 1709/1371/1850 1713/1375/1854 1717/1379/1858
f 1714/1376/1855 1715/1377/1856 1717/1379/1858
f 1718/1380/1859 1568/1232/1704 1709/1371/1850
f 1717/1379/1858 1718/1380/1859 1709/1371/1850
f 1719/1381/1860 1568/1232/1704 1718/1380/1859
f 1720/1382/1861 1717/1379/1858 1715/1377/1856
f 1718/1380/1859 1717/1379/1858 1720/1382/1861
f 1719/1381/1860 1718/1380/1859 1721/1383/1862
f 1720/1382/1861 1721/1383/1862 1718/1380/1859
f 1721/1383/1862 1722/1384/1863 1719/1381/1860
f 1722/1384/1863 1721/1383/1862 1723/1385/1864
f 1723/1385/1864 1721/1383/1862 1720/1382/1861
f 1715/1377/1856 1724/1386/1865 1720/1382/1861
f 1720/1382/1861 1724/1386/1865 1723/1385/1864
f 1724/1386/1865 1715/1377/1856 1716/1378/1857
f 1724/1386/1865 1725/1387/1866 1723/1385/1864
f 1716/1378/1857 1725/1387/1866 1724/1386/1865
f 1726/1390/1869 10/1389/1868 1727/1388/1867
f 1727/1388/1867 1728/1391/1870 1726/1390/1869
f 1728/1391/1870 1727/1388/1867 1729/1392/1871
f 1730/1393/1872 1726/1390/1869 1728/1391/1870
f 1729/1392/1871 1731/1394/1873 1728/1391/1870
f 1731/1394/1873 1729/1392/1871 1732/1395/1874
f 1728/1391/1870 1733/1396/1875 1730/1393/1872
f 1734/1397/1876 1730/1393/1872 1733/1396/1875
f 1728/1391/1870 1731/1394/1873 1735/1398/1877
f 1735/1398/1877 1733/1396/1875 1728/1391/1870
f 1732/1395/1874 1736/1399/1878 1731/1394/1873
f 1735/1398/1877 1731/1394/1873 1736/1399/1878
f 1736/1399/1878 1732/1395/1874 1737/1400/1879
f 1733/1396/1875 1738/1401/1880 1734/1397/1876
f 1738/1401/1880 1733/1396/1875 1735/1398/1877
f 1739/1403/1882 15/1402/1881 1734/1397/1876
f 1734/1397/1876 1738/1401/1880 1739/1403/1882
f 1739/1403/1882 1738/1401/1880 1740/1404/1883
f 1735/1398/1877 1740/1404/1883 1738/1401/1880
f 1740/1404/1883 1741/1405/1884 1739/1403/1882
f 1741/1405/1884 1740/1404/1883 1742/1406/1885
f 1742/1406/1885 1740/1404/1883 1735/1398/1877
f 1742/1406/1885 1743/1407/1886 1741/1405/1884
f 1736/1399/1878 1744/1408/1887 1735/1398/1877
f 1735/1398/1877 1744/1408/1887 1742/1406/1885
f 1737/1400/1879 1745/1409/1888 1736/1399/1878
f 1744/1408/1887 1736/1399/1878 1745/1409/1888
f 1745/1409/1888 1737/1400/1879 1746/1410/1889
f 1742/1406/1885 1744/1408/1887 1747/1411/1890
f 1745/1409/1888 1747/1411/1890 1744/1408/1887
f 1743/1407/1886 1742/1406/1885 1748/1412/1891
f 1747/1411/1890 1748/1412/1891 1742/1406/1885
f 1748/1412/1891 1749/1413/1892 1743/1407/1886
f 1750/1414/1893 1749/1413/1892 1748/1412/1891
f 1746/1410/1889 1751/1415/1894 1745/1409/1888
f 1747/1411/1890 1745/1409/1888 1751/1415/1894
f 1751/1415/1894 1746/1410/1889 1752/1416/1895
f 1748/1412/1891 1747/1411/1890 1753/1417/1896
f 1751/1415/1894 1753/1417/1896 1747/1411/1890
f 1748/1412/1891 1754/1418/1897 1750/1414/1893
f 1753/1417/1896 1754/1418/1897 1748/1412/1891
f 1755/1419/1898 1750/1414/1893 1754/1418/1897
f 1756/1420/1899 1754/1418/1897 1753/1417/1896
f 1754/1418/1897 1756/1420/1899 1755/1419/1898
f 1757/1421/1900 1753/1417/1896 1751/1415/1894
f 1753/1417/1896 1757/1421/1900 1756/1420/1899
f 1755/1419/1898 1756/1420/1899 1758/1422/1901
f 1758/1422/1901 1756/1420/1899 1757/1421/1900
f 1758/1422/1901 1759/1423/1902 1755/1419/1898
f 1751/1415/1894 1760/1424/1903 1757/1421/1900
f 1752/1416/1895 1760/1424/1903 1751/1415/1894
f 1759/1423/1902 1758/1422/1901 1761/1425/1904
f 1761/1425/1904 1762/1426/1905 1759/1423/1902
f 1763/1427/1906 1760/1424/1903 1752/1416/1895
f 1757/1421/1900 1760/1424/1903 1763/1427/1906
f 1752/1416/1895 1764/1428/1907 1763/1427/1906
f 1757/1421/1900 1765/1429/1908 1758/1422/1901
f 1763/1427/1906 1765/1429/1908 1757/1421/1900
f 1766/1430/1909 1761/1425/1904 1758/1422/1901
f 1758/1422/1901 1765/1429/1908 1766/1430/1909
f 1762/1426/1905 1761/1425/1904 1767/1431/1910
f 1767/1431/1910 1761/1425/1904 1766/1430/1909
f 1767/1431/1910 1768/1432/1911 1762/1426/1905
f 1765/1429/1908 1763/1427/1906 1769/1433/1912
f 1769/1433/1912 1763/1427/1906 1764/1428/1907
f 1769/1433/1912 1766/1430/1909 1765/1429/1908
f 1764/1428/1907 1770/1434/1913 1769/1433/1912
f 1769/1433/1912 1770/1434/1913 1771/1435/1914
f 1766/1430/1909 1772/1436/1915 1767/1431/1910
f 1772/1436/1915 1766/1430/1909 1769/1433/1912
f 1771/1435/1914 1773/1437/1916 1769/1433/1912
f 1769/1433/1912 1773/1437/1916 1772/1436/1915
f 1773/1437/1916 1771/1435/1914 1774/1438/1917
f 1768/1432/1911 1767/1431/1910 1775/1439/1918
f 1775/1439/1918 1767/1431/1910 1772/1436/1915
f 1775/1439/1918 1776/1440/1919 1768/1432/1911
f 1777/1441/1920 1776/1440/1919 1775/1439/1918
f 1772/1436/1915 1773/1437/1916 1778/1442/1921
f 1774/1438/1917 1778/1442/1921 1773/1437/1916
f 1772/1436/1915 1779/1443/1922 1775/1439/1918
f 1778/1442/1921 1779/1443/1922 1772/1436/1915
f 1775/1439/1918 1780/1444/1923 1777/1441/1920
f 1780/1444/1923 1775/1439/1918 1779/1443/1922
f 1777/1441/1920 1780/1444/1923 1781/1445/1924
f 1781/1445/1924 1782/1446/1925 1777/1441/1920
f 1783/1447/1926 1782/1446/1925 1781/1445/1924
f 1779/1443/1922 1784/1448/1927 1780/1444/1923
f 1785/1449/1928 1781/1445/1924 1780/1444/1923
f 1780/1444/1923 1784/1448/1927 1785/1449/1928
f 1786/1450/1929 1784/1448/1927 1779/1443/1922
f 1779/1443/1922 1778/1442/1921 1786/1450/1929
f 1787/1451/1930 1785/1449/1928 1784/1448/1927
f 1784/1448/1927 1786/1450/1929 1787/1451/1930
f 1781/1445/1924 1785/1449/1928 1788/1452/1931
f 1788/1452/1931 1785/1449/1928 1787/1451/1930
f 1786/1450/1929 1778/1442/1921 1789/1453/1932
f 1778/1442/1921 1774/1438/1917 1789/1453/1932
f 1790/1454/1933 1787/1451/1930 1786/1450/1929
f 1789/1453/1932 1791/1455/1934 1786/1450/1929
f 1786/1450/1929 1791/1455/1934 1790/1454/1933
f 1774/1438/1917 1792/1456/1935 1789/1453/1932
f 1791/1455/1934 1789/1453/1932 1792/1456/1935
f 1793/1457/1936 1787/1451/1930 1790/1454/1933
f 1787/1451/1930 1793/1457/1936 1788/1452/1931
f 1794/1458/1937 1790/1454/1933 1791/1455/1934
f 1790/1454/1933 1795/1459/1938 1793/1457/1936
f 1791/1455/1934 1796/1460/1939 1794/1458/1937
f 1792/1456/1935 1796/1460/1939 1791/1455/1934
f 1797/1461/1940 1794/1458/1937 1796/1460/1939
f 1796/1460/1939 1798/1462/1941 1797/1461/1940
f 1798/1462/1941 1796/1460/1939 1792/1456/1935
f 1799/1463/1942 1797/1461/1940 1798/1462/1941
f 1800/1464/1943 1792/1456/1935 1774/1438/1917
f 1792/1456/1935 1800/1464/1943 1798/1462/1941
f 1774/1438/1917 1801/1465/1944 1800/1464/1943
f 1798/1462/1941 1802/1466/1945 1799/1463/1942
f 1802/1466/1945 1798/1462/1941 1800/1464/1943
f 1802/1466/1945 1803/1467/1946 1799/1463/1942
f 1804/1468/1947 1800/1464/1943 1801/1465/1944
f 1800/1464/1943 1804/1468/1947 1802/1466/1945
f 1804/1468/1947 1803/1467/1946 1802/1466/1945
f 1801/1465/1944 1805/1469/1948 1804/1468/1947
f 1805/1469/1948 1803/1467/1946 1804/1468/1947
f 1806/1470/1949 1793/1457/1936 1795/1459/1938
f 1795/1459/1938 1807/1471/1950 1806/1470/1949
f 1793/1457/1936 1806/1470/1949 1808/1472/1951
f 1808/1472/1951 1788/1452/1931 1793/1457/1936
f 1809/1473/1952 1806/1470/1949 1807/1471/1950
f 1808/1472/1951 1806/1470/1949 1809/1473/1952
f 1807/1471/1950 1810/1474/1953 1809/1473/1952
f 1811/1475/1954 1788/1452/1931 1808/1472/1951
f 1788/1452/1931 1811/1475/1954 1781/1445/1924
f 1812/1476/1955 1809/1473/1952 1810/1474/1953
f 1810/1474/1953 1813/1477/1956 1812/1476/1955
f 1814/1478/1957 1781/1445/1924 1811/1475/1954
f 1781/1445/1924 1814/1478/1957 1783/1447/1926
f 1783/1447/1926 1814/1478/1957 1815/1479/1958
f 1815/1479/1958 1816/1480/1959 1783/1447/1926
f 1815/1479/1958 1817/1481/1960 1816/1480/1959
f 1811/1475/1954 1818/1482/1961 1814/1478/1957
f 1815/1479/1958 1814/1478/1957 1818/1482/1961
f 1819/1483/1962 1817/1481/1960 1815/1479/1958
f 1818/1482/1961 1819/1483/1962 1815/1479/1958
f 1820/1484/1963 1817/1481/1960 1819/1483/1962
f 1820/1484/1963 1819/1483/1962 1818/1482/1961
f 1821/1485/1964 1817/1481/1960 1820/1484/1963
f 1822/1486/1965 1821/1485/1964 1820/1484/1963
f 1818/1482/1961 1823/1487/1966 1820/1484/1963
f 1820/1484/1963 1823/1487/1966 1822/1486/1965
f 1824/1488/1967 1823/1487/1966 1818/1482/1961
f 1822/1486/1965 1823/1487/1966 1824/1488/1967
f 1818/1482/1961 1811/1475/1954 1824/1488/1967
f 1824/1488/1967 1825/1489/1968 1822/1486/1965
f 1808/1472/1951 1824/1488/1967 1811/1475/1954
f 1826/1490/1969 1825/1489/1968 1824/1488/1967
f 1824/1488/1967 1808/1472/1951 1827/1491/1970
f 1809/1473/1952 1827/1491/1970 1808/1472/1951
f 1824/1488/1967 1828/1492/1971 1826/1490/1969
f 1827/1491/1970 1828/1492/1971 1824/1488/1967
f 1829/1493/1972 1827/1491/1970 1809/1473/1952
f 1828/1492/1971 1827/1491/1970 1829/1493/1972
f 1809/1473/1952 1812/1476/1955 1829/1493/1972
f 1826/1490/1969 1828/1492/1971 1830/1494/1973
f 1829/1493/1972 1830/1494/1973 1828/1492/1971
f 1830/1494/1973 1831/1495/1974 1826/1490/1969
f 1832/1496/1975 1831/1495/1974 1830/1494/1973
f 1830/1494/1973 1833/1497/1976 1832/1496/1975
f 1834/1498/1977 1832/1496/1975 1833/1497/1976
f 1830/1494/1973 1829/1493/1972 1835/1499/1978
f 1835/1499/1978 1833/1497/1976 1830/1494/1973
f 1833/1497/1976 1836/1500/1979 1834/1498/1977
f 1836/1500/1979 1833/1497/1976 1835/1499/1978
f 1834/1498/1977 1836/1500/1979 1837/1501/1980
f 1837/1501/1980 1838/1502/1981 1834/1498/1977
f 1835/1499/1978 1839/1503/1982 1836/1500/1979
f 1837/1501/1980 1836/1500/1979 1839/1503/1982
f 1840/1504/1983 1835/1499/1978 1829/1493/1972
f 1829/1493/1972 1812/1476/1955 1840/1504/1983
f 1841/1505/1984 1839/1503/1982 1835/1499/1978
f 1835/1499/1978 1840/1504/1983 1841/1505/1984
f 1839/1503/1982 1842/1506/1985 1837/1501/1980
f 1842/1506/1985 1839/1503/1982 1841/1505/1984
f 1838/1502/1981 1837/1501/1980 1843/1507/1986
f 1843/1507/1986 1844/1508/1987 1838/1502/1981
f 1845/1509/1988 1844/1508/1987 1843/1507/1986
f 1837/1501/1980 1842/1506/1985 1846/1510/1989
f 1846/1510/1989 1843/1507/1986 1837/1501/1980
f 1843/1507/1986 1847/1511/1990 1845/1509/1988
f 1847/1511/1990 1843/1507/1986 1846/1510/1989
f 1848/1512/1991 1845/1509/1988 1847/1511/1990
f 1846/1510/1989 1842/1506/1985 1849/1513/1992
f 1841/1505/1984 1849/1513/1992 1842/1506/1985
f 1846/1510/1989 1850/1514/1993 1847/1511/1990
f 1851/1515/1994 1849/1513/1992 1841/1505/1984
f 1852/1516/1995 1850/1514/1993 1846/1510/1989
f 1841/1505/1984 1853/1517/1996 1851/1515/1994
f 1853/1517/1996 1841/1505/1984 1840/1504/1983
f 1847/1511/1990 1850/1514/1993 1854/1518/1997
f 1854/1518/1997 1850/1514/1993 1852/1516/1995
f 1847/1511/1990 1855/1519/1998 1848/1512/1991
f 1854/1518/1997 1855/1519/1998 1847/1511/1990
f 1848/1512/1991 1855/1519/1998 1856/1520/1999
f 1856/1520/1999 1857/1521/2000 1848/1512/1991
f 1855/1519/1998 1854/1518/1997 1858/1522/2001
f 1858/1522/2001 1856/1520/1999 1855/1519/1998
f 1857/1521/2000 1856/1520/1999 1859/1523/2002
f 1859/1523/2002 1860/1524/2003 1857/1521/2000
f 1861/1525/2004 1860/1524/2003 1859/1523/2002
f 1856/1520/1999 1858/1522/2001 1862/1526/2005
f 1862/1526/2005 1859/1523/2002 1856/1520/1999
f 1859/1523/2002 1863/1527/2006 1861/1525/2004
f 1864/1528/2007 1861/1525/2004 1863/1527/2006
f 1859/1523/2002 1862/1526/2005 1865/1529/2008
f 1865/1529/2008 1863/1527/2006 1859/1523/2002
f 1863/1527/2006 1866/1530/2009 1864/1528/2007
f 1866/1530/2009 1863/1527/2006 1865/1529/2008
f 1864/1528/2007 1866/1530/2009 1867/1531/2010
f 1867/1531/2010 1868/1532/2011 1864/1528/2007
f 1865/1529/2008 1869/1533/2012 1866/1530/2009
f 1868/1532/2011 1867/1531/2010 1870/1534/2013
f 1870/1534/2013 1871/1535/2014 1868/1532/2011
f 1872/1536/2015 1871/1535/2014 1870/1534/2013
f 1873/1537/2016 1867/1531/2010 1866/1530/2009
f 1870/1534/2013 1867/1531/2010 1873/1537/2016
f 1866/1530/2009 1869/1533/2012 1873/1537/2016
f 1870/1534/2013 1874/1538/2017 1872/1536/2015
f 1875/1539/2018 1872/1536/2015 1874/1538/2017
f 1873/1537/2016 1876/1540/1242 1870/1534/2013
f 1874/1538/2017 1870/1534/2013 1876/1540/1242
f 1877/1541/2019 1873/1537/2016 1869/1533/2012
f 1876/1540/1242 1873/1537/2016 1877/1541/2019
f 1874/1538/2017 1878/1542/1438 1875/1539/2018
f 1876/1540/1242 1879/1543/2020 1874/1538/2017
f 1878/1542/1438 1874/1538/2017 1879/1543/2020
f 1877/1541/2019 1880/1544/2021 1876/1540/1242
f 1879/1543/2020 1876/1540/1242 1880/1544/2021
f 1875/1539/2018 1878/1542/1438 1881/1545/2022
f 1881/1545/2022 1882/1546/2023 1875/1539/2018
f 1879/1543/2020 1883/1547/2024 1878/1542/1438
f 1882/1546/2023 1881/1545/2022 1884/1548/2025
f 1884/1548/2025 1885/1549/2026 1882/1546/2023
f 1886/1550/2027 1881/1545/2022 1878/1542/1438
f 1878/1542/1438 1883/1547/2024 1886/1550/2027
f 1887/1551/2028 1884/1548/2025 1881/1545/2022
f 1881/1545/2022 1886/1550/2027 1887/1551/2028
f 1885/1549/2026 1884/1548/2025 1888/1552/2029
f 1888/1552/2029 1889/1553/2030 1885/1549/2026
f 1884/1548/2025 1887/1551/2028 1890/1554/2031
f 1890/1554/2031 1888/1552/2029 1884/1548/2025
f 1889/1553/2030 1888/1552/2029 1891/1555/2032
f 1891/1555/2032 1892/1556/2033 1889/1553/2030
f 1893/1557/2034 1892/1556/2033 1891/1555/2032
f 1888/1552/2029 1890/1554/2031 1894/1558/2035
f 1894/1558/2035 1891/1555/2032 1888/1552/2029
f 1891/1555/2032 1895/1559/2036 1893/1557/2034
f 1896/1560/2037 1893/1557/2034 1895/1559/2036
f 1891/1555/2032 1894/1558/2035 1897/1561/2038
f 1897/1561/2038 1895/1559/2036 1891/1555/2032
f 1895/1559/2036 1898/1562/2039 1896/1560/2037
f 1898/1562/2039 1895/1559/2036 1897/1561/2038
f 1899/1563/2040 1896/1560/2037 1898/1562/2039
f 1898/1562/2039 1900/1564/2041 1899/1563/2040
f 1899/1563/2040 1900/1564/2041 1901/1565/2042
f 1900/1564/2041 1898/1562/2039 1902/1566/2043
f 1897/1561/2038 1902/1566/2043 1898/1562/2039
f 1900/1564/2041 1903/1567/2044 1901/1565/2042
f 1902/1566/2043 1903/1567/2044 1900/1564/2041
f 1903/1567/2044 1904/1568/2045 1901/1565/2042
f 1904/1568/2045 1903/1567/2044 1902/1566/2043
f 1904/1568/2045 1905/1569/2046 1901/1565/2042
f 1906/1570/2047 1905/1569/2046 1904/1568/2045
f 1902/1566/2043 1907/1571/2048 1904/1568/2045
f 1904/1568/2045 1907/1571/2048 1906/1570/2047
f 1908/1572/2049 1907/1571/2048 1902/1566/2043
f 1906/1570/2047 1907/1571/2048 1908/1572/2049
f 1902/1566/2043 1897/1561/2038 1908/1572/2049
f 1908/1572/2049 1909/1573/2050 1906/1570/2047
f 1910/1574/2051 1908/1572/2049 1897/1561/2038
f 1909/1573/2050 1908/1572/2049 1910/1574/2051
f 1897/1561/2038 1894/1558/2035 1910/1574/2051
f 1910/1574/2051 1911/1575/266 1909/1573/2050
f 1912/1576/2052 1910/1574/2051 1894/1558/2035
f 1911/1575/266 1910/1574/2051 1912/1576/2052
f 1894/1558/2035 1890/1554/2031 1912/1576/2052
f 1912/1576/2052 1913/1577/2053 1911/1575/266
f 1912/1576/2052 1890/1554/2031 1887/1551/2028
f 1914/1578/2054 1913/1577/2053 1912/1576/2052
f 1887/1551/2028 1915/1579/2055 1912/1576/2052
f 1912/1576/2052 1915/1579/2055 1914/1578/2054
f 1915/1579/2055 1887/1551/2028 1886/1550/2027
f 1914/1578/2054 1915/1579/2055 1916/1580/2056
f 1886/1550/2027 1916/1580/2056 1915/1579/2055
f 1916/1580/2056 1917/1581/2057 1914/1578/2054
f 1918/1582/2058 1917/1581/2057 1916/1580/2056
f 1919/1583/2059 1916/1580/2056 1886/1550/2027
f 1916/1580/2056 1919/1583/2059 1918/1582/2058
f 1886/1550/2027 1883/1547/2024 1919/1583/2059
f 1918/1582/2058 1919/1583/2059 1920/1584/2060
f 1920/1584/2060 1919/1583/2059 1883/1547/2024
f 1883/1547/2024 1879/1543/2020 1920/1584/2060
f 1920/1584/2060 1921/1585/2061 1918/1582/2058
f 1880/1544/2021 1920/1584/2060 1879/1543/2020
f 1921/1585/2061 1920/1584/2060 1880/1544/2021
f 1880/1544/2021 1922/1586/2062 1921/1585/2061
f 1923/1587/2063 1922/1586/2062 1880/1544/2021
f 1880/1544/2021 1877/1541/2019 1923/1587/2063
f 1923/1587/2063 1877/1541/2019 1924/1588/2064
f 1924/1588/2064 1925/1589/2065 1923/1587/2063
f 1869/1533/2012 1924/1588/2064 1877/1541/2019
f 1925/1589/2065 1924/1588/2064 1926/1590/2066
f 1926/1590/2066 1924/1588/2064 1869/1533/2012
f 1926/1590/2066 1927/1591/2067 1925/1589/2065
f 1869/1533/2012 1865/1529/2008 1926/1590/2066
f 1928/1592/2068 1927/1591/2067 1926/1590/2066
f 1926/1590/2066 1865/1529/2008 1862/1526/2005
f 1926/1590/2066 1929/1593/2069 1928/1592/2068
f 1862/1526/2005 1929/1593/2069 1926/1590/2066
f 1930/1594/2070 1928/1592/2068 1929/1593/2069
f 1929/1593/2069 1862/1526/2005 1858/1522/2001
f 1929/1593/2069 1931/1595/2071 1930/1594/2070
f 1858/1522/2001 1931/1595/2071 1929/1593/2069
f 1932/1596/2072 1930/1594/2070 1931/1595/2071
f 1931/1595/2071 1858/1522/2001 1854/1518/1997
f 1931/1595/2071 1933/1597/2073 1932/1596/2072
f 1854/1518/1997 1933/1597/2073 1931/1595/2071
f 1934/1598/2074 1932/1596/2072 1933/1597/2073
f 1852/1516/1995 1933/1597/2073 1854/1518/1997
f 1933/1597/2073 1852/1516/1995 1934/1598/2074
f 1934/1598/2074 1852/1516/1995 1935/1599/2075
f 1935/1599/2075 1936/1600/2076 1934/1598/2074
f 1846/1510/1989 1935/1599/2075 1852/1516/1995
f 1937/1601/2077 1936/1600/2076 1935/1599/2075
f 1849/1513/1992 1935/1599/2075 1846/1510/1989
f 1935/1599/2075 1849/1513/1992 1937/1601/2077
f 1938/1602/2078 1937/1601/2077 1849/1513/1992
f 1849/1513/1992 1851/1515/1994 1938/1602/2078
f 1939/1603/2079 1938/1602/2078 1851/1515/1994
f 1851/1515/1994 1940/1604/2080 1939/1603/2079
f 1940/1604/2080 1851/1515/1994 1853/1517/1996
f 1939/1603/2079 1940/1604/2080 1941/1605/2081
f 1941/1605/2081 1942/1606/2082 1939/1603/2079
f 1941/1605/2081 1943/1607/2083 1942/1606/2082
f 1944/1608/2084 1941/1605/2081 1940/1604/2080
f 1944/1608/2084 1943/1607/2083 1941/1605/2081
f 1853/1517/1996 1945/1609/2085 1940/1604/2080
f 1940/1604/2080 1945/1609/2085 1944/1608/2084
f 1946/1610/2086 1943/1607/2083 1944/1608/2084
f 1946/1610/2086 1944/1608/2084 1945/1609/2085
f 1947/1611/2087 1943/1607/2083 1946/1610/2086
f 1948/1612/2088 1943/1607/2083 1947/1611/2087
f 1945/1609/2085 1853/1517/1996 1949/1613/2089
f 1840/1504/1983 1949/1613/2089 1853/1517/1996
f 1948/1612/2088 1947/1611/2087 1950/1614/2090
f 1950/1614/2090 1947/1611/2087 1946/1610/2086
f 1950/1614/2090 1951/1615/2091 1948/1612/2088
f 1945/1609/2085 1952/1616/2092 1946/1610/2086
f 1946/1610/2086 1952/1616/2092 1950/1614/2090
f 1949/1613/2089 1952/1616/2092 1945/1609/2085
f 1951/1615/2091 1950/1614/2090 1953/1617/2093
f 1953/1617/2093 1950/1614/2090 1952/1616/2092
f 1952/1616/2092 1949/1613/2089 1953/1617/2093
f 1953/1617/2093 1949/1613/2089 1840/1504/1983
f 1953/1617/2093 1954/1618/2094 1951/1615/2091
f 1840/1504/1983 1812/1476/1955 1953/1617/2093
f 1813/1477/1956 1954/1618/2094 1953/1617/2093
f 1953/1617/2093 1812/1476/1955 1813/1477/1956
f 1955/1619/2097 5/5/2096 4/6/2095
f 4/6/2095 1956/1620/2098 1955/1619/2097
f 1957/1621/2099 1955/1619/2097 1956/1620/2098
f 1956/1620/2098 1958/1622/2100 1957/1621/2099
f 1957/1621/2099 1958/1622/2100 1959/1623/2101
f 9/10/2103 5/5/2102 1955/1619/2097
f 1959/1623/2101 1960/1624/2104 1957/1621/2099
f 1960/1624/2104 1959/1623/2101 1961/1625/2105
f 1962/1626/2106 1955/1619/2097 1957/1621/2099
f 1955/1619/2097 1962/1626/2106 9/10/2103
f 1963/1627/2107 1957/1621/2099 1960/1624/2104
f 1957/1621/2099 1963/1627/2107 1962/1626/2106
f 9/10/2103 1962/1626/2106 1964/1628/2108
f 1964/1628/2108 1962/1626/2106 1963/1627/2107
f 1964/1628/2108 1965/1629/2109 9/10/2103
f 1965/1629/2109 6/4/4 9/10/2103
f 6/4/4 1965/1629/2109 1966/1630/2110
f 1967/1631/2111 1966/1630/2110 1965/1629/2109
f 1965/1629/2109 1964/1628/2108 1967/1631/2111
f 1967/1631/2111 1964/1628/2108 1968/1632/2112
f 1963/1627/2107 1968/1632/2112 1964/1628/2108
f 1968/1632/2112 1969/1633/2113 1967/1631/2111
f 1969/1633/2113 1968/1632/2112 1970/1634/2114
f 1970/1634/2114 1968/1632/2112 1963/1627/2107
f 1970/1634/2114 155/160/160 1969/1633/2113
f 1963/1627/2107 1971/1635/2115 1970/1634/2114
f 1960/1624/2104 1971/1635/2115 1963/1627/2107
f 155/160/160 1970/1634/2114 1972/1636/2116
f 1972/1636/2116 1970/1634/2114 1971/1635/2115
f 155/160/160 1972/1636/2116 154/159/159
f 1971/1635/2115 1960/1624/2104 1973/1637/2117
f 1961/1625/2105 1973/1637/2117 1960/1624/2104
f 1971/1635/2115 1974/1638/2118 1972/1636/2116
f 1973/1637/2117 1974/1638/2118 1971/1635/2115
f 154/159/159 1972/1636/2116 1975/1639/2119
f 1972/1636/2116 1974/1638/2118 1975/1639/2119
f 1975/1639/2119 1974/1638/2118 1973/1637/2117
f 1975/1639/2119 165/170/170 154/159/159
f 1976/1640/2120 1973/1637/2117 1961/1625/2105
f 1961/1625/2105 1977/1641/2121 1976/1640/2120
f 1976/1640/2120 1977/1641/2121 1978/1642/2122
f 1973/1637/2117 1979/1643/2123 1975/1639/2119
f 1978/1642/2122 1980/1644/2124 1976/1640/2120
f 1980/1644/2124 1978/1642/2122 1981/1645/2125
f 1982/1646/2126 1973/1637/2117 1976/1640/2120
f 1979/1643/2123 1973/1637/2117 1982/1646/2126
f 1983/1647/2127 1976/1640/2120 1980/1644/2124
f 1976/1640/2120 1983/1647/2127 1982/1646/2126
f 1981/1645/2125 1984/1648/2128 1980/1644/2124
f 1985/1649/2129 1984/1648/2128 1981/1645/2125
f 1981/1645/2125 1986/1650/2130 1985/1649/2129
f 1986/1650/2130 1987/1651/2131 1985/1649/2129
f 1980/1644/2124 1984/1648/2128 1988/1652/368
f 1988/1652/368 1984/1648/2128 1985/1649/2129
f 1987/1651/2131 1989/1653/2132 1985/1649/2129
f 1985/1649/2129 1989/1653/2132 1988/1652/368
f 1989/1653/2132 1987/1651/2131 1990/1654/2133
f 1988/1652/368 1989/1653/2132 1990/1654/2133
f 1987/1651/2131 1991/1655/2134 1990/1654/2133
f 1988/1652/368 1992/1656/2135 1980/1644/2124
f 1980/1644/2124 1992/1656/2135 1983/1647/2127
f 1990/1654/2133 1993/1657/2136 1988/1652/368
f 1993/1657/2136 1990/1654/2133 1991/1655/2134
f 1992/1656/2135 1988/1652/368 1993/1657/2136
f 1991/1655/2134 1994/1658/2137 1993/1657/2136
f 1995/1659/2138 1993/1657/2136 1994/1658/2137
f 1993/1657/2136 1995/1659/2138 1992/1656/2135
f 1994/1658/2137 1996/1660/775 1995/1659/2138
f 1992/1656/2135 1995/1659/2138 1997/1661/2139
f 1997/1661/2139 1995/1659/2138 1996/1660/775
f 1997/1661/2139 1983/1647/2127 1992/1656/2135
f 1996/1660/775 1998/1662/2140 1997/1661/2139
f 1982/1646/2126 1983/1647/2127 1997/1661/2139
f 1997/1661/2139 1998/1662/2140 1999/1663/2141
f 1997/1661/2139 2000/1664/2142 1982/1646/2126
f 1999/1663/2141 2000/1664/2142 1997/1661/2139
f 1979/1643/2123 1982/1646/2126 2000/1664/2142
f 2000/1664/2142 1999/1663/2141 2001/1665/2143
f 2000/1664/2142 2002/1666/2144 1979/1643/2123
f 2001/1665/2143 2002/1666/2144 2000/1664/2142
f 2003/1667/2145 2002/1666/2144 2001/1665/2143
f 1979/1643/2123 2002/1666/2144 2003/1667/2145
f 2001/1665/2143 2004/1668/542 2003/1667/2145
f 2004/1668/542 2005/1669/2146 2003/1667/2145
f 2003/1667/2145 2006/1670/2147 1979/1643/2123
f 1975/1639/2119 1979/1643/2123 2006/1670/2147
f 2007/1671/2148 2003/1667/2145 2005/1669/2146
f 2003/1667/2145 2007/1671/2148 2006/1670/2147
f 2007/1671/2148 2005/1669/2146 2008/1672/2149
f 2006/1670/2147 2009/1673/2150 1975/1639/2119
f 2006/1670/2147 2007/1671/2148 2009/1673/2150
f 165/170/170 1975/1639/2119 2009/1673/2150
f 2009/1673/2150 2010/1674/2151 165/170/170
f 165/170/170 2010/1674/2151 167/172/172
f 2009/1673/2150 2007/1671/2148 2011/1675/2152
f 2009/1673/2150 2011/1675/2152 2010/1674/2151
f 2012/1676/2153 167/172/172 2010/1674/2151
f 2010/1674/2151 2011/1675/2152 2012/1676/2153
f 167/172/172 2012/1676/2153 169/174/174
f 2011/1675/2152 2007/1671/2148 2013/1677/2154
f 2008/1672/2149 2013/1677/2154 2007/1671/2148
f 2012/1676/2153 2011/1675/2152 2014/1678/2155
f 2013/1677/2154 2014/1678/2155 2011/1675/2152
f 169/174/174 2012/1676/2153 2015/1679/2156
f 2014/1678/2155 2015/1679/2156 2012/1676/2153
f 2015/1679/2156 185/190/190 169/174/174
f 191/196/196 185/190/190 2015/1679/2156
f 2016/1680/2157 2014/1678/2155 2013/1677/2154
f 2015/1679/2156 2014/1678/2155 2016/1680/2157
f 2015/1679/2156 2017/1681/2158 191/196/196
f 2016/1680/2157 2017/1681/2158 2015/1679/2156
f 191/196/196 2017/1681/2158 200/205/205
f 2018/1682/2159 2013/1677/2154 2008/1672/2149
f 2013/1677/2154 2018/1682/2159 2016/1680/2157
f 2008/1672/2149 2019/1683/2160 2018/1682/2159
f 2018/1682/2159 2019/1683/2160 2020/1684/2160
f 2017/1681/2158 2016/1680/2157 2021/1685/2161
f 2021/1685/2161 200/205/205 2017/1681/2158
f 2016/1680/2157 2018/1682/2159 2022/1686/297
f 2022/1686/297 2021/1685/2161 2016/1680/2157
f 2020/1684/2160 2022/1686/297 2018/1682/2159
f 2023/1687/2162 200/205/205 2021/1685/2161
f 200/205/205 2023/1687/2162 196/201/201
f 219/224/224 196/201/201 2023/1687/2162
f 2023/1687/2162 229/234/234 219/224/224
f 2021/1685/2161 2024/1688/2163 2023/1687/2162
f 229/234/234 2023/1687/2162 2024/1688/2163
f 2024/1688/2163 2021/1685/2161 2022/1686/297
f 2025/1689/2164 2022/1686/297 2020/1684/2160
f 2022/1686/297 2025/1689/2164 2024/1688/2163
f 2020/1684/2160 2026/1690/2165 2025/1689/2164
f 2025/1689/2164 2026/1690/2165 2027/1691/352
f 2024/1688/2163 2028/1692/2166 229/234/234
f 2028/1692/2166 2024/1688/2163 2025/1689/2164
f 2027/1691/352 2029/1693/2167 2025/1689/2164
f 2025/1689/2164 2029/1693/2167 2028/1692/2166
f 2029/1693/2167 2027/1691/352 2030/1694/2168
f 229/234/234 2028/1692/2166 2031/1695/2169
f 2031/1695/2169 2028/1692/2166 2029/1693/2167
f 2031/1695/2169 226/231/231 229/234/234
f 227/232/232 226/231/231 2031/1695/2169
f 2030/1694/2168 2032/1696/2170 2029/1693/2167
f 2029/1693/2167 2032/1696/2170 2031/1695/2169
f 2031/1695/2169 2033/1697/314 227/232/232
f 2033/1697/314 2031/1695/2169 2032/1696/2170
f 2034/1698/315 2032/1696/2170 2030/1694/2168
f 2032/1696/2170 2034/1698/315 2033/1697/314
f 2030/1694/2168 2035/1699/316 2034/1698/315
f 227/232/232 2033/1697/314 2036/1700/2171
f 2036/1700/2171 2033/1697/314 2034/1698/315
f 2036/1700/2171 230/235/235 227/232/232
f 2037/1701/2172 2034/1698/315 2035/1699/316
f 2034/1698/315 2037/1701/2172 2036/1700/2171
f 2035/1699/316 2038/1702/2173 2037/1701/2172
f 232/237/237 230/235/235 2036/1700/2171
f 2039/1703/2174 2037/1701/2172 2038/1702/2173
f 2038/1702/2173 2040/1704/2175 2039/1703/2174
f 2041/1705/2176 2036/1700/2171 2037/1701/2172
f 2037/1701/2172 2039/1703/2174 2041/1705/2176
f 2036/1700/2171 2041/1705/2176 232/237/237
f 2042/1706/2177 2039/1703/2174 2040/1704/2175
f 2040/1704/2175 2043/1707/2178 2042/1706/2177
f 2042/1706/2177 2043/1707/2178 2044/1708/2100
f 2045/1709/2179 2041/1705/2176 2039/1703/2174
f 2039/1703/2174 2042/1706/2177 2045/1709/2179
f 232/237/237 2041/1705/2176 2045/1709/2179
f 2044/1708/2100 2046/1710/2180 2042/1706/2177
f 2045/1709/2179 2042/1706/2177 2046/1710/2180
f 2045/1709/2179 2047/1711/2181 232/237/237
f 232/237/237 2047/1711/2181 236/241/241
f 236/241/241 2047/1711/2181 240/245/245
f 2047/1711/2181 2045/1709/2179 2048/1712/2182
f 2048/1712/2182 240/245/245 2047/1711/2181
f 2046/1710/2180 2048/1712/2182 2045/1709/2179
f 240/245/245 2048/1712/2182 2049/1713/2183
f 2049/1713/2183 2048/1712/2182 2046/1710/2180
f 2050/1714/2184 2046/1710/2180 2044/1708/2100
f 2046/1710/2180 2050/1714/2184 2049/1713/2183
f 2044/1708/2100 311/316/312 2050/1714/2184
f 310/315/311 2050/1714/2184 311/316/312
f 2049/1713/2183 2051/1715/2185 240/245/245
f 240/245/245 2051/1715/2185 243/248/248
f 246/251/251 243/248/248 2051/1715/2185
f 2052/1716/2186 2049/1713/2183 2050/1714/2184
f 2051/1715/2185 2049/1713/2183 2052/1716/2186
f 2050/1714/2184 310/315/311 2052/1716/2186
f 2051/1715/2185 2053/1717/1658 246/251/251
f 2052/1716/2186 2053/1717/1658 2051/1715/2185
f 262/267/267 246/251/251 2053/1717/1658
f 2054/1718/2187 2052/1716/2186 310/315/311
f 2053/1717/1658 2052/1716/2186 2054/1718/2187
f 310/315/311 307/312/308 2054/1718/2187
f 296/301/298 2054/1718/2187 307/312/308
f 2053/1717/1658 2055/1719/2188 262/267/267
f 2054/1718/2187 2055/1719/2188 2053/1717/1658
f 2055/1719/2188 2054/1718/2187 296/301/298
f 265/270/270 262/267/267 2055/1719/2188
f 296/301/298 272/277/276 2055/1719/2188
f 2055/1719/2188 272/277/276 265/270/270
f 12/12/2190 1686/1349/2189 10/14/1826
f 1688/1720/2191 1686/1349/2189 12/12/2190
f 12/12/2190 2056/1297/2192 1688/1720/2191
f 1689/1721/2193 1688/1720/2191 2056/1297/2192
f 2056/1297/2192 2057/1722/2194 1689/1721/2193
f 1690/1723/1831 1689/1721/2193 2057/1722/2194
f 2058/1724/2195 2056/1297/2192 12/12/2190
f 2057/1722/2194 2056/1297/2192 2058/1724/2195
f 12/12/2190 2059/1296/2196 2058/1724/2195
f 2059/1296/2196 12/12/2190 11/13/2197
f 2057/1722/2194 2060/1725/2198 1690/1723/1831
f 1691/1353/1832 1690/1723/1831 2060/1725/2198
f 11/13/2197 2061/1301/2199 2059/1296/2196
f 2060/1725/2198 2062/1354/2200 1691/1353/1832
f 1694/1726/1835 1691/1353/1832 2062/1354/2200
f 2063/1285/2201 2060/1725/2198 2057/1722/2194
f 2062/1354/2200 2064/1355/2202 1694/1726/1835
f 2065/1282/2203 2062/1354/2200 2060/1725/2198
f 2060/1725/2198 2063/1285/2201 2065/1282/2203
f 2066/1279/2204 2064/1355/2202 2062/1354/2200
f 2062/1354/2200 2065/1282/2203 2066/1279/2204
f 1694/1726/1835 2064/1355/2202 2067/1727/855
f 2067/1727/855 2064/1355/2202 2066/1279/2204
f 2067/1727/855 1695/1357/2205 1694/1726/1835
f 2066/1279/2204 2065/1282/2203 2068/1728/2206
f 2068/1728/2206 2065/1282/2203 2063/1285/2201
f 2069/1729/2207 1695/1357/2205 2067/1727/855
f 1697/1730/2208 1695/1357/2205 2069/1729/2207
f 2066/1279/2204 2070/1731/2209 2067/1727/855
f 1697/1730/2208 2069/1729/2207 2071/1732/2210
f 2071/1732/2210 1700/1362/2211 1697/1730/2208
f 2069/1729/2207 2067/1727/855 2072/1733/2212
f 2071/1732/2210 2069/1729/2207 2072/1733/2212
f 2072/1733/2212 2067/1727/855 2070/1731/2209
f 1700/1362/2211 2071/1732/2210 2073/1734/2213
f 2073/1734/2213 1702/1735/2214 1700/1362/2211
f 2072/1733/2212 2074/1736/2215 2071/1732/2210
f 1702/1735/2214 2073/1734/2213 2075/1737/2216
f 2075/1737/2216 1703/1738/2217 1702/1735/2214
f 1704/1366/2218 1703/1738/2217 2075/1737/2216
f 2076/1739/2219 2073/1734/2213 2071/1732/2210
f 2071/1732/2210 2074/1736/2215 2076/1739/2219
f 2075/1737/2216 2077/1740/2220 1704/1366/2218
f 1706/1741/1847 1704/1366/2218 2077/1740/2220
f 2078/1742/2221 2075/1737/2216 2073/1734/2213
f 2073/1734/2213 2076/1739/2219 2078/1742/2221
f 2079/1743/2222 2077/1740/2220 2075/1737/2216
f 2075/1737/2216 2078/1742/2221 2079/1743/2222
f 2077/1740/2220 2080/1744/2223 1706/1741/1847
f 2080/1744/2223 2077/1740/2220 2079/1743/2222
f 1706/1741/1847 2080/1744/2223 2081/1372/2224
f 1711/1373/1852 1706/1741/1847 2081/1372/2224
f 1712/1374/1853 1711/1373/1852 2081/1372/2224
f 2079/1743/2222 2082/1367/2225 2080/1744/2223
f 2081/1372/2224 2083/1376/2226 1712/1374/1853
f 2081/1372/2224 2080/1744/2223 2084/1370/2227
f 2083/1376/2226 2081/1372/2224 2084/1370/2227
f 2080/1744/2223 2082/1367/2225 2085/1745/2228
f 2085/1745/2228 2084/1370/2227 2080/1744/2223
f 2086/1746/2229 2082/1367/2225 2079/1743/2222
f 2085/1745/2228 2082/1367/2225 2086/1746/2229
f 2087/1265/2230 2079/1743/2222 2078/1742/2221
f 2079/1743/2222 2087/1265/2230 2086/1746/2229
f 2078/1742/2221 2088/1264/2231 2087/1265/2230
f 2088/1264/2231 2078/1742/2221 2076/1739/2219
f 2086/1746/2229 2087/1265/2230 2089/1747/2232
f 2089/1747/2232 2087/1265/2230 2088/1264/2231
f 2076/1739/2219 2090/1748/2233 2088/1264/2231
f 2090/1748/2233 2076/1739/2219 2074/1736/2215
f 2088/1264/2231 2091/1749/2234 2089/1747/2232
f 2091/1749/2234 2088/1264/2231 2090/1748/2233
f 2074/1736/2215 2092/1750/2235 2090/1748/2233
f 2092/1750/2235 2074/1736/2215 2072/1733/2212
f 2090/1748/2233 2093/1261/2236 2091/1749/2234
f 2093/1261/2236 2090/1748/2233 2092/1750/2235
f 2072/1733/2212 2094/1751/2237 2092/1750/2235
f 2072/1733/2212 2070/1731/2209 2094/1751/2237
f 2092/1750/2235 2095/1752/2238 2093/1261/2236
f 2092/1750/2235 2094/1751/2237 2096/1753/2239
f 2096/1753/2239 2095/1752/2238 2092/1750/2235
f 1598/1262/2240 2093/1261/2236 2095/1752/2238
f 2091/1749/2234 2093/1261/2236 1598/1262/2240
f 2095/1752/2238 1599/1263/1740 1598/1262/2240
f 1599/1263/1740 2095/1752/2238 2096/1753/2239
f 1598/1262/2240 1595/1259/2241 2091/1749/2234
f 2096/1753/2239 1604/1754/2242 1599/1263/1740
f 2091/1749/2234 1595/1259/2241 1593/1755/1734
f 1593/1755/1734 2089/1747/2232 2091/1749/2234
f 1610/1274/2243 1604/1754/2242 2096/1753/2239
f 2089/1747/2232 1593/1755/1734 1591/1255/2244
f 2096/1753/2239 2097/1273/2245 1610/1274/2243
f 2097/1273/2245 2096/1753/2239 2094/1751/2237
f 2094/1751/2237 2070/1731/2209 2097/1273/2245
f 1614/1278/1755 1610/1274/2243 2097/1273/2245
f 2098/1756/2246 2097/1273/2245 2070/1731/2209
f 2097/1273/2245 2098/1756/2246 1614/1278/1755
f 2070/1731/2209 2066/1279/2204 2098/1756/2246
f 2068/1728/2206 2098/1756/2246 2066/1279/2204
f 1614/1278/1755 2098/1756/2246 2068/1728/2206
f 2068/1728/2206 1617/1757/1758 1614/1278/1755
f 1617/1757/1758 2068/1728/2206 2099/1283/2247
f 2099/1283/2247 1620/1758/1761 1617/1757/1758
f 2063/1285/2201 2099/1283/2247 2068/1728/2206
f 1623/1759/1764 1620/1758/1761 2099/1283/2247
f 2099/1283/2247 2063/1285/2201 2100/1291/2248
f 2057/1722/2194 2100/1291/2248 2063/1285/2201
f 2099/1283/2247 2101/1286/2249 1623/1759/1764
f 2100/1291/2248 2101/1286/2249 2099/1283/2247
f 2058/1724/2195 2100/1291/2248 2057/1722/2194
f 1623/1759/1764 2101/1286/2249 2102/1289/2250
f 2102/1289/2250 2101/1286/2249 2100/1291/2248
f 2100/1291/2248 2058/1724/2195 2102/1289/2250
f 2102/1289/2250 1626/1290/1767 1623/1759/1764
f 1631/1295/1771 1626/1290/1767 2102/1289/2250
f 2103/1294/2251 2102/1289/2250 2058/1724/2195
f 2102/1289/2250 2103/1294/2251 1631/1295/1771
f 2058/1724/2195 2059/1296/2196 2103/1294/2251
f 2103/1294/2251 2059/1296/2196 2061/1301/2199
f 1631/1295/1771 2103/1294/2251 2104/1298/2252
f 2061/1301/2199 2104/1298/2252 2103/1294/2251
f 2104/1298/2252 1635/1299/1775 1631/1295/1771
f 1635/1299/1775 2104/1298/2252 2105/1760/2253
f 2105/1760/2253 1636/1300/1776 1635/1299/1775
f 2104/1298/2252 2061/1301/2199 2106/1761/2254
f 2106/1761/2254 2105/1760/2253 2104/1298/2252
f 1636/1300/1776 2105/1760/2253 2107/1762/2255
f 2107/1762/2255 2105/1760/2253 2106/1761/2254
f 2107/1762/2255 1640/1304/2256 1636/1300/1776
f 1641/1305/2257 1640/1304/2256 2107/1762/2255
f 2106/1761/2254 2061/1301/2199 2108/1763/2258
f 2061/1301/2199 11/13/2197 2108/1763/2258
f 2108/1763/2258 11/13/2197 10/14/1826
f 2108/1763/2258 10/14/1826 1726/1764/2259
f 1726/1764/2259 1730/1765/1872 2108/1763/2258
f 2108/1763/2258 1730/1765/1872 2109/1766/2260
f 1734/1767/1876 2109/1766/2260 1730/1765/1872
f 1734/1767/1876 15/17/12 2109/1766/2260
f 15/17/12 14/16/13 2109/1766/2260
f 2109/1766/2260 14/16/13 1679/1342/2261
f 2110/1768/2262 2108/1763/2258 2109/1766/2260
f 2110/1768/2262 2106/1761/2254 2108/1763/2258
f 1679/1342/2261 2111/1769/2263 2109/1766/2260
f 2110/1768/2262 2109/1766/2260 2111/1769/2263
f 2112/1770/2264 2111/1769/2263 1679/1342/2261
f 1679/1342/2261 1677/1340/2265 2112/1770/2264
f 2111/1769/2263 2113/1771/2266 2110/1768/2262
f 2113/1771/2266 2111/1769/2263 2112/1770/2264
f 2106/1761/2254 2110/1768/2262 2114/1772/2267
f 2106/1761/2254 2114/1772/2267 2107/1762/2255
f 2113/1771/2266 2115/1773/2268 2110/1768/2262
f 2115/1773/2268 2114/1772/2267 2110/1768/2262
f 2112/1770/2264 2116/1774/2269 2113/1771/2266
f 2117/1775/2270 2112/1770/2264 1677/1340/2265
f 2116/1774/2269 2112/1770/2264 2117/1775/2270
f 1677/1340/2265 1675/1776/2271 2117/1775/2270
f 1675/1776/2271 1673/1336/2272 2117/1775/2270
f 2117/1775/2270 1673/1336/2272 2118/1777/2273
f 2117/1775/2270 2118/1777/2273 2116/1774/2269
f 2118/1777/2273 1673/1336/2272 1669/1332/2274
f 1669/1332/2274 2116/1774/2269 2118/1777/2273
f 1663/1326/2275 2116/1774/2269 1669/1332/2274
f 2113/1771/2266 2116/1774/2269 1663/1326/2275
f 1663/1326/2275 2115/1773/2268 2113/1771/2266
f 2119/1778/2276 2115/1773/2268 1663/1326/2275
f 2119/1778/2276 1663/1326/2275 1661/1324/2277
f 1661/1324/2277 2120/1779/2278 2119/1778/2276
f 2120/1779/2278 1661/1324/2277 1658/1321/2279
f 2115/1773/2268 2119/1778/2276 2121/1780/2280
f 2120/1779/2278 2121/1780/2280 2119/1778/2276
f 2122/1781/2281 2114/1772/2267 2115/1773/2268
f 2121/1780/2280 2122/1781/2281 2115/1773/2268
f 2123/1782/2282 2114/1772/2267 2122/1781/2281
f 2123/1782/2282 2122/1781/2281 2121/1780/2280
f 2107/1762/2255 2114/1772/2267 2123/1782/2282
f 2124/1783/2283 2107/1762/2255 2123/1782/2282
f 2124/1783/2283 2123/1782/2282 2121/1780/2280
f 2125/1784/2284 2107/1762/2255 2124/1783/2283
f 2107/1762/2255 2125/1784/2284 1641/1305/2257
f 1641/1305/2257 2125/1784/2284 1644/1307/1784
f 2125/1784/2284 2124/1783/2283 2126/1785/2285
f 2126/1785/2285 1644/1307/1784 2125/1784/2284
f 2121/1780/2280 2126/1785/2285 2124/1783/2283
f 2127/1786/2286 1644/1307/1784 2126/1785/2285
f 1650/1313/1790 1644/1307/1784 2127/1786/2286
f 2128/1787/2287 2126/1785/2285 2121/1780/2280
f 2126/1785/2285 2128/1787/2287 2127/1786/2286
f 1650/1313/1790 2127/1786/2286 2129/1788/2288
f 2129/1788/2288 2127/1786/2286 2128/1787/2287
f 2129/1788/2288 1651/1314/2289 1650/1313/1790
f 1651/1314/2289 2129/1788/2288 1655/1318/2290
f 2128/1787/2287 2130/1789/2291 2129/1788/2288
f 2130/1789/2291 1655/1318/2290 2129/1788/2288
f 2121/1780/2280 2131/1790/2292 2128/1787/2287
f 2130/1789/2291 2128/1787/2287 2131/1790/2292
f 2131/1790/2292 2121/1780/2280 2120/1779/2278
f 2130/1789/2291 2132/1791/2293 1655/1318/2290
f 2131/1790/2292 2132/1791/2293 2130/1789/2291
f 2133/1792/2294 1655/1318/2290 2132/1791/2293
f 2133/1792/2294 2132/1791/2293 2131/1790/2292
f 1657/1793/2295 1655/1318/2290 2133/1792/2294
f 1658/1321/2279 1657/1793/2295 2133/1792/2294
f 2120/1779/2278 2134/1794/2296 2131/1790/2292
f 1658/1321/2279 2134/1794/2296 2120/1779/2278
f 2131/1790/2292 2134/1794/2296 2133/1792/2294
f 2133/1792/2294 2134/1794/2296 1658/1321/2279
f 2135/1797/2298 36/1796/37 35/1795/2297
f 35/1795/2297 2136/1798/2299 2135/1797/2298
f 2137/1799/2300 2135/1797/2298 2136/1798/2299
f 2138/1800/2301 2136/1798/2299 35/1795/2297
f 35/1795/2297 33/1801/31 2138/1800/2301
f 2136/1798/2299 2139/1802/2302 2137/1799/2300
f 2140/1803/2303 2137/1799/2300 2139/1802/2302
f 2136/1798/2299 2138/1800/2301 2141/1804/2304
f 2141/1804/2304 2139/1802/2302 2136/1798/2299
f 33/1801/31 2142/1805/2305 2138/1800/2301
f 33/1801/31 32/1806/625 2142/1805/2305
f 2143/1807/2306 2141/1804/2304 2138/1800/2301
f 2138/1800/2301 2142/1805/2305 2143/1807/2306
f 2139/1802/2302 2144/1808/2307 2140/1803/2303
f 2145/1809/2308 2140/1803/2303 2144/1808/2307
f 2139/1802/2302 2141/1804/2304 2146/1810/2309
f 2146/1810/2309 2144/1808/2307 2139/1802/2302
f 2144/1808/2307 2147/1811/2310 2145/1809/2308
f 2147/1811/2310 2144/1808/2307 2146/1810/2309
f 2148/1812/111 2145/1809/2308 2147/1811/2310
f 2149/1813/2311 2146/1810/2309 2141/1804/2304
f 2141/1804/2304 2143/1807/2306 2149/1813/2311
f 2147/1811/2310 2150/1814/2312 2148/1812/111
f 2151/1815/2313 2148/1812/111 2150/1814/2312
f 2150/1814/2312 2152/1816/2314 2151/1815/2313
f 2152/1816/2314 2153/1817/2315 2151/1815/2313
f 2152/1816/2314 2150/1814/2312 2154/1818/2316
f 2154/1818/2316 2150/1814/2312 2147/1811/2310
f 2152/1816/2314 2155/1819/2317 2153/1817/2315
f 2154/1818/2316 2155/1819/2317 2152/1816/2314
f 2153/1817/2315 2155/1819/2317 2156/1820/2318
f 2156/1820/2318 2155/1819/2317 2154/1818/2316
f 2153/1817/2315 2156/1820/2318 2157/1821/182
f 2157/1821/182 2156/1820/2318 2158/1822/2319
f 2154/1818/2316 2158/1822/2319 2156/1820/2318
f 2158/1822/2319 2159/1823/2320 2157/1821/182
f 2158/1822/2319 2154/1818/2316 2160/1824/2321
f 2147/1811/2310 2160/1824/2321 2154/1818/2316
f 2159/1823/2320 2158/1822/2319 2161/1825/2322
f 2160/1824/2321 2161/1825/2322 2158/1822/2319
f 2161/1825/2322 2162/1826/2323 2159/1823/2320
f 2163/1827/2324 2160/1824/2321 2147/1811/2310
f 2162/1826/2323 2161/1825/2322 2164/1828/2325
f 2164/1828/2325 2165/1829/2326 2162/1826/2323
f 2166/1830/2327 2165/1829/2326 2164/1828/2325
f 2167/1831/2328 2161/1825/2322 2160/1824/2321
f 2160/1824/2321 2163/1827/2324 2167/1831/2328
f 2168/1832/2329 2164/1828/2325 2161/1825/2322
f 2161/1825/2322 2167/1831/2328 2168/1832/2329
f 2164/1828/2325 2169/1833/2330 2166/1830/2327
f 2170/1834/2331 2166/1830/2327 2169/1833/2330
f 2164/1828/2325 2168/1832/2329 2171/1835/1996
f 2171/1835/1996 2169/1833/2330 2164/1828/2325
f 2169/1833/2330 2172/1836/2332 2170/1834/2331
f 2173/1837/2333 2170/1834/2331 2172/1836/2332
f 2169/1833/2330 2171/1835/1996 2174/1838/2334
f 2174/1838/2334 2172/1836/2332 2169/1833/2330
f 2172/1836/2332 2175/1839/2335 2173/1837/2333
f 2176/1840/2336 2173/1837/2333 2175/1839/2335
f 2177/1841/2337 2175/1839/2335 2172/1836/2332
f 2172/1836/2332 2174/1838/2334 2177/1841/2337
f 2175/1839/2335 2178/1842/2338 2176/1840/2336
f 2178/1842/2338 2175/1839/2335 2177/1841/2337
f 2179/1843/2336 2176/1840/2336 2178/1842/2338
f 2178/1842/2338 2180/1844/2339 2179/1843/2336
f 2181/1845/104 2179/1843/2336 2180/1844/2339
f 2177/1841/2337 2182/1846/2340 2178/1842/2338
f 2180/1844/2339 2183/1847/2341 2181/1845/104
f 2184/1848/2342 2180/1844/2339 2178/1842/2338
f 2183/1847/2341 2180/1844/2339 2184/1848/2342
f 2178/1842/2338 2182/1846/2340 2184/1848/2342
f 2181/1845/104 2183/1847/2341 2185/1849/2343
f 2185/1849/2343 2186/1850/2308 2181/1845/104
f 2187/1851/2344 2186/1850/2308 2185/1849/2343
f 2182/1846/2340 2177/1841/2337 2188/1852/2345
f 2188/1852/2345 2177/1841/2337 2174/1838/2334
f 2185/1849/2343 2189/1853/2346 2187/1851/2344
f 2188/1852/2345 2190/1854/2347 2182/1846/2340
f 2184/1848/2342 2182/1846/2340 2190/1854/2347
f 2189/1853/2346 2185/1849/2343 2191/1855/2348
f 2191/1855/2348 2185/1849/2343 2183/1847/2341
f 2187/1851/2344 2189/1853/2346 2192/1856/2349
f 2192/1856/2349 2193/1857/2350 2187/1851/2344
f 2191/1855/2348 2194/1858/2351 2189/1853/2346
f 2192/1856/2349 2189/1853/2346 2194/1858/2351
f 2183/1847/2341 2195/1859/2352 2191/1855/2348
f 2184/1848/2342 2195/1859/2352 2183/1847/2341
f 2193/1857/2350 2192/1856/2349 2196/1860/2353
f 2196/1860/2353 2197/1861/2354 2193/1857/2350
f 2196/1860/2353 2192/1856/2349 2198/1862/2355
f 2194/1858/2351 2198/1862/2355 2192/1856/2349
f 2197/1861/2354 2196/1860/2353 2199/1863/2356
f 2199/1863/2356 2200/1864/2357 2197/1861/2354
f 2201/1865/822 2200/1864/2357 2199/1863/2356
f 2199/1863/2356 2196/1860/2353 2202/1866/2358
f 2198/1862/2355 2202/1866/2358 2196/1860/2353
f 2203/1867/2359 2201/1865/822 2199/1863/2356
f 2202/1866/2358 2203/1867/2359 2199/1863/2356
f 2201/1865/822 2203/1867/2359 2204/1868/2360
f 2204/1868/2360 2205/1869/2361 2201/1865/822
f 2206/1870/2362 2204/1868/2360 2203/1867/2359
f 2205/1869/2361 2204/1868/2360 2206/1870/2362
f 2203/1867/2359 2202/1866/2358 2206/1870/2362
f 2206/1870/2362 2207/1871/2363 2205/1869/2361
f 2208/1872/2364 2206/1870/2362 2202/1866/2358
f 2207/1871/2363 2206/1870/2362 2208/1872/2364
f 2202/1866/2358 2198/1862/2355 2208/1872/2364
f 2208/1872/2364 2209/1873/2365 2207/1871/2363
f 2210/1874/2366 2208/1872/2364 2198/1862/2355
f 2209/1873/2365 2208/1872/2364 2210/1874/2366
f 2198/1862/2355 2194/1858/2351 2210/1874/2366
f 2210/1874/2366 2211/1875/2367 2209/1873/2365
f 2212/1876/2368 2210/1874/2366 2194/1858/2351
f 2211/1875/2367 2210/1874/2366 2212/1876/2368
f 2194/1858/2351 2191/1855/2348 2212/1876/2368
f 2212/1876/2368 2213/1877/2369 2211/1875/2367
f 2212/1876/2368 2191/1855/2348 2195/1859/2352
f 2214/1878/2370 2213/1877/2369 2212/1876/2368
f 2195/1859/2352 2215/1879/2371 2212/1876/2368
f 2212/1876/2368 2215/1879/2371 2214/1878/2370
f 2215/1879/2371 2195/1859/2352 2184/1848/2342
f 2214/1878/2370 2215/1879/2371 2216/1880/2372
f 2216/1880/2372 2217/1881/2373 2214/1878/2370
f 2218/1882/2374 2217/1881/2373 2216/1880/2372
f 2184/1848/2342 2219/1883/2375 2215/1879/2371
f 2190/1854/2347 2219/1883/2375 2184/1848/2342
f 2216/1880/2372 2220/1884/2376 2218/1882/2374
f 2221/1885/2377 2219/1883/2375 2190/1854/2347
f 2215/1879/2371 2219/1883/2375 2221/1885/2377
f 2222/1886/2378 2216/1880/2372 2215/1879/2371
f 2220/1884/2376 2216/1880/2372 2222/1886/2378
f 2221/1885/2377 2223/1887/2379 2215/1879/2371
f 2215/1879/2371 2223/1887/2379 2222/1886/2378
f 2218/1882/2374 2220/1884/2376 2224/1888/2380
f 2224/1888/2380 2225/1889/2381 2218/1882/2374
f 2222/1886/2378 2226/1890/2382 2220/1884/2376
f 2224/1888/2380 2220/1884/2376 2226/1890/2382
f 2225/1889/2381 2224/1888/2380 2227/1891/2383
f 2227/1891/2383 2228/1892/2384 2225/1889/2381
f 2228/1892/2384 2227/1891/2383 2229/1893/2385
f 2229/1893/2385 2230/1894/2386 2228/1892/2384
f 2231/1895/2387 2227/1891/2383 2224/1888/2380
f 2229/1893/2385 2227/1891/2383 2231/1895/2387
f 2230/1894/2386 2229/1893/2385 2232/1896/2388
f 2232/1896/2388 2233/1897/2389 2230/1894/2386
f 2231/1895/2387 2234/1898/2390 2229/1893/2385
f 2232/1896/2388 2229/1893/2385 2234/1898/2390
f 2233/1897/2389 2232/1896/2388 2235/1899/2391
f 2235/1899/2391 2236/1900/2392 2233/1897/2389
f 2237/1901/2393 2236/1900/2392 2235/1899/2391
f 2235/1899/2391 2232/1896/2388 2238/1902/2394
f 2234/1898/2390 2238/1902/2394 2232/1896/2388
f 2239/1903/2395 2237/1901/2393 2235/1899/2391
f 2238/1902/2394 2239/1903/2395 2235/1899/2391
f 2240/1904/2396 2237/1901/2393 2239/1903/2395
f 2237/1901/2393 2240/1904/2396 2241/1905/2397
f 2242/1906/2398 2241/1905/2397 2240/1904/2396
f 2239/1903/2395 2238/1902/2394 2243/1907/2399
f 2243/1907/2399 2240/1904/2396 2239/1903/2395
f 2240/1904/2396 2243/1907/2399 2242/1906/2398
f 2243/1907/2399 2238/1902/2394 2234/1898/2390
f 2244/1908/2400 2242/1906/2398 2243/1907/2399
f 2234/1898/2390 2245/1909/2401 2243/1907/2399
f 2243/1907/2399 2245/1909/2401 2244/1908/2400
f 2245/1909/2401 2234/1898/2390 2231/1895/2387
f 2246/1910/2402 2244/1908/2400 2245/1909/2401
f 2245/1909/2401 2247/1911/2403 2246/1910/2402
f 2231/1895/2387 2247/1911/2403 2245/1909/2401
f 2248/1912/2404 2246/1910/2402 2247/1911/2403
f 2247/1911/2403 2231/1895/2387 2249/1913/2405
f 2224/1888/2380 2249/1913/2405 2231/1895/2387
f 2226/1890/2382 2249/1913/2405 2224/1888/2380
f 2249/1913/2405 2250/1914/2406 2247/1911/2403
f 2247/1911/2403 2250/1914/2406 2248/1912/2404
f 2251/1915/2407 2250/1914/2406 2249/1913/2405
f 2250/1914/2406 2251/1915/2407 2248/1912/2404
f 2249/1913/2405 2226/1890/2382 2251/1915/2407
f 2251/1915/2407 2252/1916/2408 2248/1912/2404
f 2253/1917/2409 2248/1912/2404 2252/1916/2408
f 2254/1918/2410 2251/1915/2407 2226/1890/2382
f 2226/1890/2382 2222/1886/2378 2254/1918/2410
f 2251/1915/2407 2254/1918/2410 2255/1919/2411
f 2255/1919/2411 2252/1916/2408 2251/1915/2407
f 2256/1920/2412 2254/1918/2410 2222/1886/2378
f 2255/1919/2411 2254/1918/2410 2256/1920/2412
f 2222/1886/2378 2223/1887/2379 2256/1920/2412
f 2252/1916/2408 2257/1921/2413 2253/1917/2409
f 2258/1922/2414 2253/1917/2409 2257/1921/2413
f 2252/1916/2408 2255/1919/2411 2259/1923/2415
f 2259/1923/2415 2257/1921/2413 2252/1916/2408
f 2257/1921/2413 2260/1924/2416 2258/1922/2414
f 2261/1925/2417 2258/1922/2414 2260/1924/2416
f 2257/1921/2413 2259/1923/2415 2262/1926/2418
f 2262/1926/2418 2260/1924/2416 2257/1921/2413
f 2263/1927/2419 2259/1923/2415 2255/1919/2411
f 2260/1924/2416 2264/1928/2420 2261/1925/2417
f 2255/1919/2411 2265/1929/2421 2263/1927/2419
f 2256/1920/2412 2265/1929/2421 2255/1919/2411
f 2263/1927/2419 2265/1929/2421 2266/1930/2422
f 2266/1930/2422 2265/1929/2421 2256/1920/2412
f 2266/1930/2422 2267/1931/2423 2263/1927/2419
f 2256/1920/2412 2268/1932/2424 2266/1930/2422
f 2269/1933/2425 2268/1932/2424 2256/1920/2412
f 2270/1934/2426 2263/1927/2419 2267/1931/2423
f 2259/1923/2415 2263/1927/2419 2270/1934/2426
f 2270/1934/2426 2262/1926/2418 2259/1923/2415
f 2267/1931/2423 2271/1935/2427 2270/1934/2426
f 2272/1936/2428 2270/1934/2426 2271/1935/2427
f 2262/1926/2418 2270/1934/2426 2272/1936/2428
f 2271/1935/2427 2273/1937/2429 2272/1936/2428
f 2272/1936/2428 2274/1938/2430 2262/1926/2418
f 2260/1924/2416 2262/1926/2418 2274/1938/2430
f 2274/1938/2430 2264/1928/2420 2260/1924/2416
f 2275/1939/2431 2272/1936/2428 2273/1937/2429
f 2274/1938/2430 2272/1936/2428 2275/1939/2431
f 2273/1937/2429 2276/1940/2432 2275/1939/2431
f 2277/1941/2433 2275/1939/2431 2276/1940/2432
f 2275/1939/2431 2278/1942/2434 2274/1938/2430
f 2278/1942/2434 2275/1939/2431 2277/1941/2433
f 2264/1928/2420 2274/1938/2430 2278/1942/2434
f 2279/1943/2435 2278/1942/2434 2277/1941/2433
f 2278/1942/2434 2279/1943/2435 2264/1928/2420
f 2277/1941/2433 2280/1944/2436 2279/1943/2435
f 2261/1925/2417 2264/1928/2420 2279/1943/2435
f 2279/1943/2435 2280/1944/2436 2261/1925/2417
f 2256/1920/2412 2281/1945/2437 2269/1933/2425
f 2281/1945/2437 2256/1920/2412 2223/1887/2379
f 2223/1887/2379 2221/1885/2377 2281/1945/2437
f 2269/1933/2425 2281/1945/2437 2282/1946/2438
f 2282/1946/2438 2281/1945/2437 2221/1885/2377
f 2282/1946/2438 2283/1947/2439 2269/1933/2425
f 2221/1885/2377 2284/1948/2440 2282/1946/2438
f 2190/1854/2347 2284/1948/2440 2221/1885/2377
f 2283/1947/2439 2282/1946/2438 2285/1949/2441
f 2285/1949/2441 2286/1950/2442 2283/1947/2439
f 2282/1946/2438 2284/1948/2440 2287/1951/2443
f 2287/1951/2443 2284/1948/2440 2190/1854/2347
f 2287/1951/2443 2285/1949/2441 2282/1946/2438
f 2190/1854/2347 2188/1852/2345 2287/1951/2443
f 2286/1950/2442 2285/1949/2441 2288/1952/2444
f 2288/1952/2444 2289/1953/2445 2286/1950/2442
f 2290/1954/2446 2289/1953/2445 2288/1952/2444
f 2285/1949/2441 2287/1951/2443 2291/1955/2447
f 2291/1955/2447 2288/1952/2444 2285/1949/2441
f 2287/1951/2443 2188/1852/2345 2292/1956/2448
f 2292/1956/2448 2291/1955/2447 2287/1951/2443
f 2174/1838/2334 2292/1956/2448 2188/1852/2345
f 2293/1957/2449 2292/1956/2448 2174/1838/2334
f 2291/1955/2447 2292/1956/2448 2293/1957/2449
f 2174/1838/2334 2171/1835/1996 2293/1957/2449
f 2293/1957/2449 2171/1835/1996 2168/1832/2329
f 2293/1957/2449 2294/1958/2450 2291/1955/2447
f 2294/1958/2450 2288/1952/2444 2291/1955/2447
f 2168/1832/2329 2295/1959/2451 2293/1957/2449
f 2294/1958/2450 2293/1957/2449 2295/1959/2451
f 2295/1959/2451 2168/1832/2329 2167/1831/2328
f 2167/1831/2328 2296/1960/2452 2295/1959/2451
f 2167/1831/2328 2163/1827/2324 2296/1960/2452
f 2295/1959/2451 2297/1961/2453 2294/1958/2450
f 2297/1961/2453 2295/1959/2451 2296/1960/2452
f 2298/1962/2454 2288/1952/2444 2294/1958/2450
f 2299/1963/2455 2294/1958/2450 2297/1961/2453
f 2299/1963/2455 2298/1962/2454 2294/1958/2450
f 2288/1952/2444 2300/1964/2456 2290/1954/2446
f 2288/1952/2444 2298/1962/2454 2300/1964/2456
f 2301/1965/2457 2290/1954/2446 2300/1964/2456
f 2300/1964/2456 2302/1966/2458 2301/1965/2457
f 2300/1964/2456 2298/1962/2454 2303/1967/2459
f 2303/1967/2459 2302/1966/2458 2300/1964/2456
f 2301/1965/2457 2302/1966/2458 2304/1968/2460
f 2304/1968/2460 2305/1969/2461 2301/1965/2457
f 2302/1966/2458 2303/1967/2459 2306/1970/2462
f 2306/1970/2462 2304/1968/2460 2302/1966/2458
f 2305/1969/2461 2304/1968/2460 2307/1971/2463
f 2307/1971/2463 2308/1972/2464 2305/1969/2461
f 2309/1973/2465 2308/1972/2464 2307/1971/2463
f 2310/1974/2466 2307/1971/2463 2304/1968/2460
f 2307/1971/2463 2310/1974/2466 2309/1973/2465
f 2304/1968/2460 2306/1970/2462 2310/1974/2466
f 2310/1974/2466 2311/1975/2467 2309/1973/2465
f 2311/1975/2467 2310/1974/2466 2306/1970/2462
f 2312/1976/2468 2309/1973/2465 2311/1975/2467
f 2313/1977/2469 2312/1976/2468 2311/1975/2467
f 2306/1970/2462 2314/1978/2470 2311/1975/2467
f 2311/1975/2467 2314/1978/2470 2313/1977/2469
f 2314/1978/2470 2306/1970/2462 2303/1967/2459
f 2315/1979/2471 2313/1977/2469 2314/1978/2470
f 2303/1967/2459 2316/1980/2472 2314/1978/2470
f 2314/1978/2470 2316/1980/2472 2315/1979/2471
f 2316/1980/2472 2303/1967/2459 2298/1962/2454
f 2317/1981/2473 2315/1979/2471 2316/1980/2472
f 2298/1962/2454 2318/1982/2474 2316/1980/2472
f 2316/1980/2472 2318/1982/2474 2317/1981/2473
f 2298/1962/2454 2299/1963/2455 2318/1982/2474
f 2319/1983/2475 2317/1981/2473 2318/1982/2474
f 2318/1982/2474 2299/1963/2455 2319/1983/2475
f 2320/1984/2476 2319/1983/2475 2299/1963/2455
f 2299/1963/2455 2321/1985/2477 2320/1984/2476
f 2297/1961/2453 2321/1985/2477 2299/1963/2455
f 2322/1986/2478 2320/1984/2476 2321/1985/2477
f 2321/1985/2477 2297/1961/2453 2323/1987/2479
f 2321/1985/2477 2324/1988/2480 2322/1986/2478
f 2323/1987/2479 2324/1988/2480 2321/1985/2477
f 2325/1989/2481 2322/1986/2478 2324/1988/2480
f 2296/1960/2452 2323/1987/2479 2297/1961/2453
f 2324/1988/2480 2326/1990/2482 2325/1989/2481
f 2326/1990/2482 2324/1988/2480 2323/1987/2479
f 2327/1991/2483 2325/1989/2481 2326/1990/2482
f 2328/1992/2484 2323/1987/2479 2296/1960/2452
f 2323/1987/2479 2328/1992/2484 2326/1990/2482
f 2326/1990/2482 2329/1993/2485 2327/1991/2483
f 2329/1993/2485 2326/1990/2482 2328/1992/2484
f 2330/1994/748 2327/1991/2483 2329/1993/2485
f 2296/1960/2452 2331/1995/2486 2328/1992/2484
f 2296/1960/2452 2163/1827/2324 2331/1995/2486
f 2328/1992/2484 2332/1996/2487 2329/1993/2485
f 2332/1996/2487 2328/1992/2484 2331/1995/2486
f 2329/1993/2485 2333/1997/2488 2330/1994/748
f 2334/1998/2489 2330/1994/748 2333/1997/2488
f 2329/1993/2485 2332/1996/2487 2335/1999/2490
f 2335/1999/2490 2333/1997/2488 2329/1993/2485
f 2331/1995/2486 2149/1813/2311 2332/1996/2487
f 2332/1996/2487 2149/1813/2311 2143/1807/2306
f 2143/1807/2306 2335/1999/2490 2332/1996/2487
f 2146/1810/2309 2149/1813/2311 2331/1995/2486
f 2335/1999/2490 2143/1807/2306 2142/1805/2305
f 2331/1995/2486 2336/2000/2491 2146/1810/2309
f 2331/1995/2486 2163/1827/2324 2336/2000/2491
f 2146/1810/2309 2336/2000/2491 2147/1811/2310
f 2147/1811/2310 2336/2000/2491 2163/1827/2324
f 2142/1805/2305 2337/2001/2492 2335/1999/2490
f 2333/1997/2488 2335/1999/2490 2337/2001/2492
f 2337/2001/2492 2142/1805/2305 32/1806/625
f 2337/2001/2492 2338/2002/2493 2333/1997/2488
f 2333/1997/2488 2338/2002/2493 2334/1998/2489
f 2339/2003/2494 2334/1998/2489 2338/2002/2493
f 32/1806/625 2340/2004/2495 2337/2001/2492
f 2338/2002/2493 2337/2001/2492 2340/2004/2495
f 2340/2004/2495 32/1806/625 613/2005/2496
f 2338/2002/2493 2341/2006/2497 2339/2003/2494
f 2340/2004/2495 2341/2006/2497 2338/2002/2493
f 2342/2007/2498 2339/2003/2494 2341/2006/2497
f 2341/2006/2497 2343/2008/2499 2342/2007/2498
f 2343/2008/2499 2341/2006/2497 2340/2004/2495
f 2344/2009/2500 2342/2007/2498 2343/2008/2499
f 613/2005/2496 2345/2010/2501 2340/2004/2495
f 2340/2004/2495 2345/2010/2501 2343/2008/2499
f 2346/2011/2502 2345/2010/2501 613/2005/2496
f 613/2005/2496 1332/2012/2503 2346/2011/2502
f 2347/2013/2504 2343/2008/2499 2345/2010/2501
f 2345/2010/2501 2346/2011/2502 2347/2013/2504
f 2343/2008/2499 2347/2013/2504 2344/2009/2500
f 2348/2014/2505 2346/2011/2502 1332/2012/2503
f 2347/2013/2504 2346/2011/2502 2348/2014/2505
f 1332/2012/2503 1331/2015/2506 2348/2014/2505
f 2344/2009/2500 2347/2013/2504 2349/2016/2507
f 2348/2014/2505 2349/2016/2507 2347/2013/2504
f 2349/2016/2507 2350/2017/2508 2344/2009/2500
f 381/2018/377 2350/2017/2508 2349/2016/2507
f 2349/2016/2507 2351/2019/2509 381/2018/377
f 2352/2020/2510 2351/2019/2509 2349/2016/2507
f 2349/2016/2507 2348/2014/2505 2352/2020/2510
f 2352/2020/2510 2348/2014/2505 1331/2015/2506
f 1331/2015/2506 1327/2021/2511 2352/2020/2510
f 380/385/2513 381/386/2512 2351/383/2510
f 2351/383/2510 2353/384/2514 380/385/2513
f 345/350/2515 380/385/2513 2353/384/2514
f 2354/382/2516 2353/384/2514 2351/383/2510
f 2351/383/2510 2352/381/2509 2354/382/2516
f 345/350/2515 2353/384/2514 2355/352/2517
f 2354/382/2516 2355/352/2517 2353/384/2514
f 2354/382/2516 2352/381/2509 2356/380/2518
f 2356/380/2518 2355/352/2517 2354/382/2516
f 2352/381/2509 1327/379/2511 2356/380/2518
f 345/350/2515 2355/352/2517 2357/349/2519
f 2357/349/2519 342/347/2520 345/350/2515
f 2356/380/2518 1327/379/2511 2358/378/2521
f 1327/379/2511 1326/377/1401 2358/378/2521
f 2359/358/2522 2355/352/2517 2356/380/2518
f 2359/358/2522 2356/380/2518 2358/378/2521
f 2357/349/2519 2355/352/2517 2360/356/2523
f 2355/352/2517 2359/358/2522 2360/356/2523
f 342/347/2520 2357/349/2519 2361/346/2524
f 2361/346/2524 339/344/2363 342/347/2520
f 2362/348/2525 2361/346/2524 2357/349/2519
f 2357/349/2519 2360/356/2523 2362/348/2525
f 339/344/2363 2361/346/2524 2363/343/2526
f 2363/343/2526 2361/346/2524 2362/348/2525
f 2363/343/2526 337/342/2527 339/344/2363
f 2364/354/2528 2362/348/2525 2360/356/2523
f 337/342/2527 2363/343/2526 2365/340/2529
f 2365/340/2529 336/341/2530 337/342/2527
f 285/290/2531 336/341/2530 2365/340/2529
f 2362/348/2525 2366/345/2532 2363/343/2526
f 2366/345/2532 2362/348/2525 2364/354/2528
f 2367/339/2533 2365/340/2529 2363/343/2526
f 2363/343/2526 2366/345/2532 2367/339/2533
f 2365/340/2529 2368/338/2534 285/290/2531
f 2368/338/2534 2365/340/2529 2367/339/2533
f 285/290/2531 2368/338/2534 2369/289/2535
f 2369/289/2535 282/287/2536 285/290/2531
f 2367/339/2533 2370/336/2537 2368/338/2534
f 282/287/2536 2369/289/2535 2371/286/2538
f 2371/286/2538 279/284/2539 282/287/2536
f 2372/325/2540 2369/289/2535 2368/338/2534
f 2368/338/2534 2370/336/2537 2372/325/2540
f 2373/291/2541 2371/286/2538 2369/289/2535
f 2369/289/2535 2372/325/2540 2373/291/2541
f 279/284/2539 2371/286/2538 2374/282/2542
f 2374/282/2542 278/283/2543 279/284/2539
f 270/275/274 278/283/2543 2374/282/2542
f 2375/288/2544 2374/282/2542 2371/286/2538
f 2371/286/2538 2373/291/2541 2375/288/2544
f 2374/282/2542 2376/278/2362 270/275/274
f 2376/278/2362 2374/282/2542 2375/288/2544
f 270/275/274 2376/278/2362 2377/274/2545
f 2377/274/2545 267/272/2546 270/275/274
f 2375/288/2544 2378/285/2547 2376/278/2362
f 267/272/2546 2377/274/2545 2379/271/2548
f 2379/271/2548 264/269/2527 267/272/2546
f 2380/280/2549 2377/274/2545 2376/278/2362
f 2376/278/2362 2378/285/2547 2380/280/2549
f 2381/276/2550 2379/271/2548 2377/274/2545
f 2377/274/2545 2380/280/2549 2381/276/2550
f 264/269/2527 2379/271/2548 2382/268/2551
f 2382/268/2551 261/266/2546 264/269/2527
f 2379/271/2548 2381/276/2550 2383/273/2552
f 2383/273/2552 2382/268/2551 2379/271/2548
f 261/266/2546 2382/268/2551 2384/264/2553
f 2384/264/2553 260/265/2554 261/266/2546
f 257/262/2555 260/265/2554 2384/264/2553
f 2382/268/2551 2383/273/2552 2385/270/2556
f 2385/270/2556 2384/264/2553 2382/268/2551
f 2386/279/2557 2383/273/2552 2381/276/2550
f 2387/277/2558 2385/270/2556 2383/273/2552
f 2383/273/2552 2386/279/2557 2387/277/2558
f 2384/264/2553 2385/270/2556 2388/267/2559
f 2381/276/2550 2389/281/2560 2386/279/2557
f 2389/281/2560 2381/276/2550 2380/280/2549
f 2385/270/2556 2387/277/2558 2390/1719/2561
f 2390/1719/2561 2388/267/2559 2385/270/2556
f 2380/280/2549 2391/293/2562 2389/281/2560
f 2391/293/2562 2380/280/2549 2378/285/2547
f 2386/279/2557 2389/281/2560 2392/296/2563
f 2389/281/2560 2391/293/2562 2393/295/2564
f 2393/295/2564 2392/296/2563 2389/281/2560
f 2378/285/2547 2394/294/2565 2391/293/2562
f 2393/295/2564 2391/293/2562 2394/294/2565
f 2392/296/2563 2395/298/2566 2386/279/2557
f 2387/277/2558 2386/279/2557 2395/298/2566
f 2396/299/2567 2392/296/2563 2393/295/2564
f 2395/298/2566 2397/301/2568 2387/277/2558
f 2390/1719/2561 2387/277/2558 2397/301/2568
f 2398/300/2569 2395/298/2566 2392/296/2563
f 2392/296/2563 2396/299/2567 2398/300/2569
f 2399/307/2570 2397/301/2568 2395/298/2566
f 2395/298/2566 2398/300/2569 2399/307/2570
f 2397/301/2568 2400/1718/2571 2390/1719/2561
f 299/304/2572 2399/307/2570 2398/300/2569
f 2398/300/2569 297/302/2573 299/304/2572
f 297/302/2573 2398/300/2569 2396/299/2567
f 2399/307/2570 299/304/2572 303/308/2574
f 2396/299/2567 298/303/2575 297/302/2573
f 303/308/2574 2401/312/2576 2399/307/2570
f 2397/301/2568 2399/307/2570 2401/312/2576
f 2401/312/2576 2400/1718/2571 2397/301/2568
f 2401/312/2576 303/308/2574 308/313/309
f 298/303/2575 2396/299/2567 2402/305/2577
f 2393/295/2564 2402/305/2577 2396/299/2567
f 2402/305/2577 301/306/2573 298/303/2575
f 308/313/309 2403/315/2578 2401/312/2576
f 2400/1718/2571 2401/312/2576 2403/315/2578
f 2403/315/2578 308/313/309 311/316/312
f 301/306/2573 2402/305/2577 2404/309/2579
f 2404/309/2579 305/310/306 301/306/2573
f 306/311/2580 305/310/306 2404/309/2579
f 2402/305/2577 2393/295/2564 2405/297/2581
f 2405/297/2581 2404/309/2579 2402/305/2577
f 2394/294/2565 2405/297/2581 2393/295/2564
f 2404/309/2579 2406/314/2582 306/311/2580
f 2406/314/2582 2404/309/2579 2405/297/2581
f 2407/317/2583 2405/297/2581 2394/294/2565
f 2405/297/2581 2407/317/2583 2406/314/2582
f 2394/294/2565 2408/292/2584 2407/317/2583
f 2408/292/2584 2394/294/2565 2378/285/2547
f 2378/285/2547 2375/288/2544 2408/292/2584
f 2408/292/2584 2375/288/2544 2373/291/2541
f 2406/314/2582 2407/317/2583 2409/318/2585
f 2409/318/2585 2407/317/2583 2408/292/2584
f 306/311/2580 2406/314/2582 2410/319/2586
f 2409/318/2585 2410/319/2586 2406/314/2582
f 2410/319/2586 315/320/2587 306/311/2580
f 2373/291/2541 2411/321/2588 2408/292/2584
f 2408/292/2584 2411/321/2588 2409/318/2585
f 2411/321/2588 2373/291/2541 2372/325/2540
f 2410/319/2586 2409/318/2585 2412/322/2589
f 2412/322/2589 2409/318/2585 2411/321/2588
f 315/320/2587 2410/319/2586 2413/323/2590
f 2412/322/2589 2413/323/2590 2410/319/2586
f 2413/323/2590 319/324/320 315/320/2587
f 2372/325/2540 2414/326/2591 2411/321/2588
f 2411/321/2588 2414/326/2591 2412/322/2589
f 2414/326/2591 2372/325/2540 2370/336/2537
f 2413/323/2590 2412/322/2589 2415/327/2592
f 2415/327/2592 2412/322/2589 2414/326/2591
f 319/324/320 2413/323/2590 2416/328/2593
f 2415/327/2592 2416/328/2593 2413/323/2590
f 2416/328/2593 324/329/325 319/324/320
f 325/330/312 324/329/325 2416/328/2593
f 2416/328/2593 2417/331/2594 325/330/312
f 2417/331/2594 2416/328/2593 2415/327/2592
f 327/332/2572 325/330/312 2417/331/2594
f 2414/326/2591 2418/333/2595 2415/327/2592
f 2370/336/2537 2418/333/2595 2414/326/2591
f 2415/327/2592 2419/334/2596 2417/331/2594
f 2419/334/2596 2415/327/2592 2418/333/2595
f 2420/337/2597 2418/333/2595 2370/336/2537
f 2418/333/2595 2420/337/2597 2419/334/2596
f 2370/336/2537 2367/339/2533 2420/337/2597
f 2420/337/2597 2367/339/2533 2366/345/2532
f 2421/335/2598 2417/331/2594 2419/334/2596
f 2417/331/2594 2421/335/2598 327/332/2572
f 2366/345/2532 2422/351/2599 2420/337/2597
f 2364/354/2528 2422/351/2599 2366/345/2532
f 2423/353/2600 2419/334/2596 2420/337/2597
f 2420/337/2597 2422/351/2599 2423/353/2600
f 2419/334/2596 2423/353/2600 2421/335/2598
f 2422/351/2599 2364/354/2528 2423/353/2600
f 2423/353/2600 2424/355/2601 2421/335/2598
f 2364/354/2528 2424/355/2601 2423/353/2600
f 2421/335/2598 2425/359/2602 327/332/2572
f 2424/355/2601 2425/359/2602 2421/335/2598
f 2425/359/2602 355/360/2603 327/332/2572
f 355/360/2603 2425/359/2602 356/361/887
f 2364/354/2528 2426/357/2604 2424/355/2601
f 2426/357/2604 2364/354/2528 2360/356/2523
f 2360/356/2523 2359/358/2522 2426/357/2604
f 2424/355/2601 2427/362/2605 2425/359/2602
f 2426/357/2604 2427/362/2605 2424/355/2601
f 2359/358/2522 2428/364/2606 2426/357/2604
f 2427/362/2605 2426/357/2604 2428/364/2606
f 2428/364/2606 2359/358/2522 2358/378/2521
f 2427/362/2605 2429/363/2607 2425/359/2602
f 2425/359/2602 2429/363/2607 356/361/887
f 2430/365/2608 2427/362/2605 2428/364/2606
f 2429/363/2607 2427/362/2605 2430/365/2608
f 2431/376/2609 2428/364/2606 2358/378/2521
f 2430/365/2608 2428/364/2606 2431/376/2609
f 2358/378/2521 1326/377/1401 2431/376/2609
f 1326/377/1401 1319/375/1394 2431/376/2609
f 2431/376/2609 1319/375/1394 2432/373/2610
f 2432/373/2610 2430/365/2608 2431/376/2609
f 1319/375/1394 1318/374/1393 2432/373/2610
f 2432/373/2610 1318/374/1393 1316/372/2611
f 2433/369/2612 2430/365/2608 2432/373/2610
f 2433/369/2612 2429/363/2607 2430/365/2608
f 1316/372/2611 2434/370/2613 2432/373/2610
f 2434/370/2613 2433/369/2612 2432/373/2610
f 2434/370/2613 1316/372/2611 631/371/2614
f 631/371/2614 624/368/2615 2434/370/2613
f 2429/363/2607 2433/369/2612 2435/366/2616
f 2434/370/2613 2435/366/2616 2433/369/2612
f 2435/366/2616 2434/370/2613 624/368/2615
f 356/361/887 2429/363/2607 2435/366/2616
f 624/368/2615 622/367/638 2435/366/2616
f 622/367/638 356/361/887 2435/366/2616
f 851/2024/2618 853/2023/2617 1320/2022/1395
f 851/2024/2618 1320/2022/1395 2436/2025/2619
f 2436/2025/2619 850/2026/2620 851/2024/2618
f 846/2027/861 850/2026/2620 2436/2025/2619
f 2437/2028/2621 2436/2025/2619 1320/2022/1395
f 1320/2022/1395 1323/2029/2622 2437/2028/2621
f 2437/2028/2621 1323/2029/2622 1329/2030/1543
f 1329/2030/1543 2438/2031/2623 2437/2028/2621
f 2437/2028/2621 2438/2031/2623 383/2032/379
f 2439/2033/2624 2436/2025/2619 2437/2028/2621
f 2436/2025/2619 2439/2033/2624 846/2027/861
f 383/2032/379 2440/2034/2625 2437/2028/2621
f 2437/2028/2621 2440/2034/2625 2439/2033/2624
f 383/2032/379 382/2035/2626 2440/2034/2625
f 2441/2036/2627 2439/2033/2624 2440/2034/2625
f 846/2027/861 2439/2033/2624 2441/2036/2627
f 382/2035/2626 2442/2037/2628 2440/2034/2625
f 2440/2034/2625 2442/2037/2628 2441/2036/2627
f 2443/2038/2629 2442/2037/2628 382/2035/2626
f 382/2035/2626 386/2039/2630 2443/2038/2629
f 2442/2037/2628 2443/2038/2629 2444/2040/2631
f 2444/2040/2631 2441/2036/2627 2442/2037/2628
f 2445/2041/2632 2443/2038/2629 386/2039/2630
f 2444/2040/2631 2443/2038/2629 2445/2041/2632
f 386/2039/2630 388/2042/384 2445/2041/2632
f 2441/2036/2627 2444/2040/2631 2446/2043/2633
f 2447/2044/2634 2445/2041/2632 388/2042/384
f 388/2042/384 393/2045/389 2447/2044/2634
f 2445/2041/2632 2448/2046/2635 2444/2040/2631
f 2448/2046/2635 2445/2041/2632 2447/2044/2634
f 2446/2043/2633 2444/2040/2631 2448/2046/2635
f 2447/2044/2634 393/2045/389 394/2047/2636
f 2446/2043/2633 2449/2048/2637 2441/2036/2627
f 2441/2036/2627 2449/2048/2637 846/2027/861
f 846/2027/861 2449/2048/2637 420/2049/2638
f 420/2049/2638 845/2050/860 846/2027/861
f 420/2049/2638 2449/2048/2637 2446/2043/2633
f 2446/2043/2633 413/2051/2639 420/2049/2638
f 413/2051/2639 2446/2043/2633 2450/2052/2640
f 2448/2046/2635 2450/2052/2640 2446/2043/2633
f 2450/2052/2640 411/2053/407 413/2051/2639
f 411/2053/407 2450/2052/2640 2451/2054/2641
f 2451/2054/2641 2450/2052/2640 2448/2046/2635
f 2451/2054/2641 410/2055/2642 411/2053/407
f 2448/2046/2635 2452/2056/2643 2451/2054/2641
f 2447/2044/2634 2452/2056/2643 2448/2046/2635
f 410/2055/2642 2451/2054/2641 2453/2057/2644
f 2453/2057/2644 2451/2054/2641 2452/2056/2643
f 2453/2057/2644 408/2058/2645 410/2055/2642
f 412/2059/2646 408/2058/2645 2453/2057/2644
f 2452/2056/2643 2447/2044/2634 2454/2060/2647
f 394/2047/2636 2454/2060/2647 2447/2044/2634
f 2452/2056/2643 2455/2061/2648 2453/2057/2644
f 2454/2060/2647 2455/2061/2648 2452/2056/2643
f 2453/2057/2644 2456/2062/2649 412/2059/2646
f 2456/2062/2649 2453/2057/2644 2455/2061/2648
f 415/2063/411 412/2059/2646 2456/2062/2649
f 2457/2064/2650 2455/2061/2648 2454/2060/2647
f 2455/2061/2648 2457/2064/2650 2456/2062/2649
f 2458/2065/2651 2454/2060/2647 394/2047/2636
f 2454/2060/2647 2458/2065/2651 2457/2064/2650
f 394/2047/2636 397/2066/2652 2458/2065/2651
f 2459/2067/2653 2456/2062/2649 2457/2064/2650
f 2456/2062/2649 2459/2067/2653 415/2063/411
f 2460/2068/2654 2457/2064/2650 2458/2065/2651
f 2457/2064/2650 2460/2068/2654 2459/2067/2653
f 2461/2069/2655 2458/2065/2651 397/2066/2652
f 2458/2065/2651 2461/2069/2655 2460/2068/2654
f 397/2066/2652 400/2070/2656 2461/2069/2655
f 2461/2069/2655 400/2070/2656 403/2071/399
f 403/2071/399 2462/2072/2657 2461/2069/2655
f 2460/2068/2654 2461/2069/2655 2462/2072/2657
f 2462/2072/2657 403/2071/399 427/2073/2658
f 2463/2074/2659 2459/2067/2653 2460/2068/2654
f 415/2063/411 2459/2067/2653 2463/2074/2659
f 2463/2074/2659 416/2075/2660 415/2063/411
f 2462/2072/2657 2464/2076/2661 2460/2068/2654
f 2460/2068/2654 2464/2076/2661 2463/2074/2659
f 427/2073/2658 2465/2077/2662 2462/2072/2657
f 2464/2076/2661 2462/2072/2657 2465/2077/2662
f 2465/2077/2662 427/2073/2658 430/2078/2663
f 2463/2074/2659 2464/2076/2661 2466/2079/2664
f 2465/2077/2662 2466/2079/2664 2464/2076/2661
f 416/2075/2660 2463/2074/2659 2467/2080/2665
f 2466/2079/2664 2467/2080/2665 2463/2074/2659
f 2467/2080/2665 417/2081/414 416/2075/2660
f 2468/2082/2666 417/2081/414 2467/2080/2665
f 2469/2083/2667 2466/2079/2664 2465/2077/2662
f 2469/2083/2667 2467/2080/2665 2466/2079/2664
f 430/2078/2663 2470/2084/2668 2465/2077/2662
f 2470/2084/2668 430/2078/2663 433/2085/428
f 2471/2086/2669 2469/2083/2667 2465/2077/2662
f 2465/2077/2662 2470/2084/2668 2471/2086/2669
f 433/2085/428 2472/2087/2670 2470/2084/2668
f 2471/2086/2669 2470/2084/2668 2472/2087/2670
f 2472/2087/2670 433/2085/428 436/2088/2671
f 436/2088/2671 2473/2089/2672 2472/2087/2670
f 2473/2089/2672 436/2088/2671 439/2090/2673
f 2472/2087/2670 2474/2091/2674 2471/2086/2669
f 2474/2091/2674 2472/2087/2670 2473/2089/2672
f 439/2090/2673 2475/2092/2675 2473/2089/2672
f 2475/2092/2675 439/2090/2673 442/2093/437
f 2473/2089/2672 2476/2094/2676 2474/2091/2674
f 442/2093/437 2477/2095/2677 2475/2092/2675
f 2477/2095/2677 442/2093/437 445/2096/2678
f 2473/2089/2672 2475/2092/2675 2478/2097/2679
f 2478/2097/2679 2476/2094/2676 2473/2089/2672
f 445/2096/2678 2479/2098/2680 2477/2095/2677
f 446/2099/2681 2479/2098/2680 445/2096/2678
f 2477/2095/2677 2479/2098/2680 2480/2100/2682
f 2480/2100/2682 2479/2098/2680 446/2099/2681
f 2475/2092/2675 2477/2095/2677 2481/2101/2683
f 2480/2100/2682 2481/2101/2683 2477/2095/2677
f 2481/2101/2683 2478/2097/2679 2475/2092/2675
f 2482/2102/2684 2480/2100/2682 446/2099/2681
f 2481/2101/2683 2480/2100/2682 2482/2102/2684
f 443/2103/438 2482/2102/2684 446/2099/2681
f 2482/2102/2684 443/2103/438 440/2104/435
f 2482/2102/2684 2483/2105/2685 2481/2101/2683
f 440/2104/435 2483/2105/2685 2482/2102/2684
f 2478/2097/2679 2481/2101/2683 2483/2105/2685
f 2484/2106/2686 2483/2105/2685 440/2104/435
f 2483/2105/2685 2484/2106/2686 2478/2097/2679
f 2476/2094/2676 2478/2097/2679 2484/2106/2686
f 440/2104/435 437/2107/432 2484/2106/2686
f 2484/2106/2686 2485/2108/2687 2476/2094/2676
f 2485/2108/2687 2484/2106/2686 437/2107/432
f 2474/2091/2674 2476/2094/2676 2485/2108/2687
f 437/2107/432 435/2109/2688 2485/2108/2687
f 2486/2110/2689 2485/2108/2687 435/2109/2688
f 2485/2108/2687 2486/2110/2689 2474/2091/2674
f 435/2109/2688 431/2111/426 2486/2110/2689
f 2474/2091/2674 2486/2110/2689 2487/2112/2690
f 2487/2112/2690 2486/2110/2689 431/2111/426
f 2487/2112/2690 2471/2086/2669 2474/2091/2674
f 431/2111/426 428/2113/2691 2487/2112/2690
f 2487/2112/2690 428/2113/2691 426/2114/421
f 2471/2086/2669 2487/2112/2690 2488/2115/2692
f 426/2114/421 2488/2115/2692 2487/2112/2690
f 426/2114/421 2489/2116/2693 2488/2115/2692
f 2488/2115/2692 2469/2083/2667 2471/2086/2669
f 2488/2115/2692 2489/2116/2693 2490/2117/2694
f 2491/2118/2695 2469/2083/2667 2488/2115/2692
f 2467/2080/2665 2469/2083/2667 2491/2118/2695
f 2490/2117/2694 2492/2119/2696 2488/2115/2692
f 2488/2115/2692 2492/2119/2696 2491/2118/2695
f 2491/2118/2695 2493/2120/2697 2467/2080/2665
f 2467/2080/2665 2493/2120/2697 2468/2082/2666
f 2494/2121/2698 2491/2118/2695 2492/2119/2696
f 2493/2120/2697 2491/2118/2695 2494/2121/2698
f 2495/2122/2699 2492/2119/2696 2490/2117/2694
f 2492/2119/2696 2495/2122/2699 2494/2121/2698
f 2490/2117/2694 2496/2123/2700 2495/2122/2699
f 2468/2082/2666 2493/2120/2697 2497/2124/2701
f 2494/2121/2698 2497/2124/2701 2493/2120/2697
f 2497/2124/2701 2498/2125/2702 2468/2082/2666
f 2499/2126/2703 2494/2121/2698 2495/2122/2699
f 2497/2124/2701 2494/2121/2698 2499/2126/2703
f 2500/2127/2704 2495/2122/2699 2496/2123/2700
f 2495/2122/2699 2500/2127/2704 2499/2126/2703
f 2496/2123/2700 2501/2128/2327 2500/2127/2704
f 2498/2125/2702 2497/2124/2701 2502/2129/2705
f 2499/2126/2703 2502/2129/2705 2497/2124/2701
f 2502/2129/2705 2503/2130/2706 2498/2125/2702
f 2504/2131/2707 2500/2127/2704 2501/2128/2327
f 2499/2126/2703 2500/2127/2704 2504/2131/2707
f 2501/2128/2327 2505/2132/2708 2504/2131/2707
f 2505/2132/2708 2506/2133/2709 2504/2131/2707
f 2504/2131/2707 2507/2134/2710 2499/2126/2703
f 2507/2134/2710 2504/2131/2707 2506/2133/2709
f 2502/2129/2705 2499/2126/2703 2507/2134/2710
f 2507/2134/2710 2506/2133/2709 2508/2135/2711
f 2507/2134/2710 2508/2135/2711 2502/2129/2705
f 2503/2130/2706 2502/2129/2705 2508/2135/2711
f 2509/2136/2712 2508/2135/2711 2506/2133/2709
f 2508/2135/2711 2509/2136/2712 2503/2130/2706
f 477/1795/2714 36/1796/475 2135/1797/2713
f 2135/1797/2713 2510/1798/2715 477/1795/2714
f 2510/1798/2715 2135/1797/2713 2137/1799/2716
f 477/1795/2714 2510/1798/2715 2511/1800/2717
f 2511/1800/2717 474/1801/2718 477/1795/2714
f 2137/1799/2716 2512/1802/2719 2510/1798/2715
f 2512/1802/2719 2137/1799/2716 2140/1803/2720
f 2513/1804/2721 2511/1800/2717 2510/1798/2715
f 2510/1798/2715 2512/1802/2719 2513/1804/2721
f 474/1801/2718 2511/1800/2717 2514/1805/2722
f 474/1801/2718 2514/1805/2722 475/1806/470
f 2140/1803/2720 2515/1808/2723 2512/1802/2719
f 2515/1808/2723 2140/1803/2720 2145/1809/2724
f 2512/1802/2719 2515/1808/2723 2516/1810/2725
f 2516/1810/2725 2513/1804/2721 2512/1802/2719
f 2145/1809/2724 2517/1811/2726 2515/1808/2723
f 2516/1810/2725 2515/1808/2723 2517/1811/2726
f 2517/1811/2726 2145/1809/2724 2148/1812/541
f 2513/1804/2721 2516/1810/2725 2518/1813/2727
f 2148/1812/541 2519/1814/2728 2517/1811/2726
f 2519/1814/2728 2148/1812/541 2151/1815/2729
f 2511/1800/2717 2513/1804/2721 2520/1807/2730
f 2518/1813/2727 2520/1807/2730 2513/1804/2721
f 2520/1807/2730 2514/1805/2722 2511/1800/2717
f 2151/1815/2729 2521/1816/2731 2519/1814/2728
f 2521/1816/2731 2151/1815/2729 2153/1817/2732
f 2522/1818/2733 2519/1814/2728 2521/1816/2731
f 2517/1811/2726 2519/1814/2728 2522/1818/2733
f 2521/1816/2731 2153/1817/2732 2523/1819/2734
f 2521/1816/2731 2523/1819/2734 2522/1818/2733
f 2153/1817/2732 2524/1820/2735 2523/1819/2734
f 2522/1818/2733 2523/1819/2734 2524/1820/2735
f 2153/1817/2732 2157/1821/182 2524/1820/2735
f 2525/1822/2736 2524/1820/2735 2157/1821/182
f 2524/1820/2735 2525/1822/2736 2522/1818/2733
f 2157/1821/182 2159/1823/2737 2525/1822/2736
f 2526/1824/2738 2522/1818/2733 2525/1822/2736
f 2522/1818/2733 2526/1824/2738 2517/1811/2726
f 2527/1825/2739 2525/1822/2736 2159/1823/2737
f 2525/1822/2736 2527/1825/2739 2526/1824/2738
f 2159/1823/2737 2162/1826/2323 2527/1825/2739
f 2517/1811/2726 2526/1824/2738 2528/1827/2740
f 2529/1828/2741 2527/1825/2739 2162/1826/2323
f 2162/1826/2323 2165/1829/2742 2529/1828/2741
f 2529/1828/2741 2165/1829/2742 2166/1830/2743
f 2526/1824/2738 2527/1825/2739 2530/1831/2744
f 2530/1831/2744 2528/1827/2740 2526/1824/2738
f 2527/1825/2739 2529/1828/2741 2531/1832/2745
f 2531/1832/2745 2530/1831/2744 2527/1825/2739
f 2166/1830/2743 2532/1833/2746 2529/1828/2741
f 2532/1833/2746 2166/1830/2743 2170/1834/2747
f 2533/1835/2748 2531/1832/2745 2529/1828/2741
f 2529/1828/2741 2532/1833/2746 2533/1835/2748
f 2170/1834/2747 2534/1836/2749 2532/1833/2746
f 2534/1836/2749 2170/1834/2747 2173/1837/2333
f 2535/1838/2750 2533/1835/2748 2532/1833/2746
f 2532/1833/2746 2534/1836/2749 2535/1838/2750
f 2531/1832/2745 2533/1835/2748 2536/1957/2751
f 2536/1957/2751 2533/1835/2748 2535/1838/2750
f 2173/1837/2333 2537/1839/2752 2534/1836/2749
f 2537/1839/2752 2173/1837/2333 2176/1840/2753
f 2534/1836/2749 2537/1839/2752 2538/1841/2754
f 2538/1841/2754 2535/1838/2750 2534/1836/2749
f 2176/1840/2753 2539/1842/2755 2537/1839/2752
f 2538/1841/2754 2537/1839/2752 2539/1842/2755
f 2539/1842/2755 2176/1840/2753 2179/1843/2753
f 2535/1838/2750 2538/1841/2754 2540/1852/2756
f 2179/1843/2753 2541/1844/2757 2539/1842/2755
f 2541/1844/2757 2179/1843/2753 2181/1845/535
f 2539/1842/2755 2542/1846/2758 2538/1841/2754
f 2540/1852/2756 2538/1841/2754 2542/1846/2758
f 2539/1842/2755 2541/1844/2757 2543/1848/2759
f 2543/1848/2759 2542/1846/2758 2539/1842/2755
f 2181/1845/535 2544/1847/2760 2541/1844/2757
f 2543/1848/2759 2541/1844/2757 2544/1847/2760
f 2545/1849/2761 2544/1847/2760 2181/1845/535
f 2181/1845/535 2186/1850/2724 2545/1849/2761
f 2545/1849/2761 2186/1850/2724 2187/1851/2762
f 2544/1847/2760 2545/1849/2761 2546/1855/2763
f 2187/1851/2762 2547/1853/2764 2545/1849/2761
f 2546/1855/2763 2545/1849/2761 2547/1853/2764
f 2548/1856/2765 2547/1853/2764 2187/1851/2762
f 2187/1851/2762 2193/1857/2766 2548/1856/2765
f 2547/1853/2764 2549/1858/2767 2546/1855/2763
f 2549/1858/2767 2547/1853/2764 2548/1856/2765
f 2546/1855/2763 2550/1859/2768 2544/1847/2760
f 2544/1847/2760 2550/1859/2768 2543/1848/2759
f 2551/1876/2769 2546/1855/2763 2549/1858/2767
f 2550/1859/2768 2546/1855/2763 2551/1876/2769
f 2548/1856/2765 2552/1862/2770 2549/1858/2767
f 2553/1860/2771 2548/1856/2765 2193/1857/2766
f 2552/1862/2770 2548/1856/2765 2553/1860/2771
f 2193/1857/2766 2197/1861/2772 2553/1860/2771
f 2554/1874/2773 2549/1858/2767 2552/1862/2770
f 2549/1858/2767 2554/1874/2773 2551/1876/2769
f 2555/1863/2774 2553/1860/2771 2197/1861/2772
f 2197/1861/2772 2200/1864/2775 2555/1863/2774
f 2201/1865/822 2555/1863/2774 2200/1864/2775
f 2553/1860/2771 2556/1866/2776 2552/1862/2770
f 2556/1866/2776 2553/1860/2771 2555/1863/2774
f 2557/1867/2777 2555/1863/2774 2201/1865/822
f 2555/1863/2774 2557/1867/2777 2556/1866/2776
f 2201/1865/822 2558/1868/2778 2557/1867/2777
f 2558/1868/2778 2201/1865/822 2205/1869/2779
f 2557/1867/2777 2558/1868/2778 2559/1870/2780
f 2559/1870/2780 2558/1868/2778 2205/1869/2779
f 2559/1870/2780 2556/1866/2776 2557/1867/2777
f 2205/1869/2779 2207/1871/2781 2559/1870/2780
f 2556/1866/2776 2559/1870/2780 2560/1872/2782
f 2560/1872/2782 2559/1870/2780 2207/1871/2781
f 2560/1872/2782 2552/1862/2770 2556/1866/2776
f 2552/1862/2770 2560/1872/2782 2554/1874/2773
f 2207/1871/2781 2209/1873/2783 2560/1872/2782
f 2554/1874/2773 2560/1872/2782 2209/1873/2783
f 2209/1873/2783 2211/1875/2111 2554/1874/2773
f 2551/1876/2769 2554/1874/2773 2211/1875/2111
f 2211/1875/2111 2213/1877/2784 2551/1876/2769
f 2551/1876/2769 2213/1877/2784 2214/1878/2785
f 2214/1878/2785 2561/1879/2786 2551/1876/2769
f 2551/1876/2769 2561/1879/2786 2550/1859/2768
f 2543/1848/2759 2550/1859/2768 2561/1879/2786
f 2562/1880/2787 2561/1879/2786 2214/1878/2785
f 2214/1878/2785 2217/1881/2788 2562/1880/2787
f 2562/1880/2787 2217/1881/2788 2218/1882/2789
f 2561/1879/2786 2563/1883/2790 2543/1848/2759
f 2218/1882/2789 2564/1884/2791 2562/1880/2787
f 2543/1848/2759 2563/1883/2790 2565/1854/2792
f 2565/1854/2792 2542/1846/2758 2543/1848/2759
f 2542/1846/2758 2565/1854/2792 2540/1852/2756
f 2566/1888/2793 2564/1884/2791 2218/1882/2789
f 2218/1882/2789 2225/1889/2381 2566/1888/2793
f 2567/1886/2794 2562/1880/2787 2564/1884/2791
f 2561/1879/2786 2562/1880/2787 2567/1886/2794
f 2568/1890/2795 2564/1884/2791 2566/1888/2793
f 2564/1884/2791 2568/1890/2795 2567/1886/2794
f 2569/1891/2796 2566/1888/2793 2225/1889/2381
f 2225/1889/2381 2228/1892/2797 2569/1891/2796
f 2570/1893/2798 2569/1891/2796 2228/1892/2797
f 2228/1892/2797 2230/1894/2799 2570/1893/2798
f 2566/1888/2793 2569/1891/2796 2571/1895/2800
f 2571/1895/2800 2569/1891/2796 2570/1893/2798
f 2572/1896/2801 2570/1893/2798 2230/1894/2799
f 2230/1894/2799 2233/1897/2802 2572/1896/2801
f 2570/1893/2798 2573/1898/2803 2571/1895/2800
f 2573/1898/2803 2570/1893/2798 2572/1896/2801
f 2574/1899/2804 2572/1896/2801 2233/1897/2802
f 2233/1897/2802 2236/1900/2805 2574/1899/2804
f 2237/1901/2393 2574/1899/2804 2236/1900/2805
f 2575/1902/171 2572/1896/2801 2574/1899/2804
f 2572/1896/2801 2575/1902/171 2573/1898/2803
f 2576/1903/2806 2574/1899/2804 2237/1901/2393
f 2574/1899/2804 2576/1903/2806 2575/1902/171
f 2577/1904/2807 2576/1903/2806 2237/1901/2393
f 2237/1901/2393 2241/1905/2808 2577/1904/2807
f 2577/1904/2807 2241/1905/2808 2242/1906/2809
f 2578/1907/2810 2575/1902/171 2576/1903/2806
f 2576/1903/2806 2577/1904/2807 2578/1907/2810
f 2242/1906/2809 2578/1907/2810 2577/1904/2807
f 2573/1898/2803 2575/1902/171 2578/1907/2810
f 2578/1907/2810 2242/1906/2809 2244/1908/2811
f 2578/1907/2810 2579/1909/2812 2573/1898/2803
f 2244/1908/2811 2579/1909/2812 2578/1907/2810
f 2571/1895/2800 2573/1898/2803 2579/1909/2812
f 2579/1909/2812 2244/1908/2811 2246/1910/2402
f 2246/1910/2402 2580/1911/2813 2579/1909/2812
f 2579/1909/2812 2580/1911/2813 2571/1895/2800
f 2580/1911/2813 2246/1910/2402 2248/1912/2814
f 2581/1913/2815 2571/1895/2800 2580/1911/2813
f 2571/1895/2800 2581/1913/2815 2566/1888/2793
f 2566/1888/2793 2581/1913/2815 2568/1890/2795
f 2580/1911/2813 2582/1914/2816 2581/1913/2815
f 2248/1912/2814 2582/1914/2816 2580/1911/2813
f 2581/1913/2815 2582/1914/2816 2583/1915/2817
f 2582/1914/2816 2248/1912/2814 2583/1915/2817
f 2583/1915/2817 2568/1890/2795 2581/1913/2815
f 2583/1915/2817 2248/1912/2814 2584/1916/2818
f 2584/1916/2818 2248/1912/2814 2253/1917/2409
f 2568/1890/2795 2583/1915/2817 2585/1918/2819
f 2585/1918/2819 2567/1886/2794 2568/1890/2795
f 2583/1915/2817 2584/1916/2818 2586/1919/2820
f 2586/1919/2820 2585/1918/2819 2583/1915/2817
f 2253/1917/2409 2587/1921/2821 2584/1916/2818
f 2587/1921/2821 2253/1917/2409 2258/1922/2822
f 2588/1923/2823 2586/1919/2820 2584/1916/2818
f 2584/1916/2818 2587/1921/2821 2588/1923/2823
f 2258/1922/2822 2589/1924/2824 2587/1921/2821
f 2589/1924/2824 2258/1922/2822 2261/1925/2825
f 2590/1926/2826 2588/1923/2823 2587/1921/2821
f 2587/1921/2821 2589/1924/2824 2590/1926/2826
f 2261/1925/2825 2591/1928/2827 2589/1924/2824
f 2592/1938/2828 2590/1926/2826 2589/1924/2824
f 2589/1924/2824 2591/1928/2827 2592/1938/2828
f 2593/1943/2829 2591/1928/2827 2261/1925/2825
f 2261/1925/2825 2280/1944/2436 2593/1943/2829
f 2277/1941/2830 2593/1943/2829 2280/1944/2436
f 2591/1928/2827 2593/1943/2829 2594/1942/2831
f 2593/1943/2829 2277/1941/2830 2594/1942/2831
f 2594/1942/2831 2592/1938/2828 2591/1928/2827
f 2594/1942/2831 2277/1941/2830 2595/1939/2832
f 2592/1938/2828 2594/1942/2831 2595/1939/2832
f 2277/1941/2830 2276/1940/2833 2595/1939/2832
f 2595/1939/2832 2276/1940/2833 2273/1937/2834
f 2595/1939/2832 2596/1936/2835 2592/1938/2828
f 2273/1937/2834 2596/1936/2835 2595/1939/2832
f 2590/1926/2826 2592/1938/2828 2596/1936/2835
f 2596/1936/2835 2273/1937/2834 2271/1935/2836
f 2596/1936/2835 2597/1934/2837 2590/1926/2826
f 2271/1935/2836 2597/1934/2837 2596/1936/2835
f 2588/1923/2823 2590/1926/2826 2597/1934/2837
f 2597/1934/2837 2271/1935/2836 2267/1931/2838
f 2597/1934/2837 2598/1927/2839 2588/1923/2823
f 2267/1931/2838 2598/1927/2839 2597/1934/2837
f 2586/1919/2820 2588/1923/2823 2598/1927/2839
f 2598/1927/2839 2267/1931/2838 2266/1930/2840
f 2598/1927/2839 2599/1929/2841 2586/1919/2820
f 2266/1930/2840 2599/1929/2841 2598/1927/2839
f 2586/1919/2820 2599/1929/2841 2600/1920/2842
f 2600/1920/2842 2599/1929/2841 2266/1930/2840
f 2600/1920/2842 2585/1918/2819 2586/1919/2820
f 2266/1930/2840 2268/1932/2843 2600/1920/2842
f 2567/1886/2794 2585/1918/2819 2600/1920/2842
f 2600/1920/2842 2268/1932/2843 2269/1933/2844
f 2600/1920/2842 2601/1887/2845 2567/1886/2794
f 2567/1886/2794 2601/1887/2845 2561/1879/2786
f 2269/1933/2844 2602/1945/2846 2600/1920/2842
f 2601/1887/2845 2600/1920/2842 2602/1945/2846
f 2561/1879/2786 2601/1887/2845 2603/1885/2847
f 2602/1945/2846 2603/1885/2847 2601/1887/2845
f 2603/1885/2847 2563/1883/2790 2561/1879/2786
f 2565/1854/2792 2563/1883/2790 2603/1885/2847
f 2604/1946/2848 2602/1945/2846 2269/1933/2844
f 2603/1885/2847 2602/1945/2846 2604/1946/2848
f 2269/1933/2844 2283/1947/2849 2604/1946/2848
f 2603/1885/2847 2605/1948/2850 2565/1854/2792
f 2604/1946/2848 2605/1948/2850 2603/1885/2847
f 2565/1854/2792 2605/1948/2850 2606/1951/2851
f 2606/1951/2851 2605/1948/2850 2604/1946/2848
f 2606/1951/2851 2540/1852/2756 2565/1854/2792
f 2607/1949/2852 2604/1946/2848 2283/1947/2849
f 2604/1946/2848 2607/1949/2852 2606/1951/2851
f 2283/1947/2849 2286/1950/2853 2607/1949/2852
f 2608/1956/2854 2540/1852/2756 2606/1951/2851
f 2540/1852/2756 2608/1956/2854 2535/1838/2750
f 2535/1838/2750 2608/1956/2854 2536/1957/2751
f 2606/1951/2851 2609/1955/2855 2608/1956/2854
f 2536/1957/2751 2608/1956/2854 2609/1955/2855
f 2609/1955/2855 2606/1951/2851 2607/1949/2852
f 2610/1952/2856 2607/1949/2852 2286/1950/2853
f 2607/1949/2852 2610/1952/2856 2609/1955/2855
f 2286/1950/2853 2289/1953/2445 2610/1952/2856
f 2610/1952/2856 2289/1953/2445 2290/1954/2857
f 2609/1955/2855 2611/1958/2858 2536/1957/2751
f 2611/1958/2858 2609/1955/2855 2610/1952/2856
f 2290/1954/2857 2612/1964/2859 2610/1952/2856
f 2612/1964/2859 2290/1954/2857 2301/1965/2860
f 2613/1962/2861 2611/1958/2858 2610/1952/2856
f 2610/1952/2856 2612/1964/2859 2613/1962/2861
f 2614/1959/2862 2536/1957/2751 2611/1958/2858
f 2536/1957/2751 2614/1959/2862 2531/1832/2745
f 2530/1831/2744 2531/1832/2745 2614/1959/2862
f 2614/1959/2862 2615/1960/2863 2530/1831/2744
f 2530/1831/2744 2615/1960/2863 2528/1827/2740
f 2611/1958/2858 2616/1961/2864 2614/1959/2862
f 2615/1960/2863 2614/1959/2862 2616/1961/2864
f 2616/1961/2864 2611/1958/2858 2617/1963/2865
f 2617/1963/2865 2611/1958/2858 2613/1962/2861
f 2616/1961/2864 2618/1987/2866 2615/1960/2863
f 2617/1963/2865 2619/1985/2867 2616/1961/2864
f 2618/1987/2866 2616/1961/2864 2619/1985/2867
f 2320/1984/2868 2619/1985/2867 2617/1963/2865
f 2619/1985/2867 2320/1984/2868 2322/1986/2869
f 2617/1963/2865 2319/1983/2870 2320/1984/2868
f 2322/1986/2869 2620/1988/2871 2619/1985/2867
f 2619/1985/2867 2620/1988/2871 2618/1987/2866
f 2620/1988/2871 2322/1986/2869 2325/1989/1135
f 2319/1983/2870 2617/1963/2865 2621/1982/2872
f 2613/1962/2861 2621/1982/2872 2617/1963/2865
f 2621/1982/2872 2317/1981/2873 2319/1983/2870
f 2325/1989/1135 2622/1990/2874 2620/1988/2871
f 2618/1987/2866 2620/1988/2871 2622/1990/2874
f 2622/1990/2874 2325/1989/1135 2327/1991/2875
f 2317/1981/2873 2621/1982/2872 2623/1980/2876
f 2623/1980/2876 2621/1982/2872 2613/1962/2861
f 2623/1980/2876 2315/1979/2877 2317/1981/2873
f 2613/1962/2861 2624/1967/2878 2623/1980/2876
f 2624/1967/2878 2613/1962/2861 2612/1964/2859
f 2315/1979/2877 2623/1980/2876 2625/1978/2879
f 2625/1978/2879 2623/1980/2876 2624/1967/2878
f 2625/1978/2879 2313/1977/2880 2315/1979/2877
f 2612/1964/2859 2626/1966/2881 2624/1967/2878
f 2301/1965/2860 2626/1966/2881 2612/1964/2859
f 2624/1967/2878 2627/1970/2882 2625/1978/2879
f 2627/1970/2882 2624/1967/2878 2626/1966/2881
f 2313/1977/2880 2625/1978/2879 2628/1975/2883
f 2628/1975/2883 2625/1978/2879 2627/1970/2882
f 2628/1975/2883 2312/1976/2468 2313/1977/2880
f 2312/1976/2468 2628/1975/2883 2309/1973/2884
f 2629/1968/2885 2626/1966/2881 2301/1965/2860
f 2626/1966/2881 2629/1968/2885 2627/1970/2882
f 2301/1965/2860 2305/1969/2886 2629/1968/2885
f 2627/1970/2882 2630/1974/2887 2628/1975/2883
f 2630/1974/2887 2627/1970/2882 2629/1968/2885
f 2630/1974/2887 2309/1973/2884 2628/1975/2883
f 2631/1971/2888 2629/1968/2885 2305/1969/2886
f 2629/1968/2885 2631/1971/2888 2630/1974/2887
f 2631/1971/2888 2309/1973/2884 2630/1974/2887
f 2305/1969/2886 2308/1972/2464 2631/1971/2888
f 2309/1973/2884 2631/1971/2888 2308/1972/2464
f 2622/1990/2874 2632/1992/2889 2618/1987/2866
f 2615/1960/2863 2618/1987/2866 2632/1992/2889
f 2632/1992/2889 2622/1990/2874 2633/1993/2890
f 2327/1991/2875 2633/1993/2890 2622/1990/2874
f 2633/1993/2890 2327/1991/2875 2330/1994/1126
f 2632/1992/2889 2634/1995/2891 2615/1960/2863
f 2615/1960/2863 2634/1995/2891 2528/1827/2740
f 2633/1993/2890 2635/1996/2892 2632/1992/2889
f 2634/1995/2891 2632/1992/2889 2635/1996/2892
f 2330/1994/1126 2636/1997/2893 2633/1993/2890
f 2636/1997/2893 2330/1994/1126 2334/1998/2894
f 2634/1995/2891 2637/2000/2895 2528/1827/2740
f 2528/1827/2740 2637/2000/2895 2517/1811/2726
f 2517/1811/2726 2637/2000/2895 2516/1810/2725
f 2516/1810/2725 2637/2000/2895 2634/1995/2891
f 2634/1995/2891 2518/1813/2727 2516/1810/2725
f 2635/1996/2892 2518/1813/2727 2634/1995/2891
f 2520/1807/2730 2518/1813/2727 2635/1996/2892
f 2635/1996/2892 2638/1999/2896 2520/1807/2730
f 2638/1999/2896 2635/1996/2892 2633/1993/2890
f 2633/1993/2890 2636/1997/2893 2638/1999/2896
f 2514/1805/2722 2520/1807/2730 2638/1999/2896
f 2638/1999/2896 2639/2001/2897 2514/1805/2722
f 2639/2001/2897 2638/1999/2896 2636/1997/2893
f 475/1806/470 2514/1805/2722 2639/2001/2897
f 2636/1997/2893 2640/2002/2898 2639/2001/2897
f 2334/1998/2894 2640/2002/2898 2636/1997/2893
f 2640/2002/2898 2334/1998/2894 2339/2003/2899
f 2639/2001/2897 2641/2004/2900 475/1806/470
f 2641/2004/2900 2639/2001/2897 2640/2002/2898
f 855/2005/2901 475/1806/470 2641/2004/2900
f 2339/2003/2899 2642/2006/2902 2640/2002/2898
f 2640/2002/2898 2642/2006/2902 2641/2004/2900
f 2642/2006/2902 2339/2003/2899 2342/2007/2903
f 2342/2007/2903 2643/2008/2904 2642/2006/2902
f 2641/2004/2900 2642/2006/2902 2643/2008/2904
f 2643/2008/2904 2342/2007/2903 2344/2009/2905
f 2641/2004/2900 2644/2010/2906 855/2005/2901
f 2643/2008/2904 2644/2010/2906 2641/2004/2900
f 855/2005/2901 2644/2010/2906 2645/2011/2907
f 2645/2011/2907 2646/2012/2908 855/2005/2901
f 2644/2010/2906 2643/2008/2904 2647/2013/2909
f 2647/2013/2909 2645/2011/2907 2644/2010/2906
f 2344/2009/2905 2647/2013/2909 2643/2008/2904
f 2646/2012/2908 2645/2011/2907 2648/2014/2910
f 2648/2014/2910 2645/2011/2907 2647/2013/2909
f 2648/2014/2910 2649/2015/2911 2646/2012/2908
f 2650/2016/2912 2647/2013/2909 2344/2009/2905
f 2647/2013/2909 2650/2016/2912 2648/2014/2910
f 2344/2009/2905 2350/2017/2913 2650/2016/2912
f 2650/2016/2912 2350/2017/2913 381/2018/2914
f 381/2018/2914 378/2019/2915 2650/2016/2912
f 2650/2016/2912 378/2019/2915 376/2020/2915
f 376/2020/2915 2648/2014/2910 2650/2016/2912
f 2649/2015/2911 2648/2014/2910 376/2020/2915
f 376/2020/2915 374/2021/371 2649/2015/2911
f 901/2024/2917 1429/2022/2916 904/2023/937
f 2651/2025/2918 1429/2022/2916 901/2024/2917
f 901/2024/2917 899/2026/2919 2651/2025/2918
f 2651/2025/2918 899/2026/2919 897/2027/2920
f 1429/2022/2916 2651/2025/2918 2652/2028/2921
f 2652/2028/2921 1431/2029/2922 1429/2022/2916
f 1329/2030/2923 1431/2029/2922 2652/2028/2921
f 2652/2028/2921 2438/2031/2924 1329/2030/2923
f 383/2032/562 2438/2031/2924 2652/2028/2921
f 2652/2028/2921 2651/2025/2918 2653/2033/2925
f 897/2027/2920 2653/2033/2925 2651/2025/2918
f 2652/2028/2921 2654/2034/2926 383/2032/562
f 2653/2033/2925 2654/2034/2926 2652/2028/2921
f 383/2032/562 2654/2034/2926 557/2035/2927
f 2654/2034/2926 2653/2033/2925 2655/2036/2928
f 2655/2036/2928 2653/2033/2925 897/2027/2920
f 557/2035/2927 2654/2034/2926 2656/2037/2827
f 2655/2036/2928 2656/2037/2827 2654/2034/2926
f 557/2035/2927 2656/2037/2827 2657/2038/2929
f 2657/2038/2929 558/2039/2930 557/2035/2927
f 2656/2037/2827 2655/2036/2928 2658/2040/2931
f 2658/2040/2931 2657/2038/2929 2656/2037/2827
f 558/2039/2930 2657/2038/2929 2659/2041/2932
f 2659/2041/2932 2657/2038/2929 2658/2040/2931
f 2659/2041/2932 559/2042/568 558/2039/2930
f 2660/2043/2933 2658/2040/2931 2655/2036/2928
f 559/2042/568 2659/2041/2932 2661/2044/2934
f 2661/2044/2934 563/2045/2935 559/2042/568
f 2658/2040/2931 2662/2046/2936 2659/2041/2932
f 2661/2044/2934 2659/2041/2932 2662/2046/2936
f 2662/2046/2936 2658/2040/2931 2660/2043/2933
f 564/2047/2937 563/2045/2935 2661/2044/2934
f 2655/2036/2928 2663/2048/2938 2660/2043/2933
f 897/2027/2920 2663/2048/2938 2655/2036/2928
f 900/2049/1647 2663/2048/2938 897/2027/2920
f 897/2027/2920 898/2050/931 900/2049/1647
f 2660/2043/2933 2663/2048/2938 900/2049/1647
f 900/2049/1647 583/2051/593 2660/2043/2933
f 2664/2052/2939 2660/2043/2933 583/2051/593
f 2660/2043/2933 2664/2052/2939 2662/2046/2936
f 583/2051/593 581/2053/591 2664/2052/2939
f 2665/2054/2940 2664/2052/2939 581/2053/591
f 2662/2046/2936 2664/2052/2939 2665/2054/2940
f 581/2053/591 580/2055/590 2665/2054/2940
f 2665/2054/2940 2666/2056/2941 2662/2046/2936
f 2662/2046/2936 2666/2056/2941 2661/2044/2934
f 2667/2057/2942 2665/2054/2940 580/2055/590
f 2666/2056/2941 2665/2054/2940 2667/2057/2942
f 580/2055/590 579/2058/2943 2667/2057/2942
f 2667/2057/2942 579/2058/2943 582/2059/2944
f 2668/2060/2945 2661/2044/2934 2666/2056/2941
f 2661/2044/2934 2668/2060/2945 564/2047/2937
f 2667/2057/2942 2669/2061/2946 2666/2056/2941
f 2666/2056/2941 2669/2061/2946 2668/2060/2945
f 582/2059/2944 2670/2062/2947 2667/2057/2942
f 2669/2061/2946 2667/2057/2942 2670/2062/2947
f 2670/2062/2947 582/2059/2944 585/2063/595
f 2668/2060/2945 2669/2061/2946 2671/2064/2948
f 2670/2062/2947 2671/2064/2948 2669/2061/2946
f 564/2047/2937 2668/2060/2945 2672/2065/2949
f 2671/2064/2948 2672/2065/2949 2668/2060/2945
f 2672/2065/2949 567/2066/2950 564/2047/2937
f 2671/2064/2948 2670/2062/2947 2673/2067/2951
f 585/2063/595 2673/2067/2951 2670/2062/2947
f 2672/2065/2949 2671/2064/2948 2674/2068/2952
f 2673/2067/2951 2674/2068/2952 2671/2064/2948
f 567/2066/2950 2672/2065/2949 2675/2069/2953
f 2674/2068/2952 2675/2069/2953 2672/2065/2949
f 2675/2069/2953 570/2070/2954 567/2066/2950
f 573/2071/2955 570/2070/2954 2675/2069/2953
f 2676/2074/2956 2673/2067/2951 585/2063/595
f 2674/2068/2952 2673/2067/2951 2676/2074/2956
f 585/2063/595 586/2075/596 2676/2074/2956
f 2675/2069/2953 2677/2072/2957 573/2071/2955
f 2677/2072/2957 2675/2069/2953 2674/2068/2952
f 589/2073/2958 573/2071/2955 2677/2072/2957
f 2674/2068/2952 2678/2076/2959 2677/2072/2957
f 2676/2074/2956 2678/2076/2959 2674/2068/2952
f 2677/2072/2957 2679/2077/2960 589/2073/2958
f 2679/2077/2960 2677/2072/2957 2678/2076/2959
f 592/2078/2961 589/2073/2958 2679/2077/2960
f 2680/2079/2962 2678/2076/2959 2676/2074/2956
f 2678/2076/2959 2680/2079/2962 2679/2077/2960
f 2681/2080/2963 2676/2074/2956 586/2075/596
f 2676/2074/2956 2681/2080/2963 2680/2079/2962
f 586/2075/596 417/2081/2964 2681/2080/2963
f 2681/2080/2963 417/2081/2964 2468/2082/1079
f 2682/2083/2965 2679/2077/2960 2680/2079/2962
f 2682/2083/2965 2680/2079/2962 2681/2080/2963
f 2679/2077/2960 2683/2084/2966 592/2078/2961
f 595/2085/2967 592/2078/2961 2683/2084/2966
f 2679/2077/2960 2682/2083/2965 2684/2086/2968
f 2684/2086/2968 2683/2084/2966 2679/2077/2960
f 2683/2084/2966 2685/2087/2969 595/2085/2967
f 2685/2087/2969 2683/2084/2966 2684/2086/2968
f 598/2088/609 595/2085/2967 2685/2087/2969
f 2685/2087/2969 2686/2089/2970 598/2088/609
f 601/2090/2971 598/2088/609 2686/2089/2970
f 2684/2086/2968 2687/2091/2972 2685/2087/2969
f 2686/2089/2970 2685/2087/2969 2687/2091/2972
f 2686/2089/2970 2688/2092/2973 601/2090/2971
f 604/2093/2974 601/2090/2971 2688/2092/2973
f 2687/2091/2972 2689/2094/2975 2686/2089/2970
f 2688/2092/2973 2690/2095/2976 604/2093/2974
f 607/2096/2977 604/2093/2974 2690/2095/2976
f 2691/2097/2978 2688/2092/2973 2686/2089/2970
f 2686/2089/2970 2689/2094/2975 2691/2097/2978
f 2690/2095/2976 2692/2098/2979 607/2096/2977
f 608/2099/619 607/2096/2977 2692/2098/2979
f 2693/2100/2980 2692/2098/2979 2690/2095/2976
f 2693/2100/2980 608/2099/619 2692/2098/2979
f 2694/2101/2981 2690/2095/2976 2688/2092/2973
f 2690/2095/2976 2694/2101/2981 2693/2100/2980
f 2688/2092/2973 2691/2097/2978 2694/2101/2981
f 2695/2102/2982 608/2099/619 2693/2100/2980
f 2695/2102/2982 2693/2100/2980 2694/2101/2981
f 605/2103/2983 608/2099/619 2695/2102/2982
f 602/2104/2984 605/2103/2983 2695/2102/2982
f 2694/2101/2981 2696/2105/2985 2695/2102/2982
f 2695/2102/2982 2696/2105/2985 602/2104/2984
f 2696/2105/2985 2694/2101/2981 2691/2097/2978
f 602/2104/2984 2696/2105/2985 2697/2106/2986
f 2691/2097/2978 2697/2106/2986 2696/2105/2985
f 2697/2106/2986 2691/2097/2978 2689/2094/2975
f 2697/2106/2986 599/2107/2987 602/2104/2984
f 2689/2094/2975 2698/2108/2988 2697/2106/2986
f 599/2107/2987 2697/2106/2986 2698/2108/2988
f 2698/2108/2988 2689/2094/2975 2687/2091/2972
f 2698/2108/2988 597/2109/2989 599/2107/2987
f 597/2109/2989 2698/2108/2988 2699/2110/2990
f 2687/2091/2972 2699/2110/2990 2698/2108/2988
f 2699/2110/2990 593/2111/2991 597/2109/2989
f 2700/2112/2992 2699/2110/2990 2687/2091/2972
f 593/2111/2991 2699/2110/2990 2700/2112/2992
f 2687/2091/2972 2684/2086/2968 2700/2112/2992
f 2700/2112/2992 590/2113/2993 593/2111/2991
f 426/2114/421 590/2113/2993 2700/2112/2992
f 2701/2115/2994 2700/2112/2992 2684/2086/2968
f 2700/2112/2992 2701/2115/2994 426/2114/421
f 426/2114/421 2701/2115/2994 2489/2116/2995
f 2684/2086/2968 2682/2083/2965 2701/2115/2994
f 2490/2117/2694 2489/2116/2995 2701/2115/2994
f 2701/2115/2994 2682/2083/2965 2702/2118/2996
f 2702/2118/2996 2682/2083/2965 2681/2080/2963
f 2701/2115/2994 2703/2119/2997 2490/2117/2694
f 2702/2118/2996 2703/2119/2997 2701/2115/2994
f 2490/2117/2694 2703/2119/2997 2704/2122/2998
f 2704/2122/2998 2496/2123/2999 2490/2117/2694
f 2703/2119/2997 2702/2118/2996 2705/2121/3000
f 2705/2121/3000 2704/2122/2998 2703/2119/2997
f 2681/2080/2963 2706/2120/3001 2702/2118/2996
f 2705/2121/3000 2702/2118/2996 2706/2120/3001
f 2468/2082/1079 2706/2120/3001 2681/2080/2963
f 2496/2123/2999 2704/2122/2998 2707/2127/3002
f 2707/2127/3002 2501/2128/2743 2496/2123/2999
f 2708/2124/3003 2706/2120/3001 2468/2082/1079
f 2706/2120/3001 2708/2124/3003 2705/2121/3000
f 2468/2082/1079 2498/2125/3004 2708/2124/3003
f 2704/2122/2998 2705/2121/3000 2709/2126/3005
f 2709/2126/3005 2705/2121/3000 2708/2124/3003
f 2709/2126/3005 2707/2127/3002 2704/2122/2998
f 2710/2129/3006 2708/2124/3003 2498/2125/3004
f 2708/2124/3003 2710/2129/3006 2709/2126/3005
f 2498/2125/3004 2503/2130/3007 2710/2129/3006
f 2711/2131/3008 2707/2127/3002 2709/2126/3005
f 2501/2128/2743 2707/2127/3002 2711/2131/3008
f 2711/2131/3008 2505/2132/1511 2501/2128/2743
f 2505/2132/1511 2711/2131/3008 2506/2133/3009
f 2709/2126/3005 2712/2134/3010 2711/2131/3008
f 2712/2134/3010 2506/2133/3009 2711/2131/3008
f 2712/2134/3010 2709/2126/3005 2710/2129/3006
f 2712/2134/3010 2713/2135/3011 2506/2133/3009
f 2710/2129/3006 2713/2135/3011 2712/2134/3010
f 2713/2135/3011 2710/2129/3006 2503/2130/3007
f 2509/2136/3012 2506/2133/3009 2713/2135/3011
f 2503/2130/3007 2509/2136/3012 2713/2135/3011
f 2714/2139/3015 2715/2138/3014 2716/2137/3013
f 2716/2137/3013 2717/2140/3016 2714/2139/3015
f 2718/2141/3017 2714/2139/3015 2717/2140/3016
f 2719/2142/3018 2717/2140/3016 2716/2137/3013
f 2716/2137/3013 2720/2143/3019 2719/2142/3018
f 2719/2142/3018 2720/2143/3019 2721/2144/3020
f 2717/2140/3016 2722/2145/3021 2718/2141/3017
f 2722/2145/3021 2717/2140/3016 2719/2142/3018
f 2718/2141/3017 2722/2145/3021 2723/2146/3022
f 2723/2146/3022 2724/2147/3023 2718/2141/3017
f 2725/2148/3024 2724/2147/3023 2723/2146/3022
f 2723/2146/3022 2726/2149/3025 2725/2148/3024
f 2723/2146/3022 2722/2145/3021 2727/2150/3026
f 2719/2142/3018 2727/2150/3026 2722/2145/3021
f 2726/2149/3025 2723/2146/3022 2728/2151/3027
f 2727/2150/3026 2728/2151/3027 2723/2146/3022
f 2728/2151/3027 2729/2152/3028 2726/2149/3025
f 2730/2153/3029 2729/2152/3028 2728/2151/3027
f 2731/2154/3030 2727/2150/3026 2719/2142/3018
f 2728/2151/3027 2727/2150/3026 2731/2154/3030
f 2728/2151/3027 2732/2155/3031 2730/2153/3029
f 2731/2154/3030 2732/2155/3031 2728/2151/3027
f 2730/2153/3029 2732/2155/3031 2733/2156/3032
f 2733/2156/3032 2734/2157/3033 2730/2153/3029
f 2732/2155/3031 2731/2154/3030 2735/2158/3034
f 2735/2158/3034 2733/2156/3032 2732/2155/3031
f 2719/2142/3018 2736/2159/3035 2731/2154/3030
f 2735/2158/3034 2731/2154/3030 2736/2159/3035
f 2721/2144/3020 2736/2159/3035 2719/2142/3018
f 2736/2159/3035 2721/2144/3020 2737/2160/3036
f 2734/2157/3033 2733/2156/3032 2738/2161/3037
f 2738/2161/3037 2733/2156/3032 2735/2158/3034
f 2738/2161/3037 2739/2162/3038 2734/2157/3033
f 2740/2163/3039 2739/2162/3038 2738/2161/3037
f 2737/2160/3036 2741/2164/3040 2736/2159/3035
f 2736/2159/3035 2741/2164/3040 2735/2158/3034
f 2742/2165/3041 2741/2164/3040 2737/2160/3036
f 2735/2158/3034 2741/2164/3040 2742/2165/3041
f 2737/2160/3036 2743/2166/3042 2742/2165/3041
f 2742/2165/3041 2743/2166/3042 2744/2167/3043
f 2735/2158/3034 2745/2168/3044 2738/2161/3037
f 2742/2165/3041 2745/2168/3044 2735/2158/3034
f 2746/2169/3045 2738/2161/3037 2745/2168/3044
f 2738/2161/3037 2746/2169/3045 2740/2163/3039
f 2747/2170/3046 2745/2168/3044 2742/2165/3041
f 2745/2168/3044 2747/2170/3046 2746/2169/3045
f 2744/2167/3043 2748/2171/3047 2742/2165/3041
f 2742/2165/3041 2748/2171/3047 2747/2170/3046
f 2749/2172/3048 2748/2171/3047 2744/2167/3043
f 2747/2170/3046 2748/2171/3047 2749/2172/3048
f 2744/2167/3043 2750/2173/3049 2749/2172/3048
f 2746/2169/3045 2747/2170/3046 2751/2174/3050
f 2749/2172/3048 2751/2174/3050 2747/2170/3046
f 2740/2163/3039 2746/2169/3045 2752/2175/3051
f 2751/2174/3050 2752/2175/3051 2746/2169/3045
f 2752/2175/3051 2753/2176/3052 2740/2163/3039
f 2754/2177/3053 2749/2172/3048 2750/2173/3049
f 2751/2174/3050 2749/2172/3048 2754/2177/3053
f 2750/2173/3049 2755/2178/3054 2754/2177/3053
f 2754/2177/3053 2755/2178/3054 2756/2179/3055
f 2753/2176/3052 2752/2175/3051 2757/2180/3056
f 2757/2180/3056 2752/2175/3051 2751/2174/3050
f 2757/2180/3056 2758/2181/3057 2753/2176/3052
f 2759/2182/3058 2758/2181/3057 2757/2180/3056
f 2754/2177/3053 2760/2183/3059 2751/2174/3050
f 2751/2174/3050 2760/2183/3059 2757/2180/3056
f 2757/2180/3056 2761/2184/3060 2759/2182/3058
f 2762/2185/3061 2759/2182/3058 2761/2184/3060
f 2757/2180/3056 2760/2183/3059 2763/2186/3062
f 2763/2186/3062 2761/2184/3060 2757/2180/3056
f 2763/2186/3062 2760/2183/3059 2754/2177/3053
f 2761/2184/3060 2764/2187/3063 2762/2185/3061
f 2764/2187/3063 2761/2184/3060 2763/2186/3062
f 2765/2188/3064 2762/2185/3061 2764/2187/3063
f 2754/2177/3053 2766/2189/3065 2763/2186/3062
f 2756/2179/3055 2766/2189/3065 2754/2177/3053
f 2766/2189/3065 2756/2179/3055 2767/2190/3066
f 2768/2191/3067 2763/2186/3062 2766/2189/3065
f 2763/2186/3062 2768/2191/3067 2764/2187/3063
f 2767/2190/3066 2769/2192/3068 2766/2189/3065
f 2766/2189/3065 2769/2192/3068 2768/2191/3067
f 2770/2193/3069 2769/2192/3068 2767/2190/3066
f 2768/2191/3067 2769/2192/3068 2770/2193/3069
f 2767/2190/3066 2771/2194/3070 2770/2193/3069
f 2764/2187/3063 2768/2191/3067 2772/2195/3071
f 2770/2193/3069 2772/2195/3071 2768/2191/3067
f 2772/2195/3071 2773/2196/3072 2764/2187/3063
f 2764/2187/3063 2773/2196/3072 2765/2188/3064
f 2774/2197/3073 2772/2195/3071 2770/2193/3069
f 2773/2196/3072 2772/2195/3071 2774/2197/3073
f 2775/2198/3074 2770/2193/3069 2771/2194/3070
f 2770/2193/3069 2775/2198/3074 2774/2197/3073
f 2771/2194/3070 2776/2199/3075 2775/2198/3074
f 2775/2198/3074 2776/2199/3075 2777/2200/3076
f 2777/2200/3076 2778/2201/3077 2775/2198/3074
f 2774/2197/3073 2775/2198/3074 2778/2201/3077
f 2777/2200/3076 2779/2202/3078 2778/2201/3077
f 2774/2197/3073 2780/2203/3079 2773/2196/3072
f 2765/2188/3064 2773/2196/3072 2780/2203/3079
f 2780/2203/3079 2781/2204/3080 2765/2188/3064
f 2774/2197/3073 2778/2201/3077 2782/2205/3081
f 2780/2203/3079 2774/2197/3073 2782/2205/3081
f 2779/2202/3078 2783/2206/3082 2778/2201/3077
f 2782/2205/3081 2778/2201/3077 2783/2206/3082
f 2779/2202/3078 2784/2207/3083 2783/2206/3082
f 2784/2207/3083 2779/2202/3078 2785/2208/3084
f 2782/2205/3081 2786/2209/3085 2780/2203/3079
f 2785/2208/3084 2787/2210/3086 2784/2207/3083
f 2788/2211/3087 2780/2203/3079 2786/2209/3085
f 2781/2204/3080 2780/2203/3079 2788/2211/3087
f 2789/2212/3088 2786/2209/3085 2782/2205/3081
f 2788/2211/3087 2786/2209/3085 2789/2212/3088
f 2783/2206/3082 2790/2213/3089 2782/2205/3081
f 2782/2205/3081 2790/2213/3089 2789/2212/3088
f 2788/2211/3087 2791/2214/3090 2781/2204/3080
f 2791/2214/3090 2792/2215/3091 2781/2204/3080
f 2793/2216/3092 2792/2215/3091 2791/2214/3090
f 2791/2214/3090 2794/2216/3093 2793/2216/3092
f 2793/2216/3092 2794/2216/3093 2795/2217/3094
f 2796/2218/3095 2791/2214/3090 2788/2211/3087
f 2794/2216/3093 2791/2214/3090 2796/2218/3095
f 2797/2219/3096 2795/2217/3094 2794/2216/3093
f 2796/2218/3095 2797/2219/3096 2794/2216/3093
f 2797/2219/3096 2798/2220/3097 2795/2217/3094
f 2795/2217/3094 2798/2220/3097 2799/2221/3098
f 2800/2222/3099 2799/2221/3098 2798/2220/3097
f 2801/2223/3100 2798/2220/3097 2797/2219/3096
f 2798/2220/3097 2801/2223/3100 2800/2222/3099
f 2797/2219/3096 2796/2218/3095 2801/2223/3100
f 2802/2224/3101 2800/2222/3099 2801/2223/3100
f 2803/2225/3102 2801/2223/3100 2796/2218/3095
f 2801/2223/3100 2803/2225/3102 2802/2224/3101
f 2788/2211/3087 2804/2226/3103 2796/2218/3095
f 2796/2218/3095 2804/2226/3103 2803/2225/3102
f 2789/2212/3088 2804/2226/3103 2788/2211/3087
f 2804/2226/3103 2805/2227/3104 2803/2225/3102
f 2805/2227/3104 2804/2226/3103 2789/2212/3088
f 2803/2225/3102 2805/2227/3104 2802/2224/3101
f 2806/2228/3105 2805/2227/3104 2789/2212/3088
f 2806/2228/3105 2789/2212/3088 2790/2213/3089
f 2805/2227/3104 2807/2229/3106 2802/2224/3101
f 2807/2229/3106 2805/2227/3104 2806/2228/3105
f 2808/2230/3107 2802/2224/3101 2807/2229/3106
f 2806/2228/3105 2790/2213/3089 2809/2231/3108
f 2809/2231/3108 2790/2213/3089 2783/2206/3082
f 2806/2228/3105 2810/2232/3109 2807/2229/3106
f 2806/2228/3105 2809/2231/3108 2811/2233/3110
f 2811/2233/3110 2810/2232/3109 2806/2228/3105
f 2807/2229/3106 2812/2234/3111 2808/2230/3107
f 2812/2234/3111 2807/2229/3106 2810/2232/3109
f 2813/2235/3112 2810/2232/3109 2811/2233/3110
f 2813/2235/3112 2812/2234/3111 2810/2232/3109
f 2814/2236/3113 2811/2233/3110 2809/2231/3108
f 2813/2235/3112 2811/2233/3110 2814/2236/3113
f 2808/2230/3107 2812/2234/3111 2815/2237/3114
f 2815/2237/3114 2816/2238/3115 2808/2230/3107
f 2812/2234/3111 2813/2235/3112 2817/2239/3116
f 2817/2239/3116 2815/2237/3114 2812/2234/3111
f 2816/2238/3115 2815/2237/3114 2818/2240/3117
f 2818/2240/3117 2815/2237/3114 2817/2239/3116
f 2818/2240/3117 2819/2241/3118 2816/2238/3115
f 2820/2242/3119 2819/2241/3118 2818/2240/3117
f 2817/2239/3116 2813/2235/3112 2821/2243/3120
f 2814/2236/3113 2821/2243/3120 2813/2235/3112
f 2818/2240/3117 2822/2244/3121 2820/2242/3119
f 2823/2245/3122 2820/2242/3119 2822/2244/3121
f 2821/2243/3120 2814/2236/3113 2824/2246/3123
f 2822/2244/3121 2825/2247/3124 2823/2245/3122
f 2826/2248/3125 2823/2245/3122 2825/2247/3124
f 2824/2246/3123 2827/2249/3126 2821/2243/3120
f 2828/2250/3127 2821/2243/3120 2827/2249/3126
f 2821/2243/3120 2828/2250/3127 2817/2239/3116
f 2827/2249/3126 2829/2251/3128 2828/2250/3127
f 2830/2252/3129 2828/2250/3127 2829/2251/3128
f 2817/2239/3116 2828/2250/3127 2830/2252/3129
f 2829/2251/3128 2831/2253/3130 2830/2252/3129
f 2830/2252/3129 2832/2254/3131 2817/2239/3116
f 2817/2239/3116 2832/2254/3131 2818/2240/3117
f 2833/2255/3132 2830/2252/3129 2831/2253/3130
f 2832/2254/3131 2830/2252/3129 2833/2255/3132
f 2831/2253/3130 2834/2256/3133 2833/2255/3132
f 2818/2240/3117 2832/2254/3131 2835/2257/3134
f 2833/2255/3132 2835/2257/3134 2832/2254/3131
f 2835/2257/3134 2822/2244/3121 2818/2240/3117
f 2833/2255/3132 2834/2256/3133 2836/2258/3135
f 2822/2244/3121 2835/2257/3134 2837/2259/3136
f 2837/2259/3136 2835/2257/3134 2833/2255/3132
f 2837/2259/3136 2825/2247/3124 2822/2244/3121
f 2836/2258/3135 2838/2260/3137 2833/2255/3132
f 2833/2255/3132 2838/2260/3137 2837/2259/3136
f 2838/2260/3137 2836/2258/3135 2839/2261/3138
f 2840/2262/3139 2825/2247/3124 2837/2259/3136
f 2825/2247/3124 2840/2262/3139 2826/2248/3125
f 2841/2263/3140 2837/2259/3136 2838/2260/3137
f 2837/2259/3136 2841/2263/3140 2840/2262/3139
f 2839/2261/3138 2842/2264/3141 2838/2260/3137
f 2838/2260/3137 2842/2264/3141 2841/2263/3140
f 2842/2264/3141 2839/2261/3138 2843/2265/3142
f 2826/2248/3125 2840/2262/3139 2844/2266/3143
f 2844/2266/3143 2840/2262/3139 2841/2263/3140
f 2844/2266/3143 2845/2267/3144 2826/2248/3125
f 2846/2268/3145 2845/2267/3144 2844/2266/3143
f 2843/2265/3142 2847/2269/3146 2842/2264/3141
f 2841/2263/3140 2842/2264/3141 2847/2269/3146
f 2847/2269/3146 2843/2265/3142 2848/2270/3147
f 2841/2263/3140 2849/2271/3148 2844/2266/3143
f 2847/2269/3146 2849/2271/3148 2841/2263/3140
f 2844/2266/3143 2850/2272/3149 2846/2268/3145
f 2850/2272/3149 2844/2266/3143 2849/2271/3148
f 2848/2270/3147 2851/2273/3150 2847/2269/3146
f 2851/2273/3150 2848/2270/3147 2852/2274/3151
f 2853/2275/3152 2849/2271/3148 2847/2269/3146
f 2847/2269/3146 2851/2273/3150 2853/2275/3152
f 2849/2271/3148 2853/2275/3152 2850/2272/3149
f 2852/2274/3151 2854/2276/3153 2851/2273/3150
f 2853/2275/3152 2851/2273/3150 2854/2276/3153
f 2846/2268/3145 2850/2272/3149 2855/2277/3154
f 2855/2277/3154 2850/2272/3149 2853/2275/3152
f 2855/2277/3154 2856/2278/3155 2846/2268/3145
f 2854/2276/3153 2857/2279/3156 2853/2275/3152
f 2853/2275/3152 2857/2279/3156 2855/2277/3154
f 2858/2280/3157 2854/2276/3153 2852/2274/3151
f 2857/2279/3156 2854/2276/3153 2858/2280/3157
f 2852/2274/3151 2859/2281/3158 2858/2280/3157
f 2858/2280/3157 2859/2281/3158 1283/980/3159
f 2855/2277/3154 2857/2279/3156 2860/2282/3160
f 2858/2280/3157 2860/2282/3160 2857/2279/3156
f 2856/2278/3155 2855/2277/3154 2861/2283/3161
f 2860/2282/3160 2861/2283/3161 2855/2277/3154
f 2861/2283/3161 2862/2284/3162 2856/2278/3155
f 2863/2285/3163 2862/2284/3162 2861/2283/3161
f 2864/2286/3164 2861/2283/3161 2860/2282/3160
f 2861/2283/3161 2864/2286/3164 2863/2285/3163
f 2860/2282/3160 2858/2280/3157 2865/2287/3165
f 1283/980/3159 2865/2287/3165 2858/2280/3157
f 2860/2282/3160 2866/2288/3166 2864/2286/3164
f 2865/2287/3165 2866/2288/3166 2860/2282/3160
f 2863/2285/3163 2864/2286/3164 2867/2289/3167
f 2867/2289/3167 2864/2286/3164 2866/2288/3166
f 2867/2289/3167 2868/2290/3168 2863/2285/3163
f 1283/980/3159 2869/2291/3169 2865/2287/3165
f 2869/2291/3169 1283/980/3159 1280/977/3170
f 2868/2290/3168 2867/2289/3167 2870/2292/3171
f 2870/2292/3171 2871/2293/3172 2868/2290/3168
f 2872/2294/3173 2871/2293/3172 2870/2292/3171
f 1280/977/3170 2873/979/3174 2869/2291/3169
f 2873/979/3174 1280/977/3170 1274/971/1347
f 2870/2292/3171 2874/2295/3175 2872/2294/3173
f 2872/2294/3173 2874/2295/3175 2875/2296/3176
f 1274/971/1347 2876/976/3177 2873/979/3174
f 2875/2296/3176 2874/2295/3175 2877/2297/3178
f 2874/2295/3175 2870/2292/3171 2877/2297/3178
f 2878/969/3179 2876/976/3177 1274/971/1347
f 1274/971/1347 1273/970/1346 2878/969/3179
f 2873/979/3174 2876/976/3177 2879/2298/3180
f 2879/2298/3180 2876/976/3177 2878/969/3179
f 2869/2291/3169 2873/979/3174 2880/981/3181
f 2879/2298/3180 2880/981/3181 2873/979/3174
f 2881/966/3182 2878/969/3179 1273/970/1346
f 1273/970/1346 1270/967/905 2881/966/3182
f 2880/981/3181 2882/2299/3183 2869/2291/3169
f 2869/2291/3169 2882/2299/3183 2865/2287/3165
f 2883/963/3184 2881/966/3182 1270/967/905
f 1270/967/905 1267/964/3185 2883/963/3184
f 2883/963/3184 1267/964/3185 1263/960/3186
f 2878/969/3179 2881/966/3182 2884/972/3187
f 2884/972/3187 2881/966/3182 2883/963/3184
f 2884/972/3187 2885/975/3188 2878/969/3179
f 2878/969/3179 2885/975/3188 2879/2298/3180
f 2883/963/3184 2886/968/3189 2884/972/3187
f 1263/960/3186 2887/962/3190 2883/963/3184
f 2886/968/3189 2883/963/3184 2887/962/3190
f 2887/962/3190 1263/960/3186 1259/2300/3191
f 2888/974/3192 2884/972/3187 2886/968/3189
f 2885/975/3188 2884/972/3187 2888/974/3192
f 2887/962/3190 2889/965/3193 2886/968/3189
f 2886/968/3189 2890/973/3194 2888/974/3192
f 2890/973/3194 2886/968/3189 2889/965/3193
f 1259/2300/3191 2891/959/3195 2887/962/3190
f 2888/974/3192 2890/973/3194 1295/992/1368
f 2887/962/3190 2891/959/3195 2892/961/3196
f 2892/961/3196 2889/965/3193 2887/962/3190
f 1295/992/1368 1294/991/3197 2888/974/3192
f 1295/992/1368 2890/973/3194 2893/993/3198
f 2889/965/3193 2893/993/3198 2890/973/3194
f 2893/993/3198 1297/994/1370 1295/992/1368
f 2894/2301/3199 2888/974/3192 1294/991/3197
f 2888/974/3192 2894/2301/3199 2885/975/3188
f 1294/991/3197 1293/2302/3200 2894/2301/3199
f 2894/2301/3199 1293/2302/3200 1291/988/3201
f 2885/975/3188 2894/2301/3199 2895/983/3202
f 1291/988/3201 2895/983/3202 2894/2301/3199
f 2895/983/3202 2879/2298/3180 2885/975/3188
f 2895/983/3202 1291/988/3201 1290/2303/3203
f 2879/2298/3180 2895/983/3202 2896/984/3204
f 1290/2303/3203 2896/984/3204 2895/983/3202
f 2896/984/3204 2880/981/3181 2879/2298/3180
f 2897/2304/3205 2896/984/3204 1290/2303/3203
f 2880/981/3181 2896/984/3204 2897/2304/3205
f 1290/2303/3203 1292/989/3206 2897/2304/3205
f 2897/2304/3205 2882/2299/3183 2880/981/3181
f 2897/2304/3205 1292/989/3206 2898/2305/3207
f 2898/2305/3207 2882/2299/3183 2897/2304/3205
f 2899/2306/3208 2898/2305/3207 1292/989/3206
f 2900/2307/3209 2882/2299/3183 2898/2305/3207
f 2882/2299/3183 2900/2307/3209 2865/2287/3165
f 2865/2287/3165 2900/2307/3209 2866/2288/3166
f 2899/2306/3208 2901/2308/3210 2898/2305/3207
f 2901/2308/3210 2899/2306/3208 2902/2309/3211
f 2898/2305/3207 2903/2310/3212 2900/2307/3209
f 2903/2310/3212 2898/2305/3207 2901/2308/3210
f 2866/2288/3166 2900/2307/3209 2903/2310/3212
f 2902/2309/3211 2904/2311/3213 2901/2308/3210
f 2904/2311/3213 2902/2309/3211 2905/2312/3214
f 2901/2308/3210 2906/2313/3215 2903/2310/3212
f 2901/2308/3210 2904/2311/3213 2906/2313/3215
f 2903/2310/3212 2907/2314/3216 2866/2288/3166
f 2907/2314/3216 2903/2310/3212 2906/2313/3215
f 2866/2288/3166 2907/2314/3216 2908/2315/3217
f 2906/2313/3215 2908/2315/3217 2907/2314/3216
f 2866/2288/3166 2908/2315/3217 2867/2289/3167
f 2870/2292/3171 2867/2289/3167 2908/2315/3217
f 2909/2316/3218 2908/2315/3217 2906/2313/3215
f 2909/2316/3218 2906/2313/3215 2904/2311/3213
f 2908/2315/3217 2910/2317/3219 2870/2292/3171
f 2909/2316/3218 2910/2317/3219 2908/2315/3217
f 2870/2292/3171 2910/2317/3219 2911/2318/3220
f 2911/2318/3220 2877/2297/3178 2870/2292/3171
f 2910/2317/3219 2909/2316/3218 2912/2319/3221
f 2877/2297/3178 2911/2318/3220 2913/2320/3222
f 2911/2318/3220 2910/2317/3219 2914/2321/3223
f 2913/2320/3222 2911/2318/3220 2914/2321/3223
f 2914/2321/3223 2910/2317/3219 2915/2322/3224
f 2912/2319/3221 2915/2322/3224 2910/2317/3219
f 2916/2323/3225 2914/2321/3223 2915/2322/3224
f 2914/2321/3223 2916/2323/3225 2913/2320/3222
f 2912/2319/3221 2917/2324/3226 2915/2322/3224
f 2915/2322/3224 2917/2324/3226 2916/2323/3225
f 2912/2319/3221 2909/2316/3218 2918/2325/3227
f 2904/2311/3213 2918/2325/3227 2909/2316/3218
f 2912/2319/3221 2918/2325/3227 2919/2326/3228
f 2919/2326/3228 2918/2325/3227 2904/2311/3213
f 2919/2326/3228 2917/2324/3226 2912/2319/3221
f 2904/2311/3213 2920/2327/3229 2919/2326/3228
f 2905/2312/3214 2920/2327/3229 2904/2311/3213
f 2917/2324/3226 2919/2326/3228 2921/2328/3230
f 2921/2328/3230 2919/2326/3228 2920/2327/3229
f 2922/2329/3231 2920/2327/3229 2905/2312/3214
f 2920/2327/3229 2922/2329/3231 2921/2328/3230
f 2905/2312/3214 2923/2330/3232 2922/2329/3231
f 2924/2331/3233 2922/2329/3231 2923/2330/3232
f 2924/2331/3233 2921/2328/3230 2922/2329/3231
f 2924/2331/3233 2925/2332/3234 2921/2328/3230
f 2921/2328/3230 2925/2332/3234 2917/2324/3226
f 2926/2333/3235 2916/2323/3225 2917/2324/3226
f 2917/2324/3226 2927/2334/3236 2926/2333/3235
f 2913/2320/3222 2916/2323/3225 2926/2333/3235
f 2926/2333/3235 2927/2334/3236 2928/2335/3237
f 2913/2320/3222 2926/2333/3235 2929/2336/3238
f 2928/2335/3237 2929/2336/3238 2926/2333/3235
f 2930/2337/3239 2929/2336/3238 2928/2335/3237
f 2928/2335/3237 2931/2338/3240 2930/2337/3239
f 23/23/3241 2930/2337/3239 2931/2338/3240
f 2932/2339/3242 2930/2337/3239 23/23/3241
f 2929/2336/3238 2930/2337/3239 2932/2339/3242
f 2932/2339/3242 23/23/3241 22/24/3243
f 2929/2336/3238 2933/2340/3244 2913/2320/3222
f 2932/2339/3242 2933/2340/3244 2929/2336/3238
f 2934/2341/3245 2913/2320/3222 2933/2340/3244
f 2913/2320/3222 2934/2341/3245 2877/2297/3178
f 2877/2297/3178 2934/2341/3245 2875/2296/3176
f 2935/2342/3246 2933/2340/3244 2932/2339/3242
f 2933/2340/3244 2935/2342/3246 2934/2341/3245
f 2932/2339/3242 22/24/3243 2935/2342/3246
f 2875/2296/3176 2934/2341/3245 2935/2342/3246
f 2936/26/3247 2935/2342/3246 22/24/3243
f 2935/2342/3246 2936/26/3247 2875/2296/3176
f 24/26/3248 2936/26/3247 22/24/3243
f 2875/2296/3176 2936/26/3247 24/26/3248
f 1727/1388/3250 10/2343/1826 1685/1390/3249
f 1685/1390/3249 2937/1391/3251 1727/1388/3250
f 1729/1392/3252 1727/1388/3250 2937/1391/3251
f 2938/1396/3253 2937/1391/3251 1685/1390/3249
f 1685/1390/3249 1682/1393/3254 2938/1396/3253
f 2937/1391/3251 2939/1394/3255 1729/1392/3252
f 2939/1394/3255 2937/1391/3251 2938/1396/3253
f 1729/1392/3252 2939/1394/3255 2940/1399/3256
f 2940/1399/3256 1732/1395/1874 1729/1392/3252
f 2938/1396/3253 2941/1398/3257 2939/1394/3255
f 1732/1395/1874 2940/1399/3256 2942/1409/3258
f 2942/1409/3258 1737/1400/3259 1732/1395/1874
f 1746/1410/3260 1737/1400/3259 2942/1409/3258
f 2943/1408/3261 2940/1399/3256 2939/1394/3255
f 2939/1394/3255 2941/1398/3257 2943/1408/3261
f 2944/1411/3262 2942/1409/3258 2940/1399/3256
f 2940/1399/3256 2943/1408/3261 2944/1411/3262
f 2942/1409/3258 2945/1415/3263 1746/1410/3260
f 2945/1415/3263 2942/1409/3258 2944/1411/3262
f 1752/1416/3264 1746/1410/3260 2945/1415/3263
f 2946/1412/3265 2944/1411/3262 2943/1408/3261
f 2945/1415/3263 2947/1424/3266 1752/1416/3264
f 1764/1428/1907 1752/1416/3264 2947/1424/3266
f 2944/1411/3262 2948/1417/3267 2945/1415/3263
f 2947/1424/3266 2949/1427/3268 1764/1428/1907
f 2950/1421/3269 2947/1424/3266 2945/1415/3263
f 2945/1415/3263 2948/1417/3267 2950/1421/3269
f 2949/1427/3268 2947/1424/3266 2950/1421/3269
f 2951/1418/3270 2948/1417/3267 2944/1411/3262
f 2950/1421/3269 2948/1417/3267 2951/1418/3270
f 2944/1411/3262 2946/1412/3265 2951/1418/3270
f 2950/1421/3269 2952/1429/3271 2949/1427/3268
f 1764/1428/1907 2949/1427/3268 2953/2344/3272
f 2953/2344/3272 2949/1427/3268 2952/1429/3271
f 2953/2344/3272 1770/1434/3273 1764/1428/1907
f 1771/1435/3274 1770/1434/3273 2953/2344/3272
f 2952/1429/3271 2950/1421/3269 2954/1420/3275
f 2951/1418/3270 2954/1420/3275 2950/1421/3269
f 2952/1429/3271 2955/1430/3276 2953/2344/3272
f 1755/2345/1898 2954/1420/3275 2951/1418/3270
f 2951/1418/3270 1750/1414/1893 1755/2345/1898
f 1749/2346/3277 1750/1414/1893 2951/1418/3270
f 2951/1418/3270 2946/1412/3265 1749/2346/3277
f 2954/1420/3275 1755/2345/1898 1759/1423/1902
f 1749/2346/3277 2946/1412/3265 2956/1406/3278
f 2943/1408/3261 2956/1406/3278 2946/1412/3265
f 2956/1406/3278 1743/2347/3279 1749/2346/3277
f 2956/1406/3278 2943/1408/3261 2941/1398/3257
f 1743/2347/3279 2956/1406/3278 2957/1404/3280
f 2941/1398/3257 2957/1404/3280 2956/1406/3278
f 2957/1404/3280 1741/1405/3281 1743/2347/3279
f 2957/1404/3280 2941/1398/3257 2938/1396/3253
f 1741/1405/3281 2957/1404/3280 2958/1401/3282
f 2938/1396/3253 2958/1401/3282 2957/1404/3280
f 2958/1401/3282 1739/1403/3283 1741/1405/3281
f 2959/1397/3284 2958/1401/3282 2938/1396/3253
f 1739/1403/3283 2958/1401/3282 2959/1397/3284
f 2938/1396/3253 1682/1393/3254 2959/1397/3284
f 2959/1397/3284 15/1402/12 1739/1403/3283
f 13/1402/3285 2959/1397/3284 1682/1393/3254
f 15/1402/12 2959/1397/3284 13/1402/3285
f 1759/1423/1902 2960/1422/3286 2954/1420/3275
f 2954/1420/3275 2960/1422/3286 2952/1429/3271
f 2961/1425/3287 2960/1422/3286 1759/1423/1902
f 2952/1429/3271 2960/1422/3286 2961/1425/3287
f 1759/1423/1902 1762/1426/1905 2961/1425/3287
f 2961/1425/3287 2955/1430/3276 2952/1429/3271
f 2962/1431/3288 2961/1425/3287 1762/1426/1905
f 1762/1426/1905 1768/2348/3289 2962/1431/3288
f 2963/1436/3290 2955/1430/3276 2961/1425/3287
f 2961/1425/3287 2962/1431/3288 2963/1436/3290
f 2953/2344/3272 2955/1430/3276 2963/1436/3290
f 2962/1431/3288 1768/2348/3289 1776/2349/3291
f 2963/1436/3290 2964/1437/3292 2953/2344/3272
f 2953/2344/3272 2964/1437/3292 1771/1435/3274
f 2965/2350/3293 2963/1436/3290 2962/1431/3288
f 2964/1437/3292 2963/1436/3290 2965/2350/3293
f 1776/2349/3291 2966/1439/1049 2962/1431/3288
f 2962/1431/3288 2966/1439/1049 2965/2350/3293
f 2966/1439/1049 1776/2349/3291 1777/1441/1920
f 1771/1435/3274 2964/1437/3292 2967/1442/3294
f 2965/2350/3293 2967/1442/3294 2964/1437/3292
f 2967/1442/3294 1774/1438/1917 1771/1435/3274
f 2968/1448/3295 2965/2350/3293 2966/1439/1049
f 2967/1442/3294 2965/2350/3293 2968/1448/3295
f 1777/1441/1920 2969/1444/3296 2966/1439/1049
f 2966/1439/1049 2969/1444/3296 2968/1448/3295
f 2969/1444/3296 1777/1441/1920 1782/1446/3297
f 2968/1448/3295 2970/1450/3298 2967/1442/3294
f 1782/1446/3297 2971/1445/3299 2969/1444/3296
f 2972/1449/3300 2968/1448/3295 2969/1444/3296
f 2970/1450/3298 2968/1448/3295 2972/1449/3300
f 2969/1444/3296 2971/1445/3299 2972/1449/3300
f 2971/1445/3299 1782/1446/3297 1783/1447/3301
f 2967/1442/3294 2970/1450/3298 2973/2351/3302
f 2973/2351/3302 1774/1438/1917 2967/1442/3294
f 2972/1449/3300 2974/1451/3303 2970/1450/3298
f 2973/2351/3302 2970/1450/3298 2974/1451/3303
f 1774/1438/1917 2973/2351/3302 2975/2352/3304
f 2975/2352/3304 1801/1465/3305 1774/1438/1917
f 2974/1451/3303 2976/2353/3306 2973/2351/3302
f 1801/1465/3305 2975/2352/3304 2977/2354/3307
f 2977/2354/3307 1805/1469/3308 1801/1465/3305
f 2977/2354/3307 1803/1467/3309 1805/1469/3308
f 2978/2355/3310 1803/1467/3309 2977/2354/3307
f 2978/2355/3310 2977/2354/3307 2975/2352/3304
f 1799/2356/3311 1803/1467/3309 2978/2355/3310
f 2975/2352/3304 2979/2357/3312 2978/2355/3310
f 1799/2356/3311 2978/2355/3310 2979/2357/3312
f 2979/2357/3312 2975/2352/3304 2973/2351/3302
f 2979/2357/3312 1797/2358/3313 1799/2356/3311
f 2973/2351/3302 2976/2353/3306 2979/2357/3312
f 1794/2359/3314 1797/2358/3313 2979/2357/3312
f 2979/2357/3312 2976/2353/3306 1794/2359/3314
f 1790/1454/1933 1794/2359/3314 2976/2353/3306
f 2976/2353/3306 2974/1451/3303 1790/1454/1933
f 1790/1454/1933 2974/1451/3303 2980/1457/3315
f 2980/1457/3315 1795/1459/1938 1790/1454/1933
f 2981/1452/3316 2980/1457/3315 2974/1451/3303
f 2974/1451/3303 2972/1449/3300 2981/1452/3316
f 1795/1459/1938 2980/1457/3315 2982/1470/3317
f 2982/1470/3317 2980/1457/3315 2981/1452/3316
f 2982/1470/3317 1807/1471/1950 1795/1459/1938
f 1810/1474/3318 1807/1471/1950 2982/1470/3317
f 2983/2360/3319 2981/1452/3316 2972/1449/3300
f 2972/1449/3300 2971/1445/3299 2983/2360/3319
f 2981/1452/3316 2984/1472/3320 2982/1470/3317
f 2984/1472/3320 2981/1452/3316 2983/2360/3319
f 2982/1470/3317 2985/1473/3321 1810/1474/3318
f 1813/1477/1956 1810/1474/3318 2985/1473/3321
f 2982/1470/3317 2984/1472/3320 2986/1491/3322
f 2986/1491/3322 2985/1473/3321 2982/1470/3317
f 2983/2360/3319 2987/1488/3323 2984/1472/3320
f 2986/1491/3322 2984/1472/3320 2987/1488/3323
f 2985/1473/3321 2988/1476/3324 1813/1477/1956
f 2985/1473/3321 2986/1491/3322 2989/1493/3325
f 2989/1493/3325 2988/1476/3324 2985/1473/3321
f 1813/1477/1956 2988/1476/3324 2990/1617/3326
f 2990/1617/3326 1954/1618/3327 1813/1477/1956
f 2991/1504/3328 2988/1476/3324 2989/1493/3325
f 2990/1617/3326 2988/1476/3324 2991/1504/3328
f 1954/1618/3327 2990/1617/3326 2992/1614/3329
f 2992/1614/3329 1951/1615/3330 1954/1618/3327
f 1948/1612/3331 1951/1615/3330 2992/1614/3329
f 2991/1504/3328 2993/1613/3332 2990/1617/3326
f 2992/1614/3329 2990/1617/3326 2993/1613/3332
f 2992/1614/3329 2994/2361/3333 1948/1612/3331
f 2994/2361/3333 1943/1607/3334 1948/1612/3331
f 2994/2361/3333 2992/1614/3329 2995/1616/3335
f 2993/1613/3332 2995/1616/3335 2992/1614/3329
f 2996/1610/3046 1943/1607/3334 2994/2361/3333
f 2995/1616/3335 2996/1610/3046 2994/2361/3333
f 2997/1608/3336 1943/1607/3334 2996/1610/3046
f 2996/1610/3046 2995/1616/3335 2998/1609/3337
f 2998/1609/3337 2997/1608/3336 2996/1610/3046
f 2998/1609/3337 2995/1616/3335 2993/1613/3332
f 2999/1605/3338 1943/1607/3334 2997/1608/3336
f 2999/1605/3338 2997/1608/3336 2998/1609/3337
f 1942/2362/1057 1943/1607/3334 2999/1605/3338
f 1942/2362/1057 2999/1605/3338 3000/2363/3339
f 2998/1609/3337 3000/2363/3339 2999/1605/3338
f 3000/2363/3339 1939/1603/3340 1942/2362/1057
f 2993/1613/3332 3001/1517/3341 2998/1609/3337
f 3000/2363/3339 2998/1609/3337 3001/1517/3341
f 1939/1603/3340 3000/2363/3339 3002/1515/3342
f 3001/1517/3341 3002/1515/3342 3000/2363/3339
f 3002/1515/3342 1938/2364/3343 1939/1603/3340
f 3003/1505/3344 3001/1517/3341 2993/1613/3332
f 3002/1515/3342 3001/1517/3341 3003/1505/3344
f 2993/1613/3332 2991/1504/3328 3003/1505/3344
f 1938/2364/3343 3002/1515/3342 3004/2365/3345
f 3003/1505/3344 3004/2365/3345 3002/1515/3342
f 3004/2365/3345 1937/1601/3346 1938/2364/3343
f 1936/1600/3347 1937/1601/3346 3004/2365/3345
f 3003/1505/3344 2991/1504/3328 3005/1499/3044
f 2989/1493/3325 3005/1499/3044 2991/1504/3328
f 3004/2365/3345 3003/1505/3344 3006/1503/3348
f 3005/1499/3044 3006/1503/3348 3003/1505/3344
f 3004/2365/3345 3007/1599/3349 1936/1600/3347
f 1934/1598/3350 1936/1600/3347 3007/1599/3349
f 3006/1503/3348 3008/1506/3351 3004/2365/3345
f 3007/1599/3349 3004/2365/3345 3008/1506/3351
f 3007/1599/3349 3009/1516/3352 1934/1598/3350
f 1932/1596/2072 1934/1598/3350 3009/1516/3352
f 3008/1506/3351 3010/1510/3353 3007/1599/3349
f 3009/1516/3352 3007/1599/3349 3010/1510/3353
f 3009/1516/3352 3011/1597/3354 1932/1596/2072
f 1930/1594/2070 1932/1596/2072 3011/1597/3354
f 3010/1510/3353 3012/1514/3355 3009/1516/3352
f 3013/1518/3356 3011/1597/3354 3009/1516/3352
f 3009/1516/3352 3012/1514/3355 3013/1518/3356
f 3011/1597/3354 3014/1595/3357 1930/1594/2070
f 3014/1595/3357 3011/1597/3354 3013/1518/3356
f 1930/1594/2070 3014/1595/3357 3015/1593/3358
f 3015/1593/3358 1928/1592/3359 1930/1594/2070
f 1927/1591/3360 1928/1592/3359 3015/1593/3358
f 3013/1518/3356 3016/1522/3361 3014/1595/3357
f 3015/1593/3358 3017/1590/3362 1927/1591/3360
f 3014/1595/3357 3016/1522/3361 3018/1526/3363
f 3018/1526/3363 3015/1593/3358 3014/1595/3357
f 3016/1522/3361 3013/1518/3356 3019/1519/3364
f 3019/1519/3364 3013/1518/3356 3012/1514/3355
f 3018/1526/3363 3016/1522/3361 3020/1520/3365
f 3019/1519/3364 3020/1520/3365 3016/1522/3361
f 3015/1593/3358 3018/1526/3363 3021/1529/3366
f 3021/1529/3366 3017/1590/3362 3015/1593/3358
f 3020/1520/3365 3022/1523/3367 3018/1526/3363
f 3021/1529/3366 3018/1526/3363 3022/1523/3367
f 1860/1524/3368 3022/1523/3367 3020/1520/3365
f 3020/1520/3365 1857/1521/2000 1860/1524/3368
f 1857/1521/2000 3020/1520/3365 3019/1519/3364
f 3019/1519/3364 1848/1512/3369 1857/1521/2000
f 1845/1509/3370 1848/1512/3369 3019/1519/3364
f 3023/1527/3371 3022/1523/3367 1860/1524/3368
f 3022/1523/3367 3023/1527/3371 3021/1529/3366
f 1860/1524/3368 1861/1525/3372 3023/1527/3371
f 3023/1527/3371 1861/1525/3372 1864/1528/3373
f 3019/1519/3364 3024/1511/3374 1845/1509/3370
f 3012/1514/3355 3024/1511/3374 3019/1519/3364
f 1845/1509/3370 3024/1511/3374 3025/1507/3375
f 3025/1507/3375 3024/1511/3374 3012/1514/3355
f 3025/1507/3375 1844/1508/1987 1845/1509/3370
f 3012/1514/3355 3010/1510/3353 3025/1507/3375
f 1838/1502/3376 1844/1508/1987 3025/1507/3375
f 3025/1507/3375 3010/1510/3353 3008/1506/3351
f 3008/1506/3351 3026/1501/3377 3025/1507/3375
f 3025/1507/3375 3026/1501/3377 1838/1502/3376
f 3026/1501/3377 3008/1506/3351 3006/1503/3348
f 1838/1502/3376 3026/1501/3377 3027/1500/3378
f 3006/1503/3348 3027/1500/3378 3026/1501/3377
f 3027/1500/3378 1834/1498/3379 1838/1502/3376
f 3027/1500/3378 3006/1503/3348 3005/1499/3044
f 1834/1498/3379 3027/1500/3378 3028/1497/3380
f 3005/1499/3044 3028/1497/3380 3027/1500/3378
f 3028/1497/3380 1832/2366/1975 1834/1498/3379
f 3005/1499/3044 3029/1494/3381 3028/1497/3380
f 1832/2366/1975 3028/1497/3380 3029/1494/3381
f 3029/1494/3381 3005/1499/3044 2989/1493/3325
f 3029/1494/3381 1831/1495/3382 1832/2366/1975
f 3030/1492/3383 3029/1494/3381 2989/1493/3325
f 1831/1495/3382 3029/1494/3381 3030/1492/3383
f 2989/1493/3325 2986/1491/3322 3030/1492/3383
f 3030/1492/3383 1826/1490/3384 1831/1495/3382
f 2987/1488/3323 3030/1492/3383 2986/1491/3322
f 1825/1489/1968 1826/1490/3384 3030/1492/3383
f 3030/1492/3383 2987/1488/3323 1825/1489/1968
f 1825/1489/1968 2987/1488/3323 3031/1487/3385
f 3031/1487/3385 1822/1486/1965 1825/1489/1968
f 1821/2367/3386 1822/1486/1965 3031/1487/3385
f 3032/1482/3387 3031/1487/3385 2987/1488/3323
f 2987/1488/3323 2983/2360/3319 3032/1482/3387
f 3031/1487/3385 3033/1484/3388 1821/2367/3386
f 3033/1484/3388 3031/1487/3385 3032/1482/3387
f 3033/1484/3388 1817/1481/1960 1821/2367/3386
f 3032/1482/3387 2983/2360/3319 2971/1445/3299
f 3034/1483/3389 1817/1481/1960 3033/1484/3388
f 3032/1482/3387 3034/1483/3389 3033/1484/3388
f 2971/1445/3299 3035/1478/3390 3032/1482/3387
f 3034/1483/3389 3032/1482/3387 3035/1478/3390
f 1783/1447/3301 3035/1478/3390 2971/1445/3299
f 3036/1479/3391 1817/1481/1960 3034/1483/3389
f 3035/1478/3390 3036/1479/3391 3034/1483/3389
f 3036/1479/3391 3035/1478/3390 1783/1447/3301
f 1816/1480/1959 1817/1481/1960 3036/1479/3391
f 1783/1447/3301 1816/1480/1959 3036/1479/3391
f 3037/1187/3393 1528/1192/1664 1529/1193/3392
f 1529/1193/3392 3038/1191/3394 3037/1187/3393
f 3037/1187/3393 3038/1191/3394 3039/1186/3395
f 3039/1186/3395 3040/1183/3395 3037/1187/3393
f 3041/1180/3396 3040/1183/3395 3039/1186/3395
f 3042/1194/3397 3038/1191/3394 1529/1193/3392
f 3039/1186/3395 3038/1191/3394 3042/1194/3397
f 1529/1193/3392 1531/1195/3398 3042/1194/3397
f 3042/1194/3397 1531/1195/3398 1534/1198/3399
f 3039/1186/3395 3043/1181/3400 3041/1180/3396
f 1515/1179/1651 3041/1180/3396 3043/1181/3400
f 3043/1181/3400 1516/1178/1650 1515/1179/1651
f 3043/1181/3400 3039/1186/3395 3044/1188/3401
f 3042/1194/3397 3044/1188/3401 3039/1186/3395
f 1516/1178/1650 3043/1181/3400 3045/1184/3402
f 3044/1188/3401 3045/1184/3402 3043/1181/3400
f 3045/1184/3402 1518/1182/3403 1516/1178/1650
f 1518/1182/3403 3045/1184/3402 3046/1189/3404
f 3046/1189/3404 3045/1184/3402 3044/1188/3401
f 3046/1189/3404 1521/1185/1657 1518/1182/3403
f 3047/1196/3405 3044/1188/3401 3042/1194/3397
f 3044/1188/3401 3047/1196/3405 3046/1189/3404
f 1534/1198/3399 3048/1197/3406 3042/1194/3397
f 3042/1194/3397 3048/1197/3406 3047/1196/3405
f 3048/1197/3406 1534/1198/3399 1535/1199/3407
f 1535/1199/3407 3049/1203/3408 3048/1197/3406
f 3047/1196/3405 3048/1197/3406 3049/1203/3408
f 3049/1203/3408 1535/1199/3407 1542/1206/3409
f 3046/1189/3404 3047/1196/3405 3050/1202/3410
f 3049/1203/3408 3050/1202/3410 3047/1196/3405
f 1521/1185/1657 3046/1189/3404 3051/1200/3411
f 3050/1202/3410 3051/1200/3411 3046/1189/3404
f 3051/1200/3411 1526/1190/3412 1521/1185/1657
f 1542/1206/3409 3052/1205/3413 3049/1203/3408
f 3050/1202/3410 3049/1203/3408 3052/1205/3413
f 3052/1205/3413 1542/1206/3409 1545/1209/3414
f 3051/1200/3411 3050/1202/3410 3053/1207/3415
f 3052/1205/3413 3053/1207/3415 3050/1202/3410
f 1526/1190/3412 3051/1200/3411 3054/1204/3416
f 3053/1207/3415 3054/1204/3416 3051/1200/3411
f 3054/1204/3416 1537/1201/1673 1526/1190/3412
f 1548/1212/1684 1537/1201/1673 3054/1204/3416
f 1545/1209/3414 3055/1208/3417 3052/1205/3413
f 3053/1207/3415 3052/1205/3413 3055/1208/3417
f 3055/1208/3417 1545/1209/3414 1554/1218/3418
f 3056/1211/3419 3054/1204/3416 3053/1207/3415
f 3054/1204/3416 3056/1211/3419 1548/1212/1684
f 3055/1208/3417 3057/1210/3420 3053/1207/3415
f 3053/1207/3415 3057/1210/3420 3056/1211/3419
f 1554/1218/3418 3058/1217/3421 3055/1208/3417
f 3059/1216/3422 3057/1210/3420 3055/1208/3417
f 3055/1208/3417 3058/1217/3421 3059/1216/3422
f 3056/1211/3419 3057/1210/3420 3059/1216/3422
f 3060/1221/3423 3058/1217/3421 1554/1218/3418
f 3059/1216/3422 3058/1217/3421 3060/1221/3423
f 1554/1218/3418 1555/1219/3424 3060/1221/3423
f 3060/1221/3423 1555/1219/3424 1558/1222/1694
f 3059/1216/3422 3061/1214/3425 3056/1211/3419
f 1548/1212/1684 3056/1211/3419 3061/1214/3425
f 3061/1214/3425 1549/1213/1685 1548/1212/1684
f 1551/1215/3426 1549/1213/1685 3061/1214/3425
f 3061/1214/3425 3059/1216/3422 3062/1220/3427
f 3060/1221/3423 3062/1220/3427 3059/1216/3422
f 3061/1214/3425 3063/1223/3428 1551/1215/3426
f 3062/1220/3427 3063/1223/3428 3061/1214/3425
f 1560/1224/3429 1551/1215/3426 3063/1223/3428
f 3064/1225/3430 3062/1220/3427 3060/1221/3423
f 3063/1223/3428 3062/1220/3427 3064/1225/3430
f 3063/1223/3428 3065/1227/3431 1560/1224/3429
f 3064/1225/3430 3065/1227/3431 3063/1223/3428
f 1564/1228/3432 1560/1224/3429 3065/1227/3431
f 3060/1221/3423 3066/1226/3433 3064/1225/3430
f 1558/1222/1694 3066/1226/3433 3060/1221/3423
f 3066/1226/3433 1558/1222/1694 1566/1230/1702
f 3065/1227/3431 3067/1233/3434 1564/1228/3432
f 1564/1228/3432 3067/1233/3434 1570/1234/3435
f 3065/1227/3431 3064/1225/3430 3068/1231/3436
f 3068/1231/3436 3067/1233/3434 3065/1227/3431
f 3068/1231/3436 3064/1225/3430 3066/1226/3433
f 1566/1230/1702 3069/1229/3437 3066/1226/3433
f 3066/1226/3433 3069/1229/3437 3068/1231/3436
f 1566/1230/1702 1568/1232/3438 3069/1229/3437
f 3070/2368/3439 3067/1233/3434 3068/1231/3436
f 1570/1234/3435 3067/1233/3434 3070/2368/3439
f 3068/1231/3436 3069/1229/3437 3071/1237/3440
f 1568/1232/3438 3071/1237/3440 3069/1229/3437
f 3071/1237/3440 3072/2369/3441 3068/1231/3436
f 3068/1231/3436 3072/2369/3441 3070/2368/3439
f 1568/1232/3438 3073/1240/3442 3071/1237/3440
f 3072/2369/3441 3071/1237/3440 2085/1745/2228
f 3073/1240/3442 2085/1745/2228 3071/1237/3440
f 2085/1745/2228 3074/2370/3443 3072/2369/3441
f 3070/2368/3439 3072/2369/3441 3074/2370/3443
f 2084/1370/2227 2085/1745/2228 3073/1240/3442
f 2086/1746/2229 3074/2370/3443 2085/1745/2228
f 1568/1232/3438 3075/1371/3444 3073/1240/3442
f 2084/1370/2227 3073/1240/3442 3075/1371/3444
f 3075/1371/3444 1568/1232/3438 1719/1381/3445
f 3075/1371/3444 3076/1375/3446 2084/1370/2227
f 2084/1370/2227 3076/1375/3446 2083/1376/2226
f 1719/1381/3445 3077/1380/3447 3075/1371/3444
f 3076/1375/3446 3075/1371/3444 3077/1380/3447
f 3078/1383/3448 3077/1380/3447 1719/1381/3445
f 1719/1381/3445 1722/1384/3449 3078/1383/3448
f 3077/1380/3447 3079/1379/3450 3076/1375/3446
f 2083/1376/2226 3076/1375/3446 3079/1379/3450
f 3079/1379/3450 3077/1380/3447 3078/1383/3448
f 1723/1385/1864 3078/1383/3448 1722/1384/3449
f 3079/1379/3450 3080/1377/3451 2083/1376/2226
f 1712/1374/1853 2083/1376/2226 3080/1377/3451
f 3080/1377/3451 1716/1378/3452 1712/1374/1853
f 1725/1387/3453 1716/1378/3452 3080/1377/3451
f 3078/1383/3448 3081/1382/3454 3079/1379/3450
f 3080/1377/3451 3079/1379/3450 3081/1382/3454
f 3081/1382/3454 3078/1383/3448 1723/1385/1864
f 3080/1377/3451 3082/1386/3455 1725/1387/3453
f 3081/1382/3454 3082/1386/3455 3080/1377/3451
f 1725/1387/3453 3082/1386/3455 1723/1385/1864
f 3082/1386/3455 3081/1382/3454 1723/1385/1864
f 3083/2371/3456 3074/2370/3443 2086/1746/2229
f 3074/2370/3443 3083/2371/3456 3070/2368/3439
f 2086/1746/2229 3084/1256/3457 3083/2371/3456
f 2089/1747/2232 3084/1256/3457 2086/1746/2229
f 1591/1255/2244 3084/1256/3457 2089/1747/2232
f 1591/1255/2244 3085/2372/3458 3084/1256/3457
f 3083/2371/3456 3084/1256/3457 3085/2372/3458
f 3085/2372/3458 1591/1255/2244 1589/1253/1730
f 3083/2371/3456 3086/2373/3459 3070/2368/3439
f 3070/2368/3439 3086/2373/3459 1570/1234/3435
f 3085/2372/3458 3087/2374/3460 3083/2371/3456
f 3087/2374/3460 3086/2373/3459 3083/2371/3456
f 1589/1253/1730 3088/2375/3461 3085/2372/3458
f 3089/2376/3462 3087/2374/3460 3085/2372/3458
f 3085/2372/3458 3088/2375/3461 3089/2376/3462
f 3086/2373/3459 3087/2374/3460 3089/2376/3462
f 3090/2377/3463 3088/2375/3461 1589/1253/1730
f 3089/2376/3462 3088/2375/3461 3090/2377/3463
f 1589/1253/1730 1588/1252/3464 3090/2377/3463
f 3090/2377/3463 1588/1252/3464 1587/1251/1728
f 3089/2376/3462 3091/2378/3465 3086/2373/3459
f 3091/2378/3465 1570/1234/3435 3086/2373/3459
f 3091/2378/3465 1577/1241/1714 1570/1234/3435
f 3090/2377/3463 3092/2379/3466 3089/2376/3462
f 3091/2378/3465 3089/2376/3462 3092/2379/3466
f 1587/1251/1728 3093/2380/3467 3090/2377/3463
f 3092/2379/3466 3090/2377/3463 3093/2380/3467
f 1583/1247/3468 3093/2380/3467 1587/1251/1728
f 1577/1241/1714 3091/2378/3465 3094/2381/3469
f 3092/2379/3466 3094/2381/3469 3091/2378/3465
f 3094/2381/3469 16/2382/3470 1577/1241/1714
f 3093/2380/3467 3095/2383/3471 3092/2379/3466
f 3094/2381/3469 3092/2379/3466 3095/2383/3471
f 3095/2383/3471 3093/2380/3467 1583/1247/3468
f 16/2382/3470 3094/2381/3469 3096/1248/3472
f 3095/2383/3471 3096/1248/3472 3094/2381/3469
f 1583/1247/3468 3096/1248/3472 3095/2383/3471
f 3096/1248/3472 17/19/3473 16/2382/3470
f 17/19/3473 3096/1248/3472 1583/1247/3468
f 88/91/88 3097/2384/3474 89/92/89
f 94/97/94 3097/2384/3474 88/91/88
f 1416/2385/3475 89/92/89 3097/2384/3474
f 3098/2386/3476 3097/2384/3474 94/97/94
f 3097/2384/3474 3098/2386/3476 1416/2385/3475
f 94/97/94 1422/2387/3477 3098/2386/3476
f 1416/2385/3475 3098/2386/3476 3099/2388/3478
f 3099/2388/3478 3098/2386/3476 1422/2387/3477
f 3099/2388/3478 1420/2389/3479 1416/2385/3475
f 1422/2387/3477 1427/2390/1534 3099/2388/3478
f 1424/2391/3480 1420/2389/3479 3099/2388/3478
f 3099/2388/3478 1427/2390/1534 1424/2391/3480
f 796/670/809 799/673/812 3100/732/3481
f 805/679/817 3100/732/3481 799/673/812
f 3100/732/3481 797/671/810 796/670/809
f 3101/733/3482 3100/732/3481 805/679/817
f 797/671/810 3100/732/3481 3101/733/3482
f 805/679/817 959/734/3483 3101/733/3482
f 3101/733/3482 3102/738/3484 797/671/810
f 3103/735/3485 3101/733/3482 959/734/3483
f 3102/738/3484 3101/733/3482 3103/735/3485
f 959/734/3483 963/736/3486 3103/735/3485
f 3103/735/3485 963/736/3486 964/737/1014
f 3104/770/3487 797/671/810 3102/738/3484
f 797/671/810 3104/770/3487 793/667/806
f 964/737/1014 3105/739/3488 3103/735/3485
f 3105/739/3488 964/737/1014 967/740/3489
f 3103/735/3485 3106/741/3490 3102/738/3484
f 3106/741/3490 3103/735/3485 3105/739/3488
f 3102/738/3484 3107/768/3491 3104/770/3487
f 3107/768/3491 3102/738/3484 3106/741/3490
f 998/771/3492 793/667/806 3104/770/3487
f 3104/770/3487 996/769/3493 998/771/3492
f 996/769/3493 3104/770/3487 3107/768/3491
f 793/667/806 998/771/3492 1000/772/2923
f 3107/768/3491 994/767/3494 996/769/3493
f 1000/772/2923 792/666/805 793/667/806
f 994/767/3494 3107/768/3491 3108/766/3495
f 3106/741/3490 3108/766/3495 3107/768/3491
f 3108/766/3495 992/765/3496 994/767/3494
f 3109/773/3497 792/666/805 1000/772/2923
f 1000/772/2923 1007/774/1057 3109/773/3497
f 792/666/805 3109/773/3497 789/663/802
f 3109/773/3497 1007/774/1057 1008/775/3498
f 992/765/3496 3108/766/3495 3110/764/3499
f 3110/764/3499 990/763/3500 992/765/3496
f 3108/766/3495 3106/741/3490 3111/743/3501
f 3111/743/3501 3110/764/3499 3108/766/3495
f 3105/739/3488 3111/743/3501 3106/741/3490
f 990/763/3500 3110/764/3499 3112/762/3502
f 3112/762/3502 988/761/3503 990/763/3500
f 3111/743/3501 3105/739/3488 3113/742/3504
f 967/740/3489 3113/742/3504 3105/739/3488
f 3110/764/3499 3111/743/3501 3114/747/3505
f 3113/742/3504 3114/747/3505 3111/743/3501
f 3114/747/3505 3112/762/3502 3110/764/3499
f 3115/744/3506 3113/742/3504 967/740/3489
f 3114/747/3505 3113/742/3504 3115/744/3506
f 967/740/3489 972/745/3507 3115/744/3506
f 3115/744/3506 972/745/3507 973/746/3508
f 3112/762/3502 3114/747/3505 3116/750/3509
f 3115/744/3506 3116/750/3509 3114/747/3505
f 973/746/3508 3117/748/3510 3115/744/3506
f 3116/750/3509 3115/744/3506 3117/748/3510
f 3117/748/3510 973/746/3508 976/749/3511
f 3116/750/3509 3118/760/3512 3112/762/3502
f 988/761/3503 3112/762/3502 3118/760/3512
f 3118/760/3512 986/759/3513 988/761/3503
f 3117/748/3510 3119/753/3514 3116/750/3509
f 3118/760/3512 3116/750/3509 3119/753/3514
f 976/749/3511 3120/751/3515 3117/748/3510
f 3119/753/3514 3117/748/3510 3120/751/3515
f 976/749/3511 979/752/3516 3120/751/3515
f 986/759/3513 3118/760/3512 3121/758/3517
f 3119/753/3514 3121/758/3517 3118/760/3512
f 3121/758/3517 984/757/3518 986/759/3513
f 3120/751/3515 3122/754/3519 3119/753/3514
f 3121/758/3517 3119/753/3514 3122/754/3519
f 3122/754/3519 3120/751/3515 979/752/3516
f 984/757/3518 3121/758/3517 3123/755/3520
f 3122/754/3519 3123/755/3520 3121/758/3517
f 3123/755/3520 3122/754/3519 979/752/3516
f 3123/755/3520 983/756/3521 984/757/3518
f 979/752/3516 983/756/3521 3123/755/3520
f 1008/775/3498 3124/776/3522 3109/773/3497
f 3125/778/3523 3124/776/3522 1008/775/3498
f 1008/775/3498 1014/779/3524 3125/778/3523
f 3109/773/3497 3124/776/3522 3126/777/3525
f 3126/777/3525 3124/776/3522 3125/778/3523
f 3126/777/3525 789/663/802 3109/773/3497
f 781/655/794 789/663/802 3126/777/3525
f 3126/777/3525 784/658/797 781/655/794
f 784/658/797 3126/777/3525 3127/783/3526
f 3125/778/3523 3127/783/3526 3126/777/3525
f 3127/783/3526 782/656/795 784/658/797
f 3128/780/3527 3125/778/3523 1014/779/3524
f 3127/783/3526 3125/778/3523 3128/780/3527
f 1014/779/3524 1017/781/3528 3128/780/3527
f 3128/780/3527 1017/781/3528 1018/782/3529
f 782/656/795 3127/783/3526 3129/786/3530
f 3128/780/3527 3129/786/3530 3127/783/3526
f 1018/782/3529 3130/784/3531 3128/780/3527
f 3129/786/3530 3128/780/3527 3130/784/3531
f 3130/784/3531 1018/782/3529 1022/785/3532
f 3129/786/3530 3131/797/3533 782/656/795
f 778/652/791 782/656/795 3131/797/3533
f 1022/785/3532 3132/787/3534 3130/784/3531
f 1022/785/3532 1026/788/3535 3132/787/3534
f 3130/784/3531 3132/787/3534 3133/789/3536
f 1026/788/3535 3133/789/3536 3132/787/3534
f 3130/784/3531 3134/790/3537 3129/786/3530
f 3133/789/3536 3134/790/3537 3130/784/3531
f 3131/797/3533 3129/786/3530 3134/790/3537
f 3133/789/3536 1026/788/3535 3135/791/3538
f 3134/790/3537 3133/789/3536 3135/791/3538
f 3136/792/3539 3135/791/3538 1026/788/3535
f 1026/788/3535 1031/793/2666 3136/792/3539
f 3135/791/3538 3137/796/3540 3134/790/3537
f 3134/790/3537 3137/796/3540 3131/797/3533
f 3135/791/3538 3136/792/3539 3138/794/3541
f 3138/794/3541 3136/792/3539 1031/793/2666
f 3138/794/3541 3137/796/3540 3135/791/3538
f 1031/793/2666 1033/795/3542 3138/794/3541
f 3139/798/3543 3131/797/3533 3137/796/3540
f 3137/796/3540 3138/794/3541 3139/798/3543
f 3139/798/3543 3138/794/3541 1033/795/3542
f 3131/797/3533 3139/798/3543 778/652/791
f 1033/795/3542 1037/799/3544 3139/798/3543
f 776/650/789 778/652/791 3139/798/3543
f 3139/798/3543 1037/799/3544 776/650/789
f 3140/1030/3546 2649/1031/3545 374/1027/1546
f 1434/1025/1545 3140/1030/3546 374/1027/1546
f 2646/1032/2908 2649/1031/3545 3140/1030/3546
f 3141/1035/3547 3140/1030/3546 1434/1025/1545
f 3140/1030/3546 3141/1035/3547 2646/1032/2908
f 1434/1025/1545 3142/1074/3548 3141/1035/3547
f 1433/1024/1544 3142/1074/3548 1434/1025/1545
f 2646/1032/2908 3141/1035/3547 3143/1075/3549
f 3144/1072/3550 3142/1074/3548 1433/1024/1544
f 3141/1035/3547 3142/1074/3548 3144/1072/3550
f 3144/1072/3550 3143/1075/3549 3141/1035/3547
f 1433/1024/1544 1439/1070/1552 3144/1072/3550
f 3144/1072/3550 1439/1070/1552 1455/1068/1578
f 1455/1068/1578 1462/1073/1586 3144/1072/3550
f 3143/1075/3549 3144/1072/3550 1462/1073/1586
f 3143/1075/3549 855/1076/3551 2646/1032/2908
f 1462/1073/1586 3145/1077/3552 3143/1075/3549
f 1463/1081/1587 3145/1077/3552 1462/1073/1586
f 855/1076/3551 3143/1075/3549 3146/1078/3553
f 3146/1078/3553 3143/1075/3549 3145/1077/3552
f 3146/1078/3553 856/1079/3554 855/1076/3551
f 857/1080/3555 856/1079/3554 3146/1078/3553
f 3147/1082/3556 3145/1077/3552 1463/1081/1587
f 3145/1077/3552 3147/1082/3556 3146/1078/3553
f 3146/1078/3553 3148/1083/3557 857/1080/3555
f 3148/1083/3557 3146/1078/3553 3147/1082/3556
f 862/1084/3558 857/1080/3555 3148/1083/3557
f 1463/1081/1587 3149/1091/3559 3147/1082/3556
f 859/1099/1591 3149/1091/3559 1463/1081/1587
f 3147/1082/3556 3150/1087/3560 3148/1083/3557
f 3150/1087/3560 3147/1082/3556 3149/1091/3559
f 3148/1083/3557 3151/1085/3561 862/1084/3558
f 3151/1085/3561 3148/1083/3557 3150/1087/3560
f 864/1086/3562 862/1084/3558 3151/1085/3561
f 3152/1097/3563 3149/1091/3559 859/1099/1591
f 3149/1091/3559 3152/1097/3563 3150/1087/3560
f 859/1099/1591 860/1098/878 3152/1097/3563
f 3152/1097/3563 860/1098/878 863/1095/3564
f 3151/1085/3561 3153/1088/3565 864/1086/3562
f 3153/1088/3565 867/1089/3566 864/1086/3562
f 3150/1087/3560 3154/1090/3567 3151/1085/3561
f 3153/1088/3565 3151/1085/3561 3154/1090/3567
f 3154/1090/3567 3150/1087/3560 3152/1097/3563
f 867/1089/3566 3153/1088/3565 3155/1092/3568
f 3154/1090/3567 3155/1092/3568 3153/1088/3565
f 867/1089/3566 3155/1092/3568 3156/1093/3569
f 3156/1093/3569 3155/1092/3568 3154/1090/3567
f 3156/1093/3569 865/1094/3570 867/1089/3566
f 863/1095/3564 865/1094/3570 3156/1093/3569
f 3152/1097/3563 3157/1096/3571 3154/1090/3567
f 863/1095/3564 3157/1096/3571 3152/1097/3563
f 3154/1090/3567 3157/1096/3571 3156/1093/3569
f 3156/1093/3569 3157/1096/3571 863/1095/3564
f 3158/2388/3574 1507/2391/3573 1512/2390/3572
f 1507/2391/3573 3158/2388/3574 1504/2389/3575
f 3158/2388/3574 1512/2390/3572 1510/2387/1644
f 1500/2385/1635 1504/2389/3575 3158/2388/3574
f 1510/2387/1644 3159/2386/3576 3158/2388/3574
f 3158/2388/3574 3159/2386/3576 1500/2385/1635
f 3159/2386/3576 1510/2387/1644 1502/97/3577
f 1500/2385/1635 3159/2386/3576 3160/2384/3578
f 1502/97/3577 3160/2384/3578 3159/2386/3576
f 3160/2384/3578 1494/92/3579 1500/2385/1635
f 3161/91/3580 3160/2384/3578 1502/97/3577
f 1494/92/3579 3160/2384/3578 3161/91/3580
f 1502/97/3577 1497/95/3581 3161/91/3580
f 3161/91/3580 521/88/523 1494/92/3579
f 3161/91/3580 1497/95/3581 526/93/528
f 521/88/523 3161/91/3580 519/86/521
f 526/93/528 519/86/521 3161/91/3580
f 1259/2300/3191 1256/953/1330 3162/955/3582
f 3162/955/3582 2891/959/3195 1259/2300/3191
f 3162/955/3582 1256/953/1330 1254/951/3583
f 2891/959/3195 3162/955/3582 3163/957/3584
f 3163/957/3584 2892/961/3196 2891/959/3195
f 1254/951/3583 3164/952/3585 3162/955/3582
f 3165/995/3586 2892/961/3196 3163/957/3584
f 2889/965/3193 2892/961/3196 3165/995/3586
f 3165/995/3586 2893/993/3198 2889/965/3193
f 1297/994/1370 2893/993/3198 3165/995/3586
f 3165/995/3586 1299/996/1372 1297/994/1370
f 1301/998/1374 1299/996/1372 3165/995/3586
f 3165/995/3586 3166/2392/3587 1301/998/1374
f 3163/957/3584 3166/2392/3587 3165/995/3586
f 1302/2393/3588 1301/998/1374 3166/2392/3587
f 3167/958/3589 3166/2392/3587 3163/957/3584
f 3166/2392/3587 3167/958/3589 1302/2393/3588
f 3168/954/3590 3163/957/3584 3162/955/3582
f 3163/957/3584 3168/954/3590 3167/958/3589
f 3162/955/3582 3164/952/3585 3168/954/3590
f 1302/2393/3588 3167/958/3589 3169/1001/3591
f 3169/1001/3591 1303/1000/3592 1302/2393/3588
f 3167/958/3589 3168/954/3590 3170/929/3593
f 3170/929/3593 3169/1001/3591 3167/958/3589
f 3168/954/3590 3164/952/3585 3171/2394/3594
f 3171/2394/3594 3170/929/3593 3168/954/3590
f 3171/2394/3594 3164/952/3585 1254/951/3583
f 1254/951/3583 1251/2395/1325 3171/2394/3594
f 1303/1000/3592 3169/1001/3591 3172/2396/3595
f 1306/1003/3596 1303/1000/3592 3172/2396/3595
f 1251/2395/1325 3173/2397/3597 3171/2394/3594
f 3173/2397/3597 1251/2395/1325 1249/2398/1323
f 3172/2396/3595 3174/1002/3598 1306/1003/3596
f 1307/1004/3599 1306/1003/3596 3174/1002/3598
f 3175/909/3600 3172/2396/3595 3169/1001/3591
f 3175/909/3600 3174/1002/3598 3172/2396/3595
f 3169/1001/3591 3170/929/3593 3175/909/3600
f 3174/1002/3598 3176/2399/3601 1307/1004/3599
f 3171/2394/3594 3177/2400/3602 3170/929/3593
f 3177/2400/3602 3171/2394/3594 3173/2397/3597
f 3178/1005/3603 3176/2399/3601 3174/1002/3598
f 3174/1002/3598 3175/909/3600 3178/1005/3603
f 1307/1004/3599 3176/2399/3601 3179/1008/3604
f 3179/1008/3604 1312/1009/1385 1307/1004/3599
f 1312/1009/1385 3179/1008/3604 1313/1010/1386
f 3180/1008/3605 3179/1008/3604 3176/2399/3601
f 1313/1010/1386 3179/1008/3604 3180/1008/3605
f 3176/2399/3601 3178/1005/3603 3180/1008/3605
f 3180/1008/3605 3181/1011/3606 1313/1010/1386
f 3181/1011/3606 3180/1008/3605 3178/1005/3603
f 1313/1010/1386 3181/1011/3606 1315/2401/3607
f 3178/1005/3603 3182/1006/1597 3181/1011/3606
f 1315/2401/3607 3181/1011/3606 3182/1006/1597
f 3178/1005/3603 3175/909/3600 3182/1006/1597
f 3182/1006/1597 1310/1007/3608 1315/2401/3607
f 1207/904/3609 1310/1007/3608 3182/1006/1597
f 3182/1006/1597 3175/909/3600 1207/904/3609
f 3175/909/3600 3183/2402/3610 1207/904/3609
f 3184/2403/3611 1207/904/3609 3183/2402/3610
f 1207/904/3609 3184/2403/3611 1205/902/3612
f 3183/2402/3610 3175/909/3600 3185/928/3613
f 3170/929/3593 3185/928/3613 3175/909/3600
f 3185/928/3613 3170/929/3593 3177/2400/3602
f 3184/2403/3611 3183/2402/3610 3186/2404/3614
f 3185/928/3613 3186/2404/3614 3183/2402/3610
f 3184/2403/3611 3187/903/3615 1205/902/3612
f 3177/2400/3602 3188/2405/3616 3185/928/3613
f 3187/903/3615 3184/2403/3611 3189/2406/3617
f 3186/2404/3614 3189/2406/3617 3184/2403/3611
f 1205/902/3612 3187/903/3615 3190/900/3618
f 3190/900/3618 1204/901/3619 1205/902/3612
f 3186/2404/3614 3185/928/3613 3191/2407/1652
f 3185/928/3613 3188/2405/3616 3191/2407/1652
f 3191/2407/1652 3192/2408/3620 3186/2404/3614
f 3189/2406/3617 3186/2404/3614 3192/2408/3620
f 1226/923/3621 3191/2407/1652 3188/2405/3616
f 1225/922/3622 3192/2408/3620 3191/2407/1652
f 3191/2407/1652 1226/923/3621 1225/922/3622
f 3192/2408/3620 1225/922/3622 1224/921/1298
f 3188/2405/3616 3193/2409/3623 1226/923/3621
f 3193/2409/3623 3188/2405/3616 3177/2400/3602
f 3173/2397/3597 3193/2409/3623 3177/2400/3602
f 1224/921/1298 3194/2410/3624 3192/2408/3620
f 3192/2408/3620 3194/2410/3624 3189/2406/3617
f 3195/2411/3625 3194/2410/3624 1224/921/1298
f 3189/2406/3617 3194/2410/3624 3195/2411/3625
f 1224/921/1298 1220/917/1294 3195/2411/3625
f 3196/2412/3626 3189/2406/3617 3195/2411/3625
f 3195/2411/3625 1220/917/1294 3197/2413/3627
f 3195/2411/3625 3197/2413/3627 3196/2412/3626
f 3198/915/3628 3197/2413/3627 1220/917/1294
f 3189/2406/3617 3196/2412/3626 3199/905/3629
f 3189/2406/3617 3199/905/3629 3187/903/3615
f 3190/900/3618 3187/903/3615 3199/905/3629
f 3200/911/3630 3196/2412/3626 3197/2413/3627
f 3197/2413/3627 3198/915/3628 3200/911/3630
f 3201/810/3631 3199/905/3629 3196/2412/3626
f 3199/905/3629 3201/810/3631 3190/900/3618
f 3196/2412/3626 3200/911/3630 3201/810/3631
f 3202/2414/3632 3198/915/3628 1220/917/1294
f 3200/911/3630 3198/915/3628 3202/2414/3632
f 1220/917/1294 1221/918/1975 3202/2414/3632
f 3203/925/3633 3202/2414/3632 1221/918/1975
f 1221/918/1975 1222/919/3634 3203/925/3633
f 3203/925/3633 1222/919/3634 1230/2415/1304
f 3202/2414/3632 3204/805/3635 3200/911/3630
f 3204/805/3635 3202/2414/3632 3203/925/3633
f 1230/2415/1304 3205/2416/3636 3203/925/3633
f 1230/2415/1304 25/29/3637 3205/2416/3636
f 3206/30/3638 3203/925/3633 3205/2416/3636
f 3203/925/3633 3206/30/3638 3204/805/3635
f 25/29/3637 3207/926/3639 3205/2416/3636
f 3205/2416/3636 3207/926/3639 3206/30/3638
f 25/29/3637 3208/27/3640 3207/926/3639
f 3206/30/3638 3207/926/3639 3208/27/3640
f 25/29/3637 1102/28/3641 3208/27/3640
f 3208/27/3640 3209/2417/3642 3206/30/3638
f 3209/2417/3642 3208/27/3640 1102/28/3641
f 3204/805/3635 3206/30/3638 3209/2417/3642
f 1102/28/3641 1103/800/3643 3209/2417/3642
f 3209/2417/3642 1103/800/3643 1105/802/3644
f 3209/2417/3642 3210/803/3645 3204/805/3635
f 1105/802/3644 3210/803/3645 3209/2417/3642
f 3204/805/3635 3210/803/3645 3211/2418/3646
f 3211/2418/3646 3210/803/3645 1105/802/3644
f 3211/2418/3646 3200/911/3630 3204/805/3635
f 1105/802/3644 1107/804/1182 3211/2418/3646
f 3211/2418/3646 3201/810/3631 3200/911/3630
f 1107/804/1182 3201/810/3631 3211/2418/3646
f 3212/808/3647 3201/810/3631 1107/804/1182
f 1112/809/1187 3212/808/3647 1107/804/1182
f 3213/814/3648 3201/810/3631 3212/808/3647
f 3190/900/3618 3201/810/3631 3213/814/3648
f 3214/811/3649 3212/808/3647 1112/809/1187
f 1112/809/1187 1115/2419/1187 3214/811/3649
f 3214/811/3649 1115/2419/1187 1116/2420/1191
f 3215/819/3650 3213/814/3648 3212/808/3647
f 3212/808/3647 3214/811/3649 3215/819/3650
f 3213/814/3648 3216/898/3651 3190/900/3618
f 1204/901/3619 3190/900/3618 3216/898/3651
f 3216/898/3651 1202/899/1276 1204/901/3619
f 1200/897/1274 1202/899/1276 3216/898/3651
f 3217/823/3652 3216/898/3651 3213/814/3648
f 3216/898/3651 3217/823/3652 1200/897/1274
f 3213/814/3648 3215/819/3650 3217/823/3652
f 1200/897/1274 3217/823/3652 3218/896/3653
f 3218/896/3653 3217/823/3652 3215/819/3650
f 3218/896/3653 1198/895/3654 1200/897/1274
f 3215/819/3650 3219/818/3655 3218/896/3653
f 3219/818/3655 3215/819/3650 3214/811/3649
f 1198/895/3654 3218/896/3653 3220/893/3656
f 3220/893/3656 3218/896/3653 3219/818/3655
f 3220/893/3656 1197/2421/1271 1198/895/3654
f 3214/811/3649 3221/815/3657 3219/818/3655
f 1116/2420/1191 3221/815/3657 3214/811/3649
f 3221/815/3657 1116/2420/1191 1120/2422/1195
f 3219/818/3655 3221/815/3657 3222/816/3658
f 1120/2422/1195 3222/816/3658 3221/815/3657
f 3222/816/3658 3223/822/3659 3219/818/3655
f 3219/818/3655 3223/822/3659 3220/893/3656
f 3224/820/3660 3222/816/3658 1120/2422/1195
f 3223/822/3659 3222/816/3658 3224/820/3660
f 1120/2422/1195 1124/821/1199 3224/820/3660
f 3224/820/3660 1124/821/1199 1128/825/3661
f 3220/893/3656 3223/822/3659 3225/826/3662
f 3224/820/3660 3225/826/3662 3223/822/3659
f 1197/2421/1271 3220/893/3656 3226/891/3663
f 3225/826/3662 3226/891/3663 3220/893/3656
f 3226/891/3663 1195/892/3664 1197/2421/1271
f 3225/826/3662 3224/820/3660 3227/824/3665
f 1128/825/3661 3227/824/3665 3224/820/3660
f 3226/891/3663 3225/826/3662 3228/830/3666
f 3227/824/3665 3228/830/3666 3225/826/3662
f 1195/892/3664 3226/891/3663 3229/889/3667
f 3228/830/3666 3229/889/3667 3226/891/3663
f 3229/889/3667 1193/890/3668 1195/892/3664
f 1193/890/3668 3229/889/3667 3230/888/3669
f 3230/888/3669 3229/889/3667 3228/830/3666
f 3230/888/3669 1190/887/3670 1193/890/3668
f 3231/831/3671 3228/830/3666 3227/824/3665
f 3228/830/3666 3231/831/3671 3230/888/3669
f 3232/827/3672 3227/824/3665 1128/825/3661
f 3227/824/3665 3232/827/3672 3231/831/3671
f 1128/825/3661 1131/828/3673 3232/827/3672
f 3232/827/3672 1131/828/3673 1132/829/3674
f 3231/831/3671 3232/827/3672 3233/832/3675
f 1132/829/3674 3233/832/3675 3232/827/3672
f 3230/888/3669 3231/831/3671 3234/2423/3676
f 3233/832/3675 3234/2423/3676 3231/831/3671
f 1190/887/3670 3230/888/3669 3235/2424/3677
f 3234/2423/3676 3235/2424/3677 3230/888/3669
f 3235/2424/3677 1188/885/3678 1190/887/3670
f 3236/833/3679 3233/832/3675 1132/829/3674
f 3234/2423/3676 3233/832/3675 3236/833/3679
f 1132/829/3674 1137/834/3680 3236/833/3679
f 1188/885/3678 3235/2424/3677 3237/884/3681
f 3237/884/3681 3235/2424/3677 3234/2423/3676
f 3237/884/3681 1186/2425/3682 1188/885/3678
f 3236/833/3679 3238/838/3683 3234/2423/3676
f 3234/2423/3676 3238/838/3683 3237/884/3681
f 3239/836/3684 3236/833/3679 1137/834/3680
f 3238/838/3683 3236/833/3679 3239/836/3684
f 1137/834/3680 1140/837/3685 3239/836/3684
f 3239/836/3684 1140/837/3685 1143/840/1218
f 3237/884/3681 3238/838/3683 3240/841/3686
f 3239/836/3684 3240/841/3686 3238/838/3683
f 1186/2425/3682 3237/884/3681 3241/845/3687
f 3240/841/3686 3241/845/3687 3237/884/3681
f 3241/845/3687 1185/882/3688 1186/2425/3682
f 1184/881/3689 1185/882/3688 3241/845/3687
f 3242/880/3690 3241/845/3687 3240/841/3686
f 3241/845/3687 3242/880/3690 1184/881/3689
f 3243/2426/3691 3240/841/3686 3239/836/3684
f 3240/841/3686 3243/2426/3691 3242/880/3690
f 1143/840/1218 3244/839/3692 3239/836/3684
f 3239/836/3684 3244/839/3692 3243/2426/3691
f 3244/839/3692 1143/840/1218 1146/843/1221
f 1146/843/1221 3245/2427/3693 3244/839/3692
f 3243/2426/3691 3244/839/3692 3245/2427/3693
f 3245/2427/3693 1146/843/1221 1150/847/3694
f 3242/880/3690 3243/2426/3691 3246/2428/3695
f 3245/2427/3693 3246/2428/3695 3243/2426/3691
f 1184/881/3689 3242/880/3690 3247/2429/3696
f 3246/2428/3695 3247/2429/3696 3242/880/3690
f 3247/2429/3696 1182/879/1256 1184/881/3689
f 1150/847/3694 3248/2430/3697 3245/2427/3693
f 3246/2428/3695 3245/2427/3693 3248/2430/3697
f 3248/2430/3697 1150/847/3694 1153/850/3698
f 1182/879/1256 3247/2429/3696 3249/2431/3699
f 3249/2431/3699 3247/2429/3696 3246/2428/3695
f 3249/2431/3699 1180/877/1254 1182/879/1256
f 1178/875/1254 1180/877/1254 3249/2431/3699
f 3248/2430/3697 3250/2432/3700 3246/2428/3695
f 3246/2428/3695 3250/2432/3700 3249/2431/3699
f 1153/850/3698 3251/2433/3701 3248/2430/3697
f 3250/2432/3700 3248/2430/3697 3251/2433/3701
f 3251/2433/3701 1153/850/3698 1157/854/3702
f 3249/2431/3699 3250/2432/3700 3252/2434/3703
f 3251/2433/3701 3252/2434/3703 3250/2432/3700
f 3249/2431/3699 3253/2435/3704 1178/875/1254
f 3252/2434/3703 3253/2435/3704 3249/2431/3699
f 3254/856/3705 3252/2434/3703 3251/2433/3701
f 3253/2435/3704 3252/2434/3703 3254/856/3705
f 1178/875/1254 3253/2435/3704 3255/2436/3706
f 3254/856/3705 3255/2436/3706 3253/2435/3704
f 3255/2436/3706 1176/2437/3707 1178/875/1254
f 1174/871/1248 1176/2437/3707 3255/2436/3706
f 3251/2433/3701 3256/2438/3708 3254/856/3705
f 1157/854/3702 3256/2438/3708 3251/2433/3701
f 3255/2436/3706 3254/856/3705 3257/2439/3709
f 3257/2439/3709 3254/856/3705 3256/2438/3708
f 3258/2440/3710 3256/2438/3708 1157/854/3702
f 3256/2438/3708 3258/2440/3710 3257/2439/3709
f 1157/854/3702 1158/2441/1233 3258/2440/3710
f 3257/2439/3709 3259/2442/3711 3255/2436/3706
f 3255/2436/3706 3259/2442/3711 1174/871/1248
f 3260/2443/3712 3257/2439/3709 3258/2440/3710
f 3259/2442/3711 3257/2439/3709 3260/2443/3712
f 3261/2444/3713 3258/2440/3710 1158/2441/1233
f 3258/2440/3710 3261/2444/3713 3260/2443/3712
f 1158/2441/1233 1162/859/3714 3261/2444/3713
f 3261/2444/3713 1162/859/3714 1163/860/1238
f 1163/860/1238 3262/2445/3715 3261/2444/3713
f 3260/2443/3712 3261/2444/3713 3262/2445/3715
f 3262/2445/3715 1163/860/1238 1166/863/1240
f 3262/2445/3715 3263/2446/3716 3260/2443/3712
f 3263/2446/3716 3262/2445/3715 1166/863/1240
f 3260/2443/3712 3264/2447/3717 3259/2442/3711
f 3264/2447/3717 3260/2443/3712 3263/2446/3716
f 1174/871/1248 3259/2442/3711 3264/2447/3717
f 3264/2447/3717 1171/868/3718 1174/871/1248
f 1170/867/1244 1171/868/3718 3264/2447/3717
f 3265/2448/3719 3263/2446/3716 1166/863/1240
f 1170/867/1244 3265/2448/3719 1166/863/1240
f 3263/2446/3716 3265/2448/3719 3264/2447/3717
f 3264/2447/3717 3265/2448/3719 1170/867/1244
f 1236/933/1310 1226/923/3621 3266/2449/3720
f 1239/936/3721 1236/933/1310 3266/2449/3720
f 1226/923/3621 3193/2409/3623 3266/2449/3720
f 3266/2449/3720 3267/2450/3722 1239/936/3721
f 1240/937/1314 1239/936/3721 3267/2450/3722
f 3268/2451/3723 3266/2449/3720 3193/2409/3623
f 3267/2450/3722 3269/2452/3724 1240/937/1314
f 1240/937/1314 3269/2452/3724 1243/940/3725
f 3270/2453/3726 3267/2450/3722 3266/2449/3720
f 3269/2452/3724 3267/2450/3722 3270/2453/3726
f 3266/2449/3720 3268/2451/3723 3270/2453/3726
f 1243/940/3725 3269/2452/3724 3271/2454/3727
f 3270/2453/3726 3271/2454/3727 3269/2452/3724
f 3272/2455/3728 3268/2451/3723 3193/2409/3623
f 3270/2453/3726 3268/2451/3723 3272/2455/3728
f 3193/2409/3623 3173/2397/3597 3272/2455/3728
f 1249/2398/1323 3272/2455/3728 3173/2397/3597
f 3272/2455/3728 1249/2398/1323 1248/945/3729
f 3272/2455/3728 3273/2456/3730 3270/2453/3726
f 1248/945/3729 3273/2456/3730 3272/2455/3728
f 3271/2454/3727 3270/2453/3726 3273/2456/3730
f 3274/2457/3731 3273/2456/3730 1248/945/3729
f 3273/2456/3730 3274/2457/3731 3271/2454/3727
f 3271/2454/3727 3274/2457/3731 1243/940/3725
f 1248/945/3729 1247/944/1321 3274/2457/3731
f 1243/940/3725 3274/2457/3731 1247/944/1321
f 2785/2208/3084 3275/2459/3733 3276/2458/3732
f 3276/2458/3732 3275/2459/3733 3277/2460/3734
f 3276/2458/3732 2787/2210/3086 2785/2208/3084
f 3277/2460/3734 3278/2461/3735 3276/2458/3732
f 3279/2462/3736 3278/2461/3735 3277/2460/3734
f 3276/2458/3732 3278/2461/3735 3280/2463/3737
f 3280/2463/3737 3278/2461/3735 3279/2462/3736
f 2787/2210/3086 3276/2458/3732 3281/2464/3738
f 3280/2463/3737 3281/2464/3738 3276/2458/3732
f 3282/2465/3739 3280/2463/3737 3279/2462/3736
f 3283/2466/3740 3282/2465/3739 3279/2462/3736
f 3280/2463/3737 3282/2465/3739 3284/2467/3741
f 3284/2467/3741 3282/2465/3739 3283/2466/3740
f 3284/2467/3741 3281/2464/3738 3280/2463/3737
f 3283/2466/3740 3285/2468/3742 3284/2467/3741
f 3284/2467/3741 3285/2468/3742 3286/2469/3743
f 3281/2464/3738 3284/2467/3741 3287/2470/3744
f 3286/2469/3743 3287/2470/3744 3284/2467/3741
f 3287/2470/3744 3288/2471/3745 3281/2464/3738
f 3281/2464/3738 3288/2471/3745 2787/2210/3086
f 3286/2469/3743 3289/2472/3746 3287/2470/3744
f 3288/2471/3745 3287/2470/3744 3289/2472/3746
f 2787/2210/3086 3288/2471/3745 3289/2472/3746
f 3289/2472/3746 3286/2469/3743 2824/2246/3123
f 3289/2472/3746 2784/2207/3083 2787/2210/3086
f 2824/2246/3123 2814/2236/3113 3289/2472/3746
f 2784/2207/3083 3289/2472/3746 2783/2206/3082
f 2809/2231/3108 3289/2472/3746 2814/2236/3113
f 3289/2472/3746 2809/2231/3108 2783/2206/3082
f 2725/2148/3024 2726/2149/3748 3290/2146/3747
f 3290/2146/3747 3291/2147/3749 2725/2148/3024
f 3290/2146/3747 2726/2149/3748 2729/2152/3028
f 3291/2147/3749 3290/2146/3747 3292/2145/3750
f 3292/2145/3750 3293/2141/3751 3291/2147/3749
f 2729/2152/3028 3294/2151/3752 3290/2146/3747
f 3294/2151/3752 2729/2152/3028 2730/2153/3753
f 3295/2150/3754 3292/2145/3750 3290/2146/3747
f 3290/2146/3747 3294/2151/3752 3295/2150/3754
f 3293/2141/3751 3292/2145/3750 3296/2140/3755
f 3296/2140/3755 3292/2145/3750 3295/2150/3754
f 3296/2140/3755 3297/2139/3756 3293/2141/3751
f 2715/2138/3014 3297/2139/3756 3296/2140/3755
f 3296/2140/3755 2716/2137/3757 2715/2138/3014
f 2716/2137/3757 3296/2140/3755 3298/2142/3758
f 3295/2150/3754 3298/2142/3758 3296/2140/3755
f 3298/2142/3758 2720/2143/3759 2716/2137/3757
f 2720/2143/3759 3298/2142/3758 3299/2159/3760
f 3299/2159/3760 3298/2142/3758 3295/2150/3754
f 3299/2159/3760 2721/2144/3020 2720/2143/3759
f 2737/2160/3036 2721/2144/3020 3299/2159/3760
f 3295/2150/3754 3294/2151/3752 3300/2155/3761
f 2730/2153/3753 3300/2155/3761 3294/2151/3752
f 3300/2155/3761 2730/2153/3753 2734/2157/3033
f 3300/2155/3761 3301/2154/3762 3295/2150/3754
f 3295/2150/3754 3301/2154/3762 3299/2159/3760
f 2734/2157/3033 3302/2156/3763 3300/2155/3761
f 3301/2154/3762 3300/2155/3761 3302/2156/3763
f 3303/2161/3764 3302/2156/3763 2734/2157/3033
f 2734/2157/3033 2739/2162/3038 3303/2161/3764
f 3302/2156/3763 3304/2158/3765 3301/2154/3762
f 3299/2159/3760 3301/2154/3762 3304/2158/3765
f 3302/2156/3763 3303/2161/3764 3305/2168/3766
f 3305/2168/3766 3304/2158/3765 3302/2156/3763
f 3306/2169/3767 3303/2161/3764 2739/2162/3038
f 3305/2168/3766 3303/2161/3764 3306/2169/3767
f 2739/2162/3038 2740/2163/3039 3306/2169/3767
f 3306/2169/3767 2740/2163/3039 2753/2176/3052
f 3304/2158/3765 3307/2164/3768 3299/2159/3760
f 3299/2159/3760 3307/2164/3768 2737/2160/3036
f 3308/2165/3769 3307/2164/3768 3304/2158/3765
f 2737/2160/3036 3307/2164/3768 3308/2165/3769
f 3304/2158/3765 3305/2168/3766 3308/2165/3769
f 3308/2165/3769 2743/2166/3770 2737/2160/3036
f 3308/2165/3769 3305/2168/3766 3309/2170/3771
f 3306/2169/3767 3309/2170/3771 3305/2168/3766
f 2743/2166/3770 3308/2165/3769 3310/2171/3772
f 3309/2170/3771 3310/2171/3772 3308/2165/3769
f 3310/2171/3772 2744/2167/3773 2743/2166/3770
f 2744/2167/3773 3310/2171/3772 3311/2172/3774
f 3311/2172/3774 3310/2171/3772 3309/2170/3771
f 3311/2172/3774 2750/2173/3049 2744/2167/3773
f 2755/2178/3775 2750/2173/3049 3311/2172/3774
f 3312/2174/3776 3309/2170/3771 3306/2169/3767
f 3309/2170/3771 3312/2174/3776 3311/2172/3774
f 3311/2172/3774 3313/2177/3777 2755/2178/3775
f 3313/2177/3777 3311/2172/3774 3312/2174/3776
f 2756/2179/3055 2755/2178/3775 3313/2177/3777
f 3306/2169/3767 3314/2175/3778 3312/2174/3776
f 2753/2176/3052 3314/2175/3778 3306/2169/3767
f 3312/2174/3776 3315/2183/3779 3313/2177/3777
f 3315/2183/3779 3312/2174/3776 3314/2175/3778
f 3316/2180/3780 3314/2175/3778 2753/2176/3052
f 3314/2175/3778 3316/2180/3780 3315/2183/3779
f 2753/2176/3052 2758/2181/3057 3316/2180/3780
f 3317/2189/3781 3313/2177/3777 3315/2183/3779
f 3313/2177/3777 3317/2189/3781 2756/2179/3055
f 3318/2184/3782 3316/2180/3780 2758/2181/3057
f 3315/2183/3779 3316/2180/3780 3318/2184/3782
f 2758/2181/3057 2759/2182/3783 3318/2184/3782
f 3318/2184/3782 2759/2182/3783 2762/2185/3061
f 3315/2183/3779 3319/2186/3784 3317/2189/3781
f 3318/2184/3782 3319/2186/3784 3315/2183/3779
f 2756/2179/3055 3317/2189/3781 3320/2192/3785
f 3320/2192/3785 3317/2189/3781 3319/2186/3784
f 3320/2192/3785 2767/2190/3786 2756/2179/3055
f 2771/2194/3787 2767/2190/3786 3320/2192/3785
f 3321/2191/3788 3319/2186/3784 3318/2184/3782
f 3319/2186/3784 3321/2191/3788 3320/2192/3785
f 2762/2185/3061 3322/2187/3789 3318/2184/3782
f 3318/2184/3782 3322/2187/3789 3321/2191/3788
f 3322/2187/3789 2762/2185/3061 2765/2188/3064
f 3323/2193/3790 3320/2192/3785 3321/2191/3788
f 3320/2192/3785 3323/2193/3790 2771/2194/3787
f 3324/2195/3791 3321/2191/3788 3322/2187/3789
f 3321/2191/3788 3324/2195/3791 3323/2193/3790
f 2765/2188/3064 3325/2196/3792 3322/2187/3789
f 3322/2187/3789 3325/2196/3792 3324/2195/3791
f 2771/2194/3787 3323/2193/3790 3326/2198/3793
f 3326/2198/3793 2776/2199/3794 2771/2194/3787
f 3323/2193/3790 3324/2195/3791 3327/2197/3450
f 3327/2197/3450 3326/2198/3793 3323/2193/3790
f 3327/2197/3450 3324/2195/3791 3325/2196/3792
f 2776/2199/3794 3326/2198/3793 3328/2201/3795
f 3328/2201/3795 2777/2200/3796 2776/2199/3794
f 2779/2202/3797 2777/2200/3796 3328/2201/3795
f 3326/2198/3793 3329/2473/3798 3328/2201/3795
f 3327/2197/3450 3329/2473/3798 3326/2198/3793
f 2779/2202/3797 3328/2201/3795 3330/2474/3799
f 3330/2474/3799 3328/2201/3795 3329/2473/3798
f 3325/2196/3792 3331/2203/3800 3327/2197/3450
f 3331/2203/3800 3325/2196/3792 2765/2188/3064
f 2765/2188/3064 2781/2204/3801 3331/2203/3800
f 3327/2197/3450 3332/2205/3802 3329/2473/3798
f 3332/2205/3802 3327/2197/3450 3331/2203/3800
f 3329/2473/3798 3332/2205/3802 3333/2475/3803
f 3333/2475/3803 3330/2474/3799 3329/2473/3798
f 3331/2203/3800 3334/2209/3804 3332/2205/3802
f 3333/2475/3803 3332/2205/3802 3334/2209/3804
f 3335/2211/3805 3331/2203/3800 2781/2204/3801
f 3334/2209/3804 3331/2203/3800 3335/2211/3805
f 3336/2214/3806 3335/2211/3805 2781/2204/3801
f 2792/2215/3807 3336/2214/3806 2781/2204/3801
f 3336/2214/3806 2792/2215/3807 2793/2216/3808
f 3337/2476/3809 3334/2209/3804 3335/2211/3805
f 3337/2476/3809 3335/2211/3805 3336/2214/3806
f 2793/2216/3808 3338/2477/3810 3336/2214/3806
f 2793/2216/3808 2795/2217/3811 3338/2477/3810
f 3336/2214/3806 3339/2218/3812 3337/2476/3809
f 3339/2218/3812 3336/2214/3806 3338/2477/3810
f 3337/2476/3809 3340/2478/3813 3334/2209/3804
f 3334/2209/3804 3340/2478/3813 3333/2475/3803
f 3341/2479/3814 3337/2476/3809 3339/2218/3812
f 3337/2476/3809 3341/2479/3814 3340/2478/3813
f 3338/2477/3810 3342/2219/3815 3339/2218/3812
f 3342/2219/3815 3338/2477/3810 2795/2217/3811
f 3343/2223/3816 3339/2218/3812 3342/2219/3815
f 3339/2218/3812 3343/2223/3816 3341/2479/3814
f 3342/2219/3815 2795/2217/3811 3344/2220/3817
f 3342/2219/3815 3344/2220/3817 3343/2223/3816
f 2799/2221/3818 3344/2220/3817 2795/2217/3811
f 3344/2220/3817 2799/2221/3818 2800/2222/3819
f 2800/2222/3819 3343/2223/3816 3344/2220/3817
f 3341/2479/3814 3343/2223/3816 2800/2222/3819
f 2800/2222/3819 2802/2224/3820 3341/2479/3814
f 3341/2479/3814 3345/2480/3821 3340/2478/3813
f 2802/2224/3820 3345/2480/3821 3341/2479/3814
f 3333/2475/3803 3340/2478/3813 3345/2480/3821
f 3346/2234/3822 3345/2480/3821 2802/2224/3820
f 2802/2224/3820 2808/2230/3823 3346/2234/3822
f 3333/2475/3803 3345/2480/3821 3347/2481/3824
f 3347/2481/3824 3345/2480/3821 3346/2234/3822
f 3347/2481/3824 3348/2482/3825 3333/2475/3803
f 3348/2482/3825 3330/2474/3799 3333/2475/3803
f 3346/2234/3822 3349/2483/3826 3347/2481/3824
f 3349/2483/3826 3348/2482/3825 3347/2481/3824
f 3350/2237/3827 3346/2234/3822 2808/2230/3823
f 2808/2230/3823 2816/2238/3828 3350/2237/3827
f 3351/2235/3829 3349/2483/3826 3346/2234/3822
f 3351/2235/3829 3346/2234/3822 3350/2237/3827
f 3349/2483/3826 3352/2484/3830 3348/2482/3825
f 3352/2484/3830 3349/2483/3826 3351/2235/3829
f 3353/2240/3831 3350/2237/3827 2816/2238/3828
f 2816/2238/3828 2819/2241/3118 3353/2240/3831
f 3353/2240/3831 2819/2241/3118 2820/2242/3119
f 3350/2237/3827 3354/2239/3832 3351/2235/3829
f 3354/2239/3832 3350/2237/3827 3353/2240/3831
f 2820/2242/3119 3355/2244/3833 3353/2240/3831
f 3355/2244/3833 2820/2242/3119 2823/2245/3834
f 3353/2240/3831 3356/2254/3835 3354/2239/3832
f 3356/2254/3835 3353/2240/3831 3355/2244/3833
f 3351/2235/3829 3354/2239/3832 3357/2250/3836
f 3354/2239/3832 3356/2254/3835 3358/2252/3837
f 3358/2252/3837 3357/2250/3836 3354/2239/3832
f 3357/2250/3836 3359/2243/3838 3351/2235/3829
f 3351/2235/3829 3359/2243/3838 3352/2484/3830
f 2829/2251/3839 3357/2250/3836 3358/2252/3837
f 3359/2243/3838 3357/2250/3836 2829/2251/3839
f 3358/2252/3837 2831/2253/3840 2829/2251/3839
f 2829/2251/3839 2827/2249/3841 3359/2243/3838
f 2834/2256/3133 2831/2253/3840 3358/2252/3837
f 3359/2243/3838 2827/2249/3841 2824/2246/3842
f 2824/2246/3842 3352/2484/3830 3359/2243/3838
f 3352/2484/3830 2824/2246/3842 3348/2482/3825
f 3348/2482/3825 2824/2246/3842 3286/2469/3843
f 3358/2252/3837 3360/2255/3844 2834/2256/3133
f 3360/2255/3844 3358/2252/3837 3356/2254/3835
f 2836/2258/3135 2834/2256/3133 3360/2255/3844
f 3361/2470/3845 3348/2482/3825 3286/2469/3843
f 3361/2470/3845 3286/2469/3843 3285/2468/3742
f 3362/2471/3846 3348/2482/3825 3361/2470/3845
f 3348/2482/3825 3362/2471/3846 3330/2474/3799
f 3285/2468/3742 3363/2467/3847 3361/2470/3845
f 3362/2471/3846 3361/2470/3845 3363/2467/3847
f 3364/2465/3848 3363/2467/3847 3285/2468/3742
f 3285/2468/3742 3283/2466/3740 3364/2465/3848
f 3364/2465/3848 3283/2466/3740 3279/2462/3849
f 3363/2467/3847 3364/2465/3848 3365/2463/3850
f 3365/2463/3850 3364/2465/3848 3279/2462/3849
f 3363/2467/3847 3366/2464/3851 3362/2471/3846
f 3365/2463/3850 3366/2464/3851 3363/2467/3847
f 3279/2462/3849 3367/2461/3852 3365/2463/3850
f 3366/2464/3851 3365/2463/3850 3367/2461/3852
f 3279/2462/3849 3277/2460/3734 3367/2461/3852
f 3367/2461/3852 3277/2460/3734 3275/2459/3853
f 3367/2461/3852 3368/2458/3854 3366/2464/3851
f 3275/2459/3853 3368/2458/3854 3367/2461/3852
f 3369/2210/3447 3362/2471/3846 3366/2464/3851
f 3366/2464/3851 3368/2458/3854 3369/2210/3447
f 3369/2210/3447 3368/2458/3854 3275/2459/3853
f 3362/2471/3846 3369/2210/3447 3330/2474/3799
f 3275/2459/3853 2785/2208/3084 3369/2210/3447
f 2779/2202/3797 3330/2474/3799 3369/2210/3447
f 3369/2210/3447 2785/2208/3084 2779/2202/3797
f 3356/2254/3835 3370/2257/3855 3360/2255/3844
f 3355/2244/3833 3370/2257/3855 3356/2254/3835
f 3371/2260/3856 3360/2255/3844 3370/2257/3855
f 3360/2255/3844 3371/2260/3856 2836/2258/3135
f 3370/2257/3855 3355/2244/3833 3372/2247/3857
f 2823/2245/3834 3372/2247/3857 3355/2244/3833
f 3370/2257/3855 3373/2259/3858 3371/2260/3856
f 3372/2247/3857 3373/2259/3858 3370/2257/3855
f 2836/2258/3135 3371/2260/3856 3374/2264/3859
f 3374/2264/3859 3371/2260/3856 3373/2259/3858
f 3374/2264/3859 2839/2261/3860 2836/2258/3135
f 3375/2485/3861 3373/2259/3858 3372/2247/3857
f 3373/2259/3858 3375/2485/3861 3374/2264/3859
f 3376/2262/3862 3372/2247/3857 2823/2245/3834
f 3372/2247/3857 3376/2262/3862 3375/2485/3861
f 2823/2245/3834 2826/2486/3863 3376/2262/3862
f 3376/2262/3862 2826/2486/3863 2845/2267/3144
f 3374/2264/3859 3375/2485/3861 3377/2271/3864
f 3377/2271/3864 3375/2485/3861 3376/2262/3862
f 2839/2261/3860 3374/2264/3859 3378/2487/3865
f 3377/2271/3864 3378/2487/3865 3374/2264/3859
f 3378/2487/3865 2843/2265/3866 2839/2261/3860
f 2848/2270/3867 2843/2265/3866 3378/2487/3865
f 3376/2262/3862 3379/2266/3868 3377/2271/3864
f 2845/2267/3144 3379/2266/3868 3376/2262/3862
f 3378/2487/3865 3380/2273/3869 2848/2270/3867
f 2852/2274/3870 2848/2270/3867 3380/2273/3869
f 3378/2487/3865 3377/2271/3864 3381/2275/3871
f 3381/2275/3871 3380/2273/3869 3378/2487/3865
f 3381/2275/3871 3377/2271/3864 3379/2266/3868
f 3380/2273/3869 3382/2276/3872 2852/2274/3870
f 3382/2276/3872 3380/2273/3869 3381/2275/3871
f 2859/2281/3158 2852/2274/3870 3382/2276/3872
f 3383/2488/3873 3379/2266/3868 2845/2267/3144
f 3379/2266/3868 3383/2488/3873 3381/2275/3871
f 2845/2267/3144 2846/2268/3874 3383/2488/3873
f 3384/2277/3875 3383/2488/3873 2846/2268/3874
f 3381/2275/3871 3383/2488/3873 3384/2277/3875
f 2846/2268/3874 2856/2278/3876 3384/2277/3875
f 3384/2277/3875 3385/2279/3877 3381/2275/3871
f 3381/2275/3871 3385/2279/3877 3382/2276/3872
f 3386/2283/3878 3384/2277/3875 2856/2278/3876
f 3385/2279/3877 3384/2277/3875 3386/2283/3878
f 2856/2278/3876 2862/2489/3879 3386/2283/3878
f 3387/2280/3880 3382/2276/3872 3385/2279/3877
f 3382/2276/3872 3387/2280/3880 2859/2281/3158
f 1283/980/1356 2859/2281/3158 3387/2280/3880
f 3386/2283/3878 3388/2282/3881 3385/2279/3877
f 3385/2279/3877 3388/2282/3881 3387/2280/3880
f 3389/2286/3882 3386/2283/3878 2862/2489/3879
f 2862/2489/3879 2863/2285/3883 3389/2286/3882
f 3390/2288/3884 3388/2282/3881 3386/2283/3878
f 3387/2280/3880 3388/2282/3881 3390/2288/3884
f 3386/2283/3878 3389/2286/3882 3390/2288/3884
f 3387/2280/3880 3391/2490/3885 1283/980/1356
f 3390/2288/3884 3391/2490/3885 3387/2280/3880
f 3391/2490/3885 3392/2491/3886 1283/980/1356
f 3391/2490/3885 3390/2288/3884 3392/2491/3886
f 1283/980/1356 3392/2491/3886 1285/982/1358
f 3393/2315/3887 3390/2288/3884 3389/2286/3882
f 3390/2288/3884 3393/2315/3887 3392/2491/3886
f 3394/2289/3888 3389/2286/3882 2863/2285/3883
f 3389/2286/3882 3394/2289/3888 3393/2315/3887
f 2863/2285/3883 2868/2290/3889 3394/2289/3888
f 3394/2289/3888 2868/2290/3889 2871/2293/3890
f 3392/2491/3886 3395/2492/3891 1285/982/1358
f 1288/985/1361 1285/982/1358 3395/2492/3891
f 3396/2304/3892 1288/985/1361 3395/2492/3891
f 1288/985/1361 3396/2304/3892 1287/984/1360
f 1287/984/1360 3396/2304/3892 1292/989/1365
f 3397/2493/3893 3396/2304/3892 3395/2492/3891
f 1292/989/1365 3396/2304/3892 3397/2493/3893
f 3395/2492/3891 3392/2491/3886 3397/2493/3893
f 2899/2306/3208 1292/989/1365 3397/2493/3893
f 3392/2491/3886 3398/2316/673 3397/2493/3893
f 3392/2491/3886 3393/2315/3887 3398/2316/673
f 2899/2306/3208 3397/2493/3893 3399/2311/3894
f 3399/2311/3894 3397/2493/3893 3398/2316/673
f 3399/2311/3894 2902/2309/3895 2899/2306/3208
f 2902/2309/3895 3399/2311/3894 3400/2494/3896
f 3400/2494/3896 2905/2312/3214 2902/2309/3895
f 3400/2494/3896 3399/2311/3894 3401/2325/3897
f 3398/2316/673 3401/2325/3897 3399/2311/3894
f 2905/2312/3214 3400/2494/3896 3402/2329/3898
f 3402/2329/3898 2923/2330/3899 2905/2312/3214
f 2924/2331/3900 2923/2330/3899 3402/2329/3898
f 3401/2325/3897 3403/2326/3901 3400/2494/3896
f 3402/2329/3898 3400/2494/3896 3403/2326/3901
f 2924/2331/3900 3402/2329/3898 3404/2328/3877
f 3403/2326/3901 3404/2328/3877 3402/2329/3898
f 2924/2331/3900 3404/2328/3877 2925/2332/3902
f 3403/2326/3901 2925/2332/3902 3404/2328/3877
f 3403/2326/3901 2917/2324/3903 2925/2332/3902
f 3403/2326/3901 3401/2325/3897 3405/2319/3904
f 3405/2319/3904 2917/2324/3903 3403/2326/3901
f 3401/2325/3897 3398/2316/673 3405/2319/3904
f 3406/2322/3905 2917/2324/3903 3405/2319/3904
f 3406/2322/3905 3405/2319/3904 3398/2316/673
f 3406/2322/3905 3407/2323/3906 2917/2324/3903
f 3408/2317/1200 3406/2322/3905 3398/2316/673
f 3398/2316/673 3393/2315/3887 3408/2317/1200
f 3408/2317/1200 3393/2315/3887 3394/2289/3888
f 3407/2323/3906 3406/2322/3905 3409/2318/3907
f 3406/2322/3905 3408/2317/1200 3409/2318/3907
f 2917/2324/3903 3407/2323/3906 3410/2333/3908
f 3410/2333/3908 2927/2334/3909 2917/2324/3903
f 3409/2318/3907 3411/2320/3910 3407/2323/3906
f 3411/2320/3910 3410/2333/3908 3407/2323/3906
f 3412/2495/3911 3409/2318/3907 3408/2317/1200
f 3409/2318/3907 3412/2495/3911 3411/2320/3910
f 3394/2289/3888 3413/2292/3912 3408/2317/1200
f 3408/2317/1200 3413/2292/3912 3412/2495/3911
f 2871/2293/3890 3413/2292/3912 3394/2289/3888
f 3412/2495/3911 3413/2292/3912 3414/2297/3913
f 3415/2295/3914 3413/2292/3912 2871/2293/3890
f 3414/2297/3913 3413/2292/3912 3415/2295/3914
f 2871/2293/3890 2872/2294/3915 3415/2295/3914
f 3415/2295/3914 2872/2294/3915 2875/2496/3176
f 3412/2495/3911 3414/2297/3913 3416/2341/3916
f 3416/2341/3916 3414/2297/3913 3415/2295/3914
f 3415/2295/3914 2875/2496/3176 3416/2341/3916
f 3416/2341/3916 3411/2320/3910 3412/2495/3911
f 3416/2341/3916 2875/2496/3176 24/26/3917
f 3417/2340/3918 3411/2320/3910 3416/2341/3916
f 3410/2333/3908 3411/2320/3910 3417/2340/3918
f 24/26/3917 3418/2342/3919 3416/2341/3916
f 3416/2341/3916 3418/2342/3919 3417/2340/3918
f 3419/2497/3920 3418/2342/3919 24/26/3917
f 24/26/3917 21/24/3921 3419/2497/3920
f 23/23/3922 3419/2497/3920 21/24/3921
f 3418/2342/3919 3419/2497/3920 3420/2339/3923
f 3420/2339/3923 3419/2497/3920 23/23/3922
f 3420/2339/3923 3417/2340/3918 3418/2342/3919
f 23/23/3922 3421/2337/3924 3420/2339/3923
f 3417/2340/3918 3420/2339/3923 3421/2337/3924
f 23/23/3922 2931/2338/3925 3421/2337/3924
f 3421/2337/3924 2931/2338/3925 2928/2335/3926
f 3421/2337/3924 3422/2498/3927 3417/2340/3918
f 2928/2335/3926 3422/2498/3927 3421/2337/3924
f 3417/2340/3918 3422/2498/3927 3410/2333/3908
f 3422/2498/3927 2928/2335/3926 2927/2334/3909
f 2927/2334/3909 3410/2333/3908 3422/2498/3927
f 3423/210/1362 206/211/3929 207/212/3928
f 206/211/3929 3423/210/1362 202/207/3930
f 207/212/3928 3424/213/3931 3423/210/1362
f 3424/213/3931 207/212/3928 209/214/3932
f 3423/210/1362 3425/209/3933 202/207/3930
f 3425/209/3933 3423/210/1362 3424/213/3931
f 3425/209/3933 3426/206/3934 202/207/3930
f 3426/206/3934 199/204/3935 202/207/3930
f 3424/213/3931 3427/208/3936 3425/209/3933
f 3426/206/3934 3425/209/3933 3427/208/3936
f 209/214/3932 3428/215/3937 3424/213/3931
f 3427/208/3936 3424/213/3931 3428/215/3937
f 3428/215/3937 209/214/3932 211/216/3938
f 199/204/3935 3426/206/3934 3429/202/3939
f 3427/208/3936 3429/202/3939 3426/206/3934
f 3429/202/3939 198/203/203 199/204/3935
f 195/200/3940 198/203/203 3429/202/3939
f 3428/215/3937 3430/217/3941 3427/208/3936
f 3429/202/3939 3427/208/3936 3430/217/3941
f 3429/202/3939 3431/199/3942 195/200/3940
f 3430/217/3941 3431/199/3942 3429/202/3939
f 188/193/193 195/200/3940 3431/199/3942
f 3430/217/3941 3428/215/3937 3432/218/3943
f 211/216/3938 3432/218/3943 3428/215/3937
f 3431/199/3942 3430/217/3941 3433/219/3944
f 3432/218/3943 3433/219/3944 3430/217/3941
f 3434/220/3945 3432/218/3943 211/216/3938
f 211/216/3938 216/221/2539 3434/220/3945
f 3434/220/3945 216/221/2539 217/222/3946
f 3433/219/3944 3432/218/3943 3435/223/3947
f 3435/223/3947 3432/218/3943 3434/220/3945
f 3433/219/3944 3436/198/3948 3431/199/3942
f 3431/199/3942 3436/198/3948 188/193/193
f 3435/223/3947 3437/224/3949 3433/219/3944
f 3436/198/3948 3433/219/3944 3437/224/3949
f 3434/220/3945 3438/227/3950 3435/223/3947
f 217/222/3946 3439/225/3951 3434/220/3945
f 3438/227/3950 3434/220/3945 3439/225/3951
f 3439/225/3951 217/222/3946 221/226/3952
f 3440/231/3953 3435/223/3947 3438/227/3950
f 3437/224/3949 3435/223/3947 3440/231/3953
f 221/226/3952 3441/228/3954 3439/225/3951
f 3441/228/3954 221/226/3952 224/229/229
f 3439/225/3951 3442/230/3955 3438/227/3950
f 3442/230/3955 3439/225/3951 3441/228/3954
f 3438/227/3950 3443/232/3956 3440/231/3953
f 3443/232/3956 3438/227/3950 3442/230/3955
f 224/229/229 3444/236/3957 3441/228/3954
f 3441/228/3954 3445/233/3958 3442/230/3955
f 3445/233/3958 3441/228/3954 3444/236/3957
f 3442/230/3955 3446/235/3959 3443/232/3956
f 3446/235/3959 3442/230/3955 3445/233/3958
f 3447/238/3960 3444/236/3957 224/229/229
f 224/229/229 234/239/3961 3447/238/3960
f 3447/238/3960 234/239/3961 235/240/3962
f 235/240/3962 3448/243/3963 3447/238/3960
f 3448/243/3963 235/240/3962 239/244/3964
f 3444/236/3957 3447/238/3960 3449/242/3965
f 3449/242/3965 3447/238/3960 3448/243/3963
f 3444/236/3957 3450/241/3966 3445/233/3958
f 3449/242/3965 3450/241/3966 3444/236/3957
f 239/244/3964 3451/246/3967 3448/243/3963
f 3451/246/3967 239/244/3964 242/247/3968
f 3448/243/3963 3452/248/3969 3449/242/3965
f 3452/248/3969 3448/243/3963 3451/246/3967
f 3450/241/3966 3449/242/3965 3453/245/3970
f 3453/245/3970 3449/242/3965 3452/248/3969
f 3454/237/3971 3445/233/3958 3450/241/3966
f 3445/233/3958 3454/237/3971 3446/235/3959
f 3453/245/3970 3455/1711/3972 3450/241/3966
f 3450/241/3966 3455/1711/3972 3454/237/3971
f 3456/1700/3973 3446/235/3959 3454/237/3971
f 3443/232/3956 3446/235/3959 3456/1700/3973
f 3454/237/3971 3455/1711/3972 3457/1709/3974
f 3455/1711/3972 3453/245/3970 3458/1712/3975
f 3458/1712/3975 3457/1709/3974 3455/1711/3972
f 3454/237/3971 3459/1705/3976 3456/1700/3973
f 3457/1709/3974 3459/1705/3976 3454/237/3971
f 3460/1713/3977 3458/1712/3975 3453/245/3970
f 3457/1709/3974 3458/1712/3975 3461/1710/3978
f 3461/1710/3978 3458/1712/3975 3460/1713/3977
f 3462/1703/3979 3459/1705/3976 3457/1709/3974
f 3461/1710/3978 3463/1706/3980 3457/1709/3974
f 3457/1709/3974 3463/1706/3980 3462/1703/3979
f 3459/1705/3976 3462/1703/3979 3464/1701/3981
f 3464/1701/3981 3456/1700/3973 3459/1705/3976
f 2040/1704/3982 3462/1703/3979 3463/1706/3980
f 3462/1703/3979 2040/1704/3982 2038/1702/3983
f 2038/1702/3983 3464/1701/3981 3462/1703/3979
f 3463/1706/3980 2043/1707/2603 2040/1704/3982
f 3464/1701/3981 2038/1702/3983 2035/1699/2587
f 2044/1708/325 2043/1707/2603 3463/1706/3980
f 3463/1706/3980 3461/1710/3978 2044/1708/325
f 2035/1699/2587 3465/1698/3984 3464/1701/3981
f 3456/1700/3973 3464/1701/3981 3465/1698/3984
f 3465/1698/3984 2035/1699/2587 2030/1694/3985
f 2044/1708/325 3461/1710/3978 3466/1714/3986
f 3466/1714/3986 311/316/312 2044/1708/325
f 3460/1713/3977 3466/1714/3986 3461/1710/3978
f 311/316/312 3466/1714/3986 2403/315/2578
f 3467/1716/3987 2403/315/2578 3466/1714/3986
f 3466/1714/3986 3460/1713/3977 3467/1716/3987
f 2403/315/2578 3467/1716/3987 2400/1718/2571
f 3467/1716/3987 3460/1713/3977 3468/1715/3988
f 3453/245/3970 3468/1715/3988 3460/1713/3977
f 3452/248/3969 3468/1715/3988 3453/245/3970
f 2400/1718/2571 3467/1716/3987 3469/1717/3989
f 3468/1715/3988 3469/1717/3989 3467/1716/3987
f 3469/1717/3989 2390/1719/2561 2400/1718/2571
f 2388/267/2559 2390/1719/2561 3469/1717/3989
f 3468/1715/3988 3452/248/3969 3470/251/3990
f 3470/251/3990 3469/1717/3989 3468/1715/3988
f 3469/1717/3989 3470/251/3990 2388/267/2559
f 3451/246/3967 3470/251/3990 3452/248/3969
f 3471/254/3991 2388/267/2559 3470/251/3990
f 3470/251/3990 3451/246/3967 3471/254/3991
f 2388/267/2559 3471/254/3991 2384/264/2553
f 2384/264/2553 3471/254/3991 257/262/2555
f 3471/254/3991 3451/246/3967 3472/249/3992
f 242/247/3968 3472/249/3992 3451/246/3967
f 3472/249/3992 242/247/3968 245/250/3993
f 257/262/2555 3471/254/3991 3473/263/3994
f 245/250/3993 3474/252/3995 3472/249/3992
f 3474/252/3995 245/250/3993 248/253/253
f 3472/249/3992 3475/255/3996 3471/254/3991
f 3475/255/3996 3472/249/3992 3474/252/3995
f 3471/254/3991 3475/255/3996 3473/263/3994
f 3476/256/3997 3474/252/3995 248/253/253
f 3474/252/3995 3476/256/3997 3475/255/3996
f 257/262/2555 3473/263/3994 3477/260/3998
f 3477/260/3998 3473/263/3994 3475/255/3996
f 3475/255/3996 3476/256/3997 3477/260/3998
f 3477/260/3998 256/261/261 257/262/2555
f 256/261/261 3477/260/3998 254/259/259
f 248/253/253 3478/257/3999 3476/256/3997
f 3477/260/3998 3476/256/3997 3478/257/3999
f 3478/257/3999 254/259/259 3477/260/3998
f 248/253/253 253/258/4000 3478/257/3999
f 254/259/259 3478/257/3999 253/258/4000
f 3456/1700/3973 3479/1697/2585 3443/232/3956
f 3465/1698/3984 3479/1697/2585 3456/1700/3973
f 3443/232/3956 3479/1697/2585 3480/1695/4001
f 3479/1697/2585 3465/1698/3984 3481/1696/4002
f 3481/1696/4002 3480/1695/4001 3479/1697/2585
f 2030/1694/3985 3481/1696/4002 3465/1698/3984
f 3480/1695/4001 3440/231/3953 3443/232/3956
f 3482/1693/4003 3481/1696/4002 2030/1694/3985
f 3480/1695/4001 3481/1696/4002 3482/1693/4003
f 2030/1694/3985 2027/1691/2603 3482/1693/4003
f 3483/234/4004 3440/231/3953 3480/1695/4001
f 3440/231/3953 3483/234/4004 3437/224/3949
f 3482/1693/4003 3484/1692/4005 3480/1695/4001
f 3480/1695/4001 3484/1692/4005 3483/234/4004
f 3485/1689/4006 3482/1693/4003 2027/1691/2603
f 3484/1692/4005 3482/1693/4003 3485/1689/4006
f 2027/1691/2603 2026/1690/4007 3485/1689/4006
f 3485/1689/4006 2026/1690/4007 2020/1684/4008
f 3483/234/4004 3484/1692/4005 3486/1688/4009
f 3485/1689/4006 3486/1688/4009 3484/1692/4005
f 3437/224/3949 3483/234/4004 3487/1687/4010
f 3486/1688/4009 3487/1687/4010 3483/234/4004
f 2020/1684/4008 3488/1686/2569 3485/1689/4006
f 3486/1688/4009 3485/1689/4006 3488/1686/2569
f 3487/1687/4010 3489/201/4011 3437/224/3949
f 3437/224/3949 3489/201/4011 3436/198/3948
f 3487/1687/4010 3486/1688/4009 3490/1685/4012
f 3488/1686/2569 3490/1685/4012 3486/1688/4009
f 3489/201/4011 3487/1687/4010 3491/205/4013
f 3490/1685/4012 3491/205/4013 3487/1687/4010
f 3436/198/3948 3489/201/4011 3492/197/4014
f 3491/205/4013 3492/197/4014 3489/201/4011
f 3492/197/4014 3493/194/4015 3436/198/3948
f 188/193/193 3436/198/3948 3493/194/4015
f 3494/196/4016 3492/197/4014 3491/205/4013
f 3493/194/4015 3495/191/4017 188/193/193
f 187/192/192 188/193/193 3495/191/4017
f 184/189/189 187/192/192 3495/191/4017
f 3496/195/4018 3493/194/4015 3492/197/4014
f 3492/197/4014 3494/196/4016 3496/195/4018
f 3497/188/4019 3495/191/4017 3493/194/4015
f 3495/191/4017 3497/188/4019 184/189/189
f 3493/194/4015 3496/195/4018 3497/188/4019
f 181/186/186 184/189/189 3497/188/4019
f 3497/188/4019 3496/195/4018 3498/187/4020
f 3498/187/4020 3496/195/4018 3494/196/4016
f 3497/188/4019 3499/185/4021 181/186/186
f 3498/187/4020 3499/185/4021 3497/188/4019
f 177/182/4022 181/186/186 3499/185/4021
f 3499/185/4021 3500/178/4023 177/182/4022
f 3500/178/4023 3499/185/4021 3498/187/4020
f 174/179/179 177/182/4022 3500/178/4023
f 3494/196/4016 3501/190/4024 3498/187/4020
f 3500/178/4023 3502/175/4025 174/179/179
f 3503/176/4026 3498/187/4020 3501/190/4024
f 3498/187/4020 3503/176/4026 3500/178/4023
f 174/179/179 3502/175/4025 3504/177/4027
f 3504/177/4027 175/180/4028 174/179/179
f 176/181/4029 175/180/4028 3504/177/4027
f 3505/173/4030 3502/175/4025 3500/178/4023
f 3500/178/4023 3503/176/4026 3505/173/4030
f 3506/166/4031 3504/177/4027 3502/175/4025
f 3502/175/4025 3505/173/4030 3506/166/4031
f 3504/177/4027 3507/169/4032 176/181/4029
f 3507/169/4032 3504/177/4027 3506/166/4031
f 176/181/4029 3507/169/4032 3508/183/4033
f 3508/183/4033 179/184/4034 176/181/4029
f 3506/166/4031 3509/164/4035 3507/169/4032
f 179/184/4034 3508/183/4033 3510/467/4036
f 3510/467/4036 462/468/4037 179/184/4034
f 463/469/4038 462/468/4037 3510/467/4036
f 3511/167/2060 3508/183/4033 3507/169/4032
f 3507/169/4032 3509/164/4035 3511/167/2060
f 3510/467/4036 3512/470/4039 463/469/4038
f 3513/463/4040 3510/467/4036 3508/183/4033
f 3512/470/4039 3510/467/4036 3513/463/4040
f 3511/167/2060 3514/461/4041 3508/183/4033
f 3508/183/4033 3514/461/4041 3513/463/4040
f 463/469/4038 3512/470/4039 3515/471/4042
f 3515/471/4042 466/472/4043 463/469/4038
f 467/473/464 466/472/4043 3515/471/4042
f 3513/463/4040 3516/464/4044 3512/470/4039
f 3515/471/4042 3512/470/4039 3516/464/4044
f 456/462/4045 3513/463/4040 3514/461/4041
f 3516/464/4044 3513/463/4040 456/462/4045
f 3514/461/4041 454/460/4046 456/462/4045
f 456/462/4045 459/465/4047 3516/464/4044
f 3516/464/4044 459/465/4047 460/466/4048
f 454/460/4046 3514/461/4041 3517/458/4049
f 3517/458/4049 3514/461/4041 3511/167/2060
f 3517/458/4049 453/459/4050 454/460/4046
f 450/456/2110 453/459/4050 3517/458/4049
f 460/466/4048 3518/474/4051 3516/464/4044
f 3516/464/4044 3518/474/4051 3515/471/4042
f 3519/475/4052 3518/474/4051 460/466/4048
f 3515/471/4042 3518/474/4051 3519/475/4052
f 460/466/4048 470/476/4053 3519/475/4052
f 471/477/4054 3519/475/4052 470/476/4053
f 3519/475/4052 3520/478/4055 3515/471/4042
f 3519/475/4052 471/477/4054 3520/478/4055
f 3515/471/4042 3520/478/4055 467/473/464
f 467/473/464 3520/478/4055 471/477/4054
f 3521/163/4056 3517/458/4049 3511/167/2060
f 3511/167/2060 3509/164/4035 3521/163/4056
f 3517/458/4049 3521/163/4056 3522/155/4057
f 3523/158/4058 3521/163/4056 3509/164/4035
f 3522/155/4057 3521/163/4056 3523/158/4058
f 3522/155/4057 3524/457/4059 3517/458/4049
f 3517/458/4049 3524/457/4059 450/456/2110
f 3509/164/4035 3525/162/4060 3523/158/4058
f 3525/162/4060 3509/164/4035 3506/166/4031
f 450/456/2110 3524/457/4059 3526/455/4061
f 3526/455/4061 448/454/4062 450/456/2110
f 3527/151/4063 3526/455/4061 3524/457/4059
f 3524/457/4059 3522/155/4057 3527/151/4063
f 448/454/4062 3526/455/4061 3528/148/4064
f 3528/148/4064 3526/455/4061 3527/151/4063
f 3528/148/4064 447/453/4065 448/454/4062
f 3527/151/4063 3522/155/4057 3529/152/4066
f 3523/158/4058 3529/152/4066 3522/155/4057
f 447/453/4065 3528/148/4064 30/141/4067
f 30/141/4067 29/452/4068 447/453/4065
f 3527/151/4063 3530/146/4069 3528/148/4064
f 30/141/4067 3528/148/4064 3530/146/4069
f 3529/152/4066 3531/147/4070 3527/151/4063
f 3530/146/4069 3527/151/4063 3531/147/4070
f 29/452/4068 30/141/4067 8/8/4071
f 3532/9/4072 8/8/4071 30/141/4067
f 3532/9/4072 1/7/4073 8/8/4071
f 3530/146/4069 3533/142/4074 30/141/4067
f 30/141/4067 3533/142/4074 3532/9/4072
f 3533/142/4074 3530/146/4069 3534/143/4075
f 3531/147/4070 3534/143/4075 3530/146/4069
f 3535/140/4076 3532/9/4072 3533/142/4074
f 3534/143/4075 3535/140/4076 3533/142/4074
f 1/7/4073 3532/9/4072 3/11/4077
f 3535/140/4076 3/11/4077 3532/9/4072
f 1/7/4073 3/11/4077 2/135/4078
f 131/134/4079 2/135/4078 3/11/4077
f 3/11/4077 3536/136/4080 131/134/4079
f 3/11/4077 3535/140/4076 3536/136/4080
f 133/137/4081 131/134/4079 3536/136/4080
f 3537/138/4082 3536/136/4080 3535/140/4076
f 3536/136/4080 3537/138/4082 133/137/4081
f 3535/140/4076 3534/143/4075 3537/138/4082
f 135/139/136 133/137/4081 3537/138/4082
f 3538/144/4083 3537/138/4082 3534/143/4075
f 3537/138/4082 3538/144/4083 135/139/136
f 3534/143/4075 3531/147/4070 3538/144/4083
f 140/145/4084 135/139/136 3538/144/4083
f 3539/149/4085 3538/144/4083 3531/147/4070
f 3538/144/4083 3539/149/4085 140/145/4084
f 3531/147/4070 3529/152/4066 3539/149/4085
f 145/150/4086 140/145/4084 3539/149/4085
f 3540/153/4087 3539/149/4085 3529/152/4066
f 3539/149/4085 3540/153/4087 145/150/4086
f 3529/152/4066 3523/158/4058 3540/153/4087
f 149/154/4088 145/150/4086 3540/153/4087
f 3540/153/4087 3523/158/4058 3525/162/4060
f 3540/153/4087 3541/156/4089 149/154/4088
f 152/157/4090 149/154/4088 3541/156/4089
f 3525/162/4060 3542/161/4091 3540/153/4087
f 3542/161/4091 3541/156/4089 3540/153/4087
f 3541/156/4089 3543/159/4092 152/157/4090
f 3542/161/4091 3543/159/4092 3541/156/4089
f 155/160/4093 152/157/4090 3543/159/4092
f 3542/161/4091 3525/162/4060 3544/165/4094
f 3506/166/4031 3544/165/4094 3525/162/4060
f 3544/165/4094 3506/166/4031 3505/173/4030
f 3544/165/4094 3545/168/4095 3542/161/4091
f 3505/173/4030 3546/171/4096 3544/165/4094
f 3545/168/4095 3544/165/4094 3546/171/4096
f 3546/171/4096 3505/173/4030 3503/176/4026
f 3542/161/4091 3545/168/4095 3547/170/4097
f 3547/170/4097 3543/159/4092 3542/161/4091
f 3546/171/4096 3548/172/4098 3545/168/4095
f 3547/170/4097 3545/168/4095 3548/172/4098
f 3503/176/4026 3549/174/4099 3546/171/4096
f 3548/172/4098 3546/171/4096 3549/174/4099
f 3501/190/4024 3549/174/4099 3503/176/4026
f 3548/172/4098 3550/1674/4100 3547/170/4097
f 3549/174/4099 3501/190/4024 3551/1679/4101
f 3551/1679/4101 3501/190/4024 3494/196/4016
f 3549/174/4099 3552/1676/4102 3548/172/4098
f 3551/1679/4101 3552/1676/4102 3549/174/4099
f 3550/1674/4100 3548/172/4098 3552/1676/4102
f 3494/196/4016 3553/1681/4103 3551/1679/4101
f 3491/205/4013 3553/1681/4103 3494/196/4016
f 3553/1681/4103 3491/205/4013 3490/1685/4012
f 3490/1685/4012 3554/1680/4104 3553/1681/4103
f 3551/1679/4101 3553/1681/4103 3554/1680/4104
f 3554/1680/4104 3490/1685/4012 3488/1686/2569
f 3552/1676/4102 3551/1679/4101 3555/1678/4105
f 3554/1680/4104 3555/1678/4105 3551/1679/4101
f 3555/1678/4105 3556/1675/4106 3552/1676/4102
f 3552/1676/4102 3556/1675/4106 3550/1674/4100
f 3557/1677/4107 3555/1678/4105 3554/1680/4104
f 3556/1675/4106 3555/1678/4105 3557/1677/4107
f 3488/1686/2569 3558/1682/4108 3554/1680/4104
f 3554/1680/4104 3558/1682/4108 3557/1677/4107
f 3558/1682/4108 3488/1686/2569 2020/1684/4008
f 2020/1684/4008 2019/1683/4008 3558/1682/4108
f 3558/1682/4108 2019/1683/4008 2008/1672/2178
f 2008/1672/2178 3557/1677/4107 3558/1682/4108
f 3559/1671/4109 3557/1677/4107 2008/1672/2178
f 3557/1677/4107 3559/1671/4109 3556/1675/4106
f 2008/1672/2178 2005/1669/4110 3559/1671/4109
f 3560/1673/4111 3550/1674/4100 3556/1675/4106
f 3560/1673/4111 3556/1675/4106 3559/1671/4109
f 3547/170/4097 3550/1674/4100 3560/1673/4111
f 3559/1671/4109 2005/1669/4110 3561/1667/4112
f 2004/1668/112 3561/1667/4112 2005/1669/4110
f 3561/1667/4112 2004/1668/112 2001/1665/4113
f 3562/1670/4114 3560/1673/4111 3559/1671/4109
f 3561/1667/4112 3562/1670/4114 3559/1671/4109
f 3560/1673/4111 3563/1639/4115 3547/170/4097
f 3563/1639/4115 3560/1673/4111 3562/1670/4114
f 3543/159/4092 3547/170/4097 3563/1639/4115
f 3564/1643/4116 3562/1670/4114 3561/1667/4112
f 3562/1670/4114 3564/1643/4116 3563/1639/4115
f 2001/1665/4113 3565/1666/4117 3561/1667/4112
f 3561/1667/4112 3565/1666/4117 3564/1643/4116
f 3566/1664/4118 3565/1666/4117 2001/1665/4113
f 3564/1643/4116 3565/1666/4117 3566/1664/4118
f 2001/1665/4113 1999/1663/4119 3566/1664/4118
f 3566/1664/4118 3567/1646/4120 3564/1643/4116
f 3568/1661/4121 3566/1664/4118 1999/1663/4119
f 3567/1646/4120 3566/1664/4118 3568/1661/4121
f 1999/1663/4119 1998/1662/4122 3568/1661/4121
f 3568/1661/4121 1998/1662/4122 1996/1660/1101
f 3564/1643/4116 3567/1646/4120 3569/1637/4123
f 3563/1639/4115 3564/1643/4116 3569/1637/4123
f 1996/1660/1101 3570/1659/4124 3568/1661/4121
f 3570/1659/4124 1996/1660/1101 1994/1658/4125
f 3568/1661/4121 3571/1647/4126 3567/1646/4120
f 1994/1658/4125 3572/1657/4127 3570/1659/4124
f 3572/1657/4127 1994/1658/4125 1991/1655/4128
f 3568/1661/4121 3570/1659/4124 3573/1656/4129
f 3573/1656/4129 3570/1659/4124 3572/1657/4127
f 3573/1656/4129 3571/1647/4126 3568/1661/4121
f 1991/1655/4128 3574/1654/4130 3572/1657/4127
f 1987/1651/4131 3574/1654/4130 1991/1655/4128
f 3572/1657/4127 3575/1652/4132 3573/1656/4129
f 3575/1652/4132 3572/1657/4127 3574/1654/4130
f 3576/1653/4133 3574/1654/4130 1987/1651/4131
f 3574/1654/4130 3576/1653/4133 3575/1652/4132
f 1987/1651/4131 3577/1649/4134 3576/1653/4133
f 3575/1652/4132 3576/1653/4133 3577/1649/4134
f 1986/1650/2130 3577/1649/4134 1987/1651/4131
f 3577/1649/4134 1986/1650/2130 1981/1645/4135
f 3577/1649/4134 3578/1648/4136 3575/1652/4132
f 1981/1645/4135 3578/1648/4136 3577/1649/4134
f 3575/1652/4132 3578/1648/4136 3579/1644/4137
f 3579/1644/4137 3578/1648/4136 1981/1645/4135
f 3579/1644/4137 3573/1656/4129 3575/1652/4132
f 3571/1647/4126 3573/1656/4129 3579/1644/4137
f 1981/1645/4135 1978/1642/468 3579/1644/4137
f 3579/1644/4137 3580/1640/4138 3571/1647/4126
f 3580/1640/4138 3579/1644/4137 1978/1642/468
f 3567/1646/4120 3571/1647/4126 3580/1640/4138
f 1978/1642/468 1977/1641/4139 3580/1640/4138
f 3580/1640/4138 3569/1637/4123 3567/1646/4120
f 3580/1640/4138 1977/1641/4139 1961/1625/4140
f 1961/1625/4140 3569/1637/4123 3580/1640/4138
f 3581/1624/4141 3569/1637/4123 1961/1625/4140
f 1961/1625/4140 1959/1623/4142 3581/1624/4141
f 3569/1637/4123 3581/1624/4141 3582/1635/4143
f 3583/1621/4144 3581/1624/4141 1959/1623/4142
f 1959/1623/4142 1958/1622/325 3583/1621/4144
f 3583/1621/4144 1958/1622/325 1956/1620/4145
f 3582/1635/4143 3584/1638/4146 3569/1637/4123
f 3569/1637/4123 3584/1638/4146 3563/1639/4115
f 3585/1636/4147 3563/1639/4115 3584/1638/4146
f 3585/1636/4147 3584/1638/4146 3582/1635/4143
f 3563/1639/4115 3585/1636/4147 3543/159/4092
f 3543/159/4092 3585/1636/4147 155/160/4093
f 155/160/4093 3585/1636/4147 3586/1634/4148
f 3582/1635/4143 3586/1634/4148 3585/1636/4147
f 1969/1633/2113 155/160/4093 3586/1634/4148
f 3587/1627/4149 3582/1635/4143 3581/1624/4141
f 3586/1634/4148 3582/1635/4143 3587/1627/4149
f 3581/1624/4141 3583/1621/4144 3587/1627/4149
f 3586/1634/4148 3588/1632/4150 1969/1633/2113
f 3587/1627/4149 3588/1632/4150 3586/1634/4148
f 1967/1631/2111 1969/1633/2113 3588/1632/4150
f 3589/1628/4151 3588/1632/4150 3587/1627/4149
f 3588/1632/4150 3589/1628/4151 1967/1631/2111
f 3590/1626/4152 3587/1627/4149 3583/1621/4144
f 3587/1627/4149 3590/1626/4152 3589/1628/4151
f 3583/1621/4144 3591/1619/4153 3590/1626/4152
f 1956/1620/4145 3591/1619/4153 3583/1621/4144
f 3591/1619/4153 1956/1620/4145 4/6/4154
f 3589/1628/4151 3590/1626/4152 3592/10/4155
f 3592/10/4155 3590/1626/4152 3591/1619/4153
f 4/6/4154 5/5/4156 3591/1619/4153
f 3591/1619/4153 5/5/4156 3592/10/4155
f 4/6/4154 6/4/4157 5/5/4156
f 3592/10/4155 5/5/4156 6/4/4157
f 3592/10/4155 3593/1629/4158 3589/1628/4151
f 3593/1629/4158 3592/10/4155 6/4/4157
f 1967/1631/2111 3589/1628/4151 3593/1629/4158
f 6/4/4157 1966/1630/447 3593/1629/4158
f 3593/1629/4158 1966/1630/447 1967/1631/2111
f 3594/1588/4159 1925/1589/2065 1927/1591/3360
f 1927/1591/3360 3017/1590/3362 3594/1588/4159
f 1925/1589/2065 3594/1588/4159 3595/1541/4160
f 3595/1541/4160 1923/1587/4161 1925/1589/2065
f 3596/1533/4162 3594/1588/4159 3017/1590/3362
f 3017/1590/3362 3021/1529/3366 3596/1533/4162
f 3596/1533/4162 3021/1529/3366 3023/1527/3371
f 3594/1588/4159 3596/1533/4162 3597/1537/4163
f 3597/1537/4163 3595/1541/4160 3594/1588/4159
f 3023/1527/3371 3598/1530/4164 3596/1533/4162
f 3597/1537/4163 3596/1533/4162 3598/1530/4164
f 1864/1528/3373 3598/1530/4164 3023/1527/3371
f 3598/1530/4164 1864/1528/3373 1868/1532/4165
f 3598/1530/4164 3599/1531/4166 3597/1537/4163
f 1868/1532/4165 3599/1531/4166 3598/1530/4164
f 3600/1534/4167 3599/1531/4166 1868/1532/4165
f 3597/1537/4163 3599/1531/4166 3600/1534/4167
f 1868/1532/4165 1871/1535/4168 3600/1534/4167
f 3600/1534/4167 1871/1535/4168 1872/1536/2015
f 3600/1534/4167 3601/1540/4169 3597/1537/4163
f 3595/1541/4160 3597/1537/4163 3601/1540/4169
f 1872/1536/2015 3602/1538/4170 3600/1534/4167
f 3601/1540/4169 3600/1534/4167 3602/1538/4170
f 3601/1540/4169 3603/1544/4171 3595/1541/4160
f 1923/1587/4161 3595/1541/4160 3603/1544/4171
f 3603/1544/4171 1922/1586/4172 1923/1587/4161
f 3602/1538/4170 3604/1543/4173 3601/1540/4169
f 3603/1544/4171 3601/1540/4169 3604/1543/4173
f 3605/1542/4174 3602/1538/4170 1872/1536/2015
f 3604/1543/4173 3602/1538/4170 3605/1542/4174
f 1872/1536/2015 1875/1539/4175 3605/1542/4174
f 3605/1542/4174 1875/1539/4175 1882/1546/4176
f 1922/1586/4172 3603/1544/4171 3606/1584/4177
f 3604/1543/4173 3606/1584/4177 3603/1544/4171
f 3606/1584/4177 1921/1585/4178 1922/1586/4172
f 1918/1582/4179 1921/1585/4178 3606/1584/4177
f 3606/1584/4177 3604/1543/4173 3607/1547/3552
f 3605/1542/4174 3607/1547/3552 3604/1543/4173
f 3606/1584/4177 3608/1583/4180 1918/1582/4179
f 3607/1547/3552 3608/1583/4180 3606/1584/4177
f 1917/1581/4181 1918/1582/4179 3608/1583/4180
f 3609/1550/4182 3607/1547/3552 3605/1542/4174
f 3608/1583/4180 3607/1547/3552 3609/1550/4182
f 1882/1546/4176 3610/1545/4183 3605/1542/4174
f 3605/1542/4174 3610/1545/4183 3609/1550/4182
f 3610/1545/4183 1882/1546/4176 1885/1549/2026
f 3608/1583/4180 3611/1580/4184 1917/1581/4181
f 3609/1550/4182 3611/1580/4184 3608/1583/4180
f 1885/1549/2026 3612/1548/4185 3610/1545/4183
f 3609/1550/4182 3610/1545/4183 3612/1548/4185
f 3612/1548/4185 1885/1549/2026 1889/1553/4186
f 3611/1580/4184 3609/1550/4182 3613/1551/4187
f 3612/1548/4185 3613/1551/4187 3609/1550/4182
f 1917/1581/4181 3611/1580/4184 3614/1579/4188
f 3613/1551/4187 3614/1579/4188 3611/1580/4184
f 3614/1579/4188 1914/1578/2054 1917/1581/4181
f 1889/1553/4186 3615/1552/4189 3612/1548/4185
f 1914/1578/2054 3614/1579/4188 3616/1576/4190
f 3616/1576/4190 3614/1579/4188 3613/1551/4187
f 3616/1576/4190 1913/1577/4191 1914/1578/2054
f 3615/1552/4189 1889/1553/4186 1892/1556/4192
f 1911/1575/2546 1913/1577/4191 3616/1576/4190
f 1892/1556/4192 3617/1555/4193 3615/1552/4189
f 3616/1576/4190 3618/1574/4194 1911/1575/2546
f 3619/1559/4195 3617/1555/4193 1892/1556/4192
f 1892/1556/4192 1893/1557/4196 3619/1559/4195
f 3620/1554/4197 3615/1552/4189 3617/1555/4193
f 3612/1548/4185 3615/1552/4189 3620/1554/4197
f 3620/1554/4197 3613/1551/4187 3612/1548/4185
f 3613/1551/4187 3620/1554/4197 3616/1576/4190
f 3618/1574/4194 3616/1576/4190 3620/1554/4197
f 3617/1555/4193 3621/1558/4198 3620/1554/4197
f 3620/1554/4197 3621/1558/4198 3618/1574/4194
f 3621/1558/4198 3617/1555/4193 3619/1559/4195
f 1911/1575/2546 3618/1574/4194 3622/1572/4199
f 3622/1572/4199 3618/1574/4194 3621/1558/4198
f 3622/1572/4199 1909/1573/2050 1911/1575/2546
f 1906/1570/2047 1909/1573/2050 3622/1572/4199
f 3619/1559/4195 3623/1561/4200 3621/1558/4198
f 3621/1558/4198 3623/1561/4200 3622/1572/4199
f 3622/1572/4199 3624/1571/4201 1906/1570/2047
f 3624/1571/4201 3622/1572/4199 3623/1561/4200
f 1905/1569/4202 1906/1570/2047 3624/1571/4201
f 3623/1561/4200 3619/1559/4195 3625/1562/4203
f 3625/1562/4203 3619/1559/4195 1893/1557/4196
f 1893/1557/4196 1896/1560/4204 3625/1562/4203
f 3624/1571/4201 3626/1568/4205 1905/1569/4202
f 1901/1565/2042 1905/1569/4202 3626/1568/4205
f 3623/1561/4200 3627/1566/4206 3624/1571/4201
f 3626/1568/4205 3624/1571/4201 3627/1566/4206
f 3625/1562/4203 3627/1566/4206 3623/1561/4200
f 1901/1565/2042 3626/1568/4205 3628/1567/4207
f 3627/1566/4206 3628/1567/4207 3626/1568/4205
f 1901/1565/2042 3628/1567/4207 3629/1564/4208
f 3629/1564/4208 3628/1567/4207 3627/1566/4206
f 3627/1566/4206 3625/1562/4203 3629/1564/4208
f 3629/1564/4208 3625/1562/4203 1896/1560/4204
f 3629/1564/4208 1899/1563/4209 1901/1565/2042
f 1896/1560/4204 1899/1563/4209 3629/1564/4208
f 3630/2501/4212 3631/2500/4211 3632/2499/4210
f 3632/2499/4210 3631/2500/4211 3633/2502/4213
f 3634/2503/4214 3633/2502/4213 3631/2500/4211
f 3635/2504/4215 3634/2503/4214 3631/2500/4211
f 3633/2502/4213 3634/2503/4214 3636/2505/4216
f 3636/2505/4216 3637/2506/4217 3633/2502/4213
f 3638/2507/4218 3634/2503/4214 3635/2504/4215
f 3635/2504/4215 3639/2508/4219 3638/2507/4218
f 3640/2509/4220 3636/2505/4216 3634/2503/4214
f 3634/2503/4214 3638/2507/4218 3640/2509/4220
f 3637/2506/4217 3636/2505/4216 3641/2510/4221
f 3641/2510/4221 3642/2511/4222 3637/2506/4217
f 3636/2505/4216 3640/2509/4220 3643/2512/4223
f 3643/2512/4223 3641/2510/4221 3636/2505/4216
f 3642/2511/4222 3641/2510/4221 3644/2513/4224
f 3644/2513/4224 3645/2514/4225 3642/2511/4222
f 3641/2510/4221 3643/2512/4223 3646/2515/4226
f 3646/2515/4226 3644/2513/4224 3641/2510/4221
f 3645/2514/4225 3644/2513/4224 3647/2516/4227
f 3647/2516/4227 3648/2517/4228 3645/2514/4225
f 3644/2513/4224 3646/2515/4226 3649/2518/4229
f 3649/2518/4229 3647/2516/4227 3644/2513/4224
f 3648/2517/4228 3647/2516/4227 3650/2519/4230
f 3650/2519/4230 3651/2520/4231 3648/2517/4228
f 3647/2516/4227 3649/2518/4229 3652/2521/4232
f 3652/2521/4232 3650/2519/4230 3647/2516/4227
f 3651/2520/4231 3650/2519/4230 3653/2522/4233
f 3653/2522/4233 3654/2523/4234 3651/2520/4231
f 3650/2519/4230 3652/2521/4232 3655/2524/4235
f 3655/2524/4235 3653/2522/4233 3650/2519/4230
f 3654/2523/4234 3653/2522/4233 3656/2525/4236
f 3656/2525/4236 3657/2526/4237 3654/2523/4234
f 3653/2522/4233 3655/2524/4235 3658/2527/4238
f 3658/2527/4238 3656/2525/4236 3653/2522/4233
f 3657/2526/4237 3656/2525/4236 3659/2528/4239
f 3659/2528/4239 3660/2529/4240 3657/2526/4237
f 3656/2525/4236 3658/2527/4238 3661/2530/4241
f 3661/2530/4241 3659/2528/4239 3656/2525/4236
f 3660/2529/4240 3659/2528/4239 3662/2531/4242
f 3662/2531/4242 3663/2532/4243 3660/2529/4240
f 3659/2528/4239 3661/2530/4241 3664/2533/4244
f 3664/2533/4244 3662/2531/4242 3659/2528/4239
f 3663/2532/4243 3662/2531/4242 3665/2534/4245
f 3665/2534/4245 3666/2535/4246 3663/2532/4243
f 3662/2531/4242 3664/2533/4244 3667/2536/4247
f 3667/2536/4247 3665/2534/4245 3662/2531/4242
f 3666/2535/4246 3665/2534/4245 3668/2537/4248
f 3668/2537/4248 3669/2538/4249 3666/2535/4246
f 3665/2534/4245 3667/2536/4247 3670/2539/4250
f 3670/2539/4250 3668/2537/4248 3665/2534/4245
f 3669/2538/4249 3668/2537/4248 3671/2540/4251
f 3671/2540/4251 3672/2541/4252 3669/2538/4249
f 3668/2537/4248 3670/2539/4250 3673/2542/4253
f 3673/2542/4253 3671/2540/4251 3668/2537/4248
f 3672/2541/4252 3671/2540/4251 3674/2543/4254
f 3674/2543/4254 3675/2544/4255 3672/2541/4252
f 3671/2540/4251 3673/2542/4253 3676/2545/4256
f 3676/2545/4256 3674/2543/4254 3671/2540/4251
f 3675/2544/4255 3674/2543/4254 3677/2546/4257
f 3677/2546/4257 3678/2547/4258 3675/2544/4255
f 3674/2543/4254 3676/2545/4256 3679/2548/4259
f 3679/2548/4259 3677/2546/4257 3674/2543/4254
f 3678/2547/4258 3677/2546/4257 3680/2549/4260
f 3680/2549/4260 3681/2550/4261 3678/2547/4258
f 3682/2552/4263 3683/2551/4262 3681/2550/4261
f 3681/2550/4261 3680/2549/4260 3682/2552/4263
f 3684/2553/4264 3682/2552/4263 3680/2549/4260
f 3685/2554/4265 3680/2549/4260 3677/2546/4257
f 3680/2549/4260 3685/2554/4265 3684/2553/4264
f 3677/2546/4257 3679/2548/4259 3685/2554/4265
f 3686/2555/4266 3684/2553/4264 3685/2554/4265
f 3685/2554/4265 3687/2556/4267 3686/2555/4266
f 3687/2556/4267 3685/2554/4265 3679/2548/4259
f 3688/2557/4268 3686/2555/4266 3687/2556/4267
f 3679/2548/4259 3689/2558/4269 3687/2556/4267
f 3689/2558/4269 3679/2548/4259 3676/2545/4256
f 3687/2556/4267 3690/2559/4270 3688/2557/4268
f 3690/2559/4270 3687/2556/4267 3689/2558/4269
f 3691/2560/4271 3688/2557/4268 3690/2559/4270
f 3676/2545/4256 3692/2561/4272 3689/2558/4269
f 3692/2561/4272 3676/2545/4256 3673/2542/4253
f 3689/2558/4269 3693/2562/4273 3690/2559/4270
f 3693/2562/4273 3689/2558/4269 3692/2561/4272
f 3690/2559/4270 3694/2563/4274 3691/2560/4271
f 3694/2563/4274 3690/2559/4270 3693/2562/4273
f 3695/2564/4275 3691/2560/4271 3694/2563/4274
f 3673/2542/4253 3696/2565/4276 3692/2561/4272
f 3696/2565/4276 3673/2542/4253 3670/2539/4250
f 3694/2563/4274 3697/2566/4277 3695/2564/4275
f 3698/2567/4278 3695/2564/4275 3697/2566/4277
f 3693/2562/4273 3699/2568/4279 3694/2563/4274
f 3697/2566/4277 3694/2563/4274 3699/2568/4279
f 3692/2561/4272 3700/2569/4280 3693/2562/4273
f 3699/2568/4279 3693/2562/4273 3700/2569/4280
f 3700/2569/4280 3692/2561/4272 3696/2565/4276
f 3697/2566/4277 3701/2570/4281 3698/2567/4278
f 3683/2571/4282 3698/2567/4278 3701/2570/4281
f 3701/2570/4281 3681/2572/4261 3683/2571/4282
f 3699/2568/4279 3702/2573/4283 3697/2566/4277
f 3701/2570/4281 3697/2566/4277 3702/2573/4283
f 3681/2572/4261 3701/2570/4281 3703/2574/4284
f 3702/2573/4283 3703/2574/4284 3701/2570/4281
f 3703/2574/4284 3678/2575/4285 3681/2572/4261
f 3702/2573/4283 3699/2568/4279 3704/2576/4286
f 3700/2569/4280 3704/2576/4286 3699/2568/4279
f 3703/2574/4284 3702/2573/4283 3705/2577/4287
f 3704/2576/4286 3705/2577/4287 3702/2573/4283
f 3678/2575/4285 3703/2574/4284 3706/2578/4288
f 3705/2577/4287 3706/2578/4288 3703/2574/4284
f 3706/2578/4288 3675/2579/4289 3678/2575/4285
f 3704/2576/4286 3700/2569/4280 3707/2580/4290
f 3696/2565/4276 3707/2580/4290 3700/2569/4280
f 3675/2579/4289 3706/2578/4288 3708/2581/4291
f 3708/2581/4291 3672/2582/4292 3675/2579/4289
f 3706/2578/4288 3705/2577/4287 3709/2583/4293
f 3709/2583/4293 3708/2581/4291 3706/2578/4288
f 3705/2577/4287 3704/2576/4286 3710/2584/4294
f 3710/2584/4294 3709/2583/4293 3705/2577/4287
f 3707/2580/4290 3710/2584/4294 3704/2576/4286
f 3672/2582/4292 3708/2581/4291 3711/2585/4295
f 3711/2585/4295 3669/2586/4296 3672/2582/4292
f 3708/2581/4291 3709/2583/4293 3712/2587/4297
f 3712/2587/4297 3711/2585/4295 3708/2581/4291
f 3709/2583/4293 3710/2584/4294 3713/2588/4298
f 3713/2588/4298 3712/2587/4297 3709/2583/4293
f 3669/2586/4296 3711/2585/4295 3714/2589/4299
f 3714/2589/4299 3666/2590/4300 3669/2586/4296
f 3711/2585/4295 3712/2587/4297 3715/2591/4301
f 3715/2591/4301 3714/2589/4299 3711/2585/4295
f 3666/2590/4300 3714/2589/4299 3716/2592/4302
f 3716/2592/4302 3663/2593/4243 3666/2590/4300
f 3714/2589/4299 3715/2591/4301 3717/2594/4303
f 3717/2594/4303 3716/2592/4302 3714/2589/4299
f 3718/2595/4304 3715/2591/4301 3712/2587/4297
f 3712/2587/4297 3713/2588/4298 3718/2595/4304
f 3719/2596/4305 3717/2594/4303 3715/2591/4301
f 3715/2591/4301 3718/2595/4304 3719/2596/4305
f 3663/2593/4243 3716/2592/4302 3720/2597/4306
f 3720/2597/4306 3660/2598/4307 3663/2593/4243
f 3716/2592/4302 3717/2594/4303 3721/2599/4308
f 3721/2599/4308 3720/2597/4306 3716/2592/4302
f 3660/2598/4307 3720/2597/4306 3722/2600/4309
f 3722/2600/4309 3657/2601/4310 3660/2598/4307
f 3720/2597/4306 3721/2599/4308 3723/2602/4311
f 3723/2602/4311 3722/2600/4309 3720/2597/4306
f 3724/2603/4312 3721/2599/4308 3717/2594/4303
f 3717/2594/4303 3719/2596/4305 3724/2603/4312
f 3725/2604/4313 3723/2602/4311 3721/2599/4308
f 3721/2599/4308 3724/2603/4312 3725/2604/4313
f 3657/2601/4310 3722/2600/4309 3726/2605/4314
f 3726/2605/4314 3654/2606/4315 3657/2601/4310
f 3722/2600/4309 3723/2602/4311 3727/2607/4316
f 3727/2607/4316 3726/2605/4314 3722/2600/4309
f 3654/2606/4315 3726/2605/4314 3728/2608/4317
f 3728/2608/4317 3651/2609/4231 3654/2606/4315
f 3726/2605/4314 3727/2607/4316 3729/2610/4318
f 3729/2610/4318 3728/2608/4317 3726/2605/4314
f 3730/2611/4319 3727/2607/4316 3723/2602/4311
f 3723/2602/4311 3725/2604/4313 3730/2611/4319
f 3731/2612/4320 3729/2610/4318 3727/2607/4316
f 3727/2607/4316 3730/2611/4319 3731/2612/4320
f 3651/2609/4231 3728/2608/4317 3732/2613/4321
f 3732/2613/4321 3648/2614/4228 3651/2609/4231
f 3728/2608/4317 3729/2610/4318 3733/2615/4322
f 3733/2615/4322 3732/2613/4321 3728/2608/4317
f 3648/2614/4228 3732/2613/4321 3734/2616/4323
f 3734/2616/4323 3645/2617/4225 3648/2614/4228
f 3732/2613/4321 3733/2615/4322 3735/2618/4324
f 3735/2618/4324 3734/2616/4323 3732/2613/4321
f 3736/2619/4325 3733/2615/4322 3729/2610/4318
f 3729/2610/4318 3731/2612/4320 3736/2619/4325
f 3737/2620/4326 3735/2618/4324 3733/2615/4322
f 3733/2615/4322 3736/2619/4325 3737/2620/4326
f 3645/2617/4225 3734/2616/4323 3738/2621/4327
f 3738/2621/4327 3642/2622/4222 3645/2617/4225
f 3734/2616/4323 3735/2618/4324 3739/2623/4328
f 3739/2623/4328 3738/2621/4327 3734/2616/4323
f 3642/2622/4222 3738/2621/4327 3740/2624/4329
f 3740/2624/4329 3637/2625/4217 3642/2622/4222
f 3738/2621/4327 3739/2623/4328 3741/2626/4330
f 3741/2626/4330 3740/2624/4329 3738/2621/4327
f 3742/2627/4331 3739/2623/4328 3735/2618/4324
f 3735/2618/4324 3737/2620/4326 3742/2627/4331
f 3743/2628/4332 3741/2626/4330 3739/2623/4328
f 3739/2623/4328 3742/2627/4331 3743/2628/4332
f 3637/2625/4217 3740/2624/4329 3744/2629/4333
f 3744/2629/4333 3633/2630/4213 3637/2625/4217
f 3740/2624/4329 3741/2626/4330 3745/2631/4334
f 3745/2631/4334 3744/2629/4333 3740/2624/4329
f 3633/2630/4213 3744/2629/4333 3746/2632/4335
f 3746/2632/4335 3632/2633/4336 3633/2630/4213
f 3744/2629/4333 3745/2631/4334 3747/2634/4337
f 3747/2634/4337 3746/2632/4335 3744/2629/4333
f 3630/2636/4339 3632/2633/4336 3748/2635/4338
f 3632/2633/4336 3746/2632/4335 3748/2635/4338
f 3749/2637/4340 3748/2635/4338 3746/2632/4335
f 3750/2638/4341 3748/2635/4338 3749/2637/4340
f 3751/2639/4342 3750/2638/4341 3749/2637/4340
f 3752/2640/4343 3749/2637/4340 3746/2632/4335
f 3749/2637/4340 3752/2640/4343 3751/2639/4342
f 3746/2632/4335 3747/2634/4337 3752/2640/4343
f 3753/2641/4344 3751/2639/4342 3752/2640/4343
f 3752/2640/4343 3754/2642/4345 3753/2641/4344
f 3754/2642/4345 3752/2640/4343 3747/2634/4337
f 3755/2643/4346 3753/2641/4344 3754/2642/4345
f 3747/2634/4337 3756/2644/4347 3754/2642/4345
f 3756/2644/4347 3747/2634/4337 3745/2631/4334
f 3755/2643/4346 3754/2642/4345 3757/2645/4348
f 3756/2644/4347 3757/2645/4348 3754/2642/4345
f 3758/2646/4349 3755/2643/4346 3757/2645/4348
f 3759/2647/4350 3758/2646/4349 3757/2645/4348
f 3759/2647/4350 3757/2645/4348 3760/2648/4351
f 3745/2631/4334 3761/2649/4352 3756/2644/4347
f 3757/2645/4348 3756/2644/4347 3761/2649/4352
f 3761/2649/4352 3745/2631/4334 3741/2626/4330
f 3741/2626/4330 3743/2628/4332 3761/2649/4352
f 3761/2649/4352 3762/2650/4353 3757/2645/4348
f 3762/2650/4353 3761/2649/4352 3743/2628/4332
f 3760/2648/4351 3757/2645/4348 3763/2651/4354
f 3757/2645/4348 3762/2650/4353 3763/2651/4354
f 3763/2651/4354 3764/2652/4355 3760/2648/4351
f 3639/2508/4219 3764/2652/4355 3763/2651/4354
f 3763/2651/4354 3638/2507/4218 3639/2508/4219
f 3743/2628/4332 3765/2653/4356 3762/2650/4353
f 3763/2651/4354 3762/2650/4353 3765/2653/4356
f 3765/2653/4356 3743/2628/4332 3742/2627/4331
f 3638/2507/4218 3763/2651/4354 3766/2654/4357
f 3765/2653/4356 3766/2654/4357 3763/2651/4354
f 3766/2654/4357 3640/2509/4220 3638/2507/4218
f 3742/2627/4331 3767/2655/4358 3765/2653/4356
f 3766/2654/4357 3765/2653/4356 3767/2655/4358
f 3767/2655/4358 3742/2627/4331 3737/2620/4326
f 3640/2509/4220 3766/2654/4357 3768/2656/4359
f 3767/2655/4358 3768/2656/4359 3766/2654/4357
f 3768/2656/4359 3643/2512/4223 3640/2509/4220
f 3737/2620/4326 3769/2657/4360 3767/2655/4358
f 3768/2656/4359 3767/2655/4358 3769/2657/4360
f 3769/2657/4360 3737/2620/4326 3736/2619/4325
f 3643/2512/4223 3768/2656/4359 3770/2658/4361
f 3769/2657/4360 3770/2658/4361 3768/2656/4359
f 3770/2658/4361 3646/2515/4226 3643/2512/4223
f 3736/2619/4325 3771/2659/4362 3769/2657/4360
f 3770/2658/4361 3769/2657/4360 3771/2659/4362
f 3771/2659/4362 3736/2619/4325 3731/2612/4320
f 3646/2515/4226 3770/2658/4361 3772/2660/4363
f 3771/2659/4362 3772/2660/4363 3770/2658/4361
f 3772/2660/4363 3649/2518/4229 3646/2515/4226
f 3731/2612/4320 3773/2661/4364 3771/2659/4362
f 3772/2660/4363 3771/2659/4362 3773/2661/4364
f 3773/2661/4364 3731/2612/4320 3730/2611/4319
f 3649/2518/4229 3772/2660/4363 3774/2662/4365
f 3773/2661/4364 3774/2662/4365 3772/2660/4363
f 3774/2662/4365 3652/2521/4232 3649/2518/4229
f 3730/2611/4319 3775/2663/4366 3773/2661/4364
f 3774/2662/4365 3773/2661/4364 3775/2663/4366
f 3775/2663/4366 3730/2611/4319 3725/2604/4313
f 3652/2521/4232 3774/2662/4365 3776/2664/4367
f 3775/2663/4366 3776/2664/4367 3774/2662/4365
f 3776/2664/4367 3655/2524/4235 3652/2521/4232
f 3725/2604/4313 3777/2665/4368 3775/2663/4366
f 3776/2664/4367 3775/2663/4366 3777/2665/4368
f 3777/2665/4368 3725/2604/4313 3724/2603/4312
f 3655/2524/4235 3776/2664/4367 3778/2666/4369
f 3777/2665/4368 3778/2666/4369 3776/2664/4367
f 3778/2666/4369 3658/2527/4238 3655/2524/4235
f 3724/2603/4312 3779/2667/4370 3777/2665/4368
f 3778/2666/4369 3777/2665/4368 3779/2667/4370
f 3779/2667/4370 3724/2603/4312 3719/2596/4305
f 3658/2527/4238 3778/2666/4369 3780/2668/4371
f 3779/2667/4370 3780/2668/4371 3778/2666/4369
f 3780/2668/4371 3661/2530/4241 3658/2527/4238
f 3719/2596/4305 3781/2669/4372 3779/2667/4370
f 3780/2668/4371 3779/2667/4370 3781/2669/4372
f 3781/2669/4372 3719/2596/4305 3718/2595/4304
f 3661/2530/4241 3780/2668/4371 3782/2670/638
f 3781/2669/4372 3782/2670/638 3780/2668/4371
f 3782/2670/638 3664/2533/4244 3661/2530/4241
f 3718/2595/4304 3783/2671/4373 3781/2669/4372
f 3782/2670/638 3781/2669/4372 3783/2671/4373
f 3783/2671/4373 3718/2595/4304 3713/2588/4298
f 3664/2533/4244 3782/2670/638 3784/2672/4374
f 3783/2671/4373 3784/2672/4374 3782/2670/638
f 3784/2672/4374 3667/2536/4247 3664/2533/4244
f 3713/2588/4298 3785/2673/4375 3783/2671/4373
f 3784/2672/4374 3783/2671/4373 3785/2673/4375
f 3785/2673/4375 3713/2588/4298 3710/2584/4294
f 3710/2584/4294 3707/2580/4290 3785/2673/4375
f 3667/2536/4247 3784/2672/4374 3786/2674/4376
f 3785/2673/4375 3786/2674/4376 3784/2672/4374
f 3786/2674/4376 3785/2673/4375 3707/2580/4290
f 3786/2674/4376 3670/2539/4250 3667/2536/4247
f 3707/2580/4290 3696/2565/4276 3786/2674/4376
f 3670/2539/4250 3786/2674/4376 3696/2565/4276
f 3787/2677/4379 3788/2676/4378 3789/2675/4377
f 3789/2675/4377 3790/2678/4380 3787/2677/4379
f 3790/2678/4380 3789/2675/4377 3791/2679/4381
f 3792/2680/4382 3787/2677/4379 3790/2678/4380
f 3791/2679/4381 3793/2681/4383 3790/2678/4380
f 3793/2681/4383 3791/2679/4381 3794/2682/4384
f 3790/2678/4380 3795/2683/4385 3792/2680/4382
f 3795/2683/4385 3790/2678/4380 3793/2681/4383
f 3796/2684/4386 3792/2680/4382 3795/2683/4385
f 3794/2682/4384 3797/2685/4387 3793/2681/4383
f 3797/2685/4387 3794/2682/4384 3798/2686/4388
f 3793/2681/4383 3799/2687/4389 3795/2683/4385
f 3799/2687/4389 3793/2681/4383 3797/2685/4387
f 3795/2683/4385 3800/2688/4390 3796/2684/4386
f 3800/2688/4390 3795/2683/4385 3799/2687/4389
f 3801/2689/4391 3796/2684/4386 3800/2688/4390
f 3798/2686/4388 3802/2690/4392 3797/2685/4387
f 3802/2690/4392 3798/2686/4388 3803/2691/4393
f 3800/2688/4390 3804/2692/4394 3801/2689/4391
f 3805/2693/4395 3801/2689/4391 3804/2692/4394
f 3799/2687/4389 3806/2694/4396 3800/2688/4390
f 3804/2692/4394 3800/2688/4390 3806/2694/4396
f 3797/2685/4387 3807/2695/4397 3799/2687/4389
f 3806/2694/4396 3799/2687/4389 3807/2695/4397
f 3807/2695/4397 3797/2685/4387 3802/2690/4392
f 3804/2692/4394 3808/2696/4398 3805/2693/4395
f 3809/2697/4399 3805/2693/4395 3808/2696/4398
f 3806/2694/4396 3810/2698/4400 3804/2692/4394
f 3808/2696/4398 3804/2692/4394 3810/2698/4400
f 3807/2695/4397 3811/2699/4401 3806/2694/4396
f 3810/2698/4400 3806/2694/4396 3811/2699/4401
f 3808/2696/4398 3812/2700/4402 3809/2697/4399
f 3813/2701/4403 3809/2697/4399 3812/2700/4402
f 3810/2698/4400 3814/2702/4404 3808/2696/4398
f 3812/2700/4402 3808/2696/4398 3814/2702/4404
f 3812/2700/4402 3815/2703/4405 3813/2701/4403
f 3788/2704/4378 3813/2701/4403 3815/2703/4405
f 3815/2703/4405 3789/2705/4377 3788/2704/4378
f 3815/2703/4405 3812/2700/4402 3816/2706/4406
f 3814/2702/4404 3816/2706/4406 3812/2700/4402
f 3789/2705/4377 3815/2703/4405 3817/2707/4407
f 3816/2706/4406 3817/2707/4407 3815/2703/4405
f 3817/2707/4407 3791/2708/4408 3789/2705/4377
f 3816/2706/4406 3814/2702/4404 3818/2709/4409
f 3791/2708/4408 3817/2707/4407 3819/2710/4410
f 3819/2710/4410 3794/2711/4411 3791/2708/4408
f 3817/2707/4407 3816/2706/4406 3820/2712/4412
f 3820/2712/4412 3819/2710/4410 3817/2707/4407
f 3818/2709/4409 3820/2712/4412 3816/2706/4406
f 3794/2711/4411 3819/2710/4410 3821/2713/4413
f 3821/2713/4413 3798/2714/4414 3794/2711/4411
f 3819/2710/4410 3820/2712/4412 3822/2715/4415
f 3822/2715/4415 3821/2713/4413 3819/2710/4410
f 3798/2714/4414 3821/2713/4413 3823/2716/4416
f 3823/2716/4416 3803/2717/4417 3798/2714/4414
f 3821/2713/4413 3822/2715/4415 3824/2718/4418
f 3824/2718/4418 3823/2716/4416 3821/2713/4413
f 3825/2719/4419 3822/2715/4415 3820/2712/4412
f 3820/2712/4412 3818/2709/4409 3825/2719/4419
f 3826/2720/4420 3824/2718/4418 3822/2715/4415
f 3822/2715/4415 3825/2719/4419 3826/2720/4420
f 3803/2717/4417 3823/2716/4416 3827/2721/4421
f 3827/2721/4421 3828/2722/4422 3803/2717/4417
f 3823/2716/4416 3824/2718/4418 3829/2723/4423
f 3829/2723/4423 3827/2721/4421 3823/2716/4416
f 3828/2722/4422 3827/2721/4421 3830/2724/4424
f 3830/2724/4424 3831/2725/4425 3828/2722/4422
f 3827/2721/4421 3829/2723/4423 3832/2726/4426
f 3832/2726/4426 3830/2724/4424 3827/2721/4421
f 3833/2727/4427 3829/2723/4423 3824/2718/4418
f 3824/2718/4418 3826/2720/4420 3833/2727/4427
f 3834/2728/4428 3832/2726/4426 3829/2723/4423
f 3829/2723/4423 3833/2727/4427 3834/2728/4428
f 3831/2725/4425 3830/2724/4424 3835/2729/4429
f 3835/2729/4429 3836/2730/4430 3831/2725/4425
f 3830/2724/4424 3832/2726/4426 3837/2731/4431
f 3837/2731/4431 3835/2729/4429 3830/2724/4424
f 3836/2730/4430 3835/2729/4429 3838/2732/4432
f 3838/2732/4432 3839/2733/4433 3836/2730/4430
f 3835/2729/4429 3837/2731/4431 3840/2734/4434
f 3840/2734/4434 3838/2732/4432 3835/2729/4429
f 3841/2735/4435 3837/2731/4431 3832/2726/4426
f 3832/2726/4426 3834/2728/4428 3841/2735/4435
f 3842/2736/4436 3840/2734/4434 3837/2731/4431
f 3837/2731/4431 3841/2735/4435 3842/2736/4436
f 3839/2733/4433 3838/2732/4432 3843/2737/4437
f 3843/2737/4437 3844/2738/4438 3839/2733/4433
f 3838/2732/4432 3840/2734/4434 3845/2739/4439
f 3845/2739/4439 3843/2737/4437 3838/2732/4432
f 3844/2738/4438 3843/2737/4437 3846/2740/4440
f 3846/2740/4440 3847/2741/4441 3844/2738/4438
f 3843/2737/4437 3845/2739/4439 3848/2742/4442
f 3848/2742/4442 3846/2740/4440 3843/2737/4437
f 3849/2743/4443 3845/2739/4439 3840/2734/4434
f 3840/2734/4434 3842/2736/4436 3849/2743/4443
f 3850/2744/4444 3848/2742/4442 3845/2739/4439
f 3845/2739/4439 3849/2743/4443 3850/2744/4444
f 3847/2741/4441 3846/2740/4440 3851/2745/4445
f 3851/2745/4445 3852/2746/4446 3847/2741/4441
f 3846/2740/4440 3848/2742/4442 3853/2747/4447
f 3853/2747/4447 3851/2745/4445 3846/2740/4440
f 3852/2746/4446 3851/2745/4445 3854/2748/4448
f 3854/2748/4448 3855/2749/4449 3852/2746/4446
f 3851/2745/4445 3853/2747/4447 3856/2750/4450
f 3856/2750/4450 3854/2748/4448 3851/2745/4445
f 3857/2751/4451 3853/2747/4447 3848/2742/4442
f 3848/2742/4442 3850/2744/4444 3857/2751/4451
f 3858/2752/4452 3856/2750/4450 3853/2747/4447
f 3853/2747/4447 3857/2751/4451 3858/2752/4452
f 3855/2749/4449 3854/2748/4448 3859/2753/4453
f 3859/2753/4453 3860/2754/4454 3855/2749/4449
f 3854/2748/4448 3856/2750/4450 3861/2755/4455
f 3861/2755/4455 3859/2753/4453 3854/2748/4448
f 3860/2754/4454 3859/2753/4453 3862/2756/4456
f 3862/2756/4456 3863/2757/4457 3860/2754/4454
f 3859/2753/4453 3861/2755/4455 3864/2758/4458
f 3864/2758/4458 3862/2756/4456 3859/2753/4453
f 3865/2759/4459 3861/2755/4455 3856/2750/4450
f 3856/2750/4450 3858/2752/4452 3865/2759/4459
f 3866/2760/4460 3864/2758/4458 3861/2755/4455
f 3861/2755/4455 3865/2759/4459 3866/2760/4460
f 3863/2757/4457 3862/2756/4456 3867/2761/4461
f 3867/2761/4461 3868/2762/4462 3863/2757/4457
f 3862/2756/4456 3864/2758/4458 3869/2763/4463
f 3869/2763/4463 3867/2761/4461 3862/2756/4456
f 3868/2762/4462 3867/2761/4461 3870/2764/4464
f 3867/2761/4461 3869/2763/4463 3870/2764/4464
f 3868/2762/4462 3870/2764/4464 3751/2765/4465
f 3870/2764/4464 3750/2766/4341 3751/2765/4465
f 3748/2767/4466 3750/2766/4341 3870/2764/4464
f 3869/2763/4463 3748/2767/4466 3870/2764/4464
f 3630/2768/4467 3748/2767/4466 3869/2763/4463
f 3871/2769/4468 3630/2768/4467 3869/2763/4463
f 3869/2763/4463 3872/2770/4469 3871/2769/4468
f 3872/2770/4469 3869/2763/4463 3864/2758/4458
f 3864/2758/4458 3866/2760/4460 3872/2770/4469
f 3873/2771/4470 3871/2769/4468 3872/2770/4469
f 3874/2772/4471 3872/2770/4469 3866/2760/4460
f 3872/2770/4469 3874/2772/4471 3873/2771/4470
f 3866/2760/4460 3875/2773/4472 3874/2772/4471
f 3875/2773/4472 3866/2760/4460 3865/2759/4459
f 3874/2772/4471 3876/2774/4473 3873/2771/4470
f 3876/2774/4473 3874/2772/4471 3875/2773/4472
f 3876/2774/4473 3877/2775/4474 3873/2771/4470
f 3878/2776/4475 3877/2775/4474 3876/2774/4473
f 3865/2759/4459 3879/2777/4476 3875/2773/4472
f 3879/2777/4476 3865/2759/4459 3858/2752/4452
f 3875/2773/4472 3880/2778/4477 3876/2774/4473
f 3880/2778/4477 3875/2773/4472 3879/2777/4476
f 3876/2774/4473 3881/2779/4478 3878/2776/4475
f 3881/2779/4478 3876/2774/4473 3880/2778/4477
f 3858/2752/4452 3882/2780/4479 3879/2777/4476
f 3882/2780/4479 3858/2752/4452 3857/2751/4451
f 3879/2777/4476 3883/2781/4480 3880/2778/4477
f 3883/2781/4480 3879/2777/4476 3882/2780/4479
f 3880/2778/4477 3884/2782/4481 3881/2779/4478
f 3884/2782/4481 3880/2778/4477 3883/2781/4480
f 3878/2776/4475 3881/2779/4478 3885/2783/4482
f 3885/2783/4482 3881/2779/4478 3884/2782/4481
f 3885/2783/4482 3886/2784/4483 3878/2776/4475
f 3751/2785/4484 3886/2784/4483 3885/2783/4482
f 3885/2783/4482 3868/2786/4462 3751/2785/4484
f 3868/2786/4462 3885/2783/4482 3887/2787/4485
f 3884/2782/4481 3887/2787/4485 3885/2783/4482
f 3887/2787/4485 3863/2788/4486 3868/2786/4462
f 3887/2787/4485 3884/2782/4481 3888/2789/4487
f 3883/2781/4480 3888/2789/4487 3884/2782/4481
f 3863/2788/4486 3887/2787/4485 3889/2790/4488
f 3888/2789/4487 3889/2790/4488 3887/2787/4485
f 3889/2790/4488 3860/2791/4489 3863/2788/4486
f 3888/2789/4487 3883/2781/4480 3890/2792/4490
f 3882/2780/4479 3890/2792/4490 3883/2781/4480
f 3889/2790/4488 3888/2789/4487 3891/2793/4491
f 3890/2792/4490 3891/2793/4491 3888/2789/4487
f 3860/2791/4489 3889/2790/4488 3892/2794/4492
f 3891/2793/4491 3892/2794/4492 3889/2790/4488
f 3892/2794/4492 3855/2795/4449 3860/2791/4489
f 3890/2792/4490 3882/2780/4479 3893/2796/4493
f 3857/2751/4451 3893/2796/4493 3882/2780/4479
f 3893/2796/4493 3857/2751/4451 3850/2744/4444
f 3855/2795/4449 3892/2794/4492 3894/2797/4494
f 3894/2797/4494 3852/2798/4495 3855/2795/4449
f 3850/2744/4444 3895/2799/4496 3893/2796/4493
f 3895/2799/4496 3850/2744/4444 3849/2743/4443
f 3893/2796/4493 3896/2800/4497 3890/2792/4490
f 3896/2800/4497 3893/2796/4493 3895/2799/4496
f 3891/2793/4491 3890/2792/4490 3896/2800/4497
f 3849/2743/4443 3897/2801/4498 3895/2799/4496
f 3897/2801/4498 3849/2743/4443 3842/2736/4436
f 3895/2799/4496 3898/2802/4499 3896/2800/4497
f 3898/2802/4499 3895/2799/4496 3897/2801/4498
f 3896/2800/4497 3899/2803/233 3891/2793/4491
f 3899/2803/233 3896/2800/4497 3898/2802/4499
f 3892/2794/4492 3891/2793/4491 3899/2803/233
f 3899/2803/233 3894/2797/4494 3892/2794/4492
f 3898/2802/4499 3900/2804/4500 3899/2803/233
f 3894/2797/4494 3899/2803/233 3900/2804/4500
f 3897/2801/4498 3901/2805/4501 3898/2802/4499
f 3900/2804/4500 3898/2802/4499 3901/2805/4501
f 3842/2736/4436 3902/2806/4502 3897/2801/4498
f 3901/2805/4501 3897/2801/4498 3902/2806/4502
f 3902/2806/4502 3842/2736/4436 3841/2735/4435
f 3900/2804/4500 3903/2807/4503 3894/2797/4494
f 3852/2798/4495 3894/2797/4494 3903/2807/4503
f 3903/2807/4503 3847/2808/4504 3852/2798/4495
f 3901/2805/4501 3904/2809/4505 3900/2804/4500
f 3903/2807/4503 3900/2804/4500 3904/2809/4505
f 3847/2808/4504 3903/2807/4503 3905/2810/4506
f 3904/2809/4505 3905/2810/4506 3903/2807/4503
f 3905/2810/4506 3844/2811/4507 3847/2808/4504
f 3904/2809/4505 3901/2805/4501 3906/2812/4508
f 3902/2806/4502 3906/2812/4508 3901/2805/4501
f 3905/2810/4506 3904/2809/4505 3907/2813/4509
f 3906/2812/4508 3907/2813/4509 3904/2809/4505
f 3844/2811/4507 3905/2810/4506 3908/2814/4510
f 3907/2813/4509 3908/2814/4510 3905/2810/4506
f 3908/2814/4510 3839/2815/4511 3844/2811/4507
f 3906/2812/4508 3902/2806/4502 3909/2816/4512
f 3841/2735/4435 3909/2816/4512 3902/2806/4502
f 3909/2816/4512 3841/2735/4435 3834/2728/4428
f 3839/2815/4511 3908/2814/4510 3910/2817/4513
f 3910/2817/4513 3836/2818/4514 3839/2815/4511
f 3834/2728/4428 3911/2819/4515 3909/2816/4512
f 3911/2819/4515 3834/2728/4428 3833/2727/4427
f 3909/2816/4512 3912/2820/4516 3906/2812/4508
f 3912/2820/4516 3909/2816/4512 3911/2819/4515
f 3907/2813/4509 3906/2812/4508 3912/2820/4516
f 3833/2727/4427 3913/2821/4517 3911/2819/4515
f 3913/2821/4517 3833/2727/4427 3826/2720/4420
f 3911/2819/4515 3914/2822/4518 3912/2820/4516
f 3914/2822/4518 3911/2819/4515 3913/2821/4517
f 3912/2820/4516 3915/2823/4519 3907/2813/4509
f 3915/2823/4519 3912/2820/4516 3914/2822/4518
f 3908/2814/4510 3907/2813/4509 3915/2823/4519
f 3915/2823/4519 3910/2817/4513 3908/2814/4510
f 3914/2822/4518 3916/2824/4520 3915/2823/4519
f 3910/2817/4513 3915/2823/4519 3916/2824/4520
f 3913/2821/4517 3917/2825/4521 3914/2822/4518
f 3916/2824/4520 3914/2822/4518 3917/2825/4521
f 3826/2720/4420 3918/2826/4522 3913/2821/4517
f 3917/2825/4521 3913/2821/4517 3918/2826/4522
f 3918/2826/4522 3826/2720/4420 3825/2719/4419
f 3916/2824/4520 3919/2827/4523 3910/2817/4513
f 3836/2818/4514 3910/2817/4513 3919/2827/4523
f 3919/2827/4523 3831/2828/4524 3836/2818/4514
f 3917/2825/4521 3920/2829/4525 3916/2824/4520
f 3919/2827/4523 3916/2824/4520 3920/2829/4525
f 3831/2828/4524 3919/2827/4523 3921/2830/4526
f 3920/2829/4525 3921/2830/4526 3919/2827/4523
f 3921/2830/4526 3828/2831/4527 3831/2828/4524
f 3920/2829/4525 3917/2825/4521 3922/2832/4528
f 3918/2826/4522 3922/2832/4528 3917/2825/4521
f 3921/2830/4526 3920/2829/4525 3923/2833/4529
f 3922/2832/4528 3923/2833/4529 3920/2829/4525
f 3828/2831/4527 3921/2830/4526 3924/2834/4530
f 3923/2833/4529 3924/2834/4530 3921/2830/4526
f 3924/2834/4530 3803/2691/4393 3828/2831/4527
f 3803/2691/4393 3924/2834/4530 3802/2690/4392
f 3925/2835/4531 3802/2690/4392 3924/2834/4530
f 3924/2834/4530 3923/2833/4529 3925/2835/4531
f 3802/2690/4392 3925/2835/4531 3807/2695/4397
f 3811/2699/4401 3807/2695/4397 3925/2835/4531
f 3926/2836/4532 3925/2835/4531 3923/2833/4529
f 3925/2835/4531 3926/2836/4532 3811/2699/4401
f 3923/2833/4529 3922/2832/4528 3926/2836/4532
f 3927/2837/4533 3811/2699/4401 3926/2836/4532
f 3811/2699/4401 3927/2837/4533 3810/2698/4400
f 3814/2702/4404 3810/2698/4400 3927/2837/4533
f 3927/2837/4533 3818/2709/4409 3814/2702/4404
f 3928/2838/4534 3926/2836/4532 3922/2832/4528
f 3926/2836/4532 3928/2838/4534 3927/2837/4533
f 3818/2709/4409 3927/2837/4533 3928/2838/4534
f 3922/2832/4528 3918/2826/4522 3928/2838/4534
f 3928/2838/4534 3825/2719/4419 3818/2709/4409
f 3825/2719/4419 3928/2838/4534 3918/2826/4522
f 3929/2841/4537 3930/2840/4536 3931/2839/4535
f 3931/2839/4535 3932/2842/4538 3929/2841/4537
f 3932/2842/4538 3931/2839/4535 3933/2843/4539
f 3934/2844/4540 3929/2841/4537 3932/2842/4538
f 3933/2843/4539 3935/2845/4541 3932/2842/4538
f 3935/2845/4541 3933/2843/4539 3936/2846/4542
f 3932/2842/4538 3937/2847/4543 3934/2844/4540
f 3937/2847/4543 3932/2842/4538 3935/2845/4541
f 3938/2848/4544 3934/2844/4540 3937/2847/4543
f 3936/2846/4542 3939/2849/4545 3935/2845/4541
f 3939/2849/4545 3936/2846/4542 3940/2850/4546
f 3935/2845/4541 3941/2851/4547 3937/2847/4543
f 3941/2851/4547 3935/2845/4541 3939/2849/4545
f 3937/2847/4543 3942/2852/4548 3938/2848/4544
f 3942/2852/4548 3937/2847/4543 3941/2851/4547
f 3943/2853/4549 3938/2848/4544 3942/2852/4548
f 3940/2850/4546 3944/2854/4550 3939/2849/4545
f 3944/2854/4550 3940/2850/4546 3945/2855/4551
f 3942/2852/4548 3946/2856/4552 3943/2853/4549
f 3947/2857/4553 3943/2853/4549 3946/2856/4552
f 3941/2851/4547 3948/2858/4554 3942/2852/4548
f 3946/2856/4552 3942/2852/4548 3948/2858/4554
f 3939/2849/4545 3949/2859/4555 3941/2851/4547
f 3948/2858/4554 3941/2851/4547 3949/2859/4555
f 3949/2859/4555 3939/2849/4545 3944/2854/4550
f 3946/2856/4552 3950/2860/4556 3947/2857/4553
f 3951/2861/4557 3947/2857/4553 3950/2860/4556
f 3948/2858/4554 3952/2862/4558 3946/2856/4552
f 3950/2860/4556 3946/2856/4552 3952/2862/4558
f 3949/2859/4555 3953/2863/4559 3948/2858/4554
f 3952/2862/4558 3948/2858/4554 3953/2863/4559
f 3950/2860/4556 3954/2864/4560 3951/2861/4557
f 3955/2865/4561 3951/2861/4557 3954/2864/4560
f 3952/2862/4558 3956/2866/4562 3950/2860/4556
f 3954/2864/4560 3950/2860/4556 3956/2866/4562
f 3954/2864/4560 3957/2867/4563 3955/2865/4561
f 3930/2868/4564 3955/2865/4561 3957/2867/4563
f 3957/2867/4563 3931/2869/4535 3930/2868/4564
f 3957/2867/4563 3954/2864/4560 3958/2870/4565
f 3956/2866/4562 3958/2870/4565 3954/2864/4560
f 3931/2869/4535 3957/2867/4563 3959/2871/4566
f 3958/2870/4565 3959/2871/4566 3957/2867/4563
f 3959/2871/4566 3933/2872/4567 3931/2869/4535
f 3958/2870/4565 3956/2866/4562 3960/2873/4568
f 3933/2872/4567 3959/2871/4566 3961/2874/4569
f 3961/2874/4569 3936/2875/4542 3933/2872/4567
f 3959/2871/4566 3958/2870/4565 3962/2876/4570
f 3962/2876/4570 3961/2874/4569 3959/2871/4566
f 3960/2873/4568 3962/2876/4570 3958/2870/4565
f 3936/2875/4542 3961/2874/4569 3963/2877/4571
f 3963/2877/4571 3940/2878/4572 3936/2875/4542
f 3961/2874/4569 3962/2876/4570 3964/2879/4573
f 3964/2879/4573 3963/2877/4571 3961/2874/4569
f 3940/2878/4572 3963/2877/4571 3965/2880/4574
f 3965/2880/4574 3945/2881/4575 3940/2878/4572
f 3963/2877/4571 3964/2879/4573 3966/2882/4576
f 3966/2882/4576 3965/2880/4574 3963/2877/4571
f 3967/2883/4577 3964/2879/4573 3962/2876/4570
f 3962/2876/4570 3960/2873/4568 3967/2883/4577
f 3968/2884/4578 3966/2882/4576 3964/2879/4573
f 3964/2879/4573 3967/2883/4577 3968/2884/4578
f 3945/2881/4575 3965/2880/4574 3969/2885/4579
f 3969/2885/4579 3970/2886/4580 3945/2881/4575
f 3965/2880/4574 3966/2882/4576 3971/2887/4581
f 3971/2887/4581 3969/2885/4579 3965/2880/4574
f 3970/2886/4580 3969/2885/4579 3972/2888/4582
f 3972/2888/4582 3973/2889/4583 3970/2886/4580
f 3969/2885/4579 3971/2887/4581 3974/2890/4584
f 3974/2890/4584 3972/2888/4582 3969/2885/4579
f 3975/2891/4585 3971/2887/4581 3966/2882/4576
f 3966/2882/4576 3968/2884/4578 3975/2891/4585
f 3976/2892/4586 3974/2890/4584 3971/2887/4581
f 3971/2887/4581 3975/2891/4585 3976/2892/4586
f 3973/2889/4583 3972/2888/4582 3977/2893/4587
f 3977/2893/4587 3978/2894/4588 3973/2889/4583
f 3972/2888/4582 3974/2890/4584 3979/2895/4589
f 3979/2895/4589 3977/2893/4587 3972/2888/4582
f 3978/2894/4588 3977/2893/4587 3980/2896/4590
f 3980/2896/4590 3981/2897/4591 3978/2894/4588
f 3977/2893/4587 3979/2895/4589 3982/2898/4592
f 3982/2898/4592 3980/2896/4590 3977/2893/4587
f 3983/2899/4593 3979/2895/4589 3974/2890/4584
f 3974/2890/4584 3976/2892/4586 3983/2899/4593
f 3984/2900/4594 3982/2898/4592 3979/2895/4589
f 3979/2895/4589 3983/2899/4593 3984/2900/4594
f 3981/2897/4591 3980/2896/4590 3985/2901/4595
f 3985/2901/4595 3986/2902/4596 3981/2897/4591
f 3980/2896/4590 3982/2898/4592 3987/2903/4597
f 3987/2903/4597 3985/2901/4595 3980/2896/4590
f 3986/2902/4596 3985/2901/4595 3988/2904/4598
f 3988/2904/4598 3989/2905/4599 3986/2902/4596
f 3985/2901/4595 3987/2903/4597 3990/2906/4600
f 3990/2906/4600 3988/2904/4598 3985/2901/4595
f 3991/2907/4601 3987/2903/4597 3982/2898/4592
f 3982/2898/4592 3984/2900/4594 3991/2907/4601
f 3992/2908/4602 3990/2906/4600 3987/2903/4597
f 3987/2903/4597 3991/2907/4601 3992/2908/4602
f 3989/2905/4599 3988/2904/4598 3993/2909/4603
f 3993/2909/4603 3994/2910/4604 3989/2905/4599
f 3988/2904/4598 3990/2906/4600 3995/2911/4605
f 3995/2911/4605 3993/2909/4603 3988/2904/4598
f 3994/2910/4604 3993/2909/4603 3996/2912/255
f 3996/2912/255 3997/2913/4606 3994/2910/4604
f 3993/2909/4603 3995/2911/4605 3998/2914/4607
f 3998/2914/4607 3996/2912/255 3993/2909/4603
f 3999/2915/4608 3995/2911/4605 3990/2906/4600
f 3990/2906/4600 3992/2908/4602 3999/2915/4608
f 4000/2916/4609 3998/2914/4607 3995/2911/4605
f 3995/2911/4605 3999/2915/4608 4000/2916/4609
f 3997/2913/4606 3996/2912/255 4001/2917/4610
f 4001/2917/4610 4002/2918/4611 3997/2913/4606
f 3996/2912/255 3998/2914/4607 4003/2919/4612
f 4003/2919/4612 4001/2917/4610 3996/2912/255
f 4002/2918/4611 4001/2917/4610 4004/2920/4613
f 4004/2920/4613 4005/2921/4614 4002/2918/4611
f 4001/2917/4610 4003/2919/4612 4006/2922/4615
f 4006/2922/4615 4004/2920/4613 4001/2917/4610
f 4007/2923/4616 4003/2919/4612 3998/2914/4607
f 3998/2914/4607 4000/2916/4609 4007/2923/4616
f 4008/2924/4617 4006/2922/4615 4003/2919/4612
f 4003/2919/4612 4007/2923/4616 4008/2924/4617
f 4004/2920/4613 4006/2922/4615 4009/2925/4618
f 4005/2921/4614 4004/2920/4613 4010/2926/4619
f 4009/2925/4618 4010/2926/4619 4004/2920/4613
f 4010/2926/4619 4011/2927/4620 4005/2921/4614
f 4011/2927/4620 4010/2926/4619 4012/2928/4621
f 4012/2928/4621 3755/2930/4623 3758/2929/4622
f 4010/2926/4619 3755/2930/4623 4012/2928/4621
f 3753/2931/4624 3755/2930/4623 4010/2926/4619
f 4013/2932/4625 3753/2931/4624 4010/2926/4619
f 4010/2926/4619 4009/2925/4618 4013/2932/4625
f 4014/2933/4626 4013/2932/4625 4009/2925/4618
f 4009/2925/4618 4015/2934/4627 4014/2933/4626
f 4015/2934/4627 4009/2925/4618 4006/2922/4615
f 4006/2922/4615 4008/2924/4617 4015/2934/4627
f 4016/2935/4628 4014/2933/4626 4015/2934/4627
f 4015/2934/4627 4008/2924/4617 4017/2936/4629
f 4015/2934/4627 4018/2937/4630 4016/2935/4628
f 4019/2938/4631 4017/2936/4629 4008/2924/4617
f 4008/2924/4617 4007/2923/4616 4019/2938/4631
f 4017/2936/4629 4020/2939/4632 4015/2934/4627
f 4018/2937/4630 4015/2934/4627 4020/2939/4632
f 4021/2940/4633 4017/2936/4629 4019/2938/4631
f 4018/2937/4630 4022/2941/4634 4016/2935/4628
f 4016/2935/4628 4022/2941/4634 4023/2942/4635
f 4017/2936/4629 4021/2940/4633 4024/2943/4636
f 4024/2943/4636 4020/2939/4632 4017/2936/4629
f 4019/2938/4631 4025/2944/4637 4021/2940/4633
f 4020/2939/4632 4024/2943/4636 4026/2945/4638
f 4021/2940/4633 4027/2946/4639 4024/2943/4636
f 4024/2943/4636 4027/2946/4639 4026/2945/4638
f 4025/2944/4637 4027/2946/4639 4021/2940/4633
f 4026/2945/4638 4028/2947/4640 4020/2939/4632
f 4020/2939/4632 4028/2947/4640 4018/2937/4630
f 4022/2941/4634 4018/2937/4630 4028/2947/4640
f 4028/2947/4640 4026/2945/4638 4029/2948/4641
f 4026/2945/4638 4027/2946/4639 4029/2948/4641
f 4029/2948/4641 4030/2949/4642 4028/2947/4640
f 4028/2947/4640 4030/2949/4642 4022/2941/4634
f 4029/2948/4641 4027/2946/4639 4031/2950/4643
f 4030/2949/4642 4029/2948/4641 4031/2950/4643
f 4031/2950/4643 4027/2946/4639 4032/2951/4644
f 4031/2950/4643 4033/2952/4645 4030/2949/4642
f 4033/2952/4645 4031/2950/4643 4032/2951/4644
f 4032/2951/4644 4027/2946/4639 4034/2953/4646
f 4034/2953/4646 4027/2946/4639 4025/2944/4637
f 4032/2951/4644 4035/2954/4647 4033/2952/4645
f 4035/2954/4647 4032/2951/4644 4034/2953/4646
f 4036/2955/4648 4034/2953/4646 4025/2944/4637
f 4034/2953/4646 4036/2955/4648 4035/2954/4647
f 4025/2944/4637 4019/2938/4631 4036/2955/4648
f 4036/2955/4648 4019/2938/4631 4007/2923/4616
f 4007/2923/4616 4037/2956/4649 4036/2955/4648
f 4035/2954/4647 4036/2955/4648 4037/2956/4649
f 4037/2956/4649 4007/2923/4616 4000/2916/4609
f 4037/2956/4649 4038/2957/4650 4035/2954/4647
f 4033/2952/4645 4035/2954/4647 4038/2957/4650
f 4000/2916/4609 4039/2958/4651 4037/2956/4649
f 4038/2957/4650 4037/2956/4649 4039/2958/4651
f 4039/2958/4651 4000/2916/4609 3999/2915/4608
f 4038/2957/4650 4040/2959/4652 4033/2952/4645
f 4030/2949/4642 4033/2952/4645 4040/2959/4652
f 4040/2959/4652 4022/2941/4634 4030/2949/4642
f 3999/2915/4608 4041/2960/4653 4039/2958/4651
f 4041/2960/4653 3999/2915/4608 3992/2908/4602
f 4039/2958/4651 4042/2961/4654 4038/2957/4650
f 4042/2961/4654 4039/2958/4651 4041/2960/4653
f 3992/2908/4602 4043/2962/4655 4041/2960/4653
f 4043/2962/4655 3992/2908/4602 3991/2907/4601
f 4041/2960/4653 4044/2963/4656 4042/2961/4654
f 4044/2963/4656 4041/2960/4653 4043/2962/4655
f 3991/2907/4601 4045/2964/4657 4043/2962/4655
f 4045/2964/4657 3991/2907/4601 3984/2900/4594
f 4043/2962/4655 4046/2965/4658 4044/2963/4656
f 4046/2965/4658 4043/2962/4655 4045/2964/4657
f 3984/2900/4594 4047/2966/4659 4045/2964/4657
f 4047/2966/4659 3984/2900/4594 3983/2899/4593
f 4045/2964/4657 4048/2967/4660 4046/2965/4658
f 4048/2967/4660 4045/2964/4657 4047/2966/4659
f 3983/2899/4593 4049/2968/4661 4047/2966/4659
f 4049/2968/4661 3983/2899/4593 3976/2892/4586
f 4047/2966/4659 4050/2969/4662 4048/2967/4660
f 4050/2969/4662 4047/2966/4659 4049/2968/4661
f 3976/2892/4586 4051/2970/4663 4049/2968/4661
f 4051/2970/4663 3976/2892/4586 3975/2891/4585
f 4049/2968/4661 4052/2971/4664 4050/2969/4662
f 4052/2971/4664 4049/2968/4661 4051/2970/4663
f 3975/2891/4585 4053/2972/4665 4051/2970/4663
f 4053/2972/4665 3975/2891/4585 3968/2884/4578
f 4051/2970/4663 4054/2973/4666 4052/2971/4664
f 4054/2973/4666 4051/2970/4663 4053/2972/4665
f 3968/2884/4578 4055/2974/4667 4053/2972/4665
f 4055/2974/4667 3968/2884/4578 3967/2883/4577
f 4053/2972/4665 4056/2975/4668 4054/2973/4666
f 4056/2975/4668 4053/2972/4665 4055/2974/4667
f 3967/2883/4577 4057/2976/4669 4055/2974/4667
f 4057/2976/4669 3967/2883/4577 3960/2873/4568
f 4055/2974/4667 4058/2977/4670 4056/2975/4668
f 4058/2977/4670 4055/2974/4667 4057/2976/4669
f 3960/2873/4568 4059/2978/4671 4057/2976/4669
f 4059/2978/4671 3960/2873/4568 3956/2866/4562
f 3956/2866/4562 3952/2862/4558 4059/2978/4671
f 3953/2863/4559 4059/2978/4671 3952/2862/4558
f 4060/2979/4672 4057/2976/4669 4059/2978/4671
f 4059/2978/4671 3953/2863/4559 4060/2979/4672
f 4057/2976/4669 4060/2979/4672 4058/2977/4670
f 4061/2980/4673 4060/2979/4672 3953/2863/4559
f 3953/2863/4559 3949/2859/4555 4061/2980/4673
f 3944/2854/4550 4061/2980/4673 3949/2859/4555
f 4062/2981/4674 4058/2977/4670 4060/2979/4672
f 4060/2979/4672 4061/2980/4673 4062/2981/4674
f 4061/2980/4673 3944/2854/4550 4063/2982/4675
f 4063/2982/4675 4062/2981/4674 4061/2980/4673
f 3945/2855/4551 4063/2982/4675 3944/2854/4550
f 4063/2982/4675 3945/2855/4551 3970/2983/4580
f 3970/2983/4580 4064/2984/4676 4063/2982/4675
f 4062/2981/4674 4063/2982/4675 4064/2984/4676
f 4064/2984/4676 3970/2983/4580 3973/2985/4583
f 4058/2977/4670 4062/2981/4674 4065/2986/4677
f 4064/2984/4676 4065/2986/4677 4062/2981/4674
f 4065/2986/4677 4056/2975/4668 4058/2977/4670
f 3973/2985/4583 4066/2987/4678 4064/2984/4676
f 4065/2986/4677 4064/2984/4676 4066/2987/4678
f 4066/2987/4678 3973/2985/4583 3978/2988/4588
f 4056/2975/4668 4065/2986/4677 4067/2989/4679
f 4066/2987/4678 4067/2989/4679 4065/2986/4677
f 4067/2989/4679 4054/2973/4666 4056/2975/4668
f 3978/2988/4588 4068/2990/4680 4066/2987/4678
f 4067/2989/4679 4066/2987/4678 4068/2990/4680
f 4068/2990/4680 3978/2988/4588 3981/2991/4681
f 4054/2973/4666 4067/2989/4679 4069/2992/4682
f 4068/2990/4680 4069/2992/4682 4067/2989/4679
f 4069/2992/4682 4052/2971/4664 4054/2973/4666
f 3981/2991/4681 4070/2993/584 4068/2990/4680
f 4069/2992/4682 4068/2990/4680 4070/2993/584
f 4070/2993/584 3981/2991/4681 3986/2994/4596
f 4052/2971/4664 4069/2992/4682 4071/2995/4683
f 4070/2993/584 4071/2995/4683 4069/2992/4682
f 4071/2995/4683 4050/2969/4662 4052/2971/4664
f 3986/2994/4596 4072/2996/4684 4070/2993/584
f 4071/2995/4683 4070/2993/584 4072/2996/4684
f 4072/2996/4684 3986/2994/4596 3989/2997/4685
f 4050/2969/4662 4071/2995/4683 4073/2998/4686
f 4072/2996/4684 4073/2998/4686 4071/2995/4683
f 4073/2998/4686 4048/2967/4660 4050/2969/4662
f 3989/2997/4685 4074/2999/4687 4072/2996/4684
f 4073/2998/4686 4072/2996/4684 4074/2999/4687
f 4074/2999/4687 3989/2997/4685 3994/3000/4688
f 4048/2967/4660 4073/2998/4686 4075/3001/4689
f 4074/2999/4687 4075/3001/4689 4073/2998/4686
f 4075/3001/4689 4046/2965/4658 4048/2967/4660
f 3994/3000/4688 4076/3002/4690 4074/2999/4687
f 4075/3001/4689 4074/2999/4687 4076/3002/4690
f 4076/3002/4690 3994/3000/4688 3997/3003/4691
f 4046/2965/4658 4075/3001/4689 4077/3004/4692
f 4076/3002/4690 4077/3004/4692 4075/3001/4689
f 4077/3004/4692 4044/2963/4656 4046/2965/4658
f 3997/3003/4691 4078/3005/4693 4076/3002/4690
f 4077/3004/4692 4076/3002/4690 4078/3005/4693
f 4078/3005/4693 3997/3003/4691 4002/3006/4611
f 4044/2963/4656 4077/3004/4692 4079/3007/4694
f 4078/3005/4693 4079/3007/4694 4077/3004/4692
f 4079/3007/4694 4042/2961/4654 4044/2963/4656
f 4002/3006/4611 4080/3008/4695 4078/3005/4693
f 4079/3007/4694 4078/3005/4693 4080/3008/4695
f 4080/3008/4695 4002/3006/4611 4005/3009/4614
f 4042/2961/4654 4079/3007/4694 4081/3010/4696
f 4080/3008/4695 4081/3010/4696 4079/3007/4694
f 4081/3010/4696 4038/2957/4650 4042/2961/4654
f 4005/3009/4614 4082/3011/4697 4080/3008/4695
f 4081/3010/4696 4080/3008/4695 4082/3011/4697
f 4082/3011/4697 4005/3009/4614 4011/3012/4620
f 4038/2957/4650 4081/3010/4696 4083/3013/4698
f 4082/3011/4697 4083/3013/4698 4081/3010/4696
f 4083/3013/4698 4040/2959/4652 4038/2957/4650
f 4011/3012/4620 4084/3014/4699 4082/3011/4697
f 4083/3013/4698 4082/3011/4697 4084/3014/4699
f 4084/3014/4699 4011/3012/4620 4012/3015/4700
f 4040/2959/4652 4083/3013/4698 4085/3016/4701
f 4084/3014/4699 4085/3016/4701 4083/3013/4698
f 4085/3016/4701 4022/2941/4634 4040/2959/4652
f 4012/3015/4700 4086/3017/4702 4084/3014/4699
f 4085/3016/4701 4084/3014/4699 4086/3017/4702
f 4086/3017/4702 4012/3015/4700 3758/3018/4703
f 3758/3018/4703 3759/3019/4704 4086/3017/4702
f 4086/3017/4702 3759/3019/4704 3760/3020/4705
f 4022/2941/4634 4085/3016/4701 4087/3021/4706
f 4086/3017/4702 4087/3021/4706 4085/3016/4701
f 4087/3021/4706 4086/3017/4702 3760/3020/4705
f 4087/3021/4706 4023/2942/4635 4022/2941/4634
f 3760/3020/4705 4088/3022/4707 4087/3021/4706
f 4023/2942/4635 4087/3021/4706 4088/3022/4707
f 3873/3025/1258 4089/3024/4709 3871/3023/4708
f 3871/3023/4708 4089/3024/4709 4090/3026/4710
f 4090/3026/4710 3630/3027/4711 3871/3023/4708
f 4090/3026/4710 4089/3024/4709 4091/3028/4712
f 3631/3029/4713 3630/3027/4711 4090/3026/4710
f 4091/3028/4712 4092/3030/4714 4090/3026/4710
f 4090/3026/4710 4093/3031/4715 3631/3029/4713
f 4093/3031/4715 3635/3032/4215 3631/3029/4713
f 3639/3033/4716 3635/3032/4215 4093/3031/4715
f 4090/3026/4710 4092/3030/4714 4094/3034/4717
f 4094/3034/4717 4093/3031/4715 4090/3026/4710
f 4095/3035/4718 4092/3030/4714 4091/3028/4712
f 4091/3028/4712 4096/3036/4719 4095/3035/4718
f 4097/3037/4720 4094/3034/4717 4092/3030/4714
f 4092/3030/4714 4095/3035/4718 4097/3037/4720
f 4094/3034/4717 4098/3038/4721 4093/3031/4715
f 4098/3038/4721 4094/3034/4717 4097/3037/4720
f 4093/3031/4715 4099/3039/4722 3639/3033/4716
f 4098/3038/4721 4099/3039/4722 4093/3031/4715
f 3764/3040/4723 3639/3033/4716 4099/3039/4722
f 4099/3039/4722 4100/3041/4724 3764/3040/4723
f 4099/3039/4722 4098/3038/4721 4100/3041/4724
f 3760/3042/4725 3764/3040/4723 4100/3041/4724
f 3760/3042/4725 4100/3041/4724 4101/3043/4726
f 4101/3043/4726 4088/3044/4727 3760/3042/4725
f 4023/3045/4635 4088/3044/4727 4101/3043/4726
f 4101/3043/4726 4100/3041/4724 4102/3046/4728
f 4100/3041/4724 4098/3038/4721 4102/3046/4728
f 4101/3043/4726 4103/3047/4729 4023/3045/4635
f 4103/3047/4729 4101/3043/4726 4102/3046/4728
f 4016/3048/4730 4023/3045/4635 4103/3047/4729
f 4103/3047/4729 4104/3049/4731 4016/3048/4730
f 4105/3050/4732 4104/3049/4731 4103/3047/4729
f 4102/3046/4728 4106/3051/4733 4103/3047/4729
f 4103/3047/4729 4106/3051/4733 4105/3050/4732
f 4106/3051/4733 4102/3046/4728 4107/3052/4442
f 4107/3052/4442 4102/3046/4728 4098/3038/4721
f 4105/3050/4732 4106/3051/4733 4108/3053/4734
f 4107/3052/4442 4108/3053/4734 4106/3051/4733
f 4108/3053/4734 4109/3054/4735 4105/3050/4732
f 4098/3038/4721 4110/3055/4736 4107/3052/4442
f 4097/3037/4720 4110/3055/4736 4098/3038/4721
f 4109/3054/4735 4108/3053/4734 4111/3056/4737
f 4111/3056/4737 4112/3057/4738 4109/3054/4735
f 4113/3058/2146 4112/3057/4738 4111/3056/4737
f 4108/3053/4734 4107/3052/4442 4114/3059/4739
f 4114/3059/4739 4111/3056/4737 4108/3053/4734
f 4114/3059/4739 4107/3052/4442 4110/3055/4736
f 4111/3056/4737 4115/3060/4740 4113/3058/2146
f 4115/3060/4740 4111/3056/4737 4114/3059/4739
f 4113/3058/2146 4115/3060/4740 4116/3061/4741
f 4116/3061/4741 4117/3062/4742 4113/3058/2146
f 4118/3063/4743 4117/3062/4742 4116/3061/4741
f 4114/3059/4739 4119/3064/4744 4115/3060/4740
f 4116/3061/4741 4120/3065/4745 4118/3063/4743
f 4121/3066/4746 4116/3061/4741 4115/3060/4740
f 4120/3065/4745 4116/3061/4741 4121/3066/4746
f 4115/3060/4740 4119/3064/4744 4121/3066/4746
f 4118/3063/4743 4120/3065/4745 4122/3067/4747
f 4122/3067/4747 4123/3068/4748 4118/3063/4743
f 4124/3069/4749 4123/3068/4748 4122/3067/4747
f 4121/3066/4746 4125/3070/4750 4120/3065/4745
f 4122/3067/4747 4126/3071/4009 4124/3069/4749
f 4127/3072/3784 4122/3067/4747 4120/3065/4745
f 4126/3071/4009 4122/3067/4747 4127/3072/3784
f 4120/3065/4745 4125/3070/4750 4127/3072/3784
f 4124/3069/4749 4126/3071/4009 4128/3073/4751
f 4128/3073/4751 4129/3074/4752 4124/3069/4749
f 4127/3072/3784 4130/3075/4753 4126/3071/4009
f 4129/3074/4752 4128/3073/4751 4131/3076/4754
f 4131/3076/4754 4132/3077/4755 4129/3074/4752
f 4133/3078/4756 4128/3073/4751 4126/3071/4009
f 4126/3071/4009 4130/3075/4753 4133/3078/4756
f 4134/3079/4757 4131/3076/4754 4128/3073/4751
f 4128/3073/4751 4133/3078/4756 4134/3079/4757
f 4132/3077/4755 4131/3076/4754 4135/3080/4758
f 4135/3080/4758 4136/3081/4759 4132/3077/4755
f 4131/3076/4754 4134/3079/4757 4137/3082/4760
f 4137/3082/4760 4135/3080/4758 4131/3076/4754
f 4136/3081/4759 4135/3080/4758 4138/3083/4761
f 4138/3083/4761 4139/3084/4762 4136/3081/4759
f 4135/3080/4758 4137/3082/4760 4140/3085/4763
f 4140/3085/4763 4138/3083/4761 4135/3080/4758
f 4141/3086/4764 4137/3082/4760 4134/3079/4757
f 4140/3085/4763 4137/3082/4760 4141/3086/4764
f 4139/3084/4762 4138/3083/4761 4142/3087/4751
f 4142/3087/4751 4143/3088/4765 4139/3084/4762
f 4138/3083/4761 4140/3085/4763 4144/3089/4766
f 4144/3089/4766 4142/3087/4751 4138/3083/4761
f 4143/3088/4765 4142/3087/4751 4145/3090/4767
f 4145/3090/4767 4146/3091/4768 4143/3088/4765
f 4142/3087/4751 4144/3089/4766 4147/3092/4766
f 4147/3092/4766 4145/3090/4767 4142/3087/4751
f 4146/3091/4768 4145/3090/4767 4148/3093/4769
f 4148/3093/4769 4149/3094/4770 4146/3091/4768
f 4150/3095/4771 4149/3094/4770 4148/3093/4769
f 4151/3096/4760 4148/3093/4769 4145/3090/4767
f 4145/3090/4767 4147/3092/4766 4151/3096/4760
f 4148/3093/4769 4152/3097/4772 4150/3095/4771
f 4152/3097/4772 4148/3093/4769 4151/3096/4760
f 4150/3095/4771 4152/3097/4772 4153/3098/4773
f 4153/3098/4773 4154/3099/4771 4150/3095/4771
f 4155/3100/4774 4154/3099/4771 4153/3098/4773
f 4151/3096/4760 4156/3101/4760 4152/3097/4772
f 4157/3102/4756 4153/3098/4773 4152/3097/4772
f 4152/3097/4772 4156/3101/4760 4157/3102/4756
f 4153/3098/4773 4158/3103/4775 4155/3100/4774
f 4158/3103/4775 4153/3098/4773 4157/3102/4756
f 4155/3100/4774 4158/3103/4775 4159/3104/4776
f 4159/3104/4776 4160/3105/4777 4155/3100/4774
f 4157/3102/4756 4161/3106/4778 4158/3103/4775
f 4160/3105/4777 4159/3104/4776 4162/3107/4779
f 4162/3107/4779 4163/3108/4780 4160/3105/4777
f 4164/3109/4781 4159/3104/4776 4158/3103/4775
f 4158/3103/4775 4161/3106/4778 4164/3109/4781
f 4165/3110/4782 4162/3107/4779 4159/3104/4776
f 4159/3104/4776 4164/3109/4781 4165/3110/4782
f 4163/3108/4780 4162/3107/4779 4166/3111/4783
f 4166/3111/4783 4167/3112/4784 4163/3108/4780
f 4162/3107/4779 4165/3110/4782 4168/3113/4785
f 4168/3113/4785 4166/3111/4783 4162/3107/4779
f 4167/3112/4784 4166/3111/4783 4169/3114/4786
f 4169/3114/4786 4170/3115/4787 4167/3112/4784
f 4171/3116/4788 4170/3115/4787 4169/3114/4786
f 4172/3117/4789 4169/3114/4786 4166/3111/4783
f 4166/3111/4783 4168/3113/4785 4172/3117/4789
f 4169/3114/4786 4173/3118/4790 4171/3116/4788
f 4173/3118/4790 4169/3114/4786 4172/3117/4789
f 4171/3116/4788 4173/3118/4790 4174/3119/4791
f 4174/3119/4791 4175/3120/4770 4171/3116/4788
f 4172/3117/4789 4176/3121/4792 4173/3118/4790
f 4175/3120/4770 4174/3119/4791 4177/3122/4793
f 4177/3122/4793 4178/3123/4794 4175/3120/4770
f 4179/3124/4795 4174/3119/4791 4173/3118/4790
f 4173/3118/4790 4176/3121/4792 4179/3124/4795
f 4180/3125/4796 4177/3122/4793 4174/3119/4791
f 4174/3119/4791 4179/3124/4795 4180/3125/4796
f 4178/3123/4794 4177/3122/4793 4181/3126/4758
f 4181/3126/4758 4182/3127/4204 4178/3123/4794
f 4183/3128/4797 4182/3127/4204 4181/3126/4758
f 4181/3126/4758 4184/3129/4798 4183/3128/4797
f 4185/3130/4799 4184/3129/4798 4181/3126/4758
f 4186/3131/4795 4181/3126/4758 4177/3122/4793
f 4177/3122/4793 4180/3125/4796 4186/3131/4795
f 4181/3126/4758 4187/3132/4800 4185/3130/4799
f 4187/3132/4800 4181/3126/4758 4186/3131/4795
f 4188/3133/4801 4185/3130/4799 4187/3132/4800
f 4189/3134/4802 4186/3131/4795 4180/3125/4796
f 4188/3133/4801 4187/3132/4800 4190/3135/4803
f 4190/3135/4803 4191/3136/4804 4188/3133/4801
f 4192/3137/4805 4191/3136/4804 4190/3135/4803
f 4186/3131/4795 4193/3138/4806 4187/3132/4800
f 4194/3139/4807 4190/3135/4803 4187/3132/4800
f 4187/3132/4800 4193/3138/4806 4194/3139/4807
f 4190/3135/4803 4195/3140/4808 4192/3137/4805
f 4195/3140/4808 4190/3135/4803 4194/3139/4807
f 4196/3141/4809 4193/3138/4806 4186/3131/4795
f 4186/3131/4795 4189/3134/4802 4196/3141/4809
f 4197/3142/4810 4194/3139/4807 4193/3138/4806
f 4193/3138/4806 4196/3141/4809 4197/3142/4810
f 4194/3139/4807 4198/3143/4811 4195/3140/4808
f 4198/3143/4811 4194/3139/4807 4197/3142/4810
f 4192/3137/4805 4195/3140/4808 4199/3144/4812
f 4199/3144/4812 4200/3145/4813 4192/3137/4805
f 4195/3140/4808 4198/3143/4811 4201/3146/4814
f 4201/3146/4814 4199/3144/4812 4195/3140/4808
f 4200/3145/4813 4199/3144/4812 4202/3147/4815
f 4202/3147/4815 4203/3148/4816 4200/3145/4813
f 4199/3144/4812 4201/3146/4814 4204/3149/4817
f 4204/3149/4817 4202/3147/4815 4199/3144/4812
f 4203/3148/4816 4202/3147/4815 4205/3150/4818
f 4205/3150/4818 4206/3151/4819 4203/3148/4816
f 4202/3147/4815 4204/3149/4817 4207/3152/4820
f 4207/3152/4820 4205/3150/4818 4202/3147/4815
f 4208/3153/4821 4204/3149/4817 4201/3146/4814
f 4207/3152/4820 4204/3149/4817 4208/3153/4821
f 4206/3151/4819 4205/3150/4818 4209/3154/4822
f 4209/3154/4822 4210/3155/4819 4206/3151/4819
f 4205/3150/4818 4207/3152/4820 4211/3156/4823
f 4211/3156/4823 4209/3154/4822 4205/3150/4818
f 4210/3155/4819 4209/3154/4822 4212/3157/4824
f 4212/3157/4824 4213/3158/4825 4210/3155/4819
f 4209/3154/4822 4211/3156/4823 4214/3159/4826
f 4214/3159/4826 4212/3157/4824 4209/3154/4822
f 4211/3156/4823 4207/3152/4820 4215/3160/4827
f 4208/3153/4821 4215/3160/4827 4207/3152/4820
f 4213/3158/4825 4212/3157/4824 4216/3161/4828
f 4216/3161/4828 4217/3162/4829 4213/3158/4825
f 4212/3157/4824 4214/3159/4826 4218/3163/4830
f 4218/3163/4830 4216/3161/4828 4212/3157/4824
f 4217/3162/4829 4216/3161/4828 4219/3164/4831
f 4219/3164/4831 4220/3165/4832 4217/3162/4829
f 4216/3161/4828 4218/3163/4830 4221/3166/4833
f 4221/3166/4833 4219/3164/4831 4216/3161/4828
f 4220/3165/4832 4219/3164/4831 4222/3167/4834
f 4222/3167/4834 4223/3168/4835 4220/3165/4832
f 4224/3169/4836 4223/3168/4835 4222/3167/4834
f 4225/3170/4837 4222/3167/4834 4219/3164/4831
f 4219/3164/4831 4221/3166/4833 4225/3170/4837
f 4222/3167/4834 4226/3171/4834 4224/3169/4836
f 4226/3171/4834 4222/3167/4834 4225/3170/4837
f 4224/3169/4836 4226/3171/4834 4227/3172/4838
f 4227/3172/4838 4228/3173/4839 4224/3169/4836
f 4229/3174/4840 4228/3173/4839 4227/3172/4838
f 4225/3170/4837 4230/3175/4841 4226/3171/4834
f 4227/3172/4838 4231/3176/4842 4229/3174/4840
f 4232/3177/4843 4229/3174/4840 4231/3176/4842
f 4233/3178/4844 4227/3172/4838 4226/3171/4834
f 4226/3171/4834 4230/3175/4841 4233/3178/4844
f 4231/3176/4842 4227/3172/4838 4233/3178/4844
f 4234/3179/4845 4230/3175/4841 4225/3170/4837
f 4233/3178/4844 4230/3175/4841 4234/3179/4845
f 4231/3176/4842 4235/3180/4846 4232/3177/4843
f 4236/3181/4847 4232/3177/4843 4235/3180/4846
f 4233/3178/4844 4237/3182/4763 4231/3176/4842
f 4235/3180/4846 4231/3176/4842 4237/3182/4763
f 4235/3180/4846 4238/3183/4848 4236/3181/4847
f 4239/3184/4849 4236/3181/4847 4238/3183/4848
f 4237/3182/4763 4240/3185/4850 4235/3180/4846
f 4238/3183/4848 4235/3180/4846 4240/3185/4850
f 4237/3182/4763 4233/3178/4844 4241/3186/4851
f 4234/3179/4845 4241/3186/4851 4233/3178/4844
f 4238/3183/4848 4242/3187/4852 4239/3184/4849
f 4241/3186/4851 4234/3179/4845 4243/3188/4853
f 4242/3187/4852 4238/3183/4848 4244/3189/4814
f 4240/3185/4850 4244/3189/4814 4238/3183/4848
f 4239/3184/4849 4242/3187/4852 4245/3190/4854
f 4245/3190/4854 4246/3191/4855 4239/3184/4849
f 4247/3192/4856 4246/3191/4855 4245/3190/4854
f 4245/3190/4854 4248/3193/4857 4247/3192/4856
f 4249/3194/4858 4247/3192/4856 4248/3193/4857
f 4250/3195/4859 4245/3190/4854 4242/3187/4852
f 4248/3193/4857 4245/3190/4854 4250/3195/4859
f 4244/3189/4814 4251/3196/4860 4242/3187/4852
f 4242/3187/4852 4251/3196/4860 4250/3195/4859
f 4248/3193/4857 4252/3197/4861 4249/3194/4858
f 4253/3198/4862 4251/3196/4860 4244/3189/4814
f 4252/3197/4861 4248/3193/4857 4254/3199/4863
f 4250/3195/4859 4254/3199/4863 4248/3193/4857
f 4255/3200/4864 4250/3195/4859 4251/3196/4860
f 4251/3196/4860 4253/3198/4862 4255/3200/4864
f 4256/3201/4865 4254/3199/4863 4250/3195/4859
f 4250/3195/4859 4255/3200/4864 4256/3201/4865
f 4254/3199/4863 4257/3202/4866 4252/3197/4861
f 4258/3203/4867 4257/3202/4866 4254/3199/4863
f 4254/3199/4863 4256/3201/4865 4258/3203/4867
f 4252/3197/4861 4257/3202/4866 4259/3204/4830
f 4259/3204/4830 4257/3202/4866 4258/3203/4867
f 4249/3194/4858 4252/3197/4861 4260/3205/4868
f 4259/3204/4830 4260/3205/4868 4252/3197/4861
f 4260/3205/4868 4261/3206/4869 4249/3194/4858
f 4262/3207/4870 4261/3206/4869 4260/3205/4868
f 4263/3208/4871 4260/3205/4868 4259/3204/4830
f 4260/3205/4868 4263/3208/4871 4262/3207/4870
f 4258/3203/4867 4264/3209/4867 4259/3204/4830
f 4262/3207/4870 4263/3208/4871 4265/3210/4872
f 4265/3210/4872 4266/3211/4873 4262/3207/4870
f 4267/3212/4874 4266/3211/4873 4265/3210/4872
f 4259/3204/4830 4268/3213/4875 4263/3208/4871
f 4268/3213/4875 4259/3204/4830 4264/3209/4867
f 4269/3214/4876 4265/3210/4872 4263/3208/4871
f 4263/3208/4871 4268/3213/4875 4269/3214/4876
f 4265/3210/4872 4270/3215/4872 4267/3212/4874
f 4270/3215/4872 4265/3210/4872 4269/3214/4876
f 4267/3212/4874 4270/3215/4872 4271/3216/4877
f 4271/3216/4877 4272/3217/4878 4267/3212/4874
f 4273/3218/4879 4272/3217/4878 4271/3216/4877
f 4269/3214/4876 4274/3219/4880 4270/3215/4872
f 4271/3216/4877 4275/3220/4877 4273/3218/4879
f 4276/3221/4881 4271/3216/4877 4270/3215/4872
f 4275/3220/4877 4271/3216/4877 4276/3221/4881
f 4270/3215/4872 4274/3219/4880 4276/3221/4881
f 4273/3218/4879 4275/3220/4877 4277/3222/4882
f 4277/3222/4882 4278/3223/4879 4273/3218/4879
f 4279/3224/4883 4278/3223/4879 4277/3222/4882
f 4276/3221/4881 4280/3225/4884 4275/3220/4877
f 4277/3222/4882 4281/3226/4885 4279/3224/4883
f 4282/3227/4886 4279/3224/4883 4281/3226/4885
f 4283/3228/4887 4277/3222/4882 4275/3220/4877
f 4275/3220/4877 4280/3225/4884 4283/3228/4887
f 4281/3226/4885 4277/3222/4882 4283/3228/4887
f 4284/3229/4888 4280/3225/4884 4276/3221/4881
f 4283/3228/4887 4280/3225/4884 4284/3229/4888
f 4281/3226/4885 4285/3230/4889 4282/3227/4886
f 4286/3231/4890 4282/3227/4886 4285/3230/4889
f 4283/3228/4887 4287/3232/4891 4281/3226/4885
f 4285/3230/4889 4281/3226/4885 4287/3232/4891
f 4285/3230/4889 4288/3233/4889 4286/3231/4890
f 4289/3234/4892 4286/3231/4890 4288/3233/4889
f 4287/3232/4891 4290/3235/4893 4285/3230/4889
f 4288/3233/4889 4285/3230/4889 4290/3235/4893
f 4287/3232/4891 4283/3228/4887 4291/3236/4894
f 4284/3229/4888 4291/3236/4894 4283/3228/4887
f 4288/3233/4889 4292/3237/4895 4289/3234/4892
f 4293/3238/4896 4289/3234/4892 4292/3237/4895
f 4292/3237/4895 4288/3233/4889 4294/3239/4807
f 4290/3235/4893 4294/3239/4807 4288/3233/4889
f 4292/3237/4895 4295/3240/4897 4293/3238/4896
f 4290/3235/4893 4287/3232/4891 4296/3241/3972
f 4291/3236/4894 4296/3241/3972 4287/3232/4891
f 4294/3239/4807 4290/3235/4893 4297/3242/4898
f 4296/3241/3972 4297/3242/4898 4290/3235/4893
f 4294/3239/4807 4298/3243/4899 4292/3237/4895
f 4295/3240/4897 4292/3237/4895 4298/3243/4899
f 4297/3242/4898 4299/3244/4716 4294/3239/4807
f 4298/3243/4899 4294/3239/4807 4299/3244/4716
f 4293/3238/4896 4295/3240/4897 4300/3245/4900
f 4300/3245/4900 4301/3246/4901 4293/3238/4896
f 4301/3246/4901 4300/3245/4900 4302/3247/4902
f 4298/3243/4899 4303/3248/4903 4295/3240/4897
f 4304/3249/4904 4300/3245/4900 4295/3240/4897
f 4300/3245/4900 4304/3249/4904 4302/3247/4902
f 4295/3240/4897 4303/3248/4903 4304/3249/4904
f 4303/3248/4903 4298/3243/4899 4305/3250/4905
f 4299/3244/4716 4305/3250/4905 4298/3243/4899
f 4304/3249/4904 4303/3248/4903 4306/3251/4906
f 4305/3250/4905 4306/3251/4906 4303/3248/4903
f 4304/3249/4904 4307/3252/4907 4302/3247/4902
f 4307/3252/4907 4308/3253/4908 4302/3247/4902
f 4309/3254/4909 4304/3249/4904 4306/3251/4906
f 4307/3252/4907 4304/3249/4904 4309/3254/4909
f 4309/3254/4909 4306/3251/4906 4305/3250/4905
f 4308/3253/4908 4307/3252/4907 4310/3255/4910
f 4309/3254/4909 4310/3255/4910 4307/3252/4907
f 4310/3255/4910 4311/3256/4911 4308/3253/4908
f 4305/3250/4905 4312/3257/4912 4309/3254/4909
f 4310/3255/4910 4309/3254/4909 4312/3257/4912
f 4312/3257/4912 4305/3250/4905 4299/3244/4716
f 4311/3256/4911 4310/3255/4910 4313/3258/4913
f 4312/3257/4912 4313/3258/4913 4310/3255/4910
f 4313/3258/4913 4314/3259/4914 4311/3256/4911
f 4299/3244/4716 4315/3260/4915 4312/3257/4912
f 4313/3258/4913 4312/3257/4912 4315/3260/4915
f 4315/3260/4915 4299/3244/4716 4297/3242/4898
f 4314/3259/4914 4313/3258/4913 4316/3261/4916
f 4315/3260/4915 4316/3261/4916 4313/3258/4913
f 4316/3261/4916 4317/3262/4917 4314/3259/4914
f 4297/3242/4898 4318/3263/4915 4315/3260/4915
f 4316/3261/4916 4315/3260/4915 4318/3263/4915
f 4318/3263/4915 4297/3242/4898 4296/3241/3972
f 4317/3262/4917 4316/3261/4916 4319/3264/4918
f 4318/3263/4915 4319/3264/4918 4316/3261/4916
f 4319/3264/4918 4320/3265/4034 4317/3262/4917
f 4296/3241/3972 4321/3266/4919 4318/3263/4915
f 4319/3264/4918 4318/3263/4915 4321/3266/4919
f 4320/3265/4034 4319/3264/4918 4322/3267/4920
f 4321/3266/4919 4322/3267/4920 4319/3264/4918
f 4322/3267/4920 4323/3268/4921 4320/3265/4034
f 4324/3269/4922 4321/3266/4919 4296/3241/3972
f 4322/3267/4920 4321/3266/4919 4324/3269/4922
f 4296/3241/3972 4291/3236/4894 4324/3269/4922
f 4323/3268/4921 4322/3267/4920 4325/3270/4923
f 4324/3269/4922 4325/3270/4923 4322/3267/4920
f 4325/3270/4923 4326/3271/4924 4323/3268/4921
f 4327/3272/4217 4326/3271/4924 4325/3270/4923
f 4328/3273/4925 4324/3269/4922 4291/3236/4894
f 4291/3236/4894 4284/3229/4888 4328/3273/4925
f 4329/3274/4926 4325/3270/4923 4324/3269/4922
f 4324/3269/4922 4328/3273/4925 4329/3274/4926
f 4325/3270/4923 4329/3274/4926 4327/3272/4217
f 4330/3275/4927 4328/3273/4925 4284/3229/4888
f 4329/3274/4926 4328/3273/4925 4330/3275/4927
f 4327/3272/4217 4329/3274/4926 4331/3276/4928
f 4330/3275/4927 4331/3276/4928 4329/3274/4926
f 4331/3276/4928 4332/3277/4929 4327/3272/4217
f 4333/3278/4930 4332/3277/4929 4331/3276/4928
f 4284/3229/4888 4334/3279/4931 4330/3275/4927
f 4276/3221/4881 4334/3279/4931 4284/3229/4888
f 4334/3279/4931 4276/3221/4881 4274/3219/4880
f 4335/3280/4932 4331/3276/4928 4330/3275/4927
f 4331/3276/4928 4335/3280/4932 4333/3278/4930
f 4336/3281/4933 4330/3275/4927 4334/3279/4931
f 4330/3275/4927 4336/3281/4933 4335/3280/4932
f 4274/3219/4880 4337/3282/4934 4334/3279/4931
f 4334/3279/4931 4337/3282/4934 4336/3281/4933
f 4337/3282/4934 4274/3219/4880 4269/3214/4876
f 4335/3280/4932 4336/3281/4933 4338/3283/4935
f 4338/3283/4935 4336/3281/4933 4337/3282/4934
f 4333/3278/4930 4335/3280/4932 4339/3284/4936
f 4338/3283/4935 4339/3284/4936 4335/3280/4932
f 4339/3284/4936 4340/3285/4929 4333/3278/4930
f 4269/3214/4876 4341/3286/4937 4337/3282/4934
f 4337/3282/4934 4341/3286/4937 4338/3283/4935
f 4341/3286/4937 4269/3214/4876 4268/3213/4875
f 4339/3284/4936 4338/3283/4935 4342/3287/4938
f 4342/3287/4938 4338/3283/4935 4341/3286/4937
f 4340/3285/4929 4339/3284/4936 4343/3288/4939
f 4342/3287/4938 4343/3288/4939 4339/3284/4936
f 4343/3288/4939 4344/3289/4940 4340/3285/4929
f 4268/3213/4875 4345/3290/4941 4341/3286/4937
f 4341/3286/4937 4345/3290/4941 4342/3287/4938
f 4264/3209/4867 4345/3290/4941 4268/3213/4875
f 4346/3291/4942 4342/3287/4938 4345/3290/4941
f 4345/3290/4941 4264/3209/4867 4346/3291/4942
f 4343/3288/4939 4342/3287/4938 4346/3291/4942
f 4344/3289/4940 4343/3288/4939 4347/3292/4943
f 4346/3291/4942 4347/3292/4943 4343/3288/4939
f 4347/3292/4943 4348/3293/4944 4344/3289/4940
f 4349/3294/4945 4348/3293/4944 4347/3292/4943
f 4350/3295/4946 4346/3291/4942 4264/3209/4867
f 4264/3209/4867 4258/3203/4867 4350/3295/4946
f 4350/3295/4946 4258/3203/4867 4256/3201/4865
f 4351/3296/4947 4347/3292/4943 4346/3291/4942
f 4346/3291/4942 4350/3295/4946 4351/3296/4947
f 4347/3292/4943 4351/3296/4947 4349/3294/4945
f 4256/3201/4865 4352/3297/4948 4350/3295/4946
f 4351/3296/4947 4350/3295/4946 4352/3297/4948
f 4349/3294/4945 4351/3296/4947 4353/3298/4949
f 4352/3297/4948 4353/3298/4949 4351/3296/4947
f 4353/3298/4949 4354/3299/4950 4349/3294/4945
f 4355/3300/4948 4352/3297/4948 4256/3201/4865
f 4353/3298/4949 4352/3297/4948 4355/3300/4948
f 4256/3201/4865 4255/3200/4864 4355/3300/4948
f 4354/3299/4950 4353/3298/4949 4356/3301/4951
f 4355/3300/4948 4356/3301/4951 4353/3298/4949
f 4356/3301/4951 4357/3302/4952 4354/3299/4950
f 4355/3300/4948 4255/3200/4864 4253/3198/4862
f 4358/3303/4953 4357/3302/4952 4356/3301/4951
f 4359/3304/4954 4356/3301/4951 4355/3300/4948
f 4356/3301/4951 4359/3304/4954 4358/3303/4953
f 4253/3198/4862 4360/3305/4955 4355/3300/4948
f 4355/3300/4948 4360/3305/4955 4359/3304/4954
f 4360/3305/4955 4253/3198/4862 4361/3306/4956
f 4244/3189/4814 4361/3306/4956 4253/3198/4862
f 4361/3306/4956 4244/3189/4814 4240/3185/4850
f 4359/3304/4954 4360/3305/4955 4362/3307/4957
f 4361/3306/4956 4362/3307/4957 4360/3305/4955
f 4240/3185/4850 4363/3308/4862 4361/3306/4956
f 4362/3307/4957 4361/3306/4956 4363/3308/4862
f 4363/3308/4862 4240/3185/4850 4237/3182/4763
f 4362/3307/4957 4364/3309/4958 4359/3304/4954
f 4358/3303/4953 4359/3304/4954 4364/3309/4958
f 4364/3309/4958 4365/3310/4959 4358/3303/4953
f 4364/3309/4958 4366/3311/4960 4365/3310/4959
f 4364/3309/4958 4367/3312/4961 4366/3311/4960
f 4364/3309/4958 4368/3313/4962 4367/3312/4961
f 4364/3309/4958 4362/3307/4957 4369/3314/4963
f 4363/3308/4862 4369/3314/4963 4362/3307/4957
f 4368/3313/4962 4364/3309/4958 4370/3315/4964
f 4369/3314/4963 4370/3315/4964 4364/3309/4958
f 4370/3315/4964 4371/3316/2781 4368/3313/4962
f 4372/3317/4965 4371/3316/2781 4370/3315/4964
f 4373/3318/4964 4370/3315/4964 4369/3314/4963
f 4370/3315/4964 4373/3318/4964 4372/3317/4965
f 4374/3319/4853 4369/3314/4963 4363/3308/4862
f 4369/3314/4963 4374/3319/4853 4373/3318/4964
f 4363/3308/4862 4375/3320/4966 4374/3319/4853
f 4237/3182/4763 4375/3320/4966 4363/3308/4862
f 4241/3186/4851 4375/3320/4966 4237/3182/4763
f 4376/3321/4967 4374/3319/4853 4375/3320/4966
f 4375/3320/4966 4241/3186/4851 4376/3321/4967
f 4373/3318/4964 4374/3319/4853 4376/3321/4967
f 4243/3188/4853 4376/3321/4967 4241/3186/4851
f 4372/3317/4965 4373/3318/4964 4377/3322/4968
f 4376/3321/4967 4377/3322/4968 4373/3318/4964
f 4377/3322/4968 4378/3323/229 4372/3317/4965
f 4379/3324/4969 4378/3323/229 4377/3322/4968
f 4380/3325/4970 4377/3322/4968 4376/3321/4967
f 4377/3322/4968 4380/3325/4970 4379/3324/4969
f 4376/3321/4967 4243/3188/4853 4380/3325/4970
f 4379/3324/4969 4380/3325/4970 4381/3326/4971
f 4381/3326/4971 4382/3327/2393 4379/3324/4969
f 4383/3328/4972 4382/3327/2393 4381/3326/4971
f 4380/3325/4970 4243/3188/4853 4384/3329/4853
f 4384/3329/4853 4381/3326/4971 4380/3325/4970
f 4381/3326/4971 4385/3330/4973 4383/3328/4972
f 4385/3330/4973 4381/3326/4971 4384/3329/4853
f 4386/3331/4974 4383/3328/4972 4385/3330/4973
f 4387/3332/4975 4384/3329/4853 4243/3188/4853
f 4243/3188/4853 4234/3179/4845 4387/3332/4975
f 4225/3170/4837 4387/3332/4975 4234/3179/4845
f 4387/3332/4975 4225/3170/4837 4221/3166/4833
f 4221/3166/4833 4388/3333/4976 4387/3332/4975
f 4384/3329/4853 4387/3332/4975 4388/3333/4976
f 4388/3333/4976 4221/3166/4833 4218/3163/4830
f 4388/3333/4976 4389/3334/4977 4384/3329/4853
f 4384/3329/4853 4389/3334/4977 4385/3330/4973
f 4218/3163/4830 4390/3335/4978 4388/3333/4976
f 4389/3334/4977 4388/3333/4976 4390/3335/4978
f 4391/3336/4978 4390/3335/4978 4218/3163/4830
f 4218/3163/4830 4214/3159/4826 4391/3336/4978
f 4391/3336/4978 4214/3159/4826 4211/3156/4823
f 4390/3335/4978 4392/3337/4979 4389/3334/4977
f 4392/3337/4979 4390/3335/4978 4391/3336/4978
f 4393/3338/4980 4385/3330/4973 4389/3334/4977
f 4389/3334/4977 4392/3337/4979 4393/3338/4980
f 4385/3330/4973 4393/3338/4980 4386/3331/4974
f 4391/3336/4978 4394/3339/4981 4392/3337/4979
f 4393/3338/4980 4392/3337/4979 4394/3339/4981
f 4211/3156/4823 4395/3340/4982 4391/3336/4978
f 4394/3339/4981 4391/3336/4978 4395/3340/4982
f 4215/3160/4827 4395/3340/4982 4211/3156/4823
f 4386/3331/4974 4393/3338/4980 4396/3341/4983
f 4394/3339/4981 4396/3341/4983 4393/3338/4980
f 4396/3341/4983 4397/3342/4984 4386/3331/4974
f 4395/3340/4982 4398/3343/4985 4394/3339/4981
f 4396/3341/4983 4394/3339/4981 4398/3343/4985
f 4395/3340/4982 4215/3160/4827 4399/3344/4986
f 4399/3344/4986 4398/3343/4985 4395/3340/4982
f 4399/3344/4986 4215/3160/4827 4208/3153/4821
f 4397/3342/4984 4396/3341/4983 4400/3345/4987
f 4398/3343/4985 4400/3345/4987 4396/3341/4983
f 4400/3345/4987 4401/3346/4988 4397/3342/4984
f 4402/3347/4989 4401/3346/4988 4400/3345/4987
f 4403/3348/4990 4400/3345/4987 4398/3343/4985
f 4400/3345/4987 4403/3348/4990 4402/3347/4989
f 4398/3343/4985 4399/3344/4986 4403/3348/4990
f 4402/3347/4989 4403/3348/4990 4404/3349/4991
f 4404/3349/4991 4405/3350/4992 4402/3347/4989
f 4403/3348/4990 4399/3344/4986 4406/3351/4993
f 4406/3351/4993 4404/3349/4991 4403/3348/4990
f 4208/3153/4821 4406/3351/4993 4399/3344/4986
f 4405/3350/4992 4404/3349/4991 4407/3352/4994
f 4407/3352/4994 4408/3353/4995 4405/3350/4992
f 4404/3349/4991 4406/3351/4993 4409/3354/4996
f 4409/3354/4996 4407/3352/4994 4404/3349/4991
f 4406/3351/4993 4208/3153/4821 4410/3355/2560
f 4410/3355/2560 4409/3354/4996 4406/3351/4993
f 4201/3146/4814 4410/3355/2560 4208/3153/4821
f 4410/3355/2560 4201/3146/4814 4198/3143/4811
f 4198/3143/4811 4411/3356/4864 4410/3355/2560
f 4409/3354/4996 4410/3355/2560 4411/3356/4864
f 4197/3142/4810 4411/3356/4864 4198/3143/4811
f 4411/3356/4864 4412/3357/4997 4409/3354/4996
f 4412/3357/4997 4411/3356/4864 4197/3142/4810
f 4407/3352/4994 4409/3354/4996 4412/3357/4997
f 4197/3142/4810 4413/3358/4998 4412/3357/4997
f 4413/3358/4998 4197/3142/4810 4196/3141/4809
f 4412/3357/4997 4414/3359/4994 4407/3352/4994
f 4414/3359/4994 4412/3357/4997 4413/3358/4998
f 4408/3353/4995 4407/3352/4994 4414/3359/4994
f 4414/3359/4994 4415/3360/4999 4408/3353/4995
f 4415/3360/4999 4414/3359/4994 4416/3361/5000
f 4413/3358/4998 4416/3361/5000 4414/3359/4994
f 4416/3361/5000 4417/3362/5001 4415/3360/4999
f 4196/3141/4809 4418/3363/5002 4413/3358/4998
f 4416/3361/5000 4413/3358/4998 4418/3363/5002
f 4418/3363/5002 4196/3141/4809 4189/3134/4802
f 4417/3362/5001 4416/3361/5000 4419/3364/5003
f 4418/3363/5002 4419/3364/5003 4416/3361/5000
f 4419/3364/5003 4420/3365/5004 4417/3362/5001
f 4189/3134/4802 4421/3366/4957 4418/3363/5002
f 4419/3364/5003 4418/3363/5002 4421/3366/4957
f 4420/3365/5004 4419/3364/5003 4422/3367/5005
f 4421/3366/4957 4422/3367/5005 4419/3364/5003
f 4422/3367/5005 4423/3368/4974 4420/3365/5004
f 4424/3369/5006 4423/3368/4974 4422/3367/5005
f 4421/3366/4957 4189/3134/4802 4425/3370/5007
f 4180/3125/4796 4425/3370/5007 4189/3134/4802
f 4425/3370/5007 4180/3125/4796 4179/3124/4795
f 4426/3371/5008 4422/3367/5005 4421/3366/4957
f 4422/3367/5005 4426/3371/5008 4424/3369/5006
f 4425/3370/5007 4427/3372/5009 4421/3366/4957
f 4421/3366/4957 4427/3372/5009 4426/3371/5008
f 4179/3124/4795 4428/3373/5010 4425/3370/5007
f 4427/3372/5009 4425/3370/5007 4428/3373/5010
f 4428/3373/5010 4179/3124/4795 4176/3121/4792
f 4426/3371/5008 4427/3372/5009 4429/3374/5011
f 4428/3373/5010 4429/3374/5011 4427/3372/5009
f 4424/3369/5006 4426/3371/5008 4430/3375/4011
f 4429/3374/5011 4430/3375/4011 4426/3371/5008
f 4430/3375/4011 4431/3376/5012 4424/3369/5006
f 4432/3377/5013 4431/3376/5012 4430/3375/4011
f 4430/3375/4011 4433/3378/5014 4432/3377/5013
f 4433/3378/5014 4430/3375/4011 4429/3374/5011
f 4434/3379/5015 4432/3377/5013 4433/3378/5014
f 4429/3374/5011 4428/3373/5010 4435/3380/5016
f 4176/3121/4792 4435/3380/5016 4428/3373/5010
f 4429/3374/5011 4436/3381/5017 4433/3378/5014
f 4435/3380/5016 4436/3381/5017 4429/3374/5011
f 4433/3378/5014 4437/3382/5018 4434/3379/5015
f 4437/3382/5018 4433/3378/5014 4436/3381/5017
f 4438/3383/5019 4434/3379/5015 4437/3382/5018
f 4439/3384/5020 4435/3380/5016 4176/3121/4792
f 4436/3381/5017 4435/3380/5016 4439/3384/5020
f 4176/3121/4792 4172/3117/4789 4439/3384/5020
f 4439/3384/5020 4172/3117/4789 4168/3113/4785
f 4436/3381/5017 4440/3385/4946 4437/3382/5018
f 4439/3384/5020 4440/3385/4946 4436/3381/5017
f 4437/3382/5018 4441/3386/5021 4438/3383/5019
f 4441/3386/5021 4437/3382/5018 4440/3385/4946
f 4442/3387/5022 4438/3383/5019 4441/3386/5021
f 4168/3113/4785 4443/3388/5023 4439/3384/5020
f 4440/3385/4946 4439/3384/5020 4443/3388/5023
f 4443/3388/5023 4168/3113/4785 4165/3110/4782
f 4440/3385/4946 4444/3389/5024 4441/3386/5021
f 4443/3388/5023 4444/3389/5024 4440/3385/4946
f 4165/3110/4782 4445/3390/5025 4443/3388/5023
f 4444/3389/5024 4443/3388/5023 4445/3390/5025
f 4445/3390/5025 4165/3110/4782 4164/3109/4781
f 4446/3391/5026 4441/3386/5021 4444/3389/5024
f 4441/3386/5021 4446/3391/5026 4442/3387/5022
f 4445/3390/5025 4447/3392/4957 4444/3389/5024
f 4444/3389/5024 4447/3392/4957 4446/3391/5026
f 4164/3109/4781 4448/3393/5007 4445/3390/5025
f 4447/3392/4957 4445/3390/5025 4448/3393/5007
f 4446/3391/5026 4447/3392/4957 4449/3394/5027
f 4448/3393/5007 4449/3394/5027 4447/3392/4957
f 4442/3387/5022 4446/3391/5026 4450/3395/5028
f 4449/3394/5027 4450/3395/5028 4446/3391/5026
f 4450/3395/5028 4451/3396/5029 4442/3387/5022
f 4452/3397/4977 4449/3394/5027 4448/3393/5007
f 4450/3395/5028 4449/3394/5027 4452/3397/4977
f 4453/3398/4937 4448/3393/5007 4164/3109/4781
f 4448/3393/5007 4453/3398/4937 4452/3397/4977
f 4164/3109/4781 4161/3106/4778 4453/3398/4937
f 4451/3396/5029 4450/3395/5028 4454/3399/5030
f 4452/3397/4977 4454/3399/5030 4450/3395/5028
f 4454/3399/5030 4455/3400/5004 4451/3396/5029
f 4456/3401/5031 4455/3400/5004 4454/3399/5030
f 4457/3402/5032 4454/3399/5030 4452/3397/4977
f 4454/3399/5030 4457/3402/5032 4456/3401/5031
f 4458/3403/4955 4452/3397/4977 4453/3398/4937
f 4452/3397/4977 4458/3403/4955 4457/3402/5032
f 4459/3404/4865 4453/3398/4937 4161/3106/4778
f 4453/3398/4937 4459/3404/4865 4458/3403/4955
f 4161/3106/4778 4157/3102/4756 4459/3404/4865
f 4459/3404/4865 4157/3102/4756 4156/3101/4760
f 4156/3101/4760 4460/3405/4865 4459/3404/4865
f 4458/3403/4955 4459/3404/4865 4460/3405/4865
f 4460/3405/4865 4156/3101/4760 4151/3096/4760
f 4457/3402/5032 4458/3403/4955 4461/3406/5024
f 4460/3405/4865 4461/3406/5024 4458/3403/4955
f 4456/3401/5031 4457/3402/5032 4462/3407/5033
f 4461/3406/5024 4462/3407/5033 4457/3402/5032
f 4462/3407/5033 4463/3408/5034 4456/3401/5031
f 4464/3409/4955 4461/3406/5024 4460/3405/4865
f 4462/3407/5033 4461/3406/5024 4464/3409/4955
f 4151/3096/4760 4465/3410/4934 4460/3405/4865
f 4460/3405/4865 4465/3410/4934 4464/3409/4955
f 4465/3410/4934 4151/3096/4760 4147/3092/4766
f 4463/3408/5034 4462/3407/5033 4466/3411/5035
f 4464/3409/4955 4466/3411/5035 4462/3407/5033
f 4466/3411/5035 4467/3412/5036 4463/3408/5034
f 4468/3413/4940 4467/3412/5036 4466/3411/5035
f 4469/3414/4951 4466/3411/5035 4464/3409/4955
f 4466/3411/5035 4469/3414/4951 4468/3413/4940
f 4470/3415/5037 4464/3409/4955 4465/3410/4934
f 4464/3409/4955 4470/3415/5037 4469/3414/4951
f 4147/3092/4766 4471/3416/4764 4465/3410/4934
f 4465/3410/4934 4471/3416/4764 4470/3415/5037
f 4471/3416/4764 4147/3092/4766 4144/3089/4766
f 4144/3089/4766 4472/3417/5038 4471/3416/4764
f 4470/3415/5037 4471/3416/4764 4472/3417/5038
f 4472/3417/5038 4144/3089/4766 4140/3085/4763
f 4469/3414/4951 4470/3415/5037 4473/3418/5039
f 4472/3417/5038 4473/3418/5039 4470/3415/5037
f 4140/3085/4763 4474/3419/4764 4472/3417/5038
f 4473/3418/5039 4472/3417/5038 4474/3419/4764
f 4141/3086/4764 4474/3419/4764 4140/3085/4763
f 4473/3418/5039 4475/3420/5040 4469/3414/4951
f 4468/3413/4940 4469/3414/4951 4475/3420/5040
f 4475/3420/5040 4476/3421/5041 4468/3413/4940
f 4474/3419/4764 4477/3422/5039 4473/3418/5039
f 4475/3420/5040 4473/3418/5039 4477/3422/5039
f 4477/3422/5039 4474/3419/4764 4141/3086/4764
f 4476/3421/5041 4475/3420/5040 4478/3423/5042
f 4477/3422/5039 4478/3423/5042 4475/3420/5040
f 4478/3423/5042 4479/3424/5043 4476/3421/5041
f 4480/3425/5044 4479/3424/5043 4478/3423/5042
f 4481/3426/5045 4478/3423/5042 4477/3422/5039
f 4478/3423/5042 4481/3426/5045 4480/3425/5044
f 4141/3086/4764 4482/3427/5046 4477/3422/5039
f 4477/3422/5039 4482/3427/5046 4481/3426/5045
f 4482/3427/5046 4141/3086/4764 4483/3428/5047
f 4134/3079/4757 4483/3428/5047 4141/3086/4764
f 4483/3428/5047 4134/3079/4757 4133/3078/4756
f 4481/3426/5045 4482/3427/5046 4484/3429/5048
f 4483/3428/5047 4484/3429/5048 4482/3427/5046
f 4480/3425/5044 4481/3426/5045 4485/3430/5049
f 4484/3429/5048 4485/3430/5049 4481/3426/5045
f 4485/3430/5049 4486/3431/5050 4480/3425/5044
f 4133/3078/4756 4487/3432/4865 4483/3428/5047
f 4484/3429/5048 4483/3428/5047 4487/3432/4865
f 4487/3432/4865 4133/3078/4756 4130/3075/4753
f 4485/3430/5049 4484/3429/5048 4488/3433/5024
f 4487/3432/4865 4488/3433/5024 4484/3429/5048
f 4486/3431/5050 4485/3430/5049 4489/3434/5051
f 4488/3433/5024 4489/3434/5051 4485/3430/5049
f 4489/3434/5051 4490/3435/5052 4486/3431/5050
f 4491/3436/5053 4490/3435/5052 4489/3434/5051
f 4130/3075/4753 4492/3437/4809 4487/3432/4865
f 4488/3433/5024 4487/3432/4865 4492/3437/4809
f 4492/3437/4809 4130/3075/4753 4127/3072/3784
f 4493/3438/5054 4489/3434/5051 4488/3433/5024
f 4489/3434/5051 4493/3438/5054 4491/3436/5053
f 4492/3437/4809 4494/3439/5055 4488/3433/5024
f 4488/3433/5024 4494/3439/5055 4493/3438/5054
f 4127/3072/3784 4495/3440/5056 4492/3437/4809
f 4494/3439/5055 4492/3437/4809 4495/3440/5056
f 4495/3440/5056 4127/3072/3784 4125/3070/4750
f 4493/3438/5054 4494/3439/5055 4496/3441/5057
f 4495/3440/5056 4496/3441/5057 4494/3439/5055
f 4491/3436/5053 4493/3438/5054 4497/3442/5058
f 4496/3441/5057 4497/3442/5058 4493/3438/5054
f 4497/3442/5058 4498/3443/5059 4491/3436/5053
f 4499/3444/5060 4498/3443/5059 4497/3442/5058
f 4125/3070/4750 4500/3445/5061 4495/3440/5056
f 4496/3441/5057 4495/3440/5056 4500/3445/5061
f 4500/3445/5061 4125/3070/4750 4121/3066/4746
f 4501/3446/5062 4497/3442/5058 4496/3441/5057
f 4497/3442/5058 4501/3446/5062 4499/3444/5060
f 4500/3445/5061 4502/3447/5063 4496/3441/5057
f 4496/3441/5057 4502/3447/5063 4501/3446/5062
f 4121/3066/4746 4503/3448/5064 4500/3445/5061
f 4502/3447/5063 4500/3445/5061 4503/3448/5064
f 4503/3448/5064 4121/3066/4746 4119/3064/4744
f 4501/3446/5062 4502/3447/5063 4504/3449/5065
f 4503/3448/5064 4504/3449/5065 4502/3447/5063
f 4499/3444/5060 4501/3446/5062 4505/3450/5066
f 4504/3449/5065 4505/3450/5066 4501/3446/5062
f 4505/3450/5066 4506/3451/5067 4499/3444/5060
f 4119/3064/4744 4507/3452/5068 4503/3448/5064
f 4504/3449/5065 4503/3448/5064 4507/3452/5068
f 4507/3452/5068 4119/3064/4744 4114/3059/4739
f 4505/3450/5066 4504/3449/5065 4508/3453/5069
f 4507/3452/5068 4508/3453/5069 4504/3449/5065
f 4506/3451/5067 4505/3450/5066 4509/3454/5070
f 4508/3453/5069 4509/3454/5070 4505/3450/5066
f 4509/3454/5070 4510/3455/5071 4506/3451/5067
f 4511/3456/5072 4510/3455/5071 4509/3454/5070
f 4509/3454/5070 4512/3457/5073 4511/3456/5072
f 4512/3457/5073 4509/3454/5070 4508/3453/5069
f 4096/3036/4719 4511/3456/5072 4512/3457/5073
f 4512/3457/5073 4095/3035/4718 4096/3036/4719
f 4508/3453/5069 4513/3458/5074 4512/3457/5073
f 4095/3035/4718 4512/3457/5073 4513/3458/5074
f 4513/3458/5074 4508/3453/5069 4507/3452/5068
f 4513/3458/5074 4097/3037/4720 4095/3035/4718
f 4110/3055/4736 4097/3037/4720 4513/3458/5074
f 4507/3452/5068 4514/3459/5075 4513/3458/5074
f 4513/3458/5074 4514/3459/5075 4110/3055/4736
f 4114/3059/4739 4514/3459/5075 4507/3452/5068
f 4110/3055/4736 4514/3459/5075 4114/3059/4739
f 4089/3462/4709 3873/3461/4470 3877/3460/5076
f 3877/3460/5076 4515/3463/5077 4089/3462/4709
f 4089/3462/4709 4515/3463/5077 4516/3464/5078
f 4516/3464/5078 4091/3465/5079 4089/3462/4709
f 4517/3466/5080 4515/3463/5077 3877/3460/5076
f 3877/3460/5076 3878/3467/4475 4517/3466/5080
f 4517/3466/5080 3878/3467/4475 3886/3468/5081
f 4518/3469/5082 4516/3464/5078 4515/3463/5077
f 4515/3463/5077 4517/3466/5080 4518/3469/5082
f 4091/3465/5079 4516/3464/5078 4519/3470/5083
f 4519/3470/5083 4096/3471/5084 4091/3465/5079
f 4516/3464/5078 4518/3469/5082 4520/3472/5085
f 4520/3472/5085 4519/3470/5083 4516/3464/5078
f 4096/3471/5084 4519/3470/5083 4521/3473/5086
f 4521/3473/5086 4511/3474/5087 4096/3471/5084
f 4519/3470/5083 4520/3472/5085 4522/3475/5088
f 4522/3475/5088 4521/3473/5086 4519/3470/5083
f 4511/3474/5087 4521/3473/5086 4523/3476/5089
f 4523/3476/5089 4510/3477/5090 4511/3474/5087
f 4521/3473/5086 4522/3475/5088 4524/3478/5091
f 4524/3478/5091 4523/3476/5089 4521/3473/5086
f 4510/3477/5090 4523/3476/5089 4525/3479/5089
f 4525/3479/5089 4506/3480/5092 4510/3477/5090
f 4499/3481/5093 4506/3480/5092 4525/3479/5089
f 4526/3482/5094 4525/3479/5089 4523/3476/5089
f 4523/3476/5089 4524/3478/5091 4526/3482/5094
f 4525/3479/5089 4527/3483/5095 4499/3481/5093
f 4527/3483/5095 4525/3479/5089 4526/3482/5094
f 4499/3481/5093 4527/3483/5095 4528/3484/5096
f 4528/3484/5096 4498/3485/5097 4499/3481/5093
f 4526/3482/5094 4529/3486/5098 4527/3483/5095
f 4498/3485/5097 4528/3484/5096 4530/3487/5099
f 4530/3487/5099 4491/3488/5100 4498/3485/5097
f 4531/3489/5101 4528/3484/5096 4527/3483/5095
f 4527/3483/5095 4529/3486/5098 4531/3489/5101
f 4532/3490/5102 4530/3487/5099 4528/3484/5096
f 4528/3484/5096 4531/3489/5101 4532/3490/5102
f 4491/3488/5100 4530/3487/5099 4533/3491/5103
f 4533/3491/5103 4490/3492/5104 4491/3488/5100
f 4486/3493/4988 4490/3492/5104 4533/3491/5103
f 4534/3494/3244 4533/3491/5103 4530/3487/5099
f 4530/3487/5099 4532/3490/5102 4534/3494/3244
f 4533/3491/5103 4535/3495/5105 4486/3493/4988
f 4535/3495/5105 4533/3491/5103 4534/3494/3244
f 4486/3493/4988 4535/3495/5105 4536/3496/5106
f 4536/3496/5106 4480/3497/5107 4486/3493/4988
f 4479/3498/5108 4480/3497/5107 4536/3496/5106
f 4534/3494/3244 4537/3499/5109 4535/3495/5105
f 4536/3496/5106 4538/3500/5110 4479/3498/5108
f 4539/3501/5111 4536/3496/5106 4535/3495/5105
f 4538/3500/5110 4536/3496/5106 4539/3501/5111
f 4535/3495/5105 4537/3499/5109 4539/3501/5111
f 4479/3498/5108 4538/3500/5110 4540/3502/5112
f 4540/3502/5112 4476/3503/5041 4479/3498/5108
f 4539/3501/5111 4541/3504/5113 4538/3500/5110
f 4476/3503/5041 4540/3502/5112 4542/3505/5114
f 4542/3505/5114 4468/3506/5115 4476/3503/5041
f 4543/3507/5116 4540/3502/5112 4538/3500/5110
f 4538/3500/5110 4541/3504/5113 4543/3507/5116
f 4544/3508/5117 4542/3505/5114 4540/3502/5112
f 4540/3502/5112 4543/3507/5116 4544/3508/5117
f 4468/3506/5115 4542/3505/5114 4545/3509/5118
f 4545/3509/5118 4467/3510/5119 4468/3506/5115
f 4463/3511/5120 4467/3510/5119 4545/3509/5118
f 4546/3512/5121 4545/3509/5118 4542/3505/5114
f 4542/3505/5114 4544/3508/5117 4546/3512/5121
f 4545/3509/5118 4547/3513/5122 4463/3511/5120
f 4547/3513/5122 4545/3509/5118 4546/3512/5121
f 4463/3511/5120 4547/3513/5122 4548/3514/5123
f 4548/3514/5123 4456/3515/5124 4463/3511/5120
f 4546/3512/5121 4549/3516/5125 4547/3513/5122
f 4456/3515/5124 4548/3514/5123 4550/3517/5126
f 4550/3517/5126 4455/3518/5127 4456/3515/5124
f 4551/3519/5128 4548/3514/5123 4547/3513/5122
f 4547/3513/5122 4549/3516/5125 4551/3519/5128
f 4552/3520/5129 4550/3517/5126 4548/3514/5123
f 4548/3514/5123 4551/3519/5128 4552/3520/5129
f 4455/3518/5127 4550/3517/5126 4553/3521/5130
f 4553/3521/5130 4451/3522/5131 4455/3518/5127
f 4550/3517/5126 4552/3520/5129 4554/3523/5129
f 4554/3523/5129 4553/3521/5130 4550/3517/5126
f 4451/3522/5131 4553/3521/5130 4555/3524/5132
f 4555/3524/5132 4442/3525/5133 4451/3522/5131
f 4553/3521/5130 4554/3523/5129 4556/3526/5134
f 4556/3526/5134 4555/3524/5132 4553/3521/5130
f 4442/3525/5133 4555/3524/5132 4557/3527/5135
f 4557/3527/5135 4438/3528/5136 4442/3525/5133
f 4555/3524/5132 4556/3526/5134 4558/3529/5137
f 4558/3529/5137 4557/3527/5135 4555/3524/5132
f 4559/3530/5138 4556/3526/5134 4554/3523/5129
f 4558/3529/5137 4556/3526/5134 4559/3530/5138
f 4438/3528/5136 4557/3527/5135 4560/3531/5139
f 4560/3531/5139 4434/3532/5140 4438/3528/5136
f 4432/3533/5141 4434/3532/5140 4560/3531/5139
f 4561/3534/5142 4560/3531/5139 4557/3527/5135
f 4557/3527/5135 4558/3529/5137 4561/3534/5142
f 4560/3531/5139 4562/3535/5143 4432/3533/5141
f 4562/3535/5143 4560/3531/5139 4561/3534/5142
f 4431/3536/5144 4432/3533/5141 4562/3535/5143
f 4563/3537/234 4561/3534/5142 4558/3529/5137
f 4562/3535/5143 4564/3538/5145 4431/3536/5144
f 4561/3534/5142 4565/3539/5146 4562/3535/5143
f 4564/3538/5145 4562/3535/5143 4565/3539/5146
f 4565/3539/5146 4561/3534/5142 4563/3537/234
f 4431/3536/5144 4564/3538/5145 4566/3540/5147
f 4566/3540/5147 4424/3541/5148 4431/3536/5144
f 4423/3542/5149 4424/3541/5148 4566/3540/5147
f 4565/3539/5146 4567/3543/5150 4564/3538/5145
f 4566/3540/5147 4568/3544/5151 4423/3542/5149
f 4569/3545/5152 4566/3540/5147 4564/3538/5145
f 4568/3544/5151 4566/3540/5147 4569/3545/5152
f 4564/3538/5145 4567/3543/5150 4569/3545/5152
f 4423/3542/5149 4568/3544/5151 4570/3546/5153
f 4570/3546/5153 4420/3547/5127 4423/3542/5149
f 4569/3545/5152 4571/3548/5154 4568/3544/5151
f 4420/3547/5127 4570/3546/5153 4572/3549/5155
f 4572/3549/5155 4417/3550/5001 4420/3547/5127
f 4573/3551/5156 4570/3546/5153 4568/3544/5151
f 4568/3544/5151 4571/3548/5154 4573/3551/5156
f 4574/3552/5157 4572/3549/5155 4570/3546/5153
f 4570/3546/5153 4573/3551/5156 4574/3552/5157
f 4417/3550/5001 4572/3549/5155 4575/3553/5158
f 4575/3553/5158 4415/3554/5159 4417/3550/5001
f 4572/3549/5155 4574/3552/5157 4576/3555/5160
f 4576/3555/5160 4575/3553/5158 4572/3549/5155
f 4415/3554/5159 4575/3553/5158 4577/3556/5161
f 4577/3556/5161 4408/3557/5162 4415/3554/5159
f 4405/3558/5163 4408/3557/5162 4577/3556/5161
f 4578/3559/5157 4577/3556/5161 4575/3553/5158
f 4575/3553/5158 4576/3555/5160 4578/3559/5157
f 4577/3556/5161 4579/3560/5164 4405/3558/5163
f 4579/3560/5164 4577/3556/5161 4578/3559/5157
f 4405/3558/5163 4579/3560/5164 4580/3561/5165
f 4580/3561/5165 4402/3562/5166 4405/3558/5163
f 4578/3559/5157 4581/3563/5167 4579/3560/5164
f 4402/3562/5166 4580/3561/5165 4582/3564/5168
f 4582/3564/5168 4401/3565/4988 4402/3562/5166
f 4583/3566/3242 4580/3561/5165 4579/3560/5164
f 4579/3560/5164 4581/3563/5167 4583/3566/3242
f 4584/3567/5169 4582/3564/5168 4580/3561/5165
f 4580/3561/5165 4583/3566/3242 4584/3567/5169
f 4401/3565/4988 4582/3564/5168 4585/3568/5170
f 4585/3568/5170 4397/3569/5171 4401/3565/4988
f 4582/3564/5168 4584/3567/5169 4586/3570/5172
f 4586/3570/5172 4585/3568/5170 4582/3564/5168
f 4397/3569/5171 4585/3568/5170 4587/3571/5173
f 4587/3571/5173 4386/3572/5149 4397/3569/5171
f 4585/3568/5170 4586/3570/5172 4588/3573/5174
f 4588/3573/5174 4587/3571/5173 4585/3568/5170
f 4589/3574/5175 4586/3570/5172 4584/3567/5169
f 4588/3573/5174 4586/3570/5172 4589/3574/5175
f 4386/3572/5149 4587/3571/5173 4590/3575/5176
f 4590/3575/5176 4383/3576/5177 4386/3572/5149
f 4587/3571/5173 4588/3573/5174 4591/3577/5178
f 4591/3577/5178 4590/3575/5176 4587/3571/5173
f 4383/3576/5177 4590/3575/5176 4592/3578/5179
f 4592/3578/5179 4382/3579/2393 4383/3576/5177
f 4379/3580/5180 4382/3579/2393 4592/3578/5179
f 4590/3575/5176 4591/3577/5178 4593/3581/5181
f 4593/3581/5181 4592/3578/5179 4590/3575/5176
f 4592/3578/5179 4594/3582/5182 4379/3580/5180
f 4594/3582/5182 4592/3578/5179 4593/3581/5181
f 4379/3580/5180 4594/3582/5182 4595/3583/5183
f 4595/3583/5183 4378/3584/229 4379/3580/5180
f 4372/3585/5184 4378/3584/229 4595/3583/5183
f 4593/3581/5181 4591/3577/5178 4596/3586/5185
f 4596/3586/5185 4591/3577/5178 4588/3573/5174
f 4595/3583/5183 4597/3587/5186 4372/3585/5184
f 4588/3573/5174 4598/3588/5187 4596/3586/5185
f 4589/3574/5175 4598/3588/5187 4588/3573/5174
f 4597/3587/5186 4595/3583/5183 4599/3589/5188
f 4599/3589/5188 4595/3583/5183 4594/3582/5182
f 4372/3585/5184 4597/3587/5186 4600/3590/5189
f 4600/3590/5189 4371/3591/2781 4372/3585/5184
f 4594/3582/5182 4601/3592/5129 4599/3589/5188
f 4593/3581/5181 4601/3592/5129 4594/3582/5182
f 4371/3591/2781 4600/3590/5189 4602/3593/5190
f 4602/3593/5190 4368/3594/5191 4371/3591/2781
f 4368/3594/5191 4602/3593/5190 4367/3595/5192
f 4367/3595/5192 4602/3593/5190 4366/3596/4960
f 4366/3596/4960 4602/3593/5190 4365/3597/4959
f 4358/3598/4953 4365/3597/4959 4602/3593/5190
f 4602/3593/5190 4603/3599/5193 4358/3598/4953
f 4357/3600/5194 4358/3598/4953 4603/3599/5193
f 4604/3601/5128 4602/3593/5190 4600/3590/5189
f 4603/3599/5193 4602/3593/5190 4604/3601/5128
f 4600/3590/5189 4605/3602/5128 4604/3601/5128
f 4605/3602/5128 4600/3590/5189 4597/3587/5186
f 4603/3599/5193 4606/3603/5195 4357/3600/5194
f 4597/3587/5186 4607/3604/5129 4605/3602/5128
f 4599/3589/5188 4607/3604/5129 4597/3587/5186
f 4606/3603/5195 4603/3599/5193 4608/3605/5196
f 4604/3601/5128 4608/3605/5196 4603/3599/5193
f 4357/3600/5194 4606/3603/5195 4609/3606/5197
f 4609/3606/5197 4354/3607/5198 4357/3600/5194
f 4608/3605/5196 4610/3608/5199 4606/3603/5195
f 4354/3607/5198 4609/3606/5197 4611/3609/5200
f 4611/3609/5200 4349/3610/5163 4354/3607/5198
f 4612/3611/5201 4609/3606/5197 4606/3603/5195
f 4606/3603/5195 4610/3608/5199 4612/3611/5201
f 4613/3612/5202 4611/3609/5200 4609/3606/5197
f 4609/3606/5197 4612/3611/5201 4613/3612/5202
f 4349/3610/5163 4611/3609/5200 4614/3613/5203
f 4614/3613/5203 4348/3614/5204 4349/3610/5163
f 4344/3615/5205 4348/3614/5204 4614/3613/5203
f 4615/3616/5206 4614/3613/5203 4611/3609/5200
f 4611/3609/5200 4613/3612/5202 4615/3616/5206
f 4614/3613/5203 4616/3617/5207 4344/3615/5205
f 4616/3617/5207 4614/3613/5203 4615/3616/5206
f 4344/3615/5205 4616/3617/5207 4617/3618/5208
f 4617/3618/5208 4340/3619/5209 4344/3615/5205
f 4333/3620/5210 4340/3619/5209 4617/3618/5208
f 4615/3616/5206 4618/3621/5211 4616/3617/5207
f 4617/3618/5208 4619/3622/5212 4333/3620/5210
f 4620/3623/5213 4617/3618/5208 4616/3617/5207
f 4619/3622/5212 4617/3618/5208 4620/3623/5213
f 4616/3617/5207 4618/3621/5211 4620/3623/5213
f 4333/3620/5210 4619/3622/5212 4621/3624/5214
f 4621/3624/5214 4332/3625/5209 4333/3620/5210
f 4327/3626/5215 4332/3625/5209 4621/3624/5214
f 4620/3623/5213 4622/3627/5216 4619/3622/5212
f 4621/3624/5214 4623/3628/5217 4327/3626/5215
f 4624/3629/5218 4621/3624/5214 4619/3622/5212
f 4623/3628/5217 4621/3624/5214 4624/3629/5218
f 4619/3622/5212 4622/3627/5216 4624/3629/5218
f 4327/3626/5215 4623/3628/5217 4625/3630/5219
f 4625/3630/5219 4326/3631/5220 4327/3626/5215
f 4323/3632/5221 4326/3631/5220 4625/3630/5219
f 4625/3630/5219 4626/3633/5222 4323/3632/5221
f 4320/3634/5223 4323/3632/5221 4626/3633/5222
f 4627/3635/5224 4625/3630/5219 4623/3628/5217
f 4626/3633/5222 4625/3630/5219 4627/3635/5224
f 4626/3633/5222 4628/3636/5225 4320/3634/5223
f 4317/3637/5226 4320/3634/5223 4628/3636/5225
f 4627/3635/5224 4629/3638/5227 4626/3633/5222
f 4628/3636/5225 4626/3633/5222 4629/3638/5227
f 4623/3628/5217 4630/3639/5228 4627/3635/5224
f 4624/3629/5218 4630/3639/5228 4623/3628/5217
f 4628/3636/5225 4631/3640/5173 4317/3637/5226
f 4314/3641/5229 4317/3637/5226 4631/3640/5173
f 4629/3638/5227 4632/3642/5230 4628/3636/5225
f 4631/3640/5173 4628/3636/5225 4632/3642/5230
f 4631/3640/5173 4633/3643/5231 4314/3641/5229
f 4311/3644/5232 4314/3641/5229 4633/3643/5231
f 4632/3642/5230 4634/3645/5233 4631/3640/5173
f 4633/3643/5231 4631/3640/5173 4634/3645/5233
f 4632/3642/5230 4629/3638/5227 4635/3646/3095
f 4635/3646/3095 4629/3638/5227 4627/3635/5224
f 4634/3645/5233 4632/3642/5230 4636/3647/5234
f 4635/3646/3095 4636/3647/5234 4632/3642/5230
f 4634/3645/5233 4637/3648/5235 4633/3643/5231
f 4627/3635/5224 4638/3649/5236 4635/3646/3095
f 4638/3649/5236 4627/3635/5224 4630/3639/5228
f 4636/3647/5234 4639/3650/5234 4634/3645/5233
f 4637/3648/5235 4634/3645/5233 4639/3650/5234
f 4630/3639/5228 4640/3651/5237 4638/3649/5236
f 4640/3651/5237 4630/3639/5228 4624/3629/5218
f 4641/3652/5238 4633/3643/5231 4637/3648/5235
f 4633/3643/5231 4641/3652/5238 4311/3644/5232
f 4624/3629/5218 4642/3653/5239 4640/3651/5237
f 4642/3653/5239 4624/3629/5218 4622/3627/5216
f 4311/3644/5232 4641/3652/5238 4643/3654/5240
f 4643/3654/5240 4308/3655/4908 4311/3644/5232
f 4302/3656/5241 4308/3655/4908 4643/3654/5240
f 4644/3657/5242 4643/3654/5240 4641/3652/5238
f 4644/3657/5242 4302/3656/5241 4643/3654/5240
f 4637/3648/5235 4645/3658/5243 4641/3652/5238
f 4641/3652/5238 4645/3658/5243 4644/3657/5242
f 4645/3658/5243 4637/3648/5235 4646/3659/2181
f 4639/3650/5234 4646/3659/2181 4637/3648/5235
f 4645/3658/5243 4647/3660/5244 4644/3657/5242
f 4646/3659/2181 4647/3660/5244 4645/3658/5243
f 4302/3656/5241 4644/3657/5242 4648/3661/5245
f 4301/3662/5246 4302/3656/5241 4648/3661/5245
f 4644/3657/5242 4647/3660/5244 4649/3663/5247
f 4648/3661/5245 4644/3657/5242 4649/3663/5247
f 4649/3663/5247 4647/3660/5244 4646/3659/2181
f 4301/3662/5246 4648/3661/5245 4650/3664/5248
f 4649/3663/5247 4650/3664/5248 4648/3661/5245
f 4650/3664/5248 4293/3665/5249 4301/3662/5246
f 4646/3659/2181 4651/3666/5250 4649/3663/5247
f 4650/3664/5248 4649/3663/5247 4651/3666/5250
f 4651/3666/5250 4646/3659/2181 4639/3650/5234
f 4293/3665/5249 4650/3664/5248 4652/3667/5251
f 4651/3666/5250 4652/3667/5251 4650/3664/5248
f 4652/3667/5251 4289/3668/5252 4293/3665/5249
f 4639/3650/5234 4653/3669/5253 4651/3666/5250
f 4652/3667/5251 4651/3666/5250 4653/3669/5253
f 4653/3669/5253 4639/3650/5234 4636/3647/5234
f 4289/3668/5252 4652/3667/5251 4654/3670/5254
f 4653/3669/5253 4654/3670/5254 4652/3667/5251
f 4654/3670/5254 4286/3671/5255 4289/3668/5252
f 4636/3647/5234 4655/3672/5256 4653/3669/5253
f 4654/3670/5254 4653/3669/5253 4655/3672/5256
f 4655/3672/5256 4636/3647/5234 4635/3646/3095
f 4286/3671/5255 4654/3670/5254 4656/3673/5257
f 4655/3672/5256 4656/3673/5257 4654/3670/5254
f 4656/3673/5257 4282/3674/5258 4286/3671/5255
f 4635/3646/3095 4657/3675/5259 4655/3672/5256
f 4656/3673/5257 4655/3672/5256 4657/3675/5259
f 4657/3675/5259 4635/3646/3095 4638/3649/5236
f 4282/3674/5258 4656/3673/5257 4658/3676/5260
f 4657/3675/5259 4658/3676/5260 4656/3673/5257
f 4658/3676/5260 4279/3677/5261 4282/3674/5258
f 4638/3649/5236 4659/3678/5262 4657/3675/5259
f 4658/3676/5260 4657/3675/5259 4659/3678/5262
f 4659/3678/5262 4638/3649/5236 4640/3651/5237
f 4279/3677/5261 4658/3676/5260 4660/3679/5263
f 4659/3678/5262 4660/3679/5263 4658/3676/5260
f 4660/3679/5263 4278/3680/4879 4279/3677/5261
f 4273/3681/5264 4278/3680/4879 4660/3679/5263
f 4661/3682/5265 4660/3679/5263 4659/3678/5262
f 4660/3679/5263 4661/3682/5265 4273/3681/5264
f 4640/3651/5237 4662/3683/5266 4659/3678/5262
f 4659/3678/5262 4662/3683/5266 4661/3682/5265
f 4663/3684/5267 4662/3683/5266 4640/3651/5237
f 4661/3682/5265 4662/3683/5266 4663/3684/5267
f 4640/3651/5237 4642/3653/5239 4663/3684/5267
f 4273/3681/5264 4661/3682/5265 4664/3685/5268
f 4663/3684/5267 4664/3685/5268 4661/3682/5265
f 4664/3685/5268 4272/3686/5269 4273/3681/5264
f 4267/3687/5270 4272/3686/5269 4664/3685/5268
f 4665/3688/5271 4664/3685/5268 4663/3684/5267
f 4664/3685/5268 4665/3688/5271 4267/3687/5270
f 4666/3689/5266 4663/3684/5267 4642/3653/5239
f 4663/3684/5267 4666/3689/5266 4665/3688/5271
f 4642/3653/5239 4667/3690/5272 4666/3689/5266
f 4622/3627/5216 4667/3690/5272 4642/3653/5239
f 4667/3690/5272 4622/3627/5216 4620/3623/5213
f 4665/3688/5271 4666/3689/5266 4668/3691/5273
f 4668/3691/5273 4666/3689/5266 4667/3690/5272
f 4267/3687/5270 4665/3688/5271 4669/3692/5274
f 4668/3691/5273 4669/3692/5274 4665/3688/5271
f 4669/3692/5274 4266/3693/5275 4267/3687/5270
f 4262/3694/5276 4266/3693/5275 4669/3692/5274
f 4620/3623/5213 4670/3695/5277 4667/3690/5272
f 4667/3690/5272 4670/3695/5277 4668/3691/5273
f 4670/3695/5277 4620/3623/5213 4618/3621/5211
f 4671/3696/5278 4669/3692/5274 4668/3691/5273
f 4669/3692/5274 4671/3696/5278 4262/3694/5276
f 4672/3697/5279 4668/3691/5273 4670/3695/5277
f 4668/3691/5273 4672/3697/5279 4671/3696/5278
f 4618/3621/5211 4673/3698/5280 4670/3695/5277
f 4670/3695/5277 4673/3698/5280 4672/3697/5279
f 4673/3698/5280 4618/3621/5211 4615/3616/5206
f 4671/3696/5278 4672/3697/5279 4674/3699/5281
f 4674/3699/5281 4672/3697/5279 4673/3698/5280
f 4262/3694/5276 4671/3696/5278 4675/3700/5282
f 4674/3699/5281 4675/3700/5282 4671/3696/5278
f 4675/3700/5282 4261/3701/5283 4262/3694/5276
f 4615/3616/5206 4676/3702/5280 4673/3698/5280
f 4673/3698/5280 4676/3702/5280 4674/3699/5281
f 4676/3702/5280 4615/3616/5206 4613/3612/5202
f 4675/3700/5282 4674/3699/5281 4677/3703/5284
f 4677/3703/5284 4674/3699/5281 4676/3702/5280
f 4261/3701/5283 4675/3700/5282 4678/3704/5285
f 4677/3703/5284 4678/3704/5285 4675/3700/5282
f 4678/3704/5285 4249/3705/5286 4261/3701/5283
f 4613/3612/5202 4679/3706/5287 4676/3702/5280
f 4676/3702/5280 4679/3706/5287 4677/3703/5284
f 4679/3706/5287 4613/3612/5202 4612/3611/5201
f 4249/3705/5286 4678/3704/5285 4680/3707/5288
f 4680/3707/5288 4247/3708/5289 4249/3705/5286
f 4612/3611/5201 4681/3709/5290 4679/3706/5287
f 4677/3703/5284 4679/3706/5287 4681/3709/5290
f 4681/3709/5290 4612/3611/5201 4610/3608/5199
f 4678/3704/5285 4677/3703/5284 4682/3710/5291
f 4681/3709/5290 4682/3710/5291 4677/3703/5284
f 4682/3710/5291 4680/3707/5288 4678/3704/5285
f 4610/3608/5199 4683/3711/5292 4681/3709/5290
f 4683/3711/5292 4610/3608/5199 4608/3605/5196
f 4684/3712/5293 4682/3710/5291 4681/3709/5290
f 4681/3709/5290 4683/3711/5292 4684/3712/5293
f 4680/3707/5288 4682/3710/5291 4684/3712/5293
f 4608/3605/5196 4685/3713/235 4683/3711/5292
f 4684/3712/5293 4683/3711/5292 4685/3713/235
f 4685/3713/235 4608/3605/5196 4604/3601/5128
f 4684/3712/5293 4686/3714/5294 4680/3707/5288
f 4247/3708/5289 4680/3707/5288 4686/3714/5294
f 4686/3714/5294 4246/3715/5295 4247/3708/5289
f 4239/3716/5296 4246/3715/5295 4686/3714/5294
f 4686/3714/5294 4687/3717/5297 4239/3716/5296
f 4687/3717/5297 4686/3714/5294 4684/3712/5293
f 4236/3718/5298 4239/3716/5296 4687/3717/5297
f 4685/3713/235 4688/3719/5299 4684/3712/5293
f 4684/3712/5293 4688/3719/5299 4687/3717/5297
f 4687/3717/5297 4689/3720/5300 4236/3718/5298
f 4689/3720/5300 4687/3717/5297 4688/3719/5299
f 4232/3721/5301 4236/3718/5298 4689/3720/5300
f 4688/3719/5299 4685/3713/235 4690/3722/5302
f 4604/3601/5128 4690/3722/5302 4685/3713/235
f 4690/3722/5302 4604/3601/5128 4605/3602/5128
f 4688/3719/5299 4691/3723/5303 4689/3720/5300
f 4690/3722/5302 4691/3723/5303 4688/3719/5299
f 4689/3720/5300 4692/3724/5304 4232/3721/5301
f 4692/3724/5304 4689/3720/5300 4691/3723/5303
f 4229/3725/5305 4232/3721/5301 4692/3724/5304
f 4605/3602/5128 4693/3726/5302 4690/3722/5302
f 4691/3723/5303 4690/3722/5302 4693/3726/5302
f 4693/3726/5302 4605/3602/5128 4607/3604/5129
f 4691/3723/5303 4694/3727/5306 4692/3724/5304
f 4693/3726/5302 4694/3727/5306 4691/3723/5303
f 4607/3604/5129 4695/3728/5236 4693/3726/5302
f 4694/3727/5306 4693/3726/5302 4695/3728/5236
f 4695/3728/5236 4607/3604/5129 4599/3589/5188
f 4696/3729/5307 4692/3724/5304 4694/3727/5306
f 4692/3724/5304 4696/3729/5307 4229/3725/5305
f 4695/3728/5236 4697/3730/5308 4694/3727/5306
f 4694/3727/5306 4697/3730/5308 4696/3729/5307
f 4599/3589/5188 4698/3731/5309 4695/3728/5236
f 4697/3730/5308 4695/3728/5236 4698/3731/5309
f 4698/3731/5309 4599/3589/5188 4601/3592/5129
f 4696/3729/5307 4697/3730/5308 4699/3732/5310
f 4698/3731/5309 4699/3732/5310 4697/3730/5308
f 4229/3725/5305 4696/3729/5307 4700/3733/5311
f 4699/3732/5310 4700/3733/5311 4696/3729/5307
f 4700/3733/5311 4228/3734/5312 4229/3725/5305
f 4224/3735/5313 4228/3734/5312 4700/3733/5311
f 4699/3732/5310 4698/3731/5309 4701/3736/5314
f 4601/3592/5129 4701/3736/5314 4698/3731/5309
f 4702/3737/5315 4700/3733/5311 4699/3732/5310
f 4700/3733/5311 4702/3737/5315 4224/3735/5313
f 4701/3736/5314 4703/3738/5316 4699/3732/5310
f 4699/3732/5310 4703/3738/5316 4702/3737/5315
f 4704/3739/5317 4701/3736/5314 4601/3592/5129
f 4601/3592/5129 4593/3581/5181 4704/3739/5317
f 4596/3586/5185 4704/3739/5317 4593/3581/5181
f 4705/3740/5318 4703/3738/5316 4701/3736/5314
f 4701/3736/5314 4704/3739/5317 4705/3740/5318
f 4702/3737/5315 4703/3738/5316 4705/3740/5318
f 4704/3739/5317 4596/3586/5185 4706/3741/5319
f 4706/3741/5319 4705/3740/5318 4704/3739/5317
f 4224/3735/5313 4702/3737/5315 4707/3742/5307
f 4705/3740/5318 4707/3742/5307 4702/3737/5315
f 4707/3742/5307 4223/3743/4788 4224/3735/5313
f 4220/3744/5269 4223/3743/4788 4707/3742/5307
f 4708/3745/5320 4707/3742/5307 4705/3740/5318
f 4707/3742/5307 4708/3745/5320 4220/3744/5269
f 4705/3740/5318 4706/3741/5319 4708/3745/5320
f 4217/3746/5321 4220/3744/5269 4708/3745/5320
f 4709/3747/5320 4708/3745/5320 4706/3741/5319
f 4708/3745/5320 4709/3747/5320 4217/3746/5321
f 4710/3748/5322 4706/3741/5319 4596/3586/5185
f 4706/3741/5319 4710/3748/5322 4709/3747/5320
f 4596/3586/5185 4598/3588/5187 4710/3748/5322
f 4217/3746/5321 4709/3747/5320 4711/3749/5323
f 4711/3749/5323 4213/3750/5324 4217/3746/5321
f 4210/3751/5325 4213/3750/5324 4711/3749/5323
f 4709/3747/5320 4710/3748/5322 4712/3752/5326
f 4712/3752/5326 4710/3748/5322 4598/3588/5187
f 4712/3752/5326 4711/3749/5323 4709/3747/5320
f 4598/3588/5187 4589/3574/5175 4712/3752/5326
f 4711/3749/5323 4713/3753/5327 4210/3751/5325
f 4713/3753/5327 4711/3749/5323 4712/3752/5326
f 4206/3754/5328 4210/3751/5325 4713/3753/5327
f 4712/3752/5326 4589/3574/5175 4714/3755/5329
f 4584/3567/5169 4714/3755/5329 4589/3574/5175
f 4714/3755/5329 4584/3567/5169 4583/3566/3242
f 4712/3752/5326 4715/3756/5330 4713/3753/5327
f 4714/3755/5329 4715/3756/5330 4712/3752/5326
f 4713/3753/5327 4716/3757/5327 4206/3754/5328
f 4716/3757/5327 4713/3753/5327 4715/3756/5330
f 4203/3758/5331 4206/3754/5328 4716/3757/5327
f 4583/3566/3242 4717/3759/5332 4714/3755/5329
f 4715/3756/5330 4714/3755/5329 4717/3759/5332
f 4717/3759/5332 4583/3566/3242 4581/3563/5167
f 4715/3756/5330 4718/3760/5333 4716/3757/5327
f 4717/3759/5332 4718/3760/5333 4715/3756/5330
f 4581/3563/5167 4719/3761/5334 4717/3759/5332
f 4718/3760/5333 4717/3759/5332 4719/3761/5334
f 4719/3761/5334 4581/3563/5167 4578/3559/5157
f 4720/3762/5335 4716/3757/5327 4718/3760/5333
f 4716/3757/5327 4720/3762/5335 4203/3758/5331
f 4719/3761/5334 4721/3763/5336 4718/3760/5333
f 4718/3760/5333 4721/3763/5336 4720/3762/5335
f 4578/3559/5157 4722/3764/5337 4719/3761/5334
f 4721/3763/5336 4719/3761/5334 4722/3764/5337
f 4722/3764/5337 4578/3559/5157 4576/3555/5160
f 4720/3762/5335 4721/3763/5336 4723/3765/5303
f 4722/3764/5337 4723/3765/5303 4721/3763/5336
f 4203/3758/5331 4720/3762/5335 4724/3766/5338
f 4723/3765/5303 4724/3766/5338 4720/3762/5335
f 4724/3766/5338 4200/3767/5339 4203/3758/5331
f 4576/3555/5160 4725/3768/5340 4722/3764/5337
f 4723/3765/5303 4722/3764/5337 4725/3768/5340
f 4725/3768/5340 4576/3555/5160 4574/3552/5157
f 4724/3766/5338 4723/3765/5303 4726/3769/5341
f 4725/3768/5340 4726/3769/5341 4723/3765/5303
f 4200/3767/5339 4724/3766/5338 4727/3770/5342
f 4726/3769/5341 4727/3770/5342 4724/3766/5338
f 4727/3770/5342 4192/3771/5270 4200/3767/5339
f 4574/3552/5157 4728/3772/5343 4725/3768/5340
f 4726/3769/5341 4725/3768/5340 4728/3772/5343
f 4728/3772/5343 4574/3552/5157 4573/3551/5156
f 4727/3770/5342 4726/3769/5341 4729/3773/5344
f 4728/3772/5343 4729/3773/5344 4726/3769/5341
f 4192/3771/5270 4727/3770/5342 4730/3774/5345
f 4729/3773/5344 4730/3774/5345 4727/3770/5342
f 4730/3774/5345 4191/3775/5346 4192/3771/5270
f 4573/3551/5156 4731/3776/5347 4728/3772/5343
f 4729/3773/5344 4728/3772/5343 4731/3776/5347
f 4731/3776/5347 4573/3551/5156 4571/3548/5154
f 4730/3774/5345 4729/3773/5344 4732/3777/5348
f 4731/3776/5347 4732/3777/5348 4729/3773/5344
f 4191/3775/5346 4730/3774/5345 4733/3778/5349
f 4732/3777/5348 4733/3778/5349 4730/3774/5345
f 4733/3778/5349 4188/3779/4801 4191/3775/5346
f 4733/3778/5349 4185/3780/5350 4188/3779/4801
f 4184/3781/5351 4185/3780/5350 4733/3778/5349
f 4571/3548/5154 4734/3782/1 4731/3776/5347
f 4732/3777/5348 4731/3776/5347 4734/3782/1
f 4734/3782/1 4571/3548/5154 4569/3545/5152
f 4733/3778/5349 4732/3777/5348 4735/3783/5352
f 4734/3782/1 4735/3783/5352 4732/3777/5348
f 4733/3778/5349 4736/3784/5353 4184/3781/5351
f 4735/3783/5352 4736/3784/5353 4733/3778/5349
f 4184/3781/5351 4736/3784/5353 4183/3785/5354
f 4183/3785/5354 4736/3784/5353 4182/3786/4204
f 4569/3545/5152 4737/3787/5355 4734/3782/1
f 4735/3783/5352 4734/3782/1 4737/3787/5355
f 4737/3787/5355 4569/3545/5152 4567/3543/5150
f 4736/3784/5353 4735/3783/5352 4738/3788/5352
f 4737/3787/5355 4738/3788/5352 4735/3783/5352
f 4182/3786/4204 4736/3784/5353 4739/3789/5356
f 4738/3788/5352 4739/3789/5356 4736/3784/5353
f 4739/3789/5356 4178/3790/5357 4182/3786/4204
f 4567/3543/5150 4740/3791/5138 4737/3787/5355
f 4738/3788/5352 4737/3787/5355 4740/3791/5138
f 4740/3791/5138 4567/3543/5150 4565/3539/5146
f 4739/3789/5356 4738/3788/5352 4741/3792/5358
f 4740/3791/5138 4741/3792/5358 4738/3788/5352
f 4178/3790/5357 4739/3789/5356 4742/3793/2179
f 4741/3792/5358 4742/3793/2179 4739/3789/5356
f 4742/3793/2179 4175/3794/5359 4178/3790/5357
f 4565/3539/5146 4743/3795/5360 4740/3791/5138
f 4741/3792/5358 4740/3791/5138 4743/3795/5360
f 4563/3537/234 4743/3795/5360 4565/3539/5146
f 4742/3793/2179 4741/3792/5358 4744/3796/5348
f 4743/3795/5360 4744/3796/5348 4741/3792/5358
f 4175/3794/5359 4742/3793/2179 4745/3797/5361
f 4744/3796/5348 4745/3797/5361 4742/3793/2179
f 4745/3797/5361 4171/3798/4788 4175/3794/5359
f 4170/3799/5362 4171/3798/4788 4745/3797/5361
f 4745/3797/5361 4746/3800/83 4170/3799/5362
f 4746/3800/83 4745/3797/5361 4744/3796/5348
f 4167/3801/4784 4170/3799/5362 4746/3800/83
f 4747/3802/5363 4744/3796/5348 4743/3795/5360
f 4744/3796/5348 4747/3802/5363 4746/3800/83
f 4743/3795/5360 4563/3537/234 4747/3802/5363
f 4746/3800/83 4748/3803/5364 4167/3801/4784
f 4748/3803/5364 4746/3800/83 4747/3802/5363
f 4747/3802/5363 4563/3537/234 4749/3804/5360
f 4558/3529/5137 4749/3804/5360 4563/3537/234
f 4559/3530/5138 4749/3804/5360 4558/3529/5137
f 4749/3804/5360 4750/3805/5365 4747/3802/5363
f 4750/3805/5365 4749/3804/5360 4559/3530/5138
f 4747/3802/5363 4750/3805/5365 4748/3803/5364
f 4559/3530/5138 4751/3806/5366 4750/3805/5365
f 4748/3803/5364 4750/3805/5365 4751/3806/5366
f 4167/3801/4784 4748/3803/5364 4752/3807/5367
f 4751/3806/5366 4752/3807/5367 4748/3803/5364
f 4752/3807/5367 4163/3808/5368 4167/3801/4784
f 4751/3806/5366 4559/3530/5138 4753/3809/5369
f 4554/3523/5129 4753/3809/5369 4559/3530/5138
f 4753/3809/5369 4554/3523/5129 4552/3520/5129
f 4752/3807/5367 4751/3806/5366 4754/3810/5370
f 4753/3809/5369 4754/3810/5370 4751/3806/5366
f 4163/3808/5368 4752/3807/5367 4755/3811/5371
f 4754/3810/5370 4755/3811/5371 4752/3807/5367
f 4755/3811/5371 4160/3812/5372 4163/3808/5368
f 4155/3813/5373 4160/3812/5372 4755/3811/5371
f 4552/3520/5129 4756/3814/5374 4753/3809/5369
f 4754/3810/5370 4753/3809/5369 4756/3814/5374
f 4756/3814/5374 4552/3520/5129 4551/3519/5128
f 4757/3815/5375 4755/3811/5371 4754/3810/5370
f 4755/3811/5371 4757/3815/5375 4155/3813/5373
f 4756/3814/5374 4758/3816/5376 4754/3810/5370
f 4754/3810/5370 4758/3816/5376 4757/3815/5375
f 4551/3519/5128 4759/3817/5377 4756/3814/5374
f 4758/3816/5376 4756/3814/5374 4759/3817/5377
f 4759/3817/5377 4551/3519/5128 4549/3516/5125
f 4757/3815/5375 4758/3816/5376 4760/3818/5378
f 4759/3817/5377 4760/3818/5378 4758/3816/5376
f 4155/3813/5373 4757/3815/5375 4761/3819/5379
f 4760/3818/5378 4761/3819/5379 4757/3815/5375
f 4761/3819/5379 4154/3820/5380 4155/3813/5373
f 4150/3821/5359 4154/3820/5380 4761/3819/5379
f 4549/3516/5125 4762/3822/5377 4759/3817/5377
f 4760/3818/5378 4759/3817/5377 4762/3822/5377
f 4762/3822/5377 4549/3516/5125 4546/3512/5121
f 4763/3823/5379 4761/3819/5379 4760/3818/5378
f 4761/3819/5379 4763/3823/5379 4150/3821/5359
f 4762/3822/5377 4764/3824/5381 4760/3818/5378
f 4760/3818/5378 4764/3824/5381 4763/3823/5379
f 4546/3512/5121 4765/3825/5382 4762/3822/5377
f 4765/3825/5382 4546/3512/5121 4544/3508/5117
f 4766/3826/5383 4764/3824/5381 4762/3822/5377
f 4762/3822/5377 4765/3825/5382 4766/3826/5383
f 4763/3823/5379 4764/3824/5381 4766/3826/5383
f 4544/3508/5117 4767/3827/5332 4765/3825/5382
f 4767/3827/5332 4544/3508/5117 4543/3507/5116
f 4768/3828/5384 4766/3826/5383 4765/3825/5382
f 4765/3825/5382 4767/3827/5332 4768/3828/5384
f 4766/3826/5383 4769/3829/5379 4763/3823/5379
f 4150/3821/5359 4763/3823/5379 4769/3829/5379
f 4769/3829/5379 4766/3826/5383 4768/3828/5384
f 4769/3829/5379 4149/3830/5359 4150/3821/5359
f 4149/3830/5359 4769/3829/5379 4770/3831/5385
f 4768/3828/5384 4770/3831/5385 4769/3829/5379
f 4770/3831/5385 4146/3832/5386 4149/3830/5359
f 4770/3831/5385 4768/3828/5384 4771/3833/5384
f 4771/3833/5384 4768/3828/5384 4767/3827/5332
f 4146/3832/5386 4770/3831/5385 4772/3834/5387
f 4771/3833/5384 4772/3834/5387 4770/3831/5385
f 4772/3834/5387 4143/3835/5388 4146/3832/5386
f 4767/3827/5332 4773/3836/5332 4771/3833/5384
f 4543/3507/5116 4773/3836/5332 4767/3827/5332
f 4773/3836/5332 4543/3507/5116 4541/3504/5113
f 4541/3504/5113 4774/3837/5377 4773/3836/5332
f 4771/3833/5384 4773/3836/5332 4774/3837/5377
f 4774/3837/5377 4541/3504/5113 4539/3501/5111
f 4772/3834/5387 4771/3833/5384 4775/3838/5389
f 4774/3837/5377 4775/3838/5389 4771/3833/5384
f 4143/3835/5388 4772/3834/5387 4776/3839/5390
f 4775/3838/5389 4776/3839/5390 4772/3834/5387
f 4776/3839/5390 4139/3840/5391 4143/3835/5388
f 4539/3501/5111 4777/3841/5377 4774/3837/5377
f 4775/3838/5389 4774/3837/5377 4777/3841/5377
f 4777/3841/5377 4539/3501/5111 4537/3499/5109
f 4776/3839/5390 4775/3838/5389 4778/3842/5389
f 4777/3841/5377 4778/3842/5389 4775/3838/5389
f 4139/3840/5391 4776/3839/5390 4779/3843/5392
f 4778/3842/5389 4779/3843/5392 4776/3839/5390
f 4779/3843/5392 4136/3844/5393 4139/3840/5391
f 4778/3842/5389 4777/3841/5377 4780/3845/5377
f 4537/3499/5109 4780/3845/5377 4777/3841/5377
f 4779/3843/5392 4778/3842/5389 4781/3846/5394
f 4780/3845/5377 4781/3846/5394 4778/3842/5389
f 4136/3844/5393 4779/3843/5392 4782/3847/5395
f 4781/3846/5394 4782/3847/5395 4779/3843/5392
f 4782/3847/5395 4132/3848/5373 4136/3844/5393
f 4783/3849/5396 4780/3845/5377 4537/3499/5109
f 4781/3846/5394 4780/3845/5377 4783/3849/5396
f 4537/3499/5109 4534/3494/3244 4783/3849/5396
f 4783/3849/5396 4534/3494/3244 4532/3490/5102
f 4782/3847/5395 4781/3846/5394 4784/3850/5397
f 4783/3849/5396 4784/3850/5397 4781/3846/5394
f 4132/3848/5373 4782/3847/5395 4785/3851/5385
f 4784/3850/5397 4785/3851/5385 4782/3847/5395
f 4785/3851/5385 4129/3852/5398 4132/3848/5373
f 4786/3853/5399 4784/3850/5397 4783/3849/5396
f 4785/3851/5385 4784/3850/5397 4786/3853/5399
f 4129/3852/5398 4785/3851/5385 4787/3854/5400
f 4786/3853/5399 4787/3854/5400 4785/3851/5385
f 4787/3854/5400 4124/3855/5401 4129/3852/5398
f 4123/3856/4748 4124/3855/5401 4787/3854/5400
f 4783/3849/5396 4788/3857/5402 4786/3853/5399
f 4532/3490/5102 4788/3857/5402 4783/3849/5396
f 4787/3854/5400 4789/3858/5403 4123/3856/4748
f 4789/3858/5403 4787/3854/5400 4786/3853/5399
f 4790/3859/5404 4788/3857/5402 4532/3490/5102
f 4786/3853/5399 4788/3857/5402 4790/3859/5404
f 4532/3490/5102 4531/3489/5101 4790/3859/5404
f 4786/3853/5399 4791/3860/5405 4789/3858/5403
f 4790/3859/5404 4791/3860/5405 4786/3853/5399
f 4123/3856/4748 4789/3858/5403 4792/3861/5406
f 4792/3861/5406 4118/3862/5407 4123/3856/4748
f 4789/3858/5403 4791/3860/5405 4793/3863/5408
f 4793/3863/5408 4791/3860/5405 4790/3859/5404
f 4793/3863/5408 4792/3861/5406 4789/3858/5403
f 4794/3864/5409 4790/3859/5404 4531/3489/5101
f 4790/3859/5404 4794/3864/5409 4793/3863/5408
f 4531/3489/5101 4529/3486/5098 4794/3864/5409
f 4792/3861/5406 4793/3863/5408 4795/3865/5410
f 4795/3865/5410 4793/3863/5408 4794/3864/5409
f 4118/3862/5407 4792/3861/5406 4796/3866/5411
f 4795/3865/5410 4796/3866/5411 4792/3861/5406
f 4796/3866/5411 4117/3867/4742 4118/3862/5407
f 4797/3868/5412 4794/3864/5409 4529/3486/5098
f 4794/3864/5409 4797/3868/5412 4795/3865/5410
f 4529/3486/5098 4526/3482/5094 4797/3868/5412
f 4797/3868/5412 4526/3482/5094 4524/3478/5091
f 4796/3866/5411 4795/3865/5410 4798/3869/5413
f 4798/3869/5413 4795/3865/5410 4797/3868/5412
f 4117/3867/4742 4796/3866/5411 4799/3870/5414
f 4798/3869/5413 4799/3870/5414 4796/3866/5411
f 4799/3870/5414 4113/3871/5415 4117/3867/4742
f 4524/3478/5091 4800/3872/5416 4797/3868/5412
f 4797/3868/5412 4800/3872/5416 4798/3869/5413
f 4800/3872/5416 4524/3478/5091 4522/3475/5088
f 4522/3475/5088 4801/3873/5417 4800/3872/5416
f 4798/3869/5413 4800/3872/5416 4801/3873/5417
f 4801/3873/5417 4522/3475/5088 4520/3472/5085
f 4799/3870/5414 4798/3869/5413 4802/3874/5418
f 4801/3873/5417 4802/3874/5418 4798/3869/5413
f 4113/3871/5415 4799/3870/5414 4803/3875/5419
f 4802/3874/5418 4803/3875/5419 4799/3870/5414
f 4803/3875/5419 4112/3876/5420 4113/3871/5415
f 4520/3472/5085 4804/3877/5421 4801/3873/5417
f 4802/3874/5418 4801/3873/5417 4804/3877/5421
f 4804/3877/5421 4520/3472/5085 4518/3469/5082
f 4803/3875/5419 4802/3874/5418 4805/3878/5422
f 4804/3877/5421 4805/3878/5422 4802/3874/5418
f 4112/3876/5420 4803/3875/5419 4806/3879/5423
f 4805/3878/5422 4806/3879/5423 4803/3875/5419
f 4806/3879/5423 4109/3880/5424 4112/3876/5420
f 4105/3881/4732 4109/3880/5424 4806/3879/5423
f 4518/3469/5082 4807/3882/5425 4804/3877/5421
f 4805/3878/5422 4804/3877/5421 4807/3882/5425
f 4807/3882/5425 4518/3469/5082 4517/3466/5080
f 4808/3883/5426 4806/3879/5423 4805/3878/5422
f 4806/3879/5423 4808/3883/5426 4105/3881/4732
f 4807/3882/5425 4809/3884/5427 4805/3878/5422
f 4805/3878/5422 4809/3884/5427 4808/3883/5426
f 4517/3466/5080 4810/3885/5428 4807/3882/5425
f 4809/3884/5427 4807/3882/5425 4810/3885/5428
f 4810/3885/5428 4517/3466/5080 3886/3468/5081
f 3751/3886/4342 4810/3885/5428 3886/3468/5081
f 4810/3885/5428 3751/3886/4342 3753/3887/4344
f 4810/3885/5428 4811/3888/5429 4809/3884/5427
f 4811/3888/5429 4810/3885/5428 3753/3887/4344
f 4808/3883/5426 4809/3884/5427 4811/3888/5429
f 4811/3888/5429 3753/3887/4344 4013/3889/5430
f 4811/3888/5429 4013/3889/5430 4014/3890/4626
f 4811/3888/5429 4812/3891/5431 4808/3883/5426
f 4014/3890/4626 4812/3891/5431 4811/3888/5429
f 4105/3881/4732 4808/3883/5426 4812/3891/5431
f 4812/3891/5431 4014/3890/4626 4016/3892/4628
f 4812/3891/5431 4104/3893/5432 4105/3881/4732
f 4016/3892/4628 4104/3893/5432 4812/3891/5431
f 4813/3896/5434 4814/3895/5434 4815/3894/5433
f 4815/3894/5433 4816/3897/5435 4813/3896/5434
f 4816/3897/5435 4815/3894/5433 4817/3898/5436
f 4817/3898/5436 4818/3899/5437 4816/3897/5435
f 4818/3899/5437 4817/3898/5436 4819/3900/5438
f 4819/3900/5438 4820/3901/1025 4818/3899/5437
f 4820/3901/1025 4819/3900/5438 4821/3902/5439
f 4821/3902/5439 4822/3903/5440 4820/3901/1025
f 4822/3903/5440 4821/3902/5439 4823/3904/5441
f 4823/3904/5441 4824/3905/4590 4822/3903/5440
f 4824/3905/4590 4823/3904/5441 4825/3906/5442
f 4825/3906/5442 4826/3907/5443 4824/3905/4590
f 4826/3907/5443 4825/3906/5442 4827/3908/5444
f 4827/3908/5444 4828/3909/5445 4826/3907/5443
f 4828/3909/5445 4827/3908/5444 4829/3910/5446
f 4829/3910/5446 4830/3911/5447 4828/3909/5445
f 4830/3911/5447 4829/3910/5446 4831/3912/5448
f 4831/3912/5448 4832/3913/5448 4830/3911/5447
f 4832/3913/5448 4831/3912/5448 4833/3914/5449
f 4833/3914/5449 4834/3915/5449 4832/3913/5448
f 4834/3915/5449 4833/3914/5449 4835/3916/5450
f 4835/3916/5450 4836/3917/5451 4834/3915/5449
f 4836/3917/5451 4835/3916/5450 4837/3918/5452
f 4837/3918/5452 4838/3919/5453 4836/3917/5451
f 4839/3920/5454 4838/3919/5453 4837/3918/5452
f 4837/3918/5452 4840/3921/5454 4839/3920/5454
f 4841/3922/5454 4839/3920/5454 4840/3921/5454
f 4840/3921/5454 4842/3923/5455 4841/3922/5454
f 4843/3924/5454 4841/3922/5454 4842/3923/5455
f 4842/3923/5455 4844/3925/5455 4843/3924/5454
f 4845/3926/5454 4843/3924/5454 4844/3925/5455
f 4844/3925/5455 4846/3927/5456 4845/3926/5454
f 4847/3928/5457 4845/3926/5454 4846/3927/5456
f 4846/3927/5456 4848/3929/5458 4847/3928/5457
f 4849/3930/5454 4847/3928/5457 4848/3929/5458
f 4848/3929/5458 4850/3931/5454 4849/3930/5454
f 4851/3932/5454 4849/3930/5454 4850/3931/5454
f 4850/3931/5454 4852/3933/5454 4851/3932/5454
f 4853/3934/5454 4851/3932/5454 4852/3933/5454
f 4852/3933/5454 4854/3935/5454 4853/3934/5454
f 4855/3936/5459 4853/3934/5454 4854/3935/5454
f 4854/3935/5454 4856/3937/5460 4855/3936/5459
f 4857/3938/5461 4855/3936/5459 4856/3937/5460
f 4856/3937/5460 4858/3939/5462 4857/3938/5461
f 4859/3940/5463 4857/3938/5461 4858/3939/5462
f 4858/3939/5462 4860/3941/5464 4859/3940/5463
f 4861/3942/5465 4859/3940/5463 4860/3941/5464
f 4860/3941/5464 4862/3943/5466 4861/3942/5465
f 4861/3942/5465 4862/3943/5466 4863/3944/5467
f 4863/3944/5467 4864/3945/5467 4861/3942/5465
f 4865/3946/5468 4864/3945/5467 4863/3944/5467
f 4863/3944/5467 4866/3947/5469 4865/3946/5468
f 4865/3946/5468 4866/3947/5469 4867/3948/5470
f 4867/3948/5470 4868/3949/5471 4865/3946/5468
f 4868/3949/5471 4867/3948/5470 4869/3950/5472
f 4869/3950/5472 4870/3951/5473 4868/3949/5471
f 4870/3951/5473 4869/3950/5472 4871/3952/5474
f 4871/3952/5474 4872/3953/5475 4870/3951/5473
f 4873/3954/5476 4872/3953/5475 4871/3952/5474
f 4871/3952/5474 4874/3955/5477 4873/3954/5476
f 4873/3954/5476 4874/3955/5477 4875/3956/5478
f 4875/3956/5478 4876/3957/5479 4873/3954/5476
f 4876/3957/5479 4875/3956/5478 4877/3958/5480
f 4877/3958/5480 4878/3959/5481 4876/3957/5479
f 4878/3959/5481 4877/3958/5480 4879/3960/5482
f 4879/3960/5482 4880/3961/4385 4878/3959/5481
f 4881/3962/5483 4880/3961/4385 4879/3960/5482
f 4879/3960/5482 4882/3963/5484 4881/3962/5483
f 4881/3962/5483 4882/3963/5484 4883/3964/5485
f 4883/3964/5485 4884/3965/5486 4881/3962/5483
f 4884/3965/5486 4883/3964/5485 4885/3966/5487
f 4885/3966/5487 4886/3967/5488 4884/3965/5486
f 4887/3968/5489 4886/3967/5488 4885/3966/5487
f 4885/3966/5487 4888/3969/5489 4887/3968/5489
f 4887/3968/5489 4888/3969/5489 4889/3970/5490
f 4889/3970/5490 4890/3971/5490 4887/3968/5489
f 4890/3971/5490 4889/3970/5490 4891/3972/5491
f 4891/3972/5491 4892/3973/5492 4890/3971/5490
f 4892/3973/5492 4891/3972/5491 4893/3974/5493
f 4893/3974/5493 4894/3975/5494 4892/3973/5492
f 4895/3976/5495 4894/3975/5494 4893/3974/5493
f 4893/3974/5493 4896/3977/5496 4895/3976/5495
f 4897/3978/5497 4895/3976/5495 4896/3977/5496
f 4896/3977/5496 4898/3979/5497 4897/3978/5497
f 4899/3980/348 4897/3978/5497 4898/3979/5497
f 4898/3979/5497 4900/3981/348 4899/3980/348
f 4901/3982/5498 4899/3980/348 4900/3981/348
f 4900/3981/348 4902/3983/5498 4901/3982/5498
f 4903/3984/5499 4901/3982/5498 4902/3983/5498
f 4902/3983/5498 4904/3985/5500 4903/3984/5499
f 4905/3986/5501 4903/3984/5499 4904/3985/5500
f 4904/3985/5500 4906/3987/5501 4905/3986/5501
f 4907/3988/5502 4905/3986/5501 4906/3987/5501
f 4906/3987/5501 4908/3989/5502 4907/3988/5502
f 4909/3990/5503 4907/3988/5502 4908/3989/5502
f 4908/3989/5502 4910/3991/5504 4909/3990/5503
f 4911/3992/5504 4909/3990/5503 4910/3991/5504
f 4910/3991/5504 4912/3993/223 4911/3992/5504
f 4911/3992/5504 4912/3993/223 4913/3994/227
f 4913/3994/227 4914/3995/227 4911/3992/5504
f 4914/3995/227 4913/3994/227 4915/3996/5505
f 4915/3996/5505 4916/3997/5505 4914/3995/227
f 4916/3997/5505 4915/3996/5505 4917/3998/3059
f 4917/3998/3059 4918/3999/3059 4916/3997/5505
f 4918/3999/3059 4917/3998/3059 4919/4000/5506
f 4919/4000/5506 4920/4001/5506 4918/3999/3059
f 4920/4001/5506 4919/4000/5506 4921/4002/5507
f 4921/4002/5507 4922/4003/5508 4920/4001/5506
f 4922/4003/5508 4921/4002/5507 4923/4004/5509
f 4923/4004/5509 4924/4005/5509 4922/4003/5508
f 4924/4005/5509 4923/4004/5509 4925/4006/248
f 4925/4006/248 4926/4007/5510 4924/4005/5509
f 4926/4007/5510 4925/4006/248 4927/4008/5511
f 4927/4008/5511 4928/4009/5511 4926/4007/5510
f 4928/4009/5511 4927/4008/5511 4929/4010/342
f 4929/4010/342 4930/4011/5512 4928/4009/5511
f 4930/4011/5512 4929/4010/342 4931/4012/5139
f 4931/4012/5139 4932/4013/5513 4930/4011/5512
f 4932/4013/5513 4931/4012/5139 4933/4014/279
f 4933/4014/279 4934/4015/279 4932/4013/5513
f 4934/4015/279 4933/4014/279 4935/4016/5514
f 4935/4016/5514 4936/4017/5514 4934/4015/279
f 4936/4017/5514 4935/4016/5514 4937/4018/5515
f 4937/4018/5515 4938/4019/5514 4936/4017/5514
f 4938/4019/5514 4937/4018/5515 4939/4020/5516
f 4939/4020/5516 4940/4021/5516 4938/4019/5514
f 4940/4021/5516 4939/4020/5516 4941/4022/5517
f 4941/4022/5517 4942/4023/5517 4940/4021/5516
f 4942/4023/5517 4941/4022/5517 4943/4024/5518
f 4943/4024/5518 4944/4025/5518 4942/4023/5517
f 4944/4025/5518 4943/4024/5518 4945/4026/5519
f 4945/4026/5519 4946/4027/5519 4944/4025/5518
f 4946/4027/5519 4945/4026/5519 4947/4028/5518
f 4947/4028/5518 4948/4029/5520 4946/4027/5519
f 4948/4029/5520 4947/4028/5518 4949/4030/5521
f 4949/4030/5521 4950/4031/201 4948/4029/5520
f 4950/4031/201 4949/4030/5521 4951/4032/5522
f 4951/4032/5522 4952/4033/5522 4950/4031/201
f 4952/4033/5522 4951/4032/5522 4953/4034/5522
f 4953/4034/5522 4954/4035/201 4952/4033/5522
f 4954/4035/201 4953/4034/5522 4955/4036/5523
f 4955/4036/5523 4956/4037/5524 4954/4035/201
f 4956/4037/5524 4955/4036/5523 4957/4038/5525
f 4957/4038/5525 4958/4039/5524 4956/4037/5524
f 4958/4039/5524 4957/4038/5525 4959/4040/224
f 4959/4040/224 4960/4041/224 4958/4039/5524
f 4961/4042/224 4960/4041/224 4959/4040/224
f 4959/4040/224 4962/4043/224 4961/4042/224
f 4963/3895/5527 4964/3896/5527 4965/4044/5526
f 4965/4044/5526 4966/4045/5528 4963/3895/5527
f 4966/4045/5528 4965/4044/5526 4967/4046/5529
f 4967/4046/5529 4968/4047/5530 4966/4045/5528
f 4968/4047/5530 4967/4046/5529 4969/4048/5531
f 4969/4048/5531 4970/4049/5532 4968/4047/5530
f 4970/4049/5532 4969/4048/5531 4971/4050/5533
f 4971/4050/5533 4972/4051/5534 4970/4049/5532
f 4972/4051/5534 4971/4050/5533 4973/4052/5535
f 4973/4052/5535 4974/4053/5536 4972/4051/5534
f 4974/4053/5536 4973/4052/5535 4975/4054/5537
f 4975/4054/5537 4976/4055/5538 4974/4053/5536
f 4976/4055/5538 4975/4054/5537 4977/4056/5539
f 4977/4056/5539 4978/4057/5540 4976/4055/5538
f 4978/4057/5540 4977/4056/5539 4979/4058/5541
f 4979/4058/5541 4980/4059/5542 4978/4057/5540
f 4980/4059/5542 4979/4058/5541 4981/4060/5543
f 4981/4060/5543 4982/4061/5543 4980/4059/5542
f 4982/4061/5543 4981/4060/5543 4983/4062/5544
f 4983/4062/5544 4984/4063/5544 4982/4061/5543
f 4985/4064/5545 4984/4063/5544 4983/4062/5544
f 4983/4062/5544 4986/4065/5546 4985/4064/5545
f 4987/4066/5547 4985/4064/5545 4986/4065/5546
f 4986/4065/5546 4988/4067/5548 4987/4066/5547
f 4987/4066/5547 4988/4067/5548 4989/4068/5549
f 4989/4068/5549 4990/4069/5550 4987/4066/5547
f 4990/4069/5550 4989/4068/5549 4991/4070/5551
f 4991/4070/5551 4992/4071/5552 4990/4069/5550
f 4993/4072/5553 4992/4071/5552 4991/4070/5551
f 4991/4070/5551 4994/4073/5553 4993/4072/5553
f 4995/4074/5554 4993/4072/5553 4994/4073/5553
f 4994/4073/5553 4996/4075/5555 4995/4074/5554
f 4997/4076/5556 4995/4074/5554 4996/4075/5555
f 4996/4075/5555 4998/4077/5557 4997/4076/5556
f 4999/4078/5558 4997/4076/5556 4998/4077/5557
f 4998/4077/5557 5000/4079/5559 4999/4078/5558
f 4999/4078/5558 5000/4079/5559 5001/4080/5560
f 5001/4080/5560 5002/4081/5561 4999/4078/5558
f 5002/4081/5561 5001/4080/5560 5003/4082/5562
f 5003/4082/5562 5004/4083/5563 5002/4081/5561
f 5004/4083/5563 5003/4082/5562 5005/4084/5564
f 5005/4084/5564 5006/4085/5565 5004/4083/5563
f 5006/4085/5565 5005/4084/5564 5007/4086/5566
f 5007/4086/5566 5008/4087/5567 5006/4085/5565
f 5008/4087/5567 5007/4086/5566 5009/4088/5568
f 5009/4088/5568 5010/4089/5569 5008/4087/5567
f 5010/4089/5569 5009/4088/5568 5011/4090/5570
f 5011/4090/5570 5012/4091/5571 5010/4089/5569
f 5012/4091/5571 5011/4090/5570 5013/4092/5572
f 5013/4092/5572 5014/4093/5573 5012/4091/5571
f 5014/4093/5573 5013/4092/5572 5015/4094/5574
f 5015/4094/5574 5016/4095/5575 5014/4093/5573
f 5017/3947/5576 5016/4095/5575 5015/4094/5574
f 5015/4094/5574 5018/3946/5577 5017/3947/5576
f 5019/4096/5578 5017/3947/5576 5018/3946/5577
f 5018/3946/5577 5020/4097/5579 5019/4096/5578
f 5021/4098/5580 5019/4096/5578 5020/4097/5579
f 5020/4097/5579 5022/4099/5581 5021/4098/5580
f 5023/4100/5582 5021/4098/5580 5022/4099/5581
f 5022/4099/5581 5024/4101/5583 5023/4100/5582
f 5025/4102/5584 5023/4100/5582 5024/4101/5583
f 5024/4101/5583 5026/4103/5585 5025/4102/5584
f 5027/4104/5586 5025/4102/5584 5026/4103/5585
f 5026/4103/5585 5028/4105/5587 5027/4104/5586
f 5027/4104/5586 5028/4105/5587 5029/4106/5588
f 5029/4106/5588 5030/4107/5589 5027/4104/5586
f 5030/4107/5589 5029/4106/5588 5031/4108/5590
f 5031/4108/5590 5032/4109/5591 5030/4107/5589
f 5033/3964/5592 5032/4109/5591 5031/4108/5590
f 5031/4108/5590 5034/3965/5593 5033/3964/5592
f 5033/3964/5592 5034/3965/5593 5035/4110/5594
f 5035/4110/5594 5036/4111/5595 5033/3964/5592
f 5037/4112/5596 5036/4111/5595 5035/4110/5594
f 5035/4110/5594 5038/4113/5597 5037/4112/5596
f 5037/4112/5596 5038/4113/5597 5039/4114/5598
f 5039/4114/5598 5040/4115/5599 5037/4112/5596
f 5040/4115/5599 5039/4114/5598 5041/4116/5600
f 5041/4116/5600 5042/4117/5601 5040/4115/5599
f 5042/4117/5601 5041/4116/5600 5043/4118/5602
f 5043/4118/5602 5044/4119/5603 5042/4117/5601
f 5044/4119/5603 5043/4118/5602 5045/4120/5604
f 5045/4120/5604 5046/4121/5605 5044/4119/5603
f 5046/4121/5605 5045/4120/5604 5047/4122/5606
f 5047/4122/5606 5048/4123/5607 5046/4121/5605
f 5048/4123/5607 5047/4122/5606 5049/4124/5608
f 5049/4124/5608 5050/4125/5609 5048/4123/5607
f 5050/4125/5609 5049/4124/5608 5051/4126/5610
f 5051/4126/5610 5052/4127/5611 5050/4125/5609
f 5052/4127/5611 5051/4126/5610 5053/4128/5612
f 5053/4128/5612 5054/4129/5613 5052/4127/5611
f 5054/4129/5613 5053/4128/5612 5055/4130/5614
f 5055/4130/5614 5056/4131/5615 5054/4129/5613
f 5056/4131/5615 5055/4130/5614 5057/4132/5616
f 5057/4132/5616 5058/4133/5617 5056/4131/5615
f 5058/4133/5617 5057/4132/5616 5059/4134/5618
f 5059/4134/5618 5060/4135/5619 5058/4133/5617
f 5060/4135/5619 5059/4134/5618 5061/4136/5620
f 5061/4136/5620 5062/4137/5621 5060/4135/5619
f 5062/4137/5621 5061/4136/5620 5063/4138/5622
f 5063/4138/5622 5064/4139/5623 5062/4137/5621
f 5064/4139/5623 5063/4138/5622 5065/4140/5624
f 5065/4140/5624 5066/4141/5625 5064/4139/5623
f 5066/4141/5625 5065/4140/5624 5067/4142/5626
f 5067/4142/5626 5068/4143/5626 5066/4141/5625
f 5068/4143/5626 5067/4142/5626 5069/4144/5627
f 5069/4144/5627 5070/4145/5626 5068/4143/5626
f 5070/4145/5626 5069/4144/5627 5071/4146/5628
f 5071/4146/5628 5072/4147/5629 5070/4145/5626
f 5072/4147/5629 5071/4146/5628 5073/4148/5630
f 5073/4148/5630 5074/4149/5631 5072/4147/5629
f 5074/4149/5631 5073/4148/5630 5075/4150/5632
f 5075/4150/5632 5076/4151/5632 5074/4149/5631
f 5076/4151/5632 5075/4150/5632 5077/4152/5633
f 5077/4152/5633 5078/4153/5633 5076/4151/5632
f 5078/4153/5633 5077/4152/5633 5079/4154/5634
f 5079/4154/5634 5080/4155/5634 5078/4153/5633
f 5080/4155/5634 5079/4154/5634 5081/4156/5635
f 5081/4156/5635 5082/4157/5636 5080/4155/5634
f 5082/4157/5636 5081/4156/5635 5083/4158/5636
f 5083/4158/5636 5084/4159/5636 5082/4157/5636
f 5084/4159/5636 5083/4158/5636 5085/4160/5637
f 5085/4160/5637 5086/4161/5638 5084/4159/5636
f 5086/4161/5638 5085/4160/5637 5087/4162/5639
f 5087/4162/5639 5088/4163/5639 5086/4161/5638
f 5088/4163/5639 5087/4162/5639 5089/4164/5640
f 5089/4164/5640 5090/4165/5641 5088/4163/5639
f 5090/4165/5641 5089/4164/5640 5091/4166/5640
f 5091/4166/5640 5092/4167/5641 5090/4165/5641
f 5092/4167/5641 5091/4166/5640 5093/4168/5642
f 5093/4168/5642 5094/4169/5642 5092/4167/5641
f 5094/4169/5642 5093/4168/5642 5095/4170/5643
f 5095/4170/5643 5096/4171/5643 5094/4169/5642
f 5096/4171/5643 5095/4170/5643 5097/4172/5644
f 5097/4172/5644 5098/4173/5644 5096/4171/5643
f 5098/4173/5644 5097/4172/5644 5099/4174/5645
f 5099/4174/5645 5100/4175/5646 5098/4173/5644
f 5100/4175/5646 5099/4174/5645 5101/4176/5647
f 5101/4176/5647 5102/4177/5648 5100/4175/5646
f 5102/4177/5648 5101/4176/5647 5103/4178/5649
f 5103/4178/5649 5104/4179/5650 5102/4177/5648
f 5104/4179/5650 5103/4178/5649 5105/4180/5651
f 5105/4180/5651 5106/4181/5651 5104/4179/5650
f 5106/4181/5651 5105/4180/5651 5107/4182/5652
f 5107/4182/5652 5108/4183/5652 5106/4181/5651
f 5109/4184/5653 5108/4183/5652 5107/4182/5652
f 5107/4182/5652 5110/4185/5653 5109/4184/5653
f 5111/4043/5654 5109/4184/5653 5110/4185/5653
f 5110/4185/5653 5112/4042/5654 5111/4043/5654
f 5113/3895/5657 5114/3896/5656 5115/4186/5655
f 5115/4186/5655 5116/4187/5658 5113/3895/5657
f 5116/4187/5658 5115/4186/5655 5117/4188/5658
f 5117/4188/5658 5118/4189/5655 5116/4187/5658
f 5119/4190/5659 5118/4189/5655 5117/4188/5658
f 5117/4188/5658 5120/4191/5660 5119/4190/5659
f 5121/4192/5661 5119/4190/5659 5120/4191/5660
f 5120/4191/5660 5122/4193/5661 5121/4192/5661
f 5123/4194/5662 5121/4192/5661 5122/4193/5661
f 5122/4193/5661 5124/4195/5661 5123/4194/5662
f 5125/4196/5661 5123/4194/5662 5124/4195/5661
f 5124/4195/5661 5126/4197/5663 5125/4196/5661
f 5127/4198/5664 5125/4196/5661 5126/4197/5663
f 5126/4197/5663 5128/4199/5664 5127/4198/5664
f 5129/4200/5665 5127/4198/5664 5128/4199/5664
f 5128/4199/5664 5130/4201/5665 5129/4200/5665
f 5131/4202/5666 5129/4200/5665 5130/4201/5665
f 5130/4201/5665 5132/4203/5667 5131/4202/5666
f 5133/4204/5668 5131/4202/5666 5132/4203/5667
f 5132/4203/5667 5134/4205/5669 5133/4204/5668
f 5135/4206/5670 5133/4204/5668 5134/4205/5669
f 5134/4205/5669 5136/4207/5671 5135/4206/5670
f 5137/4208/5672 5135/4206/5670 5136/4207/5671
f 5136/4207/5671 5138/4209/5673 5137/4208/5672
f 5139/4210/5674 5137/4208/5672 5138/4209/5673
f 5138/4209/5673 5140/4211/5674 5139/4210/5674
f 5141/4212/5675 5139/4210/5674 5140/4211/5674
f 5140/4211/5674 5142/4213/5676 5141/4212/5675
f 5143/4214/5677 5141/4212/5675 5142/4213/5676
f 5142/4213/5676 5144/4215/5677 5143/4214/5677
f 5145/4216/5678 5143/4214/5677 5144/4215/5677
f 5144/4215/5677 5146/4217/5678 5145/4216/5678
f 5147/4218/5679 5145/4216/5678 5146/4217/5678
f 5146/4217/5678 5148/4219/5679 5147/4218/5679
f 5149/4220/5680 5147/4218/5679 5148/4219/5679
f 5148/4219/5679 5150/4221/5681 5149/4220/5680
f 5151/4222/5682 5149/4220/5680 5150/4221/5681
f 5150/4221/5681 5152/4223/5683 5151/4222/5682
f 5153/4224/5684 5151/4222/5682 5152/4223/5683
f 5152/4223/5683 5154/4225/5684 5153/4224/5684
f 5155/4226/5685 5153/4224/5684 5154/4225/5684
f 5154/4225/5684 5156/4227/5686 5155/4226/5685
f 5157/4228/5687 5155/4226/5685 5156/4227/5686
f 5156/4227/5686 5158/4229/5688 5157/4228/5687
f 5157/4228/5687 5158/4229/5688 5159/4230/5689
f 5159/4230/5689 5160/4231/5689 5157/4228/5687
f 5160/4231/5689 5159/4230/5689 5161/4232/5690
f 5161/4232/5690 5162/4233/5691 5160/4231/5689
f 5162/4233/5691 5161/4232/5690 5163/4234/5692
f 5163/4234/5692 5164/4235/5693 5162/4233/5691
f 5164/4235/5693 5163/4234/5692 5165/4236/5694
f 5165/4236/5694 5166/4237/5695 5164/4235/5693
f 5166/4237/5695 5165/4236/5694 5167/4238/5696
f 5167/4238/5696 5168/4239/5697 5166/4237/5695
f 5168/4239/5697 5167/4238/5696 5169/4240/5698
f 5169/4240/5698 5170/4241/5698 5168/4239/5697
f 5170/4241/5698 5169/4240/5698 5171/4242/5699
f 5171/4242/5699 5172/4243/5699 5170/4241/5698
f 5172/4243/5699 5171/4242/5699 5173/4244/5700
f 5173/4244/5700 5174/4245/5700 5172/4243/5699
f 5174/4245/5700 5173/4244/5700 5175/4246/5701
f 5175/4246/5701 5176/4247/5702 5174/4245/5700
f 5176/4247/5702 5175/4246/5701 5177/4103/5703
f 5177/4103/5703 5178/4102/5703 5176/4247/5702
f 5178/4102/5703 5177/4103/5703 5179/4248/5704
f 5179/4248/5704 5180/4249/5705 5178/4102/5703
f 5180/4249/5705 5179/4248/5704 5181/4250/5706
f 5181/4250/5706 5182/4251/5706 5180/4249/5705
f 5182/4251/5706 5181/4250/5706 5183/4252/5707
f 5183/4252/5707 5184/4253/5707 5182/4251/5706
f 5184/4253/5707 5183/4252/5707 5185/4254/5707
f 5185/4254/5707 5186/4255/5707 5184/4253/5707
f 5186/4255/5707 5185/4254/5707 5187/4256/5708
f 5187/4256/5708 5188/4257/5708 5186/4255/5707
f 5188/4257/5708 5187/4256/5708 5189/4258/5709
f 5189/4258/5709 5190/4259/5710 5188/4257/5708
f 5190/4259/5710 5189/4258/5709 5191/4260/5711
f 5191/4260/5711 5192/4261/5711 5190/4259/5710
f 5192/4261/5711 5191/4260/5711 5193/4262/5712
f 5193/4262/5712 5194/4263/5713 5192/4261/5711
f 5194/4263/5713 5193/4262/5712 5195/4264/5714
f 5195/4264/5714 5196/4265/5714 5194/4263/5713
f 5196/4265/5714 5195/4264/5714 5197/4266/5715
f 5197/4266/5715 5198/4267/5715 5196/4265/5714
f 5199/4268/5716 5198/4267/5715 5197/4266/5715
f 5197/4266/5715 5200/4269/5717 5199/4268/5716
f 5201/4270/5718 5199/4268/5716 5200/4269/5717
f 5200/4269/5717 5202/4271/5719 5201/4270/5718
f 5201/4270/5718 5202/4271/5719 5203/4272/5720
f 5203/4272/5720 5204/4273/5720 5201/4270/5718
f 5204/4273/5720 5203/4272/5720 5205/4274/5721
f 5205/4274/5721 5206/4275/5721 5204/4273/5720
f 5206/4275/5721 5205/4274/5721 5207/4276/5722
f 5207/4276/5722 5208/4277/5723 5206/4275/5721
f 5208/4277/5723 5207/4276/5722 5209/4278/5724
f 5209/4278/5724 5210/4279/5724 5208/4277/5723
f 5210/4279/5724 5209/4278/5724 5211/4280/5725
f 5211/4280/5725 5212/4281/5726 5210/4279/5724
f 5213/4282/2587 5212/4281/5726 5211/4280/5725
f 5211/4280/5725 5214/4283/5727 5213/4282/2587
f 5213/4282/2587 5214/4283/5727 5215/4284/5728
f 5215/4284/5728 5216/4285/5729 5213/4282/2587
f 5216/4285/5729 5215/4284/5728 5217/4286/5730
f 5217/4286/5730 5218/4287/5731 5216/4285/5729
f 5219/4288/5732 5218/4287/5731 5217/4286/5730
f 5217/4286/5730 5220/4289/5733 5219/4288/5732
f 5221/4290/5734 5219/4288/5732 5220/4289/5733
f 5220/4289/5733 5222/4291/5735 5221/4290/5734
f 5223/4292/5736 5221/4290/5734 5222/4291/5735
f 5222/4291/5735 5224/4293/5736 5223/4292/5736
f 5225/4294/5737 5223/4292/5736 5224/4293/5736
f 5224/4293/5736 5226/4295/5737 5225/4294/5737
f 5225/4294/5737 5226/4295/5737 5227/4296/5738
f 5227/4296/5738 5228/4297/5739 5225/4294/5737
f 5228/4297/5739 5227/4296/5738 5229/4298/5740
f 5229/4298/5740 5230/4299/5740 5228/4297/5739
f 5230/4299/5740 5229/4298/5740 5231/4300/5741
f 5231/4300/5741 5232/4301/5742 5230/4299/5740
f 5232/4301/5742 5231/4300/5741 5233/4302/5743
f 5233/4302/5743 5234/4303/5744 5232/4301/5742
f 5234/4303/5744 5233/4302/5743 5235/4304/5745
f 5235/4304/5745 5236/4305/5746 5234/4303/5744
f 5236/4305/5746 5235/4304/5745 5237/4134/5747
f 5237/4134/5747 5238/4135/5748 5236/4305/5746
f 5238/4135/5748 5237/4134/5747 5239/4306/5749
f 5239/4306/5749 5240/4307/5750 5238/4135/5748
f 5240/4307/5750 5239/4306/5749 5241/3997/5751
f 5241/3997/5751 5242/3996/5751 5240/4307/5750
f 5242/3996/5751 5241/3997/5751 5243/4308/5751
f 5243/4308/5751 5244/4309/5751 5242/3996/5751
f 5244/4309/5751 5243/4308/5751 5245/4310/5751
f 5245/4310/5751 5246/4311/5751 5244/4309/5751
f 5246/4311/5751 5245/4310/5751 5247/4142/5751
f 5247/4142/5751 5248/4143/5751 5246/4311/5751
f 5248/4143/5751 5247/4142/5751 5249/4144/5752
f 5249/4144/5752 5250/4145/5753 5248/4143/5751
f 5250/4145/5753 5249/4144/5752 5251/4312/5753
f 5251/4312/5753 5252/4313/5753 5250/4145/5753
f 5252/4313/5753 5251/4312/5753 5253/4314/5753
f 5253/4314/5753 5254/4315/5753 5252/4313/5753
f 5254/4315/5753 5253/4314/5753 5255/4316/5754
f 5255/4316/5754 5256/4317/5754 5254/4315/5753
f 5256/4317/5754 5255/4316/5754 5257/4318/5755
f 5257/4318/5755 5258/4319/5755 5256/4317/5754
f 5258/4319/5755 5257/4318/5755 5259/4320/5756
f 5259/4320/5756 5260/4321/5756 5258/4319/5755
f 5260/4321/5756 5259/4320/5756 5261/4322/5757
f 5261/4322/5757 5262/4323/5757 5260/4321/5756
f 5262/4323/5757 5261/4322/5757 5263/4017/5758
f 5263/4017/5758 5264/4016/5758 5262/4323/5757
f 5264/4016/5758 5263/4017/5758 5265/4324/5759
f 5265/4324/5759 5266/4325/5760 5264/4016/5758
f 5266/4325/5760 5265/4324/5759 5267/4021/5759
f 5267/4021/5759 5268/4020/5759 5266/4325/5760
f 5268/4020/5759 5267/4021/5759 5269/4326/5761
f 5269/4326/5761 5270/4327/5762 5268/4020/5759
f 5270/4327/5762 5269/4326/5761 5271/4328/5763
f 5271/4328/5763 5272/4329/5763 5270/4327/5762
f 5272/4329/5763 5271/4328/5763 5273/4330/5764
f 5273/4330/5764 5274/4331/5764 5272/4329/5763
f 5274/4331/5764 5273/4330/5764 5275/4332/5764
f 5275/4332/5764 5276/4333/5764 5274/4331/5764
f 5276/4333/5764 5275/4332/5764 5277/4334/4544
f 5277/4334/4544 5278/4335/4544 5276/4333/5764
f 5278/4335/4544 5277/4334/4544 5279/4170/5765
f 5279/4170/5765 5280/4171/5766 5278/4335/4544
f 5280/4171/5766 5279/4170/5765 5281/4336/5766
f 5281/4336/5766 5282/4337/5767 5280/4171/5766
f 5282/4337/5767 5281/4336/5766 5283/4338/5766
f 5283/4338/5766 5284/4339/5768 5282/4337/5767
f 5284/4339/5768 5283/4338/5766 5285/4340/5769
f 5285/4340/5769 5286/4341/5770 5284/4339/5768
f 5286/4341/5770 5285/4340/5769 5287/4342/5771
f 5287/4342/5771 5288/4343/5771 5286/4341/5770
f 5288/4343/5771 5287/4342/5771 5289/4344/5771
f 5289/4344/5771 5290/4345/5771 5288/4343/5771
f 5290/4345/5771 5289/4344/5771 5291/4346/5772
f 5291/4346/5772 5292/4347/5772 5290/4345/5771
f 5293/4043/5772 5292/4347/5772 5291/4346/5772
f 5291/4346/5772 5294/4042/5772 5293/4043/5772
f 5295/4348/5775 5296/3896/5774 5297/3895/5773
f 5297/3895/5773 5298/4349/5775 5295/4348/5775
f 5299/4350/5776 5295/4348/5775 5298/4349/5775
f 5298/4349/5775 5300/4351/5777 5299/4350/5776
f 5301/4352/5778 5299/4350/5776 5300/4351/5777
f 5300/4351/5777 5302/4353/5778 5301/4352/5778
f 5303/4354/5778 5301/4352/5778 5302/4353/5778
f 5302/4353/5778 5304/4355/5778 5303/4354/5778
f 5305/4356/5778 5303/4354/5778 5304/4355/5778
f 5304/4355/5778 5306/4357/5778 5305/4356/5778
f 5307/4358/5779 5305/4356/5778 5306/4357/5778
f 5306/4357/5778 5308/4359/5780 5307/4358/5779
f 5307/4358/5779 5308/4359/5780 5309/4360/5780
f 5309/4360/5780 5310/4361/5780 5307/4358/5779
f 5310/4361/5780 5309/4360/5780 5311/4362/5779
f 5311/4362/5779 5312/4363/5779 5310/4361/5780
f 5312/4363/5779 5311/4362/5779 5313/4364/5779
f 5313/4364/5779 5314/4365/5779 5312/4363/5779
f 5314/4365/5779 5313/4364/5779 5315/4366/5781
f 5315/4366/5781 5316/4367/5781 5314/4365/5779
f 5317/4073/5782 5316/4367/5781 5315/4366/5781
f 5315/4366/5781 5318/4072/5783 5317/4073/5782
f 5319/4368/5784 5317/4073/5782 5318/4072/5783
f 5318/4072/5783 5320/4369/5785 5319/4368/5784
f 5321/4370/5784 5319/4368/5784 5320/4369/5785
f 5320/4369/5785 5322/4371/5784 5321/4370/5784
f 5323/4372/5786 5321/4370/5784 5322/4371/5784
f 5322/4371/5784 5324/4373/5787 5323/4372/5786
f 5325/4374/5788 5323/4372/5786 5324/4373/5787
f 5324/4373/5787 5326/4375/5789 5325/4374/5788
f 5325/4374/5788 5326/4375/5789 5327/4376/5790
f 5327/4376/5790 5328/4377/5790 5325/4374/5788
f 5329/4378/5791 5328/4377/5790 5327/4376/5790
f 5327/4376/5790 5330/4379/5792 5329/4378/5791
f 5329/4378/5791 5330/4379/5792 5331/4380/5793
f 5331/4380/5793 5332/4381/5794 5329/4378/5791
f 5333/4382/5795 5332/4381/5794 5331/4380/5793
f 5331/4380/5793 5334/4383/5796 5333/4382/5795
f 5333/4382/5795 5334/4383/5796 5335/4384/5797
f 5335/4384/5797 5336/4385/5798 5333/4382/5795
f 5337/4386/5799 5336/4385/5798 5335/4384/5797
f 5335/4384/5797 5338/4387/5799 5337/4386/5799
f 5337/4386/5799 5338/4387/5799 5339/4388/5800
f 5339/4388/5800 5340/4389/5801 5337/4386/5799
f 5341/4390/5802 5340/4389/5801 5339/4388/5800
f 5339/4388/5800 5342/4391/5803 5341/4390/5802
f 5341/4390/5802 5342/4391/5803 5343/4392/5804
f 5343/4392/5804 5344/4393/5805 5341/4390/5802
f 5345/4394/5806 5344/4393/5805 5343/4392/5804
f 5343/4392/5804 5346/4395/5807 5345/4394/5806
f 5347/4396/5808 5345/4394/5806 5346/4395/5807
f 5346/4395/5807 5348/4397/5809 5347/4396/5808
f 5349/4398/5810 5347/4396/5808 5348/4397/5809
f 5348/4397/5809 5350/4399/5810 5349/4398/5810
f 5351/4400/5811 5349/4398/5810 5350/4399/5810
f 5350/4399/5810 5352/4401/5811 5351/4400/5811
f 5353/4402/5812 5351/4400/5811 5352/4401/5811
f 5352/4401/5811 5354/4403/5813 5353/4402/5812
f 5355/4404/5814 5353/4402/5812 5354/4403/5813
f 5354/4403/5813 5356/4405/5815 5355/4404/5814
f 5357/4406/5816 5355/4404/5814 5356/4405/5815
f 5356/4405/5815 5358/4407/5817 5357/4406/5816
f 5359/4408/5818 5357/4406/5816 5358/4407/5817
f 5358/4407/5817 5360/4409/5819 5359/4408/5818
f 5361/4410/5820 5359/4408/5818 5360/4409/5819
f 5360/4409/5819 5362/4411/5820 5361/4410/5820
f 5363/4412/5821 5361/4410/5820 5362/4411/5820
f 5362/4411/5820 5364/4413/5822 5363/4412/5821
f 5365/4414/5823 5363/4412/5821 5364/4413/5822
f 5364/4413/5822 5366/4415/5823 5365/4414/5823
f 5367/4416/5824 5365/4414/5823 5366/4415/5823
f 5366/4415/5823 5368/4417/5825 5367/4416/5824
f 5369/4418/5826 5367/4416/5824 5368/4417/5825
f 5368/4417/5825 5370/4419/5827 5369/4418/5826
f 5369/4418/5826 5370/4419/5827 5371/4420/5828
f 5371/4420/5828 5372/4421/5829 5369/4418/5826
f 5373/4422/5830 5372/4421/5829 5371/4420/5828
f 5371/4420/5828 5374/4423/5831 5373/4422/5830
f 5373/4422/5830 5374/4423/5831 5375/4424/5832
f 5375/4424/5832 5376/4425/5832 5373/4422/5830
f 5377/4426/5833 5376/4425/5832 5375/4424/5832
f 5375/4424/5832 5378/4427/5833 5377/4426/5833
f 5377/4426/5833 5378/4427/5833 5379/4428/5834
f 5379/4428/5834 5380/4429/5834 5377/4426/5833
f 5381/4430/5835 5380/4429/5834 5379/4428/5834
f 5379/4428/5834 5382/4431/5836 5381/4430/5835
f 5381/4430/5835 5382/4431/5836 5383/4432/5837
f 5383/4432/5837 5384/4433/5837 5381/4430/5835
f 5385/4434/5836 5384/4433/5837 5383/4432/5837
f 5383/4432/5837 5386/4435/5835 5385/4434/5836
f 5387/4436/5838 5385/4434/5836 5386/4435/5835
f 5386/4435/5835 5388/4437/5839 5387/4436/5838
f 5389/4438/5840 5387/4436/5838 5388/4437/5839
f 5388/4437/5839 5390/4439/5841 5389/4438/5840
f 5391/4440/5842 5389/4438/5840 5390/4439/5841
f 5390/4439/5841 5392/4441/5843 5391/4440/5842
f 5393/4442/5844 5391/4440/5842 5392/4441/5843
f 5392/4441/5843 5394/4443/5845 5393/4442/5844
f 5395/4444/5846 5393/4442/5844 5394/4443/5845
f 5394/4443/5845 5396/4445/5846 5395/4444/5846
f 5397/4446/5847 5395/4444/5846 5396/4445/5846
f 5396/4445/5846 5398/4447/5847 5397/4446/5847
f 5397/4446/5847 5398/4447/5847 5399/4448/5848
f 5399/4448/5848 5400/4449/5849 5397/4446/5847
f 5401/4450/2947 5400/4449/5849 5399/4448/5848
f 5399/4448/5848 5402/4451/2947 5401/4450/2947
f 5401/4450/2947 5402/4451/2947 5403/4452/5850
f 5403/4452/5850 5404/4453/5850 5401/4450/2947
f 5405/4454/5851 5404/4453/5850 5403/4452/5850
f 5403/4452/5850 5406/4455/5851 5405/4454/5851
f 5405/4454/5851 5406/4455/5851 5407/4456/5852
f 5407/4456/5852 5408/4457/5852 5405/4454/5851
f 5409/4306/5853 5408/4457/5852 5407/4456/5852
f 5407/4456/5852 5410/4307/5853 5409/4306/5853
f 5409/4306/5853 5410/4307/5853 5411/4458/5854
f 5411/4458/5854 5412/4459/5855 5409/4306/5853
f 5413/4460/5856 5412/4459/5855 5411/4458/5854
f 5411/4458/5854 5414/4461/5857 5413/4460/5856
f 5413/4460/5856 5414/4461/5857 5415/4462/5858
f 5415/4462/5858 5416/4463/5859 5413/4460/5856
f 5417/4464/5860 5416/4463/5859 5415/4462/5858
f 5415/4462/5858 5418/4465/5860 5417/4464/5860
f 5417/4464/5860 5418/4465/5860 5419/4466/5861
f 5419/4466/5861 5420/4467/5862 5417/4464/5860
f 5421/4468/5863 5420/4467/5862 5419/4466/5861
f 5419/4466/5861 5422/4469/5864 5421/4468/5863
f 5421/4468/5863 5422/4469/5864 5423/4470/5865
f 5423/4470/5865 5424/4471/5866 5421/4468/5863
f 5425/4472/5867 5424/4471/5866 5423/4470/5865
f 5423/4470/5865 5426/4473/5867 5425/4472/5867
f 5425/4472/5867 5426/4473/5867 5427/4474/5868
f 5427/4474/5868 5428/4475/5869 5425/4472/5867
f 5429/4476/5870 5428/4475/5869 5427/4474/5868
f 5427/4474/5868 5430/4477/5871 5429/4476/5870
f 5429/4476/5870 5430/4477/5871 5431/4478/5872
f 5431/4478/5872 5432/4479/5873 5429/4476/5870
f 5433/4480/3841 5432/4479/5873 5431/4478/5872
f 5431/4478/5872 5434/4481/5874 5433/4480/3841
f 5435/4482/5875 5433/4480/3841 5434/4481/5874
f 5434/4481/5874 5436/4483/5876 5435/4482/5875
f 5437/4484/5877 5435/4482/5875 5436/4483/5876
f 5436/4483/5876 5438/4485/5878 5437/4484/5877
f 5439/4486/5879 5437/4484/5877 5438/4485/5878
f 5438/4485/5878 5440/4487/5880 5439/4486/5879
f 5441/4488/5881 5439/4486/5879 5440/4487/5880
f 5440/4487/5880 5442/4489/5882 5441/4488/5881
f 5443/4490/5883 5441/4488/5881 5442/4489/5882
f 5442/4489/5882 5444/4491/5884 5443/4490/5883
f 5445/4492/5885 5443/4490/5883 5444/4491/5884
f 5444/4491/5884 5446/4493/5886 5445/4492/5885
f 5447/4494/5887 5445/4492/5885 5446/4493/5886
f 5446/4493/5886 5448/4495/5888 5447/4494/5887
f 5449/4170/5889 5447/4494/5887 5448/4495/5888
f 5448/4495/5888 5450/4171/5889 5449/4170/5889
f 5451/4496/5890 5449/4170/5889 5450/4171/5889
f 5450/4171/5889 5452/4497/5890 5451/4496/5890
f 5453/4498/5890 5451/4496/5890 5452/4497/5890
f 5452/4497/5890 5454/4499/5891 5453/4498/5890
f 5455/4500/5892 5453/4498/5890 5454/4499/5891
f 5454/4499/5891 5456/4501/5893 5455/4500/5892
f 5457/4502/5892 5455/4500/5892 5456/4501/5893
f 5456/4501/5893 5458/4503/5892 5457/4502/5892
f 5457/4502/5892 5458/4503/5892 5459/4504/5894
f 5459/4504/5894 5460/4505/5894 5457/4502/5892
f 5461/4506/5895 5460/4505/5894 5459/4504/5894
f 5459/4504/5894 5462/4507/5895 5461/4506/5895
f 5461/4506/5895 5462/4507/5895 5463/4508/5896
f 5463/4508/5896 5464/4509/5895 5461/4506/5895
f 5465/4510/5897 5464/4509/5895 5463/4508/5896
f 5463/4508/5896 5466/4511/5897 5465/4510/5897
f 5465/4510/5897 5466/4511/5897 5467/4043/5898
f 5467/4043/5898 5468/4042/5899 5465/4510/5897
f 5469/4512/5901 5470/3895/5900 5471/3896/5900
f 5471/3896/5900 5472/4513/5901 5469/4512/5901
f 5473/4514/5902 5469/4512/5901 5472/4513/5901
f 5472/4513/5901 5474/4515/5903 5473/4514/5902
f 5475/4516/5904 5473/4514/5902 5474/4515/5903
f 5474/4515/5903 5476/4517/5905 5475/4516/5904
f 5477/4518/5906 5475/4516/5904 5476/4517/5905
f 5476/4517/5905 5478/4519/5906 5477/4518/5906
f 5479/4520/5907 5477/4518/5906 5478/4519/5906
f 5478/4519/5906 5480/4521/5907 5479/4520/5907
f 5481/4522/5908 5479/4520/5907 5480/4521/5907
f 5480/4521/5907 5482/4523/5908 5481/4522/5908
f 5483/4524/5908 5481/4522/5908 5482/4523/5908
f 5482/4523/5908 5484/4525/5908 5483/4524/5908
f 5485/4526/5909 5483/4524/5908 5484/4525/5908
f 5484/4525/5908 5486/4527/5910 5485/4526/5909
f 5487/4528/5908 5485/4526/5909 5486/4527/5910
f 5486/4527/5910 5488/4529/5908 5487/4528/5908
f 5489/4530/5901 5487/4528/5908 5488/4529/5908
f 5488/4529/5908 5490/4531/5901 5489/4530/5901
f 5491/4532/5911 5489/4530/5901 5490/4531/5901
f 5490/4531/5901 5492/4533/5912 5491/4532/5911
f 5493/4534/5913 5491/4532/5911 5492/4533/5912
f 5492/4533/5912 5494/4535/5913 5493/4534/5913
f 5495/4536/5914 5493/4534/5913 5494/4535/5913
f 5494/4535/5913 5496/4537/5915 5495/4536/5914
f 5497/4081/5915 5495/4536/5914 5496/4537/5915
f 5496/4537/5915 5498/4080/5915 5497/4081/5915
f 5497/4081/5915 5498/4080/5915 5499/4538/5916
f 5499/4538/5916 5500/4539/5913 5497/4081/5915
f 5500/4539/5913 5499/4538/5916 5501/4540/5917
f 5501/4540/5917 5502/4541/2770 5500/4539/5913
f 5502/4541/2770 5501/4540/5917 5503/4542/5918
f 5503/4542/5918 5504/4543/5900 5502/4541/2770
f 5504/4543/5900 5503/4542/5918 5505/4544/5919
f 5505/4544/5919 5506/4545/5919 5504/4543/5900
f 5506/4545/5919 5505/4544/5919 5507/4546/5901
f 5507/4546/5901 5508/4547/5901 5506/4545/5919
f 5508/4547/5901 5507/4546/5901 5509/4548/5920
f 5509/4548/5920 5510/4549/5901 5508/4547/5901
f 5510/4549/5901 5509/4548/5920 5511/4550/5921
f 5511/4550/5921 5512/4551/5922 5510/4549/5901
f 5512/4551/5922 5511/4550/5921 5513/4552/5923
f 5513/4552/5923 5514/4553/5924 5512/4551/5922
f 5514/4553/5924 5513/4552/5923 5515/4554/5925
f 5515/4554/5925 5516/4555/5926 5514/4553/5924
f 5516/4555/5926 5515/4554/5925 5517/4556/5927
f 5517/4556/5927 5518/4557/5927 5516/4555/5926
f 5518/4557/5927 5517/4556/5927 5519/4558/5928
f 5519/4558/5928 5520/4559/5928 5518/4557/5927
f 5520/4559/5928 5519/4558/5928 5521/4560/5929
f 5521/4560/5929 5522/4561/5930 5520/4559/5928
f 5522/4561/5930 5521/4560/5929 5523/4562/1594
f 5523/4562/1594 5524/4563/1594 5522/4561/5930
f 5524/4563/1594 5523/4562/1594 5525/4564/5931
f 5525/4564/5931 5526/4565/5931 5524/4563/1594
f 5527/4566/5932 5526/4565/5931 5525/4564/5931
f 5525/4564/5931 5528/4567/5932 5527/4566/5932
f 5529/4249/5933 5527/4566/5932 5528/4567/5932
f 5528/4567/5932 5530/4248/5934 5529/4249/5933
f 5531/4568/5935 5529/4249/5933 5530/4248/5934
f 5530/4248/5934 5532/4569/5936 5531/4568/5935
f 5533/4570/5937 5531/4568/5935 5532/4569/5936
f 5532/4569/5936 5534/4571/5938 5533/4570/5937
f 5535/4572/5939 5533/4570/5937 5534/4571/5938
f 5534/4571/5938 5536/4573/5939 5535/4572/5939
f 5537/4574/5940 5535/4572/5939 5536/4573/5939
f 5536/4573/5939 5538/4575/5940 5537/4574/5940
f 5539/4576/5941 5537/4574/5940 5538/4575/5940
f 5538/4575/5940 5540/4577/5942 5539/4576/5941
f 5541/4578/5943 5539/4576/5941 5540/4577/5942
f 5540/4577/5942 5542/4579/5944 5541/4578/5943
f 5543/4580/5945 5541/4578/5943 5542/4579/5944
f 5542/4579/5944 5544/4581/5945 5543/4580/5945
f 5545/4582/5946 5543/4580/5945 5544/4581/5945
f 5544/4581/5945 5546/4583/5947 5545/4582/5946
f 5547/4584/3727 5545/4582/5946 5546/4583/5947
f 5546/4583/5947 5548/4585/3727 5547/4584/3727
f 5549/4586/5948 5547/4584/3727 5548/4585/3727
f 5548/4585/3727 5550/4587/5948 5549/4586/5948
f 5551/4588/5949 5549/4586/5948 5550/4587/5948
f 5550/4587/5948 5552/4589/5949 5551/4588/5949
f 5553/4590/5950 5551/4588/5949 5552/4589/5949
f 5552/4589/5949 5554/4591/5950 5553/4590/5950
f 5555/4592/5951 5553/4590/5950 5554/4591/5950
f 5554/4591/5950 5556/4593/5951 5555/4592/5951
f 5557/4594/5952 5555/4592/5951 5556/4593/5951
f 5556/4593/5951 5558/4595/5953 5557/4594/5952
f 5559/4596/5954 5557/4594/5952 5558/4595/5953
f 5558/4595/5953 5560/4597/5955 5559/4596/5954
f 5561/4598/5956 5559/4596/5954 5560/4597/5955
f 5560/4597/5955 5562/4599/5957 5561/4598/5956
f 5561/4598/5956 5562/4599/5957 5563/4600/5958
f 5563/4600/5958 5564/4601/5959 5561/4598/5956
f 5564/4601/5959 5563/4600/5958 5565/4602/5960
f 5565/4602/5960 5566/4603/5960 5564/4601/5959
f 5566/4603/5960 5565/4602/5960 5567/4604/5961
f 5567/4604/5961 5568/4605/5960 5566/4603/5960
f 5568/4605/5960 5567/4604/5961 5569/4606/5962
f 5569/4606/5962 5570/4607/5963 5568/4605/5960
f 5571/4445/5964 5570/4607/5963 5569/4606/5962
f 5569/4606/5962 5572/4444/5964 5571/4445/5964
f 5573/3985/5965 5571/4445/5964 5572/4444/5964
f 5572/4444/5964 5574/3984/5966 5573/3985/5965
f 5575/3987/5967 5573/3985/5965 5574/3984/5966
f 5574/3984/5966 5576/3986/5967 5575/3987/5967
f 5577/4301/5968 5575/3987/5967 5576/3986/5967
f 5576/3986/5967 5578/4300/5969 5577/4301/5968
f 5579/4608/5970 5577/4301/5968 5578/4300/5969
f 5578/4300/5969 5580/4609/5971 5579/4608/5970
f 5581/4610/5972 5579/4608/5970 5580/4609/5971
f 5580/4609/5971 5582/4611/5972 5581/4610/5972
f 5583/4612/5973 5581/4610/5972 5582/4611/5972
f 5582/4611/5972 5584/4613/5974 5583/4612/5973
f 5585/4614/5975 5583/4612/5973 5584/4613/5974
f 5584/4613/5974 5586/4615/5976 5585/4614/5975
f 5587/4616/5977 5585/4614/5975 5586/4615/5976
f 5586/4615/5976 5588/4617/5977 5587/4616/5977
f 5589/4618/5978 5587/4616/5977 5588/4617/5977
f 5588/4617/5977 5590/4619/5979 5589/4618/5978
f 5589/4618/5978 5590/4619/5979 5591/4620/5980
f 5591/4620/5980 5592/4621/5981 5589/4618/5978
f 5592/4621/5981 5591/4620/5980 5593/4622/5982
f 5593/4622/5982 5594/4623/5983 5592/4621/5981
f 5594/4623/5983 5593/4622/5982 5595/4624/5984
f 5595/4624/5984 5596/4625/5984 5594/4623/5983
f 5596/4625/5984 5595/4624/5984 5597/4626/5985
f 5597/4626/5985 5598/4627/5986 5596/4625/5984
f 5598/4627/5986 5597/4626/5985 5599/4628/5987
f 5599/4628/5987 5600/4629/5987 5598/4627/5986
f 5600/4629/5987 5599/4628/5987 5601/4630/5988
f 5601/4630/5988 5602/4631/5989 5600/4629/5987
f 5602/4631/5989 5601/4630/5988 5603/4632/5990
f 5603/4632/5990 5604/4633/5991 5602/4631/5989
f 5604/4633/5991 5603/4632/5990 5605/4479/5992
f 5605/4479/5992 5606/4478/5993 5604/4633/5991
f 5606/4478/5993 5605/4479/5992 5607/4634/2148
f 5607/4634/2148 5608/4635/5994 5606/4478/5993
f 5608/4635/5994 5607/4634/2148 5609/4636/5995
f 5609/4636/5995 5610/4637/5996 5608/4635/5994
f 5610/4637/5996 5609/4636/5995 5611/4162/5997
f 5611/4162/5997 5612/4163/5997 5610/4637/5996
f 5612/4163/5997 5611/4162/5997 5613/4638/5998
f 5613/4638/5998 5614/4639/5999 5612/4163/5997
f 5614/4639/5999 5613/4638/5998 5615/4640/6000
f 5615/4640/6000 5616/4641/6001 5614/4639/5999
f 5616/4641/6001 5615/4640/6000 5617/4642/6002
f 5617/4642/6002 5618/4643/6003 5616/4641/6001
f 5618/4643/6003 5617/4642/6002 5619/4644/6004
f 5619/4644/6004 5620/4645/6005 5618/4643/6003
f 5620/4645/6005 5619/4644/6004 5621/4646/6006
f 5621/4646/6006 5622/4647/6006 5620/4645/6005
f 5622/4647/6006 5621/4646/6006 5623/4648/6007
f 5623/4648/6007 5624/4649/6007 5622/4647/6006
f 5624/4649/6007 5623/4648/6007 5625/4650/6008
f 5625/4650/6008 5626/4651/6008 5624/4649/6007
f 5626/4651/6008 5625/4650/6008 5627/4505/6009
f 5627/4505/6009 5628/4504/6009 5626/4651/6008
f 5628/4504/6009 5627/4505/6009 5629/4652/6010
f 5629/4652/6010 5630/4653/6010 5628/4504/6009
f 5630/4653/6010 5629/4652/6010 5631/4654/6011
f 5631/4654/6011 5632/4655/6012 5630/4653/6010
f 5633/4043/6013 5632/4655/6012 5631/4654/6011
f 5631/4654/6011 5634/4042/6013 5633/4043/6013
f 5635/4656/6014 5636/3896/6014 5637/3895/6014
f 5637/3895/6014 5638/4657/6014 5635/4656/6014
f 5635/4656/6014 5638/4657/6014 5639/4658/6015
f 5639/4658/6015 5640/4659/6015 5635/4656/6014
f 5641/4660/6016 5640/4659/6015 5639/4658/6015
f 5639/4658/6015 5642/4661/6016 5641/4660/6016
f 5641/4660/6016 5642/4661/6016 5643/4662/6017
f 5643/4662/6017 5644/4663/6015 5641/4660/6016
f 5645/4664/6018 5644/4663/6015 5643/4662/6017
f 5643/4662/6017 5646/4665/6019 5645/4664/6018
f 5645/4664/6018 5646/4665/6019 5647/4666/6020
f 5647/4666/6020 5648/4667/6020 5645/4664/6018
f 5649/4668/6021 5648/4667/6020 5647/4666/6020
f 5647/4666/6020 5650/4669/6022 5649/4668/6021
f 5649/4668/6021 5650/4669/6022 5651/4670/6023
f 5651/4670/6023 5652/4671/6023 5649/4668/6021
f 5653/4672/6024 5652/4671/6023 5651/4670/6023
f 5651/4670/6023 5654/4673/6025 5653/4672/6024
f 5655/4674/6026 5653/4672/6024 5654/4673/6025
f 5654/4673/6025 5656/4675/6026 5655/4674/6026
f 5657/4676/6027 5655/4674/6026 5656/4675/6026
f 5656/4675/6026 5658/4677/6028 5657/4676/6027
f 5659/4678/6029 5657/4676/6027 5658/4677/6028
f 5658/4677/6028 5660/4679/6030 5659/4678/6029
f 5661/4680/6031 5659/4678/6029 5660/4679/6030
f 5660/4679/6030 5662/4681/6031 5661/4680/6031
f 5663/4682/6032 5661/4680/6031 5662/4681/6031
f 5662/4681/6031 5664/4683/6032 5663/4682/6032
f 5665/4684/6033 5663/4682/6032 5664/4683/6032
f 5664/4683/6032 5666/4685/6033 5665/4684/6033
f 5667/4686/6034 5665/4684/6033 5666/4685/6033
f 5666/4685/6033 5668/4687/6035 5667/4686/6034
f 5669/4688/6036 5667/4686/6034 5668/4687/6035
f 5668/4687/6035 5670/4689/6036 5669/4688/6036
f 5671/4690/6037 5669/4688/6036 5670/4689/6036
f 5670/4689/6036 5672/4691/6038 5671/4690/6037
f 5673/4692/6039 5671/4690/6037 5672/4691/6038
f 5672/4691/6038 5674/4693/6039 5673/4692/6039
f 5675/4694/6040 5673/4692/6039 5674/4693/6039
f 5674/4693/6039 5676/4695/6041 5675/4694/6040
f 5677/4696/6042 5675/4694/6040 5676/4695/6041
f 5676/4695/6041 5678/4697/6042 5677/4696/6042
f 5677/4696/6042 5678/4697/6042 5679/4698/6043
f 5679/4698/6043 5680/4699/6044 5677/4696/6042
f 5681/4700/6045 5680/4699/6044 5679/4698/6043
f 5679/4698/6043 5682/4701/6046 5681/4700/6045
f 5681/4700/6045 5682/4701/6046 5683/4702/6047
f 5683/4702/6047 5684/4703/6047 5681/4700/6045
f 5685/4704/6048 5684/4703/6047 5683/4702/6047
f 5683/4702/6047 5686/4705/6049 5685/4704/6048
f 5687/4706/6049 5685/4704/6048 5686/4705/6049
f 5686/4705/6049 5688/4707/6050 5687/4706/6049
f 5689/4708/6048 5687/4706/6049 5688/4707/6050
f 5688/4707/6050 5690/4709/6048 5689/4708/6048
f 5691/4710/6051 5689/4708/6048 5690/4709/6048
f 5690/4709/6048 5692/4711/6052 5691/4710/6051
f 5691/4710/6051 5692/4711/6052 5693/4712/6053
f 5693/4712/6053 5694/4713/6054 5691/4710/6051
f 5695/4714/6055 5694/4713/6054 5693/4712/6053
f 5693/4712/6053 5696/4715/6056 5695/4714/6055
f 5697/4716/6057 5695/4714/6055 5696/4715/6056
f 5696/4715/6056 5698/4717/6058 5697/4716/6057
f 5697/4716/6057 5698/4717/6058 5699/4718/6059
f 5699/4718/6059 5700/4719/6060 5697/4716/6057
f 5701/4720/6061 5700/4719/6060 5699/4718/6059
f 5699/4718/6059 5702/4721/6062 5701/4720/6061
f 5701/4720/6061 5702/4721/6062 5703/4247/6063
f 5703/4247/6063 5704/4246/6064 5701/4720/6061
f 5705/4722/6065 5704/4246/6064 5703/4247/6063
f 5703/4247/6063 5706/4723/6066 5705/4722/6065
f 5705/4722/6065 5706/4723/6066 5707/4724/6067
f 5707/4724/6067 5708/4725/6068 5705/4722/6065
f 5709/4726/6069 5708/4725/6068 5707/4724/6067
f 5707/4724/6067 5710/4727/6070 5709/4726/6069
f 5709/4726/6069 5710/4727/6070 5711/4728/6071
f 5711/4728/6071 5712/4729/6072 5709/4726/6069
f 5713/4730/6073 5712/4729/6072 5711/4728/6071
f 5711/4728/6071 5714/4731/6074 5713/4730/6073
f 5715/4732/6075 5713/4730/6073 5714/4731/6074
f 5714/4731/6074 5716/4733/6076 5715/4732/6075
f 5717/4734/6077 5715/4732/6075 5716/4733/6076
f 5716/4733/6076 5718/4735/6078 5717/4734/6077
f 5719/4736/6079 5717/4734/6077 5718/4735/6078
f 5718/4735/6078 5720/4737/6080 5719/4736/6079
f 5721/4738/6081 5719/4736/6079 5720/4737/6080
f 5720/4737/6080 5722/4739/246 5721/4738/6081
f 5723/4113/6082 5721/4738/6081 5722/4739/246
f 5722/4739/246 5724/4112/6083 5723/4113/6082
f 5725/4740/6084 5723/4113/6082 5724/4112/6083
f 5724/4112/6083 5726/4741/6085 5725/4740/6084
f 5727/4742/6086 5725/4740/6084 5726/4741/6085
f 5726/4741/6085 5728/4743/6086 5727/4742/6086
f 5729/4744/6087 5727/4742/6086 5728/4743/6086
f 5728/4743/6086 5730/4745/6088 5729/4744/6087
f 5731/4118/6089 5729/4744/6087 5730/4745/6088
f 5730/4745/6088 5732/4119/6090 5731/4118/6089
f 5733/4746/6091 5731/4118/6089 5732/4119/6090
f 5732/4119/6090 5734/4747/6091 5733/4746/6091
f 5735/4748/6092 5733/4746/6091 5734/4747/6091
f 5734/4747/6091 5736/4749/6092 5735/4748/6092
f 5737/4750/6093 5735/4748/6092 5736/4749/6092
f 5736/4749/6092 5738/4751/6094 5737/4750/6093
f 5739/4442/6095 5737/4750/6093 5738/4751/6094
f 5738/4751/6094 5740/4443/6096 5739/4442/6095
f 5741/4752/6097 5739/4442/6095 5740/4443/6096
f 5740/4443/6096 5742/4753/6097 5741/4752/6097
f 5743/4754/6098 5741/4752/6097 5742/4753/6097
f 5742/4753/6097 5744/4755/6099 5743/4754/6098
f 5745/4756/6100 5743/4754/6098 5744/4755/6099
f 5744/4755/6099 5746/4757/6101 5745/4756/6100
f 5747/4758/6102 5745/4756/6100 5746/4757/6101
f 5746/4757/6101 5748/4759/6103 5747/4758/6102
f 5749/4760/6104 5747/4758/6102 5748/4759/6103
f 5748/4759/6103 5750/4761/6104 5749/4760/6104
f 5749/4760/6104 5750/4761/6104 5751/4762/6105
f 5751/4762/6105 5752/4763/6105 5749/4760/6104
f 5753/4764/6106 5752/4763/6105 5751/4762/6105
f 5751/4762/6105 5754/4765/6106 5753/4764/6106
f 5753/4764/6106 5754/4765/6106 5755/4766/6106
f 5755/4766/6106 5756/4767/6106 5753/4764/6106
f 5757/4615/6107 5756/4767/6106 5755/4766/6106
f 5755/4766/6106 5758/4614/6107 5757/4615/6107
f 5757/4615/6107 5758/4614/6107 5759/4768/6108
f 5759/4768/6108 5760/4769/6108 5757/4615/6107
f 5761/4770/6109 5760/4769/6108 5759/4768/6108
f 5759/4768/6108 5762/4771/6110 5761/4770/6109
f 5761/4770/6109 5762/4771/6110 5763/4000/6111
f 5763/4000/6111 5764/4001/6112 5761/4770/6109
f 5765/4772/6113 5764/4001/6112 5763/4000/6111
f 5763/4000/6111 5766/4773/6113 5765/4772/6113
f 5765/4772/6113 5766/4773/6113 5767/4774/6114
f 5767/4774/6114 5768/4775/6115 5765/4772/6113
f 5769/4776/6116 5768/4775/6115 5767/4774/6114
f 5767/4774/6114 5770/4777/6116 5769/4776/6116
f 5769/4776/6116 5770/4777/6116 5771/4778/2816
f 5771/4778/2816 5772/4779/6117 5769/4776/6116
f 5773/4780/6118 5772/4779/6117 5771/4778/2816
f 5771/4778/2816 5774/4781/6119 5773/4780/6118
f 5773/4780/6118 5774/4781/6119 5775/4782/6120
f 5775/4782/6120 5776/4783/6120 5773/4780/6118
f 5777/4784/6121 5776/4783/6120 5775/4782/6120
f 5775/4782/6120 5778/4785/6121 5777/4784/6121
f 5777/4784/6121 5778/4785/6121 5779/4786/6122
f 5779/4786/6122 5780/4787/6123 5777/4784/6121
f 5781/4788/6124 5780/4787/6123 5779/4786/6122
f 5779/4786/6122 5782/4789/6124 5781/4788/6124
f 5781/4788/6124 5782/4789/6124 5783/4790/6125
f 5783/4790/6125 5784/4791/6125 5781/4788/6124
f 5785/4792/6126 5784/4791/6125 5783/4790/6125
f 5783/4790/6125 5786/4793/6127 5785/4792/6126
f 5785/4792/6126 5786/4793/6127 5787/4794/6128
f 5787/4794/6128 5788/4795/6129 5785/4792/6126
f 5789/4796/6130 5788/4795/6129 5787/4794/6128
f 5787/4794/6128 5790/4797/6130 5789/4796/6130
f 5791/4164/6131 5789/4796/6130 5790/4797/6130
f 5790/4797/6130 5792/4165/6131 5791/4164/6131
f 5791/4164/6131 5792/4165/6131 5793/4798/6132
f 5793/4798/6132 5794/4799/6133 5791/4164/6131
f 5794/4799/6133 5793/4798/6132 5795/4800/6134
f 5795/4800/6134 5796/4801/6135 5794/4799/6133
f 5797/4802/6136 5796/4801/6135 5795/4800/6134
f 5795/4800/6134 5798/4803/6137 5797/4802/6136
f 5797/4802/6136 5798/4803/6137 5799/4804/6138
f 5799/4804/6138 5800/4805/6138 5797/4802/6136
f 5801/4806/6139 5800/4805/6138 5799/4804/6138
f 5799/4804/6138 5802/4807/6139 5801/4806/6139
f 5801/4806/6139 5802/4807/6139 5803/4175/6140
f 5803/4175/6140 5804/4174/6140 5801/4806/6139
f 5805/4650/6141 5804/4174/6140 5803/4175/6140
f 5803/4175/6140 5806/4651/6142 5805/4650/6141
f 5805/4650/6141 5806/4651/6142 5807/4808/6143
f 5807/4808/6143 5808/4809/6144 5805/4650/6141
f 5809/4342/6145 5808/4809/6144 5807/4808/6143
f 5807/4808/6143 5810/4343/6145 5809/4342/6145
f 5809/4342/6145 5810/4343/6145 5811/4507/6146
f 5811/4507/6146 5812/4506/6146 5809/4342/6145
f 5813/4810/5514 5812/4506/6146 5811/4507/6146
f 5811/4507/6146 5814/4811/5514 5813/4810/5514
f 5813/4810/5514 5814/4811/5514 5815/4040/5647
f 5815/4040/5647 5816/4041/5647 5813/4810/5514
f 5817/4812/6147 5816/4041/5647 5815/4040/5647
f 5815/4040/5647 5818/4813/6148 5817/4812/6147
f 5817/4812/6147 5818/4813/6148 5819/4043/6149
f 5819/4043/6149 5820/4042/6149 5817/4812/6147
g item_blade
s 1
f 5823/4816/6152 5822/4815/6151 5821/4814/6150
f 5824/4817/6153 5823/4816/6152 5821/4814/6150
f 5825/4818/6154 5823/4816/6152 5824/4817/6153
f 5826/4819/6155 5825/4818/6154 5824/4817/6153
f 5827/4820/6156 5825/4818/6154 5826/4819/6155
f 5828/4821/6157 5827/4820/6156 5826/4819/6155
f 5822/4815/6151 5827/4820/6156 5828/4821/6157
f 5821/4814/6150 5822/4815/6151 5828/4821/6157
f 5828/4821/6157 5826/4819/6155 5824/4817/6153
f 5821/4814/6150 5828/4821/6157 5824/4817/6153
f 5829/4822/6160 5822/4815/6159 5823/4816/6158
f 5830/4823/6161 5829/4822/6160 5823/4816/6158
f 5830/4823/6161 5823/4816/6158 5825/4818/6162
f 5831/4824/6163 5830/4823/6161 5825/4818/6162
f 5831/4824/6163 5825/4818/6162 5827/4820/6164
f 5832/4825/6165 5831/4824/6163 5827/4820/6164
f 5832/4825/6165 5827/4820/6164 5822/4815/6159
f 5829/4822/6160 5832/4825/6165 5822/4815/6159
f 5830/4823/6161 5831/4824/6163 5832/4825/6165
f 5829/4822/6160 5830/4823/6161 5832/4825/6165
# 10604 elements

